entity_id,canonical_metabolite,SMILES,KEGG ID,InChIKey,Kingdom,Superclass,Class,Subclass,primary_pathway
IK_ABFZMYIIUREPLL-ASWJIRIHSA-N,Glycochenodeoxycholic acid 3-glucuronide,C[C@H](CCC(=O)NCC(=O)O)[C@H]1CC[C@@H]2[C@@]1(CC[C@H]3[C@H]2[C@@H](C[C@H]4[C@@]3(CC[C@H](C4)O[C@H]5[C@@H]([C@H]([C@@H]([C@H](O5)C(=O)O)O)O)O)C)O)C,C03033,ABFZMYIIUREPLL-ASWJIRIHSA-N,Organic compounds,Lipids and lipid-like molecules,Steroids and steroid derivatives,Steroidal glycosides,Ascorbate and aldarate metabolism
IK_ABOLXXZAJIAUGR-JPMMFUSZSA-N,Ibuprofen glucuronide,CC(C)CC1=CC=C(C=C1)C(C)C(=O)O[C@H]2[C@@H]([C@H]([C@@H]([C@H](O2)C(=O)O)O)O)O,C03033,ABOLXXZAJIAUGR-JPMMFUSZSA-N,Organic compounds,Organic oxygen compounds,Organooxygen compounds,Carbohydrates and carbohydrate conjugates,Ascorbate and aldarate metabolism
IK_ACSFOIGNUQUIGE-AIPUTVCKSA-N,Dihydrocortisol,C[C@]12CCC(=O)C[C@H]1CC[C@@H]3[C@@H]2[C@H](C[C@]4([C@H]3CC[C@@]4(C(=O)CO)O)C)O,C05471,ACSFOIGNUQUIGE-AIPUTVCKSA-N,Organic compounds,Lipids and lipid-like molecules,Steroids and steroid derivatives,Hydroxysteroids,Steroid hormone biosynthesis
IK_AERBNCYCJBRYDG-KSZLIROESA-N,Phytosphingosine,CCCCCCCCCCCCCC[C@H]([C@H]([C@H](CO)N)O)O,C12144,AERBNCYCJBRYDG-KSZLIROESA-N,Organic compounds,Organic nitrogen compounds,Organonitrogen compounds,Amines,Sphingolipid metabolism
IK_AFENDNXGAFYKQO-UHFFFAOYSA-N,2-hydroxybutyric acid,CCC(C(=O)O)O,C05984,AFENDNXGAFYKQO-UHFFFAOYSA-N,Organic compounds,Organic acids and derivatives,Hydroxy acids and derivatives,Alpha hydroxy acids and derivatives,Propanoate metabolism
IK_AGPKZVBTJJNPAG-WHFBIAKZSA-N,L-Isoleucine,CC[C@H](C)[C@@H](C(=O)O)N,C00407,AGPKZVBTJJNPAG-WHFBIAKZSA-N,Organic compounds,Organic acids and derivatives,Carboxylic acids and derivatives,"Amino acids, peptides, and analogues","Valine, leucine and isoleucine biosynthesis"
IK_AHLPHDHHMVZTML-SCSAIBSYSA-N,D-Ornithine,C(C[C@H](C(=O)O)N)CN,C00515,AHLPHDHHMVZTML-SCSAIBSYSA-N,Organic compounds,Organic acids and derivatives,Carboxylic acids and derivatives,"Amino acids, peptides, and analogues",D-Amino acid metabolism
IK_AJTJVNKPLZTLHV-RJJHQZCFSA-N,"PE(18:2(9Z,12Z)/20:5(5Z,8Z,11Z,14Z,17Z))",CCCCC/C=C\C/C=C\CCCCCCCC(=O)OC[C@H](COP(=O)(O)OCCN)OC(=O)CCC/C=C\C/C=C\C/C=C\C/C=C\C/C=C\CC,C00350,AJTJVNKPLZTLHV-RJJHQZCFSA-N,Organic compounds,Lipids and lipid-like molecules,Glycerophospholipids,Glycerophosphoethanolamines,Glycerophospholipid metabolism
IK_AKCRVYNORCOYQT-UHFFFAOYSA-N,N-Methylvaline,CC(C)C(C(=O)O)NC,C01149,AKCRVYNORCOYQT-UHFFFAOYSA-N,Organic compounds,Organic acids and derivatives,Carboxylic acids and derivatives,"Amino acids, peptides, and analogues",Lysine degradation
IK_AODPIQQILQLWGS-GXBDJPPSSA-N,Tetrahydrocortisol,C[C@]12CC[C@H](C[C@H]1CC[C@@H]3[C@@H]2[C@H](C[C@]4([C@H]3CC[C@@]4(C(=O)CO)O)C)O)O,C05472,AODPIQQILQLWGS-GXBDJPPSSA-N,Organic compounds,Lipids and lipid-like molecules,Steroids and steroid derivatives,Hydroxysteroids,Steroid hormone biosynthesis
IK_ARBHXJXXVVHMET-UHFFFAOYSA-N,2-Oxoarginine,C(CC(=O)C(=O)O)CN=C(N)N,C03771,ARBHXJXXVVHMET-UHFFFAOYSA-N,Organic compounds,Organic acids and derivatives,Keto acids and derivatives,Short-chain keto acids and derivatives,D-Amino acid metabolism
IK_ASCFNMCAHFUBCO-UHFFFAOYSA-N,Phosphoglycolic acid,C(C(=O)O)OP(=O)(O)O,C00988,ASCFNMCAHFUBCO-UHFFFAOYSA-N,Organic compounds,Organic acids and derivatives,Organic phosphoric acids and derivatives,Phosphate esters,Glyoxylate and dicarboxylate metabolism
IK_ASWBNKHCZGQVJV-HSZRJFAPSA-N,LysoPC(16:0),CCCCCCCCCCCCCCCC(=O)OC[C@H](COP(=O)([O-])OCC[N+](C)(C)C)O,C04230,ASWBNKHCZGQVJV-HSZRJFAPSA-N,Organic compounds,Lipids and lipid-like molecules,Glycerophospholipids,Glycerophosphocholines,Glycerophospholipid metabolism
IK_ATHGHQPFGPMSJY-UHFFFAOYSA-N,Spermidine,C(CCNCCCN)CN,C00315,ATHGHQPFGPMSJY-UHFFFAOYSA-N,Organic compounds,Organic nitrogen compounds,Organonitrogen compounds,Amines,Arginine and proline metabolism
IK_AURCBSWGPREGRQ-VGNRXBDKSA-N,3-O-Sulfogalactosylceramide (d18:1/20:0),CCCCCCCCCCCCCCCCCCCC(=O)N[C@@H](CO[C@H]1C(C([C@H]([C@H](O1)CO)O)OS(=O)(=O)O)O)[C@@H](/C=C/CCCCCCCCCCCCC)O,C06125,AURCBSWGPREGRQ-VGNRXBDKSA-N,Organic compounds,Lipids and lipid-like molecules,Sphingolipids,Glycosphingolipids,Sphingolipid metabolism
IK_AYFVYJQAPQTCCC-GBXIJSLDSA-N,L-Threonine,C[C@H]([C@@H](C(=O)O)N)O,C00188,AYFVYJQAPQTCCC-GBXIJSLDSA-N,Organic compounds,Organic acids and derivatives,Carboxylic acids and derivatives,"Amino acids, peptides, and analogues","Valine, leucine and isoleucine biosynthesis"
IK_AYFVYJQAPQTCCC-UHFFFAOYNA-N,Threonine,C[C@H]([C@@H](C(=O)O)N)O,C00188,AYFVYJQAPQTCCC-UHFFFAOYNA-N,Organic compounds,Organic acids and derivatives,Carboxylic acids and derivatives,"Amino acids, peptides, and analogues","Valine, leucine and isoleucine biosynthesis"
IK_BAQMYDQNMFBZNA-MNXVOIDGSA-N,Biocytin,C1[C@H]2[C@@H]([C@@H](S1)CCCCC(=O)NCCCC[C@@H](C(=O)O)N)NC(=O)N2,C05552,BAQMYDQNMFBZNA-MNXVOIDGSA-N,Organic compounds,Organic acids and derivatives,Carboxylic acids and derivatives,"Amino acids, peptides, and analogues",Biotin metabolism
IK_BDKXLTOHYQEAIO-RSLHMRQOSA-N,L-Cystathionine - Isomer,C(CSC[C@@H](C(=O)O)N)[C@@H](C(=O)O)N.Cl.Cl,C02291,BDKXLTOHYQEAIO-RSLHMRQOSA-N,Organic compounds,Organic acids and derivatives,Carboxylic acids and derivatives,"Amino acids, peptides, and analogues","Glycine, serine and threonine metabolism"
IK_BETFSIOJEATXGY-WOCLASLBSA-N,"PC(22:6(4Z,7Z,10Z,13Z,16Z,19Z)/P-18:1(9Z))",CCCCCCCC/C=C\CCCCCC/C=C\OC(COC(=O)CC/C=C\C/C=C\C/C=C\C/C=C\C/C=C\C/C=C\CC)COP(=O)([O-])OCC[N+](C)(C)C,C00157,BETFSIOJEATXGY-WOCLASLBSA-N,Organic compounds,Lipids and lipid-like molecules,Glycerophospholipids,Glycerophosphocholines,Linoleic acid metabolism
IK_BFZDKPVWJYFECC-OFCLATOASA-N,PC aa C34:4,CCCCC/C=C\C/C=C\C/C=C\C/C=C\CCCC(=O)O[C@H](COC(=O)CC/C=C\C/C=C\C/C=C\C/C=C\CCCCC)COP(=O)([O-])OCC[N+](C)(C)C,C00157,BFZDKPVWJYFECC-OFCLATOASA-N,,,,,Linoleic acid metabolism
IK_BHQCQFFYRZLCQQ-OELDTZBJSA-N,Cholic Acid,C[C@H](CCC(=O)O)[C@H]1CC[C@@H]2[C@@]1([C@H](C[C@H]3[C@H]2[C@@H](C[C@H]4[C@@]3(CC[C@H](C4)O)C)O)O)C,C00695,BHQCQFFYRZLCQQ-OELDTZBJSA-N,Organic compounds,Lipids and lipid-like molecules,Steroids and steroid derivatives,"Bile acids, alcohols and derivatives",Primary bile acid biosynthesis
IK_BHWGKAVGUMMQIW-UVZRHDGTSA-N,PC 40:7|PC 20:3_20:4,CCCCC/C=C\C/C=C\CCCCCCCCCC(=O)O[C@H](COC(=O)CCC/C=C\C/C=C\C/C=C\C/C=C\C/C=C\CC)COP(=O)([O-])OCC[N+](C)(C)C,C00157,BHWGKAVGUMMQIW-UVZRHDGTSA-N,Organic compounds,Lipids and lipid-like molecules,Glycerophospholipids,Glycerophosphocholines,Linoleic acid metabolism
IK_BHYOQNUELFTYRT-DPAQBDIFSA-N,cholesterol 3-sulfate,C[C@H](CCCC(C)C)[C@H]1CC[C@@H]2[C@@]1(CC[C@H]3[C@H]2CC=C4[C@@]3(CC[C@@H](C4)OS(=O)(=O)O)C)C,C18043,BHYOQNUELFTYRT-DPAQBDIFSA-N,Organic compounds,Lipids and lipid-like molecules,Steroids and steroid derivatives,Cholestane steroids,Steroid hormone biosynthesis
IK_BIEOSECQPGGZMF-NAIWXXGBSA-N,PC(22:5/0:0),CC/C=C\C/C=C\C/C=C\C/C=C\C/C=C\CCCCCC(=O)OC[C@H](COP(=O)([O-])OCC[N+](C)(C)C)O,C04230,BIEOSECQPGGZMF-NAIWXXGBSA-N,Organic compounds,Lipids and lipid-like molecules,Glycerophospholipids,Glycerophosphocholines,Glycerophospholipid metabolism
IK_BLHQFTDZMFXXHV-LLPREHSBSA-N,GPEtn(22:5/16:0),CCCCCCCCCCCCCCCC(=O)O[C@H](COC(=O)CCCCC/C=C\C/C=C\C/C=C\C/C=C\C/C=C\CC)COP(=O)(O)OCCN,C00350,BLHQFTDZMFXXHV-LLPREHSBSA-N,Organic compounds,Lipids and lipid-like molecules,Glycerophospholipids,Glycerophosphoethanolamines,Glycerophospholipid metabolism
IK_BMVUIWJCUQSHLZ-YFZGBAIXSA-N,Glycerophosphoinositol,C([C@H](COP(=O)(O)OC1[C@@H]([C@H](C([C@H]([C@H]1O)O)O)O)O)O)O,C03819,BMVUIWJCUQSHLZ-YFZGBAIXSA-N,Organic compounds,Lipids and lipid-like molecules,Glycerophospholipids,Glycerophosphoinositols,Glycerophospholipid metabolism
IK_BPYKTIZUTYGOLE-IFADSCNNSA-N,Bilirubin,CC1=C(NC(=C1CCC(=O)O)CC2=C(C(=C(N2)/C=C\3/C(=C(C(=O)N3)C)C=C)C)CCC(=O)O)/C=C\4/C(=C(C(=O)N4)C=C)C,C00486,BPYKTIZUTYGOLE-IFADSCNNSA-N,Organic compounds,Organoheterocyclic compounds,Tetrapyrroles and derivatives,Bilirubins,Porphyrin metabolism
IK_BRMWTNUJHUMWMS-LURJTMIESA-N,1-Methylhistidine,CN1C=C(N=C1)C[C@@H](C(=O)O)N,C01152,BRMWTNUJHUMWMS-LURJTMIESA-N,Organic compounds,Organic acids and derivatives,Carboxylic acids and derivatives,"Amino acids, peptides, and analogues",Histidine metabolism
IK_BTCSSZJGUNDROE-UHFFFAOYSA-N,Gamma Aminobutyric acid,C(CC(=O)O)CN,C00334,BTCSSZJGUNDROE-UHFFFAOYSA-N,Organic compounds,Organic acids and derivatives,Carboxylic acids and derivatives,"Amino acids, peptides, and analogues",Arginine and proline metabolism
IK_BTNKSMIZKSHDNT-UHFFFAOYSA-N,Trans-4-Hydroxyl L-Proline,C1CC(CCC1NC(=O)N(CCCl)N=O)O,C01157,BTNKSMIZKSHDNT-UHFFFAOYSA-N,Organic compounds,Organic oxygen compounds,Organooxygen compounds,Alcohols and polyols,Arginine and proline metabolism
IK_BTNMPGBKDVTSJY-UHFFFAOYSA-N,Phenylpyruvic Acid,C1=CC=C(C=C1)CC(=O)C(=O)O,C00166,BTNMPGBKDVTSJY-UHFFFAOYSA-N,Organic compounds,Benzenoids,Benzene and substituted derivatives,Phenylpyruvic acid derivatives,"Phenylalanine, tyrosine and tryptophan biosynthesis"
IK_BWHGMFYTDQEALD-UHFFFAOYSA-N,5-Amino-2-oxopentanoic acid,C(CC(=O)C(=O)O)CN,C01110,BWHGMFYTDQEALD-UHFFFAOYSA-N,Organic compounds,Organic acids and derivatives,Keto acids and derivatives,Short-chain keto acids and derivatives,D-Amino acid metabolism
IK_CBMYJHIOYJEBSB-JBDJBKRMSA-N,"Androstan-3alpha,17beta-diol",C[C@]12CC[C@H]3[C@H]([C@@H]1CC[C@@H]2O)CCC4[C@@]3(CC[C@H](C4)O)C,C03852,CBMYJHIOYJEBSB-JBDJBKRMSA-N,Organic compounds,Lipids and lipid-like molecules,Steroids and steroid derivatives,Androstane steroids,Steroid hormone biosynthesis
IK_CCVYRRGZDBSHFU-UHFFFAOYSA-N,2-Hydroxyphenylacetic Acid,C1=CC=C(C(=C1)CC(=O)O)O,C05852,CCVYRRGZDBSHFU-UHFFFAOYSA-N,Organic compounds,Benzenoids,Benzene and substituted derivatives,Phenylacetic acids,Phenylalanine metabolism
IK_CDAISMWEOUEBRE-GPIVLXJGSA-N,myo-inositol,O[C@H]1[C@H](O)[C@@H](O)[C@H](O)[C@H](O)[C@@H]1O,C00137,CDAISMWEOUEBRE-GPIVLXJGSA-N,Organic compounds,Organic oxygen compounds,Organooxygen compounds,Alcohols and polyols,Ascorbate and aldarate metabolism
IK_CDAISMWEOUEBRE-UHFFFAOYSA-N,Myoinositol,C1(C(C(C(C(C1O)O)O)O)O)O,C00137,CDAISMWEOUEBRE-UHFFFAOYSA-N,Organic compounds,Organic oxygen compounds,Organooxygen compounds,Alcohols and polyols,Ascorbate and aldarate metabolism
IK_CEJUIQBITPKHHY-OWEZASBCSA-N,"PC(20:4(8Z,11Z,14Z,17Z)/18:2(9Z,12Z))",CCCCC/C=C\C/C=C\CCCCCCCC(=O)O[C@H](COC(=O)CCCCCC/C=C\C/C=C\C/C=C\C/C=C\CC)COP(=O)([O-])OCC[N+](C)(C)C,C00157,CEJUIQBITPKHHY-OWEZASBCSA-N,Organic compounds,Lipids and lipid-like molecules,Glycerophospholipids,Glycerophosphocholines,Linoleic acid metabolism
IK_CFFZDZCDUFSOFZ-UHFFFAOYSA-N,"3,4-dihydroxyphenylacetic Acid",C1=CC(=C(C=C1CC(=O)O)O)O,C01161,CFFZDZCDUFSOFZ-UHFFFAOYSA-N,Organic compounds,Benzenoids,Phenols,Benzenediols,Tyrosine metabolism
IK_CGGKIILOLKTYHS-LJGQSTEHSA-N,GPEtn(16:1/22:5),CCCCCC/C=C\CCCCCCCC(=O)OC[C@H](COP(=O)(O)OCCN)OC(=O)CC/C=C\C/C=C\C/C=C\C/C=C\C/C=C\CCCCC,C00350,CGGKIILOLKTYHS-LJGQSTEHSA-N,Organic compounds,Lipids and lipid-like molecules,Glycerophospholipids,Glycerophosphoethanolamines,Glycerophospholipid metabolism
IK_CGQCWMIAEPEHNQ-UHFFFAOYSA-N,Vanillylmandelic acid,COC1=C(C=CC(=C1)C(C(=O)O)O)O,C05584,CGQCWMIAEPEHNQ-UHFFFAOYSA-N,Organic compounds,Benzenoids,Phenols,Methoxyphenols,Tyrosine metabolism
IK_CGVOQSQIYSUXAT-PPLFXBRHSA-N,SM(d18:0/16:1(9Z)),CCCCCCCCCCCCCCC[C@H]([C@H](COP(=O)([O-])OCC[N+](C)(C)C)NC(=O)CCCCCCC/C=C\CCCCCC)O,C00550,CGVOQSQIYSUXAT-PPLFXBRHSA-N,Organic compounds,Lipids and lipid-like molecules,Sphingolipids,Phosphosphingolipids,Sphingolipid metabolism
IK_CIKGWCTVFSRMJU-KVQBGUIXSA-N,DGDP,C1[C@@H]([C@H](O[C@H]1N2C=NC3=C2N=C(NC3=O)N)COP(=O)(O)OP(=O)(O)O)O,C00361,CIKGWCTVFSRMJU-KVQBGUIXSA-N,Organic compounds,"Nucleosides, nucleotides, and analogues",Purine nucleotides,Purine deoxyribonucleotides,Purine metabolism
IK_CKTSBUTUHBMZGZ-SHYZEUOFSA-N,Deoxycytidine,C1[C@@H]([C@H](O[C@H]1N2C=CC(=NC2=O)N)CO)O,C00239,CKTSBUTUHBMZGZ-SHYZEUOFSA-N,Organic compounds,"Nucleosides, nucleotides, and analogues",Pyrimidine nucleosides,Pyrimidine 2'-deoxyribonucleosides,Pyrimidine metabolism
IK_COCNDHOPIHDTHK-UHFFFAOYSA-N,Methoxyindoleacetic acid,COC1=CC2=C(C=C1)NC=C2CC(=O)O,C05660,COCNDHOPIHDTHK-UHFFFAOYSA-N,Organic compounds,Organoheterocyclic compounds,Indoles and derivatives,Indolyl carboxylic acids and derivatives,Tryptophan metabolism
IK_COJBGNAUUSNXHX-UHFFFAOYSA-N,2-Keto-glutaramic acid,C(CC(=O)N)C(=O)C(=O)O,C00940,COJBGNAUUSNXHX-UHFFFAOYSA-N,Organic compounds,Organic acids and derivatives,Keto acids and derivatives,Short-chain keto acids and derivatives,"Alanine, aspartate and glutamate metabolism"
IK_COLNVLDHVKWLRT-QMMMGPOBSA-N,L-Phenylalanine,C1=CC=C(C=C1)C[C@@H](C(=O)O)N,C00079,COLNVLDHVKWLRT-QMMMGPOBSA-N,Organic compounds,Organic acids and derivatives,Carboxylic acids and derivatives,"Amino acids, peptides, and analogues","Phenylalanine, tyrosine and tryptophan biosynthesis"
IK_COLNVLDHVKWLRT-UHFFFAOYNA-N,Phenylalanine,C1=CC=C(C=C1)C[C@@H](C(=O)O)N,C00079,COLNVLDHVKWLRT-UHFFFAOYNA-N,Organic compounds,Organic acids and derivatives,Carboxylic acids and derivatives,"Amino acids, peptides, and analogues","Phenylalanine, tyrosine and tryptophan biosynthesis"
IK_CQOQDQWUFQDJMK-SSTWWWIQSA-N,2-methoxyestradiol (2-ME2),C[C@]12CC[C@H]3[C@H]([C@@H]1CC[C@@H]2O)CCC4=CC(=C(C=C34)OC)O,C05302,CQOQDQWUFQDJMK-SSTWWWIQSA-N,Organic compounds,Lipids and lipid-like molecules,Steroids and steroid derivatives,Estrane steroids,Steroid hormone biosynthesis
IK_CZMRCDWAGMRECN-UGDNZRGBSA-N,Sucrose,C([C@@H]1[C@H]([C@@H]([C@H]([C@H](O1)O[C@]2([C@H]([C@@H]([C@H](O2)CO)O)O)CO)O)O)O)O,C00089,CZMRCDWAGMRECN-UGDNZRGBSA-N,Organic compounds,Organic oxygen compounds,Organooxygen compounds,Carbohydrates and carbohydrate conjugates,Starch and sucrose metabolism
IK_CZOSTDZGCCEZTJ-WMHOIYFHSA-N,PE 16:0_16::1,CCCCCCCCCCCCCCCC(=O)OC[C@H](COP(=O)(O)OCCN)OC(=O)CCCCCCC/C=C\CCCCCC,C00350,CZOSTDZGCCEZTJ-WMHOIYFHSA-N,Organic compounds,Lipids and lipid-like molecules,Glycerophospholipids,Glycerophosphoethanolamines,Glycerophospholipid metabolism
IK_CZWCKYRVOZZJNM-USOAJAOKSA-N,dehydroepiandrosterone sulfate,C[C@]12CC[C@H]3[C@H]([C@@H]1CCC2=O)CC=C4[C@@]3(CC[C@@H](C4)OS(=O)(=O)O)C,C04555,CZWCKYRVOZZJNM-USOAJAOKSA-N,Organic compounds,Lipids and lipid-like molecules,Steroids and steroid derivatives,Sulfated steroids,Steroid hormone biosynthesis
IK_DDUHZTYCFQRHIY-UHFFFAOYSA-N,Gris-PEG,CC1CC(=O)C=C(C12C(=O)C3=C(O2)C(=C(C=C3OC)OC)Cl)OC,C00212,DDUHZTYCFQRHIY-UHFFFAOYSA-N,Organic compounds,Organoheterocyclic compounds,Benzofurans,,One carbon pool by folate
IK_DFELABABMXOKTD-IYFIADHGSA-N,GlcCer(d18:1/20:0),CCCCCCCCCCCCCCCCCCCC(=O)N[C@@H](CO[C@H]1[C@@H]([C@H]([C@@H]([C@H](O1)CO)O)O)O)[C@@H](/C=C/CCCCCCCCCCCCC)O,C01190,DFELABABMXOKTD-IYFIADHGSA-N,Organic compounds,Lipids and lipid-like molecules,Sphingolipids,Glycosphingolipids,Sphingolipid metabolism
IK_DFPAKSUCGFBDDF-UHFFFAOYSA-N,Nicotinamide,C1=CC(=CN=C1)C(=O)N,C00003,DFPAKSUCGFBDDF-UHFFFAOYSA-N,Organic compounds,Organoheterocyclic compounds,Pyridines and derivatives,Pyridinecarboxylic acids and derivatives,Nicotinate and nicotinamide metabolism
IK_DGBYUHHIADYUMU-UESLNCBNSA-N,GPCho(15:0/18:2),CCCCCCCCCCCCCCC(=O)OC[C@H](COP(=O)([O-])OCC[N+](C)(C)C)OC(=O)CCCCCCC/C=C\C/C=C\CCCCC,C00157,DGBYUHHIADYUMU-UESLNCBNSA-N,Organic compounds,Lipids and lipid-like molecules,Glycerophospholipids,Glycerophosphocholines,Linoleic acid metabolism
IK_DHMQDGOQFOQNFH-UHFFFAOYSA-N,Glycine,C(C(=O)O)N,C00037,DHMQDGOQFOQNFH-UHFFFAOYSA-N,Organic compounds,Organic acids and derivatives,Carboxylic acids and derivatives,"Amino acids, peptides, and analogues","Glycine, serine and threonine metabolism"
IK_DILDHNKDVHLEQB-XSSYPUMDSA-N,2-hydroxyestradiol (2-OH-E2),C[C@]12CC[C@H]3[C@H]([C@@H]1CC[C@@H]2O)CCC4=CC(=C(C=C34)O)O,C05301,DILDHNKDVHLEQB-XSSYPUMDSA-N,Organic compounds,Lipids and lipid-like molecules,Steroids and steroid derivatives,Estrane steroids,Steroid hormone biosynthesis
IK_DIVQKHQLANKJQO-UHFFFAOYSA-N,3-Methoxytyramine,COC1=C(C=CC(=C1)CCN)O,C05587,DIVQKHQLANKJQO-UHFFFAOYSA-N,Organic compounds,Benzenoids,Phenols,Methoxyphenols,Tyrosine metabolism
IK_DLQYHMAWCJLUJE-DLZQOPQVSA-N,Maltose B,C1=CC(=O)N(C1=O)O[C@H]2[C@@H]([C@H]([C@@H]([C@H](O2)CO)O[C@@H]3[C@@H]([C@H]([C@@H]([C@H](O3)CO)O)O)O)O)O,C00252,DLQYHMAWCJLUJE-DLZQOPQVSA-N,Organic compounds,Organic oxygen compounds,Organooxygen compounds,Carbohydrates and carbohydrate conjugates,Starch and sucrose metabolism
IK_DLZPSAPMHALIOA-YNCVDBFYSA-N,GPCho(20:0/18:3),CCCCCCCCCCCCCCCCCCCC(=O)OC[C@H](COP(=O)([O-])OCC[N+](C)(C)C)OC(=O)CCCC/C=C\C/C=C\C/C=C\CCCCC,C00157,DLZPSAPMHALIOA-YNCVDBFYSA-N,Organic compounds,Lipids and lipid-like molecules,Glycerophospholipids,Glycerophosphocholines,Linoleic acid metabolism
IK_DNPZYIPMAWRQQE-BVILWSOJSA-N,"(+/-)-11,12-Dihydroxy-5Z,8Z,14Z,17Z-eicosatetraenoic acid",CC/C=C\C/C=C\CC(C(C/C=C\C/C=C\CCCC(=O)O)O)O,C14774,DNPZYIPMAWRQQE-BVILWSOJSA-N,Organic compounds,Lipids and lipid-like molecules,Fatty Acyls,Eicosanoids,Arachidonic acid metabolism
IK_DNXHEGUUPJUMQT-CBZIJGRNSA-N,estron (E1),C[C@]12CC[C@H]3[C@H]([C@@H]1CCC2=O)CCC4=C3C=CC(=C4)O,C00468,DNXHEGUUPJUMQT-CBZIJGRNSA-N,Organic compounds,Lipids and lipid-like molecules,Steroids and steroid derivatives,Estrane steroids,Steroid hormone biosynthesis
IK_DPEYXLDDNACOGV-ANVMUZGGSA-N,"PC(18:1(11Z)/18:3(9Z,12Z,15Z))",CCCCCC/C=C\CCCCCCCCCC(=O)OC[C@H](COP(=O)([O-])OCC[N+](C)(C)C)OC(=O)CCCCCCC/C=C\C/C=C\C/C=C\CC,C00157,DPEYXLDDNACOGV-ANVMUZGGSA-N,Organic compounds,Lipids and lipid-like molecules,Glycerophospholipids,Glycerophosphocholines,Linoleic acid metabolism
IK_DRBBFCLWYRJSJZ-UHFFFAOYSA-N,Phosphocreatine,CN(CC(=O)O)/C(=N/P(=O)(O)O)/N,C02305,DRBBFCLWYRJSJZ-UHFFFAOYSA-N,Organic compounds,Organic acids and derivatives,Carboxylic acids and derivatives,"Amino acids, peptides, and analogues",Arginine and proline metabolism
IK_DRIVXEVMDWCWLI-CAQMIEAISA-N,"PE(16:0/20:4(5Z,8Z,11Z,14Z))",CCCCCCCCCCCCCCCC(=O)OC[C@H](COP(=O)(O)OCCN)OC(=O)CCC/C=C\C/C=C\C/C=C\C/C=C\CCCCC,C00350,DRIVXEVMDWCWLI-CAQMIEAISA-N,Organic compounds,Lipids and lipid-like molecules,Glycerophospholipids,Glycerophosphoethanolamines,Glycerophospholipid metabolism
IK_DRTQHJPVMGBUCF-XVFCMESISA-N,Uridine,C1=CN(C(=O)NC1=O)[C@H]2[C@@H]([C@@H]([C@H](O2)CO)O)O,C00299,DRTQHJPVMGBUCF-XVFCMESISA-N,Organic compounds,"Nucleosides, nucleotides, and analogues",Pyrimidine nucleosides,,Pyrimidine metabolism
IK_DSLZVSRJTYRBFB-LLEIAEIESA-N,saccharic acid,[C@H]([C@@H]([C@@H](C(=O)O)O)O)([C@H](C(=O)O)O)O,C00818,DSLZVSRJTYRBFB-LLEIAEIESA-N,Organic compounds,Organic oxygen compounds,Organooxygen compounds,Carbohydrates and carbohydrate conjugates,Ascorbate and aldarate metabolism
IK_DTBNBXWJWCWCIK-UHFFFAOYSA-N,Phosphoenolpyruvate,C=C(C(=O)O)OP(=O)(O)O,C00074,DTBNBXWJWCWCIK-UHFFFAOYSA-N,Organic compounds,Organic acids and derivatives,Organic phosphoric acids and derivatives,Phosphate esters,Citrate cycle (TCA cycle)
IK_DTOSIQBPPRVQHS-PDBXOOCHSA-N,Linolenic Acid,CC/C=C\C/C=C\C/C=C\CCCCCCCC(=O)O,C03242,DTOSIQBPPRVQHS-PDBXOOCHSA-N,Organic compounds,Lipids and lipid-like molecules,Fatty Acyls,Lineolic acids and derivatives,Biosynthesis of unsaturated fatty acids
IK_DUQDVNACTOXOJA-KTKXOIIHSA-N,PE 36:4,CCCCCCCCCCCCCCCC(=O)O[C@H](COC(=O)CCC/C=C\C/C=C\C/C=C\C/C=C\CCCCC)COP(=O)(O)OCCN,C00350,DUQDVNACTOXOJA-KTKXOIIHSA-N,Organic compounds,Lipids and lipid-like molecules,Glycerophospholipids,Glycerophosphoethanolamines,Glycerophospholipid metabolism
IK_DUUGKQCEGZLZNO-UHFFFAOYSA-N,5-Hydroxyindole-3-acetic acid,C1=CC2=C(C=C1O)C(=CN2)CC(=O)O,C05635,DUUGKQCEGZLZNO-UHFFFAOYSA-N,Organic compounds,Organoheterocyclic compounds,Indoles and derivatives,Indolyl carboxylic acids and derivatives,Tryptophan metabolism
IK_DUYSYHSSBDVJSM-KRWOKUGFSA-N,Sphingosine-1-phosphate,CCCCCCCCCCCCC/C=C/[C@H]([C@H](COP(=O)(O)O)N)O,C01120,DUYSYHSSBDVJSM-KRWOKUGFSA-N,Organic compounds,Lipids and lipid-like molecules,Sphingolipids,Phosphosphingolipids,Sphingolipid metabolism
IK_DWAKNKKXGALPNW-UHFFFAOYSA-N,1-Pyrroline-5-carboxylic acid,C1CC(N=C1)C(=O)O,C03912,DWAKNKKXGALPNW-UHFFFAOYSA-N,Organic compounds,Organic acids and derivatives,Carboxylic acids and derivatives,"Amino acids, peptides, and analogues",Arginine and proline metabolism
IK_DWKUKQRKVCMOLP-UHFFFAOYSA-N,1-Piperideine,C1CCN=CC1,C00450,DWKUKQRKVCMOLP-UHFFFAOYSA-N,Organic compounds,Organoheterocyclic compounds,Pyridines and derivatives,Hydropyridines,Lysine degradation
IK_DZPKSVTWWIZUMS-FPUNCOTOSA-N,"PC(18:2(9Z,12Z)/18:0)",CCCCCCCCCCCCCCCCCC(=O)O[C@H](COC(=O)CCCCCCC/C=C\C/C=C\CCCCC)COP(=O)([O-])OCC[N+](C)(C)C,C00157,DZPKSVTWWIZUMS-FPUNCOTOSA-N,Organic compounds,Lipids and lipid-like molecules,Glycerophospholipids,Glycerophosphocholines,Linoleic acid metabolism
IK_FDGQSTZJBFJUBT-UHFFFAOYSA-N,Hypoxanthine,C1=NC2=C(N1)C(=O)NC=N2,C00262,FDGQSTZJBFJUBT-UHFFFAOYSA-N,Organic compounds,Organoheterocyclic compounds,Imidazopyrimidines,Purines and purine derivatives,Purine metabolism
IK_FDJOLVPMNUYSCM-SYUKHSAKSA-L,vitamin B12,CC1=CC2=C(C=C1C)N(C=N2)[C@@H]3C([C@@H]([C@H](O3)CO)OP(=O)([O-])O[C@H](C)CNC(=O)CC[C@@]\4([C@H]([C@@H]5[C@]6([C@@]([C@@H](C(=N6)/C(=C\7/[C@@]([C@@H](C(=N7)/C=C\8/C([C@@H](C(=N8)/C(=C4\[N-]5)/C)CCC(=O)N)(C)C)CCC(=O)N)(C)CC(=O)N)/C)CCC(=O)N)(C)CC(=O)N)C)CC(=O)N)C)O.[C-]#N.[Co+3],C00194,FDJOLVPMNUYSCM-SYUKHSAKSA-L,Organic compounds,Organoheterocyclic compounds,Tetrapyrroles and derivatives,Corrinoids,Porphyrin metabolism
IK_FERIUCNNQQJTOY-UHFFFAOYSA-N,Butyric acid,CCCC(=O)O,C00073,FERIUCNNQQJTOY-UHFFFAOYSA-N,Organic compounds,Lipids and lipid-like molecules,Fatty Acyls,Fatty acids and conjugates,One carbon pool by folate
IK_FFDGPVCHZBVARC-UHFFFAOYSA-N,"N,N-dimethylglycine",CN(C)CC(=O)O,C01026,FFDGPVCHZBVARC-UHFFFAOYSA-N,Organic compounds,Organic acids and derivatives,Carboxylic acids and derivatives,"Amino acids, peptides, and analogues","Glycine, serine and threonine metabolism"
IK_FFEARJCKVFRZRR-BYPYZUCNSA-N,L-Methionine,CSCC[C@@H](C(=O)O)N,C00073,FFEARJCKVFRZRR-BYPYZUCNSA-N,Organic compounds,Organic acids and derivatives,Carboxylic acids and derivatives,"Amino acids, peptides, and analogues",One carbon pool by folate
IK_FFEARJCKVFRZRR-UHFFFAOYNA-N,Methionine,CSCC[C@@H](C(=O)O)N,C00019,FFEARJCKVFRZRR-UHFFFAOYNA-N,Organic compounds,Organic acids and derivatives,Carboxylic acids and derivatives,"Amino acids, peptides, and analogues",Arginine and proline metabolism
IK_FFFHZYDWPBMWHY-VKHMYHEASA-N,Homocysteine,C(CS)[C@@H](C(=O)O)N,C00021,FFFHZYDWPBMWHY-VKHMYHEASA-N,Organic compounds,Organic acids and derivatives,Carboxylic acids and derivatives,"Amino acids, peptides, and analogues",One carbon pool by folate
IK_FHENRYRLCPXONH-LDLOPFEMSA-N,PC 33:0,CCCCCCCCCCCCCCCCCC(=O)OC[C@H](COP(=O)([O-])OCC[N+](C)(C)C)OC(=O)CCCCCCCCCCCCCC,C00157,FHENRYRLCPXONH-LDLOPFEMSA-N,Organic compounds,Lipids and lipid-like molecules,Glycerophospholipids,Glycerophosphocholines,Linoleic acid metabolism
IK_FHKRUUVTZNTHKJ-NRNNPPJOSA-N,dIDP,C[C@@H]1C(=O)C(=O)CC(O1)OP(=O)(O)OP(=O)(O)OC[C@@H]2[C@H](C[C@@H](O2)N3C=C(C(=O)NC3=O)C)O,C01344,FHKRUUVTZNTHKJ-NRNNPPJOSA-N,Organic compounds,"Nucleosides, nucleotides, and analogues",Pyrimidine nucleotides,Pyrimidine nucleotide sugars,Purine metabolism
IK_FHQVHHIBKUMWTI-OTMQOFQLSA-N,PE 34:1,CCCCCCCCCCCCCCCC(=O)OC[C@H](COP(=O)(O)OCCN)OC(=O)CCCCCCC/C=C\CCCCCCCC,C00350,FHQVHHIBKUMWTI-OTMQOFQLSA-N,Organic compounds,Lipids and lipid-like molecules,Glycerophospholipids,Glycerophosphoethanolamines,Glycerophospholipid metabolism
IK_FHUAYOMRHXZKHT-JUGJLYODSA-N,PC 40:4,CCCCCCCC/C=C\CCCCCCCCCCCC(=O)OC[C@H](COP(=O)([O-])OCC[N+](C)(C)C)OC(=O)CCCCCCC/C=C\C/C=C\C/C=C\CC,C00157,FHUAYOMRHXZKHT-JUGJLYODSA-N,Organic compounds,Lipids and lipid-like molecules,Glycerophospholipids,Glycerophosphocholines,Linoleic acid metabolism
IK_FJAZVHYPASAQKM-JBAURARKSA-N,Estrone glucuronide,C[C@]12CC[C@H]3[C@H]([C@@H]1CCC2=O)CCC4=C3C=CC(=C4)O[C@H]5[C@@H]([C@H]([C@@H]([C@H](O5)C(=O)O)O)O)O,C11132,FJAZVHYPASAQKM-JBAURARKSA-N,Organic compounds,Lipids and lipid-like molecules,Steroids and steroid derivatives,Steroidal glycosides,Steroid hormone biosynthesis
IK_FJKROLUGYXJWQN-UHFFFAOYSA-N,4-Hydroxybenzoic acid,C1=CC(=CC=C1C(=O)O)O,C00156,FJKROLUGYXJWQN-UHFFFAOYSA-N,Organic compounds,Benzenoids,Benzene and substituted derivatives,Benzoic acids and derivatives,Ubiquinone and other terpenoid-quinone biosynthesis
IK_FKEIHZHIVAFDLO-RYPYTVSESA-N,"PC(22:1(13Z)/22:5(4Z,7Z,10Z,13Z,16Z))",CCCCCCCC/C=C\CCCCCCCCCCCC(=O)OC[C@H](COP(=O)([O-])OCC[N+](C)(C)C)OC(=O)CC/C=C\C/C=C\C/C=C\C/C=C\C/C=C\CCCCC,C00157,FKEIHZHIVAFDLO-RYPYTVSESA-N,Organic compounds,Lipids and lipid-like molecules,Glycerophospholipids,Glycerophosphocholines,Linoleic acid metabolism
IK_FLWFZAGAZMHZQM-IVWGLPAOSA-N,PE(24:1(15Z)/15:0),CCCCCCCCCCCCCCC(=O)O[C@H](COC(=O)CCCCCCCCCCCCC/C=C\CCCCCCCC)COP(=O)(O)OCCN,C00350,FLWFZAGAZMHZQM-IVWGLPAOSA-N,Organic compounds,Lipids and lipid-like molecules,Glycerophospholipids,Glycerophosphoethanolamines,Glycerophospholipid metabolism
IK_FMBYBTSZVHUJMV-DIVFMYBRSA-N,"PC(22:6(4Z,7Z,10Z,13Z,16Z,19Z)/P-18:0)",CCCCCCCCCCCCCCCC/C=C\OC(COC(=O)CC/C=C\C/C=C\C/C=C\C/C=C\C/C=C\C/C=C\CC)COP(=O)([O-])OCC[N+](C)(C)C,C00157,FMBYBTSZVHUJMV-DIVFMYBRSA-N,Organic compounds,Lipids and lipid-like molecules,Glycerophospholipids,Glycerophosphocholines,Linoleic acid metabolism
IK_FONAXCRWZQFJHY-JCGOJSMZSA-N,SM(d18:0/22:0),CCCCCCCCCCCCCCCCCCCCCC(=O)N[C@@H](COP(=O)([O-])OCC[N+](C)(C)C)[C@@H](CCCCCCCCCCCCCCC)O,C00550,FONAXCRWZQFJHY-JCGOJSMZSA-N,Organic compounds,Lipids and lipid-like molecules,Sphingolipids,Phosphosphingolipids,Sphingolipid metabolism
IK_FORFDCPQKJHEBF-HUESYALOSA-N,"PC(18:0/18:2(9Z,12Z))",CCCCCCCCCCCCCCCCCC(=O)OC[C@H](COP(=O)([O-])OCC[N+](C)(C)C)OC(=O)CCCCCCCC=CCC=CCCCCC,C00157,FORFDCPQKJHEBF-HUESYALOSA-N,Organic compounds,Lipids and lipid-like molecules,Glycerophospholipids,Glycerophosphocholines,Linoleic acid metabolism
IK_FQVFGIZCMMQDNV-NQQLFREJSA-N,PC(18:1(9Z)/P-16:0),CCCCCCCCCCCCCC/C=C\OC(COC(=O)CCCCCCC/C=C\CCCCCCCC)COP(=O)([O-])OCC[N+](C)(C)C,C00157,FQVFGIZCMMQDNV-NQQLFREJSA-N,Organic compounds,Lipids and lipid-like molecules,Glycerophospholipids,Glycerophosphocholines,Linoleic acid metabolism
IK_FQYGGFDZJFIDPU-JRSYHJKYSA-N,Estriol-16-Glucuronide,C[C@]12CC[C@H]3[C@H]([C@@H]1C[C@H]([C@@H]2O)O[C@H]4[C@@H]([C@H]([C@@H]([C@H](O4)C(=O)O)O)O)O)CCC5=C3C=CC(=C5)O,C05504,FQYGGFDZJFIDPU-JRSYHJKYSA-N,Organic compounds,Lipids and lipid-like molecules,Steroids and steroid derivatives,Steroidal glycosides,Steroid hormone biosynthesis
IK_FWMYJLDHIVCJCT-RRHRGVEJSA-N,"PC(18:2(9Z,12Z)/16:0)",,C00157,FWMYJLDHIVCJCT-RRHRGVEJSA-N,Organic compounds,Lipids and lipid-like molecules,Glycerophospholipids,Glycerophosphocholines,Linoleic acid metabolism
IK_FXGOEHDEIHUMCP-XNGCGXPYSA-N,"PE(22:6(4Z,7Z,10Z,13Z,16Z,19Z)/18:1(9Z))",CCCCCCCC/C=C\CCCCCCCC(=O)O[C@H](COC(=O)CC/C=C\C/C=C\C/C=C\C/C=C\C/C=C\C/C=C\CC)COP(=O)(O)OCCN,C00350,FXGOEHDEIHUMCP-XNGCGXPYSA-N,Organic compounds,Lipids and lipid-like molecules,Glycerophospholipids,Glycerophosphoethanolamines,Glycerophospholipid metabolism
IK_FXYFFYOQPWNFJZ-XGKJNDTMSA-N,"PE(15:0/20:2(11Z,14Z))",CCCCCCCCCCCCCCC(=O)OC[C@H](COP(=O)(O)OCCN)OC(=O)CCCCCCCCC/C=C\C/C=C\CCCCC,C00350,FXYFFYOQPWNFJZ-XGKJNDTMSA-N,Organic compounds,Lipids and lipid-like molecules,Glycerophospholipids,Glycerophosphoethanolamines,Glycerophospholipid metabolism
IK_GCIVSXAHMONYLO-HMAFJQTKSA-N,6-Dehydrotestosterone glucuronide,C[C@]12CC[C@H]3[C@H]([C@@H]1CC[C@@H]2O[C@H]4[C@@H]([C@H]([C@@H]([C@H](O4)C(=O)O)O)O)O)C=CC5=CC(=O)CC[C@]35C,C00178,GCIVSXAHMONYLO-HMAFJQTKSA-N,Organic compounds,Lipids and lipid-like molecules,Steroids and steroid derivatives,Steroidal glycosides,Pyrimidine metabolism
IK_GFFGJBXGBJISGV-UHFFFAOYSA-N,Adenine,C1=NC2=NC=NC(=C2N1)N,C00003,GFFGJBXGBJISGV-UHFFFAOYSA-N,Organic compounds,Organoheterocyclic compounds,Imidazopyrimidines,Purines and purine derivatives,Nicotinate and nicotinamide metabolism
IK_GFNYAPAJUNPMGH-QNEBEIHSSA-N,"5,6-dihydroxy-8Z,11Z,14Z-eicosatrienoic acid",CCCCC/C=C\C/C=C\C/C=C\CC(C(CCCC(=O)O)O)O,C14772,GFNYAPAJUNPMGH-QNEBEIHSSA-N,Organic compounds,Lipids and lipid-like molecules,Fatty Acyls,Eicosanoids,Arachidonic acid metabolism
IK_GFXYTQPNNXGICT-YFKPBYRVSA-N,Allysine,C(CC=O)C[C@@H](C(=O)O)N,C04076,GFXYTQPNNXGICT-YFKPBYRVSA-N,Organic compounds,Organic acids and derivatives,Carboxylic acids and derivatives,"Amino acids, peptides, and analogues",Lysine degradation
IK_GHCZAUBVMUEKKP-GYPHWSFCSA-N,glycochenodeoxycholic acid,C[C@H](CCC(=O)NCC(=O)O)[C@H]1CC[C@@H]2[C@@]1(CC[C@H]3[C@H]2[C@@H](C[C@H]4[C@@]3(CC[C@H](C4)O)C)O)C,C05466,GHCZAUBVMUEKKP-GYPHWSFCSA-N,Organic compounds,Lipids and lipid-like molecules,Steroids and steroid derivatives,"Bile acids, alcohols and derivatives",Primary bile acid biosynthesis
IK_GHVNFZFCNZKVNT-UHFFFAOYSA-N,Capric acid,CCCCCCCCCC(=O)O,C01571,GHVNFZFCNZKVNT-UHFFFAOYSA-N,Organic compounds,Lipids and lipid-like molecules,Fatty Acyls,Fatty acids and conjugates,Fatty acid biosynthesis
IK_GIPZQCAVEQRWOM-IKJFKDIMSA-N,PC aa C38:1,CCCCCCCCCCCCCC(=O)OC[C@H](COP(=O)([O-])OCC[N+](C)(C)C)OC(=O)CCCCCCCCCCCCC/C=C\CCCCCCCC,C00157,GIPZQCAVEQRWOM-IKJFKDIMSA-N,Organic compounds,Lipids and lipid-like molecules,Glycerophospholipids,Glycerophosphocholines,Linoleic acid metabolism
IK_GJBXIPOYHVMPQJ-UHFFFAOYSA-N,3-hydroxyanthranilic acid,C(CCCCCCCCO)CCCCCCCO,C00632,GJBXIPOYHVMPQJ-UHFFFAOYSA-N,Organic compounds,Lipids and lipid-like molecules,Fatty Acyls,Fatty alcohols,Tryptophan metabolism
IK_GJRXIEGNAMFGOV-VEOGPPBOSA-N,"PC(22:6(4Z,7Z,10Z,13Z,16Z,19Z)/P-16:0)",CCCCCCCCCCCCCC/C=C\OC(COC(=O)CC/C=C\C/C=C\C/C=C\C/C=C\C/C=C\C/C=C\CC)COP(=O)([O-])OCC[N+](C)(C)C,C00157,GJRXIEGNAMFGOV-VEOGPPBOSA-N,Organic compounds,Lipids and lipid-like molecules,Glycerophospholipids,Glycerophosphocholines,Linoleic acid metabolism
IK_GLONBVCUAVPJFV-PCDHEYSGSA-N,Dehydroisoandrosterone 3-glucuronide,C[C@]12CC[C@H]3[C@H]([C@@H]1CCC2=O)CC=C4[C@@]3(CC[C@@H](C4)O[C@H]5[C@@H]([C@H]([C@@H]([C@H](O5)C(=O)O)O)O)O)C,C03033,GLONBVCUAVPJFV-PCDHEYSGSA-N,Organic compounds,Lipids and lipid-like molecules,Steroids and steroid derivatives,Steroidal glycosides,Ascorbate and aldarate metabolism
IK_GOLXRNDWAUTYKT-UHFFFAOYSA-N,3-Indolepropionic acid,C1=CC=C2C(=C1)C(=CN2)CCC(=O)O,C00460,GOLXRNDWAUTYKT-UHFFFAOYSA-N,Organic compounds,Organoheterocyclic compounds,Indoles and derivatives,Indolyl carboxylic acids and derivatives,Pyrimidine metabolism
IK_GOMVPVRDBLLHQC-VEJNOCSESA-N,LPC 20:4,CC/C=C\C/C=C\C/C=C\C/C=C\CCCCCCC(=O)OC[C@H](COP(=O)([O-])OCC[N+](C)(C)C)O,C04230,GOMVPVRDBLLHQC-VEJNOCSESA-N,Organic compounds,Lipids and lipid-like molecules,Glycerophospholipids,Glycerophosphocholines,Glycerophospholipid metabolism
IK_GPWHCUUIQMGELX-VHQDNGOZSA-N,PC 32:2,CCCCCC/C=C\CCCCCCCC(=O)OC[C@H](COP(=O)([O-])OCC[N+](C)(C)C)OC(=O)CCCCCCC/C=C\CCCCCC,C00157,GPWHCUUIQMGELX-VHQDNGOZSA-N,Organic compounds,Lipids and lipid-like molecules,Glycerophospholipids,Glycerophosphocholines,Linoleic acid metabolism
IK_GQQALHZKRGXRTO-AEMURDCYSA-N,"PC(20:0/20:5(5Z,8Z,11Z,14Z,17Z))",CCCCCCCCCCCCCCCCCCCC(=O)OC[C@H](COP(=O)([O-])OCC[N+](C)(C)C)OC(=O)CCC/C=C\C/C=C\C/C=C\C/C=C\C/C=C\CC,C00157,GQQALHZKRGXRTO-AEMURDCYSA-N,Organic compounds,Lipids and lipid-like molecules,Glycerophospholipids,Glycerophosphocholines,Linoleic acid metabolism
IK_GQQZXRPXBDJABR-XMDONHODSA-N,3-O-Sulfogalactosylceramide (d18:1/18:0),CCCCCCCCCCCCCCCCCC(=O)N[C@@H](CO[C@H]1C(C([C@H]([C@H](O1)CO)O)OS(=O)(=O)O)O)[C@@H](/C=C/CCCCCCCCCCCCC)O,C06125,GQQZXRPXBDJABR-XMDONHODSA-N,Organic compounds,Lipids and lipid-like molecules,Sphingolipids,Glycosphingolipids,Sphingolipid metabolism
IK_GRSZFWQUAKGDAV-KQYNXXCUSA-N,Inosinic acid,C1=NC2=C(C(=O)N1)N=CN2[C@H]3[C@@H]([C@@H]([C@H](O3)COP(=O)(O)O)O)O,C00130,GRSZFWQUAKGDAV-KQYNXXCUSA-N,Organic compounds,"Nucleosides, nucleotides, and analogues",Purine nucleotides,Purine ribonucleotides,Purine metabolism
IK_GTZCVFVGUGFEME-IWQZZHSRSA-N,cis-Aconitic acid,C(/C(=C/C(=O)O)/C(=O)O)C(=O)O,C00417,GTZCVFVGUGFEME-IWQZZHSRSA-N,Organic compounds,Organic acids and derivatives,Carboxylic acids and derivatives,Tricarboxylic acids and derivatives,Citrate cycle (TCA cycle)
IK_GTZCVFVGUGFEME-UHFFFAOYSA-N,aconitic acid,C(C(=CC(=O)O)C(=O)O)C(=O)O,C00417,GTZCVFVGUGFEME-UHFFFAOYSA-N,Organic compounds,Organic acids and derivatives,Carboxylic acids and derivatives,Tricarboxylic acids and derivatives,Citrate cycle (TCA cycle)
IK_GUBGYTABKSRVRQ-CUHNMECISA-N,Cellobiose,C([C@@H]1[C@H]([C@@H]([C@H]([C@@H](O1)O[C@@H]2[C@H](OC([C@@H]([C@H]2O)O)O)CO)O)O)O)O,C00185,GUBGYTABKSRVRQ-CUHNMECISA-N,Organic compounds,Organic oxygen compounds,Organooxygen compounds,Carbohydrates and carbohydrate conjugates,Starch and sucrose metabolism
IK_GUBGYTABKSRVRQ-QKKXKWKRSA-N,lactose,C([C@@H]1[C@@H]([C@@H]([C@H]([C@@H](O1)O[C@@H]2[C@H](OC([C@@H]([C@H]2O)O)O)CO)O)O)O)O,C00052,GUBGYTABKSRVRQ-QKKXKWKRSA-N,Organic compounds,Organic oxygen compounds,Organooxygen compounds,Carbohydrates and carbohydrate conjugates,Galactose metabolism
IK_GURBRQGDZZKITB-VXBMJZGYSA-N,12-KETE,CCCCC/C=C\CC(=O)/C=C/C=C\C/C=C\CCCC(=O)O,C14807,GURBRQGDZZKITB-VXBMJZGYSA-N,Organic compounds,Lipids and lipid-like molecules,Fatty Acyls,Fatty acids and conjugates,Arachidonic acid metabolism
IK_HAEJPQIATWHALX-KQYNXXCUSA-N,Inosine triphosphate,C1=NC2=C(C(=O)N1)N=CN2[C@H]3[C@@H]([C@@H]([C@H](O3)COP(=O)(O)OP(=O)(O)OP(=O)(O)O)O)O,C00081,HAEJPQIATWHALX-KQYNXXCUSA-N,Organic compounds,"Nucleosides, nucleotides, and analogues",Purine nucleotides,Purine ribonucleotides,Purine metabolism
IK_HAFVWTUQBYRPOB-QGGNSXJXSA-N,"11b,17a,21-Trihydroxypreg-nenolone",CC12CCC(CC1=CCC3C2C(CC4(C3CC[C@@]4(C(=O)CO)O)C)O)O,C05489,HAFVWTUQBYRPOB-QGGNSXJXSA-N,Organic compounds,Lipids and lipid-like molecules,Steroids and steroid derivatives,Hydroxysteroids,Steroid hormone biosynthesis
IK_HDHQZCHIXUUSMK-UHFFFAOYSA-N,"2,4-Quinolinediol",C1=CC=C2C(=C1)C(=CC(=O)N2)O,C04188,HDHQZCHIXUUSMK-UHFFFAOYSA-N,Organic compounds,Organoheterocyclic compounds,Quinolines and derivatives,Quinolones and derivatives,Cysteine and methionine metabolism
IK_HEBKCHPVOIAQTA-QWWZWVQMSA-N,lyxitol,C([C@H](C([C@@H](CO)O)O)O)O,C00532,HEBKCHPVOIAQTA-QWWZWVQMSA-N,Organic compounds,Organic oxygen compounds,Organooxygen compounds,Carbohydrates and carbohydrate conjugates,Pentose and glucuronate interconversions
IK_HKVGJQVJNQRJPO-VTDDDATNSA-N,Demethyloleuropein,C/C=C/1\[C@@H](C(=CO[C@H]1O[C@H]2[C@@H]([C@H]([C@@H]([C@H](O2)CO)O)O)O)C(=O)O)CC(=O)OCCC3=CC(=C(C=C3)O)O,C01290,HKVGJQVJNQRJPO-VTDDDATNSA-N,Organic compounds,Lipids and lipid-like molecules,Prenol lipids,Terpene glycosides,Sphingolipid metabolism
IK_HMARMWSETGYKDK-AOGVJQIJSA-N,"PE(14:0/18:2(9Z,12Z))",CCCCCCCCCCCCCC(=O)OC[C@H](COP(=O)(O)OCCN)OC(=O)CCCCCCC/C=C\C/C=C\CCCCC,C00350,HMARMWSETGYKDK-AOGVJQIJSA-N,Organic compounds,Lipids and lipid-like molecules,Glycerophospholipids,Glycerophosphoethanolamines,Glycerophospholipid metabolism
IK_HNDVDQJCIGZPNO-YFKPBYRVSA-N,Histidine,C1=C(NC=N1)C[C@@H](C(=O)O)N,C00135,HNDVDQJCIGZPNO-YFKPBYRVSA-N,Organic compounds,Organic acids and derivatives,Carboxylic acids and derivatives,"Amino acids, peptides, and analogues",Histidine metabolism
IK_HNFSZKRUPTYBOQ-ZDYOIFAYSA-N,"PE(18:0/22:4(7Z,10Z,13Z,16Z))",CCCCCCCCCCCCCCCCCC(=O)OC[C@H](COP(=O)(O)OCCN)OC(=O)CCCCC/C=C\C/C=C\C/C=C\C/C=C\CCCCC,C00350,HNFSZKRUPTYBOQ-ZDYOIFAYSA-N,Organic compounds,Lipids and lipid-like molecules,Glycerophospholipids,Glycerophosphoethanolamines,Glycerophospholipid metabolism
IK_HTZINLFNXLXRBC-CQLBIITFSA-N,PC(P-16:0/0:0),CCCCCCCCCCCCCC/C=C\OC[C@H](COP(=O)([O-])OCC[N+](C)(C)C)O,C04230,HTZINLFNXLXRBC-CQLBIITFSA-N,Organic compounds,Lipids and lipid-like molecules,Glycerophospholipids,Glycerophosphocholines,Glycerophospholipid metabolism
IK_HUQABGDIJUXLRG-QHCPKHFHSA-N,DG(O-18:0/2:0/0:0),CCCCCCCCCCCCCCCCCCOC[C@H](CO)OC(=O)C,C03820,HUQABGDIJUXLRG-QHCPKHFHSA-N,Organic compounds,Lipids and lipid-like molecules,Glycerolipids,Diradylglycerols,Ether lipid metabolism
IK_HVYWMOMLDIMFJA-DPAQBDIFSA-N,Cholesterol,C[C@H](CCCC(C)C)[C@H]1CC[C@@H]2[C@@]1(CC[C@H]3[C@H]2CC=C4[C@@]3(CC[C@@H](C4)O)C)C,C00187,HVYWMOMLDIMFJA-DPAQBDIFSA-N,Organic compounds,Lipids and lipid-like molecules,Steroids and steroid derivatives,Cholestane steroids,Steroid hormone biosynthesis
IK_HWXBTNAVRSUOJR-UHFFFAOYSA-N,2-hydroxyglutaric acid,C(CC(=O)O)C(C(=O)O)O,C02630,HWXBTNAVRSUOJR-UHFFFAOYSA-N,Organic compounds,Organic acids and derivatives,Hydroxy acids and derivatives,Short-chain hydroxy acids and derivatives,Butanoate metabolism
IK_HXACOUQIXZGNBF-UHFFFAOYSA-N,4-Pyridoxic Acid,CC1=NC=C(C(=C1O)C(=O)O)CO,C00847,HXACOUQIXZGNBF-UHFFFAOYSA-N,Organic compounds,Organoheterocyclic compounds,Pyridines and derivatives,Pyridinecarboxylic acids and derivatives,Vitamin B6 metabolism
IK_HXEACLLIILLPRG-UHFFFAOYSA-N,Pipecolic acid,C1CCNC(C1)C(=O)O,C00408,HXEACLLIILLPRG-UHFFFAOYSA-N,Organic compounds,Organic acids and derivatives,Carboxylic acids and derivatives,"Amino acids, peptides, and analogues",Lysine degradation
IK_HXEACLLIILLPRG-YFKPBYRVSA-N,L-Pipecolic acid,C1CCN[C@@H](C1)C(=O)O,C00408,HXEACLLIILLPRG-YFKPBYRVSA-N,Organic compounds,Organic acids and derivatives,Carboxylic acids and derivatives,"Amino acids, peptides, and analogues",Lysine degradation
IK_HXXFSFRBOHSIMQ-VFUOTHLCSA-N,glucose-1-phosphate,C([C@@H]1[C@H]([C@@H]([C@H]([C@H](O1)OP(=O)(O)O)O)O)O)O,C00103,HXXFSFRBOHSIMQ-VFUOTHLCSA-N,Organic compounds,Organic oxygen compounds,Organooxygen compounds,Carbohydrates and carbohydrate conjugates,Starch and sucrose metabolism
IK_HZAXFHJVJLSVMW-UHFFFAOYSA-N,Ethanolamine,C(CO)N,C00189,HZAXFHJVJLSVMW-UHFFFAOYSA-N,Organic compounds,Organic nitrogen compounds,Organonitrogen compounds,Amines,Glycerophospholipid metabolism
IK_HZCLJRFPXMKWHR-FEBLJDHQSA-N,SM(d18:1/12:0),CCCCCCCCCCCCC/C=C/[C@H]([C@H](COP(=O)([O-])OCC[N+](C)(C)C)NC(=O)CCCCCCCCCCC)O,C00550,HZCLJRFPXMKWHR-FEBLJDHQSA-N,Organic compounds,Lipids and lipid-like molecules,Sphingolipids,Phosphosphingolipids,Sphingolipid metabolism
IK_HZDLKNOGBSMKRN-UHFFFAOYSA-N,Imidazolone A,C(CC(C(=O)O)N)CN=C1NC(C(=O)N1)CC(C(CO)O)O,C03680,HZDLKNOGBSMKRN-UHFFFAOYSA-N,Organic compounds,Organic acids and derivatives,Carboxylic acids and derivatives,"Amino acids, peptides, and analogues",Histidine metabolism
IK_IHNKQIMGVNPMTC-RUZDIDTESA-N,PC(18:0/0:0),CCCCCCCCCCCCCCCCCC(=O)OC[C@H](COP(=O)([O-])OCC[N+](C)(C)C)O,C04230,IHNKQIMGVNPMTC-RUZDIDTESA-N,Organic compounds,Lipids and lipid-like molecules,Glycerophospholipids,Glycerophosphocholines,Glycerophospholipid metabolism
IK_IHNKQIMGVNPMTC-UHFFFAOYSA-N,2-Lysophosphatidylcholine,CCCCCCCCCCCCCCCCCC(=O)OCC(COP(=O)([O-])OCC[N+](C)(C)C)O,C04230,IHNKQIMGVNPMTC-UHFFFAOYSA-N,Organic compounds,Lipids and lipid-like molecules,Glycerophospholipids,Glycerophosphocholines,Glycerophospholipid metabolism
IK_IJBIDDAZNYQSCP-VEHBBKSSSA-N,"PE(22:6(4Z,7Z,10Z,13Z,16Z,19Z)/20:0)",CCCCCCCCCCCCCCCCCCCC(=O)O[C@H](COC(=O)CC/C=C\C/C=C\C/C=C\C/C=C\C/C=C\C/C=C\CC)COP(=O)(O)OCCN,C00350,IJBIDDAZNYQSCP-VEHBBKSSSA-N,Organic compounds,Lipids and lipid-like molecules,Glycerophospholipids,Glycerophosphoethanolamines,Glycerophospholipid metabolism
IK_IJLBJBCDNYOWPJ-MVMUGOIMSA-N,Cholesterol glucuronide,C[C@H](CCCC(C)C)[C@H]1CC[C@@H]2[C@@]1(CC[C@H]3[C@H]2CC=C4[C@@]3(CC[C@@H](C4)O[C@H]5[C@@H]([C@H]([C@@H]([C@H](O5)C(=O)O)O)O)O)C)C,C03033,IJLBJBCDNYOWPJ-MVMUGOIMSA-N,Organic compounds,Lipids and lipid-like molecules,Steroids and steroid derivatives,Steroidal glycosides,Ascorbate and aldarate metabolism
IK_IJPRFXKJWFQONJ-UHFFFAOYSA-N,Desmethyltetrahydropiperine sulfate,C1CCN(CC1)C(=O)CCCCC2=CC(=C(C=C2)O)OS(=O)(=O)O,C00157,IJPRFXKJWFQONJ-UHFFFAOYSA-N,Organic compounds,Organic acids and derivatives,Organic sulfuric acids and derivatives,Arylsulfates,Linoleic acid metabolism
IK_IKXILDNPCZPPRV-RFMGOVQKSA-N,Drostanolone,C[C@@H]1C[C@]2([C@@H](CC[C@@H]3[C@@H]2CC[C@]4([C@H]3CC[C@@H]4O)C)CC1=O)C,C03917,IKXILDNPCZPPRV-RFMGOVQKSA-N,Organic compounds,Lipids and lipid-like molecules,Steroids and steroid derivatives,Androstane steroids,Steroid hormone biosynthesis
IK_IORKBJYFXXCDMP-GMGFYYQASA-N,"PC(18:2(9Z,12Z)/14:0)",CCCCCCCCCCCCCC(=O)O[C@H](COC(=O)CCCCCCC/C=C\C/C=C\CCCCC)COP(=O)([O-])OCC[N+](C)(C)C,C00157,IORKBJYFXXCDMP-GMGFYYQASA-N,Organic compounds,Lipids and lipid-like molecules,Glycerophospholipids,Glycerophosphocholines,Linoleic acid metabolism
IK_IPCSVZSSVZVIGE-UHFFFAOYSA-N,Palmitic acid,CCCCCCCCCCCCCCCC(=O)O,C00249,IPCSVZSSVZVIGE-UHFFFAOYSA-N,Organic compounds,Lipids and lipid-like molecules,Fatty Acyls,Fatty acids and conjugates,Biosynthesis of unsaturated fatty acids
IK_IPMVHVDAYPUFKH-WYRBGLKBSA-N,PC(16:1(9Z)/16:0),CCCCCCCCCCCCCCCC(=O)O[C@H](COC(=O)CCCCCCC/C=C\CCCCCC)COP(=O)([O-])OCC[N+](C)(C)C,C00157,IPMVHVDAYPUFKH-WYRBGLKBSA-N,Organic compounds,Lipids and lipid-like molecules,Glycerophospholipids,Glycerophosphocholines,Linoleic acid metabolism
IK_IPRPPFIAVHPVJH-UHFFFAOYSA-N,4-Hydroxyphenylacetaldehyde,C1=CC(=CC=C1CC=O)O,C03765,IPRPPFIAVHPVJH-UHFFFAOYSA-N,Organic compounds,Benzenoids,Benzene and substituted derivatives,Phenylacetaldehydes,Tyrosine metabolism
IK_ISAKRJDGNUQOIC-UHFFFAOYSA-N,Uracil,C1=CNC(=O)NC1=O,C00106,ISAKRJDGNUQOIC-UHFFFAOYSA-N,Organic compounds,Organoheterocyclic compounds,Diazines,Pyrimidines and pyrimidine derivatives,Pantothenate and CoA biosynthesis
IK_ITZYGDKGRKKBSN-HKFUITGCSA-N,"3alpha,7alpha-Dihydroxycoprostanic acid",C[C@H](CCCC(C)C(=O)O)[C@H]1CC[C@@H]2[C@@]1(CC[C@H]3[C@H]2[C@@H](C[C@H]4[C@@]3(CC[C@H](C4)O)C)O)C,C04554,ITZYGDKGRKKBSN-HKFUITGCSA-N,Organic compounds,Lipids and lipid-like molecules,Steroids and steroid derivatives,"Bile acids, alcohols and derivatives",Primary bile acid biosynthesis
IK_IVYPNXXAYMYVSP-UHFFFAOYSA-N,Indole-3-carbinol,C1=CC=C2C(=C1)C(=CN2)CO,C00422,IVYPNXXAYMYVSP-UHFFFAOYSA-N,Organic compounds,Organoheterocyclic compounds,Indoles and derivatives,Indoles,Glycerolipid metabolism
IK_IWYDHOAUDWTVEP-UHFFFAOYSA-N,p-Hydroxyphenylacetic acid [+C2H4],C1=CC=C(C=C1)C(C(=O)O)O,C00327,IWYDHOAUDWTVEP-UHFFFAOYSA-N,Organic compounds,Benzenoids,Benzene and substituted derivatives,,Arginine biosynthesis
IK_IXRPKRWXUJOOBZ-AVMVYAPKSA-N,Alpha-Santalyl acetate,C/C(=C/CC[C@@]1(C2C[C@H]3C1([C@H]3C2)C)C)/COC(=O)C,C00124,IXRPKRWXUJOOBZ-AVMVYAPKSA-N,Organic compounds,Lipids and lipid-like molecules,Prenol lipids,Sesquiterpenoids,Galactose metabolism
IK_JAVWFBAAZSHHAD-HCYAGMRRSA-N,"PC(16:0/20:4(8Z,11Z,14Z,17Z))",CCCCCCCCCCCCCCCC(=O)OC[C@H](COP(=O)([O-])OCC[N+](C)(C)C)OC(=O)CCCCCC/C=C\C/C=C\C/C=C\C/C=C\CC,C00157,JAVWFBAAZSHHAD-HCYAGMRRSA-N,Organic compounds,Lipids and lipid-like molecules,Glycerophospholipids,Glycerophosphocholines,Linoleic acid metabolism
IK_JAXWMXMFLOWKCW-UHFFFAOYSA-N,4-Hydroxyhexanoycarnitine,CCC(CCC(=O)OC(CC(=O)[O-])C[N+](C)(C)C)O,C06428,JAXWMXMFLOWKCW-UHFFFAOYSA-N,Organic compounds,Lipids and lipid-like molecules,Fatty Acyls,Fatty acid esters,Biosynthesis of unsaturated fatty acids
IK_JAZBEHYOTPTENJ-RCHUDCCISA-N,Eicosapentaenoic Acid,CC/C=C/C/C=C/C/C=C/C/C=C/C/C=C/CCCC(=O)O,C06428,JAZBEHYOTPTENJ-RCHUDCCISA-N,Organic compounds,Lipids and lipid-like molecules,Fatty Acyls,Fatty acids and conjugates,Biosynthesis of unsaturated fatty acids
IK_JFCQEDHGNNZCLN-UHFFFAOYSA-N,Glutaric Acid,C(CC(=O)O)CC(=O)O,C00026,JFCQEDHGNNZCLN-UHFFFAOYSA-N,Organic compounds,Organic acids and derivatives,Carboxylic acids and derivatives,Dicarboxylic acids and derivatives,Arginine biosynthesis
IK_JHIWIFRQJXLNEU-GSQAGGHASA-N,"4alpha-carboxy-5alpha-cholesta-8,24-dien-3beta-ol",C[C@H](CCC=C(C)C)[C@H]1CC[C@@H]2[C@@]1(CCC3=C2CC[C@@H]4[C@@]3(CC[C@@H]([C@H]4C(=O)O)O)C)C,C22112,JHIWIFRQJXLNEU-GSQAGGHASA-N,Organic compounds,Lipids and lipid-like molecules,Steroids and steroid derivatives,Cholestane steroids,Steroid biosynthesis
IK_JLIPBVWMWUWERT-HNQUOIGGSA-N,Hydroxydesmethylpiperine sulfate,C1CN(CCC1O)C(=O)CC/C=C/C2=CC(=C(C=C2)O)OS(=O)(=O)O,C00157,JLIPBVWMWUWERT-HNQUOIGGSA-N,Organic compounds,Organic acids and derivatives,Organic sulfuric acids and derivatives,Arylsulfates,Linoleic acid metabolism
IK_JOUIQRNQJGXQDC-ZYUZMQFOSA-N,Nicotinic acid mononucleotide,C1=CC(=C[N+](=C1)[C@H]2[C@@H]([C@@H]([C@H](O2)COP(=O)(O)O)O)O)C(=O)[O-],C01185,JOUIQRNQJGXQDC-ZYUZMQFOSA-N,Organic compounds,"Nucleosides, nucleotides, and analogues",Pyridine nucleotides,Nicotinic acid nucleotides,Nicotinate and nicotinamide metabolism
IK_JPIJQSOTBSSVTP-GBXIJSLDSA-N,isothreonic acid,C([C@H]([C@@H](C(=O)O)O)O)O,C00157,JPIJQSOTBSSVTP-GBXIJSLDSA-N,Organic compounds,Organic oxygen compounds,Organooxygen compounds,Carbohydrates and carbohydrate conjugates,Linoleic acid metabolism
IK_JQXBETDGCMQLMK-UHFFFAOYSA-N,"3,4-Dihydroxyphenylacetone",CC(=O)CC1=CC(=C(C=C1)O)O,C00123,JQXBETDGCMQLMK-UHFFFAOYSA-N,,,,,"Valine, leucine and isoleucine biosynthesis"
IK_JRLGPAXAGHMNOL-LURJTMIESA-N,N2-Acetylornithine,CC(=O)N[C@@H](CCCN)C(=O)O,C00437,JRLGPAXAGHMNOL-LURJTMIESA-N,Organic compounds,Organic acids and derivatives,Carboxylic acids and derivatives,"Amino acids, peptides, and analogues",Arginine biosynthesis
IK_JVQYSWDUAOAHFM-UHFFFAOYSA-N,3-Methyl-2-Oxovaleric Acid,CCC(C)C(=O)C(=O)O,C00671,JVQYSWDUAOAHFM-UHFFFAOYSA-N,Organic compounds,Organic acids and derivatives,Keto acids and derivatives,Short-chain keto acids and derivatives,"Valine, leucine and isoleucine biosynthesis"
IK_JVTAAEKCZFNVCJ-UHFFFAOYSA-N,Lactic acid,CC(C(=O)O)O,C00186,JVTAAEKCZFNVCJ-UHFFFAOYSA-N,Organic compounds,Organic acids and derivatives,Hydroxy acids and derivatives,Alpha hydroxy acids and derivatives,Pyruvate metabolism
IK_JYGXADMDTFJGBT-VWUMJDOOSA-N,Hydrocortisone,C[C@]12CCC(=O)C=C1CC[C@@H]3[C@@H]2[C@H](C[C@]4([C@H]3CC[C@@]4(C(=O)CO)O)C)O,C00735,JYGXADMDTFJGBT-VWUMJDOOSA-N,Organic compounds,Lipids and lipid-like molecules,Steroids and steroid derivatives,Hydroxysteroids,Steroid hormone biosynthesis
IK_KABXUUFDPUOJMW-BYPYZUCNSA-N,L-Glutamic gamma-semialdehyde,C(C[C@@H](C(=O)O)N)C=O,C01165,KABXUUFDPUOJMW-BYPYZUCNSA-N,Organic compounds,Organic acids and derivatives,Carboxylic acids and derivatives,"Amino acids, peptides, and analogues",Arginine and proline metabolism
IK_KAKZBPTYRLMSJV-UHFFFAOYSA-N,"1,3-Butadiene",C=CC=C,C05485,KAKZBPTYRLMSJV-UHFFFAOYSA-N,Organic compounds,Hydrocarbons,Unsaturated hydrocarbons,Olefins,Steroid hormone biosynthesis
IK_KBUNOSOGGAARKZ-KRWDZBQOSA-N,3-Dehydrosphinganine,CCCCCCCCCCCCCCCC(=O)[C@H](CO)N,C02934,KBUNOSOGGAARKZ-KRWDZBQOSA-N,,,,,Sphingolipid metabolism
IK_KCUYLQDWSWOANO-JHXSWNAYSA-N,TG 46:1,CCCCCCCCCCCC(=O)OC[C@H](COC(=O)CCCCCCCCC/C=C\CCCCCCCCCC)OC(=O)CCCCCCCCCCC,C01290,KCUYLQDWSWOANO-JHXSWNAYSA-N,Organic compounds,Lipids and lipid-like molecules,Glycerolipids,Triradylcglycerols,Sphingolipid metabolism
IK_KDXKERNSBIXSRK-UHFFFAOYNA-N,Lysine,C(CCN)C[C@@H](C(=O)O)N,C00047,KDXKERNSBIXSRK-UHFFFAOYNA-N,Organic compounds,Organic acids and derivatives,Carboxylic acids and derivatives,"Amino acids, peptides, and analogues",Lysine degradation
IK_KDXKERNSBIXSRK-YFKPBYRVSA-N,L-Lysine,C(CCN)C[C@@H](C(=O)O)N,C00047,KDXKERNSBIXSRK-YFKPBYRVSA-N,Organic compounds,Organic acids and derivatives,Carboxylic acids and derivatives,"Amino acids, peptides, and analogues",Lysine degradation
IK_KDYFGRWQOYBRFD-UHFFFAOYSA-N,Succinic acid,C(CC(=O)O)C(=O)O,C00036,KDYFGRWQOYBRFD-UHFFFAOYSA-N,Organic compounds,Organic acids and derivatives,Carboxylic acids and derivatives,Dicarboxylic acids and derivatives,"Alanine, aspartate and glutamate metabolism"
IK_KHLRCNXJXSYNCK-ZIEHFRHMSA-N,GPEtn(16:0/20:5),CCCCCCCCCCCCCCCC(=O)OC[C@H](COP(=O)(O)OCCN)OC(=O)CCC/C=C\C/C=C\C/C=C\C/C=C\C/C=C\CC,C00350,KHLRCNXJXSYNCK-ZIEHFRHMSA-N,Organic compounds,Lipids and lipid-like molecules,Glycerophospholipids,Glycerophosphoethanolamines,Glycerophospholipid metabolism
IK_KHPXUQMNIQBQEV-UHFFFAOYSA-N,Oxaloacetate,C(C(=O)C(=O)O)C(=O)O,C00036,KHPXUQMNIQBQEV-UHFFFAOYSA-N,Organic compounds,Organic acids and derivatives,Keto acids and derivatives,Short-chain keto acids and derivatives,"Alanine, aspartate and glutamate metabolism"
IK_KIDHWZJUCRJVML-UHFFFAOYSA-N,"1,4-diaminobutane",C(CCN)CN,C00134,KIDHWZJUCRJVML-UHFFFAOYSA-N,Organic compounds,Organic nitrogen compounds,Organonitrogen compounds,Amines,Arginine and proline metabolism
IK_KKADPXVIOXHVKN-UHFFFAOYSA-N,4-Hydroxyphenylpyruvic acid,C1=CC(=CC=C1CC(=O)C(=O)O)O,C01179,KKADPXVIOXHVKN-UHFFFAOYSA-N,Organic compounds,Benzenoids,Benzene and substituted derivatives,Phenylpyruvic acid derivatives,Tyrosine metabolism
IK_KKCIOUWDFWQUBT-AWEZNQCLSA-N,L-Thyronine,C1=CC(=CC=C1C[C@@H](C(=O)O)N)OC2=CC=C(C=C2)O,C01829,KKCIOUWDFWQUBT-AWEZNQCLSA-N,Organic compounds,Organic acids and derivatives,Carboxylic acids and derivatives,"Amino acids, peptides, and analogues",Tyrosine metabolism
IK_KNHXCLGABLNNRN-FFSDQCCLSA-N,PC O-34:4|PC O-16:2_18:2,CCCCCCCCOCC(COP(=O)([O-])OCC[N+](C)(C)C)OC(=O)CCCCCCCCCCCC/C=C\C/C=C\C/C=C\C/C=C\CC,C00157,KNHXCLGABLNNRN-FFSDQCCLSA-N,Organic compounds,Lipids and lipid-like molecules,Glycerophospholipids,Glycerophosphocholines,Linoleic acid metabolism
IK_KPGXRSRHYNQIFN-UHFFFAOYSA-N,Oxoglutaric acid,C(CC(=O)O)C(=O)C(=O)O,C00026,KPGXRSRHYNQIFN-UHFFFAOYSA-N,Organic compounds,Organic acids and derivatives,Keto acids and derivatives,Gamma-keto acids and derivatives,Arginine biosynthesis
IK_KTJAFMBXBPVGGI-LTEAFHAISA-N,PE 36:3;O|PE 18:2_18:1;O,CCCCCCCC/C=C\CCCCCCCC(=O)OC(COCCCCCCCC/C=C\C/C=C\CCCCC)COP(=O)(O)OCCN,C05843,KTJAFMBXBPVGGI-LTEAFHAISA-N,Organic compounds,Lipids and lipid-like molecules,Glycerophospholipids,Glycerophosphoethanolamines,Nicotinate and nicotinamide metabolism
IK_KTLRWTOPTKGYQY-UHFFFAOYSA-N,N1-Methyl-4-pyridone-5-carboxamide3,CN1C=CC(=O)C(=C1)C(=O)N,C05843,KTLRWTOPTKGYQY-UHFFFAOYSA-N,Organic compounds,Organoheterocyclic compounds,Pyridines and derivatives,Pyridinecarboxylic acids and derivatives,Nicotinate and nicotinamide metabolism
IK_KUYNOZVWCFXSNE-BYNIDDHOSA-N,Indoxyl glucuronide,C1=CC=C2C(=C1)C(=CN2)O[C@H]3[C@@H]([C@H]([C@@H]([C@H](O3)C(=O)O)O)O)O,C03033,KUYNOZVWCFXSNE-BYNIDDHOSA-N,Organic compounds,Organic oxygen compounds,Organooxygen compounds,Carbohydrates and carbohydrate conjugates,Ascorbate and aldarate metabolism
IK_KVMOASQARMCFEX-OBEJFMRTSA-N,PE(16:1(9Z)/P-18:1(9Z)),CCCCCCCC/C=C\CCCCCC/C=C\O[C@H](COC(=O)CCCCCCC/C=C\CCCCCC)COP(=O)(O)OCCN,C00350,KVMOASQARMCFEX-OBEJFMRTSA-N,Organic compounds,Lipids and lipid-like molecules,Glycerophospholipids,Glycerophosphoethanolamines,Glycerophospholipid metabolism
IK_KXGVEGMKQFWNSR-LLQZFEROSA-N,deoxycholic acid,C[C@H](CCC(=O)O)[C@H]1CC[C@@H]2[C@@]1([C@H](C[C@H]3[C@H]2CC[C@H]4[C@@]3(CC[C@H](C4)O)C)O)C,C02528,KXGVEGMKQFWNSR-LLQZFEROSA-N,Organic compounds,Lipids and lipid-like molecules,Steroids and steroid derivatives,"Bile acids, alcohols and derivatives",Primary bile acid biosynthesis
IK_KYICBZWZQPCUMO-PSALXKTOSA-N,SM(d18:1/14:0),CCCCCCCCCCCCC/C=C/[C@H]([C@H](COP(=O)([O-])OCC[N+](C)(C)C)NC(=O)CCCCCCCCCCCCC)O,C00073,KYICBZWZQPCUMO-PSALXKTOSA-N,Organic compounds,Lipids and lipid-like molecules,Sphingolipids,Phosphosphingolipids,One carbon pool by folate
IK_KZSNJWFQEVHDMF-BYPYZUCNSA-N,L-Valine,CC(C)[C@@H](C(=O)O)N,C00183,KZSNJWFQEVHDMF-BYPYZUCNSA-N,Organic compounds,Organic acids and derivatives,Carboxylic acids and derivatives,"Amino acids, peptides, and analogues","Valine, leucine and isoleucine biosynthesis"
IK_KZSNJWFQEVHDMF-UHFFFAOYNA-N,Valine,CC(C)[C@@H](C(=O)O)N,C00141,KZSNJWFQEVHDMF-UHFFFAOYNA-N,Organic compounds,Organic acids and derivatives,Carboxylic acids and derivatives,"Amino acids, peptides, and analogues","Valine, leucine and isoleucine biosynthesis"
IK_LCTONWCANYUPML-UHFFFAOYSA-N,Pyruvic Acid,CC(=O)C(=O)O,C00022,LCTONWCANYUPML-UHFFFAOYSA-N,Organic compounds,Organic acids and derivatives,Keto acids and derivatives,Alpha-keto acids and derivatives,Arginine and proline metabolism
IK_LEBBDRXHHNYZIA-LDUWYPJVSA-N,Galactocerebroside,CCCCCCCCCCCCC/C=C\C(C(CO)NC(=O)O[C@H]1[C@@H]([C@H]([C@H]([C@H](O1)CO)O)O)O)O,C02686,LEBBDRXHHNYZIA-LDUWYPJVSA-N,Organic compounds,Lipids and lipid-like molecules,Fatty Acyls,Fatty acyl glycosides,Sphingolipid metabolism
IK_LEHOTFFKMJEONL-UHFFFAOYSA-N,Uric acid,C12=C(NC(=O)N1)NC(=O)NC2=O,C00059,LEHOTFFKMJEONL-UHFFFAOYSA-N,Organic compounds,Organoheterocyclic compounds,Imidazopyrimidines,Purines and purine derivatives,Purine metabolism
IK_LEOVWDSHDAVANJ-UHFFFAOYSA-N,4-Hydroxy benzenepropanedioate,C1=CC(=CC=C1O)OC(=O)CC(=O)O,C00077,LEOVWDSHDAVANJ-UHFFFAOYSA-N,Organic compounds,Benzenoids,Phenol esters,,Arginine biosynthesis
IK_LEVWYRKDKASIDU-IMJSIDKUSA-N,L-Cystine,NC(CSSCC(N)C(O)=O)C(O)=O,C00491,LEVWYRKDKASIDU-IMJSIDKUSA-N,Organic compounds,Organic acids and derivatives,Carboxylic acids and derivatives,"Amino acids, peptides, and analogues",Cysteine and methionine metabolism
IK_LEVWYRKDKASIDU-UHFFFAOYNA-N,Cystine,C([C@@H](C(=O)O)N)SSC[C@@H](C(=O)O)N,C00491,LEVWYRKDKASIDU-UHFFFAOYNA-N,Organic compounds,Organic acids and derivatives,Carboxylic acids and derivatives,"Amino acids, peptides, and analogues",Cysteine and methionine metabolism
IK_LFTRJWKKLPVMNE-RCBQFDQVSA-N,Valyl-prolyl-glycyl-valyl-glycine,CC(C)[C@@H](C(=O)N1CCC[C@H]1C(=O)NCC(=O)N[C@@H](C(C)C)C(=O)NCC(=O)O)N,C04230,LFTRJWKKLPVMNE-RCBQFDQVSA-N,Organic compounds,Organic acids and derivatives,Carboxylic acids and derivatives,"Amino acids, peptides, and analogues",Glycerophospholipid metabolism
IK_LJIFHMULTXIFNU-KAMIUYGRSA-N,"PE(18:1(11Z)/20:4(5Z,8Z,11Z,14Z))",CCCCCC/C=C\CCCCCCCCCC(=O)OC[C@H](COP(=O)(O)OCCN)OC(=O)CCC/C=C\C/C=C\C/C=C\C/C=C\CCCCC,C00350,LJIFHMULTXIFNU-KAMIUYGRSA-N,Organic compounds,Lipids and lipid-like molecules,Glycerophospholipids,Glycerophosphoethanolamines,Glycerophospholipid metabolism
IK_LKDRXBCSQODPBY-VRPWFDPXSA-N,D-Fructose,C1[C@H]([C@H]([C@@H](C(O1)(CO)O)O)O)O,C00085,LKDRXBCSQODPBY-VRPWFDPXSA-N,Organic compounds,Organic oxygen compounds,Organooxygen compounds,Carbohydrates and carbohydrate conjugates,Starch and sucrose metabolism
IK_LLLPDUXGHXIXIW-UHFFFAOYSA-N,N-formylanthranilic acid,C1=CC=C(C(=C1)C(=O)O)NC=O,C05653,LLLPDUXGHXIXIW-UHFFFAOYSA-N,Organic compounds,Benzenoids,Benzene and substituted derivatives,Benzoic acids and derivatives,Tryptophan metabolism
IK_LOIYMIARKYCTBW-OWOJBTEDSA-N,Urocanic acid,C1=C(NC=N1)/C=C/C(=O)O,C00785,LOIYMIARKYCTBW-OWOJBTEDSA-N,Organic compounds,Organoheterocyclic compounds,Azoles,Imidazoles,Histidine metabolism
IK_LRFVTYWOQMYALW-UHFFFAOYSA-N,Xanthine,C1=NC2=C(N1)C(=O)NC(=O)N2,C00385,LRFVTYWOQMYALW-UHFFFAOYSA-N,Organic compounds,Organoheterocyclic compounds,Imidazopyrimidines,Purines and purine derivatives,Purine metabolism
IK_LRTCKJJOUNZFDD-DBHIXKHWSA-N,"PA(20:2(11Z,14Z)/18:1(9Z))",CCCCCCCC/C=C\CCCCCCCC(=O)O[C@H](COC(=O)CCCCCCCCC/C=C\C/C=C\CCCCC)COP(=O)(O)O,C04230,LRTCKJJOUNZFDD-DBHIXKHWSA-N,Organic compounds,Lipids and lipid-like molecules,Glycerophospholipids,Glycerophosphates,Glycerophospholipid metabolism
IK_LTCLZQOHPYRNCF-UHFFFAOYSA-N,6-Hydroxyindoxyl sulfate,CC1=CC2=C(C=C1)C(=CN2)OS(=O)(=O)O,C00062,LTCLZQOHPYRNCF-UHFFFAOYSA-N,Organic compounds,Organic acids and derivatives,Organic sulfuric acids and derivatives,Arylsulfates,Arginine biosynthesis
IK_LVNGJLRDBYCPGB-LDLOPFEMSA-N,PE(18:0/18:0),CCCCCCCCCCCCCCCCCC(=O)OC[C@H](COP(=O)(O)OCCN)OC(=O)CCCCCCCCCCCCCCCCC,C00350,LVNGJLRDBYCPGB-LDLOPFEMSA-N,Organic compounds,Lipids and lipid-like molecules,Glycerophospholipids,Glycerophosphoethanolamines,Glycerophospholipid metabolism
IK_LWWIYCLYWKAKRR-HSUXUTPPSA-N,"(2R,3R,4R)-Hexane-1,2,3,4,6-pentol",C(CO)[C@H]([C@H]([C@@H](CO)O)O)O,C00062,LWWIYCLYWKAKRR-HSUXUTPPSA-N,Organic compounds,Organic oxygen compounds,Organooxygen compounds,Carbohydrates and carbohydrate conjugates,Arginine biosynthesis
IK_LYFMZJCIGLZMJF-IRSYNFPBSA-N,"PE(P-16:0/22:2(13Z,16Z))",CCCCCCCCCCCCCC/C=C\OC[C@H](COP(=O)(O)OCCN)OC(=O)CCCCCCCCCCC/C=C\C/C=C\CCCCC,C00157,LYFMZJCIGLZMJF-IRSYNFPBSA-N,Organic compounds,Lipids and lipid-like molecules,Glycerophospholipids,Glycerophosphoethanolamines,Linoleic acid metabolism
IK_LZCOQTDXKCNBEE-RUTJIGONSA-N,"3-Oxa-9-azoniatricyclo[3.3.1.02,4]nonane, 9-ethyl-7-hydroxy-9-methyl-",C[N+]1(C2CC(CC1C3C2O3)OC(=O)[C@@H](CO)C4=CC=CC=C4)C,C00157,LZCOQTDXKCNBEE-RUTJIGONSA-N,Organic compounds,Organic acids and derivatives,Hydroxy acids and derivatives,Beta hydroxy acids and derivatives,Linoleic acid metabolism
IK_LZLVZIFMYXDKCN-QJWFYWCHSA-N,GPCho(20:4/20:4),CCCCC/C=C\C/C=C\C/C=C\C/C=C\CCCC(=O)OC[C@H](COP(=O)([O-])OCC[N+](C)(C)C)OC(=O)CCC/C=C\C/C=C\C/C=C\C/C=C\CCCCC,C00157,LZLVZIFMYXDKCN-QJWFYWCHSA-N,Organic compounds,Lipids and lipid-like molecules,Glycerophospholipids,Glycerophosphocholines,Linoleic acid metabolism
IK_LZRYNUIYHHQTRL-NBZVOYHKSA-N,"Lisinopril, epsilon-biotinamidocaproyl-",C1C[C@H](N(C1)C(=O)[C@H](CCCCNC(=O)CCCCCNC(=O)CCCC[C@H]2[C@@H]3[C@H](CS2)NC(=O)N3)NC(CCC4=CC=CC=C4)C(=O)O)C(=O)O,C00157,LZRYNUIYHHQTRL-NBZVOYHKSA-N,Organic compounds,Organic acids and derivatives,Carboxylic acids and derivatives,"Amino acids, peptides, and analogues",Linoleic acid metabolism
IK_MBMBGCFOFBJSGT-KUBAVDMBSA-N,Docosahexaenoic Acid,CC/C=C\C/C=C\C/C=C\C/C=C\C/C=C\C/C=C\CCC(=O)O,C06429,MBMBGCFOFBJSGT-KUBAVDMBSA-N,Organic compounds,Lipids and lipid-like molecules,Fatty Acyls,Fatty acids and conjugates,Biosynthesis of unsaturated fatty acids
IK_MCKLJFJEQRYRQT-APGJSSKUSA-N,20alpha-Hydroxycholesterol,CC(C)CCC[C@@](C)([C@H]1CC[C@@H]2[C@@]1(CC[C@H]3[C@H]2CC=C4[C@@]3(CC[C@@H](C4)O)C)C)O,C05500,MCKLJFJEQRYRQT-APGJSSKUSA-N,,,,,Steroid hormone biosynthesis
IK_MCMLHDBHZRLOED-SFYZADRCSA-N,Ornithine [+CO2],C(C[C@H](C(=O)NCCC[C@@H](C(=O)O)N)N)CN,C05580,MCMLHDBHZRLOED-SFYZADRCSA-N,Organic compounds,Organic acids and derivatives,Carboxylic acids and derivatives,"Amino acids, peptides, and analogues",Tyrosine metabolism
IK_MEZHYUGWUQWXOK-QPPIDDCLSA-N,PGP(i-12:0/i-22:0),CC(C)CCCCCCCCCCCCCCCCCCC(=O)O[C@H](COC(=O)CCCCCCCCC(C)C)COP(=O)(O)OC[C@H](COP(=O)(O)O)O,C00350,MEZHYUGWUQWXOK-QPPIDDCLSA-N,Organic compounds,Lipids and lipid-like molecules,Glycerophospholipids,Glycerophosphoglycerophosphates,Glycerophospholipid metabolism
IK_MFNAKLLYSPINFZ-UHFFFAOYSA-N,"6-Methylpteridine-2,4-diamine",CC1=CN=C2C(=N1)C(=NC(=N2)N)N,C00350,MFNAKLLYSPINFZ-UHFFFAOYSA-N,Organic compounds,Organoheterocyclic compounds,Pteridines and derivatives,,Glycerophospholipid metabolism
IK_MFYSYFVPBJMHGN-ZPOLXVRWSA-N,Cortisone,C[C@]12CCC(=O)C=C1CC[C@@H]3[C@@H]2C(=O)C[C@]4([C@H]3CC[C@@]4(C(=O)CO)O)C,C00735,MFYSYFVPBJMHGN-ZPOLXVRWSA-N,Organic compounds,Lipids and lipid-like molecules,Steroids and steroid derivatives,Hydroxysteroids,Steroid hormone biosynthesis
IK_MJEVTNQRFPLLCH-QECOYPFHSA-N,"DG(18:3(9Z,12Z,15Z)/15:0/0:0)",CCCCCCCCCCCCCCC(=O)O[C@@H](CO)COC(=O)CCCCCCC/C=C\C/C=C\C/C=C\CC,C00350,MJEVTNQRFPLLCH-QECOYPFHSA-N,Organic compounds,Lipids and lipid-like molecules,Fatty Acyls,Lineolic acids and derivatives,Glycerophospholipid metabolism
IK_MJLXQSQYKZWZCB-AKNKGCNLSA-N,Linoelaidylcarnitine,CCCCC/C=C/C/C=C/CCCCCCCC(=O)O[C@H](CC(=O)[O-])C[N+](C)(C)C,C01290,MJLXQSQYKZWZCB-AKNKGCNLSA-N,Organic compounds,Lipids and lipid-like molecules,Fatty Acyls,Fatty acid esters,Sphingolipid metabolism
IK_MJZYBROJFJAPOE-UHFFFAOYSA-N,Stigmastanediol,CCC(CCC(C)C1CCC2C1(CCC3C2CCC4(C3(CCC(C4)O)C)O)C)C(C)C,C00350,MJZYBROJFJAPOE-UHFFFAOYSA-N,Organic compounds,Lipids and lipid-like molecules,Steroids and steroid derivatives,Stigmastanes and derivatives,Glycerophospholipid metabolism
IK_MPSATYYKSWVJNQ-NSZXNXEKSA-N,PA(6 keto-PGF1alpha/14:1(9Z)),CCCCC[C@@H](/C=C/[C@H]1[C@@H](C[C@@H]([C@@H]1CC(=O)CCCCC(=O)OCC(CO)O)O)O)O,C00350,MPSATYYKSWVJNQ-NSZXNXEKSA-N,Organic compounds,Lipids and lipid-like molecules,Fatty Acyls,Eicosanoids,Glycerophospholipid metabolism
IK_MRNRLEVLPFVWRY-UHFFFAOYSA-N,Saringosterol 3-glucoside,CC(C)C(CCC(C)C1CCC2C1(CCC3C2CC=C4C3(CCC(C4)OC5C(C(C(C(O5)CO)O)O)O)C)C)(C=C)O,C04230,MRNRLEVLPFVWRY-UHFFFAOYSA-N,Organic compounds,Lipids and lipid-like molecules,Steroids and steroid derivatives,Stigmastanes and derivatives,Glycerophospholipid metabolism
IK_MROJXXOCABQVEF-UHFFFAOYSA-N,Actarit,CC(=O)NC1=CC=C(C=C1)CC(=O)O,C00157,MROJXXOCABQVEF-UHFFFAOYSA-N,Organic compounds,Benzenoids,Benzene and substituted derivatives,,Linoleic acid metabolism
IK_MRPDHXXPDCVBPQ-AATRIKPKSA-N,"(3S,5R,6S,7E,9x)-7-Megastigmene-3,6,9-triol 9-glucoside",CC1CC(CC(C1(/C=C/C(C)OC2C(C(C(C(O2)CO)O)O)O)O)(C)C)O,C00157,MRPDHXXPDCVBPQ-AATRIKPKSA-N,Organic compounds,Lipids and lipid-like molecules,Fatty Acyls,Fatty acyl glycosides,Linoleic acid metabolism
IK_MRRFMOUCAPXWJC-SSCJOAGESA-N,"PC(18:1(11Z)/18:3(6Z,9Z,12Z))",CCCCCC/C=C\CCCCCCCCCC(=O)OC[C@H](COP(=O)([O-])OCC[N+](C)(C)C)OC(=O)CCCC/C=C\C/C=C\C/C=C\CCCCC,C04230,MRRFMOUCAPXWJC-SSCJOAGESA-N,Organic compounds,Lipids and lipid-like molecules,Glycerophospholipids,Glycerophosphocholines,Glycerophospholipid metabolism
IK_MRUAUOIMASANKQ-UHFFFAOYSA-N,Cocamidopropyl Betaine,CCCCCCCCCCCC(=O)NCCC[N+](C)(C)CC(=O)[O-],C00157,MRUAUOIMASANKQ-UHFFFAOYSA-N,Organic compounds,Organic acids and derivatives,Carboxylic acids and derivatives,"Amino acids, peptides, and analogues",Linoleic acid metabolism
IK_MSWZFWKMSRAUBD-IVMDWMLBSA-N,D-Glucosamine,C([C@@H]1[C@H]([C@@H]([C@H](C(O1)O)N)O)O)O,C00043,MSWZFWKMSRAUBD-IVMDWMLBSA-N,Organic compounds,Organic oxygen compounds,Organooxygen compounds,Carbohydrates and carbohydrate conjugates,Amino sugar and nucleotide sugar metabolism
IK_MTCFGRXMJLQNBG-REOHCLBHSA-N,L-Serine,C([C@@H](C(=O)O)N)O,C00065,MTCFGRXMJLQNBG-REOHCLBHSA-N,Organic compounds,Organic acids and derivatives,Carboxylic acids and derivatives,"Amino acids, peptides, and analogues","Glycine, serine and threonine metabolism"
IK_MTCFGRXMJLQNBG-UHFFFAOYNA-N,Serine,C([C@@H](C(=O)O)N)O,C00065,MTCFGRXMJLQNBG-UHFFFAOYNA-N,Organic compounds,Organic acids and derivatives,Carboxylic acids and derivatives,"Amino acids, peptides, and analogues","Glycine, serine and threonine metabolism"
IK_MTCFGRXMJLQNBG-UWTATZPHSA-N,D-serine,C([C@H](C(=O)O)N)O,C00740,MTCFGRXMJLQNBG-UWTATZPHSA-N,Organic compounds,Organic acids and derivatives,Carboxylic acids and derivatives,"Amino acids, peptides, and analogues","Glycine, serine and threonine metabolism"
IK_MUFCQFFNARPCRX-DAZBTBHLSA-N,DG(PGE2/16:0/0:0),CCCCCCCCCCCCCCCC(=O)O[C@@H](CO)COC(=O)CCC/C=C\C[C@@H]1[C@H]([C@@H](CC1=O)O)/C=C/[C@H](CCCCC)O,C00350,MUFCQFFNARPCRX-DAZBTBHLSA-N,Organic compounds,Lipids and lipid-like molecules,Fatty Acyls,Eicosanoids,Glycerophospholipid metabolism
IK_MVOYJPOZRLFTCP-UHFFFAOYSA-N,1-Methylxanthine,CN1C(=O)C2=C(NC1=O)N=CN2,C16358,MVOYJPOZRLFTCP-UHFFFAOYSA-N,Organic compounds,Organoheterocyclic compounds,Imidazopyrimidines,Purines and purine derivatives,Caffeine metabolism
IK_MYVYPSWUSKCCHG-UHFFFAOYSA-N,Tryptophyl-Serine,C1=CC=C2C(=C1)C(=CN2)CC(C(=O)NC(CO)C(=O)O)N,C15808,MYVYPSWUSKCCHG-UHFFFAOYSA-N,Organic compounds,Organic acids and derivatives,Carboxylic acids and derivatives,"Amino acids, peptides, and analogues",Steroid biosynthesis
IK_MYYIAHXIVFADCU-QMMMGPOBSA-N,Anserine,CN1C=NC=C1C[C@@H](C(=O)O)NC(=O)CCN,C01262,MYYIAHXIVFADCU-QMMMGPOBSA-N,Organic compounds,Organic acids and derivatives,Peptidomimetics,Hybrid peptides,Histidine metabolism
IK_NANHIUZYPFDGJS-UHFFFAOYSA-N,4-Decan-4-Ylbenzenesulfonic Acid,CCCCCCC(CCC)C1=CC=C(C=C1)S(=O)(=O)O,C00550,NANHIUZYPFDGJS-UHFFFAOYSA-N,Organic compounds,Benzenoids,Benzene and substituted derivatives,Benzenesulfonic acids and derivatives,Sphingolipid metabolism
IK_NBIIXXVUZAFLBC-UHFFFAOYSA-K,Phosphate,[O-]P(=O)([O-])[O-],C00002,NBIIXXVUZAFLBC-UHFFFAOYSA-K,Inorganic compounds,Homogeneous non-metal compounds,Non-metal oxoanionic compounds,Non-metal phosphates,One carbon pool by folate
IK_NCBOXCFFSWALMZ-XTNBEGJDSA-N,Bergenin Pentaacetate,CC(=O)OC[C@@H]1[C@H]([C@@H]([C@@H]2[C@@H](O1)C3=C(C(=C(C=C3C(=O)O2)OC(=O)C)OC)OC(=O)C)OC(=O)C)OC(=O)C,C00157,NCBOXCFFSWALMZ-XTNBEGJDSA-N,Organic compounds,Organic acids and derivatives,Carboxylic acids and derivatives,Hexacarboxylic acids and derivatives,Linoleic acid metabolism
IK_NCGLTZSBTFVVAW-KNXRZYMVSA-N,Minaxolone,CCO[C@H]1C[C@]2([C@@H](CC[C@@H]3[C@@H]2[C@@H](C[C@]4([C@H]3CC[C@@H]4C(=O)C)C)N(C)C)C[C@@H]1O)C,C00157,NCGLTZSBTFVVAW-KNXRZYMVSA-N,Organic compounds,Lipids and lipid-like molecules,Steroids and steroid derivatives,Pregnane steroids,Linoleic acid metabolism
IK_NHZMQXZHNVQTQA-UHFFFAOYSA-N,Pyridoxamine,CC1=NC=C(C(=C1O)CN)CO,C00534,NHZMQXZHNVQTQA-UHFFFAOYSA-N,Organic compounds,Organoheterocyclic compounds,Pyridines and derivatives,Pyridoxamines,Vitamin B6 metabolism
IK_NKRLKOMBOSWILK-PLACYPQZSA-N,Kinetensin 4-7,C1C[C@@H](N(C1)C(=O)[C@H](CC2=CN=CN2)NC(=O)[C@@H](CCCN=C(N)N)N)C(=O)N[C@H](CC3=CC=C(C=C3)O)C(=O)O,C00127,NKRLKOMBOSWILK-PLACYPQZSA-N,Organic compounds,Organic acids and derivatives,Carboxylic acids and derivatives,"Amino acids, peptides, and analogues",Glutathione metabolism
IK_NNAIYOXJNVGUOM-UHFFFAOYSA-N,Amperozide,CCNC(=O)N1CCN(CC1)CCCC(C2=CC=C(C=C2)F)C3=CC=C(C=C3)F,C03033,NNAIYOXJNVGUOM-UHFFFAOYSA-N,Organic compounds,Benzenoids,Benzene and substituted derivatives,Diphenylmethanes,Ascorbate and aldarate metabolism
IK_NNEIBJNHWVDJBA-GYSLYLNXSA-N,Deoxycholic acid 3-glucuronide,C[C@H](CCC(=O)O)[C@H]1CC[C@@H]2[C@@]1([C@H](C[C@H]3[C@H]2CC[C@H]4[C@@]3(CC[C@H](C4)O[C@H]5[C@@H]([C@H]([C@@H]([C@H](O5)C(=O)O)O)O)O)C)O)C,C03033,NNEIBJNHWVDJBA-GYSLYLNXSA-N,Organic compounds,Lipids and lipid-like molecules,Steroids and steroid derivatives,Steroidal glycosides,Ascorbate and aldarate metabolism
IK_NQPDZGIKBAWPEJ-UHFFFAOYSA-N,Valeric acid,CCCCC(=O)O,C00062,NQPDZGIKBAWPEJ-UHFFFAOYSA-N,Organic compounds,Lipids and lipid-like molecules,Fatty Acyls,Fatty acids and conjugates,Arginine biosynthesis
IK_NQRYJNQNLNOLGT-UHFFFAOYSA-N,Piperidine,C1CCNCC1,C00408,NQRYJNQNLNOLGT-UHFFFAOYSA-N,Organic compounds,Organoheterocyclic compounds,Piperidines,,Lysine degradation
IK_NRJAVPSFFCBXDT-HUESYALOSA-N,phosphatidylcholine,CCCCCCCCCCCCCCCCCC(=O)OC[C@H](COP(=O)([O-])OCC[N+](C)(C)C)OC(=O)CCCCCCCCCCCCCCCCC,C00157,NRJAVPSFFCBXDT-HUESYALOSA-N,Organic compounds,Lipids and lipid-like molecules,Glycerophospholipids,Glycerophosphocholines,Linoleic acid metabolism
IK_NUCLJNSWZCHRKL-UHFFFAOYSA-N,allantoic acid,C(C(=O)O)(NC(=O)N)NC(=O)N,C00499,NUCLJNSWZCHRKL-UHFFFAOYSA-N,Organic compounds,Organic acids and derivatives,Carboxylic acids and derivatives,"Amino acids, peptides, and analogues",Purine metabolism
IK_NUDXOGPEQRPSKT-MVOZTAHOSA-N,FA 18:3 (y-linolenic acid),CC(CCC/C=C\C/C=C\C/C=C\CCCCC(=O)O)O,C04730,NUDXOGPEQRPSKT-MVOZTAHOSA-N,Organic compounds,Lipids and lipid-like molecules,Fatty Acyls,Lineolic acids and derivatives,Sphingolipid metabolism
IK_NWWJFMCCTZLKNT-UHFFFAOYSA-N,Dihydrothiazine,C1CNSC=C1,C06125,NWWJFMCCTZLKNT-UHFFFAOYSA-N,Organic compounds,Organoheterocyclic compounds,Thiazines,"1,2-thiazines",Sphingolipid metabolism
IK_NXJAXUYOQLTISD-UHFFFAOYSA-N,O-Glutarylcarnitine,C[N+](C)(C)CC(CC(=O)[O-])OC(=O)CCCC(=O)O,C06125,NXJAXUYOQLTISD-UHFFFAOYSA-N,Organic compounds,Lipids and lipid-like molecules,Fatty Acyls,Fatty acid esters,Sphingolipid metabolism
IK_NXYCBMGKNCJXIC-CNEMSGBDSA-N,Bz-Camp,C1[C@@H]2[C@H]([C@H]([C@@H](O2)N3C=NC4=C(N=CN=C43)NC(=O)C5=CC=CC=C5)O)OP(=O)(O1)O,C00350,NXYCBMGKNCJXIC-CNEMSGBDSA-N,Organic compounds,"Nucleosides, nucleotides, and analogues",Purine nucleotides,Cyclic purine nucleotides,Glycerophospholipid metabolism
IK_NYHBQMYGNKIUIF-UUOKFMHZSA-N,Guanosine,C1=NC2=C(N1[C@H]3[C@@H]([C@@H]([C@H](O3)CO)O)O)N=C(NC2=O)N,C00035,NYHBQMYGNKIUIF-UUOKFMHZSA-N,Organic compounds,"Nucleosides, nucleotides, and analogues",Purine nucleosides,,Purine metabolism
IK_NYLNHNDMNOPWAZ-ZLEFDVGRSA-N,Blumenol C glucoside,CC1=CC(=O)CC([C@H]1CC[C@@H](C)O[C@H]2[C@@H]([C@H]([C@@H]([C@H](O2)CO)O)O)O)(C)C,C00350,NYLNHNDMNOPWAZ-ZLEFDVGRSA-N,Organic compounds,Lipids and lipid-like molecules,Fatty Acyls,Fatty acyl glycosides,Glycerophospholipid metabolism
IK_OAMCCJASDLMTOO-UHFFFAOYSA-N,"3,4-Bis(7-chloroindol-3-yl)pyrrole-2,5-dicarboxylate",C1=CC2=C(C(=C1)Cl)NC=C2C3=C(NC(=C3C4=CNC5=C4C=CC=C5Cl)C(=O)O)C(=O)O,C00195,OAMCCJASDLMTOO-UHFFFAOYSA-N,,,,,Sphingolipid metabolism
IK_OAQGPAZDRCBBLD-YTCWWFNZSA-N,"17-phenyl-18,19,20-trinor-prostaglandin D2",C1[C@@H]([C@@H]([C@H](C1=O)/C=C/[C@H](CCC2=CC=CC=C2)O)C/C=C\CCCC(=O)O)O,C00195,OAQGPAZDRCBBLD-YTCWWFNZSA-N,Organic compounds,Lipids and lipid-like molecules,Fatty Acyls,Eicosanoids,Sphingolipid metabolism
IK_ODBLHEXUDAPZAU-UHFFFAOYSA-N,isocitric acid,C(C(C(C(=O)O)O)C(=O)O)C(=O)O,C00311,ODBLHEXUDAPZAU-UHFFFAOYSA-N,Organic compounds,Organic acids and derivatives,Carboxylic acids and derivatives,Tricarboxylic acids and derivatives,Citrate cycle (TCA cycle)
IK_ODHCTXKNWHHXJC-GSVOUGTGSA-N,(R)-(+)-2-Pyrrolidone-5-carboxylic acid,C1CC(=O)N[C@H]1C(=O)O,C02237,ODHCTXKNWHHXJC-GSVOUGTGSA-N,Organic compounds,Organic acids and derivatives,Carboxylic acids and derivatives,"Amino acids, peptides, and analogues",D-Amino acid metabolism
IK_ODHCTXKNWHHXJC-VKHMYHEASA-N,L-Pyroglutamic acid,C1CC(=O)N[C@@H]1C(=O)O,C01879,ODHCTXKNWHHXJC-VKHMYHEASA-N,Organic compounds,Organic acids and derivatives,Carboxylic acids and derivatives,"Amino acids, peptides, and analogues",Glutathione metabolism
IK_ODKSFYDXXFIFQN-BYPYZUCNSA-N,L-Arginine,C(C[C@@H](C(=O)O)N)CN=C(N)N,C00062,ODKSFYDXXFIFQN-BYPYZUCNSA-N,Organic compounds,Organic acids and derivatives,Carboxylic acids and derivatives,"Amino acids, peptides, and analogues",Arginine biosynthesis
IK_ODKSFYDXXFIFQN-SCSAIBSYSA-N,D-Arginine,C(C[C@H](C(=O)O)N)CN=C(N)N,C00792,ODKSFYDXXFIFQN-SCSAIBSYSA-N,Organic compounds,Organic acids and derivatives,Carboxylic acids and derivatives,"Amino acids, peptides, and analogues",D-Amino acid metabolism
IK_OECTYKWYRCHAKR-UHFFFAOYSA-N,4-Vinylcyclohexene dioxide,C1CC2C(O2)CC1C3CO3,C05473,OECTYKWYRCHAKR-UHFFFAOYSA-N,Organic compounds,Organoheterocyclic compounds,Oxepanes,,Steroid hormone biosynthesis
IK_OEYIOHPDSNJKLS-UHFFFAOYSA-N,Choline,C[N+](C)(C)CCO,C00114,OEYIOHPDSNJKLS-UHFFFAOYSA-N,Organic compounds,Organic nitrogen compounds,Organonitrogen compounds,Quaternary ammonium salts,"Glycine, serine and threonine metabolism"
IK_OFOBLEOULBTSOW-UHFFFAOYSA-N,Malonic acid,C(C(=O)O)C(=O)O,C00383,OFOBLEOULBTSOW-UHFFFAOYSA-N,Organic compounds,Organic acids and derivatives,Carboxylic acids and derivatives,Dicarboxylic acids and derivatives,Fatty acid biosynthesis
IK_OIPILFWXSMYKGL-UHFFFAOYSA-N,Acetylcholine,CC(=O)OCC[N+](C)(C)C,C01996,OIPILFWXSMYKGL-UHFFFAOYSA-N,Organic compounds,Organic nitrogen compounds,Organonitrogen compounds,Quaternary ammonium salts,Glycerophospholipid metabolism
IK_OIRDTQYFTABQOQ-KQYNXXCUSA-N,Adenosine,C1=NC(=C2C(=N1)N(C=N2)[C@H]3[C@@H]([C@@H]([C@H](O3)CO)O)O)N,C00002,OIRDTQYFTABQOQ-KQYNXXCUSA-N,Organic compounds,"Nucleosides, nucleotides, and analogues",Purine nucleosides,,One carbon pool by folate
IK_OJZPOIMVTVAAOR-LVGJWKLPSA-N,PC O-44:8 or PC 44:8e,CCCCCC/C=C\CCCCCCCCOCC(COP(=O)([O-])OCC[N+](C)(C)C)OC(=O)CCCCC/C=C\C/C=C\C/C=C\C/C=C\C/C=C\C/C=C\C/C=C\CC,C00350,OJZPOIMVTVAAOR-LVGJWKLPSA-N,Organic compounds,Lipids and lipid-like molecules,Glycerophospholipids,Glycerophosphocholines,Glycerophospholipid metabolism
IK_OLXZPDWKRNYJJZ-RRKCRQDMSA-N,Deoxyadenosine,C1[C@@H]([C@H](O[C@H]1N2C=NC3=C(N=CN=C32)N)CO)O,C00131,OLXZPDWKRNYJJZ-RRKCRQDMSA-N,Organic compounds,"Nucleosides, nucleotides, and analogues",Purine nucleosides,Purine 2'-deoxyribonucleosides,Purine metabolism
IK_OMYMRCXOJJZYKE-UHFFFAOYSA-N,6-Hydroxymelatonin,CC(=O)NCCC1=CNC2=CC(=C(C=C21)OC)O,C05643,OMYMRCXOJJZYKE-UHFFFAOYSA-N,Organic compounds,Organoheterocyclic compounds,Indoles and derivatives,Hydroxyindoles,Tryptophan metabolism
IK_ONIBWKKTOPOVIA-BYPYZUCNSA-N,L-Proline,C1C[C@H](NC1)C(=O)O,C00148,ONIBWKKTOPOVIA-BYPYZUCNSA-N,Organic compounds,Organic acids and derivatives,Carboxylic acids and derivatives,"Amino acids, peptides, and analogues",Arginine and proline metabolism
IK_ONIBWKKTOPOVIA-UHFFFAOYNA-N,Proline,C1C[C@H](NC1)C(=O)O,C00148,ONIBWKKTOPOVIA-UHFFFAOYNA-N,Organic compounds,Organic acids and derivatives,Carboxylic acids and derivatives,"Amino acids, peptides, and analogues",Arginine and proline metabolism
IK_OSRWIBSZJTWIKA-JLNKQSITSA-N,LPE 22:5,CC/C=C\C/C=C\C/C=C\C/C=C\C/C=C\CCCCCC(=O)OCC(COP(=O)(O)OCCN)O,C01042,OSRWIBSZJTWIKA-JLNKQSITSA-N,Organic compounds,Lipids and lipid-like molecules,Glycerophospholipids,Glycerophosphoethanolamines,"Alanine, aspartate and glutamate metabolism"
IK_OTBMMWCXBVNALT-AMOZBRKMSA-N,"PE-NMe(20:4(8Z,11Z,14Z,17Z)/24:0)",CCCCCCCCCCCCCCCCCCCCCCCC(=O)OC(COC(=O)CCCCCC/C=C\C/C=C\C/C=C\C/C=C\CC)COP(=O)(O)OCCNC,C01042,OTBMMWCXBVNALT-AMOZBRKMSA-N,Organic compounds,Lipids and lipid-like molecules,Glycerophospholipids,Glycerophosphoethanolamines,"Alanine, aspartate and glutamate metabolism"
IK_OTCCIMWXFLJLIA-BYPYZUCNSA-N,N-Acetylaspartic acid,CC(=O)N[C@@H](CC(=O)O)C(=O)O,C01042,OTCCIMWXFLJLIA-BYPYZUCNSA-N,Organic compounds,Organic acids and derivatives,Carboxylic acids and derivatives,"Amino acids, peptides, and analogues","Alanine, aspartate and glutamate metabolism"
IK_OTKJDMGTUTTYMP-ZWKOTPCHSA-N,Sphinganine,CCCCCCCCCCCCCCC[C@H]([C@H](CO)N)O,C00836,OTKJDMGTUTTYMP-ZWKOTPCHSA-N,Organic compounds,Organic nitrogen compounds,Organonitrogen compounds,Amines,Sphingolipid metabolism
IK_OTSBKHHWSQYEHK-UHFFFAOYSA-N,"1,3-Dimethylurate",CN1C2=C(C(=O)N(C1=O)C)NC(=O)N2,C00350,OTSBKHHWSQYEHK-UHFFFAOYSA-N,Organic compounds,Organoheterocyclic compounds,Imidazopyrimidines,Purines and purine derivatives,Glycerophospholipid metabolism
IK_OUDSFQBUEBFSPS-UHFFFAOYSA-N,N-(Carboxymethyl)-N-(2-((carboxymethyl)amino)ethyl)glycine,C(CN(CC(=O)O)CC(=O)O)NCC(=O)O,C00350,OUDSFQBUEBFSPS-UHFFFAOYSA-N,Organic compounds,Organic acids and derivatives,Carboxylic acids and derivatives,"Amino acids, peptides, and analogues",Glycerophospholipid metabolism
IK_OUICDHFBMJCDTL-GHRIWEEISA-N,Notoginsenoside T1,C/C(=C\C(C1C(O1)(C)C)O)/C2CCC3(C2C(CC4C3(CC(C5C4(CCC(C5(C)C)O)C)OC6C(C(C(C(O6)CO)O)O)O)C)O)C,C15492,OUICDHFBMJCDTL-GHRIWEEISA-N,Organic compounds,Lipids and lipid-like molecules,Prenol lipids,Triterpenoids,Retinol metabolism
IK_OUYCCCASQSFEME-QMMMGPOBSA-N,L-Tyrosine,C1=CC(=CC=C1C[C@@H](C(=O)O)N)O,C00082,OUYCCCASQSFEME-QMMMGPOBSA-N,Organic compounds,Organic acids and derivatives,Carboxylic acids and derivatives,"Amino acids, peptides, and analogues",Tyrosine metabolism
IK_OUYCCCASQSFEME-UHFFFAOYNA-N,Tyrosine,C1=CC(=CC=C1C[C@@H](C(=O)O)N)O,C00082,OUYCCCASQSFEME-UHFFFAOYNA-N,Organic compounds,Organic acids and derivatives,Carboxylic acids and derivatives,"Amino acids, peptides, and analogues",Tyrosine metabolism
IK_OVBKVWSHXDCSTK-UHFFFAOYSA-N,24-Hydroxytetracosanoic acid,C(CCCCCCCCCCCC(=O)O)CCCCCCCCCCCO,C15492,OVBKVWSHXDCSTK-UHFFFAOYSA-N,,,,,Retinol metabolism
IK_OVBOQVAIYMSUDT-HRYGCDPOSA-N,"All-trans-13,14-dihydroretinol",CC1=C(C(CCC1)(C)C)/C=C/C(=C/C=C/C(C)CCO)/C,C15492,OVBOQVAIYMSUDT-HRYGCDPOSA-N,Organic compounds,Lipids and lipid-like molecules,Prenol lipids,Retinoids,Retinol metabolism
IK_OVRNDRQMDRJTHS-OZRXBMAMSA-N,N-acetylmannosamine,CC(=O)N[C@H]1[C@H]([C@@H]([C@H](O[C@H]1O)CO)O)O,C04257,OVRNDRQMDRJTHS-OZRXBMAMSA-N,Organic compounds,Organic oxygen compounds,Organooxygen compounds,Carbohydrates and carbohydrate conjugates,Amino sugar and nucleotide sugar metabolism
IK_OYIFNHCXNCRBQI-UHFFFAOYSA-N,Aminoadipic acid,C(CC(C(=O)O)N)CC(=O)O,C00956,OYIFNHCXNCRBQI-UHFFFAOYSA-N,Organic compounds,Organic acids and derivatives,Carboxylic acids and derivatives,"Amino acids, peptides, and analogues",Lysine degradation
IK_PAHMCFUSNIRFHK-UKPQPXGPSA-N,DG(PGE2/12:0/0:0),CCCCCCCCCCCC(=O)O[C@@H](CO)COC(=O)CCC/C=C\C[C@@H]1[C@H]([C@@H](CC1=O)O)/C=C/[C@H](CCCCC)O,C00416,PAHMCFUSNIRFHK-UKPQPXGPSA-N,Organic compounds,Lipids and lipid-like molecules,Fatty Acyls,Eicosanoids,Glycerophospholipid metabolism
IK_PBBWIAQSYZNWPA-UHFFFAOYSA-N,(2S)-2-Amino-5-(diaminomethylideneamino)-4-methylpentanoic acid,CC(CC(C(=O)O)N)CN=C(N)N,C04230,PBBWIAQSYZNWPA-UHFFFAOYSA-N,Organic compounds,Organic acids and derivatives,Carboxylic acids and derivatives,"Amino acids, peptides, and analogues",Glycerophospholipid metabolism
IK_PCBVVHMKRNVSDR-YJNXUYHJSA-N,"PE(18:1(9Z)/18:3(9Z,12Z,15Z))",CCCCCCCC/C=C\CCCCCCCC(=O)OC[C@H](COP(=O)(O)OCCN)OC(=O)CCCCCCC/C=C\C/C=C\C/C=C\CC,C05665,PCBVVHMKRNVSDR-YJNXUYHJSA-N,Organic compounds,Lipids and lipid-like molecules,Glycerophospholipids,Glycerophosphoethanolamines,Pantothenate and CoA biosynthesis
IK_PCXDJQZLDDHMGX-UHFFFAOYSA-N,3-Aminopropionaldehyde,C(CN)C=O,C04230,PCXDJQZLDDHMGX-UHFFFAOYSA-N,,,,,Glycerophospholipid metabolism
IK_PDWIQYODPROSQH-PYHARJCCSA-N,Deoxyribose,C1[C@@H]([C@H](OC1O)CO)O,C01801,PDWIQYODPROSQH-PYHARJCCSA-N,Organic compounds,Organic oxygen compounds,Organooxygen compounds,Carbohydrates and carbohydrate conjugates,Pentose phosphate pathway
IK_PEDCQBHIVMGVHV-UHFFFAOYSA-N,glycerol,C(C(CO)O)O,C00093,PEDCQBHIVMGVHV-UHFFFAOYSA-N,Organic compounds,Organic oxygen compounds,Organooxygen compounds,Carbohydrates and carbohydrate conjugates,Glycerophospholipid metabolism
IK_PFWLFWPASULGAN-UHFFFAOYSA-N,7-Methylxanthine,CN1C=NC2=C1C(=O)NC(=O)N2,C16353,PFWLFWPASULGAN-UHFFFAOYSA-N,Organic compounds,Organoheterocyclic compounds,Imidazopyrimidines,Purines and purine derivatives,Caffeine metabolism
IK_PHENTZNALBMCQD-UHFFFAOYSA-N,3-ureido-isobutyrate,CC(CNC(=O)N)C(=O)O,C00350,PHENTZNALBMCQD-UHFFFAOYSA-N,Organic compounds,Organic acids and derivatives,Organic carbonic acids and derivatives,Ureas,Glycerophospholipid metabolism
IK_PLOUQIGEQKCKHG-UHFFFAOYSA-N,3-Methylazelaic acid,CC(CCCCCC(=O)O)CC(=O)O,C00157,PLOUQIGEQKCKHG-UHFFFAOYSA-N,Organic compounds,Lipids and lipid-like molecules,Fatty Acyls,Fatty acids and conjugates,Linoleic acid metabolism
IK_PLSQMGZYOGSOCE-XINAWCOVSA-N,Dihydroneopterin phosphate,C1C(=NC2=C(N1)N=C(NC2=O)N)[C@@H]([C@@H](COP(=O)(O)O)O)O,C04895,PLSQMGZYOGSOCE-XINAWCOVSA-N,Organic compounds,Organoheterocyclic compounds,Pteridines and derivatives,Pterins and derivatives,Folate biosynthesis
IK_PNEJUHLZEPRMHF-UHFFFAOYSA-N,6-Hydroxypentadecanedioic acid,C(CCCCC(=O)O)CCCC(CCCCC(=O)O)O,C00157,PNEJUHLZEPRMHF-UHFFFAOYSA-N,Organic compounds,Lipids and lipid-like molecules,Fatty Acyls,Fatty acids and conjugates,Linoleic acid metabolism
IK_PNHLMHWWFOPQLK-BKUUWRAGSA-N,GDP-4-Dehydro-6-deoxy-D-mannose,C[C@@H]1C(=O)[C@@H]([C@@H]([C@H](O1)OP(=O)(O)OP(=O)(O)OC[C@@H]2[C@H]([C@H]([C@@H](O2)N3C=NC4=C3N=C(NC4=O)N)O)O)O)O,C01222,PNHLMHWWFOPQLK-BKUUWRAGSA-N,Organic compounds,"Nucleosides, nucleotides, and analogues",Purine nucleotides,Purine nucleotide sugars,Fructose and mannose metabolism
IK_POULHZVOKOAJMA-UHFFFAOYSA-N,lauric acid,CCCCCCCCCCCC(=O)O,C02679,POULHZVOKOAJMA-UHFFFAOYSA-N,Organic compounds,Lipids and lipid-like molecules,Fatty Acyls,Fatty acids and conjugates,Fatty acid biosynthesis
IK_PQSUYGKTWSAVDQ-ZVIOFETBSA-N,Aldosterone,C[C@]12CCC(=O)C=C1CC[C@@H]3[C@@H]2[C@H](C[C@]4([C@H]3CC[C@@H]4C(=O)CO)C=O)O,C01780,PQSUYGKTWSAVDQ-ZVIOFETBSA-N,Organic compounds,Lipids and lipid-like molecules,Steroids and steroid derivatives,Hydroxysteroids,Steroid hormone biosynthesis
IK_PTGGMPLMNDBPGB-CXISOLTFSA-N,N-methylsphingosine,CCCCCCCCCCCCC/C=C/[C@H]([C@H](CO)NC=O)O,C05841,PTGGMPLMNDBPGB-CXISOLTFSA-N,Organic compounds,Organic acids and derivatives,Carboxylic acids and derivatives,Carboxylic acid derivatives,Nicotinate and nicotinamide metabolism
IK_PWSKCIUNCJJBIX-RXDOKCLVSA-N,PG(5-iso PGF2VI/a-13:0),CCCCC[C@H](/C=C/[C@H]1[C@@H](C[C@@H]([C@H]1C/C=C\CC(=O)OC[C@H](COP(=O)(O)OC[C@H](CO)O)OC(=O)CCCCCCCCC(C)CC)O)O)O,C00157,PWSKCIUNCJJBIX-RXDOKCLVSA-N,Organic compounds,Lipids and lipid-like molecules,Fatty Acyls,Eicosanoids,Linoleic acid metabolism
IK_PXQPEWDEAKTCGB-UHFFFAOYSA-N,Orotic acid,C1=C(NC(=O)NC1=O)C(=O)O,C00295,PXQPEWDEAKTCGB-UHFFFAOYSA-N,Organic compounds,Organoheterocyclic compounds,Diazines,Pyrimidines and pyrimidine derivatives,Pyrimidine metabolism
IK_PXVMEXBCFJTGCL-RCHUDCCISA-N,N-Eicosapentaenoyl Phenylalanine,CC/C=C/C/C=C/C/C=C/C/C=C/C/C=C/CCCC(=O)NC(CC1=CC=CC=C1)C(=O)O,C00157,PXVMEXBCFJTGCL-RCHUDCCISA-N,Organic compounds,Organic acids and derivatives,Carboxylic acids and derivatives,"Amino acids, peptides, and analogues",Linoleic acid metabolism
IK_PYVRVRFVLRNJLY-MZMPXXGTSA-N,PE(18:1/0:0),CCCCCCCC/C=C\CCCCCCCC(=O)OC[C@H](COP(=O)(O)OCCN)O,C04230,PYVRVRFVLRNJLY-MZMPXXGTSA-N,Organic compounds,Lipids and lipid-like molecules,Glycerophospholipids,Glycerophosphoethanolamines,Glycerophospholipid metabolism
IK_PYZZIILDSAJNLZ-QZNPSGCDSA-N,Melibiitol,C([C@@H]1[C@@H]([C@@H]([C@H]([C@H](O1)O)O)O)O)OC[C@@H]([C@H]([C@@H]([C@@H](CO)O)O)O)O,C05399,PYZZIILDSAJNLZ-QZNPSGCDSA-N,Organic compounds,Lipids and lipid-like molecules,Fatty Acyls,Fatty acyl glycosides,Galactose metabolism
IK_PZHOVOCGVTXFSM-DOFZRALJSA-N,LPC 42:4,CC/C=C\C/C=C\C/C=C\C/C=C\CCCCCCCCCCCCCCCCCCCCCCCCCCCCC(=O)OCC(COP(=O)([O-])OCC[N+](C)(C)C)O,C04230,PZHOVOCGVTXFSM-DOFZRALJSA-N,Organic compounds,Lipids and lipid-like molecules,Glycerophospholipids,Glycerophosphocholines,Glycerophospholipid metabolism
IK_QAXHWUAAPKHMGA-UHFFFAOYSA-N,PI 36:4|PI 16:0_20:4,PI,C03824,QAXHWUAAPKHMGA-UHFFFAOYSA-N,Inorganic compounds,Homogeneous non-metal compounds,Other non-metal halides,,Tryptophan metabolism
IK_QCGTZPZKJPTAEP-REDYYMJGSA-N,2-Aminomuconic acid semialdehyde,C(=C\C=O)\C=C(/C(=O)O)\N,C03824,QCGTZPZKJPTAEP-REDYYMJGSA-N,Organic compounds,Organic acids and derivatives,Carboxylic acids and derivatives,"Amino acids, peptides, and analogues",Tryptophan metabolism
IK_QFDRTQONISXGJA-UHFFFAOYSA-N,1-Methyluric acid,CN1C(=O)C2=C(NC(=O)N2)NC1=O,C16359,QFDRTQONISXGJA-UHFFFAOYSA-N,Organic compounds,Organoheterocyclic compounds,Imidazopyrimidines,Purines and purine derivatives,Caffeine metabolism
IK_QGNYWQOMJSTUQZ-BQBZGAKWSA-N,Aspartylysine [-H2O],C(CCN)C[C@@H](C(=O)O)NC(=O)C[C@@H](C(=O)O)N,C00262,QGNYWQOMJSTUQZ-BQBZGAKWSA-N,Organic compounds,Organic acids and derivatives,Peptidomimetics,Hybrid peptides,Purine metabolism
IK_QHKABHOOEWYVLI-UHFFFAOYSA-N,Ketoisovaleric acid,CC(C)C(=O)C(=O)O,C00141,QHKABHOOEWYVLI-UHFFFAOYSA-N,Organic compounds,Organic acids and derivatives,Keto acids and derivatives,Short-chain keto acids and derivatives,"Valine, leucine and isoleucine biosynthesis"
IK_QHWZTVCCBMIIKE-SHYZEUOFSA-N,DUDP,C1[C@@H]([C@H](O[C@H]1N2C=CC(=O)NC2=O)COP(=O)(O)OP(=O)(O)O)O,C01346,QHWZTVCCBMIIKE-SHYZEUOFSA-N,Organic compounds,"Nucleosides, nucleotides, and analogues",Pyrimidine nucleotides,Pyrimidine deoxyribonucleotides,Pyrimidine metabolism
IK_QIJPWSGHURHDHJ-UHFFFAOYSA-N,2-n-Propylthiazolidine-4-carboxylic acid,CCCC1NC(CS1)C(=O)O,C00350,QIJPWSGHURHDHJ-UHFFFAOYSA-N,Organic compounds,Organic acids and derivatives,Carboxylic acids and derivatives,"Amino acids, peptides, and analogues",Glycerophospholipid metabolism
IK_QIQXTHQIDYTFRH-UHFFFAOYSA-N,Stearic acid,CCCCCCCCCCCCCCCCCC(=O)O,C01530,QIQXTHQIDYTFRH-UHFFFAOYSA-N,Organic compounds,Lipids and lipid-like molecules,Fatty Acyls,Fatty acids and conjugates,Biosynthesis of unsaturated fatty acids
IK_QIVBCDIJIAJPQS-VIFPVBQESA-N,Tryptophan,C1=CC=C2C(=C1)C(=CN2)C[C@@H](C(=O)O)N,C00078,QIVBCDIJIAJPQS-VIFPVBQESA-N,Organic compounds,Organoheterocyclic compounds,Indoles and derivatives,Indolyl carboxylic acids and derivatives,Tryptophan metabolism
IK_QKAITYIDZJJULL-UHFFFAOYSA-N,"2-[(5-bromopyridin-2-yl)amino]-4-methyl-N-propyl-1,3-thiazole-5-carboxamide",CCCNC(=O)C1=C(N=C(S1)NC2=NC=C(C=C2)Br)C,C00157,QKAITYIDZJJULL-UHFFFAOYSA-N,Organic compounds,Organoheterocyclic compounds,Azoles,Thiazoles,Linoleic acid metabolism
IK_QKNCKSQAXGWPIK-FOWTUZBSSA-N,Caffeoylcycloartenol,CC(CCC=C(C)C)C1CCC2(C1(CCC34C2CCC5C3(C4)CCC(C5(C)C)OC(=O)/C=C/C6=CC(=C(C=C6)O)O)C)C,C00157,QKNCKSQAXGWPIK-FOWTUZBSSA-N,Organic compounds,Lipids and lipid-like molecules,Steroids and steroid derivatives,Cycloartanols and derivatives,Linoleic acid metabolism
IK_QNAYBMKLOCPYGJ-REOHCLBHSA-N,L-Alanine,C[C@@H](C(=O)O)N,C00041,QNAYBMKLOCPYGJ-REOHCLBHSA-N,Organic compounds,Organic acids and derivatives,Carboxylic acids and derivatives,"Amino acids, peptides, and analogues","Alanine, aspartate and glutamate metabolism"
IK_QRMZSPFSDQBLIX-UHFFFAOYSA-N,Homovanillic acid,COC1=C(C=CC(=C1)CC(=O)O)O,C05582,QRMZSPFSDQBLIX-UHFFFAOYSA-N,Organic compounds,Benzenoids,Phenols,Methoxyphenols,Tyrosine metabolism
IK_QUNWUDVFRNGTCO-UHFFFAOYSA-N,para-xanthine,CN1C=NC2=C1C(=O)N(C(=O)N2)C,C13747,QUNWUDVFRNGTCO-UHFFFAOYSA-N,Organic compounds,Organoheterocyclic compounds,Imidazopyrimidines,Purines and purine derivatives,Caffeine metabolism
IK_QVHPTAJAHUONLV-DYKIIFRCSA-N,"5,16-Androstadien-3beta-ol",C[C@]12CC[C@H]3[C@H]([C@@H]1CC=C2)CC=C4[C@@]3(CC[C@@H](C4)O)C,C00350,QVHPTAJAHUONLV-DYKIIFRCSA-N,Organic compounds,Lipids and lipid-like molecules,Steroids and steroid derivatives,Androstane steroids,Glycerophospholipid metabolism
IK_QVMUHZHZYCDMAI-RYUDHWBXSA-N,Austdiol,CC1=CC2=C(C(=O)[C@]([C@H](C2=CO1)O)(C)O)C=O,C02356,QVMUHZHZYCDMAI-RYUDHWBXSA-N,Organic compounds,Organoheterocyclic compounds,Azaphilones,,Cysteine and methionine metabolism
IK_QVRLHIRFLRXFIW-MLDHBKOMSA-N,Vertilmicin,CCN[C@@H]1C[C@@H]([C@H]([C@@H]([C@H]1O[C@@H]2[C@@H]([C@H]([C@@](CO2)(C)O)NC)O)O)O[C@H]3[C@H](CC=C(O3)C(C)N)N)N,C00350,QVRLHIRFLRXFIW-MLDHBKOMSA-N,Organic compounds,Organic oxygen compounds,Organooxygen compounds,Carbohydrates and carbohydrate conjugates,Glycerophospholipid metabolism
IK_QVZHZVWYFNADIO-BATPLZQESA-N,3'-Ketolactose,C([C@@H]1[C@@H](C(=O)[C@H]([C@@H](O1)O[C@H]([C@@H](CO)O)[C@@H]([C@H](C=O)O)O)O)O)O,C02356,QVZHZVWYFNADIO-BATPLZQESA-N,,,,,Cysteine and methionine metabolism
IK_QWCKQJZIFLGMSD-VKHMYHEASA-N,L-2-Aminobutyric acid,CC[C@@H](C(=O)O)N,C02356,QWCKQJZIFLGMSD-VKHMYHEASA-N,Organic compounds,Organic acids and derivatives,Carboxylic acids and derivatives,"Amino acids, peptides, and analogues",Cysteine and methionine metabolism
IK_QWUWMCYKGHVNAV-UHFFFAOYSA-N,"1,2-Diphenylethane",C1=CC=C(C=C1)CCC2=CC=CC=C2,C05260,QWUWMCYKGHVNAV-UHFFFAOYSA-N,Organic compounds,Phenylpropanoids and polyketides,Stilbenes,,Fatty acid degradation
IK_QXGVRGZJILVMDF-UHFFFAOYSA-N,Tetracosanedioic acid,C(CCCCCCCCCCCC(=O)O)CCCCCCCCCCC(=O)O,C01290,QXGVRGZJILVMDF-UHFFFAOYSA-N,Organic compounds,Lipids and lipid-like molecules,Fatty Acyls,Fatty acids and conjugates,Sphingolipid metabolism
IK_QYIXCDOBOSTCEI-KKFSNPNRSA-N,Epi-coprostanol,C[C@H](CCCC(C)C)[C@H]1CC[C@@H]2[C@@]1(CC[C@H]3[C@H]2CC[C@H]4[C@@]3(CC[C@H](C4)O)C)C,C01290,QYIXCDOBOSTCEI-KKFSNPNRSA-N,Organic compounds,Lipids and lipid-like molecules,Steroids and steroid derivatives,Cholestane steroids,Sphingolipid metabolism
IK_QYTPGOPLNFESQC-NUTQULCTSA-N,PE(P-16:0/0:0),CCCCCCCCCCCCCC/C=C\OC[C@H](COP(=O)(O)OCCN)O,C01290,QYTPGOPLNFESQC-NUTQULCTSA-N,Organic compounds,Lipids and lipid-like molecules,Glycerophospholipids,Glycerophosphoethanolamines,Sphingolipid metabolism
IK_RAGZUCNPTLULOL-KQJPBSFVSA-N,3-Feruloylquinic acid,COC1=C(C=CC(=C1)/C=C/C(=O)O[C@@H]2C[C@](C[C@H]([C@@H]2O)O)(C(=O)O)O)O,C00157,RAGZUCNPTLULOL-KQJPBSFVSA-N,Organic compounds,Organic oxygen compounds,Organooxygen compounds,Alcohols and polyols,Linoleic acid metabolism
IK_RALVCBWUWHJOGL-OPMJLWCUSA-N,Myricatomentoside I,COC1=C2C=CC(=C1O[C@H]3[C@@H]([C@H]([C@@H]([C@H](O3)CO)O)O)O)CCCCC(=O)CCC4=CC(=C(C=C4)O)O2,C00157,RALVCBWUWHJOGL-OPMJLWCUSA-N,Organic compounds,"Lignans, neolignans and related compounds",Lignan glycosides,,Linoleic acid metabolism
IK_RBNPOMFGQQGHHO-UHFFFAOYSA-N,glyceric acid,C(C(C(=O)O)O)O,C00258,RBNPOMFGQQGHHO-UHFFFAOYSA-N,Organic compounds,Organic oxygen compounds,Organooxygen compounds,Carbohydrates and carbohydrate conjugates,"Glycine, serine and threonine metabolism"
IK_RCNSAJSGRJSBKK-NSQVQWHSSA-N,Biliverdin,CC\1=C(/C(=C/C2=C(C(=C(N2)/C=C\3/C(=C(C(=O)N3)C)C=C)C)CCC(=O)O)/N/C1=C\C4=NC(=O)C(=C4C)C=C)CCC(=O)O,C00500,RCNSAJSGRJSBKK-NSQVQWHSSA-N,Organic compounds,Organoheterocyclic compounds,Tetrapyrroles and derivatives,Bilirubins,Porphyrin metabolism
IK_RDQUQBHPMYFYMX-XIWVQZPPSA-N,Imidazoleacetic acid ribotide,C1=C(N=CN1C2[C@@H]([C@@H]([C@H](O2)COP(=O)(O)O)O)O)CC(=O)O,C00350,RDQUQBHPMYFYMX-XIWVQZPPSA-N,Organic compounds,Organic oxygen compounds,Organooxygen compounds,Carbohydrates and carbohydrate conjugates,Glycerophospholipid metabolism
IK_RDZNZFGKEVDNPK-UHFFFAOYSA-N,5-acetylamino-6-formylamino-3-methyluracil,CC(=O)NC1=C(NC(=O)N(C1=O)C)NC=O,C16365,RDZNZFGKEVDNPK-UHFFFAOYSA-N,Organic compounds,Organoheterocyclic compounds,Diazines,Pyrimidines and pyrimidine derivatives,Caffeine metabolism
IK_RFHSOKOVHMEMLA-JCMJOHBISA-N,TG 46:2,CCCCCCCCCCCC(=O)OC[C@H](COC(=O)CCCCCCC/C=C\CCCCCCC)OC(=O)CCCCCCC/C=C\CCCCCCC,C00157,RFHSOKOVHMEMLA-JCMJOHBISA-N,Organic compounds,Lipids and lipid-like molecules,Glycerolipids,Triradylcglycerols,Linoleic acid metabolism
IK_RFMMMVDNIPUKGG-YFKPBYRVSA-N,N-Acetyl-L-Glutamic Acid,CC(=O)N[C@@H](CCC(=O)O)C(=O)O,C00624,RFMMMVDNIPUKGG-YFKPBYRVSA-N,Organic compounds,Organic acids and derivatives,Carboxylic acids and derivatives,"Amino acids, peptides, and analogues",Arginine biosynthesis
IK_RFPQMVKZNQOUGY-KXYOHKLBSA-N,PE O-16:1_18:1,CCCCCCCC/C=C\CCCCCCCC(=O)OC(COCCCCCCCC/C=C\CCCCCC)COP(=O)(O)OCCN,C00157,RFPQMVKZNQOUGY-KXYOHKLBSA-N,Organic compounds,Lipids and lipid-like molecules,Glycerophospholipids,Glycerophosphoethanolamines,Linoleic acid metabolism
IK_RGHMISIYKIHAJW-SSDOTTSWSA-N,Isovanillymandelic acid,C1=CC(=C(C=C1[C@H](C(=O)O)O)O)O,C05580,RGHMISIYKIHAJW-SSDOTTSWSA-N,Organic compounds,Benzenoids,Phenols,Benzenediols,Tyrosine metabolism
IK_RGHNJXZEOKUKBD-SQOUGZDYSA-N,gluconic acid,OCC(O)C(O)C(O)C(O)C(O)=O,C00198,RGHNJXZEOKUKBD-SQOUGZDYSA-N,Organic compounds,Organic oxygen compounds,Organooxygen compounds,Carbohydrates and carbohydrate conjugates,Pentose phosphate pathway
IK_RHGKLRLOHDJJDR-BYPYZUCNSA-N,Citrulline,C(C[C@@H](C(=O)O)N)CNC(=O)N,C00327,RHGKLRLOHDJJDR-BYPYZUCNSA-N,Organic compounds,Organic acids and derivatives,Carboxylic acids and derivatives,"Amino acids, peptides, and analogues",Arginine biosynthesis
IK_RJMIEHBSYVWVIN-UHFFFAOYSA-N,Indoprofen,CC(C1=CC=C(C=C1)N2CC3=CC=CC=C3C2=O)C(=O)O,C00429,RJMIEHBSYVWVIN-UHFFFAOYSA-N,Organic compounds,Phenylpropanoids and polyketides,Phenylpropanoic acids,,Pantothenate and CoA biosynthesis
IK_RJYQLMILDVERHH-UHFFFAOYSA-N,4-Ipomeanol,CC(CCC(=O)C1=COC=C1)O,C04230,RJYQLMILDVERHH-UHFFFAOYSA-N,Organic compounds,Organic oxygen compounds,Organooxygen compounds,Carbonyl compounds,Glycerophospholipid metabolism
IK_ROHFNLRQFUQHCH-UHFFFAOYNA-N,Leucine,CC(C)C[C@@H](C(=O)O)N,C00123,ROHFNLRQFUQHCH-UHFFFAOYNA-N,Organic compounds,Organic acids and derivatives,Carboxylic acids and derivatives,"Amino acids, peptides, and analogues","Valine, leucine and isoleucine biosynthesis"
IK_ROHFNLRQFUQHCH-YFKPBYRVSA-N,L-leucine,CC(C)C[C@@H](C(=O)O)N,C00123,ROHFNLRQFUQHCH-YFKPBYRVSA-N,Organic compounds,Organic acids and derivatives,Carboxylic acids and derivatives,"Amino acids, peptides, and analogues","Valine, leucine and isoleucine biosynthesis"
IK_RRKQXBKNDQFCNC-MTGPGUOHSA-N,"1-alpha-methyl-5-alpha-androstan-3-alpha,17-beta-diol glucuronide",C[C@H]1C[C@H](C[C@H]2[C@]1([C@H]3CC[C@]4([C@H]([C@@H]3CC2)CCC4=O)C)C)O[C@H]5[C@@H]([C@H]([C@@H]([C@H](O5)C(=O)O)O)O)O,C00157,RRKQXBKNDQFCNC-MTGPGUOHSA-N,Organic compounds,Lipids and lipid-like molecules,Steroids and steroid derivatives,Steroidal glycosides,Linoleic acid metabolism
IK_RRTPYUGIBQLEDN-FPLPWBNLSA-N,LPE O-16:1,CCCCCC/C=C\CCCCCCCCOCC(COP(=O)(O)OCCN)O,C02165,RRTPYUGIBQLEDN-FPLPWBNLSA-N,Organic compounds,Lipids and lipid-like molecules,Glycerophospholipids,Glycerophosphoethanolamines,Arachidonic acid metabolism
IK_RRTYEHFGQWNQKK-KIQAWMAPSA-N,12-Keto-tetrahydro-leukotriene B4,CCCCCCCCC(=O)CC/C=C/C=C\[C@H](CCCC(=O)O)O,C00157,RRTYEHFGQWNQKK-KIQAWMAPSA-N,Organic compounds,Lipids and lipid-like molecules,Fatty Acyls,Eicosanoids,Linoleic acid metabolism
IK_RSRDWHPVTMQUGZ-OZIWPBGVSA-N,Pregnan-20-one,CC(=O)[C@H]1CC[C@@H]2[C@@]1(CC[C@H]3[C@H]2CCC4[C@@]3(CCCC4)C)C,C05480,RSRDWHPVTMQUGZ-OZIWPBGVSA-N,Organic compounds,Lipids and lipid-like molecules,Steroids and steroid derivatives,Pregnane steroids,Steroid hormone biosynthesis
IK_RUDATBOHQWOJDD-BSWAIDMHSA-N,Chenodeoxycholic Acid,C[C@H](CCC(=O)O)[C@H]1CC[C@@H]2[C@@]1(CC[C@H]3[C@H]2[C@@H](C[C@H]4[C@@]3(CC[C@H](C4)O)C)O)C,C02528,RUDATBOHQWOJDD-BSWAIDMHSA-N,Organic compounds,Lipids and lipid-like molecules,Steroids and steroid derivatives,"Bile acids, alcohols and derivatives",Primary bile acid biosynthesis
IK_RWRDLPDLKQPQOW-UHFFFAOYSA-N,Pyrrolidine,C1CCNC1,C00148,RWRDLPDLKQPQOW-UHFFFAOYSA-N,Organic compounds,Organoheterocyclic compounds,Pyrrolidines,,Arginine and proline metabolism
IK_RWVIMCIPOAXUDG-UHFFFAOYSA-N,"6,7-Dinitro-1,4-dihydroquinoxaline-2,3-dione",C1=C2C(=CC(=C1[N+](=O)[O-])[N+](=O)[O-])NC(=O)C(=O)N2,C00350,RWVIMCIPOAXUDG-UHFFFAOYSA-N,Organic compounds,Organoheterocyclic compounds,Diazanaphthalenes,Benzodiazines,Glycerophospholipid metabolism
IK_RXFPYNAVFFDUJE-UHFFFAOYSA-N,3-hydroxychlorpropamide,CCCNC(=O)NS(=O)(=O)C1=CC(=C(C=C1)Cl)O,C00350,RXFPYNAVFFDUJE-UHFFFAOYSA-N,Organic compounds,Benzenoids,Benzene and substituted derivatives,Benzenesulfonamides,Glycerophospholipid metabolism
IK_SAAVELCIPHKGJE-UHFFFAOYSA-N,"12-[Methyl-(4-nitro-2,1,3-benzoxadiazol-7-yl)amino]octadecanoic acid",CCCCCCC(CCCCCCCCCCC(=O)O)N(C)C1=CC=C(C2=NON=C12)[N+](=O)[O-],C04230,SAAVELCIPHKGJE-UHFFFAOYSA-N,Organic compounds,Lipids and lipid-like molecules,Fatty Acyls,Fatty acids and conjugates,Glycerophospholipid metabolism
IK_SATGKQGFUDXGAX-MYWFJNCASA-N,7alpha-Hydroxy-3-oxo-4-cholestenoate,C[C@H](CCCC(C)C(=O)O)[C@H]1CC[C@@H]2[C@@]1(CC[C@H]3[C@H]2[C@@H](CC4=CC(=O)CC[C@]34C)O)C,C17337,SATGKQGFUDXGAX-MYWFJNCASA-N,Organic compounds,Lipids and lipid-like molecules,Steroids and steroid derivatives,"Bile acids, alcohols and derivatives",Primary bile acid biosynthesis
IK_SBJCUZQNHOLYMD-UHFFFAOYSA-N,"1,5-Naphthalene diisocyanate",C1=CC2=C(C=CC=C2N=C=O)C(=C1)N=C=O,C05768,SBJCUZQNHOLYMD-UHFFFAOYSA-N,Organic compounds,Benzenoids,Naphthalenes,,Porphyrin metabolism
IK_SEOVTRFCIGRIMH-UHFFFAOYSA-N,Indole-3-acetic acid,C1=CC=C2C(=C1)C(=CN2)CC(=O)O,C00954,SEOVTRFCIGRIMH-UHFFFAOYSA-N,Organic compounds,Organoheterocyclic compounds,Indoles and derivatives,Indolyl carboxylic acids and derivatives,Tryptophan metabolism
IK_SGLDLWSTFXXDDD-LFSNXOCVSA-N,"PA(14:0/18:1(12Z)-O(9S,10R))",CCCCCCCCCCCCCC(=O)OC[C@H](COP(=O)(O)O)OC(=O)CCCCCCCC1C(O1)C/C=C\CCCCC,C05578,SGLDLWSTFXXDDD-LFSNXOCVSA-N,Organic compounds,Lipids and lipid-like molecules,Glycerophospholipids,Glycerophosphates,Tyrosine metabolism
IK_SGTFNLMVIRZWTA-LFCBYZEKSA-N,28-Hydroxywithanolide E,CC1=C(C[C@@H](OC1=O)[C@@](C)([C@@]2(CC[C@@]3([C@@]2(CC[C@H]4[C@H]3C[C@@H]5[C@]6([C@@]4(C(=O)C=CC6)C)O5)C)O)O)O)CO,C00777,SGTFNLMVIRZWTA-LFCBYZEKSA-N,,,,,Retinol metabolism
IK_SHZGCJCMOBCMKK-DHVFOXMCSA-N,fucose,C[C@H]1[C@H]([C@H]([C@@H](C(O1)O)O)O)O,C00325,SHZGCJCMOBCMKK-DHVFOXMCSA-N,Organic compounds,Organic oxygen compounds,Organooxygen compounds,Carbohydrates and carbohydrate conjugates,Amino sugar and nucleotide sugar metabolism
IK_SNICXCGAKADSCV-JTQLQIEISA-N,pyridoxal 5-phosphate,CN1CCC[C@H]1C2=CN=CC=C2,C00018,SNICXCGAKADSCV-JTQLQIEISA-N,Organic compounds,Organoheterocyclic compounds,Pyridines and derivatives,Pyrrolidinylpyridines,Vitamin B6 metabolism
IK_SOLWMULEXULIEQ-OUQHJZBVSA-N,"PS(20:0/18:1(12Z)-2OH(9,10))",CCCCCCCCCCCCCCCCCCCC(=O)OC[C@H](COP(=O)(O)OC[C@@H](C(=O)O)N)OC(=O)CCCCCCC[C@@H]([C@H](C/C=C\CCCCC)O)O,C04230,SOLWMULEXULIEQ-OUQHJZBVSA-N,Organic compounds,Lipids and lipid-like molecules,Glycerophospholipids,Glycerophosphoserines,Glycerophospholipid metabolism
IK_SPJAGILXQBHHSZ-UHFFFAOYSA-N,5-Benzylacyclouridine,C1=CC=C(C=C1)CC2=CN(C(=O)NC2=O)COCCO,C04230,SPJAGILXQBHHSZ-UHFFFAOYSA-N,Organic compounds,Organoheterocyclic compounds,Diazines,Pyrimidines and pyrimidine derivatives,Glycerophospholipid metabolism
IK_SPURMHFLEKVAAS-UHFFFAOYSA-N,Docosene,CCCCCCCCCCCCCCCCCCCCC=C,C00157,SPURMHFLEKVAAS-UHFFFAOYSA-N,Organic compounds,Hydrocarbons,Unsaturated hydrocarbons,Unsaturated aliphatic hydrocarbons,Linoleic acid metabolism
IK_SRMRDCIUBMNQNC-MUUNZHRXSA-O,PC(22:6),CC=CCC=CCC=CCC(=O)OC[C@H](COP(=O)(O)OCC[N+](C)(C)C)OC(=O)CC=CCC=CCC=CC,C04230,SRMRDCIUBMNQNC-MUUNZHRXSA-O,Organic compounds,Lipids and lipid-like molecules,Glycerophospholipids,Glycerophosphocholines,Glycerophospholipid metabolism
IK_SRRQPVVYXBTRQK-UHFFFAOYSA-N,LPC 17:0,CCCCCCCCCCCCCCCCC(=O)OCC(COP(=O)([O-])OCC[N+](C)(C)C)O,C04230,SRRQPVVYXBTRQK-UHFFFAOYSA-N,Organic compounds,Lipids and lipid-like molecules,Glycerophospholipids,Glycerophosphocholines,Glycerophospholipid metabolism
IK_SRRQPVVYXBTRQK-XMMPIXPASA-N,PC(17:0/0:0),CCCCCCCCCCCCCCCCC(=O)OC[C@H](COP(=O)([O-])OCC[N+](C)(C)C)O,C05140,SRRQPVVYXBTRQK-XMMPIXPASA-N,Organic compounds,Lipids and lipid-like molecules,Glycerophospholipids,Glycerophosphocholines,Steroid hormone biosynthesis
IK_SUHOQUVVVLNYQR-UHFFFAOYSA-N,Glycerophosphocholine,C[N+](C)(C)CCOP(=O)([O-])OCC(CO)O,C00670,SUHOQUVVVLNYQR-UHFFFAOYSA-N,Organic compounds,Lipids and lipid-like molecules,Glycerophospholipids,Glycerophosphocholines,Glycerophospholipid metabolism
IK_SUWZHLCNFQWNPE-LATRNWQMSA-N,Ethylhydrocupreine,CC[C@H]1CN2CC[C@H]1C[C@H]2[C@@H](C3=C4C=C(C=CC4=NC=C3)OCC)O,C00157,SUWZHLCNFQWNPE-LATRNWQMSA-N,Organic compounds,Alkaloids and derivatives,Cinchona alkaloids,,Linoleic acid metabolism
IK_SWINWPBPEKHUOD-JPVZDGGYSA-N,2-hydroxyestrone (2-OH-E1),C[C@]12CC[C@H]3[C@H]([C@@H]1CCC2=O)CCC4=CC(=C(C=C34)O)O,C05298,SWINWPBPEKHUOD-JPVZDGGYSA-N,Organic compounds,Lipids and lipid-like molecules,Steroids and steroid derivatives,Estrane steroids,Steroid hormone biosynthesis
IK_SXHQUGJSTGOXMD-UHFFFAOYSA-N,6-Thiourate,C12=C(NC(=O)N1)NC(=O)NC2=S,C16613,SXHQUGJSTGOXMD-UHFFFAOYSA-N,Organic compounds,Organoheterocyclic compounds,Imidazopyrimidines,Purines and purine derivatives,Drug metabolism - other enzymes
IK_SXKNCCSPZDCRFD-UHFFFAOYSA-N,Betaine aldehyde,C[N+](C)(C)CC=O,C00576,SXKNCCSPZDCRFD-UHFFFAOYSA-N,Organic compounds,Organic nitrogen compounds,Organonitrogen compounds,Quaternary ammonium salts,"Glycine, serine and threonine metabolism"
IK_TUNFSRHWOTWDNC-UHFFFAOYSA-N,Myristic acid,CCCCCCCCCCCCCC(=O)O,C06424,TUNFSRHWOTWDNC-UHFFFAOYSA-N,Organic compounds,Lipids and lipid-like molecules,Fatty Acyls,Fatty acids and conjugates,Fatty acid biosynthesis
IK_TYEYBOSBBBHJIV-UHFFFAOYSA-N,2-Ketobutyric acid,CCC(=O)C(=O)O,C00109,TYEYBOSBBBHJIV-UHFFFAOYSA-N,Organic compounds,Organic acids and derivatives,Keto acids and derivatives,Short-chain keto acids and derivatives,"Valine, leucine and isoleucine biosynthesis"
IK_UARKDOLETOEBCU-UHFFFAOYSA-N,"1,9-Dimethyluric acid",CN1C2=C(C(=O)N(C(=O)N2)C)NC1=O,C04230,UARKDOLETOEBCU-UHFFFAOYSA-N,Organic compounds,Organoheterocyclic compounds,Imidazopyrimidines,Purines and purine derivatives,Glycerophospholipid metabolism
IK_UCMIRNVEIXFBKS-UHFFFAOYSA-N,Beta-alanine,C(CN)C(=O)O,C00099,UCMIRNVEIXFBKS-UHFFFAOYSA-N,Organic compounds,Organic acids and derivatives,Carboxylic acids and derivatives,"Amino acids, peptides, and analogues",Pantothenate and CoA biosynthesis
IK_UCUNFLYVYCGDHP-BYPYZUCNSA-N,methionine sulfone,CS(=O)(=O)CC[C@@H](C(=O)O)N,C00350,UCUNFLYVYCGDHP-BYPYZUCNSA-N,Organic compounds,Organic acids and derivatives,Carboxylic acids and derivatives,"Amino acids, peptides, and analogues",Glycerophospholipid metabolism
IK_UCYPOAPUDLUXQX-VXOKBQSKSA-N,"MG(22:2(13Z,16Z)/0:0/0:0)",CCCCC/C=C\C/C=C\CCCCCCCCCCCC(=O)OC[C@H](CO)O,C00350,UCYPOAPUDLUXQX-VXOKBQSKSA-N,Organic compounds,Lipids and lipid-like molecules,Glycerolipids,Monoradylglycerols,Glycerophospholipid metabolism
IK_UDMBCSSLTHHNCD-KQYNXXCUSA-N,Adenosine 5'-Monophosphate,C1=NC(=C2C(=N1)N(C=N2)[C@H]3[C@@H]([C@@H]([C@H](O3)COP(=O)(O)O)O)O)N,C00020,UDMBCSSLTHHNCD-KQYNXXCUSA-N,Organic compounds,"Nucleosides, nucleotides, and analogues",Purine nucleotides,Purine ribonucleotides,Purine metabolism
IK_UFBJCMHMOXMLKC-UHFFFAOYSA-N,"2,4-Dinitrophenol",C1=CC(=C(C=C1[N+](=O)[O-])[N+](=O)[O-])O,C05379,UFBJCMHMOXMLKC-UHFFFAOYSA-N,Organic compounds,Benzenoids,Phenols,Nitrophenols,Citrate cycle (TCA cycle)
IK_UFSCUAXLTRFIDC-UHFFFAOYSA-N,"Oxalosuccinate2,3",C(C(C(=O)C(=O)O)C(=O)O)C(=O)O,C05379,UFSCUAXLTRFIDC-UHFFFAOYSA-N,Organic compounds,Organic acids and derivatives,Carboxylic acids and derivatives,Tricarboxylic acids and derivatives,Citrate cycle (TCA cycle)
IK_UGQMRVRMYYASKQ-UHTZMRCNSA-N,Arabinosylhypoxanthine,C1=NC2=C(C(=O)N1)N=CN2[C@H]3[C@H]([C@@H]([C@H](O3)CO)O)O,C00550,UGQMRVRMYYASKQ-UHTZMRCNSA-N,Organic compounds,"Nucleosides, nucleotides, and analogues",Purine nucleosides,,Sphingolipid metabolism
IK_UHDGCWIWMRVCDJ-XVFCMESISA-N,melatonin,C1=CN(C(=O)N=C1N)[C@H]2[C@@H]([C@@H]([C@H](O2)CO)O)O,C01598,UHDGCWIWMRVCDJ-XVFCMESISA-N,Organic compounds,"Nucleosides, nucleotides, and analogues",Pyrimidine nucleosides,,Tryptophan metabolism
IK_UHWVSEOVJBQKBE-UHFFFAOYSA-N,TRIMETAZIDINE,COC1=C(C(=C(C=C1)CN2CCNCC2)OC)OC,C00232,UHWVSEOVJBQKBE-UHFFFAOYSA-N,Organic compounds,Benzenoids,Benzene and substituted derivatives,Phenylmethylamines,"Alanine, aspartate and glutamate metabolism"
IK_UIPSRRAMIULCRE-OZKVUCNRSA-N,"PG(22:5(7Z,10Z,13Z,16Z,19Z)/22:5(4Z,7Z,10Z,13Z,19Z)-O(16,17))",CC/C=C\C/C=C\C/C=C\C/C=C\C/C=C\CCCCCC(=O)OC[C@H](COP(=O)(O)OC[C@H](CO)O)OC(=O)CC/C=C\C/C=C\C/C=C\C/C=C\CC1C(O1)C/C=C\CC,C00232,UIPSRRAMIULCRE-OZKVUCNRSA-N,Organic compounds,Lipids and lipid-like molecules,Glycerophospholipids,Glycerophosphoglycerols,"Alanine, aspartate and glutamate metabolism"
IK_UIUJIQZEACWQSV-UHFFFAOYSA-N,Succinic acid semialdehyde,C(CC(=O)O)C=O,C00232,UIUJIQZEACWQSV-UHFFFAOYSA-N,Organic compounds,Lipids and lipid-like molecules,Fatty Acyls,Fatty acids and conjugates,"Alanine, aspartate and glutamate metabolism"
IK_UQZHJQWIISKTJN-QUBZPPHQSA-N,Sulfosuccinimidyl 6-(biotinamido)hexanoate,C1[C@@H]2[C@@H]([C@H](S1)CCCCC(=O)NCCCCCC(=O)ON3C(=O)CC(C3=O)S(=O)(=O)O)NC(=O)N2,C00350,UQZHJQWIISKTJN-QUBZPPHQSA-N,Organic compounds,Organoheterocyclic compounds,Biotin and derivatives,,Glycerophospholipid metabolism
IK_URGVIWXYPWWBQO-UWEYSURVSA-N,LysoPE(P-18:1(9Z)/0:0),CCCCCCCC/C=C\CCCCCC/C=C\OC[C@H](COP(=O)(O)OCCN)O,C00350,URGVIWXYPWWBQO-UWEYSURVSA-N,Organic compounds,Lipids and lipid-like molecules,Glycerophospholipids,Glycerophosphoethanolamines,Glycerophospholipid metabolism
IK_URPXXNCTXCOATD-FXMFQVEGSA-N,PE(P-18:0/20:4),CCCCCCCCCCCCCCCC/C=C\OC[C@H](COP(=O)(O)OCCN)OC(=O)CCC/C=C\C/C=C\C/C=C\C/C=C\CCCCC,C01301,URPXXNCTXCOATD-FXMFQVEGSA-N,Organic compounds,Lipids and lipid-like molecules,Glycerophospholipids,Glycerophosphoethanolamines,Primary bile acid biosynthesis
IK_URVGHNOQCRQJTD-MELXFHLESA-N,"2,3-Dinor-TXB1",CCCCC[C@@H](/C=C/[C@H]1CC(C[C@@H]([C@@H]1CCCCC(=O)O)O)O)O,C01301,URVGHNOQCRQJTD-MELXFHLESA-N,Organic compounds,Lipids and lipid-like molecules,Fatty Acyls,Fatty acids and conjugates,Primary bile acid biosynthesis
IK_USFJGINJGUIFSY-XZULNKEGSA-N,"3a,7a,12a-Trihydroxy-5b-cholestan-26-al",C[C@H](CCCC(C)C=O)[C@H]1CC[C@@H]2[C@@]1([C@H](C[C@H]3[C@H]2[C@@H](C[C@H]4[C@@]3(CC[C@H](C4)O)C)O)O)C,C01301,USFJGINJGUIFSY-XZULNKEGSA-N,Organic compounds,Lipids and lipid-like molecules,Steroids and steroid derivatives,"Bile acids, alcohols and derivatives",Primary bile acid biosynthesis
IK_UYUXSRADSPPKRZ-SKNVOMKLSA-N,D-Glucuronolactone,C(=O)[C@@H]([C@@H]1[C@@H]([C@@H](C(=O)O1)O)O)O,C02670,UYUXSRADSPPKRZ-SKNVOMKLSA-N,Organic compounds,Organoheterocyclic compounds,Lactones,Gamma butyrolactones,Ascorbate and aldarate metabolism
IK_UYZBRJHRPDMUHS-UHFFFAOYSA-N,Alpha-Carboxy-delta-decalactone,CCCCCC1CCC(C(=O)O1)C(=O)O,C02946,UYZBRJHRPDMUHS-UHFFFAOYSA-N,Organic compounds,Organoheterocyclic compounds,Lactones,Delta valerolactones,Arginine and proline metabolism
IK_UZTFMUBKZQVKLK-UHFFFAOYSA-M,4-Acetamidobutanoate,CC(=O)NCCCC(=O)[O-],C02946,UZTFMUBKZQVKLK-UHFFFAOYSA-M,Organic compounds,Organic acids and derivatives,Carboxylic acids and derivatives,"Amino acids, peptides, and analogues",Arginine and proline metabolism
IK_VCWMRQDBPZKXKG-ZNVDUFQESA-N,Galactinol,C([C@@H]1[C@@H]([C@@H]([C@H]([C@H](O1)OC2[C@H]([C@H](C([C@H]([C@@H]2O)O)O)O)O)O)O)O)O,C01235,VCWMRQDBPZKXKG-ZNVDUFQESA-N,Organic compounds,Organic oxygen compounds,Organooxygen compounds,Carbohydrates and carbohydrate conjugates,Galactose metabolism
IK_VDYDCVUWILIYQF-CSMHCCOUSA-N,S-Lactoylglutathione,C[C@H](C(=O)SC[C@@H](C(=O)NCC(=O)O)NC(=O)CC[C@@H](C(=O)O)N)O,C03451,VDYDCVUWILIYQF-CSMHCCOUSA-N,Organic compounds,Organic acids and derivatives,Carboxylic acids and derivatives,"Amino acids, peptides, and analogues",Pyruvate metabolism
IK_VFLYULAVOFVIAM-RRDRPCBCSA-N,"1-(4-O-beta-D-glucopyranosyl-3-methoxyphenyl)-3,5-dihydroxydecane",CCCCCC(C)CC(C)CCC1=CC(=C(C=C1)O[C@H]2[C@@H]([C@H]([C@@H]([C@H](O2)CO)O)O)O)OC,C00092,VFLYULAVOFVIAM-RRDRPCBCSA-N,Organic compounds,Organic oxygen compounds,Organooxygen compounds,Carbohydrates and carbohydrate conjugates,Starch and sucrose metabolism
IK_VGSSUFQMXBFFTM-METNKUIYSA-N,"(3beta,5alpha,6beta,24R)-Stigmastane-3,5,6-triol",CC[C@H](CC[C@@H](C)[C@H]1CC[C@@H]2[C@@]1(CC[C@H]3[C@H]2C[C@H]([C@@]4([C@@]3(CC[C@@H](C4)O)C)O)O)C)C(C)C,C00157,VGSSUFQMXBFFTM-METNKUIYSA-N,Organic compounds,Lipids and lipid-like molecules,Steroids and steroid derivatives,Stigmastanes and derivatives,Linoleic acid metabolism
IK_VHMKGBYCXDBNFU-CVWCHQOZSA-N,4'-Methoxymucidin,C/C(=C\C=C/C1=CC=C(C=C1)OC)/C(=C/OC)/C(=O)OC,C00157,VHMKGBYCXDBNFU-CVWCHQOZSA-N,Organic compounds,Benzenoids,Phenol ethers,Anisoles,Linoleic acid metabolism
IK_VHRUMKCAEVRUBK-WKELIDJCSA-N,PA(2:0/PGJ2),CCCCC/C=C\C=C\1/[C@H](C=CC1=O)C/C=C\CCCC(=O)O,C00350,VHRUMKCAEVRUBK-WKELIDJCSA-N,Organic compounds,Lipids and lipid-like molecules,Fatty Acyls,Eicosanoids,Glycerophospholipid metabolism
IK_VIHYIVKEECZGOU-UHFFFAOYSA-N,1-Acetylimidazole,CC(=O)N1C=CN=C1,C00157,VIHYIVKEECZGOU-UHFFFAOYSA-N,Organic compounds,Organoheterocyclic compounds,Azoles,Imidazoles,Linoleic acid metabolism
IK_VISUXPRSUNICAX-VYEFPUSRSA-N,PC P-40:1 or PC O-40:2,CCCCCCCCCCCCOCC(COP(=O)([O-])OCC[N+](C)(C)C)OC(=O)CCCCCCCCCCCCCCC/C=C\C/C=C\CCCCCCC,C00350,VISUXPRSUNICAX-VYEFPUSRSA-N,Organic compounds,Lipids and lipid-like molecules,Glycerophospholipids,Glycerophosphocholines,Glycerophospholipid metabolism
IK_VJNPDLZENXBRLB-MQEDXBOASA-N,PC ae C38:5,CCCCCCCC/C=C\CCCCCCCCOC[C@H](COP(=O)([O-])OCC[N+](C)(C)C)OC(=O)CCC/C=C\C/C=C\C/C=C\C/C=C\CCCCC,C05276,VJNPDLZENXBRLB-MQEDXBOASA-N,Organic compounds,Lipids and lipid-like molecules,Glycerophospholipids,Glycerophosphocholines,Fatty acid degradation
IK_VKOBVWXKNCXXDE-UHFFFAOYSA-N,arachidic acid,CCCCCCCCCCCCCCCCCCCC(=O)O,C06425,VKOBVWXKNCXXDE-UHFFFAOYSA-N,Organic compounds,Lipids and lipid-like molecules,Fatty Acyls,Fatty acids and conjugates,Biosynthesis of unsaturated fatty acids
IK_VOBYAKCXGQQFLR-LSJOCFKGSA-N,Ile Gly Val,CC[C@H](C)[C@@H](C(=O)NCC(=O)N[C@@H](C(C)C)C(=O)O)N,C01290,VOBYAKCXGQQFLR-LSJOCFKGSA-N,Organic compounds,Organic acids and derivatives,Carboxylic acids and derivatives,"Amino acids, peptides, and analogues",Sphingolipid metabolism
IK_VOXZDWNPVJITMN-ZBRFXRBCSA-N,estradiol (E2),C[C@]12CC[C@H]3[C@H]([C@@H]1CC[C@@H]2O)CCC4=C3C=CC(=C4)O,C00951,VOXZDWNPVJITMN-ZBRFXRBCSA-N,Organic compounds,Lipids and lipid-like molecules,Steroids and steroid derivatives,Estrane steroids,Steroid hormone biosynthesis
IK_VSTZVCJQGSLNLL-UHFFFAOYSA-N,2-aminophenol sulphate,C1=CC=C(C(=C1)N)OS(=O)(=O)O,C00385,VSTZVCJQGSLNLL-UHFFFAOYSA-N,Organic compounds,Organic acids and derivatives,Organic sulfuric acids and derivatives,Arylsulfates,Purine metabolism
IK_VTXNIAJKDLEHGX-UHFFFAOYSA-N,2-Hydroxyfelbamate,C1=CC=C(C=C1)C(COC(=O)N)(COC(=O)N)O,C16582,VTXNIAJKDLEHGX-UHFFFAOYSA-N,Organic compounds,Lipids and lipid-like molecules,Glycerolipids,,Drug metabolism - cytochrome P450
IK_VUALREFPJJODHZ-JTCHKQLLSA-N,Chitobiose,C([C@@H]1[C@H]([C@@H]([C@H]([C@@H](O1)O[C@H]([C@@H](CO)O)[C@@H]([C@H](C=O)N)O)N)O)O)O,C01674,VUALREFPJJODHZ-JTCHKQLLSA-N,Organic compounds,Organic oxygen compounds,Organooxygen compounds,Carbohydrates and carbohydrate conjugates,Amino sugar and nucleotide sugar metabolism
IK_VWWQXMAJTJZDQX-UYBVJOGSSA-N,FAD,CC1=CC2=C(C=C1C)N(C3=NC(=O)NC(=O)C3=N2)C[C@@H]([C@@H]([C@@H](COP(=O)(O)OP(=O)(O)OC[C@@H]4[C@H]([C@H]([C@@H](O4)N5C=NC6=C(N=CN=C65)N)O)O)O)O)O,C00016,VWWQXMAJTJZDQX-UYBVJOGSSA-N,Organic compounds,"Nucleosides, nucleotides, and analogues",Flavin nucleotides,,Riboflavin metabolism
IK_VWYVABSAUVXYNS-UHFFFAOYSA-N,N-Stearoyl Lysine,CCCCCCCCCCCCCCCCCC(=O)NC(CCCCN)C(=O)O,C04230,VWYVABSAUVXYNS-UHFFFAOYSA-N,Organic compounds,Organic acids and derivatives,Carboxylic acids and derivatives,"Amino acids, peptides, and analogues",Glycerophospholipid metabolism
IK_VYFYYTLLBUKUHU-UHFFFAOYSA-N,Dopamine,C1=CC(=C(C=C1CCN)O)O,C03758,VYFYYTLLBUKUHU-UHFFFAOYSA-N,Organic compounds,Benzenoids,Phenols,Benzenediols,Tyrosine metabolism
IK_VYZAGTDAHUIRQA-WHFBIAKZSA-N,Ala-Glu,C[C@@H](C(=O)N[C@@H](CCC(=O)O)C(=O)O)N,C00157,VYZAGTDAHUIRQA-WHFBIAKZSA-N,Organic compounds,Organic acids and derivatives,Carboxylic acids and derivatives,"Amino acids, peptides, and analogues",Linoleic acid metabolism
IK_VZJHQHUOVIDRCF-UHFFFAOYSA-N,3-Isolongifolol,CC1(CCCC2(C3C1C(C2CO)CC3)C)C,C00157,VZJHQHUOVIDRCF-UHFFFAOYSA-N,Organic compounds,Lipids and lipid-like molecules,Prenol lipids,Sesquiterpenoids,Linoleic acid metabolism
IK_WAAPEIZFCHNLKK-PELKAZGASA-N,"(2R,4S)-2-Aminoformyl-6-fluoro-spiro[chroman-4,4'-imidazolidine]-2',5'-dione",C1[C@@H](OC2=C([C@]13C(=O)NC(=O)N3)C=C(C=C2)F)C(=O)N,C00157,WAAPEIZFCHNLKK-PELKAZGASA-N,Organic compounds,Organoheterocyclic compounds,Azolidines,Imidazolidines,Linoleic acid metabolism
IK_WBBQTNCISCKUMU-IUQGRGSQSA-N,"13,16,19-Docosatrienoic acid",CC/C=C/C/C=C/C/C=C/CCCCCCCCCCCC(=O)O,C04230,WBBQTNCISCKUMU-IUQGRGSQSA-N,Organic compounds,Lipids and lipid-like molecules,Fatty Acyls,Fatty acids and conjugates,Glycerophospholipid metabolism
IK_WBIICVGYYRRURR-UHFFFAOYSA-N,"3-(Aminomethyl)-2,5,9-trimethyl-7H-furo[3,2-g]chromen-7-one",CC1=CC(=O)OC2=C(C3=C(C=C12)C(=C(O3)C)CN)C,C01190,WBIICVGYYRRURR-UHFFFAOYSA-N,,,,,Sphingolipid metabolism
IK_WBIQQQGBSDOWNP-UHFFFAOYSA-N,2-Dodecylbenzenesulfonic acid,CCCCCCCCCCCCC1=CC=CC=C1S(=O)(=O)O,C04230,WBIQQQGBSDOWNP-UHFFFAOYSA-N,Organic compounds,Benzenoids,Benzene and substituted derivatives,Benzenesulfonic acids and derivatives,Glycerophospholipid metabolism
IK_WBYWAXJHAXSJNI-VOTSOKGWSA-N,Cinnamic acid,C1=CC=C(C=C1)/C=C/C(=O)O,C00166,WBYWAXJHAXSJNI-VOTSOKGWSA-N,Organic compounds,Phenylpropanoids and polyketides,Cinnamic acids and derivatives,Cinnamic acids,"Phenylalanine, tyrosine and tryptophan biosynthesis"
IK_WCFPKRXBSJDTMS-LGVIUEQGSA-N,FA 19:1,CCCCCCCCC/C=C\CCCCCCCC(=O)OCC1C(C(C(C(O1)OC2CCC3(C4CCC5(C(C4CC=C3C2)CCC5C(C)/C=C/C(C)C(C)C)C)C)O)O)O,C00157,WCFPKRXBSJDTMS-LGVIUEQGSA-N,Organic compounds,Lipids and lipid-like molecules,Steroids and steroid derivatives,Steroidal glycosides,Linoleic acid metabolism
IK_WCRMUYBCGFGNRR-LTFXTMEVSA-N,PC O-42:4,CCCCCCCCCCCCCCOCC(COP(=O)([O-])OCC[N+](C)(C)C)OC(=O)CCCCCCCCCCCCCC/C=C\C/C=C\C/C=C\C/C=C\CC,C00157,WCRMUYBCGFGNRR-LTFXTMEVSA-N,Organic compounds,Lipids and lipid-like molecules,Glycerophospholipids,Glycerophosphocholines,Linoleic acid metabolism
IK_WDJHALXBUFZDSR-UHFFFAOYSA-M,Acetoacetate,CC(=O)CC(=O)[O-],C00164,WDJHALXBUFZDSR-UHFFFAOYSA-M,Organic compounds,Organic acids and derivatives,Keto acids and derivatives,Short-chain keto acids and derivatives,Tyrosine metabolism
IK_WHBHBVVOGNECLV-OBQKJFGGSA-N,Cortodoxone,C[C@]12CCC(=O)C=C1CC[C@@H]3[C@@H]2CC[C@]4([C@H]3CC[C@@]4(C(=O)CO)O)C,C05488,WHBHBVVOGNECLV-OBQKJFGGSA-N,Organic compounds,Lipids and lipid-like molecules,Steroids and steroid derivatives,Hydroxysteroids,Steroid hormone biosynthesis
IK_WHEUWNKSCXYKBU-QPWUGHHJSA-N,2-methoxyestrone (2-ME1),C[C@]12CC[C@H]3[C@H]([C@@H]1CCC2=O)CCC4=CC(=C(C=C34)OC)O,C05299,WHEUWNKSCXYKBU-QPWUGHHJSA-N,Organic compounds,Lipids and lipid-like molecules,Steroids and steroid derivatives,Estrane steroids,Steroid hormone biosynthesis
IK_WHOOUMGHGSPMGR-UHFFFAOYSA-N,Indoleacetaldehyde,C1=CC=C2C(=C1)C(=CN2)CC=O,C00637,WHOOUMGHGSPMGR-UHFFFAOYSA-N,Organic compounds,Organoheterocyclic compounds,Indoles and derivatives,Indoles,Tryptophan metabolism
IK_WHUUTDBJXJRKMK-VKHMYHEASA-N,Glutamic acid,C(CC(=O)O)[C@@H](C(=O)O)N,C00025,WHUUTDBJXJRKMK-VKHMYHEASA-N,Organic compounds,Organic acids and derivatives,Carboxylic acids and derivatives,"Amino acids, peptides, and analogues",Arginine biosynthesis
IK_WJXQFVMTIGJBFX-UHFFFAOYSA-N,4-Methoxytyramine,COC1=C(C=C(C=C1)CCN)O,C04230,WJXQFVMTIGJBFX-UHFFFAOYSA-N,Organic compounds,Benzenoids,Phenols,Methoxyphenols,Glycerophospholipid metabolism
IK_WKMBZTIVAJAWBA-UHFFFAOYSA-N,"(R)-1-O-[b-D-Apiofuranosyl-(1->2)-b-D-glucopyranoside]-1,3-octanediol",CCCCCC(CCOC1C(C(C(C(O1)CO)C)O)OC2C(C(CO2)(C)CO)O)O,C04230,WKMBZTIVAJAWBA-UHFFFAOYSA-N,Organic compounds,Lipids and lipid-like molecules,Fatty Acyls,Fatty alcohols,Glycerophospholipid metabolism
IK_WKQNRCYKYCKESD-YVHLTTHBSA-N,PC(18:3/0:0),CC/C=C\C/C=C\C/C=C\CCCCCCCC(=O)OC[C@H](COP(=O)([O-])OCC[N+](C)(C)C)O,C00385,WKQNRCYKYCKESD-YVHLTTHBSA-N,Organic compounds,Lipids and lipid-like molecules,Glycerophospholipids,Glycerophosphocholines,Purine metabolism
IK_WLJVXDMOQOGPHL-UHFFFAOYSA-N,phenylacetic acid,C1=CC=C(C=C1)CC(=O)O,C00544,WLJVXDMOQOGPHL-UHFFFAOYSA-N,Organic compounds,Benzenoids,Benzene and substituted derivatives,,Tyrosine metabolism
IK_WNLRTRBMVRJNCN-UHFFFAOYSA-N,Adipic Acid,C(CCC(=O)O)CC(=O)O,C00322,WNLRTRBMVRJNCN-UHFFFAOYSA-N,Organic compounds,Lipids and lipid-like molecules,Fatty Acyls,Fatty acids and conjugates,Tryptophan metabolism
IK_WOODKECARRKLJJ-DIJRFRLPSA-N,"7alpha,12alpha,26-trihydroxycholest-4-en-3-one",C[C@H](CCCC(C)CO)[C@H]1CC[C@@H]2[C@@]1([C@H](C[C@H]3[C@H]2[C@@H](CC4=CC(=O)CC[C@]34C)O)O)C,C05300,WOODKECARRKLJJ-DIJRFRLPSA-N,Organic compounds,Lipids and lipid-like molecules,Steroids and steroid derivatives,"Bile acids, alcohols and derivatives",Steroid hormone biosynthesis
IK_WPOCIZJTELRQMF-LFRCEIEQSA-N,16b-Hydroxyestrone,C[C@]12CC[C@H]3[C@H]([C@@H]1C[C@@H](C2=O)O)CCC4=C3C=CC(=C4)O,C03740,WPOCIZJTELRQMF-LFRCEIEQSA-N,Organic compounds,Lipids and lipid-like molecules,Steroids and steroid derivatives,Estrane steroids,Glutathione metabolism
IK_WPYMKLBDIGXBTP-UHFFFAOYSA-N,Benzoic Acid,C1=CC=C(C=C1)C(=O)O,C00108,WPYMKLBDIGXBTP-UHFFFAOYSA-N,Organic compounds,Benzenoids,Benzene and substituted derivatives,Benzoic acids and derivatives,Tryptophan metabolism
IK_WQXXBAWHDQWCKL-XVFCMESISA-N,Phosphoribosylformylglycinamidine,C([C@@H]1[C@H]([C@H]([C@@H](O1)N(CC(=N)N)C=O)O)O)OP(=O)(O)O,C04640,WQXXBAWHDQWCKL-XVFCMESISA-N,Organic compounds,Organic oxygen compounds,Organooxygen compounds,Carbohydrates and carbohydrate conjugates,Purine metabolism
IK_WQXXXHMEBYGSBG-OLQVQODUSA-N,"Cis-3,5-Diethyl-1,2,4-trithiolane",CC[C@@H]1S[C@@H](SS1)CC,C03740,WQXXXHMEBYGSBG-OLQVQODUSA-N,Organic compounds,Organoheterocyclic compounds,Trithiolanes,,Glutathione metabolism
IK_WQZGKKKJIJFFOK-GASJEMHNSA-N,glucose,C([C@@H]1[C@H]([C@@H]([C@H](C(O1)O)O)O)O)O,C00029,WQZGKKKJIJFFOK-GASJEMHNSA-N,Organic compounds,Organic oxygen compounds,Organooxygen compounds,Carbohydrates and carbohydrate conjugates,Ascorbate and aldarate metabolism
IK_WQZGKKKJIJFFOK-SVZMEOIVSA-N,D-Galactose,C([C@@H]1[C@@H]([C@@H]([C@H](C(O1)O)O)O)O)O,C00052,WQZGKKKJIJFFOK-SVZMEOIVSA-N,Organic compounds,Organic oxygen compounds,Organooxygen compounds,Carbohydrates and carbohydrate conjugates,Galactose metabolism
IK_WSJBSKRPKADYRQ-UHFFFAOYSA-N,4-Formylaminoantipyrine,CC1=C(C(=O)N(N1C)C2=CC=CC=C2)NC=O,C00157,WSJBSKRPKADYRQ-UHFFFAOYSA-N,Organic compounds,Organoheterocyclic compounds,Azoles,Pyrazoles,Linoleic acid metabolism
IK_WTIIULQJLZEHGZ-AWFVSMACSA-L,"(2R,3S)-2,3-dimethylmalate",C[C@H](C(=O)[O-])[C@](C)(C(=O)[O-])O,C00157,WTIIULQJLZEHGZ-AWFVSMACSA-L,Organic compounds,Lipids and lipid-like molecules,Fatty Acyls,Fatty acids and conjugates,Linoleic acid metabolism
IK_WUUWGORPQFKFQN-XDVOZUNOSA-N,TG 54:2|TG 18:0_18:1_18:1,CCCCCCCCCCCCCCCCCCCCCC(=O)OC[C@@H](COC(=O)CCCCCCCCCCCCC)OC(=O)CCCCCCC/C=C\C/C=C\CCCCC,C00350,WUUWGORPQFKFQN-XDVOZUNOSA-N,Organic compounds,Lipids and lipid-like molecules,Glycerolipids,Triradylcglycerols,Glycerophospholipid metabolism
IK_WVBBZEILYLXGFN-RBUKOAKNSA-N,Sphingosine 1-phosphate (d19:1-P),CCCCCCCCCCCCCCCC[C@H]([C@H](COP(=O)(O)O)N)O,C00350,WVBBZEILYLXGFN-RBUKOAKNSA-N,Organic compounds,Lipids and lipid-like molecules,Sphingolipids,Phosphosphingolipids,Glycerophospholipid metabolism
IK_WWSWYXNVCBLWNZ-QIZQQNKQSA-N,Fluprostenol,C1[C@@H]([C@@H]([C@H]([C@@H]1O)/C=C/[C@H](COC2=CC=CC(=C2)C(F)(F)F)O)C/C=C\CCCC(=O)O)O,C00350,WWSWYXNVCBLWNZ-QIZQQNKQSA-N,Organic compounds,Lipids and lipid-like molecules,Fatty Acyls,Eicosanoids,Glycerophospholipid metabolism
IK_WWZKQHOCKIZLMA-UHFFFAOYSA-N,Caprylic acid,CCCCCCCC(=O)O,C06423,WWZKQHOCKIZLMA-UHFFFAOYSA-N,Organic compounds,Lipids and lipid-like molecules,Fatty Acyls,Fatty acids and conjugates,Fatty acid biosynthesis
IK_WXTMDXOMEHJXQO-UHFFFAOYSA-N,Gentisic acid,C1=CC(=C(C=C1O)C(=O)O)O,C00544,WXTMDXOMEHJXQO-UHFFFAOYSA-N,Organic compounds,Benzenoids,Benzene and substituted derivatives,Benzoic acids and derivatives,Tyrosine metabolism
IK_WYIMORDZGCUBAA-UHFFFAOYSA-N,LPC 19:0,CCCCCCCCCCCCCCCCCCC(=O)OCC(COP(=O)([O-])OCC[N+](C)(C)C)O,C00157,WYIMORDZGCUBAA-UHFFFAOYSA-N,Organic compounds,Lipids and lipid-like molecules,Glycerophospholipids,Glycerophosphocholines,Linoleic acid metabolism
IK_WYVKPHCYMTWUCW-UHFFFAOYSA-N,Cysteinyl-Threonine,CC(C(C(=O)O)NC(=O)C(CS)N)O,C00157,WYVKPHCYMTWUCW-UHFFFAOYSA-N,Organic compounds,Organic acids and derivatives,Carboxylic acids and derivatives,"Amino acids, peptides, and analogues",Linoleic acid metabolism
IK_XEUPFPHHPCQXFV-UHFFFAOYSA-N,Panaquinquecol 7,CCCCCCCC1C(O1)CC#CC#CC(=O)CCO,C00157,XEUPFPHHPCQXFV-UHFFFAOYSA-N,Organic compounds,Lipids and lipid-like molecules,Fatty Acyls,Fatty alcohols,Linoleic acid metabolism
IK_XEVQXKKKAVVSMW-WRWORJQWSA-N,Loliolide,C[C@@]12C[C@H](CC(C1=CC(=O)O2)(C)C)O,C04317,XEVQXKKKAVVSMW-WRWORJQWSA-N,Organic compounds,Organoheterocyclic compounds,Benzofurans,,Ether lipid metabolism
IK_XEVRBOQZSXWGQO-PAUXXPOVSA-N,PE(22:6/0:0),CC/C=C\C/C=C\C/C=C\C/C=C\C/C=C\C/C=C\CCC(=O)OC[C@H](COP(=O)(O)OCCN)O,C04317,XEVRBOQZSXWGQO-PAUXXPOVSA-N,Organic compounds,Lipids and lipid-like molecules,Glycerophospholipids,Glycerophosphoethanolamines,Ether lipid metabolism
IK_XHMGEKKHSKIGMI-BDBJOHPESA-N,"(11R,12S,13S)-Epoxy-hydroxyoctadeca-cis-9-cis-15-dien-1-oic acid",CC/C=C\C[C@H]1[C@@H](O1)[C@@H](/C=C\CCCCCCCC(=O)O)O,C05446,XHMGEKKHSKIGMI-BDBJOHPESA-N,Organic compounds,Lipids and lipid-like molecules,Fatty Acyls,Fatty acids and conjugates,Primary bile acid biosynthesis
IK_XIFCIPQKMAMFGE-QIAWJANFSA-N,"PE-NMe2(22:6(4Z,7Z,10Z,13Z,16Z,19Z)/16:0)",CCCCCCCCCCCCCCCC(=O)OC(COC(=O)CC/C=C\C/C=C\C/C=C\C/C=C\C/C=C\C/C=C\CC)COP(=O)(O)OCCN(C)C,C04317,XIFCIPQKMAMFGE-QIAWJANFSA-N,Organic compounds,Lipids and lipid-like molecules,Glycerophospholipids,Glycerophosphoethanolamines,Ether lipid metabolism
IK_XJODGRWDFZVTKW-UHFFFAOYSA-N,N-Methyl-dl-Leucine,CC(C)CC(C(=O)O)NC,C05446,XJODGRWDFZVTKW-UHFFFAOYSA-N,Organic compounds,Organic acids and derivatives,Carboxylic acids and derivatives,"Amino acids, peptides, and analogues",Primary bile acid biosynthesis
IK_XJZGNVBLVFOSKJ-XZULNKEGSA-N,27-Deoxy-5b-cyprinol,C[C@H](CCCC(C)CO)[C@H]1CC[C@@H]2[C@@]1([C@H](C[C@H]3[C@H]2[C@@H](C[C@H]4[C@@]3(CC[C@H](C4)O)C)O)O)C,C05446,XJZGNVBLVFOSKJ-XZULNKEGSA-N,,,,,Primary bile acid biosynthesis
IK_XJZNMEMKZBFUIZ-GWDFKZQESA-N,Etodolac acyl glucuronide,CCC1=C2C(=CC=C1)C3=C(N2)C(OCC3)(CC)CC(=O)O[C@H]4[C@@H]([C@H]([C@@H]([C@H](O4)C(=O)O)O)O)O,C04317,XJZNMEMKZBFUIZ-GWDFKZQESA-N,Organic compounds,Organic oxygen compounds,Organooxygen compounds,Carbohydrates and carbohydrate conjugates,Ether lipid metabolism
IK_XKBJVQHMEXMFDZ-UHFFFAOYSA-N,LPC O-18:0,CCCCCCCCCCCCCCCCCCOCC(COP(=O)([O-])OCC[N+](C)(C)C)O,C00719,XKBJVQHMEXMFDZ-UHFFFAOYSA-N,Organic compounds,Lipids and lipid-like molecules,Glycerophospholipids,Glycerophosphocholines,"Glycine, serine and threonine metabolism"
IK_XMIFBEZRFMTGRL-TURQNECASA-N,5-Taurinomethyl-2-thiouridine,C1=C(C(=O)NC(=S)N1[C@H]2[C@@H]([C@@H]([C@H](O2)CO)O)O)CNCCS(=O)(=O)O,C00157,XMIFBEZRFMTGRL-TURQNECASA-N,Organic compounds,"Nucleosides, nucleotides, and analogues",Pyrimidine nucleosides,,Linoleic acid metabolism
IK_XMYFJYXXQPMWED-VQHVLOKHSA-N,5-Hydroxydec-6-enoylcarnitine,CCC/C=C/C(CCCC(=O)OC(CC(=O)[O-])C[N+](C)(C)C)O,C00157,XMYFJYXXQPMWED-VQHVLOKHSA-N,Organic compounds,Lipids and lipid-like molecules,Fatty Acyls,Fatty acid esters,Linoleic acid metabolism
IK_XOAAWQZATWQOTB-UHFFFAOYSA-N,Taurine,C(CS(=O)(=O)O)N,C00245,XOAAWQZATWQOTB-UHFFFAOYSA-N,Organic compounds,Organic acids and derivatives,Organic sulfonic acids and derivatives,Organosulfonic acids and derivatives,Primary bile acid biosynthesis
IK_XOEUHCONYHZURQ-HNUBZJOYSA-N,Flurithromycin,CC[C@@H]1[C@@]([C@@H]([C@H](C(=O)[C@@](C[C@@]([C@@H]([C@H]([C@@H]([C@H](C(=O)O1)C)O[C@H]2C[C@@]([C@H]([C@@H](O2)C)O)(C)OC)C)O[C@H]3[C@@H]([C@H](C[C@H](O3)C)N(C)C)O)(C)O)(C)F)C)O)(C)O,C01159,XOEUHCONYHZURQ-HNUBZJOYSA-N,Organic compounds,Organic oxygen compounds,Organooxygen compounds,Carbohydrates and carbohydrate conjugates,Glycolysis or Gluconeogenesis
IK_XOMRRQXKHMYMOC-OAQYLSRUSA-N,L-Palmitoylcarnitine,CCCCCCCCCCCCCCCC(=O)O[C@H](CC(=O)[O-])C[N+](C)(C)C,C02990,XOMRRQXKHMYMOC-OAQYLSRUSA-N,Organic compounds,Lipids and lipid-like molecules,Fatty Acyls,Fatty acid esters,Fatty acid degradation
IK_XOMRRQXKHMYMOC-UHFFFAOYSA-N,Palmitoylcarnitine,CCCCCCCCCCCCCCCC(=O)OC(CC(=O)[O-])C[N+](C)(C)C,C02990,XOMRRQXKHMYMOC-UHFFFAOYSA-N,Organic compounds,Lipids and lipid-like molecules,Fatty Acyls,Fatty acid esters,Fatty acid degradation
IK_XQXPVVBIMDBYFF-UHFFFAOYSA-N,p Hydroxyphenylacetic acid,C1=CC(=CC=C1CC(=O)O)O,C00544,XQXPVVBIMDBYFF-UHFFFAOYSA-N,Organic compounds,Benzenoids,Phenols,1-hydroxy-2-unsubstituted benzenoids,Tyrosine metabolism
IK_XSQUKJJJFZCRTK-UHFFFAOYSA-N,Urea,C(=O)(N)N,C00086,XSQUKJJJFZCRTK-UHFFFAOYSA-N,Organic compounds,Organic acids and derivatives,Organic carbonic acids and derivatives,Ureas,Arginine biosynthesis
IK_XTWYTFMLZFPYCI-KQYNXXCUSA-N,ADP,C1=NC(=C2C(=N1)N(C=N2)[C@H]3[C@@H]([C@@H]([C@H](O3)COP(=O)(O)OP(=O)(O)O)O)O)N,C00005,XTWYTFMLZFPYCI-KQYNXXCUSA-N,Organic compounds,"Nucleosides, nucleotides, and analogues",Purine nucleotides,Purine ribonucleotides,Glutathione metabolism
IK_XUIIKFGFIJCVMT-LBPRGKRZSA-N,Thyroxine,C1=C(C=C(C(=C1I)OC2=CC(=C(C(=C2)I)O)I)I)C[C@@H](C(=O)O)N,C01829,XUIIKFGFIJCVMT-LBPRGKRZSA-N,Organic compounds,Organic acids and derivatives,Carboxylic acids and derivatives,"Amino acids, peptides, and analogues",Tyrosine metabolism
IK_XVIHASZHSRQYCV-YWYYGOADSA-N,"PC(15:0/22:6(5Z,7Z,10Z,13Z,16Z,19Z)-OH(4))",CCCCCCCCCCCCCCC(=O)OC[C@H](COP(=O)([O-])OCC[N+](C)(C)C)OC(=O)CCC(/C=C\C=C/C/C=C\C/C=C\C/C=C\C/C=C\CC)O,C05478,XVIHASZHSRQYCV-YWYYGOADSA-N,Organic compounds,Lipids and lipid-like molecules,Glycerophospholipids,Glycerophosphocholines,Steroid hormone biosynthesis
IK_XVQDCCGQSOTQBN-RXCALXPUSA-N,"12'-Apo-b-carotene-3,12'-diol",CC1=C(C(CC(C1)O)(C)C)/C=C/C(=C\C=C\C(=C\C=C\C=C(\C)/CO)\C)/C,C05545,XVQDCCGQSOTQBN-RXCALXPUSA-N,Organic compounds,Lipids and lipid-like molecules,Prenol lipids,Diterpenoids,Lysine degradation
IK_XWHHYOYVRVGJJY-QMMMGPOBSA-N,4-Fluoro-L-phenylalanine,C1=CC(=CC=C1C[C@@H](C(=O)O)N)F,C05478,XWHHYOYVRVGJJY-QMMMGPOBSA-N,Organic compounds,Organic acids and derivatives,Carboxylic acids and derivatives,"Amino acids, peptides, and analogues",Steroid hormone biosynthesis
IK_XXHSJEOGEHODTB-CAGNHHNHSA-N,"PA(14:1(9Z)/18:4(6Z,9Z,12Z,15Z))",CCCC/C=C\CCCCCCCC(=O)OC[C@H](COP(=O)(O)O)OC(=O)CCCC/C=C\C/C=C\C/C=C\C/C=C\CC,C00350,XXHSJEOGEHODTB-CAGNHHNHSA-N,Organic compounds,Lipids and lipid-like molecules,Glycerophospholipids,Glycerophosphates,Glycerophospholipid metabolism
IK_XYWRZQQANNOTTD-UHFFFAOYSA-N,Glaucamine,CN1CCC2=CC(=C(C=C2C3C1C4=C(C(O3)O)C5=C(C=C4)OCO5)OC)OC,C00350,XYWRZQQANNOTTD-UHFFFAOYSA-N,Organic compounds,Alkaloids and derivatives,Rhoeadine alkaloids,,Glycerophospholipid metabolism
IK_XZOBJEOEOJXQBF-UHFFFAOYSA-N,3-Methyl-5-propyl-2-furanundecanoic acid,CCCC1=CC(=C(O1)CCCCCCCCCCC(=O)O)C,C16595,XZOBJEOEOJXQBF-UHFFFAOYSA-N,Organic compounds,Lipids and lipid-like molecules,Fatty Acyls,Fatty acids and conjugates,Drug metabolism - cytochrome P450
IK_XZYNWDWRUDTDCH-UHFFFAOYSA-N,Heptanoylcholine,CCCCCCC(=O)OCC[N+](C)(C)C,C16595,XZYNWDWRUDTDCH-UHFFFAOYSA-N,Organic compounds,Organic nitrogen compounds,Organonitrogen compounds,Quaternary ammonium salts,Drug metabolism - cytochrome P450
IK_XZZMJRBYVRSAOS-UHFFFAOYSA-N,"4-Hydroxy-5-phenyltetrahydro-1,3-oxazin-2-one",C1C(C(NC(=O)O1)O)C2=CC=CC=C2,C04230,XZZMJRBYVRSAOS-UHFFFAOYSA-N,Organic compounds,Benzenoids,Benzene and substituted derivatives,,Glycerophospholipid metabolism
IK_YAADMLWHGMUGQL-VOTSOKGWSA-N,Cinnamoylglycine,C1=CC=C(C=C1)/C=C/C(=O)NCC(=O)O,C04230,YAADMLWHGMUGQL-VOTSOKGWSA-N,Organic compounds,Organic acids and derivatives,Carboxylic acids and derivatives,"Amino acids, peptides, and analogues",Glycerophospholipid metabolism
IK_YACHGFWEQXFSBS-XYERBDPFSA-N,Leptomycin B,CC/C(=C/[C@H](C)C/C=C/C(=C/[C@@H](C)C(=O)[C@@H](C)[C@@H]([C@@H](C)C/C(=C/C(=O)O)/C)O)/C)/C=C/[C@H]1[C@H](C=CC(=O)O1)C,C00157,YACHGFWEQXFSBS-XYERBDPFSA-N,Organic compounds,Lipids and lipid-like molecules,Fatty Acyls,Fatty acids and conjugates,Linoleic acid metabolism
IK_YAICYXFUKKMAKO-DBQWNMKUSA-N,6-allyl-8b-Carboxy-ergoline,C=CCN1CC(C[C@@H]2[C@@H]1CC3=CNC4=CC=CC2=C34)C(=O)O,C04230,YAICYXFUKKMAKO-DBQWNMKUSA-N,Organic compounds,Alkaloids and derivatives,Ergoline and derivatives,Lysergic acids and derivatives,Glycerophospholipid metabolism
IK_YAPQBXQYLJRXSA-UHFFFAOYSA-N,Theobromine,CN1C=NC2=C1C(=O)NC(=O)N2C,C07480,YAPQBXQYLJRXSA-UHFFFAOYSA-N,Organic compounds,Organoheterocyclic compounds,Imidazopyrimidines,Purines and purine derivatives,Caffeine metabolism
IK_YBAFDPFAUTYYRW-YUMQZZPRSA-N,Glutamylleucine,CC(C)C[C@@H](C(=O)O)NC(=O)[C@H](CCC(=O)O)N,C00157,YBAFDPFAUTYYRW-YUMQZZPRSA-N,Organic compounds,Organic acids and derivatives,Carboxylic acids and derivatives,"Amino acids, peptides, and analogues",Linoleic acid metabolism
IK_YBDFPZJQBYCWBA-WMTBOZPISA-N,PE(20:3/0:0),CCCCCCCC/C=C\C/C=C\C/C=C\CCCC(=O)OC[C@H](COP(=O)(O)OCCN)O,C04230,YBDFPZJQBYCWBA-WMTBOZPISA-N,Organic compounds,Lipids and lipid-like molecules,Glycerophospholipids,Glycerophosphoethanolamines,Glycerophospholipid metabolism
IK_YCXUCEXEMJPDRZ-UHFFFAOYSA-N,Ganoderic acid H,CC(CC(=O)CC(C)C(=O)O)C1CC(=O)C2(C1(C(C(=O)C3=C2C(=O)CC4C3(CCC(C4(C)C)O)C)OC(=O)C)C)C,C00350,YCXUCEXEMJPDRZ-UHFFFAOYSA-N,Organic compounds,Lipids and lipid-like molecules,Prenol lipids,Triterpenoids,Glycerophospholipid metabolism
IK_YDCKQKAUVJTIHE-UHFFFAOYSA-N,"2-(2-Phenylimidazo[1,2-a]pyridin-8-yl)acetamide",C1=CC=C(C=C1)C2=CN3C=CC=C(C3=N2)CC(=O)N,C00350,YDCKQKAUVJTIHE-UHFFFAOYSA-N,Organic compounds,Organoheterocyclic compounds,Azoles,Imidazoles,Glycerophospholipid metabolism
IK_YDNKGFDKKRUKPY-TURZORIXSA-N,C16-Ceramide,CCCCCCCCCCCCCCCC(=O)N[C@@H](CO)[C@@H](/C=C/CCCCCCCCCCCCC)O,C00350,YDNKGFDKKRUKPY-TURZORIXSA-N,Organic compounds,Lipids and lipid-like molecules,Sphingolipids,Ceramides,Glycerophospholipid metabolism
IK_YEFJYYIIBNWRQV-UHFFFAOYSA-N,3-Diphosphoglyceric acid,C(C(=O)O)(C(O)(P(=O)=O)P(=O)=O)O,C00350,YEFJYYIIBNWRQV-UHFFFAOYSA-N,,,,,Glycerophospholipid metabolism
IK_YGNHGXTZNFXTBH-GQCTYLIASA-N,5'-((Z)-Feruloyl) 3-(2'-methylarabinosylxylose),COC1C(C(OC1OC2C(COC(C2O)O)O)COC(=O)/C=C/C3=CC(=C(C=C3)O)OC)O,C01190,YGNHGXTZNFXTBH-GQCTYLIASA-N,Organic compounds,Phenylpropanoids and polyketides,Cinnamic acids and derivatives,Hydroxycinnamic acids and derivatives,Sphingolipid metabolism
IK_YGPSJZOEDVAXAB-QMMMGPOBSA-N,L-Kynurenine,C1=CC=C(C(=C1)C(=O)C[C@@H](C(=O)O)N)N,C00328,YGPSJZOEDVAXAB-QMMMGPOBSA-N,Organic compounds,Organic oxygen compounds,Organooxygen compounds,Carbonyl compounds,Tryptophan metabolism
IK_YGPSJZOEDVAXAB-UHFFFAOYSA-N,Kynurenine,C1=CC=C(C(=C1)C(=O)CC(C(=O)O)N)N,C00328,YGPSJZOEDVAXAB-UHFFFAOYSA-N,Organic compounds,Organic oxygen compounds,Organooxygen compounds,Carbonyl compounds,Tryptophan metabolism
IK_YHEDRJPUIRMZMP-ZWKOTPCHSA-N,Sphinganine 1-phosphate,CCCCCCCCCCCCCCC[C@H]([C@H](COP(=O)(O)O)N)O,C01120,YHEDRJPUIRMZMP-ZWKOTPCHSA-N,Organic compounds,Lipids and lipid-like molecules,Sphingolipids,Phosphosphingolipids,Sphingolipid metabolism
IK_YHHSONZFOIEMCP-UHFFFAOYSA-N,Choline Phosphate,C[N+](C)(C)CCOP(=O)(O)[O-],C00588,YHHSONZFOIEMCP-UHFFFAOYSA-N,Organic compounds,Organic nitrogen compounds,Organonitrogen compounds,Quaternary ammonium salts,Glycerophospholipid metabolism
IK_YMAHRLYIAABQRQ-UHFFFAOYSA-N,"2-(3-fluorophenyl)-4-(4-Methylpiperazin-1-yl)-1H-pyrrolo[3,2-c]pyridine",CN1CCN(CC1)C2=NC=CC3=C2C=C(N3)C4=CC(=CC=C4)F,C04230,YMAHRLYIAABQRQ-UHFFFAOYSA-N,Organic compounds,Organoheterocyclic compounds,Diazinanes,Piperazines,Glycerophospholipid metabolism
IK_YMGXOQLWSYJFSD-FALRGZJFSA-N,"LysoPC(22:2(13Z,16Z)/0:0)",CCCCC/C=C\C/C=C\CCCCCCCCCCCC(=O)OC[C@H](COP(=O)([O-])OCC[N+](C)(C)C)O,C00350,YMGXOQLWSYJFSD-FALRGZJFSA-N,Organic compounds,Lipids and lipid-like molecules,Glycerophospholipids,Glycerophosphocholines,Glycerophospholipid metabolism
IK_YMKZESHNWGNAIE-VNTVABMMSA-N,PE 36:6e,CCCCCC/C=C\CCCCCCCCOCC(COP(=O)(O)OCCN)OC(=O)CCC/C=C\C/C=C\C/C=C\C/C=C\C/C=C\CC,C00350,YMKZESHNWGNAIE-VNTVABMMSA-N,Organic compounds,Lipids and lipid-like molecules,Glycerophospholipids,Glycerophosphoethanolamines,Glycerophospholipid metabolism
IK_YNLRDTBLEOQPQL-UHFFFAOYSA-N,MJDBISSN00000001,C1CCN(CC1)C2=CC(=CC=C2)O,C16596,YNLRDTBLEOQPQL-UHFFFAOYSA-N,Organic compounds,Organoheterocyclic compounds,Piperidines,Phenylpiperidines,Drug metabolism - cytochrome P450
IK_YOILXOMTHPUMRG-TZMCWYRMSA-N,"(4Ar,10bR)-rel-4-Propyl-2,3,4,4a,5,10b-hexahydrochromeno[4,3-b][1,4]oxazin-9-ol",CCCN1CCO[C@H]2[C@H]1COC3=C2C=C(C=C3)O,C16596,YOILXOMTHPUMRG-TZMCWYRMSA-N,Organic compounds,Organoheterocyclic compounds,Benzopyrans,1-benzopyrans,Drug metabolism - cytochrome P450
IK_YPIQXPKZXKWWSZ-UHFFFAOYSA-N,"5-Phenyl-1,3-oxazinane-2,4-dione",C1C(C(=O)NC(=O)O1)C2=CC=CC=C2,C16596,YPIQXPKZXKWWSZ-UHFFFAOYSA-N,Organic compounds,Benzenoids,Benzene and substituted derivatives,,Drug metabolism - cytochrome P450
IK_YVPPHAUZYVAQNM-UHFFFAOYSA-N,"2-Piperidinecarboxamide, 1-butyl-N-(4-hydroxy-2,6-dimethylphenyl)-",CCCCN1CCCCC1C(=O)NC2=C(C=C(C=C2C)O)C,C00157,YVPPHAUZYVAQNM-UHFFFAOYSA-N,Organic compounds,Organic acids and derivatives,Carboxylic acids and derivatives,"Amino acids, peptides, and analogues",Linoleic acid metabolism
IK_YYELLDKEOUKVIQ-UHFFFAOYSA-N,Octaethyleneglycol monododecyl ether,CCCCCCCCCCCCOCCOCCOCCOCCOCCOCCOCCOCCO,C04230,YYELLDKEOUKVIQ-UHFFFAOYSA-N,Organic compounds,Organic oxygen compounds,Organooxygen compounds,Ethers,Glycerophospholipid metabolism
IK_YYQVCMMXPIJVHY-ZOIJLGJPSA-N,LPC 20:2,CCCCC/C=C\C/C=C\CCCCCCCCCC(=O)OC[C@H](COP(=O)([O-])OCC[N+](C)(C)C)O,C00350,YYQVCMMXPIJVHY-ZOIJLGJPSA-N,Organic compounds,Lipids and lipid-like molecules,Glycerophospholipids,Glycerophosphocholines,Glycerophospholipid metabolism
IK_YZQCXOFQZKCETR-UWVGGRQHSA-N,L-Aspartyl-L phenylalanine,C1=CC=C(C=C1)C[C@@H](C(=O)O)NC(=O)[C@H](CC(=O)O)N,C04598,YZQCXOFQZKCETR-UWVGGRQHSA-N,Organic compounds,Organic acids and derivatives,Carboxylic acids and derivatives,"Amino acids, peptides, and analogues",Ether lipid metabolism
IK_YZXBAPSDXZZRGB-DOFZRALJSA-N,Arachidonic acid,CCCCC/C=C\C/C=C\C/C=C\C/C=C\CCCC(=O)O,C00219,YZXBAPSDXZZRGB-DOFZRALJSA-N,Organic compounds,Lipids and lipid-like molecules,Fatty Acyls,Fatty acids and conjugates,Biosynthesis of unsaturated fatty acids
IK_ZAVCUVYFGQXSRX-FYWRMAATSA-N,Nummularine B,CC(C)C(C(=O)N1CCC2C1C(=O)NC(C(=O)N/C=C/C3=C(C=CC(=C3)O2)OC)CC4=CC=CC=C4)NC(=O)C(C)NC,C00350,ZAVCUVYFGQXSRX-FYWRMAATSA-N,Organic compounds,Organic acids and derivatives,Carboxylic acids and derivatives,"Amino acids, peptides, and analogues",Glycerophospholipid metabolism
IK_ZBXYMKUZCWCGPC-BDWKERMESA-N,"(2E,4E)-2,7-Dimethyl-2,4-octadienedioic acid",CC(C/C=C/C=C(\C)/C(=O)O)C(=O)O,C03033,ZBXYMKUZCWCGPC-BDWKERMESA-N,Organic compounds,Lipids and lipid-like molecules,Fatty Acyls,Fatty acids and conjugates,Ascorbate and aldarate metabolism
IK_ZDHRSPRSUBAAIO-FNORWQNLSA-N,"2-Nonene-1,4-diol",CCCCCC(/C=C/CO)O,C03033,ZDHRSPRSUBAAIO-FNORWQNLSA-N,Organic compounds,Lipids and lipid-like molecules,Fatty Acyls,Fatty alcohols,Ascorbate and aldarate metabolism
IK_ZDXPYRJPNDTMRX-GSVOUGTGSA-N,D-Glutamine,C(CC(=O)N)[C@H](C(=O)O)N,C00819,ZDXPYRJPNDTMRX-GSVOUGTGSA-N,Organic compounds,Organic acids and derivatives,Carboxylic acids and derivatives,"Amino acids, peptides, and analogues",D-Amino acid metabolism
IK_ZDXPYRJPNDTMRX-VKHMYHEASA-N,Glutamine,C(CC(=O)N)[C@@H](C(=O)O)N,C00064,ZDXPYRJPNDTMRX-VKHMYHEASA-N,Organic compounds,Organic acids and derivatives,Carboxylic acids and derivatives,"Amino acids, peptides, and analogues",Arginine biosynthesis
NO_INCHIKEY__pl,PL,,C00018,,,,,,Vitamin B6 metabolism
IK_ZEZUHTUTOUOANR-JCGOJSMZSA-N,SM 40:1;2O|SM 18:1;2O/22:0,CCCCCCCCCCCCCCCCCCCCCC(=O)N[C@@H](COP(=O)([O-])OCC[N+](C)(C)C)[C@@H](CC=CCCCCCCCCCCCC)O,C00157,ZEZUHTUTOUOANR-JCGOJSMZSA-N,Organic compounds,Organic nitrogen compounds,Organonitrogen compounds,Quaternary ammonium salts,Linoleic acid metabolism
IK_ZFACUKICYTXONE-IWDZABBFSA-N,PC(16:1(9Z)/P-18:1(11Z)),CCCCCC/C=C\CCCCCCCC/C=C\OC(COC(=O)CCCCCCC/C=C\CCCCCC)COP(=O)([O-])OCC[N+](C)(C)C,C03033,ZFACUKICYTXONE-IWDZABBFSA-N,Organic compounds,Lipids and lipid-like molecules,Glycerophospholipids,Glycerophosphocholines,Ascorbate and aldarate metabolism
IK_ZFFFJLDTCLJDHL-JQYCEVDMSA-N,Pregnanediol 3-O-glucuronide,C[C@@H]([C@H]1CC[C@@H]2[C@@]1(CC[C@H]3[C@H]2CC[C@H]4[C@@]3(CC[C@H](C4)O[C@H]5[C@@H]([C@H]([C@@H]([C@H](O5)C(=O)O)O)O)O)C)C)O,C04230,ZFFFJLDTCLJDHL-JQYCEVDMSA-N,Organic compounds,Lipids and lipid-like molecules,Steroids and steroid derivatives,Steroidal glycosides,Glycerophospholipid metabolism
IK_ZFFFJLDTCLJDHL-UHFFFAOYSA-N,"3-alpha,20-alpha-Dihydroxy-5-beta-pregnane 3-glucuronide",CC(C1CCC2C1(CCC3C2CCC4C3(CCC(C4)OC5C(C(C(C(O5)C(=O)O)O)O)O)C)C)O,C00430,ZFFFJLDTCLJDHL-UHFFFAOYSA-N,,,,,"Glycine, serine and threonine metabolism"
IK_ZGKDAEWLTNBSEJ-GHMZBOCLSA-N,"Cyclopropyl-[(3S,4S)-3-(dimethylamino)-4-(hydroxymethyl)piperidin-1-yl]methanone",CN(C)[C@@H]1CN(CC[C@@H]1CO)C(=O)C2CC2,C00430,ZGKDAEWLTNBSEJ-GHMZBOCLSA-N,Organic compounds,Organoheterocyclic compounds,Piperidines,N-acylpiperidines,"Glycine, serine and threonine metabolism"
IK_ZGXJTSGNIOSYLO-UHFFFAOYSA-N,5-Aminolevulinic acid,C(CC(=O)O)C(=O)CN,C00430,ZGXJTSGNIOSYLO-UHFFFAOYSA-N,Organic compounds,Organic acids and derivatives,Carboxylic acids and derivatives,"Amino acids, peptides, and analogues","Glycine, serine and threonine metabolism"
IK_ZHRLECIZINSPKL-AKGZTFGVSA-N,L-Cysteinylglycine disulfide,C([C@@H](C(=O)O)N)SSCC(C(=O)NCC(=O)O)N,C04230,ZHRLECIZINSPKL-AKGZTFGVSA-N,Organic compounds,Organic acids and derivatives,Carboxylic acids and derivatives,"Amino acids, peptides, and analogues",Glycerophospholipid metabolism
IK_ZIYVHBGGAOATLY-UHFFFAOYSA-N,Methylmalonic Acid,CC(C(=O)O)C(=O)O,C02170,ZIYVHBGGAOATLY-UHFFFAOYSA-N,Organic compounds,Organic acids and derivatives,Carboxylic acids and derivatives,Dicarboxylic acids and derivatives,"Valine, leucine and isoleucine degradation"
IK_ZKLLSNQJRLJIGT-UYFOZJQFSA-N,Fructose 1-phosphate,C([C@H]([C@H]([C@@H](C(=O)COP(=O)(O)O)O)O)O)O,C01094,ZKLLSNQJRLJIGT-UYFOZJQFSA-N,Organic compounds,Organic oxygen compounds,Organooxygen compounds,Carbohydrates and carbohydrate conjugates,Fructose and mannose metabolism
IK_ZMITXKRGXGRMKS-LUJOEAJASA-N,Epiandrosterone sulfate,C[C@]12CC[C@@H](C[C@@H]1CC[C@@H]3[C@@H]2CC[C@]4([C@H]3CCC4=O)C)OS(=O)(=O)O,C04555,ZMITXKRGXGRMKS-LUJOEAJASA-N,Organic compounds,Lipids and lipid-like molecules,Steroids and steroid derivatives,Sulfated steroids,Steroid hormone biosynthesis
IK_ZMJBYMUCKBYSCP-CVYQJGLWSA-N,Garcinia acid,C(C(=O)O)[C@]([C@@H](C(=O)O)O)(C(=O)O)O,C14777,ZMJBYMUCKBYSCP-CVYQJGLWSA-N,Organic compounds,Organic acids and derivatives,Carboxylic acids and derivatives,Tricarboxylic acids and derivatives,Arachidonic acid metabolism
IK_ZPVOLGVTNLDBFI-UHFFFAOYSA-N,"(+/-)-2,2,6-Trimethylcyclohexanone",CC1CCCC(C1=O)(C)C,C00416,ZPVOLGVTNLDBFI-UHFFFAOYSA-N,Organic compounds,Organic oxygen compounds,Organooxygen compounds,Carbonyl compounds,Glycerophospholipid metabolism
IK_ZQRJDNRTBNYEER-NWBJSICCSA-N,Cer-NS d39:1,CCCCCCCCCCCCCCCCCC/C=C/C(C(CO)NC(=O)CCCCCCCCCCCCCCC)O,C00416,ZQRJDNRTBNYEER-NWBJSICCSA-N,Organic compounds,Organic oxygen compounds,Organooxygen compounds,Alcohols and polyols,Glycerophospholipid metabolism
IK_ZSTCZWJCLIRCOJ-DGCLKSJQSA-N,Zilpaterol,CC(C)N[C@@H]1CCN2C3=C([C@H]1O)C=CC=C3NC2=O,C00157,ZSTCZWJCLIRCOJ-DGCLKSJQSA-N,Organic compounds,Organoheterocyclic compounds,Benzazepines,,Linoleic acid metabolism
IK_ZTQSAGDEMFDKMZ-UHFFFAOYSA-N,Butanal,CCCC=O,C00555,ZTQSAGDEMFDKMZ-UHFFFAOYSA-N,Organic compounds,Organic oxygen compounds,Organooxygen compounds,Carbonyl compounds,Arginine and proline metabolism
