entity_id,true_label,predicted,confidence,"prob__Alanine, aspartate and glutamate metabolism",prob__Amino sugar and nucleotide sugar metabolism,prob__Arachidonic acid metabolism,prob__Arginine and proline metabolism,prob__Arginine biosynthesis,prob__Ascorbate and aldarate metabolism,prob__Biosynthesis of unsaturated fatty acids,prob__Biotin metabolism,prob__Butanoate metabolism,prob__Caffeine metabolism,prob__Citrate cycle (TCA cycle),prob__Cysteine and methionine metabolism,prob__D-Amino acid metabolism,prob__Drug metabolism - cytochrome P450,prob__Drug metabolism - other enzymes,prob__Ether lipid metabolism,prob__Fatty acid biosynthesis,prob__Fatty acid degradation,prob__Folate biosynthesis,prob__Fructose and mannose metabolism,prob__Galactose metabolism,prob__Glutathione metabolism,prob__Glycerolipid metabolism,prob__Glycerophospholipid metabolism,"prob__Glycine, serine and threonine metabolism",prob__Glycolysis or Gluconeogenesis,prob__Glyoxylate and dicarboxylate metabolism,prob__Histidine metabolism,prob__Linoleic acid metabolism,prob__Lysine degradation,prob__Nicotinate and nicotinamide metabolism,prob__One carbon pool by folate,prob__Pantothenate and CoA biosynthesis,prob__Pentose and glucuronate interconversions,prob__Pentose phosphate pathway,prob__Phenylalanine metabolism,"prob__Phenylalanine, tyrosine and tryptophan biosynthesis",prob__Porphyrin metabolism,prob__Primary bile acid biosynthesis,prob__Propanoate metabolism,prob__Purine metabolism,prob__Pyrimidine metabolism,prob__Pyruvate metabolism,prob__Retinol metabolism,prob__Riboflavin metabolism,prob__Sphingolipid metabolism,prob__Starch and sucrose metabolism,prob__Steroid biosynthesis,prob__Steroid hormone biosynthesis,prob__Tryptophan metabolism,prob__Tyrosine metabolism,prob__Ubiquinone and other terpenoid-quinone biosynthesis,"prob__Valine, leucine and isoleucine biosynthesis","prob__Valine, leucine and isoleucine degradation",prob__Vitamin B6 metabolism
IK_AADLTHQNYQJHQV-SVLGDMRNSA-N,Sphingolipid metabolism,Sphingolipid metabolism,0.44349685,0.015193555,0.0010070489,0.030246263,0.00027221508,0.00010610848,0.004668446,0.019612636,0.0015395789,3.666395e-05,0.0007025847,0.00010745656,0.00011986868,1.1365158e-05,0.0005424708,0.00063256203,0.005528489,0.00898172,0.027288947,0.0015436086,0.00061539235,0.0032059057,0.0018284923,3.2909184e-06,0.19161147,0.018205635,0.00034521258,0.00015668638,0.00010221377,0.031531572,0.0001458467,0.0075070728,0.07705431,0.019133845,0.00016539724,0.00012794218,9.834134e-05,6.7304325e-05,0.00032922637,0.0048543164,0.00021945182,0.023876742,0.0001241419,0.00023863128,0.0013407274,0.00041365877,0.44349685,0.00049915334,0.003361087,0.0068619126,0.002894588,0.0019735706,6.6123765e-05,0.0004458719,1.8678813e-05,0.03893781
IK_ADQUXZRKOKKULD-CZOXBATISA-N,Ascorbate and aldarate metabolism,Linoleic acid metabolism,0.19756515,0.009493311,0.003022614,0.0053471476,0.0017805119,0.002468175,0.083291054,0.0012743678,0.005710623,0.0036790227,0.0010919936,0.004222562,0.0007689013,0.0011268512,0.036539007,0.0008055209,0.017263504,0.0022879129,0.037302762,0.013842145,0.0038103783,0.007657357,0.017601112,0.0024672467,0.086348005,0.0046499376,0.003585045,0.0022485403,0.0016215077,0.19756515,0.0021572765,0.013863891,0.014398187,0.013788259,0.0008452887,0.0047462643,0.005502306,0.006062265,0.0041691074,0.06989825,0.0014132189,0.008950403,0.009713963,0.0021323375,0.025764104,0.004143792,0.048686184,0.002612983,0.020975113,0.11271746,0.010906058,0.03195677,0.0027832615,0.00076934404,0.0006653931,0.021506209
IK_AEAMHDRXCYEOCU-HTDYWKJCSA-N,Linoleic acid metabolism,Linoleic acid metabolism,0.977475,6.385743e-07,9.410302e-11,4.205077e-09,2.0716735e-10,1.13305275e-10,0.0022741011,7.584482e-12,3.5056147e-09,1.9529526e-12,5.7863133e-12,1.7238742e-10,1.3358448e-13,3.6672152e-13,2.656382e-05,7.5888155e-14,1.3221487e-06,1.3056009e-11,0.00012107303,5.450887e-08,4.4565976e-11,1.3614753e-09,3.0022324e-08,4.177385e-13,0.015863033,9.149151e-09,2.1457768e-10,7.4225175e-13,2.040339e-12,0.977475,6.961004e-11,1.3751496e-05,7.669804e-08,4.0622103e-06,2.2851997e-14,4.138616e-11,6.3149974e-10,2.4962e-10,1.681677e-11,0.00028847228,1.03454144e-13,1.2369367e-07,1.6876585e-09,2.2645878e-12,4.8084917e-08,8.268731e-11,4.7953563e-05,2.9996676e-12,5.8841124e-07,0.003752521,6.5249868e-09,0.00013034782,1.1433821e-10,1.8937584e-12,1.1158437e-14,1.6622832e-07
IK_AERBNCYCJBRYDG-RGBJRUIASA-N,Sphingolipid metabolism,Sphingolipid metabolism,0.98209125,1.7967954e-05,3.4318642e-08,0.0035551384,3.059814e-11,2.1621056e-12,4.304935e-07,0.0008051534,1.8793626e-08,2.3576025e-13,5.5399394e-08,1.9353544e-12,6.010305e-11,3.873253e-15,1.5909182e-10,2.5794973e-08,8.5765527e-07,6.252486e-06,6.4814645e-05,1.6193795e-08,1.9600017e-09,2.670274e-07,1.1052565e-08,4.4273393e-17,0.006787395,3.4800276e-05,5.8053297e-12,7.80039e-11,8.305179e-12,6.3671646e-06,1.4008849e-11,2.9644623e-06,0.0046646013,5.6205386e-05,2.578506e-10,8.312531e-12,9.841517e-13,6.8717276e-14,2.0840463e-11,7.5186044e-08,1.093843e-09,0.0010536088,5.75647e-13,1.5781101e-10,1.1072521e-09,5.5359276e-11,0.98209125,1.3737723e-09,1.14486824e-07,2.887093e-08,2.6205932e-08,1.4208615e-09,2.4519023e-13,1.2641629e-08,1.2051037e-13,0.0008515225
IK_AGPKZVBTJJNPAG-UHFFFAOYNA-N,"Valine, leucine and isoleucine biosynthesis","Valine, leucine and isoleucine biosynthesis",0.9923449,0.006597729,1.6558187e-11,3.1839512e-08,4.045258e-07,1.4539107e-10,2.0334595e-14,3.1453973e-09,1.2154077e-12,8.375034e-20,2.4019897e-05,1.1004573e-12,0.00086165324,5.4178394e-12,6.2038964e-24,3.71259e-11,9.105222e-17,9.899272e-12,4.2237674e-26,5.2454247e-19,4.417818e-18,5.1365874e-15,1.5827582e-16,1.0058273e-18,1.3214654e-09,2.9683082e-05,1.3789932e-27,1.3935859e-16,6.048448e-10,3.5830817e-17,2.6946793e-05,6.9704e-13,0.00011453331,6.965546e-10,1.1995119e-09,1.6176712e-19,5.368641e-22,1.3035267e-16,4.0111287e-26,3.4076525e-21,1.7484512e-13,1.1014932e-07,4.8730485e-22,2.6304983e-14,1.5342304e-25,9.770729e-29,1.0399067e-12,9.4022834e-17,2.2584926e-26,5.052796e-19,3.8221874e-14,4.666684e-16,6.0240094e-20,0.9923449,2.6949122e-15,1.817642e-15
IK_AHWXJDWBIIDPKS-TZUVPVEASA-N,Linoleic acid metabolism,Linoleic acid metabolism,0.99162674,2.434466e-08,4.540663e-13,4.6226533e-11,3.2478165e-12,1.2312611e-12,0.0004928741,2.4085295e-14,3.3080937e-11,4.136178e-15,2.1694935e-14,1.7902446e-12,2.2802085e-16,8.994556e-16,2.7864403e-06,6.2558737e-17,4.4848733e-08,5.827611e-14,1.2814202e-05,9.693352e-10,1.0357619e-13,9.1591795e-12,3.8934087e-10,1.2401447e-15,0.006434381,1.5826135e-10,7.45494e-13,1.4107198e-15,6.5001003e-15,0.99162674,4.8366465e-13,1.1859424e-06,1.2947555e-09,2.2085723e-07,2.2592372e-17,1.6558184e-13,7.2576238e-12,3.8504096e-12,4.4499665e-14,4.44502e-05,1.3245656e-16,3.3353216e-09,2.2955225e-11,4.4200195e-15,7.4209316e-10,2.1669058e-13,3.3019908e-06,6.29747e-15,1.30619116e-08,0.0013490238,1.1885239e-10,3.2052114e-05,1.359683e-12,7.127997e-15,1.2231405e-17,2.3462174e-09
IK_ANRKEHNWXKCXDB-BHFWLYLHSA-N,Glycerophospholipid metabolism,Glycerophospholipid metabolism,0.9820915,0.0018079651,2.3201403e-09,9.1336136e-07,5.87816e-07,3.0065864e-10,2.650874e-07,2.3331407e-07,8.327297e-07,2.6849411e-15,3.5765049e-09,5.2656235e-10,1.4860449e-10,1.2673612e-13,4.5806156e-10,5.550448e-10,7.0878755e-06,1.1572481e-08,3.6699996e-07,3.7536843e-08,9.396071e-10,6.1176895e-09,2.3450625e-10,1.753267e-15,0.9820915,0.0016482886,5.775958e-10,1.5734624e-12,3.2051663e-11,0.00031157566,3.9439205e-10,0.0007239865,2.9177087e-05,0.011619749,5.5068285e-12,3.5583455e-12,2.6519938e-13,3.8679313e-11,4.0818758e-11,1.0147719e-06,4.5377298e-13,0.0007047918,7.61044e-12,4.8109346e-12,8.9693634e-11,9.5354575e-12,0.0010274625,4.793248e-12,4.2116937e-09,1.8150517e-05,8.919387e-09,6.037471e-06,9.054115e-12,1.2514601e-08,2.9022517e-14,4.691609e-08
IK_ASWVTGNCAZCNNR-UHFFFAOYSA-N,Pentose and glucuronate interconversions,Linoleic acid metabolism,0.2309156,0.011623873,0.0023532487,0.011656882,0.0017091186,0.0015331863,0.052329518,0.0019768407,0.0049096267,0.00042447762,0.0013331088,0.0017141519,0.0004017036,0.00024038239,0.05873194,0.0007711102,0.02016034,0.0016115388,0.1179221,0.007330204,0.0015731824,0.006022228,0.004198299,0.0001231854,0.100979194,0.0062092887,0.0010596847,0.00052165653,0.00074317586,0.2309156,0.00060463056,0.12650594,0.019112732,0.04583857,0.00029897148,0.0015294944,0.0027259646,0.00044050193,0.001096046,0.017228866,0.00040467278,0.023846058,0.00083565555,0.0011432726,0.0032316262,0.0009282078,0.046058055,0.0011994707,0.008288003,0.01418998,0.003098606,0.008583106,0.0015737977,0.00040184497,0.00023113833,0.019525897
IK_ATHVAWFAEPLPPQ-VRDBWYNSSA-N,Linoleic acid metabolism,Linoleic acid metabolism,0.991629,4.638091e-08,1.8712542e-12,2.892978e-10,8.260629e-12,3.2429834e-12,0.0004306581,2.8578412e-13,1.2167231e-10,1.8612853e-14,1.2384469e-13,4.232036e-12,7.6495434e-16,3.4235304e-15,1.7460676e-05,6.2773823e-16,8.604816e-08,9.448895e-13,8.515357e-05,1.882749e-09,5.0836256e-13,5.3439336e-11,1.1618766e-09,2.3737815e-15,0.006899528,7.561686e-10,2.7267435e-12,1.008495e-14,3.2583938e-14,0.991629,8.5748444e-13,5.209448e-06,7.850357e-09,6.886587e-07,1.295238e-16,1.0197028e-12,5.870966e-11,6.8608405e-12,3.0143853e-13,4.873166e-05,6.20432e-16,1.2475707e-08,4.1201962e-11,2.7286762e-14,1.4330577e-09,7.4099613e-13,1.415945e-05,4.9682484e-14,2.6641937e-08,0.0008502013,4.1706427e-10,1.9122468e-05,7.907148e-12,2.5596799e-14,7.342976e-17,1.5192978e-08
IK_AXZGUCXCTZMPTR-UVGACIQRSA-N,Linoleic acid metabolism,Linoleic acid metabolism,0.95537966,4.5131105e-06,8.73457e-10,3.0028207e-08,4.490046e-09,1.4149727e-09,0.0025028344,1.3252383e-10,2.6489086e-08,1.1637948e-11,9.24548e-11,1.7355399e-09,3.2077542e-12,4.9803542e-12,3.412627e-05,1.3404696e-12,5.229726e-06,1.6011056e-10,0.00019594873,2.3727067e-07,3.2983338e-10,7.554762e-09,6.991842e-08,3.4112253e-12,0.035913695,9.640896e-08,1.9507247e-09,7.076351e-12,3.1727555e-11,0.95537966,7.4415485e-10,7.4807176e-05,3.657016e-07,2.4958194e-05,4.5857355e-13,2.1975287e-10,2.6684002e-09,1.7008877e-09,1.3614558e-10,0.00035992023,1.4984913e-12,8.4043256e-07,7.044056e-09,2.534796e-11,1.2067946e-07,5.627127e-10,9.9718214e-05,2.912473e-11,1.2500597e-06,0.0049696136,3.1773144e-08,0.0004314043,9.363464e-10,3.473999e-11,1.9720143e-13,4.235571e-07
IK_BCDGQXUMWHRQCB-UHFFFAOYSA-N,"Glycine, serine and threonine metabolism","Glycine, serine and threonine metabolism",0.6928201,0.18636376,8.461487e-08,4.091054e-05,0.08581972,0.00011377638,2.0469155e-07,0.00023409026,8.7361843e-07,1.601041e-11,1.6558022e-05,3.8721964e-06,8.633104e-05,4.6634057e-07,2.4982152e-09,5.4319127e-08,4.2501608e-08,0.00016442905,7.509233e-10,6.2403877e-10,1.4375372e-10,6.007086e-09,1.09502425e-08,1.1760041e-09,0.012444617,0.6928201,1.3790172e-12,1.8730513e-09,2.45197e-06,2.08258e-06,9.9497374e-05,0.00011868028,0.0143618295,0.0009509842,5.4405837e-07,7.520614e-10,2.240975e-09,4.509637e-07,6.2002447e-12,4.693761e-08,2.674051e-09,0.00025232695,8.4978197e-10,7.556046e-09,7.29523e-12,2.921794e-14,1.6364536e-05,8.0060647e-10,6.10745e-12,1.769084e-07,6.628475e-06,4.716833e-05,2.4567015e-07,0.006030575,1.5039035e-08,2.0141156e-08
IK_BJEPYKJPYRNKOW-UHFFFAOYSA-N,Citrate cycle (TCA cycle),Histidine metabolism,0.3427721,1.7945358e-05,0.0070038373,0.00011769212,3.306701e-06,0.0002394954,0.0031575023,6.124072e-07,0.0001877662,0.033794332,0.0009957467,0.14755157,0.012418497,0.020583527,0.00010213199,0.00016668455,6.137628e-06,1.8538574e-05,3.4784796e-07,0.00019254487,6.535325e-05,0.009867503,0.032064803,0.0024826017,6.285248e-05,1.5466429e-05,6.235616e-07,0.035323117,0.3427721,3.9183185e-05,0.0020486563,4.015891e-06,0.000545465,1.7017193e-05,0.010994171,0.10414263,0.00059278397,0.00031299575,0.0024976018,0.00046961612,0.025252342,2.0238562e-05,0.008479422,0.123494454,0.00062423287,2.1496644e-06,3.7016484e-06,0.0331288,8.489675e-06,6.099513e-06,0.00030270405,5.8207536e-07,6.1796134e-05,8.598895e-06,0.036882974,0.00084670197
IK_BKAJNAXTPSGJCU-UHFFFAOYSA-N,"Valine, leucine and isoleucine biosynthesis",Cysteine and methionine metabolism,0.6890969,0.002785277,3.5721382e-07,6.372362e-07,1.8396578e-07,1.4929997e-08,8.022002e-11,7.590854e-10,2.7067262e-10,5.865499e-14,0.0118365595,5.007098e-09,0.6890969,5.747089e-08,1.8160157e-20,4.0122448e-08,1.5156303e-14,3.5734835e-11,9.135145e-24,3.5431928e-15,2.2999086e-14,1.9183242e-10,3.6279146e-12,3.3413468e-14,8.319925e-10,9.80202e-07,5.4449692e-24,8.493792e-12,1.2638238e-05,6.311342e-15,0.005149448,1.1966474e-11,0.000432238,4.4402584e-09,8.696553e-06,3.7891172e-14,1.5518305e-17,1.8161252e-14,4.336133e-21,4.434971e-19,8.827376e-09,4.9819533e-07,8.696384e-18,7.789478e-09,3.0124444e-21,5.0442133e-24,5.5893696e-13,2.2063767e-11,2.6117288e-23,7.202958e-18,9.923389e-13,1.2738803e-15,6.486688e-17,0.29067534,5.3666066e-10,3.0701513e-12
IK_BNLANPMAYYCMLY-LCXZALMSSA-N,Linoleic acid metabolism,Linoleic acid metabolism,0.7876409,5.7166777e-05,5.5385385e-07,1.6225335e-06,2.255657e-08,3.0654796e-08,0.08242873,7.4459336e-09,6.6623425e-06,1.9249156e-07,9.76577e-09,2.6791687e-07,1.3939008e-09,5.6125904e-09,0.0004329105,4.3896207e-09,0.0004050113,9.089236e-09,0.0009867611,0.00011395055,2.6299099e-06,5.9423496e-06,0.00027584398,2.3184691e-08,0.038196873,1.5042449e-06,4.696806e-06,3.2916034e-08,1.6142453e-08,0.7876409,1.6079912e-07,6.1951185e-05,5.5871384e-05,9.648261e-05,1.6224614e-09,7.0818305e-07,4.4163266e-07,2.1628271e-07,8.751535e-07,0.031519115,1.2519089e-08,1.1129661e-05,1.14586355e-05,5.999468e-08,0.00039745885,7.989308e-06,0.0032680822,1.520551e-07,0.0025044044,0.050276518,4.6382943e-06,0.00097055983,2.4739595e-08,5.6759557e-09,5.3528315e-10,0.00024937748
IK_BPZXYEUJBFHASJ-UUOKFMHZSA-N,Drug metabolism - other enzymes,Purine metabolism,0.86531836,0.004566067,0.008805853,0.0015353244,6.503126e-08,1.5200361e-09,0.0001328914,9.3679097e-07,0.0034946988,9.9152455e-09,0.0065913745,3.4830176e-08,3.0436653e-05,1.1648077e-09,1.1309143e-09,0.012078226,0.042845853,3.0926455e-09,2.313257e-08,0.002130982,0.009249928,0.002819576,2.2782026e-05,2.231175e-10,0.0004206582,0.00022010782,1.6281479e-06,5.6792805e-07,5.33773e-07,1.197348e-06,7.5388283e-07,0.0004306905,0.005282925,0.025539674,2.1914442e-05,1.9501613e-07,2.0357426e-11,7.0901965e-11,2.4129807e-07,1.8578548e-07,2.2129963e-05,0.86531836,1.6222386e-09,1.4868043e-05,5.479893e-07,2.6209239e-06,0.005146728,4.178137e-05,1.3745198e-05,2.0971078e-07,2.3098092e-08,7.240384e-08,6.5557304e-12,3.1596668e-05,1.0730471e-08,0.003180958
IK_CJGVDSGIQZDLDO-BMYWYRRPSA-N,Sphingolipid metabolism,Sphingolipid metabolism,0.99225473,8.643702e-07,7.99921e-11,4.7433372e-05,1.3131821e-13,9.186979e-16,8.216263e-09,1.086306e-05,9.366341e-11,1.3466617e-16,4.157018e-11,1.8192942e-15,1.2924131e-14,5.36284e-19,5.268607e-13,1.3315448e-11,1.8486556e-08,2.2632443e-07,7.5395265e-06,1.3815335e-10,7.585799e-12,2.242246e-09,3.6123293e-10,4.1370958e-21,0.006954255,2.6289058e-06,1.7788954e-13,6.3449036e-14,5.8528494e-15,2.5350942e-06,1.7502533e-14,1.8987103e-08,0.00064421503,2.0632983e-06,9.3344745e-14,1.3412799e-14,1.2180895e-15,3.141323e-16,3.4840506e-13,1.1299807e-08,4.918043e-13,1.2167303e-05,8.679434e-15,1.389014e-13,4.0091278e-11,9.420799e-13,0.99225473,5.4233536e-12,4.7568043e-09,1.4221634e-08,9.563895e-10,1.3442228e-10,2.6349967e-16,1.6842644e-11,1.0727715e-17,6.0438142e-05
IK_CKLJMWTZIZZHCS-REOHCLBHSA-N,Arginine biosynthesis,Lysine degradation,0.46125716,0.0060260417,5.1644256e-05,5.3478805e-05,0.0004132433,0.02023192,1.0930019e-05,2.3207833e-06,7.95362e-07,1.6201162e-05,0.0010721686,0.010265728,0.26807013,0.16263986,1.2729061e-08,3.6222252e-06,2.8169844e-09,2.6222979e-05,8.685486e-12,4.0285153e-09,2.0215347e-09,1.8109475e-06,0.00016959076,0.00015314636,4.8313077e-06,3.2928518e-05,4.400816e-13,5.084407e-05,0.031484835,4.7027922e-07,0.46125716,4.704636e-07,0.016482634,1.5508998e-06,0.012022478,1.0041042e-05,1.674464e-05,1.7844153e-05,3.6230022e-10,5.1858544e-09,0.00018464719,4.180136e-06,1.4251605e-06,0.001012804,8.437368e-10,3.62004e-13,7.770233e-09,5.4703464e-06,1.2111204e-11,3.993385e-09,7.220427e-05,1.962926e-07,1.1874452e-05,0.0056699137,0.002443409,2.19907e-06
IK_COCMFMBNEAMQMA-VGKGADPCSA-N,Fructose and mannose metabolism,Primary bile acid biosynthesis,0.9016459,1.8465199e-09,3.6901199e-07,1.204521e-08,1.4387823e-12,4.6241448e-11,0.064912856,4.619521e-13,2.782772e-07,3.8335882e-05,2.483536e-10,9.2455264e-07,2.2691949e-11,4.3963158e-09,0.0012829186,2.4977445e-10,2.9010291e-06,5.5285953e-11,7.616809e-06,3.6480717e-05,1.1929098e-06,2.7775015e-05,0.01503411,2.7418014e-07,7.741867e-05,1.14413e-08,2.261806e-07,1.0540904e-06,1.9231082e-07,0.0014679838,9.432414e-10,5.495599e-09,4.768598e-07,6.644088e-08,7.510458e-10,0.000322092,6.34548e-07,2.5787045e-07,0.0003409963,0.9016459,9.739752e-08,7.53586e-09,0.0013229235,5.552135e-07,0.010538247,1.6032025e-06,4.54668e-05,2.099998e-05,0.0009305435,0.0018236228,7.349683e-07,3.8635224e-07,2.1626747e-09,1.1563057e-12,2.6475868e-09,0.00011122081
IK_CVSVTCORWBXHQV-UHFFFAOYSA-N,Arginine and proline metabolism,Arginine and proline metabolism,0.5050464,0.17209612,1.3427644e-10,3.2416347e-07,0.5050464,0.00017531918,1.7817269e-09,5.1059706e-06,1.9458202e-09,1.8999428e-14,1.05581755e-07,3.841435e-07,7.806948e-06,1.1435168e-07,1.8952949e-11,1.8007791e-11,3.8261994e-11,2.1444172e-05,3.8424822e-13,1.3501946e-13,1.4086602e-14,2.758373e-12,1.9848934e-10,3.378967e-11,0.0018621944,0.3142164,1.573545e-16,4.3253244e-12,9.271801e-08,6.1409466e-08,5.423154e-05,2.0693396e-06,0.0050937193,2.2183047e-05,1.1285244e-08,2.5502265e-12,4.9522445e-11,3.5907142e-08,2.1677087e-15,2.7299288e-10,3.4298202e-12,1.9881238e-06,1.732116e-11,2.3111348e-11,4.3098853e-15,6.41538e-19,8.8780894e-08,8.3789654e-13,2.3483088e-15,1.7604049e-09,1.5395929e-06,6.486476e-05,4.5169614e-08,0.0013272741,1.9754173e-10,3.7210842e-11
IK_DCXYFEDJOCDNAF-REOHCLBHSA-N,"Alanine, aspartate and glutamate metabolism","Valine, leucine and isoleucine biosynthesis",0.5406702,0.26023707,8.6882204e-07,4.4941695e-05,0.0071091037,0.0013706821,1.5556678e-07,1.9524025e-05,1.7148975e-07,2.015195e-09,0.00056835904,2.1208232e-05,0.051258393,0.00028979938,1.4229477e-11,7.0827383e-07,7.60722e-10,1.0025017e-05,8.131413e-14,6.5960536e-11,7.029006e-11,7.792349e-09,1.3556941e-07,9.344869e-08,1.5156002e-05,0.0019748255,2.644695e-15,3.428251e-08,0.00011208107,2.154218e-08,0.09150224,6.136009e-07,0.04462471,5.284224e-06,0.00013494104,1.7454833e-09,3.0592027e-09,1.5732611e-07,6.5697766e-14,3.7608996e-11,3.8826602e-07,2.3714589e-05,2.268805e-10,6.2003033e-07,2.593802e-13,8.524842e-16,3.769135e-08,5.227177e-09,3.806685e-14,3.204817e-10,2.0308232e-06,1.6748619e-07,3.0688998e-08,0.5406702,1.3275943e-06,1.8964009e-08
IK_DIJBBUIOWGGQOP-QGVNFLHTSA-N,Steroid hormone biosynthesis,Steroid hormone biosynthesis,0.9995141,3.6176082e-18,7.427683e-21,3.311407e-18,2.8915993e-19,7.6398355e-17,1.608298e-07,9.307795e-23,2.5724388e-20,2.3235156e-14,3.2584454e-22,7.036093e-13,2.8983507e-24,5.373717e-17,2.6356372e-06,9.5282495e-27,4.9840577e-17,1.8956657e-16,4.779331e-12,9.358705e-16,1.6331631e-23,7.252888e-19,4.6453567e-11,7.27672e-12,2.8385995e-07,1.8475957e-17,1.6876354e-24,2.254563e-15,4.0542213e-17,2.0256784e-05,8.961179e-19,3.8085738e-17,5.045274e-16,1.8774216e-17,1.7975576e-21,3.529395e-14,2.1830357e-11,1.2240707e-06,4.7616483e-17,0.00045547742,7.8931396e-20,1.3116268e-17,5.2969924e-08,8.83393e-20,1.6899601e-10,5.648325e-24,1.1639626e-09,7.407487e-19,1.0473424e-14,0.9995141,2.4696575e-08,5.9642252e-06,6.3436935e-13,9.5144035e-21,4.9182295e-20,3.8997736e-15
IK_DLRVVLDZNNYCBX-ABXHMFFYSA-N,Galactose metabolism,Starch and sucrose metabolism,0.2632323,4.0654893e-05,0.054476757,9.552457e-05,3.1756474e-07,1.5181146e-06,0.03192856,1.52269e-07,0.003801724,0.004423938,0.00037964215,0.0008343808,0.0004170365,0.00010373104,9.2068956e-05,0.000494433,0.0013743677,4.343585e-07,5.308021e-06,0.015405091,0.047757894,0.22528973,0.10070762,5.4332628e-05,0.00019682497,2.0941401e-05,0.0011041149,0.003450835,0.006810445,0.00030760124,6.274807e-05,1.7562614e-05,0.0011389933,0.00025126172,0.0012825179,0.03505263,1.419207e-05,1.5142741e-06,0.09142624,0.002865483,0.008265154,0.00019882439,0.0028300758,0.024589594,0.030629085,0.009142495,0.00024723256,0.2632323,0.012630291,1.4932683e-05,1.9762265e-05,2.8671925e-06,1.0835372e-06,7.194897e-07,0.0005510712,0.015955288
IK_DTUQWGWMVIHBKE-UHFFFAOYSA-N,Phenylalanine metabolism,Tryptophan metabolism,0.71257114,1.0530982e-05,3.4458386e-10,6.023466e-08,0.0002681329,0.014724666,2.0159835e-06,3.346967e-08,4.097783e-10,4.832301e-07,4.52809e-09,0.0024263186,1.1339956e-07,0.0023112625,7.4575175e-05,9.186089e-12,5.118581e-10,9.259353e-05,8.723428e-09,2.0317713e-10,1.4053208e-13,9.145884e-11,9.331049e-05,0.017947612,0.00015918538,3.5122944e-06,2.0709513e-14,3.3500426e-06,2.4999943e-06,6.52537e-05,4.3962234e-05,1.4545662e-07,6.988607e-05,4.6345708e-08,2.2373245e-06,1.0109275e-06,0.0036241342,0.07744973,3.949799e-10,2.4265939e-05,2.2709692e-08,6.889479e-08,0.0033145472,5.1724566e-08,2.5551375e-07,4.8926846e-15,4.4979151e-07,1.4481977e-09,1.1535692e-09,0.0008634701,0.71257114,0.14318767,0.02065591,2.2492407e-06,3.0758786e-06,5.7441905e-08
IK_DZGWFCGJZKJUFP-UHFFFAOYSA-N,Tyrosine metabolism,Tyrosine metabolism,0.9963158,5.0714134e-06,1.4849218e-12,1.155133e-09,0.0008833091,0.0002689724,1.1389055e-07,2.304981e-09,4.838377e-12,1.8509359e-12,2.0629956e-11,8.0025904e-07,1.03962956e-10,1.2119033e-07,7.401388e-06,2.890633e-15,3.2109558e-11,2.2865847e-06,6.1603243e-09,1.0871258e-12,1.231332e-16,4.6422756e-13,3.185327e-09,3.1612228e-07,0.0008127656,1.7450283e-06,5.148075e-17,6.294089e-11,1.1411962e-09,0.00030540104,4.386787e-08,6.0468625e-07,1.6643286e-06,8.801049e-08,3.014195e-10,7.843481e-11,4.386323e-06,7.606747e-05,8.884814e-14,4.55826e-07,7.086703e-13,3.2557082e-08,2.1231321e-07,3.3105309e-12,6.3123146e-11,3.2149152e-18,1.3961497e-07,5.418247e-13,2.7010078e-12,9.8013326e-05,0.00038353298,0.9963158,0.0008307232,1.1331953e-08,2.458182e-10,1.05146315e-10
IK_FAUYAENFVCNTAL-PFFNLMTBSA-N,Linoleic acid metabolism,Linoleic acid metabolism,0.99224186,1.9286004e-08,2.9581402e-13,3.2602133e-11,2.1397023e-12,7.7256094e-13,0.0004361045,1.5210994e-14,2.3265324e-11,2.3864834e-15,1.3282736e-14,1.1411375e-12,1.2905378e-16,5.045019e-16,2.1731723e-06,3.5567552e-17,3.549723e-08,3.5799763e-14,1.0760728e-05,7.075771e-10,6.7002264e-14,6.2676557e-12,2.7582409e-10,6.6476093e-16,0.006064001,1.14883464e-10,5.1342177e-13,7.984362e-16,3.9066333e-15,0.99224186,3.093955e-13,9.836988e-07,9.621314e-10,1.8105719e-07,1.21758e-17,1.0282449e-13,4.619893e-12,2.3588184e-12,2.778861e-14,3.7407353e-05,7.337515e-17,2.5018796e-09,1.496831e-11,2.6577078e-15,5.2450244e-10,1.440778e-13,2.7740823e-06,3.789748e-15,1.0026825e-08,0.001177183,7.994165e-11,2.6627216e-05,8.420803e-13,4.288928e-15,6.397084e-18,1.7602182e-09
IK_FBCNXALHPSQUQY-WKABSKOFSA-N,Linoleic acid metabolism,Linoleic acid metabolism,0.97632456,6.3319476e-07,5.774834e-11,3.0462455e-09,4.2017523e-10,1.4505448e-10,0.0013377036,6.890955e-12,2.2163027e-09,7.950702e-13,5.0631157e-12,1.8205608e-10,1.1611658e-13,2.7999754e-13,1.7616368e-05,3.645577e-14,8.266462e-07,1.25835705e-11,7.934116e-05,3.0728806e-08,1.5119335e-11,6.741123e-10,1.0506024e-08,2.750678e-13,0.018507924,9.865939e-09,9.2208574e-11,3.7999888e-13,1.823165e-12,0.97632456,5.7492382e-11,1.6848448e-05,4.7079435e-08,4.1551857e-06,1.4700247e-14,1.872559e-11,4.4534948e-10,2.742871e-10,7.4882114e-12,0.0001721115,5.954718e-14,1.14412146e-07,1.0366661e-09,1.1979527e-12,1.9101579e-08,2.7451513e-11,2.8226741e-05,1.5012457e-12,2.073009e-07,0.0033178858,5.1584075e-09,0.00019170145,1.359644e-10,1.8956254e-12,7.981127e-15,6.004577e-08
IK_FVXDQWZBHIXIEJ-LNDKUQBDSA-N,Linoleic acid metabolism,Linoleic acid metabolism,0.9544492,5.0442945e-06,1.0726343e-09,3.7121715e-08,5.3214153e-09,1.7358417e-09,0.002567077,1.7652725e-10,3.1893006e-08,1.5034108e-11,1.1647394e-10,2.0861748e-09,4.0719012e-12,6.473197e-12,4.0879422e-05,1.8021352e-12,5.806213e-06,2.1590364e-10,0.00022937392,2.6971915e-07,4.1086035e-10,9.320671e-09,8.2167496e-08,4.268057e-12,0.036658533,1.1509071e-07,2.347765e-09,9.304174e-12,4.0243874e-11,0.9544492,8.842995e-10,8.64557e-05,4.4021394e-07,2.796503e-05,6.050875e-13,2.796688e-10,3.4577148e-09,2.0118687e-09,1.7304656e-10,0.00037770654,1.946318e-12,9.71359e-07,8.186772e-09,3.2901206e-11,1.3866433e-07,6.868501e-10,0.00011281349,3.8155153e-11,1.4170156e-06,0.0049939137,3.7948723e-08,0.00044111584,1.2041174e-09,4.3537163e-11,2.6775722e-13,5.071647e-07
IK_GHCZAUBVMUEKKP-PNNZQWTHSA-N,Primary bile acid biosynthesis,Primary bile acid biosynthesis,0.97282547,4.4239525e-14,7.951057e-10,7.9591477e-13,6.005891e-19,1.1273093e-16,0.019690024,8.7662934e-20,2.8220132e-10,4.746533e-07,5.577356e-15,1.3137262e-09,1.6463685e-16,3.7800557e-13,2.0436031e-05,6.726549e-15,5.2021445e-09,1.0924755e-16,5.6168084e-09,4.0443896e-07,6.523595e-09,4.78575e-07,0.0051090545,1.220898e-10,2.6669065e-07,9.842456e-13,3.6155426e-10,1.9649575e-09,2.7447108e-10,1.7690802e-05,2.5518163e-14,1.5825388e-13,2.3812646e-10,1.2487587e-11,3.716711e-14,1.9138428e-05,2.935415e-10,3.6194183e-11,3.4630502e-05,0.97282547,7.727296e-11,3.688718e-13,8.743767e-05,1.4585623e-09,0.002108614,1.0067104e-08,1.1362492e-07,5.0622896e-07,6.763338e-05,1.6398526e-05,2.5012337e-10,5.182066e-11,4.5625907e-14,5.306796e-19,3.637422e-13,1.317545e-06
IK_GHOKWGTUZJEAQD-ZETCQYMHSA-N,Pantothenate and CoA biosynthesis,One carbon pool by folate,0.19593215,0.028207513,0.00431788,0.13662745,0.008696051,0.011058064,0.008686573,0.13790822,0.0011848719,0.0007251671,0.018755712,0.006871735,0.008070369,0.0017857833,0.012761199,0.0030827096,0.0010196447,0.119746156,0.020114109,0.00082015386,0.00014252633,0.0041859606,0.0020508051,0.00020486518,0.025412362,0.016053488,6.4279056e-06,0.0038407557,0.009438664,0.0110275075,0.0029121977,0.037531253,0.19593215,0.013054796,0.006382795,0.00166373,0.0062439987,0.00049022125,0.00012050446,0.0007401958,0.0048844274,0.050692204,0.00017679045,0.005040851,0.00019446088,1.0692503e-05,0.022036433,0.0011337034,0.0001313681,0.00040415477,0.0066584186,0.000968173,0.0034839755,0.009317051,0.0057284995,0.021264268
IK_GIQXKAXWRLHLDD-VYACWCJYSA-N,Ascorbate and aldarate metabolism,Ascorbate and aldarate metabolism,0.8257772,1.053922e-06,1.5132347e-05,8.398193e-07,1.5611012e-11,8.772537e-11,0.8257772,1.5512707e-11,1.6934919e-05,1.5756856e-06,7.3438278e-09,3.5854725e-08,6.902254e-10,8.4231416e-10,0.0005975549,5.5172656e-08,0.0024012756,5.750205e-12,0.00020889759,0.001354904,0.0005273557,0.0005127462,0.014987227,1.7262309e-09,0.00016412501,5.5516256e-08,3.4219785e-05,6.8435064e-08,2.7548667e-08,0.0063476497,7.934243e-09,8.27601e-06,3.7816277e-05,1.720702e-05,3.8141086e-09,3.5658635e-05,4.0778797e-08,7.1758356e-11,7.365881e-05,0.017234081,1.0823504e-07,6.1143123e-06,5.9241715e-06,2.02677e-06,0.0023576338,0.00034935222,0.00026676297,1.488709e-05,0.116424024,2.1270602e-05,2.2438854e-08,2.159514e-07,1.11471436e-10,1.3181645e-11,1.7643249e-09,0.010195936
IK_GOQGGGANVKPMNH-UHFFFAOYSA-N,Tyrosine metabolism,Tyrosine metabolism,0.99023926,8.696968e-07,1.0866859e-15,1.01483075e-11,0.00043348578,0.0010052563,1.1531398e-09,2.231126e-11,2.9821671e-15,2.2149353e-13,1.4785356e-13,1.1474875e-06,1.0416269e-11,1.3303652e-06,7.2223685e-08,2.833846e-18,2.3861785e-14,3.3561437e-07,1.6787728e-12,3.7821694e-16,6.332935e-21,6.713389e-17,3.3898353e-09,3.2507078e-06,1.1607321e-05,7.4062456e-08,1.5446464e-21,6.448861e-12,8.305909e-11,2.353313e-06,6.674046e-08,1.1906933e-09,5.865736e-07,1.2922309e-10,8.484183e-11,2.3200647e-12,3.874851e-06,0.00011038744,4.953619e-17,8.637941e-09,2.0110815e-14,1.023544e-10,3.8770813e-07,7.3624626e-14,8.1928035e-13,6.793385e-23,4.084298e-10,8.955319e-16,7.815086e-15,2.0937348e-06,0.007526079,0.99023926,0.0006573954,6.1398615e-09,4.2015457e-11,1.0532457e-12
IK_GUMSBNXGPBAONF-UBRVPYPMSA-N,Glycerophospholipid metabolism,Glycerophospholipid metabolism,0.9440658,0.016818175,3.677838e-07,8.002196e-06,1.4920944e-05,4.2121904e-08,1.6936046e-05,1.3492058e-06,4.4076856e-05,6.6183304e-12,2.646477e-07,9.622161e-08,3.9283734e-08,1.7777171e-10,1.1305668e-08,4.5741128e-08,0.00037226063,1.05661236e-07,1.4968255e-06,5.6626495e-06,4.5964603e-07,4.5731466e-07,1.2321729e-07,6.0211298e-12,0.9440658,0.0025229573,6.3755795e-07,5.7085636e-10,6.905601e-09,0.003119441,2.181925e-07,0.0011295384,0.0002732693,0.024773108,2.8205496e-09,1.269153e-09,4.322655e-11,5.0599414e-09,2.3371731e-08,3.3286095e-05,4.9311055e-10,0.0032387627,7.406438e-09,2.3248918e-09,7.20378e-08,2.3614597e-08,0.002835182,2.2091124e-09,1.3025671e-06,0.00040909753,3.735029e-07,0.00030896004,4.1271714e-10,9.562075e-07,2.1074734e-11,2.1741907e-06
IK_GYJSAWZGYQXRBS-GRJZKGIBSA-N,Primary bile acid biosynthesis,Primary bile acid biosynthesis,0.73334324,2.2144354e-11,1.974184e-07,2.1799053e-10,1.8049122e-16,1.07095195e-14,0.18244284,8.055947e-17,5.170927e-08,4.919408e-06,1.9288356e-12,1.1973763e-08,9.1181565e-14,1.2350039e-11,0.000101190155,8.57622e-12,1.2938394e-06,8.69954e-15,3.157416e-07,2.9617793e-05,3.0657045e-06,5.2455576e-05,0.06417886,6.5486877e-10,3.1819993e-06,9.927668e-11,1.4945289e-07,4.6273804e-08,7.78742e-09,0.00013270418,3.4516498e-12,7.3940985e-11,5.7928208e-08,3.1034881e-09,9.826835e-12,0.00027457863,3.0838978e-09,3.9413982e-11,0.0007596978,0.73334324,7.0080537e-09,1.6544353e-10,0.00014912651,1.5049727e-07,0.013552696,3.933425e-06,3.7291813e-06,2.763624e-05,0.004748281,1.3380336e-05,1.7791743e-09,5.6660115e-10,8.064019e-13,1.5574041e-16,3.7740013e-11,0.00017266771
IK_HLAWVOWADPNAGN-BAHZUFOISA-N,Steroid biosynthesis,Ascorbate and aldarate metabolism,0.3307425,0.00030835217,0.00030323036,0.00050341,1.1338732e-06,3.8910434e-06,0.3307425,3.7012849e-06,0.00050141563,0.00027548787,1.187141e-05,5.2476415e-05,2.0639336e-06,4.32413e-06,0.039419465,2.0763922e-05,0.0075846263,5.3933454e-06,0.035078827,0.0048448425,0.0008382929,0.0027085908,0.030868454,1.049264e-05,0.020701375,8.6948115e-05,0.000398866,8.004766e-05,1.8125438e-05,0.1746732,1.8231432e-05,0.0012197479,0.0037574375,0.001271982,5.0336653e-06,0.0012806093,0.00017810529,1.2146697e-05,0.0010373594,0.16033381,3.894353e-05,0.00063931063,0.00089309533,0.00011268497,0.015857497,0.0009508053,0.034424175,0.00035682446,0.05914809,0.014054611,0.00021535005,0.00045020605,8.020227e-06,1.091051e-06,2.778598e-06,0.053679757
IK_IESVDEZGAHUQJU-ZLBXKVHBSA-N,Linoleic acid metabolism,Linoleic acid metabolism,0.9921256,2.0787798e-08,3.323488e-13,3.7011366e-11,2.360968e-12,8.632254e-13,0.0004396306,1.8002264e-14,2.6113665e-11,2.7249116e-15,1.5153472e-14,1.261635e-12,1.4797063e-16,5.8285354e-16,2.4093788e-06,4.2536526e-17,3.795205e-08,4.2384902e-14,1.1866755e-05,7.6143747e-10,7.673333e-14,7.0497722e-12,3.0097622e-10,7.3707425e-16,0.006179158,1.2876712e-10,5.767753e-13,9.298104e-16,4.4449905e-15,0.9921256,3.4140426e-13,1.0930347e-06,1.0763294e-09,1.9622392e-07,1.4240942e-17,1.1712471e-13,5.289571e-12,2.5428095e-12,3.1922303e-14,3.8161557e-05,8.4424416e-17,2.7409177e-09,1.6123245e-11,3.081834e-15,5.615152e-10,1.621776e-13,2.9896944e-06,4.4021298e-15,1.0779201e-08,0.0011722818,8.791361e-11,2.6657022e-05,9.560794e-13,4.893296e-15,7.540146e-18,1.956717e-09
IK_ISIJQGZVIFYXMD-QMUWONGRSA-M,Porphyrin metabolism,Porphyrin metabolism,0.5372502,1.728638e-07,0.00039043478,9.368548e-09,4.9044463e-11,1.5593167e-10,0.0010450839,1.8944848e-12,0.00019324181,0.00014795593,3.080912e-08,2.640528e-05,5.405261e-08,1.9574047e-07,1.4461352e-07,5.8180984e-08,1.831147e-05,1.5465006e-10,2.956881e-09,0.0008622547,0.006816402,0.011333359,0.1460606,3.5436824e-07,2.7359805e-05,1.2864082e-07,0.002502244,5.3007676e-05,7.8289544e-05,6.170504e-05,8.7513264e-08,8.8082536e-10,1.1312958e-05,5.6207995e-07,5.7615716e-07,0.004051759,1.0126069e-08,1.3519456e-08,0.5372502,0.0073831338,4.151302e-05,2.4528152e-08,0.0071426183,0.00023521262,0.17506225,0.020928387,1.46408365e-05,0.06777061,0.010325159,1.1661444e-05,4.381271e-07,1.4750162e-07,4.3736956e-10,6.6647625e-11,2.968491e-07,0.00015139383
IK_IXYVBZOSGGJWCW-UHFFFAOYSA-N,Drug metabolism - cytochrome P450,Glycerophospholipid metabolism,0.5709317,0.02549541,0.00017719532,0.0045614433,0.0083072,0.0009363644,0.002055101,0.00674945,0.00097654026,3.5658493e-06,0.00026473354,0.00042297764,9.384567e-05,2.150913e-05,0.0029620943,4.5016997e-05,0.0010812733,0.009404668,0.0113710025,0.00024361804,2.9351759e-05,0.00040926394,7.9688325e-05,3.874611e-06,0.5709317,0.05505016,2.098646e-05,3.096721e-05,0.00017485207,0.08623571,0.00012989591,0.05426027,0.017179422,0.04312486,3.165448e-05,4.585526e-05,0.00016969223,0.000328978,4.181545e-05,0.0028795742,1.3313917e-05,0.01681758,5.430402e-05,4.1898675e-05,6.595133e-05,5.8630726e-06,0.048783563,4.0850806e-05,0.000113186536,0.010337537,0.0018290025,0.013345346,0.0008624465,0.00041863188,1.4794857e-05,0.0009240999
IK_JAZBEHYOTPTENJ-JLNKQSITSA-N,Biosynthesis of unsaturated fatty acids,Biosynthesis of unsaturated fatty acids,0.9790517,5.0707007e-05,1.6779357e-10,0.00833671,5.1459836e-08,4.492807e-09,3.6267717e-10,0.9790517,7.799848e-12,1.3332581e-14,1.6518494e-06,4.171879e-11,1.607259e-07,1.2231946e-12,2.796526e-12,1.2493404e-10,3.600135e-13,0.006888564,7.799513e-10,2.5194897e-14,2.6353145e-15,5.2270827e-11,7.2202146e-13,2.9550253e-17,2.8054657e-05,0.0001971697,3.686233e-21,1.0898576e-11,2.0411675e-09,1.2513698e-10,2.0564e-09,2.2103448e-08,0.0052624014,1.17195846e-07,5.5198104e-09,1.139364e-13,1.0055355e-12,1.8201463e-13,1.6163693e-17,5.3188286e-13,4.6046938e-10,3.126069e-05,3.088925e-16,4.4555692e-11,4.1059835e-16,1.6355259e-20,9.581127e-05,5.3734225e-13,6.0817373e-16,2.3531586e-13,1.61903e-08,1.2041877e-11,3.690309e-12,5.5729586e-05,2.4242445e-11,3.3027014e-08
IK_JCCZCUUYYHWRGX-VGMNWLOBSA-N,Sphingolipid metabolism,Arachidonic acid metabolism,0.20619859,0.047444824,0.0045970553,0.20619859,0.0032813041,0.0022796767,0.0020138377,0.20182087,0.001501444,0.00014816727,0.041730642,0.00088381534,0.023037944,0.00041847935,0.00014199587,0.0068904976,0.00069033925,0.03055545,0.00055486616,0.0003330683,0.0001905797,0.002693384,0.0002992763,2.6060423e-05,0.017526975,0.031130252,1.6137786e-06,0.0009039642,0.002970432,0.00069841713,0.003921318,0.0074393214,0.14704804,0.01176175,0.0073705884,0.0001968222,0.00013505832,0.00010255958,1.3600173e-05,0.00010194256,0.004530219,0.07605539,1.5618407e-05,0.0016911934,2.7248363e-05,3.6389924e-06,0.029739168,0.000711088,2.7089276e-05,0.0001023662,0.001543898,0.00016495633,0.0001423985,0.06829878,0.00086559204,0.0070266286
IK_JCMUOFQHZLPHQP-BQBZGAKWSA-N,Cysteine and methionine metabolism,Linoleic acid metabolism,0.16488038,0.014124006,0.004834901,0.01570782,0.0034718115,0.0040518367,0.060553823,0.003664585,0.008346939,0.0017417279,0.0028615375,0.0044897655,0.0013366569,0.0010206489,0.073363334,0.0020058162,0.024495386,0.0035610532,0.0992636,0.012532314,0.003722423,0.0111895045,0.00891361,0.0007240833,0.07658345,0.008463777,0.0024439478,0.0018324129,0.0021806706,0.16488038,0.001791708,0.090102956,0.025137791,0.03944808,0.0011314233,0.0043613613,0.0066422937,0.0016137502,0.0031657808,0.024598004,0.0015266156,0.02680144,0.002754332,0.0031902147,0.007940105,0.0024164116,0.045436434,0.0033506616,0.013402299,0.019406185,0.0067751138,0.012542361,0.004146458,0.0010266762,0.0009805296,0.027949156
IK_JDHILDINMRGULE-UHFFFAOYNA-N,Histidine metabolism,Histidine metabolism,0.95213884,9.352888e-10,2.7684831e-05,1.04923695e-10,4.4121152e-13,2.710026e-09,2.1195957e-08,3.0705388e-17,3.3545047e-10,3.6052703e-07,1.6935977e-05,0.00078225735,0.04438043,0.00044441925,1.8787028e-16,9.138076e-10,9.056513e-16,9.716597e-15,8.6916056e-24,7.874783e-13,1.6838048e-12,1.1665536e-06,2.6021646e-06,1.6922558e-09,1.156899e-12,3.4984637e-12,6.1560474e-20,4.8660036e-07,0.95213884,6.8027025e-14,0.00019929564,2.0244087e-15,8.100807e-08,7.0568367e-13,0.0001679693,5.7706745e-07,1.4244547e-12,5.1647757e-12,7.3962494e-13,9.511229e-15,3.8074453e-05,2.8336936e-12,6.704843e-10,0.0017491023,3.1586065e-14,4.597987e-19,3.4075652e-17,2.0512496e-05,1.0758512e-18,1.050649e-17,8.807089e-12,5.5405037e-18,5.0159312e-14,1.1798964e-09,2.9149938e-05,1.1942937e-10
IK_JDSRHVWSAMTSSN-IRQZEAMPSA-N,Linoleic acid metabolism,Vitamin B6 metabolism,0.12846641,0.009830852,0.01154131,0.01987223,0.0004862969,0.0006095718,0.045535967,0.0037348652,0.0093767615,0.005471728,0.0022716944,0.0022877948,0.0010057964,0.00046444725,0.010354353,0.004890908,0.0290749,0.0037748455,0.045894407,0.02167306,0.014701777,0.029975075,0.045162484,0.0005111649,0.044634927,0.006384911,0.008521475,0.0051940205,0.0018020438,0.04560391,0.0012472427,0.008623955,0.061020657,0.017319998,0.0022596894,0.009924634,0.0022984243,0.000563103,0.016985212,0.034895137,0.006327772,0.014470284,0.005449062,0.007133304,0.03646648,0.014997032,0.10384492,0.015427521,0.05799813,0.012152583,0.0059530716,0.003349261,0.0005869249,0.0006267395,0.000968833,0.12846641
IK_JHMWTEQGLBMSLG-DMHZMEFUSA-N,Linoleic acid metabolism,Linoleic acid metabolism,0.9674365,2.039584e-06,3.265988e-10,1.2740526e-08,9.530695e-10,3.8859727e-10,0.0024417995,3.579794e-11,1.170982e-08,4.6641675e-12,2.4552863e-11,5.3131866e-10,7.014868e-13,1.3527857e-12,2.6823212e-05,3.840591e-13,3.1494787e-06,4.2965725e-11,0.00015683332,1.2844463e-07,1.5316985e-10,3.6190535e-09,4.8574755e-08,1.0071936e-12,0.025476465,3.3381976e-08,8.5925794e-10,2.262001e-12,8.188586e-12,0.9674365,2.4093325e-10,3.7641898e-05,1.9056183e-07,1.1972585e-05,1.07004303e-13,9.670589e-11,1.1614301e-09,5.133604e-10,5.365898e-11,0.0003118102,4.1503888e-13,3.5814335e-07,3.1620178e-09,8.558778e-12,7.8890636e-08,2.8005312e-10,7.375993e-05,1.0406336e-11,1.0174562e-06,0.003799894,1.3135505e-08,0.00021920288,2.861268e-10,8.433321e-12,4.6087158e-14,2.9831907e-07
IK_JHPNVNIEXXLNTR-UHFFFAOYSA-N,Lysine degradation,"Alanine, aspartate and glutamate metabolism",0.3614764,0.3614764,1.0596705e-06,0.0012526592,0.10182648,0.021172892,4.2481797e-06,0.013877108,6.147612e-07,2.7293485e-08,0.00019497871,0.0001699327,0.0041213944,0.00045394996,1.6608013e-07,7.003393e-07,2.0897085e-08,0.016123574,1.6585782e-08,1.80308e-09,4.3814427e-10,9.099433e-08,1.8880115e-06,6.622451e-07,0.0027338464,0.07587704,7.525554e-13,5.001635e-07,0.00017483789,7.5978965e-06,0.011904892,5.802574e-05,0.32346368,0.00012200782,0.00018268023,8.859381e-08,3.3541191e-06,1.2020248e-05,5.083607e-11,5.9486556e-08,1.2545697e-06,0.00038827473,4.6138844e-08,2.1810272e-06,2.3267448e-10,1.4459801e-13,2.4523551e-05,3.322654e-08,5.2698765e-11,1.55146e-07,0.0004483916,8.170947e-05,4.331656e-05,0.06377333,1.5603971e-05,1.6525928e-06
IK_JUAPMRSLDANLAS-HOTGVXAUSA-N,"Phenylalanine, tyrosine and tryptophan biosynthesis",Drug metabolism - cytochrome P450,0.26402372,0.0012714975,0.0029264742,0.014299329,0.00057693577,0.0028526802,0.050461046,0.0021426433,0.0010758819,0.018318366,0.0018677821,0.024034532,0.00088519766,0.0029969723,0.26402372,0.00051733677,0.0021396398,0.01118442,0.047575925,0.0036517174,0.00030877185,0.0074666943,0.042336617,0.004680231,0.020996304,0.0014047973,0.000111138404,0.020572407,0.008473366,0.03234835,0.0013732299,0.0034831709,0.021341192,0.0020266252,0.0020033696,0.04375557,0.041166943,0.010610927,0.0062808627,0.06769504,0.0054979925,0.004774623,0.02389814,0.008985161,0.018510586,0.00011108844,0.02297397,0.0043688314,0.0041853096,0.01650489,0.02160634,0.0031779378,0.006533693,0.0002754938,0.004732012,0.062626146
IK_JVTAAEKCZFNVCJ-UWTATZPHSA-N,Pyruvate metabolism,Histidine metabolism,0.36292848,2.8616461e-05,0.07091855,0.00046899336,1.814706e-06,6.453218e-05,0.0058269342,4.6517945e-07,0.00035627824,0.0061066705,0.020316418,0.011275658,0.08933069,0.005246484,1.0360381e-05,0.0022199287,1.1686789e-05,1.4210875e-06,4.520201e-08,0.00030954907,0.00022177015,0.05281416,0.0043946146,0.00018870617,9.1082275e-06,8.582523e-06,8.731548e-08,0.008500201,0.36292848,4.895307e-06,0.0021161062,1.2779462e-05,0.0006851308,4.5170364e-05,0.031392198,0.016881706,3.894493e-05,5.3637523e-06,0.00015961086,8.653401e-06,0.05773784,0.00019382467,9.23372e-05,0.15443668,2.0220132e-05,8.568273e-07,1.1613565e-06,0.066984,8.7740904e-07,8.593194e-08,8.510116e-06,2.27355e-08,4.3359432e-06,2.2727558e-05,0.026548533,0.0010366554
IK_JXGLGTFMAQOJBB-HEDKFQSOSA-N,Glycerophospholipid metabolism,Glycerophospholipid metabolism,0.73529553,0.03309027,8.087633e-05,0.0011437114,0.0006469912,4.3872467e-05,0.0014127761,0.0004867059,0.0010609841,2.3713555e-07,6.2586805e-05,4.068859e-05,1.8351591e-05,1.1011754e-06,5.7941215e-05,2.351993e-05,0.0035792575,0.00014316429,0.0012495451,0.00036085118,6.951805e-05,0.00016164618,5.0727667e-05,1.8501946e-07,0.73529553,0.018678017,6.41511e-05,2.7676626e-06,1.0137854e-05,0.03905272,4.1367075e-05,0.020163573,0.006470634,0.06586566,5.1977286e-06,4.684449e-06,1.9731965e-06,1.3760618e-05,1.5234099e-05,0.0017738908,1.9569823e-06,0.019341324,9.003063e-06,5.890607e-06,4.1462856e-05,1.2050796e-05,0.036103193,5.7883085e-06,0.00019491056,0.0074476902,0.0001976191,0.004754325,6.8379823e-06,8.2778315e-05,4.5003424e-07,0.0005499024
IK_KEECCEWTUVWFCV-UHFFFAOYSA-N,D-Amino acid metabolism,Linoleic acid metabolism,0.4073195,0.01306031,0.00037195475,0.00222025,0.0003976163,0.00020205711,0.02722106,0.00030117502,0.002461522,2.4068224e-05,0.00013452847,0.00025025764,3.567843e-05,1.6880707e-05,0.0071304278,7.863179e-05,0.014662018,0.0001675363,0.03685328,0.0026135505,0.00046639118,0.0010391753,0.0009579861,6.119428e-06,0.26046452,0.004020929,0.00071911584,3.660553e-05,5.6372148e-05,0.4073195,0.00013273791,0.06257083,0.0063832956,0.03998816,1.7526963e-05,0.00011703618,0.00016792516,7.104332e-05,0.00016015129,0.014426833,2.2136219e-05,0.009325901,0.00017309499,0.00010429844,0.0010392318,0.00030497173,0.03431007,8.872078e-05,0.004611088,0.027599396,0.00059373723,0.009055446,0.000107735315,6.495385e-05,7.1003187e-06,0.0052670455
IK_KJPVZTMEFPUZPC-UYQAEJRRSA-N,Glycerophospholipid metabolism,Sphingolipid metabolism,0.0880476,0.009268752,0.016734697,0.012230623,0.0010646549,0.0012551299,0.022183612,0.0040321858,0.0098653035,0.01055562,0.0032971548,0.009999356,0.0030103703,0.0016320122,0.0033307783,0.003651416,0.010715208,0.010619803,0.009107575,0.01601032,0.009445052,0.04070884,0.05502581,0.001724272,0.058725886,0.0076458678,0.008507157,0.015404737,0.00816388,0.04004074,0.003200473,0.002359471,0.05576117,0.009539819,0.004952134,0.018267736,0.0027074816,0.0036513235,0.047625672,0.039534826,0.014199163,0.006243331,0.023533035,0.013664762,0.068118185,0.014377418,0.0880476,0.040381547,0.022347886,0.025873896,0.01787526,0.006006048,0.0010157913,0.0014457082,0.0022350543,0.063078344
IK_KLZGKIDSEJWEDW-UHFFFAOYSA-N,Arginine and proline metabolism,Arginine and proline metabolism,0.68001103,0.09777845,1.2354659e-06,9.65326e-05,0.68001103,0.032247826,2.9168355e-05,0.0004008185,6.342024e-06,8.778541e-08,1.6079686e-05,0.0009235065,0.000151772,0.00032334035,4.9529914e-05,1.906615e-07,1.7405456e-06,0.0037678003,2.9638925e-06,1.3496606e-07,6.4214607e-09,2.672968e-07,1.0756104e-05,1.7043534e-05,0.037246883,0.064653166,1.4245675e-09,1.3519647e-06,6.669798e-05,0.0013220195,0.0010811103,0.0026007977,0.028876774,0.0018208263,2.4231513e-05,1.420871e-06,7.825244e-05,0.00033678833,2.6604997e-08,1.7978537e-05,3.2484556e-07,0.00030039178,8.541356e-06,1.7404726e-06,7.0775016e-08,1.2490685e-10,6.2957704e-05,2.571024e-07,2.5318581e-08,9.507753e-05,0.0024833414,0.038057018,0.0034455361,0.0015638046,1.40383345e-05,1.989886e-06
IK_KRKNYBCHXYNGOX-UHFFFAOYSA-N,"Alanine, aspartate and glutamate metabolism",One carbon pool by folate,0.24600044,0.1744916,0.0021302956,0.058039095,0.032487907,0.011580466,0.001614406,0.061652146,0.0012121892,8.695232e-05,0.024611635,0.0032678817,0.02837385,0.0017653093,0.00018983895,0.003088918,0.00032062203,0.029325074,0.00014857741,0.00012924729,5.573768e-05,0.00071506377,0.00033872528,0.00010045354,0.02455441,0.077915326,5.524831e-07,0.0006045377,0.0060749794,0.001272876,0.01128889,0.015405196,0.24600044,0.017570928,0.0070030834,0.00016771413,0.0003163088,0.0002921089,4.9421246e-06,7.486275e-05,0.0013187277,0.042787794,2.0182115e-05,0.0013711259,6.725732e-06,5.81055e-07,0.0049506137,0.00026237778,3.7625175e-06,0.00012529723,0.0022988287,0.0005509252,0.00061865116,0.09830033,0.001699699,0.0014113022
IK_KVXSPXCUAWCXEI-UHFFFAOYSA-N,One carbon pool by folate,Cysteine and methionine metabolism,0.45904246,0.004279697,0.00067583023,0.00013201895,0.0002361415,0.0066329413,7.856627e-05,2.8950653e-06,1.5642414e-05,0.00012260677,0.0041507864,0.018550752,0.45904246,0.09639297,6.693141e-08,3.7840982e-05,6.917211e-08,1.9132887e-05,1.02172285e-10,1.8928964e-07,1.9107414e-07,6.0675597e-05,0.0006036517,0.0001853525,1.6878499e-05,7.251517e-05,1.269415e-10,0.0002245961,0.11158613,2.849032e-06,0.25215873,1.470246e-06,0.010230638,8.016136e-06,0.019319147,7.673882e-05,1.6793067e-05,2.9838371e-05,3.5430745e-08,7.525559e-08,0.0012220497,1.6981881e-05,1.0552096e-05,0.0052601453,4.22357e-08,1.5417127e-10,9.354069e-08,0.00014547657,8.430203e-10,3.8918703e-08,7.8335535e-05,4.2979667e-07,1.0101851e-05,0.0046021324,0.0036724831,1.6239976e-05
IK_KXSPLNAXPMVUEC-NCOIDOBVSA-N,Pyrimidine metabolism,Pyrimidine metabolism,0.93726623,1.2892115e-12,1.8401037e-08,3.3449215e-13,6.1573325e-14,2.4358007e-10,1.2559067e-07,3.161271e-17,1.6710986e-09,0.0006899245,1.4056247e-11,0.04408644,7.259932e-09,5.7006153e-05,8.275221e-10,3.2804437e-13,8.544539e-13,1.31713685e-11,3.5773433e-16,2.2539048e-09,6.49331e-11,3.4381748e-07,0.007623707,4.4422908e-05,1.4123104e-08,2.002171e-11,2.6671375e-11,0.0001856504,0.003929377,4.8312803e-09,2.9607602e-08,7.7947026e-16,7.654262e-10,3.622964e-13,4.3157925e-08,0.0039001321,4.033494e-08,3.4438883e-05,0.0011270688,0.00016479853,1.5383971e-06,1.202896e-14,0.93726623,5.8737813e-05,0.0006594711,3.598485e-11,2.4253825e-11,0.00015547275,4.110983e-09,2.4500136e-07,1.2871116e-05,1.7241376e-10,7.4323625e-10,1.6225938e-13,1.8092793e-06,2.625289e-09
IK_LAXQYRRMGGEGOH-JXRLJXCWSA-N,Glycerophospholipid metabolism,Glycerophospholipid metabolism,0.82488155,0.026790947,2.0095265e-05,0.00035820625,0.00018114479,6.496522e-06,0.00051601283,0.00011484632,0.0004728762,1.6855012e-08,1.4821474e-05,7.500284e-06,3.0907179e-06,9.921944e-08,7.627207e-06,5.244328e-06,0.0022342876,2.2689628e-05,0.0003229024,0.00013153402,2.0448737e-05,3.840147e-05,1.2086959e-05,1.1879061e-08,0.82488155,0.010855149,2.064183e-05,3.2217937e-07,1.3291592e-06,0.02277016,8.961004e-06,0.010966857,0.0030794232,0.055119846,6.8347777e-07,5.8568037e-07,1.4463478e-07,1.6278166e-06,2.7550434e-06,0.00073242874,2.3078344e-07,0.01280305,1.3549429e-06,8.156764e-07,8.736867e-06,2.571546e-06,0.021532021,7.5454284e-07,6.672211e-05,0.0036343501,3.9393726e-05,0.00199862,5.60711e-07,2.1419182e-05,3.34171e-08,0.0001655248
IK_LJARBVLDSOWRJT-PSXMRANNSA-N,Linoleic acid metabolism,Linoleic acid metabolism,0.98301077,2.0540492e-07,2.4155296e-11,1.2696394e-09,7.416622e-11,4.359666e-11,0.0017068698,1.6725398e-12,9.109356e-10,6.58025e-13,1.5578489e-12,6.903736e-11,2.928897e-14,1.08064084e-13,2.5352201e-05,1.2564947e-14,4.589005e-07,4.8100217e-12,8.075767e-05,1.9242227e-08,8.815385e-12,3.9549375e-10,1.2910959e-08,1.8885483e-13,0.010712811,2.866896e-09,3.852194e-11,2.324674e-13,5.743174e-13,0.98301077,2.1592988e-11,5.6133435e-06,2.631059e-08,1.4352797e-06,5.033502e-15,1.44550726e-11,3.4746506e-10,1.6797763e-10,4.231919e-12,0.00023201773,2.422391e-14,4.4666024e-08,9.048212e-10,5.111018e-13,2.1381425e-08,1.5508856e-11,2.5583666e-05,7.119508e-13,2.1788513e-07,0.0040958878,3.5794976e-09,0.00010172855,5.739884e-11,5.2706954e-13,2.9082264e-15,6.225855e-08
IK_LKNPFOZIOWXDQS-UHFFFAOYSA-N,Sphingolipid metabolism,Arginine biosynthesis,0.11052401,0.016586298,0.0025903159,0.00867734,0.01803797,0.11052401,0.006021928,0.0055610724,0.0013192088,0.010997292,0.004564665,0.09172527,0.017842967,0.09934915,0.011135311,0.001544184,0.00064845727,0.029332167,0.0012438695,0.00068939367,0.00013758581,0.0016249208,0.022855425,0.049049817,0.008525894,0.0049772896,2.8905708e-05,0.020704338,0.022538213,0.006876672,0.038842812,0.0040284717,0.052466687,0.0024068975,0.027675435,0.0127822505,0.05346922,0.028493319,0.00068532553,0.0026894442,0.008447321,0.004036205,0.013667205,0.015844516,0.0016042778,2.463739e-05,0.0013724143,0.002321596,0.00026160956,0.0030826763,0.050318353,0.00765838,0.037897132,0.0073594907,0.04002203,0.0068323957
IK_LLCPFVIBUZJITJ-GVEMAFOVSA-N,Steroid hormone biosynthesis,Steroid hormone biosynthesis,0.92964965,6.7317533e-13,1.2502183e-13,1.5509922e-12,2.3434518e-14,3.2978488e-12,0.000115212286,4.3883731e-16,3.0153847e-13,1.1367123e-08,2.39427e-15,1.8803448e-08,1.736502e-16,1.9484706e-11,0.00023456685,9.896549e-18,1.9513864e-11,7.85103e-12,1.4876341e-08,4.0187922e-10,4.8397514e-15,6.052474e-12,1.8510888e-06,8.3126906e-08,3.0032803e-05,4.4137333e-12,1.2471019e-15,8.317678e-10,3.8666244e-11,0.0005579081,6.705995e-13,1.9800825e-12,8.2847874e-11,4.058342e-12,2.4727248e-14,1.5100007e-08,6.765443e-08,6.802642e-05,3.0655167e-10,0.069176845,9.65376e-13,1.198674e-12,0.00011438222,1.4579787e-12,4.8612187e-06,4.727404e-15,1.2651144e-06,1.2473138e-11,4.3786734e-09,0.92964965,6.805727e-06,3.832757e-05,1.5983921e-09,9.193979e-15,2.3681572e-13,9.829899e-10
IK_LOJUQFSPYHMHEO-SGHXUWJISA-N,Ubiquinone and other terpenoid-quinone biosynthesis,Retinol metabolism,0.110887766,0.010120773,0.004788718,0.00058828,6.16995e-05,3.014644e-05,0.026744813,3.8491202e-05,0.011812272,0.00071908877,0.000102784696,0.00063013216,6.9080066e-05,7.289382e-05,0.0002810847,0.00032564646,0.026654981,6.769853e-05,0.000973482,0.025000267,0.029134002,0.021533463,0.082129344,8.006694e-05,0.04675492,0.001491734,0.060914062,0.00054274104,0.00043208676,0.09356726,0.00035647312,0.00037871854,0.028726855,0.0035064744,0.0002025143,0.0024596152,5.0688435e-05,6.7653484e-05,0.03509379,0.03517881,0.0007663655,0.001437574,0.007270866,0.001359303,0.110887766,0.09696799,0.06520541,0.0107747195,0.09417313,0.022307973,0.0009375148,0.005429178,1.0881861e-05,4.2570664e-05,3.4909935e-05,0.030710258
IK_LXNHXLLTXMVWPM-UHFFFAOYSA-N,Vitamin B6 metabolism,Vitamin B6 metabolism,0.9684464,4.573957e-07,7.1366885e-05,0.004117443,9.5457754e-14,3.9783625e-13,0.0062962556,9.579876e-08,6.2848807e-07,2.1972493e-09,1.2996583e-06,2.3911609e-11,7.020795e-10,2.1839414e-13,1.4823339e-06,6.1439687e-06,0.00042097326,3.3641578e-10,0.0011949545,2.6955639e-05,1.396738e-05,0.00065287173,5.7381003e-05,7.724431e-15,1.8858653e-05,4.2615085e-08,1.6580236e-09,2.0133282e-08,5.5802923e-10,9.574085e-06,3.75874e-11,6.8953406e-05,0.0015663386,0.000103530576,1.5071425e-08,1.5074725e-07,1.5354631e-10,5.325366e-16,5.214731e-08,1.9244467e-06,3.185566e-07,0.0016710071,4.299868e-11,6.456572e-07,6.1167447e-07,1.3295306e-07,0.014539848,3.9632214e-06,0.00070526183,4.980142e-10,5.997203e-10,1.4904198e-11,5.7908654e-14,7.2365156e-11,4.30036e-11,0.9684464
IK_MHDVGSVTJDSBDK-UHFFFAOYSA-N,Fatty acid degradation,"Phenylalanine, tyrosine and tryptophan biosynthesis",0.15379503,0.0005081101,0.00021640361,0.0022296906,0.0010921728,0.018852973,0.0059770504,0.00054536277,7.489029e-05,0.0077230367,0.00040620554,0.07567994,0.0003896417,0.015696408,0.14472388,3.4799763e-05,8.284273e-05,0.01432222,0.0026015395,0.00016772974,3.6107795e-06,0.00023684904,0.021204356,0.048179436,0.007848442,0.00045317924,8.580279e-07,0.016345043,0.005418107,0.00769605,0.0016423251,0.0005664049,0.0079372395,0.00019852555,0.0018385329,0.017062025,0.14965178,0.15379503,0.00046098614,0.016474754,0.0014632795,0.00083097315,0.05058824,0.0026949556,0.0025788732,4.971931e-07,0.0013822775,0.00037320226,8.065894e-05,0.018767504,0.10516341,0.009467133,0.045637693,0.00015692462,0.008421277,0.0040546446
IK_MNMKDPGRWWQDGI-UHFFFAOYSA-N,Glycerophospholipid metabolism,Steroid biosynthesis,0.08243109,0.012424797,0.016272599,0.0038869441,0.0006045004,0.00072584994,0.034584507,0.00053917087,0.027819231,0.0054273815,0.0016689857,0.003921595,0.0015420788,0.0012333766,0.0029711376,0.0045488477,0.040332764,0.0005990176,0.003967671,0.04197102,0.058372725,0.04184678,0.063286796,0.0013635365,0.024066132,0.0045148702,0.04807559,0.0043541114,0.0031096465,0.03361365,0.0022797019,0.003511097,0.02827246,0.010905236,0.0029634652,0.011522028,0.0008399299,0.00053081836,0.043368466,0.02467426,0.006949243,0.008392448,0.011495346,0.009584101,0.072884604,0.07365787,0.030330075,0.027022514,0.08243109,0.009459064,0.0032319825,0.005456508,0.00038475465,0.0005184681,0.0011788445,0.040510416
IK_MUMXFARPYQTTSL-BQBZGAKWSA-N,Glycerophospholipid metabolism,Linoleic acid metabolism,0.28388143,0.015454698,0.0018345768,0.007484034,0.003126361,0.0021145626,0.043404017,0.0014499803,0.005390068,0.00035522913,0.0010455432,0.0021477267,0.00040158714,0.00030309544,0.04255851,0.0005228828,0.019739328,0.0012938407,0.06871554,0.0066875764,0.0012903946,0.0040613557,0.003137343,0.0001761911,0.13577032,0.007719302,0.0011990705,0.00042776417,0.00071584986,0.28388143,0.0008198309,0.121840835,0.013607406,0.05012848,0.00025706895,0.0011651792,0.002483275,0.0008140905,0.001010454,0.01962654,0.0002957022,0.020793505,0.0010691632,0.0008850704,0.0030685447,0.0008697692,0.03393605,0.00086550415,0.006606619,0.025318295,0.0031167036,0.016651979,0.0019839408,0.00047944594,0.00020212703,0.009696108
IK_NBSCHQHZLSJFNQ-QTVWNMPRSA-N,Amino sugar and nucleotide sugar metabolism,Purine metabolism,0.5281436,0.0008124235,0.16440159,0.0016094462,1.1494203e-08,1.3146455e-09,0.002573987,7.847098e-08,0.0040737228,3.057176e-07,0.02014148,1.17961456e-07,0.00013580784,7.79788e-09,8.4651e-09,0.04811224,0.049738314,5.460423e-10,2.8292423e-08,0.009612052,0.05716837,0.06301377,0.0003473418,1.3362144e-09,5.6278142e-05,2.5953515e-05,1.3198231e-06,6.8431145e-06,8.7280205e-06,1.131255e-06,1.0770531e-06,0.0003769723,0.006160833,0.015400321,0.0002473667,7.2090656e-06,1.8277327e-10,1.4998794e-11,2.2836405e-06,3.4395808e-07,0.00034021697,0.5281436,6.3784804e-09,0.00046088567,2.273696e-06,1.1122247e-05,0.00094164157,0.0017881935,4.006467e-05,1.674232e-08,9.260194e-09,6.4778893e-09,1.3201747e-11,4.2562133e-06,2.9781373e-07,0.02422955
IK_NIPLIJLVGZCKMP-UHFFFAOYSA-M,"Glycine, serine and threonine metabolism",Linoleic acid metabolism,0.33039647,0.0065307077,0.00022747838,0.0021359134,0.010517995,0.00961884,0.014109366,0.0006800233,0.0004982613,0.00014358058,0.00030590018,0.004164861,0.00012544621,0.0005971557,0.11990933,2.9293871e-05,0.0015526599,0.004464625,0.030138463,0.00065867003,1.8785464e-05,0.00039694904,0.0010253811,0.00069791405,0.12587948,0.0037060832,1.462051e-05,0.00033067146,0.0005182324,0.33039647,0.0005447779,0.047195755,0.0073370477,0.009793962,0.0001179308,0.00053919974,0.012391871,0.009920793,0.00011393128,0.013443085,8.8285626e-05,0.007253633,0.0017887766,0.0001990912,0.0007522374,8.270331e-06,0.011963566,0.00014057773,0.00037338948,0.06536479,0.010930668,0.105765134,0.022529308,0.0002637135,0.0002109569,0.0015761274
IK_NJHKGJJIKOCCMZ-YMIVKDKMSA-N,Glutathione metabolism,Glycerophospholipid metabolism,0.68469435,0.09931607,4.1866857e-05,0.00031234892,0.00014747087,1.3338686e-06,0.00013025968,5.4752505e-05,0.0024093036,4.961623e-09,4.001594e-05,4.3036457e-06,6.474477e-06,4.2076653e-08,2.9766917e-07,2.7874368e-05,0.008898036,3.3216058e-06,1.0119564e-05,0.00030986147,9.611673e-05,4.063389e-05,1.0782055e-05,4.713933e-09,0.68469435,0.019572504,5.4490436e-05,1.974876e-07,6.691855e-07,0.003411424,1.5175017e-05,0.0058501675,0.004845981,0.10205707,8.737327e-07,2.1894455e-07,6.0171033e-09,4.0699473e-07,3.1331165e-06,0.00023251568,2.7876627e-07,0.046729047,6.4708684e-07,6.3930105e-07,6.1327296e-06,4.370922e-06,0.017902562,6.8416415e-07,5.7470446e-05,0.0016500063,1.0587922e-05,0.0008228082,2.7335917e-08,9.9385754e-05,1.0248427e-08,0.000114770286
IK_NOIIUHRQUVNIDD-UHFFFAOYSA-N,Tryptophan metabolism,Drug metabolism - cytochrome P450,0.15586817,0.003981653,0.0069001587,0.02129687,0.00070957246,0.0014243558,0.12746266,0.001849879,0.003978607,0.0031949917,0.0030382893,0.0033714408,0.0010808705,0.000668554,0.15586817,0.002353693,0.016839828,0.0018811404,0.13661322,0.011688198,0.003319723,0.018834827,0.01836174,0.0004810911,0.025179818,0.0024075783,0.00092316605,0.0030404043,0.0024667229,0.07966615,0.00095710973,0.046652563,0.02670666,0.015885616,0.0012441538,0.009370782,0.0072843772,0.00046992936,0.003312129,0.027495839,0.00229948,0.019762628,0.0020951973,0.004892964,0.009168395,0.0016587888,0.036700696,0.004713258,0.01638316,0.006045286,0.0035545107,0.0019621777,0.0014376239,0.00035749812,0.0012092374,0.089496545
IK_NTBDNAWCQLUDHG-CEGBOXLASA-N,Sphingolipid metabolism,Glycerophospholipid metabolism,0.6355494,0.020916354,5.453896e-05,0.0006249355,0.0003359122,3.0856034e-05,0.0029395577,0.00011766806,0.0011379933,3.6701866e-07,2.9532855e-05,4.7280853e-05,6.559049e-06,8.17151e-07,0.00028887988,1.3661291e-05,0.0066478685,3.6707363e-05,0.004210567,0.000474892,6.0198545e-05,0.00013453283,5.1291856e-05,1.2318277e-07,0.6355494,0.006786956,0.00011786865,2.1119417e-06,6.5659583e-06,0.14328383,2.1690395e-05,0.0556351,0.0028908313,0.07100246,1.6936461e-06,5.241323e-06,3.4128188e-06,6.6819243e-06,1.3378889e-05,0.0026759824,1.0142121e-06,0.010253423,8.362823e-06,6.5471995e-06,5.2051117e-05,1.6336397e-05,0.017927157,4.807516e-06,0.00038658004,0.010260001,8.0406506e-05,0.004300812,6.961845e-06,2.5213207e-05,3.2059413e-07,0.00050563563
IK_ODKSFYDXXFIFQN-UHFFFAOYSA-N,Arginine biosynthesis,D-Amino acid metabolism,0.7535483,0.0004318048,2.4590204e-07,9.4890385e-07,0.00015757592,0.09161084,8.8917375e-07,1.3348277e-07,2.0895135e-08,1.0922301e-05,3.3537806e-06,0.045637872,0.0018754455,0.7535483,9.366416e-08,1.5427984e-08,1.576894e-10,3.87822e-05,1.0196424e-11,1.6341216e-10,9.051381e-12,1.0836698e-08,0.0005363524,0.003890237,3.0071897e-06,4.877005e-06,4.3852305e-14,3.9341983e-05,0.0023449108,7.345712e-07,0.0895865,3.7819753e-08,0.00235691,5.0050595e-08,0.0013940916,6.311885e-06,0.00039694377,0.00064685656,2.4762595e-10,3.87611e-08,6.2388913e-06,5.0977526e-08,6.755401e-05,8.938747e-05,2.6766795e-09,8.313832e-15,8.24519e-10,1.3931425e-07,1.3579753e-11,6.1847274e-08,0.0031379166,3.2860503e-06,0.0003198168,0.00019489917,0.0016560426,1.747674e-07
IK_OISFHODBOQNZAG-IAGOWNOFSA-N,Glycerophospholipid metabolism,Sphingolipid metabolism,0.23924808,0.0013207777,0.0005520692,0.0021812348,5.9138838e-05,4.7531357e-05,0.029526012,0.00034850164,0.0005011604,0.0014170221,7.8379635e-05,0.0005269231,1.5676062e-05,3.260775e-05,0.013960155,5.893626e-05,0.003418896,0.002649839,0.040593024,0.002595572,0.00031312622,0.003660162,0.025771854,9.0171656e-05,0.08212077,0.0015559738,0.0005777616,0.0011288767,0.0002550962,0.1317511,9.788475e-05,0.00066468224,0.018860145,0.0019595658,6.620779e-05,0.0029626114,0.0011560993,0.0011604126,0.0045290035,0.12945646,0.0002819519,0.0012022498,0.0068277004,0.0004691629,0.029020127,0.0005439751,0.23924808,0.0016577193,0.008705046,0.13415127,0.0065035964,0.0069968295,0.00018067013,3.307649e-05,3.2941156e-05,0.056124188
IK_OMFXVFTZEKFJBZ-HJTSIMOOSA-N,Steroid hormone biosynthesis,Steroid hormone biosynthesis,0.94308424,1.9827825e-08,1.4235397e-09,2.3139597e-08,5.596003e-09,8.822495e-08,0.0010601539,2.0229173e-10,2.673106e-09,1.0182758e-06,2.998621e-10,4.484355e-06,4.214198e-11,5.850185e-08,0.005098148,3.669096e-12,6.937852e-08,1.3215292e-07,1.4747464e-05,2.4464225e-07,8.715607e-11,1.3338255e-08,2.9055282e-05,1.14073855e-05,0.0013733923,3.8428045e-08,3.091559e-11,3.789917e-07,4.8991758e-08,0.0096846195,9.653325e-09,7.1863454e-08,2.3374803e-07,4.2858215e-08,6.6570605e-10,1.3822464e-06,2.4019362e-05,0.0023314827,6.711033e-08,0.032221764,3.771266e-09,3.969154e-08,0.0005264879,4.635101e-09,5.551502e-05,4.8241983e-11,0.00012721568,1.0618577e-08,6.627185e-07,0.94308424,0.00042312153,0.003920343,4.3420896e-06,8.9709296e-10,2.9607554e-09,6.5510255e-07
IK_ONWMQORSVZYVNH-UHFFFAOYSA-N,Ascorbate and aldarate metabolism,Fatty acid degradation,0.14295954,0.008704844,0.0046383436,0.02108956,0.0003132839,0.00048723444,0.084789194,0.002069086,0.0060093603,0.000708205,0.0016249771,0.0008096911,0.00041276743,0.00014224296,0.038771432,0.0021351671,0.035566755,0.00093392923,0.14295954,0.013343373,0.0060604718,0.01450944,0.010842361,6.480234e-05,0.055197176,0.0037654557,0.0022882405,0.0007965088,0.0006055582,0.115060136,0.00045185862,0.07720425,0.032590177,0.039947435,0.0004775039,0.0025237226,0.0014553585,9.35524e-05,0.0020263717,0.016880756,0.00081471924,0.028313655,0.00064264704,0.0021800129,0.006403193,0.0030300363,0.08218161,0.0024065804,0.030440293,0.0056571634,0.0018989483,0.0021244204,0.0003379021,0.0002686541,0.00021569163,0.08473437
IK_OSJPPGNTCRNQQC-UHFFFAOYSA-N,"Glycine, serine and threonine metabolism",Caffeine metabolism,0.15145627,0.0125555815,0.07458204,0.11395321,0.00096596463,0.00093106204,0.013799544,0.0065094857,0.0063667484,0.0019921768,0.15145627,0.0022321846,0.04670685,0.0010733478,0.00042384997,0.09679317,0.007520652,0.0010353251,0.00062987907,0.0069933184,0.0038178694,0.041045718,0.0025375702,0.00022229679,0.002837221,0.0043471665,2.5895239e-05,0.005787234,0.013840929,0.0007371737,0.0037624165,0.020329513,0.056965753,0.022448923,0.030638833,0.002612122,0.00034485437,6.808097e-05,0.00019732003,0.0001692484,0.028551834,0.12540607,5.6419336e-05,0.021655431,0.00015104552,9.783619e-05,0.0054872828,0.01174886,0.00014626402,6.94011e-05,0.0004020293,3.7571856e-05,0.00010994592,0.013087272,0.0053949947,0.028340902
IK_OYHQOLUKZRVURQ-HZJYTTRNSA-N,Linoleic acid metabolism,Biosynthesis of unsaturated fatty acids,0.7138059,0.0008923556,1.025592e-06,0.031377178,2.7497526e-05,3.9997503e-06,3.2554601e-06,0.7138059,3.0218328e-07,6.5386536e-09,8.930107e-05,5.594167e-07,7.916923e-06,1.5901062e-08,9.764341e-07,5.0490485e-07,1.4131595e-07,0.18162732,0.00013088544,3.421197e-08,3.1756542e-09,1.4818637e-06,1.732214e-07,9.942767e-11,0.0076725627,0.0044225114,1.437164e-11,4.6959323e-07,2.3100856e-06,1.8053932e-05,8.951585e-07,4.488092e-05,0.030838775,0.00013740845,2.4462809e-06,3.8353168e-08,2.096097e-07,6.808419e-08,1.6831868e-09,6.641591e-07,1.1414712e-06,0.0018354312,3.7438124e-09,5.471498e-07,1.40039225e-08,2.9544422e-11,0.026558166,7.216694e-08,1.1516237e-08,5.30465e-07,6.83816e-05,2.0554066e-06,3.7228102e-07,0.00025777848,2.0463989e-07,0.00016312615
IK_PABVKUJVLNMOJP-UHFFFAOYSA-M,Glycerophospholipid metabolism,Linoleic acid metabolism,0.3630075,0.0042957077,0.0009205625,0.0028377124,0.00028194944,0.00042674763,0.13969621,0.00017738933,0.0022852994,0.00041075627,0.00024125431,0.00073040323,8.881923e-05,0.00010819493,0.067517735,0.00015232286,0.015943699,0.00018830523,0.0754115,0.006698613,0.0012045713,0.0034199099,0.0068854974,0.00012857708,0.07396525,0.0013979417,0.00077076245,0.00023487811,0.00022083473,0.3630075,0.000327485,0.02995384,0.0075489916,0.014791104,7.859895e-05,0.0012975106,0.0015613158,0.00034162964,0.0008378189,0.049761895,0.00014879671,0.0071914974,0.0013287077,0.0004359944,0.006553743,0.0009183966,0.03271042,0.0005240207,0.016407985,0.030715486,0.0016460331,0.007812372,0.00046064242,7.057999e-05,5.9816768e-05,0.016866395
IK_PBROMOQAZGFDHQ-GPQOMLTASA-N,Glycerophospholipid metabolism,Sphingolipid metabolism,0.31571603,0.019858291,0.0018965221,0.027208677,0.00063536444,0.00036285893,0.010201663,0.016340945,0.003330324,0.00014141524,0.0011885688,0.00037824025,0.00026832928,5.3075517e-05,0.0022719956,0.0011738167,0.010596781,0.0106286295,0.0451809,0.0034909535,0.0014322194,0.006028298,0.003930828,1.9340529e-05,0.1947466,0.02039355,0.0011690604,0.00040409237,0.00030532206,0.065035544,0.00038879906,0.014989718,0.06929928,0.026724037,0.0003458034,0.00042187035,0.00041226557,0.00024626075,0.00091363076,0.009658404,0.00043064068,0.026038704,0.000413671,0.00061987696,0.0032436543,0.0010486883,0.31571603,0.0010369492,0.006469574,0.015399395,0.004985368,0.004781398,0.0002630505,0.0006574861,6.804744e-05,0.046755277
IK_PHOSLXGWIIWDIE-IUFKAHDJSA-N,Glycerophospholipid metabolism,Sphingolipid metabolism,0.84769,0.00048767394,1.0010245e-06,0.0022838928,1.14968664e-07,7.2288153e-09,1.9383238e-05,0.0017461552,1.9561148e-06,3.32812e-10,8.8137807e-07,5.601028e-09,1.4406741e-08,5.868176e-11,1.239743e-07,3.7128623e-07,2.1499509e-05,0.00025433183,0.0008514257,1.3896445e-06,2.2822118e-07,9.325722e-06,2.0446566e-06,2.6727225e-12,0.12634718,0.0014167158,4.144002e-08,1.5049574e-08,9.392328e-09,0.00091342075,1.8981169e-08,5.8217607e-05,0.013591142,0.00071662816,2.5190701e-08,7.3588744e-09,3.6569698e-09,3.7743213e-09,5.3629932e-08,2.9275327e-05,3.4656612e-08,0.0016021375,8.314462e-09,2.6830557e-08,7.5221936e-07,5.8884666e-08,0.84769,1.7443674e-07,7.695985e-06,5.316265e-05,1.2736945e-05,5.176507e-06,3.217848e-09,5.500154e-07,1.715396e-10,0.0018728188
IK_PMTMAFAPLCGXGK-JMTMCXQRSA-N,Starch and sucrose metabolism,Drug metabolism - cytochrome P450,0.11919979,0.0038505546,0.0050835744,0.017579257,0.001602659,0.0037969092,0.047011115,0.0051095476,0.0030423994,0.019685047,0.0030016997,0.019555243,0.0017159383,0.0030310615,0.11919979,0.0014786129,0.006069355,0.01775066,0.059634645,0.007861053,0.0013568003,0.013581192,0.0387896,0.004781465,0.03351193,0.0038542424,0.00087493076,0.018283097,0.009260436,0.04969539,0.002468895,0.0063351854,0.032899458,0.0053951507,0.0030569823,0.034152824,0.025975714,0.010610249,0.011375267,0.06278006,0.0074760234,0.008594779,0.02290667,0.010773112,0.028907236,0.0008291645,0.045143273,0.007896493,0.009872743,0.026658462,0.024215313,0.006768983,0.006753514,0.0008596728,0.004736812,0.072509706
IK_PVNIIMVLHYAWGP-UHFFFAOYSA-N,Nicotinate and nicotinamide metabolism,Nicotinate and nicotinamide metabolism,0.19415045,0.001183162,0.04063989,0.11288371,2.61106e-05,4.8311435e-05,0.1443819,0.00035087435,0.0008174612,0.0002466416,0.019419651,0.00027855037,0.0018246921,5.706333e-05,0.009953712,0.020949468,0.007532504,2.8017368e-05,0.009840776,0.0054316497,0.00080495875,0.058311816,0.0038973098,4.2587853e-06,0.0012061698,0.0002533745,1.7777046e-06,0.0008361347,0.002194597,0.0025315047,0.0001261603,0.19415045,0.050233122,0.017952757,0.0021691117,0.001746695,0.00027545198,2.9302197e-07,6.4407104e-05,0.00017717268,0.0019850812,0.10169874,3.899645e-06,0.007585861,5.052557e-05,2.4673347e-05,0.0035121152,0.0047660503,0.00019246517,4.646652e-06,3.6096153e-05,1.5984875e-06,1.2502926e-05,9.480337e-05,0.000734904,0.16646424
IK_PZPIQUZUJADGQZ-NSCUHMNNSA-N,Glycerophospholipid metabolism,Drug metabolism - cytochrome P450,0.2847586,0.00063026184,0.00060883566,0.0018970385,0.00029412578,0.0013695108,0.068193674,0.00015984442,0.0006402325,0.004071786,0.00024879235,0.005455349,0.0001147871,0.00091284,0.2847586,8.427933e-05,0.0020357028,0.0011867798,0.031557966,0.0027304918,0.00018788484,0.0020181097,0.017006436,0.0046388423,0.029592896,0.00082660024,8.702301e-05,0.0027975703,0.0010169471,0.09138739,0.00046064198,0.003145354,0.0037379654,0.0014217523,0.00026092393,0.008597407,0.01770017,0.018401429,0.001884315,0.14363572,0.00054338004,0.001853677,0.018707927,0.0009557936,0.015505883,0.00010113756,0.019008644,0.0009905585,0.0044473424,0.13640125,0.014926676,0.014080636,0.004678914,8.563512e-05,0.0004913845,0.011464745
IK_PZRFVAHZNWPPAC-VBKSFVIKSA-N,Purine metabolism,Glycerophospholipid metabolism,0.72680944,0.029305493,7.5158474e-05,0.0007995254,0.00058028224,4.6630925e-05,0.0024998137,0.00025956912,0.0010350412,3.411617e-07,4.6884114e-05,4.641494e-05,1.4982889e-05,1.2776233e-06,0.00010036274,1.4919226e-05,0.004302205,8.476421e-05,0.0015733637,0.00044315116,7.3913274e-05,0.00016369407,6.218201e-05,2.4608931e-07,0.72680944,0.011134621,9.167836e-05,2.6766281e-06,1.0616823e-05,0.07146227,4.596414e-05,0.022473007,0.004706104,0.05786636,3.8911e-06,5.426329e-06,2.601417e-06,1.4885898e-05,1.5979469e-05,0.0024667194,1.8246525e-06,0.013707202,1.2057877e-05,6.3116095e-06,5.8536436e-05,1.644698e-05,0.028415535,6.0810444e-06,0.00029287484,0.010909526,0.0001752995,0.0071367566,7.641273e-06,5.6645982e-05,4.490182e-07,0.00055441563
IK_QCDYOIZVELGOLZ-UHFFFAOYSA-N,Tryptophan metabolism,Drug metabolism - cytochrome P450,0.039939713,0.012400932,0.0145302005,0.021497112,0.008989048,0.017840931,0.030296804,0.011175747,0.013098501,0.023383474,0.009746554,0.026172694,0.011650071,0.012687189,0.039939713,0.01115003,0.015671493,0.01630614,0.027613902,0.017660236,0.009098203,0.022441097,0.025286755,0.01714578,0.023056004,0.009955357,0.0059930496,0.020624429,0.015686229,0.030470204,0.010622921,0.018132381,0.029742535,0.013883263,0.01366327,0.026648385,0.024883747,0.016061964,0.01606885,0.023479464,0.018030131,0.018807491,0.018726978,0.019967144,0.025035886,0.007054601,0.022449948,0.016629376,0.015122959,0.017616421,0.022689154,0.01116155,0.015562273,0.005431726,0.014710814,0.03624893
IK_QHVMVGMCKWPDHT-UHFFFAOYSA-N,Linoleic acid metabolism,Sphingolipid metabolism,0.07369904,0.010811884,0.01062883,0.0064215898,0.00089011475,0.0009620884,0.036671877,0.0015678619,0.01332709,0.008343967,0.0013748743,0.004503604,0.0011230744,0.0011248044,0.0075628855,0.0030885239,0.023570064,0.0029729526,0.0138182035,0.025224397,0.018122938,0.032314837,0.063355744,0.001937306,0.046157405,0.006848342,0.02211312,0.0068084295,0.0033011416,0.059627533,0.0022401002,0.0040597017,0.041789472,0.01124317,0.0025241945,0.014304769,0.002551456,0.0021566036,0.0371085,0.05034327,0.0060288217,0.0063785794,0.01641964,0.007968854,0.07284603,0.028265176,0.07369904,0.022810772,0.05032938,0.034638505,0.008258531,0.009802042,0.0009819508,0.00065505883,0.001293224,0.056727678
IK_QIBZFHLFHCIUOT-NPBIGWJUSA-N,Glycerophospholipid metabolism,Linoleic acid metabolism,0.991629,4.638091e-08,1.8712542e-12,2.892978e-10,8.260629e-12,3.2429834e-12,0.0004306581,2.8578412e-13,1.2167231e-10,1.8612853e-14,1.2384469e-13,4.232036e-12,7.6495434e-16,3.4235304e-15,1.7460676e-05,6.2773823e-16,8.604816e-08,9.448895e-13,8.515357e-05,1.882749e-09,5.0836256e-13,5.3439336e-11,1.1618766e-09,2.3737815e-15,0.006899528,7.561686e-10,2.7267435e-12,1.008495e-14,3.2583938e-14,0.991629,8.5748444e-13,5.209448e-06,7.850357e-09,6.886587e-07,1.295238e-16,1.0197028e-12,5.870966e-11,6.8608405e-12,3.0143853e-13,4.873166e-05,6.20432e-16,1.2475707e-08,4.1201962e-11,2.7286762e-14,1.4330577e-09,7.4099613e-13,1.415945e-05,4.9682484e-14,2.6641937e-08,0.0008502013,4.1706427e-10,1.9122468e-05,7.907148e-12,2.5596799e-14,7.342976e-17,1.5192978e-08
IK_QZAYGJVTTNCVMB-UHFFFAOYSA-N,Tryptophan metabolism,Tryptophan metabolism,0.35745978,4.100286e-05,7.7054614e-07,1.5679107e-06,5.2326504e-05,0.014916574,2.77105e-05,2.4251605e-07,4.1259315e-07,0.0006154985,1.102738e-06,0.16627136,9.2659306e-05,0.14124247,4.370505e-05,3.7754422e-08,3.5324074e-08,0.00013832614,1.5899595e-08,1.193785e-07,1.8314872e-09,3.3878385e-07,0.01401803,0.120832525,0.0001264504,1.0873767e-05,4.6606036e-10,0.001318458,0.0021207673,7.146471e-05,0.003019895,3.1154948e-07,0.000569324,4.514041e-07,0.0004192073,0.0005312268,0.0059934966,0.07074413,2.3395912e-06,0.00020992903,4.4826218e-05,2.2991046e-07,0.09289848,0.00016454066,5.843074e-05,1.8679121e-10,8.114781e-07,6.9927673e-06,2.4124137e-07,0.00028535904,0.35745978,0.00095400494,0.0036226488,2.765039e-05,0.0010346815,6.212412e-06
IK_REAZZDPREXHWNV-UHFFFAOYSA-N,Glycerophospholipid metabolism,Linoleic acid metabolism,0.13656875,0.013468335,0.005314385,0.0024934402,0.00036633865,0.0003320482,0.062798925,0.00030912537,0.012086454,0.0023371235,0.00040443227,0.0017796352,0.00029441738,0.00038718042,0.0038672674,0.0010118224,0.032866586,0.0004016171,0.0076683685,0.028303783,0.018795282,0.016659755,0.054490566,0.0006150677,0.0640558,0.0032843633,0.02594114,0.0014517371,0.0009223346,0.13656875,0.0010899554,0.0030363884,0.028488442,0.008296069,0.0005906742,0.004350925,0.0006792967,0.0006163081,0.015914245,0.056817334,0.0015745747,0.004586666,0.009434524,0.0024253987,0.070741154,0.037948087,0.06322377,0.007182442,0.07929759,0.04934207,0.0034130053,0.013435519,0.00019695534,0.00022199325,0.00021407628,0.037606526
IK_RFDAIACWWDREDC-FRVQLJSFSA-N,Primary bile acid biosynthesis,Primary bile acid biosynthesis,0.98202413,3.6974943e-14,9.2848465e-11,3.6290936e-13,6.2360945e-19,1.0419588e-16,0.0157401,5.7134625e-20,7.3643605e-11,1.1504604e-07,1.4173714e-15,5.1945587e-10,3.270574e-17,1.4667897e-13,2.336753e-05,9.128539e-16,2.4210831e-09,8.525365e-17,6.7722854e-09,1.3226042e-07,7.4085743e-10,5.819434e-08,0.0012338732,7.7359105e-11,4.870369e-07,5.4721375e-13,5.763113e-11,3.9668704e-10,4.8884792e-11,4.7936403e-05,1.3276381e-14,1.39616e-13,9.251683e-11,7.70228e-12,6.2247223e-15,2.5585434e-06,2.106339e-10,8.056666e-11,3.3652466e-06,0.98202413,1.09785115e-11,2.3397338e-13,4.3544856e-05,1.5987364e-10,0.0007751255,1.3144861e-09,1.3007178e-07,4.1209493e-08,2.2013606e-05,8.2852115e-05,3.182185e-10,1.9919533e-10,4.0197822e-14,5.7216667e-19,5.060743e-14,3.4556876e-07
IK_RHQQHZQUAMFINJ-DTDWNVJFSA-N,Steroid hormone biosynthesis,Steroid hormone biosynthesis,0.70595115,4.9942096e-06,6.951514e-07,4.3031805e-06,5.155311e-07,2.8480829e-06,0.02123332,7.9800536e-08,1.37252e-06,2.4616238e-05,1.3037553e-07,3.753947e-05,2.154632e-08,1.337515e-06,0.0225559,8.3286125e-09,2.219002e-05,4.1168396e-06,0.0012036592,3.707273e-05,2.10231e-07,5.430571e-06,0.0006297374,3.8813927e-05,0.014327937,4.2866695e-06,1.2023821e-07,8.564305e-06,1.9109877e-06,0.1129557,1.0221038e-06,1.6028223e-05,2.6901318e-05,1.2100688e-05,9.758727e-08,3.6810055e-05,0.00017029954,0.0014342444,6.8829645e-06,0.1025595,4.2843254e-07,7.095577e-06,0.0012857968,7.1150953e-07,0.0011602676,1.8987987e-07,0.0031018467,1.7036646e-06,0.00010532362,0.70595115,0.0010792124,0.009805774,2.8418033e-05,1.4234358e-07,1.8960104e-07,0.0001003353
IK_RJTYSXVYCZAUHE-UHFFFAOYSA-N,Glycerophospholipid metabolism,Cysteine and methionine metabolism,0.10450394,0.014952558,0.01862856,0.024868047,0.007053664,0.033594586,0.012709804,0.0031630746,0.002390808,0.0128118275,0.030727282,0.04613397,0.10450394,0.06435001,0.0025256204,0.01355184,0.0009571888,0.005119101,0.0002997719,0.0014094824,0.0004802177,0.009484882,0.014332627,0.011740136,0.0021194192,0.0029536795,1.3822173e-05,0.019553691,0.07788532,0.0018874778,0.050710082,0.006193602,0.07114393,0.003540628,0.084349565,0.012498767,0.012023595,0.0023953605,0.00030322338,0.0003947745,0.035037816,0.009855297,0.0015003419,0.056157988,0.0003122943,2.6855356e-05,0.00052303466,0.009774314,8.243323e-05,0.00017630919,0.004092561,0.00028204534,0.0049673035,0.010205174,0.07099007,0.012260234
IK_RJZVWDTYEWCUAR-JOCHJYFZSA-N,Purine metabolism,Glycerophospholipid metabolism,0.5255635,0.021448387,0.00019004365,0.0012178433,0.0012472897,0.00023947503,0.011494638,0.00036524324,0.0014908909,4.72135e-06,0.00010275587,0.00019995059,4.70439e-05,1.12966745e-05,0.0012378299,2.5540763e-05,0.0056232437,0.00022190677,0.00646218,0.0011051492,0.00015717171,0.0004683563,0.00024015062,3.6393483e-06,0.5255635,0.007534195,0.00026014633,1.5226743e-05,5.8101377e-05,0.22965035,0.00015378509,0.033848293,0.0048876256,0.04154632,1.3435593e-05,3.5874404e-05,3.88082e-05,0.0001026221,5.7912574e-05,0.0075345472,9.567169e-06,0.009803755,8.8828034e-05,3.1633306e-05,0.0003081875,6.810681e-05,0.028798832,3.153854e-05,0.00095083646,0.029866999,0.00061928545,0.022987127,7.9777026e-05,9.808841e-05,3.6697534e-06,0.0013484693
IK_RYCNUMLMNKHWPZ-SNVBAGLBSA-N,Glycerophospholipid metabolism,Glycerophospholipid metabolism,0.93794113,0.005706631,3.9951468e-07,5.9347265e-05,5.2748823e-05,3.2090398e-07,1.4680431e-05,4.3159092e-05,1.8348876e-05,3.175636e-11,6.5119445e-07,2.2539732e-07,8.6019135e-08,7.0633016e-10,4.1286546e-07,1.0441602e-07,5.2534557e-05,1.0142561e-05,4.309152e-05,1.7998309e-06,1.10649594e-07,1.2491975e-06,7.342564e-08,2.8882854e-11,0.93794113,0.012015748,6.401062e-08,3.1347291e-09,4.3259078e-08,0.0035873782,1.3500637e-07,0.0036275212,0.00062301214,0.022332415,8.962707e-09,6.3117076e-09,2.3817124e-09,6.98712e-08,2.7515977e-08,3.9193463e-05,1.1617461e-09,0.0035517178,1.0062022e-08,6.4536625e-09,4.1314095e-08,4.448861e-09,0.009717439,7.656754e-09,3.6434278e-07,0.0003308777,3.1417583e-06,0.00021692227,4.458692e-08,1.6938932e-06,2.6569605e-10,4.960988e-06
IK_RYYVLZVUVIJVGH-UHFFFAOYSA-N,Caffeine metabolism,Caffeine metabolism,0.99660385,1.821567e-09,0.0016503237,4.849142e-06,4.3786402e-16,5.0581363e-17,3.7867862e-10,8.546554e-14,5.7663974e-11,2.651905e-14,0.99660385,2.6141608e-13,0.0016410734,1.41727645e-14,4.1535627e-22,3.30214e-05,1.1114374e-12,3.1042087e-17,2.1905852e-23,6.228873e-12,4.39686e-12,2.933987e-06,7.156976e-14,5.0853697e-20,4.5948058e-14,1.8779824e-12,1.1015532e-25,2.037723e-11,6.396672e-07,3.694853e-19,5.3890625e-10,4.1233362e-12,2.840561e-07,1.3448619e-09,1.6921286e-06,1.9519053e-13,1.3394266e-21,4.679338e-22,5.2309687e-20,1.5055673e-21,1.8625348e-06,5.909588e-05,2.7043634e-22,1.8325723e-07,5.93925e-22,2.6907683e-23,6.049489e-14,1.7295804e-08,4.2086982e-23,3.1275195e-23,1.6274299e-19,1.4922766e-24,1.12376486e-23,1.1820979e-07,3.2237168e-11,8.275094e-10
IK_SGNZYJXNUURYCH-UHFFFAOYSA-N,Tyrosine metabolism,Arginine biosynthesis,0.18939216,0.015928099,0.00025023712,0.0026566493,0.052818645,0.18939216,0.0040483885,0.0013029239,0.0003082293,0.0011413272,0.00076388643,0.05459008,0.0020262995,0.040631365,0.025208358,0.00012254062,0.00028143756,0.01648087,0.0013250154,0.00017950425,8.802808e-06,0.0001684071,0.006443523,0.04500826,0.018172503,0.0046503902,1.7999228e-06,0.002780447,0.003814742,0.023297489,0.011486273,0.007856168,0.032644756,0.0019717414,0.0036601548,0.0021440312,0.0655756,0.056796197,7.858832e-05,0.0025567748,0.00074365985,0.0030092543,0.010003387,0.0014678395,0.0004087115,1.3889426e-06,0.00083946815,0.00027142992,5.7044996e-05,0.00874479,0.07672392,0.06106644,0.12635861,0.0030464458,0.007445469,0.001239387
IK_SHGAZHPCJJPHSC-YCNIQYBTSA-N,Retinol metabolism,Porphyrin metabolism,0.23077935,5.3838077e-05,0.0062791286,2.3588085e-05,5.692959e-06,3.931451e-05,0.0032960025,5.813151e-07,0.0026045544,0.019714102,0.00017376798,0.04405655,0.0009811976,0.0029668326,8.9734494e-05,8.767694e-05,0.00015212543,2.4319264e-05,1.962451e-06,0.0027567155,0.0035174515,0.02320152,0.08372191,0.0024948888,0.0010640023,9.434933e-05,0.0025354056,0.016506454,0.04852042,0.0010723509,0.000513728,3.3450679e-06,0.0004533052,6.160263e-05,0.0009861287,0.051945765,0.00018846388,0.0013565685,0.23077935,0.01698927,0.008370047,1.4664079e-05,0.15739472,0.021098806,0.096026406,0.0044656727,0.00020673977,0.13380452,0.0035431716,0.0010459741,0.001277838,7.927526e-05,5.1017363e-05,8.680137e-06,0.002113496,0.0011850116
IK_SIKJAQJRHWYJAI-UHFFFAOYSA-N,Tryptophan metabolism,Drug metabolism - cytochrome P450,0.2846835,0.001798898,0.0002482563,0.002556679,0.004046504,0.01639518,0.013050365,0.0007276798,0.00021241799,0.0012752545,0.0005011497,0.016117467,0.00023375053,0.0032183398,0.2846835,4.2536565e-05,0.0005735322,0.010988435,0.019672472,0.00056012935,1.4468266e-05,0.00038098072,0.0051246495,0.01005559,0.03831831,0.0012738768,5.5359515e-06,0.0029059667,0.0014702221,0.077481985,0.00091877714,0.0064771385,0.006841046,0.0015764857,0.00044887932,0.0033762746,0.0712757,0.08480282,0.00027487308,0.024502933,0.0003869661,0.003587986,0.012585219,0.00064444734,0.0022932766,3.5016212e-06,0.007952882,0.00023259709,0.00030742618,0.09278279,0.049216893,0.061632656,0.04902488,0.00025469007,0.0013194536,0.0033453566
IK_SKGLAZSLOGYCCA-PEFXOJROSA-N,Glycerophospholipid metabolism,Sphingolipid metabolism,0.25497368,0.014191506,0.003940449,0.0066418517,0.00018539515,9.315516e-05,0.021972585,0.0011435237,0.006301764,0.0006900824,0.00034900874,0.00039109925,0.00011637081,5.448295e-05,0.0013755565,0.0010741275,0.027469905,0.0013237343,0.017351855,0.013738404,0.008485949,0.015619179,0.033410966,6.161222e-05,0.09408737,0.005667946,0.010466673,0.00079574704,0.00028254482,0.09154463,0.00036906233,0.0028575829,0.07534449,0.011705591,0.00036280716,0.0018672916,0.00027644116,0.00015683055,0.009552801,0.027284322,0.000954779,0.0070826355,0.0027337573,0.0013477004,0.030687489,0.016760642,0.25497368,0.0057436796,0.045902103,0.02586634,0.002705789,0.0055945795,7.3463685e-05,0.00018700458,5.8860634e-05,0.0907228
IK_SRXKAYJJGAAOBP-UHFFFAOYSA-N,Steroid hormone biosynthesis,Arginine biosynthesis,0.6004468,0.008405876,8.3409374e-10,9.285814e-08,0.0072308243,0.6004468,1.3907807e-08,1.4537089e-07,2.177113e-10,9.800494e-09,1.7832869e-07,0.002140275,0.0005346995,0.20364088,1.0040712e-09,6.8879964e-11,1.5845299e-12,5.318263e-05,8.1804816e-14,1.254676e-13,5.7173237e-15,9.079655e-12,9.572331e-06,0.00014907047,1.525321e-06,1.4571624e-05,2.1566387e-17,7.8970636e-08,4.397103e-05,1.0957359e-07,0.16448191,9.036167e-09,0.008799866,1.2097564e-08,8.44675e-05,9.274552e-09,1.9311889e-05,4.2061176e-05,3.5229676e-14,1.3035617e-10,2.0247246e-08,1.12312435e-08,4.4008914e-07,2.6575407e-07,1.6074578e-12,1.0969113e-18,9.203491e-11,1.4519416e-10,2.2618536e-14,9.892401e-10,0.0021717725,3.1836065e-05,0.00017171919,0.0014979366,2.6332837e-05,1.5008691e-09
IK_SSBCZTXGVMMZOT-NBBHSKLNSA-N,Steroid hormone biosynthesis,Linoleic acid metabolism,0.39029455,0.0025913918,0.00039705957,0.0011618171,0.00020048532,0.0002906801,0.0948118,0.00011795972,0.0010258345,0.00044307535,0.0001087938,0.0005973226,4.035711e-05,8.115491e-05,0.03526439,4.662997e-05,0.0065272735,0.00030523314,0.03580593,0.0038307898,0.0004970544,0.0016101,0.006205379,0.00021738437,0.09310463,0.0009932668,0.00046565026,0.00023211548,0.00015633786,0.39029455,0.0002468116,0.0063895313,0.0042534685,0.005706831,4.4820303e-05,0.00084016926,0.0013263047,0.0011716643,0.0005894682,0.07060514,9.000995e-05,0.0026516889,0.0023509606,0.00020196922,0.008750468,0.00051174464,0.039078515,0.00028259942,0.008386305,0.13632792,0.0030100287,0.020093083,0.00046048628,6.207113e-05,3.476994e-05,0.009108702
IK_SXFSQZDSUWACKX-UHFFFAOYSA-N,Cysteine and methionine metabolism,One carbon pool by folate,0.24587484,0.1154179,0.0007825314,0.0093119545,0.06259616,0.15386865,0.0012380406,0.006606429,0.00020962427,0.0004206258,0.005845699,0.023824308,0.04732609,0.070249446,0.00034409156,0.00074482226,4.0282393e-05,0.017352963,2.1304315e-05,2.1818852e-05,4.5423576e-06,0.00017840616,0.0020084672,0.0032426086,0.0033058838,0.009937269,7.3533464e-08,0.0012923582,0.016658798,0.00089650694,0.09292703,0.0028918148,0.24587484,0.0013827854,0.021694446,0.0004803065,0.0050218757,0.0016056455,2.1929866e-06,2.8978702e-05,0.0015925252,0.0036244479,0.00012601395,0.0034122344,4.7678004e-06,6.327662e-08,0.0001566993,0.00019592681,9.2711946e-07,4.5043467e-05,0.005973602,0.0009915179,0.0073517896,0.034841303,0.015255291,0.0007703222
IK_TUHVEAJXIMEOSA-UHFFFAOYSA-N,Arginine and proline metabolism,D-Amino acid metabolism,0.43428823,0.0033916102,9.967093e-06,7.6628974e-05,0.0038616853,0.25264117,6.7229754e-05,2.9503317e-05,2.872489e-06,0.00027333482,6.693336e-05,0.08147498,0.0031321219,0.43428823,7.7677905e-05,2.1167523e-06,2.3712684e-07,0.0018917127,1.924521e-07,2.0363393e-07,1.215698e-08,1.519672e-06,0.0040359227,0.039565895,0.0002514654,0.00019182418,3.6876943e-10,0.0008429244,0.004145944,0.0001057961,0.06049388,1.8390461e-05,0.014165936,1.0402738e-05,0.0053444346,0.00024200772,0.012271012,0.012170068,2.1551067e-07,1.4990831e-05,0.000119647506,1.4515817e-05,0.0017406361,0.00067643344,1.8429358e-06,1.4205537e-10,1.0313178e-06,7.875242e-06,4.935495e-08,2.9995605e-05,0.039185707,0.00058200426,0.012390325,0.0011690498,0.008892324,2.7387132e-05
IK_UAKTZILOYPPNCD-UHFFFAOYSA-N,Glycerophospholipid metabolism,Sphingolipid metabolism,0.15960623,0.017725626,0.008092287,0.003411674,0.00020056043,9.351112e-05,0.017442318,0.00041849303,0.015438737,0.0007331632,0.00046764233,0.0006703809,0.00024737604,9.787444e-05,0.0003972631,0.0013746521,0.033261847,0.0005585705,0.003079047,0.024312565,0.026622485,0.031215783,0.052253146,0.00010442818,0.076354206,0.004833132,0.02811616,0.0010593273,0.00054837076,0.067136124,0.00063090696,0.001288811,0.06463788,0.00982791,0.00066090364,0.002692333,0.00010723029,0.00013267162,0.025227094,0.022841709,0.0017558988,0.0063635316,0.005348229,0.0022818742,0.061773237,0.05336485,0.15960623,0.014351231,0.061987624,0.018650474,0.0022019073,0.006631849,3.8637398e-05,0.00022529926,7.7942954e-05,0.061026905
IK_UGQMRVRMYYASKQ-KQYNXXCUSA-N,Purine metabolism,Sphingolipid metabolism,0.9786124,1.0435639e-06,5.793793e-10,0.011915125,2.4299647e-15,7.123282e-17,6.654638e-10,0.0007293509,7.199714e-11,4.403111e-19,1.2284383e-08,1.76032e-17,3.7328653e-13,8.018167e-21,1.1344872e-15,2.1577153e-09,6.905388e-09,1.2843634e-08,2.323314e-08,1.2471724e-11,1.6897294e-12,1.7902835e-09,4.691457e-13,5.6655446e-24,0.00016271467,2.2270297e-06,1.4608652e-18,8.1304905e-15,1.0265908e-15,3.0668768e-10,1.7838734e-15,1.6091569e-07,0.0014108914,8.382285e-06,1.0726652e-12,6.68094e-17,1.1238248e-18,4.885263e-20,1.2733202e-17,8.841428e-13,3.9681028e-12,0.007123295,5.020879e-20,4.9853578e-14,4.4469408e-15,4.498222e-17,0.9786124,4.3029968e-13,6.3195425e-12,2.8024444e-13,4.425582e-12,1.34777485e-14,3.354915e-19,6.916905e-10,2.9042359e-18,3.4429464e-05
IK_ULTTYPMRMMDONC-UHFFFAOYSA-N,Purine metabolism,Linoleic acid metabolism,0.35357276,0.0074947565,0.0009598499,0.0008072447,0.00028426724,0.00012715084,0.058931075,8.7085995e-05,0.0023715394,0.0003778583,9.0907786e-05,0.00096441706,6.0644106e-05,8.451715e-05,0.0015970503,6.7650355e-05,0.011802711,0.00013198944,0.0032738545,0.010250609,0.0016476596,0.0033474127,0.015859652,0.00019553216,0.12354081,0.0012073565,0.0036611203,0.00021789769,0.00032191427,0.35357276,0.00037528054,0.0013009503,0.0121500455,0.0040912447,9.31334e-05,0.0006488061,0.00018789321,0.00058402686,0.0021681369,0.06003189,0.00024415686,0.0021461393,0.0052412353,0.00027196432,0.03146124,0.0048882924,0.05590986,0.0008932663,0.0223142,0.14304234,0.0029853564,0.035695594,6.902728e-05,9.253129e-05,2.3506345e-05,0.009752576
IK_UYQGVDXDXBAABN-FQSPHKRJSA-N,Arginine and proline metabolism,Vitamin B6 metabolism,0.16331348,0.0069632134,0.012540877,0.032168783,0.00054149673,0.00088001625,0.053612325,0.0057691694,0.0067724674,0.007927577,0.003708863,0.0034616236,0.0015334114,0.000667023,0.022948017,0.0057898774,0.021068273,0.0059746457,0.07547455,0.015881373,0.008270836,0.03026051,0.03829844,0.0005644654,0.03325454,0.0050356817,0.0039365245,0.0075496845,0.002795738,0.04075923,0.0014955305,0.010528166,0.058605265,0.014150897,0.002917332,0.0135488175,0.0042376714,0.0006440612,0.013486391,0.033327624,0.008072726,0.015701335,0.0048848116,0.009254589,0.026895773,0.007048447,0.084597744,0.014628464,0.03866414,0.008107733,0.0062291054,0.001994709,0.00083170563,0.00079081906,0.0016334703,0.16331348
IK_VISAJVAPYPFKCL-UHFFFAOYSA-N,Tyrosine metabolism,Tyrosine metabolism,0.5954311,0.0049261525,2.3334508e-06,7.591285e-05,0.046940833,0.08108766,0.000404046,7.677789e-05,4.093202e-06,1.8606066e-05,1.2879579e-05,0.0062774764,8.1749895e-05,0.005824275,0.0017453381,2.6805716e-07,8.676315e-06,0.002769994,3.3060514e-05,1.7849452e-06,2.555765e-08,9.581871e-07,0.0005274314,0.008195271,0.011714813,0.0014741636,1.2799138e-08,5.765229e-05,0.00013810612,0.008075424,0.0018391878,0.00051934744,0.004703187,0.0001934355,0.00015079677,3.8473772e-05,0.008529713,0.025222491,6.595152e-07,0.0006369388,7.666772e-06,0.00018074398,0.0030605341,1.3084462e-05,2.8221633e-05,4.7128164e-09,0.00021689567,2.3209182e-06,4.3123787e-06,0.0051447595,0.1188009,0.5954311,0.0540163,0.00063215574,0.00011768876,3.3421173e-05
IK_VZCYOOQTPOCHFL-OWOJBTEDSA-N,Arginine biosynthesis,Citrate cycle (TCA cycle),0.46923605,1.5850275e-05,0.0001785525,1.1834571e-05,3.7361783e-06,0.0017425282,0.00018872484,6.480377e-08,4.3881305e-06,0.00658755,9.675566e-05,0.46923605,0.0073494823,0.19731861,8.092973e-06,3.86266e-06,5.1427893e-08,9.652953e-06,2.5820568e-09,9.592984e-07,9.5429485e-08,8.029155e-05,0.018645082,0.0064437804,1.3070225e-05,4.5573756e-06,5.478142e-10,0.008256238,0.19078486,5.756977e-06,0.008197001,2.2960889e-07,0.00047205584,6.60791e-07,0.0076519265,0.00950002,0.00080954516,0.0009852564,1.2756452e-05,2.7111104e-05,0.0023456265,7.629486e-07,0.0052737906,0.025281293,1.1088347e-05,6.669845e-10,4.5898922e-08,0.0006890652,2.9661148e-08,1.1153418e-06,0.0009188294,2.8716883e-07,0.00011606805,7.171571e-06,0.030673286,3.4439727e-05
IK_WHBMMWSBFZVSSR-UHFFFAOYSA-N,"Valine, leucine and isoleucine biosynthesis",Caffeine metabolism,0.3304975,0.010217749,0.016027382,0.25572026,0.00015556569,7.65861e-05,0.0010025955,0.0117625445,0.000310533,2.9649935e-05,0.3304975,0.0001127308,0.06405697,4.7738187e-05,2.3442742e-06,0.027365519,0.0001554672,0.00044475056,5.258369e-06,0.000102789796,4.2033767e-05,0.0034032455,3.6011865e-05,8.894111e-07,0.0006320915,0.0027181562,4.9292086e-09,0.0002977764,0.0032293298,9.98739e-06,0.0011732959,0.0028612758,0.075706586,0.004709838,0.011483148,3.5663154e-05,2.580099e-06,8.7242387e-07,2.1197697e-07,7.3955835e-07,0.0059669353,0.12474083,9.7997464e-08,0.0019246336,1.6034237e-07,2.594996e-08,0.0011720165,0.0004970473,1.2215573e-07,4.5728942e-07,1.7533348e-05,2.675914e-07,9.156413e-07,0.03792077,0.00040585935,0.0029146504
IK_WJHRAVIQWFQMKF-UHFFFAOYSA-N,Glycerophospholipid metabolism,Ascorbate and aldarate metabolism,0.0714354,0.006685235,0.018143035,0.013906318,0.0016431673,0.003805207,0.0714354,0.002235992,0.014568474,0.02180112,0.004975611,0.011319334,0.0049366634,0.004526404,0.038538866,0.00814488,0.025512392,0.0026486781,0.023952467,0.030164577,0.021215878,0.039761323,0.050069936,0.006539444,0.018691147,0.0052740085,0.010441658,0.013147691,0.008896258,0.030804463,0.0046027536,0.013064658,0.023341162,0.012923443,0.0069084326,0.033174988,0.010547157,0.0034194777,0.028612407,0.03997261,0.013398986,0.012603489,0.016027052,0.019109447,0.044142157,0.01714709,0.021969354,0.026149064,0.044189684,0.011516852,0.008121877,0.004579864,0.003771877,0.0012098829,0.0066540693,0.05905656
IK_WPMWEFXCIYCJSA-UHFFFAOYSA-N,Steroid hormone biosynthesis,Glycerophospholipid metabolism,0.98849994,0.00051830895,1.2808097e-09,1.090619e-06,6.868727e-07,9.995429e-10,6.1089975e-07,4.2863863e-07,3.002585e-07,6.4448704e-15,2.1940016e-09,7.5614554e-10,7.97338e-11,2.3018168e-13,9.914945e-09,1.5508081e-10,1.8718471e-06,7.509535e-08,4.292803e-06,1.5660076e-08,2.3425417e-10,8.513716e-09,1.8150852e-10,2.5586585e-15,0.98849994,0.0010155267,2.2087046e-10,1.861479e-12,7.2280945e-11,0.0017917318,2.2224428e-10,0.0009942339,2.0957346e-05,0.0054345853,3.2250394e-12,6.405138e-12,3.225267e-12,1.1828637e-10,3.5495353e-11,1.5841727e-06,3.4348688e-13,0.00027086277,1.0794008e-11,6.542278e-12,9.678017e-11,4.2640978e-12,0.0014016808,7.011173e-12,3.0555547e-09,2.8725424e-05,1.8886162e-08,1.2284288e-05,1.2547645e-10,4.133432e-09,6.191878e-14,6.566469e-08
IK_WTDRDQBEARUVNC-LURJTMIESA-N,Tyrosine metabolism,Tyrosine metabolism,0.7037648,0.0013298214,1.6211612e-07,1.32718615e-05,0.023836488,0.053683475,8.465085e-05,1.4856128e-05,3.0066175e-07,2.5948455e-06,1.4523441e-06,0.002568035,8.66114e-06,0.0021094186,0.0011322573,1.3568212e-08,7.452245e-07,0.0014863086,7.120907e-06,1.338477e-07,6.9461187e-10,6.015248e-08,0.00014065894,0.004530271,0.0053774323,0.00042426784,2.4103605e-10,1.2062566e-05,2.522422e-05,0.0032535405,0.00041245815,0.00011610025,0.0016414135,3.304817e-05,2.9767716e-05,7.5665653e-06,0.0056649535,0.021953724,5.02657e-08,0.00018624368,7.763792e-07,3.713715e-05,0.0013111775,1.5379449e-06,3.8694475e-06,7.147648e-11,5.276124e-05,1.8159903e-07,2.7971515e-07,0.0031737776,0.10744251,0.7037648,0.053966697,0.0001252878,2.6192341e-05,4.5522065e-06
IK_WWEKVOUOQUHVHS-UHFFFAOYSA-N,Glycerophospholipid metabolism,Primary bile acid biosynthesis,0.12344928,0.0015777887,0.0024578427,0.0029941841,0.0010159581,0.003608164,0.034266498,0.0007838701,0.0024521884,0.02476657,0.00080400635,0.022735538,0.00090817164,0.0052808877,0.05308935,0.0006303185,0.0033045397,0.0051298356,0.010043977,0.0069282474,0.0011255271,0.006667215,0.03808545,0.026754817,0.027494606,0.0029251487,0.0009391158,0.015705034,0.0072983266,0.040347114,0.002176051,0.0019450287,0.008224754,0.0023509113,0.002452528,0.030372875,0.02209937,0.061504804,0.014464595,0.12344928,0.004962354,0.0021766736,0.07537639,0.006005935,0.048519358,0.001040221,0.022129262,0.00792521,0.00787537,0.12235637,0.03895393,0.016413974,0.009420949,0.0005647383,0.0034890813,0.013629605
IK_WWUZIQQURGPMPG-KRWOKUGFSA-N,Sphingolipid metabolism,Sphingolipid metabolism,0.8233872,0.00017552379,3.2150723e-08,0.00078099006,2.50304e-09,1.6286839e-10,1.2418743e-06,0.0006969384,1.7406326e-07,2.5704303e-13,4.803161e-08,4.5783696e-11,2.3491908e-10,1.7080387e-13,2.4859308e-09,2.3883139e-08,1.8728205e-06,2.6005e-05,0.00012920682,3.9637513e-08,5.8617746e-09,5.289086e-07,2.6274913e-08,2.1375622e-15,0.16744933,0.0007511442,2.4210453e-10,8.8334416e-11,6.8153656e-11,0.00014904568,2.3619146e-10,2.3900036e-05,0.00421374,0.00043922855,3.5948736e-10,3.0185198e-11,1.5997608e-11,2.012667e-11,2.1058814e-10,1.0498821e-06,2.0718727e-10,0.0015577405,1.467631e-11,1.7931727e-10,5.1099525e-09,2.1657781e-10,0.8233872,9.581923e-10,1.7944585e-07,3.1210357e-06,5.3175097e-07,2.1565089e-07,3.32079e-11,2.4299766e-08,5.4550066e-13,0.00021084459
IK_XBDQKXXYIPTUBI-UHFFFAOYSA-N,"Alanine, aspartate and glutamate metabolism",Cysteine and methionine metabolism,0.44622415,0.052904774,2.3343788e-05,0.00019324444,0.00036554536,0.00020975835,7.6347476e-07,1.1349912e-05,4.977253e-07,2.0044734e-08,0.011700598,2.6660153e-05,0.44622415,0.00025235696,7.944072e-12,9.9429135e-06,1.4765063e-09,3.346416e-06,5.0661085e-14,5.0715226e-10,7.4396067e-10,2.4394882e-07,2.6014794e-07,5.3875095e-08,4.4514936e-06,0.00028578297,2.7106206e-15,3.0811887e-07,0.0009281454,6.2271344e-09,0.08801471,4.3950718e-07,0.026503244,6.3527254e-06,0.0010170504,1.2322192e-08,1.3930226e-09,2.9437084e-08,2.8036376e-13,1.599332e-11,8.076827e-06,6.712795e-05,1.4175819e-10,1.1535939e-05,4.567223e-13,2.4564013e-15,2.6093245e-08,1.0145635e-07,2.513144e-14,7.659338e-11,4.0927054e-07,4.69744e-09,3.2288823e-09,0.3712181,7.1288764e-06,1.2097529e-07
IK_XGILAAMKEQUXLS-UHFFFAOYSA-N,Linoleic acid metabolism,Pyrimidine metabolism,0.54099363,3.728335e-07,6.5758235e-07,3.9855036e-07,4.181052e-07,0.00024393307,5.4300945e-05,1.7834877e-08,2.1953481e-07,0.0043736207,1.6420178e-07,0.12622459,3.982284e-06,0.012545553,0.00024633898,1.2391166e-08,2.5515481e-08,2.058458e-05,5.013491e-08,4.804859e-07,3.264941e-09,1.425895e-06,0.015474388,0.0770671,6.6597175e-05,8.40841e-07,1.1443982e-09,0.004858059,0.0017399476,3.435093e-05,6.307171e-05,2.6237505e-08,2.4226729e-05,5.7376116e-08,6.518251e-05,0.0070894095,0.0061482056,0.12439145,8.012801e-05,0.0046524997,6.871349e-05,3.8283478e-08,0.54099363,0.00023480793,0.00094454177,5.5461535e-10,1.3623695e-06,3.2217686e-05,6.313483e-07,0.0016068651,0.069325216,7.873175e-05,0.00069424586,2.0238232e-07,0.00053899415,7.1453355e-06
IK_XKYICAQFSCFURC-UHFFFAOYSA-N,Fatty acid biosynthesis,"Glycine, serine and threonine metabolism",0.19627239,0.15320256,0.00052341114,0.008027544,0.17411925,0.02094973,0.0015947932,0.014848757,0.0017719915,3.510913e-05,0.0021915077,0.005531173,0.0039383955,0.0013841308,0.0010882963,0.00030838265,0.00073952036,0.022764226,0.0006576991,0.00017410265,4.401576e-05,0.00030424562,0.00039166224,0.00022842168,0.13411604,0.19627239,1.000362e-05,0.0002494305,0.002146352,0.012091206,0.004850823,0.036837585,0.08099895,0.037312992,0.0010077015,0.0001985997,0.00079219724,0.0022092196,3.464147e-05,0.0010740663,0.00015676794,0.016680961,0.00022198014,0.00033772155,4.9150356e-05,3.3345414e-06,0.007177074,0.00013980178,3.242827e-05,0.0024696824,0.006842013,0.019523187,0.004834254,0.015427347,0.00047649632,0.00060674216
IK_XWBICGCZKGTPCH-MBNYWOFBSA-N,Arachidonic acid metabolism,Sphingolipid metabolism,0.45618826,0.01589588,0.0021770736,0.076322645,0.00018493763,9.428868e-05,0.0036940395,0.03938509,0.0019703798,5.2902815e-05,0.0018823824,9.097754e-05,0.00028929455,1.1661328e-05,0.00018962116,0.0021786022,0.0073552374,0.0086215045,0.013673097,0.0019805795,0.001041151,0.004711383,0.0014778003,3.305297e-06,0.08284022,0.013051743,0.00015991156,0.00030894126,0.0001189553,0.00963874,0.00017028424,0.0065949974,0.10290345,0.019596364,0.00051017187,0.00014031767,5.2721192e-05,2.3007464e-05,0.0002349769,0.0017625873,0.00097250985,0.05577211,5.816286e-05,0.00042951683,0.0009455167,0.00037827753,0.45618826,0.0009111956,0.0030718967,0.0015541464,0.0015454977,0.00066331745,2.9488743e-05,0.0012303891,3.143944e-05,0.05482706
IK_XWYSLMAMRKYUFH-SEYXRHQNSA-N,Lysine degradation,"Glycine, serine and threonine metabolism",0.72455883,0.043308884,1.565405e-06,0.00068777235,0.0049961787,1.5516396e-05,2.4314213e-06,0.006446022,1.360824e-05,1.378972e-10,3.730324e-05,1.982883e-06,3.1834417e-05,6.45056e-08,4.4830337e-08,9.861114e-07,3.1176244e-06,0.0013952809,7.0278355e-07,1.0851814e-07,3.9830134e-08,9.554402e-07,1.02046855e-07,6.112271e-10,0.18060553,0.72455883,3.3459044e-09,1.8996738e-08,2.0367083e-06,4.7448393e-05,1.2711763e-05,0.00029349138,0.015277372,0.0057350206,9.72276e-07,1.1898972e-08,6.4387558e-09,1.1985082e-06,8.24117e-09,4.850215e-06,3.428285e-08,0.005138053,2.505514e-08,4.1894445e-08,6.801044e-09,2.0249499e-10,0.009922953,3.4738605e-08,1.3830983e-08,1.6678952e-05,4.6688187e-05,0.00016998292,3.0676028e-07,0.0012170589,9.94549e-09,4.063443e-06
IK_YBGBNHHXOJXFNM-UQCMLMITSA-N,Glycerophospholipid metabolism,Primary bile acid biosynthesis,0.14313817,0.000881905,0.003189253,0.00069014274,7.8499015e-06,1.7974122e-05,0.14216726,1.286362e-05,0.003899011,0.003467214,6.475462e-05,0.0005363848,3.1389456e-05,6.313522e-05,0.008972015,0.00026322392,0.014114437,2.9373403e-05,0.0072563523,0.021050982,0.013702608,0.020894555,0.13650593,0.00018503044,0.015175187,0.00047588907,0.007917002,0.0011365733,0.00036415062,0.045994043,0.00011498491,0.00063973904,0.009328335,0.002131382,0.00012592344,0.01260052,0.0003796904,7.037304e-05,0.02772048,0.14313817,0.00089966576,0.0008263559,0.007939621,0.0019469945,0.09167207,0.019000342,0.025217177,0.010202061,0.1263292,0.009808162,0.00061601336,0.0007378943,3.289875e-05,5.916049e-06,8.933245e-05,0.05936018
IK_YFFIQXNTTVSKJC-NZEOUKRFSA-N,Glycerophospholipid metabolism,Linoleic acid metabolism,0.5186024,0.0042883125,0.00015194442,0.0015529623,6.3747335e-05,5.669005e-05,0.030974936,0.00019097983,0.0007249589,1.3789326e-05,4.5545217e-05,6.2602165e-05,6.830027e-06,4.0658133e-06,0.009259297,2.0984984e-05,0.0057340413,0.00016435786,0.063207716,0.001124227,0.00017586882,0.000734757,0.00090185174,1.9154872e-06,0.19470033,0.0014552803,0.000257338,1.7258451e-05,1.9226827e-05,0.5186024,3.4825083e-05,0.01959952,0.005106827,0.014021666,4.8806696e-06,6.605646e-05,0.00014452847,3.4269673e-05,7.189746e-05,0.014409722,8.569323e-06,0.0037856242,9.9273115e-05,3.9222836e-05,0.00094819843,0.00013817135,0.059211887,4.563313e-05,0.0038734504,0.029450156,0.00049784256,0.005575054,5.6615492e-05,1.5421692e-05,1.946643e-06,0.008244536
IK_YLKVIMNNMLKUGJ-BQYQJAHWSA-N,Glycerophospholipid metabolism,Linoleic acid metabolism,0.1308531,0.01517154,0.002980802,0.022555009,0.003716323,0.0033491515,0.021963848,0.017602878,0.004139436,0.0010838712,0.0028269598,0.0031991003,0.00083831,0.00049258955,0.040290754,0.0012892593,0.009083707,0.031089934,0.106780924,0.0047127698,0.0013065494,0.00749715,0.005706846,0.00032684053,0.12548229,0.0146392975,0.0010705069,0.0019947216,0.0019724339,0.1308531,0.0011483083,0.030939369,0.04438418,0.023530776,0.000922455,0.0024937356,0.006095441,0.0026285842,0.0017965656,0.019988382,0.0012008339,0.02571567,0.0021566614,0.0020353058,0.006129144,0.0008074837,0.12774889,0.0018158898,0.0055924016,0.03327521,0.014045632,0.015781548,0.0040573035,0.0014069409,0.0006251788,0.0396611
IK_YSMODUONRAFBET-UHNVWZDZSA-N,Lysine degradation,"Alanine, aspartate and glutamate metabolism",0.3301354,0.3301354,3.1943608e-05,0.0005669264,0.11065546,0.08999299,4.0354556e-05,0.0004911978,1.6589423e-05,4.584444e-06,0.0009665416,0.0032329536,0.032226168,0.021175247,1.1709059e-06,3.0855223e-05,8.521536e-07,0.0013966099,2.1025274e-08,1.5596736e-07,5.130452e-08,1.9305307e-06,9.1084476e-05,0.00023690505,0.0007978476,0.011096318,2.8670824e-10,2.3422832e-05,0.002088149,4.3766915e-05,0.15402357,0.00019473,0.14241767,0.00023160194,0.0024769672,5.081248e-06,7.3020616e-05,0.0002010102,4.6287374e-09,4.3092479e-07,3.7905258e-05,0.00035478003,2.8621707e-06,0.0001039656,1.4534865e-08,1.00405344e-10,5.5443743e-06,2.6690172e-06,2.8845653e-09,1.6407092e-06,0.0007504472,0.00024047919,0.00034811348,0.092613235,0.0005596275,9.057285e-06
IK_YTBSYETUWUMLBZ-IUYQGCFVSA-N,Pentose phosphate pathway,Caffeine metabolism,0.11805858,0.035973515,0.031267744,0.09026389,0.00928368,0.0082065975,0.011628944,0.010031326,0.0046277074,0.0026673053,0.11805858,0.010424536,0.09386008,0.007313752,0.000969711,0.050308,0.0034022948,0.004214633,0.00046381887,0.0028881002,0.0011666645,0.01386174,0.0033620982,0.0012636964,0.0042048227,0.01014202,1.2006281e-05,0.0069003887,0.03663524,0.0015599508,0.017319739,0.029601254,0.11224349,0.019450909,0.046406545,0.0029732338,0.0017879944,0.00045949413,0.00010730534,0.00018517622,0.020524064,0.06783777,0.00013588465,0.023093922,9.329146e-05,3.115045e-05,0.0024429455,0.006609931,5.2855004e-05,0.00012904954,0.0013797457,0.00016158445,0.0009138524,0.042239845,0.016193792,0.012662288
IK_YVYMBNSKXOXSKW-HXUWFJFHSA-N,Ascorbate and aldarate metabolism,Glycerophospholipid metabolism,0.7890746,0.038968127,1.5716487e-05,0.00034429025,0.00011370521,1.6262965e-06,0.00011726605,0.0001106781,0.00062197534,3.3910104e-09,1.6091095e-05,2.959025e-06,2.4983449e-06,2.6566704e-08,9.813506e-07,1.03689e-05,0.0023710602,1.0912873e-05,6.209929e-05,0.00010059237,2.0090863e-05,2.4835772e-05,4.9687083e-06,2.8978968e-09,0.7890746,0.019732278,1.0809171e-05,1.5828273e-07,4.924884e-07,0.004682095,4.465894e-06,0.008864632,0.0036003026,0.081459,4.7475245e-07,1.9542476e-07,1.9406535e-08,4.8271136e-07,1.4806452e-06,0.00025786244,1.2393366e-07,0.025943942,3.7564035e-07,3.3989494e-07,2.825256e-06,1.1448088e-06,0.021284543,3.589975e-07,2.645323e-05,0.0013978066,1.7790404e-05,0.00058864756,1.06092855e-07,3.2152508e-05,1.0247985e-08,9.323017e-05
IK_ZBHYMNYETSSWIX-RMKNXTFCSA-N,Ether lipid metabolism,Linoleic acid metabolism,0.9547025,6.8194013e-06,1.2207521e-08,6.649678e-07,3.0294733e-09,2.3702038e-09,0.0077850837,2.1747641e-09,2.1527325e-07,2.5765431e-10,9.861257e-10,4.845741e-09,1.5903253e-11,2.696374e-11,0.00085598073,8.036938e-11,2.9947305e-05,2.14278e-09,0.0066104075,1.4950137e-06,1.1142945e-08,2.2683066e-07,1.550677e-06,9.7931325e-12,0.025222383,4.920516e-07,2.0303391e-08,1.6302303e-10,2.4702262e-10,0.9547025,1.4800705e-09,0.0004800229,7.260011e-06,0.00010082685,6.9228408e-12,7.5521e-09,4.9326065e-08,1.6003745e-09,3.994118e-09,0.0011700382,2.6903122e-11,6.5503473e-06,2.513109e-08,6.3331507e-10,1.0548198e-06,1.0305637e-08,0.0012421446,1.0199332e-09,2.3227649e-05,0.0016682245,1.5666257e-07,5.3475353e-05,4.004828e-09,9.9745635e-11,2.653147e-12,2.9144363e-05
IK_ZHCKPJGJQOPTLB-UHFFFAOYSA-N,Folate biosynthesis,Histidine metabolism,0.14089209,0.00086355925,0.0669619,0.027394054,0.0001432744,0.0012956292,0.016164282,0.0005090949,0.0009706226,0.011039676,0.06559522,0.014045704,0.12120813,0.008561133,0.00053871435,0.01821952,0.00025377012,0.000383631,6.690053e-05,0.0012797357,0.00051668385,0.04477651,0.0063124876,0.0006618118,0.00026532548,0.00031225797,1.4276026e-06,0.021335151,0.14089209,0.00013633698,0.0065553184,0.001295221,0.015557534,0.0012597626,0.08587548,0.018515905,0.0011858263,6.47078e-05,0.0002533123,8.106101e-05,0.08775314,0.006876858,0.00017746912,0.110319674,8.6265136e-05,8.373859e-06,0.00013566526,0.02608491,2.1097401e-05,4.2643883e-06,0.0002336779,2.1086087e-06,0.00016451355,0.0009204932,0.050343797,0.015518954
IK_ZJUKTBDSGOFHSH-WFMPWKQPSA-N,One carbon pool by folate,Retinol metabolism,0.05679197,0.016024694,0.021250153,0.009002385,0.002442068,0.0033778453,0.026452972,0.0026708012,0.028657714,0.011523306,0.0047693723,0.009991951,0.005678402,0.004344726,0.0058529493,0.00985623,0.029442027,0.0033925902,0.0069489465,0.034756158,0.03988642,0.04348825,0.045887977,0.004912346,0.027431305,0.008730392,0.0337909,0.011535907,0.008325866,0.030015383,0.0059744534,0.0069780922,0.03234141,0.015329349,0.008502392,0.017653449,0.0033341898,0.0029325539,0.041257836,0.02251315,0.01505399,0.012665105,0.016594524,0.016800612,0.05679197,0.04579648,0.03109576,0.033896122,0.04650621,0.014076362,0.008907905,0.009096865,0.0020707643,0.002161685,0.004365457,0.036863234
IK_ZKMZBAABQFUXFE-UHFFFAOYSA-O,Glycerophospholipid metabolism,Citrate cycle (TCA cycle),0.04521102,0.009992258,0.01608898,0.016788058,0.008449659,0.02326411,0.02124689,0.008316149,0.011228797,0.03424409,0.010505121,0.04521102,0.020535486,0.026550476,0.02177644,0.011736608,0.009401624,0.015711641,0.009962348,0.013202329,0.0062576486,0.020577403,0.028507337,0.028907204,0.01358944,0.007636084,0.0033451736,0.0347741,0.027118038,0.015674755,0.016429719,0.010752852,0.026450133,0.009271006,0.023128798,0.035942554,0.028452225,0.020362025,0.015018152,0.015524522,0.028648334,0.01180747,0.023688715,0.03250893,0.02065084,0.004044448,0.010436218,0.020414568,0.008436457,0.009897593,0.022438569,0.006548503,0.017100297,0.0059554777,0.02814494,0.027347311
IK_ZKRFOXLVOKTUTA-KQYNXXCUSA-N,Linoleic acid metabolism,Purine metabolism,0.8307803,0.004707705,0.018031027,0.0040805214,2.537724e-07,1.2017067e-08,0.00035012764,4.270603e-06,0.0034303318,8.5400934e-08,0.01610329,1.850067e-07,0.00013502575,1.0928108e-08,8.513742e-09,0.023882758,0.032383326,2.3151049e-08,1.10588914e-07,0.0026583816,0.008610073,0.0056180554,4.6668683e-05,1.960898e-09,0.0004316049,0.00031720195,1.5813608e-06,3.0772262e-06,3.5256421e-06,2.5132313e-06,2.9753737e-06,0.00096503296,0.008431347,0.028002894,0.00010031411,9.834412e-07,3.044939e-10,4.4867923e-10,5.5509184e-07,4.2137037e-07,0.00010604925,0.8307803,5.988612e-09,6.449805e-05,1.0113569e-06,3.7767093e-06,0.0050939457,0.00014028518,1.6196685e-05,3.26303e-07,8.6877435e-08,1.18533315e-07,9.176282e-11,9.6090356e-05,1.2268754e-07,0.005390921
IK_ZQPPMHVWECSIRJ-KTKRTIGZSA-N,Biosynthesis of unsaturated fatty acids,Biosynthesis of unsaturated fatty acids,0.6781268,0.0004580917,1.0794763e-06,0.041626565,1.4122508e-05,4.316649e-06,4.12667e-06,0.6781268,1.4996358e-07,2.2375609e-08,0.00011656226,1.3671741e-06,9.775335e-06,2.649037e-08,2.5550848e-06,4.457016e-07,6.9430634e-08,0.23036234,0.00020887017,2.5845154e-08,1.1754173e-09,1.2809455e-06,3.2505363e-07,1.6353008e-10,0.0029648114,0.0011760624,3.9822087e-12,1.3036886e-06,4.1301937e-06,1.3637215e-05,9.1145375e-07,2.6919382e-05,0.032694798,5.1367846e-05,3.4132854e-06,9.8619765e-08,6.8772e-07,6.752501e-08,1.4790974e-09,5.135339e-07,2.3268683e-06,0.0011611659,5.261148e-09,1.3359239e-06,1.4025526e-08,9.163164e-12,0.010437599,6.133815e-08,7.4227477e-09,2.1432999e-07,6.6101886e-05,7.684299e-07,4.124264e-07,0.00013874967,5.608721e-07,0.00031308216
IK_ZRKZFNZPJKEWPC-UHFFFAOYSA-N,Linoleic acid metabolism,Drug metabolism - cytochrome P450,0.14071582,0.007355762,0.0007231154,0.013457297,0.012172307,0.03850162,0.0076855635,0.014949576,0.0003707555,0.0024227826,0.0021976545,0.030447945,0.0011525883,0.0072586997,0.14071582,0.00020022258,0.00054315646,0.10988635,0.025723787,0.00046260539,2.74758e-05,0.00078478875,0.008656476,0.007461642,0.03865112,0.0042273453,1.19903025e-05,0.0080564795,0.0049556303,0.036169842,0.0029794516,0.0072376053,0.043422595,0.002574323,0.0024649724,0.005710906,0.091705024,0.044100743,0.000498795,0.008927543,0.0014815844,0.008177529,0.009391574,0.002518686,0.0020549528,6.286949e-06,0.013368777,0.00051148504,0.00027114063,0.022631383,0.090152234,0.035354212,0.06065959,0.0014940957,0.005612861,0.011461284
