"entity_id","study_id"
"IK_ATNNLHXCRAAGJS-QZQOTICOSA-N","S_24058461"
"IK_AURCBSWGPREGRQ-AQNFZCBMSA-M","S_24058461"
"IK_HLIJNIKSBCIDGO-QKLMXXKVSA-N","S_24058461"
"IK_IPCSVZSSVZVIGE-UHFFFAOYSA-N","S_24058461"
"IK_KDEYEEYMIPNKIJ-OGIIFMLESA-N","S_24058461"
"IK_MKOKWBRPIBQYJJ-WZBOJYASSA-N","S_24058461"
"IK_POQRWMRXUOPCLD-AAAFHMTMSA-N","S_24058461"
"IK_QIQXTHQIDYTFRH-UHFFFAOYSA-N","S_24058461"
"IK_QYWVASPEUXEHSY-NNRNTGNWSA-N","S_24058461"
"IK_QZZGJDVWLFXDLK-UHFFFAOYSA-N","S_24058461"
"IK_RBWQERGGVBSKJY-BWFPRIDFSA-N","S_24058461"
"IK_UKMSUNONTOPOIO-UHFFFAOYSA-N","S_24058461"
"IK_VJLLLMIZEJJZTE-LKPYDFSUSA-N","S_24058461"
"IK_VJSBNBBOSZJDKB-KPEYJIHVSA-N","S_24058461"
"IK_VKOBVWXKNCXXDE-UHFFFAOYSA-N","S_24058461"
"IK_VOZHMDQUIRUFQW-LOTHNZFDSA-N","S_24058461"
"IK_VQFKFAKEUMHBLV-BYSUZVQFSA-N","S_24058461"
"IK_WBOZIXHPUPAOIA-JZZPSRGZSA-N","S_24058461"
"IK_XMHIUKTWLZUKEX-UHFFFAOYSA-N","S_24058461"
"IK_YIGARKIIFOHVPF-CNUVFPMCSA-N","S_24058461"
"IK_YMYQEDCYNANIPI-PBLJWRMESA-N","S_24058461"
"IK_ZXPULTKTJOBQPE-NWGIQDPJSA-N","S_24058461"
"IK_AEMOLEFTQBMNLQ-QIUUJYRFSA-N","S_24167579"
"IK_AMVYOVYGIJXTQB-UHFFFAOYSA-N","S_24167579"
"IK_ARBHXJXXVVHMET-UHFFFAOYSA-N","S_24167579"
"IK_AXCLECQLCBWNLZ-KZZBVOOISA-N","S_24167579"
"IK_BCCRXDTUTZHDEU-VKHMYHEASA-N","S_24167579"
"IK_BNIXVQGCZULYKV-UHFFFAOYSA-N","S_24167579"
"IK_CRVXJVHSLVEDRI-UHFFFAOYSA-N","S_24167579"
"IK_CXGDCGIPEJKSCK-UHFFFAOYSA-N","S_24167579"
"IK_CXMXRPHRNRROMY-UHFFFAOYSA-N","S_24167579"
"IK_CXTATJFJDMJMIY-CYBMUJFWSA-N","S_24167579"
"IK_CXWXQJXEFPUFDZ-UHFFFAOYSA-N","S_24167579"
"IK_DCXYFEDJOCDNAF-REOHCLBHSA-N","S_24167579"
"IK_DGXRZJSPDXZJFG-UHFFFAOYSA-N","S_24167579"
"IK_DTOSIQBPPRVQHS-PDBXOOCHSA-N","S_24167579"
"IK_DTUQWGWMVIHBKE-UHFFFAOYSA-N","S_24167579"
"IK_FCHYNXGUKIEWGL-BPVVGZHASA-N","S_24167579"
"IK_FONIWJIDLJEJTL-UHFFFAOYSA-N","S_24167579"
"IK_FUGYGGDSWSUORM-UHFFFAOYSA-N","S_24167579"
"IK_GAGWJHPBXLXJQN-UORFTKCHSA-N","S_24167579"
"IK_GGJFWMOVUFBSIN-AIRLBKTGSA-O","S_24167579"
"IK_GGUOCFNAWIODMF-UHFFFAOYSA-N","S_24167579"
"IK_GIUIHRRGPBPUAO-UHFFFAOYSA-N","S_24167579"
"IK_GJRJTYFSORWKBE-UHFFFAOYSA-N","S_24167579"
"IK_GJSURZIOUXUGAL-UHFFFAOYSA-N","S_24167579"
"IK_GLACGTLACKLUJX-QNAXTHAFSA-N","S_24167579"
"IK_GLWKVDXAQHCAIO-REYDXQAISA-N","S_24167579"
"IK_GOWRYACIDZSIHI-KBPBESRZSA-N","S_24167579"
"IK_GRSMWKLPSNHDHA-UHFFFAOYSA-N","S_24167579"
"IK_GWLHCTMTLJQQKG-UHFFFAOYSA-N","S_24167579"
"IK_GXOMMGAFBINOJY-SLINCCQESA-M","S_24167579"
"IK_HGJUPYQMZUBYSJ-UHFFFAOYSA-N","S_24167579"
"IK_HJJVPARKXDDIQD-UHFFFAOYSA-N","S_24167579"
"IK_HMKKIXGYKWDQSV-UHFFFAOYSA-N","S_24167579"
"IK_HMVMFGNKDHVMJV-UHFFFAOYSA-N","S_24167579"
"IK_HYBBIBNJHNGZAN-UHFFFAOYSA-N","S_24167579"
"IK_ICFXZZFWRWNZMA-UHFFFAOYSA-N","S_24167579"
"IK_IDAICLIJTRXNER-UHFFFAOYSA-N","S_24167579"
"IK_IDFPDDYONWABIH-CXCWZUHBSA-N","S_24167579"
"IK_IEPGNWMPIFDNSD-HZJYTTRNSA-N","S_24167579"
"IK_ILMMSBJXXQIEEM-UHFFFAOYSA-N","S_24167579"
"IK_IOFRHEYTWVCPIG-UHFFFAOYSA-N","S_24167579"
"IK_IPCSVZSSVZVIGE-UHFFFAOYSA-N","S_24167579"
"IK_ISRLGZXSKRDKID-JXBDSQKUSA-N","S_24167579"
"IK_IVUWYMCIIBQTQB-VAFBSOEGSA-N","S_24167579"
"IK_JAQGKXUEKGKTKX-HOTGVXAUSA-N","S_24167579"
"IK_JBIMVDZLSHOPLA-LSCVHKIXSA-N","S_24167579"
"IK_JHFAKPWBUSBCCY-UHFFFAOYSA-N","S_24167579"
"IK_JOATXPAWOHTVSZ-UHFFFAOYSA-N","S_24167579"
"IK_KBOJOGQFRVVWBH-ZETCQYMHSA-N","S_24167579"
"IK_KECVAQLNZFMLLN-DUXPYHPUSA-N","S_24167579"
"IK_KPMVHELZNRNSMN-UHFFFAOYSA-N","S_24167579"
"IK_KYZSOPIZDMFUBC-QPCGIFMOSA-N","S_24167579"
"IK_LAGYWHSFHIMTPE-UHFFFAOYSA-N","S_24167579"
"IK_LCHFAYIGHOVWSA-LEDUIRAGSA-N","S_24167579"
"IK_LEVWYRKDKASIDU-UHFFFAOYNA-N","S_24167579"
"IK_LKNPFOZIOWXDQS-UHFFFAOYSA-N","S_24167579"
"IK_LMJSLTNSBFUCMU-UHFFFAOYSA-N","S_24167579"
"IK_LQQFFJFGLSKYIR-UHFFFAOYSA-M","S_24167579"
"IK_LVDKZNITIUWNER-UHFFFAOYSA-N","S_24167579"
"IK_LXZUEFPJZTWGEL-KAMYIIQDSA-N","S_24167579"
"IK_LZCOQTDXKCNBEE-RUTJIGONSA-N","S_24167579"
"IK_MAHPNPYYQAIOJN-UHFFFAOYSA-N","S_24167579"
"IK_MDSIZRKJVDMQOQ-GORDUTHDSA-N","S_24167579"
"IK_METKIMKYRPQLGS-UHFFFAOYSA-N","S_24167579"
"IK_MQDDWIVNNZPOCB-HOTGVXAUSA-N","S_24167579"
"IK_MWRWFPQBGSZWNV-UHFFFAOYSA-N","S_24167579"
"IK_MZOYMQRKTJRHGJ-UHFFFAOYSA-N","S_24167579"
"IK_MZWRIOUCMXPLKV-RFOVXIPZSA-N","S_24167579"
"IK_NAYOYSKSFGMFOB-LURJTMIESA-N","S_24167579"
"IK_NJMGRJLQRLFQQX-HYXAFXHYSA-N","S_24167579"
"IK_NPNUFJAVOOONJE-FLFDDASRSA-N","S_24167579"
"IK_NUJGJRNETVAIRJ-UHFFFAOYSA-N","S_24167579"
"IK_OAMCCJASDLMTOO-UHFFFAOYSA-N","S_24167579"
"IK_OJMNTWPPFNMOCJ-CFOLLTDRSA-M","S_24167579"
"IK_OKRAIIIRDYCGGZ-POHAHGRESA-N","S_24167579"
"IK_OOOXLVUNFHBSNL-UFBFGSQYSA-N","S_24167579"
"IK_ORHVVTAURCZTDT-QZQOTICOSA-N","S_24167579"
"IK_OTAJGWQCQIEFEV-UHFFFAOYSA-N","S_24167579"
"IK_PABVKUJVLNMOJP-UHFFFAOYSA-M","S_24167579"
"IK_PBLNHHSDYFYZNC-UHFFFAOYSA-N","S_24167579"
"IK_PWHROYKAGRUWDQ-UHFFFAOYSA-N","S_24167579"
"IK_QCCRPLPTELVLHD-LCYFTJDESA-N","S_24167579"
"IK_QUZSUMLPWDHKCJ-UHFFFAOYSA-N","S_24167579"
"IK_QWRYPHZJTWQLFX-UHFFFAOYSA-N","S_24167579"
"IK_RHGKLRLOHDJJDR-BYPYZUCNSA-N","S_24167579"
"IK_RJDBNSZFZDWPFL-WEDYNZIRSA-N","S_24167579"
"IK_RNVHHPUYELVHRE-GLRLOKQVSA-N","S_24167579"
"IK_RUYUCCQRWINUHE-UHFFFAOYSA-N","S_24167579"
"IK_RVOLLAQWKVFTGE-UHFFFAOYSA-N","S_24167579"
"IK_RXFPYNAVFFDUJE-UHFFFAOYSA-N","S_24167579"
"IK_SEALOBQTUQIVGU-QNIJNHAOSA-N","S_24167579"
"IK_SRMRDCIUBMNQNC-MUUNZHRXSA-O","S_24167579"
"IK_SRPXSILJHWNFMK-ZBEGNZNMSA-N","S_24167579"
"IK_SWGJCIMEBVHMTA-UHFFFAOYSA-K","S_24167579"
"IK_SXKNCCSPZDCRFD-UHFFFAOYSA-N","S_24167579"
"IK_UBMDAKWARMURDL-FNORWQNLSA-N","S_24167579"
"IK_UGFILLIGHGZLHE-UHFFFAOYSA-N","S_24167579"
"IK_UGJAEDFOKNAMQD-QXPKXGMISA-N","S_24167579"
"IK_UJHKVYPPCJBOSG-UHFFFAOYSA-N","S_24167579"
"IK_UOORRWUZONOOLO-UHFFFAOYSA-N","S_24167579"
"IK_URDOHUPGIOGTKV-JTBFTWTJSA-M","S_24167579"
"IK_UUUGVWGQJIFFRM-FUHDGFEASA-N","S_24167579"
"IK_UXFQDXABPXWSTK-ZDUSSCGKSA-N","S_24167579"
"IK_VBGLYOIFKLUMQG-UHFFFAOYSA-N","S_24167579"
"IK_VCCAAURNBULZRR-JGVFFNPUSA-N","S_24167579"
"IK_VEORPZCZECFIRK-UHFFFAOYSA-N","S_24167579"
"IK_VMUNAKQXJLHODT-VAWYXSNFSA-N","S_24167579"
"IK_VMYXUZSZMNBRCN-UHFFFAOYSA-N","S_24167579"
"NO_INCHIKEY__10 carbon fatty aldehyde","S_24167579"
"NO_INCHIKEY__11 carbon fatty acid","S_24167579"
"NO_INCHIKEY__12 carbon fatty acid","S_24167579"
"NO_INCHIKEY__13 carbon fatty acid","S_24167579"
"NO_INCHIKEY__14 carbon fatty acid","S_24167579"
"NO_INCHIKEY__16 carbon fatty acid","S_24167579"
"NO_INCHIKEY__8 10 dihydroxydihydroergotamine","S_24167579"
"NO_INCHIKEY__aromatic phytochemical","S_24167579"
"NO_INCHIKEY__bile acid or lovastatin","S_24167579"
"NO_INCHIKEY__brompheniramine didemethylated","S_24167579"
"IK_WHPVYXDFIXRKLN-UHFFFAOYSA-N","S_24167579"
"IK_WHWHBAUZDPEHEM-UHFFFAOYSA-N","S_24167579"
"IK_WRUFJWLVOQYPJF-UHFFFAOYSA-N","S_24167579"
"IK_WTFXTQVDAKGDEY-HTQZYQBOSA-N","S_24167579"
"NO_INCHIKEY__flavanoid","S_24167579"
"NO_INCHIKEY__flavanoid glucuronide","S_24167579"
"NO_INCHIKEY__flavonoid glucuronide","S_24167579"
"NO_INCHIKEY__flavonoid glucuronide se adenosylselenomethionine","S_24167579"
"NO_INCHIKEY__flower extract","S_24167579"
"IK_WWZKQHOCKIZLMA-UHFFFAOYSA-N","S_24167579"
"IK_XAPHYNIJAGNNNA-YFTOQCAPSA-N","S_24167579"
"IK_XWBICGCZKGTPCH-MBNYWOFBSA-N","S_24167579"
"IK_XWXLDVGDOHFZSG-KPRBQMARSA-N","S_24167579"
"IK_XZDDLHQSVWZOPD-MYGLTJDJSA-N","S_24167579"
"IK_YFMPSMITLLBENU-UHFFFAOYSA-N","S_24167579"
"IK_ZBSGKPYXQINNGF-UHFFFAOYSA-N","S_24167579"
"IK_ZCSFFBZXCQGHRG-UHFFFAOYSA-N","S_24167579"
"IK_ZDXMLEQEMNLCQG-UHFFFAOYSA-N","S_24167579"
"IK_ZETVJNVPEVTCFL-GUCXUNSNSA-N","S_24167579"
"NO_INCHIKEY__possible bile acid","S_24167579"
"NO_INCHIKEY__possible bile salt","S_24167579"
"NO_INCHIKEY__possible flavonoid","S_24167579"
"NO_INCHIKEY__possible phytochemical","S_24167579"
"NO_INCHIKEY__possible prenol lipid","S_24167579"
"NO_INCHIKEY__possible steroid","S_24167579"
"IK_ZFRKQXVRDFCRJG-UHFFFAOYSA-N","S_24167579"
"IK_ZHRLECIZINSPKL-AKGZTFGVSA-N","S_24167579"
"NO_INCHIKEY__ps 22 6","S_24167579"
"NO_INCHIKEY__tripeptide cys cys cys","S_24167579"
"NO_INCHIKEY__tripeptide cys his lys","S_24167579"
"NO_INCHIKEY__tripeptide cys his trp","S_24167579"
"NO_INCHIKEY__tripeptide cys lys his","S_24167579"
"NO_INCHIKEY__tripeptide leu ile tyr lys","S_24167579"
"NO_INCHIKEY__tripeptide leu ile asn pro val gln pro","S_24167579"
"NO_INCHIKEY__tripeptide leu ile asp arg gln gln lys arg val glu val val trp","S_24167579"
"NO_INCHIKEY__tripeptide leu ile lys gln","S_24167579"
"NO_INCHIKEY__tripeptide thr pro ala","S_24167579"
"UNKNOWN_ROW__24167579__unknown_1","S_24167579"
"UNKNOWN_ROW__24167579__unknown_82","S_24167579"
"UNKNOWN_ROW__24167579__unknown_83","S_24167579"
"UNKNOWN_ROW__24167579__unknown_84","S_24167579"
"UNKNOWN_ROW__24167579__unknown_85","S_24167579"
"UNKNOWN_ROW__24167579__unknown_86","S_24167579"
"UNKNOWN_ROW__24167579__unknown_87","S_24167579"
"UNKNOWN_ROW__24167579__unknown_88","S_24167579"
"UNKNOWN_ROW__24167579__unknown_89","S_24167579"
"UNKNOWN_ROW__24167579__unknown_90","S_24167579"
"UNKNOWN_ROW__24167579__unknown_91","S_24167579"
"UNKNOWN_ROW__24167579__unknown_92","S_24167579"
"UNKNOWN_ROW__24167579__unknown_93","S_24167579"
"UNKNOWN_ROW__24167579__unknown_94","S_24167579"
"UNKNOWN_ROW__24167579__unknown_95","S_24167579"
"UNKNOWN_ROW__24167579__unknown_96","S_24167579"
"UNKNOWN_ROW__24167579__unknown_97","S_24167579"
"UNKNOWN_ROW__24167579__unknown_98","S_24167579"
"UNKNOWN_ROW__24167579__unknown_99","S_24167579"
"UNKNOWN_ROW__24167579__unknown_100","S_24167579"
"UNKNOWN_ROW__24167579__unknown_101","S_24167579"
"UNKNOWN_ROW__24167579__unknown_102","S_24167579"
"UNKNOWN_ROW__24167579__unknown_103","S_24167579"
"UNKNOWN_ROW__24167579__unknown_104","S_24167579"
"UNKNOWN_ROW__24167579__unknown_105","S_24167579"
"UNKNOWN_ROW__24167579__unknown_106","S_24167579"
"UNKNOWN_ROW__24167579__unknown_107","S_24167579"
"UNKNOWN_ROW__24167579__unknown_108","S_24167579"
"UNKNOWN_ROW__24167579__unknown_109","S_24167579"
"UNKNOWN_ROW__24167579__unknown_110","S_24167579"
"UNKNOWN_ROW__24167579__unknown_111","S_24167579"
"UNKNOWN_ROW__24167579__unknown_112","S_24167579"
"UNKNOWN_ROW__24167579__unknown_113","S_24167579"
"UNKNOWN_ROW__24167579__unknown_114","S_24167579"
"UNKNOWN_ROW__24167579__unknown_115","S_24167579"
"UNKNOWN_ROW__24167579__unknown_116","S_24167579"
"UNKNOWN_ROW__24167579__unknown_117","S_24167579"
"UNKNOWN_ROW__24167579__unknown_118","S_24167579"
"UNKNOWN_ROW__24167579__unknown_119","S_24167579"
"UNKNOWN_ROW__24167579__unknown_120","S_24167579"
"UNKNOWN_ROW__24167579__unknown_121","S_24167579"
"UNKNOWN_ROW__24167579__unknown_122","S_24167579"
"UNKNOWN_ROW__24167579__unknown_123","S_24167579"
"UNKNOWN_ROW__24167579__unknown_124","S_24167579"
"UNKNOWN_ROW__24167579__unknown_125","S_24167579"
"UNKNOWN_ROW__24167579__unknown_126","S_24167579"
"UNKNOWN_ROW__24167579__unknown_127","S_24167579"
"UNKNOWN_ROW__24167579__unknown_128","S_24167579"
"UNKNOWN_ROW__24167579__unknown_129","S_24167579"
"UNKNOWN_ROW__24167579__unknown_130","S_24167579"
"UNKNOWN_ROW__24167579__unknown_131","S_24167579"
"UNKNOWN_ROW__24167579__unknown_132","S_24167579"
"UNKNOWN_ROW__24167579__unknown_133","S_24167579"
"UNKNOWN_ROW__24167579__unknown_134","S_24167579"
"UNKNOWN_ROW__24167579__unknown_135","S_24167579"
"UNKNOWN_ROW__24167579__unknown_136","S_24167579"
"UNKNOWN_ROW__24167579__unknown_137","S_24167579"
"UNKNOWN_ROW__24167579__unknown_138","S_24167579"
"UNKNOWN_ROW__24167579__unknown_139","S_24167579"
"UNKNOWN_ROW__24167579__unknown_140","S_24167579"
"UNKNOWN_ROW__24167579__unknown_141","S_24167579"
"UNKNOWN_ROW__24167579__unknown_142","S_24167579"
"UNKNOWN_ROW__24167579__unknown_143","S_24167579"
"UNKNOWN_ROW__24167579__unknown_144","S_24167579"
"UNKNOWN_ROW__24167579__unknown_145","S_24167579"
"UNKNOWN_ROW__24167579__unknown_146","S_24167579"
"UNKNOWN_ROW__24167579__unknown_147","S_24167579"
"UNKNOWN_ROW__24167579__unknown_148","S_24167579"
"UNKNOWN_ROW__24167579__unknown_149","S_24167579"
"UNKNOWN_ROW__24167579__unknown_150","S_24167579"
"UNKNOWN_ROW__24167579__unknown_151","S_24167579"
"UNKNOWN_ROW__24167579__unknown_152","S_24167579"
"UNKNOWN_ROW__24167579__unknown_153","S_24167579"
"UNKNOWN_ROW__24167579__unknown_154","S_24167579"
"UNKNOWN_ROW__24167579__unknown_155","S_24167579"
"UNKNOWN_ROW__24167579__unknown_156","S_24167579"
"UNKNOWN_ROW__24167579__unknown_157","S_24167579"
"UNKNOWN_ROW__24167579__unknown_158","S_24167579"
"UNKNOWN_ROW__24167579__unknown_159","S_24167579"
"UNKNOWN_ROW__24167579__unknown_160","S_24167579"
"UNKNOWN_ROW__24167579__unknown_161","S_24167579"
"UNKNOWN_ROW__24167579__unknown_162","S_24167579"
"UNKNOWN_ROW__24167579__unknown_163","S_24167579"
"UNKNOWN_ROW__24167579__unknown_164","S_24167579"
"UNKNOWN_ROW__24167579__unknown_165","S_24167579"
"UNKNOWN_ROW__24167579__unknown_166","S_24167579"
"UNKNOWN_ROW__24167579__unknown_167","S_24167579"
"UNKNOWN_ROW__24167579__unknown_168","S_24167579"
"UNKNOWN_ROW__24167579__unknown_169","S_24167579"
"UNKNOWN_ROW__24167579__unknown_170","S_24167579"
"UNKNOWN_ROW__24167579__unknown_171","S_24167579"
"UNKNOWN_ROW__24167579__unknown_172","S_24167579"
"UNKNOWN_ROW__24167579__unknown_173","S_24167579"
"UNKNOWN_ROW__24167579__unknown_174","S_24167579"
"UNKNOWN_ROW__24167579__unknown_175","S_24167579"
"UNKNOWN_ROW__24167579__unknown_176","S_24167579"
"UNKNOWN_ROW__24167579__unknown_177","S_24167579"
"UNKNOWN_ROW__24167579__unknown_178","S_24167579"
"UNKNOWN_ROW__24167579__unknown_179","S_24167579"
"UNKNOWN_ROW__24167579__unknown_180","S_24167579"
"UNKNOWN_ROW__24167579__unknown_181","S_24167579"
"UNKNOWN_ROW__24167579__unknown_182","S_24167579"
"UNKNOWN_ROW__24167579__unknown_183","S_24167579"
"UNKNOWN_ROW__24167579__unknown_184","S_24167579"
"UNKNOWN_ROW__24167579__unknown_185","S_24167579"
"UNKNOWN_ROW__24167579__unknown_186","S_24167579"
"UNKNOWN_ROW__24167579__unknown_187","S_24167579"
"UNKNOWN_ROW__24167579__unknown_188","S_24167579"
"UNKNOWN_ROW__24167579__unknown_189","S_24167579"
"UNKNOWN_ROW__24167579__unknown_190","S_24167579"
"UNKNOWN_ROW__24167579__unknown_191","S_24167579"
"UNKNOWN_ROW__24167579__unknown_192","S_24167579"
"UNKNOWN_ROW__24167579__unknown_193","S_24167579"
"UNKNOWN_ROW__24167579__unknown_194","S_24167579"
"UNKNOWN_ROW__24167579__unknown_195","S_24167579"
"UNKNOWN_ROW__24167579__unknown_196","S_24167579"
"UNKNOWN_ROW__24167579__unknown_197","S_24167579"
"IK_AGPKZVBTJJNPAG-WHFBIAKZSA-N","S_28880465"
"IK_AHLPHDHHMVZTML-UHFFFAOYSA-N","S_28880465"
"IK_AOXITOVWUAKZHT-CCKFTAQKSA-N","S_28880465"
"IK_AYFVYJQAPQTCCC-GBXIJSLDSA-N","S_28880465"
"IK_BAVYZALUXZFZLV-UHFFFAOYSA-N","S_28880465"
"IK_BCDGQXUMWHRQCB-UHFFFAOYSA-N","S_28880465"
"IK_BDKXLTOHYQEAIO-RSLHMRQOSA-N","S_28880465"
"IK_BRMWTNUJHUMWMS-LURJTMIESA-N","S_28880465"
"IK_BTCSSZJGUNDROE-UHFFFAOYSA-N","S_28880465"
"IK_BTNKSMIZKSHDNT-UHFFFAOYSA-N","S_28880465"
"IK_BXJHWYVXLGLDMZ-UHFFFAOYSA-N","S_28880465"
"IK_BYUOBSUZYQAFJM-UHFFFAOYSA-N","S_28880465"
"IK_CGQCWMIAEPEHNQ-UHFFFAOYSA-N","S_28880465"
"IK_CJCSPKMFHVPWAR-JTQLQIEISA-N","S_28880465"
"IK_CKLJMWTZIZZHCS-REOHCLBHSA-N","S_28880465"
"IK_COLNVLDHVKWLRT-QMMMGPOBSA-N","S_28880465"
"IK_DCXYFEDJOCDNAF-REOHCLBHSA-N","S_28880465"
"IK_DHMQDGOQFOQNFH-UHFFFAOYSA-N","S_28880465"
"IK_DRTQHJPVMGBUCF-XVFCMESISA-N","S_28880465"
"IK_DTERQYGMUDWYAZ-ZETCQYMHSA-N","S_28880465"
"IK_DUUGKQCEGZLZNO-UHFFFAOYSA-N","S_28880465"
"IK_FDGQSTZJBFJUBT-UHFFFAOYSA-N","S_28880465"
"IK_FFEARJCKVFRZRR-BYPYZUCNSA-N","S_28880465"
"IK_FJKROLUGYXJWQN-UHFFFAOYSA-N","S_28880465"
"IK_FUOOLUPWFVMBKG-UHFFFAOYSA-N","S_28880465"
"IK_FVMDYYGIDFPZAX-UHFFFAOYSA-N","S_28880465"
"IK_FVSDTYGQCVACMH-UFEDUZHUSA-N","S_28880465"
"IK_GHOKWGTUZJEAQD-ZETCQYMHSA-N","S_28880465"
"IK_GKZIWHRNKRBEOH-UHFFFAOYSA-N","S_28880465"
"IK_GMSNIKWWOQHZGF-UHFFFAOYSA-N","S_28880465"
"IK_GUKOKXKMWGOHJJ-NSHDSACASA-N","S_28880465"
"IK_HNDVDQJCIGZPNO-YFKPBYRVSA-N","S_28880465"
"IK_HXEACLLIILLPRG-YFKPBYRVSA-N","S_28880465"
"IK_HXKKHQJGJAFBHI-UHFFFAOYSA-N","S_28880465"
"IK_HZAXFHJVJLSVMW-UHFFFAOYSA-N","S_28880465"
"IK_ISWSIDIOOBJBQZ-UHFFFAOYSA-N","S_28880465"
"IK_IWYDHOAUDWTVEP-UHFFFAOYSA-N","S_28880465"
"IK_JQXBETDGCMQLMK-UHFFFAOYSA-N","S_28880465"
"IK_JYFOSWJYZIVJPO-YGEZULPYSA-N","S_28880465"
"IK_KDXKERNSBIXSRK-YFKPBYRVSA-N","S_28880465"
"IK_KIDHWZJUCRJVML-UHFFFAOYSA-N","S_28880465"
"IK_KMAKOBLIOCQGJP-UHFFFAOYSA-N","S_28880465"
"IK_KRNYOVHEKOBTEF-YUMQZZPRSA-N","S_28880465"
"IK_KXSPLNAXPMVUEC-NCOIDOBVSA-N","S_28880465"
"IK_KZNQNBZMBZJQJO-RXMQYKEDSA-N","S_28880465"
"IK_KZSNJWFQEVHDMF-BYPYZUCNSA-N","S_28880465"
"IK_LEOVWDSHDAVANJ-UHFFFAOYSA-N","S_28880465"
"IK_LEVWYRKDKASIDU-IMJSIDKUSA-N","S_28880465"
"IK_LHQIJBMDNUYRAM-DZSWIPIPSA-N","S_28880465"
"IK_LOIYMIARKYCTBW-OWOJBTEDSA-N","S_28880465"
"IK_LRFVTYWOQMYALW-UHFFFAOYSA-N","S_28880465"
"IK_LYCVKHSJGDMDLM-LURJTMIESA-N","S_28880465"
"IK_MCMLHDBHZRLOED-SFYZADRCSA-N","S_28880465"
"IK_MTCFGRXMJLQNBG-REOHCLBHSA-N","S_28880465"
"IK_MWOOGOJBHIARFG-UHFFFAOYSA-N","S_28880465"
"IK_NMHMNPHRMNGLLB-UHFFFAOYSA-N","S_28880465"
"IK_ODKSFYDXXFIFQN-BYPYZUCNSA-N","S_28880465"
"IK_ONIBWKKTOPOVIA-BYPYZUCNSA-N","S_28880465"
"IK_OUYCCCASQSFEME-QMMMGPOBSA-N","S_28880465"
"IK_OYIFNHCXNCRBQI-UHFFFAOYSA-N","S_28880465"
"IK_PAFZNILMFXTMIY-UHFFFAOYSA-N","S_28880465"
"IK_PDNJLMZEGXHSCU-UHFFFAOYSA-N","S_28880465"
"IK_POQOTWQIYYNXAT-UHFFFAOYSA-N","S_28880465"
"IK_PQNASZJZHFPQLE-LURJTMIESA-N","S_28880465"
"IK_PRJJVJQUMHDYMQ-UHFFFAOYSA-N","S_28880465"
"IK_QCHPKSFMDHPSNR-UHFFFAOYSA-N","S_28880465"
"IK_QEFRNWWLZKMPFJ-YGVKFDHGSA-N","S_28880465"
"IK_QGNYWQOMJSTUQZ-BQBZGAKWSA-N","S_28880465"
"IK_QIVBCDIJIAJPQS-VIFPVBQESA-N","S_28880465"
"IK_QNAYBMKLOCPYGJ-REOHCLBHSA-N","S_28880465"
"IK_QNJHODONDIDAEE-UHFFFAOYSA-N","S_28880465"
"IK_QWCKQJZIFLGMSD-UHFFFAOYSA-N","S_28880465"
"IK_QZAYGJVTTNCVMB-UHFFFAOYSA-N","S_28880465"
"IK_RCFDOSNHHZGBOY-ACZMJKKPSA-N","S_28880465"
"IK_RGHMISIYKIHAJW-SSDOTTSWSA-N","S_28880465"
"IK_RHGKLRLOHDJJDR-BYPYZUCNSA-N","S_28880465"
"IK_ROHFNLRQFUQHCH-YFKPBYRVSA-N","S_28880465"
"IK_RPVCUZZJCXVVDW-WDSKDSINSA-N","S_28880465"
"IK_SGNZYJXNUURYCH-UHFFFAOYSA-N","S_28880465"
"IK_STKYPAFSDFAEPH-LURJTMIESA-N","S_28880465"
"IK_UGQMRVRMYYASKQ-KQYNXXCUSA-N","S_28880465"
"IK_UKAUYVFTDYCKQA-VKHMYHEASA-N","S_28880465"
"IK_VCKPUUFAIGNJHC-UHFFFAOYSA-N","S_28880465"
"IK_VHVGNTVUSQUXPS-YUMQZZPRSA-N","S_28880465"
"IK_WHUUTDBJXJRKMK-VKHMYHEASA-N","S_28880465"
"IK_WKOLLVMJNQIZCI-UHFFFAOYSA-N","S_28880465"
"IK_WKZLNEWVIAGNAW-UHFFFAOYSA-N","S_28880465"
"IK_XOAAWQZATWQOTB-UHFFFAOYSA-N","S_28880465"
"IK_XQXPVVBIMDBYFF-UHFFFAOYSA-N","S_28880465"
"IK_YGPSJZOEDVAXAB-QMMMGPOBSA-N","S_28880465"
"IK_YKPUWZUDDOIDPM-SOFGYWHQSA-N","S_28880465"
"IK_YSMODUONRAFBET-UHNVWZDZSA-N","S_28880465"
"IK_YZQCXOFQZKCETR-UWVGGRQHSA-N","S_28880465"
"IK_ZDXPYRJPNDTMRX-VKHMYHEASA-N","S_28880465"
"IK_ZFXYFBGIUFBOJW-UHFFFAOYSA-N","S_28880465"
"IK_ZHRLECIZINSPKL-AKGZTFGVSA-N","S_28880465"
"IK_BCNUXXXHEIUHJB-UHFFFAOYSA-N","S_29518718"
"IK_COLNVLDHVKWLRT-UHFFFAOYNA-N","S_29518718"
"IK_CWMPPVPFLSZGCY-SREVYHEPSA-N","S_29518718"
"IK_FZAYDNUFXQMOCM-SSTSLOEUSA-N","S_29518718"
"IK_GHCZAUBVMUEKKP-WTFVBUONSA-N","S_29518718"
"IK_HIAJCGFYHIANNA-QIZZZRFXSA-N","S_29518718"
"IK_IHCPDBBYTYJYIL-UHFFFAOYSA-N","S_29518718"
"IK_NGTXCORNXNELNU-BOIFFFMUSA-N","S_29518718"
"IK_NMPZCCZXCOMSDQ-ZRTZXPPTSA-N","S_29518718"
"IK_NQPDZGIKBAWPEJ-UHFFFAOYSA-N","S_29518718"
"IK_PHIQHXFUZVPYII-UHFFFAOYNA-N","S_29518718"
"IK_RGHHSNMVTDWUBI-UHFFFAOYSA-N","S_29518718"
"IK_RPHLQSHHTJORHI-UHFFFAOYSA-N","S_29518718"
"IK_SPJFYYJXNPEZDW-FTJOPAKQSA-N","S_29518718"
"IK_SPURMHFLEKVAAS-UHFFFAOYSA-N","S_29518718"
"IK_SVYIZYRTOYHQRE-UHFFFAOYSA-N","S_29518718"
"IK_XZYNWDWRUDTDCH-UHFFFAOYSA-N","S_29518718"
"IK_BITHHVVYSMSWAG-KTKRTIGZSA-N","S_33485385"
"IK_CDAISMWEOUEBRE-UHFFFAOYSA-N","S_33485385"
"IK_DRTQHJPVMGBUCF-XVFCMESISA-N","S_33485385"
"IK_DTOSIQBPPRVQHS-PDBXOOCHSA-N","S_33485385"
"IK_FUJLYHJROOYKRA-UHFFFAOYSA-N","S_33485385"
"IK_GHOKWGTUZJEAQD-ZETCQYMHSA-N","S_33485385"
"IK_GHVNFZFCNZKVNT-UHFFFAOYSA-N","S_33485385"
"IK_GPWHCUUIQMGELX-VHQDNGOZSA-N","S_33485385"
"IK_GTZCVFVGUGFEME-IWQZZHSRSA-N","S_33485385"
"IK_IVEOBKYBCRMTLK-ZPMDXPHCSA-N","S_33485385"
"IK_JAZBEHYOTPTENJ-JLNKQSITSA-N","S_33485385"
"IK_JFLIEFSWGNOPJJ-JTQLQIEISA-N","S_33485385"
"IK_JLPULHDHAOZNQI-ZTIMHPMXSA-N","S_33485385"
"IK_JNDFGLPQDFBGLR-KMCBPMHZSA-N","S_33485385"
"IK_JPAUCQAJHLSMQW-XPORZQOISA-N","S_33485385"
"IK_JYGXADMDTFJGBT-VWUMJDOOSA-N","S_33485385"
"IK_LVNITLZCNUEXQK-UTJQPWESSA-N","S_33485385"
"IK_MBMBGCFOFBJSGT-KUBAVDMBSA-N","S_33485385"
"IK_NBIIXXVUZAFLBC-UHFFFAOYSA-K","S_33485385"
"IK_OMFXVFTZEKFJBZ-HJTSIMOOSA-N","S_33485385"
"IK_ONIBWKKTOPOVIA-UHFFFAOYNA-N","S_33485385"
"IK_OQWOHRPOYAVIOK-UHFFFAOYSA-N","S_33485385"
"IK_PETYOUXDCHQKTQ-QXPKXGMISA-N","S_33485385"
"IK_POULHZVOKOAJMA-UHFFFAOYSA-N","S_33485385"
"IK_PQSUYGKTWSAVDQ-ZVIOFETBSA-N","S_33485385"
"IK_QJXKIQOLZYQDJN-UHFFFAOYSA-N","S_33485385"
"IK_RAWJLCORCPFJMI-PXQGODGESA-N","S_33485385"
"IK_RCNSAJSGRJSBKK-NSQVQWHSSA-N","S_33485385"
"IK_ROLYKLIDKNENPU-YHTMAJSVSA-O","S_33485385"
"IK_RVEKLXYYCHAMDF-UTOQUPLUSA-N","S_33485385"
"IK_SOECUQMRSRVZQQ-UHFFFAOYSA-N","S_33485385"
"IK_VKOBVWXKNCXXDE-UHFFFAOYSA-N","S_33485385"
"IK_VKVSSDKCKXJFIM-AFYHZPHLSA-N","S_33485385"
"IK_VZQRMZUULSWEHB-XCFXQIAYSA-N","S_33485385"
"IK_WGNAKZGUSRVWRH-UHFFFAOYSA-N","S_33485385"
"NO_INCHIKEY__ffa 11 1","S_33485385"
"NO_INCHIKEY__ffa 18 0","S_33485385"
"NO_INCHIKEY__ffa 18 2","S_33485385"
"NO_INCHIKEY__ffa 19 1","S_33485385"
"IK_WWNNZCOKKKDOPX-UHFFFAOYSA-N","S_33485385"
"IK_XGILAAMKEQUXLS-UHFFFAOYSA-N","S_33485385"
"IK_XSXIVVZCUAHUJO-HZJYTTRNSA-N","S_33485385"
"IK_XUYPXLNMDZIRQH-LURJTMIESA-N","S_33485385"
"IK_YGPSJZOEDVAXAB-UHFFFAOYSA-N","S_33485385"
"IK_YUFFSWGQGVEMMI-JLNKQSITSA-N","S_33485385"
"IK_YWDDIWXKFJEMKF-JTZVLWBESA-N","S_33485385"
"IK_YWWVWXASSLXJHU-WAYWQWQTSA-N","S_33485385"
"IK_YZXBAPSDXZZRGB-DOFZRALJSA-N","S_33485385"
"IK_ZQPPMHVWECSIRJ-KTKRTIGZSA-N","S_33485385"
"IK_AHLPHDHHMVZTML-UHFFFAOYSA-N","S_34577635"
"IK_ATHGHQPFGPMSJY-UHFFFAOYSA-N","S_34577635"
"IK_BFZDKPVWJYFECC-OFCLATOASA-N","S_34577635"
"IK_DOFAQXCYFQKSHT-SRVKXCTJSA-N","S_34577635"
"IK_GBNPCIWXLWZJGA-IGBSIYCFSA-N","S_34577635"
"IK_GIPZQCAVEQRWOM-IKJFKDIMSA-N","S_34577635"
"IK_KIDHWZJUCRJVML-UHFFFAOYSA-N","S_34577635"
"IK_OUYCCCASQSFEME-UHFFFAOYNA-N","S_34577635"
"IK_OYHQOLUKZRVURQ-HZJYTTRNSA-N","S_34577635"
"IK_VCXKVGMRVJRCIV-XRKADIMJSA-N","S_34577635"
"IK_VJNPDLZENXBRLB-MQEDXBOASA-N","S_34577635"
"IK_VPAMUPUPKCTFGJ-PGUFJCEWSA-N","S_34577635"
"IK_VTSFZGCXFALJSV-FYAZAUILSA-N","S_34577635"
"IK_WSDKRPCAPHRNNZ-MGBGTMOVSA-N","S_34577635"
"IK_XCCONPVPHCCYNF-KPFPPAHTSA-N","S_34577635"
"NO_INCHIKEY__pc ae c42 1","S_34577635"
"NO_INCHIKEY__pc ae c42 4","S_34577635"
"IK_YDGMGEXADBMOMJ-LURJTMIESA-N","S_34577635"
"IK_AKUHMVHZLHMOIV-MMRRFZAGSA-N","S_37335671"
"IK_ALYNCZNDIQEVRV-UHFFFAOYSA-N","S_37335671"
"IK_AUMXJZBVBBGETK-JAFZKPNWSA-N","S_37335671"
"IK_BOWVQLFMWHZBEF-KTKRTIGZSA-N","S_37335671"
"IK_CDRPUGZCRXZLFL-OWOJBTEDSA-N","S_37335671"
"IK_DKQLZKCYTLXNBN-UHFFFAOYSA-N","S_37335671"
"IK_GIQXKAXWRLHLDD-VYACWCJYSA-N","S_37335671"
"IK_HBPXEBWVNAJRCA-LYRXPCDISA-N","S_37335671"
"IK_IHEIQVVAYQRRCC-BKJIRRBHSA-N","S_37335671"
"IK_IJLBJBCDNYOWPJ-MVMUGOIMSA-N","S_37335671"
"IK_KFQUAMTWOJHPEJ-DAGMQNCNSA-N","S_37335671"
"IK_KSEBMYQBYZTDHS-HWKANZROSA-N","S_37335671"
"IK_KXXJEDOBYWNPME-UHFFFAOYSA-N","S_37335671"
"IK_MRNRLEVLPFVWRY-UHFFFAOYSA-N","S_37335671"
"IK_NFCOJBIECSQMAM-JQISRXLJSA-N","S_37335671"
"IK_NJYDDAGEVQMOBI-UHFFFAOYSA-N","S_37335671"
"IK_OPWAZQSWJQLOAK-UHFFFAOYSA-N","S_37335671"
"IK_PFDUUKDQEHURQC-UHFFFAOYSA-N","S_37335671"
"IK_RZBILUATLYXZLI-SLDNWHAHSA-N","S_37335671"
"IK_SFXQCOMMEMBETJ-KPKJPENVSA-N","S_37335671"
"IK_SWIROVJVGRGSPO-JBVRGBGGSA-N","S_37335671"
"IK_WBIQQQGBSDOWNP-UHFFFAOYSA-N","S_37335671"
"IK_WDVXEDLZZBGRSA-PHRGGRIPSA-N","S_37335671"
"IK_XLVRFPVHQPHXAA-LJQANCHMSA-N","S_37335671"
"IK_XXHSJEOGEHODTB-CAGNHHNHSA-N","S_37335671"
"IK_YCHOPPKXFCUQHM-OMSIYMKDSA-N","S_37335671"
"IK_ZAVCUVYFGQXSRX-FYWRMAATSA-N","S_37335671"
"NO_INCHIKEY__tag 12 3 20 6 20 6","S_37335671"
"NO_INCHIKEY__tag 14 3 14 3 14 3","S_37335671"
"IK_ZYOUEEMPKPNVQW-UHFFFAOYSA-N","S_37335671"
"IK_CQOQDQWUFQDJMK-SSTWWWIQSA-N","S_37589832"
"IK_DILDHNKDVHLEQB-XSSYPUMDSA-N","S_37589832"
"IK_DNXHEGUUPJUMQT-CBZIJGRNSA-N","S_37589832"
"IK_SWINWPBPEKHUOD-JPVZDGGYSA-N","S_37589832"
"IK_VOXZDWNPVJITMN-ZBRFXRBCSA-N","S_37589832"
"IK_WHEUWNKSCXYKBU-QPWUGHHJSA-N","S_37589832"
"IK_AADLTHQNYQJHQV-SVLGDMRNSA-N","S_37755270"
"IK_AFKYRGZSSLJQQW-NOFZOIBWSA-N","S_37755270"
"IK_AFSHUZFNMVJNKX-CLFAGFIQSA-N","S_37755270"
"IK_AGLLGVGIYDAODS-PVCMTRMKSA-N","S_37755270"
"IK_AGPKZVBTJJNPAG-UHFFFAOYNA-N","S_37755270"
"IK_ANDIJCDJHMZLND-DAWNVERKSA-N","S_37755270"
"IK_ANRKEHNWXKCXDB-BHFWLYLHSA-N","S_37755270"
"IK_ASJJOPLGTKDUEX-UWDAMKIQSA-N","S_37755270"
"IK_ASTGQNDACGZVKX-WVILEFPPSA-N","S_37755270"
"IK_ASWBNKHCZGQVJV-QHCPKHFHSA-N","S_37755270"
"IK_ATHVAWFAEPLPPQ-VRDBWYNSSA-N","S_37755270"
"IK_AXCLECQLCBWNLZ-DZELQHPSSA-N","S_37755270"
"IK_BABSZGMYWGFHOB-UHFFFAOYSA-N","S_37755270"
"IK_BAGQGBPETWVHAA-BHYOAKPMSA-N","S_37755270"
"IK_BAZVSMNPJJMILC-STQMWFEESA-N","S_37755270"
"IK_BCTXZWCPBLWCRV-ZYADFMMDSA-N","S_37755270"
"IK_BCWKUTNUIRMUPD-XMRVQXCHSA-N","S_37755270"
"IK_BDMFLHDYGLOXPR-UDJAPEQQSA-N","S_37755270"
"IK_BFWYTORDSFIVKP-USWFWKISSA-N","S_37755270"
"IK_BHWGKAVGUMMQIW-UVZRHDGTSA-N","S_37755270"
"IK_BHYOQNUELFTYRT-DPAQBDIFSA-N","S_37755270"
"IK_BIEOSECQPGGZMF-WMPRHZDHSA-N","S_37755270"
"IK_BLIGKERFCBUUQF-QZNUWAOFSA-N","S_37755270"
"IK_BLZVZPYMHLXLHG-JOBMVARSSA-N","S_37755270"
"IK_BMSDHYZLQWTKSQ-LSJAAEOESA-N","S_37755270"
"IK_BOHZCIJMIPHZKG-OANVIGDOSA-N","S_37755270"
"IK_BPLYVSYSBPLDOA-UHFFFAOYSA-N","S_37755270"
"IK_BROOMPUVDPTGEG-RHNBIRJRSA-N","S_37755270"
"IK_CCNIABLYZAMGDC-UHFFFAOYSA-N","S_37755270"
"IK_CFYLSUZUMMPFNC-NHQGMKOOSA-N","S_37755270"
"IK_CKDDRHZIAZRDBW-UHFFFAOYSA-N","S_37755270"
"IK_CTRDFKIWJJWXFI-AVKVGXGOSA-N","S_37755270"
"IK_CTYRPMDGLDAWRQ-UHFFFAOYSA-N","S_37755270"
"IK_CUZUEIFJLWAMHR-VKMQJZFUSA-N","S_37755270"
"IK_CVVRPLLCUNBBAA-VOXCOYEFSA-N","S_37755270"
"IK_CZOSTDZGCCEZTJ-WMHOIYFHSA-N","S_37755270"
"IK_CZWCKYRVOZZJNM-USOAJAOKSA-N","S_37755270"
"IK_DAIDBSCCEAIZEG-XOPUQBBPSA-N","S_37755270"
"IK_DHHREGPDDQTYPB-UNRGBGOYSA-N","S_37755270"
"IK_DIGMYZZFQSIQBD-PNLKURBTSA-N","S_37755270"
"IK_DQXQIWIQYYEGLG-MMWLGPPDSA-N","S_37755270"
"IK_DTSWLLBBGHRXQH-UHFFFAOYSA-N","S_37755270"
"IK_DUQDVNACTOXOJA-KTKXOIIHSA-N","S_37755270"
"IK_DYNISIGUMYFVJW-BKXYZSJASA-N","S_37755270"
"IK_FCCZDEAAQZWMGI-NWBJSICCSA-N","S_37755270"
"IK_FDCOHGHEADZEGF-QPLCGJKRSA-N","S_37755270"
"IK_FEKLSEFRUGWUOS-DLOIZKPKSA-N","S_37755270"
"IK_FHENRYRLCPXONH-LDLOPFEMSA-N","S_37755270"
"IK_FHQVHHIBKUMWTI-OTMQOFQLSA-N","S_37755270"
"IK_FHQVHHIBKUMWTI-ZCXUNETKSA-N","S_37755270"
"IK_FHUAYOMRHXZKHT-JUGJLYODSA-N","S_37755270"
"IK_FNPHNLNTJNMAEE-UHFFFAOYSA-N","S_37755270"
"IK_FPTSLKCBYZXNAK-UZYVYHOESA-N","S_37755270"
"IK_FTBLAVKNEFKBKK-CUGCVFGBSA-N","S_37755270"
"IK_GCGTXOVNNFGTPQ-JHOUSYSJSA-N","S_37755270"
"IK_GDXFUCUOFXIMJG-METRJLLLSA-N","S_37755270"
"IK_GHNXVMPBTBKJRP-CLFAGFIQSA-N","S_37755270"
"IK_GIVDFJVWLQFBFP-WMPRHZDHSA-N","S_37755270"
"IK_GKIRPKYJQBWNGO-OCEACIFDSA-N","S_37755270"
"IK_GOMVPVRDBLLHQC-VEJNOCSESA-N","S_37755270"
"IK_GRGDLDNREYVILP-CNWVQWJYSA-N","S_37755270"
"IK_GTDWNYZZRCJYOX-HBZIWDQGSA-N","S_37755270"
"IK_GTFLTTXDLGEBAI-UHFFFAOYSA-N","S_37755270"
"IK_GXEIJYZRCDTJTE-DOFZRALJSA-N","S_37755270"
"IK_GXPIUNZCALHVBA-UHFFFAOYSA-N","S_37755270"
"IK_GXRODSBSDBCXSO-YJMJMZFLSA-N","S_37755270"
"IK_GZGHIJOEOOMFMM-UHFFFAOYSA-N","S_37755270"
"IK_HCPQJTXDTFGBNJ-WWCBJTKISA-N","S_37755270"
"IK_HGDJXBPLHZFXGO-LBXGSASVSA-N","S_37755270"
"IK_HGLVTNLCPFWLTF-UHFFFAOYSA-N","S_37755270"
"IK_HKPROAQUMPEHJM-GJLVVWLQSA-N","S_37755270"
"IK_HLIJNIKSBCIDGO-QKLMXXKVSA-N","S_37755270"
"IK_HOUYEUYYRCGVGJ-WDTHWMLCSA-N","S_37755270"
"IK_HRXXSHLQHFOCLQ-BYTZVSHESA-N","S_37755270"
"IK_HVGRZDASOHMCSK-AVQMFFATSA-N","S_37755270"
"IK_HZPUWSUHFOTSAY-AKTWBEBISA-N","S_37755270"
"IK_IFRKCNPQVIJFAQ-PQVBWYSWSA-N","S_37755270"
"IK_IIRQXNVLAXQEKB-KBEZCZBDSA-N","S_37755270"
"IK_IJTJDJOOHZVSAC-NDRUHXFFSA-N","S_37755270"
"IK_IKQCSJBQLWJEPU-UHFFFAOYSA-M","S_37755270"
"IK_IODKAUXLYSBFAK-WMKZAWCOSA-N","S_37755270"
"IK_ISSGPXMQOMAFMJ-DMGKHJLRSA-N","S_37755270"
"IK_ISYWECDDZWTKFF-UHFFFAOYSA-N","S_37755270"
"IK_IYYVNINVOLHLIG-GEMHLVOWSA-N","S_37755270"
"IK_IZSQXJNSFOEMRP-FEOHXENLSA-N","S_37755270"
"IK_JCELSEVNSMXGKA-IOLBBIBUSA-N","S_37755270"
"IK_JEJLGIQLPYYGEE-UHFFFAOYSA-N","S_37755270"
"IK_JHXAZBBVQSRKJR-BSZOFBHHSA-N","S_37755270"
"IK_JJMPYAHUHHQAJB-FYOCAXJLSA-N","S_37755270"
"IK_JKPUNUXKEBTKHB-CQXAJOTDSA-N","S_37755270"
"IK_JMXKCYUTURMERF-UHFFFAOYSA-N","S_37755270"
"IK_JNMDCUOOYCRSIP-WLFVLELZSA-N","S_37755270"
"IK_JOSRDTUBGWFAGO-WZYYJWNZSA-N","S_37755270"
"IK_JPJFWRWQZROHJW-RSPSYKHISA-N","S_37755270"
"IK_JPRQDPHQDRCGNK-SJCQXOIGSA-N","S_37755270"
"IK_JQKOHRZNEOQNJE-ZZEZOPTASA-N","S_37755270"
"IK_JTMOPWCKHAGCNW-UHFFFAOYSA-N","S_37755270"
"IK_JURURWWWIUJJKP-YPMCRYBESA-N","S_37755270"
"IK_JWFSTKHCVMHWKP-ANFMRNGASA-N","S_37755270"
"IK_JWLAAGBRLDQPSL-UHFFFAOYSA-N","S_37755270"
"IK_JWVXCFSNEOMSHH-UHFFFAOYSA-N","S_37755270"
"IK_JZHBSOAJXNHZEG-UHFFFAOYSA-N","S_37755270"
"IK_KCUYLQDWSWOANO-JHXSWNAYSA-N","S_37755270"
"IK_KEMQGTRYUADPNZ-UHFFFAOYSA-N","S_37755270"
"IK_KGCPGAKRLOCUEV-ZLXBYIIJSA-N","S_37755270"
"IK_KIUOSJFEKWWKSM-UHFFFAOYSA-N","S_37755270"
"IK_KJUNGQXFZYMUOH-FKWLWHCOSA-N","S_37755270"
"IK_KKABVOCYVJCRKP-PZOQESJISA-N","S_37755270"
"IK_KNHXCLGABLNNRN-FFSDQCCLSA-N","S_37755270"
"IK_KNNHXKQRTYEWCA-HYYWERRFSA-N","S_37755270"
"IK_KRNKDESUFDXONA-PHQZTFDCSA-N","S_37755270"
"IK_KTJAFMBXBPVGGI-LTEAFHAISA-N","S_37755270"
"IK_LANVDNZVFGFCTB-PFONDFGASA-N","S_37755270"
"IK_LBZZFYDZWFULSD-UHFFFAOYSA-N","S_37755270"
"IK_LFUDDCMNKWEORN-ZXEGGCGDSA-N","S_37755270"
"IK_LGPGBPOGXNRFFI-XQEWOMBFSA-N","S_37755270"
"IK_LJHXGGOJWZBJCI-JCGOJSMZSA-N","S_37755270"
"IK_LKQLRGMMMAHREN-YJFXYUILSA-N","S_37755270"
"IK_LSOWKZULVQWMLY-APPDJCNMSA-N","S_37755270"
"IK_MDRFMTLYKHBJTF-NQYLGBTJSA-N","S_37755270"
"IK_MIKWCKCBCDZUNB-JRQMLGJJSA-N","S_37755270"
"IK_MKSNXBRPSXVJOZ-BHCKOVANSA-N","S_37755270"
"IK_MQGBAQLIFKSMEM-MAZCIEHSSA-N","S_37755270"
"IK_MUAWGUDMTNCPGN-XVQMPNGWSA-N","S_37755270"
"IK_MWRBNPKJOOWZPW-CLFAGFIQSA-N","S_37755270"
"IK_MXVGMMSYPKQPGC-VGWLKTBOSA-N","S_37755270"
"IK_MZJVEEJEYSKNPH-OSTDEYQUSA-N","S_37755270"
"IK_NAYRRTXXROQWER-DBAXAXBNSA-N","S_37755270"
"IK_NBEADXWAAWCCDG-QDDWGVBQSA-N","S_37755270"
"IK_NNPWRKSGORGTIM-RCDCWWQHSA-N","S_37755270"
"IK_NPCZZYKITFKRQZ-FQUZZJBASA-N","S_37755270"
"IK_NTBDNAWCQLUDHG-CEGBOXLASA-N","S_37755270"
"IK_NUDXOGPEQRPSKT-MVOZTAHOSA-N","S_37755270"
"IK_NZVSGOQOFUVMHA-QOSDPKFLSA-N","S_37755270"
"IK_OBXDTEXUNVDKII-FNMRUBLUSA-N","S_37755270"
"IK_ODBXEJFUFNZVOB-UVQSURNNSA-N","S_37755270"
"IK_OERBUNDZQSEJCT-CJXYNRQTSA-N","S_37755270"
"IK_OEVFKUKLCXTCSU-KOTKPJCWSA-N","S_37755270"
"IK_OJZPOIMVTVAAOR-LVGJWKLPSA-N","S_37755270"
"IK_OOOUXEXASBCJCE-ZESVVUHVSA-N","S_37755270"
"IK_OSRWIBSZJTWIKA-JLNKQSITSA-N","S_37755270"
"IK_OUKDNADVOQVFAR-NBTXLFQMSA-N","S_37755270"
"IK_OZAXLAGNPZMZAD-BOEMPQCLSA-N","S_37755270"
"IK_PBROMOQAZGFDHQ-GPQOMLTASA-N","S_37755270"
"IK_PFBBISDRYDAYNQ-ZZEZOPTASA-N","S_37755270"
"IK_PFJKOHUKELZMLE-VEUXDRLPSA-N","S_37755270"
"IK_PGYNJJCWPCAGLG-GYHWCHFESA-N","S_37755270"
"IK_PHOSLXGWIIWDIE-IUFKAHDJSA-N","S_37755270"
"IK_PHYFQTYBJUILEZ-IUPFWZBJSA-N","S_37755270"
"IK_PQPZSPJVMUCVAQ-JTQLQIEISA-N","S_37755270"
"IK_PVMBAGXWHHZKFP-JMPJWMFJSA-N","S_37755270"
"IK_PVWHKAOMCLSWPF-BNFZFUHLSA-O","S_37755270"
"IK_PYGVPCBXCGQXNA-SZHIUZGGSA-N","S_37755270"
"IK_PZHOVOCGVTXFSM-DOFZRALJSA-N","S_37755270"
"IK_QAJRFFUHENEZQE-RTJPTYSYSA-N","S_37755270"
"IK_QAXHWUAAPKHMGA-UHFFFAOYSA-N","S_37755270"
"IK_QDRJMAHGAQYRIN-PKKQLAOCSA-N","S_37755270"
"IK_QEDPUVGSSDPBMD-XTAIVQBESA-N","S_37755270"
"IK_QIBZFHLFHCIUOT-NPBIGWJUSA-N","S_37755270"
"IK_QLIUVBJPQMDRHV-NOFMHCOXSA-N","S_37755270"
"IK_QLNURYCOAWSXLQ-ABTXCIPTSA-N","S_37755270"
"IK_QLQOTPOBMXWKOW-UHFFFAOYSA-N","S_37755270"
"IK_QMLKZGPQQANVQF-HLMRNWPHSA-N","S_37755270"
"IK_QWXGXDFYLSOKRF-UHFFFAOYSA-N","S_37755270"
"IK_QXMHHXQBBKDSSL-DCKNSECYSA-N","S_37755270"
"IK_QZYSUBAQYSVFNX-PSMULLBHSA-N","S_37755270"
"IK_RDKCYWXIOLUDKK-KDPMOZFYSA-N","S_37755270"
"IK_RFHSOKOVHMEMLA-JCMJOHBISA-N","S_37755270"
"IK_RFPFIJOZVJJSSN-UHFFFAOYSA-N","S_37755270"
"IK_RFPQMVKZNQOUGY-KXYOHKLBSA-N","S_37755270"
"IK_RGHNJXZEOKUKBD-SQOUGZDYSA-N","S_37755270"
"IK_RGSJNIATDPJNFP-MHAUTQJVSA-N","S_37755270"
"IK_RHDRMOUSDQDVCE-IWRJKWNLSA-N","S_37755270"
"IK_RHZCEPSTZFIWEU-UHFFFAOYSA-N","S_37755270"
"IK_RIDOSNBWMUADGT-AFSLFLIVSA-N","S_37755270"
"IK_RJZVWDTYEWCUAR-JOCHJYFZSA-N","S_37755270"
"IK_RSMGIILCLKIXNG-JASYKLOUSA-N","S_37755270"
"IK_RSVFMXVZJZRSQQ-LTKCOYKYSA-N","S_37755270"
"IK_RUOVJPPUXXFZPC-YZEIBMOJSA-N","S_37755270"
"IK_RUVRLYBAIUXQMP-HPVLHQIISA-N","S_37755270"
"IK_RYZWCKUTHDRXFD-FTZNQNEXSA-N","S_37755270"
"IK_SAWKFRBJGLMMES-UHFFFAOYSA-N","S_37755270"
"IK_SDFGVADIYWFGIV-LAPDZXRHSA-N","S_37755270"
"IK_SDNYRTVJOFMYIW-OIVUAWODSA-N","S_37755270"
"IK_SDNYRTVJOFMYIW-UHFFFAOYSA-N","S_37755270"
"IK_SECPZKHBENQXJG-FPLPWBNLSA-N","S_37755270"
"IK_SJGWLQDELUWRDA-MUYAOIFFSA-N","S_37755270"
"IK_SPJFYYJXNPEZDW-FTJOPAKQSA-N","S_37755270"
"IK_SRRQPVVYXBTRQK-UHFFFAOYSA-N","S_37755270"
"IK_SRSXLGNVWSONIS-UHFFFAOYSA-N","S_37755270"
"IK_SUMPVXIOAXRBIM-CXUAXNKESA-N","S_37755270"
"IK_UATOAILWGVYRQS-UHFFFAOYSA-N","S_37755270"
"IK_UCVNAFBEVWCUSK-SEYXRHQNSA-N","S_37755270"
"IK_UGRZESKDAPEULH-ACEXITHZSA-N","S_37755270"
"IK_UIHIWMNOFVOPOG-SQUIBIKHSA-N","S_37755270"
"IK_UJCJWIHZUHMDIT-YQIUVMGYSA-N","S_37755270"
"IK_UKMSUNONTOPOIO-UHFFFAOYSA-N","S_37755270"
"IK_UNBDIKFARPKNLC-NOZLCFKKSA-N","S_37755270"
"IK_UQQIESBHLPZEGH-XBICCEFJSA-N","S_37755270"
"IK_URDZVAHPTRQDFK-AKXWPXBYSA-N","S_37755270"
"IK_UVOGHPPAYFAQIT-HWJOWLPRSA-N","S_37755270"
"IK_VDDXXDNLMZFVOQ-FBMZPBPRSA-N","S_37755270"
"IK_VEBLZAHPGXTRDI-UHFFFAOYSA-N","S_37755270"
"IK_VISUXPRSUNICAX-VYEFPUSRSA-N","S_37755270"
"IK_VLBPIWYTPAXCFJ-UHFFFAOYSA-N","S_37755270"
"IK_VLIJZYIABFUKFN-JZELYBSLSA-N","S_37755270"
"IK_VVOAZFWZEDHOOU-UHFFFAOYSA-N","S_37755270"
"IK_VXUOFDJKYGDUJI-OAQYLSRUSA-N","S_37755270"
"NO_INCHIKEY__5 alpha androstan 3 beta ol 17 one sulfate","S_37755270"
"IK_VYYVPZRIOGLZOD-DOFZRALJSA-N","S_37755270"
"IK_WBHHMMIMDMUBKC-QJWNTBNXSA-N","S_37755270"
"IK_WBOZIXHPUPAOIA-RBELZSLISA-N","S_37755270"
"IK_WCFPKRXBSJDTMS-LGVIUEQGSA-N","S_37755270"
"IK_WCRMUYBCGFGNRR-LTFXTMEVSA-N","S_37755270"
"NO_INCHIKEY__cer 40 0 2o cer 18 0 2o 22 0","S_37755270"
"NO_INCHIKEY__cer 41 2 2o cer 18 2 2o 23 0","S_37755270"
"NO_INCHIKEY__cer 42 0 2o cer 18 0 2o 24 0","S_37755270"
"NO_INCHIKEY__cer 43 2 2o cer 19 1 2o 24 1","S_37755270"
"IK_WHUUTDBJXJRKMK-VKHMYHEASA-N","S_37755270"
"NO_INCHIKEY__dg 36 4 isomer a","S_37755270"
"IK_WJQPVPNICDCELH-IHDWIWDKSA-N","S_37755270"
"IK_WKQRDJBOIJKXHO-OYJCLRQASA-N","S_37755270"
"IK_WMOFTJILTZIKIH-DIPNUNPCSA-N","S_37755270"
"IK_WUTUWOBPQRZDTP-IONAWPRUSA-N","S_37755270"
"IK_WUUWGORPQFKFQN-XDVOZUNOSA-N","S_37755270"
"NO_INCHIKEY__fahfa 18 2 18 1","S_37755270"
"NO_INCHIKEY__fahfa 38 4","S_37755270"
"NO_INCHIKEY__fahfa 38 6","S_37755270"
"IK_WWJIBIGWKGFVAQ-JNSYTQKUSA-N","S_37755270"
"NO_INCHIKEY__galcer 18 1 24 1","S_37755270"
"IK_WYIMORDZGCUBAA-AREMUKBSSA-N","S_37755270"
"IK_WYIMORDZGCUBAA-UHFFFAOYSA-N","S_37755270"
"IK_XEZVDURJDFGERA-UHFFFAOYSA-N","S_37755270"
"NO_INCHIKEY__lpc 16 0 1","S_37755270"
"NO_INCHIKEY__lpc 16 1 1","S_37755270"
"NO_INCHIKEY__lpc 17 1 sn1","S_37755270"
"IK_XHLKZBFZGPVOIC-ZPHPHTNESA-N","S_37755270"
"NO_INCHIKEY__lpc 20 1 1","S_37755270"
"NO_INCHIKEY__lpc p 18 0 or lpc o 18 1","S_37755270"
"NO_INCHIKEY__lpe n fa 34 0 lpe n fa 16 0 18 0","S_37755270"
"NO_INCHIKEY__lpe n fa 40 6 lpe n fa 18 0 22 6","S_37755270"
"IK_XKBJVQHMEXMFDZ-UHFFFAOYSA-N","S_37755270"
"IK_XNZFLHDUNBGYBT-ACNMEUTMSA-N","S_37755270"
"IK_XOAAWQZATWQOTB-UHFFFAOYSA-N","S_37755270"
"IK_XOMRRQXKHMYMOC-UHFFFAOYSA-N","S_37755270"
"IK_XSXIVVZCUAHUJO-HZJYTTRNSA-N","S_37755270"
"IK_XVZCREABAODILQ-UHFFFAOYSA-N","S_37755270"
"IK_XWYSLMAMRKYUFH-SEYXRHQNSA-N","S_37755270"
"NO_INCHIKEY__pc 16 0 20 5","S_37755270"
"NO_INCHIKEY__pc 18 0 22 4","S_37755270"
"NO_INCHIKEY__pc 18 2 20 4","S_37755270"
"NO_INCHIKEY__pc 31 1 pc 16 0 15 1","S_37755270"
"NO_INCHIKEY__pc 36 1e","S_37755270"
"NO_INCHIKEY__pc 36 5 isomer d","S_37755270"
"NO_INCHIKEY__pc 36 6e","S_37755270"
"NO_INCHIKEY__pc 38 4 isomer b","S_37755270"
"NO_INCHIKEY__pc 38 5 isomer a","S_37755270"
"NO_INCHIKEY__pc 38 6 pc 18 2 20 4","S_37755270"
"NO_INCHIKEY__pc 40 5 isomer b","S_37755270"
"NO_INCHIKEY__pc 40 7 isomer a","S_37755270"
"NO_INCHIKEY__pc o 42 7 or pc 42 7e","S_37755270"
"NO_INCHIKEY__pc p 42 5 or pc o 42 6 isomer b","S_37755270"
"IK_YAMUFBLWGFFICM-PTGWMXDISA-N","S_37755270"
"IK_YBUXFQUGNPBZPS-YNBHEIDWSA-N","S_37755270"
"IK_YDNKGFDKKRUKPY-TURZORIXSA-N","S_37755270"
"IK_YFFIQXNTTVSKJC-FVDSYPCUSA-N","S_37755270"
"IK_YFFIQXNTTVSKJC-NZEOUKRFSA-N","S_37755270"
"IK_YIGARKIIFOHVPF-YAEABVQUSA-N","S_37755270"
"IK_YLQQLZOJRAJYEL-QSCHNALKSA-N","S_37755270"
"IK_YLWSJLLZUHSIEA-CKSUKHGVSA-N","S_37755270"
"NO_INCHIKEY__pe 38 4 isomer a","S_37755270"
"NO_INCHIKEY__pe 38 4 isomer b","S_37755270"
"NO_INCHIKEY__pe 40 5","S_37755270"
"IK_YMKZESHNWGNAIE-VNTVABMMSA-N","S_37755270"
"IK_YRMSRWRIJYGMCI-LWRNEJPJSA-N","S_37755270"
"IK_YSSWCDJIKPKJLL-SJCQXOIGSA-N","S_37755270"
"IK_YUERBWRPPIZVJK-MPANABRESA-N","S_37755270"
"IK_YUVPOZFUVRRVLD-FCQUAONHSA-N","S_37755270"
"IK_YWDDIWXKFJEMKF-JTZVLWBESA-N","S_37755270"
"IK_YWZGQPJRQXHVQX-BYCLXTJYSA-N","S_37755270"
"IK_YYNNALSPFZYOOO-RRHRGVEJSA-N","S_37755270"
"IK_YYQVCMMXPIJVHY-ZOIJLGJPSA-N","S_37755270"
"IK_YYSFWGQAKJTHRE-MEOKJUQFSA-N","S_37755270"
"IK_ZCGUDUFJPFKWKP-QLXZSTJSSA-N","S_37755270"
"IK_ZEZUHTUTOUOANR-JCGOJSMZSA-N","S_37755270"
"IK_ZFMJJVQJMOVKIB-RQOIEFAZSA-N","S_37755270"
"IK_ZFTUXXJICSMDGE-ZCXUNETKSA-N","S_37755270"
"NO_INCHIKEY__sm 24 1","S_37755270"
"NO_INCHIKEY__sm d38 1 1","S_37755270"
"NO_INCHIKEY__sm d41 2 isomer b","S_37755270"
"IK_ZNHVWPKMFKADKW-VXBMJZGYSA-N","S_37755270"
"IK_ZQRJDNRTBNYEER-NWBJSICCSA-N","S_37755270"
"IK_ZSJMELIYGMLDEW-BJPCGIFGSA-N","S_37755270"
"IK_ZTNZTGXTHOFZGC-LNFNTRPGSA-N","S_37755270"
"NO_INCHIKEY__tg 54 5 isomer b","S_37755270"
"IK_CDICDSOGTRCHMG-ONEGZZNKSA-N","S_38516193"
"IK_CKLJMWTZIZZHCS-REOHCLBHSA-N","S_38516193"
"IK_COLNVLDHVKWLRT-QMMMGPOBSA-N","S_38516193"
"IK_DFPAKSUCGFBDDF-UHFFFAOYSA-N","S_38516193"
"IK_DTBNBXWJWCWCIK-UHFFFAOYSA-N","S_38516193"
"IK_GACTWZZMVMUKNG-SLPGGIOYSA-N","S_38516193"
"IK_GJBXIPOYHVMPQJ-UHFFFAOYSA-N","S_38516193"
"IK_GMBQZIIUCVWOCD-WWASVFFGSA-N","S_38516193"
"IK_HHJTWTPUPVQKNA-JIAPQYILSA-N","S_38516193"
"IK_HPEUJPJOZXNMSJ-UHFFFAOYSA-N","S_38516193"
"IK_HSHNITRMYYLLCV-UHFFFAOYSA-N","S_38516193"
"IK_LXJXRIRHZLFYRP-UHFFFAOYSA-N","S_38516193"
"IK_MYYIAHXIVFADCU-QMMMGPOBSA-N","S_38516193"
"IK_NHZMQXZHNVQTQA-UHFFFAOYSA-N","S_38516193"
"IK_NTYJJOPFIAHURM-UHFFFAOYSA-N","S_38516193"
"IK_NYHBQMYGNKIUIF-UUOKFMHZSA-N","S_38516193"
"IK_OOCCDEMITAIZTP-QPJJXVBHSA-N","S_38516193"
"IK_OUYCCCASQSFEME-UHFFFAOYNA-N","S_38516193"
"IK_PMTMAFAPLCGXGK-JMTMCXQRSA-N","S_38516193"
"IK_PVNIIMVLHYAWGP-UHFFFAOYSA-N","S_38516193"
"IK_QIVBCDIJIAJPQS-VIFPVBQESA-N","S_38516193"
"IK_REFJWTPEDVJJIY-UHFFFAOYSA-N","S_38516193"
"IK_RGHMISIYKIHAJW-UHFFFAOYSA-N","S_38516193"
"IK_SIKJAQJRHWYJAI-UHFFFAOYSA-N","S_38516193"
"IK_SNICXCGAKADSCV-JTQLQIEISA-N","S_38516193"
"IK_SQVRNKJHWKZAKO-LUWBGTNYSA-N","S_38516193"
"IK_UGAGPNKCDRTDHP-UHFFFAOYSA-N","S_38516193"
"IK_UHDGCWIWMRVCDJ-XVFCMESISA-N","S_38516193"
"IK_UZKQTCBAMSWPJD-FARCUNLSSA-N","S_38516193"
"IK_XALSUNLRNHITKL-FVGYRXGTSA-N","S_38516193"
"IK_XJLSEXAGTJCILF-YFKPBYRVSA-N","S_38516193"
"IK_YKFLAYDHMOASIY-UHFFFAOYSA-N","S_38516193"
"IK_ZDXPYRJPNDTMRX-VKHMYHEASA-N","S_38516193"
"IK_ABXDBVMGRKZFRC-IOSLPCCCSA-N","S_38720721"
"IK_ADHNYKZHPOEULM-BQBZGAKWSA-N","S_38720721"
"IK_AFENDNXGAFYKQO-UHFFFAOYSA-N","S_38720721"
"IK_AFWBWPCXSWUCLB-WDSKDSINSA-N","S_38720721"
"IK_AGBQKNBQESQNJD-SSDOTTSWSA-N","S_38720721"
"IK_AKAHWGGIUSJNNM-BQBZGAKWSA-N","S_38720721"
"IK_AKCRVYNORCOYQT-UHFFFAOYSA-N","S_38720721"
"IK_AQTYXAPIHMXAAV-UHFFFAOYSA-N","S_38720721"
"IK_ATRNZOYKSNPPBF-UHFFFAOYSA-N","S_38720721"
"IK_BAWAZBRKENFJED-LTKCOYKYSA-N","S_38720721"
"IK_BBTRJIPCRXSCEB-TXICZTDVSA-N","S_38720721"
"IK_BHYOQNUELFTYRT-DPAQBDIFSA-N","S_38720721"
"IK_BJEPYKJPYRNKOW-UHFFFAOYSA-N","S_38720721"
"IK_BKAJNAXTPSGJCU-UHFFFAOYSA-N","S_38720721"
"IK_BLWYXBNNBYXPPL-YFKPBYRVSA-N","S_38720721"
"IK_BMLMGCPTLHPWPY-REOHCLBHSA-N","S_38720721"
"IK_BOUXQAITXDAJSF-UHFFFAOYSA-N","S_38720721"
"IK_BPEXTIMJLDWDTL-UHFFFAOYSA-N","S_38720721"
"IK_BTCSSZJGUNDROE-UHFFFAOYSA-N","S_38720721"
"IK_BWKILASWCLJPBO-UHFFFAOYSA-N","S_38720721"
"IK_BWUHENPAEMNGQJ-ZDLURKLDSA-N","S_38720721"
"IK_BYXCFUMGEBZDDI-UHFFFAOYSA-N","S_38720721"
"IK_CAAULPUQFIIOTL-UHFFFAOYSA-N","S_38720721"
"IK_CBQJSKKFNMDLON-JTQLQIEISA-N","S_38720721"
"IK_CDAWCLOXVUBKRW-UHFFFAOYSA-N","S_38720721"
"IK_CFORBWCMGILWNN-RRHRGVEJSA-O","S_38720721"
"IK_CGQCWMIAEPEHNQ-UHFFFAOYSA-N","S_38720721"
"IK_CKHWEVXPLJBEOZ-VQVTYTSYSA-N","S_38720721"
"IK_COLNVLDHVKWLRT-UHFFFAOYNA-N","S_38720721"
"IK_CPAGZVLINCPJEH-UHFFFAOYSA-N","S_38720721"
"IK_CWLQUGTUXBXTLF-YFKPBYRVSA-N","S_38720721"
"IK_CXMXRPHRNRROMY-UHFFFAOYSA-N","S_38720721"
"IK_CZMRCDWAGMRECN-UGDNZRGBSA-N","S_38720721"
"IK_CZWCKYRVOZZJNM-USOAJAOKSA-N","S_38720721"
"IK_DAUHTFNYHSOVRQ-ZETCQYMHSA-N","S_38720721"
"IK_DCICDMMXFIELDF-UHFFFAOYSA-N","S_38720721"
"IK_DEFJQIDDEAULHB-IMJSIDKUSA-N","S_38720721"
"IK_DIVLBIVDYADZPL-UHFFFAOYSA-N","S_38720721"
"IK_DKZBBWMURDFHNE-NSCUHMNNSA-N","S_38720721"
"IK_DLQYHMAWCJLUJE-DLZQOPQVSA-N","S_38720721"
"IK_DQUHYEDEGRNAFO-QMMMGPOBSA-N","S_38720721"
"IK_DRTQHJPVMGBUCF-XVFCMESISA-N","S_38720721"
"IK_DSLZVSRJTYRBFB-LLEIAEIESA-N","S_38720721"
"IK_DTERQYGMUDWYAZ-ZETCQYMHSA-N","S_38720721"
"IK_DUUGKQCEGZLZNO-UHFFFAOYSA-N","S_38720721"
"IK_DUYSYHSSBDVJSM-KRWOKUGFSA-N","S_38720721"
"IK_DWTTZBARDOXEAM-GXTWGEPZSA-N","S_38720721"
"IK_DZAIOXUZHHTJKN-UHFFFAOYSA-N","S_38720721"
"IK_DZTHIGRZJZPRDV-LBPRGKRZSA-N","S_38720721"
"IK_FDGQSTZJBFJUBT-UHFFFAOYSA-N","S_38720721"
"IK_FDRCXEWKDMDDQD-UHFFFAOYSA-N","S_38720721"
"IK_FFEARJCKVFRZRR-UHFFFAOYNA-N","S_38720721"
"IK_FONIWJIDLJEJTL-UHFFFAOYSA-N","S_38720721"
"IK_FSQQTNAZHBEJLS-UPHRSURJSA-N","S_38720721"
"IK_GFNYAPAJUNPMGH-QNEBEIHSSA-N","S_38720721"
"IK_GGNQRNBDZQJCCN-UHFFFAOYSA-N","S_38720721"
"IK_GHCZAUBVMUEKKP-GYPHWSFCSA-N","S_38720721"
"IK_GHOKWGTUZJEAQD-ZETCQYMHSA-N","S_38720721"
"IK_GIISRQIHTLIGDA-UHFFFAOYSA-N","S_38720721"
"IK_GKZIWHRNKRBEOH-HOTGVXAUSA-N","S_38720721"
"IK_GMKMEZVLHJARHF-UHFFFAOYSA-N","S_38720721"
"IK_GOLXRNDWAUTYKT-UHFFFAOYSA-N","S_38720721"
"IK_GOUHYARYYWKXHS-UHFFFAOYSA-N","S_38720721"
"IK_GPSDUZXPYCFOSQ-UHFFFAOYSA-N","S_38720721"
"IK_GSEJCLTVZPLZKY-UHFFFAOYSA-N","S_38720721"
"IK_GTZCVFVGUGFEME-UHFFFAOYSA-N","S_38720721"
"IK_GUBGYTABKSRVRQ-CUHNMECISA-N","S_38720721"
"IK_GUBGYTABKSRVRQ-QKKXKWKRSA-N","S_38720721"
"IK_GVRKWABULJAONN-VQVTYTSYSA-N","S_38720721"
"IK_GXPIUNZCALHVBA-UHFFFAOYSA-N","S_38720721"
"IK_HEBKCHPVOIAQTA-NGQZWQHPSA-N","S_38720721"
"IK_HEBKCHPVOIAQTA-QWWZWVQMSA-N","S_38720721"
"IK_HNDVDQJCIGZPNO-YFKPBYRVSA-N","S_38720721"
"IK_HNICUWMFWZBIFP-BSZOFBHHSA-N","S_38720721"
"IK_HNJBEVLQSNELDL-UHFFFAOYSA-N","S_38720721"
"IK_HPHUVLMMVZITSG-LURJTMIESA-N","S_38720721"
"IK_HPYDSVWYXXKHRD-VIFPVBQESA-N","S_38720721"
"IK_HSMNQINEKMPTIC-UHFFFAOYSA-N","S_38720721"
"IK_HVPFXCBJHIIJGS-LURJTMIESA-N","S_38720721"
"IK_HVYWMOMLDIMFJA-DPAQBDIFSA-N","S_38720721"
"IK_HWXBTNAVRSUOJR-UHFFFAOYSA-N","S_38720721"
"IK_HXEACLLIILLPRG-UHFFFAOYSA-N","S_38720721"
"IK_HXXFSFRBOHSIMQ-VFUOTHLCSA-N","S_38720721"
"IK_HYVABZIGRDEKCD-UHFFFAOYSA-N","S_38720721"
"IK_IACOAKYXFIWAQN-UHFFFAOYSA-N","S_38720721"
"IK_IEDVJHCEMCRBQM-UHFFFAOYSA-N","S_38720721"
"IK_IGTYILLPRJOVFY-UHFFFAOYSA-N","S_38720721"
"IK_IIRDTKBZINWQAW-UHFFFAOYSA-N","S_38720721"
"IK_ILHLUZUMRJQEAH-UHFFFAOYSA-N","S_38720721"
"IK_ILVGMCVCQBJPSH-WDSKDSINSA-N","S_38720721"
"IK_IOUPEELXVYPCPG-LURJTMIESA-N","S_38720721"
"IK_IPWKIXLWTCNBKN-UHFFFAOYSA-N","S_38720721"
"IK_ITPJUJKUKRFQHQ-UHFFFAOYSA-N","S_38720721"
"IK_IWDCLRJOBJJRNH-UHFFFAOYSA-N","S_38720721"
"IK_IWHLYPDWHHPVAA-UHFFFAOYSA-N","S_38720721"
"IK_IWJBVMJWSPZNJH-UQGZVRACSA-N","S_38720721"
"IK_IZZIWIAOVZOBLF-UHFFFAOYSA-N","S_38720721"
"IK_JDHILDINMRGULE-UHFFFAOYNA-N","S_38720721"
"IK_JFLIEFSWGNOPJJ-UHFFFAOYNA-N","S_38720721"
"IK_JJIHLJJYMXLCOY-BYPYZUCNSA-N","S_38720721"
"IK_JKHXYJKMNSSFFL-IUCAKERBSA-N","S_38720721"
"IK_JLSKPBDKNIXMBS-VIFPVBQESA-N","S_38720721"
"IK_JMCOUWKXLXDERB-WMZOPIPTSA-N","S_38720721"
"IK_JPIJQSOTBSSVTP-GBXIJSLDSA-N","S_38720721"
"IK_JRLGPAXAGHMNOL-UHFFFAOYSA-N","S_38720721"
"IK_JVTAAEKCZFNVCJ-UHFFFAOYSA-N","S_38720721"
"IK_JXOHGGNKMLTUBP-HSUXUTPPSA-N","S_38720721"
"IK_JZDHUJAFXGNDSB-WHFBIAKZSA-N","S_38720721"
"IK_KFEUJDWYNGMDBV-LODBTCKLSA-N","S_38720721"
"IK_KKADPXVIOXHVKN-UHFFFAOYSA-N","S_38720721"
"IK_KLAONOISLHWJEE-QWRGUYRKSA-N","S_38720721"
"IK_KPGXRSRHYNQIFN-UHFFFAOYSA-L","S_38720721"
"IK_KSEBMYQBYZTDHS-HWKANZROSA-N","S_38720721"
"IK_KVBGVZZKJNLNJU-UHFFFAOYSA-M","S_38720721"
"IK_KWIUHFFTVRNATP-UHFFFAOYSA-N","S_38720721"
"IK_KXGVEGMKQFWNSR-LLQZFEROSA-N","S_38720721"
"IK_LCPYQJIKPJDLLB-UWVGGRQHSA-N","S_38720721"
"IK_LEEDEKWKJVUWGA-AVFOEOQDSA-N","S_38720721"
"IK_LEHOTFFKMJEONL-UHFFFAOYSA-N","S_38720721"
"IK_LEVWYRKDKASIDU-UHFFFAOYNA-N","S_38720721"
"IK_LFULEKSKNZEWOE-UHFFFAOYSA-N","S_38720721"
"IK_LJOOSFYJELZGMR-UHFFFAOYSA-N","S_38720721"
"IK_LRKCBIUDWAXNEG-CSMHCCOUSA-N","S_38720721"
"IK_LSOWKZULVQWMLY-APPDJCNMSA-N","S_38720721"
"IK_MAZWDMBCPDUFDJ-VQHVLOKHSA-N","S_38720721"
"IK_MDIUMSLCYIJBQC-BUHFOSPRSA-N","S_38720721"
"IK_MDQKYGOECVSPIW-UHFFFAOYSA-N","S_38720721"
"IK_MUMXFARPYQTTSL-BQBZGAKWSA-N","S_38720721"
"IK_MVOYJPOZRLFTCP-UHFFFAOYSA-N","S_38720721"
"IK_MWOOGOJBHIARFG-UHFFFAOYSA-N","S_38720721"
"IK_MYFMARDICOWMQP-YUMQZZPRSA-N","S_38720721"
"IK_NFWKVWVWBFBAOV-MISYRCLQSA-N","S_38720721"
"IK_NGEWQZIDQIYUNV-UHFFFAOYSA-N","S_38720721"
"IK_NIDVTARKFBZMOT-PEBGCTIMSA-N","S_38720721"
"IK_NOIIUHRQUVNIDD-UHFFFAOYSA-N","S_38720721"
"IK_NOKPBJYHPHHWAN-REOHCLBHSA-N","S_38720721"
"IK_NSYSSMYQPLSPOD-UHFFFAOYSA-N","S_38720721"
"IK_NUCLJNSWZCHRKL-UHFFFAOYSA-N","S_38720721"
"IK_OASKNPCLIHUTTL-UHFFFAOYSA-N","S_38720721"
"IK_OBMDBUWMBOPDST-JJDRJQAMSA-N","S_38720721"
"IK_OCAPBUJLXMYKEJ-UHFFFAOYSA-N","S_38720721"
"IK_ODBLHEXUDAPZAU-UHFFFAOYSA-N","S_38720721"
"IK_ODHCTXKNWHHXJC-VKHMYHEASA-N","S_38720721"
"IK_ODXINVOINFDDDD-AHHZEYPCSA-N","S_38720721"
"IK_OEWWEABZDCFLPH-UHFFFAOYSA-N","S_38720721"
"IK_OEYIOHPDSNJKLS-UHFFFAOYSA-N","S_38720721"
"IK_OLNTVTPDXPETLC-XPWALMASSA-N","S_38720721"
"IK_ONJSZLXSECQROL-UHFFFAOYSA-N","S_38720721"
"IK_OSJPPGNTCRNQQC-UHFFFAOYSA-N","S_38720721"
"IK_OTCCIMWXFLJLIA-BYPYZUCNSA-N","S_38720721"
"IK_OUYCCCASQSFEME-UHFFFAOYNA-N","S_38720721"
"IK_OVRNDRQMDRJTHS-OZRXBMAMSA-N","S_38720721"
"IK_OYHQOLUKZRVURQ-HZJYTTRNSA-N","S_38720721"
"IK_PEDCQBHIVMGVHV-UHFFFAOYSA-N","S_38720721"
"IK_PFDUUKDQEHURQC-UHFFFAOYSA-N","S_38720721"
"IK_POJWUDADGALRAB-UHFFFAOYSA-N","S_38720721"
"IK_POQOTWQIYYNXAT-UHFFFAOYSA-N","S_38720721"
"IK_POULHZVOKOAJMA-UHFFFAOYSA-N","S_38720721"
"IK_PVNIIMVLHYAWGP-UHFFFAOYSA-N","S_38720721"
"IK_PXQPEWDEAKTCGB-UHFFFAOYSA-N","S_38720721"
"IK_QFDRTQONISXGJA-UHFFFAOYSA-N","S_38720721"
"IK_QHKABHOOEWYVLI-UHFFFAOYSA-N","S_38720721"
"IK_QIAFMBKCNZACKA-UHFFFAOYSA-N","S_38720721"
"IK_QIVBCDIJIAJPQS-VIFPVBQESA-N","S_38720721"
"IK_QLWKTGDEPLRFAT-UHFFFAOYSA-N","S_38720721"
"IK_QRMZSPFSDQBLIX-UHFFFAOYSA-N","S_38720721"
"IK_QUNWUDVFRNGTCO-UHFFFAOYSA-N","S_38720721"
"IK_QUOGESRFPZDMMT-YFKPBYRVSA-N","S_38720721"
"IK_QZAYGJVTTNCVMB-UHFFFAOYSA-N","S_38720721"
"IK_RBNPOMFGQQGHHO-UHFFFAOYSA-N","S_38720721"
"IK_RDZNZFGKEVDNPK-UHFFFAOYSA-N","S_38720721"
"IK_REKYPYSUBKSCAT-UHFFFAOYSA-N","S_38720721"
"IK_RGHNJXZEOKUKBD-SQOUGZDYSA-N","S_38720721"
"IK_RGHPCLZJAFCTIK-UHFFFAOYSA-N","S_38720721"
"IK_RJZVWDTYEWCUAR-JOCHJYFZSA-N","S_38720721"
"IK_RKFMAQNDSSSRTH-OSMVPFSASA-N","S_38720721"
"IK_RNKSNIBMTUYWSH-YFKPBYRVSA-N","S_38720721"
"IK_ROHFNLRQFUQHCH-UHFFFAOYNA-N","S_38720721"
"IK_RRKQXBKNDQFCNC-MTGPGUOHSA-N","S_38720721"
"IK_RRTPYUGIBQLEDN-FPLPWBNLSA-N","S_38720721"
"IK_RWCOTTLHDJWHRS-YUMQZZPRSA-N","S_38720721"
"IK_RXVWSYJTUUKTEA-CGQAXDJHSA-N","S_38720721"
"IK_RYIGNEOBDRVTHA-UHFFFAOYSA-N","S_38720721"
"IK_RYYVLZVUVIJVGH-UHFFFAOYSA-N","S_38720721"
"IK_SECPZKHBENQXJG-FPLPWBNLSA-N","S_38720721"
"IK_SGMJBNSHAZVGMC-PWNYCUMCSA-N","S_38720721"
"IK_SHAQGFGGJSLLHE-BQBZGAKWSA-N","S_38720721"
"IK_SHZGCJCMOBCMKK-DHVFOXMCSA-N","S_38720721"
"IK_SKZKKFZAGNVIMN-UHFFFAOYSA-N","S_38720721"
"IK_SONNWYBIRXJNDC-VIFPVBQESA-N","S_38720721"
"IK_SRRQPVVYXBTRQK-UHFFFAOYSA-N","S_38720721"
"IK_SRRQPVVYXBTRQK-XMMPIXPASA-N","S_38720721"
"IK_SRSXLGNVWSONIS-UHFFFAOYSA-N","S_38720721"
"IK_SSJMZMUVNKEENT-IMJSIDKUSA-N","S_38720721"
"IK_STKYPAFSDFAEPH-LURJTMIESA-N","S_38720721"
"IK_SZJNCZMRZAUNQT-IUCAKERBSA-N","S_38720721"
"IK_TZBJGXHYKVUXJN-UHFFFAOYSA-N","S_38720721"
"IK_UAUDZVJPLUQNMU-KTKRTIGZSA-N","S_38720721"
"IK_UCUNFLYVYCGDHP-BYPYZUCNSA-N","S_38720721"
"IK_UEFRDQSMQXDWTO-UHFFFAOYSA-N","S_38720721"
"IK_UGJMXCAKCUNAIE-UHFFFAOYSA-N","S_38720721"
"IK_ULSIYEODSMZIPX-UHFFFAOYSA-N","S_38720721"
"IK_UNXHWFMMPAWVPI-QWWZWVQMSA-N","S_38720721"
"IK_UNXHWFMMPAWVPI-ZXZARUISSA-N","S_38720721"
"IK_UPUWBGZZDIUZQD-UHFFFAOYSA-N","S_38720721"
"IK_USHRADXTTYICIJ-UHFFFAOYSA-N","S_38720721"
"IK_UWBDLNOCIDGPQE-UHFFFAOYSA-N","S_38720721"
"IK_UWHZIFQPPBDJPM-BQYQJAHWSA-N","S_38720721"
"IK_UYUXSRADSPPKRZ-SKNVOMKLSA-N","S_38720721"
"IK_VBUYCZFBVCCYFD-JJYYJPOSSA-N","S_38720721"
"IK_VCWMRQDBPZKXKG-ZNVDUFQESA-N","S_38720721"
"IK_VEYYWZRYIYDQJM-ZETCQYMHSA-N","S_38720721"
"IK_VFRROHXSMXFLSN-SLPGGIOYSA-N","S_38720721"
"IK_VKOBVWXKNCXXDE-UHFFFAOYSA-N","S_38720721"
"IK_VMUXSMXIQBNMGZ-UHFFFAOYSA-N","S_38720721"
"IK_VOXXWSYKYCBWHO-UHFFFAOYSA-N","S_38720721"
"IK_VPZKQTYZIVOJDV-LMVFSUKVSA-N","S_38720721"
"IK_VQAYFKKCNSOZKM-IOSLPCCCSA-N","S_38720721"
"IK_VVHOUVWJCQOYGG-REOHCLBHSA-N","S_38720721"
"IK_VVQVMHASNBSOOC-UHFFFAOYSA-N","S_38720721"
"IK_VVYXIRKYWOEDRA-UHFFFAOYSA-N","S_38720721"
"IK_VYFYYTLLBUKUHU-UHFFFAOYSA-N","S_38720721"
"NO_INCHIKEY__5 beta androstan 3 alpha ol 17 one sulfate","S_38720721"
"NO_INCHIKEY__5 isoprostaglandin f2 alpha vi","S_38720721"
"IK_VYZAGTDAHUIRQA-WHFBIAKZSA-N","S_38720721"
"IK_VZCYOOQTPOCHFL-OWOJBTEDSA-N","S_38720721"
"IK_WHBHBVVOGNECLV-OBQKJFGGSA-N","S_38720721"
"IK_WHBMMWSBFZVSSR-UHFFFAOYSA-N","S_38720721"
"IK_WKOLLVMJNQIZCI-UHFFFAOYSA-N","S_38720721"
"IK_WLJVXDMOQOGPHL-UHFFFAOYSA-N","S_38720721"
"IK_WOMAZEJKVZLLFE-UHFFFAOYSA-N","S_38720721"
"IK_WQZGKKKJIJFFOK-GASJEMHNSA-N","S_38720721"
"IK_WSVLPVUVIUVCRA-HPKHWNBYSA-N","S_38720721"
"IK_WTJKGGKOPKCXLL-VYOBOKEXSA-N","S_38720721"
"IK_WVDDGKGOMKODPV-UHFFFAOYSA-N","S_38720721"
"IK_WZYRMLAWNVOIEX-BGPJRJDNSA-N","S_38720721"
"IK_XJMMNTGIMDZPMU-UHFFFAOYSA-N","S_38720721"
"IK_XOHUEYCVLUUEJJ-UHFFFAOYSA-N","S_38720721"
"IK_XTFQIRIHLGODFV-UHFFFAOYSA-N","S_38720721"
"IK_XUFQPHANEAPEMJ-UHFFFAOYSA-N","S_38720721"
"IK_XUYPXLNMDZIRQH-LURJTMIESA-N","S_38720721"
"IK_XXEWFEBMSGLYBY-UHFFFAOYSA-N","S_38720721"
"IK_YAMUFBLWGFFICM-PTGWMXDISA-N","S_38720721"
"IK_YFGHCGITMMYXAQ-UHFFFAOYSA-N","S_38720721"
"IK_YGPSJZOEDVAXAB-UHFFFAOYSA-N","S_38720721"
"IK_YJCJVMMDTBEITC-UHFFFAOYSA-N","S_38720721"
"IK_YMAWOPBAYDPSLA-UHFFFAOYSA-N","S_38720721"
"IK_YMJBYRVFGYXULK-VFUOTHLCSA-N","S_38720721"
"IK_YXIWHUQXZSMYRE-UHFFFAOYSA-N","S_38720721"
"IK_YYQVCMMXPIJVHY-ZOIJLGJPSA-N","S_38720721"
"IK_ZBCATMYQYDCTIZ-UHFFFAOYSA-N","S_38720721"
"IK_ZDLDXNCMJBOYJV-YFKPBYRVSA-N","S_38720721"
"IK_ZFXYFBGIUFBOJW-UHFFFAOYSA-N","S_38720721"
"IK_ZHCKPJGJQOPTLB-UHFFFAOYSA-N","S_38720721"
"IK_ZIYVHBGGAOATLY-UHFFFAOYSA-N","S_38720721"
"IK_AWDRATDZQPNJFN-VAYUFCLWSA-N","ACS1517"
"IK_BDCFJMBXZCIVRH-CGRWFSSPSA-N","ACS1517"
"IK_BFWYTORDSFIVKP-USWFWKISSA-N","ACS1517"
"IK_FDGQSTZJBFJUBT-UHFFFAOYSA-N","ACS1517"
"IK_GHCZAUBVMUEKKP-PNNZQWTHSA-N","ACS1517"
"IK_GURBRQGDZZKITB-VXBMJZGYSA-N","ACS1517"
"IK_HXEACLLIILLPRG-UHFFFAOYSA-N","ACS1517"
"IK_HZMSBMNSIHSLPJ-KUBAVDMBSA-N","ACS1517"
"IK_JSFATNQSLKRBCI-USWFWKISSA-N","ACS1517"
"IK_KSEBMYQBYZTDHS-HWKANZROSA-N","ACS1517"
"IK_PFDUUKDQEHURQC-ZETCQYMHSA-N","ACS1517"
"IK_QUNWUDVFRNGTCO-UHFFFAOYSA-N","ACS1517"
"IK_RYYVLZVUVIJVGH-UHFFFAOYSA-N","ACS1517"
"IK_SVYIZYRTOYHQRE-UHFFFAOYSA-N","ACS1517"
"IK_URTBCBICNCMCPB-CWUOWYQYSA-N","ACS1517"
"IK_DDRJAANPRJIHGJ-UHFFFAOYSA-N","MTBLS1219"
"IK_IPCSVZSSVZVIGE-UHFFFAOYSA-N","MTBLS1219"
"IK_NRJAVPSFFCBXDT-HUESYALOSA-N","MTBLS1219"
"IK_QIVBCDIJIAJPQS-HLTLGYGQSA-N","MTBLS1219"
"IK_WQZGKKKJIJFFOK-GASJEMHNSA-N","MTBLS1219"
"IK_AAOVKJBEBIDNHE-UHFFFAOYSA-N","MTBLS11904"
"IK_AAWZDTNXLSGCEK-LNVDRNJUSA-N","MTBLS11904"
"IK_ABDMBNAKYBUEEX-QCLAVDOMSA-N","MTBLS11904"
"IK_ABFZMYIIUREPLL-ASWJIRIHSA-N","MTBLS11904"
"IK_ABOLXXZAJIAUGR-JPMMFUSZSA-N","MTBLS11904"
"IK_ABXDBVMGRKZFRC-IOSLPCCCSA-N","MTBLS11904"
"IK_ACSFOIGNUQUIGE-AIPUTVCKSA-N","MTBLS11904"
"IK_ACVGWSKVRYFWRP-UHFFFAOYSA-N","MTBLS11904"
"IK_ACXPNSWGVZLPRG-UHFFFAOYSA-N","MTBLS11904"
"IK_ADEORFBTPGKHRP-UHFFFAOYSA-N","MTBLS11904"
"IK_ADFXKUOMJKEIND-UHFFFAOYSA-N","MTBLS11904"
"IK_ADHNYKZHPOEULM-BQBZGAKWSA-N","MTBLS11904"
"IK_ADQUXZRKOKKULD-CZOXBATISA-N","MTBLS11904"
"IK_ADUKCCWBEDSMEB-NSHDSACASA-N","MTBLS11904"
"IK_ADVNUIUADIXWMI-OLZOCXBDSA-N","MTBLS11904"
"IK_AEAMHDRXCYEOCU-HTDYWKJCSA-N","MTBLS11904"
"IK_AEAPORIZZWBIEX-DTBDINHYSA-N","MTBLS11904"
"IK_AEESIZVTDUAOEG-MWQVBOBVSA-N","MTBLS11904"
"IK_AEFNZGGBWOQYID-KQPZCCJBSA-N","MTBLS11904"
"IK_AEMOLEFTQBMNLQ-AQKNRBDQSA-N","MTBLS11904"
"IK_AEMOLEFTQBMNLQ-QIUUJYRFSA-N","MTBLS11904"
"IK_AEOYRSISBCASMX-UHFFFAOYSA-N","MTBLS11904"
"IK_AERBNCYCJBRYDG-KSZLIROESA-N","MTBLS11904"
"IK_AERBNCYCJBRYDG-RGBJRUIASA-N","MTBLS11904"
"IK_AEURJYQWJBBJDQ-RRSKNPHNSA-N","MTBLS11904"
"IK_AFKRZUUZFWTBCC-WSTZPKSXSA-N","MTBLS11904"
"IK_AFWKBSMFXWNGRE-ONEGZZNKSA-N","MTBLS11904"
"IK_AFWVBXLXFDAISA-GPRPIQDKSA-N","MTBLS11904"
"IK_AGGWFDNPHKLBBV-YUMQZZPRSA-N","MTBLS11904"
"IK_AGMMTXLNIQSRCG-UHFFFAOYSA-N","MTBLS11904"
"IK_AGOYDEPGAOXOCK-KCBOHYOISA-N","MTBLS11904"
"IK_AGPIOXWTGKGPPK-UHFFFAOYSA-N","MTBLS11904"
"IK_AGPKZVBTJJNPAG-UHFFFAOYSA-N","MTBLS11904"
"IK_AGPKZVBTJJNPAG-WHFBIAKZSA-N","MTBLS11904"
"IK_AGSPXMVUFBBBMO-UHFFFAOYSA-N","MTBLS11904"
"IK_AGVRWBBFKKEVAX-QIEOIKHQSA-N","MTBLS11904"
"IK_AHANXAKGNAKFSK-PDBXOOCHSA-N","MTBLS11904"
"IK_AHJCDQGRYVBQQZ-NSCUHMNNSA-N","MTBLS11904"
"IK_AHLPHDHHMVZTML-SCSAIBSYSA-N","MTBLS11904"
"IK_AHLPHDHHMVZTML-UHFFFAOYSA-N","MTBLS11904"
"IK_AHTAWKLQNJKVCN-UHFFFAOYSA-N","MTBLS11904"
"IK_AHWXJDWBIIDPKS-TZUVPVEASA-N","MTBLS11904"
"IK_AIQDYKMWENWVQJ-QIUUJYRFSA-K","MTBLS11904"
"IK_AIUFHSHETJXZFR-ATCSHJOVSA-N","MTBLS11904"
"IK_AJBBHZDIKZCZAI-UHFFFAOYSA-N","MTBLS11904"
"IK_AJMZUFBKADIAKC-SKTOPKGQSA-N","MTBLS11904"
"IK_AJOQSQHYDOFIOX-UHFFFAOYSA-N","MTBLS11904"
"IK_AJSDVNKVGFVAQU-PRJMDXOYSA-N","MTBLS11904"
"IK_AJSJFDUIZFXAQY-UHFFFAOYSA-N","MTBLS11904"
"IK_AJTJVNKPLZTLHV-RJJHQZCFSA-N","MTBLS11904"
"IK_AJWIFVNLXHFTFD-NSCUHMNNSA-N","MTBLS11904"
"IK_AKASWINDKIEEBO-ZJUUUORDSA-N","MTBLS11904"
"IK_AKUJBENLRBOFTD-RPRRAYFGSA-N","MTBLS11904"
"IK_ALPFACMJGXQCHP-TUUIQCBBSA-N","MTBLS11904"
"IK_ALTAAUJNHYWOGS-UHFFFAOYSA-N","MTBLS11904"
"IK_AMDPNECWKZZEBQ-UHFFFAOYSA-N","MTBLS11904"
"IK_AMPNNTLXPJCDJF-UHFFFAOYSA-N","MTBLS11904"
"IK_AMTPYFGPPVFBBI-UHFFFAOYSA-N","MTBLS11904"
"IK_AMXYRHBJZOVHOL-UHFFFAOYSA-N","MTBLS11904"
"IK_ANGCIHCSPJLGME-UHFFFAOYSA-N","MTBLS11904"
"IK_ANKFOZDLPDQNEO-UHFFFAOYSA-N","MTBLS11904"
"IK_ANKFPIBCTISOBX-UHFFFAOYSA-N","MTBLS11904"
"IK_ANQQVTWQIBPDKQ-UHFFFAOYSA-N","MTBLS11904"
"IK_ANVLMUZOIWITMQ-UHFFFAOYSA-N","MTBLS11904"
"IK_AOCBVTCNGCHPPQ-UHFFFAOYSA-N","MTBLS11904"
"IK_AODPIQQILQLWGS-GXBDJPPSSA-N","MTBLS11904"
"IK_AOHCBEAZXHZMOR-ZDUSSCGKSA-N","MTBLS11904"
"IK_AOMXURITGZJPKB-ZETCQYMHSA-N","MTBLS11904"
"IK_AOPMSFXOYJXDNJ-IRFSQMTFSA-N","MTBLS11904"
"IK_AOQMRUTZEYVDIL-UHFFFAOYSA-N","MTBLS11904"
"IK_AORCXYMSPVAQIZ-UHFFFAOYSA-N","MTBLS11904"
"IK_APOJPGQGVODAOE-AUPUWKESSA-N","MTBLS11904"
"IK_APZFKAJBLBCEFG-YIAAKVKQSA-N","MTBLS11904"
"IK_AQAKHZVPOOGUCK-XPUUQOCRSA-N","MTBLS11904"
"IK_AQPJRTNUBAWORL-RXMQYKEDSA-N","MTBLS11904"
"IK_AQTYXAPIHMXAAV-UHFFFAOYSA-N","MTBLS11904"
"IK_AQZMUAMGLNHYRT-SESCJMQFSA-N","MTBLS11904"
"IK_ARFRZOLTIRQFCI-NGQYDJQZSA-N","MTBLS11904"
"IK_ARJPPNFIEQKVBB-UHFFFAOYSA-N","MTBLS11904"
"IK_ARSJQOAYGVNWEK-MLCWLASSSA-N","MTBLS11904"
"IK_ASBJGPTTYPEMLP-UWTATZPHSA-N","MTBLS11904"
"IK_ASCFNMCAHFUBCO-UHFFFAOYSA-N","MTBLS11904"
"IK_ASMYXLDPYBVDFS-UHFFFAOYSA-N","MTBLS11904"
"IK_ASPCIAWQVXVATP-VWXYMJEFSA-N","MTBLS11904"
"IK_ASSAYFMXRNLTCY-UHFFFAOYSA-N","MTBLS11904"
"IK_ASWBNKHCZGQVJV-HSZRJFAPSA-N","MTBLS11904"
"IK_ASWBNKHCZGQVJV-UHFFFAOYSA-N","MTBLS11904"
"IK_ASWVTGNCAZCNNR-UHFFFAOYSA-N","MTBLS11904"
"IK_ATFNSNUJZOYXFC-RQJHMYQMSA-N","MTBLS11904"
"IK_ATIPDCIQTUXABX-UWVGGRQHSA-N","MTBLS11904"
"IK_ATMSEJBABXCWDW-UHFFFAOYSA-N","MTBLS11904"
"IK_ATROHALUCMTWTB-UHFFFAOYSA-N","MTBLS11904"
"IK_ATTZFSUZZUNHBP-UHFFFAOYSA-N","MTBLS11904"
"IK_ATXHVCQZZJYMCF-XUDSTZEESA-N","MTBLS11904"
"IK_AUDMGMSPKITTQO-DEKGSFKZSA-N","MTBLS11904"
"IK_AUGHPTXZMAWCOH-XGKJNDTMSA-N","MTBLS11904"
"IK_AURCBSWGPREGRQ-VGNRXBDKSA-N","MTBLS11904"
"IK_AURFZBICLPNKBZ-FZCSVUEKSA-N","MTBLS11904"
"IK_AUVVAXYIELKVAI-CKBKHPSWSA-N","MTBLS11904"
"IK_AVFORCKFTWHFAR-ZSIFGTMLSA-N","MTBLS11904"
"IK_AVFZOVWCLRSYKC-UHFFFAOYSA-N","MTBLS11904"
"IK_AVGPOAXYRRIZMM-BYPYZUCNSA-N","MTBLS11904"
"IK_AVTUTJYTKKMVGB-BGXVWEPQSA-O","MTBLS11904"
"IK_AWDRATDZQPNJFN-VAYUFCLWSA-N","MTBLS11904"
"IK_AWLYBJONQDYQAK-QTJNYWJXSA-N","MTBLS11904"
"IK_AWNFWGNFOOJDNO-PTNGSMBKSA-N","MTBLS11904"
"IK_AXLAMFZYXNDEGQ-MLWYYCKJSA-N","MTBLS11904"
"IK_AXQACEQYCPKDMV-RZAWKFBISA-N","MTBLS11904"
"IK_AXRIHSJZHOTGAE-ATZCPNFKSA-N","MTBLS11904"
"IK_AXZGUCXCTZMPTR-UVGACIQRSA-N","MTBLS11904"
"IK_AYFVYJQAPQTCCC-GBXIJSLDSA-N","MTBLS11904"
"IK_AYFVYJQAPQTCCC-HRFVKAFMSA-N","MTBLS11904"
"IK_AYHSDYHVIFMJHB-NFPJMEHBSA-N","MTBLS11904"
"IK_AYIZHKDZYOSOGY-IUCAKERBSA-N","MTBLS11904"
"IK_AYJXHIDNNLJQDT-UHFFFAOYSA-N","MTBLS11904"
"IK_AYKQJQVWUYEZNU-UHFFFAOYSA-N","MTBLS11904"
"IK_AYSGOPOJGPEGSU-UHFFFAOYSA-N","MTBLS11904"
"IK_AZKVWQKMDGGDSV-BCMRRPTOSA-N","MTBLS11904"
"IK_AZYMCYXTLDIFNX-IRSOEJBUSA-N","MTBLS11904"
"IK_BAQAVOSOZGMPRM-QBMZZYIRSA-N","MTBLS11904"
"IK_BAQMYDQNMFBZNA-MNXVOIDGSA-N","MTBLS11904"
"IK_BATTZJIKLZSIAU-UHFFFAOYSA-N","MTBLS11904"
"IK_BBIXOODYWPFNDT-CIUDSAMLSA-N","MTBLS11904"
"IK_BBJIPMIXTXKYLZ-UHFFFAOYSA-N","MTBLS11904"
"IK_BBYWOYAFBUOUFP-JOCHJYFZSA-N","MTBLS11904"
"IK_BBZCPUCZKLTAJQ-UHFFFAOYSA-N","MTBLS11904"
"IK_BCIWKKMTBRYQJU-UHFFFAOYSA-N","MTBLS11904"
"IK_BCPDBSZPXWSVHR-BAIOGQDRSA-N","MTBLS11904"
"IK_BCPQOBQIVJZOFL-UHFFFAOYSA-N","MTBLS11904"
"IK_BCPSFKBPHHBDAI-LURJTMIESA-N","MTBLS11904"
"IK_BCQTVJKBTWGHCX-UHFFFAOYSA-N","MTBLS11904"
"IK_BCXBIONYYJCSDF-CIUDSAMLSA-N","MTBLS11904"
"IK_BDENGJXHUIIQRH-IQAJSEAWSA-N","MTBLS11904"
"IK_BDHRPSJHSJIYMM-XGRKIXBHSA-N","MTBLS11904"
"IK_BDIAUFOIMFAIPU-KVJIRVJXSA-N","MTBLS11904"
"IK_BDJRBEYXGGNYIS-UHFFFAOYSA-N","MTBLS11904"
"IK_BDQNKCYCTYYMAA-UHFFFAOYSA-N","MTBLS11904"
"IK_BDTIGNGBIBFXSE-UHFFFAOYSA-N","MTBLS11904"
"IK_BEJNERDRQOWKJM-UHFFFAOYSA-N","MTBLS11904"
"IK_BEQZHFIKTBVCAU-UHFFFAOYSA-N","MTBLS11904"
"IK_BETFSIOJEATXGY-WOCLASLBSA-N","MTBLS11904"
"IK_BFBJRMADQFCOCV-UHFFFAOYSA-N","MTBLS11904"
"IK_BFYYUELWUKXHLB-UHFFFAOYSA-N","MTBLS11904"
"IK_BFZKMNSQCNVFGM-UCEYFQQTSA-N","MTBLS11904"
"IK_BGJPRBZZLWCLJW-AWCRTANDSA-N","MTBLS11904"
"IK_BGKHCLZFGPIKKU-LDDQNKHRSA-N","MTBLS11904"
"IK_BGSCNPOVJFBBAQ-UHFFFAOYSA-N","MTBLS11904"
"IK_BGSZAXLLHYERSY-XQIGCQGXSA-N","MTBLS11904"
"IK_BHATUINFZWUDIX-UHFFFAOYSA-N","MTBLS11904"
"IK_BHMYRYNHHQYGTN-UHFFFAOYSA-N","MTBLS11904"
"IK_BHPXBBXWEPCSOK-RMKNXTFCSA-N","MTBLS11904"
"IK_BHQCQFFYRZLCQQ-OELDTZBJSA-N","MTBLS11904"
"IK_BHQCQFFYRZLCQQ-PGHAKIONSA-N","MTBLS11904"
"IK_BHQCQFFYRZLCQQ-UMZBRFQRSA-N","MTBLS11904"
"IK_BHWXBRBFQBOUAF-UHFFFAOYSA-N","MTBLS11904"
"IK_BHYOQNUELFTYRT-DPAQBDIFSA-N","MTBLS11904"
"IK_BIDUPMYXGFNAEJ-APGVDKLISA-N","MTBLS11904"
"IK_BIEOSECQPGGZMF-NAIWXXGBSA-N","MTBLS11904"
"IK_BISIFJGUTDFVFR-UHFFFAOYSA-N","MTBLS11904"
"IK_BIUULCNWWFDCPG-UHFFFAOYSA-N","MTBLS11904"
"IK_BIXJFIJYBLJTMK-ZUZCIYMTSA-N","MTBLS11904"
"IK_BJBUEDPLEOHJGE-BKLSDQPFSA-N","MTBLS11904"
"IK_BJBUEDPLEOHJGE-IMJSIDKUSA-N","MTBLS11904"
"IK_BJEPYKJPYRNKOW-UHFFFAOYSA-N","MTBLS11904"
"IK_BJMQRSXLHPCXDU-OOKGOBCESA-N","MTBLS11904"
"IK_BJPPZTDOLXZUSK-FRVQLJSFSA-N","MTBLS11904"
"IK_BJRMBXPQAMDCMG-CMJQBAFXSA-N","MTBLS11904"
"IK_BJRNKVDFDLYUGJ-RMPHRYRLSA-N","MTBLS11904"
"IK_BJSNGVYBQJIGRT-UHFFFAOYSA-N","MTBLS11904"
"IK_BKAJNAXTPSGJCU-UHFFFAOYSA-N","MTBLS11904"
"IK_BKNQGBKAJUUPBQ-SPMSPBIZSA-N","MTBLS11904"
"IK_BLERHOKJGPAHCL-UHFFFAOYSA-N","MTBLS11904"
"IK_BLGXFZZNTVWLAY-DKJBZYCGSA-N","MTBLS11904"
"IK_BLHQFTDZMFXXHV-LLPREHSBSA-N","MTBLS11904"
"IK_BLQCWBCWZFDGBW-AATRIKPKSA-N","MTBLS11904"
"IK_BLZVZPYMHLXLHG-JOBMVARSSA-N","MTBLS11904"
"IK_BMLMGCPTLHPWPY-REOHCLBHSA-N","MTBLS11904"
"IK_BMOVQUBVGICXQN-UHFFFAOYSA-N","MTBLS11904"
"IK_BMUFUJMVNODTAD-UHFFFAOYSA-N","MTBLS11904"
"IK_BMVUIWJCUQSHLZ-YFZGBAIXSA-N","MTBLS11904"
"IK_BNLANPMAYYCMLY-LCXZALMSSA-N","MTBLS11904"
"IK_BOEPTPMIIFGHTH-YDFGWWAZSA-N","MTBLS11904"
"IK_BOJKULTULYSRAS-OTESTREVSA-N","MTBLS11904"
"IK_BOTWFXYSPFMFNR-PYDDKJGSSA-N","MTBLS11904"
"IK_BOWVQLFMWHZBEF-KTKRTIGZSA-N","MTBLS11904"
"IK_BPHPUYQFMNQIOC-NXRLNHOXSA-N","MTBLS11904"
"IK_BPSLZWSRHTULGU-ZCFIWIBFSA-N","MTBLS11904"
"IK_BPYKTIZUTYGOLE-KDUUSRDASA-N","MTBLS11904"
"IK_BPZXYEUJBFHASJ-UUOKFMHZSA-N","MTBLS11904"
"IK_BQJRUJTZSGYBEZ-YVQNUNKESA-N","MTBLS11904"
"IK_BQMFWUKNOCJDNV-HJWJTTGWSA-N","MTBLS11904"
"IK_BQYSFFVQHVEQKA-WWNHDLEVSA-N","MTBLS11904"
"IK_BRENMGSWNOZDLU-LEAZDLGRSA-N","MTBLS11904"
"IK_BRMSNMZILBBMIX-UHFFFAOYSA-N","MTBLS11904"
"IK_BRMWTNUJHUMWMS-LURJTMIESA-N","MTBLS11904"
"IK_BRRVXFOKWJKTGG-UHFFFAOYSA-N","MTBLS11904"
"IK_BRTSNYPDACNMIP-FAWZKKEFSA-N","MTBLS11904"
"IK_BSFUDCIRZBAPDS-UHFFFAOYSA-N","MTBLS11904"
"IK_BSRRIWAAIBZEBQ-QSTBWJLLSA-N","MTBLS11904"
"IK_BSVHAXJKBCWVDA-UHFFFAOYSA-N","MTBLS11904"
"IK_BSWHERGFUNMWGS-HAFWLYHUSA-N","MTBLS11904"
"IK_BTCSSZJGUNDROE-UHFFFAOYSA-N","MTBLS11904"
"IK_BTIHMVBBUGXLCJ-UHFFFAOYSA-N","MTBLS11904"
"IK_BTJIUGUIPKRLHP-UHFFFAOYSA-N","MTBLS11904"
"IK_BTLNRJMECFTISR-UHFFFAOYSA-N","MTBLS11904"
"IK_BTNMPGBKDVTSJY-UHFFFAOYSA-N","MTBLS11904"
"IK_BTSTZWOTLKSKHV-ODYTWBPASA-N","MTBLS11904"
"IK_BUHZTPLXMFRPCK-CKCUUXPSSA-N","MTBLS11904"
"IK_BUJAGSGYPOAWEI-UHFFFAOYSA-N","MTBLS11904"
"IK_BUQYQSMGNYBXDM-QOCHGBHMSA-N","MTBLS11904"
"IK_BUTLOLBCWDNVGA-UHFFFAOYSA-N","MTBLS11904"
"IK_BVCXYGDKSPEQAH-IHSNFILASA-N","MTBLS11904"
"IK_BVUMIHICABFWGS-UHFFFAOYSA-N","MTBLS11904"
"IK_BWCRCHWTIDPBOB-NKYRGGHJSA-N","MTBLS11904"
"IK_BWCRYQGQPDBOAU-WZBVPYLGSA-N","MTBLS11904"
"IK_BWEICTHJUIJQPH-UHFFFAOYSA-N","MTBLS11904"
"IK_BWHGMFYTDQEALD-UHFFFAOYSA-N","MTBLS11904"
"IK_BWRPYSJNBVBIRP-FLFBIERCSA-N","MTBLS11904"
"IK_BWWWIHHYPYDOJQ-BSGVGGAOSA-N","MTBLS11904"
"IK_BXFFHSIDQOFMLE-UHFFFAOYSA-N","MTBLS11904"
"IK_BXJHWYVXLGLDMZ-UHFFFAOYSA-N","MTBLS11904"
"IK_BXLYSRPHVMCOPS-ACZMJKKPSA-N","MTBLS11904"
"IK_BXNJHAXVSOCGBA-UHFFFAOYSA-N","MTBLS11904"
"IK_BXRLWGXPSRYJDZ-UHFFFAOYSA-N","MTBLS11904"
"IK_BXRLWGXPSRYJDZ-VKHMYHEASA-N","MTBLS11904"
"IK_BXXSHQYDJWZXPB-OKNSCYNVSA-N","MTBLS11904"
"IK_BXYPVKMROLGXJI-UHFFFAOYSA-N","MTBLS11904"
"IK_BXZSKDOPGDPDEG-UHFFFAOYSA-N","MTBLS11904"
"IK_BXZVVICBKDXVGW-NKWVEPMBSA-N","MTBLS11904"
"IK_BYUOBSUZYQAFJM-UHFFFAOYSA-N","MTBLS11904"
"IK_BYVDUQYJIIPFIB-ZMOGYAJESA-N","MTBLS11904"
"IK_BYWJNFQCWYEWHX-KLMFUOAUSA-N","MTBLS11904"
"IK_BZUIJMCJNWUGKQ-BDAKNGLRSA-N","MTBLS11904"
"IK_BZWQQOVSUSJJJO-QAGDRQIHSA-N","MTBLS11904"
"IK_CAAKRPRWCVWYAO-UHFFFAOYSA-N","MTBLS11904"
"IK_CAHKINHBCWCHCF-JTQLQIEISA-N","MTBLS11904"
"IK_CAHPJJJZLQXPKS-UHFFFAOYSA-N","MTBLS11904"
"IK_CATMPQFFVNKDEY-YPMHNXCESA-N","MTBLS11904"
"IK_CAULGCQHVOVVRN-SWZPTJTJSA-N","MTBLS11904"
"IK_CAWXEEYDBZRFPE-UHFFFAOYSA-N","MTBLS11904"
"IK_CAWZRIXWFRFUQB-IOSLPCCCSA-N","MTBLS11904"
"IK_CBDKQYKMCICBOF-UHFFFAOYSA-N","MTBLS11904"
"IK_CBFHOPPJBYHALQ-RLWMBFFFSA-N","MTBLS11904"
"IK_CBMYJHIOYJEBSB-CAHXEBCQSA-N","MTBLS11904"
"IK_CBMYJHIOYJEBSB-JBDJBKRMSA-N","MTBLS11904"
"IK_CBMYJHIOYJEBSB-ULTMTAQRSA-N","MTBLS11904"
"IK_CBQJSKKFNMDLON-JTQLQIEISA-N","MTBLS11904"
"IK_CBQJSKKFNMDLON-SNVBAGLBSA-N","MTBLS11904"
"IK_CBVKLEOGWBFWFG-AXDSSHIGSA-N","MTBLS11904"
"IK_CCAIIPMIAFGKSI-DMTCNVIQSA-N","MTBLS11904"
"IK_CCCIJQPRIXGQOE-XWSJACJDSA-N","MTBLS11904"
"IK_CCCNUHFRBBIFHO-WJWGPLDTSA-N","MTBLS11904"
"IK_CCGRBSFMPVMVTE-SGTVZEORSA-N","MTBLS11904"
"IK_CCVYRRGZDBSHFU-UHFFFAOYSA-N","MTBLS11904"
"IK_CDSMSBUVCWHORP-UHFFFAOYSA-N","MTBLS11904"
"IK_CDSQRAACZGXZNE-UHFFFAOYSA-N","MTBLS11904"
"IK_CEIZFXOZIQNICU-XNCJUZBTSA-N","MTBLS11904"
"IK_CEJUIQBITPKHHY-OWEZASBCSA-N","MTBLS11904"
"IK_CERUVRSAHAFOLZ-LAWPZHMJSA-N","MTBLS11904"
"IK_CFBVGSWSOJBYGC-UHFFFAOYSA-N","MTBLS11904"
"IK_CFFZDZCDUFSOFZ-UHFFFAOYSA-N","MTBLS11904"
"IK_CFSOJZTUTOQNIA-UHFFFAOYSA-N","MTBLS11904"
"IK_CFTUMAOURLALGM-UHFFFAOYSA-N","MTBLS11904"
"IK_CFWSFZFUNZRIFO-UHFFFAOYSA-N","MTBLS11904"
"IK_CFYMYCCYMJIYAB-UHFFFAOYSA-N","MTBLS11904"
"IK_CGFRVKXGZRODPA-UHFFFAOYSA-N","MTBLS11904"
"IK_CGGKIILOLKTYHS-LJGQSTEHSA-N","MTBLS11904"
"IK_CGIURIOFMWUPSV-RUQPETGGSA-N","MTBLS11904"
"IK_CGJRRBRZLXHAHM-PCDBCJAOSA-N","MTBLS11904"
"IK_CGMZWBZSOINWHL-YPDYIYJKSA-N","MTBLS11904"
"IK_CGUMQVWVXFEJLT-UWXAOETISA-N","MTBLS11904"
"IK_CGVOQSQIYSUXAT-PPLFXBRHSA-N","MTBLS11904"
"IK_CHFOVLMTXSAFKC-UHFFFAOYSA-N","MTBLS11904"
"IK_CHHHXKFHOYLYRE-STWYSWDKSA-M","MTBLS11904"
"IK_CHNXZKVNWQUJIB-CEGNMAFCSA-N","MTBLS11904"
"IK_CHQZBIVWDKADIA-GDWUOILNSA-N","MTBLS11904"
"IK_CHTHALBTIRVDBM-UHFFFAOYSA-N","MTBLS11904"
"IK_CICRQSYFFGMUEH-MVKOLZDDSA-N","MTBLS11904"
"IK_CIDUJQMULVCIBT-MQDUPKMGSA-N","MTBLS11904"
"IK_CIKGWCTVFSRMJU-KVQBGUIXSA-N","MTBLS11904"
"IK_CIKNYWFPGZCHDL-ZHFUJENKSA-N","MTBLS11904"
"IK_CIMMACURCPXICP-PNQRDDRVSA-N","MTBLS11904"
"IK_CJGVDSGIQZDLDO-BMYWYRRPSA-N","MTBLS11904"
"IK_CJSQSNMTJVQLJE-NQPCQEITSA-N","MTBLS11904"
"IK_CJUFNYIRKDOQMC-SNVBAGLBSA-N","MTBLS11904"
"IK_CKFJQMKKJUVFDF-NTXOZZBFSA-N","MTBLS11904"
"IK_CKTSBUTUHBMZGZ-SHYZEUOFSA-N","MTBLS11904"
"IK_CLCDCPXFUKRPLP-GYXKVCTLSA-N","MTBLS11904"
"IK_CLGNQAIRBLDHIN-HWKANZROSA-N","MTBLS11904"
"IK_CLGNQAIRBLDHIN-UHFFFAOYSA-N","MTBLS11904"
"IK_CLJGMBYGTHRUNF-PJQJKGEDSA-N","MTBLS11904"
"IK_CLKPVQZFNYXFCY-UHFFFAOYSA-N","MTBLS11904"
"IK_CLPMFZLTACEARJ-YCMZWWCJSA-N","MTBLS11904"
"IK_CLUWOWRTHNNBBU-UHFFFAOYSA-N","MTBLS11904"
"IK_CLVUFWXGNIFGNC-QTSLKERKSA-N","MTBLS11904"
"IK_CMEYODOSAQTQFO-SAIUNTKASA-N","MTBLS11904"
"IK_CMGDVUCDZOBDNL-UHFFFAOYSA-N","MTBLS11904"
"IK_CMHMMKSPYOOVGI-UHFFFAOYSA-N","MTBLS11904"
"IK_CMKQOKAXUWQAHG-UHFFFAOYSA-N","MTBLS11904"
"IK_CMUNUTVVOOHQPW-LURJTMIESA-N","MTBLS11904"
"IK_CNAKQRUFJWYXIC-PPOCGGKUSA-N","MTBLS11904"
"IK_CNAWLBRCOTWCNV-UHFFFAOYSA-N","MTBLS11904"
"IK_CNJGWCQEGROXEE-UHFFFAOYSA-N","MTBLS11904"
"IK_CNPVJJQCETWNEU-CYFREDJKSA-N","MTBLS11904"
"IK_CNUQZHQKEQFDPU-MDWZMJQESA-N","MTBLS11904"
"IK_CNWPIIOQKZNXBB-WBYPBBSPSA-M","MTBLS11904"
"IK_CNWSDOLXOOXOCZ-UHFFFAOYSA-N","MTBLS11904"
"IK_COCMFMBNEAMQMA-VGKGADPCSA-N","MTBLS11904"
"IK_COCNDHOPIHDTHK-UHFFFAOYSA-N","MTBLS11904"
"IK_COHZAFUKYUCIND-SHDWVJIKSA-N","MTBLS11904"
"IK_COJBGNAUUSNXHX-UHFFFAOYSA-N","MTBLS11904"
"IK_COKMIXFXJJXBQG-NRFANRHFSA-N","MTBLS11904"
"IK_COLNVLDHVKWLRT-QMMMGPOBSA-N","MTBLS11904"
"IK_COUYJEVMBVSIHV-SFHVURJKSA-N","MTBLS11904"
"IK_COVOPZQGJGUPEY-UHFFFAOYSA-N","MTBLS11904"
"IK_COXWPCPYWFBNJH-UHFFFAOYSA-N","MTBLS11904"
"IK_COZMNNJEGNPDED-HOCLYGCPSA-N","MTBLS11904"
"IK_CPHVNLRAJPTYSD-UHFFFAOYSA-N","MTBLS11904"
"IK_CPKWYFUGBHLPGR-SXFWLWNESA-N","MTBLS11904"
"IK_CPTJXGLQLVPIGP-UHFFFAOYSA-N","MTBLS11904"
"IK_CPXSBHKDEPPWIX-UHFFFAOYSA-N","MTBLS11904"
"IK_CQLRIUYMQWJYSR-UHFFFAOYSA-N","MTBLS11904"
"IK_CQSLTKIXAJTQGA-FLIBITNWSA-N","MTBLS11904"
"IK_CQZWLVDDIOZTJI-RYUDHWBXSA-N","MTBLS11904"
"IK_CRIZPXKICGBNKG-UHFFFAOYSA-N","MTBLS11904"
"IK_CTKINSOISVBQLD-UHFFFAOYSA-N","MTBLS11904"
"IK_CTNFAVGEWRZODU-SESCJMQFSA-N","MTBLS11904"
"IK_CTYRPMDGLDAWRQ-UHFFFAOYSA-N","MTBLS11904"
"IK_CUIDBUWFCFYEPL-PIFFKTMJSA-N","MTBLS11904"
"IK_CULUWZNBISUWAS-UHFFFAOYSA-N","MTBLS11904"
"IK_CUZKLRTTYZOCSD-CIUDSAMLSA-N","MTBLS11904"
"IK_CVFXMLXLNNEEJM-MQWKRIRWSA-N","MTBLS11904"
"IK_CVNYHSDFZXHMMJ-VPUMZWJWSA-N","MTBLS11904"
"IK_CVSVTCORWBXHQV-UHFFFAOYSA-N","MTBLS11904"
"IK_CVVKIXNPXDBREE-UHFFFAOYSA-N","MTBLS11904"
"IK_CWERGRDVMFNCDR-UHFFFAOYSA-N","MTBLS11904"
"IK_CWJQQASJVVAXKL-UHFFFAOYSA-N","MTBLS11904"
"IK_CWLDKTAXQZEVQN-CUEXFKMESA-L","MTBLS11904"
"IK_CWLQUGTUXBXTLF-YFKPBYRVSA-N","MTBLS11904"
"IK_CWLVBFJCJXHUCF-RNPYNJAESA-N","MTBLS11904"
"IK_CWWWTTYMUOYSQA-LLVKDONJSA-N","MTBLS11904"
"IK_CXDWHYOBSJTRJU-SRWWVFQWSA-N","MTBLS11904"
"IK_CXKKSSKKIOZUNR-ZLUOBGJFSA-N","MTBLS11904"
"IK_CXMXRPHRNRROMY-UHFFFAOYSA-N","MTBLS11904"
"IK_CXTATJFJDMJMIY-CYBMUJFWSA-N","MTBLS11904"
"IK_CXTATJFJDMJMIY-UHFFFAOYSA-N","MTBLS11904"
"IK_CXTXHTVXPMOOSW-JUEJINBGSA-N","MTBLS11904"
"IK_CXWTUGHAWQYVJV-VZNRCSAUSA-N","MTBLS11904"
"IK_CXWXQJXEFPUFDZ-UHFFFAOYSA-N","MTBLS11904"
"IK_CYHOMWAPJJPNMW-DHBOJHSNSA-N","MTBLS11904"
"IK_CYHWMBVXXDIZNZ-KRWDZBQOSA-N","MTBLS11904"
"IK_CYIDZMCFTVVTJO-UHFFFAOYSA-N","MTBLS11904"
"IK_CYIQBIVJURIZDH-FEBNUDBRSA-N","MTBLS11904"
"IK_CYUZOYPRAQASLN-UHFFFAOYSA-N","MTBLS11904"
"IK_CYYZDBDROVLTJU-UHFFFAOYSA-N","MTBLS11904"
"IK_CYZWCBZIBJLKCV-RMKNXTFCSA-N","MTBLS11904"
"IK_CZAMIXFITRFMDC-HTAQTPCSSA-N","MTBLS11904"
"IK_CZBPKFICAYVHHM-UHFFFAOYSA-N","MTBLS11904"
"IK_CZGFLAQOJPXVRV-GITAKMRZSA-N","MTBLS11904"
"IK_CZIIGGQJILPHEU-HCHVXQBBSA-N","MTBLS11904"
"IK_CZKBLHCEDVWPRN-UHFFFAOYSA-N","MTBLS11904"
"IK_CZKPOZZJODAYPZ-LROMGURASA-N","MTBLS11904"
"IK_CZKWVFPVOOTCDG-UHFFFAOYSA-N","MTBLS11904"
"IK_CZNJCCVKDVCRKF-UHFFFAOYSA-N","MTBLS11904"
"IK_CZTQZXZIADLWOZ-UHFFFAOYSA-O","MTBLS11904"
"IK_CZWCKYRVOZZJNM-USOAJAOKSA-N","MTBLS11904"
"IK_CZZZOTXCAIDYOZ-UHFFFAOYSA-N","MTBLS11904"
"IK_DAELTTGCCPRYTP-ZLQZEYEISA-N","MTBLS11904"
"IK_DAFOCGYVTAOKAJ-UHFFFAOYSA-N","MTBLS11904"
"IK_DAYKLWSKQJBGCS-NRFANRHFSA-N","MTBLS11904"
"IK_DBDTUXMDTSTPQZ-UHFFFAOYSA-N","MTBLS11904"
"IK_DBFYXFUOCIHCAH-YHTHSIKYSA-N","MTBLS11904"
"IK_DBHKHNGBVGWQJE-USWSLJGRSA-N","MTBLS11904"
"IK_DBHPURNMQZJCPT-HRLVBISOSA-N","MTBLS11904"
"IK_DBTMIHPJDPGOCQ-HIFRSBDPSA-N","MTBLS11904"
"IK_DCMKMHVTKFJMAU-HWKANZROSA-N","MTBLS11904"
"IK_DCXJOVUZENRYSH-UHFFFAOYSA-N","MTBLS11904"
"IK_DCXMBZPFKOPATQ-UHFFFAOYSA-N","MTBLS11904"
"IK_DCZDUZNVOVFUCD-HTXNQAPBSA-M","MTBLS11904"
"IK_DDBREPKUVSBGFI-UHFFFAOYSA-N","MTBLS11904"
"IK_DDCYKEYDTGCKAS-SKSHMZPZSA-N","MTBLS11904"
"IK_DDELKTCDPMLGSF-QPSCCSFWSA-N","MTBLS11904"
"IK_DDRJAANPRJIHGJ-UHFFFAOYSA-N","MTBLS11904"
"IK_DDUHZTYCFQRHIY-UHFFFAOYSA-N","MTBLS11904"
"IK_DEAFEFSHUVGNFC-UHFFFAOYSA-N","MTBLS11904"
"IK_DEEUSUJLZQQESV-BQUSTMGCSA-N","MTBLS11904"
"IK_DEKASDKLVVYODQ-UKHRKFAVSA-N","MTBLS11904"
"IK_DEKNNWJXAQTLFA-UHFFFAOYSA-N","MTBLS11904"
"IK_DFELABABMXOKTD-IYFIADHGSA-N","MTBLS11904"
"IK_DFFOSEJNFZUOSK-UHFFFAOYSA-N","MTBLS11904"
"IK_DFMCTODOEICLEB-UHFFFAOYSA-N","MTBLS11904"
"IK_DFMLULIEUUXXSA-UHFFFAOYSA-N","MTBLS11904"
"IK_DFNZHOWEYYDHLO-XMMPIXPASA-N","MTBLS11904"
"IK_DFNZYFAJQPLJFI-UHFFFAOYSA-N","MTBLS11904"
"IK_DFSPELNJAJEWOM-UHFFFAOYSA-N","MTBLS11904"
"IK_DFVFTMTWCUHJBL-BQBZGAKWSA-N","MTBLS11904"
"IK_DFYHDDCNKMPXMX-UHFFFAOYSA-M","MTBLS11904"
"IK_DGAUETYRWFLGRT-OPSAWKISSA-N","MTBLS11904"
"IK_DGBYUHHIADYUMU-UESLNCBNSA-N","MTBLS11904"
"IK_DGMPVYSXXIOGJY-UHFFFAOYSA-N","MTBLS11904"
"IK_DHNSTMIMQCKEPC-UHFFFAOYSA-N","MTBLS11904"
"IK_DHSUYTOATWAVLW-WFVMDLQDSA-N","MTBLS11904"
"IK_DHUAGGSHTKPOHU-UHFFFAOYSA-N","MTBLS11904"
"IK_DHWUVPPRBIJJKS-VUEDXXQZSA-N","MTBLS11904"
"IK_DIFYHTVBKJHYKE-OUNRCAHPSA-N","MTBLS11904"
"IK_DIJBBUIOWGGQOP-QGVNFLHTSA-N","MTBLS11904"
"IK_DIRFUJHNVNOBMY-UHFFFAOYSA-N","MTBLS11904"
"IK_DIVQKHQLANKJQO-UHFFFAOYSA-N","MTBLS11904"
"IK_DIWVBIXQCNRCFE-UHFFFAOYSA-N","MTBLS11904"
"IK_DJXRIQMCROIRCZ-XOEOCAAJSA-N","MTBLS11904"
"IK_DJZCTUVALDDONK-HQMSUKCRSA-N","MTBLS11904"
"IK_DKEXFJVMVGETOO-LURJTMIESA-N","MTBLS11904"
"IK_DKEXFJVMVGETOO-UHFFFAOYSA-N","MTBLS11904"
"IK_DKHSNOLJPXJJMD-GQDNDFQBSA-N","MTBLS11904"
"IK_DKLGLHQHLFISGJ-YLBFUXKPSA-N","MTBLS11904"
"IK_DKQLZKCYTLXNBN-UHFFFAOYSA-N","MTBLS11904"
"IK_DKXXSIJHWWVNMO-RJVKTHQKSA-N","MTBLS11904"
"IK_DKZBBWMURDFHNE-NSCUHMNNSA-N","MTBLS11904"
"IK_DLCUCFRSAVONGT-AEQSUFNNSA-N","MTBLS11904"
"IK_DLDJFQGPPSQZKI-UHFFFAOYSA-N","MTBLS11904"
"IK_DLJKPYFALUEJCK-IIELGFQLSA-N","MTBLS11904"
"IK_DLZPSAPMHALIOA-YNCVDBFYSA-N","MTBLS11904"
"IK_DMAOYRIREVHKFQ-UHFFFAOYSA-N","MTBLS11904"
"IK_DMBHHRLKUKUOEG-UHFFFAOYSA-N","MTBLS11904"
"IK_DMNOQQUULVKPTE-UHFFFAOYSA-N","MTBLS11904"
"IK_DMQQXDPCRUGSQB-UHFFFAOYSA-N","MTBLS11904"
"IK_DNGCQXLPUZWYNB-UHFFFAOYSA-N","MTBLS11904"
"IK_DNKGWNLXBRCUCF-NLOSNHEGSA-N","MTBLS11904"
"IK_DNKQGUYVWUAYIE-QISQUURKSA-N","MTBLS11904"
"IK_DNPZYIPMAWRQQE-BVILWSOJSA-N","MTBLS11904"
"IK_DNSSEQBYSHSUGR-UHFFFAOYSA-N","MTBLS11904"
"IK_DOIRQSBPFJWKBE-UHFFFAOYSA-N","MTBLS11904"
"IK_DOVMKWVMZQLOPP-CRYQCFGISA-N","MTBLS11904"
"IK_DPEYXLDDNACOGV-ANVMUZGGSA-N","MTBLS11904"
"IK_DPOINJQWXDTOSF-UHFFFAOYSA-N","MTBLS11904"
"IK_DPSCUTCAFODJSS-UIITUPLWSA-N","MTBLS11904"
"IK_DPUOLQHDNGRHBS-MDZDMXLPSA-N","MTBLS11904"
"IK_DPZVDLFOAZNCBU-UHFFFAOYSA-N","MTBLS11904"
"IK_DQBQWWSFRPLIAX-UHFFFAOYSA-N","MTBLS11904"
"IK_DQJWAJBJWZYKLK-UHFFFAOYSA-N","MTBLS11904"
"IK_DQKSVFVIWBOSPM-UHFFFAOYSA-N","MTBLS11904"
"IK_DQNLLSNNESIVOE-UHFFFAOYSA-N","MTBLS11904"
"IK_DQQBTKPFMLVCPZ-SHGZRWORSA-N","MTBLS11904"
"IK_DREONSBNBZFXLW-UHFFFAOYSA-N","MTBLS11904"
"IK_DREVJBVJBRSSDL-UHFFFAOYSA-N","MTBLS11904"
"IK_DRHKJLXJIQTDTD-OAHLLOKOSA-N","MTBLS11904"
"IK_DRIVXEVMDWCWLI-CAQMIEAISA-N","MTBLS11904"
"IK_DRNGLYHKYPNTEA-UHFFFAOYSA-N","MTBLS11904"
"IK_DRTQHJPVMGBUCF-XVFCMESISA-N","MTBLS11904"
"IK_DSDNAKHZNJAGHN-MXTYGGKSSA-N","MTBLS11904"
"IK_DSLZVSRJTYRBFB-DUHBMQHGSA-N","MTBLS11904"
"IK_DSPWIGNSRMCMGP-UHFFFAOYSA-N","MTBLS11904"
"IK_DTERQYGMUDWYAZ-ZETCQYMHSA-N","MTBLS11904"
"IK_DTOSIQBPPRVQHS-IUQGRGSQSA-N","MTBLS11904"
"IK_DTOSIQBPPRVQHS-PDBXOOCHSA-N","MTBLS11904"
"IK_DTQVDTLACAAQTR-UHFFFAOYSA-N","MTBLS11904"
"IK_DTTVUTICRKIUMH-NPUXTLKISA-N","MTBLS11904"
"IK_DUAGQYUORDTXOR-GPQRQXLASA-N","MTBLS11904"
"IK_DUIFVCFSAWHIOD-AATRIKPKSA-N","MTBLS11904"
"IK_DUUGKQCEGZLZNO-UHFFFAOYSA-N","MTBLS11904"
"IK_DUVAQXIRJZDZGR-HXMIUARJSA-N","MTBLS11904"
"IK_DUYSYHSSBDVJSM-KRWOKUGFSA-N","MTBLS11904"
"IK_DUZODDYGMSCYMJ-UHFFFAOYSA-N","MTBLS11904"
"IK_DVBUFRRUKPQWBU-UHFFFAOYSA-N","MTBLS11904"
"IK_DVXZVCNEGRKLMW-RPGUUIFVSA-N","MTBLS11904"
"IK_DWAKNKKXGALPNW-UHFFFAOYSA-N","MTBLS11904"
"IK_DWHIUNMOTRUVPG-UHFFFAOYSA-N","MTBLS11904"
"IK_DWHJJLTXBKSHJG-HWKANZROSA-N","MTBLS11904"
"IK_DWHSGRLKLUGKOU-UHFFFAOYSA-N","MTBLS11904"
"IK_DWKUKQRKVCMOLP-UHFFFAOYSA-N","MTBLS11904"
"IK_DWMJDYZSFOSGLA-WDZFZDKYSA-N","MTBLS11904"
"IK_DWRXFEITVBNRMK-JAGXHNFQSA-N","MTBLS11904"
"IK_DWYRIWUZIJHQKQ-SANMLTNESA-N","MTBLS11904"
"IK_DWZGLEPNCRFCEP-UHFFFAOYSA-N","MTBLS11904"
"IK_DXHYQIJBUNRPJT-UHFFFAOYSA-N","MTBLS11904"
"IK_DXIHLEIENMRHAA-UHFFFAOYSA-N","MTBLS11904"
"IK_DYDZWJOECBIVHD-UHFFFAOYSA-N","MTBLS11904"
"IK_DYENWMUXSKPFLC-DFLWBBLWSA-N","MTBLS11904"
"IK_DYENWMUXSKPFLC-UHFFFAOYSA-N","MTBLS11904"
"IK_DYLPGCSNPAWWBL-QARITTFUSA-N","MTBLS11904"
"IK_DYNKRGCMLGUEMN-YFKPBYRVSA-N","MTBLS11904"
"IK_DYQXERDJEYZBKH-KVQBGUIXSA-N","MTBLS11904"
"IK_DYSDOYRQWBDGQQ-XLPZGREQSA-N","MTBLS11904"
"IK_DYUGTPXLDJQBRB-UHFFFAOYSA-N","MTBLS11904"
"IK_DZAUWHJDUNRCTF-UHFFFAOYSA-N","MTBLS11904"
"IK_DZGWFCGJZKJUFP-UHFFFAOYSA-N","MTBLS11904"
"IK_DZHSPYMHDVROSM-UHFFFAOYSA-N","MTBLS11904"
"IK_DZMVCVHATYROOS-ZBFGKEHZSA-N","MTBLS11904"
"IK_DZPKSVTWWIZUMS-FPUNCOTOSA-N","MTBLS11904"
"IK_DZRWKHUQGYJQQB-TXINJWPOSA-N","MTBLS11904"
"IK_DZTHIGRZJZPRDV-GFCCVEGCSA-N","MTBLS11904"
"IK_DZTHIGRZJZPRDV-UHFFFAOYSA-N","MTBLS11904"
"IK_DZTWAOVNNLDWNH-XYXZLXRDSA-N","MTBLS11904"
"IK_DZUXGQBLFALXCR-CDIPTNKSSA-N","MTBLS11904"
"IK_FAASBXNEOGMQHS-BYPYZUCNSA-N","MTBLS11904"
"IK_FAUYAENFVCNTAL-PFFNLMTBSA-N","MTBLS11904"
"IK_FAXDZWQIWUSWJH-UHFFFAOYSA-N","MTBLS11904"
"IK_FAYYTQMQTAKHRM-QDVPYJSNSA-N","MTBLS11904"
"IK_FAYYTQMQTAKHRM-UHFFFAOYSA-N","MTBLS11904"
"IK_FBCNXALHPSQUQY-WKABSKOFSA-N","MTBLS11904"
"IK_FBTYOQIYBULKEH-ZFWWWQNUSA-N","MTBLS11904"
"IK_FBUBVLUPUDBFME-UHFFFAOYSA-N","MTBLS11904"
"IK_FCCFXOHVERVHQR-KDXRDGMUSA-N","MTBLS11904"
"IK_FCDLCPWAQCPTKC-UHFFFAOYSA-N","MTBLS11904"
"IK_FCEJNLVNFSUDTK-AATRIKPKSA-N","MTBLS11904"
"IK_FCLOZPWDDCBDAQ-BELBSWHZSA-N","MTBLS11904"
"IK_FCVJYKICQNLXAX-XPTLAUCJSA-N","MTBLS11904"
"IK_FCXZBWSIAGGPCB-YFKPBYRVSA-N","MTBLS11904"
"IK_FDGQSTZJBFJUBT-UHFFFAOYSA-N","MTBLS11904"
"IK_FDLBWFQZCBIUPV-UHFFFAOYSA-N","MTBLS11904"
"IK_FDMKIGKOMRSCAW-NEPJUHHUSA-N","MTBLS11904"
"IK_FDWRIIDFYSUTDP-WGDKFINWSA-N","MTBLS11904"
"IK_FEFCOLGURZACFM-UHFFFAOYSA-N","MTBLS11904"
"IK_FERBTPHUEYEGDN-UHFFFAOYSA-N","MTBLS11904"
"IK_FERDPPIQANTDTF-VHDCWOTASA-N","MTBLS11904"
"IK_FERIUCNNQQJTOY-UHFFFAOYSA-N","MTBLS11904"
"IK_FERWCFYKULABCE-UHFFFAOYSA-N","MTBLS11904"
"IK_FEZNRZLARONEKO-VHGXFIKMSA-N","MTBLS11904"
"IK_FFDNVMGPKVVVOG-JCTPYMPQSA-N","MTBLS11904"
"IK_FFVIWPKOCWPZMF-UHFFFAOYSA-N","MTBLS11904"
"IK_FFXKPSNQCPNORO-MBYQGORISA-N","MTBLS11904"
"IK_FGIJQXGDQVNWKH-UHFFFAOYSA-N","MTBLS11904"
"IK_FGMAOXGOTRUOKJ-UHFFFAOYSA-N","MTBLS11904"
"IK_FGYKUFVNYVMTAM-WAZJVIJMSA-N","MTBLS11904"
"IK_FHFZEKYDSVTYLL-UHFFFAOYSA-N","MTBLS11904"
"IK_FHSUFDYFOHSYHI-UHFFFAOYSA-N","MTBLS11904"
"IK_FHUAYOMRHXZKHT-JUGJLYODSA-N","MTBLS11904"
"IK_FHXBAFXQVZOILS-OETIFKLTSA-N","MTBLS11904"
"IK_FICLVQOYKYBXFN-UHFFFAOYSA-N","MTBLS11904"
"IK_FIHAYSQZVJSSFG-JJGVKMCQSA-N","MTBLS11904"
"IK_FIJFPUAJUDAZEY-MNDXXDKYSA-N","MTBLS11904"
"IK_FIMSWIYKMHXCEM-CDSYOESZSA-N","MTBLS11904"
"IK_FIXDIFPJOFIIEC-RITPCOANSA-N","MTBLS11904"
"IK_FIZFZQIBGCHOJY-UHFFFAOYSA-N","MTBLS11904"
"IK_FJAZVHYPASAQKM-JBAURARKSA-N","MTBLS11904"
"IK_FJIGLGLZNXQEDE-GDVGLLTNSA-N","MTBLS11904"
"IK_FJKKCRCBBAXLQZ-UHFFFAOYSA-N","MTBLS11904"
"IK_FJKROLUGYXJWQN-UHFFFAOYSA-N","MTBLS11904"
"IK_FKEIHZHIVAFDLO-RYPYTVSESA-N","MTBLS11904"
"IK_FKENQMMABCRJMK-RITPCOANSA-N","MTBLS11904"
"IK_FKLSJDGSSFEPLD-AATRIKPKSA-N","MTBLS11904"
"IK_FKSLBYVOWOXWMB-YTBCMDLOSA-N","MTBLS11904"
"IK_FKTCHXAVPYGOSM-CUAXAMRHSA-N","MTBLS11904"
"IK_FKUYMLZIRPABFK-IQSNHBBHSA-N","MTBLS11904"
"IK_FKWQEFWENKGUGF-VFUOTHLCSA-N","MTBLS11904"
"IK_FKXCBKCOSVIGCT-AVGNSLFASA-N","MTBLS11904"
"IK_FLCQLSRLQIPNLM-UHFFFAOYSA-N","MTBLS11904"
"IK_FLKPEMZONWLCSK-UHFFFAOYSA-N","MTBLS11904"
"IK_FLKRMXAWABTWSH-UHFFFAOYSA-N","MTBLS11904"
"IK_FLSLEGPOVLMJMN-YSSFQJQWSA-N","MTBLS11904"
"IK_FLWFZAGAZMHZQM-IVWGLPAOSA-N","MTBLS11904"
"IK_FMBYBTSZVHUJMV-DIVFMYBRSA-N","MTBLS11904"
"IK_FMCBSYMIXJRNHE-QXNXUSMZSA-N","MTBLS11904"
"IK_FMINYZXVCTYSNY-UHFFFAOYSA-N","MTBLS11904"
"IK_FMOWGHRAYUFXIG-UHFFFAOYSA-N","MTBLS11904"
"IK_FMXVFWDIAZJILA-UHFFFAOYSA-N","MTBLS11904"
"IK_FMYKJLXRRQTBOR-BZSNNMDCSA-N","MTBLS11904"
"IK_FNRBOAGVUNHDIL-LMZUXBMISA-N","MTBLS11904"
"IK_FOBVMYJQWZOGGJ-XYRJXBATSA-N","MTBLS11904"
"IK_FOCVUCIESVLUNU-UHFFFAOYSA-N","MTBLS11904"
"IK_FONAXCRWZQFJHY-JCGOJSMZSA-N","MTBLS11904"
"IK_FORFDCPQKJHEBF-HUESYALOSA-N","MTBLS11904"
"IK_FOULCGVQZYQEQM-DNXGLLHMSA-N","MTBLS11904"
"IK_FPGSEBKFEJEOSA-UMMCILCDSA-N","MTBLS11904"
"IK_FPPVBAMKHUAIOP-OYQCQVHHSA-N","MTBLS11904"
"IK_FPUXKXIZEIDQKW-VKMVSBOZSA-N","MTBLS11904"
"IK_FPUYBGZEWPJSDX-MRXNPFEDSA-N","MTBLS11904"
"IK_FQJISUPNMFRIFZ-HXUWFJFHSA-N","MTBLS11904"
"IK_FQKKPLXFGDCBJT-UHFFFAOYSA-N","MTBLS11904"
"IK_FQPGMQABJNQLLF-VKHMYHEASA-N","MTBLS11904"
"IK_FQTLNSKVFLETSS-QBCIWLIXSA-N","MTBLS11904"
"IK_FQVFGIZCMMQDNV-NQQLFREJSA-N","MTBLS11904"
"IK_FQYGGFDZJFIDPU-JRSYHJKYSA-N","MTBLS11904"
"IK_FQYQMFCIJNWDQZ-CYDGBPFRSA-N","MTBLS11904"
"IK_FRFIAHPOPAPQGJ-VLOXYBQLSA-N","MTBLS11904"
"IK_FSBLXTAIINGBJY-YBEGLDIGSA-N","MTBLS11904"
"IK_FSEUPUDHEBLWJY-HWKANZROSA-N","MTBLS11904"
"IK_FSWXOANXOQPCFF-UHFFFAOYSA-N","MTBLS11904"
"IK_FTTDBZNMICPROO-UHFFFAOYSA-N","MTBLS11904"
"IK_FUJLYHJROOYKRA-QGZVFWFLSA-N","MTBLS11904"
"IK_FUOOLUPWFVMBKG-UHFFFAOYSA-N","MTBLS11904"
"IK_FUWUEFKEXZQKKA-UHFFFAOYSA-N","MTBLS11904"
"IK_FUYLLJCBCKRIAL-UHFFFAOYSA-N","MTBLS11904"
"IK_FVEFRICMTUKAML-UHFFFAOYSA-M","MTBLS11904"
"IK_FVKFHMNJTHKMRX-UHFFFAOYSA-N","MTBLS11904"
"IK_FVMDYYGIDFPZAX-UHFFFAOYSA-N","MTBLS11904"
"IK_FVTVMQPGKVHSEY-UHFFFAOYSA-N","MTBLS11904"
"IK_FVWJYYTZTCVBKE-ROUWMTJPSA-N","MTBLS11904"
"IK_FVXDQWZBHIXIEJ-LNDKUQBDSA-N","MTBLS11904"
"IK_FWAYDNJCBHNWQD-JBWLPIRVSA-N","MTBLS11904"
"IK_FWMYJLDHIVCJCT-RRHRGVEJSA-N","MTBLS11904"
"IK_FWNZEKQVBDXWKA-ZCWREFTMSA-N","MTBLS11904"
"IK_FWQWYTQHEPIGFR-XFENYREESA-N","MTBLS11904"
"IK_FWWQKRXKHIRPJY-UHFFFAOYSA-N","MTBLS11904"
"IK_FXGOEHDEIHUMCP-XNGCGXPYSA-N","MTBLS11904"
"IK_FXYFFYOQPWNFJZ-XGKJNDTMSA-N","MTBLS11904"
"IK_FXYSHYMHTAACSV-FTHMGGAWSA-N","MTBLS11904"
"IK_FYIKIBQJAJRKQM-WNCNYDOCSA-N","MTBLS11904"
"IK_FYPMFJGVHOHGLL-UHFFFAOYSA-N","MTBLS11904"
"IK_FYSRHTXDKAIONW-DRTAPUJOSA-N","MTBLS11904"
"IK_FYVQCLGZFXHEGL-UHFFFAOYSA-N","MTBLS11904"
"IK_FYYIUODUDSPAJQ-XVBQNVSMSA-N","MTBLS11904"
"IK_FYYSIASRLDJUNP-WHFBIAKZSA-N","MTBLS11904"
"IK_FZERHIULMFGESH-UHFFFAOYSA-N","MTBLS11904"
"IK_FZWGECJQACGGTI-UHFFFAOYSA-N","MTBLS11904"
"IK_GAGYTXTVUMXAOC-RRKCRQDMSA-N","MTBLS11904"
"IK_GAQNUGISBQJMKO-UHFFFAOYSA-N","MTBLS11904"
"IK_GAWUJFVQGSLSSZ-SZRCHTAPSA-N","MTBLS11904"
"IK_GBDRMPRTNVKBAD-BYPYZUCNSA-N","MTBLS11904"
"IK_GBJKHDVRXAVITG-UNPOXIGHSA-N","MTBLS11904"
"IK_GBOGMAARMMDZGR-TYHYBEHESA-N","MTBLS11904"
"IK_GBXSMTUPTTWBMN-XIRDDKMYSA-N","MTBLS11904"
"IK_GCIVSXAHMONYLO-HMAFJQTKSA-N","MTBLS11904"
"IK_GCSLDHTZSDNYEC-CPNJWEJPSA-N","MTBLS11904"
"IK_GDNGOAUIUTXUES-RWDHRDFGSA-N","MTBLS11904"
"IK_GEAXLHPORCRESC-UHFFFAOYSA-N","MTBLS11904"
"IK_GECFTYLLVUKXOY-UHFFFAOYSA-N","MTBLS11904"
"IK_GENAHGKEFJLNJB-QMTHXVAHSA-N","MTBLS11904"
"IK_GEPIUXLNBAZTAN-IAHWHINTSA-N","MTBLS11904"
"IK_GEWUBFCXNZWHKH-HSZRJFAPSA-N","MTBLS11904"
"IK_GFCQEPZCMASXHO-SGIBUEGPSA-N","MTBLS11904"
"IK_GFFGJBXGBJISGV-UHFFFAOYSA-N","MTBLS11904"
"IK_GFNYAPAJUNPMGH-QNEBEIHSSA-N","MTBLS11904"
"IK_GFXYTQPNNXGICT-YFKPBYRVSA-N","MTBLS11904"
"IK_GFYLSDSUCHVORB-IOSLPCCCSA-N","MTBLS11904"
"IK_GFZHNFOGCMEYTA-UHFFFAOYSA-N","MTBLS11904"
"IK_GGAXPLCKKANQED-UHFFFAOYSA-N","MTBLS11904"
"IK_GHBFNMLVSPCDGN-UHFFFAOYSA-N","MTBLS11904"
"IK_GHBNZZJYBXQAHG-KUVSNLSMSA-N","MTBLS11904"
"IK_GHCZAUBVMUEKKP-GYPHWSFCSA-N","MTBLS11904"
"IK_GHHURQMJLARIDK-UHFFFAOYSA-N","MTBLS11904"
"IK_GHOKWGTUZJEAQD-UHFFFAOYSA-N","MTBLS11904"
"IK_GHOKWGTUZJEAQD-ZETCQYMHSA-N","MTBLS11904"
"IK_GHUJOXJDUAROKJ-UHFFFAOYSA-N","MTBLS11904"
"IK_GHVNFZFCNZKVNT-UHFFFAOYSA-N","MTBLS11904"
"IK_GINJFDRNADDBIN-FXQIFTODSA-N","MTBLS11904"
"IK_GIQXKAXWRLHLDD-VYACWCJYSA-N","MTBLS11904"
"IK_GIRXTOSJOKKBHO-BQTUIHPCSA-N","MTBLS11904"
"IK_GIUNBNKDUHWVHI-LJQANCHMSA-N","MTBLS11904"
"IK_GIXWDMTZECRIJT-UHFFFAOYSA-N","MTBLS11904"
"IK_GIYMZAJHBZLOGR-UHFFFAOYSA-N","MTBLS11904"
"IK_GJGMABPPERWSNB-CDMLTSFUSA-N","MTBLS11904"
"IK_GJRXIEGNAMFGOV-VEOGPPBOSA-N","MTBLS11904"
"IK_GJUABKCEXOMRPQ-UHFFFAOYSA-N","MTBLS11904"
"IK_GJWSUKYXUMVMGX-UHFFFAOYSA-N","MTBLS11904"
"IK_GJZJZRWFRZFTEE-ONEGZZNKSA-N","MTBLS11904"
"IK_GKCNNWJPOJGTLV-UKTHLTGXSA-N","MTBLS11904"
"IK_GKGOLPMYJJXRGD-UHFFFAOYSA-N","MTBLS11904"
"IK_GKKWUSPPIQURFM-IGDGGSTLSA-N","MTBLS11904"
"IK_GKUMMDFLKGFCKH-URYVQPGZSA-N","MTBLS11904"
"IK_GKZIWHRNKRBEOH-UHFFFAOYSA-N","MTBLS11904"
"IK_GLLFNZDVMSLOCL-UHFFFAOYSA-N","MTBLS11904"
"IK_GLNDAGDHSLMOKX-UHFFFAOYSA-N","MTBLS11904"
"IK_GLONBVCUAVPJFV-PCDHEYSGSA-N","MTBLS11904"
"IK_GLUJNGJDHCTUJY-UHFFFAOYSA-N","MTBLS11904"
"IK_GLVWZDCWCRWVFM-RZGYGYJVSA-N","MTBLS11904"
"IK_GLXUWZBUPATPBR-MLWJPKLSSA-N","MTBLS11904"
"IK_GLYPHOJMMLQNJQ-GYPHWSFCSA-N","MTBLS11904"
"IK_GMQUMWVEWMCMOQ-UHFFFAOYSA-N","MTBLS11904"
"IK_GMSNIKWWOQHZGF-UHFFFAOYSA-N","MTBLS11904"
"IK_GMXQUOKWLVCFEG-UHFFFAOYSA-N","MTBLS11904"
"IK_GMXSGLCDVHHWIB-UHFFFAOYSA-N","MTBLS11904"
"IK_GMZVRMREEHBGGF-UHFFFAOYSA-N","MTBLS11904"
"IK_GNQHFHGLDGEOOU-ZIJFCRNMSA-N","MTBLS11904"
"IK_GNWBLLYJQXKPIP-ZOGIJGBBSA-N","MTBLS11904"
"IK_GNWHRHGTIBRNSM-UHFFFAOYSA-N","MTBLS11904"
"IK_GOBIDZCUVCOUAI-UHFFFAOYSA-N","MTBLS11904"
"IK_GOLXRNDWAUTYKT-UHFFFAOYSA-N","MTBLS11904"
"IK_GOMVPVRDBLLHQC-VEJNOCSESA-N","MTBLS11904"
"IK_GOVYBPLHWIEHEJ-UHFFFAOYSA-N","MTBLS11904"
"IK_GOZCEKPKECLKNO-RKQHYHRCSA-N","MTBLS11904"
"IK_GQAJNGUAQKYPCH-XVNBXDOJSA-N","MTBLS11904"
"IK_GQIJYUMTOUBHSH-IJIVKGSJSA-N","MTBLS11904"
"IK_GQJQCKUJCHMTNF-UHFFFAOYSA-N","MTBLS11904"
"IK_GQMMRLBWXCGBEV-UHFFFAOYSA-N","MTBLS11904"
"IK_GQPDNUJLVOFHSX-UHFFFAOYSA-N","MTBLS11904"
"IK_GQQALHZKRGXRTO-AEMURDCYSA-N","MTBLS11904"
"IK_GQQZXRPXBDJABR-XMDONHODSA-N","MTBLS11904"
"IK_GRERMCGRRAMWSD-GRZGAGJTSA-N","MTBLS11904"
"IK_GRJFTUSJGMRSSJ-KICRZJJPSA-N","MTBLS11904"
"IK_GRQPGTWGEQWMMM-IUXPMGMMSA-N","MTBLS11904"
"IK_GRSZFWQUAKGDAV-KQYNXXCUSA-N","MTBLS11904"
"IK_GRXIELRCPYIEQI-UHFFFAOYSA-M","MTBLS11904"
"IK_GSBJTPGARMFLIJ-YYBQYWACSA-N","MTBLS11904"
"IK_GSDSWSVVBLHKDQ-JTQLQIEISA-N","MTBLS11904"
"IK_GSEOJHIBPQRSNH-XZOQPEGZSA-N","MTBLS11904"
"IK_GSLDEZOOOSBFGP-UHFFFAOYSA-N","MTBLS11904"
"IK_GTEPPJFJSNSNIH-UHFFFAOYSA-N","MTBLS11904"
"IK_GTPATKZCXDKGQS-UHFFFAOYSA-N","MTBLS11904"
"IK_GTZCVFVGUGFEME-HNQUOIGGSA-N","MTBLS11904"
"IK_GUAHPAJOXVYFON-UHFFFAOYSA-N","MTBLS11904"
"IK_GUAHPAJOXVYFON-ZETCQYMHSA-N","MTBLS11904"
"IK_GUARTUJKFNAVIK-QPTWMBCESA-N","MTBLS11904"
"IK_GUBGYTABKSRVRQ-QKKXKWKRSA-N","MTBLS11904"
"IK_GUGSXATYPSGVAY-GCXXXECGSA-N","MTBLS11904"
"IK_GUJNNQFVFGFZPK-UHFFFAOYSA-N","MTBLS11904"
"IK_GUMSBNXGPBAONF-UBRVPYPMSA-N","MTBLS11904"
"IK_GUZRMGFLLJQHCW-UHFFFAOYSA-N","MTBLS11904"
"IK_GVEZIHKRYBHEFX-NQQPLRFYSA-N","MTBLS11904"
"IK_GVQAYSKPEXYNSE-PEHNEXDUSA-N","MTBLS11904"
"IK_GVQOVMKBYJKZSY-UHFFFAOYSA-N","MTBLS11904"
"IK_GVUVRRPYYDHHGK-UHFFFAOYSA-N","MTBLS11904"
"IK_GVZYULOAWBVSSF-LKECMMOOSA-N","MTBLS11904"
"IK_GWENQMVPLJAMAE-UHFFFAOYSA-N","MTBLS11904"
"IK_GXAMYUGOODKVRM-UHFFFAOYSA-N","MTBLS11904"
"IK_GXQHCJRGIJYVTF-TWHMOVIGSA-N","MTBLS11904"
"IK_GYDJEQRTZSCIOI-UHFFFAOYSA-N","MTBLS11904"
"IK_GYJSAWZGYQXRBS-GRJZKGIBSA-N","MTBLS11904"
"IK_GYNWSIBKBBWJJW-ZQMNIGHUSA-N","MTBLS11904"
"IK_GYPQKMKDLBCBMB-XTVBGRGASA-N","MTBLS11904"
"IK_GYQQQCVFOLKXGH-LDSFXQROSA-N","MTBLS11904"
"IK_GYSZYWSJZCKCBD-LXGUAGHKSA-N","MTBLS11904"
"IK_HAFVWTUQBYRPOB-QGGNSXJXSA-N","MTBLS11904"
"IK_HASACTZYOHWROP-UHFFFAOYSA-N","MTBLS11904"
"IK_HASVPNDDKSXPGU-HYSOADAZSA-O","MTBLS11904"
"IK_HAVMVUFJSIMVDG-UHFFFAOYSA-N","MTBLS11904"
"IK_HBGGXOJOCNVPFY-UHFFFAOYSA-N","MTBLS11904"
"IK_HBNPJJILLOYFJU-VMPREFPWSA-N","MTBLS11904"
"IK_HBZNVZIRJWODIB-BCTRXSSUSA-N","MTBLS11904"
"IK_HCAJEUSONLESMK-UHFFFAOYSA-N","MTBLS11904"
"IK_HCENGXRZXKAJLN-VOTSOKGWSA-N","MTBLS11904"
"IK_HCFRWBBJISAZNK-UHFFFAOYSA-N","MTBLS11904"
"IK_HCHGFYPZNIAAGT-MOZMCZEASA-N","MTBLS11904"
"IK_HCHPJRWDAXBWHL-DDCHMOMFSA-N","MTBLS11904"
"IK_HCJXCECWFHKWJZ-PVXQIPPMSA-N","MTBLS11904"
"IK_HCOOTBJPHHNRCV-AQTSNUJDSA-N","MTBLS11904"
"IK_HCRKCZRJWPKOAR-JTQLQIEISA-N","MTBLS11904"
"IK_HCZHHEIFKROPDY-UHFFFAOYSA-N","MTBLS11904"
"IK_HDAGCVMZABLHLE-UHFFFAOYSA-N","MTBLS11904"
"IK_HDFGOPSGAURCEO-UHFFFAOYSA-N","MTBLS11904"
"IK_HDHQZCHIXUUSMK-UHFFFAOYSA-N","MTBLS11904"
"IK_HDOVUKNUBWVHOX-QMMMGPOBSA-N","MTBLS11904"
"IK_HEBKCHPVOIAQTA-QWWZWVQMSA-N","MTBLS11904"
"IK_HEGSGKPQLMEBJL-RKQHYHRCSA-N","MTBLS11904"
"IK_HEMJJKBWTPKOJG-UHFFFAOYSA-N","MTBLS11904"
"IK_HEUQYIQQCNOXOG-UHFFFAOYSA-N","MTBLS11904"
"IK_HFTWTHSIMCSLFQ-CMLLUXCUSA-N","MTBLS11904"
"IK_HFXAFXVXPMUQCQ-BYPYZUCNSA-N","MTBLS11904"
"IK_HGXBRUKMWQGOIE-NSMLZSOPSA-N","MTBLS11904"
"IK_HHDMMUWDSFASNB-JZYAIQKZSA-N","MTBLS11904"
"IK_HHMMIZFWFLNZEU-UHFFFAOYSA-N","MTBLS11904"
"IK_HHTOWVWIVBSOKC-UHFFFAOYSA-N","MTBLS11904"
"IK_HHXMOTDTSDYYEI-UHFFFAOYSA-N","MTBLS11904"
"IK_HIMXGTXNXJYFGB-UHFFFAOYSA-N","MTBLS11904"
"IK_HJIKODJJEORHMZ-NNPZUXBVSA-N","MTBLS11904"
"IK_HJKVPZJVBHWFCQ-BDXSIMOUSA-N","MTBLS11904"
"IK_HJOVHMDZYOCNQW-UHFFFAOYSA-N","MTBLS11904"
"IK_HJSJELVDQOXCHO-JGVFFNPUSA-N","MTBLS11904"
"IK_HJXMNVQARNZTEE-UHFFFAOYSA-N","MTBLS11904"
"IK_HJZMWAMKWAKZAR-NJSWGWQKSA-N","MTBLS11904"
"IK_HKJOYARIOKGODS-UHFFFAOYSA-N","MTBLS11904"
"IK_HKVFKEJBSWJQMU-UHFFFAOYSA-N","MTBLS11904"
"IK_HKVGJQVJNQRJPO-VTDDDATNSA-N","MTBLS11904"
"IK_HLAWVOWADPNAGN-BAHZUFOISA-N","MTBLS11904"
"IK_HLPZZZJXJPXFIM-VHEBQXMUSA-N","MTBLS11904"
"IK_HLQYTKUIIJTNHH-JTAGEXAMSA-N","MTBLS11904"
"IK_HLVIBBYTXSJPBE-VXKURYGYSA-N","MTBLS11904"
"IK_HMARMWSETGYKDK-AOGVJQIJSA-N","MTBLS11904"
"IK_HMFKFHLTUCJZJO-HHVQYONYSA-N","MTBLS11904"
"IK_HMNKTRSOROOSPP-UHFFFAOYSA-N","MTBLS11904"
"IK_HMXRXOXNFHVCIP-KEKNWZKVSA-N","MTBLS11904"
"IK_HNDVDQJCIGZPNO-YFKPBYRVSA-N","MTBLS11904"
"IK_HNEGQIOMVPPMNR-NSCUHMNNSA-N","MTBLS11904"
"IK_HNFSZKRUPTYBOQ-ZDYOIFAYSA-N","MTBLS11904"
"IK_HNGIZKAMDMBRKJ-LBPRGKRZSA-N","MTBLS11904"
"IK_HNOSJVWYGXOFRP-UNPOXIGHSA-N","MTBLS11904"
"IK_HOMAGVUCNZNWBC-UHFFFAOYSA-N","MTBLS11904"
"IK_HOOOPXDSCKBLFG-MRVPVSSYSA-N","MTBLS11904"
"IK_HOSGXJWQVBHGLT-UHFFFAOYSA-N","MTBLS11904"
"IK_HOSWPDPVFBCLSY-VKHMYHEASA-N","MTBLS11904"
"IK_HPHUVLMMVZITSG-LURJTMIESA-N","MTBLS11904"
"IK_HPHUVLMMVZITSG-UHFFFAOYSA-N","MTBLS11904"
"IK_HPHXOIULGYVAKW-IOSLPCCCSA-N","MTBLS11904"
"IK_HPMRFMKYPGXPEP-UHFFFAOYSA-N","MTBLS11904"
"IK_HPWLZTZUPVOGKR-VAWYXSNFSA-N","MTBLS11904"
"IK_HQIDPEYTETUCNF-XVFCMESISA-N","MTBLS11904"
"IK_HQRWPYNQQYEQRQ-ORWZVCRDSA-N","MTBLS11904"
"IK_HQUQLFOMPYWACS-UHFFFAOYSA-N","MTBLS11904"
"IK_HQUSKUTUDDZKOD-UTOMUYHSSA-N","MTBLS11904"
"IK_HQXMTDSLKXAPTA-NRFANRHFSA-N","MTBLS11904"
"IK_HRLQZTOIKWEZBN-UHFFFAOYSA-N","MTBLS11904"
"IK_HRWWBCRSPUEXDM-XTMWUNHTSA-N","MTBLS11904"
"IK_HRYLQFBHBWLLLL-AHNJNIBGSA-N","MTBLS11904"
"IK_HSHUXNYMVPABPS-FEMAWNSXSA-N","MTBLS11904"
"IK_HSMHKPFJPOTDCW-MFDWXRHISA-N","MTBLS11904"
"IK_HSQVHYANHDSFFI-UHFFFAOYSA-N","MTBLS11904"
"IK_HSUNTEFOMSKZCT-UHFFFAOYSA-N","MTBLS11904"
"IK_HTRUBLMPPVBOHG-UHFFFAOYSA-N","MTBLS11904"
"IK_HTZINLFNXLXRBC-CQLBIITFSA-N","MTBLS11904"
"IK_HUGUGFBIYQBLCS-UHFFFAOYSA-N","MTBLS11904"
"IK_HUGUUANDTOCOMR-VYAVKELMSA-N","MTBLS11904"
"IK_HUMNYLRZRPPJDN-UHFFFAOYSA-N","MTBLS11904"
"IK_HUQABGDIJUXLRG-QHCPKHFHSA-N","MTBLS11904"
"IK_HUTDUHSNJYTCAR-UHFFFAOYSA-N","MTBLS11904"
"IK_HVDGDHBAMCBBLR-PBHICJAKSA-N","MTBLS11904"
"IK_HVFNSJGQAVFVAX-LDOBPFQESA-N","MTBLS11904"
"IK_HVLXXQDJGPKVMK-NCVKUBNTSA-N","MTBLS11904"
"IK_HVRNKDVLFAVCJF-VJANTYMQSA-N","MTBLS11904"
"IK_HVUMOYIDDBPOLL-XWVZOOPGSA-N","MTBLS11904"
"IK_HWDMHJDYMFRXOX-XVFCMESISA-N","MTBLS11904"
"IK_HWGBHCRJGXAGEU-UHFFFAOYSA-N","MTBLS11904"
"IK_HWWVPVUGOLNSEB-UHFFFAOYSA-N","MTBLS11904"
"IK_HXACOUQIXZGNBF-UHFFFAOYSA-N","MTBLS11904"
"IK_HXBKNURIXGGFCX-VIFPVBQESA-N","MTBLS11904"
"IK_HXEACLLIILLPRG-UHFFFAOYSA-N","MTBLS11904"
"IK_HXEACLLIILLPRG-YFKPBYRVSA-N","MTBLS11904"
"IK_HXHZGHRLVRFQDR-HZJYTTRNSA-N","MTBLS11904"
"IK_HXNFUBHNUDHIGC-UHFFFAOYSA-N","MTBLS11904"
"IK_HXYVTAGFYLMHSO-UHFFFAOYSA-N","MTBLS11904"
"IK_HXZFYDGMORCWCA-KTKRTIGZSA-N","MTBLS11904"
"IK_HYBBIBNJHNGZAN-UHFFFAOYSA-N","MTBLS11904"
"IK_HYHZGBOWRWIEGW-UHFFFAOYSA-N","MTBLS11904"
"IK_HYQNKKAJVPMBDR-HIFRSBDPSA-N","MTBLS11904"
"IK_HYRKAAMZBDSJFJ-LFDBJOOHSA-N","MTBLS11904"
"IK_HYVABZIGRDEKCD-UHFFFAOYSA-N","MTBLS11904"
"IK_HYXQKVOADYPQEA-CIUDSAMLSA-N","MTBLS11904"
"IK_HZACOPMRVHUEFI-ISIOAQNYSA-N","MTBLS11904"
"IK_HZBABTUFXQLADL-UHFFFAOYSA-N","MTBLS11904"
"IK_HZCBCWUIZCCMEB-HUSZLGJPSA-N","MTBLS11904"
"IK_HZCLJRFPXMKWHR-FEBLJDHQSA-N","MTBLS11904"
"IK_HZDLKNOGBSMKRN-UHFFFAOYSA-N","MTBLS11904"
"IK_IAHCDPVIVIKDFJ-DIACKHNESA-N","MTBLS11904"
"IK_IAIWVQXQOWNYOU-FPYGCLRLSA-N","MTBLS11904"
"IK_IANQTJSKSUMEQM-UHFFFAOYSA-N","MTBLS11904"
"IK_IAOZJIPTCAWIRG-QWRGUYRKSA-N","MTBLS11904"
"IK_IAVREABSGIHHMO-UHFFFAOYSA-N","MTBLS11904"
"IK_IBAQFPQHRJAVAV-ULAWRXDQSA-N","MTBLS11904"
"IK_IBLCRTNVHXHBPT-UHFFFAOYSA-N","MTBLS11904"
"IK_IBQZIPBWWJOUDZ-UHFFFAOYSA-N","MTBLS11904"
"IK_IBRKLUSXDYATLG-ZCFIWIBFSA-N","MTBLS11904"
"IK_IBRQTOKMQLIMRF-KACBBQTFSA-N","MTBLS11904"
"IK_IBZYPBGPOGJMBF-QRHMYKSGSA-N","MTBLS11904"
"IK_ICLWTJIMXVISSR-UHFFFAOYSA-N","MTBLS11904"
"IK_ICMUIFDBEVJCQA-GQQBCVOHSA-N","MTBLS11904"
"IK_ICSANXSPLDFBSA-ZUYRUSJRSA-N","MTBLS11904"
"IK_IDIDJDIHTAOVLG-VKHMYHEASA-N","MTBLS11904"
"IK_IDYRXWOMWZHWEO-UHFFFAOYSA-N","MTBLS11904"
"IK_IECPWNUMDGFDKC-MZJAQBGESA-N","MTBLS11904"
"IK_IEFQLTYCECVOLL-UHFFFAOYSA-N","MTBLS11904"
"IK_IEJSCSAMMLUINT-NRFANRHFSA-N","MTBLS11904"
"IK_IESVDEZGAHUQJU-ZLBXKVHBSA-N","MTBLS11904"
"IK_IFBAQPJUVKRGOW-VXPUYCOJSA-N","MTBLS11904"
"IK_IFNXFIJXYVEYLF-UHFFFAOYSA-N","MTBLS11904"
"IK_IFZSZULHIWFRSB-KZVJFYERSA-N","MTBLS11904"
"IK_IGFHQQFPSIBGKE-UHFFFAOYSA-N","MTBLS11904"
"IK_IGJKYDBBINVMLH-JXRLJXCWSA-N","MTBLS11904"
"IK_IGQBPDJNUXPEMT-SNVBAGLBSA-N","MTBLS11904"
"IK_IGQGIACCENRGLM-SOFGYWHQSA-N","MTBLS11904"
"IK_IGRHJCFWWOQYQE-SYQHCUMBSA-N","MTBLS11904"
"IK_IGTMFIJOUADBDC-UHFFFAOYSA-N","MTBLS11904"
"IK_IGTYILLPRJOVFY-UHFFFAOYSA-N","MTBLS11904"
"IK_IHFRBIZNQISAFK-JTQLQIEISA-N","MTBLS11904"
"IK_IHNHFVFOGDZMEW-UHFFFAOYSA-N","MTBLS11904"
"IK_IHNKQIMGVNPMTC-RUZDIDTESA-N","MTBLS11904"
"IK_IHNKQIMGVNPMTC-UHFFFAOYSA-N","MTBLS11904"
"IK_IHTCCHVMPGDDSL-IVNGUWCNSA-N","MTBLS11904"
"IK_IHTMGUFGDQUBIO-QGEKYMHSSA-N","MTBLS11904"
"IK_IIBOGKHTXBPGEI-UHFFFAOYSA-N","MTBLS11904"
"IK_IIODELUADFSHIZ-UHFFFAOYSA-N","MTBLS11904"
"IK_IIPZYDQGBIWLBU-UHFFFAOYSA-N","MTBLS11904"
"IK_IIRJJZHHNGABMQ-WPRPVWTQSA-N","MTBLS11904"
"IK_IITQLVPAMWYCDQ-UHFFFAOYSA-N","MTBLS11904"
"IK_IJBIDDAZNYQSCP-VEHBBKSSSA-N","MTBLS11904"
"IK_IJFXRHURBJZNAO-UHFFFAOYSA-N","MTBLS11904"
"IK_IJJKRFDBPRPLQQ-UHFFFAOYSA-N","MTBLS11904"
"IK_IJKKTQLUXOILBQ-ZBHICJROSA-N","MTBLS11904"
"IK_IJPNDQQOKFKBRG-ZPZYUIKSSA-N","MTBLS11904"
"IK_IJPRFXKJWFQONJ-UHFFFAOYSA-N","MTBLS11904"
"IK_IJTJDJOOHZVSAC-NDRUHXFFSA-N","MTBLS11904"
"IK_IJVCSMSMFSCRME-UHFFFAOYSA-N","MTBLS11904"
"IK_IJVRPNIWWODHHA-UHFFFAOYSA-N","MTBLS11904"
"IK_IKBKWHISHDVLNO-UHFFFAOYSA-N","MTBLS11904"
"IK_IKXILDNPCZPPRV-RFMGOVQKSA-N","MTBLS11904"
"IK_ILCLBYYAGZLAGC-UHFFFAOYSA-N","MTBLS11904"
"IK_ILGMGHZPXRDCCS-UHFFFAOYSA-N","MTBLS11904"
"IK_ILJSQTXMGCGYMG-UHFFFAOYSA-N","MTBLS11904"
"IK_ILNJBIQQAIIMEY-UHFFFAOYSA-N","MTBLS11904"
"IK_ILNUTMKQMUMBTE-OFSUYRCTSA-N","MTBLS11904"
"IK_ILUZPRRJJSFYEH-OBNQGTFASA-N","MTBLS11904"
"IK_IMMPMHKLUUZKAZ-UHFFFAOYSA-N","MTBLS11904"
"IK_IMOKOCYUKGZZAG-CSMHCCOUSA-N","MTBLS11904"
"IK_IMWZZHHPURKASS-UHFFFAOYSA-N","MTBLS11904"
"IK_IMYZYCNQZDBZBQ-UHFFFAOYSA-N","MTBLS11904"
"IK_INDBQLZJXZLFIT-UHFFFAOYSA-N","MTBLS11904"
"IK_INHVGPIPHZJQOP-ZNMIVQPWSA-N","MTBLS11904"
"IK_INIIAIIRDKMVMR-UHFFFAOYSA-N","MTBLS11904"
"IK_INMKWUNQKOWGEZ-VQHVLOKHSA-N","MTBLS11904"
"IK_INVGWHRKADIJHF-UHFFFAOYSA-N","MTBLS11904"
"IK_INWLQCZOYSRPNW-UHFFFAOYSA-N","MTBLS11904"
"IK_INXWZSVGTHMNEU-FZWLCVONSA-N","MTBLS11904"
"IK_IOJNOBYNWXBNBY-ZFORQUDYSA-N","MTBLS11904"
"IK_IOQPZZOEVPZRBK-UHFFFAOYSA-N","MTBLS11904"
"IK_IORKBJYFXXCDMP-GMGFYYQASA-N","MTBLS11904"
"IK_IPMVHVDAYPUFKH-WYRBGLKBSA-N","MTBLS11904"
"IK_IPOLTUVFXFHAHI-OUKQBFOZSA-N","MTBLS11904"
"IK_IPOLTUVFXFHAHI-WHIOSMTNSA-N","MTBLS11904"
"IK_IPRPPFIAVHPVJH-UHFFFAOYSA-N","MTBLS11904"
"IK_IPVQLZZIHOAWMC-QXKUPLGCSA-N","MTBLS11904"
"IK_IPWFJLQDVFKJDU-UHFFFAOYSA-N","MTBLS11904"
"IK_IQBBLPBSHOILKP-UHFFFAOYSA-N","MTBLS11904"
"IK_IQGPMZRCLCCXAG-RUZDIDTESA-N","MTBLS11904"
"IK_IQVQXVFMNOFTMU-FLIBITNWSA-N","MTBLS11904"
"IK_IQYIDEWXVLGTDZ-AWQFTUOYSA-N","MTBLS11904"
"IK_IQZZFVDIZRWADY-UHFFFAOYSA-N","MTBLS11904"
"IK_IRHVLQMEQPABHG-QUZWXNHXSA-N","MTBLS11904"
"IK_IRSFLDGTOHBADP-UHFFFAOYSA-N","MTBLS11904"
"IK_ISAKRJDGNUQOIC-UHFFFAOYSA-N","MTBLS11904"
"IK_ISAVYTVYFVQUDY-UHFFFAOYSA-N","MTBLS11904"
"IK_ISIJQGZVIFYXMD-QMUWONGRSA-M","MTBLS11904"
"IK_ISSKMEQROMFEHL-UHFFFAOYSA-N","MTBLS11904"
"IK_ISWSIDIOOBJBQZ-UHFFFAOYSA-N","MTBLS11904"
"IK_ISYWECDDZWTKFF-UHFFFAOYSA-N","MTBLS11904"
"IK_ITCNXQGVIXCKSL-XXXOFKRQSA-N","MTBLS11904"
"IK_ITZMJCSORYKOSI-AJNGGQMLSA-N","MTBLS11904"
"IK_ITZYGDKGRKKBSN-HKFUITGCSA-N","MTBLS11904"
"IK_IUBMRJVNZLQSHU-FDJBSCRHSA-N","MTBLS11904"
"IK_IUBSYMUCCVWXPE-UHFFFAOYSA-N","MTBLS11904"
"IK_IULJSGIJJZZUMF-UHFFFAOYSA-N","MTBLS11904"
"IK_IULKWYSYZSURJK-AVGNSLFASA-N","MTBLS11904"
"IK_IVFYLRMMHVYGJH-PVPPCFLZSA-N","MTBLS11904"
"IK_IVFYLRMMHVYGJH-VLOLGRDOSA-N","MTBLS11904"
"IK_IVOMOUWHDPKRLL-KQYNXXCUSA-N","MTBLS11904"
"IK_IWBHCLOBTQKEFG-UHFFFAOYSA-N","MTBLS11904"
"IK_IWHLYPDWHHPVAA-UHFFFAOYSA-N","MTBLS11904"
"IK_IWSYJJNDWNKMJD-WFPKBTJNSA-N","MTBLS11904"
"IK_IXORZMNAPKEEDV-UHFFFAOYSA-N","MTBLS11904"
"IK_IXRPKRWXUJOOBZ-AVMVYAPKSA-N","MTBLS11904"
"IK_IXSYVBCFIGEECR-JLNKQSITSA-N","MTBLS11904"
"IK_IXVMHGVQKLDRKH-QHBHMFGVSA-N","MTBLS11904"
"IK_IXYVBZOSGGJWCW-UHFFFAOYSA-N","MTBLS11904"
"IK_IYJILWQAFPUBHP-UHFFFAOYSA-N","MTBLS11904"
"IK_IYMMESGOJVNCKV-JOYOIKCWSA-N","MTBLS11904"
"IK_IZEZNNYKKNVXNA-UHFFFAOYSA-N","MTBLS11904"
"IK_IZGYIFFQBZWOLJ-UUZREKTLSA-N","MTBLS11904"
"IK_IZXYHAXVIZHGJV-UHFFFAOYSA-N","MTBLS11904"
"IK_JADDQZYHOWSFJD-FLNNQWSLSA-N","MTBLS11904"
"IK_JALVTHFTYRPDMB-HRRTYWNUSA-N","MTBLS11904"
"IK_JAQZKPHHLRTVCY-ZHRKTGFNSA-N","MTBLS11904"
"IK_JARYYMUOCXVXNK-CSLFJTBJSA-N","MTBLS11904"
"IK_JATNWMBUDXLMEO-UHFFFAOYSA-N","MTBLS11904"
"IK_JAVWFBAAZSHHAD-HCYAGMRRSA-N","MTBLS11904"
"IK_JAXWMXMFLOWKCW-UHFFFAOYSA-N","MTBLS11904"
"IK_JAZBEHYOTPTENJ-RCHUDCCISA-N","MTBLS11904"
"IK_JBCLFWXMTIKCCB-VIFPVBQESA-N","MTBLS11904"
"IK_JBFYFLXEJFQWMU-WDSKDSINSA-N","MTBLS11904"
"IK_JBKVHLHDHHXQEQ-UHFFFAOYSA-N","MTBLS11904"
"IK_JBNUARFQOCGDRK-UHFFFAOYSA-N","MTBLS11904"
"IK_JBVCSNJKVNKDHK-UHFFFAOYSA-N","MTBLS11904"
"IK_JCCZCUUYYHWRGX-VGMNWLOBSA-N","MTBLS11904"
"IK_JCGMJARSAZGXHM-UHFFFAOYSA-N","MTBLS11904"
"IK_JCMUOFQHZLPHQP-BQBZGAKWSA-N","MTBLS11904"
"IK_JDJSHLXEHWCLEP-SYHAXYEDSA-N","MTBLS11904"
"IK_JDOLBVXUTAGQDQ-LZOINSICSA-N","MTBLS11904"
"IK_JDPXOFGDHXVNAK-VHUPYEGGSA-N","MTBLS11904"
"IK_JDSRHVWSAMTSSN-IRQZEAMPSA-N","MTBLS11904"
"IK_JDWYRSDDJVCWPB-LURJTMIESA-N","MTBLS11904"
"IK_JDZBITULCWBIMC-AEQQXRABSA-N","MTBLS11904"
"IK_JEISZCQAXYJJOO-FQEVSTJZSA-N","MTBLS11904"
"IK_JEIZLWNUBXHADF-UHFFFAOYSA-N","MTBLS11904"
"IK_JEKMKNDURXDJAD-HWUKTEKMSA-N","MTBLS11904"
"IK_JEKNPVYFNMZRJG-STHMYGMFSA-N","MTBLS11904"
"IK_JEVKBGCAIMLFMA-KZXHGTAESA-N","MTBLS11904"
"IK_JFCQEDHGNNZCLN-UHFFFAOYSA-N","MTBLS11904"
"IK_JFDNMLUPLXZXGV-RKAGECJXSA-N","MTBLS11904"
"IK_JFIWEPHGRUDAJN-DYUFWOLASA-N","MTBLS11904"
"IK_JFLIEFSWGNOPJJ-JTQLQIEISA-M","MTBLS11904"
"IK_JFLIEFSWGNOPJJ-UHFFFAOYNA-N","MTBLS11904"
"IK_JFVBCXHSPKJLRP-UHFFFAOYSA-N","MTBLS11904"
"IK_JFZHPFOXAAIUMB-UHFFFAOYSA-N","MTBLS11904"
"IK_JGSUNMCABQUBOY-UHFFFAOYSA-N","MTBLS11904"
"IK_JGTPDCCLPDSJED-FXJFPKDASA-N","MTBLS11904"
"IK_JGUNZIWGNMQSBM-SIGMCMEVSA-N","MTBLS11904"
"IK_JGUNZIWGNMQSBM-UINYOVNOSA-M","MTBLS11904"
"IK_JGUNZIWGNMQSBM-UINYOVNOSA-N","MTBLS11904"
"IK_JHIWIFRQJXLNEU-GSQAGGHASA-N","MTBLS11904"
"IK_JHJOJVDYHODVHT-OKPMZCSGSA-N","MTBLS11904"
"IK_JHMWTEQGLBMSLG-DMHZMEFUSA-N","MTBLS11904"
"IK_JHPNVNIEXXLNTR-UHFFFAOYSA-N","MTBLS11904"
"IK_JIJYZALGIIQXKE-UHFFFAOYSA-N","MTBLS11904"
"IK_JIQLAAKADXSVTE-HTQZYQBOSA-N","MTBLS11904"
"IK_JITASQOSGITBPR-FMCGBTBPSA-N","MTBLS11904"
"IK_JITCCUITUOPXAR-XSBOKVBDSA-N","MTBLS11904"
"IK_JJCQSGDBDPYCEO-XVZSLQNASA-N","MTBLS11904"
"IK_JJMDCOVWQOJGCB-UHFFFAOYSA-N","MTBLS11904"
"IK_JJPSZKIOGBRMHK-UHFFFAOYSA-N","MTBLS11904"
"IK_JKEJEOJPJVRHMQ-JTQLQIEISA-N","MTBLS11904"
"IK_JKIFWWSPZOSHGE-UHFFFAOYSA-N","MTBLS11904"
"IK_JKKCSFJSULZNDN-HGRQIUPRSA-N","MTBLS11904"
"IK_JKTAZDIARLXYPE-UHFFFAOYSA-N","MTBLS11904"
"IK_JLFNLZLINWHATN-UHFFFAOYSA-N","MTBLS11904"
"IK_JLIPBVWMWUWERT-HNQUOIGGSA-N","MTBLS11904"
"IK_JLPUXFOGCDVKGO-TUAOUCFPSA-N","MTBLS11904"
"IK_JLSKPBDKNIXMBS-VIFPVBQESA-N","MTBLS11904"
"IK_JLVSPVFPBBFMBE-HXSWCURESA-N","MTBLS11904"
"IK_JLVSPVFPBBFMBE-HXSWCURESA-O","MTBLS11904"
"IK_JLXVRFDTDUGQEE-YFKPBYRVSA-N","MTBLS11904"
"IK_JLZAERUVCODZQO-VWCUIIQSSA-N","MTBLS11904"
"IK_JMFRWRFFLBVWSI-NSCUHMNNSA-N","MTBLS11904"
"IK_JMIAZDVHNCCPDM-DAFCLMLCSA-N","MTBLS11904"
"IK_JMTMSDXUXJISAY-UHFFFAOYSA-N","MTBLS11904"
"IK_JNBVGGPMMKHWRO-VIFPVBQESA-N","MTBLS11904"
"IK_JNNQVGBQCBFXRU-ZZTWLFPRSA-N","MTBLS11904"
"IK_JNTMAZFVYNDPLB-PEDHHIEDSA-N","MTBLS11904"
"IK_JNUGGJHCMRWUDV-FMMPLYQGSA-N","MTBLS11904"
"IK_JNWLVTSZGQYXIA-AATRIKPKSA-N","MTBLS11904"
"IK_JPDVTYPPMALQJO-UZQDAVMLSA-N","MTBLS11904"
"IK_JPFXYNDBKFIYLX-UHFFFAOYSA-N","MTBLS11904"
"IK_JPIJQSOTBSSVTP-GBXIJSLDSA-N","MTBLS11904"
"IK_JPIJQSOTBSSVTP-UHFFFAOYSA-N","MTBLS11904"
"IK_JPMYFOBNRRGFNO-UHFFFAOYSA-N","MTBLS11904"
"IK_JPNPIRVRGLGTRE-YSKCIPFOSA-N","MTBLS11904"
"IK_JPQGSGTYJWWXTH-UHFFFAOYSA-N","MTBLS11904"
"IK_JQNFSWJEERESHM-SRQIZXRXSA-N","MTBLS11904"
"IK_JQVDAXLFBXTEQA-UHFFFAOYSA-N","MTBLS11904"
"IK_JQXBETDGCMQLMK-UHFFFAOYSA-N","MTBLS11904"
"IK_JQXXHWHPUNPDRT-WLSIYKJHSA-N","MTBLS11904"
"IK_JRJGKUTZNBZHNK-UHFFFAOYSA-N","MTBLS11904"
"IK_JRLGPAXAGHMNOL-LURJTMIESA-N","MTBLS11904"
"IK_JSNQSLSBBZFGBM-UHFFFAOYSA-N","MTBLS11904"
"IK_JTSDBFGMPLKDCD-XVFHVFLVSA-N","MTBLS11904"
"IK_JTUPDNHGJNUOCW-UHFFFAOYSA-N","MTBLS11904"
"IK_JUAPMRSLDANLAS-HOTGVXAUSA-N","MTBLS11904"
"IK_JUCWIWDODRNWRN-REKGFNPQSA-N","MTBLS11904"
"IK_JUHFGHWNBYGKCW-UHFFFAOYSA-N","MTBLS11904"
"IK_JUSMHIGDXPKSID-PHYPRBDBSA-N","MTBLS11904"
"IK_JVAZJLFFSJARQM-RMPHRYRLSA-N","MTBLS11904"
"IK_JVGVDSSUAVXRDY-UHFFFAOYSA-M","MTBLS11904"
"IK_JVGVDSSUAVXRDY-UHFFFAOYSA-N","MTBLS11904"
"IK_JVJFIQYAHPMBBX-FNORWQNLSA-N","MTBLS11904"
"IK_JVQYSWDUAOAHFM-UHFFFAOYSA-N","MTBLS11904"
"IK_JVSRRTLCKOVNHJ-UHFFFAOYSA-N","MTBLS11904"
"IK_JVTAAEKCZFNVCJ-UWTATZPHSA-N","MTBLS11904"
"IK_JVZRCNQLWOELDU-UHFFFAOYSA-N","MTBLS11904"
"IK_JWARBUNVUNGRQE-UHFFFAOYSA-N","MTBLS11904"
"IK_JWBXCSQZLLIOCI-GUBZILKMSA-N","MTBLS11904"
"IK_JWDFQMWEFLOOED-UHFFFAOYSA-N","MTBLS11904"
"IK_JWFBUBZOMPFGDL-YBRFZANVSA-N","MTBLS11904"
"IK_JWGGSJFIGIGFSQ-UHFFFAOYSA-N","MTBLS11904"
"IK_JWHAUXFOSRPERK-UHFFFAOYSA-N","MTBLS11904"
"IK_JWICNZAGYSIBAR-UHFFFAOYSA-N","MTBLS11904"
"IK_JWYOAMOZLZXDER-UHNVWZDZSA-N","MTBLS11904"
"IK_JXBLMIJDQFTVIE-UHFFFAOYSA-N","MTBLS11904"
"IK_JXCOSKURGJMQSG-AIEJOZITSA-N","MTBLS11904"
"IK_JXCOSKURGJMQSG-AZQJGLEESA-N","MTBLS11904"
"IK_JXDFEUKNHBHUCP-UHFFFAOYSA-N","MTBLS11904"
"IK_JXGLGTFMAQOJBB-HEDKFQSOSA-N","MTBLS11904"
"IK_JXNRXNCCROJZFB-RYUDHWBXSA-N","MTBLS11904"
"IK_JXQFDWGMBSZKSE-LPCYUWLXSA-N","MTBLS11904"
"IK_JXUGDUWBMKIJDC-MMWGEVLESA-N","MTBLS11904"
"IK_JXVXYRZQIUPYSA-NHCYSSNCSA-N","MTBLS11904"
"IK_JXZJRYDTSDCGLO-UHFFFAOYSA-N","MTBLS11904"
"IK_JYEFAZDBHWGXHI-HWKANZROSA-N","MTBLS11904"
"IK_JYGFTBXVXVMTGB-UHFFFAOYSA-N","MTBLS11904"
"IK_JYGLAHSAISAEAL-UHFFFAOYSA-N","MTBLS11904"
"IK_JYGXADMDTFJGBT-VWUMJDOOSA-N","MTBLS11904"
"IK_JYLWKPPSBSYYNP-YMGFZKSCSA-N","MTBLS11904"
"IK_JYPCXBJRLBHWME-IUCAKERBSA-N","MTBLS11904"
"IK_JYPHNHPXFNEZBR-UHFFFAOYSA-N","MTBLS11904"
"IK_JYZJYKOZGGEXSX-UHFFFAOYSA-N","MTBLS11904"
"IK_JZKXXXDKRQWDET-UHFFFAOYSA-N","MTBLS11904"
"IK_JZWNYZVVZXZRRH-MDZDMXLPSA-N","MTBLS11904"
"IK_KABXUUFDPUOJMW-BYPYZUCNSA-N","MTBLS11904"
"IK_KACDZDULGKPXHT-HIVNOOBXSA-N","MTBLS11904"
"IK_KAKZBPTYRLMSJV-UHFFFAOYSA-N","MTBLS11904"
"IK_KAOLEMQCYWHOJQ-UQACNIHJSA-N","MTBLS11904"
"IK_KBDSLGBFQAGHBE-MSGMIQHVSA-N","MTBLS11904"
"IK_KBJNLOFREYBAHR-UZIPXBRASA-N","MTBLS11904"
"IK_KBOVKDIBOBQLRS-ONCCEEIJSA-N","MTBLS11904"
"IK_KBOVKDIBOBQLRS-QCNAHCIUSA-N","MTBLS11904"
"IK_KBUNOSOGGAARKZ-KRWDZBQOSA-N","MTBLS11904"
"IK_KCEGBPIYGIWCDH-UHFFFAOYSA-N","MTBLS11904"
"IK_KCEQGTJBAICOKH-UHFFFAOYSA-N","MTBLS11904"
"IK_KCPRJVDBLLJBMF-LGPQXENESA-N","MTBLS11904"
"IK_KCSKCIQYNAOBNQ-YBSFLMRUSA-N","MTBLS11904"
"IK_KCXVZYZYPLLWCC-UHFFFAOYSA-N","MTBLS11904"
"IK_KDCCOOGTVSRCHX-RWPZCVJISA-N","MTBLS11904"
"IK_KDGAYJIGGCDHPH-UWVGGRQHSA-N","MTBLS11904"
"IK_KDPFMRXIVDLQKX-ISGXEFFDSA-N","MTBLS11904"
"IK_KDSPLKNONIUZSZ-NGJCXOISSA-N","MTBLS11904"
"IK_KDXKERNSBIXSRK-YFKPBYRVSA-N","MTBLS11904"
"IK_KDYFGRWQOYBRFD-UHFFFAOYSA-N","MTBLS11904"
"IK_KEECCEWTUVWFCV-UHFFFAOYSA-N","MTBLS11904"
"IK_KEFJLCGVTHRGAH-UHFFFAOYSA-N","MTBLS11904"
"IK_KEQHJBNSCLWCAE-UHFFFAOYSA-N","MTBLS11904"
"IK_KEYDJKSQFDUAGF-YIRKRNQHSA-N","MTBLS11904"
"IK_KEYXJLUVVQSLGX-JRTZWYSWSA-N","MTBLS11904"
"IK_KGFGBSRVWKBWIC-UHFFFAOYSA-N","MTBLS11904"
"IK_KGNGTSCIQCLKEH-SYCVNHKBSA-N","MTBLS11904"
"IK_KGPNNIOVWVIXOR-UHFFFAOYSA-N","MTBLS11904"
"IK_KGQYREIAHMZYSA-UHFFFAOYSA-N","MTBLS11904"
"IK_KGQZGCIVHYLPBH-UHFFFAOYSA-N","MTBLS11904"
"IK_KHAVLLBUVKBTBG-UHFFFAOYSA-N","MTBLS11904"
"IK_KHCDPAZLBSPVSE-UHFFFAOYSA-N","MTBLS11904"
"IK_KHLRCNXJXSYNCK-ZIEHFRHMSA-N","MTBLS11904"
"IK_KHPXUQMNIQBQEV-UHFFFAOYSA-N","MTBLS11904"
"IK_KHYYDOVNIFQNTL-DXKRBAIRSA-N","MTBLS11904"
"IK_KIHBGTRZFAVZRV-UHFFFAOYSA-N","MTBLS11904"
"IK_KILNVBDSWZSGLL-UHFFFAOYSA-N","MTBLS11904"
"IK_KISYRRMFQYIIFQ-UHFFFAOYSA-N","MTBLS11904"
"IK_KIWQWJKWBHZMDT-UHFFFAOYSA-N","MTBLS11904"
"IK_KJABUVRFCPPJPD-UHFFFAOYSA-N","MTBLS11904"
"IK_KJHYUSLWTPMFTN-AQWUKCDYSA-N","MTBLS11904"
"IK_KJJPLEZQSCZCKE-UHFFFAOYSA-N","MTBLS11904"
"IK_KJNZIEGLNLCWTQ-KRWDZBQOSA-N","MTBLS11904"
"IK_KJPVZTMEFPUZPC-UYQAEJRRSA-N","MTBLS11904"
"IK_KJUNGQXFZYMUOH-FKWLWHCOSA-N","MTBLS11904"
"IK_KKADPXVIOXHVKN-UHFFFAOYSA-N","MTBLS11904"
"IK_KKCIOUWDFWQUBT-AWEZNQCLSA-N","MTBLS11904"
"IK_KKEYFWRCBNTPAC-UHFFFAOYSA-N","MTBLS11904"
"IK_KKSDGJDHHZEWEP-SNAWJCMRSA-N","MTBLS11904"
"IK_KKUOJZVNLJCTPF-UHFFFAOYSA-N","MTBLS11904"
"IK_KLJFYXOVGVXZKT-CCEZHUSRSA-N","MTBLS11904"
"IK_KLLGGGQNRTVBSU-FQSPHKRJSA-N","MTBLS11904"
"IK_KLSLBUSXWBJMEC-UHFFFAOYSA-N","MTBLS11904"
"IK_KLXACYSQYFWVLM-UHFFFAOYSA-N","MTBLS11904"
"IK_KMDRUUGMNYPPJH-UHFFFAOYSA-N","MTBLS11904"
"IK_KMTRUDSVKNLOMY-UHFFFAOYSA-N","MTBLS11904"
"IK_KMUIHDBETHWZBC-UHFFFAOYSA-N","MTBLS11904"
"IK_KOAPDMKKECXPHX-UHFFFAOYSA-N","MTBLS11904"
"IK_KOCFTADHOAAXFC-UHFFFAOYSA-N","MTBLS11904"
"IK_KOGRJTUIKPMZEJ-KTKRTIGZSA-N","MTBLS11904"
"IK_KORLZEIJSHHTDW-YFKPBYRVSA-N","MTBLS11904"
"IK_KORNTPPJEAJQIU-KJXAQDMKSA-N","MTBLS11904"
"IK_KPGXRSRHYNQIFN-UHFFFAOYSA-N","MTBLS11904"
"IK_KPQMCAKZRXOZLB-KOIHBYQTSA-N","MTBLS11904"
"IK_KPUXJBYSYFEKKB-UHFFFAOYSA-N","MTBLS11904"
"IK_KPWKPGFLZGMMFX-VHSXEESVSA-N","MTBLS11904"
"IK_KQBKJSVYIBRYNQ-KKMFPEKASA-N","MTBLS11904"
"IK_KQXKVJAGOJTNJS-HNNXBMFYSA-N","MTBLS11904"
"IK_KQZRTOGFDRQBSR-UHFFFAOYSA-N","MTBLS11904"
"IK_KRBJOAIDSTYRMG-UHFFFAOYSA-N","MTBLS11904"
"IK_KRHHFPJGGBLAAH-MYBCZMNMSA-N","MTBLS11904"
"IK_KRHRBKYBJXMYBB-WHFBIAKZSA-N","MTBLS11904"
"IK_KRKNYBCHXYNGOX-UHFFFAOYSA-N","MTBLS11904"
"IK_KRVDMABBKYMBHG-UHFFFAOYSA-N","MTBLS11904"
"IK_KSEGSVAXULZZCC-UHFFFAOYSA-N","MTBLS11904"
"IK_KSGZCKSNTAJOJS-DZBMUNJRSA-N","MTBLS11904"
"IK_KSMRODHGGIIXDV-YFKPBYRVSA-N","MTBLS11904"
"IK_KSPIYJQBLVDRRI-UHFFFAOYSA-N","MTBLS11904"
"IK_KSPQDMRTZZYQLM-UHFFFAOYSA-N","MTBLS11904"
"IK_KSUBHIPBMPOXPG-FEBLJDHQSA-N","MTBLS11904"
"IK_KTCOGEGNUCOCON-UHFFFAOYSA-N","MTBLS11904"
"IK_KTOLOIKYVCHRJW-XZMZPDFPSA-N","MTBLS11904"
"IK_KTSUCMSACGPDKE-UHFFFAOYSA-N","MTBLS11904"
"IK_KTXUGZHJVRHQGP-UHFFFAOYSA-N","MTBLS11904"
"IK_KUAZQDVKQLNFPE-UHFFFAOYSA-N","MTBLS11904"
"IK_KUHFPGIVBOCRMV-MNXVOIDGSA-N","MTBLS11904"
"IK_KUVXQAWMEHTXOV-UHFFFAOYSA-N","MTBLS11904"
"IK_KUYNOZVWCFXSNE-BYNIDDHOSA-N","MTBLS11904"
"IK_KUZTVCXICCCQGY-FIFLTTCUSA-N","MTBLS11904"
"IK_KVBGVZZKJNLNJU-UHFFFAOYSA-N","MTBLS11904"
"IK_KVCPIDDKLUDCQJ-UHFFFAOYSA-N","MTBLS11904"
"IK_KVCSJPATKXABRQ-UHFFFAOYSA-N","MTBLS11904"
"IK_KVMOASQARMCFEX-OBEJFMRTSA-N","MTBLS11904"
"IK_KVNPSKDDJARYKK-JTQLQIEISA-N","MTBLS11904"
"IK_KVTFEOAKFFQCCX-UHFFFAOYSA-N","MTBLS11904"
"IK_KVUAQCKXYIJBCP-BUFOXMIFSA-N","MTBLS11904"
"IK_KVXSPXCUAWCXEI-UHFFFAOYSA-N","MTBLS11904"
"IK_KVYNYRIOAYQBFK-AIIPJEMGSA-N","MTBLS11904"
"IK_KWABLUYIOFEZOY-UHFFFAOYSA-N","MTBLS11904"
"IK_KWBQPGIYEZKDEG-FSPLSTOPSA-N","MTBLS11904"
"IK_KWDXKYNWAKMLKK-YQMRQDNGSA-N","MTBLS11904"
"IK_KWGRBVOPPLSCSI-WCBMZHEXSA-N","MTBLS11904"
"IK_KWIUHFFTVRNATP-UHFFFAOYSA-N","MTBLS11904"
"IK_KWNPSWVOZWAPLW-UHFFFAOYSA-N","MTBLS11904"
"IK_KWXICGTUELOLSQ-UHFFFAOYSA-N","MTBLS11904"
"IK_KXGVEGMKQFWNSR-LLQZFEROSA-N","MTBLS11904"
"IK_KXGVEGMKQFWNSR-WFTUMUMQSA-N","MTBLS11904"
"IK_KXIAPDOVNFLKOS-FSBLEZRJSA-N","MTBLS11904"
"IK_KXLSJQTXSAYFDL-VAWYXSNFSA-N","MTBLS11904"
"IK_KYICBZWZQPCUMO-PSALXKTOSA-N","MTBLS11904"
"IK_KZAUOCCYDRDERY-UHFFFAOYSA-N","MTBLS11904"
"IK_KZSNJWFQEVHDMF-BYPYZUCNSA-N","MTBLS11904"
"IK_KZTYPOGXRFTJBN-QUPJTARXSA-N","MTBLS11904"
"IK_KZUXSHYAXPMDNJ-UHFFFAOYSA-N","MTBLS11904"
"IK_KZXGPOLABXFBDK-SCFYABBUSA-N","MTBLS11904"
"IK_LADJWZMBZBVBSB-YEXRKOARSA-N","MTBLS11904"
"IK_LAEIZWJAQRGPDA-CIRFHOKZSA-N","MTBLS11904"
"IK_LAXQYRRMGGEGOH-JXRLJXCWSA-N","MTBLS11904"
"IK_LBGFKUUHOPIEMA-PEARBKPGSA-N","MTBLS11904"
"IK_LCAFGJGYCUMTGS-UHFFFAOYSA-N","MTBLS11904"
"IK_LCHFAYIGHOVWSA-UHFFFAOYSA-N","MTBLS11904"
"IK_LCJRHAPPMIUHLH-UHFFFAOYSA-N","MTBLS11904"
"IK_LCPDWSOZIOUXRV-UHFFFAOYSA-N","MTBLS11904"
"IK_LCPYQJIKPJDLLB-UHFFFAOYSA-N","MTBLS11904"
"IK_LCTONWCANYUPML-UHFFFAOYSA-N","MTBLS11904"
"IK_LDKDGDIWEUUXSH-UHFFFAOYSA-N","MTBLS11904"
"IK_LEBBDRXHHNYZIA-LDUWYPJVSA-N","MTBLS11904"
"IK_LEHOTFFKMJEONL-UHFFFAOYSA-N","MTBLS11904"
"IK_LEILBPMISZFZQK-GFCCVEGCSA-N","MTBLS11904"
"IK_LEQAKWQJCITZNK-AXHKHJLKSA-N","MTBLS11904"
"IK_LFLJTCVAAOWHTD-BHPNAFPPSA-N","MTBLS11904"
"IK_LFPLDCZTCJLLHS-KZJYDNEQSA-N","MTBLS11904"
"IK_LFTRJWKKLPVMNE-RCBQFDQVSA-N","MTBLS11904"
"IK_LFUCRBSGQMAKCO-UHFFFAOYSA-N","MTBLS11904"
"IK_LGHBWDKMGOIZKH-CBZIJGRNSA-N","MTBLS11904"
"IK_LGHZJDKSVUTELU-UHFFFAOYSA-N","MTBLS11904"
"IK_LGOGXWQIQWFWBX-BEEAGPBQSA-N","MTBLS11904"
"IK_LGOQXEQWOCSLEC-CYZBKYQRSA-N","MTBLS11904"
"IK_LGVYUZVANMHKHV-UHFFFAOYSA-N","MTBLS11904"
"IK_LGZSMXJRMTYABD-MDZDMXLPSA-N","MTBLS11904"
"IK_LHEGPXCSOZGQCV-AXQAKGHFSA-N","MTBLS11904"
"IK_LHGVLZHIYVKZBT-UHFFFAOYSA-N","MTBLS11904"
"IK_LHTZUHRNOLWZNI-UHFFFAOYSA-N","MTBLS11904"
"IK_LIFAQMGORKPVDH-UHFFFAOYSA-N","MTBLS11904"
"IK_LIHDYIAAKPQZSN-UHFFFAOYSA-N","MTBLS11904"
"IK_LILXPJXZNJTPQZ-UHFFFAOYSA-N","MTBLS11904"
"IK_LILYSWSASVONIC-UHFFFAOYSA-N","MTBLS11904"
"IK_LITUBCVUXPBCGA-WMZHIEFXSA-N","MTBLS11904"
"IK_LJARBVLDSOWRJT-PSXMRANNSA-N","MTBLS11904"
"IK_LJHGATIVGCLEDO-DCLYHHALSA-N","MTBLS11904"
"IK_LJIFHMULTXIFNU-KAMIUYGRSA-N","MTBLS11904"
"IK_LJIRBXZDQGQUOO-KVTDHHQDSA-N","MTBLS11904"
"IK_LJJHXRRUVASJDX-KRXBUXKQSA-N","MTBLS11904"
"IK_LJOQGZACKSYWCH-LHHVKLHASA-N","MTBLS11904"
"IK_LJTSIMVOOOLKOL-FNRDIUJOSA-N","MTBLS11904"
"IK_LKAFPNQADHUXMM-LURJTMIESA-N","MTBLS11904"
"IK_LKAPTZKZHMOIRE-KVTDHHQDSA-N","MTBLS11904"
"IK_LKDRXBCSQODPBY-VRPWFDPXSA-N","MTBLS11904"
"IK_LKICWTKOZJNCQH-AATRIKPKSA-N","MTBLS11904"
"IK_LKLLJYJTYPVCID-JVVXYUKTSA-N","MTBLS11904"
"IK_LLCPFVIBUZJITJ-GVEMAFOVSA-N","MTBLS11904"
"IK_LLLPDUXGHXIXIW-UHFFFAOYSA-N","MTBLS11904"
"IK_LMAFCBRBDQCUTK-HGDYXINXSA-N","MTBLS11904"
"IK_LMKGFPWGPGBBHF-FVQFVYKESA-N","MTBLS11904"
"IK_LMOUVAHDYFZTCE-UHFFFAOYSA-N","MTBLS11904"
"IK_LNJNFVJKDJYTEU-UHFFFAOYSA-N","MTBLS11904"
"IK_LNQVTSROQXJCDD-KQYNXXCUSA-N","MTBLS11904"
"IK_LOAUVZALPPNFOQ-UHFFFAOYSA-N","MTBLS11904"
"IK_LOHIEGDVOARVPJ-NSCUHMNNSA-N","MTBLS11904"
"IK_LOIYMIARKYCTBW-OWOJBTEDSA-N","MTBLS11904"
"IK_LOJUQFSPYHMHEO-SGHXUWJISA-N","MTBLS11904"
"IK_LOMQONAZKMLAOB-UHFFFAOYSA-N","MTBLS11904"
"IK_LOODYTDRRBLQNH-UHFFFAOYSA-N","MTBLS11904"
"IK_LOWWYYZBZNSPDT-ZBEGNZNMSA-N","MTBLS11904"
"IK_LOYWOYCPSWPKFH-DSNGMDLFSA-N","MTBLS11904"
"IK_LPEPZZAVFJPLNZ-SFHVURJKSA-N","MTBLS11904"
"IK_LPIOYESQKJFWPQ-UHFFFAOYSA-N","MTBLS11904"
"IK_LRFVTYWOQMYALW-UHFFFAOYSA-N","MTBLS11904"
"IK_LRNNBJBAUXSVMH-NHNZYLEHSA-N","MTBLS11904"
"IK_LRQKBLKVPFOOQJ-YFKPBYRVSA-N","MTBLS11904"
"IK_LRTCKJJOUNZFDD-DBHIXKHWSA-N","MTBLS11904"
"IK_LSFLNLHTOKKPHT-UHFFFAOYSA-N","MTBLS11904"
"IK_LSOWKZULVQWMLY-APPDJCNMSA-N","MTBLS11904"
"IK_LSUXCWJOIAWGOU-FTJOPAKQSA-N","MTBLS11904"
"IK_LSVHZFZMMXHHBS-MNBASXMYSA-N","MTBLS11904"
"IK_LTCLZQOHPYRNCF-UHFFFAOYSA-N","MTBLS11904"
"IK_LTEJTIXDTAJBOQ-JHHXISLPSA-N","MTBLS11904"
"IK_LTINZAODLRIQIX-FBXRGJNPSA-N","MTBLS11904"
"IK_LUHMMHZLDLBAKX-DBIGVJDZSA-N","MTBLS11904"
"IK_LUINDDOUWHRIPW-UHFFFAOYSA-N","MTBLS11904"
"IK_LULOGYYPGZOKQW-DUXPYHPUSA-N","MTBLS11904"
"IK_LUMKNAVTFCDUIE-VHXPQNKSSA-N","MTBLS11904"
"IK_LUSZGTFNYDARNI-UHFFFAOYSA-N","MTBLS11904"
"IK_LVCMXFSJTNPFHH-FRCNGJHJSA-N","MTBLS11904"
"IK_LVGKNOAMLMIIKO-QXMHVHEDSA-N","MTBLS11904"
"IK_LVHOURKCKUYIGK-RGUJTQARSA-N","MTBLS11904"
"IK_LVJJEIJOKPHQOU-UHFFFAOYSA-N","MTBLS11904"
"IK_LVNGJLRDBYCPGB-LDLOPFEMSA-N","MTBLS11904"
"IK_LVQDKIWDGQRHTE-UHFFFAOYSA-N","MTBLS11904"
"IK_LVRFTAZAXQPQHI-UHFFFAOYSA-N","MTBLS11904"
"IK_LWWIYCLYWKAKRR-HSUXUTPPSA-N","MTBLS11904"
"IK_LXNHXLLTXMVWPM-UHFFFAOYSA-N","MTBLS11904"
"IK_LXWZWRRIEITWMN-ZUTFDUMMSA-N","MTBLS11904"
"IK_LXYZKMJJLXYZTE-RKQHYHRCSA-N","MTBLS11904"
"IK_LYCIFUKTLFWAKN-BKQFRBNDSA-N","MTBLS11904"
"IK_LYFMZJCIGLZMJF-IRSYNFPBSA-N","MTBLS11904"
"IK_LYMVXFSTACVOLP-UHFFFAOYSA-N","MTBLS11904"
"IK_LYMVXFSTACVOLP-ZFWWWQNUSA-N","MTBLS11904"
"IK_LYRFLYHAGKPMFH-UHFFFAOYSA-N","MTBLS11904"
"IK_LYSGIJUGUGJIPS-ONEGZZNKSA-N","MTBLS11904"
"IK_LZFOPEXOUVTGJS-ONEGZZNKSA-N","MTBLS11904"
"IK_LZLVZIFMYXDKCN-QJWFYWCHSA-N","MTBLS11904"
"IK_LZOSYCMHQXPBFU-UHFFFAOYSA-N","MTBLS11904"
"IK_LZPZPHGJDAGEJZ-AKAIJSEGSA-N","MTBLS11904"
"IK_LZRYNUIYHHQTRL-NBZVOYHKSA-N","MTBLS11904"
"IK_MAAMGQXOTCBPFS-JPGWWKBXSA-N","MTBLS11904"
"IK_MADRIHWFJGRSBP-ROUUACIJSA-N","MTBLS11904"
"IK_MALFODICFSIXPO-KFKQDBFTSA-N","MTBLS11904"
"IK_MALNXHYEPCSPPU-UWVGGRQHSA-N","MTBLS11904"
"IK_MAZWDMBCPDUFDJ-VQHVLOKHSA-N","MTBLS11904"
"IK_MBDKGXAMSZIDKF-VJIACCKLSA-N","MTBLS11904"
"IK_MBJLYSAPIVPYNP-CLFYSBASSA-N","MTBLS11904"
"IK_MBMBGCFOFBJSGT-KUBAVDMBSA-N","MTBLS11904"
"IK_MBMQEIFVQACCCH-XVNBXDOJSA-N","MTBLS11904"
"IK_MBWDCAVWOVBITA-RRQLROBKSA-N","MTBLS11904"
"IK_MCBZSKZRUIWKPM-ANMDKAQQSA-N","MTBLS11904"
"IK_MCFZBCCYOPSZLG-UHFFFAOYSA-N","MTBLS11904"
"IK_MCKLJFJEQRYRQT-APGJSSKUSA-N","MTBLS11904"
"IK_MCYHPZGUONZRGO-VKHMYHEASA-N","MTBLS11904"
"IK_MDCGEAGEQVMWPE-AATRIKPKSA-N","MTBLS11904"
"IK_MDDUIRLQCYVRDO-NHCYSSNCSA-N","MTBLS11904"
"IK_MDIUMSLCYIJBQC-MVFSOIOZSA-N","MTBLS11904"
"IK_MDQKYGOECVSPIW-UHFFFAOYSA-N","MTBLS11904"
"IK_MDSUKZSLOATHMH-UHFFFAOYSA-N","MTBLS11904"
"IK_MDWXOTLIYUYWJP-UHFFFAOYSA-N","MTBLS11904"
"IK_MDZKJHQSJHYOHJ-LLICELPBSA-N","MTBLS11904"
"IK_MEHHPFQKXOUFFV-XDNAFOTISA-N","MTBLS11904"
"IK_MEJPFLKDAHVOFR-CGEJCFONSA-N","MTBLS11904"
"IK_MEZHYUGWUQWXOK-QPPIDDCLSA-N","MTBLS11904"
"IK_MFGALGYVFGDXIX-UHFFFAOYSA-N","MTBLS11904"
"IK_MFIONIMKDOSXCC-SJQSLJDISA-N","MTBLS11904"
"IK_MFNAKLLYSPINFZ-UHFFFAOYSA-N","MTBLS11904"
"IK_MFOCDFTXLCYLKU-CMPLNLGQSA-N","MTBLS11904"
"IK_MFPOOPOMQXUMBS-RWMKFOTHSA-N","MTBLS11904"
"IK_MFXYPCMYAZAZDX-UHFFFAOYSA-N","MTBLS11904"
"IK_MFYFKAXYRXODPL-UHFFFAOYSA-N","MTBLS11904"
"IK_MFYSYFVPBJMHGN-ZPOLXVRWSA-N","MTBLS11904"
"IK_MGFYIUFZLHCRTH-UHFFFAOYSA-N","MTBLS11904"
"IK_MGRVRXRGTBOSHW-UHFFFAOYSA-N","MTBLS11904"
"IK_MGXAKXRVQRODDX-LRSNRTHXSA-N","MTBLS11904"
"IK_MHDRTPJQGBFRLF-HKBYYINESA-N","MTBLS11904"
"IK_MHMUCYJKZUZMNJ-OWOJBTEDSA-N","MTBLS11904"
"IK_MIAKOEWBCMPCQR-GCHJQGSQSA-N","MTBLS11904"
"IK_MICNQLKUSOVNNG-UHFFFAOYSA-N","MTBLS11904"
"IK_MINDHVHHQZYEEK-HBBNESRFSA-N","MTBLS11904"
"IK_MJEQLGCFPLHMNV-UHFFFAOYSA-N","MTBLS11904"
"IK_MJEVTNQRFPLLCH-QECOYPFHSA-N","MTBLS11904"
"IK_MJLXQSQYKZWZCB-AKNKGCNLSA-N","MTBLS11904"
"IK_MJZYBROJFJAPOE-UHFFFAOYSA-N","MTBLS11904"
"IK_MKMUWJJSVUOCQC-DTKYWWSASA-N","MTBLS11904"
"IK_MKYPKZSGLSOGLL-LURJTMIESA-N","MTBLS11904"
"IK_MMAFNNBLJJXUCU-UHFFFAOYSA-N","MTBLS11904"
"IK_MMBIABUYJUHFAK-XRYCYFGJSA-N","MTBLS11904"
"IK_MMCQRJPAMIHLQX-ZOWXZIJZSA-N","MTBLS11904"
"IK_MMFKFJORZBJVNF-UHFFFAOYSA-N","MTBLS11904"
"IK_MMFKFJORZBJVNF-UWVGGRQHSA-N","MTBLS11904"
"IK_MMKRHZKQPFCLLS-UHFFFAOYSA-N","MTBLS11904"
"IK_MMNWSHJJPDXKCH-UHFFFAOYSA-N","MTBLS11904"
"IK_MMOXZBCLCQITDF-UHFFFAOYSA-N","MTBLS11904"
"IK_MNBHSIWWHUIFNM-UHFFFAOYSA-N","MTBLS11904"
"IK_MNEBDCWSYIPUDZ-UHFFFAOYSA-N","MTBLS11904"
"IK_MNLRQHMNZILYPY-MKFCKLDKSA-N","MTBLS11904"
"IK_MNMKDPGRWWQDGI-UHFFFAOYSA-N","MTBLS11904"
"IK_MNNKFDDWOSVWJL-JAWFKQLMSA-N","MTBLS11904"
"IK_MOTZDAYCYVMXPC-UHFFFAOYSA-N","MTBLS11904"
"IK_MPDGHEJMBKOTSU-YKLVYJNSSA-N","MTBLS11904"
"IK_MPSATYYKSWVJNQ-NSZXNXEKSA-N","MTBLS11904"
"IK_MPWUZHVZZKSTPV-MADBQMNMSA-N","MTBLS11904"
"IK_MQEBEBZYRKXMDL-UHFFFAOYSA-N","MTBLS11904"
"IK_MQIUGAXCHLFZKX-UHFFFAOYSA-N","MTBLS11904"
"IK_MQTAVJHICJWXBR-UHFFFAOYSA-N","MTBLS11904"
"IK_MRBKEAMVRSLQPH-UHFFFAOYSA-N","MTBLS11904"
"IK_MROJXXOCABQVEF-UHFFFAOYSA-N","MTBLS11904"
"IK_MRPDHXXPDCVBPQ-AATRIKPKSA-N","MTBLS11904"
"IK_MRRFMOUCAPXWJC-SSCJOAGESA-N","MTBLS11904"
"IK_MRTUWVDDQVMUCR-ACHCNROVSA-N","MTBLS11904"
"IK_MRUAUOIMASANKQ-UHFFFAOYSA-N","MTBLS11904"
"IK_MSCFBKZUOGKJNH-DOWYPDBQSA-N","MTBLS11904"
"IK_MSFSPUZXLOGKHJ-GLPGPYIRSA-N","MTBLS11904"
"IK_MSFSPUZXLOGKHJ-PGYHGBPZSA-N","MTBLS11904"
"IK_MSRVZJWXQUEINS-WAAHFECUSA-N","MTBLS11904"
"IK_MSUMOHDXPKCNSB-CUOJZFFHSA-N","MTBLS11904"
"IK_MSWZFWKMSRAUBD-IVMDWMLBSA-N","MTBLS11904"
"IK_MSYKRHVOOPPJKU-BDAKNGLRSA-N","MTBLS11904"
"IK_MTCFGRXMJLQNBG-REOHCLBHSA-N","MTBLS11904"
"IK_MTJZYEYMGZZYQD-OPMFDOCVSA-N","MTBLS11904"
"IK_MTKNDAQYHASLID-RNFKDHMMSA-N","MTBLS11904"
"IK_MUFCQFFNARPCRX-DAZBTBHLSA-N","MTBLS11904"
"IK_MULVVBYNDZRKPA-XCZWIQLXSA-N","MTBLS11904"
"IK_MUWFEEOSXPAQIY-LQOXNGKESA-N","MTBLS11904"
"IK_MUZOGCSYWJPGRB-UHFFFAOYSA-N","MTBLS11904"
"IK_MVFGUOIZUNYYSO-UHFFFAOYSA-N","MTBLS11904"
"IK_MVKVCCFLYCXSGW-KMCFPEAVSA-N","MTBLS11904"
"IK_MVOYJPOZRLFTCP-UHFFFAOYSA-N","MTBLS11904"
"IK_MVPPADPHJFYWMZ-UHFFFAOYSA-N","MTBLS11904"
"IK_MVVPIAAVGAWJNQ-CGRWFSSPSA-N","MTBLS11904"
"IK_MVYUVUOSXNYQLL-UHFFFAOYSA-N","MTBLS11904"
"IK_MWBWWFOAEOYUST-UHFFFAOYSA-N","MTBLS11904"
"IK_MWOOGOJBHIARFG-UHFFFAOYSA-N","MTBLS11904"
"IK_MXAFDFDAIFZFET-QIEOIKHQSA-N","MTBLS11904"
"IK_MXDRPNGTQDRKQM-UHFFFAOYSA-N","MTBLS11904"
"IK_MXNRLFUSFKVQSK-UHFFFAOYSA-N","MTBLS11904"
"IK_MXRPNYMMDLFYDL-YFKPBYRVSA-N","MTBLS11904"
"IK_MXWDHKDTQAPDQD-INBLFIHXSA-N","MTBLS11904"
"IK_MXXWOMGUGJBKIW-YPCIICBESA-N","MTBLS11904"
"IK_MYEJFUXQJGHEQK-ALRJYLEOSA-N","MTBLS11904"
"IK_MYFMARDICOWMQP-YUMQZZPRSA-N","MTBLS11904"
"IK_MYVYPSWUSKCCHG-UHFFFAOYSA-N","MTBLS11904"
"IK_MYWAIWDQTCHPTH-LJAIZBFVSA-N","MTBLS11904"
"IK_MZSJQKKCFOSWBW-VJIACCKLSA-N","MTBLS11904"
"IK_NAIPAPCKKRCMBL-JYJNAYRXSA-N","MTBLS11904"
"IK_NANHIUZYPFDGJS-UHFFFAOYSA-N","MTBLS11904"
"IK_NBIIXXVUZAFLBC-UHFFFAOYSA-K","MTBLS11904"
"IK_NBSCHQHZLSJFNQ-QTVWNMPRSA-N","MTBLS11904"
"IK_NBYHNBHEHIKVDS-CNFNJSKASA-N","MTBLS11904"
"IK_NCBOXCFFSWALMZ-XTNBEGJDSA-N","MTBLS11904"
"IK_NCEQLLNVRRTCKJ-UHFFFAOYSA-N","MTBLS11904"
"IK_NCGLTZSBTFVVAW-KNXRZYMVSA-N","MTBLS11904"
"IK_NCVXEYAKRVJMTQ-UHFFFAOYSA-N","MTBLS11904"
"IK_NDAUXUAQIAJITI-UHFFFAOYSA-N","MTBLS11904"
"IK_NDBRCNIXDRLLSE-GSUBHOBPSA-N","MTBLS11904"
"IK_NDEFPWCNVUSOMM-ARZPVTGOSA-N","MTBLS11904"
"IK_NDLCPYLJACQPTP-XBLVEGMJSA-N","MTBLS11904"
"IK_NDPWMVKNLXIMLF-KIYNQFGBSA-N","MTBLS11904"
"IK_NDQCVBYVTMEEQZ-RXQYGXENSA-N","MTBLS11904"
"IK_NDSZHILVESJDPU-NZRYSPDRSA-N","MTBLS11904"
"IK_NDYMQXYDSVBNLL-MUYMLXPFSA-N","MTBLS11904"
"IK_NEGQHKSYEYVFTD-HSZRJFAPSA-N","MTBLS11904"
"IK_NELZMZLNTYWIPD-MLBSDYKWSA-N","MTBLS11904"
"IK_NESRXFGQJARQNM-OWYFMNJBSA-N","MTBLS11904"
"IK_NFJTYOOTXIAZGM-CPRJBALCSA-N","MTBLS11904"
"IK_NFNVDJGXRFEYTK-UHFFFAOYSA-N","MTBLS11904"
"IK_NFOMHWALMFWNAQ-UHFFFAOYSA-N","MTBLS11904"
"IK_NFXHRONXTSUXIR-PUKZTNJRSA-N","MTBLS11904"
"IK_NFZKLQHAALLDRG-UINNZVLTSA-N","MTBLS11904"
"IK_NGBBVGZWCFBOGO-UHFFFAOYSA-N","MTBLS11904"
"IK_NGCXIFFZXAZRAF-UHFFFAOYSA-M","MTBLS11904"
"IK_NGHNCQYFTPFRAD-UHFFFAOYSA-N","MTBLS11904"
"IK_NGHVIOIJCVXTGV-ALEPSDHESA-N","MTBLS11904"
"IK_NGPDZEACIWDCKX-WUDKWMPASA-N","MTBLS11904"
"IK_NGSWBLPYWNRZHV-FUJSRDAWSA-N","MTBLS11904"
"IK_NGSWKAQJJWESNS-ZZXKWVIFSA-N","MTBLS11904"
"IK_NGZXDRGWBULKFA-WUFINQPMSA-N","MTBLS11904"
"IK_NHAJHKARKKFXMR-UHFFFAOYSA-N","MTBLS11904"
"IK_NHKZSTHOYNWEEZ-AFCXAGJDSA-N","MTBLS11904"
"IK_NHTGHBARYWONDQ-JTQLQIEISA-N","MTBLS11904"
"IK_NICDFCNOCPZHTJ-LXGSHKTASA-N","MTBLS11904"
"IK_NIDNHJFXEWZXLZ-VGVQALKYSA-N","MTBLS11904"
"IK_NIDVTARKFBZMOT-PEBGCTIMSA-N","MTBLS11904"
"IK_NIGWMJHCCYYCSF-UHFFFAOYSA-N","MTBLS11904"
"IK_NIOYUNMRJMEDGI-UHFFFAOYSA-N","MTBLS11904"
"IK_NISGSNTVMOOSJQ-UHFFFAOYSA-N","MTBLS11904"
"IK_NISPVUDLMHQFRQ-MKIKIEMVSA-N","MTBLS11904"
"IK_NITMRIAAAKECLS-IZZDOVSWSA-N","MTBLS11904"
"IK_NIXOWILDQLNWCW-UHFFFAOYSA-N","MTBLS11904"
"IK_NJCXGFKPQSFZIB-RRKCRQDMSA-N","MTBLS11904"
"IK_NJHKGJJIKOCCMZ-YMIVKDKMSA-N","MTBLS11904"
"IK_NKDFYOWSKOHCCO-WRDNMVOESA-N","MTBLS11904"
"IK_NKFNBVMJTSYZDV-UHFFFAOYSA-N","MTBLS11904"
"IK_NKRLKOMBOSWILK-PLACYPQZSA-N","MTBLS11904"
"IK_NLLMJANWPUQQTA-SPUZQDLCSA-N","MTBLS11904"
"IK_NLMDZXKCTWKRSQ-IBISWUOJSA-N","MTBLS11904"
"IK_NLPBBNGDXNHAJP-AATRIKPKSA-N","MTBLS11904"
"IK_NLRKCXQQSUWLCH-UHFFFAOYSA-N","MTBLS11904"
"IK_NLUNAYAEIJYXRB-HEJOTXCHSA-N","MTBLS11904"
"IK_NMDWGEGFJUBKLB-UHFFFAOYSA-N","MTBLS11904"
"IK_NMDWGEGFJUBKLB-YFKPBYRVSA-N","MTBLS11904"
"IK_NMEZJSDUZQOPFE-UHFFFAOYSA-N","MTBLS11904"
"IK_NMGVHLDIHNFGQB-ZGLWHBDZSA-N","MTBLS11904"
"IK_NMHMNPHRMNGLLB-UHFFFAOYSA-N","MTBLS11904"
"IK_NNAIYOXJNVGUOM-UHFFFAOYSA-N","MTBLS11904"
"IK_NNEIBJNHWVDJBA-GYSLYLNXSA-N","MTBLS11904"
"IK_NNIGBOAAXZMMQM-DTQAZKPQSA-N","MTBLS11904"
"IK_NNLLMULULOBXBY-PLNGDYQASA-N","MTBLS11904"
"IK_NNNVXFKZMRGJPM-KHPPLWFESA-N","MTBLS11904"
"IK_NNULBSISHYWZJU-LLKWHZGFSA-N","MTBLS11904"
"IK_NODSEPOUFZPJEQ-UHFFFAOYSA-N","MTBLS11904"
"IK_NOKPBJYHPHHWAN-REOHCLBHSA-N","MTBLS11904"
"IK_NPDLYUOYAGBHFB-WDSKDSINSA-N","MTBLS11904"
"IK_NPDSHTNEKLQQIJ-UHFFFAOYSA-N","MTBLS11904"
"IK_NPDSHTNEKLQQIJ-UINYOVNOSA-N","MTBLS11904"
"IK_NPDTUDWGJMBVEP-UHFFFAOYSA-N","MTBLS11904"
"IK_NPQJTPHMCZYCNP-UHFFFAOYSA-N","MTBLS11904"
"IK_NQAHWJIWYRYXFP-UHFFFAOYSA-N","MTBLS11904"
"IK_NQDAYVPCMIYPCA-UHFFFAOYSA-N","MTBLS11904"
"IK_NQOMZUZLRFQVLR-UHFFFAOYSA-N","MTBLS11904"
"IK_NQRYJNQNLNOLGT-UHFFFAOYSA-N","MTBLS11904"
"IK_NRBFOSKZAWRBJI-KRWDZBQOSA-N","MTBLS11904"
"IK_NRZWYNLTFLDQQX-UHFFFAOYSA-N","MTBLS11904"
"IK_NSHPHXHGRHSMIK-JRIKCGFMSA-N","MTBLS11904"
"IK_NSTCJQZTKVQBIU-UHFFFAOYSA-N","MTBLS11904"
"IK_NSVPCFNUUARRKL-CSKARUKUSA-N","MTBLS11904"
"IK_NSYSSMYQPLSPOD-UHFFFAOYSA-N","MTBLS11904"
"IK_NTFDCJZOSZKJBK-MINGAGCFSA-N","MTBLS11904"
"IK_NTNWOCRCBQPEKQ-YFKPBYRVSA-N","MTBLS11904"
"IK_NTVFQBIHLSPEGQ-BUHFOSPRSA-N","MTBLS11904"
"IK_NUJGJRNETVAIRJ-UHFFFAOYSA-N","MTBLS11904"
"IK_NURCPIMQAUMKKZ-FZOQRHEPSA-N","MTBLS11904"
"IK_NUZWLKWWNNJHPT-UHFFFAOYSA-N","MTBLS11904"
"IK_NWGKJDSIEKMTRX-MDZDMXLPSA-N","MTBLS11904"
"IK_NWGZOALPWZDXNG-UHFFFAOYNA-N","MTBLS11904"
"IK_NWIUTZDMDHAVTP-UHFFFAOYSA-N","MTBLS11904"
"IK_NWVJXHCRPZDUPG-WYGAFBEVSA-N","MTBLS11904"
"IK_NWWJFMCCTZLKNT-UHFFFAOYSA-N","MTBLS11904"
"IK_NXJAXUYOQLTISD-SECBINFHSA-N","MTBLS11904"
"IK_NXJAXUYOQLTISD-UHFFFAOYSA-N","MTBLS11904"
"IK_NXJDPFSYOMFVES-SUTPNROZSA-N","MTBLS11904"
"IK_NXJSQJIGCCIMAE-ORIYTCASSA-N","MTBLS11904"
"IK_NXYCBMGKNCJXIC-CNEMSGBDSA-N","MTBLS11904"
"IK_NYLNHNDMNOPWAZ-ZLEFDVGRSA-N","MTBLS11904"
"IK_NYPJDWWKZLNGGM-UHFFFAOYSA-N","MTBLS11904"
"IK_NYRDUZVMRXFKRA-KCHFORSBSA-N","MTBLS11904"
"IK_NZKKXAGORRATJB-UHFFFAOYSA-N","MTBLS11904"
"IK_NZKRYJGNYPYXJZ-UHFFFAOYSA-N","MTBLS11904"
"IK_NZNMSOFKMUBTKW-UHFFFAOYSA-N","MTBLS11904"
"IK_NZNWCYFBFHHMLM-UHFFFAOYSA-N","MTBLS11904"
"IK_NZSAHCYFUVNLPX-UHFFFAOYSA-N","MTBLS11904"
"IK_NZUIUYWHFPQZBH-HXCATZOESA-N","MTBLS11904"
"IK_NZUPCNDJBJXXRF-UHFFFAOYSA-O","MTBLS11904"
"IK_NZXKDOXHBHYTKP-UHFFFAOYSA-N","MTBLS11904"
"IK_OAKGNIRUXAZDQF-TXHRRWQRSA-N","MTBLS11904"
"IK_OALYTRUKMRCXNH-UHFFFAOYSA-N","MTBLS11904"
"IK_OAORYCZPERQARS-VIFPVBQESA-N","MTBLS11904"
"IK_OAQGPAZDRCBBLD-YTCWWFNZSA-N","MTBLS11904"
"IK_OBFSLMQLPNKVRW-RHPAUOISSA-N","MTBLS11904"
"IK_OBHRVMZSZIDDEK-UHFFFAOYSA-N","MTBLS11904"
"IK_OBSIPTVJSOCDLZ-UHFFFAOYSA-N","MTBLS11904"
"IK_OBXKICUTIJDFHI-WMXQMYKUSA-N","MTBLS11904"
"IK_OCALSPDXYQHUHA-FNORWQNLSA-N","MTBLS11904"
"IK_OCEZPDBEDULORM-UHFFFAOYSA-N","MTBLS11904"
"IK_OCKPCBLVNKHBMX-UHFFFAOYSA-N","MTBLS11904"
"IK_ODAIHABQVKJNIY-PEDHHIEDSA-N","MTBLS11904"
"IK_ODBLHEXUDAPZAU-UHFFFAOYSA-N","MTBLS11904"
"IK_ODBLHEXUDAPZAU-ZAFYKAAXSA-N","MTBLS11904"
"IK_ODHCTXKNWHHXJC-GSVOUGTGSA-N","MTBLS11904"
"IK_ODHCTXKNWHHXJC-VKHMYHEASA-N","MTBLS11904"
"IK_ODKYYBOHSVLGNU-UHFFFAOYSA-N","MTBLS11904"
"IK_ODVPGHBKUZXZJN-PWWCDPQYSA-N","MTBLS11904"
"IK_ODXVXZSLYPJSLI-AATRIKPKSA-N","MTBLS11904"
"IK_OEBGQVIRXPDBGY-UHFFFAOYSA-N","MTBLS11904"
"IK_OECTYKWYRCHAKR-UHFFFAOYSA-N","MTBLS11904"
"IK_OEDAQCLCHGASNH-UHFFFAOYSA-N","MTBLS11904"
"IK_OEHVJXBNLPHFCT-UHFFFAOYSA-N","MTBLS11904"
"IK_OEKUSRBIIZNLHZ-DJDNIQJZSA-N","MTBLS11904"
"IK_OENIAPNUBVAGPG-YKEUAMLNSA-N","MTBLS11904"
"IK_OFCNTYBPPAQCRE-UHFFFAOYSA-N","MTBLS11904"
"IK_OFPGGYKTROURFO-UCCAZXFESA-N","MTBLS11904"
"IK_OFRYBPCSEMMZHR-UHFFFAOYSA-N","MTBLS11904"
"IK_OGGVRVMISBQNMQ-YPBSLCSMSA-N","MTBLS11904"
"IK_OGQICQVSFDPSEI-UHFFFAOYSA-N","MTBLS11904"
"IK_OHLQBKZXSJYBMK-UHFFFAOYSA-N","MTBLS11904"
"IK_OHZYISZWOVEBCJ-ATLCLBDSSA-N","MTBLS11904"
"IK_OIFXLYCBBBXCIB-UHFFFAOYSA-N","MTBLS11904"
"IK_OIOFPHGTOUDKAJ-UHFFFAOYSA-N","MTBLS11904"
"IK_OISFHODBOQNZAG-IAGOWNOFSA-N","MTBLS11904"
"IK_OJXQLGQIDIPMTE-UHFFFAOYSA-N","MTBLS11904"
"IK_OJYLAHXKWMRDGS-UHFFFAOYSA-N","MTBLS11904"
"IK_OKKOTEXYXPSGMF-VDRIIYAVSA-N","MTBLS11904"
"IK_OKRJGUKZYSEUOY-UHFFFAOYSA-N","MTBLS11904"
"IK_OKYHUOHBRKWCQJ-FTJYXMLISA-N","MTBLS11904"
"IK_OKYHUOHBRKWCQJ-UUEXCLNXSA-N","MTBLS11904"
"IK_OLAOWMDKXPIITQ-UHFFFAOYSA-N","MTBLS11904"
"IK_OLBNOBQOQZRLMP-UHFFFAOYSA-N","MTBLS11904"
"IK_OLNJUISKUQQNIM-UHFFFAOYSA-N","MTBLS11904"
"IK_OLVZVPBWPSBRNF-UHFFFAOYSA-N","MTBLS11904"
"IK_OLXZPDWKRNYJJZ-RRKCRQDMSA-N","MTBLS11904"
"IK_OMHUCGDTACNQEX-OSHKXICASA-N","MTBLS11904"
"IK_OMISYDASOKPVDK-UHFFFAOYSA-N","MTBLS11904"
"IK_OMLWNBVRVJYMBQ-YUMQZZPRSA-N","MTBLS11904"
"IK_OMMZVRQHBRAUHL-UHFFFAOYSA-N","MTBLS11904"
"IK_OMYMRCXOJJZYKE-UHFFFAOYSA-N","MTBLS11904"
"IK_ONFOSYPQQXJWGS-UHFFFAOYSA-N","MTBLS11904"
"IK_ONIBWKKTOPOVIA-BYPYZUCNSA-N","MTBLS11904"
"IK_ONJQDTZCDSESIW-UHFFFAOYSA-N","MTBLS11904"
"IK_ONJSZLXSECQROL-UHFFFAOYSA-N","MTBLS11904"
"IK_ONPDTSFZAIWMDI-AVGNSLFASA-N","MTBLS11904"
"IK_ONWMQORSVZYVNH-UHFFFAOYSA-N","MTBLS11904"
"IK_ONYIYPVBLNPMLB-UHFFFAOYSA-N","MTBLS11904"
"IK_OOBHFESNSZDWIU-UHFFFAOYSA-N","MTBLS11904"
"IK_OPEGYZAATHKDEM-HCWXCVPCSA-N","MTBLS11904"
"IK_OPKOKAMJFNKNAS-UHFFFAOYSA-N","MTBLS11904"
"IK_OPQNCARIZFLNLF-JBHFWYGFSA-N","MTBLS11904"
"IK_OPTASPLRGRRNAP-UHFFFAOYSA-N","MTBLS11904"
"IK_OPXYKICHKIQGOV-UPHRSURJSA-N","MTBLS11904"
"IK_OQOOVTUAIDXHMC-KCWQRWSDSA-N","MTBLS11904"
"IK_OQYZCCKCJQWHIE-UHFFFAOYSA-N","MTBLS11904"
"IK_OQZCSNDVOWYALR-UHFFFAOYSA-N","MTBLS11904"
"IK_OQZSGNGSHMDCAR-UHFFFAOYSA-N","MTBLS11904"
"IK_ORDAZKGHSNRHTD-UXHICEINSA-N","MTBLS11904"
"IK_OROAFUQRIXKEMV-LDADJPATSA-N","MTBLS11904"
"IK_OROGUZVNAFJPHA-UHFFFAOYSA-N","MTBLS11904"
"IK_ORQXBVXKBGUSBA-UHFFFAOYSA-N","MTBLS11904"
"IK_ORTIQSICVORWBJ-UHFFFAOYSA-N","MTBLS11904"
"IK_ORVQWHLMVLOZPX-ZZXKWVIFSA-N","MTBLS11904"
"IK_ORXKASWXOVPKDV-UBWBUNFISA-N","MTBLS11904"
"IK_OSCCDBFHNMXNME-UHFFFAOYSA-N","MTBLS11904"
"IK_OSCJFAHVJDDMFL-UHFFFAOYSA-N","MTBLS11904"
"IK_OSICWVVWEXKSBD-LFAYTRTRSA-N","MTBLS11904"
"IK_OSJPPGNTCRNQQC-UHFFFAOYSA-N","MTBLS11904"
"IK_OSWPMRLSEDHDFF-UHFFFAOYSA-N","MTBLS11904"
"IK_OTBMMWCXBVNALT-AMOZBRKMSA-N","MTBLS11904"
"IK_OTCSBULKTTUVHL-XXSKBKDCSA-N","MTBLS11904"
"IK_OTDARJOVCLILGQ-FPLPWBNLSA-N","MTBLS11904"
"IK_OTDJZUJMXXNTKV-FENLDCAOSA-N","MTBLS11904"
"IK_OTKJDMGTUTTYMP-QZTJIDSGSA-N","MTBLS11904"
"IK_OTKJDMGTUTTYMP-ZWKOTPCHSA-N","MTBLS11904"
"IK_OTTXIFWBPRRYOG-UHFFFAOYSA-N","MTBLS11904"
"IK_OUAPULXYUWUOHW-UHFFFAOYSA-N","MTBLS11904"
"IK_OUDSFQBUEBFSPS-UHFFFAOYSA-N","MTBLS11904"
"IK_OUEUPCHAIFZTKH-LSWZYRHBSA-N","MTBLS11904"
"IK_OUICDHFBMJCDTL-GHRIWEEISA-N","MTBLS11904"
"IK_OUYCCCASQSFEME-QMMMGPOBSA-N","MTBLS11904"
"IK_OVBKVWSHXDCSTK-UHFFFAOYSA-N","MTBLS11904"
"IK_OVBOQVAIYMSUDT-HRYGCDPOSA-N","MTBLS11904"
"IK_OVCDSSHSILBFBN-UHFFFAOYSA-N","MTBLS11904"
"IK_OVMSOCFBDVBLFW-VHLOTGQHSA-N","MTBLS11904"
"IK_OVOCLWJUABOAPL-UHFFFAOYSA-N","MTBLS11904"
"IK_OVRNDRQMDRJTHS-JAJWTYFOSA-N","MTBLS11904"
"IK_OWFJMIVZYSDULZ-PXOLEDIWSA-N","MTBLS11904"
"IK_OWTJVZIKRRJXGS-MAEXYVIMSA-N","MTBLS11904"
"IK_OXBFEJBBKCRANO-SANMLTNESA-N","MTBLS11904"
"IK_OXENLKNOBTVOJA-JLNKQSITSA-N","MTBLS11904"
"IK_OXSYGCRLQCGSAQ-UHFFFAOYSA-N","MTBLS11904"
"IK_OXUGTFWFXADACU-PXNASSMWSA-N","MTBLS11904"
"IK_OXVFDZYQLGRLCD-UHFFFAOYSA-N","MTBLS11904"
"IK_OXVUXGFZHDKYLS-QUFHAEKXSA-N","MTBLS11904"
"IK_OYDCCWNLILCHDJ-ZZXKWVIFSA-N","MTBLS11904"
"IK_OYIFNHCXNCRBQI-UHFFFAOYSA-N","MTBLS11904"
"IK_OYPPJMLKAYYWHH-NXJDUNGTSA-N","MTBLS11904"
"IK_OZIOWHWTZWIMCZ-MPUPURDASA-N","MTBLS11904"
"IK_OZJPLYNZGCXSJM-UHFFFAOYSA-N","MTBLS11904"
"IK_OZLOIIJWJZXAQV-YUDAYSKTSA-N","MTBLS11904"
"IK_OZOMQRBLCMDCEG-VIZOYTHASA-N","MTBLS11904"
"IK_PADNECYMNLPKRN-UHFFFAOYSA-N","MTBLS11904"
"IK_PAHMCFUSNIRFHK-UKPQPXGPSA-N","MTBLS11904"
"IK_PAJPWUMXBYXFCZ-UHFFFAOYSA-N","MTBLS11904"
"IK_PALVOIADDFXQGT-HZJYTTRNSA-N","MTBLS11904"
"IK_PANDRCFROUDETH-YLSOAJEOSA-N","MTBLS11904"
"IK_PAPBSGBWRJIAAV-UHFFFAOYSA-N","MTBLS11904"
"IK_PAXWQORCRCBOCU-LURJTMIESA-N","MTBLS11904"
"IK_PBBWIAQSYZNWPA-UHFFFAOYSA-N","MTBLS11904"
"IK_PBGMJEFISXYLCY-UHFFFAOYSA-N","MTBLS11904"
"IK_PCBVVHMKRNVSDR-YJNXUYHJSA-N","MTBLS11904"
"IK_PCXDJQZLDDHMGX-UHFFFAOYSA-N","MTBLS11904"
"IK_PDIGSOAOQOXRDU-WJPZTBRDSA-N","MTBLS11904"
"IK_PDLAMJKMOKWLAJ-PVPULFMTSA-N","MTBLS11904"
"IK_PDLPZZHYCMXDCF-UHFFFAOYSA-N","MTBLS11904"
"IK_PDNJLMZEGXHSCU-UHFFFAOYSA-N","MTBLS11904"
"IK_PDWIQYODPROSQH-PYHARJCCSA-N","MTBLS11904"
"IK_PEHSVUKQDJULKE-UHFFFAOYSA-N","MTBLS11904"
"IK_PEJGMBUENJSLLH-RHAKMSQVSA-N","MTBLS11904"
"IK_PETDNGRBYPTDNI-QSNWBFGMSA-N","MTBLS11904"
"IK_PEYTUVXFLCCGCC-FENHPFPBSA-N","MTBLS11904"
"IK_PFBSCCSBALRLEC-CDJQDVQCSA-N","MTBLS11904"
"IK_PFDUUKDQEHURQC-UHFFFAOYSA-N","MTBLS11904"
"IK_PFDUUKDQEHURQC-ZETCQYMHSA-N","MTBLS11904"
"IK_PFTAWBLQPZVEMU-AFYYWNPRSA-N","MTBLS11904"
"IK_PFURGBBHAOXLIO-UHFFFAOYSA-N","MTBLS11904"
"IK_PFWLFWPASULGAN-UHFFFAOYSA-N","MTBLS11904"
"IK_PGFGQDBBWSVMED-AVQMFFATSA-N","MTBLS11904"
"IK_PGFGQERXTDRVHO-SVHMSXJUSA-N","MTBLS11904"
"IK_PHBYJTASVSXTSS-QKMQXXATSA-N","MTBLS11904"
"IK_PHENTZNALBMCQD-UHFFFAOYSA-N","MTBLS11904"
"IK_PHERGCZDWYMUOF-DEOSSOPVSA-N","MTBLS11904"
"IK_PHIQHXFUZVPYII-ZCFIWIBFSA-N","MTBLS11904"
"IK_PHMBVCPLDPDESM-FKSUSPILSA-N","MTBLS11904"
"IK_PHMBVCPLDPDESM-GHNGIAPOSA-N","MTBLS11904"
"IK_PHTAMEFBOLJOPU-VQJSHJPSSA-N","MTBLS11904"
"IK_PHYYADMVYQURSX-GHXNOFRVSA-M","MTBLS11904"
"IK_PIJVFDBKTWXHHD-HIFRSBDPSA-N","MTBLS11904"
"IK_PITVQFJBUFDJDD-XEGUGMAKSA-N","MTBLS11904"
"IK_PIUZYOCNZPYXOA-ZHHJOTBYSA-N","MTBLS11904"
"IK_PIXFHVWJOVNKQK-CJWOFWMHSA-N","MTBLS11904"
"IK_PIYTUGMLAKPQKI-OMQYJPGKSA-N","MTBLS11904"
"IK_PJANXHGTPQOBST-UHFFFAOYSA-N","MTBLS11904"
"IK_PKDTXFWHZWYNAH-UHFFFAOYSA-N","MTBLS11904"
"IK_PKIYFBICNICNGJ-UHFFFAOYSA-N","MTBLS11904"
"IK_PKSATBKOULRIBB-PYCGOTNYSA-N","MTBLS11904"
"IK_PKSJDCCFDXWPLW-UHFFFAOYSA-N","MTBLS11904"
"IK_PKXWXXPNHIWQHW-RCBQFDQVSA-N","MTBLS11904"
"IK_PLHJDBGFXBMTGZ-WEVVVXLNSA-N","MTBLS11904"
"IK_PLNJUBIUGVATKW-SNAWJCMRSA-N","MTBLS11904"
"IK_PLOUQIGEQKCKHG-UHFFFAOYSA-N","MTBLS11904"
"IK_PLSQMGZYOGSOCE-XINAWCOVSA-N","MTBLS11904"
"IK_PMIHTPDPPVPUIV-UHFFFAOYSA-N","MTBLS11904"
"IK_PMKQSEYPLQIEAY-YWNRKNDBSA-N","MTBLS11904"
"IK_PMMYEEVYMWASQN-DMTCNVIQSA-N","MTBLS11904"
"IK_PMOWTIHVNWZYFI-AATRIKPKSA-N","MTBLS11904"
"IK_PMTMAFAPLCGXGK-JMTMCXQRSA-N","MTBLS11904"
"IK_PMZDQRJGMBOQBF-UHFFFAOYSA-N","MTBLS11904"
"IK_PNEJUHLZEPRMHF-UHFFFAOYSA-N","MTBLS11904"
"IK_PNFUIOJRSUFFPH-VYFLHTJVSA-N","MTBLS11904"
"IK_PNHLMHWWFOPQLK-BKUUWRAGSA-N","MTBLS11904"
"IK_PNKLMTPXERFKEN-MLXHEQMXSA-N","MTBLS11904"
"IK_PNQYAMWGTGWJDW-UHFFFAOYSA-N","MTBLS11904"
"IK_PNZJCTOIJIYXNH-QVLAUCSVSA-N","MTBLS11904"
"IK_PORXCRSLPBANJT-UHFFFAOYSA-N","MTBLS11904"
"IK_POUITAHNNRJWMA-UHFFFAOYSA-N","MTBLS11904"
"IK_POULHZVOKOAJMA-UHFFFAOYSA-N","MTBLS11904"
"IK_PPFRJNLKWADOTL-WOGJWQOOSA-N","MTBLS11904"
"IK_PPRBNBYLZZFTRZ-PSALXKTOSA-N","MTBLS11904"
"IK_PQKFUDVFSOEHDQ-KBBGFLFPSA-N","MTBLS11904"
"IK_PQMUUZGBMZBJSD-KNFYMXGFSA-N","MTBLS11904"
"IK_PQNASZJZHFPQLE-LURJTMIESA-N","MTBLS11904"
"IK_PRDZVHCOEWJPOB-IVMDWMLBSA-N","MTBLS11904"
"IK_PRFXRIUZNKLRHM-HKVRTXJWSA-N","MTBLS11904"
"IK_PRGQOPPDPVELEG-UHFFFAOYSA-N","MTBLS11904"
"IK_PRXCKJGVECBOID-WXGDJGGUSA-N","MTBLS11904"
"IK_PSBIAPQFYNFRKH-FXJJMODTSA-N","MTBLS11904"
"IK_PSHXNVGSVNEJBD-LJQANCHMSA-N","MTBLS11904"
"IK_PSLSTUMPZILTAH-BYULHYEWSA-N","MTBLS11904"
"IK_PTBQWWHUOMDVFS-UHFFFAOYSA-N","MTBLS11904"
"IK_PTGGMPLMNDBPGB-CXISOLTFSA-N","MTBLS11904"
"IK_PTIDGSWTMLSGAH-UHFFFAOYSA-N","MTBLS11904"
"IK_PTJWIQPHWPFNBW-GBNDHIKLSA-N","MTBLS11904"
"IK_PTKSEFOSCHHMPD-UHFFFAOYSA-N","MTBLS11904"
"IK_PTOJXIKSKSASRB-UHFFFAOYSA-O","MTBLS11904"
"IK_PUEDDPCUCPRQNY-ZYUZMQFOSA-N","MTBLS11904"
"IK_PUQIRTNPJRFRCZ-UHFFFAOYSA-N","MTBLS11904"
"IK_PUYXTUJWRLOUCW-UHFFFAOYSA-N","MTBLS11904"
"IK_PVKSNHVPLWYQGJ-CPTYKQRNSA-N","MTBLS11904"
"IK_PVNIIMVLHYAWGP-UHFFFAOYSA-N","MTBLS11904"
"IK_PWAKELUEEHWVFQ-UHFFFAOYSA-L","MTBLS11904"
"IK_PWFTYELYTFERRB-VPTTUCOCSA-N","MTBLS11904"
"IK_PWGFIVDGCMQGCD-CCMQFXHASA-N","MTBLS11904"
"IK_PWKSKIMOESPYIA-BYPYZUCNSA-N","MTBLS11904"
"IK_PWSKCIUNCJJBIX-RXDOKCLVSA-N","MTBLS11904"
"IK_PXGPLTODNUVGFL-NAPLMKITSA-N","MTBLS11904"
"IK_PXVMEXBCFJTGCL-RCHUDCCISA-N","MTBLS11904"
"IK_PXWLVJLKJGVOKE-UHFFFAOYSA-N","MTBLS11904"
"IK_PXWMAVXORZYSKF-KLMYNGQASA-N","MTBLS11904"
"IK_PYGSKMBEVAICCR-UHFFFAOYSA-N","MTBLS11904"
"IK_PYINVOHSOZSEPB-DKGLCQEFSA-N","MTBLS11904"
"IK_PYLPANOYZCSFOX-UCIVWCSPSA-N","MTBLS11904"
"IK_PYUSHNKNPOHWEZ-YFKPBYRVSA-N","MTBLS11904"
"IK_PYUXYCIEXJYNLI-AMHUYZMWSA-O","MTBLS11904"
"IK_PYVRVRFVLRNJLY-MZMPXXGTSA-N","MTBLS11904"
"IK_PYZZIILDSAJNLZ-QZNPSGCDSA-N","MTBLS11904"
"IK_PZPIQUZUJADGQZ-NSCUHMNNSA-N","MTBLS11904"
"IK_PZRFVAHZNWPPAC-VBKSFVIKSA-N","MTBLS11904"
"IK_PZSJOBKRSVRODF-UHFFFAOYSA-N","MTBLS11904"
"IK_PZTGRDMCBZUJDL-UHFFFAOYSA-N","MTBLS11904"
"IK_QADHLRWLCPCEKT-LOVVWNRFSA-N","MTBLS11904"
"IK_QAIPRVGONGVQAS-UHFFFAOYSA-N","MTBLS11904"
"IK_QASOACWKTAXFSE-AATRIKPKSA-N","MTBLS11904"
"IK_QBILRDAMJUPXCX-PDSBPYSYSA-N","MTBLS11904"
"IK_QBMSTEZXAMABFF-UEARNRKISA-N","MTBLS11904"
"IK_QBMYYTXUDRARHD-SFYZADRCSA-N","MTBLS11904"
"IK_QBSJMKIUCUGGNG-UHFFFAOYSA-N","MTBLS11904"
"IK_QBYUNVOYXHFVKC-GBURMNQMSA-N","MTBLS11904"
"IK_QCDYOIZVELGOLZ-UHFFFAOYSA-N","MTBLS11904"
"IK_QCGTZPZKJPTAEP-REDYYMJGSA-N","MTBLS11904"
"IK_QCGUXAIDEOWPBV-SNKLRXETSA-N","MTBLS11904"
"IK_QCHPKSFMDHPSNR-UHFFFAOYSA-N","MTBLS11904"
"IK_QCPDBEXGCHOIDE-ZPUAQPQFSA-N","MTBLS11904"
"IK_QCYVUUAIJUUUPI-BBVRLYRLSA-N","MTBLS11904"
"IK_QDAOSMKOZCCWLJ-MQLLGTBWSA-N","MTBLS11904"
"IK_QDMOINLDXCZCEK-JTQLQIEISA-N","MTBLS11904"
"IK_QDPNFTHYUAKYKM-UHFFFAOYSA-N","MTBLS11904"
"IK_QEFNQQRVZDFDIJ-UHFFFAOYSA-N","MTBLS11904"
"IK_QEFRNWWLZKMPFJ-YGVKFDHGSA-N","MTBLS11904"
"IK_QELSKZZBTMNZEB-UHFFFAOYSA-N","MTBLS11904"
"IK_QFAADIRHLBXJJS-ZAZJUGBXSA-N","MTBLS11904"
"IK_QFDRTQONISXGJA-UHFFFAOYSA-N","MTBLS11904"
"IK_QFRLEUJNZXTNTR-YYOLRRQBSA-N","MTBLS11904"
"IK_QFXOXDSHNXAFEY-SREVYHEPSA-N","MTBLS11904"
"IK_QGZDXQHLEQAGJB-INIZCTEOSA-N","MTBLS11904"
"IK_QHBZHVUGQROELI-SOFGYWHQSA-N","MTBLS11904"
"IK_QHVMVGMCKWPDHT-UHFFFAOYSA-N","MTBLS11904"
"IK_QHWZTVCCBMIIKE-SHYZEUOFSA-N","MTBLS11904"
"IK_QHZLMUACJMDIAE-UHFFFAOYSA-N","MTBLS11904"
"IK_QIAFMBKCNZACKA-UHFFFAOYSA-N","MTBLS11904"
"IK_QIGBRXMKCJKVMJ-UHFFFAOYSA-N","MTBLS11904"
"IK_QIJPWSGHURHDHJ-UHFFFAOYSA-N","MTBLS11904"
"IK_QINFFYRWMCWIQU-HEPLYUHHSA-N","MTBLS11904"
"IK_QIOYMVALOOEDDF-UHFFFAOYSA-N","MTBLS11904"
"IK_QIVBCDIJIAJPQS-VIFPVBQESA-N","MTBLS11904"
"IK_QJGJXKFJFRSERW-QMMMGPOBSA-N","MTBLS11904"
"IK_QJHRNPQXCMXOOH-XBJNFHHOSA-N","MTBLS11904"
"IK_QJPWUUJVYOJNMH-UHFFFAOYSA-N","MTBLS11904"
"IK_QKAITYIDZJJULL-UHFFFAOYSA-N","MTBLS11904"
"IK_QKDHBVNJCZBTMR-UHFFFAOYSA-N","MTBLS11904"
"IK_QKNCKSQAXGWPIK-FOWTUZBSSA-N","MTBLS11904"
"IK_QKSASIXPZVMNOQ-FRDLTTBHSA-N","MTBLS11904"
"IK_QMGGUIASDZZMHS-UHFFFAOYSA-N","MTBLS11904"
"IK_QMGUAHPNVSCSPM-UHFFFAOYSA-N","MTBLS11904"
"IK_QMMFVYPAHWMCMS-UHFFFAOYSA-N","MTBLS11904"
"IK_QMPHZIPNNJOWQI-DUXPYHPUSA-N","MTBLS11904"
"IK_QNAYBMKLOCPYGJ-REOHCLBHSA-N","MTBLS11904"
"IK_QNGQIURXCUHNAT-UHFFFAOYSA-N","MTBLS11904"
"IK_QNKGXSIDHDDDHD-UHFFFAOYSA-N","MTBLS11904"
"IK_QNLZRVLANLZEAS-FRJJSQGGSA-N","MTBLS11904"
"IK_QNRRHYPPQFELSF-CNYIRLTGSA-N","MTBLS11904"
"IK_QNZZHRCSGTYEAW-UHFFFAOYSA-N","MTBLS11904"
"IK_QOCIXWKQPBGFFQ-XUAUDTQZSA-N","MTBLS11904"
"IK_QOEAXNMFJWVZIG-QGZVFWFLSA-N","MTBLS11904"
"IK_QOLYAJSZHIJCTO-VQVTYTSYSA-N","MTBLS11904"
"IK_QONRXIIWERLIJA-CCZSOTCQSA-N","MTBLS11904"
"IK_QPHPUQJVKQXISS-UHFFFAOYSA-N","MTBLS11904"
"IK_QPRBHGIRKWZUFJ-PPMYXAGCSA-N","MTBLS11904"
"IK_QPXTXCACGFCAKL-HNHHUQGDSA-N","MTBLS11904"
"IK_QPYQKHOKNCVKGE-DUXPYHPUSA-N","MTBLS11904"
"IK_QQBKLRXLVRDKEB-UHFFFAOYSA-N","MTBLS11904"
"IK_QQCSUWGQBREWRO-XDJHFCHBSA-N","MTBLS11904"
"IK_QQFVICUNTBNUKN-QQRIYSRRSA-N","MTBLS11904"
"IK_QQHJDPROMQRDLA-UHFFFAOYSA-N","MTBLS11904"
"IK_QQOGTJREOAHYMT-UHFFFAOYSA-N","MTBLS11904"
"IK_QQONPFPTGQHPMA-UHFFFAOYSA-N","MTBLS11904"
"IK_QQQQNYAHSSIZBU-HIQXTUQZSA-N","MTBLS11904"
"IK_QQQYTWIFVNKMRW-UHFFFAOYSA-N","MTBLS11904"
"IK_QQUHMASGPODSIW-ICECTASOSA-N","MTBLS11904"
"IK_QQXLDOJGLXJCSE-KNVOCYPGSA-N","MTBLS11904"
"IK_QQZAQKGMSREYHF-KDEBBMLKSA-N","MTBLS11904"
"IK_QRRSWTCVSAQEPQ-UHFFFAOYSA-N","MTBLS11904"
"IK_QSBYPNXLFMSGKH-HJWRWDBZSA-N","MTBLS11904"
"IK_QSHBSBLCKIPCKO-UHFFFAOYSA-N","MTBLS11904"
"IK_QTAGQHZOLRFCBU-UHFFFAOYSA-N","MTBLS11904"
"IK_QTENRWWVYAAPBI-YCRXJPFRSA-N","MTBLS11904"
"IK_QTXWOOLAHRQMGZ-UHFFFAOYSA-N","MTBLS11904"
"IK_QUCHWTCTBHQQDU-UHFFFAOYSA-N","MTBLS11904"
"IK_QUOGESRFPZDMMT-YFKPBYRVSA-N","MTBLS11904"
"IK_QUZSUMLPWDHKCJ-UHFFFAOYSA-N","MTBLS11904"
"IK_QVHPTAJAHUONLV-DYKIIFRCSA-N","MTBLS11904"
"IK_QVMUHZHZYCDMAI-RYUDHWBXSA-N","MTBLS11904"
"IK_QVRLHIRFLRXFIW-MLDHBKOMSA-N","MTBLS11904"
"IK_QVUWNEQTPVMHQT-RLSIPVDZSA-N","MTBLS11904"
"IK_QVVXWHIDRKRPMO-LXCOYWBSSA-N","MTBLS11904"
"IK_QVWAEZJXDYOKEH-UHFFFAOYSA-N","MTBLS11904"
"IK_QVZHZVWYFNADIO-BATPLZQESA-N","MTBLS11904"
"IK_QWURLWZAOBRLES-JEGFTUTRSA-N","MTBLS11904"
"IK_QWUWMCYKGHVNAV-UHFFFAOYSA-N","MTBLS11904"
"IK_QWVGKYWNOKOFNN-UHFFFAOYSA-N","MTBLS11904"
"IK_QWYFHHGCZUCMBN-SECBINFHSA-N","MTBLS11904"
"IK_QWZIITCYKKSZGN-UHFFFAOYSA-N","MTBLS11904"
"IK_QXGVRGZJILVMDF-UHFFFAOYSA-N","MTBLS11904"
"IK_QYIXCDOBOSTCEI-KKFSNPNRSA-N","MTBLS11904"
"IK_QYIYFLOTGYLRGG-GPCCPHFNSA-N","MTBLS11904"
"IK_QYTPGOPLNFESQC-NUTQULCTSA-N","MTBLS11904"
"IK_QYYHPAUOLCHORH-UHFFFAOYSA-N","MTBLS11904"
"IK_QZAYGJVTTNCVMB-UHFFFAOYSA-N","MTBLS11904"
"IK_QZIYZVFIROFZCV-UHFFFAOYSA-N","MTBLS11904"
"IK_QZNPNKJXABGCRC-FUTKDDECSA-N","MTBLS11904"
"IK_QZPQTZZNNJUOLS-UHFFFAOYSA-N","MTBLS11904"
"IK_RAGZUCNPTLULOL-KQJPBSFVSA-N","MTBLS11904"
"IK_RAJQPCCAHZHKDK-ZTDHXTNCSA-N","MTBLS11904"
"IK_RALVCBWUWHJOGL-OPMJLWCUSA-N","MTBLS11904"
"IK_RAPKGPDUGWBPHR-QWFQJEORSA-N","MTBLS11904"
"IK_RAQNTCRNSXYLAH-RFCGZQMISA-N","MTBLS11904"
"IK_RBKMMJSQKNKNEV-RITPCOANSA-N","MTBLS11904"
"IK_RBLDVEUUCHVWMW-SXYQVCRBSA-N","MTBLS11904"
"IK_RBNPOMFGQQGHHO-UHFFFAOYSA-N","MTBLS11904"
"IK_RCCMXKJGURLWPB-UHFFFAOYSA-N","MTBLS11904"
"IK_RCNSAJSGRJSBKK-NSQVQWHSSA-N","MTBLS11904"
"IK_RDFIICFCNKXLHC-UHFFFAOYSA-N","MTBLS11904"
"IK_RDHQFKQIGNGIED-MRVPVSSYSA-N","MTBLS11904"
"IK_RDHQFKQIGNGIED-UHFFFAOYSA-N","MTBLS11904"
"IK_RDJGLLICXDHJDY-UHFFFAOYSA-N","MTBLS11904"
"IK_RDOFJDLLWVCMRU-UHFFFAOYSA-N","MTBLS11904"
"IK_RDQUQBHPMYFYMX-XIWVQZPPSA-N","MTBLS11904"
"IK_RDTOURARQPNLFK-UHFFFAOYSA-N","MTBLS11904"
"IK_REAZZDPREXHWNV-UHFFFAOYSA-N","MTBLS11904"
"IK_REDKBACMQCHVMH-LQOXNGKESA-N","MTBLS11904"
"IK_REKYPYSUBKSCAT-UHFFFAOYSA-N","MTBLS11904"
"IK_REOMXGUTYIFDDR-MCHXITASSA-N","MTBLS11904"
"IK_RFAKHEWADWLSJX-ZIQRGBBDSA-N","MTBLS11904"
"IK_RFDAIACWWDREDC-FRVQLJSFSA-N","MTBLS11904"
"IK_RFDAIACWWDREDC-IFZPJRIXSA-N","MTBLS11904"
"IK_RFMMMVDNIPUKGG-YFKPBYRVSA-N","MTBLS11904"
"IK_RFVFQQWKPSOBED-PSXMRANNSA-N","MTBLS11904"
"IK_RGCBYGZECVEZKC-UHFFFAOYSA-N","MTBLS11904"
"IK_RGHHSNMVTDWUBI-UHFFFAOYSA-N","MTBLS11904"
"IK_RGHMISIYKIHAJW-UHFFFAOYSA-N","MTBLS11904"
"IK_RGIBXDHONMXTLI-UHFFFAOYSA-N","MTBLS11904"
"IK_RGJHRVMTLGLFPX-UHFFFAOYSA-N","MTBLS11904"
"IK_RGJSGXNKRWWCOQ-QMEIEYGNSA-N","MTBLS11904"
"IK_RGKQMGOWKQNPHC-ZXKRFNDTSA-N","MTBLS11904"
"IK_RGZSQWQPBWRIAQ-CABCVRRESA-N","MTBLS11904"
"IK_RHGKLRLOHDJJDR-BYPYZUCNSA-N","MTBLS11904"
"IK_RHOQRBVFJSAQTR-UHFFFAOYSA-N","MTBLS11904"
"IK_RHQQHZQUAMFINJ-DTDWNVJFSA-N","MTBLS11904"
"IK_RHVBIEJVJWNXBU-XZVKZCCLSA-N","MTBLS11904"
"IK_RHVPEFQDYMMNSY-UHFFFAOYSA-N","MTBLS11904"
"IK_RHWSKVCZXBAWLZ-UHFFFAOYSA-N","MTBLS11904"
"IK_RHYWBMKYLKNBET-UHFFFAOYSA-N","MTBLS11904"
"IK_RHZRNGQIDYHQPV-UHFFFAOYSA-N","MTBLS11904"
"IK_RIGHMQLKMHLMQD-UHFFFAOYSA-N","MTBLS11904"
"IK_RIJDKRLRDVBUHJ-UHFFFAOYSA-N","MTBLS11904"
"IK_RINCXYDBBGOEEQ-UHFFFAOYSA-N","MTBLS11904"
"IK_RINHYCZCUGCZAJ-IPXOVKFZSA-N","MTBLS11904"
"IK_RJHNVFKNIJQTQF-LMIBIYGPSA-N","MTBLS11904"
"IK_RJMIEHBSYVWVIN-UHFFFAOYSA-N","MTBLS11904"
"IK_RJNRORZRFGUAKL-ADMBVFOFSA-N","MTBLS11904"
"IK_RJPPRBMGVWEZRR-WTZPKTTFSA-N","MTBLS11904"
"IK_RJTCYGBFKSOFPL-UHFFFAOYSA-N","MTBLS11904"
"IK_RJTYSXVYCZAUHE-UHFFFAOYSA-N","MTBLS11904"
"IK_RJWJHRPNHPHBRN-FKVJWERZSA-N","MTBLS11904"
"IK_RJYQLMILDVERHH-UHFFFAOYSA-N","MTBLS11904"
"IK_RJZVWDTYEWCUAR-JOCHJYFZSA-N","MTBLS11904"
"IK_RKDOXCGYGLYOBV-BNFZFUHLSA-N","MTBLS11904"
"IK_RKOUCPMGBBKLNK-UHFFFAOYSA-N","MTBLS11904"
"IK_RKQUHHNIJVGMIG-UHFFFAOYSA-N","MTBLS11904"
"IK_RLKGCXCVPAYULW-QTZWXKQRSA-N","MTBLS11904"
"IK_RLKNMGYLNXTJGA-UHFFFAOYSA-N","MTBLS11904"
"IK_RLVAVWQAAQFUOP-UHFFFAOYSA-N","MTBLS11904"
"IK_RMIYQXBEQHMQGK-ZMEZPTJQSA-N","MTBLS11904"
"IK_RMMXLENWKUUMAY-UHFFFAOYSA-N","MTBLS11904"
"IK_RMOGWMIKYWRTKW-UONOGXRCSA-N","MTBLS11904"
"IK_RMRJXGBAOAMLHD-IHFGGWKQSA-N","MTBLS11904"
"IK_RMZIOVJHUJAAEY-UHFFFAOYSA-N","MTBLS11904"
"IK_RNYZJZKPGHQTJR-UHFFFAOYSA-N","MTBLS11904"
"IK_ROARNVGCLDIFFV-PEZBUJJGSA-N","MTBLS11904"
"IK_ROHFNLRQFUQHCH-YFKPBYRVSA-N","MTBLS11904"
"IK_ROQAUFRWFXOLOE-FEKBJPIOSA-N","MTBLS11904"
"IK_ROWKJAVDOGWPAT-GSVOUGTGSA-N","MTBLS11904"
"IK_ROWKJAVDOGWPAT-UHFFFAOYSA-N","MTBLS11904"
"IK_RPSBVJXBTXEJJG-LURNZOHQSA-N","MTBLS11904"
"IK_RPSLZGPKLQLZGH-UHFFFAOYSA-N","MTBLS11904"
"IK_RPTUKVYGSPDHGQ-PSALXKTOSA-N","MTBLS11904"
"IK_RPZOFMHRRHHDPZ-UHFFFAOYSA-N","MTBLS11904"
"IK_RQHPADKWNYTHOH-VIFPVBQESA-N","MTBLS11904"
"IK_RQXNAJITDPUZBL-ROQBABNZSA-N","MTBLS11904"
"IK_RRCGNPRHZQPOOT-FFBSXHGNSA-N","MTBLS11904"
"IK_RRHGJUQNOFWUDK-UHFFFAOYSA-N","MTBLS11904"
"IK_RRMWQDBJZKKUGJ-HZNABPJSSA-N","MTBLS11904"
"IK_RRTYEHFGQWNQKK-KIQAWMAPSA-N","MTBLS11904"
"IK_RRVPPYNAZJRZFR-VYOBOKEXSA-N","MTBLS11904"
"IK_RSAHICAPUYTWHW-UHFFFAOYSA-N","MTBLS11904"
"IK_RSDDHGSKLOSQFK-RVDMUPIBSA-N","MTBLS11904"
"IK_RSEPBGGWRJCQGY-RBRWEJTLSA-N","MTBLS11904"
"IK_RSIHSRDYCUFFLA-DYKIIFRCSA-N","MTBLS11904"
"IK_RSPURTUNRHNVGF-IOSLPCCCSA-N","MTBLS11904"
"IK_RSRDWHPVTMQUGZ-OZIWPBGVSA-N","MTBLS11904"
"IK_RSTMEZAVUUMLEO-OTPBFAOLSA-N","MTBLS11904"
"IK_RTGHRDFWYQHVFW-UHFFFAOYSA-N","MTBLS11904"
"IK_RTJBLRZRSVEQRH-UHFFFAOYSA-N","MTBLS11904"
"IK_RTLULCVBFCRQKI-UHFFFAOYSA-N","MTBLS11904"
"IK_RTUPAQBCUJORTM-UHFFFAOYSA-N","MTBLS11904"
"IK_RTWVXIIKUFSDJB-SSDOTTSWSA-N","MTBLS11904"
"IK_RTZACTFZGJNCLF-UHFFFAOYSA-N","MTBLS11904"
"IK_RTZKSTLPRTWFEV-QWHCGFSZSA-N","MTBLS11904"
"IK_RUDATBOHQWOJDD-BSWAIDMHSA-N","MTBLS11904"
"IK_RUDATBOHQWOJDD-GCJQIVLTSA-N","MTBLS11904"
"IK_RWCOTTLHDJWHRS-YUMQZZPRSA-N","MTBLS11904"
"IK_RWGFKTVRMDUZSP-UHFFFAOYSA-N","MTBLS11904"
"IK_RWVIMCIPOAXUDG-UHFFFAOYSA-N","MTBLS11904"
"IK_RXACEEPNTRHYBQ-UHFFFAOYSA-N","MTBLS11904"
"IK_RXKSKZZAOIRFLK-UQYDIMRYSA-N","MTBLS11904"
"IK_RXNXODTWPQTIHO-ZETCQYMHSA-N","MTBLS11904"
"IK_RYCNUMLMNKHWPZ-SNVBAGLBSA-N","MTBLS11904"
"IK_RYFOJXFXERAMLS-UHFFFAOYSA-N","MTBLS11904"
"IK_RZBILUATLYXZLI-SLDNWHAHSA-N","MTBLS11904"
"IK_RZCJYMOBWVJQGV-UHFFFAOYSA-N","MTBLS11904"
"IK_RZGFUGXQKMEMOO-SZXTZRQCSA-N","MTBLS11904"
"IK_RZHVUADUVVHWMD-SOFGYWHQSA-N","MTBLS11904"
"IK_RZMLVIHXZGQADB-YLUGYNJDSA-N","MTBLS11904"
"IK_RZTRGWJVDVMYLZ-KBNCVMCFSA-N","MTBLS11904"
"IK_RZVAJINKPMORJF-UHFFFAOYSA-N","MTBLS11904"
"IK_SAAOVBGAFHJPIF-NYNACFBQSA-N","MTBLS11904"
"IK_SAAVELCIPHKGJE-UHFFFAOYSA-N","MTBLS11904"
"IK_SAMRUMKYXPVKPA-UHFFFAOYSA-N","MTBLS11904"
"IK_SATGKQGFUDXGAX-MYWFJNCASA-N","MTBLS11904"
"IK_SAWAIULJDYFLPD-CTTWBBHYSA-N","MTBLS11904"
"IK_SBBDHANTMHIRGW-UHFFFAOYSA-N","MTBLS11904"
"IK_SBJCUZQNHOLYMD-UHFFFAOYSA-N","MTBLS11904"
"IK_SBJVDTBACUMFFD-KQYNXXCUSA-N","MTBLS11904"
"IK_SBKADJXSGGTEPN-UHFFFAOYSA-N","MTBLS11904"
"IK_SCBBSJMAPKXHAH-QTSLKERKSA-N","MTBLS11904"
"IK_SCIFESDRCALIIM-VIFPVBQESA-N","MTBLS11904"
"IK_SCNLFUNUYBVROO-JNDMGLSPSA-N","MTBLS11904"
"IK_SCULJPGYOQQXTK-OLRINKBESA-N","MTBLS11904"
"IK_SDVXSCSNVVZWDD-LURJTMIESA-N","MTBLS11904"
"IK_SEALOBQTUQIVGU-QNIJNHAOSA-N","MTBLS11904"
"IK_SECPZKHBENQXJG-FPLPWBNLSA-N","MTBLS11904"
"IK_SEDMBVOYVWZBEK-UHFFFAOYSA-N","MTBLS11904"
"IK_SEEGHKWOBVVBTQ-NFMPGMCNSA-N","MTBLS11904"
"IK_SEHFUALWMUWDKS-UHFFFAOYSA-N","MTBLS11904"
"IK_SENJXOPIZNYLHU-IUCAKERBSA-N","MTBLS11904"
"IK_SEQMDCPPEHGVOY-ZMPDJGPBSA-N","MTBLS11904"
"IK_SERHXTVXHNVDKA-BYPYZUCNSA-N","MTBLS11904"
"IK_SFIBBHUOEANMLY-ONWUZIRBSA-N","MTBLS11904"
"IK_SFLDCCXGUXPHRG-VKXIRHRZSA-N","MTBLS11904"
"IK_SFUVCMKSYKHYLD-FNORWQNLSA-N","MTBLS11904"
"IK_SGFJJNBUMXQSMU-PDBXOOCHSA-N","MTBLS11904"
"IK_SGJCXOWLBVNALR-UHFFFAOYSA-N","MTBLS11904"
"IK_SGJNQVTUYXCBKH-HNQUOIGGSA-N","MTBLS11904"
"IK_SGLDLWSTFXXDDD-LFSNXOCVSA-N","MTBLS11904"
"IK_SGPLNSURQYXVNX-UHFFFAOYSA-N","MTBLS11904"
"IK_SGQOVJBGRJMVJR-UHFFFAOYSA-N","MTBLS11904"
"IK_SGTFNLMVIRZWTA-LFCBYZEKSA-N","MTBLS11904"
"IK_SGZFJWQQBHYNNF-UHFFFAOYSA-N","MTBLS11904"
"IK_SHLWEZVZPAYIHX-UHFFFAOYSA-N","MTBLS11904"
"IK_SHXWCVYOXRDMCX-UHFFFAOYSA-N","MTBLS11904"
"IK_SIDKXKCKKVBGMY-UHFFFAOYSA-N","MTBLS11904"
"IK_SIOXPEMLGUPBBT-UHFFFAOYSA-N","MTBLS11904"
"IK_SITLTJHOQZFJGG-XPUUQOCRSA-N","MTBLS11904"
"IK_SIZUKCMURNXUCZ-JWFJDLLSSA-N","MTBLS11904"
"IK_SJBDVPKAXKLGPV-UKNYEQEFSA-N","MTBLS11904"
"IK_SJFTVAAHLRFBST-NSHQGHFVSA-N","MTBLS11904"
"IK_SJPUNFPTIDJEOK-ROXLFADRSA-N","MTBLS11904"
"IK_SJWIIOUVFNZHHP-DTSZJMRKSA-N","MTBLS11904"
"IK_SJZRECIVHVDYJC-UHFFFAOYSA-N","MTBLS11904"
"IK_SKBCVUCDJRKPAH-RTXFEEFZSA-N","MTBLS11904"
"IK_SKGLAZSLOGYCCA-PEFXOJROSA-N","MTBLS11904"
"IK_SKHXRNHSZTXSLP-UHFFFAOYSA-N","MTBLS11904"
"IK_SKLQABVRGGRTIT-UHFFFAOYSA-N","MTBLS11904"
"IK_SKMHHHHLLBKNKR-UHFFFAOYSA-M","MTBLS11904"
"IK_SKXLWWDOLOXKRN-YJSWQQQJSA-N","MTBLS11904"
"IK_SLEHROROQDYRAW-KQYNXXCUSA-N","MTBLS11904"
"IK_SLNYBUIEAMRFSZ-UHFFFAOYSA-N","MTBLS11904"
"IK_SLWSQPYUSBXANQ-BAJZRUMYSA-N","MTBLS11904"
"IK_SLXKOJJOQWFEFD-UHFFFAOYSA-N","MTBLS11904"
"IK_SMNDYUVBFMFKNZ-UHFFFAOYSA-N","MTBLS11904"
"IK_SMQAUVNNWONFCH-ULUSZKPHSA-N","MTBLS11904"
"IK_SMVMSLPPAGGLDL-ZZTDLJEGSA-N","MTBLS11904"
"IK_SMYALUSCZJXWHG-UHFFFAOYSA-N","MTBLS11904"
"IK_SNCKGJWJABDZHI-ZKWXMUAHSA-N","MTBLS11904"
"IK_SNDPXSYFESPGGJ-BYPYZUCNSA-N","MTBLS11904"
"IK_SNDPXSYFESPGGJ-UHFFFAOYSA-N","MTBLS11904"
"IK_SNEIUMQYRCDYCH-LURJTMIESA-N","MTBLS11904"
"IK_SNFUTDLOCQQRQD-ZKWXMUAHSA-N","MTBLS11904"
"IK_SNGNCYILSHZBLM-UHFFFAOYSA-N","MTBLS11904"
"IK_SNGREZUHAYWORS-UHFFFAOYSA-N","MTBLS11904"
"IK_SNHRLVCMMWUAJD-SUYDQAKGSA-N","MTBLS11904"
"IK_SNIXRMIHFOIVBB-UHFFFAOYSA-N","MTBLS11904"
"IK_SNPLKNRPJHDVJA-UHFFFAOYSA-N","MTBLS11904"
"IK_SNVAIAITQIIEMQ-DUXPYHPUSA-N","MTBLS11904"
"IK_SOJVORMOXWNMMG-WITMPDRSSA-N","MTBLS11904"
"IK_SOKKQMPCIJPSGH-UHFFFAOYSA-N","MTBLS11904"
"IK_SOLWMULEXULIEQ-OUQHJZBVSA-N","MTBLS11904"
"IK_SONNWYBIRXJNDC-VIFPVBQESA-N","MTBLS11904"
"IK_SPEJHKMQDKKCTG-UHFFFAOYSA-N","MTBLS11904"
"IK_SPJAGILXQBHHSZ-UHFFFAOYSA-N","MTBLS11904"
"IK_SPJFYYJXNPEZDW-FTJOPAKQSA-N","MTBLS11904"
"IK_SQMGCPHFHQGPIF-JIOYIOPFSA-N","MTBLS11904"
"IK_SQOJOAFXDQDRGF-ZMVGXLHTSA-N","MTBLS11904"
"IK_SRRQPVVYXBTRQK-XMMPIXPASA-N","MTBLS11904"
"IK_SRVFFFJZQVENJC-IHRRRGAJSA-N","MTBLS11904"
"IK_SRXKAYJJGAAOBP-UHFFFAOYSA-N","MTBLS11904"
"IK_SSBCZTXGVMMZOT-NBBHSKLNSA-N","MTBLS11904"
"IK_SSQHYGLFYWZWDV-UVBJJODRSA-N","MTBLS11904"
"IK_SSYFPKXWJHNROG-ZFDJEVKPSA-N","MTBLS11904"
"IK_SSYGGPAGDDGXAF-ZXXIGWHRSA-N","MTBLS11904"
"IK_SSZYARBRHYOZQM-OWOJBTEDSA-N","MTBLS11904"
"IK_SUHOQUVVVLNYQR-UHFFFAOYSA-N","MTBLS11904"
"IK_SUHVYZXHTHHCTK-GFZABIRZSA-N","MTBLS11904"
"IK_SUMDYPCJJOFFON-UHFFFAOYSA-M","MTBLS11904"
"IK_SUTUBQHKZRNZRA-UHFFFAOYSA-N","MTBLS11904"
"IK_SUWZHLCNFQWNPE-LATRNWQMSA-N","MTBLS11904"
"IK_SUZYROYNFNQALJ-MHEIZRSESA-N","MTBLS11904"
"IK_SVBMASFUJDIDJC-XFJIFGBKSA-N","MTBLS11904"
"IK_SVEBYYWCXTVYCR-LBPRGKRZSA-N","MTBLS11904"
"IK_SVURIXNDRWRAFU-OGMFBOKVSA-N","MTBLS11904"
"IK_SVXOFPLAAYAGIG-NDDGLTBUSA-N","MTBLS11904"
"IK_SWGXDLRCJNEEGZ-UHFFFAOYSA-N","MTBLS11904"
"IK_SWJDFMNJUOJVPA-LURJTMIESA-N","MTBLS11904"
"IK_SWPMTVXRLXPNDP-MRVPVSSYSA-N","MTBLS11904"
"IK_SWTKBYSXMULFHZ-SMILAEQMSA-N","MTBLS11904"
"IK_SXFSQZDSUWACKX-UHFFFAOYSA-N","MTBLS11904"
"IK_SXGAGTVDWKQYCX-BQBZGAKWSA-N","MTBLS11904"
"IK_SXHQUGJSTGOXMD-UHFFFAOYSA-N","MTBLS11904"
"IK_SXIILERIAIKHJG-UHFFFAOYSA-N","MTBLS11904"
"IK_SXOUIMVOMIGLHO-AATRIKPKSA-N","MTBLS11904"
"IK_SXSVOVSEOKWUNE-CMDGGOBGSA-N","MTBLS11904"
"IK_SYELZBGXAIXKHU-UHFFFAOYSA-N","MTBLS11904"
"IK_SYRVWXFZYGDVTF-UHFFFAOYSA-N","MTBLS11904"
"IK_SZBGXBOFCGNPEU-UHFFFAOYSA-N","MTBLS11904"
"IK_SZEOBSAZWJLOGY-VGMNWLOBSA-N","MTBLS11904"
"IK_SZHOJFHSIKHZHA-UHFFFAOYSA-N","MTBLS11904"
"IK_SZQIFWWUIBRPBZ-UHFFFAOYSA-N","MTBLS11904"
"IK_SZQQHKQCCBDXCG-BAHYSTIISA-N","MTBLS11904"
"IK_SZVNKXCDJUBPQO-HWKANZROSA-N","MTBLS11904"
"IK_SZXDNGVQRDTJSD-FOWTUZBSSA-N","MTBLS11904"
"IK_TTZIHUKKIDPTQT-UHFFFAOYSA-N","MTBLS11904"
"IK_TUNFSRHWOTWDNC-UHFFFAOYSA-N","MTBLS11904"
"IK_TUZHANAISKEZFG-GHDNBGIDSA-N","MTBLS11904"
"IK_TUZYXOIXSAXUGO-PZAWKZKUSA-N","MTBLS11904"
"IK_TVEOVCYCYGKVPP-HSCHXYMDSA-N","MTBLS11904"
"IK_TVIDDXQYHWJXFK-UHFFFAOYSA-N","MTBLS11904"
"IK_TVLHFFLEOSSHFT-QVLZICSDSA-N","MTBLS11904"
"IK_TVWOTZQAXZHSLO-UHFFFAOYSA-N","MTBLS11904"
"IK_TVXJJNJGTDWFLD-TWGQIWQCSA-N","MTBLS11904"
"IK_TVZCRIROJQEVOT-LSDHHAIUSA-N","MTBLS11904"
"IK_TWDZVGUEYBJLQC-CWMYCXEUSA-N","MTBLS11904"
"IK_TWEFFSVOCVXBPV-UHFFFAOYSA-N","MTBLS11904"
"IK_TWLCFFLQLXBKAP-UHFFFAOYSA-N","MTBLS11904"
"IK_TWPMMLHBHPYSMT-UHFFFAOYSA-N","MTBLS11904"
"IK_TWSWSIQAPQLDBP-DOFZRALJSA-N","MTBLS11904"
"IK_TXBBUSUXYMIVOS-UHFFFAOYSA-N","MTBLS11904"
"IK_TXHCDEYHZPHRAC-UHFFFAOYSA-N","MTBLS11904"
"IK_TXTNKDRGVWKECN-UHFFFAOYSA-N","MTBLS11904"
"IK_TYEYBOSBBBHJIV-UHFFFAOYSA-N","MTBLS11904"
"IK_TYFQFVWCELRYAO-UHFFFAOYSA-N","MTBLS11904"
"IK_TYHJMEIBGDDCPA-UHFFFAOYSA-N","MTBLS11904"
"IK_TYLFLHPQWQQWRD-UHNVWZDZSA-N","MTBLS11904"
"IK_TYMABNNERDVXID-DLYFRVTGSA-N","MTBLS11904"
"IK_TZCPCKNHXULUIY-RGULYWFUSA-N","MTBLS11904"
"IK_TZZSWAXSIGWXOS-UHFFFAOYSA-M","MTBLS11904"
"IK_UADPGHINQMWEAG-FROQITRMSA-N","MTBLS11904"
"IK_UAKTZILOYPPNCD-UHFFFAOYSA-N","MTBLS11904"
"IK_UARHXHPRJDJCKE-QECOYPFHSA-N","MTBLS11904"
"IK_UATOAILWGVYRQS-HHHXNRCGSA-N","MTBLS11904"
"IK_UAUDZVJPLUQNMU-KTKRTIGZSA-N","MTBLS11904"
"IK_UBCPEZWGUOSYHO-JAPSQKQGSA-N","MTBLS11904"
"IK_UBQKCCHYAOITMY-UHFFFAOYSA-N","MTBLS11904"
"IK_UCPOMLWZWRTIAA-UHFFFAOYSA-N","MTBLS11904"
"IK_UCYPOAPUDLUXQX-VXOKBQSKSA-N","MTBLS11904"
"IK_UDBXKKKIEXMSEA-XKKGNKCGSA-N","MTBLS11904"
"IK_UDMBCSSLTHHNCD-KQYNXXCUSA-N","MTBLS11904"
"IK_UDSFAEKRVUSQDD-UHFFFAOYSA-N","MTBLS11904"
"IK_UDTWZFJEMMUFLC-NSHDSACASA-N","MTBLS11904"
"IK_UDTWZFJEMMUFLC-UHFFFAOYSA-N","MTBLS11904"
"IK_UDYIPZFWVJJQJF-KQPZCCJBSA-N","MTBLS11904"
"IK_UEFRDQSMQXDWTO-YGPZHTELSA-N","MTBLS11904"
"IK_UEJJHQNACJXSKW-UHFFFAOYSA-N","MTBLS11904"
"IK_UELBXEKQONEDKM-IRXDYDNUSA-N","MTBLS11904"
"IK_UEWPEVNSKXXUGP-UHFFFAOYSA-N","MTBLS11904"
"IK_UFAHZIUFPNSHSL-UHFFFAOYNA-N","MTBLS11904"
"IK_UFBJCMHMOXMLKC-UHFFFAOYSA-N","MTBLS11904"
"IK_UFGLFVVFQFFPSV-LKBCLYITSA-N","MTBLS11904"
"IK_UGAGPNKCDRTDHP-UHFFFAOYSA-N","MTBLS11904"
"IK_UGCOPUIBNABIEP-UHFFFAOYSA-N","MTBLS11904"
"IK_UGGHNDGDVCUWQX-WDSKDSINSA-N","MTBLS11904"
"IK_UGQMRVRMYYASKQ-KQYNXXCUSA-N","MTBLS11904"
"IK_UGQMRVRMYYASKQ-UHTZMRCNSA-N","MTBLS11904"
"IK_UGRNVLGKAGREKS-UHFFFAOYSA-N","MTBLS11904"
"IK_UHDGCWIWMRVCDJ-XVFCMESISA-N","MTBLS11904"
"IK_UHISGSDYAIIBMO-UMLSMIIMSA-N","MTBLS11904"
"IK_UHQGCIIQUZBJAE-RRQVMCLOSA-N","MTBLS11904"
"IK_UHWVSEOVJBQKBE-UHFFFAOYSA-N","MTBLS11904"
"IK_UIERETOOQGIECD-ONEGZZNKSA-N","MTBLS11904"
"IK_UIKROCXWUNQSPJ-UHFFFAOYNA-N","MTBLS11904"
"IK_UIKROCXWUNQSPJ-VIFPVBQESA-N","MTBLS11904"
"IK_UILPJVPSNHJFIK-UHFFFAOYSA-N","MTBLS11904"
"IK_UIPSRRAMIULCRE-OZKVUCNRSA-N","MTBLS11904"
"IK_UIUJIQZEACWQSV-UHFFFAOYSA-N","MTBLS11904"
"IK_UJFWRUHMFNKTTC-UHFFFAOYSA-N","MTBLS11904"
"IK_UJFZXWOEMYBQAZ-FBJUMJHFSA-N","MTBLS11904"
"IK_UKAUYVFTDYCKQA-UHFFFAOYSA-N","MTBLS11904"
"IK_UKDKTHYZLXZOSS-UHFFFAOYSA-N","MTBLS11904"
"IK_UKMSUNONTOPOIO-UHFFFAOYSA-N","MTBLS11904"
"IK_ULCCGBCYWCYNIC-UHFFFAOYSA-N","MTBLS11904"
"IK_ULGZDMOVFRHVEP-RWJQBGPGSA-N","MTBLS11904"
"IK_ULHWZNASVJIOEM-ZETCQYMHSA-N","MTBLS11904"
"IK_ULTTYPMRMMDONC-UHFFFAOYSA-N","MTBLS11904"
"IK_UMCDODPBPQMWQP-UHFFFAOYSA-N","MTBLS11904"
"IK_UMLOUOBDBGOHHR-UHFFFAOYSA-N","MTBLS11904"
"IK_UMOAAMQGRRCHPA-GJCOWUBNSA-N","MTBLS11904"
"IK_UNHCPLSWMNPZTD-HXUWFJFHSA-N","MTBLS11904"
"IK_UNUYMBPXEFMLNW-DWVDDHQFSA-N","MTBLS11904"
"IK_UOFYCFMTERCNEW-ADEYADIWSA-N","MTBLS11904"
"IK_UOXRPRZMAROFPH-IESLQMLBSA-N","MTBLS11904"
"IK_UPABQMWFWCMOFV-UHFFFAOYSA-N","MTBLS11904"
"IK_UPEZCKBFRMILAV-JMZLNJERSA-N","MTBLS11904"
"IK_UPISBTVRUJGIRH-HNANJHLJSA-N","MTBLS11904"
"IK_UPJFTVFLSIQQAV-KOLCDFICSA-N","MTBLS11904"
"IK_UPLCTTWJNCYYAW-UHFFFAOYSA-N","MTBLS11904"
"IK_UPMLOUAZCHDJJD-UHFFFAOYSA-N","MTBLS11904"
"IK_UPSPUYADGBWSHF-UHFFFAOYSA-N","MTBLS11904"
"IK_UPWPIFMHSFSVLE-UHFFFAOYSA-N","MTBLS11904"
"IK_UQDJGEHQDNVPGU-UHFFFAOYSA-N","MTBLS11904"
"IK_UQOQENZZLBSFKO-POPPZSFYSA-N","MTBLS11904"
"IK_UQVKZNNCIHJZLS-UHFFFAOYSA-N","MTBLS11904"
"IK_UQWJOPVYLXZYCS-UHFFFAOYSA-N","MTBLS11904"
"IK_UQWLOWFDKAFKAP-WXHSDQCUSA-N","MTBLS11904"
"IK_UQZHJQWIISKTJN-QUBZPPHQSA-N","MTBLS11904"
"IK_URGVIWXYPWWBQO-UWEYSURVSA-N","MTBLS11904"
"IK_URKOMYMAXPYINW-UHFFFAOYSA-N","MTBLS11904"
"IK_URPXXNCTXCOATD-FXMFQVEGSA-N","MTBLS11904"
"IK_URVGHNOQCRQJTD-MELXFHLESA-N","MTBLS11904"
"IK_USFJGINJGUIFSY-XZULNKEGSA-N","MTBLS11904"
"IK_USHMBEFGKMCIBD-BQYQJAHWSA-N","MTBLS11904"
"IK_USWXDXYEVISELK-UHFFFAOYSA-N","MTBLS11904"
"IK_USYNZBLVOOXNSN-ARRWHRBTSA-N","MTBLS11904"
"IK_UTAIYTHAJQNQDW-KQYNXXCUSA-N","MTBLS11904"
"IK_UTBVIMLZIRIFFR-UHFFFAOYSA-N","MTBLS11904"
"IK_UTIRJVJBKWSIOX-SRMFCGEKSA-N","MTBLS11904"
"IK_UTNVEWHQVLDCMX-UHFFFAOYSA-N","MTBLS11904"
"IK_UTQBHMSOMGCBHH-QYPJFMAQSA-N","MTBLS11904"
"IK_UTSVPXMQSFGQTM-DCXZOGHSSA-N","MTBLS11904"
"IK_UTTULGRFBPONAA-VPENINKCSA-N","MTBLS11904"
"IK_UTYVDVLMYQPLQB-UHFFFAOYSA-N","MTBLS11904"
"IK_UUEPXFWSBUIUAZ-NSCUHMNNSA-N","MTBLS11904"
"IK_UUILWXIBBZVJDU-UHFFFAOYSA-N","MTBLS11904"
"IK_UVTLONZTPXCUPU-ZNMIVQPWSA-N","MTBLS11904"
"IK_UVZICZIVKIMRNE-UHFFFAOYSA-N","MTBLS11904"
"IK_UVZTZBRGZXIBLZ-UHFFFAOYSA-N","MTBLS11904"
"IK_UWHCKWNPWKTMBM-WDCWCFNPSA-N","MTBLS11904"
"IK_UWHZIFQPPBDJPM-BQYQJAHWSA-N","MTBLS11904"
"IK_UWHZIFQPPBDJPM-FPLPWBNLSA-N","MTBLS11904"
"IK_UWNSWIXIVDMCHZ-UHFFFAOYSA-N","MTBLS11904"
"IK_UXDIXFDKSPCUIX-AXFHLTTASA-N","MTBLS11904"
"IK_UXDLYVBMRUIQCX-UHFFFAOYSA-N","MTBLS11904"
"IK_UXFQFBNBSPQBJW-UHFFFAOYSA-N","MTBLS11904"
"IK_UXZAXFPFSQRZOZ-UHFFFAOYSA-N","MTBLS11904"
"IK_UYEMZAOCHUCHMG-GVTGRELXSA-N","MTBLS11904"
"IK_UYHSBQDAYWOYNS-LDQQKAIHSA-N","MTBLS11904"
"IK_UYKREHOKELZSPB-JTQLQIEISA-N","MTBLS11904"
"IK_UYNVMODNBIQBMV-UHFFFAOYSA-N","MTBLS11904"
"IK_UYPYRKYUKCHHIB-UHFFFAOYSA-N","MTBLS11904"
"IK_UYQGVDXDXBAABN-FQSPHKRJSA-N","MTBLS11904"
"IK_UYUXSRADSPPKRZ-SKNVOMKLSA-N","MTBLS11904"
"IK_UYXTWWCETRIEDR-UHFFFAOYSA-N","MTBLS11904"
"IK_UYZBRJHRPDMUHS-UHFFFAOYSA-N","MTBLS11904"
"IK_UZTFMUBKZQVKLK-UHFFFAOYSA-M","MTBLS11904"
"IK_UZTFMUBKZQVKLK-UHFFFAOYSA-N","MTBLS11904"
"IK_UZUFPBIDKMEQEQ-UHFFFAOYSA-N","MTBLS11904"
"IK_UZWWTCBNUQJEPB-WLMOLUCVSA-N","MTBLS11904"
"IK_VACHUYIREGFMSP-IRXDYDNUSA-N","MTBLS11904"
"IK_VACHUYIREGFMSP-UHFFFAOYSA-N","MTBLS11904"
"IK_VAOOAPRSEDZAEV-JFECCKQBSA-N","MTBLS11904"
"IK_VAPHLLYHDMUQSW-UHFFFAOYSA-N","MTBLS11904"
"IK_VASLEPDZAKCNJX-UHFFFAOYSA-N","MTBLS11904"
"IK_VBCLPDSIELLWDI-UHFFFAOYSA-N","MTBLS11904"
"IK_VBOQYPQEPHKASR-UHFFFAOYSA-N","MTBLS11904"
"IK_VCMMXZQDRFWYSE-UHFFFAOYSA-N","MTBLS11904"
"IK_VCRXMIQBQGCAAL-UHFFFAOYSA-N","MTBLS11904"
"IK_VCSCPMNEABGTIT-MDTVQASCSA-L","MTBLS11904"
"IK_VDNMIIDPBBCMTM-UHFFFAOYSA-N","MTBLS11904"
"IK_VDQLKIBLTMPAHI-UHFFFAOYSA-N","MTBLS11904"
"IK_VDYDCVUWILIYQF-CSMHCCOUSA-N","MTBLS11904"
"IK_VDYXBEFIBYPOSV-UHFFFAOYSA-N","MTBLS11904"
"IK_VEBOFLQVSWXAKE-FWGBWITRSA-N","MTBLS11904"
"IK_VEBVPUXQAPLADL-POYOOMFHSA-N","MTBLS11904"
"IK_VEESGYSTEQKVJL-KVKKDTSVSA-N","MTBLS11904"
"IK_VELYAQRXBJLJAK-XKKWFBPMSA-N","MTBLS11904"
"IK_VEOYBEJCEMJLHN-OAQYLSRUSA-N","MTBLS11904"
"IK_VEYJKJORLPYVLO-RYUDHWBXSA-N","MTBLS11904"
"IK_VEYYWZRYIYDQJM-ZETCQYMHSA-N","MTBLS11904"
"IK_VFBPKQSATYZKRX-UHFFFAOYSA-N","MTBLS11904"
"IK_VFLQJBVJJLGBKM-HZPDHXFCSA-N","MTBLS11904"
"IK_VFLYULAVOFVIAM-RRDRPCBCSA-N","MTBLS11904"
"IK_VFYGOZNDDVMNNT-UHFFFAOYSA-N","MTBLS11904"
"IK_VGHLCDUMOBMFJC-WNDXKNNZSA-N","MTBLS11904"
"IK_VGJDUVKGGZDWPB-WRPJNQIKSA-N","MTBLS11904"
"IK_VGRHZPNRCLAHQA-UHFFFAOYSA-N","MTBLS11904"
"IK_VGSSUFQMXBFFTM-METNKUIYSA-N","MTBLS11904"
"IK_VGSUMLIRUGDCTF-NSMRCOLJSA-N","MTBLS11904"
"IK_VGSYCWGXBYZLLE-QEEQPWONSA-N","MTBLS11904"
"IK_VGZSUPCWNCWDAN-UHFFFAOYSA-N","MTBLS11904"
"IK_VHKNBDIQDAXGBL-UHFFFAOYSA-M","MTBLS11904"
"IK_VHMKGBYCXDBNFU-CVWCHQOZSA-N","MTBLS11904"
"IK_VHRUMKCAEVRUBK-WKELIDJCSA-N","MTBLS11904"
"IK_VHVGNTVUSQUXPS-YUMQZZPRSA-N","MTBLS11904"
"IK_VHVOLFRBFDOUSH-NSCUHMNNSA-N","MTBLS11904"
"IK_VIDLVGFSJZUUCT-KRXZEVONSA-N","MTBLS11904"
"IK_VIHAEDVKXSOUAT-UHFFFAOYSA-N","MTBLS11904"
"IK_VIHYIVKEECZGOU-UHFFFAOYSA-N","MTBLS11904"
"IK_VIMPHGVJPCSNPE-ZCLMWFBCSA-N","MTBLS11904"
"IK_VISAJVAPYPFKCL-UHFFFAOYSA-N","MTBLS11904"
"IK_VIVOIHQVZSMABQ-OWRFCLNLSA-N","MTBLS11904"
"IK_VJDOAZKNBQCAGE-UHFFFAOYSA-N","MTBLS11904"
"IK_VJNXUFOTKNTNPG-IOSLPCCCSA-O","MTBLS11904"
"IK_VJZBXAQGWLMYMS-HNNXBMFYSA-N","MTBLS11904"
"IK_VKENMLSUUVOQLD-VQVTYTSYSA-N","MTBLS11904"
"IK_VKEQBMCRQDSRET-UHFFFAOYSA-N","MTBLS11904"
"IK_VKYKSIONXSXAKP-UHFFFAOYSA-N","MTBLS11904"
"IK_VLBPIWYTPAXCFJ-XMMPIXPASA-N","MTBLS11904"
"IK_VLDVBZICYBVQHB-IUCAKERBSA-N","MTBLS11904"
"IK_VLFJNHPNIOTOOA-YMIVKDKMSA-N","MTBLS11904"
"IK_VLIUMVVQGMLOJG-SEBNEYGDSA-N","MTBLS11904"
"IK_VLJNHYLEOZPXFW-BYPYZUCNSA-N","MTBLS11904"
"IK_VLPFTAMPNXLGLX-UHFFFAOYSA-N","MTBLS11904"
"IK_VLSMHEGGTFMBBZ-OOZYFLPDSA-N","MTBLS11904"
"IK_VLTXBOGHSBHSAC-UHFFFAOYSA-N","MTBLS11904"
"IK_VLULRUCCHYVXOH-UHFFFAOYSA-N","MTBLS11904"
"IK_VMEHOTODTPXCKT-RXMQYKEDSA-N","MTBLS11904"
"IK_VMFFESMCXOCOIZ-UHFFFAOYSA-N","MTBLS11904"
"IK_VMGXLRXDXJZSTP-UHFFFAOYSA-N","MTBLS11904"
"IK_VMJGIIURAHPLEX-AVQMFFATSA-N","MTBLS11904"
"IK_VMOJNRFXEJSJDS-UHFFFAOYSA-N","MTBLS11904"
"IK_VMZVBRIIHDRYGK-UHFFFAOYSA-N","MTBLS11904"
"IK_VNBZCSKDIGCTNO-UHFFFAOYSA-N","MTBLS11904"
"IK_VNGUCOGHCJHFID-FLZFTVBESA-N","MTBLS11904"
"IK_VNKBTWQZTQIWDV-UHFFFAOYSA-N","MTBLS11904"
"IK_VNRLQDGXGABKPC-UHFFFAOYSA-N","MTBLS11904"
"IK_VOBYAKCXGQQFLR-LSJOCFKGSA-N","MTBLS11904"
"IK_VOCBWIIFXDYGNZ-IXKNJLPQSA-N","MTBLS11904"
"IK_VOOYTQRREPYRIW-UHFFFAOYSA-N","MTBLS11904"
"IK_VOZHMAYHYHEWBW-NVOOAVKYSA-N","MTBLS11904"
"IK_VPAOSFFTKWUGAD-TVKJYDDYSA-N","MTBLS11904"
"IK_VPGRYOFKCNULNK-ACXQXYJUSA-N","MTBLS11904"
"IK_VPKCCODFKUZEMT-KZVLABISSA-N","MTBLS11904"
"IK_VQASKUSHBVDKGU-UHFFFAOYSA-N","MTBLS11904"
"IK_VQDBNKDJNJQRDG-UHFFFAOYSA-N","MTBLS11904"
"IK_VQPVVWAFTIFKDD-LURJTMIESA-N","MTBLS11904"
"IK_VRBFTYUMFJWSJY-UHFFFAOYSA-N","MTBLS11904"
"IK_VRCGDJCVKWWRME-UHFFFAOYSA-N","MTBLS11904"
"IK_VSDWHZGJGWMIRN-UHFFFAOYSA-N","MTBLS11904"
"IK_VSLCIGXQLCYQTD-NPJQDHAYSA-N","MTBLS11904"
"IK_VSMOENVRRABVKN-QMMMGPOBSA-N","MTBLS11904"
"IK_VSOJKDUWYQCWFM-UHFFFAOYSA-N","MTBLS11904"
"IK_VSTZVCJQGSLNLL-UHFFFAOYSA-N","MTBLS11904"
"IK_VTCHIESVVACVBD-DMKRFUROSA-N","MTBLS11904"
"IK_VTDZILAWJJXPEL-UHFFFAOYSA-N","MTBLS11904"
"IK_VTJXFTPMFYAJJU-UHFFFAOYSA-N","MTBLS11904"
"IK_VTXNIAJKDLEHGX-UHFFFAOYSA-N","MTBLS11904"
"NO_INCHIKEY__16 23 24 25 tetrahydroxydammar 13 17 en 3 one","MTBLS11904"
"IK_VUALREFPJJODHZ-JTCHKQLLSA-N","MTBLS11904"
"IK_VUNOFAIHSALQQH-UHFFFAOYSA-N","MTBLS11904"
"IK_VUUOTOOJGWQGRY-OEOQYRPPSA-N","MTBLS11904"
"IK_VUWCGGOBVYCOMA-UHFFFAOYSA-N","MTBLS11904"
"IK_VVEULVVIJNQTMD-OJZQPWLLSA-N","MTBLS11904"
"IK_VVLXCWVSSLFQDS-QWRGUYRKSA-N","MTBLS11904"
"IK_VVPRQWTYSNDTEA-LLVKDONJSA-N","MTBLS11904"
"IK_VVQNEPGJFQJSBK-UHFFFAOYSA-N","MTBLS11904"
"IK_VVUVJGRVEYHIHC-UHFFFAOYSA-N","MTBLS11904"
"IK_VWEHHIHNZFXYIU-NAJHMEIQSA-N","MTBLS11904"
"IK_VWTPJNGTEYZXFV-ZWKQNVPVSA-N","MTBLS11904"
"IK_VWWQXMAJTJZDQX-UYBVJOGSSA-N","MTBLS11904"
"IK_VWYVABSAUVXYNS-UHFFFAOYSA-N","MTBLS11904"
"IK_VXBLCLVRWCLEOX-BFYSZXNBSA-N","MTBLS11904"
"IK_VXIXUWQIVKSKSA-UHFFFAOYSA-N","MTBLS11904"
"IK_VXQBJTKSVGFQOL-UHFFFAOYSA-N","MTBLS11904"
"NO_INCHIKEY__4 acetyl 2 methoxyphenyl 6 o 6 deoxy l mannopyranosyl d glucopyranoside","MTBLS11904"
"IK_VXUOFDJKYGDUJI-OAQYLSRUSA-N","MTBLS11904"
"IK_VYFLJWHRKHRHBR-CGLJIMKOSA-N","MTBLS11904"
"IK_VYFYYTLLBUKUHU-UHFFFAOYSA-N","MTBLS11904"
"NO_INCHIKEY__5 hydroxymethyl 4 methoxy 2 5h furanone","MTBLS11904"
"IK_VYIRVAXUEZSDNC-RDJLEWNRSA-N","MTBLS11904"
"IK_VYMDGNCVAMGZFE-UHFFFAOYSA-N","MTBLS11904"
"IK_VYUIKSFYFRVQLF-YLNAYWRASA-N","MTBLS11904"
"IK_VYYMKBGJOHEYSB-ZKQZXHNPSA-N","MTBLS11904"
"IK_VZCYOOQTPOCHFL-OWOJBTEDSA-N","MTBLS11904"
"IK_VZCYOOQTPOCHFL-UPHRSURJSA-N","MTBLS11904"
"IK_VZFRNCSOCOPNDB-AOKDLOFSSA-N","MTBLS11904"
"IK_VZJHQHUOVIDRCF-UHFFFAOYSA-N","MTBLS11904"
"IK_WAAPEIZFCHNLKK-PELKAZGASA-N","MTBLS11904"
"IK_WAZYDHAWJWFGBD-LMJTUUMUSA-N","MTBLS11904"
"IK_WBBQTNCISCKUMU-IUQGRGSQSA-N","MTBLS11904"
"IK_WBIICVGYYRRURR-UHFFFAOYSA-N","MTBLS11904"
"IK_WBOMIOWRFSPZMC-AYICAFKVSA-N","MTBLS11904"
"IK_WBSMIPAMAXNXFS-UHFFFAOYSA-N","MTBLS11904"
"IK_WBYWAXJHAXSJNI-VOTSOKGWSA-N","MTBLS11904"
"IK_WCQFXNQALHURHS-BUHFOSPRSA-N","MTBLS11904"
"IK_WDEABJKSGGRCQA-UHFFFAOYSA-N","MTBLS11904"
"IK_WDLWHQDACQUCJR-PBFPGSCMSA-N","MTBLS11904"
"IK_WDNOQSUMHJTAOV-RAUWIWGKSA-N","MTBLS11904"
"IK_WEQJQNWXCSUVMA-NEPJUHHUSA-N","MTBLS11904"
"IK_WEWBWVMTOYUPHH-QHAQEBJBSA-N","MTBLS11904"
"IK_WEYCUJKFHUWUDC-BSNNDZOISA-N","MTBLS11904"
"IK_WFTPSUGFEZHCGU-UHFFFAOYSA-N","MTBLS11904"
"IK_WFUAUEQXPVNAEF-ZJDVBMNYSA-N","MTBLS11904"
"IK_WGFOBBZOWHGYQH-MXHNKVEKSA-N","MTBLS11904"
"IK_WGGPVIRCYGIRPH-XHATVUSISA-N","MTBLS11904"
"IK_WGNAKZGUSRVWRH-UHFFFAOYSA-N","MTBLS11904"
"IK_WHBMMWSBFZVSSR-UHFFFAOYSA-N","MTBLS11904"
"IK_WHMOBEGYTDWMIG-BSWAIDMHSA-N","MTBLS11904"
"IK_WHNWPMSKXPGLAX-UHFFFAOYSA-N","MTBLS11904"
"IK_WHOOUMGHGSPMGR-UHFFFAOYSA-N","MTBLS11904"
"IK_WHSXTWFYRGOBGO-UHFFFAOYSA-N","MTBLS11904"
"IK_WHUUTDBJXJRKMK-VKHMYHEASA-N","MTBLS11904"
"IK_WILFXLMJFSKQRP-ZDUSSCGKSA-N","MTBLS11904"
"IK_WJAJPNHVVFWKKL-UHFFFAOYSA-N","MTBLS11904"
"IK_WJHRAVIQWFQMKF-UHFFFAOYSA-N","MTBLS11904"
"IK_WJSAFQZKYVRPGM-PABFRNLHSA-N","MTBLS11904"
"IK_WJSDHUCWMSHDCR-VMPITWQZSA-N","MTBLS11904"
"IK_WKBALTUBRZPIPZ-UHFFFAOYSA-N","MTBLS11904"
"IK_WKMBZTIVAJAWBA-UHFFFAOYSA-N","MTBLS11904"
"IK_WKQNRCYKYCKESD-YVHLTTHBSA-N","MTBLS11904"
"IK_WKWLFVVHPPHSPJ-QNBJRWHPSA-N","MTBLS11904"
"IK_WKZWTZTZWGWEGE-UHFFFAOYSA-N","MTBLS11904"
"IK_WLGDDELKYAWBBL-UHFFFAOYSA-N","MTBLS11904"
"IK_WLJVXDMOQOGPHL-UHFFFAOYSA-N","MTBLS11904"
"IK_WLRVSRJKZYZCJY-UHFFFAOYSA-N","MTBLS11904"
"IK_WLXCRBOZJKAXCC-UHFFFAOYSA-N","MTBLS11904"
"IK_WMJJBPKYVQALFE-DYYSOKHRSA-N","MTBLS11904"
"IK_WMUMHAZHWIUBPN-UONOGXRCSA-N","MTBLS11904"
"IK_WMUMZOAFCDOTRW-OVEHVULHSA-N","MTBLS11904"
"IK_WNFXUXZJJKTDOZ-OAHLLOKOSA-N","MTBLS11904"
"IK_WNLRTRBMVRJNCN-UHFFFAOYSA-N","MTBLS11904"
"IK_WNSUMUNACHNURC-UHFFFAOYSA-N","MTBLS11904"
"IK_WNYADZVDBIBLJJ-UHFFFAOYSA-N","MTBLS11904"
"IK_WOAHJDHKFWSLKE-UHFFFAOYSA-N","MTBLS11904"
"IK_WOODKECARRKLJJ-DIJRFRLPSA-N","MTBLS11904"
"IK_WPJGPAAPSBVXNU-HZJYTTRNSA-N","MTBLS11904"
"IK_WPMWEFXCIYCJSA-UHFFFAOYSA-N","MTBLS11904"
"IK_WPOCIZJTELRQMF-LFRCEIEQSA-N","MTBLS11904"
"IK_WPTTVJLTNAWYAO-KPOXMGGZSA-N","MTBLS11904"
"IK_WPYMKLBDIGXBTP-UHFFFAOYSA-N","MTBLS11904"
"IK_WQGWDDDVZFFDIG-UHFFFAOYSA-N","MTBLS11904"
"IK_WQLVFSAGQJTQCK-VKROHFNGSA-N","MTBLS11904"
"IK_WQXXBAWHDQWCKL-XVFCMESISA-N","MTBLS11904"
"IK_WQXXXHMEBYGSBG-OLQVQODUSA-N","MTBLS11904"
"IK_WQXXXVRAFAKQJM-WHFBIAKZSA-N","MTBLS11904"
"IK_WQZGKKKJIJFFOK-GASJEMHNSA-N","MTBLS11904"
"IK_WQZGKKKJIJFFOK-SVZMEOIVSA-N","MTBLS11904"
"IK_WQZRAWSNEARGPQ-UHFFFAOYSA-N","MTBLS11904"
"IK_WRADPCFZZWXOTI-BMRADRMJSA-N","MTBLS11904"
"IK_WRDTXMBPHMBGIB-STECZYCISA-N","MTBLS11904"
"IK_WRNKIDLXXXIELU-IEBWSBKVSA-N","MTBLS11904"
"IK_WSFWBZJRQNTKQQ-SNAWJCMRSA-N","MTBLS11904"
"IK_WSGVTKZFVJSJOG-RCOVLWMOSA-N","MTBLS11904"
"IK_WSOXREPRCVQMSJ-UHFFFAOYSA-N","MTBLS11904"
"IK_WSWCOQWTEOXDQX-MQQKCMAXSA-N","MTBLS11904"
"IK_WTIIULQJLZEHGZ-AWFVSMACSA-L","MTBLS11904"
"IK_WTJKGGKOPKCXLL-VYOBOKEXSA-N","MTBLS11904"
"IK_WTNZLKZBPONVPE-RYKNKZFFSA-N","MTBLS11904"
"IK_WTOYNGQRGOLPNU-UHFFFAOYSA-N","MTBLS11904"
"IK_WTSNEXSNFSFTFK-DJGAMQLYSA-N","MTBLS11904"
"IK_WTWBUQJHJGUZCY-UHFFFAOYSA-N","MTBLS11904"
"IK_WVALHIPEZZNFKT-VYPHAONASA-N","MTBLS11904"
"IK_WVBBZEILYLXGFN-RBUKOAKNSA-N","MTBLS11904"
"IK_WVGALBKSWOUIEZ-XNHMFJFDSA-N","MTBLS11904"
"IK_WVMWZWGZRAXUBK-SYTVJDICSA-N","MTBLS11904"
"IK_WVTMNZAPPOMZST-JZCVQVRRSA-N","MTBLS11904"
"IK_WVULKSPCQVQLCU-BUXLTGKBSA-N","MTBLS11904"
"IK_WVVVLOJZCPRPQC-UHFFFAOYSA-N","MTBLS11904"
"IK_WWEKVOUOQUHVHS-UHFFFAOYSA-N","MTBLS11904"
"IK_WWNNZCOKKKDOPX-UHFFFAOYSA-N","MTBLS11904"
"IK_WWSWYXNVCBLWNZ-QIZQQNKQSA-N","MTBLS11904"
"IK_WWUZIQQURGPMPG-KRWOKUGFSA-N","MTBLS11904"
"IK_WWZKQHOCKIZLMA-UHFFFAOYSA-M","MTBLS11904"
"IK_WWZKQHOCKIZLMA-UHFFFAOYSA-N","MTBLS11904"
"IK_WXAADESEYPIPOB-GLRKTWBISA-N","MTBLS11904"
"IK_WXHUQVMHWUQNTG-JSWHPQHOSA-N","MTBLS11904"
"IK_WXNXCEHXYPACJF-UHFFFAOYSA-N","MTBLS11904"
"IK_WXNXCEHXYPACJF-ZETCQYMHSA-N","MTBLS11904"
"NO_INCHIKEY__gln leu glu lys","MTBLS11904"
"NO_INCHIKEY__glu trp","MTBLS11904"
"IK_WXSTZZVBULFWJM-ZETCQYMHSA-N","MTBLS11904"
"IK_WXTMDXOMEHJXQO-UHFFFAOYSA-N","MTBLS11904"
"IK_WXURHACBFYSXBI-GQKYHHCASA-N","MTBLS11904"
"NO_INCHIKEY__gly phe asn thr phe","MTBLS11904"
"IK_WYKHFQKONWMWQM-UHFFFAOYSA-N","MTBLS11904"
"IK_WYVKPHCYMTWUCW-UHFFFAOYSA-N","MTBLS11904"
"IK_WZCLAXMADUBPSG-RIXBAXMTSA-N","MTBLS11904"
"IK_WZNJWVWKTVETCG-YFKPBYRVSA-N","MTBLS11904"
"IK_WZSDNEJJUSYNSG-UHFFFAOYSA-N","MTBLS11904"
"IK_XAUDJQYHKZQPEU-KVQBGUIXSA-N","MTBLS11904"
"IK_XBDQKXXYIPTUBI-UHFFFAOYSA-N","MTBLS11904"
"IK_XBGIMYLOTRDXPK-AGXIJRPPSA-N","MTBLS11904"
"IK_XBGLCVZQMWKHFC-NMQALWILSA-N","MTBLS11904"
"NO_INCHIKEY__gpcho 2 0 18 3","MTBLS11904"
"IK_XBKGKVBBQAVORB-DVCDPERKSA-N","MTBLS11904"
"IK_XBSQTYHEGZTYJE-OETIFKLTSA-N","MTBLS11904"
"IK_XBVUKAHAVXVVAD-UHFFFAOYSA-N","MTBLS11904"
"IK_XCGYUJZMCCFSRP-UHFFFAOYSA-N","MTBLS11904"
"IK_XCIXKGXIYUWCLL-UHFFFAOYSA-N","MTBLS11904"
"IK_XCLBLPLSYOQBEP-UHFFFAOYSA-N","MTBLS11904"
"IK_XCLJRCAJSCMIND-JCTYMORFSA-N","MTBLS11904"
"IK_XCRLPASVMPBQHF-FQEVSTJZSA-N","MTBLS11904"
"IK_XDSSPSLGNGIIHP-VKHMYHEASA-N","MTBLS11904"
"IK_XEBKSQSGNGRGDW-YFHOEESVSA-N","MTBLS11904"
"IK_XECPAIJNBXCOBO-MMPJQOAZSA-N","MTBLS11904"
"IK_XEKYYIHOWASTHE-UHFFFAOYSA-N","MTBLS11904"
"IK_XEUPFPHHPCQXFV-UHFFFAOYSA-N","MTBLS11904"
"IK_XEVQXKKKAVVSMW-WRWORJQWSA-N","MTBLS11904"
"IK_XEVRBOQZSXWGQO-PAUXXPOVSA-N","MTBLS11904"
"IK_XFTRTWQBIOMVPK-UHFFFAOYSA-N","MTBLS11904"
"IK_XGILAAMKEQUXLS-UHFFFAOYSA-N","MTBLS11904"
"IK_XGLZBINKZRQAPD-OTMYLMJASA-N","MTBLS11904"
"IK_XGNASSAYQHESTL-BYPYZUCNSA-N","MTBLS11904"
"IK_XGRLSUFHELJJAB-KVVVOXFISA-M","MTBLS11904"
"IK_XGWNSZFVLRVRKZ-UHFFFAOYSA-N","MTBLS11904"
"IK_XGYIMTFOTBMPFP-KQYNXXCUSA-N","MTBLS11904"
"IK_XHBSBNYEHDQRCP-UHFFFAOYSA-N","MTBLS11904"
"IK_XHDHWGKEDVWKAN-ONNLMXTPSA-N","MTBLS11904"
"IK_XHHOHZPNYFQJKL-QWRGUYRKSA-N","MTBLS11904"
"IK_XHMGEKKHSKIGMI-BDBJOHPESA-N","MTBLS11904"
"IK_XIFCIPQKMAMFGE-QIAWJANFSA-N","MTBLS11904"
"IK_XINCECQTMHSORG-UHFFFAOYSA-N","MTBLS11904"
"IK_XIVFQYWMMJWUCD-VSTJRZLJSA-N","MTBLS11904"
"IK_XJGBDJOMWKAZJS-UHFFFAOYSA-N","MTBLS11904"
"IK_XJLATMLVMSFZBN-VYDXJSESSA-N","MTBLS11904"
"IK_XJMMNTGIMDZPMU-UHFFFAOYSA-N","MTBLS11904"
"IK_XJODGRWDFZVTKW-UHFFFAOYSA-N","MTBLS11904"
"IK_XJSFLOJWULLJQS-NGVXBBESSA-N","MTBLS11904"
"IK_XJZGNVBLVFOSKJ-XZULNKEGSA-N","MTBLS11904"
"IK_XJZNMEMKZBFUIZ-GWDFKZQESA-N","MTBLS11904"
"IK_XKBJVQHMEXMFDZ-AREMUKBSSA-N","MTBLS11904"
"IK_XKXOQMAKWNRIFD-MHDFSROXSA-N","MTBLS11904"
"IK_XKYICAQFSCFURC-UHFFFAOYSA-N","MTBLS11904"
"IK_XLBVNMSMFQMKEY-BYPYZUCNSA-N","MTBLS11904"
"IK_XLHUBROMZOAQMV-UHFFFAOYSA-N","MTBLS11904"
"IK_XLUAWXQORJEMBD-YUMQZZPRSA-N","MTBLS11904"
"IK_XMIFBEZRFMTGRL-TURQNECASA-N","MTBLS11904"
"IK_XMLFPUBZFSJWCN-UHFFFAOYSA-N","MTBLS11904"
"IK_XMWHRVNVKDKBRG-UHNVWZDZSA-N","MTBLS11904"
"IK_XMWINMVFKPHMJB-UHFFFAOYSA-N","MTBLS11904"
"IK_XMYFJYXXQPMWED-VQHVLOKHSA-N","MTBLS11904"
"IK_XMZFUVYOYPLVOA-VLHUWQDUSA-N","MTBLS11904"
"IK_XNGIFLGASWRNHJ-UHFFFAOYSA-N","MTBLS11904"
"IK_XNKLLVCARDGLGL-JGVFFNPUSA-N","MTBLS11904"
"IK_XOAAWQZATWQOTB-UHFFFAOYSA-N","MTBLS11904"
"NO_INCHIKEY__mg 10 0 0 0 0 0","MTBLS11904"
"IK_XOASTWITKYDKAJ-PPQPEBMASA-N","MTBLS11904"
"IK_XOEUHCONYHZURQ-HNUBZJOYSA-N","MTBLS11904"
"IK_XOFYZVNMUHMLCC-ZPOLXVRWSA-N","MTBLS11904"
"IK_XOMRRQXKHMYMOC-OAQYLSRUSA-N","MTBLS11904"
"IK_XOMRRQXKHMYMOC-UHFFFAOYSA-N","MTBLS11904"
"IK_XPBXOWYWJUBGMF-UHFFFAOYSA-N","MTBLS11904"
"IK_XPEZGWHLHCVJMV-SYESHANZSA-N","MTBLS11904"
"IK_XPJVKCRENWUEJH-UHFFFAOYSA-N","MTBLS11904"
"IK_XPQULTFBJPGINB-UHFFFAOYSA-N","MTBLS11904"
"IK_XQSPYNMVSIKCOC-NTSWFWBYSA-N","MTBLS11904"
"IK_XRHGYUZYPHTUJZ-UHFFFAOYSA-N","MTBLS11904"
"IK_XRHMVNYIWRBFDB-UHFFFAOYSA-N","MTBLS11904"
"IK_XRIOEAXABJXXOB-CCZSOTCQSA-N","MTBLS11904"
"IK_XRISENIKJUKIHD-LHQZMKCDSA-N","MTBLS11904"
"IK_XSCYYIVXGBKTOC-GZZJDILISA-N","MTBLS11904"
"IK_XSXIVVZCUAHUJO-AVQMFFATSA-N","MTBLS11904"
"IK_XTKGXPFBKPYFDW-UHFFFAOYSA-N","MTBLS11904"
"IK_XTWYTFMLZFPYCI-KQYNXXCUSA-N","MTBLS11904"
"IK_XUFIWSHGXVLULG-IDLVJFIQSA-N","MTBLS11904"
"IK_XUIIKFGFIJCVMT-LBPRGKRZSA-N","MTBLS11904"
"IK_XUJWOMMOEOHPFP-UTJQPWESSA-N","MTBLS11904"
"IK_XULZWQRXYTVUTE-UHFFFAOYSA-N","MTBLS11904"
"IK_XURBWYCGQQXTHJ-UHFFFAOYSA-N","MTBLS11904"
"IK_XUSYGBPHQBWGAD-PJSUUKDQSA-N","MTBLS11904"
"IK_XUUMFDUVFVNHSM-CMDGGOBGSA-N","MTBLS11904"
"IK_XUVJDFTVUZWJIR-UHFFFAOYSA-N","MTBLS11904"
"IK_XUWHAWMETYGRKB-UHFFFAOYSA-N","MTBLS11904"
"IK_XUWLAGNFLUARAN-CHQNGUEUSA-N","MTBLS11904"
"IK_XUYPXLNMDZIRQH-LURJTMIESA-N","MTBLS11904"
"IK_XVIHASZHSRQYCV-YWYYGOADSA-N","MTBLS11904"
"IK_XVOHELPNOXGRBQ-NXAIOARDSA-N","MTBLS11904"
"IK_XVOUMQNXTGKGMA-OWOJBTEDSA-N","MTBLS11904"
"IK_XVQDCCGQSOTQBN-RXCALXPUSA-N","MTBLS11904"
"IK_XVTARERDLIZSBS-KSCSMHSMSA-N","MTBLS11904"
"IK_XWHHYOYVRVGJJY-QMMMGPOBSA-N","MTBLS11904"
"IK_XWRHBGVVCOSNKO-OPGYGNEESA-N","MTBLS11904"
"IK_XWTYSIMOBUGWOL-UHFFFAOYSA-N","MTBLS11904"
"IK_XWYBFXIUISNTQG-XPYNSANSSA-N","MTBLS11904"
"IK_XXEPPPIWZFICOJ-UHFFFAOYSA-N","MTBLS11904"
"IK_XXEWFEBMSGLYBY-UHFFFAOYSA-N","MTBLS11904"
"IK_XXFACTAYGKKOQB-ZETCQYMHSA-N","MTBLS11904"
"IK_XXZPYJHULCBZPT-UHFFFAOYSA-N","MTBLS11904"
"IK_XYFFWTYOFPSZRM-TWNAANEASA-N","MTBLS11904"
"IK_XYJOGTQLTFNMQG-KJHBSLKPSA-N","MTBLS11904"
"IK_XYWRZQQANNOTTD-UHFFFAOYSA-N","MTBLS11904"
"IK_XYYHNDVKALDFHQ-OXHZBIAZSA-N","MTBLS11904"
"IK_XZAFZXJXZHRNAQ-STQMWFEESA-N","MTBLS11904"
"IK_XZBJVIQXJHGUBE-HZMVJJPJSA-N","MTBLS11904"
"IK_XZEUQPYAKYHAIW-SOFGYWHQSA-N","MTBLS11904"
"IK_XZOBJEOEOJXQBF-UHFFFAOYSA-N","MTBLS11904"
"IK_XZOSNHNAQRVGSZ-UHFFFAOYSA-N","MTBLS11904"
"IK_XZTUSOXSLKTKJQ-CESUGQOBSA-N","MTBLS11904"
"IK_XZTYGFHCIAKPGJ-UHFFFAOYSA-N","MTBLS11904"
"IK_XZUDOWCTKOXYCZ-UHFFFAOYSA-N","MTBLS11904"
"IK_XZZMJRBYVRSAOS-UHFFFAOYSA-N","MTBLS11904"
"IK_YAADMLWHGMUGQL-VOTSOKGWSA-N","MTBLS11904"
"IK_YACHGFWEQXFSBS-XYERBDPFSA-N","MTBLS11904"
"IK_YAICYXFUKKMAKO-DBQWNMKUSA-N","MTBLS11904"
"IK_YALFFHSIVPCNLF-QPSCCSFWSA-N","MTBLS11904"
"IK_YARKMNAWFIMDKV-UHFFFAOYSA-N","MTBLS11904"
"IK_YAZBCYAYQHWOBG-UHFFFAOYSA-N","MTBLS11904"
"IK_YBAFDPFAUTYYRW-YUMQZZPRSA-N","MTBLS11904"
"IK_YBAVZMWJCPETFA-QFTUWMPFSA-N","MTBLS11904"
"IK_YBDFPZJQBYCWBA-WMTBOZPISA-N","MTBLS11904"
"IK_YBGBNHHXOJXFNM-UQCMLMITSA-N","MTBLS11904"
"IK_YBGWTZSEYYMFJI-AXUSBXICSA-N","MTBLS11904"
"IK_YBMOTEQVMANKGX-JAMMHHFISA-O","MTBLS11904"
"IK_YBOSYVPZRIDFAY-QSNZGGCFSA-N","MTBLS11904"
"IK_YBUXFQUGNPBZPS-YNBHEIDWSA-N","MTBLS11904"
"IK_YCCILVSKPBXVIP-UHFFFAOYSA-N","MTBLS11904"
"IK_YCIMNLLNPGFGHC-UHFFFAOYSA-N","MTBLS11904"
"IK_YCPXWRQRBFJBPZ-UHFFFAOYSA-N","MTBLS11904"
"IK_YCXUCEXEMJPDRZ-UHFFFAOYSA-N","MTBLS11904"
"IK_YDCKQKAUVJTIHE-UHFFFAOYSA-N","MTBLS11904"
"IK_YDCRNMJQROAWFT-RXMQYKEDSA-N","MTBLS11904"
"IK_YDNKGFDKKRUKPY-TURZORIXSA-N","MTBLS11904"
"IK_YDTWOEYVDRKKCR-KNERPIHHSA-N","MTBLS11904"
"IK_YEFJYYIIBNWRQV-UHFFFAOYSA-N","MTBLS11904"
"IK_YEHAZLUVAZKVRO-PDWSRYNESA-N","MTBLS11904"
"IK_YEJRWHAVMIAJKC-UHFFFAOYSA-N","MTBLS11904"
"IK_YFXWTVLDSKSYLW-NSCUHMNNSA-N","MTBLS11904"
"IK_YGNHGXTZNFXTBH-GQCTYLIASA-N","MTBLS11904"
"IK_YGPSJZOEDVAXAB-UHFFFAOYSA-N","MTBLS11904"
"IK_YGSDEFSMJLZEOE-UHFFFAOYSA-N","MTBLS11904"
"IK_YHEDRJPUIRMZMP-ZWKOTPCHSA-N","MTBLS11904"
"IK_YHFPHRUWZMEOIX-CYDGBPFRSA-N","MTBLS11904"
"IK_YHGXYYIGHBPDMX-BUTFDPNWSA-N","MTBLS11904"
"IK_YHHSONZFOIEMCP-UHFFFAOYSA-N","MTBLS11904"
"IK_YHWNASRGLKJRJJ-KRWDZBQOSA-N","MTBLS11904"
"IK_YIAPLDFPUUJILH-UHFFFAOYSA-N","MTBLS11904"
"IK_YIKYNHJUKRTCJL-UHFFFAOYSA-N","MTBLS11904"
"IK_YIQRSAKVWZVLDN-QZTNRIJFSA-N","MTBLS11904"
"IK_YJAJDSAILYGJQK-AATRIKPKSA-N","MTBLS11904"
"IK_YJBKIVNOGNRKDV-UHFFFAOYSA-N","MTBLS11904"
"IK_YJTVZHOYBAOUTO-URBBEOKESA-N","MTBLS11904"
"IK_YKRGDOXKVOZESV-WRJNSLSBSA-N","MTBLS11904"
"IK_YKZFASAFVKFZJE-UHFFFAOYSA-N","MTBLS11904"
"IK_YLEIFZAVNWDOBM-UHFFFAOYSA-N","MTBLS11904"
"IK_YLFRRPUBVUAHSR-RRPFGEQOSA-N","MTBLS11904"
"IK_YLJOVCWVJCDPLN-UHFFFAOYSA-N","MTBLS11904"
"IK_YLKVIMNNMLKUGJ-BQYQJAHWSA-N","MTBLS11904"
"IK_YLOIOWBAQMCQNL-ROATZPNCSA-N","MTBLS11904"
"IK_YLWSJLLZUHSIEA-CKSUKHGVSA-N","MTBLS11904"
"IK_YLZRFVZUZIJABA-UHFFFAOYSA-N","MTBLS11904"
"IK_YMAHRLYIAABQRQ-UHFFFAOYSA-N","MTBLS11904"
"IK_YMGFTDKNIWPMGF-UCPJVGPRSA-N","MTBLS11904"
"IK_YMGUBTXCNDTFJI-UHFFFAOYSA-N","MTBLS11904"
"IK_YMGXOQLWSYJFSD-FALRGZJFSA-N","MTBLS11904"
"IK_YMIXNQVKVPYZHL-YWSRBNGNSA-N","MTBLS11904"
"IK_YMJNFVUJNDWLND-ZHACJKMWSA-N","MTBLS11904"
"IK_YMXANTWTWUQRLJ-XGZMHBGESA-N","MTBLS11904"
"IK_YNAVUWVOSKDBBP-UHFFFAOYSA-N","MTBLS11904"
"IK_YNIJMKWVLKABRN-TWDSNVLRSA-N","MTBLS11904"
"IK_YNLRDTBLEOQPQL-UHFFFAOYSA-N","MTBLS11904"
"IK_YNNMOGWGBFSMGB-UHFFFAOYSA-N","MTBLS11904"
"IK_YNXICDMQCQPQEW-UHFFFAOYSA-N","MTBLS11904"
"IK_YODZTKMDCQEPHD-UHFFFAOYSA-N","MTBLS11904"
"IK_YOEBAVRJHRCKRE-UHFFFAOYSA-N","MTBLS11904"
"IK_YOILXOMTHPUMRG-TZMCWYRMSA-N","MTBLS11904"
"IK_YOSHYTLCDANDAN-UHFFFAOYSA-N","MTBLS11904"
"IK_YPIGGYHFMKJNKV-UHFFFAOYSA-N","MTBLS11904"
"IK_YPIQXPKZXKWWSZ-UHFFFAOYSA-N","MTBLS11904"
"IK_YPJUNDFVDDCYIH-UHFFFAOYSA-N","MTBLS11904"
"IK_YPUCCOVOHHZJPR-GDGIDMNUSA-N","MTBLS11904"
"IK_YPXHXDXMTWPQTO-SNAWJCMRSA-N","MTBLS11904"
"NO_INCHIKEY__pe 18 3 0 0","MTBLS11904"
"IK_YQDZGFAYWGWSJK-SLMGBJJTSA-N","MTBLS11904"
"IK_YQEZLKZALYSWHR-UHFFFAOYSA-N","MTBLS11904"
"IK_YQGDEPYYFWUPGO-UHFFFAOYSA-N","MTBLS11904"
"IK_YQYUWUKDEVZFDB-UHFFFAOYSA-N","MTBLS11904"
"IK_YRCWQPVGYLYSOX-VIFPVBQESA-N","MTBLS11904"
"IK_YRHWKFMGEDDGIJ-UHFFFAOYSA-N","MTBLS11904"
"IK_YRKLGWOHYXIKSF-LBPRGKRZSA-N","MTBLS11904"
"IK_YRKZDONPVFEWNN-HBCPYPPXSA-N","MTBLS11904"
"IK_YRXIDKUVBPMNRA-YTOKZNHUSA-N","MTBLS11904"
"IK_YRXOQXUDKDCXME-YIVRLKKSSA-N","MTBLS11904"
"IK_YSLVYCWXAPPBIQ-UHFFFAOYSA-N","MTBLS11904"
"IK_YSMODUONRAFBET-UHNVWZDZSA-N","MTBLS11904"
"IK_YSSSPARMOAYJTE-UHFFFAOYSA-N","MTBLS11904"
"IK_YSUPYJPCFRZHTJ-UHFFFAOYSA-N","MTBLS11904"
"IK_YTBSYETUWUMLBZ-IUYQGCFVSA-N","MTBLS11904"
"IK_YTFFUORSCQHTLA-QNPHJADPSA-N","MTBLS11904"
"IK_YTMBNLHIDIKJIU-HCXYKTFWSA-N","MTBLS11904"
"IK_YTPRLBGPGZHUPD-SSDOTTSWSA-N","MTBLS11904"
"IK_YTZASGUOZDZYSL-UHFFFAOYSA-N","MTBLS11904"
"IK_YUFFSWGQGVEMMI-RCHUDCCISA-N","MTBLS11904"
"IK_YUPCLHHTUNDMAN-UHFFFAOYSA-N","MTBLS11904"
"IK_YUTNOGOMBNYPFH-XUXIUFHCSA-N","MTBLS11904"
"IK_YVPPHAUZYVAQNM-UHFFFAOYSA-N","MTBLS11904"
"IK_YVWPKMWQKWFMBB-UHFFFAOYSA-N","MTBLS11904"
"IK_YVYMBNSKXOXSKW-HXUWFJFHSA-N","MTBLS11904"
"IK_YVYMBNSKXOXSKW-UHFFFAOYSA-N","MTBLS11904"
"IK_YWDDIWXKFJEMKF-JTZVLWBESA-N","MTBLS11904"
"IK_YWWVWXASSLXJHU-WAYWQWQTSA-N","MTBLS11904"
"IK_YWZAPMXAANPWLC-DCAQKATOSA-N","MTBLS11904"
"IK_YXFNPRHZMOGREC-UHFFFAOYSA-N","MTBLS11904"
"IK_YXIWHUQXZSMYRE-UHFFFAOYSA-N","MTBLS11904"
"IK_YYAYRZYQSCUFIG-ZTYLUMCNSA-N","MTBLS11904"
"IK_YYELLDKEOUKVIQ-UHFFFAOYSA-N","MTBLS11904"
"IK_YYIUHLPAZILPSG-SMILAEQMSA-N","MTBLS11904"
"IK_YYIXZLMPKIFFGQ-ONNNWOQGSA-N","MTBLS11904"
"IK_YYMCYJLIYNNOMK-UHFFFAOYSA-N","MTBLS11904"
"IK_YYQVCMMXPIJVHY-ZOIJLGJPSA-N","MTBLS11904"
"IK_YYSFWGQAKJTHRE-MEOKJUQFSA-N","MTBLS11904"
"IK_YYVUMXYSCXRWIL-UHFFFAOYSA-N","MTBLS11904"
"IK_YYZUSRORWSJGET-UHFFFAOYSA-N","MTBLS11904"
"IK_YZNNBIPIQWYLDM-HSUXUTPPSA-N","MTBLS11904"
"IK_YZXBAPSDXZZRGB-DOFZRALJSA-N","MTBLS11904"
"IK_ZAFDCAVLVDWCPI-UHFFFAOYSA-N","MTBLS11904"
"IK_ZAGRKAFMISFKIO-QMTHXVAHSA-N","MTBLS11904"
"IK_ZAIPMKNFIOOWCQ-UEKVPHQBSA-N","MTBLS11904"
"IK_ZAVFAQIEEDHGRI-JVYSIHAYSA-N","MTBLS11904"
"IK_ZBAYEKZBNZHVGF-ZAQYYTCTSA-N","MTBLS11904"
"IK_ZBBHBTPTTSWHBA-UHFFFAOYSA-N","MTBLS11904"
"IK_ZBCATMYQYDCTIZ-UHFFFAOYSA-N","MTBLS11904"
"IK_ZBCBWPMODOFKDW-UHFFFAOYSA-N","MTBLS11904"
"IK_ZBHYMNYETSSWIX-RMKNXTFCSA-N","MTBLS11904"
"IK_ZBOQHUSCQCEBGK-JLRCLJKCSA-N","MTBLS11904"
"IK_ZBXWGKPUSLRPHX-QOIVFALESA-N","MTBLS11904"
"IK_ZBXYMKUZCWCGPC-BDWKERMESA-N","MTBLS11904"
"IK_ZCDKJIRLFSPIQI-QPJJXVBHSA-N","MTBLS11904"
"IK_ZCTWMWAMUYXALL-WLGWGOQCSA-N","MTBLS11904"
"IK_ZCXGMSGCBDSEOY-UHFFFAOYSA-N","MTBLS11904"
"IK_ZDFLHZVTXWIGQV-UHFFFAOYSA-N","MTBLS11904"
"IK_ZDHCZVWCTKTBRY-UHFFFAOYSA-N","MTBLS11904"
"IK_ZDHRSPRSUBAAIO-FNORWQNLSA-N","MTBLS11904"
"IK_ZDXPYRJPNDTMRX-VKHMYHEASA-N","MTBLS11904"
"IK_ZDZWIQDJFWTDAM-NQIIRXRSSA-N","MTBLS11904"
"NO_INCHIKEY__pl","MTBLS11904"
"IK_ZEMGGZBWXRYJHK-UHFFFAOYSA-N","MTBLS11904"
"IK_ZEXLJFNSKAHNFH-SYKYGTKKSA-N","MTBLS11904"
"IK_ZFACUKICYTXONE-IWDZABBFSA-N","MTBLS11904"
"IK_ZFFFJLDTCLJDHL-JQYCEVDMSA-N","MTBLS11904"
"IK_ZFFFJLDTCLJDHL-UHFFFAOYSA-N","MTBLS11904"
"IK_ZFMSMUAANRJZFM-UHFFFAOYSA-N","MTBLS11904"
"IK_ZFOZVQLOBQUTQQ-UHFFFAOYSA-N","MTBLS11904"
"IK_ZFRKQXVRDFCRJG-UHFFFAOYSA-N","MTBLS11904"
"IK_ZFXYFBGIUFBOJW-UHFFFAOYSA-N","MTBLS11904"
"IK_ZGCHLOWZNKRZSN-NTSWFWBYSA-N","MTBLS11904"
"IK_ZGKDAEWLTNBSEJ-GHMZBOCLSA-N","MTBLS11904"
"IK_ZGXJTSGNIOSYLO-UHFFFAOYSA-N","MTBLS11904"
"IK_ZHQJVZLJDXWFFX-RPDRRWSUSA-N","MTBLS11904"
"IK_ZHTQCPCDXKMMLU-UHFFFAOYSA-N","MTBLS11904"
"IK_ZHZKWZJLUNXOSN-LOCIZFEWSA-N","MTBLS11904"
"IK_ZIBGPFATKBEMQZ-UHFFFAOYSA-N","MTBLS11904"
"IK_ZICVPLGXTMCKHF-ROUYHVFWSA-N","MTBLS11904"
"IK_ZIKZPLSIAVHITA-WNGDLQANSA-N","MTBLS11904"
"IK_ZILZDFSDUXZZAT-UHFFFAOYSA-N","MTBLS11904"
"IK_ZIMMPNSGYHHAIF-MNIDJLETSA-N","MTBLS11904"
"IK_ZIWNJZLXPXFNGN-GXTQQWMXSA-N","MTBLS11904"
"IK_ZIYVHBGGAOATLY-UHFFFAOYSA-N","MTBLS11904"
"IK_ZJAZCYLYLVCSNH-JHJVBQTASA-N","MTBLS11904"
"IK_ZJDPLLSGJXQZSR-HMPWLZDGSA-N","MTBLS11904"
"IK_ZJIJDTZEEABZPM-PUFJAHBCSA-N","MTBLS11904"
"NO_INCHIKEY__ser ser oh","MTBLS11904"
"IK_ZJKWJHONFFKJHG-UHFFFAOYSA-N","MTBLS11904"
"IK_ZJUKTBDSGOFHSH-WFMPWKQPSA-N","MTBLS11904"
"IK_ZKLLSNQJRLJIGT-UYFOZJQFSA-N","MTBLS11904"
"IK_ZKLXUUYLEHCAMF-UUWFMWQGSA-N","MTBLS11904"
"IK_ZKMZBAABQFUXFE-UHFFFAOYSA-O","MTBLS11904"
"IK_ZKQOUHVVXABNDG-IUCAKERBSA-N","MTBLS11904"
"IK_ZKRFOXLVOKTUTA-KQYNXXCUSA-N","MTBLS11904"
"IK_ZKTMLINFIQCERN-QGZVFWFLSA-O","MTBLS11904"
"IK_ZLBGSRMUSVULIE-GSMJGMFJSA-N","MTBLS11904"
"IK_ZLCUIOWQYBYEBG-UHFFFAOYSA-N","MTBLS11904"
"IK_ZLIGRGHTISHYNH-WUXMJOGZSA-N","MTBLS11904"
"IK_ZMCBYSBVJIMENC-UHFFFAOYSA-N","MTBLS11904"
"IK_ZMITXKRGXGRMKS-LUJOEAJASA-N","MTBLS11904"
"IK_ZMXDDKWLCZADIW-UHFFFAOYSA-N","MTBLS11904"
"NO_INCHIKEY__sm d15 0 2 0","MTBLS11904"
"IK_ZNJFBWYDHIGLCU-HWKXXFMVSA-N","MTBLS11904"
"IK_ZNOLGFHPUIJIMJ-UHFFFAOYSA-N","MTBLS11904"
"IK_ZOJBSSVHFSBHMP-JJJSWPRASA-N","MTBLS11904"
"IK_ZOJBYZNEUISWFT-UHFFFAOYSA-N","MTBLS11904"
"IK_ZONSVLURFASOJK-LLAGZRPASA-N","MTBLS11904"
"IK_ZOTBXTZVPHCKPN-HTXNQAPBSA-N","MTBLS11904"
"IK_ZPLOQFLCMVIWRY-UHFFFAOYSA-N","MTBLS11904"
"IK_ZPVOLGVTNLDBFI-UHFFFAOYSA-N","MTBLS11904"
"IK_ZPWVTTHIHKYUQK-UHFFFAOYSA-N","MTBLS11904"
"IK_ZPZUGHMDLKWJOU-LMSYVIICSA-N","MTBLS11904"
"IK_ZQDWXGKKHFNSQK-UHFFFAOYSA-N","MTBLS11904"
"IK_ZQIULKXWJGSFAC-UHFFFAOYSA-N","MTBLS11904"
"IK_ZQPPMHVWECSIRJ-KTKRTIGZSA-N","MTBLS11904"
"IK_ZQTAMPRZFOOEEP-HZJYTTRNSA-N","MTBLS11904"
"IK_ZQYUKJFJPJDMMR-ZDWCHQGWSA-N","MTBLS11904"
"IK_ZREXGWPJFRJAJU-SWESGNQDSA-N","MTBLS11904"
"IK_ZRKZFNZPJKEWPC-UHFFFAOYSA-N","MTBLS11904"
"IK_ZRQXMKMBBMNNQC-UHFFFAOYSA-N","MTBLS11904"
"IK_ZSIQJIWKELUFRJ-UHFFFAOYSA-N","MTBLS11904"
"IK_ZSTCZWJCLIRCOJ-DGCLKSJQSA-N","MTBLS11904"
"IK_ZSYMQFVRTIVMFA-JAHIUHDMSA-N","MTBLS11904"
"IK_ZTFGOPUOTATSAL-CFVDWFIMSA-N","MTBLS11904"
"IK_ZTQGTBHHQGGBSV-ATVZYYHQSA-N","MTBLS11904"
"IK_ZTQSAGDEMFDKMZ-UHFFFAOYSA-N","MTBLS11904"
"IK_ZTTODOAGUDGDQH-HYVCQBOXSA-N","MTBLS11904"
"IK_ZTZQZGHJLWFLFQ-VZBWJDOASA-N","MTBLS11904"
"IK_ZUILKEWVWUKSAO-ZZXKWVIFSA-N","MTBLS11904"
"IK_ZUXGPPMNMKSOEO-LFYBBSHMSA-N","MTBLS11904"
"IK_ZVDPYSVOZFINEE-BQBZGAKWSA-N","MTBLS11904"
"IK_ZWCCSIUBHCZKOY-UHFFFAOYSA-N","MTBLS11904"
"IK_ZWDYIYOIBZOENK-YZGJGUBNSA-N","MTBLS11904"
"IK_ZWRRJEICIPUPHZ-DAOPMYJZSA-N","MTBLS11904"
"IK_ZWRRJEICIPUPHZ-UHFFFAOYSA-N","MTBLS11904"
"IK_ZWRUINPWMLAQRD-UHFFFAOYSA-N","MTBLS11904"
"IK_ZXEUFAVXODIPHC-GUBZILKMSA-N","MTBLS11904"
"IK_ZXJIQOBYRBTOLH-UHFFFAOYSA-N","MTBLS11904"
"IK_ZXNAIPHYBVMMPY-DHSLYTQISA-N","MTBLS11904"
"IK_ZXSWTMLNIIZPET-ZOFHRBRSSA-N","MTBLS11904"
"IK_ZXVONLUNISGICL-UHFFFAOYSA-N","MTBLS11904"
"IK_ZXZKYYHTWHJHFT-UHFFFAOYSA-N","MTBLS11904"
"IK_ZYEMKIHYSVDTSN-UHFFFAOYSA-N","MTBLS11904"
"IK_ZYGHJZDHTFUPRJ-UHFFFAOYSA-N","MTBLS11904"
"IK_ZYOPDNLIHHFGEC-FNORWQNLSA-N","MTBLS11904"
"IK_ZZCHHVUQYRMYLW-HKBQPEDESA-N","MTBLS11904"
"IK_ZZKNRXZVGOYGJT-VKHMYHEASA-N","MTBLS11904"
"IK_ZZUMXQCSMJCDDC-DFQOQHGMSA-N","MTBLS11904"
"IK_ZZVUWRFHKOJYTH-UHFFFAOYSA-N","MTBLS11904"
"IK_AFENDNXGAFYKQO-UHFFFAOYSA-N","ST001814"
"IK_AGPKZVBTJJNPAG-UHFFFAOYNA-N","ST001814"
"IK_AHLPHDHHMVZTML-UHFFFAOYSA-N","ST001814"
"IK_AYFVYJQAPQTCCC-UHFFFAOYNA-N","ST001814"
"IK_BKAJNAXTPSGJCU-UHFFFAOYSA-N","ST001814"
"IK_BTCSSZJGUNDROE-UHFFFAOYSA-N","ST001814"
"IK_CDAISMWEOUEBRE-GPIVLXJGSA-N","ST001814"
"IK_COLNVLDHVKWLRT-UHFFFAOYNA-N","ST001814"
"IK_DCXYFEDJOCDNAF-REOHCLBHSA-N","ST001814"
"IK_DDRJAANPRJIHGJ-UHFFFAOYSA-N","ST001814"
"IK_DHMQDGOQFOQNFH-UHFFFAOYSA-N","ST001814"
"IK_FBPFZTCFMRRESA-KVTDHHQDSA-N","ST001814"
"IK_FBUKVWPVBMHYJY-UHFFFAOYSA-N","ST001814"
"IK_FDGQSTZJBFJUBT-UHFFFAOYSA-N","ST001814"
"IK_FFEARJCKVFRZRR-UHFFFAOYNA-N","ST001814"
"IK_GDFAOVXKHJXLEI-VKHMYHEASA-N","ST001814"
"IK_GTZCVFVGUGFEME-HNQUOIGGSA-N","ST001814"
"IK_GVJHHUAWPYXKBD-IEOSBIPESA-N","ST001814"
"IK_GXBZQGMJJGJFFX-XDVLZLKUSA-N","ST001814"
"IK_HNDVDQJCIGZPNO-YFKPBYRVSA-N","ST001814"
"IK_HOVAGTYPODGVJG-VOQCIKJUSA-N","ST001814"
"IK_HVYWMOMLDIMFJA-DPAQBDIFSA-N","ST001814"
"IK_IPCSVZSSVZVIGE-UHFFFAOYSA-N","ST001814"
"IK_IWDCLRJOBJJRNH-UHFFFAOYSA-N","ST001814"
"IK_JVTAAEKCZFNVCJ-UHFFFAOYSA-N","ST001814"
"IK_KDXKERNSBIXSRK-UHFFFAOYNA-N","ST001814"
"IK_KDYFGRWQOYBRFD-UHFFFAOYSA-N","ST001814"
"IK_KZSNJWFQEVHDMF-UHFFFAOYNA-N","ST001814"
"IK_LCTONWCANYUPML-UHFFFAOYSA-N","ST001814"
"IK_LEHOTFFKMJEONL-UHFFFAOYSA-N","ST001814"
"IK_LKDRXBCSQODPBY-VRPWFDPXSA-N","ST001814"
"IK_LVHBHZANLOWSRM-UHFFFAOYSA-N","ST001814"
"IK_MTCFGRXMJLQNBG-UHFFFAOYNA-N","ST001814"
"IK_NBIIXXVUZAFLBC-UHFFFAOYSA-N","ST001814"
"IK_NGEWQZIDQIYUNV-UHFFFAOYSA-N","ST001814"
"IK_OFOBLEOULBTSOW-UHFFFAOYSA-N","ST001814"
"IK_ONIBWKKTOPOVIA-UHFFFAOYNA-N","ST001814"
"IK_OUYCCCASQSFEME-UHFFFAOYNA-N","ST001814"
"IK_OYHQOLUKZRVURQ-HZJYTTRNSA-N","ST001814"
"IK_PEDCQBHIVMGVHV-UHFFFAOYSA-N","ST001814"
"IK_PMMYEEVYMWASQN-DMTCNVIQSA-N","ST001814"
"IK_QHKABHOOEWYVLI-UHFFFAOYSA-N","ST001814"
"IK_QHZLMUACJMDIAE-UHFFFAOYSA-N","ST001814"
"IK_QIQXTHQIDYTFRH-UHFFFAOYSA-N","ST001814"
"IK_QIVBCDIJIAJPQS-VIFPVBQESA-N","ST001814"
"IK_QNAYBMKLOCPYGJ-REOHCLBHSA-N","ST001814"
"IK_QWCKQJZIFLGMSD-UHFFFAOYSA-N","ST001814"
"IK_ROHFNLRQFUQHCH-UHFFFAOYNA-N","ST001814"
"IK_SECPZKHBENQXJG-FPLPWBNLSA-N","ST001814"
"IK_SXQFCVDSOLSHOQ-UHFFFAOYSA-N","ST001814"
"IK_UCMIRNVEIXFBKS-UHFFFAOYSA-N","ST001814"
"IK_UNXHWFMMPAWVPI-QWWZWVQMSA-N","ST001814"
"IK_WDJHALXBUFZDSR-UHFFFAOYSA-M","ST001814"
"IK_WHBMMWSBFZVSSR-UHFFFAOYSA-N","ST001814"
"IK_WHUUTDBJXJRKMK-VKHMYHEASA-N","ST001814"
"IK_XFTRTWQBIOMVPK-UHFFFAOYSA-N","ST001814"
"IK_XSQUKJJJFZCRTK-UHFFFAOYSA-N","ST001814"
"IK_YZXBAPSDXZZRGB-DOFZRALJSA-N","ST001814"
"IK_ZDXPYRJPNDTMRX-VKHMYHEASA-N","ST001814"
"IK_ZQPPMHVWECSIRJ-KTKRTIGZSA-N","ST001814"
"IK_ASWBNKHCZGQVJV-HSZRJFAPSA-N","ST003159"
"IK_AYFVYJQAPQTCCC-GBXIJSLDSA-N","ST003159"
"IK_BITHHVVYSMSWAG-KTKRTIGZSA-N","ST003159"
"IK_BKASXWPLSXFART-YUMQZZPRSA-N","ST003159"
"IK_CDAISMWEOUEBRE-UHFFFAOYSA-N","ST003159"
"IK_COKMIXFXJJXBQG-NRFANRHFSA-N","ST003159"
"IK_COVZYZSDYWQREU-UHFFFAOYSA-N","ST003159"
"IK_DPRVTGUHOBXEIW-UHFFFAOYSA-N","ST003159"
"IK_DRBBFCLWYRJSJZ-UHFFFAOYSA-N","ST003159"
"IK_DRTQHJPVMGBUCF-XVFCMESISA-N","ST003159"
"IK_DTOSIQBPPRVQHS-PDBXOOCHSA-N","ST003159"
"IK_FBJYDOQUXQMQSS-TXUJEBAWSA-N","ST003159"
"IK_FFDGPVCHZBVARC-UHFFFAOYSA-N","ST003159"
"IK_FHKRUUVTZNTHKJ-NRNNPPJOSA-N","ST003159"
"IK_FJFKQAOJHHCXEK-UHFFFAOYSA-N","ST003159"
"IK_FRQOZJPRMBMFKX-DKWTVANSSA-N","ST003159"
"IK_FUJLYHJROOYKRA-UHFFFAOYSA-N","ST003159"
"IK_GFRUPHOKLBPHTQ-UHFFFAOYSA-N","ST003159"
"IK_GGPJLVOSJQOJSN-UHFFFAOYSA-N","ST003159"
"IK_GHOKWGTUZJEAQD-ZETCQYMHSA-N","ST003159"
"IK_GOQGGGANVKPMNH-UHFFFAOYSA-N","ST003159"
"IK_GPWHCUUIQMGELX-VHQDNGOZSA-N","ST003159"
"IK_GTZCVFVGUGFEME-IWQZZHSRSA-N","ST003159"
"IK_HAEJPQIATWHALX-KQYNXXCUSA-N","ST003159"
"IK_HAVMVUFJSIMVDG-UHFFFAOYSA-N","ST003159"
"IK_HPFXACZRFJDURI-KTKRTIGZSA-N","ST003159"
"IK_HTZINLFNXLXRBC-CQLBIITFSA-N","ST003159"
"IK_IDRRCKUGGXLORG-FJXQXJEOSA-N","ST003159"
"IK_IVEOBKYBCRMTLK-ZPMDXPHCSA-N","ST003159"
"IK_IXELFRRANAOWSF-FNORWQNLSA-N","ST003159"
"IK_JAZBEHYOTPTENJ-JLNKQSITSA-N","ST003159"
"IK_JFLIEFSWGNOPJJ-JTQLQIEISA-N","ST003159"
"IK_JJJPNTQYUJPWGQ-UHFFFAOYSA-N","ST003159"
"IK_JNDFGLPQDFBGLR-KMCBPMHZSA-N","ST003159"
"IK_JOUIQRNQJGXQDC-ZYUZMQFOSA-N","ST003159"
"IK_JPAUCQAJHLSMQW-XPORZQOISA-N","ST003159"
"IK_JYGXADMDTFJGBT-VWUMJDOOSA-N","ST003159"
"IK_KOCKWDDTAHPJSX-UHFFFAOYSA-N","ST003159"
"IK_KQXKVJAGOJTNJS-HNNXBMFYSA-N","ST003159"
"IK_KTLRWTOPTKGYQY-UHFFFAOYSA-N","ST003159"
"IK_LFLWRPZTBUUBEQ-ZRJLWMKBSA-N","ST003159"
"IK_LFUDDCMNKWEORN-ZXEGGCGDSA-N","ST003159"
"IK_LVNITLZCNUEXQK-UTJQPWESSA-N","ST003159"
"IK_MBMBGCFOFBJSGT-KUBAVDMBSA-N","ST003159"
"IK_MHDVGSVTJDSBDK-UHFFFAOYSA-N","ST003159"
"IK_MTCFGRXMJLQNBG-UWTATZPHSA-N","ST003159"
"IK_NIPLIJLVGZCKMP-UHFFFAOYSA-M","ST003159"
"IK_NIVZHWNOUVJHKV-UHFFFAOYSA-N","ST003159"
"IK_NKDFYOWSKOHCCO-YPVLXUMRSA-N","ST003159"
"IK_NOOJLZTTWSNHOX-UWVGGRQHSA-N","ST003159"
"IK_NOSWATRCDIPOON-UHFFFAOYSA-N","ST003159"
"IK_NZKRYJGNYPYXJZ-UHFFFAOYSA-N","ST003159"
"IK_OHYPPUOVSUINHM-UHFFFAOYSA-N","ST003159"
"IK_ONIBWKKTOPOVIA-UHFFFAOYNA-N","ST003159"
"IK_OQWOHRPOYAVIOK-UHFFFAOYSA-N","ST003159"
"IK_PETYOUXDCHQKTQ-QXPKXGMISA-N","ST003159"
"IK_PFDUUKDQEHURQC-ZETCQYMHSA-N","ST003159"
"IK_PJZFULXMEGMUDK-QGOAFFKASA-N","ST003159"
"IK_QIVBCDIJIAJPQS-SECBINFHSA-N","ST003159"
"IK_QQQYQWNSMUHSCK-UHFFFAOYSA-N","ST003159"
"IK_RCNSAJSGRJSBKK-NSQVQWHSSA-N","ST003159"
"IK_SGNZYJXNUURYCH-UHFFFAOYSA-N","ST003159"
"IK_SHGAZHPCJJPHSC-YCNIQYBTSA-N","ST003159"
"IK_SKOPRFQCOBOZFB-UHFFFAOYSA-N","ST003159"
"IK_SOECUQMRSRVZQQ-UHFFFAOYSA-N","ST003159"
"IK_SSZWWUDQMAHNAQ-UHFFFAOYSA-N","ST003159"
"IK_SUHOQUVVVLNYQR-QMMMGPOBSA-N","ST003159"
"IK_TYQPBHYPIRLWKU-NKWVEPMBSA-N","ST003159"
"IK_UCDCOJNNUVYFKJ-UHFFFAOYSA-N","ST003159"
"IK_UFSCUAXLTRFIDC-UHFFFAOYSA-N","ST003159"
"IK_UGQMRVRMYYASKQ-KQYNXXCUSA-N","ST003159"
"IK_UKAUDTTVOAAZHC-UHFFFAOYSA-N","ST003159"
"IK_UMMADZJLZAPZAW-XOWPVRJPSA-N","ST003159"
"IK_USYNZBLVOOXNSN-ARRWHRBTSA-N","ST003159"
"IK_UYWXWYBEHLAUEW-UHFFFAOYSA-N","ST003159"
"IK_VJNCICVKUHKIIV-ZCFIWIBFSA-N","ST003159"
"IK_VKOBVWXKNCXXDE-UHFFFAOYSA-N","ST003159"
"IK_VQZRLBWPEHFGCD-UHFFFAOYSA-N","ST003159"
"IK_WDZVGELJXXEGPV-YIXHJXPBSA-N","ST003159"
"IK_WGOIHPRRFBCVBZ-GSVOUGTGSA-N","ST003159"
"IK_WHUUTDBJXJRKMK-UXXIZXEISA-N","ST003159"
"IK_WHUUTDBJXJRKMK-VKHMYHEASA-N","ST003159"
"IK_WJXQFVMTIGJBFX-UHFFFAOYSA-N","ST003159"
"IK_WSPOMRSOLSGNFJ-AUWJEWJLSA-N","ST003159"
"IK_WURBQCVBQNMUQT-OLKPEBQYSA-N","ST003159"
"NO_INCHIKEY__ffa 18 0","ST003159"
"NO_INCHIKEY__ffa 18 2","ST003159"
"NO_INCHIKEY__ffa 19 1","ST003159"
"IK_WWNNZCOKKKDOPX-UHFFFAOYSA-N","ST003159"
"IK_XGILAAMKEQUXLS-UHFFFAOYSA-N","ST003159"
"NO_INCHIKEY__lpa 0 018 1 9z lpa 18 1 9z 0 0 dhap 18 0 3","ST003159"
"NO_INCHIKEY__lysopc 17 0 lysope 0 020 0 lysope 20 00 0","ST003159"
"IK_XSXIVVZCUAHUJO-HZJYTTRNSA-N","ST003159"
"IK_XTSSAALSNSPVIH-OCFMFRIESA-N","ST003159"
"IK_XUYPXLNMDZIRQH-LURJTMIESA-N","ST003159"
"IK_YAMUFBLWGFFICM-PTGWMXDISA-N","ST003159"
"IK_YGPSJZOEDVAXAB-UHFFFAOYSA-N","ST003159"
"IK_YHMJTZZWEXBHQK-MUDOESHNSA-N","ST003159"
"IK_YNZQCBXDUUGFIX-UHFFFAOYSA-N","ST003159"
"IK_YUFFSWGQGVEMMI-JLNKQSITSA-N","ST003159"
"IK_YWWVWXASSLXJHU-WAYWQWQTSA-N","ST003159"
"IK_YZXBAPSDXZZRGB-DOFZRALJSA-N","ST003159"
"IK_ZKQQJUBGJLUJNT-UHFFFAOYSA-N","ST003159"
"IK_ZMJBYMUCKBYSCP-CVYQJGLWSA-N","ST003159"
"IK_ZSANYRMTSBBUCA-UHFFFAOYSA-N","ST003159"
