"entity_id","canonical_metabolite","KEGG_ID","Pathway"
"IK_AYFVYJQAPQTCCC-GBXIJSLDSA-N","L-Threonine","C00188","Valine, leucine and isoleucine biosynthesis"
"IK_AYFVYJQAPQTCCC-UHFFFAOYNA-N","Threonine","C00188","Valine, leucine and isoleucine biosynthesis"
"IK_WHBMMWSBFZVSSR-UHFFFAOYSA-N","3-Hydroxybutyric acid","C00188","Valine, leucine and isoleucine biosynthesis"
"IK_TYEYBOSBBBHJIV-UHFFFAOYSA-N","2-Ketobutyric acid","C00109","Valine, leucine and isoleucine biosynthesis"
"IK_JVQYSWDUAOAHFM-UHFFFAOYSA-N","3-Methyl-2-Oxovaleric Acid","C00671","Valine, leucine and isoleucine biosynthesis"
"IK_AGPKZVBTJJNPAG-UHFFFAOYNA-N","Isoleucine","C00407","Valine, leucine and isoleucine biosynthesis"
"IK_AGPKZVBTJJNPAG-WHFBIAKZSA-N","L-Isoleucine","C00407","Valine, leucine and isoleucine biosynthesis"
"IK_KZSNJWFQEVHDMF-BYPYZUCNSA-N","L-Valine","C00183","Valine, leucine and isoleucine biosynthesis"
"IK_KZSNJWFQEVHDMF-UHFFFAOYNA-N","Valine","C00141","Valine, leucine and isoleucine biosynthesis"
"IK_QHKABHOOEWYVLI-UHFFFAOYSA-N","Ketoisovaleric acid","C00141","Valine, leucine and isoleucine biosynthesis"
"IK_BKAJNAXTPSGJCU-UHFFFAOYSA-N","4-Methyl-2-oxovaleric Acid","C00233","Valine, leucine and isoleucine biosynthesis"
"IK_JQXBETDGCMQLMK-UHFFFAOYSA-N","3,4-Dihydroxyphenylacetone","C00123","Valine, leucine and isoleucine biosynthesis"
"IK_ROHFNLRQFUQHCH-UHFFFAOYNA-N","Leucine","C00123","Valine, leucine and isoleucine biosynthesis"
"IK_ROHFNLRQFUQHCH-YFKPBYRVSA-N","L-leucine","C00123","Valine, leucine and isoleucine biosynthesis"
"IK_IWYDHOAUDWTVEP-UHFFFAOYSA-N","p-Hydroxyphenylacetic acid [+C2H4]","C00327","Arginine biosynthesis"
"IK_RHGKLRLOHDJJDR-BYPYZUCNSA-N","Citrulline","C00327","Arginine biosynthesis"
"IK_LTCLZQOHPYRNCF-UHFFFAOYSA-N","6-Hydroxyindoxyl sulfate","C00062","Arginine biosynthesis"
"IK_LWWIYCLYWKAKRR-HSUXUTPPSA-N","(2R,3R,4R)-Hexane-1,2,3,4,6-pentol","C00062","Arginine biosynthesis"
"IK_NQPDZGIKBAWPEJ-UHFFFAOYSA-N","Valeric acid","C00062","Arginine biosynthesis"
"IK_ODKSFYDXXFIFQN-BYPYZUCNSA-N","L-Arginine","C00062","Arginine biosynthesis"
"IK_ODKSFYDXXFIFQN-UHFFFAOYSA-N","Arginine","C00062","Arginine biosynthesis"
"IK_LEOVWDSHDAVANJ-UHFFFAOYSA-N","4-Hydroxy benzenepropanedioate","C00077","Arginine biosynthesis"
"IK_CKLJMWTZIZZHCS-REOHCLBHSA-N","L-Aspartic Acid","C00049","Arginine biosynthesis"
"IK_VZCYOOQTPOCHFL-OWOJBTEDSA-N","fumaric acid","C00122","Arginine biosynthesis"
"IK_RFMMMVDNIPUKGG-YFKPBYRVSA-N","N-Acetyl-L-Glutamic Acid","C00624","Arginine biosynthesis"
"IK_ZDXPYRJPNDTMRX-VKHMYHEASA-N","Glutamine","C00064","Arginine biosynthesis"
"IK_XSQUKJJJFZCRTK-UHFFFAOYSA-N","Urea","C00086","Arginine biosynthesis"
"IK_JFCQEDHGNNZCLN-UHFFFAOYSA-N","Glutaric Acid","C00026","Arginine biosynthesis"
"IK_KPGXRSRHYNQIFN-UHFFFAOYSA-N","Oxoglutaric acid","C00026","Arginine biosynthesis"
"IK_JRLGPAXAGHMNOL-LURJTMIESA-N","N2-Acetylornithine","C00437","Arginine biosynthesis"
"IK_WHUUTDBJXJRKMK-VKHMYHEASA-N","Glutamic acid","C00025","Arginine biosynthesis"
"IK_LTCLZQOHPYRNCF-UHFFFAOYSA-N","6-Hydroxyindoxyl sulfate","C00062","Arginine and proline metabolism"
"IK_LWWIYCLYWKAKRR-HSUXUTPPSA-N","(2R,3R,4R)-Hexane-1,2,3,4,6-pentol","C00062","Arginine and proline metabolism"
"IK_NQPDZGIKBAWPEJ-UHFFFAOYSA-N","Valeric acid","C00062","Arginine and proline metabolism"
"IK_ODKSFYDXXFIFQN-BYPYZUCNSA-N","L-Arginine","C00062","Arginine and proline metabolism"
"IK_ODKSFYDXXFIFQN-UHFFFAOYSA-N","Arginine","C00062","Arginine and proline metabolism"
"IK_LEOVWDSHDAVANJ-UHFFFAOYSA-N","4-Hydroxy benzenepropanedioate","C00077","Arginine and proline metabolism"
"IK_KIDHWZJUCRJVML-UHFFFAOYSA-N","1,4-diaminobutane","C00134","Arginine and proline metabolism"
"IK_ZTQSAGDEMFDKMZ-UHFFFAOYSA-N","Butanal","C00555","Arginine and proline metabolism"
"IK_BTCSSZJGUNDROE-UHFFFAOYSA-N","Gamma Aminobutyric acid","C00334","Arginine and proline metabolism"
"IK_ATHGHQPFGPMSJY-UHFFFAOYSA-N","Spermidine","C00315","Arginine and proline metabolism"
"IK_FFEARJCKVFRZRR-UHFFFAOYNA-N","Methionine","C00019","Arginine and proline metabolism"
"IK_KLZGKIDSEJWEDW-UHFFFAOYSA-N","N-Acetylputrescine","C02714","Arginine and proline metabolism"
"IK_UYQGVDXDXBAABN-FQSPHKRJSA-N","13(S)-Hydroperoxylinolenic acid","C02946","Arginine and proline metabolism"
"IK_UYZBRJHRPDMUHS-UHFFFAOYSA-N","Alpha-Carboxy-delta-decalactone","C02946","Arginine and proline metabolism"
"IK_UZTFMUBKZQVKLK-UHFFFAOYSA-M","4-Acetamidobutanoate","C02946","Arginine and proline metabolism"
"IK_TUHVEAJXIMEOSA-UHFFFAOYSA-N","4-GUANIDINOBUTANOATE","C01035","Arginine and proline metabolism"
"IK_CVSVTCORWBXHQV-UHFFFAOYSA-N","Creatine","C00300","Arginine and proline metabolism"
"IK_DRBBFCLWYRJSJZ-UHFFFAOYSA-N","Phosphocreatine","C02305","Arginine and proline metabolism"
"IK_WHUUTDBJXJRKMK-VKHMYHEASA-N","Glutamic acid","C00025","Arginine and proline metabolism"
"IK_DWAKNKKXGALPNW-UHFFFAOYSA-N","1-Pyrroline-5-carboxylic acid","C03912","Arginine and proline metabolism"
"IK_BTNKSMIZKSHDNT-UHFFFAOYSA-N","Trans-4-Hydroxyl L-Proline","C01157","Arginine and proline metabolism"
"IK_LCTONWCANYUPML-UHFFFAOYSA-N","Pyruvic Acid","C00022","Arginine and proline metabolism"
"IK_ONIBWKKTOPOVIA-BYPYZUCNSA-N","L-Proline","C00148","Arginine and proline metabolism"
"IK_ONIBWKKTOPOVIA-UHFFFAOYNA-N","Proline","C00148","Arginine and proline metabolism"
"IK_RWRDLPDLKQPQOW-UHFFFAOYSA-N","Pyrrolidine","C00148","Arginine and proline metabolism"
"IK_KABXUUFDPUOJMW-BYPYZUCNSA-N","L-Glutamic gamma-semialdehyde","C01165","Arginine and proline metabolism"
"IK_VZCYOOQTPOCHFL-OWOJBTEDSA-N","fumaric acid","C00122","Alanine, aspartate and glutamate metabolism"
"IK_KDYFGRWQOYBRFD-UHFFFAOYSA-N","Succinic acid","C00036","Alanine, aspartate and glutamate metabolism"
"IK_KHPXUQMNIQBQEV-UHFFFAOYSA-N","Oxaloacetate","C00036","Alanine, aspartate and glutamate metabolism"
"IK_JFCQEDHGNNZCLN-UHFFFAOYSA-N","Glutaric Acid","C00026","Alanine, aspartate and glutamate metabolism"
"IK_KPGXRSRHYNQIFN-UHFFFAOYSA-N","Oxoglutaric acid","C00026","Alanine, aspartate and glutamate metabolism"
"IK_QNAYBMKLOCPYGJ-REOHCLBHSA-N","L-Alanine","C00041","Alanine, aspartate and glutamate metabolism"
"IK_XBDQKXXYIPTUBI-UHFFFAOYSA-N","Propionic Acid","C00041","Alanine, aspartate and glutamate metabolism"
"IK_CKLJMWTZIZZHCS-REOHCLBHSA-N","L-Aspartic Acid","C00049","Alanine, aspartate and glutamate metabolism"
"IK_DCXYFEDJOCDNAF-REOHCLBHSA-N","L-Asparagine","C00152","Alanine, aspartate and glutamate metabolism"
"IK_OSRWIBSZJTWIKA-JLNKQSITSA-N","LPE 22:5","C01042","Alanine, aspartate and glutamate metabolism"
"IK_OTBMMWCXBVNALT-AMOZBRKMSA-N","PE-NMe(20:4(8Z,11Z,14Z,17Z)/24:0)","C01042","Alanine, aspartate and glutamate metabolism"
"IK_OTCCIMWXFLJLIA-BYPYZUCNSA-N","N-Acetylaspartic acid","C01042","Alanine, aspartate and glutamate metabolism"
"IK_LCTONWCANYUPML-UHFFFAOYSA-N","Pyruvic Acid","C00022","Alanine, aspartate and glutamate metabolism"
"IK_UHWVSEOVJBQKBE-UHFFFAOYSA-N","TRIMETAZIDINE","C00232","Alanine, aspartate and glutamate metabolism"
"IK_UIPSRRAMIULCRE-OZKVUCNRSA-N","PG(22:5(7Z,10Z,13Z,16Z,19Z)/22:5(4Z,7Z,10Z,13Z,19Z)-O(16,17))","C00232","Alanine, aspartate and glutamate metabolism"
"IK_UIUJIQZEACWQSV-UHFFFAOYSA-N","Succinic acid semialdehyde","C00232","Alanine, aspartate and glutamate metabolism"
"IK_WHUUTDBJXJRKMK-VKHMYHEASA-N","Glutamic acid","C00025","Alanine, aspartate and glutamate metabolism"
"IK_BTCSSZJGUNDROE-UHFFFAOYSA-N","Gamma Aminobutyric acid","C00334","Alanine, aspartate and glutamate metabolism"
"IK_ZDXPYRJPNDTMRX-VKHMYHEASA-N","Glutamine","C00064","Alanine, aspartate and glutamate metabolism"
"IK_COJBGNAUUSNXHX-UHFFFAOYSA-N","2-Keto-glutaramic acid","C00940","Alanine, aspartate and glutamate metabolism"
"IK_DWAKNKKXGALPNW-UHFFFAOYSA-N","1-Pyrroline-5-carboxylic acid","C03912","Alanine, aspartate and glutamate metabolism"
"IK_KRKNYBCHXYNGOX-UHFFFAOYSA-N","Citric Acid","C00158","Alanine, aspartate and glutamate metabolism"
"IK_KKCIOUWDFWQUBT-AWEZNQCLSA-N","L-Thyronine","C01829","Tyrosine metabolism"
"IK_XUIIKFGFIJCVMT-LBPRGKRZSA-N","Thyroxine","C01829","Tyrosine metabolism"
"IK_SGLDLWSTFXXDDD-LFSNXOCVSA-N","PA(14:0/18:1(12Z)-O(9S,10R))","C05578","Tyrosine metabolism"
"IK_SGNZYJXNUURYCH-UHFFFAOYSA-N","Dopamine [-NH3]","C05578","Tyrosine metabolism"
"IK_WTDRDQBEARUVNC-LURJTMIESA-N","Levodopa","C00355","Tyrosine metabolism"
"IK_VYFYYTLLBUKUHU-UHFFFAOYSA-N","Dopamine","C03758","Tyrosine metabolism"
"IK_DIVQKHQLANKJQO-UHFFFAOYSA-N","3-Methoxytyramine","C05587","Tyrosine metabolism"
"IK_GOQGGGANVKPMNH-UHFFFAOYSA-N","3-Methoxy-4-hydroxyphenylacetaldehyde","C05581","Tyrosine metabolism"
"IK_QRMZSPFSDQBLIX-UHFFFAOYSA-N","Homovanillic acid","C05582","Tyrosine metabolism"
"IK_CGQCWMIAEPEHNQ-UHFFFAOYSA-N","Vanillylmandelic acid","C05584","Tyrosine metabolism"
"IK_MCMLHDBHZRLOED-SFYZADRCSA-N","Ornithine [+CO2]","C05580","Tyrosine metabolism"
"IK_RGHMISIYKIHAJW-SSDOTTSWSA-N","Isovanillymandelic acid","C05580","Tyrosine metabolism"
"IK_WDJHALXBUFZDSR-UHFFFAOYSA-M","Acetoacetate","C00164","Tyrosine metabolism"
"IK_VZCYOOQTPOCHFL-OWOJBTEDSA-N","fumaric acid","C00122","Tyrosine metabolism"
"IK_LCTONWCANYUPML-UHFFFAOYSA-N","Pyruvic Acid","C00022","Tyrosine metabolism"
"IK_KKADPXVIOXHVKN-UHFFFAOYSA-N","4-Hydroxyphenylpyruvic acid","C01179","Tyrosine metabolism"
"IK_OUYCCCASQSFEME-QMMMGPOBSA-N","L-Tyrosine","C00082","Tyrosine metabolism"
"IK_OUYCCCASQSFEME-UHFFFAOYNA-N","Tyrosine","C00082","Tyrosine metabolism"
"IK_WLJVXDMOQOGPHL-UHFFFAOYSA-N","phenylacetic acid","C00544","Tyrosine metabolism"
"IK_WXTMDXOMEHJXQO-UHFFFAOYSA-N","Gentisic acid","C00544","Tyrosine metabolism"
"IK_XQXPVVBIMDBYFF-UHFFFAOYSA-N","p Hydroxyphenylacetic acid","C00544","Tyrosine metabolism"
"IK_CFFZDZCDUFSOFZ-UHFFFAOYSA-N","3,4-dihydroxyphenylacetic Acid","C01161","Tyrosine metabolism"
"IK_IPRPPFIAVHPVJH-UHFFFAOYSA-N","4-Hydroxyphenylacetaldehyde","C03765","Tyrosine metabolism"
"IK_DZGWFCGJZKJUFP-UHFFFAOYSA-N","Tyramine","C00483","Tyrosine metabolism"
"IK_VISAJVAPYPFKCL-UHFFFAOYSA-N","3-Methoxy-4-hydroxyphenylglycolaldehyde","C05583","Tyrosine metabolism"
"IK_RBNPOMFGQQGHHO-UHFFFAOYSA-N","glyceric acid","C00258","Glycine, serine and threonine metabolism"
"IK_NIPLIJLVGZCKMP-UHFFFAOYSA-M","Neurine","C00114","Glycine, serine and threonine metabolism"
"IK_OEYIOHPDSNJKLS-UHFFFAOYSA-N","Choline","C00114","Glycine, serine and threonine metabolism"
"IK_SXKNCCSPZDCRFD-UHFFFAOYSA-N","Betaine aldehyde","C00576","Glycine, serine and threonine metabolism"
"IK_XKBJVQHMEXMFDZ-UHFFFAOYSA-N","LPC O-18:0","C00719","Glycine, serine and threonine metabolism"
"IK_OSJPPGNTCRNQQC-UHFFFAOYSA-N","3-phosphoglycerate","C00197","Glycine, serine and threonine metabolism"
"IK_CVSVTCORWBXHQV-UHFFFAOYSA-N","Creatine","C00300","Glycine, serine and threonine metabolism"
"IK_FFDGPVCHZBVARC-UHFFFAOYSA-N","N,N-dimethylglycine","C01026","Glycine, serine and threonine metabolism"
"IK_BDKXLTOHYQEAIO-RSLHMRQOSA-N","L-Cystathionine - Isomer","C02291","Glycine, serine and threonine metabolism"
"IK_DHMQDGOQFOQNFH-UHFFFAOYSA-N","Glycine","C00037","Glycine, serine and threonine metabolism"
"IK_AYFVYJQAPQTCCC-GBXIJSLDSA-N","L-Threonine","C00188","Glycine, serine and threonine metabolism"
"IK_AYFVYJQAPQTCCC-UHFFFAOYNA-N","Threonine","C00188","Glycine, serine and threonine metabolism"
"IK_WHBMMWSBFZVSSR-UHFFFAOYSA-N","3-Hydroxybutyric acid","C00188","Glycine, serine and threonine metabolism"
"IK_TYEYBOSBBBHJIV-UHFFFAOYSA-N","2-Ketobutyric acid","C00109","Glycine, serine and threonine metabolism"
"IK_MTCFGRXMJLQNBG-REOHCLBHSA-N","L-Serine","C00065","Glycine, serine and threonine metabolism"
"IK_MTCFGRXMJLQNBG-UHFFFAOYNA-N","Serine","C00065","Glycine, serine and threonine metabolism"
"IK_MTCFGRXMJLQNBG-UWTATZPHSA-N","D-serine","C00740","Glycine, serine and threonine metabolism"
"IK_LCTONWCANYUPML-UHFFFAOYSA-N","Pyruvic Acid","C00022","Glycine, serine and threonine metabolism"
"IK_ZFFFJLDTCLJDHL-UHFFFAOYSA-N","3-alpha,20-alpha-Dihydroxy-5-beta-pregnane 3-glucuronide","C00430","Glycine, serine and threonine metabolism"
"IK_ZGKDAEWLTNBSEJ-GHMZBOCLSA-N","Cyclopropyl-[(3S,4S)-3-(dimethylamino)-4-(hydroxymethyl)piperidin-1-yl]methanone","C00430","Glycine, serine and threonine metabolism"
"IK_ZGXJTSGNIOSYLO-UHFFFAOYSA-N","5-Aminolevulinic acid","C00430","Glycine, serine and threonine metabolism"
"IK_BCDGQXUMWHRQCB-UHFFFAOYSA-N","Aminoacetone","C01888","Glycine, serine and threonine metabolism"
"IK_KAKZBPTYRLMSJV-UHFFFAOYSA-N","1,3-Butadiene","C05485","Steroid hormone biosynthesis"
"IK_HAFVWTUQBYRPOB-QGGNSXJXSA-N","11b,17a,21-Trihydroxypreg-nenolone","C05489","Steroid hormone biosynthesis"
"IK_JYGXADMDTFJGBT-VWUMJDOOSA-N","Hydrocortisone","C00735","Steroid hormone biosynthesis"
"IK_MFYSYFVPBJMHGN-ZPOLXVRWSA-N","Cortisone","C00735","Steroid hormone biosynthesis"
"IK_ACSFOIGNUQUIGE-AIPUTVCKSA-N","Dihydrocortisol","C05471","Steroid hormone biosynthesis"
"IK_AODPIQQILQLWGS-GXBDJPPSSA-N","Tetrahydrocortisol","C05472","Steroid hormone biosynthesis"
"IK_RSRDWHPVTMQUGZ-OZIWPBGVSA-N","Pregnan-20-one","C05480","Steroid hormone biosynthesis"
"IK_XVIHASZHSRQYCV-YWYYGOADSA-N","PC(15:0/22:6(5Z,7Z,10Z,13Z,16Z,19Z)-OH(4))","C05478","Steroid hormone biosynthesis"
"IK_XWHHYOYVRVGJJY-QMMMGPOBSA-N","4-Fluoro-L-phenylalanine","C05478","Steroid hormone biosynthesis"
"IK_OMFXVFTZEKFJBZ-HJTSIMOOSA-N","Corticosterone","C01124","Steroid hormone biosynthesis"
"IK_OECTYKWYRCHAKR-UHFFFAOYSA-N","4-Vinylcyclohexene dioxide","C05473","Steroid hormone biosynthesis"
"IK_BHYOQNUELFTYRT-DPAQBDIFSA-N","cholesterol 3-sulfate","C18043","Steroid hormone biosynthesis"
"IK_HVYWMOMLDIMFJA-DPAQBDIFSA-N","Cholesterol","C00187","Steroid hormone biosynthesis"
"IK_DIJBBUIOWGGQOP-QGVNFLHTSA-N","Pregnenolone sulfate","C18044","Steroid hormone biosynthesis"
"IK_SRRQPVVYXBTRQK-XMMPIXPASA-N","PC(17:0/0:0)","C05140","Steroid hormone biosynthesis"
"IK_SRXKAYJJGAAOBP-UHFFFAOYSA-N","N(5)-Acetylornithine","C05140","Steroid hormone biosynthesis"
"IK_SSBCZTXGVMMZOT-NBBHSKLNSA-N","16a-Hydroxyandrost-4-ene-3,17-dione","C05140","Steroid hormone biosynthesis"
"IK_WOODKECARRKLJJ-DIJRFRLPSA-N","7alpha,12alpha,26-trihydroxycholest-4-en-3-one","C05300","Steroid hormone biosynthesis"
"IK_WPMWEFXCIYCJSA-UHFFFAOYSA-N","Tetraethylene glycol monododecyl ether","C05300","Steroid hormone biosynthesis"
"IK_SWINWPBPEKHUOD-JPVZDGGYSA-N","2-hydroxyestrone (2-OH-E1)","C05298","Steroid hormone biosynthesis"
"IK_FJAZVHYPASAQKM-JBAURARKSA-N","Estrone glucuronide","C11132","Steroid hormone biosynthesis"
"IK_FQYGGFDZJFIDPU-JRSYHJKYSA-N","Estriol-16-Glucuronide","C05504","Steroid hormone biosynthesis"
"IK_DILDHNKDVHLEQB-XSSYPUMDSA-N","2-hydroxyestradiol (2-OH-E2)","C05301","Steroid hormone biosynthesis"
"IK_LLCPFVIBUZJITJ-GVEMAFOVSA-N","2-Methoxy-estradiol-17b 3-glucuronide","C11131","Steroid hormone biosynthesis"
"IK_IKXILDNPCZPPRV-RFMGOVQKSA-N","Drostanolone","C03917","Steroid hormone biosynthesis"
"IK_CBMYJHIOYJEBSB-JBDJBKRMSA-N","Androstan-3alpha,17beta-diol","C03852","Steroid hormone biosynthesis"
"IK_CZWCKYRVOZZJNM-USOAJAOKSA-N","dehydroepiandrosterone sulfate","C04555","Steroid hormone biosynthesis"
"IK_ZMITXKRGXGRMKS-LUJOEAJASA-N","Epiandrosterone sulfate","C04555","Steroid hormone biosynthesis"
"IK_WHBHBVVOGNECLV-OBQKJFGGSA-N","Cortodoxone","C05488","Steroid hormone biosynthesis"
"IK_MCKLJFJEQRYRQT-APGJSSKUSA-N","20alpha-Hydroxycholesterol","C05500","Steroid hormone biosynthesis"
"IK_PQSUYGKTWSAVDQ-ZVIOFETBSA-N","Aldosterone","C01780","Steroid hormone biosynthesis"
"IK_RHQQHZQUAMFINJ-DTDWNVJFSA-N","Tetrahydrocorticosterone","C05476","Steroid hormone biosynthesis"
"IK_CQOQDQWUFQDJMK-SSTWWWIQSA-N","2-methoxyestradiol (2-ME2)","C05302","Steroid hormone biosynthesis"
"IK_WHEUWNKSCXYKBU-QPWUGHHJSA-N","2-methoxyestrone (2-ME1)","C05299","Steroid hormone biosynthesis"
"IK_DNXHEGUUPJUMQT-CBZIJGRNSA-N","estron (E1)","C00468","Steroid hormone biosynthesis"
"IK_VOXZDWNPVJITMN-ZBRFXRBCSA-N","estradiol (E2)","C00951","Steroid hormone biosynthesis"
"IK_ZDXPYRJPNDTMRX-GSVOUGTGSA-N","D-Glutamine","C00819","D-Amino acid metabolism"
"IK_ODHCTXKNWHHXJC-GSVOUGTGSA-N","(R)-(+)-2-Pyrrolidone-5-carboxylic acid","C02237","D-Amino acid metabolism"
"IK_KDYFGRWQOYBRFD-UHFFFAOYSA-N","Succinic acid","C00036","D-Amino acid metabolism"
"IK_KHPXUQMNIQBQEV-UHFFFAOYSA-N","Oxaloacetate","C00036","D-Amino acid metabolism"
"IK_BWHGMFYTDQEALD-UHFFFAOYSA-N","5-Amino-2-oxopentanoic acid","C01110","D-Amino acid metabolism"
"IK_KEECCEWTUVWFCV-UHFFFAOYSA-N","N-Acetylprocainamide","C01110","D-Amino acid metabolism"
"IK_ARBHXJXXVVHMET-UHFFFAOYSA-N","2-Oxoarginine","C03771","D-Amino acid metabolism"
"IK_ODKSFYDXXFIFQN-SCSAIBSYSA-N","D-Arginine","C00792","D-Amino acid metabolism"
"IK_AHLPHDHHMVZTML-SCSAIBSYSA-N","D-Ornithine","C00515","D-Amino acid metabolism"
"IK_MTCFGRXMJLQNBG-REOHCLBHSA-N","L-Serine","C00065","D-Amino acid metabolism"
"IK_MTCFGRXMJLQNBG-UHFFFAOYNA-N","Serine","C00065","D-Amino acid metabolism"
"IK_MTCFGRXMJLQNBG-UWTATZPHSA-N","D-serine","C00740","D-Amino acid metabolism"
"IK_QUNWUDVFRNGTCO-UHFFFAOYSA-N","para-xanthine","C13747","Caffeine metabolism"
"IK_QFDRTQONISXGJA-UHFFFAOYSA-N","1-Methyluric acid","C16359","Caffeine metabolism"
"IK_RYYVLZVUVIJVGH-UHFFFAOYSA-N","Caffeine","C07481","Caffeine metabolism"
"IK_MVOYJPOZRLFTCP-UHFFFAOYSA-N","1-Methylxanthine","C16358","Caffeine metabolism"
"IK_YAPQBXQYLJRXSA-UHFFFAOYSA-N","Theobromine","C07480","Caffeine metabolism"
"IK_RDZNZFGKEVDNPK-UHFFFAOYSA-N","5-acetylamino-6-formylamino-3-methyluracil","C16365","Caffeine metabolism"
"IK_PFWLFWPASULGAN-UHFFFAOYSA-N","7-Methylxanthine","C16353","Caffeine metabolism"
"IK_COLNVLDHVKWLRT-QMMMGPOBSA-N","L-Phenylalanine","C00079","Phenylalanine, tyrosine and tryptophan biosynthesis"
"IK_COLNVLDHVKWLRT-UHFFFAOYNA-N","Phenylalanine","C00079","Phenylalanine, tyrosine and tryptophan biosynthesis"
"IK_JUAPMRSLDANLAS-HOTGVXAUSA-N","Phe Phe","C00079","Phenylalanine, tyrosine and tryptophan biosynthesis"
"IK_OUYCCCASQSFEME-QMMMGPOBSA-N","L-Tyrosine","C00082","Phenylalanine, tyrosine and tryptophan biosynthesis"
"IK_OUYCCCASQSFEME-UHFFFAOYNA-N","Tyrosine","C00082","Phenylalanine, tyrosine and tryptophan biosynthesis"
"IK_KKADPXVIOXHVKN-UHFFFAOYSA-N","4-Hydroxyphenylpyruvic acid","C01179","Phenylalanine, tyrosine and tryptophan biosynthesis"
"IK_BTNMPGBKDVTSJY-UHFFFAOYSA-N","Phenylpyruvic Acid","C00166","Phenylalanine, tyrosine and tryptophan biosynthesis"
"IK_WBYWAXJHAXSJNI-VOTSOKGWSA-N","Cinnamic acid","C00166","Phenylalanine, tyrosine and tryptophan biosynthesis"
"IK_FERIUCNNQQJTOY-UHFFFAOYSA-N","Butyric acid","C00073","One carbon pool by folate"
"IK_FFEARJCKVFRZRR-BYPYZUCNSA-N","L-Methionine","C00073","One carbon pool by folate"
"IK_KVXSPXCUAWCXEI-UHFFFAOYSA-N","(2S)-2-Amino-6-[(3-formylpiperidin-1-yl)amino]hexanoic acid","C00073","One carbon pool by folate"
"IK_KYICBZWZQPCUMO-PSALXKTOSA-N","SM(d18:1/14:0)","C00073","One carbon pool by folate"
"IK_FFDGPVCHZBVARC-UHFFFAOYSA-N","N,N-dimethylglycine","C01026","One carbon pool by folate"
"IK_NIPLIJLVGZCKMP-UHFFFAOYSA-M","Neurine","C00114","One carbon pool by folate"
"IK_OEYIOHPDSNJKLS-UHFFFAOYSA-N","Choline","C00114","One carbon pool by folate"
"IK_FFEARJCKVFRZRR-UHFFFAOYNA-N","Methionine","C00019","One carbon pool by folate"
"IK_FFFHZYDWPBMWHY-VKHMYHEASA-N","Homocysteine","C00021","One carbon pool by folate"
"IK_ZJUKTBDSGOFHSH-WFMPWKQPSA-N","S-Adenosylhomocysteine","C00021","One carbon pool by folate"
"IK_BDKXLTOHYQEAIO-RSLHMRQOSA-N","L-Cystathionine - Isomer","C02291","One carbon pool by folate"
"IK_MTCFGRXMJLQNBG-REOHCLBHSA-N","L-Serine","C00065","One carbon pool by folate"
"IK_MTCFGRXMJLQNBG-UHFFFAOYNA-N","Serine","C00065","One carbon pool by folate"
"IK_MTCFGRXMJLQNBG-REOHCLBHSA-N","L-Serine","C00065","One carbon pool by folate"
"IK_MTCFGRXMJLQNBG-UHFFFAOYNA-N","Serine","C00065","One carbon pool by folate"
"IK_DHMQDGOQFOQNFH-UHFFFAOYSA-N","Glycine","C00037","One carbon pool by folate"
"IK_DHMQDGOQFOQNFH-UHFFFAOYSA-N","Glycine","C00037","One carbon pool by folate"
"IK_DDUHZTYCFQRHIY-UHFFFAOYSA-N","Gris-PEG","C00212","One carbon pool by folate"
"IK_SXKNCCSPZDCRFD-UHFFFAOYSA-N","Betaine aldehyde","C00576","One carbon pool by folate"
"IK_XKBJVQHMEXMFDZ-UHFFFAOYSA-N","LPC O-18:0","C00719","One carbon pool by folate"
"IK_NBIIXXVUZAFLBC-UHFFFAOYSA-K","Phosphate","C00002","One carbon pool by folate"
"IK_OIRDTQYFTABQOQ-KQYNXXCUSA-N","Adenosine","C00002","One carbon pool by folate"
"IK_LCTONWCANYUPML-UHFFFAOYSA-N","Pyruvic Acid","C00022","Citrate cycle (TCA cycle)"
"IK_VZCYOOQTPOCHFL-OWOJBTEDSA-N","fumaric acid","C00122","Citrate cycle (TCA cycle)"
"IK_KDYFGRWQOYBRFD-UHFFFAOYSA-N","Succinic acid","C00036","Citrate cycle (TCA cycle)"
"IK_KHPXUQMNIQBQEV-UHFFFAOYSA-N","Oxaloacetate","C00036","Citrate cycle (TCA cycle)"
"IK_UFBJCMHMOXMLKC-UHFFFAOYSA-N","2,4-Dinitrophenol","C05379","Citrate cycle (TCA cycle)"
"IK_UFSCUAXLTRFIDC-UHFFFAOYSA-N","Oxalosuccinate2,3","C05379","Citrate cycle (TCA cycle)"
"IK_BJEPYKJPYRNKOW-UHFFFAOYSA-N","malic acid","C00149","Citrate cycle (TCA cycle)"
"IK_ODBLHEXUDAPZAU-UHFFFAOYSA-N","isocitric acid","C00311","Citrate cycle (TCA cycle)"
"IK_GTZCVFVGUGFEME-IWQZZHSRSA-N","cis-Aconitic acid","C00417","Citrate cycle (TCA cycle)"
"IK_GTZCVFVGUGFEME-UHFFFAOYSA-N","aconitic acid","C00417","Citrate cycle (TCA cycle)"
"IK_KRKNYBCHXYNGOX-UHFFFAOYSA-N","Citric Acid","C00158","Citrate cycle (TCA cycle)"
"IK_JFCQEDHGNNZCLN-UHFFFAOYSA-N","Glutaric Acid","C00026","Citrate cycle (TCA cycle)"
"IK_KPGXRSRHYNQIFN-UHFFFAOYSA-N","Oxoglutaric acid","C00026","Citrate cycle (TCA cycle)"
"IK_DTBNBXWJWCWCIK-UHFFFAOYSA-N","Phosphoenolpyruvate","C00074","Citrate cycle (TCA cycle)"
"IK_NOIIUHRQUVNIDD-UHFFFAOYSA-N","Nialamide","C01252","Tryptophan metabolism"
"IK_YGPSJZOEDVAXAB-QMMMGPOBSA-N","L-Kynurenine","C00328","Tryptophan metabolism"
"IK_YGPSJZOEDVAXAB-UHFFFAOYSA-N","Kynurenine","C00328","Tryptophan metabolism"
"IK_QIVBCDIJIAJPQS-VIFPVBQESA-N","Tryptophan","C00078","Tryptophan metabolism"
"IK_WNLRTRBMVRJNCN-UHFFFAOYSA-N","Adipic Acid","C00322","Tryptophan metabolism"
"IK_QAXHWUAAPKHMGA-UHFFFAOYSA-N","PI 36:4|PI 16:0_20:4","C03824","Tryptophan metabolism"
"IK_QCDYOIZVELGOLZ-UHFFFAOYSA-N","Salvigenin","C03824","Tryptophan metabolism"
"IK_QCGTZPZKJPTAEP-REDYYMJGSA-N","2-Aminomuconic acid semialdehyde","C03824","Tryptophan metabolism"
"IK_GJBXIPOYHVMPQJ-UHFFFAOYSA-N","3-hydroxyanthranilic acid","C00632","Tryptophan metabolism"
"IK_QZAYGJVTTNCVMB-UHFFFAOYSA-N","Serotonin","C00780","Tryptophan metabolism"
"IK_DUUGKQCEGZLZNO-UHFFFAOYSA-N","5-Hydroxyindole-3-acetic acid","C05635","Tryptophan metabolism"
"IK_UHDGCWIWMRVCDJ-XVFCMESISA-N","melatonin","C01598","Tryptophan metabolism"
"IK_OMYMRCXOJJZYKE-UHFFFAOYSA-N","6-Hydroxymelatonin","C05643","Tryptophan metabolism"
"IK_SEOVTRFCIGRIMH-UHFFFAOYSA-N","Indole-3-acetic acid","C00954","Tryptophan metabolism"
"IK_WHOOUMGHGSPMGR-UHFFFAOYSA-N","Indoleacetaldehyde","C00637","Tryptophan metabolism"
"IK_COCNDHOPIHDTHK-UHFFFAOYSA-N","Methoxyindoleacetic acid","C05660","Tryptophan metabolism"
"IK_WPYMKLBDIGXBTP-UHFFFAOYSA-N","Benzoic Acid","C00108","Tryptophan metabolism"
"IK_LLLPDUXGHXIXIW-UHFFFAOYSA-N","N-formylanthranilic acid","C05653","Tryptophan metabolism"
"IK_SIKJAQJRHWYJAI-UHFFFAOYSA-N","INDOLE","C00331","Tryptophan metabolism"
"IK_OTKJDMGTUTTYMP-ZWKOTPCHSA-N","Sphinganine","C00836","Sphingolipid metabolism"
"IK_AERBNCYCJBRYDG-KSZLIROESA-N","Phytosphingosine","C12144","Sphingolipid metabolism"
"IK_AERBNCYCJBRYDG-RGBJRUIASA-N","4-hydroxysphinganine","C12145","Sphingolipid metabolism"
"IK_HKVGJQVJNQRJPO-VTDDDATNSA-N","Demethyloleuropein","C01290","Sphingolipid metabolism"
"IK_KCUYLQDWSWOANO-JHXSWNAYSA-N","TG 46:1","C01290","Sphingolipid metabolism"
"IK_MJLXQSQYKZWZCB-AKNKGCNLSA-N","Linoelaidylcarnitine","C01290","Sphingolipid metabolism"
"IK_QXGVRGZJILVMDF-UHFFFAOYSA-N","Tetracosanedioic acid","C01290","Sphingolipid metabolism"
"IK_QYIXCDOBOSTCEI-KKFSNPNRSA-N","Epi-coprostanol","C01290","Sphingolipid metabolism"
"IK_QYTPGOPLNFESQC-NUTQULCTSA-N","PE(P-16:0/0:0)","C01290","Sphingolipid metabolism"
"IK_VOBYAKCXGQQFLR-LSJOCFKGSA-N","Ile Gly Val","C01290","Sphingolipid metabolism"
"IK_DFELABABMXOKTD-IYFIADHGSA-N","GlcCer(d18:1/20:0)","C01190","Sphingolipid metabolism"
"IK_WBIICVGYYRRURR-UHFFFAOYSA-N","3-(Aminomethyl)-2,5,9-trimethyl-7H-furo[3,2-g]chromen-7-one","C01190","Sphingolipid metabolism"
"IK_YGNHGXTZNFXTBH-GQCTYLIASA-N","5'-((Z)-Feruloyl) 3-(2'-methylarabinosylxylose)","C01190","Sphingolipid metabolism"
"IK_DUYSYHSSBDVJSM-KRWOKUGFSA-N","Sphingosine-1-phosphate","C01120","Sphingolipid metabolism"
"IK_YHEDRJPUIRMZMP-ZWKOTPCHSA-N","Sphinganine 1-phosphate","C01120","Sphingolipid metabolism"
"IK_KBUNOSOGGAARKZ-KRWDZBQOSA-N","3-Dehydrosphinganine","C02934","Sphingolipid metabolism"
"IK_MTCFGRXMJLQNBG-REOHCLBHSA-N","L-Serine","C00065","Sphingolipid metabolism"
"IK_MTCFGRXMJLQNBG-UHFFFAOYNA-N","Serine","C00065","Sphingolipid metabolism"
"IK_OAMCCJASDLMTOO-UHFFFAOYSA-N","3,4-Bis(7-chloroindol-3-yl)pyrrole-2,5-dicarboxylate","C00195","Sphingolipid metabolism"
"IK_OAQGPAZDRCBBLD-YTCWWFNZSA-N","17-phenyl-18,19,20-trinor-prostaglandin D2","C00195","Sphingolipid metabolism"
"IK_WWUZIQQURGPMPG-KRWOKUGFSA-N","Sphingosine","C00195","Sphingolipid metabolism"
"IK_LEBBDRXHHNYZIA-LDUWYPJVSA-N","Galactocerebroside","C02686","Sphingolipid metabolism"
"IK_AADLTHQNYQJHQV-SVLGDMRNSA-N","SM d38:1","C00550","Sphingolipid metabolism"
"IK_CGVOQSQIYSUXAT-PPLFXBRHSA-N","SM(d18:0/16:1(9Z))","C00550","Sphingolipid metabolism"
"IK_FONAXCRWZQFJHY-JCGOJSMZSA-N","SM(d18:0/22:0)","C00550","Sphingolipid metabolism"
"IK_HZCLJRFPXMKWHR-FEBLJDHQSA-N","SM(d18:1/12:0)","C00550","Sphingolipid metabolism"
"IK_JCCZCUUYYHWRGX-VGMNWLOBSA-N","Leucylhydroxyproline","C00550","Sphingolipid metabolism"
"IK_LKNPFOZIOWXDQS-UHFFFAOYSA-N","Dehydrochorismic acid","C00550","Sphingolipid metabolism"
"IK_NANHIUZYPFDGJS-UHFFFAOYSA-N","4-Decan-4-Ylbenzenesulfonic Acid","C00550","Sphingolipid metabolism"
"IK_UGQMRVRMYYASKQ-UHTZMRCNSA-N","Arabinosylhypoxanthine","C00550","Sphingolipid metabolism"
"IK_AURCBSWGPREGRQ-VGNRXBDKSA-N","3-O-Sulfogalactosylceramide (d18:1/20:0)","C06125","Sphingolipid metabolism"
"IK_CJGVDSGIQZDLDO-BMYWYRRPSA-N","3-O-Sulfogalactosylceramide (d18:1/16:0)","C06125","Sphingolipid metabolism"
"IK_GQQZXRPXBDJABR-XMDONHODSA-N","3-O-Sulfogalactosylceramide (d18:1/18:0)","C06125","Sphingolipid metabolism"
"IK_NWWJFMCCTZLKNT-UHFFFAOYSA-N","Dihydrothiazine","C06125","Sphingolipid metabolism"
"IK_NXJAXUYOQLTISD-UHFFFAOYSA-N","O-Glutarylcarnitine","C06125","Sphingolipid metabolism"
"IK_NTBDNAWCQLUDHG-CEGBOXLASA-N","PE P-36:4 or PE O-36:5","C04730","Sphingolipid metabolism"
"IK_NUDXOGPEQRPSKT-MVOZTAHOSA-N","FA 18:3 (y-linolenic acid)","C04730","Sphingolipid metabolism"
"IK_HDHQZCHIXUUSMK-UHFFFAOYSA-N","2,4-Quinolinediol","C04188","Cysteine and methionine metabolism"
"IK_TYEYBOSBBBHJIV-UHFFFAOYSA-N","2-Ketobutyric acid","C00109","Cysteine and methionine metabolism"
"IK_MTCFGRXMJLQNBG-REOHCLBHSA-N","L-Serine","C00065","Cysteine and methionine metabolism"
"IK_MTCFGRXMJLQNBG-UHFFFAOYNA-N","Serine","C00065","Cysteine and methionine metabolism"
"IK_FERIUCNNQQJTOY-UHFFFAOYSA-N","Butyric acid","C00073","Cysteine and methionine metabolism"
"IK_FFEARJCKVFRZRR-BYPYZUCNSA-N","L-Methionine","C00073","Cysteine and methionine metabolism"
"IK_KVXSPXCUAWCXEI-UHFFFAOYSA-N","(2S)-2-Amino-6-[(3-formylpiperidin-1-yl)amino]hexanoic acid","C00073","Cysteine and methionine metabolism"
"IK_KYICBZWZQPCUMO-PSALXKTOSA-N","SM(d18:1/14:0)","C00073","Cysteine and methionine metabolism"
"IK_BDKXLTOHYQEAIO-RSLHMRQOSA-N","L-Cystathionine - Isomer","C02291","Cysteine and methionine metabolism"
"IK_FFFHZYDWPBMWHY-VKHMYHEASA-N","Homocysteine","C00021","Cysteine and methionine metabolism"
"IK_ZJUKTBDSGOFHSH-WFMPWKQPSA-N","S-Adenosylhomocysteine","C00021","Cysteine and methionine metabolism"
"IK_FFEARJCKVFRZRR-UHFFFAOYNA-N","Methionine","C00019","Cysteine and methionine metabolism"
"IK_SXFSQZDSUWACKX-UHFFFAOYSA-N","2-Oxo-4-methylthiobutanoic acid","C01180","Cysteine and methionine metabolism"
"IK_MTCFGRXMJLQNBG-REOHCLBHSA-N","L-Serine","C00065","Cysteine and methionine metabolism"
"IK_MTCFGRXMJLQNBG-UHFFFAOYNA-N","Serine","C00065","Cysteine and methionine metabolism"
"IK_LCTONWCANYUPML-UHFFFAOYSA-N","Pyruvic Acid","C00022","Cysteine and methionine metabolism"
"IK_LEVWYRKDKASIDU-IMJSIDKUSA-N","L-Cystine","C00491","Cysteine and methionine metabolism"
"IK_LEVWYRKDKASIDU-UHFFFAOYNA-N","Cystine","C00491","Cysteine and methionine metabolism"
"IK_LCTONWCANYUPML-UHFFFAOYSA-N","Pyruvic Acid","C00022","Cysteine and methionine metabolism"
"IK_TYEYBOSBBBHJIV-UHFFFAOYSA-N","2-Ketobutyric acid","C00109","Cysteine and methionine metabolism"
"IK_QVMUHZHZYCDMAI-RYUDHWBXSA-N","Austdiol","C02356","Cysteine and methionine metabolism"
"IK_QVZHZVWYFNADIO-BATPLZQESA-N","3'-Ketolactose","C02356","Cysteine and methionine metabolism"
"IK_QWCKQJZIFLGMSD-VKHMYHEASA-N","L-2-Aminobutyric acid","C02356","Cysteine and methionine metabolism"
"IK_JCMUOFQHZLPHQP-BQBZGAKWSA-N","Ophthalmic acid","C21016","Cysteine and methionine metabolism"
"IK_OSJPPGNTCRNQQC-UHFFFAOYSA-N","3-phosphoglycerate","C00197","Cysteine and methionine metabolism"
"IK_BTNMPGBKDVTSJY-UHFFFAOYSA-N","Phenylpyruvic Acid","C00166","Phenylalanine metabolism"
"IK_WBYWAXJHAXSJNI-VOTSOKGWSA-N","Cinnamic acid","C00166","Phenylalanine metabolism"
"IK_COLNVLDHVKWLRT-QMMMGPOBSA-N","L-Phenylalanine","C00079","Phenylalanine metabolism"
"IK_COLNVLDHVKWLRT-UHFFFAOYNA-N","Phenylalanine","C00079","Phenylalanine metabolism"
"IK_JUAPMRSLDANLAS-HOTGVXAUSA-N","Phe Phe","C00079","Phenylalanine metabolism"
"IK_CCVYRRGZDBSHFU-UHFFFAOYSA-N","2-Hydroxyphenylacetic Acid","C05852","Phenylalanine metabolism"
"IK_DTUQWGWMVIHBKE-UHFFFAOYSA-N","Phenylacetaldehyde","C00601","Phenylalanine metabolism"
"IK_OUYCCCASQSFEME-QMMMGPOBSA-N","L-Tyrosine","C00082","Phenylalanine metabolism"
"IK_OUYCCCASQSFEME-UHFFFAOYNA-N","Tyrosine","C00082","Phenylalanine metabolism"
"IK_KDYFGRWQOYBRFD-UHFFFAOYSA-N","Succinic acid","C00036","Glyoxylate and dicarboxylate metabolism"
"IK_KHPXUQMNIQBQEV-UHFFFAOYSA-N","Oxaloacetate","C00036","Glyoxylate and dicarboxylate metabolism"
"IK_KRKNYBCHXYNGOX-UHFFFAOYSA-N","Citric Acid","C00158","Glyoxylate and dicarboxylate metabolism"
"IK_BJEPYKJPYRNKOW-UHFFFAOYSA-N","malic acid","C00149","Glyoxylate and dicarboxylate metabolism"
"IK_RBNPOMFGQQGHHO-UHFFFAOYSA-N","glyceric acid","C00258","Glyoxylate and dicarboxylate metabolism"
"IK_ASCFNMCAHFUBCO-UHFFFAOYSA-N","Phosphoglycolic acid","C00988","Glyoxylate and dicarboxylate metabolism"
"IK_GTZCVFVGUGFEME-IWQZZHSRSA-N","cis-Aconitic acid","C00417","Glyoxylate and dicarboxylate metabolism"
"IK_GTZCVFVGUGFEME-UHFFFAOYSA-N","aconitic acid","C00417","Glyoxylate and dicarboxylate metabolism"
"IK_ODBLHEXUDAPZAU-UHFFFAOYSA-N","isocitric acid","C00311","Glyoxylate and dicarboxylate metabolism"
"IK_LCTONWCANYUPML-UHFFFAOYSA-N","Pyruvic Acid","C00022","Glyoxylate and dicarboxylate metabolism"
"IK_DHMQDGOQFOQNFH-UHFFFAOYSA-N","Glycine","C00037","Glyoxylate and dicarboxylate metabolism"
"IK_MTCFGRXMJLQNBG-REOHCLBHSA-N","L-Serine","C00065","Glyoxylate and dicarboxylate metabolism"
"IK_MTCFGRXMJLQNBG-UHFFFAOYNA-N","Serine","C00065","Glyoxylate and dicarboxylate metabolism"
"IK_WHUUTDBJXJRKMK-VKHMYHEASA-N","Glutamic acid","C00025","Glyoxylate and dicarboxylate metabolism"
"IK_ZDXPYRJPNDTMRX-VKHMYHEASA-N","Glutamine","C00064","Glyoxylate and dicarboxylate metabolism"
"IK_WHUUTDBJXJRKMK-VKHMYHEASA-N","Glutamic acid","C00025","Glyoxylate and dicarboxylate metabolism"
"IK_DHMQDGOQFOQNFH-UHFFFAOYSA-N","Glycine","C00037","Glyoxylate and dicarboxylate metabolism"
"IK_CDAISMWEOUEBRE-GPIVLXJGSA-N","myo-inositol","C00137","Ascorbate and aldarate metabolism"
"IK_CDAISMWEOUEBRE-UHFFFAOYSA-N","Myoinositol","C00137","Ascorbate and aldarate metabolism"
"IK_WQZGKKKJIJFFOK-GASJEMHNSA-N","glucose","C00029","Ascorbate and aldarate metabolism"
"IK_UYUXSRADSPPKRZ-SKNVOMKLSA-N","D-Glucuronolactone","C02670","Ascorbate and aldarate metabolism"
"IK_DSLZVSRJTYRBFB-LLEIAEIESA-N","saccharic acid","C00818","Ascorbate and aldarate metabolism"
"IK_ABFZMYIIUREPLL-ASWJIRIHSA-N","Glycochenodeoxycholic acid 3-glucuronide","C03033","Ascorbate and aldarate metabolism"
"IK_ABOLXXZAJIAUGR-JPMMFUSZSA-N","Ibuprofen glucuronide","C03033","Ascorbate and aldarate metabolism"
"IK_ADQUXZRKOKKULD-CZOXBATISA-N","15-Hydroxynorandrostene-3,17-dione glucuronide","C03033","Ascorbate and aldarate metabolism"
"IK_GIQXKAXWRLHLDD-VYACWCJYSA-N","Lithocholate 3-O-glucuronide","C03033","Ascorbate and aldarate metabolism"
"IK_GLONBVCUAVPJFV-PCDHEYSGSA-N","Dehydroisoandrosterone 3-glucuronide","C03033","Ascorbate and aldarate metabolism"
"IK_IJLBJBCDNYOWPJ-MVMUGOIMSA-N","Cholesterol glucuronide","C03033","Ascorbate and aldarate metabolism"
"IK_KUYNOZVWCFXSNE-BYNIDDHOSA-N","Indoxyl glucuronide","C03033","Ascorbate and aldarate metabolism"
"IK_NNAIYOXJNVGUOM-UHFFFAOYSA-N","Amperozide","C03033","Ascorbate and aldarate metabolism"
"IK_NNEIBJNHWVDJBA-GYSLYLNXSA-N","Deoxycholic acid 3-glucuronide","C03033","Ascorbate and aldarate metabolism"
"IK_ONWMQORSVZYVNH-UHFFFAOYSA-N","Tyrosyl-Asparagine","C03033","Ascorbate and aldarate metabolism"
"IK_YVYMBNSKXOXSKW-HXUWFJFHSA-N","PE(16:0/0:0)","C03033","Ascorbate and aldarate metabolism"
"IK_ZBXYMKUZCWCGPC-BDWKERMESA-N","(2E,4E)-2,7-Dimethyl-2,4-octadienedioic acid","C03033","Ascorbate and aldarate metabolism"
"IK_ZDHRSPRSUBAAIO-FNORWQNLSA-N","2-Nonene-1,4-diol","C03033","Ascorbate and aldarate metabolism"
"IK_ZFACUKICYTXONE-IWDZABBFSA-N","PC(16:1(9Z)/P-18:1(11Z))","C03033","Ascorbate and aldarate metabolism"
"IK_CKLJMWTZIZZHCS-REOHCLBHSA-N","L-Aspartic Acid","C00049","Histidine metabolism"
"IK_BRMWTNUJHUMWMS-LURJTMIESA-N","1-Methylhistidine","C01152","Histidine metabolism"
"IK_JDHILDINMRGULE-UHFFFAOYNA-N","3-Methylhistidine","C01152","Histidine metabolism"
"IK_MYYIAHXIVFADCU-QMMMGPOBSA-N","Anserine","C01262","Histidine metabolism"
"IK_HNDVDQJCIGZPNO-YFKPBYRVSA-N","Histidine","C00135","Histidine metabolism"
"IK_LOIYMIARKYCTBW-OWOJBTEDSA-N","Urocanic acid","C00785","Histidine metabolism"
"IK_HZDLKNOGBSMKRN-UHFFFAOYSA-N","Imidazolone A","C03680","Histidine metabolism"
"IK_WHUUTDBJXJRKMK-VKHMYHEASA-N","Glutamic acid","C00025","Histidine metabolism"
"IK_KZSNJWFQEVHDMF-UHFFFAOYNA-N","Valine","C00141","Pantothenate and CoA biosynthesis"
"IK_QHKABHOOEWYVLI-UHFFFAOYSA-N","Ketoisovaleric acid","C00141","Pantothenate and CoA biosynthesis"
"IK_KZSNJWFQEVHDMF-BYPYZUCNSA-N","L-Valine","C00183","Pantothenate and CoA biosynthesis"
"IK_GHOKWGTUZJEAQD-ZETCQYMHSA-N","Pantothenic acid","C00864","Pantothenate and CoA biosynthesis"
"IK_UCMIRNVEIXFBKS-UHFFFAOYSA-N","Beta-alanine","C00099","Pantothenate and CoA biosynthesis"
"IK_RJMIEHBSYVWVIN-UHFFFAOYSA-N","Indoprofen","C00429","Pantothenate and CoA biosynthesis"
"IK_ISAKRJDGNUQOIC-UHFFFAOYSA-N","Uracil","C00106","Pantothenate and CoA biosynthesis"
"IK_CKLJMWTZIZZHCS-REOHCLBHSA-N","L-Aspartic Acid","C00049","Pantothenate and CoA biosynthesis"
"IK_PCBVVHMKRNVSDR-YJNXUYHJSA-N","PE(18:1(9Z)/18:3(9Z,12Z,15Z))","C05665","Pantothenate and CoA biosynthesis"
"IK_RJMIEHBSYVWVIN-UHFFFAOYSA-N","Indoprofen","C00429","beta-Alanine metabolism"
"IK_UCMIRNVEIXFBKS-UHFFFAOYSA-N","Beta-alanine","C00099","beta-Alanine metabolism"
"IK_PCBVVHMKRNVSDR-YJNXUYHJSA-N","PE(18:1(9Z)/18:3(9Z,12Z,15Z))","C05665","beta-Alanine metabolism"
"IK_ATHGHQPFGPMSJY-UHFFFAOYSA-N","Spermidine","C00315","beta-Alanine metabolism"
"IK_CKLJMWTZIZZHCS-REOHCLBHSA-N","L-Aspartic Acid","C00049","beta-Alanine metabolism"
"IK_HNDVDQJCIGZPNO-YFKPBYRVSA-N","Histidine","C00135","beta-Alanine metabolism"
"IK_MYYIAHXIVFADCU-QMMMGPOBSA-N","Anserine","C01262","beta-Alanine metabolism"
"IK_ISAKRJDGNUQOIC-UHFFFAOYSA-N","Uracil","C00106","beta-Alanine metabolism"
"IK_PMTMAFAPLCGXGK-JMTMCXQRSA-N","12-oxo-PDA","C00092","Starch and sucrose metabolism"
"IK_VFLYULAVOFVIAM-RRDRPCBCSA-N","1-(4-O-beta-D-glucopyranosyl-3-methoxyphenyl)-3,5-dihydroxydecane","C00092","Starch and sucrose metabolism"
"IK_PMTMAFAPLCGXGK-JMTMCXQRSA-N","12-oxo-PDA","C00092","Starch and sucrose metabolism"
"IK_VFLYULAVOFVIAM-RRDRPCBCSA-N","1-(4-O-beta-D-glucopyranosyl-3-methoxyphenyl)-3,5-dihydroxydecane","C00092","Starch and sucrose metabolism"
"IK_CZMRCDWAGMRECN-UGDNZRGBSA-N","Sucrose","C00089","Starch and sucrose metabolism"
"IK_WQZGKKKJIJFFOK-GASJEMHNSA-N","glucose","C00029","Starch and sucrose metabolism"
"IK_LKDRXBCSQODPBY-VRPWFDPXSA-N","D-Fructose","C00085","Starch and sucrose metabolism"
"IK_PMTMAFAPLCGXGK-JMTMCXQRSA-N","12-oxo-PDA","C00092","Starch and sucrose metabolism"
"IK_VFLYULAVOFVIAM-RRDRPCBCSA-N","1-(4-O-beta-D-glucopyranosyl-3-methoxyphenyl)-3,5-dihydroxydecane","C00092","Starch and sucrose metabolism"
"IK_PMTMAFAPLCGXGK-JMTMCXQRSA-N","12-oxo-PDA","C00092","Starch and sucrose metabolism"
"IK_VFLYULAVOFVIAM-RRDRPCBCSA-N","1-(4-O-beta-D-glucopyranosyl-3-methoxyphenyl)-3,5-dihydroxydecane","C00092","Starch and sucrose metabolism"
"IK_CZMRCDWAGMRECN-UGDNZRGBSA-N","Sucrose","C00089","Starch and sucrose metabolism"
"IK_GUBGYTABKSRVRQ-CUHNMECISA-N","Cellobiose","C00185","Starch and sucrose metabolism"
"IK_DLQYHMAWCJLUJE-DLZQOPQVSA-N","Maltose B","C00252","Starch and sucrose metabolism"
"IK_HXXFSFRBOHSIMQ-VFUOTHLCSA-N","glucose-1-phosphate","C00103","Starch and sucrose metabolism"
"IK_GUBGYTABKSRVRQ-CUHNMECISA-N","Cellobiose","C00185","Starch and sucrose metabolism"
"IK_JDSRHVWSAMTSSN-IRQZEAMPSA-N","13(S)-HpODE","C04717","Linoleic acid metabolism"
"IK_AEAMHDRXCYEOCU-HTDYWKJCSA-N","PC(18:0/18:1(11Z))","C00157","Linoleic acid metabolism"
"IK_AHWXJDWBIIDPKS-TZUVPVEASA-N","GPCho(22:6/18:0)","C00157","Linoleic acid metabolism"
"IK_ATHVAWFAEPLPPQ-VRDBWYNSSA-N","PC 36:1","C00157","Linoleic acid metabolism"
"IK_AXZGUCXCTZMPTR-UVGACIQRSA-N","PC(18:0/22:4(7Z,10Z,13Z,16Z))","C00157","Linoleic acid metabolism"
"IK_BETFSIOJEATXGY-WOCLASLBSA-N","PC(22:6(4Z,7Z,10Z,13Z,16Z,19Z)/P-18:1(9Z))","C00157","Linoleic acid metabolism"
"IK_BFZDKPVWJYFECC-OFCLATOASA-N","PC aa C34:4","C00157","Linoleic acid metabolism"
"IK_BHWGKAVGUMMQIW-UVZRHDGTSA-N","PC 40:7|PC 20:3_20:4","C00157","Linoleic acid metabolism"
"IK_BNLANPMAYYCMLY-LCXZALMSSA-N","PC(18:1(9Z)/P-18:1(9Z))","C00157","Linoleic acid metabolism"
"IK_CEJUIQBITPKHHY-OWEZASBCSA-N","PC(20:4(8Z,11Z,14Z,17Z)/18:2(9Z,12Z))","C00157","Linoleic acid metabolism"
"IK_DGBYUHHIADYUMU-UESLNCBNSA-N","GPCho(15:0/18:2)","C00157","Linoleic acid metabolism"
"IK_DLZPSAPMHALIOA-YNCVDBFYSA-N","GPCho(20:0/18:3)","C00157","Linoleic acid metabolism"
"IK_DPEYXLDDNACOGV-ANVMUZGGSA-N","PC(18:1(11Z)/18:3(9Z,12Z,15Z))","C00157","Linoleic acid metabolism"
"IK_DZPKSVTWWIZUMS-FPUNCOTOSA-N","PC(18:2(9Z,12Z)/18:0)","C00157","Linoleic acid metabolism"
"IK_FAUYAENFVCNTAL-PFFNLMTBSA-N","PC(18:0/22:6(4Z,7Z,10Z,13Z,16Z,19Z))","C00157","Linoleic acid metabolism"
"IK_FBCNXALHPSQUQY-WKABSKOFSA-N","PC(20:4(8Z,11Z,14Z,17Z)/18:0)","C00157","Linoleic acid metabolism"
"IK_FHENRYRLCPXONH-LDLOPFEMSA-N","PC 33:0","C00157","Linoleic acid metabolism"
"IK_FHUAYOMRHXZKHT-JUGJLYODSA-N","PC 40:4","C00157","Linoleic acid metabolism"
"IK_FKEIHZHIVAFDLO-RYPYTVSESA-N","PC(22:1(13Z)/22:5(4Z,7Z,10Z,13Z,16Z))","C00157","Linoleic acid metabolism"
"IK_FMBYBTSZVHUJMV-DIVFMYBRSA-N","PC(22:6(4Z,7Z,10Z,13Z,16Z,19Z)/P-18:0)","C00157","Linoleic acid metabolism"
"IK_FORFDCPQKJHEBF-HUESYALOSA-N","PC(18:0/18:2(9Z,12Z))","C00157","Linoleic acid metabolism"
"IK_FQVFGIZCMMQDNV-NQQLFREJSA-N","PC(18:1(9Z)/P-16:0)","C00157","Linoleic acid metabolism"
"IK_FVXDQWZBHIXIEJ-LNDKUQBDSA-N","PC(18:2(9Z,12Z)/18:2(9Z,12Z))","C00157","Linoleic acid metabolism"
"IK_FWMYJLDHIVCJCT-RRHRGVEJSA-N","PC(18:2(9Z,12Z)/16:0)","C00157","Linoleic acid metabolism"
"IK_GIPZQCAVEQRWOM-IKJFKDIMSA-N","PC aa C38:1","C00157","Linoleic acid metabolism"
"IK_GJRXIEGNAMFGOV-VEOGPPBOSA-N","PC(22:6(4Z,7Z,10Z,13Z,16Z,19Z)/P-16:0)","C00157","Linoleic acid metabolism"
"IK_GPWHCUUIQMGELX-VHQDNGOZSA-N","PC 32:2","C00157","Linoleic acid metabolism"
"IK_GQQALHZKRGXRTO-AEMURDCYSA-N","PC(20:0/20:5(5Z,8Z,11Z,14Z,17Z))","C00157","Linoleic acid metabolism"
"IK_IESVDEZGAHUQJU-ZLBXKVHBSA-N","PC(16:0/22:6(4Z,7Z,10Z,13Z,16Z,19Z))","C00157","Linoleic acid metabolism"
"IK_IJPRFXKJWFQONJ-UHFFFAOYSA-N","Desmethyltetrahydropiperine sulfate","C00157","Linoleic acid metabolism"
"IK_IORKBJYFXXCDMP-GMGFYYQASA-N","PC(18:2(9Z,12Z)/14:0)","C00157","Linoleic acid metabolism"
"IK_IPMVHVDAYPUFKH-WYRBGLKBSA-N","PC(16:1(9Z)/16:0)","C00157","Linoleic acid metabolism"
"IK_JAVWFBAAZSHHAD-HCYAGMRRSA-N","PC(16:0/20:4(8Z,11Z,14Z,17Z))","C00157","Linoleic acid metabolism"
"IK_JHMWTEQGLBMSLG-DMHZMEFUSA-N","GPCho(20:3/20:3)","C00157","Linoleic acid metabolism"
"IK_JLIPBVWMWUWERT-HNQUOIGGSA-N","Hydroxydesmethylpiperine sulfate","C00157","Linoleic acid metabolism"
"IK_JPIJQSOTBSSVTP-GBXIJSLDSA-N","isothreonic acid","C00157","Linoleic acid metabolism"
"IK_KNHXCLGABLNNRN-FFSDQCCLSA-N","PC O-34:4|PC O-16:2_18:2","C00157","Linoleic acid metabolism"
"IK_LJARBVLDSOWRJT-PSXMRANNSA-N","PC(15:0/15:0)","C00157","Linoleic acid metabolism"
"IK_LYFMZJCIGLZMJF-IRSYNFPBSA-N","PE(P-16:0/22:2(13Z,16Z))","C00157","Linoleic acid metabolism"
"IK_LZCOQTDXKCNBEE-RUTJIGONSA-N","3-Oxa-9-azoniatricyclo[3.3.1.02,4]nonane, 9-ethyl-7-hydroxy-9-methyl-","C00157","Linoleic acid metabolism"
"IK_LZLVZIFMYXDKCN-QJWFYWCHSA-N","GPCho(20:4/20:4)","C00157","Linoleic acid metabolism"
"IK_LZRYNUIYHHQTRL-NBZVOYHKSA-N","Lisinopril, epsilon-biotinamidocaproyl-","C00157","Linoleic acid metabolism"
"IK_MROJXXOCABQVEF-UHFFFAOYSA-N","Actarit","C00157","Linoleic acid metabolism"
"IK_MRPDHXXPDCVBPQ-AATRIKPKSA-N","(3S,5R,6S,7E,9x)-7-Megastigmene-3,6,9-triol 9-glucoside","C00157","Linoleic acid metabolism"
"IK_MRUAUOIMASANKQ-UHFFFAOYSA-N","Cocamidopropyl Betaine","C00157","Linoleic acid metabolism"
"IK_NCBOXCFFSWALMZ-XTNBEGJDSA-N","Bergenin Pentaacetate","C00157","Linoleic acid metabolism"
"IK_NCGLTZSBTFVVAW-KNXRZYMVSA-N","Minaxolone","C00157","Linoleic acid metabolism"
"IK_NRJAVPSFFCBXDT-HUESYALOSA-N","phosphatidylcholine","C00157","Linoleic acid metabolism"
"IK_PLOUQIGEQKCKHG-UHFFFAOYSA-N","3-Methylazelaic acid","C00157","Linoleic acid metabolism"
"IK_PNEJUHLZEPRMHF-UHFFFAOYSA-N","6-Hydroxypentadecanedioic acid","C00157","Linoleic acid metabolism"
"IK_PWSKCIUNCJJBIX-RXDOKCLVSA-N","PG(5-iso PGF2VI/a-13:0)","C00157","Linoleic acid metabolism"
"IK_PXVMEXBCFJTGCL-RCHUDCCISA-N","N-Eicosapentaenoyl Phenylalanine","C00157","Linoleic acid metabolism"
"IK_QHVMVGMCKWPDHT-UHFFFAOYSA-N","Fluorescein thiohydantoin","C00157","Linoleic acid metabolism"
"IK_QKAITYIDZJJULL-UHFFFAOYSA-N","2-[(5-bromopyridin-2-yl)amino]-4-methyl-N-propyl-1,3-thiazole-5-carboxamide","C00157","Linoleic acid metabolism"
"IK_QKNCKSQAXGWPIK-FOWTUZBSSA-N","Caffeoylcycloartenol","C00157","Linoleic acid metabolism"
"IK_RAGZUCNPTLULOL-KQJPBSFVSA-N","3-Feruloylquinic acid","C00157","Linoleic acid metabolism"
"IK_RALVCBWUWHJOGL-OPMJLWCUSA-N","Myricatomentoside I","C00157","Linoleic acid metabolism"
"IK_RFHSOKOVHMEMLA-JCMJOHBISA-N","TG 46:2","C00157","Linoleic acid metabolism"
"IK_RFPQMVKZNQOUGY-KXYOHKLBSA-N","PE O-16:1_18:1","C00157","Linoleic acid metabolism"
"IK_RRKQXBKNDQFCNC-MTGPGUOHSA-N","1-alpha-methyl-5-alpha-androstan-3-alpha,17-beta-diol glucuronide","C00157","Linoleic acid metabolism"
"IK_RRTYEHFGQWNQKK-KIQAWMAPSA-N","12-Keto-tetrahydro-leukotriene B4","C00157","Linoleic acid metabolism"
"IK_SPURMHFLEKVAAS-UHFFFAOYSA-N","Docosene","C00157","Linoleic acid metabolism"
"IK_SUWZHLCNFQWNPE-LATRNWQMSA-N","Ethylhydrocupreine","C00157","Linoleic acid metabolism"
"IK_VGSSUFQMXBFFTM-METNKUIYSA-N","(3beta,5alpha,6beta,24R)-Stigmastane-3,5,6-triol","C00157","Linoleic acid metabolism"
"IK_VHMKGBYCXDBNFU-CVWCHQOZSA-N","4'-Methoxymucidin","C00157","Linoleic acid metabolism"
"IK_VIHYIVKEECZGOU-UHFFFAOYSA-N","1-Acetylimidazole","C00157","Linoleic acid metabolism"
"IK_VYZAGTDAHUIRQA-WHFBIAKZSA-N","Ala-Glu","C00157","Linoleic acid metabolism"
"IK_VZJHQHUOVIDRCF-UHFFFAOYSA-N","3-Isolongifolol","C00157","Linoleic acid metabolism"
"IK_WAAPEIZFCHNLKK-PELKAZGASA-N","(2R,4S)-2-Aminoformyl-6-fluoro-spiro[chroman-4,4'-imidazolidine]-2',5'-dione","C00157","Linoleic acid metabolism"
"IK_WCFPKRXBSJDTMS-LGVIUEQGSA-N","FA 19:1","C00157","Linoleic acid metabolism"
"IK_WCRMUYBCGFGNRR-LTFXTMEVSA-N","PC O-42:4","C00157","Linoleic acid metabolism"
"IK_WSJBSKRPKADYRQ-UHFFFAOYSA-N","4-Formylaminoantipyrine","C00157","Linoleic acid metabolism"
"IK_WTIIULQJLZEHGZ-AWFVSMACSA-L","(2R,3S)-2,3-dimethylmalate","C00157","Linoleic acid metabolism"
"IK_WYIMORDZGCUBAA-UHFFFAOYSA-N","LPC 19:0","C00157","Linoleic acid metabolism"
"IK_WYVKPHCYMTWUCW-UHFFFAOYSA-N","Cysteinyl-Threonine","C00157","Linoleic acid metabolism"
"IK_XEUPFPHHPCQXFV-UHFFFAOYSA-N","Panaquinquecol 7","C00157","Linoleic acid metabolism"
"IK_XGILAAMKEQUXLS-UHFFFAOYSA-N","Indolelactic acid","C00157","Linoleic acid metabolism"
"IK_XMIFBEZRFMTGRL-TURQNECASA-N","5-Taurinomethyl-2-thiouridine","C00157","Linoleic acid metabolism"
"IK_XMYFJYXXQPMWED-VQHVLOKHSA-N","5-Hydroxydec-6-enoylcarnitine","C00157","Linoleic acid metabolism"
"IK_YACHGFWEQXFSBS-XYERBDPFSA-N","Leptomycin B","C00157","Linoleic acid metabolism"
"IK_YBAFDPFAUTYYRW-YUMQZZPRSA-N","Glutamylleucine","C00157","Linoleic acid metabolism"
"IK_YVPPHAUZYVAQNM-UHFFFAOYSA-N","2-Piperidinecarboxamide, 1-butyl-N-(4-hydroxy-2,6-dimethylphenyl)-","C00157","Linoleic acid metabolism"
"IK_ZEZUHTUTOUOANR-JCGOJSMZSA-N","SM 40:1;2O|SM 18:1;2O/22:0","C00157","Linoleic acid metabolism"
"IK_ZRKZFNZPJKEWPC-UHFFFAOYSA-N","DDAO","C00157","Linoleic acid metabolism"
"IK_ZSTCZWJCLIRCOJ-DGCLKSJQSA-N","Zilpaterol","C00157","Linoleic acid metabolism"
"IK_OYHQOLUKZRVURQ-HZJYTTRNSA-N","Linoleic acid","C01595","Linoleic acid metabolism"
"IK_ZKRFOXLVOKTUTA-KQYNXXCUSA-N","6-Thioinosine-5'-monophosphate","C04646","Linoleic acid metabolism"
"IK_HWXBTNAVRSUOJR-UHFFFAOYSA-N","2-hydroxyglutaric acid","C02630","Butanoate metabolism"
"IK_JFCQEDHGNNZCLN-UHFFFAOYSA-N","Glutaric Acid","C00026","Butanoate metabolism"
"IK_KPGXRSRHYNQIFN-UHFFFAOYSA-N","Oxoglutaric acid","C00026","Butanoate metabolism"
"IK_WDJHALXBUFZDSR-UHFFFAOYSA-M","Acetoacetate","C00164","Butanoate metabolism"
"IK_UHWVSEOVJBQKBE-UHFFFAOYSA-N","TRIMETAZIDINE","C00232","Butanoate metabolism"
"IK_UIPSRRAMIULCRE-OZKVUCNRSA-N","PG(22:5(7Z,10Z,13Z,16Z,19Z)/22:5(4Z,7Z,10Z,13Z,19Z)-O(16,17))","C00232","Butanoate metabolism"
"IK_UIUJIQZEACWQSV-UHFFFAOYSA-N","Succinic acid semialdehyde","C00232","Butanoate metabolism"
"IK_BTCSSZJGUNDROE-UHFFFAOYSA-N","Gamma Aminobutyric acid","C00334","Butanoate metabolism"
"IK_WHUUTDBJXJRKMK-VKHMYHEASA-N","Glutamic acid","C00025","Butanoate metabolism"
"IK_DFPAKSUCGFBDDF-UHFFFAOYSA-N","Nicotinamide","C00003","Nicotinate and nicotinamide metabolism"
"IK_GFFGJBXGBJISGV-UHFFFAOYSA-N","Adenine","C00003","Nicotinate and nicotinamide metabolism"
"IK_JOUIQRNQJGXQDC-ZYUZMQFOSA-N","Nicotinic acid mononucleotide","C01185","Nicotinate and nicotinamide metabolism"
"IK_CKLJMWTZIZZHCS-REOHCLBHSA-N","L-Aspartic Acid","C00049","Nicotinate and nicotinamide metabolism"
"IK_PTGGMPLMNDBPGB-CXISOLTFSA-N","N-methylsphingosine","C05841","Nicotinate and nicotinamide metabolism"
"IK_KTJAFMBXBPVGGI-LTEAFHAISA-N","PE 36:3;O|PE 18:2_18:1;O","C05843","Nicotinate and nicotinamide metabolism"
"IK_KTLRWTOPTKGYQY-UHFFFAOYSA-N","N1-Methyl-4-pyridone-5-carboxamide3","C05843","Nicotinate and nicotinamide metabolism"
"IK_PVNIIMVLHYAWGP-UHFFFAOYSA-N","nicotinic acid","C00153","Nicotinate and nicotinamide metabolism"
"IK_WNLRTRBMVRJNCN-UHFFFAOYSA-N","Adipic Acid","C00322","Lysine degradation"
"IK_OYIFNHCXNCRBQI-UHFFFAOYSA-N","Aminoadipic acid","C00956","Lysine degradation"
"IK_DWKUKQRKVCMOLP-UHFFFAOYSA-N","1-Piperideine","C00450","Lysine degradation"
"IK_GFXYTQPNNXGICT-YFKPBYRVSA-N","Allysine","C04076","Lysine degradation"
"IK_KDXKERNSBIXSRK-UHFFFAOYNA-N","Lysine","C00047","Lysine degradation"
"IK_KDXKERNSBIXSRK-YFKPBYRVSA-N","L-Lysine","C00047","Lysine degradation"
"IK_YSMODUONRAFBET-UHNVWZDZSA-N","5-Hydroxylysine","C01211","Lysine degradation"
"IK_XVQDCCGQSOTQBN-RXCALXPUSA-N","12'-Apo-b-carotene-3,12'-diol","C05545","Lysine degradation"
"IK_XWYSLMAMRKYUFH-SEYXRHQNSA-N","LPC O-18:1","C05545","Lysine degradation"
"IK_JHPNVNIEXXLNTR-UHFFFAOYSA-N","DEOXYCARNITINE","C01181","Lysine degradation"
"IK_AKCRVYNORCOYQT-UHFFFAOYSA-N","N-Methylvaline","C01149","Lysine degradation"
"IK_HXEACLLIILLPRG-UHFFFAOYSA-N","Pipecolic acid","C00408","Lysine degradation"
"IK_HXEACLLIILLPRG-YFKPBYRVSA-N","L-Pipecolic acid","C00408","Lysine degradation"
"IK_NQRYJNQNLNOLGT-UHFFFAOYSA-N","Piperidine","C00408","Lysine degradation"
"IK_DTBNBXWJWCWCIK-UHFFFAOYSA-N","Phosphoenolpyruvate","C00074","Pyruvate metabolism"
"IK_BJEPYKJPYRNKOW-UHFFFAOYSA-N","malic acid","C00149","Pyruvate metabolism"
"IK_JVTAAEKCZFNVCJ-UHFFFAOYSA-N","Lactic acid","C00186","Pyruvate metabolism"
"IK_JVTAAEKCZFNVCJ-UWTATZPHSA-N","D-Lactic acid","C00256","Pyruvate metabolism"
"IK_VDYDCVUWILIYQF-CSMHCCOUSA-N","S-Lactoylglutathione","C03451","Pyruvate metabolism"
"IK_LCTONWCANYUPML-UHFFFAOYSA-N","Pyruvic Acid","C00022","Pyruvate metabolism"
"IK_KDYFGRWQOYBRFD-UHFFFAOYSA-N","Succinic acid","C00036","Pyruvate metabolism"
"IK_KHPXUQMNIQBQEV-UHFFFAOYSA-N","Oxaloacetate","C00036","Pyruvate metabolism"
"IK_VZCYOOQTPOCHFL-OWOJBTEDSA-N","fumaric acid","C00122","Pyruvate metabolism"
"IK_IXRPKRWXUJOOBZ-AVMVYAPKSA-N","Alpha-Santalyl acetate","C00124","Galactose metabolism"
"IK_GUBGYTABKSRVRQ-QKKXKWKRSA-N","lactose","C00052","Galactose metabolism"
"IK_WQZGKKKJIJFFOK-SVZMEOIVSA-N","D-Galactose","C00052","Galactose metabolism"
"IK_HXXFSFRBOHSIMQ-VFUOTHLCSA-N","glucose-1-phosphate","C00103","Galactose metabolism"
"IK_WQZGKKKJIJFFOK-GASJEMHNSA-N","glucose","C00029","Galactose metabolism"
"IK_VCWMRQDBPZKXKG-ZNVDUFQESA-N","Galactinol","C01235","Galactose metabolism"
"IK_CZMRCDWAGMRECN-UGDNZRGBSA-N","Sucrose","C00089","Galactose metabolism"
"IK_CDAISMWEOUEBRE-GPIVLXJGSA-N","myo-inositol","C00137","Galactose metabolism"
"IK_CDAISMWEOUEBRE-UHFFFAOYSA-N","Myoinositol","C00137","Galactose metabolism"
"IK_VCWMRQDBPZKXKG-ZNVDUFQESA-N","Galactinol","C01235","Galactose metabolism"
"IK_PYZZIILDSAJNLZ-QZNPSGCDSA-N","Melibiitol","C05399","Galactose metabolism"
"IK_DLRVVLDZNNYCBX-ABXHMFFYSA-N","Melibiose","C05400","Galactose metabolism"
"IK_IXRPKRWXUJOOBZ-AVMVYAPKSA-N","Alpha-Santalyl acetate","C00124","Galactose metabolism"
"IK_NHZMQXZHNVQTQA-UHFFFAOYSA-N","Pyridoxamine","C00534","Vitamin B6 metabolism"
"IK_SNICXCGAKADSCV-JTQLQIEISA-N","pyridoxal 5-phosphate","C00018","Vitamin B6 metabolism"
"NO_INCHIKEY__pl","PL","C00018","Vitamin B6 metabolism"
"IK_LXNHXLLTXMVWPM-UHFFFAOYSA-N","Pyridoxine","C00314","Vitamin B6 metabolism"
"IK_HXACOUQIXZGNBF-UHFFFAOYSA-N","4-Pyridoxic Acid","C00847","Vitamin B6 metabolism"
"IK_OIPILFWXSMYKGL-UHFFFAOYSA-N","Acetylcholine","C01996","Glycerophospholipid metabolism"
"IK_YHHSONZFOIEMCP-UHFFFAOYSA-N","Choline Phosphate","C00588","Glycerophospholipid metabolism"
"IK_NIPLIJLVGZCKMP-UHFFFAOYSA-M","Neurine","C00114","Glycerophospholipid metabolism"
"IK_OEYIOHPDSNJKLS-UHFFFAOYSA-N","Choline","C00114","Glycerophospholipid metabolism"
"IK_AEAMHDRXCYEOCU-HTDYWKJCSA-N","PC(18:0/18:1(11Z))","C00157","Glycerophospholipid metabolism"
"IK_AHWXJDWBIIDPKS-TZUVPVEASA-N","GPCho(22:6/18:0)","C00157","Glycerophospholipid metabolism"
"IK_ATHVAWFAEPLPPQ-VRDBWYNSSA-N","PC 36:1","C00157","Glycerophospholipid metabolism"
"IK_AXZGUCXCTZMPTR-UVGACIQRSA-N","PC(18:0/22:4(7Z,10Z,13Z,16Z))","C00157","Glycerophospholipid metabolism"
"IK_BETFSIOJEATXGY-WOCLASLBSA-N","PC(22:6(4Z,7Z,10Z,13Z,16Z,19Z)/P-18:1(9Z))","C00157","Glycerophospholipid metabolism"
"IK_BFZDKPVWJYFECC-OFCLATOASA-N","PC aa C34:4","C00157","Glycerophospholipid metabolism"
"IK_BHWGKAVGUMMQIW-UVZRHDGTSA-N","PC 40:7|PC 20:3_20:4","C00157","Glycerophospholipid metabolism"
"IK_BNLANPMAYYCMLY-LCXZALMSSA-N","PC(18:1(9Z)/P-18:1(9Z))","C00157","Glycerophospholipid metabolism"
"IK_CEJUIQBITPKHHY-OWEZASBCSA-N","PC(20:4(8Z,11Z,14Z,17Z)/18:2(9Z,12Z))","C00157","Glycerophospholipid metabolism"
"IK_DGBYUHHIADYUMU-UESLNCBNSA-N","GPCho(15:0/18:2)","C00157","Glycerophospholipid metabolism"
"IK_DLZPSAPMHALIOA-YNCVDBFYSA-N","GPCho(20:0/18:3)","C00157","Glycerophospholipid metabolism"
"IK_DPEYXLDDNACOGV-ANVMUZGGSA-N","PC(18:1(11Z)/18:3(9Z,12Z,15Z))","C00157","Glycerophospholipid metabolism"
"IK_DZPKSVTWWIZUMS-FPUNCOTOSA-N","PC(18:2(9Z,12Z)/18:0)","C00157","Glycerophospholipid metabolism"
"IK_FAUYAENFVCNTAL-PFFNLMTBSA-N","PC(18:0/22:6(4Z,7Z,10Z,13Z,16Z,19Z))","C00157","Glycerophospholipid metabolism"
"IK_FBCNXALHPSQUQY-WKABSKOFSA-N","PC(20:4(8Z,11Z,14Z,17Z)/18:0)","C00157","Glycerophospholipid metabolism"
"IK_FHENRYRLCPXONH-LDLOPFEMSA-N","PC 33:0","C00157","Glycerophospholipid metabolism"
"IK_FHUAYOMRHXZKHT-JUGJLYODSA-N","PC 40:4","C00157","Glycerophospholipid metabolism"
"IK_FKEIHZHIVAFDLO-RYPYTVSESA-N","PC(22:1(13Z)/22:5(4Z,7Z,10Z,13Z,16Z))","C00157","Glycerophospholipid metabolism"
"IK_FMBYBTSZVHUJMV-DIVFMYBRSA-N","PC(22:6(4Z,7Z,10Z,13Z,16Z,19Z)/P-18:0)","C00157","Glycerophospholipid metabolism"
"IK_FORFDCPQKJHEBF-HUESYALOSA-N","PC(18:0/18:2(9Z,12Z))","C00157","Glycerophospholipid metabolism"
"IK_FQVFGIZCMMQDNV-NQQLFREJSA-N","PC(18:1(9Z)/P-16:0)","C00157","Glycerophospholipid metabolism"
"IK_FVXDQWZBHIXIEJ-LNDKUQBDSA-N","PC(18:2(9Z,12Z)/18:2(9Z,12Z))","C00157","Glycerophospholipid metabolism"
"IK_FWMYJLDHIVCJCT-RRHRGVEJSA-N","PC(18:2(9Z,12Z)/16:0)","C00157","Glycerophospholipid metabolism"
"IK_GIPZQCAVEQRWOM-IKJFKDIMSA-N","PC aa C38:1","C00157","Glycerophospholipid metabolism"
"IK_GJRXIEGNAMFGOV-VEOGPPBOSA-N","PC(22:6(4Z,7Z,10Z,13Z,16Z,19Z)/P-16:0)","C00157","Glycerophospholipid metabolism"
"IK_GPWHCUUIQMGELX-VHQDNGOZSA-N","PC 32:2","C00157","Glycerophospholipid metabolism"
"IK_GQQALHZKRGXRTO-AEMURDCYSA-N","PC(20:0/20:5(5Z,8Z,11Z,14Z,17Z))","C00157","Glycerophospholipid metabolism"
"IK_IESVDEZGAHUQJU-ZLBXKVHBSA-N","PC(16:0/22:6(4Z,7Z,10Z,13Z,16Z,19Z))","C00157","Glycerophospholipid metabolism"
"IK_IJPRFXKJWFQONJ-UHFFFAOYSA-N","Desmethyltetrahydropiperine sulfate","C00157","Glycerophospholipid metabolism"
"IK_IORKBJYFXXCDMP-GMGFYYQASA-N","PC(18:2(9Z,12Z)/14:0)","C00157","Glycerophospholipid metabolism"
"IK_IPMVHVDAYPUFKH-WYRBGLKBSA-N","PC(16:1(9Z)/16:0)","C00157","Glycerophospholipid metabolism"
"IK_JAVWFBAAZSHHAD-HCYAGMRRSA-N","PC(16:0/20:4(8Z,11Z,14Z,17Z))","C00157","Glycerophospholipid metabolism"
"IK_JHMWTEQGLBMSLG-DMHZMEFUSA-N","GPCho(20:3/20:3)","C00157","Glycerophospholipid metabolism"
"IK_JLIPBVWMWUWERT-HNQUOIGGSA-N","Hydroxydesmethylpiperine sulfate","C00157","Glycerophospholipid metabolism"
"IK_JPIJQSOTBSSVTP-GBXIJSLDSA-N","isothreonic acid","C00157","Glycerophospholipid metabolism"
"IK_KNHXCLGABLNNRN-FFSDQCCLSA-N","PC O-34:4|PC O-16:2_18:2","C00157","Glycerophospholipid metabolism"
"IK_LJARBVLDSOWRJT-PSXMRANNSA-N","PC(15:0/15:0)","C00157","Glycerophospholipid metabolism"
"IK_LYFMZJCIGLZMJF-IRSYNFPBSA-N","PE(P-16:0/22:2(13Z,16Z))","C00157","Glycerophospholipid metabolism"
"IK_LZCOQTDXKCNBEE-RUTJIGONSA-N","3-Oxa-9-azoniatricyclo[3.3.1.02,4]nonane, 9-ethyl-7-hydroxy-9-methyl-","C00157","Glycerophospholipid metabolism"
"IK_LZLVZIFMYXDKCN-QJWFYWCHSA-N","GPCho(20:4/20:4)","C00157","Glycerophospholipid metabolism"
"IK_LZRYNUIYHHQTRL-NBZVOYHKSA-N","Lisinopril, epsilon-biotinamidocaproyl-","C00157","Glycerophospholipid metabolism"
"IK_MROJXXOCABQVEF-UHFFFAOYSA-N","Actarit","C00157","Glycerophospholipid metabolism"
"IK_MRPDHXXPDCVBPQ-AATRIKPKSA-N","(3S,5R,6S,7E,9x)-7-Megastigmene-3,6,9-triol 9-glucoside","C00157","Glycerophospholipid metabolism"
"IK_MRUAUOIMASANKQ-UHFFFAOYSA-N","Cocamidopropyl Betaine","C00157","Glycerophospholipid metabolism"
"IK_NCBOXCFFSWALMZ-XTNBEGJDSA-N","Bergenin Pentaacetate","C00157","Glycerophospholipid metabolism"
"IK_NCGLTZSBTFVVAW-KNXRZYMVSA-N","Minaxolone","C00157","Glycerophospholipid metabolism"
"IK_NRJAVPSFFCBXDT-HUESYALOSA-N","phosphatidylcholine","C00157","Glycerophospholipid metabolism"
"IK_PLOUQIGEQKCKHG-UHFFFAOYSA-N","3-Methylazelaic acid","C00157","Glycerophospholipid metabolism"
"IK_PNEJUHLZEPRMHF-UHFFFAOYSA-N","6-Hydroxypentadecanedioic acid","C00157","Glycerophospholipid metabolism"
"IK_PWSKCIUNCJJBIX-RXDOKCLVSA-N","PG(5-iso PGF2VI/a-13:0)","C00157","Glycerophospholipid metabolism"
"IK_PXVMEXBCFJTGCL-RCHUDCCISA-N","N-Eicosapentaenoyl Phenylalanine","C00157","Glycerophospholipid metabolism"
"IK_QHVMVGMCKWPDHT-UHFFFAOYSA-N","Fluorescein thiohydantoin","C00157","Glycerophospholipid metabolism"
"IK_QKAITYIDZJJULL-UHFFFAOYSA-N","2-[(5-bromopyridin-2-yl)amino]-4-methyl-N-propyl-1,3-thiazole-5-carboxamide","C00157","Glycerophospholipid metabolism"
"IK_QKNCKSQAXGWPIK-FOWTUZBSSA-N","Caffeoylcycloartenol","C00157","Glycerophospholipid metabolism"
"IK_RAGZUCNPTLULOL-KQJPBSFVSA-N","3-Feruloylquinic acid","C00157","Glycerophospholipid metabolism"
"IK_RALVCBWUWHJOGL-OPMJLWCUSA-N","Myricatomentoside I","C00157","Glycerophospholipid metabolism"
"IK_RFHSOKOVHMEMLA-JCMJOHBISA-N","TG 46:2","C00157","Glycerophospholipid metabolism"
"IK_RFPQMVKZNQOUGY-KXYOHKLBSA-N","PE O-16:1_18:1","C00157","Glycerophospholipid metabolism"
"IK_RRKQXBKNDQFCNC-MTGPGUOHSA-N","1-alpha-methyl-5-alpha-androstan-3-alpha,17-beta-diol glucuronide","C00157","Glycerophospholipid metabolism"
"IK_RRTYEHFGQWNQKK-KIQAWMAPSA-N","12-Keto-tetrahydro-leukotriene B4","C00157","Glycerophospholipid metabolism"
"IK_SPURMHFLEKVAAS-UHFFFAOYSA-N","Docosene","C00157","Glycerophospholipid metabolism"
"IK_SUWZHLCNFQWNPE-LATRNWQMSA-N","Ethylhydrocupreine","C00157","Glycerophospholipid metabolism"
"IK_VGSSUFQMXBFFTM-METNKUIYSA-N","(3beta,5alpha,6beta,24R)-Stigmastane-3,5,6-triol","C00157","Glycerophospholipid metabolism"
"IK_VHMKGBYCXDBNFU-CVWCHQOZSA-N","4'-Methoxymucidin","C00157","Glycerophospholipid metabolism"
"IK_VIHYIVKEECZGOU-UHFFFAOYSA-N","1-Acetylimidazole","C00157","Glycerophospholipid metabolism"
"IK_VYZAGTDAHUIRQA-WHFBIAKZSA-N","Ala-Glu","C00157","Glycerophospholipid metabolism"
"IK_VZJHQHUOVIDRCF-UHFFFAOYSA-N","3-Isolongifolol","C00157","Glycerophospholipid metabolism"
"IK_WAAPEIZFCHNLKK-PELKAZGASA-N","(2R,4S)-2-Aminoformyl-6-fluoro-spiro[chroman-4,4'-imidazolidine]-2',5'-dione","C00157","Glycerophospholipid metabolism"
"IK_WCFPKRXBSJDTMS-LGVIUEQGSA-N","FA 19:1","C00157","Glycerophospholipid metabolism"
"IK_WCRMUYBCGFGNRR-LTFXTMEVSA-N","PC O-42:4","C00157","Glycerophospholipid metabolism"
"IK_WSJBSKRPKADYRQ-UHFFFAOYSA-N","4-Formylaminoantipyrine","C00157","Glycerophospholipid metabolism"
"IK_WTIIULQJLZEHGZ-AWFVSMACSA-L","(2R,3S)-2,3-dimethylmalate","C00157","Glycerophospholipid metabolism"
"IK_WYIMORDZGCUBAA-UHFFFAOYSA-N","LPC 19:0","C00157","Glycerophospholipid metabolism"
"IK_WYVKPHCYMTWUCW-UHFFFAOYSA-N","Cysteinyl-Threonine","C00157","Glycerophospholipid metabolism"
"IK_XEUPFPHHPCQXFV-UHFFFAOYSA-N","Panaquinquecol 7","C00157","Glycerophospholipid metabolism"
"IK_XGILAAMKEQUXLS-UHFFFAOYSA-N","Indolelactic acid","C00157","Glycerophospholipid metabolism"
"IK_XMIFBEZRFMTGRL-TURQNECASA-N","5-Taurinomethyl-2-thiouridine","C00157","Glycerophospholipid metabolism"
"IK_XMYFJYXXQPMWED-VQHVLOKHSA-N","5-Hydroxydec-6-enoylcarnitine","C00157","Glycerophospholipid metabolism"
"IK_YACHGFWEQXFSBS-XYERBDPFSA-N","Leptomycin B","C00157","Glycerophospholipid metabolism"
"IK_YBAFDPFAUTYYRW-YUMQZZPRSA-N","Glutamylleucine","C00157","Glycerophospholipid metabolism"
"IK_YVPPHAUZYVAQNM-UHFFFAOYSA-N","2-Piperidinecarboxamide, 1-butyl-N-(4-hydroxy-2,6-dimethylphenyl)-","C00157","Glycerophospholipid metabolism"
"IK_ZEZUHTUTOUOANR-JCGOJSMZSA-N","SM 40:1;2O|SM 18:1;2O/22:0","C00157","Glycerophospholipid metabolism"
"IK_ZRKZFNZPJKEWPC-UHFFFAOYSA-N","DDAO","C00157","Glycerophospholipid metabolism"
"IK_ZSTCZWJCLIRCOJ-DGCLKSJQSA-N","Zilpaterol","C00157","Glycerophospholipid metabolism"
"IK_HZAXFHJVJLSVMW-UHFFFAOYSA-N","Ethanolamine","C00189","Glycerophospholipid metabolism"
"IK_PEDCQBHIVMGVHV-UHFFFAOYSA-N","glycerol","C00093","Glycerophospholipid metabolism"
"IK_PABVKUJVLNMOJP-UHFFFAOYSA-M","Glutamyl-Cysteine","C00416","Glycerophospholipid metabolism"
"IK_PAHMCFUSNIRFHK-UKPQPXGPSA-N","DG(PGE2/12:0/0:0)","C00416","Glycerophospholipid metabolism"
"IK_ZPVOLGVTNLDBFI-UHFFFAOYSA-N","(+/-)-2,2,6-Trimethylcyclohexanone","C00416","Glycerophospholipid metabolism"
"IK_ZQRJDNRTBNYEER-NWBJSICCSA-N","Cer-NS d39:1","C00416","Glycerophospholipid metabolism"
"IK_AJTJVNKPLZTLHV-RJJHQZCFSA-N","PE(18:2(9Z,12Z)/20:5(5Z,8Z,11Z,14Z,17Z))","C00350","Glycerophospholipid metabolism"
"IK_ANRKEHNWXKCXDB-BHFWLYLHSA-N","PE 38:4","C00350","Glycerophospholipid metabolism"
"IK_BLHQFTDZMFXXHV-LLPREHSBSA-N","GPEtn(22:5/16:0)","C00350","Glycerophospholipid metabolism"
"IK_CGGKIILOLKTYHS-LJGQSTEHSA-N","GPEtn(16:1/22:5)","C00350","Glycerophospholipid metabolism"
"IK_CZOSTDZGCCEZTJ-WMHOIYFHSA-N","PE 16:0_16::1","C00350","Glycerophospholipid metabolism"
"IK_DRIVXEVMDWCWLI-CAQMIEAISA-N","PE(16:0/20:4(5Z,8Z,11Z,14Z))","C00350","Glycerophospholipid metabolism"
"IK_DUQDVNACTOXOJA-KTKXOIIHSA-N","PE 36:4","C00350","Glycerophospholipid metabolism"
"IK_FHQVHHIBKUMWTI-OTMQOFQLSA-N","PE 34:1","C00350","Glycerophospholipid metabolism"
"IK_FLWFZAGAZMHZQM-IVWGLPAOSA-N","PE(24:1(15Z)/15:0)","C00350","Glycerophospholipid metabolism"
"IK_FXGOEHDEIHUMCP-XNGCGXPYSA-N","PE(22:6(4Z,7Z,10Z,13Z,16Z,19Z)/18:1(9Z))","C00350","Glycerophospholipid metabolism"
"IK_FXYFFYOQPWNFJZ-XGKJNDTMSA-N","PE(15:0/20:2(11Z,14Z))","C00350","Glycerophospholipid metabolism"
"IK_GUMSBNXGPBAONF-UBRVPYPMSA-N","PE(20:3(8Z,11Z,14Z)/24:1(15Z))","C00350","Glycerophospholipid metabolism"
"IK_HMARMWSETGYKDK-AOGVJQIJSA-N","PE(14:0/18:2(9Z,12Z))","C00350","Glycerophospholipid metabolism"
"IK_HNFSZKRUPTYBOQ-ZDYOIFAYSA-N","PE(18:0/22:4(7Z,10Z,13Z,16Z))","C00350","Glycerophospholipid metabolism"
"IK_IJBIDDAZNYQSCP-VEHBBKSSSA-N","PE(22:6(4Z,7Z,10Z,13Z,16Z,19Z)/20:0)","C00350","Glycerophospholipid metabolism"
"IK_KHLRCNXJXSYNCK-ZIEHFRHMSA-N","GPEtn(16:0/20:5)","C00350","Glycerophospholipid metabolism"
"IK_KVMOASQARMCFEX-OBEJFMRTSA-N","PE(16:1(9Z)/P-18:1(9Z))","C00350","Glycerophospholipid metabolism"
"IK_LJIFHMULTXIFNU-KAMIUYGRSA-N","PE(18:1(11Z)/20:4(5Z,8Z,11Z,14Z))","C00350","Glycerophospholipid metabolism"
"IK_LVNGJLRDBYCPGB-LDLOPFEMSA-N","PE(18:0/18:0)","C00350","Glycerophospholipid metabolism"
"IK_MEZHYUGWUQWXOK-QPPIDDCLSA-N","PGP(i-12:0/i-22:0)","C00350","Glycerophospholipid metabolism"
"IK_MFNAKLLYSPINFZ-UHFFFAOYSA-N","6-Methylpteridine-2,4-diamine","C00350","Glycerophospholipid metabolism"
"IK_MJEVTNQRFPLLCH-QECOYPFHSA-N","DG(18:3(9Z,12Z,15Z)/15:0/0:0)","C00350","Glycerophospholipid metabolism"
"IK_MJZYBROJFJAPOE-UHFFFAOYSA-N","Stigmastanediol","C00350","Glycerophospholipid metabolism"
"IK_MNMKDPGRWWQDGI-UHFFFAOYSA-N","Dillanoside","C00350","Glycerophospholipid metabolism"
"IK_MPSATYYKSWVJNQ-NSZXNXEKSA-N","PA(6 keto-PGF1alpha/14:1(9Z))","C00350","Glycerophospholipid metabolism"
"IK_MUFCQFFNARPCRX-DAZBTBHLSA-N","DG(PGE2/16:0/0:0)","C00350","Glycerophospholipid metabolism"
"IK_MUMXFARPYQTTSL-BQBZGAKWSA-N","Met-Gln","C00350","Glycerophospholipid metabolism"
"IK_NXYCBMGKNCJXIC-CNEMSGBDSA-N","Bz-Camp","C00350","Glycerophospholipid metabolism"
"IK_NYLNHNDMNOPWAZ-ZLEFDVGRSA-N","Blumenol C glucoside","C00350","Glycerophospholipid metabolism"
"IK_OISFHODBOQNZAG-IAGOWNOFSA-N","Floionolic acid","C00350","Glycerophospholipid metabolism"
"IK_OJZPOIMVTVAAOR-LVGJWKLPSA-N","PC O-44:8 or PC 44:8e","C00350","Glycerophospholipid metabolism"
"IK_OTSBKHHWSQYEHK-UHFFFAOYSA-N","1,3-Dimethylurate","C00350","Glycerophospholipid metabolism"
"IK_OUDSFQBUEBFSPS-UHFFFAOYSA-N","N-(Carboxymethyl)-N-(2-((carboxymethyl)amino)ethyl)glycine","C00350","Glycerophospholipid metabolism"
"IK_PBROMOQAZGFDHQ-GPQOMLTASA-N","SM d43:2","C00350","Glycerophospholipid metabolism"
"IK_PHENTZNALBMCQD-UHFFFAOYSA-N","3-ureido-isobutyrate","C00350","Glycerophospholipid metabolism"
"IK_PHOSLXGWIIWDIE-IUFKAHDJSA-N","SM 20:0;2O/18:2","C00350","Glycerophospholipid metabolism"
"IK_QIBZFHLFHCIUOT-NPBIGWJUSA-N","PC 32:1","C00350","Glycerophospholipid metabolism"
"IK_QIJPWSGHURHDHJ-UHFFFAOYSA-N","2-n-Propylthiazolidine-4-carboxylic acid","C00350","Glycerophospholipid metabolism"
"IK_QVHPTAJAHUONLV-DYKIIFRCSA-N","5,16-Androstadien-3beta-ol","C00350","Glycerophospholipid metabolism"
"IK_QVRLHIRFLRXFIW-MLDHBKOMSA-N","Vertilmicin","C00350","Glycerophospholipid metabolism"
"IK_RDQUQBHPMYFYMX-XIWVQZPPSA-N","Imidazoleacetic acid ribotide","C00350","Glycerophospholipid metabolism"
"IK_REAZZDPREXHWNV-UHFFFAOYSA-N","Aplysiatoxin, 17-debromo-","C00350","Glycerophospholipid metabolism"
"IK_RWVIMCIPOAXUDG-UHFFFAOYSA-N","6,7-Dinitro-1,4-dihydroquinoxaline-2,3-dione","C00350","Glycerophospholipid metabolism"
"IK_RXFPYNAVFFDUJE-UHFFFAOYSA-N","3-hydroxychlorpropamide","C00350","Glycerophospholipid metabolism"
"IK_UCUNFLYVYCGDHP-BYPYZUCNSA-N","methionine sulfone","C00350","Glycerophospholipid metabolism"
"IK_UCYPOAPUDLUXQX-VXOKBQSKSA-N","MG(22:2(13Z,16Z)/0:0/0:0)","C00350","Glycerophospholipid metabolism"
"IK_UQZHJQWIISKTJN-QUBZPPHQSA-N","Sulfosuccinimidyl 6-(biotinamido)hexanoate","C00350","Glycerophospholipid metabolism"
"IK_URGVIWXYPWWBQO-UWEYSURVSA-N","LysoPE(P-18:1(9Z)/0:0)","C00350","Glycerophospholipid metabolism"
"IK_VHRUMKCAEVRUBK-WKELIDJCSA-N","PA(2:0/PGJ2)","C00350","Glycerophospholipid metabolism"
"IK_VISUXPRSUNICAX-VYEFPUSRSA-N","PC P-40:1 or PC O-40:2","C00350","Glycerophospholipid metabolism"
"IK_WUUWGORPQFKFQN-XDVOZUNOSA-N","TG 54:2|TG 18:0_18:1_18:1","C00350","Glycerophospholipid metabolism"
"IK_WVBBZEILYLXGFN-RBUKOAKNSA-N","Sphingosine 1-phosphate (d19:1-P)","C00350","Glycerophospholipid metabolism"
"IK_WWEKVOUOQUHVHS-UHFFFAOYSA-N","Phenytoin catechol","C00350","Glycerophospholipid metabolism"
"IK_WWSWYXNVCBLWNZ-QIZQQNKQSA-N","Fluprostenol","C00350","Glycerophospholipid metabolism"
"IK_XXHSJEOGEHODTB-CAGNHHNHSA-N","PA(14:1(9Z)/18:4(6Z,9Z,12Z,15Z))","C00350","Glycerophospholipid metabolism"
"IK_XYWRZQQANNOTTD-UHFFFAOYSA-N","Glaucamine","C00350","Glycerophospholipid metabolism"
"IK_YCXUCEXEMJPDRZ-UHFFFAOYSA-N","Ganoderic acid H","C00350","Glycerophospholipid metabolism"
"IK_YDCKQKAUVJTIHE-UHFFFAOYSA-N","2-(2-Phenylimidazo[1,2-a]pyridin-8-yl)acetamide","C00350","Glycerophospholipid metabolism"
"IK_YDNKGFDKKRUKPY-TURZORIXSA-N","C16-Ceramide","C00350","Glycerophospholipid metabolism"
"IK_YEFJYYIIBNWRQV-UHFFFAOYSA-N","3-Diphosphoglyceric acid","C00350","Glycerophospholipid metabolism"
"IK_YMGXOQLWSYJFSD-FALRGZJFSA-N","LysoPC(22:2(13Z,16Z)/0:0)","C00350","Glycerophospholipid metabolism"
"IK_YMKZESHNWGNAIE-VNTVABMMSA-N","PE 36:6e","C00350","Glycerophospholipid metabolism"
"IK_YYQVCMMXPIJVHY-ZOIJLGJPSA-N","LPC 20:2","C00350","Glycerophospholipid metabolism"
"IK_ZAVCUVYFGQXSRX-FYWRMAATSA-N","Nummularine B","C00350","Glycerophospholipid metabolism"
"IK_PEDCQBHIVMGVHV-UHFFFAOYSA-N","glycerol","C00093","Glycerophospholipid metabolism"
"IK_ASWBNKHCZGQVJV-HSZRJFAPSA-N","LysoPC(16:0)","C04230","Glycerophospholipid metabolism"
"IK_BIEOSECQPGGZMF-NAIWXXGBSA-N","PC(22:5/0:0)","C04230","Glycerophospholipid metabolism"
"IK_GOMVPVRDBLLHQC-VEJNOCSESA-N","LPC 20:4","C04230","Glycerophospholipid metabolism"
"IK_HTZINLFNXLXRBC-CQLBIITFSA-N","PC(P-16:0/0:0)","C04230","Glycerophospholipid metabolism"
"IK_IHNKQIMGVNPMTC-RUZDIDTESA-N","PC(18:0/0:0)","C04230","Glycerophospholipid metabolism"
"IK_IHNKQIMGVNPMTC-UHFFFAOYSA-N","2-Lysophosphatidylcholine","C04230","Glycerophospholipid metabolism"
"IK_JXGLGTFMAQOJBB-HEDKFQSOSA-N","LysoPC(14:1(9Z)/0:0)","C04230","Glycerophospholipid metabolism"
"IK_KJPVZTMEFPUZPC-UYQAEJRRSA-N","SM(d20:1/22:6(5Z,7Z,10Z,13Z,16Z,19Z)-OH(4))","C04230","Glycerophospholipid metabolism"
"IK_LAXQYRRMGGEGOH-JXRLJXCWSA-N","LysoPC(20:4(5Z,8Z,11Z,14Z)/0:0)","C04230","Glycerophospholipid metabolism"
"IK_LFTRJWKKLPVMNE-RCBQFDQVSA-N","Valyl-prolyl-glycyl-valyl-glycine","C04230","Glycerophospholipid metabolism"
"IK_LRTCKJJOUNZFDD-DBHIXKHWSA-N","PA(20:2(11Z,14Z)/18:1(9Z))","C04230","Glycerophospholipid metabolism"
"IK_MRNRLEVLPFVWRY-UHFFFAOYSA-N","Saringosterol 3-glucoside","C04230","Glycerophospholipid metabolism"
"IK_MRRFMOUCAPXWJC-SSCJOAGESA-N","PC(18:1(11Z)/18:3(6Z,9Z,12Z))","C04230","Glycerophospholipid metabolism"
"IK_PBBWIAQSYZNWPA-UHFFFAOYSA-N","(2S)-2-Amino-5-(diaminomethylideneamino)-4-methylpentanoic acid","C04230","Glycerophospholipid metabolism"
"IK_PCXDJQZLDDHMGX-UHFFFAOYSA-N","3-Aminopropionaldehyde","C04230","Glycerophospholipid metabolism"
"IK_PYVRVRFVLRNJLY-MZMPXXGTSA-N","PE(18:1/0:0)","C04230","Glycerophospholipid metabolism"
"IK_PZHOVOCGVTXFSM-DOFZRALJSA-N","LPC 42:4","C04230","Glycerophospholipid metabolism"
"IK_PZPIQUZUJADGQZ-NSCUHMNNSA-N","Polyanethole-sulfate","C04230","Glycerophospholipid metabolism"
"IK_RJTYSXVYCZAUHE-UHFFFAOYSA-N","4-hydroxybenzoic acid-4-O-sulphate","C04230","Glycerophospholipid metabolism"
"IK_RJYQLMILDVERHH-UHFFFAOYSA-N","4-Ipomeanol","C04230","Glycerophospholipid metabolism"
"IK_RYCNUMLMNKHWPZ-SNVBAGLBSA-N","Lysophosphatidylcholine","C04230","Glycerophospholipid metabolism"
"IK_SAAVELCIPHKGJE-UHFFFAOYSA-N","12-[Methyl-(4-nitro-2,1,3-benzoxadiazol-7-yl)amino]octadecanoic acid","C04230","Glycerophospholipid metabolism"
"IK_SKGLAZSLOGYCCA-PEFXOJROSA-N","Neuromedin N (1-4)","C04230","Glycerophospholipid metabolism"
"IK_SOLWMULEXULIEQ-OUQHJZBVSA-N","PS(20:0/18:1(12Z)-2OH(9,10))","C04230","Glycerophospholipid metabolism"
"IK_SPJAGILXQBHHSZ-UHFFFAOYSA-N","5-Benzylacyclouridine","C04230","Glycerophospholipid metabolism"
"IK_SRMRDCIUBMNQNC-MUUNZHRXSA-O","PC(22:6)","C04230","Glycerophospholipid metabolism"
"IK_SRRQPVVYXBTRQK-UHFFFAOYSA-N","LPC 17:0","C04230","Glycerophospholipid metabolism"
"IK_UAKTZILOYPPNCD-UHFFFAOYSA-N","Annohexocin","C04230","Glycerophospholipid metabolism"
"IK_UARKDOLETOEBCU-UHFFFAOYSA-N","1,9-Dimethyluric acid","C04230","Glycerophospholipid metabolism"
"IK_VWYVABSAUVXYNS-UHFFFAOYSA-N","N-Stearoyl Lysine","C04230","Glycerophospholipid metabolism"
"IK_WBBQTNCISCKUMU-IUQGRGSQSA-N","13,16,19-Docosatrienoic acid","C04230","Glycerophospholipid metabolism"
"IK_WBIQQQGBSDOWNP-UHFFFAOYSA-N","2-Dodecylbenzenesulfonic acid","C04230","Glycerophospholipid metabolism"
"IK_WJHRAVIQWFQMKF-UHFFFAOYSA-N","Alpha-Bisabolol oxide A","C04230","Glycerophospholipid metabolism"
"IK_WJXQFVMTIGJBFX-UHFFFAOYSA-N","4-Methoxytyramine","C04230","Glycerophospholipid metabolism"
"IK_WKMBZTIVAJAWBA-UHFFFAOYSA-N","(R)-1-O-[b-D-Apiofuranosyl-(1->2)-b-D-glucopyranoside]-1,3-octanediol","C04230","Glycerophospholipid metabolism"
"IK_XZZMJRBYVRSAOS-UHFFFAOYSA-N","4-Hydroxy-5-phenyltetrahydro-1,3-oxazin-2-one","C04230","Glycerophospholipid metabolism"
"IK_YAADMLWHGMUGQL-VOTSOKGWSA-N","Cinnamoylglycine","C04230","Glycerophospholipid metabolism"
"IK_YAICYXFUKKMAKO-DBQWNMKUSA-N","6-allyl-8b-Carboxy-ergoline","C04230","Glycerophospholipid metabolism"
"IK_YBDFPZJQBYCWBA-WMTBOZPISA-N","PE(20:3/0:0)","C04230","Glycerophospholipid metabolism"
"IK_YBGBNHHXOJXFNM-UQCMLMITSA-N","Lucidenic acid N","C04230","Glycerophospholipid metabolism"
"IK_YFFIQXNTTVSKJC-NZEOUKRFSA-N","TG 54:1","C04230","Glycerophospholipid metabolism"
"IK_YLKVIMNNMLKUGJ-BQYQJAHWSA-N","Cardanolmonoene","C04230","Glycerophospholipid metabolism"
"IK_YMAHRLYIAABQRQ-UHFFFAOYSA-N","2-(3-fluorophenyl)-4-(4-Methylpiperazin-1-yl)-1H-pyrrolo[3,2-c]pyridine","C04230","Glycerophospholipid metabolism"
"IK_YYELLDKEOUKVIQ-UHFFFAOYSA-N","Octaethyleneglycol monododecyl ether","C04230","Glycerophospholipid metabolism"
"IK_ZFFFJLDTCLJDHL-JQYCEVDMSA-N","Pregnanediol 3-O-glucuronide","C04230","Glycerophospholipid metabolism"
"IK_ZHRLECIZINSPKL-AKGZTFGVSA-N","L-Cysteinylglycine disulfide","C04230","Glycerophospholipid metabolism"
"IK_ZKMZBAABQFUXFE-UHFFFAOYSA-O","Apigenidin","C04230","Glycerophospholipid metabolism"
"IK_PEDCQBHIVMGVHV-UHFFFAOYSA-N","glycerol","C00093","Glycerophospholipid metabolism"
"IK_SUHOQUVVVLNYQR-UHFFFAOYSA-N","Glycerophosphocholine","C00670","Glycerophospholipid metabolism"
"IK_BMVUIWJCUQSHLZ-YFZGBAIXSA-N","Glycerophosphoinositol","C03819","Glycerophospholipid metabolism"
"IK_ODHCTXKNWHHXJC-VKHMYHEASA-N","L-Pyroglutamic acid","C01879","Glutathione metabolism"
"IK_WHUUTDBJXJRKMK-VKHMYHEASA-N","Glutamic acid","C00025","Glutathione metabolism"
"IK_DHMQDGOQFOQNFH-UHFFFAOYSA-N","Glycine","C00037","Glutathione metabolism"
"IK_WPOCIZJTELRQMF-LFRCEIEQSA-N","16b-Hydroxyestrone","C03740","Glutathione metabolism"
"IK_WQXXXHMEBYGSBG-OLQVQODUSA-N","Cis-3,5-Diethyl-1,2,4-trithiolane","C03740","Glutathione metabolism"
"IK_NJHKGJJIKOCCMZ-YMIVKDKMSA-N","PE(22:4/0:0)","C00127","Glutathione metabolism"
"IK_NKRLKOMBOSWILK-PLACYPQZSA-N","Kinetensin 4-7","C00127","Glutathione metabolism"
"IK_XTWYTFMLZFPYCI-KQYNXXCUSA-N","ADP","C00005","Glutathione metabolism"
"IK_WHUUTDBJXJRKMK-VKHMYHEASA-N","Glutamic acid","C00025","Glutathione metabolism"
"IK_DHMQDGOQFOQNFH-UHFFFAOYSA-N","Glycine","C00037","Glutathione metabolism"
"IK_LEOVWDSHDAVANJ-UHFFFAOYSA-N","4-Hydroxy benzenepropanedioate","C00077","Glutathione metabolism"
"IK_KIDHWZJUCRJVML-UHFFFAOYSA-N","1,4-diaminobutane","C00134","Glutathione metabolism"
"IK_ATHGHQPFGPMSJY-UHFFFAOYSA-N","Spermidine","C00315","Glutathione metabolism"
"IK_XTWYTFMLZFPYCI-KQYNXXCUSA-N","ADP","C00005","Glutathione metabolism"
"IK_HXXFSFRBOHSIMQ-VFUOTHLCSA-N","glucose-1-phosphate","C00103","Glycolysis or Gluconeogenesis"
"IK_LKDRXBCSQODPBY-VRPWFDPXSA-N","D-Fructose","C00085","Glycolysis or Gluconeogenesis"
"IK_DTBNBXWJWCWCIK-UHFFFAOYSA-N","Phosphoenolpyruvate","C00074","Glycolysis or Gluconeogenesis"
"IK_OSJPPGNTCRNQQC-UHFFFAOYSA-N","3-phosphoglycerate","C00197","Glycolysis or Gluconeogenesis"
"IK_JVTAAEKCZFNVCJ-UHFFFAOYSA-N","Lactic acid","C00186","Glycolysis or Gluconeogenesis"
"IK_LCTONWCANYUPML-UHFFFAOYSA-N","Pyruvic Acid","C00022","Glycolysis or Gluconeogenesis"
"IK_KDYFGRWQOYBRFD-UHFFFAOYSA-N","Succinic acid","C00036","Glycolysis or Gluconeogenesis"
"IK_KHPXUQMNIQBQEV-UHFFFAOYSA-N","Oxaloacetate","C00036","Glycolysis or Gluconeogenesis"
"IK_XOEUHCONYHZURQ-HNUBZJOYSA-N","Flurithromycin","C01159","Glycolysis or Gluconeogenesis"
"IK_ZDXPYRJPNDTMRX-VKHMYHEASA-N","Glutamine","C00064","Purine metabolism"
"IK_OLXZPDWKRNYJJZ-RRKCRQDMSA-N","Deoxyadenosine","C00131","Purine metabolism"
"IK_UDMBCSSLTHHNCD-KQYNXXCUSA-N","Adenosine 5'-Monophosphate","C00020","Purine metabolism"
"IK_DDUHZTYCFQRHIY-UHFFFAOYSA-N","Gris-PEG","C00212","Purine metabolism"
"IK_GRSZFWQUAKGDAV-KQYNXXCUSA-N","Inosinic acid","C00130","Purine metabolism"
"IK_RJZVWDTYEWCUAR-JOCHJYFZSA-N","LPC 15:0","C00294","Purine metabolism"
"IK_UGQMRVRMYYASKQ-KQYNXXCUSA-N","Inosine","C00294","Purine metabolism"
"IK_FDGQSTZJBFJUBT-UHFFFAOYSA-N","Hypoxanthine","C00262","Purine metabolism"
"IK_PZRFVAHZNWPPAC-VBKSFVIKSA-N","PC(18:1/0:0)","C00262","Purine metabolism"
"IK_QGNYWQOMJSTUQZ-BQBZGAKWSA-N","Aspartylysine [-H2O]","C00262","Purine metabolism"
"IK_LEHOTFFKMJEONL-UHFFFAOYSA-N","Uric acid","C00059","Purine metabolism"
"IK_CIKGWCTVFSRMJU-KVQBGUIXSA-N","DGDP","C00361","Purine metabolism"
"IK_NYHBQMYGNKIUIF-UUOKFMHZSA-N","Guanosine","C00035","Purine metabolism"
"IK_HAEJPQIATWHALX-KQYNXXCUSA-N","Inosine triphosphate","C00081","Purine metabolism"
"IK_WQXXBAWHDQWCKL-XVFCMESISA-N","Phosphoribosylformylglycinamidine","C04640","Purine metabolism"
"IK_FHKRUUVTZNTHKJ-NRNNPPJOSA-N","dIDP","C01344","Purine metabolism"
"IK_ULTTYPMRMMDONC-UHFFFAOYSA-N","Lavendustin A","C00620","Purine metabolism"
"IK_NBIIXXVUZAFLBC-UHFFFAOYSA-K","Phosphate","C00002","Purine metabolism"
"IK_OIRDTQYFTABQOQ-KQYNXXCUSA-N","Adenosine","C00002","Purine metabolism"
"IK_NBIIXXVUZAFLBC-UHFFFAOYSA-K","Phosphate","C00002","Purine metabolism"
"IK_OIRDTQYFTABQOQ-KQYNXXCUSA-N","Adenosine","C00002","Purine metabolism"
"IK_XSQUKJJJFZCRTK-UHFFFAOYSA-N","Urea","C00086","Purine metabolism"
"IK_NUCLJNSWZCHRKL-UHFFFAOYSA-N","allantoic acid","C00499","Purine metabolism"
"IK_LRFVTYWOQMYALW-UHFFFAOYSA-N","Xanthine","C00385","Purine metabolism"
"IK_VSTZVCJQGSLNLL-UHFFFAOYSA-N","2-aminophenol sulphate","C00385","Purine metabolism"
"IK_WKQNRCYKYCKESD-YVHLTTHBSA-N","PC(18:3/0:0)","C00385","Purine metabolism"
"IK_HVYWMOMLDIMFJA-DPAQBDIFSA-N","Cholesterol","C00187","Primary bile acid biosynthesis"
"IK_GYJSAWZGYQXRBS-GRJZKGIBSA-N","3beta,7alpha-Dihydroxy-5-cholestenoate","C17335","Primary bile acid biosynthesis"
"IK_SATGKQGFUDXGAX-MYWFJNCASA-N","7alpha-Hydroxy-3-oxo-4-cholestenoate","C17337","Primary bile acid biosynthesis"
"IK_XHMGEKKHSKIGMI-BDBJOHPESA-N","(11R,12S,13S)-Epoxy-hydroxyoctadeca-cis-9-cis-15-dien-1-oic acid","C05446","Primary bile acid biosynthesis"
"IK_XJODGRWDFZVTKW-UHFFFAOYSA-N","N-Methyl-dl-Leucine","C05446","Primary bile acid biosynthesis"
"IK_XJZGNVBLVFOSKJ-XZULNKEGSA-N","27-Deoxy-5b-cyprinol","C05446","Primary bile acid biosynthesis"
"IK_URPXXNCTXCOATD-FXMFQVEGSA-N","PE(P-18:0/20:4)","C01301","Primary bile acid biosynthesis"
"IK_URVGHNOQCRQJTD-MELXFHLESA-N","2,3-Dinor-TXB1","C01301","Primary bile acid biosynthesis"
"IK_USFJGINJGUIFSY-XZULNKEGSA-N","3a,7a,12a-Trihydroxy-5b-cholestan-26-al","C01301","Primary bile acid biosynthesis"
"IK_ITZYGDKGRKKBSN-HKFUITGCSA-N","3alpha,7alpha-Dihydroxycoprostanic acid","C04554","Primary bile acid biosynthesis"
"IK_DHMQDGOQFOQNFH-UHFFFAOYSA-N","Glycine","C00037","Primary bile acid biosynthesis"
"IK_XOAAWQZATWQOTB-UHFFFAOYSA-N","Taurine","C00245","Primary bile acid biosynthesis"
"IK_KXGVEGMKQFWNSR-LLQZFEROSA-N","deoxycholic acid","C02528","Primary bile acid biosynthesis"
"IK_RUDATBOHQWOJDD-BSWAIDMHSA-N","Chenodeoxycholic Acid","C02528","Primary bile acid biosynthesis"
"IK_GHCZAUBVMUEKKP-GYPHWSFCSA-N","glycochenodeoxycholic acid","C05466","Primary bile acid biosynthesis"
"IK_GHCZAUBVMUEKKP-PNNZQWTHSA-N","chenodeoxycholic acid glycine conjugate","C05466","Primary bile acid biosynthesis"
"IK_DHMQDGOQFOQNFH-UHFFFAOYSA-N","Glycine","C00037","Primary bile acid biosynthesis"
"IK_XOAAWQZATWQOTB-UHFFFAOYSA-N","Taurine","C00245","Primary bile acid biosynthesis"
"IK_BHQCQFFYRZLCQQ-OELDTZBJSA-N","Cholic Acid","C00695","Primary bile acid biosynthesis"
"IK_RFDAIACWWDREDC-FRVQLJSFSA-N","N-Choloylglycine","C01921","Primary bile acid biosynthesis"
"IK_MSWZFWKMSRAUBD-IVMDWMLBSA-N","D-Glucosamine","C00043","Amino sugar and nucleotide sugar metabolism"
"IK_OVRNDRQMDRJTHS-OZRXBMAMSA-N","N-acetylmannosamine","C04257","Amino sugar and nucleotide sugar metabolism"
"IK_LKDRXBCSQODPBY-VRPWFDPXSA-N","D-Fructose","C00085","Amino sugar and nucleotide sugar metabolism"
"IK_WQZGKKKJIJFFOK-GASJEMHNSA-N","glucose","C00029","Amino sugar and nucleotide sugar metabolism"
"IK_GUBGYTABKSRVRQ-QKKXKWKRSA-N","lactose","C00052","Amino sugar and nucleotide sugar metabolism"
"IK_WQZGKKKJIJFFOK-SVZMEOIVSA-N","D-Galactose","C00052","Amino sugar and nucleotide sugar metabolism"
"IK_HXXFSFRBOHSIMQ-VFUOTHLCSA-N","glucose-1-phosphate","C00103","Amino sugar and nucleotide sugar metabolism"
"IK_HXXFSFRBOHSIMQ-VFUOTHLCSA-N","glucose-1-phosphate","C00103","Amino sugar and nucleotide sugar metabolism"
"IK_SHZGCJCMOBCMKK-DHVFOXMCSA-N","fucose","C00325","Amino sugar and nucleotide sugar metabolism"
"IK_NBSCHQHZLSJFNQ-QTVWNMPRSA-N","D-Mannose 6-Phosphate","C00275","Amino sugar and nucleotide sugar metabolism"
"IK_VUALREFPJJODHZ-JTCHKQLLSA-N","Chitobiose","C01674","Amino sugar and nucleotide sugar metabolism"
"IK_ZDXPYRJPNDTMRX-VKHMYHEASA-N","Glutamine","C00064","Pyrimidine metabolism"
"IK_DRTQHJPVMGBUCF-XVFCMESISA-N","Uridine","C00299","Pyrimidine metabolism"
"IK_KXSPLNAXPMVUEC-NCOIDOBVSA-N","Uridine - H2O","C00299","Pyrimidine metabolism"
"IK_ISAKRJDGNUQOIC-UHFFFAOYSA-N","Uracil","C00106","Pyrimidine metabolism"
"IK_GOLXRNDWAUTYKT-UHFFFAOYSA-N","3-Indolepropionic acid","C00460","Pyrimidine metabolism"
"IK_QHWZTVCCBMIIKE-SHYZEUOFSA-N","DUDP","C01346","Pyrimidine metabolism"
"IK_CKTSBUTUHBMZGZ-SHYZEUOFSA-N","Deoxycytidine","C00239","Pyrimidine metabolism"
"IK_PXQPEWDEAKTCGB-UHFFFAOYSA-N","Orotic acid","C00295","Pyrimidine metabolism"
"IK_UCMIRNVEIXFBKS-UHFFFAOYSA-N","Beta-alanine","C00099","Pyrimidine metabolism"
"IK_RJMIEHBSYVWVIN-UHFFFAOYSA-N","Indoprofen","C00429","Pyrimidine metabolism"
"IK_GCIVSXAHMONYLO-HMAFJQTKSA-N","6-Dehydrotestosterone glucuronide","C00178","Pyrimidine metabolism"
"IK_DHMQDGOQFOQNFH-UHFFFAOYSA-N","Glycine","C00037","Porphyrin metabolism"
"IK_ISIJQGZVIFYXMD-QMUWONGRSA-M","Adenosyl cobinamide","C06508","Porphyrin metabolism"
"IK_FDJOLVPMNUYSCM-SYUKHSAKSA-L","vitamin B12","C00194","Porphyrin metabolism"
"IK_WHUUTDBJXJRKMK-VKHMYHEASA-N","Glutamic acid","C00025","Porphyrin metabolism"
"IK_SBJCUZQNHOLYMD-UHFFFAOYSA-N","1,5-Naphthalene diisocyanate","C05768","Porphyrin metabolism"
"IK_RCNSAJSGRJSBKK-NSQVQWHSSA-N","Biliverdin","C00500","Porphyrin metabolism"
"IK_BPYKTIZUTYGOLE-IFADSCNNSA-N","Bilirubin","C00486","Porphyrin metabolism"
"IK_ZFFFJLDTCLJDHL-UHFFFAOYSA-N","3-alpha,20-alpha-Dihydroxy-5-beta-pregnane 3-glucuronide","C00430","Porphyrin metabolism"
"IK_ZGKDAEWLTNBSEJ-GHMZBOCLSA-N","Cyclopropyl-[(3S,4S)-3-(dimethylamino)-4-(hydroxymethyl)piperidin-1-yl]methanone","C00430","Porphyrin metabolism"
"IK_ZGXJTSGNIOSYLO-UHFFFAOYSA-N","5-Aminolevulinic acid","C00430","Porphyrin metabolism"
"IK_DTOSIQBPPRVQHS-PDBXOOCHSA-N","Linolenic Acid","C03242","Biosynthesis of unsaturated fatty acids"
"IK_OYHQOLUKZRVURQ-HZJYTTRNSA-N","Linoleic acid","C01595","Biosynthesis of unsaturated fatty acids"
"IK_QIQXTHQIDYTFRH-UHFFFAOYSA-N","Stearic acid","C01530","Biosynthesis of unsaturated fatty acids"
"IK_ZQPPMHVWECSIRJ-KTKRTIGZSA-N","Oleic acid","C00712","Biosynthesis of unsaturated fatty acids"
"IK_IPCSVZSSVZVIGE-UHFFFAOYSA-N","Palmitic acid","C00249","Biosynthesis of unsaturated fatty acids"
"IK_YZXBAPSDXZZRGB-DOFZRALJSA-N","Arachidonic acid","C00219","Biosynthesis of unsaturated fatty acids"
"IK_VKOBVWXKNCXXDE-UHFFFAOYSA-N","arachidic acid","C06425","Biosynthesis of unsaturated fatty acids"
"IK_MBMBGCFOFBJSGT-KUBAVDMBSA-N","Docosahexaenoic Acid","C06429","Biosynthesis of unsaturated fatty acids"
"IK_JAXWMXMFLOWKCW-UHFFFAOYSA-N","4-Hydroxyhexanoycarnitine","C06428","Biosynthesis of unsaturated fatty acids"
"IK_JAZBEHYOTPTENJ-JLNKQSITSA-N","FFA 20:5","C06428","Biosynthesis of unsaturated fatty acids"
"IK_JAZBEHYOTPTENJ-RCHUDCCISA-N","Eicosapentaenoic Acid","C06428","Biosynthesis of unsaturated fatty acids"
"IK_RGHNJXZEOKUKBD-SQOUGZDYSA-N","gluconic acid","C00198","Pentose phosphate pathway"
"IK_ULTTYPMRMMDONC-UHFFFAOYSA-N","Lavendustin A","C00620","Pentose phosphate pathway"
"IK_YTBSYETUWUMLBZ-IUYQGCFVSA-N","Erythrose","C00279","Pentose phosphate pathway"
"IK_PDWIQYODPROSQH-PYHARJCCSA-N","Deoxyribose","C01801","Pentose phosphate pathway"
"IK_LKDRXBCSQODPBY-VRPWFDPXSA-N","D-Fructose","C00085","Pentose phosphate pathway"
"IK_RBNPOMFGQQGHHO-UHFFFAOYSA-N","glyceric acid","C00258","Pentose phosphate pathway"
"IK_FJKROLUGYXJWQN-UHFFFAOYSA-N","4-Hydroxybenzoic acid","C00156","Ubiquinone and other terpenoid-quinone biosynthesis"
"IK_LOJUQFSPYHMHEO-SGHXUWJISA-N","Ubiquinol-8","C00390","Ubiquinone and other terpenoid-quinone biosynthesis"
"IK_WLJVXDMOQOGPHL-UHFFFAOYSA-N","phenylacetic acid","C00544","Ubiquinone and other terpenoid-quinone biosynthesis"
"IK_WXTMDXOMEHJXQO-UHFFFAOYSA-N","Gentisic acid","C00544","Ubiquinone and other terpenoid-quinone biosynthesis"
"IK_XQXPVVBIMDBYFF-UHFFFAOYSA-N","p Hydroxyphenylacetic acid","C00544","Ubiquinone and other terpenoid-quinone biosynthesis"
"IK_OUYCCCASQSFEME-QMMMGPOBSA-N","L-Tyrosine","C00082","Ubiquinone and other terpenoid-quinone biosynthesis"
"IK_OUYCCCASQSFEME-UHFFFAOYNA-N","Tyrosine","C00082","Ubiquinone and other terpenoid-quinone biosynthesis"
"IK_KKADPXVIOXHVKN-UHFFFAOYSA-N","4-Hydroxyphenylpyruvic acid","C01179","Ubiquinone and other terpenoid-quinone biosynthesis"
"IK_ABFZMYIIUREPLL-ASWJIRIHSA-N","Glycochenodeoxycholic acid 3-glucuronide","C03033","Pentose and glucuronate interconversions"
"IK_ABOLXXZAJIAUGR-JPMMFUSZSA-N","Ibuprofen glucuronide","C03033","Pentose and glucuronate interconversions"
"IK_ADQUXZRKOKKULD-CZOXBATISA-N","15-Hydroxynorandrostene-3,17-dione glucuronide","C03033","Pentose and glucuronate interconversions"
"IK_GIQXKAXWRLHLDD-VYACWCJYSA-N","Lithocholate 3-O-glucuronide","C03033","Pentose and glucuronate interconversions"
"IK_GLONBVCUAVPJFV-PCDHEYSGSA-N","Dehydroisoandrosterone 3-glucuronide","C03033","Pentose and glucuronate interconversions"
"IK_IJLBJBCDNYOWPJ-MVMUGOIMSA-N","Cholesterol glucuronide","C03033","Pentose and glucuronate interconversions"
"IK_KUYNOZVWCFXSNE-BYNIDDHOSA-N","Indoxyl glucuronide","C03033","Pentose and glucuronate interconversions"
"IK_NNAIYOXJNVGUOM-UHFFFAOYSA-N","Amperozide","C03033","Pentose and glucuronate interconversions"
"IK_NNEIBJNHWVDJBA-GYSLYLNXSA-N","Deoxycholic acid 3-glucuronide","C03033","Pentose and glucuronate interconversions"
"IK_ONWMQORSVZYVNH-UHFFFAOYSA-N","Tyrosyl-Asparagine","C03033","Pentose and glucuronate interconversions"
"IK_YVYMBNSKXOXSKW-HXUWFJFHSA-N","PE(16:0/0:0)","C03033","Pentose and glucuronate interconversions"
"IK_ZBXYMKUZCWCGPC-BDWKERMESA-N","(2E,4E)-2,7-Dimethyl-2,4-octadienedioic acid","C03033","Pentose and glucuronate interconversions"
"IK_ZDHRSPRSUBAAIO-FNORWQNLSA-N","2-Nonene-1,4-diol","C03033","Pentose and glucuronate interconversions"
"IK_ZFACUKICYTXONE-IWDZABBFSA-N","PC(16:1(9Z)/P-18:1(11Z))","C03033","Pentose and glucuronate interconversions"
"IK_HXXFSFRBOHSIMQ-VFUOTHLCSA-N","glucose-1-phosphate","C00103","Pentose and glucuronate interconversions"
"IK_WQZGKKKJIJFFOK-GASJEMHNSA-N","glucose","C00029","Pentose and glucuronate interconversions"
"IK_ASWVTGNCAZCNNR-UHFFFAOYSA-N","Sulfadimidine","C02266","Pentose and glucuronate interconversions"
"IK_HEBKCHPVOIAQTA-QWWZWVQMSA-N","lyxitol","C00532","Pentose and glucuronate interconversions"
"IK_ZDXPYRJPNDTMRX-VKHMYHEASA-N","Glutamine","C00064","Nitrogen metabolism"
"IK_WHUUTDBJXJRKMK-VKHMYHEASA-N","Glutamic acid","C00025","Nitrogen metabolism"
"IK_PMTMAFAPLCGXGK-JMTMCXQRSA-N","12-oxo-PDA","C00092","Neomycin, kanamycin and gentamicin biosynthesis"
"IK_VFLYULAVOFVIAM-RRDRPCBCSA-N","1-(4-O-beta-D-glucopyranosyl-3-methoxyphenyl)-3,5-dihydroxydecane","C00092","Neomycin, kanamycin and gentamicin biosynthesis"
"IK_COCMFMBNEAMQMA-VGKGADPCSA-N","3a,6b,7a,12a-Tetrahydroxy-5b-cholanoic acid","C01094","Fructose and mannose metabolism"
"IK_ZKLLSNQJRLJIGT-UYFOZJQFSA-N","Fructose 1-phosphate","C01094","Fructose and mannose metabolism"
"IK_NBSCHQHZLSJFNQ-QTVWNMPRSA-N","D-Mannose 6-Phosphate","C00275","Fructose and mannose metabolism"
"IK_SHZGCJCMOBCMKK-DHVFOXMCSA-N","fucose","C00325","Fructose and mannose metabolism"
"IK_LKDRXBCSQODPBY-VRPWFDPXSA-N","D-Fructose","C00085","Fructose and mannose metabolism"
"IK_PNHLMHWWFOPQLK-BKUUWRAGSA-N","GDP-4-Dehydro-6-deoxy-D-mannose","C01222","Fructose and mannose metabolism"
"IK_IVYPNXXAYMYVSP-UHFFFAOYSA-N","Indole-3-carbinol","C00422","Glycerolipid metabolism"
"IK_PEDCQBHIVMGVHV-UHFFFAOYSA-N","glycerol","C00093","Glycerolipid metabolism"
"IK_RBNPOMFGQQGHHO-UHFFFAOYSA-N","glyceric acid","C00258","Glycerolipid metabolism"
"IK_PABVKUJVLNMOJP-UHFFFAOYSA-M","Glutamyl-Cysteine","C00416","Glycerolipid metabolism"
"IK_PAHMCFUSNIRFHK-UKPQPXGPSA-N","DG(PGE2/12:0/0:0)","C00416","Glycerolipid metabolism"
"IK_ZPVOLGVTNLDBFI-UHFFFAOYSA-N","(+/-)-2,2,6-Trimethylcyclohexanone","C00416","Glycerolipid metabolism"
"IK_ZQRJDNRTBNYEER-NWBJSICCSA-N","Cer-NS d39:1","C00416","Glycerolipid metabolism"
"IK_JQXBETDGCMQLMK-UHFFFAOYSA-N","3,4-Dihydroxyphenylacetone","C00123","Valine, leucine and isoleucine degradation"
"IK_ROHFNLRQFUQHCH-UHFFFAOYNA-N","Leucine","C00123","Valine, leucine and isoleucine degradation"
"IK_ROHFNLRQFUQHCH-YFKPBYRVSA-N","L-leucine","C00123","Valine, leucine and isoleucine degradation"
"IK_BKAJNAXTPSGJCU-UHFFFAOYSA-N","4-Methyl-2-oxovaleric Acid","C00233","Valine, leucine and isoleucine degradation"
"IK_WDJHALXBUFZDSR-UHFFFAOYSA-M","Acetoacetate","C00164","Valine, leucine and isoleucine degradation"
"IK_ZIYVHBGGAOATLY-UHFFFAOYSA-N","Methylmalonic Acid","C02170","Valine, leucine and isoleucine degradation"
"IK_KZSNJWFQEVHDMF-BYPYZUCNSA-N","L-Valine","C00183","Valine, leucine and isoleucine degradation"
"IK_KZSNJWFQEVHDMF-UHFFFAOYNA-N","Valine","C00141","Valine, leucine and isoleucine degradation"
"IK_QHKABHOOEWYVLI-UHFFFAOYSA-N","Ketoisovaleric acid","C00141","Valine, leucine and isoleucine degradation"
"IK_AGPKZVBTJJNPAG-UHFFFAOYNA-N","Isoleucine","C00407","Valine, leucine and isoleucine degradation"
"IK_AGPKZVBTJJNPAG-WHFBIAKZSA-N","L-Isoleucine","C00407","Valine, leucine and isoleucine degradation"
"IK_JVQYSWDUAOAHFM-UHFFFAOYSA-N","3-Methyl-2-Oxovaleric Acid","C00671","Valine, leucine and isoleucine degradation"
"IK_VWWQXMAJTJZDQX-UYBVJOGSSA-N","FAD","C00016","Riboflavin metabolism"
"IK_XEVQXKKKAVVSMW-WRWORJQWSA-N","Loliolide","C04317","Ether lipid metabolism"
"IK_XEVRBOQZSXWGQO-PAUXXPOVSA-N","PE(22:6/0:0)","C04317","Ether lipid metabolism"
"IK_XIFCIPQKMAMFGE-QIAWJANFSA-N","PE-NMe2(22:6(4Z,7Z,10Z,13Z,16Z,19Z)/16:0)","C04317","Ether lipid metabolism"
"IK_XJZNMEMKZBFUIZ-GWDFKZQESA-N","Etodolac acyl glucuronide","C04317","Ether lipid metabolism"
"IK_HUQABGDIJUXLRG-QHCPKHFHSA-N","DG(O-18:0/2:0/0:0)","C03820","Ether lipid metabolism"
"IK_YZQCXOFQZKCETR-UWVGGRQHSA-N","L-Aspartyl-L phenylalanine","C04598","Ether lipid metabolism"
"IK_ZBHYMNYETSSWIX-RMKNXTFCSA-N","6-Hydroxynon-4-enoylcarnitine","C04598","Ether lipid metabolism"
"IK_SUHOQUVVVLNYQR-UHFFFAOYSA-N","Glycerophosphocholine","C00670","Ether lipid metabolism"
"IK_KDXKERNSBIXSRK-UHFFFAOYNA-N","Lysine","C00047","Biotin metabolism"
"IK_KDXKERNSBIXSRK-YFKPBYRVSA-N","L-Lysine","C00047","Biotin metabolism"
"IK_BAQMYDQNMFBZNA-MNXVOIDGSA-N","Biocytin","C05552","Biotin metabolism"
"IK_GURBRQGDZZKITB-VXBMJZGYSA-N","12-KETE","C14807","Arachidonic acid metabolism"
"IK_ZMJBYMUCKBYSCP-CVYQJGLWSA-N","Garcinia acid","C14777","Arachidonic acid metabolism"
"IK_GFNYAPAJUNPMGH-QNEBEIHSSA-N","5,6-dihydroxy-8Z,11Z,14Z-eicosatrienoic acid","C14772","Arachidonic acid metabolism"
"IK_DNPZYIPMAWRQQE-BVILWSOJSA-N","(+/-)-11,12-Dihydroxy-5Z,8Z,14Z,17Z-eicosatetraenoic acid","C14774","Arachidonic acid metabolism"
"IK_YZXBAPSDXZZRGB-DOFZRALJSA-N","Arachidonic acid","C00219","Arachidonic acid metabolism"
"IK_AEAMHDRXCYEOCU-HTDYWKJCSA-N","PC(18:0/18:1(11Z))","C00157","Arachidonic acid metabolism"
"IK_AHWXJDWBIIDPKS-TZUVPVEASA-N","GPCho(22:6/18:0)","C00157","Arachidonic acid metabolism"
"IK_ATHVAWFAEPLPPQ-VRDBWYNSSA-N","PC 36:1","C00157","Arachidonic acid metabolism"
"IK_AXZGUCXCTZMPTR-UVGACIQRSA-N","PC(18:0/22:4(7Z,10Z,13Z,16Z))","C00157","Arachidonic acid metabolism"
"IK_BETFSIOJEATXGY-WOCLASLBSA-N","PC(22:6(4Z,7Z,10Z,13Z,16Z,19Z)/P-18:1(9Z))","C00157","Arachidonic acid metabolism"
"IK_BFZDKPVWJYFECC-OFCLATOASA-N","PC aa C34:4","C00157","Arachidonic acid metabolism"
"IK_BHWGKAVGUMMQIW-UVZRHDGTSA-N","PC 40:7|PC 20:3_20:4","C00157","Arachidonic acid metabolism"
"IK_BNLANPMAYYCMLY-LCXZALMSSA-N","PC(18:1(9Z)/P-18:1(9Z))","C00157","Arachidonic acid metabolism"
"IK_CEJUIQBITPKHHY-OWEZASBCSA-N","PC(20:4(8Z,11Z,14Z,17Z)/18:2(9Z,12Z))","C00157","Arachidonic acid metabolism"
"IK_DGBYUHHIADYUMU-UESLNCBNSA-N","GPCho(15:0/18:2)","C00157","Arachidonic acid metabolism"
"IK_DLZPSAPMHALIOA-YNCVDBFYSA-N","GPCho(20:0/18:3)","C00157","Arachidonic acid metabolism"
"IK_DPEYXLDDNACOGV-ANVMUZGGSA-N","PC(18:1(11Z)/18:3(9Z,12Z,15Z))","C00157","Arachidonic acid metabolism"
"IK_DZPKSVTWWIZUMS-FPUNCOTOSA-N","PC(18:2(9Z,12Z)/18:0)","C00157","Arachidonic acid metabolism"
"IK_FAUYAENFVCNTAL-PFFNLMTBSA-N","PC(18:0/22:6(4Z,7Z,10Z,13Z,16Z,19Z))","C00157","Arachidonic acid metabolism"
"IK_FBCNXALHPSQUQY-WKABSKOFSA-N","PC(20:4(8Z,11Z,14Z,17Z)/18:0)","C00157","Arachidonic acid metabolism"
"IK_FHENRYRLCPXONH-LDLOPFEMSA-N","PC 33:0","C00157","Arachidonic acid metabolism"
"IK_FHUAYOMRHXZKHT-JUGJLYODSA-N","PC 40:4","C00157","Arachidonic acid metabolism"
"IK_FKEIHZHIVAFDLO-RYPYTVSESA-N","PC(22:1(13Z)/22:5(4Z,7Z,10Z,13Z,16Z))","C00157","Arachidonic acid metabolism"
"IK_FMBYBTSZVHUJMV-DIVFMYBRSA-N","PC(22:6(4Z,7Z,10Z,13Z,16Z,19Z)/P-18:0)","C00157","Arachidonic acid metabolism"
"IK_FORFDCPQKJHEBF-HUESYALOSA-N","PC(18:0/18:2(9Z,12Z))","C00157","Arachidonic acid metabolism"
"IK_FQVFGIZCMMQDNV-NQQLFREJSA-N","PC(18:1(9Z)/P-16:0)","C00157","Arachidonic acid metabolism"
"IK_FVXDQWZBHIXIEJ-LNDKUQBDSA-N","PC(18:2(9Z,12Z)/18:2(9Z,12Z))","C00157","Arachidonic acid metabolism"
"IK_FWMYJLDHIVCJCT-RRHRGVEJSA-N","PC(18:2(9Z,12Z)/16:0)","C00157","Arachidonic acid metabolism"
"IK_GIPZQCAVEQRWOM-IKJFKDIMSA-N","PC aa C38:1","C00157","Arachidonic acid metabolism"
"IK_GJRXIEGNAMFGOV-VEOGPPBOSA-N","PC(22:6(4Z,7Z,10Z,13Z,16Z,19Z)/P-16:0)","C00157","Arachidonic acid metabolism"
"IK_GPWHCUUIQMGELX-VHQDNGOZSA-N","PC 32:2","C00157","Arachidonic acid metabolism"
"IK_GQQALHZKRGXRTO-AEMURDCYSA-N","PC(20:0/20:5(5Z,8Z,11Z,14Z,17Z))","C00157","Arachidonic acid metabolism"
"IK_IESVDEZGAHUQJU-ZLBXKVHBSA-N","PC(16:0/22:6(4Z,7Z,10Z,13Z,16Z,19Z))","C00157","Arachidonic acid metabolism"
"IK_IJPRFXKJWFQONJ-UHFFFAOYSA-N","Desmethyltetrahydropiperine sulfate","C00157","Arachidonic acid metabolism"
"IK_IORKBJYFXXCDMP-GMGFYYQASA-N","PC(18:2(9Z,12Z)/14:0)","C00157","Arachidonic acid metabolism"
"IK_IPMVHVDAYPUFKH-WYRBGLKBSA-N","PC(16:1(9Z)/16:0)","C00157","Arachidonic acid metabolism"
"IK_JAVWFBAAZSHHAD-HCYAGMRRSA-N","PC(16:0/20:4(8Z,11Z,14Z,17Z))","C00157","Arachidonic acid metabolism"
"IK_JHMWTEQGLBMSLG-DMHZMEFUSA-N","GPCho(20:3/20:3)","C00157","Arachidonic acid metabolism"
"IK_JLIPBVWMWUWERT-HNQUOIGGSA-N","Hydroxydesmethylpiperine sulfate","C00157","Arachidonic acid metabolism"
"IK_JPIJQSOTBSSVTP-GBXIJSLDSA-N","isothreonic acid","C00157","Arachidonic acid metabolism"
"IK_KNHXCLGABLNNRN-FFSDQCCLSA-N","PC O-34:4|PC O-16:2_18:2","C00157","Arachidonic acid metabolism"
"IK_LJARBVLDSOWRJT-PSXMRANNSA-N","PC(15:0/15:0)","C00157","Arachidonic acid metabolism"
"IK_LYFMZJCIGLZMJF-IRSYNFPBSA-N","PE(P-16:0/22:2(13Z,16Z))","C00157","Arachidonic acid metabolism"
"IK_LZCOQTDXKCNBEE-RUTJIGONSA-N","3-Oxa-9-azoniatricyclo[3.3.1.02,4]nonane, 9-ethyl-7-hydroxy-9-methyl-","C00157","Arachidonic acid metabolism"
"IK_LZLVZIFMYXDKCN-QJWFYWCHSA-N","GPCho(20:4/20:4)","C00157","Arachidonic acid metabolism"
"IK_LZRYNUIYHHQTRL-NBZVOYHKSA-N","Lisinopril, epsilon-biotinamidocaproyl-","C00157","Arachidonic acid metabolism"
"IK_MROJXXOCABQVEF-UHFFFAOYSA-N","Actarit","C00157","Arachidonic acid metabolism"
"IK_MRPDHXXPDCVBPQ-AATRIKPKSA-N","(3S,5R,6S,7E,9x)-7-Megastigmene-3,6,9-triol 9-glucoside","C00157","Arachidonic acid metabolism"
"IK_MRUAUOIMASANKQ-UHFFFAOYSA-N","Cocamidopropyl Betaine","C00157","Arachidonic acid metabolism"
"IK_NCBOXCFFSWALMZ-XTNBEGJDSA-N","Bergenin Pentaacetate","C00157","Arachidonic acid metabolism"
"IK_NCGLTZSBTFVVAW-KNXRZYMVSA-N","Minaxolone","C00157","Arachidonic acid metabolism"
"IK_NRJAVPSFFCBXDT-HUESYALOSA-N","phosphatidylcholine","C00157","Arachidonic acid metabolism"
"IK_PLOUQIGEQKCKHG-UHFFFAOYSA-N","3-Methylazelaic acid","C00157","Arachidonic acid metabolism"
"IK_PNEJUHLZEPRMHF-UHFFFAOYSA-N","6-Hydroxypentadecanedioic acid","C00157","Arachidonic acid metabolism"
"IK_PWSKCIUNCJJBIX-RXDOKCLVSA-N","PG(5-iso PGF2VI/a-13:0)","C00157","Arachidonic acid metabolism"
"IK_PXVMEXBCFJTGCL-RCHUDCCISA-N","N-Eicosapentaenoyl Phenylalanine","C00157","Arachidonic acid metabolism"
"IK_QHVMVGMCKWPDHT-UHFFFAOYSA-N","Fluorescein thiohydantoin","C00157","Arachidonic acid metabolism"
"IK_QKAITYIDZJJULL-UHFFFAOYSA-N","2-[(5-bromopyridin-2-yl)amino]-4-methyl-N-propyl-1,3-thiazole-5-carboxamide","C00157","Arachidonic acid metabolism"
"IK_QKNCKSQAXGWPIK-FOWTUZBSSA-N","Caffeoylcycloartenol","C00157","Arachidonic acid metabolism"
"IK_RAGZUCNPTLULOL-KQJPBSFVSA-N","3-Feruloylquinic acid","C00157","Arachidonic acid metabolism"
"IK_RALVCBWUWHJOGL-OPMJLWCUSA-N","Myricatomentoside I","C00157","Arachidonic acid metabolism"
"IK_RFHSOKOVHMEMLA-JCMJOHBISA-N","TG 46:2","C00157","Arachidonic acid metabolism"
"IK_RFPQMVKZNQOUGY-KXYOHKLBSA-N","PE O-16:1_18:1","C00157","Arachidonic acid metabolism"
"IK_RRKQXBKNDQFCNC-MTGPGUOHSA-N","1-alpha-methyl-5-alpha-androstan-3-alpha,17-beta-diol glucuronide","C00157","Arachidonic acid metabolism"
"IK_RRTYEHFGQWNQKK-KIQAWMAPSA-N","12-Keto-tetrahydro-leukotriene B4","C00157","Arachidonic acid metabolism"
"IK_SPURMHFLEKVAAS-UHFFFAOYSA-N","Docosene","C00157","Arachidonic acid metabolism"
"IK_SUWZHLCNFQWNPE-LATRNWQMSA-N","Ethylhydrocupreine","C00157","Arachidonic acid metabolism"
"IK_VGSSUFQMXBFFTM-METNKUIYSA-N","(3beta,5alpha,6beta,24R)-Stigmastane-3,5,6-triol","C00157","Arachidonic acid metabolism"
"IK_VHMKGBYCXDBNFU-CVWCHQOZSA-N","4'-Methoxymucidin","C00157","Arachidonic acid metabolism"
"IK_VIHYIVKEECZGOU-UHFFFAOYSA-N","1-Acetylimidazole","C00157","Arachidonic acid metabolism"
"IK_VYZAGTDAHUIRQA-WHFBIAKZSA-N","Ala-Glu","C00157","Arachidonic acid metabolism"
"IK_VZJHQHUOVIDRCF-UHFFFAOYSA-N","3-Isolongifolol","C00157","Arachidonic acid metabolism"
"IK_WAAPEIZFCHNLKK-PELKAZGASA-N","(2R,4S)-2-Aminoformyl-6-fluoro-spiro[chroman-4,4'-imidazolidine]-2',5'-dione","C00157","Arachidonic acid metabolism"
"IK_WCFPKRXBSJDTMS-LGVIUEQGSA-N","FA 19:1","C00157","Arachidonic acid metabolism"
"IK_WCRMUYBCGFGNRR-LTFXTMEVSA-N","PC O-42:4","C00157","Arachidonic acid metabolism"
"IK_WSJBSKRPKADYRQ-UHFFFAOYSA-N","4-Formylaminoantipyrine","C00157","Arachidonic acid metabolism"
"IK_WTIIULQJLZEHGZ-AWFVSMACSA-L","(2R,3S)-2,3-dimethylmalate","C00157","Arachidonic acid metabolism"
"IK_WYIMORDZGCUBAA-UHFFFAOYSA-N","LPC 19:0","C00157","Arachidonic acid metabolism"
"IK_WYVKPHCYMTWUCW-UHFFFAOYSA-N","Cysteinyl-Threonine","C00157","Arachidonic acid metabolism"
"IK_XEUPFPHHPCQXFV-UHFFFAOYSA-N","Panaquinquecol 7","C00157","Arachidonic acid metabolism"
"IK_XGILAAMKEQUXLS-UHFFFAOYSA-N","Indolelactic acid","C00157","Arachidonic acid metabolism"
"IK_XMIFBEZRFMTGRL-TURQNECASA-N","5-Taurinomethyl-2-thiouridine","C00157","Arachidonic acid metabolism"
"IK_XMYFJYXXQPMWED-VQHVLOKHSA-N","5-Hydroxydec-6-enoylcarnitine","C00157","Arachidonic acid metabolism"
"IK_YACHGFWEQXFSBS-XYERBDPFSA-N","Leptomycin B","C00157","Arachidonic acid metabolism"
"IK_YBAFDPFAUTYYRW-YUMQZZPRSA-N","Glutamylleucine","C00157","Arachidonic acid metabolism"
"IK_YVPPHAUZYVAQNM-UHFFFAOYSA-N","2-Piperidinecarboxamide, 1-butyl-N-(4-hydroxy-2,6-dimethylphenyl)-","C00157","Arachidonic acid metabolism"
"IK_ZEZUHTUTOUOANR-JCGOJSMZSA-N","SM 40:1;2O|SM 18:1;2O/22:0","C00157","Arachidonic acid metabolism"
"IK_ZRKZFNZPJKEWPC-UHFFFAOYSA-N","DDAO","C00157","Arachidonic acid metabolism"
"IK_ZSTCZWJCLIRCOJ-DGCLKSJQSA-N","Zilpaterol","C00157","Arachidonic acid metabolism"
"IK_RRTPYUGIBQLEDN-FPLPWBNLSA-N","LPE O-16:1","C02165","Arachidonic acid metabolism"
"IK_XWBICGCZKGTPCH-MBNYWOFBSA-N","Prostaglandin M","C00639","Arachidonic acid metabolism"
"IK_LEHOTFFKMJEONL-UHFFFAOYSA-N","Uric acid","C00059","Sulfur metabolism"
"IK_XOAAWQZATWQOTB-UHFFFAOYSA-N","Taurine","C00245","Taurine and hypotaurine metabolism"
"IK_WNLRTRBMVRJNCN-UHFFFAOYSA-N","Adipic Acid","C00322","Lipoic acid metabolism"
"IK_DHMQDGOQFOQNFH-UHFFFAOYSA-N","Glycine","C00037","Lipoic acid metabolism"
"IK_JFCQEDHGNNZCLN-UHFFFAOYSA-N","Glutaric Acid","C00026","Lipoic acid metabolism"
"IK_KPGXRSRHYNQIFN-UHFFFAOYSA-N","Oxoglutaric acid","C00026","Lipoic acid metabolism"
"IK_LCTONWCANYUPML-UHFFFAOYSA-N","Pyruvic Acid","C00022","Lipoic acid metabolism"
"IK_UCMIRNVEIXFBKS-UHFFFAOYSA-N","Beta-alanine","C00099","Propanoate metabolism"
"IK_TYEYBOSBBBHJIV-UHFFFAOYSA-N","2-Ketobutyric acid","C00109","Propanoate metabolism"
"IK_AFENDNXGAFYKQO-UHFFFAOYSA-N","2-hydroxybutyric acid","C05984","Propanoate metabolism"
"IK_TUNFSRHWOTWDNC-UHFFFAOYSA-N","Myristic acid","C06424","Fatty acid biosynthesis"
"IK_POULHZVOKOAJMA-UHFFFAOYSA-N","lauric acid","C02679","Fatty acid biosynthesis"
"IK_GHVNFZFCNZKVNT-UHFFFAOYSA-N","Capric acid","C01571","Fatty acid biosynthesis"
"IK_WWZKQHOCKIZLMA-UHFFFAOYSA-N","Caprylic acid","C06423","Fatty acid biosynthesis"
"IK_XKYICAQFSCFURC-UHFFFAOYSA-N","3-Methylbutyl formate","C05757","Fatty acid biosynthesis"
"IK_IPCSVZSSVZVIGE-UHFFFAOYSA-N","Palmitic acid","C00249","Fatty acid biosynthesis"
"IK_OFOBLEOULBTSOW-UHFFFAOYSA-N","Malonic acid","C00383","Fatty acid biosynthesis"
"IK_SGTFNLMVIRZWTA-LFCBYZEKSA-N","28-Hydroxywithanolide E","C00777","Retinol metabolism"
"IK_SHGAZHPCJJPHSC-YCNIQYBTSA-N","all-trans-Retinoic acid1,3","C00777","Retinol metabolism"
"IK_OUICDHFBMJCDTL-GHRIWEEISA-N","Notoginsenoside T1","C15492","Retinol metabolism"
"IK_OVBKVWSHXDCSTK-UHFFFAOYSA-N","24-Hydroxytetracosanoic acid","C15492","Retinol metabolism"
"IK_OVBOQVAIYMSUDT-HRYGCDPOSA-N","All-trans-13,14-dihydroretinol","C15492","Retinol metabolism"
"IK_XOMRRQXKHMYMOC-OAQYLSRUSA-N","L-Palmitoylcarnitine","C02990","Fatty acid degradation"
"IK_XOMRRQXKHMYMOC-UHFFFAOYSA-N","Palmitoylcarnitine","C02990","Fatty acid degradation"
"IK_MHDVGSVTJDSBDK-UHFFFAOYSA-N","Dibenzyl ether","C05270","Fatty acid degradation"
"IK_VJNPDLZENXBRLB-MQEDXBOASA-N","PC ae C38:5","C05276","Fatty acid degradation"
"IK_QWUWMCYKGHVNAV-UHFFFAOYSA-N","1,2-Diphenylethane","C05260","Fatty acid degradation"
"IK_IPCSVZSSVZVIGE-UHFFFAOYSA-N","Palmitic acid","C00249","Fatty acid degradation"
"IK_AEAMHDRXCYEOCU-HTDYWKJCSA-N","PC(18:0/18:1(11Z))","C00157","alpha-Linolenic acid metabolism"
"IK_AHWXJDWBIIDPKS-TZUVPVEASA-N","GPCho(22:6/18:0)","C00157","alpha-Linolenic acid metabolism"
"IK_ATHVAWFAEPLPPQ-VRDBWYNSSA-N","PC 36:1","C00157","alpha-Linolenic acid metabolism"
"IK_AXZGUCXCTZMPTR-UVGACIQRSA-N","PC(18:0/22:4(7Z,10Z,13Z,16Z))","C00157","alpha-Linolenic acid metabolism"
"IK_BETFSIOJEATXGY-WOCLASLBSA-N","PC(22:6(4Z,7Z,10Z,13Z,16Z,19Z)/P-18:1(9Z))","C00157","alpha-Linolenic acid metabolism"
"IK_BFZDKPVWJYFECC-OFCLATOASA-N","PC aa C34:4","C00157","alpha-Linolenic acid metabolism"
"IK_BHWGKAVGUMMQIW-UVZRHDGTSA-N","PC 40:7|PC 20:3_20:4","C00157","alpha-Linolenic acid metabolism"
"IK_BNLANPMAYYCMLY-LCXZALMSSA-N","PC(18:1(9Z)/P-18:1(9Z))","C00157","alpha-Linolenic acid metabolism"
"IK_CEJUIQBITPKHHY-OWEZASBCSA-N","PC(20:4(8Z,11Z,14Z,17Z)/18:2(9Z,12Z))","C00157","alpha-Linolenic acid metabolism"
"IK_DGBYUHHIADYUMU-UESLNCBNSA-N","GPCho(15:0/18:2)","C00157","alpha-Linolenic acid metabolism"
"IK_DLZPSAPMHALIOA-YNCVDBFYSA-N","GPCho(20:0/18:3)","C00157","alpha-Linolenic acid metabolism"
"IK_DPEYXLDDNACOGV-ANVMUZGGSA-N","PC(18:1(11Z)/18:3(9Z,12Z,15Z))","C00157","alpha-Linolenic acid metabolism"
"IK_DZPKSVTWWIZUMS-FPUNCOTOSA-N","PC(18:2(9Z,12Z)/18:0)","C00157","alpha-Linolenic acid metabolism"
"IK_FAUYAENFVCNTAL-PFFNLMTBSA-N","PC(18:0/22:6(4Z,7Z,10Z,13Z,16Z,19Z))","C00157","alpha-Linolenic acid metabolism"
"IK_FBCNXALHPSQUQY-WKABSKOFSA-N","PC(20:4(8Z,11Z,14Z,17Z)/18:0)","C00157","alpha-Linolenic acid metabolism"
"IK_FHENRYRLCPXONH-LDLOPFEMSA-N","PC 33:0","C00157","alpha-Linolenic acid metabolism"
"IK_FHUAYOMRHXZKHT-JUGJLYODSA-N","PC 40:4","C00157","alpha-Linolenic acid metabolism"
"IK_FKEIHZHIVAFDLO-RYPYTVSESA-N","PC(22:1(13Z)/22:5(4Z,7Z,10Z,13Z,16Z))","C00157","alpha-Linolenic acid metabolism"
"IK_FMBYBTSZVHUJMV-DIVFMYBRSA-N","PC(22:6(4Z,7Z,10Z,13Z,16Z,19Z)/P-18:0)","C00157","alpha-Linolenic acid metabolism"
"IK_FORFDCPQKJHEBF-HUESYALOSA-N","PC(18:0/18:2(9Z,12Z))","C00157","alpha-Linolenic acid metabolism"
"IK_FQVFGIZCMMQDNV-NQQLFREJSA-N","PC(18:1(9Z)/P-16:0)","C00157","alpha-Linolenic acid metabolism"
"IK_FVXDQWZBHIXIEJ-LNDKUQBDSA-N","PC(18:2(9Z,12Z)/18:2(9Z,12Z))","C00157","alpha-Linolenic acid metabolism"
"IK_FWMYJLDHIVCJCT-RRHRGVEJSA-N","PC(18:2(9Z,12Z)/16:0)","C00157","alpha-Linolenic acid metabolism"
"IK_GIPZQCAVEQRWOM-IKJFKDIMSA-N","PC aa C38:1","C00157","alpha-Linolenic acid metabolism"
"IK_GJRXIEGNAMFGOV-VEOGPPBOSA-N","PC(22:6(4Z,7Z,10Z,13Z,16Z,19Z)/P-16:0)","C00157","alpha-Linolenic acid metabolism"
"IK_GPWHCUUIQMGELX-VHQDNGOZSA-N","PC 32:2","C00157","alpha-Linolenic acid metabolism"
"IK_GQQALHZKRGXRTO-AEMURDCYSA-N","PC(20:0/20:5(5Z,8Z,11Z,14Z,17Z))","C00157","alpha-Linolenic acid metabolism"
"IK_IESVDEZGAHUQJU-ZLBXKVHBSA-N","PC(16:0/22:6(4Z,7Z,10Z,13Z,16Z,19Z))","C00157","alpha-Linolenic acid metabolism"
"IK_IJPRFXKJWFQONJ-UHFFFAOYSA-N","Desmethyltetrahydropiperine sulfate","C00157","alpha-Linolenic acid metabolism"
"IK_IORKBJYFXXCDMP-GMGFYYQASA-N","PC(18:2(9Z,12Z)/14:0)","C00157","alpha-Linolenic acid metabolism"
"IK_IPMVHVDAYPUFKH-WYRBGLKBSA-N","PC(16:1(9Z)/16:0)","C00157","alpha-Linolenic acid metabolism"
"IK_JAVWFBAAZSHHAD-HCYAGMRRSA-N","PC(16:0/20:4(8Z,11Z,14Z,17Z))","C00157","alpha-Linolenic acid metabolism"
"IK_JHMWTEQGLBMSLG-DMHZMEFUSA-N","GPCho(20:3/20:3)","C00157","alpha-Linolenic acid metabolism"
"IK_JLIPBVWMWUWERT-HNQUOIGGSA-N","Hydroxydesmethylpiperine sulfate","C00157","alpha-Linolenic acid metabolism"
"IK_JPIJQSOTBSSVTP-GBXIJSLDSA-N","isothreonic acid","C00157","alpha-Linolenic acid metabolism"
"IK_KNHXCLGABLNNRN-FFSDQCCLSA-N","PC O-34:4|PC O-16:2_18:2","C00157","alpha-Linolenic acid metabolism"
"IK_LJARBVLDSOWRJT-PSXMRANNSA-N","PC(15:0/15:0)","C00157","alpha-Linolenic acid metabolism"
"IK_LYFMZJCIGLZMJF-IRSYNFPBSA-N","PE(P-16:0/22:2(13Z,16Z))","C00157","alpha-Linolenic acid metabolism"
"IK_LZCOQTDXKCNBEE-RUTJIGONSA-N","3-Oxa-9-azoniatricyclo[3.3.1.02,4]nonane, 9-ethyl-7-hydroxy-9-methyl-","C00157","alpha-Linolenic acid metabolism"
"IK_LZLVZIFMYXDKCN-QJWFYWCHSA-N","GPCho(20:4/20:4)","C00157","alpha-Linolenic acid metabolism"
"IK_LZRYNUIYHHQTRL-NBZVOYHKSA-N","Lisinopril, epsilon-biotinamidocaproyl-","C00157","alpha-Linolenic acid metabolism"
"IK_MROJXXOCABQVEF-UHFFFAOYSA-N","Actarit","C00157","alpha-Linolenic acid metabolism"
"IK_MRPDHXXPDCVBPQ-AATRIKPKSA-N","(3S,5R,6S,7E,9x)-7-Megastigmene-3,6,9-triol 9-glucoside","C00157","alpha-Linolenic acid metabolism"
"IK_MRUAUOIMASANKQ-UHFFFAOYSA-N","Cocamidopropyl Betaine","C00157","alpha-Linolenic acid metabolism"
"IK_NCBOXCFFSWALMZ-XTNBEGJDSA-N","Bergenin Pentaacetate","C00157","alpha-Linolenic acid metabolism"
"IK_NCGLTZSBTFVVAW-KNXRZYMVSA-N","Minaxolone","C00157","alpha-Linolenic acid metabolism"
"IK_NRJAVPSFFCBXDT-HUESYALOSA-N","phosphatidylcholine","C00157","alpha-Linolenic acid metabolism"
"IK_PLOUQIGEQKCKHG-UHFFFAOYSA-N","3-Methylazelaic acid","C00157","alpha-Linolenic acid metabolism"
"IK_PNEJUHLZEPRMHF-UHFFFAOYSA-N","6-Hydroxypentadecanedioic acid","C00157","alpha-Linolenic acid metabolism"
"IK_PWSKCIUNCJJBIX-RXDOKCLVSA-N","PG(5-iso PGF2VI/a-13:0)","C00157","alpha-Linolenic acid metabolism"
"IK_PXVMEXBCFJTGCL-RCHUDCCISA-N","N-Eicosapentaenoyl Phenylalanine","C00157","alpha-Linolenic acid metabolism"
"IK_QHVMVGMCKWPDHT-UHFFFAOYSA-N","Fluorescein thiohydantoin","C00157","alpha-Linolenic acid metabolism"
"IK_QKAITYIDZJJULL-UHFFFAOYSA-N","2-[(5-bromopyridin-2-yl)amino]-4-methyl-N-propyl-1,3-thiazole-5-carboxamide","C00157","alpha-Linolenic acid metabolism"
"IK_QKNCKSQAXGWPIK-FOWTUZBSSA-N","Caffeoylcycloartenol","C00157","alpha-Linolenic acid metabolism"
"IK_RAGZUCNPTLULOL-KQJPBSFVSA-N","3-Feruloylquinic acid","C00157","alpha-Linolenic acid metabolism"
"IK_RALVCBWUWHJOGL-OPMJLWCUSA-N","Myricatomentoside I","C00157","alpha-Linolenic acid metabolism"
"IK_RFHSOKOVHMEMLA-JCMJOHBISA-N","TG 46:2","C00157","alpha-Linolenic acid metabolism"
"IK_RFPQMVKZNQOUGY-KXYOHKLBSA-N","PE O-16:1_18:1","C00157","alpha-Linolenic acid metabolism"
"IK_RRKQXBKNDQFCNC-MTGPGUOHSA-N","1-alpha-methyl-5-alpha-androstan-3-alpha,17-beta-diol glucuronide","C00157","alpha-Linolenic acid metabolism"
"IK_RRTYEHFGQWNQKK-KIQAWMAPSA-N","12-Keto-tetrahydro-leukotriene B4","C00157","alpha-Linolenic acid metabolism"
"IK_SPURMHFLEKVAAS-UHFFFAOYSA-N","Docosene","C00157","alpha-Linolenic acid metabolism"
"IK_SUWZHLCNFQWNPE-LATRNWQMSA-N","Ethylhydrocupreine","C00157","alpha-Linolenic acid metabolism"
"IK_VGSSUFQMXBFFTM-METNKUIYSA-N","(3beta,5alpha,6beta,24R)-Stigmastane-3,5,6-triol","C00157","alpha-Linolenic acid metabolism"
"IK_VHMKGBYCXDBNFU-CVWCHQOZSA-N","4'-Methoxymucidin","C00157","alpha-Linolenic acid metabolism"
"IK_VIHYIVKEECZGOU-UHFFFAOYSA-N","1-Acetylimidazole","C00157","alpha-Linolenic acid metabolism"
"IK_VYZAGTDAHUIRQA-WHFBIAKZSA-N","Ala-Glu","C00157","alpha-Linolenic acid metabolism"
"IK_VZJHQHUOVIDRCF-UHFFFAOYSA-N","3-Isolongifolol","C00157","alpha-Linolenic acid metabolism"
"IK_WAAPEIZFCHNLKK-PELKAZGASA-N","(2R,4S)-2-Aminoformyl-6-fluoro-spiro[chroman-4,4'-imidazolidine]-2',5'-dione","C00157","alpha-Linolenic acid metabolism"
"IK_WCFPKRXBSJDTMS-LGVIUEQGSA-N","FA 19:1","C00157","alpha-Linolenic acid metabolism"
"IK_WCRMUYBCGFGNRR-LTFXTMEVSA-N","PC O-42:4","C00157","alpha-Linolenic acid metabolism"
"IK_WSJBSKRPKADYRQ-UHFFFAOYSA-N","4-Formylaminoantipyrine","C00157","alpha-Linolenic acid metabolism"
"IK_WTIIULQJLZEHGZ-AWFVSMACSA-L","(2R,3S)-2,3-dimethylmalate","C00157","alpha-Linolenic acid metabolism"
"IK_WYIMORDZGCUBAA-UHFFFAOYSA-N","LPC 19:0","C00157","alpha-Linolenic acid metabolism"
"IK_WYVKPHCYMTWUCW-UHFFFAOYSA-N","Cysteinyl-Threonine","C00157","alpha-Linolenic acid metabolism"
"IK_XEUPFPHHPCQXFV-UHFFFAOYSA-N","Panaquinquecol 7","C00157","alpha-Linolenic acid metabolism"
"IK_XGILAAMKEQUXLS-UHFFFAOYSA-N","Indolelactic acid","C00157","alpha-Linolenic acid metabolism"
"IK_XMIFBEZRFMTGRL-TURQNECASA-N","5-Taurinomethyl-2-thiouridine","C00157","alpha-Linolenic acid metabolism"
"IK_XMYFJYXXQPMWED-VQHVLOKHSA-N","5-Hydroxydec-6-enoylcarnitine","C00157","alpha-Linolenic acid metabolism"
"IK_YACHGFWEQXFSBS-XYERBDPFSA-N","Leptomycin B","C00157","alpha-Linolenic acid metabolism"
"IK_YBAFDPFAUTYYRW-YUMQZZPRSA-N","Glutamylleucine","C00157","alpha-Linolenic acid metabolism"
"IK_YVPPHAUZYVAQNM-UHFFFAOYSA-N","2-Piperidinecarboxamide, 1-butyl-N-(4-hydroxy-2,6-dimethylphenyl)-","C00157","alpha-Linolenic acid metabolism"
"IK_ZEZUHTUTOUOANR-JCGOJSMZSA-N","SM 40:1;2O|SM 18:1;2O/22:0","C00157","alpha-Linolenic acid metabolism"
"IK_ZRKZFNZPJKEWPC-UHFFFAOYSA-N","DDAO","C00157","alpha-Linolenic acid metabolism"
"IK_ZSTCZWJCLIRCOJ-DGCLKSJQSA-N","Zilpaterol","C00157","alpha-Linolenic acid metabolism"
"IK_MHDVGSVTJDSBDK-UHFFFAOYSA-N","Dibenzyl ether","C05270","Fatty acid elongation"
"IK_VJNPDLZENXBRLB-MQEDXBOASA-N","PC ae C38:5","C05276","Fatty acid elongation"
"IK_QWUWMCYKGHVNAV-UHFFFAOYSA-N","1,2-Diphenylethane","C05260","Fatty acid elongation"
"IK_IPCSVZSSVZVIGE-UHFFFAOYSA-N","Palmitic acid","C00249","Fatty acid elongation"
"IK_HLAWVOWADPNAGN-BAHZUFOISA-N","Delta8,14-Sterol","C11508","Steroid biosynthesis"
"IK_MYVYPSWUSKCCHG-UHFFFAOYSA-N","Tryptophyl-Serine","C15808","Steroid biosynthesis"
"IK_HVYWMOMLDIMFJA-DPAQBDIFSA-N","Cholesterol","C00187","Steroid biosynthesis"
"IK_JHIWIFRQJXLNEU-GSQAGGHASA-N","4alpha-carboxy-5alpha-cholesta-8,24-dien-3beta-ol","C22112","Steroid biosynthesis"
"IK_PLSQMGZYOGSOCE-XINAWCOVSA-N","Dihydroneopterin phosphate","C04895","Folate biosynthesis"
"IK_ZHCKPJGJQOPTLB-UHFFFAOYSA-N","methylimidazoleacetic acid; aif; ce0; corrdec","C00268","Folate biosynthesis"
"IK_QNAYBMKLOCPYGJ-REOHCLBHSA-N","L-Alanine","C00041","Selenocompound metabolism"
"IK_XBDQKXXYIPTUBI-UHFFFAOYSA-N","Propionic Acid","C00041","Selenocompound metabolism"
"IK_PMTMAFAPLCGXGK-JMTMCXQRSA-N","12-oxo-PDA","C00092","Inositol phosphate metabolism"
"IK_VFLYULAVOFVIAM-RRDRPCBCSA-N","1-(4-O-beta-D-glucopyranosyl-3-methoxyphenyl)-3,5-dihydroxydecane","C00092","Inositol phosphate metabolism"
"IK_CDAISMWEOUEBRE-GPIVLXJGSA-N","myo-inositol","C00137","Inositol phosphate metabolism"
"IK_CDAISMWEOUEBRE-UHFFFAOYSA-N","Myoinositol","C00137","Inositol phosphate metabolism"
"IK_ZKRFOXLVOKTUTA-KQYNXXCUSA-N","6-Thioinosine-5'-monophosphate","C04646","Drug metabolism - other enzymes"
"IK_BPZXYEUJBFHASJ-UUOKFMHZSA-N","6-Thioguanosine monophosphate","C16619","Drug metabolism - other enzymes"
"IK_SXHQUGJSTGOXMD-UHFFFAOYSA-N","6-Thiourate","C16613","Drug metabolism - other enzymes"
"IK_AJTJVNKPLZTLHV-RJJHQZCFSA-N","PE(18:2(9Z,12Z)/20:5(5Z,8Z,11Z,14Z,17Z))","C00350","Glycosylphosphatidylinositol (GPI)-anchor biosynthesis"
"IK_ANRKEHNWXKCXDB-BHFWLYLHSA-N","PE 38:4","C00350","Glycosylphosphatidylinositol (GPI)-anchor biosynthesis"
"IK_BLHQFTDZMFXXHV-LLPREHSBSA-N","GPEtn(22:5/16:0)","C00350","Glycosylphosphatidylinositol (GPI)-anchor biosynthesis"
"IK_CGGKIILOLKTYHS-LJGQSTEHSA-N","GPEtn(16:1/22:5)","C00350","Glycosylphosphatidylinositol (GPI)-anchor biosynthesis"
"IK_CZOSTDZGCCEZTJ-WMHOIYFHSA-N","PE 16:0_16::1","C00350","Glycosylphosphatidylinositol (GPI)-anchor biosynthesis"
"IK_DRIVXEVMDWCWLI-CAQMIEAISA-N","PE(16:0/20:4(5Z,8Z,11Z,14Z))","C00350","Glycosylphosphatidylinositol (GPI)-anchor biosynthesis"
"IK_DUQDVNACTOXOJA-KTKXOIIHSA-N","PE 36:4","C00350","Glycosylphosphatidylinositol (GPI)-anchor biosynthesis"
"IK_FHQVHHIBKUMWTI-OTMQOFQLSA-N","PE 34:1","C00350","Glycosylphosphatidylinositol (GPI)-anchor biosynthesis"
"IK_FLWFZAGAZMHZQM-IVWGLPAOSA-N","PE(24:1(15Z)/15:0)","C00350","Glycosylphosphatidylinositol (GPI)-anchor biosynthesis"
"IK_FXGOEHDEIHUMCP-XNGCGXPYSA-N","PE(22:6(4Z,7Z,10Z,13Z,16Z,19Z)/18:1(9Z))","C00350","Glycosylphosphatidylinositol (GPI)-anchor biosynthesis"
"IK_FXYFFYOQPWNFJZ-XGKJNDTMSA-N","PE(15:0/20:2(11Z,14Z))","C00350","Glycosylphosphatidylinositol (GPI)-anchor biosynthesis"
"IK_GUMSBNXGPBAONF-UBRVPYPMSA-N","PE(20:3(8Z,11Z,14Z)/24:1(15Z))","C00350","Glycosylphosphatidylinositol (GPI)-anchor biosynthesis"
"IK_HMARMWSETGYKDK-AOGVJQIJSA-N","PE(14:0/18:2(9Z,12Z))","C00350","Glycosylphosphatidylinositol (GPI)-anchor biosynthesis"
"IK_HNFSZKRUPTYBOQ-ZDYOIFAYSA-N","PE(18:0/22:4(7Z,10Z,13Z,16Z))","C00350","Glycosylphosphatidylinositol (GPI)-anchor biosynthesis"
"IK_IJBIDDAZNYQSCP-VEHBBKSSSA-N","PE(22:6(4Z,7Z,10Z,13Z,16Z,19Z)/20:0)","C00350","Glycosylphosphatidylinositol (GPI)-anchor biosynthesis"
"IK_KHLRCNXJXSYNCK-ZIEHFRHMSA-N","GPEtn(16:0/20:5)","C00350","Glycosylphosphatidylinositol (GPI)-anchor biosynthesis"
"IK_KVMOASQARMCFEX-OBEJFMRTSA-N","PE(16:1(9Z)/P-18:1(9Z))","C00350","Glycosylphosphatidylinositol (GPI)-anchor biosynthesis"
"IK_LJIFHMULTXIFNU-KAMIUYGRSA-N","PE(18:1(11Z)/20:4(5Z,8Z,11Z,14Z))","C00350","Glycosylphosphatidylinositol (GPI)-anchor biosynthesis"
"IK_LVNGJLRDBYCPGB-LDLOPFEMSA-N","PE(18:0/18:0)","C00350","Glycosylphosphatidylinositol (GPI)-anchor biosynthesis"
"IK_MEZHYUGWUQWXOK-QPPIDDCLSA-N","PGP(i-12:0/i-22:0)","C00350","Glycosylphosphatidylinositol (GPI)-anchor biosynthesis"
"IK_MFNAKLLYSPINFZ-UHFFFAOYSA-N","6-Methylpteridine-2,4-diamine","C00350","Glycosylphosphatidylinositol (GPI)-anchor biosynthesis"
"IK_MJEVTNQRFPLLCH-QECOYPFHSA-N","DG(18:3(9Z,12Z,15Z)/15:0/0:0)","C00350","Glycosylphosphatidylinositol (GPI)-anchor biosynthesis"
"IK_MJZYBROJFJAPOE-UHFFFAOYSA-N","Stigmastanediol","C00350","Glycosylphosphatidylinositol (GPI)-anchor biosynthesis"
"IK_MNMKDPGRWWQDGI-UHFFFAOYSA-N","Dillanoside","C00350","Glycosylphosphatidylinositol (GPI)-anchor biosynthesis"
"IK_MPSATYYKSWVJNQ-NSZXNXEKSA-N","PA(6 keto-PGF1alpha/14:1(9Z))","C00350","Glycosylphosphatidylinositol (GPI)-anchor biosynthesis"
"IK_MUFCQFFNARPCRX-DAZBTBHLSA-N","DG(PGE2/16:0/0:0)","C00350","Glycosylphosphatidylinositol (GPI)-anchor biosynthesis"
"IK_MUMXFARPYQTTSL-BQBZGAKWSA-N","Met-Gln","C00350","Glycosylphosphatidylinositol (GPI)-anchor biosynthesis"
"IK_NXYCBMGKNCJXIC-CNEMSGBDSA-N","Bz-Camp","C00350","Glycosylphosphatidylinositol (GPI)-anchor biosynthesis"
"IK_NYLNHNDMNOPWAZ-ZLEFDVGRSA-N","Blumenol C glucoside","C00350","Glycosylphosphatidylinositol (GPI)-anchor biosynthesis"
"IK_OISFHODBOQNZAG-IAGOWNOFSA-N","Floionolic acid","C00350","Glycosylphosphatidylinositol (GPI)-anchor biosynthesis"
"IK_OJZPOIMVTVAAOR-LVGJWKLPSA-N","PC O-44:8 or PC 44:8e","C00350","Glycosylphosphatidylinositol (GPI)-anchor biosynthesis"
"IK_OTSBKHHWSQYEHK-UHFFFAOYSA-N","1,3-Dimethylurate","C00350","Glycosylphosphatidylinositol (GPI)-anchor biosynthesis"
"IK_OUDSFQBUEBFSPS-UHFFFAOYSA-N","N-(Carboxymethyl)-N-(2-((carboxymethyl)amino)ethyl)glycine","C00350","Glycosylphosphatidylinositol (GPI)-anchor biosynthesis"
"IK_PBROMOQAZGFDHQ-GPQOMLTASA-N","SM d43:2","C00350","Glycosylphosphatidylinositol (GPI)-anchor biosynthesis"
"IK_PHENTZNALBMCQD-UHFFFAOYSA-N","3-ureido-isobutyrate","C00350","Glycosylphosphatidylinositol (GPI)-anchor biosynthesis"
"IK_PHOSLXGWIIWDIE-IUFKAHDJSA-N","SM 20:0;2O/18:2","C00350","Glycosylphosphatidylinositol (GPI)-anchor biosynthesis"
"IK_QIBZFHLFHCIUOT-NPBIGWJUSA-N","PC 32:1","C00350","Glycosylphosphatidylinositol (GPI)-anchor biosynthesis"
"IK_QIJPWSGHURHDHJ-UHFFFAOYSA-N","2-n-Propylthiazolidine-4-carboxylic acid","C00350","Glycosylphosphatidylinositol (GPI)-anchor biosynthesis"
"IK_QVHPTAJAHUONLV-DYKIIFRCSA-N","5,16-Androstadien-3beta-ol","C00350","Glycosylphosphatidylinositol (GPI)-anchor biosynthesis"
"IK_QVRLHIRFLRXFIW-MLDHBKOMSA-N","Vertilmicin","C00350","Glycosylphosphatidylinositol (GPI)-anchor biosynthesis"
"IK_RDQUQBHPMYFYMX-XIWVQZPPSA-N","Imidazoleacetic acid ribotide","C00350","Glycosylphosphatidylinositol (GPI)-anchor biosynthesis"
"IK_REAZZDPREXHWNV-UHFFFAOYSA-N","Aplysiatoxin, 17-debromo-","C00350","Glycosylphosphatidylinositol (GPI)-anchor biosynthesis"
"IK_RWVIMCIPOAXUDG-UHFFFAOYSA-N","6,7-Dinitro-1,4-dihydroquinoxaline-2,3-dione","C00350","Glycosylphosphatidylinositol (GPI)-anchor biosynthesis"
"IK_RXFPYNAVFFDUJE-UHFFFAOYSA-N","3-hydroxychlorpropamide","C00350","Glycosylphosphatidylinositol (GPI)-anchor biosynthesis"
"IK_UCUNFLYVYCGDHP-BYPYZUCNSA-N","methionine sulfone","C00350","Glycosylphosphatidylinositol (GPI)-anchor biosynthesis"
"IK_UCYPOAPUDLUXQX-VXOKBQSKSA-N","MG(22:2(13Z,16Z)/0:0/0:0)","C00350","Glycosylphosphatidylinositol (GPI)-anchor biosynthesis"
"IK_UQZHJQWIISKTJN-QUBZPPHQSA-N","Sulfosuccinimidyl 6-(biotinamido)hexanoate","C00350","Glycosylphosphatidylinositol (GPI)-anchor biosynthesis"
"IK_URGVIWXYPWWBQO-UWEYSURVSA-N","LysoPE(P-18:1(9Z)/0:0)","C00350","Glycosylphosphatidylinositol (GPI)-anchor biosynthesis"
"IK_VHRUMKCAEVRUBK-WKELIDJCSA-N","PA(2:0/PGJ2)","C00350","Glycosylphosphatidylinositol (GPI)-anchor biosynthesis"
"IK_VISUXPRSUNICAX-VYEFPUSRSA-N","PC P-40:1 or PC O-40:2","C00350","Glycosylphosphatidylinositol (GPI)-anchor biosynthesis"
"IK_WUUWGORPQFKFQN-XDVOZUNOSA-N","TG 54:2|TG 18:0_18:1_18:1","C00350","Glycosylphosphatidylinositol (GPI)-anchor biosynthesis"
"IK_WVBBZEILYLXGFN-RBUKOAKNSA-N","Sphingosine 1-phosphate (d19:1-P)","C00350","Glycosylphosphatidylinositol (GPI)-anchor biosynthesis"
"IK_WWEKVOUOQUHVHS-UHFFFAOYSA-N","Phenytoin catechol","C00350","Glycosylphosphatidylinositol (GPI)-anchor biosynthesis"
"IK_WWSWYXNVCBLWNZ-QIZQQNKQSA-N","Fluprostenol","C00350","Glycosylphosphatidylinositol (GPI)-anchor biosynthesis"
"IK_XXHSJEOGEHODTB-CAGNHHNHSA-N","PA(14:1(9Z)/18:4(6Z,9Z,12Z,15Z))","C00350","Glycosylphosphatidylinositol (GPI)-anchor biosynthesis"
"IK_XYWRZQQANNOTTD-UHFFFAOYSA-N","Glaucamine","C00350","Glycosylphosphatidylinositol (GPI)-anchor biosynthesis"
"IK_YCXUCEXEMJPDRZ-UHFFFAOYSA-N","Ganoderic acid H","C00350","Glycosylphosphatidylinositol (GPI)-anchor biosynthesis"
"IK_YDCKQKAUVJTIHE-UHFFFAOYSA-N","2-(2-Phenylimidazo[1,2-a]pyridin-8-yl)acetamide","C00350","Glycosylphosphatidylinositol (GPI)-anchor biosynthesis"
"IK_YDNKGFDKKRUKPY-TURZORIXSA-N","C16-Ceramide","C00350","Glycosylphosphatidylinositol (GPI)-anchor biosynthesis"
"IK_YEFJYYIIBNWRQV-UHFFFAOYSA-N","3-Diphosphoglyceric acid","C00350","Glycosylphosphatidylinositol (GPI)-anchor biosynthesis"
"IK_YMGXOQLWSYJFSD-FALRGZJFSA-N","LysoPC(22:2(13Z,16Z)/0:0)","C00350","Glycosylphosphatidylinositol (GPI)-anchor biosynthesis"
"IK_YMKZESHNWGNAIE-VNTVABMMSA-N","PE 36:6e","C00350","Glycosylphosphatidylinositol (GPI)-anchor biosynthesis"
"IK_YYQVCMMXPIJVHY-ZOIJLGJPSA-N","LPC 20:2","C00350","Glycosylphosphatidylinositol (GPI)-anchor biosynthesis"
"IK_ZAVCUVYFGQXSRX-FYWRMAATSA-N","Nummularine B","C00350","Glycosylphosphatidylinositol (GPI)-anchor biosynthesis"
"IK_IPCSVZSSVZVIGE-UHFFFAOYSA-N","Palmitic acid","C00249","Glycosylphosphatidylinositol (GPI)-anchor biosynthesis"
"IK_XZOBJEOEOJXQBF-UHFFFAOYSA-N","3-Methyl-5-propyl-2-furanundecanoic acid","C16595","Drug metabolism - cytochrome P450"
"IK_XZYNWDWRUDTDCH-UHFFFAOYSA-N","Heptanoylcholine","C16595","Drug metabolism - cytochrome P450"
"IK_YNLRDTBLEOQPQL-UHFFFAOYSA-N","MJDBISSN00000001","C16596","Drug metabolism - cytochrome P450"
"IK_YOILXOMTHPUMRG-TZMCWYRMSA-N","(4Ar,10bR)-rel-4-Propyl-2,3,4,4a,5,10b-hexahydrochromeno[4,3-b][1,4]oxazin-9-ol","C16596","Drug metabolism - cytochrome P450"
"IK_YPIQXPKZXKWWSZ-UHFFFAOYSA-N","5-Phenyl-1,3-oxazinane-2,4-dione","C16596","Drug metabolism - cytochrome P450"
"IK_IXYVBZOSGGJWCW-UHFFFAOYSA-N","Glycinexylidide","C16561","Drug metabolism - cytochrome P450"
"IK_VTXNIAJKDLEHGX-UHFFFAOYSA-N","2-Hydroxyfelbamate","C16582","Drug metabolism - cytochrome P450"
