entity_id,predicted_primary_pathway,confidence,canonical_metabolite
IK_AAOVKJBEBIDNHE-UHFFFAOYSA-N,Glycerophospholipid metabolism,0.1792996233076101,Diazepam
IK_AAWZDTNXLSGCEK-LNVDRNJUSA-N,Linoleic acid metabolism,0.8860350846825836,Quinic Acid
IK_ABDMBNAKYBUEEX-QCLAVDOMSA-N,Glycerophospholipid metabolism,0.1792996233076101,Ecgonine Ethyl Ester
IK_ABXDBVMGRKZFRC-IOSLPCCCSA-N,Purine metabolism,0.6373917574409135,3'-O-Methylinosine
IK_ACVGWSKVRYFWRP-UHFFFAOYSA-N,Tryptophan metabolism,0.641109496502041,Rutaecarpine
IK_ACXPNSWGVZLPRG-UHFFFAOYSA-N,Fatty acid degradation,0.3163832670819836,3-Hydroxyeicosanoylcarnitine
IK_ADEORFBTPGKHRP-UHFFFAOYSA-N,Galactose metabolism,0.6241834095673637,"1H-Pyrrole-2,5-dione, 1-[7-(dimethylamino)-4-methyl-2-oxo-2H-1-benzopyran-3-yl]-"
IK_ADFXKUOMJKEIND-UHFFFAOYSA-N,Glycerophospholipid metabolism,0.42139229069871575,"N,N'-Dicyclohexylurea"
IK_ADHNYKZHPOEULM-BQBZGAKWSA-N,Glycerophospholipid metabolism,0.2804437113202625,Met-Glu
IK_ADUKCCWBEDSMEB-NSHDSACASA-N,Tryptophan metabolism,0.9088662153562209,Prenalterol
IK_ADVNUIUADIXWMI-OLZOCXBDSA-N,Tyrosine metabolism,0.1635543068508073,"(2-((3,5-Di-t-butyl-4-hydroxyphenyl)thio)-1-methylpropoxy)acetic acid"
IK_AEAPORIZZWBIEX-DTBDINHYSA-N,Steroid hormone biosynthesis,0.9786237736249745,Rostafuroxin
IK_AEESIZVTDUAOEG-MWQVBOBVSA-N,Sphingolipid metabolism,0.280925520713063,"Pentadeca-3,6,9-trienedioylcarnitine"
IK_AEFNZGGBWOQYID-KQPZCCJBSA-N,Glycerophospholipid metabolism,0.984588315649547,Demethylphylloquinol
IK_AEMOLEFTQBMNLQ-AQKNRBDQSA-N,Linoleic acid metabolism,0.16528197752208434,D-Glucuronic Acid
IK_AEMOLEFTQBMNLQ-QIUUJYRFSA-N,Glycerophospholipid metabolism,0.14740162143439514,Beta-D-Glucopyranuronic acid
IK_AEOYRSISBCASMX-UHFFFAOYSA-N,Fatty acid degradation,0.30151840671709,4-Phenylbutanoylcarnitine
IK_AEURJYQWJBBJDQ-RRSKNPHNSA-N,Linoleic acid metabolism,0.4775382370828687,PC(22:1(13Z)/LTE4)
IK_AFKRZUUZFWTBCC-WSTZPKSXSA-N,Glycerophospholipid metabolism,0.9964976740930976,Penethamate
IK_AFKYRGZSSLJQQW-NOFZOIBWSA-N,Linoleic acid metabolism,0.4785400236062446,SM d41:5
IK_AFSHUZFNMVJNKX-CLFAGFIQSA-N,Glycerophospholipid metabolism,0.44309572734013586,DG 18:1_18:1
IK_AFWBWPCXSWUCLB-WDSKDSINSA-N,Arginine and proline metabolism,0.5299333930925078,Pro-Ser
IK_AFWKBSMFXWNGRE-ONEGZZNKSA-N,Tyrosine metabolism,0.7006642633251492,Dehydrozingerone
IK_AFWVBXLXFDAISA-GPRPIQDKSA-N,Glycerophospholipid metabolism,0.9991438624707616,Eriojaposide B
IK_AGBQKNBQESQNJD-SSDOTTSWSA-N,Tryptophan metabolism,0.9969898407124043,Lipoic acid
IK_AGGWFDNPHKLBBV-YUMQZZPRSA-N,Arginine biosynthesis,0.3570088808409633,Val-Cit
IK_AGLLGVGIYDAODS-PVCMTRMKSA-N,Linoleic acid metabolism,0.4291283617308149,PC 42:6
IK_AGMMTXLNIQSRCG-UHFFFAOYSA-N,Starch and sucrose metabolism,0.5743837042366005,Quinethazone
IK_AGOYDEPGAOXOCK-KCBOHYOISA-N,Glycolysis or Gluconeogenesis,0.759537098853553,Clarithromycin
IK_AGPIOXWTGKGPPK-UHFFFAOYSA-N,Glycerophospholipid metabolism,0.13303991926454234,Cyclo(glycylleucylvalylleucylprolylseryl)
IK_AGPKZVBTJJNPAG-AKGZTFGVSA-N,"Valine, leucine and isoleucine biosynthesis",0.6135081264239596,(2S)-2-Amino-3-methylpentanoic acid
IK_AGPKZVBTJJNPAG-CRCLSJGQSA-N,"Valine, leucine and isoleucine biosynthesis",0.6135081264239596,D-Alloisoleucine
IK_AGPKZVBTJJNPAG-UHFFFAOYSA-N,"Valine, leucine and isoleucine biosynthesis",0.613084085690367,(+/-)-erythro-Isoleucine
IK_AGPKZVBTJJNPAG-UHNVWZDZSA-N,"Valine, leucine and isoleucine biosynthesis",0.6135081264239596,L-Alloisoleucine
IK_AGSPXMVUFBBBMO-UHFFFAOYSA-N,"Valine, leucine and isoleucine biosynthesis",0.47649554091121316,Beta-Aminopropionitrile
IK_AGVRWBBFKKEVAX-QIEOIKHQSA-N,Glycerophospholipid metabolism,0.5772100928686066,LysoPI(0:0/18:0)
IK_AHANXAKGNAKFSK-PDBXOOCHSA-N,Biosynthesis of unsaturated fatty acids,0.3448353000872638,Dihomo-alpha-linolenic acid
IK_AHJCDQGRYVBQQZ-NSCUHMNNSA-N,Citrate cycle (TCA cycle),0.9768286373762365,Methoxymalic acid
IK_AHLPHDHHMVZTML-UHFFFAOYSA-N,Arginine biosynthesis,0.1966234104808923,Ornithine
IK_AHTAWKLQNJKVCN-UHFFFAOYSA-N,Fatty acid degradation,0.3323561532019728,4-Oxooctanoylcarnitine
IK_AIQDYKMWENWVQJ-QIUUJYRFSA-K,Glycerophospholipid metabolism,0.15340336339178565,Alpha-D-glucuronate 1-phosphate
IK_AIUFHSHETJXZFR-ATCSHJOVSA-N,Glycerophospholipid metabolism,0.5493537232111985,"DG(18:3(9,11,15)-OH(13)/i-15:0/0:0)"
IK_AJBBHZDIKZCZAI-UHFFFAOYSA-N,Biosynthesis of unsaturated fatty acids,0.3926642297125109,"8,11-eicosadiynoic acid"
IK_AJMZUFBKADIAKC-SKTOPKGQSA-N,Glycerophospholipid metabolism,0.4385299804530623,"DG(18:0/18:2(9Z,12Z)/0:0)"
IK_AJOQSQHYDOFIOX-UHFFFAOYSA-N,Tyrosine metabolism,0.152039399334396,Pheneturide
IK_AJSDVNKVGFVAQU-PRJMDXOYSA-N,Glycerophospholipid metabolism,0.15340336339178565,Cladinose
IK_AJSJFDUIZFXAQY-UHFFFAOYSA-N,Steroid hormone biosynthesis,0.9776265243536607,Malathion monocarboxylic acid
IK_AJWIFVNLXHFTFD-NSCUHMNNSA-N,Primary bile acid biosynthesis,0.9762894565365267,Methyl 7-epi-12-hydroxyjasmonate glucoside
IK_AKAHWGGIUSJNNM-BQBZGAKWSA-N,Arginine biosynthesis,0.3432861457723315,Gamma-glutamyl-glutamine
IK_AKASWINDKIEEBO-ZJUUUORDSA-N,Steroid hormone biosynthesis,0.9831649388303596,(+)-Rotundifolone
IK_AKUHMVHZLHMOIV-MMRRFZAGSA-N,Linoleic acid metabolism,0.4727837018900287,DGTS(4:0/22:6)
IK_AKUJBENLRBOFTD-RPRRAYFGSA-N,Primary bile acid biosynthesis,0.9409568033635753,Dexamethasone acetate
IK_ALPFACMJGXQCHP-TUUIQCBBSA-N,Glycerophospholipid metabolism,0.628026117774719,DG(PGD2/0:0/18:0)
IK_ALTAAUJNHYWOGS-UHFFFAOYSA-N,Citrate cycle (TCA cycle),0.9542745332770299,Trans-4-Hydroxycyclohexylacetic acid
IK_ALYNCZNDIQEVRV-UHFFFAOYSA-N,Ubiquinone and other terpenoid-quinone biosynthesis,0.3669387792539282,p-Aminobenzoic acid
IK_AMDPNECWKZZEBQ-UHFFFAOYSA-N,Glycerophospholipid metabolism,0.9792292203771512,"5,5-Diphenyl-2-thiohydantoin"
IK_AMPNNTLXPJCDJF-UHFFFAOYSA-N,"Alanine, aspartate and glutamate metabolism",0.5195939768104118,Ethylenediaminetetraaceticacid
IK_AMTPYFGPPVFBBI-UHFFFAOYSA-N,Linoleic acid metabolism,0.9734895229250018,Acedapsone
IK_AMVYOVYGIJXTQB-UHFFFAOYSA-N,Glycerophospholipid metabolism,0.12569090125178908,Difenoxuron (4 other possible)
IK_AMXYRHBJZOVHOL-UHFFFAOYSA-N,Biosynthesis of unsaturated fatty acids,0.9577932937383287,"2,6-Nonadien-1-ol"
IK_ANDIJCDJHMZLND-DAWNVERKSA-N,Glycerophospholipid metabolism,0.44302017775982583,PE O-17:1_18:2
IK_ANGCIHCSPJLGME-UHFFFAOYSA-N,Steroid hormone biosynthesis,0.8753433667962224,Physalolactone B
IK_ANKFOZDLPDQNEO-UHFFFAOYSA-N,Arginine biosynthesis,0.533839867862958,N-Myristoyl Arginine
IK_ANKFPIBCTISOBX-UHFFFAOYSA-N,Glycerophospholipid metabolism,0.491907234672797,Petasalbin
IK_ANQQVTWQIBPDKQ-UHFFFAOYSA-N,Biosynthesis of unsaturated fatty acids,0.29306901994667284,11-Oxohexadecanoic acid
IK_ANVLMUZOIWITMQ-UHFFFAOYSA-N,Ascorbate and aldarate metabolism,0.9660856051411097,"3-[(1R,2R,3S)-3-Carboxy-1,2,3-trihydroxypropyl]dioxirane-3-carboxylic acid"
IK_AOCBVTCNGCHPPQ-UHFFFAOYSA-N,Fatty acid degradation,0.2938647673795328,4-Amino-3-hydroxybutanoylcarnitine
IK_AOHCBEAZXHZMOR-UHFFFAOYSA-N,Tryptophan metabolism,0.4337523418134726,Hypaphorine
IK_AOHCBEAZXHZMOR-ZDUSSCGKSA-N,Tryptophan metabolism,0.433729807307122,Lenticin
IK_AOMXURITGZJPKB-ZETCQYMHSA-N,Arginine biosynthesis,0.4414294583458776,N-OMEGA-PROPYL-L-ARGININE
IK_AOPMSFXOYJXDNJ-IRFSQMTFSA-N,Glycerophospholipid metabolism,0.9257802301130688,Plumieride
IK_AOQMRUTZEYVDIL-UHFFFAOYSA-N,Glycerophospholipid metabolism,0.4074131915845978,Flupoxam
IK_AORCXYMSPVAQIZ-UHFFFAOYSA-N,Glycerophospholipid metabolism,0.9727612358277403,"1,4-Ipomeadiol"
IK_AOXITOVWUAKZHT-CCKFTAQKSA-N,Tyrosine metabolism,0.4323424458618097,Glycyl Phenylalanine
IK_APOJPGQGVODAOE-AUPUWKESSA-N,Glycerophospholipid metabolism,0.49129648789432934,PE(PGJ2/20:0)
IK_APZFKAJBLBCEFG-YIAAKVKQSA-N,Glycerophospholipid metabolism,0.45739768804741554,"MG(0:0/20:3(6,8,11)-OH(5)/0:0)"
IK_AQAKHZVPOOGUCK-XPUUQOCRSA-N,Lysine degradation,0.18457822336426183,Gamma-Glutamylvaline
IK_AQHHHDLHHXJYJD-AWEZNQCLSA-N,Purine metabolism,0.8000000000000013,(2S)-1-naphthalen-1-yloxy-3-(propan-2-ylamino)propan-2-ol
IK_AQHHHDLHHXJYJD-UHFFFAOYSA-N,Purine metabolism,0.8000000000000013,Propranolol
IK_AQPJRTNUBAWORL-RXMQYKEDSA-N,Glycerophospholipid metabolism,0.1734523459572622,2-Hydroxy-L-methionine
IK_AQTYXAPIHMXAAV-UHFFFAOYSA-N,Purine metabolism,0.9613395034711981,2-methoxyphenol sulfate
IK_AQZMUAMGLNHYRT-SESCJMQFSA-N,Glycerophospholipid metabolism,0.44309274746322114,"PE-NMe2(15:0/20:2(11Z,14Z))"
IK_ARFRZOLTIRQFCI-NGQYDJQZSA-N,Glycerophospholipid metabolism,0.9852574889586924,8-O-Acetyl shanzhiside methyl ester
IK_ARJPPNFIEQKVBB-UHFFFAOYSA-N,Arginine and proline metabolism,0.9989235446713746,Acetamidopropanal
IK_ARSJQOAYGVNWEK-MLCWLASSSA-N,Drug metabolism - cytochrome P450,0.4955918912502913,N-Ethyl trans-2-cis-6-nonadienamide
IK_ASBJGPTTYPEMLP-UWTATZPHSA-N,Lysine degradation,0.18104068982652358,3-Chloro-D-alanine
IK_ASJJOPLGTKDUEX-UWDAMKIQSA-N,Glycerophospholipid metabolism,0.42335441151378733,TG 18:1_18:1_19:1
IK_ASMYXLDPYBVDFS-UHFFFAOYSA-N,Glycerophospholipid metabolism,0.4836258042849761,Apigenin 7-arabinoside
IK_ASPCIAWQVXVATP-VWXYMJEFSA-N,Glycerophospholipid metabolism,0.9996691951999193,Lucidenic acid E2
IK_ASSAYFMXRNLTCY-UHFFFAOYSA-N,Glycerophospholipid metabolism,0.8152024179927665,22-Acetylpriverogenin B
IK_ASTGQNDACGZVKX-WVILEFPPSA-N,Linoleic acid metabolism,0.49666985135154823,SM d37:1
IK_ASWBNKHCZGQVJV-QHCPKHFHSA-N,Linoleic acid metabolism,0.4575471138415258,LPC 16:0
IK_ASWBNKHCZGQVJV-UHFFFAOYSA-N,Linoleic acid metabolism,0.45753818031025417,1-Palmitoylphosphatidylcholine
IK_ATFNSNUJZOYXFC-RQJHMYQMSA-N,Galactose metabolism,0.7983979328055784,Terreic acid
IK_ATIPDCIQTUXABX-UWVGGRQHSA-N,Glycerophospholipid metabolism,0.1951495203463516,Lysylleucine
IK_ATMSEJBABXCWDW-UHFFFAOYSA-N,Fatty acid biosynthesis,0.3743638470849482,3-hydroxypentadecanoic acid
IK_ATNNLHXCRAAGJS-QZQOTICOSA-N,Biosynthesis of unsaturated fatty acids,0.37237161993175194,C22:1 ceramide
IK_ATRNZOYKSNPPBF-UHFFFAOYSA-N,Fatty acid biosynthesis,0.37584823342174684,beta-Hydroxymyristic acid
IK_ATROHALUCMTWTB-UHFFFAOYSA-N,Glycerophospholipid metabolism,0.32372334092977817,Phoxim
IK_ATTZFSUZZUNHBP-UHFFFAOYSA-N,Steroid hormone biosynthesis,0.991945578531683,Piperonyl sulfoxide
IK_ATXHVCQZZJYMCF-XUDSTZEESA-N,Steroid hormone biosynthesis,0.9705562952265077,Allylestrenol
IK_AUDMGMSPKITTQO-DEKGSFKZSA-N,Sphingolipid metabolism,0.4591594489475767,"Cer(d16:1/20:4(6E,8Z,11Z,13E)-2OH(5S,15S))"
IK_AUGHPTXZMAWCOH-XGKJNDTMSA-N,Glycerophospholipid metabolism,0.44051964483475226,"PA(15:0/22:2(13Z,16Z))"
IK_AUMXJZBVBBGETK-JAFZKPNWSA-N,Glycerophospholipid metabolism,0.643895774372987,Plastoquinone 3
IK_AURCBSWGPREGRQ-AQNFZCBMSA-M,Sphingolipid metabolism,0.6749424652001342,C20:0 galactosylceramide
IK_AURFZBICLPNKBZ-FZCSVUEKSA-N,Steroid hormone biosynthesis,0.6204282135470924,Alloepipregnanolone
IK_AUVVAXYIELKVAI-CKBKHPSWSA-N,Glycerophospholipid metabolism,0.9764396171666739,Emetine
IK_AVFORCKFTWHFAR-ZSIFGTMLSA-N,Glutathione metabolism,0.991820350666292,8'-hydroxyabscisate
IK_AVFZOVWCLRSYKC-UHFFFAOYSA-N,Arginine and proline metabolism,0.3641241894470191,1-Methylpyrrolidine
IK_AVGPOAXYRRIZMM-BYPYZUCNSA-N,Arginine and proline metabolism,0.46674603076320087,D-Apiose
IK_AVTUTJYTKKMVGB-BGXVWEPQSA-O,Glycerophospholipid metabolism,0.9959025360673408,Pinotin A
IK_AWDRATDZQPNJFN-VAYUFCLWSA-N,Primary bile acid biosynthesis,0.6821405936892252,Taurodeoxycholic acid
IK_AWJUIBRHMBBTKR-UHFFFAOYSA-N,Arginine and proline metabolism,0.25,Isoquinoline
IK_AWLYBJONQDYQAK-QTJNYWJXSA-N,Glycerophospholipid metabolism,0.9858920492527159,Norchalciporyl propionate
IK_AWNFWGNFOOJDNO-PTNGSMBKSA-N,Ascorbate and aldarate metabolism,0.9369310796513188,Alpha-Amylcinnamyl formate
IK_AXCLECQLCBWNLZ-DZELQHPSSA-N,Linoleic acid metabolism,0.42829050553333126,PC O-16:1_18:2
IK_AXCLECQLCBWNLZ-KZZBVOOISA-N,Linoleic acid metabolism,0.4280544609534638,PC(O-16:1)
IK_AXLAMFZYXNDEGQ-MLWYYCKJSA-N,Glycerophospholipid metabolism,0.44263533391333343,"PE-NMe(20:2(11Z,14Z)/20:0)"
IK_AXQACEQYCPKDMV-RZAWKFBISA-N,Glycerophospholipid metabolism,0.18686395345678736,Naldemedine
IK_AXRIHSJZHOTGAE-ATZCPNFKSA-N,Purine metabolism,0.49670842861627523,Senkyunolide N
IK_AYFVYJQAPQTCCC-HRFVKAFMSA-N,"Valine, leucine and isoleucine biosynthesis",0.6145111478622568,L-Allothreonine
IK_AYHSDYHVIFMJHB-NFPJMEHBSA-N,Glycerophospholipid metabolism,0.4397644293226578,"PE-NMe(22:5(4Z,7Z,10Z,13Z,16Z)/18:2(9Z,12Z))"
IK_AYIZHKDZYOSOGY-IUCAKERBSA-N,Histidine metabolism,0.5192352794215972,Histidylmethionine
IK_AYJXHIDNNLJQDT-UHFFFAOYSA-N,Tyrosine metabolism,0.8780102910106842,"2,6,6-Trimethyl-2-cyclohexene-1,4-dione"
IK_AYKQJQVWUYEZNU-UHFFFAOYSA-N,Glycerophospholipid metabolism,0.2880406184934462,Cysteinyl-Asparagine
IK_AYSGOPOJGPEGSU-UHFFFAOYSA-N,Primary bile acid biosynthesis,0.2210165399323304,"(5alpha,6beta,14alpha,20R,22R)-5,6,14,20,27-Pentahydroxy-1-oxowith-24-enolide"
IK_AZKVWQKMDGGDSV-BCMRRPTOSA-N,Retinol metabolism,0.9802141718731897,Genipin
IK_AZYMCYXTLDIFNX-IRSOEJBUSA-N,Linoleic acid metabolism,0.4907001477828738,"SM(d19:1/20:3(8Z,11Z,14Z)-2OH(5,6))"
IK_BABSZGMYWGFHOB-UHFFFAOYSA-N,Glycerophospholipid metabolism,0.39392005109202044,TG 15:0_16:0_18:0
IK_BAGQGBPETWVHAA-BHYOAKPMSA-N,Glycerophospholipid metabolism,0.435815528910781,PS 16:0_22:4
IK_BAQAVOSOZGMPRM-QBMZZYIRSA-N,Starch and sucrose metabolism,0.9776669681599923,Sucralose
IK_BATTZJIKLZSIAU-UHFFFAOYSA-N,Glycerophospholipid metabolism,0.18686395345678736,Dukunolide A
IK_BAVYZALUXZFZLV-UHFFFAOYSA-N,"Glycine, serine and threonine metabolism",0.0936556858407616,Methylamine
IK_BAWAZBRKENFJED-LTKCOYKYSA-N,Glycerophospholipid metabolism,0.5069516886548556,LPI 20:4
IK_BAZVSMNPJJMILC-STQMWFEESA-N,Glycerophospholipid metabolism,0.49142648475290274,TG 46:4 Isomer A
IK_BBIXOODYWPFNDT-CIUDSAMLSA-N,Glycerophospholipid metabolism,0.5175127690708733,Isoleucylproline
IK_BBJIPMIXTXKYLZ-UHFFFAOYSA-N,Citrate cycle (TCA cycle),0.3026546780257939,3-Aminopentanedioic Acid
IK_BBTRJIPCRXSCEB-TXICZTDVSA-N,Starch and sucrose metabolism,0.9972033182147122,isoribose
IK_BBYWOYAFBUOUFP-JOCHJYFZSA-N,Glycerophospholipid metabolism,0.6173418175887432,PE(18:0/0:0)
IK_BBZCPUCZKLTAJQ-UHFFFAOYSA-N,"Phenylalanine, tyrosine and tryptophan biosynthesis",0.22261866455478474,3-Methyloxindole
IK_BCCRXDTUTZHDEU-VKHMYHEASA-N,Purine metabolism,0.9975152982159213,Gly-Ser-OH
IK_BCIWKKMTBRYQJU-UHFFFAOYSA-N,Tyrosine metabolism,0.9778571856643551,(S)-[8]-Gingerol
IK_BCNUXXXHEIUHJB-UHFFFAOYSA-N,Glycerolipid metabolism,0.12151703956831224,3-Methylene-indolenine
IK_BCPDBSZPXWSVHR-BAIOGQDRSA-N,Ascorbate and aldarate metabolism,0.9922475776983535,Acetyl-pepstatin
IK_BCPQOBQIVJZOFL-UHFFFAOYSA-N,Tryptophan metabolism,0.9405032909400822,Recoflavone
IK_BCPSFKBPHHBDAI-LURJTMIESA-N,Arginine biosynthesis,0.5316221926409748,N-Acetyl-L-glutamate 5-semialdehyde
IK_BCQTVJKBTWGHCX-UHFFFAOYSA-N,Drug metabolism - cytochrome P450,0.9588686907194806,Pilsicainide
IK_BCTXZWCPBLWCRV-ZYADFMMDSA-N,Biosynthesis of unsaturated fatty acids,0.548280922181022,"16(17)-epoxy-4Z,7Z,10Z,13Z,19Z-docosapentaenoic acid"
IK_BCWKUTNUIRMUPD-XMRVQXCHSA-N,Glycerophospholipid metabolism,0.4169430213927302,TG 12:0_12:0_18:3
IK_BCXBIONYYJCSDF-CIUDSAMLSA-N,"Valine, leucine and isoleucine biosynthesis",0.4157601969032695,Isoleucyl-Valine
IK_BDCFJMBXZCIVRH-CGRWFSSPSA-N,Glycerophospholipid metabolism,0.44915011189199067,1-lyso-2-arachidonoyl-phosphatidate (LPA)
IK_BDENGJXHUIIQRH-IQAJSEAWSA-N,Steroid hormone biosynthesis,0.4259492064340608,Torvoside G
IK_BDHRPSJHSJIYMM-XGRKIXBHSA-N,Glycerophospholipid metabolism,0.4255992485612147,"PS(18:3(9,11,15)-OH(13)/22:1(13Z))"
IK_BDIAUFOIMFAIPU-KVJIRVJXSA-N,Drug metabolism - cytochrome P450,0.8429802541740222,Valtrate
IK_BDJRBEYXGGNYIS-UHFFFAOYSA-N,Biosynthesis of unsaturated fatty acids,0.18821767905670464,Azelaic Acid
IK_BDMFLHDYGLOXPR-UDJAPEQQSA-N,Glycerophospholipid metabolism,0.4482260654635218,PE 38:2e
IK_BDQNKCYCTYYMAA-UHFFFAOYSA-N,Porphyrin metabolism,0.9975458527402026,1-Naphthyl isocyanate
IK_BDTIGNGBIBFXSE-UHFFFAOYSA-N,Purine metabolism,0.49650075787874975,2-(4-Nitrobenzylidene)malononitrile
IK_BEJNERDRQOWKJM-UHFFFAOYSA-N,Glycerophospholipid metabolism,0.1792996233076101,Kojic acid
IK_BELPJCDYWUCHKF-AATRIKPKSA-N,"Alanine, aspartate and glutamate metabolism",0.2,(E)-acetyloxymethylimino-methyl-oxidoazanium
IK_BEQZHFIKTBVCAU-UHFFFAOYSA-N,Purine metabolism,0.9369209455148325,Norketamine
IK_BFBJRMADQFCOCV-UHFFFAOYSA-N,Tyrosine metabolism,0.15162107453416598,3-Butyl-1-(hydroxymethyl)-1-(4-methylphenyl)sulfonylurea
IK_BFWYTORDSFIVKP-USWFWKISSA-N,Biosynthesis of unsaturated fatty acids,0.34123389709027746,15-HPETE
IK_BFYYUELWUKXHLB-UHFFFAOYSA-N,Glycerophospholipid metabolism,0.1673629917859093,(2S)-2-Amino-4-sulfanylbutanal
IK_BFZKMNSQCNVFGM-UCEYFQQTSA-N,Glycerophospholipid metabolism,0.9728014370944289,Sagopilone
IK_BGJPRBZZLWCLJW-AWCRTANDSA-N,Ascorbate and aldarate metabolism,0.991889294812709,"N,N-Diallyl-tyrosyl-alpha-aminoisobutyric acid-phenylalanyl-leucine"
IK_BGKHCLZFGPIKKU-LDDQNKHRSA-N,Primary bile acid biosynthesis,0.364029132712246,PGA1
IK_BGSCNPOVJFBBAQ-UHFFFAOYSA-N,Starch and sucrose metabolism,0.5130764861096286,"1-[(2R,3R,4S,5R)-3,4-Dihydroxy-5-(hydroxymethyl)oxolan-2-yl]oxypyrimidin-2-one"
IK_BGSZAXLLHYERSY-XQIGCQGXSA-N,Ascorbate and aldarate metabolism,0.9945906862087692,Vecuronium
IK_BHATUINFZWUDIX-UHFFFAOYSA-N,Linoleic acid metabolism,0.9177963572601909,"N-Tetradecyl-N,N-dimethyl-3-ammonio-1-propanesulfonate"
IK_BHMYRYNHHQYGTN-UHFFFAOYSA-N,Steroid biosynthesis,0.9968794325105398,Stenocereol
IK_BHNHHSOHWZKFOX-UHFFFAOYSA-N,"Valine, leucine and isoleucine biosynthesis",0.5032547028964081,2-Methylindole
IK_BHPXBBXWEPCSOK-RMKNXTFCSA-N,Galactose metabolism,0.5937872546423513,"Glucosyl (E)-2,6-Dimethyl-2,5-heptadienoate"
IK_BHQCQFFYRZLCQQ-PGHAKIONSA-N,Primary bile acid biosynthesis,0.6926512270611871,Allocholic acid
IK_BHQCQFFYRZLCQQ-UMZBRFQRSA-N,Primary bile acid biosynthesis,0.6955455842738426,Bile acid
IK_BHWXBRBFQBOUAF-UHFFFAOYSA-N,Primary bile acid biosynthesis,0.6949838510758866,Deoxycholylproline
IK_BIDUPMYXGFNAEJ-APGVDKLISA-N,Glycerophospholipid metabolism,0.15261711325525623,Astromicin
IK_BIEOSECQPGGZMF-WMPRHZDHSA-N,Linoleic acid metabolism,0.40129207601835826,LPC 22:5
IK_BISIFJGUTDFVFR-UHFFFAOYSA-N,Cysteine and methionine metabolism,0.9271040518004203,"9-Amino-1,2,3,4-tetrahydroacridin-4-ol"
IK_BITHHVVYSMSWAG-KTKRTIGZSA-N,Biosynthesis of unsaturated fatty acids,0.2795882425158712,FFAD 20:1
IK_BIUULCNWWFDCPG-UHFFFAOYSA-N,Glycerophospholipid metabolism,0.4977767133842115,Coixinden B
IK_BIXJFIJYBLJTMK-ZUZCIYMTSA-N,Glycerophospholipid metabolism,0.7222124658297017,Isolysergol
IK_BJBUEDPLEOHJGE-BKLSDQPFSA-N,Glutathione metabolism,0.6768793177555746,3-Hydroxy-L-proline
IK_BJBUEDPLEOHJGE-IMJSIDKUSA-N,D-Amino acid metabolism,0.9980630784950474,Trans-3-hydroxy-L-proline
IK_BJMQRSXLHPCXDU-OOKGOBCESA-N,Glycerophospholipid metabolism,0.47587365472211063,"PA(18:3(10,12,15)-OH(9)/a-17:0)"
IK_BJPPZTDOLXZUSK-FRVQLJSFSA-N,Primary bile acid biosynthesis,0.7835708919373976,"N-[(3a,5b,7a,12a)-3,12-dihydroxy-24-oxo-7-(sulfooxy)cholan-24-yl]-Glycine"
IK_BJRMBXPQAMDCMG-CMJQBAFXSA-N,Arachidonic acid metabolism,0.7954656506312865,20-Hydroxy-leukotriene E4
IK_BJRNKVDFDLYUGJ-RMPHRYRLSA-N,Starch and sucrose metabolism,0.4448316723241853,Arbutin
IK_BJSNGVYBQJIGRT-UHFFFAOYSA-N,Glycerophospholipid metabolism,0.18686395345678736,Theasaponin F1
IK_BKASXWPLSXFART-YUMQZZPRSA-N,Drug metabolism - cytochrome P450,0.4095871133091042,LL-Cyclo(leucylprolyl)
IK_BKNQGBKAJUUPBQ-SPMSPBIZSA-N,Linoleic acid metabolism,0.4896211687718369,Alongside
IK_BLERHOKJGPAHCL-UHFFFAOYSA-N,Biosynthesis of unsaturated fatty acids,0.23489283136622563,15-hydroxyicosanoic acid
IK_BLGXFZZNTVWLAY-DKJBZYCGSA-N,Glycerophospholipid metabolism,0.4954829550525016,Corynanthine
IK_BLIGKERFCBUUQF-QZNUWAOFSA-N,Glycerophospholipid metabolism,0.39392005109202044,TG 47:0|TG 15:0_16:0_16:0
IK_BLQCWBCWZFDGBW-AATRIKPKSA-N,Galactose metabolism,0.9310783205263139,Sonchuionoside C
IK_BLWYXBNNBYXPPL-YFKPBYRVSA-N,Arginine and proline metabolism,0.5346642490052431,"L-Proline, methyl ester"
IK_BLZVZPYMHLXLHG-JOBMVARSSA-N,Glycerophospholipid metabolism,0.4374701363255547,DG 36:3
IK_BMLMGCPTLHPWPY-REOHCLBHSA-N,Glutathione metabolism,0.4990221516743612,Procysteine
IK_BMOVQUBVGICXQN-UHFFFAOYSA-N,Sphingolipid metabolism,0.4701467632870571,Clinofibrate
IK_BMSDHYZLQWTKSQ-LSJAAEOESA-N,Glycerophospholipid metabolism,0.42596752011840366,TG 53:4
IK_BMUFUJMVNODTAD-UHFFFAOYSA-N,Glycerophospholipid metabolism,0.12249451115182106,4-Fluoro-2-(trifluoromethyl)phenylacetic acid
IK_BMVXCPBXGZKUPN-UHFFFAOYSA-N,Arginine and proline metabolism,0.9959495248481075,1-Hexylamine
IK_BNIXVQGCZULYKV-UHFFFAOYSA-N,Glycerophospholipid metabolism,0.13950168786833567,Pentachloroethane
IK_BOEPTPMIIFGHTH-YDFGWWAZSA-N,Sphingolipid metabolism,0.3047503541620848,"Octa-3,5-dienedioylcarnitine"
IK_BOHZCIJMIPHZKG-OANVIGDOSA-N,Linoleic acid metabolism,0.43426220806050475,PC O-18:2_20:4
IK_BOJKULTULYSRAS-OTESTREVSA-N,Linoleic acid metabolism,0.2625659688292415,Andrographolide
IK_BOTWFXYSPFMFNR-PYDDKJGSSA-N,Glycerophospholipid metabolism,0.4980391575670446,Phytol
IK_BOUXQAITXDAJSF-UHFFFAOYSA-N,Tyrosine metabolism,0.07058823529411765,Sulfasalazine B
IK_BOWVQLFMWHZBEF-KTKRTIGZSA-N,Glycerophospholipid metabolism,0.4463427032601294,Oleoylethanolamide
IK_BPEXTIMJLDWDTL-UHFFFAOYSA-N,Tyrosine metabolism,0.11013116116992573,N2-acetyl-histidine
IK_BPHPUYQFMNQIOC-NXRLNHOXSA-N,Ascorbate and aldarate metabolism,0.4996126285275087,Isopropyl-beta-D-thiogalactopyranoside
IK_BPLYVSYSBPLDOA-UHFFFAOYSA-N,Sphingolipid metabolism,0.55890687489575,Cer 18:0;2O/24:0
IK_BPSLZWSRHTULGU-ZCFIWIBFSA-N,Ascorbate and aldarate metabolism,0.9755762770882097,(R)-1-Methylpiperidine-2-carboxylic acid
IK_BPYKTIZUTYGOLE-KDUUSRDASA-N,Porphyrin metabolism,0.9991581791616487,"(4E,15Z)-Bilirubin"
IK_BQJCRHHNABKAKU-KBQPJGBKSA-N,,,Morphine
IK_BQJRUJTZSGYBEZ-YVQNUNKESA-N,Purine metabolism,0.9952094665964105,"Phorbol-12,13-dibutyrate"
IK_BQMFWUKNOCJDNV-HJWJTTGWSA-N,"Phenylalanine, tyrosine and tryptophan biosynthesis",0.3453861516374823,Phe Val Ile
IK_BQYSFFVQHVEQKA-WWNHDLEVSA-N,Glycerophospholipid metabolism,0.4405718747388274,"PE-NMe(16:0/22:5(4Z,7Z,10Z,13Z,16Z))"
IK_BRENMGSWNOZDLU-LEAZDLGRSA-N,Glutathione metabolism,0.9989485027788954,Gly-Pro-Gly-Arg-Ala-Phe
IK_BRMSNMZILBBMIX-UHFFFAOYSA-N,Citrate cycle (TCA cycle),0.8611062345405442,"Exo-5,6-Dimethylbicyclo[2.2.1]hept-5-en-2-ol"
IK_BROOMPUVDPTGEG-RHNBIRJRSA-N,Linoleic acid metabolism,0.4104964434615698,MGDG 36:4
IK_BRRVXFOKWJKTGG-UHFFFAOYSA-N,Linoleic acid metabolism,0.9323078088754712,Dihydroisophorol
IK_BRTSNYPDACNMIP-FAWZKKEFSA-N,Glycerophospholipid metabolism,0.18686395345678736,Dihydroetorphine
IK_BSFUDCIRZBAPDS-UHFFFAOYSA-N,Glycerophospholipid metabolism,0.15340336339178565,Isokobusone
IK_BSRRIWAAIBZEBQ-QSTBWJLLSA-N,Linoleic acid metabolism,0.4271297743445394,4-Galactosylxylose
IK_BSVHAXJKBCWVDA-UHFFFAOYSA-N,Sphingolipid metabolism,0.3213209619222208,O-Adipoylcarnitine
IK_BSWHERGFUNMWGS-HAFWLYHUSA-N,"Valine, leucine and isoleucine biosynthesis",0.288500897971091,Aspartyl-Isoleucine
IK_BTIHMVBBUGXLCJ-UHFFFAOYSA-N,Nicotinate and nicotinamide metabolism,0.31699351183927277,2-[[9-(1-Methylethyl)-6-[(phenylmethyl)amino]-9H-purin-2-yl]amino]-1-butanol
IK_BTJIUGUIPKRLHP-UHFFFAOYSA-N,Citrate cycle (TCA cycle),0.9477500302374433,4-Nitrophenol
IK_BTLNRJMECFTISR-UHFFFAOYSA-N,Biosynthesis of unsaturated fatty acids,0.983086810925222,"N-(2-Hydroxy-3,3,3-trifluoropropyl)-2-(2-nitro-1-imidazolyl)acetamide"
IK_BTSTZWOTLKSKHV-ODYTWBPASA-N,Drug metabolism - cytochrome P450,0.8469491324346567,N-Cyclopropyl-trans-2-cis-6-nonadienamide
IK_BUHZTPLXMFRPCK-CKCUUXPSSA-N,Glycerophospholipid metabolism,0.15340336339178565,Crepidiaside B
IK_BUJAGSGYPOAWEI-UHFFFAOYSA-N,Drug metabolism - cytochrome P450,0.9849537967956583,Tocainide
IK_BUQYQSMGNYBXDM-QOCHGBHMSA-N,Glycerophospholipid metabolism,0.9901861205235949,Epoxymurin A
IK_BUTLOLBCWDNVGA-UHFFFAOYSA-N,Retinol metabolism,0.8706122895541109,Physapruin B
IK_BVCXYGDKSPEQAH-IHSNFILASA-N,Glycerophospholipid metabolism,0.455006940249838,CL(11:0/12:0/12:0/12:0)
IK_BVUMIHICABFWGS-UHFFFAOYSA-N,Tyrosine metabolism,0.9978194032964919,4-Hydroxyphenylacetic acid sulfate
IK_BWCRCHWTIDPBOB-NKYRGGHJSA-N,Glycerophospholipid metabolism,0.4409586866318841,"PA(22:1(13Z)/20:5(5Z,8Z,11Z,14Z,16E)-OH(18R))"
IK_BWCRYQGQPDBOAU-WZBVPYLGSA-N,Glycerophospholipid metabolism,0.9728014370944289,Milbemycin D
IK_BWEICTHJUIJQPH-UHFFFAOYSA-N,"Valine, leucine and isoleucine biosynthesis",0.21373992582669338,"3-Hydroxyadipic acid 3,6-lactone"
IK_BWKILASWCLJPBO-UHFFFAOYSA-N,Linoleic acid metabolism,0.45753919590400055,LPC 12:0
IK_BWRPYSJNBVBIRP-FLFBIERCSA-N,Linoleic acid metabolism,0.3309140992012398,Ineketone
IK_BWUHENPAEMNGQJ-ZDLURKLDSA-N,Linoleic acid metabolism,0.271147968256928,Thr-Gln
IK_BWWWIHHYPYDOJQ-BSGVGGAOSA-N,Primary bile acid biosynthesis,0.5036786345628399,"(3a,5b,7a,12a)-24-[(carboxymethyl)amino]-1,12-dihydroxy-24-oxocholan-3-yl-b-D-Glucopyranosiduronic acid"
IK_BXFFHSIDQOFMLE-UHFFFAOYSA-N,Tryptophan metabolism,0.2690884997079223,Indoxyl sulfate
IK_BXJHWYVXLGLDMZ-UHFFFAOYSA-N,Caffeine metabolism,0.2738140236051145,Methylguanine
IK_BXLYSRPHVMCOPS-ACZMJKKPSA-N,"Glycine, serine and threonine metabolism",0.3545995023702427,Serylisoleucine
IK_BXNJHAXVSOCGBA-UHFFFAOYSA-N,Glycerophospholipid metabolism,0.4972597654259813,Harmine
IK_BXRLWGXPSRYJDZ-UHFFFAOYSA-N,"Glycine, serine and threonine metabolism",0.20267088496920727,3-Cyanoalanine
IK_BXRLWGXPSRYJDZ-VKHMYHEASA-N,"Glycine, serine and threonine metabolism",0.20311270093492007,L-3-Cyanoalanine
IK_BXXSHQYDJWZXPB-OKNSCYNVSA-N,Glycerophospholipid metabolism,0.1923994976815629,Capsidiol
IK_BXYPVKMROLGXJI-UHFFFAOYSA-N,Vitamin B6 metabolism,0.999702151322757,N'-nitrosoanabasine
IK_BXZSKDOPGDPDEG-UHFFFAOYSA-N,Cysteine and methionine metabolism,0.9347937993794878,8-Methoxykynurenate
IK_BXZVVICBKDXVGW-NKWVEPMBSA-N,Purine metabolism,0.7087896810100947,Didanosine
IK_BYUOBSUZYQAFJM-UHFFFAOYSA-N,Purine metabolism,0.7358027745141463,"6,8-Dihydroxypurine"
IK_BYVDUQYJIIPFIB-ZMOGYAJESA-N,Porphyrin metabolism,0.9377566327503433,Lumirubin
IK_BYWJNFQCWYEWHX-KLMFUOAUSA-N,Retinol metabolism,0.20151812723371548,Melledonal A
IK_BYXCFUMGEBZDDI-UHFFFAOYSA-N,Glycerophospholipid metabolism,0.9903620463552321,"1,3,7-Trimethyluric acid"
IK_BZUIJMCJNWUGKQ-BDAKNGLRSA-N,Lysine degradation,0.559949085717187,Hypusine
IK_BZWQQOVSUSJJJO-QAGDRQIHSA-N,Purine metabolism,0.5374073303837889,Isatoribine
IK_CAAKRPRWCVWYAO-UHFFFAOYSA-N,Tyrosine metabolism,0.152039399334396,P-O-Desmethyl Verapamil
IK_CAAULPUQFIIOTL-UHFFFAOYSA-N,Citrate cycle (TCA cycle),0.4855791081473754,methanolphosphate
IK_CAHKINHBCWCHCF-JTQLQIEISA-N,Tyrosine metabolism,0.4207970546257937,N-Acetyltyrosine
IK_CAHPJJJZLQXPKS-UHFFFAOYSA-N,Pantothenate and CoA biosynthesis,0.2823600222060551,Alpha-Methyl-m-tyrosine
IK_CATMPQFFVNKDEY-YPMHNXCESA-N,Tryptophan metabolism,0.3569697003479455,Golotimod
IK_CAULGCQHVOVVRN-SWZPTJTJSA-N,Linoleic acid metabolism,0.9562339149445868,Germacrone
IK_CAWXEEYDBZRFPE-UHFFFAOYSA-N,Sphingolipid metabolism,0.2697723416456658,Hexazinone
IK_CAWZRIXWFRFUQB-IOSLPCCCSA-N,Purine metabolism,0.4129760791877999,"Alpha,beta-Methylene ATP"
IK_CBDKQYKMCICBOF-UHFFFAOYSA-N,Arginine and proline metabolism,0.4992516836810533,Thiazoline
IK_CBFHOPPJBYHALQ-RLWMBFFFSA-N,Cysteine and methionine metabolism,0.9545596109481481,S-Butylcysteine sulfoxide
IK_CBMYJHIOYJEBSB-CAHXEBCQSA-N,Steroid hormone biosynthesis,0.7190898072111204,Androstanediol
IK_CBMYJHIOYJEBSB-ULTMTAQRSA-N,Steroid hormone biosynthesis,0.7190898072111204,"3a,17a-Dihydroxy-5b-androstane"
IK_CBQJSKKFNMDLON-JTQLQIEISA-N,"Phenylalanine, tyrosine and tryptophan biosynthesis",0.294100351225238,N-Acetyl-L-phenylalanine
IK_CBQJSKKFNMDLON-SNVBAGLBSA-N,"Phenylalanine, tyrosine and tryptophan biosynthesis",0.29254937291288746,N-Acetyl-D-phenylalanine
IK_CBVKLEOGWBFWFG-AXDSSHIGSA-N,Arginine biosynthesis,0.1802387536403337,Epsilon-(Hexanoyl)lysine
IK_CCAIIPMIAFGKSI-DMTCNVIQSA-N,Pyruvate metabolism,0.2773143766541543,N-Methyl-L-Threonine
IK_CCCIJQPRIXGQOE-XWSJACJDSA-N,Steroid hormone biosynthesis,0.41986214414554374,Methyltrienolone
IK_CCCNUHFRBBIFHO-WJWGPLDTSA-N,Arginine biosynthesis,0.6281586102908654,N-Acetylalliin
IK_CCGRBSFMPVMVTE-SGTVZEORSA-N,Glycerophospholipid metabolism,0.44274532291907037,"PE(20:4(6Z,8E,10E,14Z)-2OH(5S,12R)/20:0)"
IK_CCNIABLYZAMGDC-UHFFFAOYSA-N,Linoleic acid metabolism,0.4858037733558091,SM 40:0;3O
IK_CDAWCLOXVUBKRW-UHFFFAOYSA-N,Tyrosine metabolism,0.11013116116992573,2-aminophenol
IK_CDICDSOGTRCHMG-ONEGZZNKSA-N,Tryptophan metabolism,0.21112412514732606,Sinapyl aldehyde
IK_CDLVFVFTRQPQFU-UHFFFAOYSA-N,Lysine degradation,0.6742572584427369,5-Aminovaleric acid betaine
IK_CDRPUGZCRXZLFL-OWOJBTEDSA-N,Fatty acid degradation,0.649350649350652,Piceatannol 4 ?<U+00C3><U+00B3>?<U+00C3><U+00B3>?<U+00C3><U+2021><U+00C3><U+0153>?<U+00C2><U+00BC>?<U+00C3><U+00B3>?<U+00C3><U+2021>??<U+00C3><U+00B3>-galloylglucoside
IK_CDSMSBUVCWHORP-UHFFFAOYSA-N,Tryptophan metabolism,0.981181246173684,Perillic acid
IK_CDSQRAACZGXZNE-UHFFFAOYSA-N,Retinol metabolism,0.20151812723371548,Perilloside B
IK_CEIZFXOZIQNICU-XNCJUZBTSA-N,Glycerophospholipid metabolism,0.4974434080875664,Tenuazonic Acid
IK_CERUVRSAHAFOLZ-LAWPZHMJSA-N,Steroid hormone biosynthesis,0.41986214414554374,Digitoxigenin bisdigitoxide
IK_CFBVGSWSOJBYGC-UHFFFAOYSA-N,Sphingolipid metabolism,0.8969350574381288,6-Hydroxynorketamine
IK_CFORBWCMGILWNN-RRHRGVEJSA-O,Glycerophospholipid metabolism,0.417299995894612,1-Hexadecanoyl-2-octadecadienoyl-sn-glycero-3-phosphocholine
IK_CFSOJZTUTOQNIA-UHFFFAOYSA-N,Glycerophospholipid metabolism,0.1792996233076101,"Ethyl 8-azido-5-methyl-6-oxo-4H-imidazo[1,5-a][1,4]benzodiazepine-3-carboxylate"
IK_CFTUMAOURLALGM-UHFFFAOYSA-N,Fatty acid degradation,0.29425143583009095,7-Hydroxyoctanoylcarnitine
IK_CFWSFZFUNZRIFO-UHFFFAOYSA-N,Glycerophospholipid metabolism,0.3001753639476569,4-Ketoniridazole
IK_CFYLSUZUMMPFNC-NHQGMKOOSA-N,Sphingolipid metabolism,0.4443636675616682,Cer 18:1;2O/20:0;(2OH)
IK_CFYMYCCYMJIYAB-UHFFFAOYSA-N,Steroid hormone biosynthesis,0.8219237864509872,Laricitrin
IK_CGFRVKXGZRODPA-UHFFFAOYSA-N,Glycerophospholipid metabolism,0.9715923127720506,3-Acetylphenol sulfate
IK_CGIURIOFMWUPSV-RUQPETGGSA-N,Ascorbate and aldarate metabolism,0.39507362939301327,Tetrahydroaldosterone-3-glucuronide
IK_CGJRRBRZLXHAHM-PCDBCJAOSA-N,Glycerophospholipid metabolism,0.43817152388772035,"PS(15:0/18:2(9Z,11E)+=O(13))"
IK_CGMZWBZSOINWHL-YPDYIYJKSA-N,Linoleic acid metabolism,0.4557765326408464,SM(d16:1/17:0)
IK_CGUMQVWVXFEJLT-UWXAOETISA-N,Linoleic acid metabolism,0.4804228741841603,"SM(d17:1/20:4(7E,9E,11Z,13E)-3OH(5S,6R,15S))"
IK_CHFOVLMTXSAFKC-UHFFFAOYSA-N,Primary bile acid biosynthesis,0.8203100774315323,Chenodeoxycholylasparagine
IK_CHHHXKFHOYLYRE-STWYSWDKSA-M,Glycerophospholipid metabolism,0.1854292864635625,Polysorbate 20
IK_CHNXZKVNWQUJIB-CEGNMAFCSA-N,Steroid hormone biosynthesis,0.9950305991102354,Ethisterone
IK_CHQZBIVWDKADIA-GDWUOILNSA-N,Glycerophospholipid metabolism,0.34927542960369495,N-Oleoyl Alanine
IK_CHTHALBTIRVDBM-UHFFFAOYSA-N,Glycerophospholipid metabolism,0.1673629917859093,"2,5-Furandicarboxylic acid"
IK_CICRQSYFFGMUEH-MVKOLZDDSA-N,Glycerophospholipid metabolism,0.4651264329212774,N-Linoleoyl Leucine
IK_CIDUJQMULVCIBT-MQDUPKMGSA-N,Glycerophospholipid metabolism,0.9989371146729885,Netilmicin
IK_CIKNYWFPGZCHDL-ZHFUJENKSA-N,Glycerophospholipid metabolism,0.9986260722051479,Sisomicin sulfate
IK_CIMMACURCPXICP-PNQRDDRVSA-N,Glycerophospholipid metabolism,0.34339227650777493,Prostaglandin D1
IK_CJCSPKMFHVPWAR-JTQLQIEISA-N,Tyrosine metabolism,0.7363161270708922,a-Methyldopa
IK_CJSQSNMTJVQLJE-NQPCQEITSA-N,Glycerophospholipid metabolism,0.6045815179812699,"DG(20:3(8Z,11Z,14Z)-2OH(5,6)/0:0/i-13:0)"
IK_CJUFNYIRKDOQMC-SNVBAGLBSA-N,Fatty acid biosynthesis,0.24773134245006767,(S)-9-Hydroxy-10-undecenoic acid
IK_CJXMVKYNVIGQBS-OWOJBTEDSA-N,Tyrosine metabolism,1.0,p-Coumaraldehyde
IK_CKDDRHZIAZRDBW-UHFFFAOYSA-N,Biosynthesis of unsaturated fatty acids,0.2809894944013003,FA 21:0
IK_CKFJQMKKJUVFDF-NTXOZZBFSA-N,Glycerophospholipid metabolism,0.4549974303025189,"PE(22:6(4Z,7Z,10Z,13E,15E,19Z)-OH(17)/22:2(13Z,16Z))"
IK_CKHWEVXPLJBEOZ-VQVTYTSYSA-N,"Valine, leucine and isoleucine biosynthesis",0.5682728484304744,Thr-Val
IK_CLCDCPXFUKRPLP-GYXKVCTLSA-N,Glycerophospholipid metabolism,0.5225445990340334,"DG(20:5(6E,8Z,11Z,14Z,17Z)-OH(5)/8:0/0:0)"
IK_CLGNQAIRBLDHIN-HWKANZROSA-N,Tyrosine metabolism,0.45826974783762364,4-Hydroxy-3-methoxy-cinnamoylglycine
IK_CLGNQAIRBLDHIN-UHFFFAOYSA-N,Tyrosine metabolism,0.45871229037263356,"Glycine, N-[3-(4-hydroxy-3-methoxyphenyl)-1-oxo-2-propenyl]-"
IK_CLJGMBYGTHRUNF-PJQJKGEDSA-N,Linoleic acid metabolism,0.4729692221271311,Menthol glucuronide
IK_CLKPVQZFNYXFCY-UHFFFAOYSA-N,Arginine and proline metabolism,0.19826847764174307,"1-Hydroxy-2,2,5,5-tetramethylpyrrolidine-3-carboxylic acid"
IK_CLPMFZLTACEARJ-YCMZWWCJSA-N,Glycerophospholipid metabolism,0.43016595996145585,"PE-NMe(22:6(4Z,7Z,10Z,13Z,16Z,19Z)/15:0)"
IK_CLUWOWRTHNNBBU-UHFFFAOYSA-N,Arginine and proline metabolism,0.9252923225615878,METHIONAL
IK_CLVUFWXGNIFGNC-QTSLKERKSA-N,Drug metabolism - cytochrome P450,0.35591126470349055,"(2r,3r,5s,6r)-2,6-Bis(hydroxymethyl)piperidine-3,4,5-triol"
IK_CMEYODOSAQTQFO-SAIUNTKASA-N,Glycerophospholipid metabolism,0.445681517390209,PS(14:0/16:0)
IK_CMGDVUCDZOBDNL-UHFFFAOYSA-N,Sphingolipid metabolism,0.9186034078479434,4-Methyl-1H-Benzotriazole
IK_CMHMMKSPYOOVGI-UHFFFAOYSA-N,Ubiquinone and other terpenoid-quinone biosynthesis,0.9981158316867518,Isopropyl 4-hydroxybenzoate
IK_CMKQOKAXUWQAHG-UHFFFAOYSA-N,Glycerophospholipid metabolism,0.1923994976815629,Alpha-Terpineol propanoate
IK_CMUNUTVVOOHQPW-LURJTMIESA-N,Linoleic acid metabolism,0.47267318623236243,Proline betaine
IK_CNAKQRUFJWYXIC-PPOCGGKUSA-N,Steroid hormone biosynthesis,0.4259492064340608,Ponasteroside A
IK_CNAWLBRCOTWCNV-UHFFFAOYSA-N,Fatty acid degradation,0.33485411587007213,5-Hydroxydodecanoylcarnitine
IK_CNCOEDDPFOAUMB-UHFFFAOYSA-N,Glycerophospholipid metabolism,0.10344827586206898,N-(Hydroxymethyl)acrylamide
IK_CNJGWCQEGROXEE-UHFFFAOYSA-N,Linoleic acid metabolism,0.47619243228293445,"3,5-dichlorosalicylic acid"
IK_CNPVJJQCETWNEU-CYFREDJKSA-N,Tyrosine metabolism,0.152039399334396,Vicriviroc
IK_CNUQZHQKEQFDPU-MDWZMJQESA-N,Ubiquinone and other terpenoid-quinone biosynthesis,0.9988269525281098,"2-Polyprenyl-6-methoxy-1,4-benzoquinone"
IK_CNWPIIOQKZNXBB-WBYPBBSPSA-M,Primary bile acid biosynthesis,0.8058652018251024,"3alpha,7alpha,12alpha-trihydroxy-5beta-cholestanate"
IK_CNWSDOLXOOXOCZ-UHFFFAOYSA-N,Steroid hormone biosynthesis,0.3030019490706266,Artonol E
IK_CNZRRQHIZFDOSX-UHFFFAOYSA-N,Citrate cycle (TCA cycle),0.47370242214534514,"2-hydroxy-6,7-dihydro-5H-cyclopenta[b]pyridine-3-carbonitrile"
IK_COHZAFUKYUCIND-SHDWVJIKSA-N,Glycerophospholipid metabolism,0.9456150635359678,"3-Icosa-5,8,11,14-tetraen-2-yloxypropane-1,2-diol"
IK_COKMIXFXJJXBQG-NRFANRHFSA-N,Primary bile acid biosynthesis,0.9330510349206944,Tirofiban
IK_COLNVLDHVKWLRT-MRVPVSSYSA-N,Tyrosine metabolism,0.26174651934865145,D-phenylalanine
IK_COUYJEVMBVSIHV-SFHVURJKSA-N,Steroid hormone biosynthesis,0.33173975198319083,Olodaterol
IK_COVOPZQGJGUPEY-UHFFFAOYSA-N,Glycerophospholipid metabolism,0.24417175114732179,"2,4-Dihydroxy-2H-1,4-benzoxazin-3(4H)-one"
IK_COVZYZSDYWQREU-UHFFFAOYSA-N,Primary bile acid biosynthesis,0.7908682934970593,Busulfan
IK_COXWPCPYWFBNJH-UHFFFAOYSA-N,Glycerophospholipid metabolism,0.13348645042057944,"2,4-Dihydroxyacetophenone 5-sulfate"
IK_COZMNNJEGNPDED-HOCLYGCPSA-N,Tryptophan metabolism,0.4659575706250083,Gly Val Trp
IK_CPAGZVLINCPJEH-UHFFFAOYSA-N,Histidine metabolism,0.9958243286964897,3-methylhistamine
IK_CPHVNLRAJPTYSD-UHFFFAOYSA-N,Steroid hormone biosynthesis,0.4259492064340608,Cyclotricuspidogenin C
IK_CPKWYFUGBHLPGR-SXFWLWNESA-N,Retinol metabolism,0.20151812723371548,Hypochoeroside A
IK_CPTJXGLQLVPIGP-UHFFFAOYSA-N,Tryptophan metabolism,0.7537014741368385,Precocene I
IK_CPXSBHKDEPPWIX-UHFFFAOYSA-N,Tryptophan metabolism,0.9490693420605697,2-(beta-D-Mannopyranosyl)-L-tryptophan
IK_CQLRIUYMQWJYSR-UHFFFAOYSA-N,Linoleic acid metabolism,0.9795322047694226,Ethyl 3-hydroxydodecanoate
IK_CQSLTKIXAJTQGA-FLIBITNWSA-N,Biosynthesis of unsaturated fatty acids,0.2570998597209853,"(+/-)12,13-DiHOME"
IK_CQZWLVDDIOZTJI-RYUDHWBXSA-N,Arginine biosynthesis,0.39721605530687276,Arginylphenylalaninamide
IK_CRIZPXKICGBNKG-UHFFFAOYSA-N,Purine metabolism,0.31344184019052307,2-Hydroxypurine
IK_CRVXJVHSLVEDRI-UHFFFAOYSA-N,Glycerophospholipid metabolism,0.19699801839096828,Tecostanine
IK_CTKINSOISVBQLD-UHFFFAOYSA-N,"Valine, leucine and isoleucine biosynthesis",0.4965716562253761,Glycidol
IK_CTNFAVGEWRZODU-SESCJMQFSA-N,Glycerophospholipid metabolism,0.44309286256608027,"PE-NMe2(15:0/18:2(9Z,12Z))"
IK_CTRDFKIWJJWXFI-AVKVGXGOSA-N,Linoleic acid metabolism,0.46069139697407124,SM 25:2;2O/18:0
IK_CTYRPMDGLDAWRQ-UHFFFAOYSA-N,Glycerophospholipid metabolism,0.5474866699164507,Phenol sulphate
IK_CUIDBUWFCFYEPL-PIFFKTMJSA-N,Galactose metabolism,0.5064857640776054,Nepetaside
IK_CULUWZNBISUWAS-UHFFFAOYSA-N,Glycerophospholipid metabolism,0.3318908332805346,Benznidazole
IK_CUZKLRTTYZOCSD-CIUDSAMLSA-N,Linoleic acid metabolism,0.9013171131302162,2'-Deoxymugineic acid
IK_CUZUEIFJLWAMHR-VKMQJZFUSA-N,Glycerophospholipid metabolism,0.44552067345605106,PE O-40:8|PE O-22:6_18:2
IK_CVFXMLXLNNEEJM-MQWKRIRWSA-N,Arginine biosynthesis,0.49372317312077413,1-Hydroxy-2-(N-acetylcysteinyl)-3-butene
IK_CVNYHSDFZXHMMJ-VPUMZWJWSA-N,Primary bile acid biosynthesis,0.6028954835098486,12-Ketodeoxycholic acid
IK_CVVKIXNPXDBREE-UHFFFAOYSA-N,Steroid hormone biosynthesis,0.4629426913725351,3-Methyl-2-(3-pyridyl)-1-indoleoctanoic acid
IK_CVVRPLLCUNBBAA-VOXCOYEFSA-N,Glycerophospholipid metabolism,0.42670124572418894,TG 44:2
IK_CVXBEEMKQHEXEN-UHFFFAOYSA-N,Linoleic acid metabolism,0.6923076923076923,Carbaryl
IK_CWERGRDVMFNCDR-UHFFFAOYSA-N,"Alanine, aspartate and glutamate metabolism",0.49551835071292055,Mercaptoacetic acid
IK_CWJQQASJVVAXKL-UHFFFAOYSA-N,Drug metabolism - cytochrome P450,0.7061411099099091,"4-(3-Methyl-5-oxo-4,5-dihydro-1H-pyrazol-1-yl)benzenesulfonic acid"
IK_CWLDKTAXQZEVQN-CUEXFKMESA-L,Sphingolipid metabolism,0.999466089128776,Ganglioside GD1a (d18:1/22:1(13Z))
IK_CWLQUGTUXBXTLF-YFKPBYRVSA-N,Glycerophospholipid metabolism,0.0797545872973679,N-Methylproline
IK_CWLVBFJCJXHUCF-RNPYNJAESA-N,Ubiquinone and other terpenoid-quinone biosynthesis,0.8602209769219197,"(3E,7E)-4,8,12-Trimethyl-1,3,7,11-tridecatetraene"
IK_CWMPPVPFLSZGCY-SREVYHEPSA-N,Biosynthesis of unsaturated fatty acids,0.4358336694375228,2-Octenoic acid
IK_CWWWTTYMUOYSQA-LLVKDONJSA-N,Linoleic acid metabolism,0.49290859748492044,Etamicastat
IK_CXDWHYOBSJTRJU-SRWWVFQWSA-N,Steroid hormone biosynthesis,0.9896073202943867,Algestone
IK_CXGDCGIPEJKSCK-UHFFFAOYSA-N,Biosynthesis of unsaturated fatty acids,0.35697448702899814,Decenedioic acid
IK_CXKKSSKKIOZUNR-ZLUOBGJFSA-N,Glycerophospholipid metabolism,0.15261711325525623,Lichenin
IK_CXMXRPHRNRROMY-UHFFFAOYSA-N,Biosynthesis of unsaturated fatty acids,0.18829931409357825,Sebacic acid
IK_CXTATJFJDMJMIY-CYBMUJFWSA-N,Linoleic acid metabolism,0.37831582652669504,L-Octanoylcarnitine
IK_CXTATJFJDMJMIY-UHFFFAOYSA-N,Linoleic acid metabolism,0.38124910527981404,Octanoylcarnitine
IK_CXTXHTVXPMOOSW-JUEJINBGSA-N,Purine metabolism,0.9819323336587571,Epidermin
IK_CXWTUGHAWQYVJV-VZNRCSAUSA-N,Steroid hormone biosynthesis,0.34259423719579346,"CDP-DG(i-22:0/18:3(10,12,15)-OH(9))"
IK_CXWXQJXEFPUFDZ-UHFFFAOYSA-N,Glycerophospholipid metabolism,0.148034263306126,Tetralin
IK_CYHOMWAPJJPNMW-DHBOJHSNSA-N,Glycerophospholipid metabolism,0.9840325806179363,Tropine
IK_CYHWMBVXXDIZNZ-KRWDZBQOSA-N,One carbon pool by folate,0.9956592932932534,Remimazolam
IK_CYIDZMCFTVVTJO-UHFFFAOYSA-N,Tyrosine metabolism,0.5321440065709834,PYROMELLITIC ACID
IK_CYIQBIVJURIZDH-FEBNUDBRSA-N,Steroid hormone biosynthesis,0.8991509337485291,Fructose-6-phosphate lactate
IK_CYUZOYPRAQASLN-UHFFFAOYSA-N,Glycerophospholipid metabolism,0.12339617140961531,2-Carboxyethyl acrylate
IK_CYYZDBDROVLTJU-UHFFFAOYSA-N,Tyrosine metabolism,0.6795816328956876,4-Butylphenol
IK_CYZWCBZIBJLKCV-RMKNXTFCSA-N,Glycerophospholipid metabolism,0.13241520393464706,Cropropamide
IK_CZAMIXFITRFMDC-HTAQTPCSSA-N,Glycerophospholipid metabolism,0.43534990359344133,"PE-NMe(22:6(4Z,7Z,10Z,13Z,16Z,19Z)/20:1(11Z))"
IK_CZBPKFICAYVHHM-UHFFFAOYSA-N,Glycerophospholipid metabolism,0.18686395345678736,ortho-hydroxyatorvastatin
IK_CZGFLAQOJPXVRV-GITAKMRZSA-N,Steroid hormone biosynthesis,0.7642811626210415,Estriol-17-glucuronide
IK_CZIIGGQJILPHEU-HCHVXQBBSA-N,Primary bile acid biosynthesis,0.999617303844064,Piriprost
IK_CZKBLHCEDVWPRN-UHFFFAOYSA-N,Tryptophan metabolism,0.48653640184506675,1-Methyl-3-(2-oxopropylidene)indol-2-one
IK_CZKPOZZJODAYPZ-LROMGURASA-N,Glycerophospholipid metabolism,0.13303991926454234,Eptifibatide
IK_CZKWVFPVOOTCDG-UHFFFAOYSA-N,Arginine and proline metabolism,0.9530053567551777,"2,2-Dimethyl-5-hydroxy-1-pyrrolidinyloxy"
IK_CZNJCCVKDVCRKF-UHFFFAOYSA-N,Fatty acid degradation,0.9813895752399724,Benzyl sulfate
IK_CZTQZXZIADLWOZ-UHFFFAOYSA-O,Primary bile acid biosynthesis,0.9984764952945379,Floridin
IK_CZZZOTXCAIDYOZ-UHFFFAOYSA-N,Tryptophan metabolism,0.6387524614516649,Koenigine
IK_DAELTTGCCPRYTP-ZLQZEYEISA-N,Glycerophospholipid metabolism,0.9102632111009963,Lusitanicoside
IK_DAFOCGYVTAOKAJ-UHFFFAOYSA-N,Glycerophospholipid metabolism,0.21065826969179466,4-Amino-3-phenylbutanoic acid
IK_DAIDBSCCEAIZEG-XOPUQBBPSA-N,Glycerophospholipid metabolism,0.44302017775982583,PE O-20:1_18:2
IK_DAUHTFNYHSOVRQ-ZETCQYMHSA-N,Glycerophospholipid metabolism,0.08301389657938399,L-.beta.-Homoglutamine
IK_DAYKLWSKQJBGCS-NRFANRHFSA-N,Linoleic acid metabolism,0.49930555782585734,Aleglitazar
IK_DBDTUXMDTSTPQZ-UHFFFAOYSA-N,Glycerophospholipid metabolism,0.993025389112931,Fenquizone
IK_DBFYXFUOCIHCAH-YHTHSIKYSA-N,Glycerophospholipid metabolism,0.43581507103058825,"PS(18:3(9Z,12Z,15Z)/18:0)"
IK_DBHKHNGBVGWQJE-USWSLJGRSA-N,Glycerophospholipid metabolism,0.4810054817175262,PE(18:2/0:0)
IK_DBHPURNMQZJCPT-HRLVBISOSA-N,Glycerophospholipid metabolism,0.47261851730191845,"PE(20:4(5Z,8Z,11Z,14Z)/6 keto-PGF1alpha)"
IK_DBTMIHPJDPGOCQ-HIFRSBDPSA-N,Sphingolipid metabolism,0.46776006702118106,Enokipodin D
IK_DCICDMMXFIELDF-UHFFFAOYSA-N,Glycerophospholipid metabolism,0.5248530073068177,N-Isobutyrylglycine
IK_DCMKMHVTKFJMAU-HWKANZROSA-N,Sphingolipid metabolism,0.4833720876511943,Isoferulic acid 3-sulfate
IK_DCXJOVUZENRYSH-UHFFFAOYSA-N,Arginine and proline metabolism,0.5872111983213113,Doxyl
IK_DCXMBZPFKOPATQ-UHFFFAOYSA-N,Tyrosine metabolism,0.7036728300253455,Hydroxymethoxyphenylcarboxylic acid-O-sulphate
IK_DCZDUZNVOVFUCD-HTXNQAPBSA-M,Sphingolipid metabolism,0.507668190873297,16-feruloyloxypalmitate
IK_DDBREPKUVSBGFI-UHFFFAOYSA-N,Glycerophospholipid metabolism,0.2483049589329181,Phenobarbital
IK_DDCYKEYDTGCKAS-SKSHMZPZSA-N,Biosynthesis of unsaturated fatty acids,0.5176961088111832,10-HDoHE
IK_DDELKTCDPMLGSF-QPSCCSFWSA-N,Histidine metabolism,0.9987979160413079,Histidinohydroxylysinonorleucine
IK_DDRJAANPRJIHGJ-UHFFFAOYSA-N,Biosynthesis of unsaturated fatty acids,0.31235158168865296,Creatinine
IK_DEAFEFSHUVGNFC-UHFFFAOYSA-N,Glycerophospholipid metabolism,0.3331027185260066,(2S)-6-Amino-2-(hexanoylamino)hexanoic Acid
IK_DEEUSUJLZQQESV-BQUSTMGCSA-N,Porphyrin metabolism,0.9929406276674676,Stercobilin
IK_DEFJQIDDEAULHB-IMJSIDKUSA-N,"Alanine, aspartate and glutamate metabolism",0.5029360241300391,Ala-Ala
IK_DEKASDKLVVYODQ-UKHRKFAVSA-N,Glycerophospholipid metabolism,0.9875862952039165,3-keto Fusidic acid
IK_DEKNNWJXAQTLFA-UHFFFAOYSA-N,Tyrosine metabolism,0.49037857402616075,Dopamine 4-sulfate
IK_DFFOSEJNFZUOSK-UHFFFAOYSA-N,Glycerophospholipid metabolism,0.12249451115182106,2-(2-(4-Phenoxy-2-propylphenoxy)ethyl)indole-5-acetic acid
IK_DFMCTODOEICLEB-UHFFFAOYSA-N,Fatty acid degradation,0.9860047730587369,6-Hydroxy-4-methoxy-3-(3-methyl-2-butenyl)-2-(2-phenylethenyl)benzoic acid
IK_DFMLULIEUUXXSA-UHFFFAOYSA-N,Biosynthesis of unsaturated fatty acids,0.4922111810730489,Pentylone
IK_DFNZHOWEYYDHLO-XMMPIXPASA-N,Linoleic acid metabolism,0.4185705309355393,PA(10:0/i-13:0)
IK_DFNZYFAJQPLJFI-UHFFFAOYSA-N,Pantothenate and CoA biosynthesis,0.993735579547941,Gentianine
IK_DFSPELNJAJEWOM-UHFFFAOYSA-N,Tryptophan metabolism,0.9795723566395309,5-hydroxyindole thiazolidine carboxylate
IK_DFVFTMTWCUHJBL-BQBZGAKWSA-N,"Valine, leucine and isoleucine biosynthesis",0.9901537286079494,Statine
IK_DFYHDDCNKMPXMX-UHFFFAOYSA-M,Glycerophospholipid metabolism,0.18686395345678736,6-isobutyl-4-hydroxy-2-pyrone
IK_DGAUETYRWFLGRT-OPSAWKISSA-N,Glycerophospholipid metabolism,0.46890156478346984,LysoPE(0:0/20:1(11Z))
IK_DGMPVYSXXIOGJY-UHFFFAOYSA-N,Tryptophan metabolism,0.1809012516648319,Fusaric Acid
IK_DGXRZJSPDXZJFG-UHFFFAOYSA-N,Biosynthesis of unsaturated fatty acids,0.1881365616131723,Docosanedioic acid
IK_DHHREGPDDQTYPB-UNRGBGOYSA-N,Glycerophospholipid metabolism,0.45076784400051595,PE P-38:4 or PE O-38:5
IK_DHNSTMIMQCKEPC-UHFFFAOYSA-N,Fatty acid biosynthesis,0.3416425601034478,"3,4-Methyleneazelaic acid"
IK_DHSUYTOATWAVLW-WFVMDLQDSA-N,Glycerophospholipid metabolism,0.13241520393464706,Cilastatin
IK_DHUAGGSHTKPOHU-UHFFFAOYSA-N,Glycerophospholipid metabolism,0.735730845503751,"3,4-Dihydro-9-hydroxy-[1]benzothieno[2,3-f]-1,4-thiazepin-5(2H)-one"
IK_DHWUVPPRBIJJKS-VUEDXXQZSA-N,Glycerophospholipid metabolism,0.9964265121698281,Sesartemin
IK_DIFYHTVBKJHYKE-OUNRCAHPSA-N,Biosynthesis of unsaturated fatty acids,0.9307081053371831,Gonal
IK_DIGMYZZFQSIQBD-PNLKURBTSA-N,Glycerophospholipid metabolism,0.42670124572418894,TG 49:3
IK_DIRFUJHNVNOBMY-UHFFFAOYSA-N,Sphingolipid metabolism,0.3056811548405799,Fenobucarb
IK_DIVLBIVDYADZPL-UHFFFAOYSA-N,Pantothenate and CoA biosynthesis,0.5052826474739063,Carboxyibuprofen
IK_DIWVBIXQCNRCFE-UHFFFAOYSA-N,Arginine biosynthesis,0.9841493645549697,Methoxyphenylacetic acid
IK_DJXRIQMCROIRCZ-XOEOCAAJSA-N,Glycerophospholipid metabolism,0.18686395345678736,VIBEGRON
IK_DJZCTUVALDDONK-HQMSUKCRSA-N,Glycerophospholipid metabolism,0.9692776776062043,Concanamycin a
IK_DKEXFJVMVGETOO-LURJTMIESA-N,"Valine, leucine and isoleucine biosynthesis",0.44771269816389264,Glycyl-leucine
IK_DKEXFJVMVGETOO-UHFFFAOYSA-N,"Valine, leucine and isoleucine biosynthesis",0.4439105402403083,Glycylleucine
IK_DKHSNOLJPXJJMD-GQDNDFQBSA-N,Glycerophospholipid metabolism,0.9963503438146766,Quercetin 3-O-xylosyl-glucuronide
IK_DKLGLHQHLFISGJ-YLBFUXKPSA-N,Glycerophospholipid metabolism,0.1825458263200488,Ataprost
IK_DKNWSYNQZKUICI-UHFFFAOYSA-N,Purine metabolism,0.6982912522315874,Amantadine
IK_DKQLZKCYTLXNBN-UHFFFAOYSA-N,Arginine and proline metabolism,0.973528865963853,5-Nonyltetrahydro-2-oxo-3-furancarboxylic acid
IK_DKXXSIJHWWVNMO-RJVKTHQKSA-N,Primary bile acid biosynthesis,0.7026644639303484,Glycochenodeoxycholate-3-sulfate
IK_DKZBBWMURDFHNE-NSCUHMNNSA-N,Tyrosine metabolism,0.8375969726889652,Coniferylaldehyde
IK_DLCUCFRSAVONGT-AEQSUFNNSA-N,Glycerophospholipid metabolism,0.4276585742679619,"DG(20:5(5Z,8Z,11Z,14Z,17Z)/14:0/0:0)"
IK_DLDJFQGPPSQZKI-UHFFFAOYSA-N,"Glycine, serine and threonine metabolism",0.44561648546101984,"2-Butyne-1,4-diol"
IK_DLJKPYFALUEJCK-IIELGFQLSA-N,Glycerophospholipid metabolism,0.5047620371857926,Carboprost
IK_DLRVVLDZNNYCBX-CQUJWQHSSA-N,Galactose metabolism,0.48138588844848007,?-Gentiobiose
IK_DMAOYRIREVHKFQ-UHFFFAOYSA-N,Glycerophospholipid metabolism,0.6219365808700633,Gossypetin 8-glucoside 3-sulfate
IK_DMBHHRLKUKUOEG-UHFFFAOYSA-N,Histidine metabolism,0.31986407816018625,Diphenylamine
IK_DMNOQQUULVKPTE-UHFFFAOYSA-N,Glycerophospholipid metabolism,0.9972342319464776,"3,5-dihydroxy-4-(sulfooxy)benzoic acid"
IK_DMQQXDPCRUGSQB-UHFFFAOYSA-N,Glycerophospholipid metabolism,0.5479750549304854,Trimethylenediaminetetraacetic acid
IK_DNGCQXLPUZWYNB-UHFFFAOYSA-N,Cysteine and methionine metabolism,0.9861372024586152,Trisjuglone
IK_DNKGWNLXBRCUCF-NLOSNHEGSA-N,Glycerophospholipid metabolism,0.4057100355838626,"2,3-dinor-6-oxoprostaglandin F1alpha"
IK_DNKQGUYVWUAYIE-QISQUURKSA-N,Lysine degradation,0.9988910232983148,Idoxanthin
IK_DNSSEQBYSHSUGR-UHFFFAOYSA-N,Linoleic acid metabolism,0.3365171258916682,5-Oxo-2(5H)-isoxazolepropanenitrile
IK_DOFAQXCYFQKSHT-SRVKXCTJSA-N,Glycerophospholipid metabolism,0.9565677140739874,t4-OH-Proline
IK_DOIRQSBPFJWKBE-UHFFFAOYSA-N,Glycerophospholipid metabolism,0.9427934403523324,Dibutyl Phthalate
IK_DOVMKWVMZQLOPP-CRYQCFGISA-N,Glycerophospholipid metabolism,0.4451184180793306,"PE(22:0/20:3(8Z,11Z,14Z)-2OH(5,6))"
IK_DPBWFNDFMCCGGJ-UHFFFAOYSA-N,"Valine, leucine and isoleucine biosynthesis",0.6583143507972696,4-Piperidinecarboxamide
IK_DPOINJQWXDTOSF-UHFFFAOYSA-N,Primary bile acid biosynthesis,0.511489732339795,"13,14-dihydro-15(R)-Prostaglandin E1"
IK_DPRVTGUHOBXEIW-UHFFFAOYSA-N,Glycerophospholipid metabolism,0.9901015388192562,Lucidenic acid M
IK_DPSCUTCAFODJSS-UIITUPLWSA-N,Glycerophospholipid metabolism,0.18686395345678736,Propafenone glucuronide
IK_DPUOLQHDNGRHBS-MDZDMXLPSA-N,Biosynthesis of unsaturated fatty acids,0.2798105516373109,Brassidic acid
IK_DPZVDLFOAZNCBU-UHFFFAOYSA-N,Glycerophospholipid metabolism,0.3291250156489695,Tetrahydrofurfuryl butyrate
IK_DQBQWWSFRPLIAX-UHFFFAOYSA-N,Histidine metabolism,0.8646157755661117,"5-Acetyl-3,4-dihydro-2H-pyrrole"
IK_DQDAYGNAKTZFIW-UHFFFAOYSA-N,Ether lipid metabolism,1.0,Phenprocoumon
IK_DQJWAJBJWZYKLK-UHFFFAOYSA-N,Linoleic acid metabolism,0.3884423442758893,2-Methoxyhydroquinone sulfate
IK_DQKSVFVIWBOSPM-UHFFFAOYSA-N,Tyrosine metabolism,0.15162107453416598,[2-Amino-2-(hydroxymethyl)-5-(4-octylphenyl)pentyl] dihydrogen phosphate
IK_DQMZLTXERSFNPB-UHFFFAOYSA-N,Caffeine metabolism,0.25,Primidone
IK_DQNLLSNNESIVOE-UHFFFAOYSA-N,Fatty acid biosynthesis,0.4928157574626166,2-Chlorooctadecanoic acid
IK_DQQBTKPFMLVCPZ-SHGZRWORSA-N,Glycerophospholipid metabolism,0.4248264296133176,"DG(18:4(6Z,9Z,12Z,15Z)/15:0/0:0)"
IK_DQUHYEDEGRNAFO-QMMMGPOBSA-N,Lysine degradation,0.3411573495352031,N.alpha.-(tert-Butoxycarbonyl)-L-aspartamide
IK_DQXQIWIQYYEGLG-MMWLGPPDSA-N,Glycerophospholipid metabolism,0.42670124572418894,TG 52:3;2O|TG 16:0_18:1_18:2;2O
IK_DREONSBNBZFXLW-UHFFFAOYSA-N,"Valine, leucine and isoleucine biosynthesis",0.8745858837525397,Beta-Hydroxy-gamma-trimethylaminobutyric acid
IK_DREVJBVJBRSSDL-UHFFFAOYSA-N,Glycerophospholipid metabolism,0.15261711325525623,Tazolol
IK_DRHKJLXJIQTDTD-OAHLLOKOSA-N,Ascorbate and aldarate metabolism,0.4720908168737709,Tamsulosin
IK_DRNGLYHKYPNTEA-UHFFFAOYSA-N,Glycerophospholipid metabolism,0.13241520393464706,Trans-4-Aminocyclohexanecarboxylic acid
IK_DSDNAKHZNJAGHN-MXTYGGKSSA-N,Retinol metabolism,0.20151812723371548,Resiniferatoxin
IK_DSLZVSRJTYRBFB-DUHBMQHGSA-N,Ascorbate and aldarate metabolism,0.2925409738795013,D-Galactaric acid
IK_DSPWIGNSRMCMGP-UHFFFAOYSA-N,Glycerophospholipid metabolism,0.48160743916963045,"(S)-2,3-Dihydro-6-hydroxy-5-(hydroxyacetyl)-2-isopropenylbenzofuran"
IK_DTERQYGMUDWYAZ-ZETCQYMHSA-N,Arginine biosynthesis,0.22600235635509658,N-epsilon-Acetyllysine
IK_DTOSIQBPPRVQHS-IUQGRGSQSA-N,Biosynthesis of unsaturated fatty acids,0.3448353000872638,Linolenelaidic acid
IK_DTQVDTLACAAQTR-UHFFFAOYSA-N,Pantothenate and CoA biosynthesis,0.9955783063591578,Trifluoroacetic acid
IK_DTSWLLBBGHRXQH-UHFFFAOYSA-N,D-Amino acid metabolism,0.49957440877285,pyroGlu-Val
IK_DTTVUTICRKIUMH-NPUXTLKISA-N,Glycerophospholipid metabolism,0.4347303819415736,"PA(20:5(5Z,8Z,11Z,14Z,17Z)/22:1(13Z))"
IK_DUAGQYUORDTXOR-GPQRQXLASA-N,Starch and sucrose metabolism,0.4904292500924016,Gentiopicroside
IK_DUIFVCFSAWHIOD-AATRIKPKSA-N,Tryptophan metabolism,0.46871354826947864,Indolylacryloylglycine
IK_DUVAQXIRJZDZGR-HXMIUARJSA-N,Glycerophospholipid metabolism,0.746342792202904,"DG(a-13:0/0:0/20:4(5E,8Z,12Z,14Z)-OH(11R))"
IK_DUZODDYGMSCYMJ-UHFFFAOYSA-N,Lysine degradation,0.30583400468246785,N(6)-(Octanoyl)lysine
IK_DVBUFRRUKPQWBU-UHFFFAOYSA-N,Steroid hormone biosynthesis,0.4968828869410394,"5-Butyl-1,4-dioxan-2-one"
IK_DVXZVCNEGRKLMW-RPGUUIFVSA-N,Vitamin B6 metabolism,0.4329469961780355,Gymnodimine
IK_DWHIUNMOTRUVPG-UHFFFAOYSA-N,Glycerophospholipid metabolism,0.40953553580861624,Heptaethylene glycol monododecyl ether
IK_DWHJJLTXBKSHJG-HWKANZROSA-N,Glycerophospholipid metabolism,0.1854292864635625,Hydroxyethyl methacrylic acid
IK_DWHSGRLKLUGKOU-UHFFFAOYSA-N,Steroid hormone biosynthesis,0.21527000835384863,"1,2-Dehydrosalsolinol"
IK_DWMJDYZSFOSGLA-WDZFZDKYSA-N,Retinol metabolism,0.20151812723371548,Germacrenone
IK_DWRXFEITVBNRMK-JAGXHNFQSA-N,Pyrimidine metabolism,0.30635630558743515,Spongothymidine
IK_DWTTZBARDOXEAM-GXTWGEPZSA-N,Glycerophospholipid metabolism,0.8080430923670184,Zeranol
IK_DWYRIWUZIJHQKQ-SANMLTNESA-N,Primary bile acid biosynthesis,0.6316839054352205,Avapritinib
IK_DWZGLEPNCRFCEP-UHFFFAOYSA-N,Glycerophospholipid metabolism,0.9937904342291424,4-Ethylphenylsulfate
IK_DXHYQIJBUNRPJT-UHFFFAOYSA-N,Tyrosine metabolism,0.15162107453416598,Parsalmide
IK_DXIHLEIENMRHAA-UHFFFAOYSA-N,Primary bile acid biosynthesis,0.7936927559347192,"1,2,5-Trihydroxypyrrole-3-sulfonic acid"
IK_DYDZWJOECBIVHD-UHFFFAOYSA-N,Arginine and proline metabolism,0.2773387626670894,N-(3-Methyl-2-pyridyl)-3-phenylsuccinimide
IK_DYENWMUXSKPFLC-DFLWBBLWSA-N,Sphingolipid metabolism,0.9923491031225408,2-Deoxy-28-homocastasterone
IK_DYENWMUXSKPFLC-UHFFFAOYSA-N,Sphingolipid metabolism,0.9963204641956594,"(3beta,22R,23R,24S)-3,22,23-Trihydroxystigmastan-6-one"
IK_DYLPGCSNPAWWBL-QARITTFUSA-N,Glycerophospholipid metabolism,0.6482410933955466,"DG(18:1(12Z)-O(9S,10R)/0:0/a-15:0)"
IK_DYNISIGUMYFVJW-BKXYZSJASA-N,Glycerophospholipid metabolism,0.31615429894156005,"(1R,4aR)-6-hydroxy-1,4a-dimethyl-7-propan-2-yl-2,3,4,4b,5,6,10,10a-octahydrophenanthrene-1-carboxylic acid"
IK_DYNKRGCMLGUEMN-YFKPBYRVSA-N,Steroid hormone biosynthesis,0.4968828869410394,Parasorbic acid
IK_DYQXERDJEYZBKH-KVQBGUIXSA-N,Pyrimidine metabolism,0.9522511044534375,"7,8-Dihydro-2'-deoxyguanosine"
IK_DYSDOYRQWBDGQQ-XLPZGREQSA-N,Purine metabolism,0.6030842970601793,N6-Methyl-2'-deoxyadenosine
IK_DYUGTPXLDJQBRB-UHFFFAOYSA-N,Biosynthesis of unsaturated fatty acids,0.3529396834206146,Myristoylglycine
IK_DZAIOXUZHHTJKN-UHFFFAOYSA-N,Citrate cycle (TCA cycle),0.39184688988292715,2-deoxytetronic acid
IK_DZAUWHJDUNRCTF-UHFFFAOYSA-N,Tyrosine metabolism,0.7840369686535914,"3,4-Dihydroxyhydrocinnamic acid"
IK_DZHSPYMHDVROSM-UHFFFAOYSA-N,Fatty acid biosynthesis,0.33711893370118623,3-Oxododecanoic acid
IK_DZMVCVHATYROOS-ZBFGKEHZSA-N,Purine metabolism,0.4959430881990291,Soblidotin
IK_DZRWKHUQGYJQQB-TXINJWPOSA-N,Linoleic acid metabolism,0.6259660346023285,N-Docosahexaenoyl Tyrosine
IK_DZTHIGRZJZPRDV-GFCCVEGCSA-N,Tryptophan metabolism,0.41747245771350633,N-Acetyl-D-tryptophan
IK_DZTHIGRZJZPRDV-LBPRGKRZSA-N,Tryptophan metabolism,0.41813016642905565,N-acetyl-tryptophan
IK_DZTHIGRZJZPRDV-UHFFFAOYSA-N,Tryptophan metabolism,0.41747245771350633,N-Acetyl-DL-tryptophan
IK_DZTWAOVNNLDWNH-XYXZLXRDSA-N,Steroid hormone biosynthesis,0.9421857079200056,Heliangin
IK_DZUXGQBLFALXCR-CDIPTNKSSA-N,Linoleic acid metabolism,0.4072617281158125,Prostaglandin F1a
IK_FAASBXNEOGMQHS-BYPYZUCNSA-N,"Valine, leucine and isoleucine biosynthesis",0.24223873153867342,(S)-5-Amino-3-oxohexanoate
IK_FAKRSMQSSFJEIM-RQJHMYQMSA-N,Glycerophospholipid metabolism,0.10344827586206898,Captopril
IK_FAXDZWQIWUSWJH-UHFFFAOYSA-N,Arginine and proline metabolism,0.49050288859702385,3-Methoxypropylamine
IK_FAYYTQMQTAKHRM-QDVPYJSNSA-N,Primary bile acid biosynthesis,0.853090372730927,Varanic acid
IK_FAYYTQMQTAKHRM-UHFFFAOYSA-N,Primary bile acid biosynthesis,0.8526337859445001,TetraHCA
IK_FBJYDOQUXQMQSS-TXUJEBAWSA-N,Steroid hormone biosynthesis,0.41763421123273914,Asparagoside B
IK_FBPFZTCFMRRESA-KVTDHHQDSA-N,Pentose phosphate pathway,0.30122074112828573,Mannitol
IK_FBTYOQIYBULKEH-ZFWWWQNUSA-N,Tryptophan metabolism,0.2839477652907157,Histidyltryptophan
IK_FBUBVLUPUDBFME-UHFFFAOYSA-N,Linoleic acid metabolism,0.4464307739572798,Xanthoxylin
IK_FBUKVWPVBMHYJY-UHFFFAOYSA-N,Biosynthesis of unsaturated fatty acids,0.2808943980454824,Nonanoic acid
IK_FCCFXOHVERVHQR-KDXRDGMUSA-N,Linoleic acid metabolism,0.9972151295530083,Corchorifatty acid A
IK_FCCZDEAAQZWMGI-NWBJSICCSA-N,Sphingolipid metabolism,0.4443636675616682,Cer 18:1;2O_22:0;(2OH)
IK_FCDLCPWAQCPTKC-UHFFFAOYSA-N,Glycerophospholipid metabolism,0.18686395345678736,Rhein
IK_FCEJNLVNFSUDTK-AATRIKPKSA-N,Linoleic acid metabolism,0.909225903844321,"3b,6a-Dihydroxy-alpha-ionol 9-[apiosyl-(1->6)-glucoside]"
IK_FCHYNXGUKIEWGL-BPVVGZHASA-N,Glycerophospholipid metabolism,0.5842457752190303,15-HETE-G
IK_FCLOZPWDDCBDAQ-BELBSWHZSA-N,Glycerophospholipid metabolism,0.6147867101907092,DG(i-18:0/PGJ2/0:0)
IK_FCVJYKICQNLXAX-XPTLAUCJSA-N,Glycerophospholipid metabolism,0.43202626733472255,(2S)-OMPT
IK_FCXZBWSIAGGPCB-YFKPBYRVSA-N,Lysine degradation,0.1864300058940903,O-Acetyl-L-homoserine
IK_FDCOHGHEADZEGF-QPLCGJKRSA-N,Glycerophospholipid metabolism,0.42335441151378733,TG 50:1
IK_FDLBWFQZCBIUPV-UHFFFAOYSA-N,Primary bile acid biosynthesis,0.8201128046269285,Chenodeoxycholylthreonine
IK_FDMKIGKOMRSCAW-NEPJUHHUSA-N,Retinol metabolism,0.20151812723371548,5-hydroxycalamenene
IK_FDRCXEWKDMDDQD-UHFFFAOYSA-N,Purine metabolism,0.9963488738086689,2-hydroxyacetophenone sulfate
IK_FDWRIIDFYSUTDP-WGDKFINWSA-N,Pentose phosphate pathway,0.9977232073965714,D-Digitoxose
IK_FEFCOLGURZACFM-UHFFFAOYSA-N,Tyrosine metabolism,0.4787626163455665,(2S)-2-Amino-3-[4-[(2S)-2-amino-3-phenylpropanoyl]oxyphenyl]propanoic acid
IK_FEKLSEFRUGWUOS-DLOIZKPKSA-N,Glycerophospholipid metabolism,0.42335441151378733,TG 48:1
IK_FERBTPHUEYEGDN-UHFFFAOYSA-N,Sphingolipid metabolism,0.9867390709457128,4-(undecan-5-yl)benzene-1-Sulfonic Acid
IK_FERDPPIQANTDTF-VHDCWOTASA-N,Glycerophospholipid metabolism,0.4456031629302458,"DG(14:1(9Z)/20:5(5Z,8Z,11Z,14Z,17Z)/0:0)"
IK_FERWCFYKULABCE-UHFFFAOYSA-N,Sphingolipid metabolism,0.9802257740904259,Amotosalen
IK_FEZNRZLARONEKO-VHGXFIKMSA-N,Glycerophospholipid metabolism,0.5268988776735849,"DG(i-18:0/18:1(12Z)-O(9S,10R)/0:0)"
IK_FFDNVMGPKVVVOG-JCTPYMPQSA-N,Glycerophospholipid metabolism,0.18686395345678736,Fuegin
IK_FFEARJCKVFRZRR-SCSAIBSYSA-N,Arginine biosynthesis,0.17060116881274567,D-Methionine
IK_FFVIWPKOCWPZMF-UHFFFAOYSA-N,Sphingolipid metabolism,0.27834722139211926,3-methylheptanedioylcarnitine
IK_FFXKPSNQCPNORO-MBYQGORISA-N,Biosynthesis of unsaturated fatty acids,0.4815656211971644,"19,20-DiHDPA"
IK_FGIJQXGDQVNWKH-UHFFFAOYSA-N,Arachidonic acid metabolism,0.8692124598434875,Palmoxiric acid
IK_FGMAOXGOTRUOKJ-UHFFFAOYSA-N,Glycerophospholipid metabolism,0.11336753433412887,"2-Cyclohexen-1-one, 3-(15-hydroxypentadecyl)-2,4,4-trimethyl-"
IK_FGYKUFVNYVMTAM-WAZJVIJMSA-N,Glycerophospholipid metabolism,0.3318255484172032,Beta-tocotrienol
IK_FHFZEKYDSVTYLL-UHFFFAOYSA-N,Linoleic acid metabolism,0.49488702338749424,Metomidate
IK_FHQVHHIBKUMWTI-ZCXUNETKSA-N,Glycerophospholipid metabolism,0.4537847775682244,PE 16:0_18:1
IK_FHSUFDYFOHSYHI-UHFFFAOYSA-N,"Alanine, aspartate and glutamate metabolism",0.5128999289827532,3-Oxopentanoic acid
IK_FHXBAFXQVZOILS-OETIFKLTSA-N,Primary bile acid biosynthesis,0.39937686671309114,Sulfolithocholylglycine
IK_FICLVQOYKYBXFN-UHFFFAOYSA-N,Tryptophan metabolism,0.40736296751918205,(+/-)-6-Chlorotryptophan
IK_FIHAYSQZVJSSFG-JJGVKMCQSA-N,Glycerophospholipid metabolism,0.4407210528897918,"PE-NMe2(15:0/20:4(8Z,11Z,14Z,17Z))"
IK_FIJFPUAJUDAZEY-MNDXXDKYSA-N,Glycerophospholipid metabolism,0.4269125858419984,"PE(P-18:0/22:6(4Z,7Z,10Z,13Z,16Z,19Z))"
IK_FIMSWIYKMHXCEM-CDSYOESZSA-N,Biosynthesis of unsaturated fatty acids,0.32992880249067325,"2-Hexadec-7-enylicosa-8,11-dienedioic acid"
IK_FIXDIFPJOFIIEC-RITPCOANSA-N,Glycerophospholipid metabolism,0.11179672621308441,(3R)-3-Hydroxy-N-[(3S)-2-oxooxolan-3-yl]butanamide
IK_FIZFZQIBGCHOJY-UHFFFAOYSA-N,Sphingolipid metabolism,0.6411102152368149,Santalyl phenylacetate
IK_FJFKQAOJHHCXEK-UHFFFAOYSA-N,Glycerophospholipid metabolism,0.9763630911324555,4-Methoxyphenylethanol sulfate
IK_FJIGLGLZNXQEDE-GDVGLLTNSA-N,Arginine biosynthesis,0.24253413772953333,Epsilon-(Carboxymethyl)lysine
IK_FJKKCRCBBAXLQZ-UHFFFAOYSA-N,Glutathione metabolism,0.7557227821761784,PGP(i-24:0/PGD2)
IK_FKENQMMABCRJMK-RITPCOANSA-N,Linoleic acid metabolism,0.9719916142408546,Sulbactam
IK_FKLSJDGSSFEPLD-AATRIKPKSA-N,"Valine, leucine and isoleucine biosynthesis",0.3587262950823161,Butenoylcarnitine
IK_FKSLBYVOWOXWMB-YTBCMDLOSA-N,Glycerophospholipid metabolism,0.39715396234264544,1-Linoleoyl-sn-Glycero-3-Phosphocholine
IK_FKTCHXAVPYGOSM-CUAXAMRHSA-N,Primary bile acid biosynthesis,0.9844727746249293,11'-Carboxy-alpha-chromanol
IK_FKUYMLZIRPABFK-IQSNHBBHSA-N,Retinol metabolism,0.20151812723371548,Plastoquinone
IK_FKWQEFWENKGUGF-VFUOTHLCSA-N,Amino sugar and nucleotide sugar metabolism,0.47790213045958146,Beta-D-Glucopyranosylurea
IK_FKXCBKCOSVIGCT-AVGNSLFASA-N,Glycerophospholipid metabolism,0.4725413980777534,Gln Lys Leu
IK_FLCQLSRLQIPNLM-UHFFFAOYSA-N,Sphingolipid metabolism,0.5439037631064709,"2,5-Dioxopyrrolidin-1-yl 2-(acetylthio)acetate"
IK_FLKPEMZONWLCSK-UHFFFAOYSA-N,Tyrosine metabolism,0.152039399334396,Diethyl Phthalate
IK_FLKRMXAWABTWSH-UHFFFAOYSA-N,Lysine degradation,0.25368881122106407,Piperidines
IK_FLSLEGPOVLMJMN-YSSFQJQWSA-N,Glycerophospholipid metabolism,0.13303991926454234,Quinaprilat
IK_FMCBSYMIXJRNHE-QXNXUSMZSA-N,Glycerophospholipid metabolism,0.43601711839257207,"PE-NMe(20:3(8Z,11Z,14Z)/22:5(7Z,10Z,13Z,16Z,19Z))"
IK_FMINYZXVCTYSNY-UHFFFAOYSA-N,Linoleic acid metabolism,0.47642840735267916,Methyldymron
IK_FMOWGHRAYUFXIG-UHFFFAOYSA-N,Tyrosine metabolism,0.9862207674477735,Zymonic acid
IK_FMXVFWDIAZJILA-UHFFFAOYSA-N,Arginine and proline metabolism,0.9844265300757203,2-Carboxy-4-dodecanolide
IK_FMYKJLXRRQTBOR-BZSNNMDCSA-N,Glycerophospholipid metabolism,0.13303991926454234,N-Acetyl-leucyl-leucyl-norleucinal
IK_FNPHNLNTJNMAEE-UHFFFAOYSA-N,Linoleic acid metabolism,0.3821328076952844,acylcarnitine 18:0
IK_FNRBOAGVUNHDIL-LMZUXBMISA-N,Glycerophospholipid metabolism,0.1923994976815629,Soyasapogenol E
IK_FOBVMYJQWZOGGJ-XYRJXBATSA-N,Glycerophospholipid metabolism,0.6452097106475125,"17-phenyl-18,19,20-trinor-prostaglandin E2"
IK_FOCVUCIESVLUNU-UHFFFAOYSA-N,Glycerophospholipid metabolism,0.985892049252716,Thiotepa
IK_FONIWJIDLJEJTL-UHFFFAOYSA-N,Arginine and proline metabolism,0.794406075068157,N8-Acetylspermidine
IK_FOULCGVQZYQEQM-DNXGLLHMSA-N,Linoleic acid metabolism,0.46039321491252444,SM(d16:1/24:1)
IK_FPGSEBKFEJEOSA-UMMCILCDSA-N,Purine metabolism,0.4226393795088141,8-Oxoguanosine
IK_FPPVBAMKHUAIOP-OYQCQVHHSA-N,Primary bile acid biosynthesis,0.4317875740531452,4'-Hydroxyfenoprofen glucuronide
IK_FPTSLKCBYZXNAK-UZYVYHOESA-N,Glycerophospholipid metabolism,0.4925204857463886,LNAPE 18:1/N-20:0
IK_FPUXKXIZEIDQKW-VKMVSBOZSA-N,Retinol metabolism,0.20151812723371548,Ginkgolide A
IK_FPUYBGZEWPJSDX-MRXNPFEDSA-N,Linoleic acid metabolism,0.3829189032110979,Undecanoylcarnitine
IK_FQJISUPNMFRIFZ-HXUWFJFHSA-N,Pantothenate and CoA biosynthesis,0.9792539751481324,Ronacaleret
IK_FQKKPLXFGDCBJT-UHFFFAOYSA-N,Arginine and proline metabolism,0.7147920521800433,N-(5-acetamidopentyl)acetamide
IK_FQPGMQABJNQLLF-VKHMYHEASA-N,Arginine biosynthesis,0.19117886250018556,L-Canaline
IK_FQTLNSKVFLETSS-QBCIWLIXSA-N,Glycerophospholipid metabolism,0.9933803789475033,Gibberellin A43
IK_FQYQMFCIJNWDQZ-CYDGBPFRSA-N,Glycerophospholipid metabolism,0.9994839146956023,Isoleucyl-prolyl-proline
IK_FRFIAHPOPAPQGJ-VLOXYBQLSA-N,Glycerophospholipid metabolism,0.46715394504113805,"CL(i-12:0/i-24:0/i-24:0/18:2(9Z,11Z))"
IK_FRQOZJPRMBMFKX-DKWTVANSSA-N,"Glycine, serine and threonine metabolism",0.42396255622414575,Cysteine-S-sulfate3
IK_FSBLXTAIINGBJY-YBEGLDIGSA-N,Glycerophospholipid metabolism,0.1923994976815629,Involucrin
IK_FSEUPUDHEBLWJY-HWKANZROSA-N,Lysine degradation,0.9475573117233659,"2,3-Butanedione monoxime"
IK_FSQQTNAZHBEJLS-UPHRSURJSA-N,Arginine biosynthesis,0.997696797524234,Maleamic acid
IK_FSWXOANXOQPCFF-UHFFFAOYSA-N,Arginine and proline metabolism,0.21521778812980924,4'-Aminopropiophenone
IK_FTBLAVKNEFKBKK-CUGCVFGBSA-N,Sphingolipid metabolism,0.6173684350089759,HexCer 42:2;3O
IK_FTTDBZNMICPROO-UHFFFAOYSA-N,Vitamin B6 metabolism,0.4317914431601987,Dmap-ethyl-paf
IK_FUGYGGDSWSUORM-UHFFFAOYSA-N,Phenylalanine metabolism,0.9402731045427232,4-Hydroxystyrene
IK_FUJLYHJROOYKRA-QGZVFWFLSA-N,Linoleic acid metabolism,0.38213520099652365,Lauroylcarnitine
IK_FUJLYHJROOYKRA-UHFFFAOYSA-N,Linoleic acid metabolism,0.38182552864863584,carnitine 12:0
IK_FUOOLUPWFVMBKG-UHFFFAOYSA-N,"Glycine, serine and threonine metabolism",0.4497523721986967,2-Aminoisobutyric acid
IK_FUSGACRLAFQQRL-UHFFFAOYSA-N,Glycerophospholipid metabolism,0.4082397003745319,1-Ethyl-1-nitrosourea
IK_FUWUEFKEXZQKKA-UHFFFAOYSA-N,Tryptophan metabolism,0.49070482689466616,Beta-Thujaplicin
IK_FUYLLJCBCKRIAL-UHFFFAOYSA-N,Glycerophospholipid metabolism,0.24417175114732179,4-Methylumbelliferone sulfate
IK_FVEFRICMTUKAML-UHFFFAOYSA-M,Glycerophospholipid metabolism,0.3174593498959417,Sodium Tetradecyl Sulfate
IK_FVKFHMNJTHKMRX-UHFFFAOYSA-N,Glycerophospholipid metabolism,0.2483049589329181,MJDBISSN00000003
IK_FVMDYYGIDFPZAX-UHFFFAOYSA-N,Tyrosine metabolism,0.6926840841885816,3-Hydroxyphenylacetic Acid
IK_FVSDTYGQCVACMH-UFEDUZHUSA-N,"Phenylalanine, tyrosine and tryptophan biosynthesis",0.26328246661153215,Methionine Sulfoxide - Isomer
IK_FVTVMQPGKVHSEY-UHFFFAOYSA-N,Arginine and proline metabolism,0.9223574461053027,1-AMINOCYCLOBUTANE CARBOXYLIC ACID
IK_FVWJYYTZTCVBKE-ROUWMTJPSA-N,Amino sugar and nucleotide sugar metabolism,0.9666275001537917,Betulin
IK_FWAYDNJCBHNWQD-JBWLPIRVSA-N,Galactose metabolism,0.6179719314445773,Sarmentosin
IK_FWNZEKQVBDXWKA-ZCWREFTMSA-N,Ascorbate and aldarate metabolism,0.40033068153020324,Campesterol glucoside
IK_FWQWYTQHEPIGFR-XFENYREESA-N,Glycerophospholipid metabolism,0.15340336339178565,Glucose lactate pyruvate
IK_FWWQKRXKHIRPJY-UHFFFAOYSA-N,Arginine and proline metabolism,0.36261366695916003,Stearaldehyde
IK_FXYSHYMHTAACSV-FTHMGGAWSA-N,Retinol metabolism,0.20151812723371548,Azukisaponin III
IK_FYIKIBQJAJRKQM-WNCNYDOCSA-N,Glycerophospholipid metabolism,0.1923994976815629,Linalool (8-hydroxydihydro-)
IK_FYPMFJGVHOHGLL-UHFFFAOYSA-N,Tyrosine metabolism,0.15162107453416598,Probucol
IK_FYSRHTXDKAIONW-DRTAPUJOSA-N,Linoleic acid metabolism,0.29028324441930514,"(5Z,8Z,13E,15S)-11,12,15-Trihydroxyicosa-5,8,13-trienoylcarnitine"
IK_FYVQCLGZFXHEGL-UHFFFAOYSA-N,Fatty acid biosynthesis,0.25268960105870486,3-Hydroxydodecanedioic acid
IK_FYYIUODUDSPAJQ-XVBQNVSMSA-N,Glycerophospholipid metabolism,0.1983608471831104,"2-Propenoic acid, 2-methyl-, 7-oxabicyclo[4.1.0]hept-3-ylmethyl ester"
IK_FYYSIASRLDJUNP-WHFBIAKZSA-N,Arginine biosynthesis,0.22584581043902077,Glutamylaspartic acid
IK_FZAYDNUFXQMOCM-SSTSLOEUSA-N,Glycerophospholipid metabolism,0.44117525854563217,PA(18:2/15:0)
IK_FZERHIULMFGESH-UHFFFAOYSA-N,Linoleic acid metabolism,0.9915727499792977,N-Acetylarylamine
IK_FZWGECJQACGGTI-UHFFFAOYSA-N,Caffeine metabolism,0.9790279490447088,7-Methylguanine
IK_GACTWZZMVMUKNG-SLPGGIOYSA-N,Fructose and mannose metabolism,0.380712843631312,trans-Cinnamate
IK_GAGWJHPBXLXJQN-UORFTKCHSA-N,One carbon pool by folate,0.6007678723781382,Capecitabine
IK_GAGYTXTVUMXAOC-RRKCRQDMSA-N,Pyrimidine metabolism,0.9501162244809632,5-Carboxy-2'-deoxyuridine
IK_GAQNUGISBQJMKO-UHFFFAOYSA-N,Arginine biosynthesis,0.3690417822354048,Beta-Citryl-L-glutamic acid
IK_GAWUJFVQGSLSSZ-SZRCHTAPSA-N,Glycerophospholipid metabolism,0.13241520393464706,5-hydroxy saxagliptin
IK_GBDRMPRTNVKBAD-BYPYZUCNSA-N,Arginine biosynthesis,0.49021881291588115,"(S)-Methyl 2,5-diamino-5-oxopentanoate"
IK_GBJKHDVRXAVITG-UNPOXIGHSA-N,Glycerophospholipid metabolism,0.1923994976815629,Alisol B
IK_GBNPCIWXLWZJGA-IGBSIYCFSA-N,Linoleic acid metabolism,0.4404275261592029,PC ae C38:4
IK_GBOGMAARMMDZGR-TYHYBEHESA-N,Glycerophospholipid metabolism,0.9974027665466482,Cytochalasin B
IK_GBXSMTUPTTWBMN-XIRDDKMYSA-N,Linoleic acid metabolism,0.9988995388719683,Enalapril
IK_GCGTXOVNNFGTPQ-JHOUSYSJSA-N,Sphingolipid metabolism,0.55890687489575,Cer d34:0
IK_GCSLDHTZSDNYEC-CPNJWEJPSA-N,Biosynthesis of unsaturated fatty acids,0.9577163493937777,Fluvoxamino acid
IK_GDFAOVXKHJXLEI-VKHMYHEASA-N,Pyruvate metabolism,0.32355824580719206,N-methylalanine
IK_GDNGOAUIUTXUES-RWDHRDFGSA-N,Primary bile acid biosynthesis,0.4179615455473462,"(3a,5b,7a)-23-Carboxy-7-hydroxy-24-norcholan-3-yl-b-D-Glucopyranosiduronic acid"
IK_GDXFUCUOFXIMJG-METRJLLLSA-N,Linoleic acid metabolism,0.5027898738196344,SM 36:4;3O
IK_GEAXLHPORCRESC-UHFFFAOYSA-N,Tyrosine metabolism,0.15162107453416598,4-Chlorophenyl
IK_GECBBEABIDMGGL-RTBURBONSA-N,Glycerophospholipid metabolism,0.5,Nabilone
IK_GECFTYLLVUKXOY-UHFFFAOYSA-N,Glycerophospholipid metabolism,0.1923994976815629,"Menthone 1,3-glyceryl ketal"
IK_GENAHGKEFJLNJB-QMTHXVAHSA-N,Glycerophospholipid metabolism,0.993025389112931,LYSERGAMIDE
IK_GEPIUXLNBAZTAN-IAHWHINTSA-N,Linoleic acid metabolism,0.48834551105480684,SM(d16:1/TXB2)
IK_GEWUBFCXNZWHKH-HSZRJFAPSA-N,Glycerophospholipid metabolism,0.6181394973547041,1-Nonadecanoyl-glycero-3-phosphoethanolamine
IK_GFCQEPZCMASXHO-SGIBUEGPSA-N,Glycerophospholipid metabolism,0.6488738592229581,"Cer(t18:0/20:3(6,8,11)-OH(5))"
IK_GFRUPHOKLBPHTQ-UHFFFAOYSA-N,Steroid hormone biosynthesis,0.7219577408096833,Oxyphenonium
IK_GFYLSDSUCHVORB-IOSLPCCCSA-N,Purine metabolism,0.6193276454630224,1-Methyladenosine
IK_GFZHNFOGCMEYTA-UHFFFAOYSA-N,Glycerophospholipid metabolism,0.2483049589329181,Gabazine
IK_GGAXPLCKKANQED-UHFFFAOYSA-N,Phenylalanine metabolism,0.3612611739485761,Menthone lactone
IK_GGJFWMOVUFBSIN-AIRLBKTGSA-O,Purine metabolism,0.37873781777360327,Se-Adenosylselenomethionine
IK_GGNQRNBDZQJCCN-UHFFFAOYSA-N,Tyrosine metabolism,0.9961346983561831,"benzene-1,2,4-triol"
IK_GGPJLVOSJQOJSN-UHFFFAOYSA-N,Tyrosine metabolism,0.35769474495121895,p-Cresol sulfate3
IK_GGUOCFNAWIODMF-UHFFFAOYSA-N,Linoleic acid metabolism,0.95728012755289,4-Chloroacetanilide
IK_GHBFNMLVSPCDGN-UHFFFAOYSA-N,Glycerophospholipid metabolism,0.4634615616985501,"2,3-Dihydroxypropyl octanoate"
IK_GHBNZZJYBXQAHG-KUVSNLSMSA-N,Steroid hormone biosynthesis,0.4259492064340608,Mogroside V
IK_GHCZAUBVMUEKKP-WTFVBUONSA-N,Primary bile acid biosynthesis,0.7807867670703315,Glycoursodeoxycholic acid
IK_GHHURQMJLARIDK-UHFFFAOYSA-N,Glycerophospholipid metabolism,0.4554455457991437,2-Hydroxypropyl octanoate
IK_GHNXVMPBTBKJRP-CLFAGFIQSA-N,Glycerophospholipid metabolism,0.4521786389825669,PE O-18:1_18:1
IK_GHOKWGTUZJEAQD-UHFFFAOYSA-N,Pantothenate and CoA biosynthesis,0.9963778475785844,"3-[[(2S)-2,4-Dihydroxy-3,3-dimethylbutanoyl]amino]propanoic acid"
IK_GHUJOXJDUAROKJ-UHFFFAOYSA-N,Arginine and proline metabolism,0.3965243332754848,"4-Methyl-1,4-dihydropyridine-3,5-dicarbaldehyde"
IK_GIISRQIHTLIGDA-UHFFFAOYSA-N,Fatty acid biosynthesis,0.4387989543643905,monoarachidin
IK_GINJFDRNADDBIN-FXQIFTODSA-N,Glycerophospholipid metabolism,0.13303991926454234,Bialaphos
IK_GIRXTOSJOKKBHO-BQTUIHPCSA-N,Retinol metabolism,0.7429768841640882,Food orange 7
IK_GIUIHRRGPBPUAO-UHFFFAOYSA-N,Tryptophan metabolism,0.9921613713175852,Fenuron or kynuramine
IK_GIUNBNKDUHWVHI-LJQANCHMSA-N,Glycerophospholipid metabolism,0.5046848476081519,LysoPE(0:0/15:0)
IK_GIVDFJVWLQFBFP-WMPRHZDHSA-N,Linoleic acid metabolism,0.40129207601835826,LPC 44:5
IK_GIXWDMTZECRIJT-UHFFFAOYSA-N,Tyrosine metabolism,0.9510071487510645,Aurintricarboxylic acid
IK_GIYMZAJHBZLOGR-UHFFFAOYSA-N,Glycerophospholipid metabolism,0.981747896570986,4-Hydroxy-5-(4'-hydroxyphenyl)-valeric acid-4'-O-sulphate
IK_GJGMABPPERWSNB-CDMLTSFUSA-N,Glycerophospholipid metabolism,0.4413573066606919,"PE-NMe2(20:5(5Z,8Z,11Z,14Z,17Z)/18:2(9Z,12Z))"
IK_GJRJTYFSORWKBE-UHFFFAOYSA-N,Arginine and proline metabolism,0.28444303037103547,Aspidinol
IK_GJSURZIOUXUGAL-UHFFFAOYSA-N,Pantothenate and CoA biosynthesis,0.951707166336857,Clonidine Metabolite VI
IK_GJUABKCEXOMRPQ-UHFFFAOYSA-N,Porphyrin metabolism,0.946290986879483,C.I. Solvent Red 80
IK_GJWSUKYXUMVMGX-UHFFFAOYSA-N,Linoleic acid metabolism,0.9734101818726741,Citronellic acid
IK_GJZJZRWFRZFTEE-ONEGZZNKSA-N,Galactose metabolism,0.9423886688375555,6-Epi-7-isocucurbic acid glucoside
IK_GKCNNWJPOJGTLV-UKTHLTGXSA-N,Ubiquinone and other terpenoid-quinone biosynthesis,0.9988802088487484,"2-Polyprenyl-3-methyl-6-methoxy-1,4-benzoquinone"
IK_GKGOLPMYJJXRGD-UHFFFAOYSA-N,Linoleic acid metabolism,0.4737247143944967,"2-Methyl-4-propyl-1,3-oxathiane"
IK_GKIRPKYJQBWNGO-OCEACIFDSA-N,Fatty acid degradation,0.9598351533316438,TG 46:4 Isomer B
IK_GKKWUSPPIQURFM-IGDGGSTLSA-N,Glycerophospholipid metabolism,0.9996891551060174,Prostaglandin E2 ethanolamide
IK_GKUMMDFLKGFCKH-URYVQPGZSA-N,Glycerophospholipid metabolism,0.15261711325525623,Glucoerucin
IK_GKZIWHRNKRBEOH-HOTGVXAUSA-N,Tyrosine metabolism,0.247312404895639,Phe-Phe
IK_GKZIWHRNKRBEOH-UHFFFAOYSA-N,Tyrosine metabolism,0.24662616111423918,Phenylalanylphenylalanine
IK_GLACGTLACKLUJX-QNAXTHAFSA-N,Glycerophospholipid metabolism,0.1588551001237869,Agnuside
IK_GLLFNZDVMSLOCL-UHFFFAOYSA-N,Tyrosine metabolism,0.152039399334396,SCD1 Inhibitor
IK_GLNDAGDHSLMOKX-UHFFFAOYSA-N,Glycerophospholipid metabolism,0.985892049252716,7-Amino-4-methylcoumarin
IK_GLUJNGJDHCTUJY-UHFFFAOYSA-N,"Valine, leucine and isoleucine biosynthesis",0.6012585173518952,3-Amino-4-methylpentanoic acid
IK_GLVWZDCWCRWVFM-RZGYGYJVSA-N,Primary bile acid biosynthesis,0.6885558845000114,Taurochenodeoxycholate-3-sulfate
IK_GLWKVDXAQHCAIO-REYDXQAISA-N,Porphyrin metabolism,0.9964039306147925,3Z)-Phycoerythrobilin
IK_GLWPLQBQHWYKRK-CYBMUJFWSA-N,Glycerophospholipid metabolism,0.5,Toddalolactone
IK_GLXUWZBUPATPBR-MLWJPKLSSA-N,Lysine degradation,0.25409197923741333,"N-Succinyl-L,L-2,6-diaminopimelate"
IK_GLYPHOJMMLQNJQ-GYPHWSFCSA-N,Primary bile acid biosynthesis,0.7473639230336755,"N-[(3a,5b,7a)-3-hydroxy-24-oxo-7-(sulfooxy)cholan-24-yl]-Glycine"
IK_GMBQZIIUCVWOCD-WWASVFFGSA-N,Steroid hormone biosynthesis,0.9694665360309752,tryptamine (3-(2-aminoethyl)indole)
IK_GMKMEZVLHJARHF-UHFFFAOYSA-N,Arginine biosynthesis,0.18867917777876234,"2,6-Diaminopimelic acid"
IK_GMQUMWVEWMCMOQ-UHFFFAOYSA-N,Lysine degradation,0.3290896755215718,"2,4-Dihydroxy-2,5-dimethyl-3(2H)-furanone"
IK_GMSNIKWWOQHZGF-UHFFFAOYSA-N,Caffeine metabolism,0.5552965195560942,3-Methylxanthine
IK_GMXQUOKWLVCFEG-UHFFFAOYSA-N,Arginine and proline metabolism,0.713039590011361,N-[2-[2-(2-Aminoethylamino)ethylamino]ethyl]acetamide
IK_GMXSGLCDVHHWIB-UHFFFAOYSA-N,Glycerophospholipid metabolism,0.9545025546833351,(+/-)-3-Mercapto-1-butyl acetate
IK_GMZVRMREEHBGGF-UHFFFAOYSA-N,Glycerophospholipid metabolism,0.13241520393464706,PIRACETAM
IK_GNQHFHGLDGEOOU-ZIJFCRNMSA-N,Steroid hormone biosynthesis,0.9998889653327333,Desoxycortisone acetate
IK_GNWBLLYJQXKPIP-ZOGIJGBBSA-N,Glycerophospholipid metabolism,0.10855281787703706,"17-N,N-Diethylcarbamoyl-4-methyl-4-azaandrostane-3-one"
IK_GNWHRHGTIBRNSM-UHFFFAOYSA-N,Glycerophospholipid metabolism,0.9481490582042663,2-((6-Amino-9H-purin-9-yl)methyl)-5-methyl-3-o-tolylquinazolin-4(3H)-one
IK_GOBIDZCUVCOUAI-UHFFFAOYSA-N,Primary bile acid biosynthesis,0.9072108548086044,Cholylhistidine
IK_GOUHYARYYWKXHS-UHFFFAOYSA-N,Ubiquinone and other terpenoid-quinone biosynthesis,0.5096676632005345,Benzaldehyde-4-carboxylic acid
IK_GOVYBPLHWIEHEJ-UHFFFAOYSA-N,Tryptophan metabolism,0.641109496502041,Tubastatin A
IK_GOWRYACIDZSIHI-KBPBESRZSA-N,Pantothenate and CoA biosynthesis,0.8944754705296198,Sedamine
IK_GOZCEKPKECLKNO-RKQHYHRCSA-N,Starch and sucrose metabolism,0.48383016087506614,Picein
IK_GPSDUZXPYCFOSQ-UHFFFAOYSA-N,Tryptophan metabolism,0.9964333375052394,3-methylbenzoic acid 01
IK_GQAJNGUAQKYPCH-XVNBXDOJSA-N,"Alanine, aspartate and glutamate metabolism",0.6105026167586344,Zearalenone 4-sulfate
IK_GQIJYUMTOUBHSH-IJIVKGSJSA-N,Glycerophospholipid metabolism,0.1673629917859093,"(E,E)-Trichostachine"
IK_GQJQCKUJCHMTNF-UHFFFAOYSA-N,Galactose metabolism,0.5187627243703433,Prenyl glucoside
IK_GQMMRLBWXCGBEV-UHFFFAOYSA-N,Drug metabolism - cytochrome P450,0.5235001998025683,3-Nitrobenzaldoxime
IK_GQPDNUJLVOFHSX-UHFFFAOYSA-N,Glycerophospholipid metabolism,0.33107470545585566,8-Isoquinoline methanamine (hydrochloride)
IK_GRERMCGRRAMWSD-GRZGAGJTSA-N,Ascorbate and aldarate metabolism,0.5068903042813647,Vanillic acid 4-O-glucuronide
IK_GRGDLDNREYVILP-CNWVQWJYSA-N,Glycerophospholipid metabolism,0.42482834592480523,DG 38:5
IK_GRJFTUSJGMRSSJ-KICRZJJPSA-N,Retinol metabolism,0.20151812723371548,Abscisic alcohol
IK_GRQPGTWGEQWMMM-IUXPMGMMSA-N,Linoleic acid metabolism,0.3912182158529675,(E)-2-hydroxydoxepin
IK_GRSMWKLPSNHDHA-UHFFFAOYSA-N,Porphyrin metabolism,0.8093461582073807,Phytochemical
IK_GRXIELRCPYIEQI-UHFFFAOYSA-M,Glycerophospholipid metabolism,0.18686395345678736,"2-(3,4-Dihydroxybenzoyloxy)-4,6-dihydroxybenzoate"
IK_GSBJTPGARMFLIJ-YYBQYWACSA-N,Glycerophospholipid metabolism,0.78546857601039,DG(PGE2/0:0/a-17:0)
IK_GSDSWSVVBLHKDQ-JTQLQIEISA-N,Galactose metabolism,0.9115100314161251,Levofloxacin
IK_GSEJCLTVZPLZKY-UHFFFAOYSA-N,Arginine and proline metabolism,0.4562590036231201,Triethanolamine
IK_GSEOJHIBPQRSNH-XZOQPEGZSA-N,Linoleic acid metabolism,0.4784626514421831,LysoSM(d18:0)
IK_GSLDEZOOOSBFGP-UHFFFAOYSA-N,One carbon pool by folate,0.8626544366816014,Alpha-Methylene-Gamma-Butyrolactone
IK_GTDWNYZZRCJYOX-HBZIWDQGSA-N,Glycerophospholipid metabolism,0.42670124572418894,TG 10:0_18:2_18:2
IK_GTEPPJFJSNSNIH-UHFFFAOYSA-N,Tyrosine metabolism,0.15162107453416598,BIDISOMIDE
IK_GTFLTTXDLGEBAI-UHFFFAOYSA-N,Linoleic acid metabolism,0.4678624519435616,PC O-18:0_16:0
IK_GTPATKZCXDKGQS-UHFFFAOYSA-N,Glycerophospholipid metabolism,0.6863042299689399,DHAP(18:0)
IK_GTZCVFVGUGFEME-HNQUOIGGSA-N,Citrate cycle (TCA cycle),0.6939938410561293,Trans-Aconitic Acid
IK_GUAHPAJOXVYFON-UHFFFAOYSA-N,Fatty acid biosynthesis,0.21350308231265663,8-Amino-7-oxononanoic acid
IK_GUAHPAJOXVYFON-ZETCQYMHSA-N,Fatty acid biosynthesis,0.21302889354115748,KAPA
IK_GUARTUJKFNAVIK-QPTWMBCESA-N,Glycolysis or Gluconeogenesis,0.8340404572160708,Tulathromycin A
IK_GUGSXATYPSGVAY-GCXXXECGSA-N,Steroid hormone biosynthesis,0.7919542325330535,"5-Androstene-3alpha-16beta,17beta-triol"
IK_GUJNNQFVFGFZPK-UHFFFAOYSA-N,Linoleic acid metabolism,0.9086443827120009,Hydroxymatairesinol glucuronide 1
IK_GUKOKXKMWGOHJJ-NSHDSACASA-N,Primary bile acid biosynthesis,0.9745621927939006,Phenyl-Leucine
IK_GUZRMGFLLJQHCW-UHFFFAOYSA-N,Glycerophospholipid metabolism,0.13303991926454234,Hydroxyprolyl-Asparagine
IK_GVEZIHKRYBHEFX-NQQPLRFYSA-N,Linoleic acid metabolism,0.4901146667841287,Cerulenin
IK_GVJHHUAWPYXKBD-IEOSBIPESA-N,"Valine, leucine and isoleucine biosynthesis",0.16825665676343352,alpha tocophereol
IK_GVQAYSKPEXYNSE-PEHNEXDUSA-N,Glycerophospholipid metabolism,0.38181078487574605,"PE(20:3(5Z,8Z,11Z)/20:4(5E,8Z,12Z,14Z)-OH(11R))"
IK_GVQOVMKBYJKZSY-UHFFFAOYSA-N,Glycerophospholipid metabolism,0.7324255717162514,8-Desoxygartanin
IK_GVRKWABULJAONN-VQVTYTSYSA-N,"Valine, leucine and isoleucine biosynthesis",0.6513869377976366,Val-Thr
IK_GVUVRRPYYDHHGK-UHFFFAOYSA-N,Arginine and proline metabolism,0.497797886467516,Prolyl-Threonine
IK_GVZYULOAWBVSSF-LKECMMOOSA-N,Linoleic acid metabolism,0.45261657160902286,"PC(18:1(12Z)-2OH(9,10)/P-16:0)"
IK_GWENQMVPLJAMAE-UHFFFAOYSA-N,D-Amino acid metabolism,0.29551877098044166,2-Keto-6-aminocaproate
IK_GWLHCTMTLJQQKG-UHFFFAOYSA-N,Glycerophospholipid metabolism,0.9780518564208148,Poloxalene
IK_GXAMYUGOODKVRM-UHFFFAOYSA-N,Fatty acid biosynthesis,0.48784741841026835,Flurenol
IK_GXBZQGMJJGJFFX-XDVLZLKUSA-N,Glycerophospholipid metabolism,0.330466625770415,MONOSACCHARIDES
IK_GXEIJYZRCDTJTE-DOFZRALJSA-N,Linoleic acid metabolism,0.40129207601835826,LPC 22:4
IK_GXOMMGAFBINOJY-SLINCCQESA-M,Glycerophospholipid metabolism,0.12845557294183652,Dicloxacillin sodium
IK_GXPIUNZCALHVBA-UHFFFAOYSA-N,Glycerophospholipid metabolism,0.14270409498332343,Acetyl-sulfamethoxazole
IK_GXQHCJRGIJYVTF-TWHMOVIGSA-N,Glycerophospholipid metabolism,0.44177984498325973,"PS(20:0/20:3(8Z,11Z,14Z)-2OH(5,6))"
IK_GXRODSBSDBCXSO-YJMJMZFLSA-N,Glycerophospholipid metabolism,0.42670124572418894,TG 10:0_12:0_18:2
IK_GYDJEQRTZSCIOI-UHFFFAOYSA-N,Glycerophospholipid metabolism,0.13241520393464706,Tranexamic Acid
IK_GYNWSIBKBBWJJW-ZQMNIGHUSA-N,Ascorbate and aldarate metabolism,0.4171388610100112,17-Hydroxyandrostane-3-glucuronide
IK_GYPQKMKDLBCBMB-XTVBGRGASA-N,Glycerophospholipid metabolism,0.3983164557059687,"PC(17:2(9Z,12Z)/0:0)"
IK_GYQQQCVFOLKXGH-LDSFXQROSA-N,Glycerophospholipid metabolism,0.9964023590727505,Chrysoeriol 7-apiosyl-glucoside
IK_GYSZYWSJZCKCBD-LXGUAGHKSA-N,Glycerophospholipid metabolism,0.1792996233076101,Dehydroxypaxilline
IK_GZGHIJOEOOMFMM-UHFFFAOYSA-N,Linoleic acid metabolism,0.4611707036868042,LPC O-20:0
IK_HAPOVYFOVVWLRS-UHFFFAOYSA-N,Tyrosine metabolism,0.9660377358490566,Ethosuximide
IK_HASACTZYOHWROP-UHFFFAOYSA-N,Glycerophospholipid metabolism,0.6874651262987286,"10-Hydroxy-2-oxabicyclo[6.2.2]dodeca-1(10),8,11-trien-3-one"
IK_HASVPNDDKSXPGU-HYSOADAZSA-O,Galactose metabolism,0.6708793794414937,Pelargonidin 3-sophoroside
IK_HAVMVUFJSIMVDG-UHFFFAOYSA-N,Glycerophospholipid metabolism,0.9925122375053821,Lucidenic acid J
IK_HBGGXOJOCNVPFY-UHFFFAOYSA-N,Tyrosine metabolism,0.152039399334396,Diisononyl phthalate
IK_HBNPJJILLOYFJU-VMPREFPWSA-N,Glycerophospholipid metabolism,0.1792996233076101,Mibefradil
IK_HBPXEBWVNAJRCA-LYRXPCDISA-N,Glycerophospholipid metabolism,0.4400359509526104,PI(16:1(9Z)/16:1(9Z))
IK_HBZNVZIRJWODIB-BCTRXSSUSA-N,Glycerophospholipid metabolism,0.45798723767893557,1-Palmitoyl-2-Linoleoyl PE
IK_HCAJEUSONLESMK-UHFFFAOYSA-N,Tyrosine metabolism,0.9969039954208536,Cyclamate
IK_HCENGXRZXKAJLN-VOTSOKGWSA-N,Glycerophospholipid metabolism,0.9904406347653719,Nalpha-Cinnamoylhistamine
IK_HCFRWBBJISAZNK-UHFFFAOYSA-N,Glycerophospholipid metabolism,0.13348645042057944,4-Hydroxycyclohexylcarboxylic acid
IK_HCHGFYPZNIAAGT-MOZMCZEASA-N,Glycerophospholipid metabolism,0.9994095090071314,Donhexocin
IK_HCHPJRWDAXBWHL-DDCHMOMFSA-N,Glycerophospholipid metabolism,0.429448122538933,Cer(d17:1/LTE4)
IK_HCJXCECWFHKWJZ-PVXQIPPMSA-N,Glycerophospholipid metabolism,0.44383487465672694,PS(15:0/22:0)
IK_HCOOTBJPHHNRCV-AQTSNUJDSA-N,Steroid hormone biosynthesis,0.9974107152556232,3beta-hydroxy-4beta-methyl-5alpha-cholest-7-ene-4alpha-carbaldehyde
IK_HCPQJTXDTFGBNJ-WWCBJTKISA-N,Linoleic acid metabolism,0.43426220806050475,PC O-44:7
IK_HCRKCZRJWPKOAR-JTQLQIEISA-N,Glycerophospholipid metabolism,0.18686395345678736,Brinzolamide
IK_HCZHHEIFKROPDY-UHFFFAOYSA-N,Cysteine and methionine metabolism,0.48840212108438597,Kynurenic Acid
IK_HDAGCVMZABLHLE-UHFFFAOYSA-N,Glycerophospholipid metabolism,0.4980935548993558,Momordol
IK_HDFGOPSGAURCEO-UHFFFAOYSA-N,Primary bile acid biosynthesis,0.9644096551830633,N-ethylmaleimide
IK_HDOVUKNUBWVHOX-QMMMGPOBSA-N,Steroid hormone biosynthesis,0.9450579709157809,Valaciclovir
IK_HEBKCHPVOIAQTA-NGQZWQHPSA-N,Pentose and glucuronate interconversions,0.28522640758023604,ribitol
IK_HEGSGKPQLMEBJL-RKQHYHRCSA-N,Galactose metabolism,0.3815667358752073,B-Octylglucoside
IK_HEMJJKBWTPKOJG-UHFFFAOYSA-N,Glycerophospholipid metabolism,0.4912923286619953,Gemfibrozil
IK_HEUQYIQQCNOXOG-UHFFFAOYSA-N,Biosynthesis of unsaturated fatty acids,0.350429649181081,N-Undecanoylglycine
IK_HFTWTHSIMCSLFQ-CMLLUXCUSA-N,Retinol metabolism,0.20151812723371548,Glabric acid
IK_HFXAFXVXPMUQCQ-BYPYZUCNSA-N,D-Amino acid metabolism,0.49518627498660883,4-Oxo-L-proline
IK_HGDJXBPLHZFXGO-LBXGSASVSA-N,Glycerophospholipid metabolism,0.4468353524644745,Phosphatidylethanolamine 16:1-18:1
IK_HGJUPYQMZUBYSJ-UHFFFAOYSA-N,Starch and sucrose metabolism,0.8931765142217555,Metipranolol or Nadolol
IK_HGLVTNLCPFWLTF-UHFFFAOYSA-N,Glycerophospholipid metabolism,0.5582725928450891,Cer 16:0;2O_23:0
IK_HGXBRUKMWQGOIE-NSMLZSOPSA-N,Tyrosine metabolism,0.9847718678625982,(-)-Pinoresinol
IK_HHDMMUWDSFASNB-JZYAIQKZSA-N,Tryptophan metabolism,0.33687122158850363,4-O-(Indole-3-acetyl)-D-glucopyranose
IK_HHJTWTPUPVQKNA-JIAPQYILSA-N,Sphingolipid metabolism,0.9959243422950788,nadh
IK_HHMMIZFWFLNZEU-UHFFFAOYSA-N,Sphingolipid metabolism,0.8172719110493405,Desacetylmetipranolol
IK_HHTOWVWIVBSOKC-UHFFFAOYSA-N,Biosynthesis of unsaturated fatty acids,0.983086810925222,"Cis,trans-5'-Hydroxythalidomide"
IK_HHXMOTDTSDYYEI-UHFFFAOYSA-N,Fatty acid biosynthesis,0.2006209794262838,4-Oxododecanedioic acid
IK_HIAJCGFYHIANNA-QIZZZRFXSA-N,Primary bile acid biosynthesis,0.39269350602022374,3b ?<U+00C3><U+00B3>?<U+00C3><U+00B3>?<U+00C3><U+2021><U+00C3><U+0153>?<U+00C2><U+00BC>?<U+00C3><U+00B3>?<U+00C3><U+00A9><U+00C2><U+00BC>?<U+00C3><U+00B4>Hydroxy-5-cholenoic acid
IK_HIMXGTXNXJYFGB-UHFFFAOYSA-N,Ascorbate and aldarate metabolism,0.417200224905745,Alloxan
IK_HJIKODJJEORHMZ-NNPZUXBVSA-N,Glycerophospholipid metabolism,0.6370187080018438,28-Homobrassinolide
IK_HJJPJSXJAXAIPN-UHFFFAOYSA-N,Histidine metabolism,1.0,Arecoline
IK_HJJVPARKXDDIQD-UHFFFAOYSA-N,Glycerophospholipid metabolism,0.12569090125178908,Bromuconazole
IK_HJKVPZJVBHWFCQ-BDXSIMOUSA-N,Steroid hormone biosynthesis,0.8526042246756668,17-Deoxyestradiol
IK_HJOVHMDZYOCNQW-UHFFFAOYSA-N,Glycerophospholipid metabolism,0.15261711325525623,Isophorone
IK_HJSJELVDQOXCHO-JGVFFNPUSA-N,Histidine metabolism,0.984433379556333,Heliotridine
IK_HJXMNVQARNZTEE-UHFFFAOYSA-N,Ether lipid metabolism,0.47744930786561696,(S)-3-Butyl-1(3H)-isobenzofuranone
IK_HJZMWAMKWAKZAR-NJSWGWQKSA-N,Glycerophospholipid metabolism,0.42409003766747133,"PA(22:6(4Z,7Z,10Z,13Z,16Z,19Z)/20:5(5Z,8Z,11Z,14Z,17Z))"
IK_HKJOYARIOKGODS-UHFFFAOYSA-N,Arginine and proline metabolism,0.9989026846611492,6-Amino-N-[6-keto-6-(6-ketohexylamino)hexyl]hexanamide
IK_HKPROAQUMPEHJM-GJLVVWLQSA-N,Linoleic acid metabolism,0.4903255293871315,SM 43:2;2O
IK_HKVFKEJBSWJQMU-UHFFFAOYSA-N,Steroid hormone biosynthesis,0.48239748819168166,Xi-3-Methyl-3-cyclohexen-1-ol
IK_HLIJNIKSBCIDGO-QKLMXXKVSA-N,Sphingolipid metabolism,0.6264138523820219,C16:0 lactosylceramide
IK_HLPZZZJXJPXFIM-VHEBQXMUSA-N,Glycerophospholipid metabolism,0.4841219629690968,1-O-Isopentyl-3-O-octadec-2-enoyl glycerol
IK_HLQYTKUIIJTNHH-JTAGEXAMSA-N,Steroid hormone biosynthesis,0.6796440554697549,16-alpha-Hydroxyandrosterone
IK_HLVIBBYTXSJPBE-VXKURYGYSA-N,Glycerophospholipid metabolism,0.6124325201292038,DG(TXB2/0:0/19:0)
IK_HMFKFHLTUCJZJO-HHVQYONYSA-N,Glycerophospholipid metabolism,0.1854292864635625,Polysorbate 80
IK_HMKKIXGYKWDQSV-UHFFFAOYSA-N,"Alanine, aspartate and glutamate metabolism",0.32159025773392885,alpha-Amylcinnamaldehyde
IK_HMNKTRSOROOSPP-UHFFFAOYSA-N,Glycerophospholipid metabolism,0.9275181039566905,3-Ethylphenol
IK_HMVMFGNKDHVMJV-UHFFFAOYSA-N,Glycerophospholipid metabolism,0.35787593133697326,"2-Naphthalenepropanol, 6-hydroxy-a-methyl-"
IK_HMXRXOXNFHVCIP-KEKNWZKVSA-N,Glycerophospholipid metabolism,0.6356293504610712,DG(8:0/a-13:0/0:0)
IK_HNDVDQJCIGZPNO-RXMQYKEDSA-N,Histidine metabolism,0.4104224051159755,D-Histidine
IK_HNEGQIOMVPPMNR-NSCUHMNNSA-N,Arginine and proline metabolism,0.9526216966579004,Mesaconic Acid
IK_HNGIZKAMDMBRKJ-LBPRGKRZSA-N,Tryptophan metabolism,0.42429830942038205,ACETYLTRYPTOPHANAMIDE
IK_HNICUWMFWZBIFP-BSZOFBHHSA-N,Biosynthesis of unsaturated fatty acids,0.2538747129352537,13-HODE
IK_HNJBEVLQSNELDL-UHFFFAOYSA-N,Arginine and proline metabolism,0.7551650630869386,butyrolactam
IK_HNOSJVWYGXOFRP-UNPOXIGHSA-N,Retinol metabolism,0.20151812723371548,Alisol A
IK_HOMAGVUCNZNWBC-UHFFFAOYSA-N,Ascorbate and aldarate metabolism,0.6194971317453625,2-Propenyl 3-methylbutanoate
IK_HOOOPXDSCKBLFG-MRVPVSSYSA-N,Tyrosine metabolism,0.4306028120473282,(S)-4-Hydroxymandelonitrile
IK_HOSGXJWQVBHGLT-UHFFFAOYSA-N,Tryptophan metabolism,0.9122441415314305,"6-Hydroxy-3,4-dihydro-2(1H)-quinolinone"
IK_HOSWPDPVFBCLSY-VKHMYHEASA-N,Lysine degradation,0.19003609764754206,L-Aspartate-semialdehyde
IK_HOUYEUYYRCGVGJ-WDTHWMLCSA-N,Glycerophospholipid metabolism,0.4438653478597638,PS 18:0_22:3
IK_HOVAGTYPODGVJG-VOQCIKJUSA-N,Galactose metabolism,0.4314684066507863,methyl-beta-D-galactopyranoside
IK_HPEUJPJOZXNMSJ-UHFFFAOYSA-N,Fatty acid biosynthesis,0.29550182766785715,norepinephrine (noradrenaline)
IK_HPFXACZRFJDURI-KTKRTIGZSA-N,Biosynthesis of unsaturated fatty acids,0.3363412080117201,Oleoyl glycine
IK_HPHUVLMMVZITSG-LURJTMIESA-N,Glycerophospholipid metabolism,0.0797545872973679,Levetiracetam
IK_HPHUVLMMVZITSG-UHFFFAOYSA-N,Glycerophospholipid metabolism,0.497628080759348,Etiracetam
IK_HPHXOIULGYVAKW-IOSLPCCCSA-N,Purine metabolism,0.6585331472093986,2'-O-Methylinosine
IK_HPMRFMKYPGXPEP-UHFFFAOYSA-N,Glycerophospholipid metabolism,0.3326840668583077,Idazoxan
IK_HPWLZTZUPVOGKR-VAWYXSNFSA-N,Linoleic acid metabolism,0.36393229213033673,(4E)-3-Hydroxydodec-4-enoylcarnitine
IK_HPYDSVWYXXKHRD-VIFPVBQESA-N,Tyrosine metabolism,0.5343627553956234,Tyr-Gly
IK_HQIDPEYTETUCNF-XVFCMESISA-N,Pyrimidine metabolism,0.8176453558146122,Uridine 2'-phosphate
IK_HQRWPYNQQYEQRQ-ORWZVCRDSA-N,Starch and sucrose metabolism,0.9996090640017474,Curcumin diglucoside
IK_HQUQLFOMPYWACS-UHFFFAOYSA-N,Citrate cycle (TCA cycle),0.4630377847390921,Tris(2-chloroethyl) phosphate
IK_HQUSKUTUDDZKOD-UTOMUYHSSA-N,Linoleic acid metabolism,0.9475856669433687,Cinncassiol D3
IK_HQXMTDSLKXAPTA-NRFANRHFSA-N,Glycerophospholipid metabolism,0.9996762507484247,N-Palmitoyl Asparagine
IK_HRLQZTOIKWEZBN-UHFFFAOYSA-N,Glycerophospholipid metabolism,0.9545407362180319,2-Hydroxyacetaminophen sulfate
IK_HRRYYCWYCMJNGA-ZETCQYMHSA-N,Histidine metabolism,0.9720676438122536,"Histidine, alpha-methyl-"
IK_HRWWBCRSPUEXDM-XTMWUNHTSA-N,Retinol metabolism,0.20151812723371548,Oryzalexin D
IK_HRXXSHLQHFOCLQ-BYTZVSHESA-N,Linoleic acid metabolism,0.46069923256324075,SM 27:3;2O_16:0
IK_HRYLQFBHBWLLLL-AHNJNIBGSA-N,Glycerophospholipid metabolism,0.49373721666642445,Costunolide
IK_HSHNITRMYYLLCV-UHFFFAOYSA-N,Tryptophan metabolism,0.24806980096201822,7-HYDROXY-4-METHYLCOUMARIN
IK_HSHUXNYMVPABPS-FEMAWNSXSA-N,Glycerophospholipid metabolism,0.43956012676546297,"PS(22:0/20:4(5Z,8Z,11Z,14Z)-OH(20))"
IK_HSMHKPFJPOTDCW-MFDWXRHISA-N,Ascorbate and aldarate metabolism,0.9985898261578708,Vitamin D3 glucosiduronate
IK_HSMNQINEKMPTIC-UHFFFAOYSA-N,Tyrosine metabolism,0.11013116116992573,2-[(4-aminobenzoyl)amino]acetic acid]
IK_HSQVHYANHDSFFI-UHFFFAOYSA-N,Tyrosine metabolism,0.46470477956216294,"2',3-Dimethyl-4-aminobiphenyl"
IK_HSUNTEFOMSKZCT-UHFFFAOYSA-N,Primary bile acid biosynthesis,0.740981521701334,Deoxycholylhistidine
IK_HTRUBLMPPVBOHG-UHFFFAOYSA-N,Sphingolipid metabolism,0.32917132549112416,"2-Mercapto-3-phenylthieno[3,2-d]pyrimidin-4(3H)-one"
IK_HUGUGFBIYQBLCS-UHFFFAOYSA-N,Sphingolipid metabolism,0.9852003481086935,Melanettin
IK_HUGUUANDTOCOMR-VYAVKELMSA-N,Linoleic acid metabolism,0.44303903627922153,"PC(20:3(5Z,8Z,11Z)/PGE1)"
IK_HUMNYLRZRPPJDN-UHFFFAOYSA-N,"Phenylalanine, tyrosine and tryptophan biosynthesis",0.5031422595487681,Benzaldehyde
IK_HUTDUHSNJYTCAR-UHFFFAOYSA-N,Biosynthesis of unsaturated fatty acids,0.6119150343134991,Ancymidol
IK_HVDGDHBAMCBBLR-PBHICJAKSA-N,Sphingolipid metabolism,0.24638825005109957,Enterolactone
IK_HVFNSJGQAVFVAX-LDOBPFQESA-N,Glycerophospholipid metabolism,0.4350672862926635,"PS(20:5(6E,8Z,11Z,14Z,17Z)-OH(5)/24:0)"
IK_HVGRZDASOHMCSK-AVQMFFATSA-N,Glycerophospholipid metabolism,0.2742058781572683,FA 22:2 (docosadienoic acid)
IK_HVLXXQDJGPKVMK-NCVKUBNTSA-N,Glycerophospholipid metabolism,0.18686395345678736,Janthitrem C
IK_HVPFXCBJHIIJGS-LURJTMIESA-N,Arginine biosynthesis,0.3003183822548514,SDMA
IK_HVRNKDVLFAVCJF-VJANTYMQSA-N,Glycerophospholipid metabolism,0.49777671338421153,5-Methyltetrahydropteroyltri-L-glutamic acid
IK_HVUMOYIDDBPOLL-XWVZOOPGSA-N,Glycerophospholipid metabolism,0.6048006844745301,Sorbitan stearate
IK_HWDMHJDYMFRXOX-XVFCMESISA-N,Pyrimidine metabolism,0.9577777209615076,"Uridine 2',3'-cyclic phosphate"
IK_HWGBHCRJGXAGEU-UHFFFAOYSA-N,Arachidonic acid metabolism,0.31952844413580006,Methylthiouracil
IK_HWWVPVUGOLNSEB-UHFFFAOYSA-N,Linoleic acid metabolism,0.8848819111090491,1-Benzenesulfonyl-5-ethyl-5-phenylhydantoin
IK_HXBKNURIXGGFCX-VIFPVBQESA-N,Histidine metabolism,0.6206225287364732,Homoanserine
IK_HXHZGHRLVRFQDR-HZJYTTRNSA-N,Biosynthesis of unsaturated fatty acids,0.33091148948979376,Goshuyic acid
IK_HXKKHQJGJAFBHI-UHFFFAOYSA-N,"Glycine, serine and threonine metabolism",0.9687984998621881,1-Amino-propan-2-ol
IK_HXNFUBHNUDHIGC-UHFFFAOYSA-N,Tyrosine metabolism,0.6173909288075159,Oxypurinol
IK_HXYVTAGFYLMHSO-UHFFFAOYSA-N,Fatty acid biosynthesis,0.3399054856569992,Palmitoylethanolamide
IK_HXZFYDGMORCWCA-KTKRTIGZSA-N,Glycerophospholipid metabolism,0.43469768610817494,MG(0:0/24:1(15Z)/0:0)
IK_HYBBIBNJHNGZAN-UHFFFAOYSA-N,Glycerophospholipid metabolism,0.1470273590134772,Furfural
IK_HYHZGBOWRWIEGW-UHFFFAOYSA-N,Purine metabolism,0.4360367812233913,5-(Methoxycarbonyl)thiophene-2-carboxylic acid
IK_HYQNKKAJVPMBDR-HIFRSBDPSA-N,Glycerophospholipid metabolism,0.9741594054143106,Hernandulcin
IK_HYRKAAMZBDSJFJ-LFDBJOOHSA-N,Steroid hormone biosynthesis,0.4259492064340608,Paramethasone acetate
IK_HYVABZIGRDEKCD-UHFFFAOYSA-N,Linoleic acid metabolism,0.3922050705237934,Isopentenyladenine
IK_HYXQKVOADYPQEA-CIUDSAMLSA-N,Arginine biosynthesis,0.30684425634129264,Isoleucyl-Arginine
IK_HZACOPMRVHUEFI-ISIOAQNYSA-N,Glycerophospholipid metabolism,0.1792996233076101,Dmg-mino
IK_HZBABTUFXQLADL-UHFFFAOYSA-N,Purine metabolism,0.4297157896931205,4-Heptyloxyphenol
IK_HZCBCWUIZCCMEB-HUSZLGJPSA-N,Glycerophospholipid metabolism,0.8801105229214607,Polypodine B
IK_HZMSBMNSIHSLPJ-KUBAVDMBSA-N,Biosynthesis of unsaturated fatty acids,0.5806736723385165,N-docosahexaenoyl GABA
IK_HZPUWSUHFOTSAY-AKTWBEBISA-N,Sphingolipid metabolism,0.3934650820154952,Cer 18:1;2O/24:1
IK_IACOAKYXFIWAQN-UHFFFAOYSA-N,Tyrosine metabolism,0.9950298641476861,homovanillic acid sulfate
IK_IAHCDPVIVIKDFJ-DIACKHNESA-N,Ascorbate and aldarate metabolism,0.5707793946717621,Dihyroxy-1H-indole glucuronide I
IK_IAIWVQXQOWNYOU-FPYGCLRLSA-N,Sphingolipid metabolism,0.4875680123777257,Nitrofurazone
IK_IANQTJSKSUMEQM-UHFFFAOYSA-N,One carbon pool by folate,0.4976389548203765,Benzofuran
IK_IAOZJIPTCAWIRG-QWRGUYRKSA-N,"Phenylalanine, tyrosine and tryptophan biosynthesis",0.43220976765575503,Aspartame
IK_IAVREABSGIHHMO-UHFFFAOYSA-N,Nicotinate and nicotinamide metabolism,0.9273495485490034,3-Hydroxybenzaldehyde
IK_IBAQFPQHRJAVAV-ULAWRXDQSA-N,"Glycine, serine and threonine metabolism",0.902893131846909,Miglitol
IK_IBLCRTNVHXHBPT-UHFFFAOYSA-N,Arginine biosynthesis,0.4570244454364509,4-Methoxyindoxyl sulfate
IK_IBQZIPBWWJOUDZ-UHFFFAOYSA-N,Lysine degradation,0.6297702478169778,"2-[(2S)-2,6-Diaminohexanoyl]oxyacetic acid"
IK_IBRKLUSXDYATLG-ZCFIWIBFSA-N,Ascorbate and aldarate metabolism,0.9906461506409847,(R)-Salsolinol
IK_IBRQTOKMQLIMRF-KACBBQTFSA-N,Glycerophospholipid metabolism,0.15340336339178565,Candidin
IK_IBZYPBGPOGJMBF-QRHMYKSGSA-N,Sphingolipid metabolism,0.639859707911758,N-Jasmonoylisoleucine
IK_ICFXZZFWRWNZMA-UHFFFAOYSA-N,Glycerophospholipid metabolism,0.1427796197903021,Diethylpropion or Heptopargil
IK_ICLWTJIMXVISSR-UHFFFAOYSA-N,Glycerophospholipid metabolism,0.49001249068102526,Gallamonum
IK_ICMUIFDBEVJCQA-GQQBCVOHSA-N,Amino sugar and nucleotide sugar metabolism,0.9644783324233629,N-Acetylmuramoyl-Ala
IK_ICSANXSPLDFBSA-ZUYRUSJRSA-N,Glycerophospholipid metabolism,0.13303991926454234,Pressinoic acid
IK_IDAICLIJTRXNER-UHFFFAOYSA-N,Tryptophan metabolism,0.4459805929207039,Tetrahydropteridine
IK_IDFPDDYONWABIH-CXCWZUHBSA-N,Glycerophospholipid metabolism,0.4537817730600755,PE(15:1(9Z))
IK_IDIDJDIHTAOVLG-VKHMYHEASA-N,"Glycine, serine and threonine metabolism",0.15967917083396463,S-Methyl-L-Cysteine
IK_IDRRCKUGGXLORG-FJXQXJEOSA-N,Tyrosine metabolism,0.719713268156618,"3-O-Methyldopa1,2,3"
IK_IDYRXWOMWZHWEO-UHFFFAOYSA-N,Drug metabolism - cytochrome P450,0.7711909565381035,"4-(8-Amino-1,2,3,4-tetrahydro-2-methyl-4-isoquinolinyl)phenol"
IK_IECPWNUMDGFDKC-MZJAQBGESA-N,Retinol metabolism,0.9487738268986008,Fusidic Acid
IK_IEDVJHCEMCRBQM-UHFFFAOYSA-N,Glycerophospholipid metabolism,0.4229011993146768,trimethoprim
IK_IEFQLTYCECVOLL-UHFFFAOYSA-N,Arginine biosynthesis,0.24819815713311513,Gamma-Glutamyl-Se-methylselenocysteine
IK_IEJSCSAMMLUINT-NRFANRHFSA-N,Tyrosine metabolism,0.152039399334396,Plevitrexed
IK_IEPGNWMPIFDNSD-HZJYTTRNSA-N,Glycerophospholipid metabolism,0.4460715869747879,Linoleoyl Glycerol
IK_IFBAQPJUVKRGOW-VXPUYCOJSA-N,Glycerophospholipid metabolism,0.43447444839514515,PE-NMe2(20:1(11Z)/16:0)
IK_IFNXFIJXYVEYLF-UHFFFAOYSA-N,Fatty acid biosynthesis,0.3191694709962023,2-Propylglutaric Acid
IK_IFRKCNPQVIJFAQ-PQVBWYSWSA-N,Biosynthesis of unsaturated fatty acids,0.47206380960567995,"4-Hydroxy-5E,7Z,10Z,13Z,16Z,19Z-docosahexaenoic acid"
IK_IFZSZULHIWFRSB-KZVJFYERSA-N,"Valine, leucine and isoleucine biosynthesis",0.5652187625540228,Isoleucylhydroxyproline
IK_IGFHQQFPSIBGKE-UHFFFAOYSA-N,Glycerophospholipid metabolism,0.4853494401154079,4-Nonylphenol
IK_IGJKYDBBINVMLH-JXRLJXCWSA-N,Linoleic acid metabolism,0.43592693027220236,"LysoPC(0:0/20:4(5Z,8Z,11Z,14Z))"
IK_IGQBPDJNUXPEMT-SNVBAGLBSA-N,Fatty acid degradation,0.30767786006429865,Isovalerylcarnitine
IK_IGQGIACCENRGLM-SOFGYWHQSA-N,Histidine metabolism,0.8137833153431043,"(E)-2,6-Dimethyl-2,5-heptadienoic acid"
IK_IGRHJCFWWOQYQE-SYQHCUMBSA-N,Tryptophan metabolism,0.9521513674384415,Tetranor-PGFM
IK_IGTMFIJOUADBDC-UHFFFAOYSA-N,Glycerophospholipid metabolism,0.9802769197129861,Sulfuric acid 4-methoxyphenyl ester
IK_IGTYILLPRJOVFY-UHFFFAOYSA-N,Glycerophospholipid metabolism,0.5513383520802967,Paracetamol sulfate
IK_IHCPDBBYTYJYIL-UHFFFAOYSA-N,Fatty acid degradation,0.30483348176041813,2-Methylbutyroylcarnitine
IK_IHEIQVVAYQRRCC-BKJIRRBHSA-N,Glycerophospholipid metabolism,0.44090394132032584,"PS(20:5(5Z,8Z,11Z,14Z,17Z)/20:0)"
IK_IHFRBIZNQISAFK-JTQLQIEISA-N,"Phenylalanine, tyrosine and tryptophan biosynthesis",0.47985892359750093,Phenylacetyl glutaminate
IK_IHLDCUQUFBWSJU-PRJDIBJQSA-N,Arginine and proline metabolism,0.5074259876361307,(2R)-6-methylpiperidine-2-carboxylic acid
IK_IHNHFVFOGDZMEW-UHFFFAOYSA-N,Linoleic acid metabolism,0.20794049993111138,FAHFA(16:0/13-O-16:0)
IK_IHTCCHVMPGDDSL-IVNGUWCNSA-N,Glutathione metabolism,0.9765735150900813,Cucurbitacin A
IK_IHTMGUFGDQUBIO-QGEKYMHSSA-N,Glycerophospholipid metabolism,0.4828345359493878,"DG(18:0/0:0/20:4(8Z,11Z,14Z,17Z)-2OH(5S,6R))"
IK_IIBOGKHTXBPGEI-UHFFFAOYSA-N,Phenylalanine metabolism,0.9743588015954419,N-benzylformamide
IK_IIODELUADFSHIZ-UHFFFAOYSA-N,Tyrosine metabolism,0.575804151318442,2-[4-(sulfooxy)phenyl]acetic acid
IK_IIPZYDQGBIWLBU-UHFFFAOYSA-N,Citrate cycle (TCA cycle),0.9944484609067897,Dinoterb
IK_IIRDTKBZINWQAW-UHFFFAOYSA-N,Glycerophospholipid metabolism,0.4992259181258889,Hexaethylene glycol
IK_IIRJJZHHNGABMQ-WPRPVWTQSA-N,"Phenylalanine, tyrosine and tryptophan biosynthesis",0.36813645651497556,N-lactoyl-phenylalanine
IK_IIRQXNVLAXQEKB-KBEZCZBDSA-N,Glycerophospholipid metabolism,0.42596752011840366,TG 51:4
IK_IITQLVPAMWYCDQ-UHFFFAOYSA-N,Glycerophospholipid metabolism,0.15340336339178565,"6-[3-(2-carboxyethyl)-5-hydroxyphenoxy]-3,4,5-trihydroxyoxane-2-carboxylic acid"
IK_IJFXRHURBJZNAO-UHFFFAOYSA-N,Tryptophan metabolism,0.2795589540652477,3-Hydroxybenzoic Acid
IK_IJJKRFDBPRPLQQ-UHFFFAOYSA-N,Galactose metabolism,0.7636890138293425,"Trans-p-Menthane-7,8-diol 7-glucoside"
IK_IJKKTQLUXOILBQ-ZBHICJROSA-N,Pyruvate metabolism,0.39153721202113834,N-Lactoylvaline
IK_IJPNDQQOKFKBRG-ZPZYUIKSSA-N,Steroid hormone biosynthesis,0.49014241093768884,Cinncassiol C3
IK_IJTJDJOOHZVSAC-NDRUHXFFSA-N,Linoleic acid metabolism,0.4298792091787304,PC 40:5
IK_IJVCSMSMFSCRME-UHFFFAOYSA-N,Glycerophospholipid metabolism,0.1792996233076101,Hydromorphine
IK_IJVRPNIWWODHHA-UHFFFAOYSA-N,Arginine and proline metabolism,0.33115252751991325,2-Cyanoacrylic acid
IK_IKBKWHISHDVLNO-UHFFFAOYSA-N,Glycerophospholipid metabolism,0.999645451165478,Dihydronaringenin-O-sulphate
IK_IKQCSJBQLWJEPU-UHFFFAOYSA-M,Glycerophospholipid metabolism,0.23277950060425343,"2,5-dihydroxybenzenesulfonate"
IK_ILCLBYYAGZLAGC-UHFFFAOYSA-N,Tryptophan metabolism,0.641109496502041,"8-Chloro-2,3,4,9-Tetrahydro-1h-Beta-Carbolin-1-one"
IK_ILGMGHZPXRDCCS-UHFFFAOYSA-N,Tryptophan metabolism,0.45052747444702285,"(2-oxo-2,3-Dihydro-1H-Indol-3-yl)acetic Acid"
IK_ILHLUZUMRJQEAH-UHFFFAOYSA-N,Linoleic acid metabolism,0.44193061840120607,3-Isochromanone
IK_ILJSQTXMGCGYMG-UHFFFAOYSA-N,Fatty acid biosynthesis,0.3529069200399497,Triacetic acid
IK_ILMMSBJXXQIEEM-UHFFFAOYSA-N,Fatty acid degradation,0.8649835753129327,"2-Amino-1,2-bis(p-chlorophenyl)ethanol"
IK_ILNJBIQQAIIMEY-UHFFFAOYSA-N,Tryptophan metabolism,0.41141668726357145,"4-Oxo-1,4-dihydroquinoline-3-carboxylic acid"
IK_ILNUTMKQMUMBTE-OFSUYRCTSA-N,Biosynthesis of unsaturated fatty acids,0.40630798231038895,"5-Oxoicosa-3,6,8-trienoic acid"
IK_ILUZPRRJJSFYEH-OBNQGTFASA-N,Glycerophospholipid metabolism,0.26898014417116434,3-O-beta-D-glucosyl-brassicasterol
IK_ILVGMCVCQBJPSH-WDSKDSINSA-N,"Glycine, serine and threonine metabolism",0.49148840263372534,Ser-Val
IK_IMMPMHKLUUZKAZ-UHFFFAOYSA-N,Tryptophan metabolism,0.21780736856664598,Tryptophyl-Phenylalanine
IK_IMOKOCYUKGZZAG-CSMHCCOUSA-N,Sphingolipid metabolism,0.9416420353221091,Valylhydroxyproline
IK_IMWZZHHPURKASS-UHFFFAOYSA-N,Tryptophan metabolism,0.8140664952330755,Metaxalone
IK_IMYZYCNQZDBZBQ-UHFFFAOYSA-N,Biosynthesis of unsaturated fatty acids,0.33225388314107207,"9,10-Epoxyoctadecanoic acid"
IK_INDBQLZJXZLFIT-UHFFFAOYSA-N,Cysteine and methionine metabolism,0.9271040518004203,Primaquine
IK_INHVGPIPHZJQOP-ZNMIVQPWSA-N,Cysteine and methionine metabolism,0.7535447819801007,Koninginin E
IK_INIIAIIRDKMVMR-UHFFFAOYSA-N,Glycerophospholipid metabolism,0.337901162136048,4-Methylpropranolol
IK_INMKWUNQKOWGEZ-VQHVLOKHSA-N,Biosynthesis of unsaturated fatty acids,0.36618719751392803,Traumatin
IK_INVGWHRKADIJHF-UHFFFAOYSA-N,Steroid hormone biosynthesis,0.4987632358997473,Sanguinarine
IK_INWLQCZOYSRPNW-UHFFFAOYSA-N,Linoleic acid metabolism,0.9668679924106822,Mepivacaine
IK_INXWZSVGTHMNEU-FZWLCVONSA-N,Biosynthesis of unsaturated fatty acids,0.9983396709441421,"2,5-Octadien-1-ol"
IK_IODKAUXLYSBFAK-WMKZAWCOSA-N,Linoleic acid metabolism,0.43426220806050475,PC O-46:8
IK_IOFRHEYTWVCPIG-UHFFFAOYSA-N,Linoleic acid metabolism,0.3149388824274436,"3-Oxa-9-azoniatricyclo[3.3.1.02,4]nonane, 9-ethyl-7-hydroxy-9-methyl-"
IK_IOJNOBYNWXBNBY-ZFORQUDYSA-N,Ascorbate and aldarate metabolism,0.9799722737325376,Genistein 5-O-glucuronide
IK_IOQPZZOEVPZRBK-UHFFFAOYSA-N,Arginine and proline metabolism,0.9746731766642066,Octylamine
IK_IOUPEELXVYPCPG-LURJTMIESA-N,"Valine, leucine and isoleucine biosynthesis",0.3359380472935395,Val-Gly
IK_IPEHBUMCGVEMRF-UHFFFAOYSA-N,Nicotinate and nicotinamide metabolism,0.9854457246816253,Pyrazinamide
IK_IPOLTUVFXFHAHI-OUKQBFOZSA-N,Linoleic acid metabolism,0.43861939757207663,Elaidic carnitine
IK_IPOLTUVFXFHAHI-WHIOSMTNSA-N,Linoleic acid metabolism,0.43625948360053857,Oleoyl-L-Carnitine
IK_IPVQLZZIHOAWMC-QXKUPLGCSA-N,Retinol metabolism,0.49559426396069356,Perindopril
IK_IPWFJLQDVFKJDU-UHFFFAOYSA-N,Fatty acid biosynthesis,0.4246673842932591,Pentanamide
IK_IPWKIXLWTCNBKN-UHFFFAOYSA-N,Linoleic acid metabolism,0.4567947320828205,Ornidazole
IK_IQBBLPBSHOILKP-UHFFFAOYSA-N,"Phenylalanine, tyrosine and tryptophan biosynthesis",0.4661799130829889,Dimethyltriazenoimidazole carboxamide
IK_IQGPMZRCLCCXAG-RUZDIDTESA-N,Linoleic acid metabolism,0.49001815257383713,LysoPC(0:0/18:0)
IK_IQVQXVFMNOFTMU-FLIBITNWSA-N,Tryptophan metabolism,0.993175364972807,Ligusticide
IK_IQYIDEWXVLGTDZ-AWQFTUOYSA-N,Glycerophospholipid metabolism,0.2749954561035878,"(3b,16a,21b,22a)-12-Oleanene-3,16,21,23,28-pentol-22-angeloyloxy-23-al"
IK_IQZZFVDIZRWADY-UHFFFAOYSA-N,Glycerophospholipid metabolism,0.18686395345678736,Isocoumarin
IK_IRHVLQMEQPABHG-QUZWXNHXSA-N,Steroid hormone biosynthesis,0.41986214414554374,Contignasterol
IK_IRSFLDGTOHBADP-UHFFFAOYSA-N,Glycerophospholipid metabolism,0.331235236483722,Embelin
IK_ISAVYTVYFVQUDY-UHFFFAOYSA-N,Glycerophospholipid metabolism,0.38665338452751435,"4-(1,1,3,3-Tetramethylbutyl)-phenol"
IK_ISRLGZXSKRDKID-JXBDSQKUSA-N,Glycerophospholipid metabolism,0.4246043062169935,phospholipid
IK_ISSGPXMQOMAFMJ-DMGKHJLRSA-N,Glycerophospholipid metabolism,0.42335441151378733,TG 51:3
IK_ISSKMEQROMFEHL-UHFFFAOYSA-N,Galactose metabolism,0.9698417913839713,Linotroban
IK_ISWSIDIOOBJBQZ-UHFFFAOYSA-N,Ubiquinone and other terpenoid-quinone biosynthesis,0.9789982658737625,Phenol
IK_ISYWECDDZWTKFF-UHFFFAOYSA-N,Biosynthesis of unsaturated fatty acids,0.2807917258421846,Nonadecanoic acid
IK_ITCNXQGVIXCKSL-XXXOFKRQSA-N,Glycerophospholipid metabolism,0.7826826623188426,DG(10:0/LTE4/0:0)
IK_ITPJUJKUKRFQHQ-UHFFFAOYSA-N,D-Amino acid metabolism,0.4036022652773781,guanidinobutyric acid methyl ester
IK_ITZMJCSORYKOSI-AJNGGQMLSA-N,Glutathione metabolism,0.5206463081586219,APGPR Enterostatin
IK_IUBMRJVNZLQSHU-FDJBSCRHSA-N,Linoleic acid metabolism,0.9666954041076535,Monic acid
IK_IUBSYMUCCVWXPE-UHFFFAOYSA-N,Glycerophospholipid metabolism,0.8737430966604112,Metoprolol
IK_IULJSGIJJZZUMF-UHFFFAOYSA-N,Glycerophospholipid metabolism,0.9982222083856089,O-Phenolsulfonic acid
IK_IULKWYSYZSURJK-AVGNSLFASA-N,Glycerophospholipid metabolism,0.41913946059880375,Gln Leu Lys
IK_IVEOBKYBCRMTLK-ZPMDXPHCSA-N,Linoleic acid metabolism,0.4362085520860376,FFA 20:3
IK_IVFYLRMMHVYGJH-PVPPCFLZSA-N,Steroid hormone biosynthesis,0.6856126724721815,Polyporusterone C
IK_IVFYLRMMHVYGJH-VLOLGRDOSA-N,Steroid hormone biosynthesis,0.6876086153484331,Bolasterone
IK_IVOMOUWHDPKRLL-KQYNXXCUSA-N,One carbon pool by folate,0.31646515209823234,"3',5'-Cyclic AMP"
IK_IVUWYMCIIBQTQB-VAFBSOEGSA-N,Steroid hormone biosynthesis,0.9871890371491467,Estrane skeleton
IK_IWBHCLOBTQKEFG-UHFFFAOYSA-N,Glycerophospholipid metabolism,0.9992700575131624,Reticulatamol
IK_IWDCLRJOBJJRNH-UHFFFAOYSA-N,Tyrosine metabolism,0.17156819990390726,p-cresol
IK_IWHLYPDWHHPVAA-UHFFFAOYSA-N,Fatty acid biosynthesis,0.20623248131199015,6-Hydroxycaproic acid
IK_IWJBVMJWSPZNJH-UQGZVRACSA-N,Ascorbate and aldarate metabolism,0.9960444836495769,ethyl-beta-glucuronide
IK_IWSYJJNDWNKMJD-WFPKBTJNSA-N,Linoleic acid metabolism,0.48712692441853334,"SM(d18:2(4E,14Z)/TXB2)"
IK_IXELFRRANAOWSF-FNORWQNLSA-N,Glycerophospholipid metabolism,0.5428738275989893,Ajoene
IK_IXORZMNAPKEEDV-UHFFFAOYSA-N,Steroid hormone biosynthesis,0.9747188459425798,Gibberellins
IK_IXOXBSCIXZEQEQ-UHTZMRCNSA-N,Purine metabolism,0.4431611916752648,Nelarabine
IK_IXRKDGGGFFCRIR-UHFFFAOYSA-N,Biosynthesis of unsaturated fatty acids,0.47846889952153115,haplamine
IK_IXSYVBCFIGEECR-JLNKQSITSA-N,Glycerophospholipid metabolism,0.405339824196619,"MG(0:0/20:5(5Z,8Z,11Z,14Z,17Z)/0:0)"
IK_IXVMHGVQKLDRKH-QHBHMFGVSA-N,Steroid hormone biosynthesis,0.7731257995897216,24-Epibrassinolide
IK_IYJILWQAFPUBHP-UHFFFAOYSA-N,"Valine, leucine and isoleucine biosynthesis",0.3175013186433885,L-beta-aspartyl-L-leucine
IK_IYMMESGOJVNCKV-JOYOIKCWSA-N,Linoleic acid metabolism,0.35917733793878825,Rimiterol
IK_IYYVNINVOLHLIG-GEMHLVOWSA-N,Linoleic acid metabolism,0.43426220806050475,PC O-44:6
IK_IZEZNNYKKNVXNA-UHFFFAOYSA-N,Amino sugar and nucleotide sugar metabolism,0.788390475406374,"3-(3,5-dihydroxyphenyl)-1-propanoic acid sulphate"
IK_IZGYIFFQBZWOLJ-UUZREKTLSA-N,Pentose and glucuronate interconversions,0.40929199378777753,Phaseic acid
IK_IZSQXJNSFOEMRP-FEOHXENLSA-N,Linoleic acid metabolism,0.43426220806050475,PC 42:5e
IK_IZXYHAXVIZHGJV-UHFFFAOYSA-N,Arginine biosynthesis,0.9810932129364056,P-Menth-cis-2-en-1-ol
IK_IZZIWIAOVZOBLF-UHFFFAOYSA-N,Tyrosine metabolism,0.9970842692872158,5-methoxysalicylic acid
IK_JADDQZYHOWSFJD-FLNNQWSLSA-N,Purine metabolism,0.46558628588505535,5'-N-Ethylcarboxamidoadenosine
IK_JALVTHFTYRPDMB-HRRTYWNUSA-N,Steroid hormone biosynthesis,0.38083238082210263,Demissidine
IK_JAQGKXUEKGKTKX-HOTGVXAUSA-N,Tyrosine metabolism,0.4175535477566588,Tyr-Tyr-OH
IK_JAQZKPHHLRTVCY-ZHRKTGFNSA-N,Glycerophospholipid metabolism,0.9603406421765486,Soyasapogenol D
IK_JARYYMUOCXVXNK-CSLFJTBJSA-N,Galactose metabolism,0.4796962804282969,Validamycin A
IK_JATNWMBUDXLMEO-UHFFFAOYSA-N,D-Amino acid metabolism,0.9964695309192417,Isoamyl isothiocyanate
IK_JBCLFWXMTIKCCB-VIFPVBQESA-N,"Phenylalanine, tyrosine and tryptophan biosynthesis",0.3897477963184564,Glycyl-Phenylalanine
IK_JBFYFLXEJFQWMU-WDSKDSINSA-N,Arginine biosynthesis,0.2786895432327777,N2-gamma-Glutamylglutamine
IK_JBIMVDZLSHOPLA-LSCVHKIXSA-N,Glycerophospholipid metabolism,0.13950168786833567,Olopatadine
IK_JBKVHLHDHHXQEQ-UHFFFAOYSA-N,Glycerophospholipid metabolism,0.3314190920325359,Epsilon-caprolactam
IK_JBNUARFQOCGDRK-UHFFFAOYSA-N,"Valine, leucine and isoleucine biosynthesis",0.45379092060353254,"(+)-threo-2-Amino-3,4-dihydroxybutanoic acid"
IK_JBVCSNJKVNKDHK-UHFFFAOYSA-N,Glycerophospholipid metabolism,0.9810940358417156,Mopidralazine
IK_JCELSEVNSMXGKA-IOLBBIBUSA-N,Linoleic acid metabolism,0.48292712760968304,SM d36:0
IK_JCGMJARSAZGXHM-UHFFFAOYSA-N,Glycerophospholipid metabolism,0.2374718063167351,"3-Hydroxy-6,8-dimethoxy-7(11)-eremophilen-12,8-olide"
IK_JDJSHLXEHWCLEP-SYHAXYEDSA-N,Galactose metabolism,0.6023905401386104,Miserotoxin
IK_JDOLBVXUTAGQDQ-LZOINSICSA-N,Biosynthesis of unsaturated fatty acids,0.34313708551054906,9-Hydroxylinoleic acid
IK_JDPXOFGDHXVNAK-VHUPYEGGSA-N,Glycerophospholipid metabolism,0.4577221375139179,"PG(i-12:0/18:2(9Z,11Z))"
IK_JDWYRSDDJVCWPB-LURJTMIESA-N,Tryptophan metabolism,0.641109496502041,Leucodopachrome
IK_JDZBITULCWBIMC-AEQQXRABSA-N,Steroid hormone biosynthesis,0.1829277649460367,"4-Hydroxy-2,5,5,9-Tetramethylcycloundeca-2,9-Dienyl 4-Hydroxybenzoate"
IK_JEISZCQAXYJJOO-FQEVSTJZSA-N,Glycerophospholipid metabolism,0.9992993673066868,N-Stearoyl Arginine
IK_JEIZLWNUBXHADF-UHFFFAOYSA-N,Lysine degradation,0.9916455176917401,(+/-)-Pelletierine
IK_JEJLGIQLPYYGEE-UHFFFAOYSA-N,Glycerophospholipid metabolism,0.451033525332918,DG 16:0_16:0
IK_JEKMKNDURXDJAD-HWUKTEKMSA-N,Glycerophospholipid metabolism,0.18686395345678736,Kahweol
IK_JEKNPVYFNMZRJG-STHMYGMFSA-N,Biosynthesis of unsaturated fatty acids,0.36022863680779343,16(R)-HETE
IK_JEVKBGCAIMLFMA-KZXHGTAESA-N,Linoleic acid metabolism,0.5900457724077307,"PC(2:0/20:5(7Z,9Z,11E,13E,17Z)-3OH(5,6,15))"
IK_JFDNMLUPLXZXGV-RKAGECJXSA-N,Amino sugar and nucleotide sugar metabolism,0.4923566044693931,12-Hydroxyjasmonic acid glucoside
IK_JFIWEPHGRUDAJN-DYUFWOLASA-N,Tryptophan metabolism,0.5072820023318704,3'-C-Ethynylcytidine
IK_JFLIEFSWGNOPJJ-JTQLQIEISA-M,Glycerophospholipid metabolism,0.4927491800059741,N(2)-phenylacetyl-L-glutaminate
IK_JFLIEFSWGNOPJJ-JTQLQIEISA-N,Glycerophospholipid metabolism,0.3395311052209879,Phenylacetyl-L-glutamine
IK_JFLIEFSWGNOPJJ-UHFFFAOYNA-N,Glycerophospholipid metabolism,0.34230636479783394,Phenylacetylglutamine
IK_JFVBCXHSPKJLRP-UHFFFAOYSA-N,Tyrosine metabolism,0.9761856243493939,4-Oxopentanenitrile
IK_JFZHPFOXAAIUMB-UHFFFAOYSA-N,Drug metabolism - cytochrome P450,0.9489004835730006,Phenylethylmalonamide
IK_JGSUNMCABQUBOY-UHFFFAOYSA-N,Nicotinate and nicotinamide metabolism,0.9415512706789482,3-Succinoylpyridine
IK_JGTPDCCLPDSJED-FXJFPKDASA-N,Linoleic acid metabolism,0.24324239342969936,"(5Z,8Z,10E,14Z,17Z)-12-Hydroxyicosa-5,8,10,14,17-pentaenoylcarnitine"
IK_JGUNZIWGNMQSBM-SIGMCMEVSA-N,Biosynthesis of unsaturated fatty acids,0.3231658046457682,(+/-)9-HpODE
IK_JGUNZIWGNMQSBM-UINYOVNOSA-M,Linoleic acid metabolism,0.5632910351566175,"(9S,10E,12Z)-9-hydroperoxy-10,12-octadecadienoate"
IK_JGUNZIWGNMQSBM-UINYOVNOSA-N,Biosynthesis of unsaturated fatty acids,0.32321845998809634,9(S)-HpODE
IK_JHFAKPWBUSBCCY-UHFFFAOYSA-N,Steroid hormone biosynthesis,0.8165887303685769,Repenone
IK_JHJOJVDYHODVHT-OKPMZCSGSA-N,Glycerophospholipid metabolism,0.48521837174194793,"PG(20:4(8Z,11Z,14Z,17Z)/20:5(7Z,9Z,11E,13E,17Z)-3OH(5,6,15))"
IK_JHXAZBBVQSRKJR-BSZOFBHHSA-N,Biosynthesis of unsaturated fatty acids,0.3564011735944811,13-KODE
IK_JIJYZALGIIQXKE-UHFFFAOYSA-N,Glycerophospholipid metabolism,0.4966903982116369,5-Deoxykievitone
IK_JIQLAAKADXSVTE-HTQZYQBOSA-N,Biosynthesis of unsaturated fatty acids,0.3637868290803618,"3',5'-Dideoxythymidine"
IK_JITASQOSGITBPR-FMCGBTBPSA-N,Glycerophospholipid metabolism,0.13303991926454234,Vdavp
IK_JITCCUITUOPXAR-XSBOKVBDSA-N,Biosynthesis of unsaturated fatty acids,0.8797661471463951,Bolton-Hunter reagent
IK_JJCQSGDBDPYCEO-XVZSLQNASA-N,Galactose metabolism,0.9977488613663227,Dibekacin
IK_JJIHLJJYMXLCOY-BYPYZUCNSA-N,Arginine biosynthesis,0.6313320006305552,N-Acetylserine
IK_JJJPNTQYUJPWGQ-UHFFFAOYSA-N,Fatty acid degradation,0.9262831523147257,2-(3-Phenylpropyl)pyridine
IK_JJMDCOVWQOJGCB-UHFFFAOYSA-N,Fatty acid biosynthesis,0.1612419190651576,5-Aminopentanoic acid
IK_JJMPYAHUHHQAJB-FYOCAXJLSA-N,Glycerophospholipid metabolism,0.4420583867175413,PE P-38:5 or PE O-38:6
IK_JJPSZKIOGBRMHK-UHFFFAOYSA-N,Glycerophospholipid metabolism,0.27159286061225,"2,6-Dimethylquinoline"
IK_JKEJEOJPJVRHMQ-JTQLQIEISA-N,Steroid hormone biosynthesis,0.997991246178308,N-OCTANOYL-L-HOMOSERINE LACTONE
IK_JKHXYJKMNSSFFL-IUCAKERBSA-N,Lysine degradation,0.23435118264106822,Val-Lys
IK_JKIFWWSPZOSHGE-UHFFFAOYSA-N,Fatty acid degradation,0.2857014729235704,6-Hydroxyheptanoylcarnitine
IK_JKKCSFJSULZNDN-HGRQIUPRSA-N,Glycerophospholipid metabolism,0.1792996233076101,Gonyautoxin V
IK_JKMHFZQWWAIEOD-UHFFFAOYSA-N,Glycerophospholipid metabolism,1.0,HEPES
IK_JKPUNUXKEBTKHB-CQXAJOTDSA-N,Linoleic acid metabolism,0.43426220806050475,PC 40:4e
IK_JKTAZDIARLXYPE-UHFFFAOYSA-N,Lysine degradation,0.998830949719892,"L-Valine, N-(2-hydroxy-3-butenyl)-"
IK_JLFNLZLINWHATN-UHFFFAOYSA-N,Glycerophospholipid metabolism,0.4996911495737303,Pentaethylene glycol
IK_JLPULHDHAOZNQI-ZTIMHPMXSA-N,Linoleic acid metabolism,0.4287411668736739,PC 34:2
IK_JLPUXFOGCDVKGO-TUAOUCFPSA-N,"Glycine, serine and threonine metabolism",0.48334791564200225,Geosmin
IK_JLSKPBDKNIXMBS-VIFPVBQESA-N,Tryptophan metabolism,0.44483116111240095,tryptophanamide
IK_JLTDJTHDQAWBAV-UHFFFAOYSA-N,Sphingolipid metabolism,0.28571428571428575,"N,N-Dimethylaniline"
IK_JLVSPVFPBBFMBE-HXSWCURESA-N,Linoleic acid metabolism,0.493975277019485,Sphingosylphosphorylcholine
IK_JLVSPVFPBBFMBE-HXSWCURESA-O,Glycerophospholipid metabolism,0.4102344752967387,LysoSM(d18:1)
IK_JLXVRFDTDUGQEE-YFKPBYRVSA-N,Arginine biosynthesis,0.45454105496006547,Glycyl-Arginine
IK_JLZAERUVCODZQO-VWCUIIQSSA-N,Steroid hormone biosynthesis,0.4259492064340608,Acetylstrophanthidin
IK_JMCOUWKXLXDERB-WMZOPIPTSA-N,Tryptophan metabolism,0.2124250537828166,Phe-Trp
IK_JMFRWRFFLBVWSI-NSCUHMNNSA-N,Tyrosine metabolism,0.8051732221331827,Coniferyl alcohol
IK_JMIAZDVHNCCPDM-DAFCLMLCSA-N,Glycerophospholipid metabolism,0.1792996233076101,Mitraphylline
IK_JMTMSDXUXJISAY-UHFFFAOYSA-N,Glycerophospholipid metabolism,0.1792996233076101,4-Hydroxybenzotriazole
IK_JMXKCYUTURMERF-UHFFFAOYSA-N,Glycerophospholipid metabolism,0.391304347826087,dodemorph
IK_JNBVGGPMMKHWRO-VIFPVBQESA-N,Linoleic acid metabolism,0.39341681432539366,3-Hydroxyphenylacetylglutamine sulfate
IK_JNDFGLPQDFBGLR-KMCBPMHZSA-N,Glycerophospholipid metabolism,0.4635357962331139,FFAD 22:1
IK_JNMDCUOOYCRSIP-WLFVLELZSA-N,Glycerophospholipid metabolism,0.4272861080821834,TG 42:3
IK_JNNQVGBQCBFXRU-ZZTWLFPRSA-N,Glycerophospholipid metabolism,0.4328734940581404,"PS(22:6(4Z,7Z,10Z,13Z,16Z,19Z)/19:0)"
IK_JNTMAZFVYNDPLB-PEDHHIEDSA-N,Glycerophospholipid metabolism,0.7423614686289306,Diprotin A
IK_JNUGGJHCMRWUDV-FMMPLYQGSA-N,Lysine degradation,0.2748066844919849,Cystathionine sulfoxide
IK_JNWLVTSZGQYXIA-AATRIKPKSA-N,Fatty acid degradation,0.28708511855385316,(4E)-3-Hydroxyhex-4-enoylcarnitine
IK_JOATXPAWOHTVSZ-UHFFFAOYSA-N,Glycerophospholipid metabolism,0.1427796197903021,Celiprolol
IK_JOSRDTUBGWFAGO-WZYYJWNZSA-N,Linoleic acid metabolism,0.5066845842404245,SM d39:2
IK_JPAUCQAJHLSMQW-XPORZQOISA-N,Ascorbate and aldarate metabolism,0.6626302585096159,p-Cresol glucuronide
IK_JPDVTYPPMALQJO-UZQDAVMLSA-N,Glycolysis or Gluconeogenesis,0.9982311945265868,N-di-Demethyl roxithromycin
IK_JPFXYNDBKFIYLX-UHFFFAOYSA-N,Glycerophospholipid metabolism,0.3309918302060563,Myrsinone
IK_JPIJQSOTBSSVTP-UHFFFAOYSA-N,"Glycine, serine and threonine metabolism",0.364841447907877,"2,3,4-Trihydroxybutanoic acid"
IK_JPJFWRWQZROHJW-RSPSYKHISA-N,Linoleic acid metabolism,0.4270621508751656,PC 42:4
IK_JPMYFOBNRRGFNO-UHFFFAOYSA-N,Tryptophan metabolism,0.9878510017790059,Genkwanin
IK_JPNPIRVRGLGTRE-YSKCIPFOSA-N,Glycerophospholipid metabolism,0.5052596677369352,PE(20:4/0:0)
IK_JPQGSGTYJWWXTH-UHFFFAOYSA-N,Fatty acid biosynthesis,0.3232914066453072,"3,3-Bis(carboxymethyl)hexadecanedioic acid"
IK_JPRQDPHQDRCGNK-SJCQXOIGSA-N,Sphingolipid metabolism,0.9995270702419667,GM3 d34:1
IK_JQKOHRZNEOQNJE-ZZEZOPTASA-N,Glycerophospholipid metabolism,0.4537847775682244,PE 36:1
IK_JQNFSWJEERESHM-SRQIZXRXSA-N,Sphingolipid metabolism,0.9992764978322767,Cysteinylhydroxyproline
IK_JQVDAXLFBXTEQA-UHFFFAOYSA-N,Arginine and proline metabolism,0.23269829346839146,Dibutylamine
IK_JQXXHWHPUNPDRT-WLSIYKJHSA-N,Glycerophospholipid metabolism,0.1792996233076101,Rifampicin
IK_JRJGKUTZNBZHNK-UHFFFAOYSA-N,"Phenylalanine, tyrosine and tryptophan biosynthesis",0.66764649458842,3-Phenylpropyl acetate
IK_JRLGPAXAGHMNOL-UHFFFAOYSA-N,Arginine biosynthesis,0.2792054915695737,N-2-acetyl-ornithine
IK_JSFATNQSLKRBCI-USWFWKISSA-N,Biosynthesis of unsaturated fatty acids,0.33685460054561844,15-HETE
IK_JSNQSLSBBZFGBM-UHFFFAOYSA-N,Glycerophospholipid metabolism,0.7129587237390388,"Exo,exo-1,8-Epoxy-p-menthane-2,6-diol"
IK_JTMOPWCKHAGCNW-UHFFFAOYSA-N,Sphingolipid metabolism,0.5313025006451177,Cer-NP t40:0
IK_JTSDBFGMPLKDCD-XVFHVFLVSA-N,Glycerophospholipid metabolism,0.15261711325525623,Tilmicosin
IK_JTUPDNHGJNUOCW-UHFFFAOYSA-N,Arginine biosynthesis,0.2914643470174458,Dimethyl-3-hydroxypyrid-4-one
IK_JUCWIWDODRNWRN-REKGFNPQSA-N,Linoleic acid metabolism,0.4447525674599835,PC(P-18:0/20:5)
IK_JUHFGHWNBYGKCW-UHFFFAOYSA-N,Lysine degradation,0.2479738858890332,4-(Aminomethyl)-1-methylpiperidin-4-ol
IK_JURURWWWIUJJKP-YPMCRYBESA-N,Sphingolipid metabolism,0.39340063834835265,Cer-NS d36:2
IK_JUSMHIGDXPKSID-PHYPRBDBSA-N,Galactose metabolism,0.4985131025178162,"(2r,3r,4s,5r,6s)-2-(Hydroxymethyl)-6-Sulfanyl-Oxane-3,4,5-Triol"
IK_JVAZJLFFSJARQM-RMPHRYRLSA-N,Galactose metabolism,0.3824136455823384,Hexyl glucoside
IK_JVGVDSSUAVXRDY-UHFFFAOYSA-M,Tyrosine metabolism,0.9945404613877288,3-(4-Hydroxyphenyl)lactate
IK_JVGVDSSUAVXRDY-UHFFFAOYSA-N,Tyrosine metabolism,0.6507823406220599,Hydroxyphenyllactic acid
IK_JVJFIQYAHPMBBX-FNORWQNLSA-N,Ascorbate and aldarate metabolism,0.5548679350300274,4-Hydroxynonenal
IK_JVSRRTLCKOVNHJ-UHFFFAOYSA-N,Glycerophospholipid metabolism,0.18686395345678736,3-Hydroxyindolin-2-one-sulfate
IK_JVZRCNQLWOELDU-UHFFFAOYSA-N,Vitamin B6 metabolism,0.34350682012436357,4-Phenylpyridine
IK_JWARBUNVUNGRQE-UHFFFAOYSA-N,Glycerophospholipid metabolism,0.8885719400523305,N-BENZYL-3-CYANOAZETIDINE
IK_JWBXCSQZLLIOCI-GUBZILKMSA-N,"Valine, leucine and isoleucine biosynthesis",0.49089286741811544,Isoleucyl-Leucine
IK_JWDFQMWEFLOOED-UHFFFAOYSA-N,Vitamin B6 metabolism,0.4329469961780355,N-Succinimidyl 3-(2-pyridyldithio)propionate
IK_JWFBUBZOMPFGDL-YBRFZANVSA-N,Glycerophospholipid metabolism,0.4353598627799775,"PS(18:1(11Z)/22:5(7Z,10Z,13Z,16Z,19Z))"
IK_JWFSTKHCVMHWKP-ANFMRNGASA-N,Glycerophospholipid metabolism,0.39392005109202044,TG 49:0
IK_JWGGSJFIGIGFSQ-UHFFFAOYSA-N,Biosynthesis of unsaturated fatty acids,0.3529396834206146,N-Lauroylglycine
IK_JWHAUXFOSRPERK-UHFFFAOYSA-N,Glycerophospholipid metabolism,0.1792996233076101,Propafenone
IK_JWICNZAGYSIBAR-UHFFFAOYSA-N,Linoleic acid metabolism,0.9925882564462786,Fibrinopeptide A human
IK_JWLAAGBRLDQPSL-UHFFFAOYSA-N,Sphingolipid metabolism,0.5587831149497238,Cer-NDS d36:0
IK_JWVXCFSNEOMSHH-UHFFFAOYSA-N,Glycerophospholipid metabolism,0.39392005109202044,TG 46:0
IK_JWYOAMOZLZXDER-UHNVWZDZSA-N,Arginine biosynthesis,0.30368621566744497,"(1r,2s)-2-Aminocyclopentanecarboxylic acid"
IK_JXBLMIJDQFTVIE-UHFFFAOYSA-N,Fatty acid biosynthesis,0.37995745142624077,3-Methyl-5-pentyl-2-furantridecanoic acid
IK_JXCOSKURGJMQSG-AIEJOZITSA-N,Steroid hormone biosynthesis,0.9990051356866265,Beta-Cortolone
IK_JXCOSKURGJMQSG-AZQJGLEESA-N,Steroid hormone biosynthesis,0.9990051356866265,Cortolone
IK_JXDFEUKNHBHUCP-UHFFFAOYSA-N,Biosynthesis of unsaturated fatty acids,0.35237797431901385,N-Nonanoylglycine
IK_JXNRXNCCROJZFB-RYUDHWBXSA-N,Tyrosine metabolism,0.30560822713976343,Kyotorphin
IK_JXOHGGNKMLTUBP-HSUXUTPPSA-N,Glycerophospholipid metabolism,0.09135122121824785,shikimic acid
IK_JXQFDWGMBSZKSE-LPCYUWLXSA-N,Linoleic acid metabolism,0.43566357242456316,SM(d18:1/6 keto-PGF1alpha)
IK_JXUGDUWBMKIJDC-MMWGEVLESA-N,Arginine biosynthesis,0.6359650698715745,Kinetensin 1-3
IK_JXVXYRZQIUPYSA-NHCYSSNCSA-N,Glycerophospholipid metabolism,0.9697897355001978,Pro Val Gln
IK_JXZJRYDTSDCGLO-UHFFFAOYSA-N,Citrate cycle (TCA cycle),0.8611062345405442,Alpha-Furyl methyl diketone
IK_JYEFAZDBHWGXHI-HWKANZROSA-N,Glycerophospholipid metabolism,0.31640758450586726,3-(5-Methoxy-4-oxocyclohex-2-en-1-yl)prop-2-enoic acid
IK_JYFOSWJYZIVJPO-YGEZULPYSA-N,Starch and sucrose metabolism,0.37305732815770554,Vanillic acid [-CO]
IK_JYGFTBXVXVMTGB-UHFFFAOYSA-N,Histidine metabolism,0.7351735044207101,Oxindole
IK_JYGLAHSAISAEAL-UHFFFAOYSA-N,Glycerophospholipid metabolism,0.9697001230263256,Diphacinone
IK_JYLWKPPSBSYYNP-YMGFZKSCSA-N,Glycerophospholipid metabolism,0.605975314204877,"DG(18:3(10,12,15)-OH(9)/0:0/i-13:0)"
IK_JYPCXBJRLBHWME-IUCAKERBSA-N,Glutathione metabolism,0.9988948724113142,Glycylprolylarginine
IK_JYPHNHPXFNEZBR-UHFFFAOYSA-N,Tyrosine metabolism,0.7720565330641322,Beta-Tyrosine
IK_JYZJYKOZGGEXSX-UHFFFAOYSA-N,Fatty acid biosynthesis,0.3662472276117099,2-Hydroxymyristic Acid
IK_JZDHUJAFXGNDSB-WHFBIAKZSA-N,Linoleic acid metabolism,0.3399389974886593,Glu-Ala
IK_JZHBSOAJXNHZEG-UHFFFAOYSA-N,Sphingolipid metabolism,0.5587831149497238,Cer-NDS d41:0
IK_JZKXXXDKRQWDET-UHFFFAOYSA-N,Tyrosine metabolism,0.5532352924961961,DL-m-Tyrosine
IK_JZWNYZVVZXZRRH-MDZDMXLPSA-N,Glycerophospholipid metabolism,0.5074962212381381,1-Oleoylglycerophosphoserine
IK_KACDZDULGKPXHT-HIVNOOBXSA-N,Glycerophospholipid metabolism,0.6184938823298545,PE(P-18:0/0:0)
IK_KAOLEMQCYWHOJQ-UQACNIHJSA-N,Primary bile acid biosynthesis,0.7857890992601473,5b-Cyprinol sulfate
IK_KBDSLGBFQAGHBE-MSGMIQHVSA-N,Linoleic acid metabolism,0.9837309016692471,Linonin
IK_KBJNLOFREYBAHR-UZIPXBRASA-N,Glycerophospholipid metabolism,0.4352070189983865,DG(15:0/0:0/18:4n3)
IK_KBOJOGQFRVVWBH-ZETCQYMHSA-N,Histidine metabolism,0.37685662101678596,N-Acetyl-L-Histidine
IK_KBOPZPXVLCULAV-UHFFFAOYSA-N,Tyrosine metabolism,0.9895845238866553,Mesalamine
IK_KBOVKDIBOBQLRS-ONCCEEIJSA-N,Linoleic acid metabolism,0.34944869507615545,Tetranor-12(S)-HETE
IK_KBOVKDIBOBQLRS-QCNAHCIUSA-N,Linoleic acid metabolism,0.3499762842757461,Tetranor-12(R)-HETE
IK_KCEGBPIYGIWCDH-UHFFFAOYSA-N,Fatty acid biosynthesis,0.27327686325707023,"7,8-diaminopelargonate"
IK_KCEQGTJBAICOKH-UHFFFAOYSA-N,Glycerophospholipid metabolism,0.561077728438032,Glycerol 1-(5-hydroxydodecanoate)
IK_KCPRJVDBLLJBMF-LGPQXENESA-N,Glycerophospholipid metabolism,0.1792996233076101,Dihydroisomorphine-3-glucuronide
IK_KCSKCIQYNAOBNQ-YBSFLMRUSA-N,Glycerophospholipid metabolism,0.9994261234550446,Biotin sulfoxide
IK_KCXVZYZYPLLWCC-UHFFFAOYSA-N,Glycerophospholipid metabolism,0.5438471004068434,Edetic Acid
IK_KDCCOOGTVSRCHX-RWPZCVJISA-N,Linoleic acid metabolism,0.6912216043795375,Urobilin
IK_KDEYEEYMIPNKIJ-OGIIFMLESA-N,Sphingolipid metabolism,0.6264524611874158,C24:0 lactosylceramide
IK_KDGAYJIGGCDHPH-UWVGGRQHSA-N,Tyrosine metabolism,0.20210761870195776,L-beta-aspartyl-L-phenylalanine
IK_KDPFMRXIVDLQKX-ISGXEFFDSA-N,Glycerophospholipid metabolism,0.1923994976815629,Curdione
IK_KDSPLKNONIUZSZ-NGJCXOISSA-N,Pentose phosphate pathway,0.9389101873331454,"(2R,4S,5R)-2,4,5,6-Tetrahydroxyhexanal"
IK_KDXKERNSBIXSRK-RXMQYKEDSA-N,Lysine degradation,0.21142553461068997,D-Lysine
IK_KDXKERNSBIXSRK-UHFFFAOYSA-N,Lysine degradation,0.21142553461068997,DL-Lysine
IK_KECVAQLNZFMLLN-DUXPYHPUSA-N,"Valine, leucine and isoleucine degradation",0.9573654211232664,2-Chloro-5-methylmaleylacetate
IK_KEFJLCGVTHRGAH-UHFFFAOYSA-N,Nicotinate and nicotinamide metabolism,0.9213911304004531,2-Acetyl-5-methylfuran
IK_KEMQGTRYUADPNZ-UHFFFAOYSA-N,Biosynthesis of unsaturated fatty acids,0.2809894944013003,FA 17:0
IK_KEQHJBNSCLWCAE-UHFFFAOYSA-N,Tryptophan metabolism,0.4551116990938051,Thymoquinone
IK_KEYDJKSQFDUAGF-YIRKRNQHSA-N,Glycerophospholipid metabolism,0.6294860687543292,PGD2 ethanolamide
IK_KEYXJLUVVQSLGX-JRTZWYSWSA-N,Linoleic acid metabolism,0.4172489352687143,"PC(22:3(10Z,13Z,16Z)/20:4(5Z,8Z,11Z,14Z)-OH(16R))"
IK_KFEUJDWYNGMDBV-LODBTCKLSA-N,Galactose metabolism,0.42439916065496486,N-acetyl-lactosamine
IK_KFQUAMTWOJHPEJ-DAGMQNCNSA-N,Purine metabolism,0.509047015782804,Allopurinol-1-ribonucleoside
IK_KGCPGAKRLOCUEV-ZLXBYIIJSA-N,Glycerophospholipid metabolism,0.43865637863225937,PE O-16:1_22:6
IK_KGFGBSRVWKBWIC-UHFFFAOYSA-N,Glycerophospholipid metabolism,0.4965010730366672,"1H-Imidazole-1-acetamide, N,N-bis(2-hydroxyethyl)-2-nitro-"
IK_KGNGTSCIQCLKEH-SYCVNHKBSA-N,Purine metabolism,0.964923816202532,Vicine
IK_KGPNNIOVWVIXOR-UHFFFAOYSA-N,Fatty acid degradation,0.29422124533851424,3-Methylbut-2-enoylcarnitine
IK_KGQYREIAHMZYSA-UHFFFAOYSA-N,Glycerophospholipid metabolism,0.9692776776062043,Dehydrocarpaine I
IK_KGQZGCIVHYLPBH-UHFFFAOYSA-N,Glycerophospholipid metabolism,0.2702401778899374,Furafylline
IK_KHAVLLBUVKBTBG-UHFFFAOYSA-N,Biosynthesis of unsaturated fatty acids,0.32652075847905937,9-Decenoic acid
IK_KHCDPAZLBSPVSE-UHFFFAOYSA-N,Biosynthesis of unsaturated fatty acids,0.2934928819025849,9-Oxohexadecanoic acid
IK_KHYYDOVNIFQNTL-DXKRBAIRSA-N,Glycerophospholipid metabolism,0.6282765898615191,"MG(20:3(6,8,11)-OH(5)/0:0/0:0)"
IK_KIHBGTRZFAVZRV-UHFFFAOYSA-N,Fatty acid biosynthesis,0.3659693696246638,2-Hydroxyoctadecanoic acid
IK_KILNVBDSWZSGLL-UHFFFAOYSA-N,Linoleic acid metabolism,0.44299329062896853,"1,2-Dipalmitoylphosphatidylcholine"
IK_KISYRRMFQYIIFQ-UHFFFAOYSA-N,Glycerophospholipid metabolism,0.7172804415477487,Corchorosol A
IK_KIUOSJFEKWWKSM-UHFFFAOYSA-N,Linoleic acid metabolism,0.4829360797214092,SM 42:0;2O
IK_KIWQWJKWBHZMDT-UHFFFAOYSA-N,Glycerophospholipid metabolism,0.13241520393464706,Homocysteine thiolactone
IK_KJABUVRFCPPJPD-UHFFFAOYSA-N,Glycerophospholipid metabolism,0.13303991926454234,Benzylpenicilloyl G
IK_KJHYUSLWTPMFTN-AQWUKCDYSA-N,Glycerophospholipid metabolism,0.49024825231370167,MG(18:1(11Z)/0:0/0:0)
IK_KJJPLEZQSCZCKE-UHFFFAOYSA-N,Glyoxylate and dicarboxylate metabolism,0.674721073954,"2-Amino-1,3-propanediol"
IK_KJNZIEGLNLCWTQ-KRWDZBQOSA-N,Biotin metabolism,0.9763532061770475,AB-Chminaca
IK_KJUNGQXFZYMUOH-FKWLWHCOSA-N,Linoleic acid metabolism,0.46359188270724927,LPC 18:1.1
IK_KKABVOCYVJCRKP-PZOQESJISA-N,Glycerophospholipid metabolism,0.4239747177162346,TG 54:5|TG 16:0_18:1_20:4
IK_KKEYFWRCBNTPAC-UHFFFAOYSA-N,Ubiquinone and other terpenoid-quinone biosynthesis,0.306428232404394,Terephthalic Acid
IK_KKSDGJDHHZEWEP-SNAWJCMRSA-N,"Phenylalanine, tyrosine and tryptophan biosynthesis",0.9882198189526537,3-Coumaric Acid
IK_KKUOJZVNLJCTPF-UHFFFAOYSA-N,Histidine metabolism,0.49354270611758083,Glucosyl passiflorate
IK_KLAONOISLHWJEE-QWRGUYRKSA-N,"Phenylalanine, tyrosine and tryptophan biosynthesis",0.2325975628113785,Phe-Gln
IK_KLJFYXOVGVXZKT-CCEZHUSRSA-N,Biosynthesis of unsaturated fatty acids,0.40924818340172314,Hexadecenal
IK_KLLGGGQNRTVBSU-FQSPHKRJSA-N,Biosynthesis of unsaturated fatty acids,0.3398330991810439,"(9Z,11E,13S,15Z)-13-Hydroxyoctadeca-9,11,15-trienoic acid"
IK_KLSLBUSXWBJMEC-UHFFFAOYSA-N,Tyrosine metabolism,0.9805949742595131,4-Propylphenol
IK_KLXACYSQYFWVLM-UHFFFAOYSA-N,Glycerophospholipid metabolism,0.127425605726851,"3,5-Dichloro-2,6-dihydroxybenzoic acid"
IK_KMAKOBLIOCQGJP-UHFFFAOYSA-N,Tryptophan metabolism,0.49018496949596535,Indole-3-carboxylic acid
IK_KMDRUUGMNYPPJH-UHFFFAOYSA-N,Glycerophospholipid metabolism,0.9571493157576906,"Acetamide, 2-(diethylamino)-N-(2-(octyloxy)phenyl)-"
IK_KMTRUDSVKNLOMY-UHFFFAOYSA-N,Glycerophospholipid metabolism,0.49865126568566776,Ethylene carbonate
IK_KMUIHDBETHWZBC-UHFFFAOYSA-N,Fatty acid biosynthesis,0.4661979079516798,"N-[2-(2,5-dimethylimidazol-1-yl)ethyl]-1-methylpyrrole-2-carboxamide"
IK_KMXXSJLYVJEBHI-UHFFFAOYSA-N,D-Amino acid metabolism,0.2541728613697225,3-Guanidinopropionic acid
IK_KNNHXKQRTYEWCA-HYYWERRFSA-N,Linoleic acid metabolism,0.4270621508751656,PC 38:3
IK_KOAPDMKKECXPHX-UHFFFAOYSA-N,Glycerophospholipid metabolism,0.15340336339178565,Malabaricone B
IK_KOCFTADHOAAXFC-UHFFFAOYSA-N,Sphingolipid metabolism,0.9689516638907422,N-Hydroxymethyl-N-methylformamide
IK_KOCKWDDTAHPJSX-UHFFFAOYSA-N,Linoleic acid metabolism,0.38193297615868593,Hexacosanoyl carnitine
IK_KOGRJTUIKPMZEJ-KTKRTIGZSA-N,Linoleic acid metabolism,0.33498641663032613,Oleoyltaurine
IK_KORLZEIJSHHTDW-YFKPBYRVSA-N,Arginine biosynthesis,0.31170889807763763,N5-formyl-N5-hydroxy-L-ornithine
IK_KORNTPPJEAJQIU-KJXAQDMKSA-N,Glycerophospholipid metabolism,0.9997497594462242,Cabergoline
IK_KPGXRSRHYNQIFN-UHFFFAOYSA-L,"Valine, leucine and isoleucine biosynthesis",0.3348721338146311,alpha-ketoglutarate
IK_KPMVHELZNRNSMN-UHFFFAOYSA-N,Linoleic acid metabolism,0.474232180819518,imidazole; pyrazole
IK_KPQMCAKZRXOZLB-KOIHBYQTSA-N,Linoleic acid metabolism,0.4875441889375262,Vomifoliol
IK_KPUXJBYSYFEKKB-UHFFFAOYSA-N,Fatty acid biosynthesis,0.37018067012709127,Thiopalmitic Acid
IK_KPWKPGFLZGMMFX-VHSXEESVSA-N,Ascorbate and aldarate metabolism,0.24799612892923859,(1S)-(-)-Camphanic Acid
IK_KQBKJSVYIBRYNQ-KKMFPEKASA-N,Glycerophospholipid metabolism,0.9892346686797959,Tangeraxanthin
IK_KQXKVJAGOJTNJS-HNNXBMFYSA-N,Linoleic acid metabolism,0.3354353931239606,Penbutolol
IK_KQZRTOGFDRQBSR-UHFFFAOYSA-N,Glycerophospholipid metabolism,0.41738793885120345,"2-Amino-4-oxo-6-(1',2',3'-trihydroxypropyl)-diquinoid-7,8-dihydroxypterin"
IK_KRBJOAIDSTYRMG-UHFFFAOYSA-N,Primary bile acid biosynthesis,0.7539541655663782,Deoxycholylasparagine
IK_KRHHFPJGGBLAAH-MYBCZMNMSA-N,Glycerophospholipid metabolism,0.363383383385536,Physagulin D
IK_KRHRBKYBJXMYBB-WHFBIAKZSA-N,Glycerophospholipid metabolism,0.3669522135482115,Ala-Cys-Gly
IK_KRNKDESUFDXONA-PHQZTFDCSA-N,Glycerophospholipid metabolism,0.42335441151378733,TG 58:2
IK_KRNYOVHEKOBTEF-YUMQZZPRSA-N,"Valine, leucine and isoleucine biosynthesis",0.4186993068744843,Valyl-Valine
IK_KRVDMABBKYMBHG-UHFFFAOYSA-N,Biosynthesis of unsaturated fatty acids,0.5964468093287346,Isoguvacine
IK_KSEBMYQBYZTDHS-HWKANZROSA-N,Tyrosine metabolism,0.5713814475648447,trans-Ferulic acid
IK_KSEGSVAXULZZCC-UHFFFAOYSA-N,Glycerophospholipid metabolism,0.4690336792492424,3-Hydroxymethyl-picumast
IK_KSGZCKSNTAJOJS-DZBMUNJRSA-N,Linoleic acid metabolism,0.9986290600573083,Cortistatin A
IK_KSMRODHGGIIXDV-YFKPBYRVSA-N,Arginine biosynthesis,0.4639282067392588,N-Acetylglutamine
IK_KSPIYJQBLVDRRI-UHFFFAOYSA-N,"Valine, leucine and isoleucine biosynthesis",0.404510099588696,N-Methylisoleucine
IK_KSPQDMRTZZYQLM-UHFFFAOYSA-N,Purine metabolism,0.9827228908504799,N-(2-Furoyl)glycine
IK_KSUBHIPBMPOXPG-FEBLJDHQSA-N,Linoleic acid metabolism,0.4558011694051337,SM(d14:1/16:0)
IK_KTCOGEGNUCOCON-UHFFFAOYSA-N,Glycerophospholipid metabolism,0.5401482671767096,Glyzarin
IK_KTOLOIKYVCHRJW-XZMZPDFPSA-N,Tryptophan metabolism,0.5280734508857887,Azvudine
IK_KTSUCMSACGPDKE-UHFFFAOYSA-N,Linoleic acid metabolism,0.9719916142408546,"[(2R,3S,4R,5R)-3,4,5,6-Tetrahydroxy-1-oxohexan-2-yl] (2S)-2-aminopropanoate"
IK_KTXUGZHJVRHQGP-UHFFFAOYSA-N,Nicotinate and nicotinamide metabolism,0.9784370247529701,4-Hydroxy-1-(3-pyridinyl)-1-butanone
IK_KUAZQDVKQLNFPE-UHFFFAOYSA-N,Linoleic acid metabolism,0.39835637429250126,Thiram
IK_KUHFPGIVBOCRMV-MNXVOIDGSA-N,Linoleic acid metabolism,0.3576177195563985,Ile Gln Leu
IK_KUVXQAWMEHTXOV-UHFFFAOYSA-N,"Glycine, serine and threonine metabolism",0.4189925011409905,3-Carboxyoxy-2-hydroxypropanoic acid
IK_KUZTVCXICCCQGY-FIFLTTCUSA-N,Glutathione metabolism,0.9960297524589152,"(2E,8E)-10-hydroxydeca-2,8-dien-4-ynoyl-CoA"
IK_KVBGVZZKJNLNJU-UHFFFAOYSA-M,Porphyrin metabolism,0.7024793388429734,2-naphthalenesulfonate
IK_KVBGVZZKJNLNJU-UHFFFAOYSA-N,Purine metabolism,0.42252747462454515,2-Naphthalenesulfonic acid
IK_KVCPIDDKLUDCQJ-UHFFFAOYSA-N,Arginine biosynthesis,0.3357873431098302,L-alpha-Amino-1H-pyrrole-1-hexanoic acid
IK_KVCSJPATKXABRQ-UHFFFAOYSA-N,Tryptophan metabolism,0.641109496502041,Piboserod
IK_KVNPSKDDJARYKK-JTQLQIEISA-N,Tryptophan metabolism,0.6617637361078894,5-Methoxytryptophan
IK_KVTFEOAKFFQCCX-UHFFFAOYSA-N,Biosynthesis of unsaturated fatty acids,0.3529396834206146,Palmitoylglycine
IK_KVUAQCKXYIJBCP-BUFOXMIFSA-N,Ether lipid metabolism,0.9817836272361619,Fructosyl valine
IK_KVYNYRIOAYQBFK-AIIPJEMGSA-N,Glycerophospholipid metabolism,0.18686395345678736,Hordatine A
IK_KWABLUYIOFEZOY-UHFFFAOYSA-N,Fatty acid biosynthesis,0.29078384379854044,Dioctyl succinate
IK_KWBQPGIYEZKDEG-FSPLSTOPSA-N,Linoleic acid metabolism,0.2757927469784801,Asparaginyl-Valine
IK_KWDXKYNWAKMLKK-YQMRQDNGSA-N,Sphingolipid metabolism,0.5399296159106861,"(4E,14Z)-2-Aminooctadeca-4,14-diene-1,3-diol"
IK_KWGRBVOPPLSCSI-WCBMZHEXSA-N,"Phenylalanine, tyrosine and tryptophan biosynthesis",0.484755935922081,Pseudoephedrine
IK_KWIUHFFTVRNATP-UHFFFAOYSA-N,Lysine degradation,0.9418250114463662,Betaine
IK_KWNPSWVOZWAPLW-UHFFFAOYSA-N,Glycerophospholipid metabolism,0.6737468027979472,3-Methoxycatechol sulfate
IK_KWXICGTUELOLSQ-UHFFFAOYSA-N,Sphingolipid metabolism,0.49926537236664337,Dodecylbenzenesulfonic Acid
IK_KXGVEGMKQFWNSR-WFTUMUMQSA-N,Primary bile acid biosynthesis,0.6565557662787784,Allodeoxycholic acid
IK_KXIAPDOVNFLKOS-FSBLEZRJSA-N,Glycerophospholipid metabolism,0.6511000377636799,DG(PGD2/8:0/0:0)
IK_KXLSJQTXSAYFDL-VAWYXSNFSA-N,Glycerophospholipid metabolism,0.44297258944241036,Acetolein
IK_KXXJEDOBYWNPME-UHFFFAOYSA-N,Glycerophospholipid metabolism,0.34152215799614744,5-Butyl-2-ethyloxazole
IK_KYZSOPIZDMFUBC-QPCGIFMOSA-N,Linoleic acid metabolism,0.8657089092409175,glucuronide conjugate
IK_KZAUOCCYDRDERY-UHFFFAOYSA-N,Glycerophospholipid metabolism,0.13303991926454234,Oxamyl
IK_KZNQNBZMBZJQJO-RXMQYKEDSA-N,Arginine biosynthesis,0.12409379643570728,Glycylproline [+C2H4]
IK_KZSNJWFQEVHDMF-SCSAIBSYSA-N,"Valine, leucine and isoleucine biosynthesis",0.5906465639271049,D-Valine
IK_KZTYPOGXRFTJBN-QUPJTARXSA-N,Porphyrin metabolism,0.9937307902542738,Phaeophorbide b
IK_KZUXSHYAXPMDNJ-UHFFFAOYSA-N,Sphingolipid metabolism,0.5141520915155787,7-(1-Imidazolyl)heptanoic acid
IK_KZXGPOLABXFBDK-SCFYABBUSA-N,Glycerophospholipid metabolism,0.46722180419918485,"LysoPE(0:0/22:5(7Z,10Z,13Z,16Z,19Z))"
IK_LADJWZMBZBVBSB-YEXRKOARSA-N,Glycerophospholipid metabolism,0.7911902334743135,Dehydrotumulosic acid
IK_LAEIZWJAQRGPDA-CIRFHOKZSA-N,Ether lipid metabolism,0.9929549843242989,Sclareol oxide
IK_LAGYWHSFHIMTPE-UHFFFAOYSA-N,Glycerophospholipid metabolism,0.13950168786833567,Desmethylastemizole
IK_LANVDNZVFGFCTB-PFONDFGASA-N,Linoleic acid metabolism,0.46511299748040097,LPC O-24:1
IK_LBGFKUUHOPIEMA-PEARBKPGSA-N,Tryptophan metabolism,0.9561982590469212,Sapacitabine
IK_LBZZFYDZWFULSD-UHFFFAOYSA-N,Linoleic acid metabolism,0.4678624519435616,PC O-37:0
IK_LCAFGJGYCUMTGS-UHFFFAOYSA-N,Tyrosine metabolism,0.152039399334396,Nebracetam
IK_LCHFAYIGHOVWSA-LEDUIRAGSA-N,Glycerophospholipid metabolism,0.13950168786833567,?<U+00C3><U+2021><U+00C3><U+0153> Tetrahydropentoxyline
IK_LCHFAYIGHOVWSA-UHFFFAOYSA-N,Primary bile acid biosynthesis,0.4713605392365704,"1-(1,2,3,4,5-Pentahydroxypent-1-yl)-1,2,3,4-tetrahydro-beta-carboline-3-carboxylate"
IK_LCJRHAPPMIUHLH-UHFFFAOYSA-N,Glycerophospholipid metabolism,0.9840325806179363,Policapram
IK_LCPDWSOZIOUXRV-UHFFFAOYSA-N,Phenylalanine metabolism,0.4995587620457872,Phenoxyacetic Acid
IK_LCPYQJIKPJDLLB-UHFFFAOYSA-N,Linoleic acid metabolism,0.3522411728928989,Leucyl-leucine
IK_LCPYQJIKPJDLLB-UWVGGRQHSA-N,Linoleic acid metabolism,0.3521627856378587,Leu-Leu
IK_LDCYZAJDBXYCGN-UHFFFAOYSA-N,Tryptophan metabolism,0.4604675098853721,5-Hydroxytryptophan
IK_LDKDGDIWEUUXSH-UHFFFAOYSA-N,Linoleic acid metabolism,0.9457835678511637,THYMOLPHTHALEIN
IK_LEEDEKWKJVUWGA-AVFOEOQDSA-N,Tyrosine metabolism,0.6609364597719657,N-cis-p-Coumaroyltyrosine
IK_LEILBPMISZFZQK-GFCCVEGCSA-N,Steroid hormone biosynthesis,0.9124657463446993,Olamufloxacin
IK_LEQAKWQJCITZNK-AXHKHJLKSA-N,Glycerophospholipid metabolism,0.15340336339178565,Thiocolchicoside
IK_LEVWYRKDKASIDU-QWWZWVQMSA-N,Cysteine and methionine metabolism,0.1750039316136702,D-Cystine
IK_LFLJTCVAAOWHTD-BHPNAFPPSA-N,Glycerophospholipid metabolism,0.9237024500211675,3alpha-Acetomethoxy-11alpha-oxo-12-ursen-24-oic acid
IK_LFLWRPZTBUUBEQ-ZRJLWMKBSA-N,Biosynthesis of unsaturated fatty acids,0.19756838905774377,Daphniphylline
IK_LFPLDCZTCJLLHS-KZJYDNEQSA-N,Glycerophospholipid metabolism,0.6976702961060567,DG(LTE4/a-21:0/0:0)
IK_LFUCRBSGQMAKCO-UHFFFAOYSA-N,Tryptophan metabolism,0.9904613919866322,5-Hydroxyindoleacetylglycine
IK_LFUDDCMNKWEORN-ZXEGGCGDSA-N,Glycerophospholipid metabolism,0.3937242086512273,LPC 16:1
IK_LFULEKSKNZEWOE-UHFFFAOYSA-N,Tyrosine metabolism,0.11013116116992573,Propanil
IK_LGHBWDKMGOIZKH-CBZIJGRNSA-N,Steroid hormone biosynthesis,0.8508632293118994,3-Deoxyestrone
IK_LGHZJDKSVUTELU-UHFFFAOYSA-N,Glycerophospholipid metabolism,0.8007704039580475,Fipronil Sulfone
IK_LGOGXWQIQWFWBX-BEEAGPBQSA-N,Glycerophospholipid metabolism,0.4546196053382685,"PE(20:3(6,8,11)-OH(5)/22:1(13Z))"
IK_LGOQXEQWOCSLEC-CYZBKYQRSA-N,Glycerophospholipid metabolism,0.9964111754908161,Chrysoeriol 7-O-neohesperidoside
IK_LGPGBPOGXNRFFI-XQEWOMBFSA-N,Linoleic acid metabolism,0.4315887719453109,PC 17:0-22:4-d5
IK_LGVYUZVANMHKHV-UHFFFAOYSA-N,Linoleic acid metabolism,0.4729692221271311,Dihydrogeranylacetone
IK_LGZSMXJRMTYABD-MDZDMXLPSA-N,Tyrosine metabolism,0.7569420201143549,[8]-Shogaol
IK_LHEGPXCSOZGQCV-AXQAKGHFSA-N,Tryptophan metabolism,0.5492265326787519,N(4)-Oleylcytosine arabinoside
IK_LHGVLZHIYVKZBT-UHFFFAOYSA-N,Vitamin B6 metabolism,0.9043483242562945,5-(3-Pyridyl)-2-hydroxytetrahydrofuran
IK_LHQIJBMDNUYRAM-DZSWIPIPSA-N,Glycerophospholipid metabolism,0.40614691819290794,Biopterin
IK_LHTZUHRNOLWZNI-UHFFFAOYSA-N,Linoleic acid metabolism,0.31974856511928507,5-Methyltricosanoylcarnitine
IK_LIFAQMGORKPVDH-UHFFFAOYSA-N,Glycerophospholipid metabolism,0.1792996233076101,7-Ethoxycoumarin
IK_LIHDYIAAKPQZSN-UHFFFAOYSA-N,Glycerophospholipid metabolism,0.9897087707532101,Morph
IK_LILXPJXZNJTPQZ-UHFFFAOYSA-N,Arginine biosynthesis,0.9870881946540071,2-Methoxy-4-methylphenol sulfate
IK_LILYSWSASVONIC-UHFFFAOYSA-N,Cysteine and methionine metabolism,0.9828612985996733,N-[4-[Acetyl(3-aminopropyl)amino]butyl]-N-(3-aminopropyl)acetamide
IK_LITUBCVUXPBCGA-WMZHIEFXSA-N,Ascorbate and aldarate metabolism,0.2531091157048444,Ascorbyl stearate
IK_LJHGATIVGCLEDO-DCLYHHALSA-N,Glycerophospholipid metabolism,0.508725325143129,"DG(20:5(7Z,9Z,11E,13E,17Z)-3OH(5,6,15)/0:0/18:0)"
IK_LJHXGGOJWZBJCI-JCGOJSMZSA-N,Linoleic acid metabolism,0.5256582645560202,SM d40:3
IK_LJIRBXZDQGQUOO-KVTDHHQDSA-N,Purine metabolism,0.39151742148968693,"5,6-Dihydro-5-azacytidine"
IK_LJJHXRRUVASJDX-KRXBUXKQSA-N,Caffeine metabolism,0.2549180225007006,Lupinic acid
IK_LJOOSFYJELZGMR-UHFFFAOYSA-N,Glycerophospholipid metabolism,0.9971635147502024,umbelliferone sulfate
IK_LJOQGZACKSYWCH-LHHVKLHASA-N,Linoleic acid metabolism,0.9660596579033695,Hydroquinidine
IK_LJTSIMVOOOLKOL-FNRDIUJOSA-N,Glycerophospholipid metabolism,0.1923994976815629,Antroquinonol
IK_LKAFPNQADHUXMM-LURJTMIESA-N,Purine metabolism,0.5030047496983333,(2S)-2-(4-Chloroanilino)propanoic acid
IK_LKAPTZKZHMOIRE-KVTDHHQDSA-N,Ascorbate and aldarate metabolism,0.34825550568791497,"2,5-Anhydro-D-mannose"
IK_LKICWTKOZJNCQH-AATRIKPKSA-N,Fatty acid degradation,0.30421335018135887,(12E)-10-Hydroxytetradec-12-enoylcarnitine
IK_LKLLJYJTYPVCID-JVVXYUKTSA-N,Biosynthesis of unsaturated fatty acids,0.35879448780450596,"(9Z,12E)-15,16-Dihydroxyoctadeca-9,12-Dienoic Acid"
IK_LKQLRGMMMAHREN-YJFXYUILSA-N,Linoleic acid metabolism,0.4557753036413915,SM d36:1
IK_LMAFCBRBDQCUTK-HGDYXINXSA-N,Linoleic acid metabolism,0.5100546271536599,Ile-Ile-Ala-Glu-Lys
IK_LMJSLTNSBFUCMU-UHFFFAOYSA-N,Glycerophospholipid metabolism,0.13950168786833567,Trichlormethiazide
IK_LMKGFPWGPGBBHF-FVQFVYKESA-N,Glycerophospholipid metabolism,0.4607370044282849,"PG(a-13:0/18:2(9Z,11Z))"
IK_LMOUVAHDYFZTCE-UHFFFAOYSA-N,"Glycine, serine and threonine metabolism",0.7456122693061696,Tetrahydrothiophene sulfoxide
IK_LNJNFVJKDJYTEU-UHFFFAOYSA-N,Purine metabolism,0.48387236850793786,Diethofencarb
IK_LNQVTSROQXJCDD-KQYNXXCUSA-N,Purine metabolism,0.5370420284827722,Adenosine 3'-monophosphate
IK_LOAUVZALPPNFOQ-UHFFFAOYSA-N,D-Amino acid metabolism,0.9789858794731656,2-Quinolinecarboxylic acid
IK_LOHIEGDVOARVPJ-NSCUHMNNSA-N,Glycerophospholipid metabolism,0.9885347646382596,Xenognosin A
IK_LOMQONAZKMLAOB-UHFFFAOYSA-N,Glycerophospholipid metabolism,0.42480140250495263,Iodopindolol
IK_LOODYTDRRBLQNH-UHFFFAOYSA-N,Tyrosine metabolism,0.9995926207318527,Vanilloylglycine
IK_LOWWYYZBZNSPDT-ZBEGNZNMSA-N,Glycerophospholipid metabolism,0.4988586822204355,Delgocitinib
IK_LOYWOYCPSWPKFH-DSNGMDLFSA-N,Glycerophospholipid metabolism,0.18686395345678736,Quadazocine
IK_LPEPZZAVFJPLNZ-SFHVURJKSA-N,Glycerophospholipid metabolism,0.4812757035107374,8-Prenylnaringenin
IK_LPIOYESQKJFWPQ-UHFFFAOYSA-N,Fatty acid biosynthesis,0.21473694077601047,2-Hydroxydecanedioic acid
IK_LQQFFJFGLSKYIR-UHFFFAOYSA-M,Tyrosine metabolism,0.7903410079245214,"3-(3,4-Dihydroxyphenyl)pyruvate"
IK_LRCNOZRCYBNMEP-UHFFFAOYNA-N,Fatty acid degradation,0.3070363869149117,Butyryl carnitine
IK_LRKCBIUDWAXNEG-CSMHCCOUSA-N,Linoleic acid metabolism,0.5231762826993865,Leu-Thr
IK_LRNNBJBAUXSVMH-NHNZYLEHSA-N,Sphingolipid metabolism,0.8851162049393821,4R-Hydroxy solifenacin
IK_LRQKBLKVPFOOQJ-YFKPBYRVSA-N,Arginine biosynthesis,0.20936422165415666,L-Norleucine
IK_LSBDFXRDZJMBSC-UHFFFAOYSA-N,"Phenylalanine, tyrosine and tryptophan biosynthesis",0.39462877948158903,2-Phenylacetamide
IK_LSFLNLHTOKKPHT-UHFFFAOYSA-N,Fatty acid biosynthesis,0.2553283978769366,"(+)-15,16-Dihydroxyoctadecanoic acid"
IK_LSOWKZULVQWMLY-APPDJCNMSA-N,Linoleic acid metabolism,0.46695395527881045,LPC 22:6
IK_LSUXCWJOIAWGOU-FTJOPAKQSA-N,Linoleic acid metabolism,0.41778678932551294,"LysoPC(0:0/18:2(9Z,12Z))"
IK_LSVHZFZMMXHHBS-MNBASXMYSA-N,Linoleic acid metabolism,0.5140322907899635,"10,11-dihydro-20-trihydroxy-leukotriene B4"
IK_LSWOCDLIYSKTRX-UHFFFAOYSA-N,Arginine biosynthesis,0.40354330708661595,1-Butyl-1-nitrosourea
IK_LTEJTIXDTAJBOQ-JHHXISLPSA-N,Linoleic acid metabolism,0.49797492684360917,"SM(d17:2(4E,8Z)/PGJ2)"
IK_LTINZAODLRIQIX-FBXRGJNPSA-N,Glycerophospholipid metabolism,0.18686395345678736,Cefpodoxime proxetil
IK_LUHMMHZLDLBAKX-DBIGVJDZSA-N,Retinol metabolism,0.20151812723371548,Artemisin
IK_LUINDDOUWHRIPW-UHFFFAOYSA-N,Tryptophan metabolism,0.9768171190164925,6-Chloromelatonin
IK_LULOGYYPGZOKQW-DUXPYHPUSA-N,Sphingolipid metabolism,0.4847513319429404,Trans-Caffeic acid [apiosyl-(1->6)-glucosyl] ester
IK_LUMKNAVTFCDUIE-VHXPQNKSSA-N,Fatty acid degradation,0.8659478688255149,"2-[4-[(Z)-4-Chloro-1,2-diphenylbut-1-enyl]phenoxy]ethanol"
IK_LUSZGTFNYDARNI-UHFFFAOYSA-N,Citrate cycle (TCA cycle),0.9713900680904799,Sesamol
IK_LVCMXFSJTNPFHH-FRCNGJHJSA-N,Retinol metabolism,0.8120995472545741,4-Hydroxyretinoic acid glucuronide
IK_LVDKZNITIUWNER-UHFFFAOYSA-N,Glycerophospholipid metabolism,0.13950168786833567,Bronopol
IK_LVGKNOAMLMIIKO-QXMHVHEDSA-N,Glycerophospholipid metabolism,0.45500835399788336,Ethyl oleate
IK_LVHBHZANLOWSRM-UHFFFAOYSA-N,Fatty acid biosynthesis,0.5077919725776223,Itaconic acid
IK_LVHOURKCKUYIGK-RGUJTQARSA-N,Steroid hormone biosynthesis,0.787928525856216,Dimethisterone
IK_LVJJEIJOKPHQOU-UHFFFAOYSA-N,Vitamin B6 metabolism,0.9485685824271174,"3-Hydroxy-2-methylpyridine-4,5-dicarboxylate"
IK_LVNITLZCNUEXQK-UTJQPWESSA-N,Linoleic acid metabolism,0.4241046308228964,carnitine 14:2
IK_LVQDKIWDGQRHTE-UHFFFAOYSA-N,Ether lipid metabolism,0.9904354471465501,Cyromazine
IK_LVRFTAZAXQPQHI-UHFFFAOYSA-N,"Valine, leucine and isoleucine biosynthesis",0.2396112741653669,Leucinic Acid
IK_LXJXRIRHZLFYRP-UHFFFAOYSA-N,"Glycine, serine and threonine metabolism",0.9708694823317664,DL-Glyceraldehyde 3-phosphate
IK_LXWZWRRIEITWMN-ZUTFDUMMSA-N,Porphyrin metabolism,0.9998527497303279,(3Z)-phytochromobilin
IK_LXYZKMJJLXYZTE-RKQHYHRCSA-N,Sphingolipid metabolism,0.4131577804113641,1-(beta-D-Glucopyranosyloxy)-3-octanone
IK_LXZUEFPJZTWGEL-KAMYIIQDSA-N,Sphingolipid metabolism,0.957914731120538,"?<U+00C3><U+2021><U+00C3><U+0153> alpha,beta-Dihydroxyethyl-TPP"
IK_LYCIFUKTLFWAKN-BKQFRBNDSA-N,Glycerophospholipid metabolism,0.43227472806051176,"DG(22:6(4Z,7Z,10Z,13Z,16Z,19Z)/22:5(4Z,7Z,10Z,13Z,16Z)/0:0)"
IK_LYCVKHSJGDMDLM-LURJTMIESA-N,Histidine metabolism,0.6155656728147122,Histidinyl-Glycine
IK_LYMVXFSTACVOLP-UHFFFAOYSA-N,Tryptophan metabolism,0.2670515849229177,Tryptophyl-Leucine
IK_LYMVXFSTACVOLP-ZFWWWQNUSA-N,Tryptophan metabolism,0.2677996925743505,Trp Leu
IK_LYRFLYHAGKPMFH-UHFFFAOYSA-N,Fatty acid biosynthesis,0.36481654909887984,Octadecanamide
IK_LYSGIJUGUGJIPS-ONEGZZNKSA-N,Linoleic acid metabolism,0.9135782286335311,Cucurbic acid
IK_LZFOPEXOUVTGJS-ONEGZZNKSA-N,Tyrosine metabolism,0.6992243940784606,Sinapyl alcohol
IK_LZOSYCMHQXPBFU-UHFFFAOYSA-N,Linoleic acid metabolism,0.3818157324366145,Decanoyl-L-carnitine
IK_LZPZPHGJDAGEJZ-AKAIJSEGSA-N,Purine metabolism,0.5328274559236399,Regadenoson
IK_MAAMGQXOTCBPFS-JPGWWKBXSA-N,Linoleic acid metabolism,0.42988044041873025,"PC(18:0/22:5(7Z,10Z,13Z,16Z,19Z))"
IK_MADRIHWFJGRSBP-ROUUACIJSA-N,Glycerophospholipid metabolism,0.13241520393464706,Benazeprilat
IK_MAHPNPYYQAIOJN-UHFFFAOYSA-N,Steroid hormone biosynthesis,0.40473681674999235,"?<U+00C3><U+2021><U+00C3><U+0153> Azimsulfuron; 3-Glucosyl-2,3',4,4',6-pentahydroxybenzophenone"
IK_MALFODICFSIXPO-KFKQDBFTSA-N,Glycerophospholipid metabolism,0.1792996233076101,VERATRAMINE
IK_MALNXHYEPCSPPU-UWVGGRQHSA-N,Tyrosine metabolism,0.43419507220454623,Seryltyrosine
IK_MAZWDMBCPDUFDJ-VQHVLOKHSA-N,Biosynthesis of unsaturated fatty acids,0.40148074429295716,trans-traumatic acid
IK_MBDKGXAMSZIDKF-VJIACCKLSA-N,Glycerophospholipid metabolism,0.44164171548784154,N-Oleoyl-L-Serine
IK_MBJLYSAPIVPYNP-CLFYSBASSA-N,Amino sugar and nucleotide sugar metabolism,0.9698077633400317,Methyl helianthenoate A glucoside
IK_MBMQEIFVQACCCH-XVNBXDOJSA-N,Glutathione metabolism,0.6104630742985924,"(S,E)-Zearalenone"
IK_MBWDCAVWOVBITA-RRQLROBKSA-N,Glycerophospholipid metabolism,0.5375766840277558,"DG(18:3(9,11,15)-OH(13)/0:0/a-15:0)"
IK_MCBZSKZRUIWKPM-ANMDKAQQSA-N,Glycerophospholipid metabolism,0.46147167507669956,Cerivastatin lactone
IK_MCFZBCCYOPSZLG-UHFFFAOYSA-N,Linoleic acid metabolism,0.16584648461477047,"2-Cyclopentene-1,4-dione"
IK_MCJGNVYPOGVAJF-UHFFFAOYSA-N,Arginine and proline metabolism,0.14487504527345113,8-Hydroxyquinoline
IK_MCYHPZGUONZRGO-VKHMYHEASA-N,Linoleic acid metabolism,0.9988968316920622,Mecysteine
IK_MDCGEAGEQVMWPE-AATRIKPKSA-N,Drug metabolism - cytochrome P450,0.6917869972544893,3-Oxo-alpha-ionol
IK_MDDUIRLQCYVRDO-NHCYSSNCSA-N,Lysine degradation,0.28186391031036306,Lys Val Asn
IK_MDIUMSLCYIJBQC-BUHFOSPRSA-N,Linoleic acid metabolism,0.2501016802684151,FA 18:1+3O
IK_MDIUMSLCYIJBQC-MVFSOIOZSA-N,Linoleic acid metabolism,0.25004603921493956,"9,12,13-TriHOME"
IK_MDQKYGOECVSPIW-UHFFFAOYSA-N,Linoleic acid metabolism,0.6884583228620553,chlorothalonil-4-hydroxy
IK_MDRFMTLYKHBJTF-NQYLGBTJSA-N,Linoleic acid metabolism,0.46039207490580386,SM d38:2
IK_MDSIZRKJVDMQOQ-GORDUTHDSA-N,"Glycine, serine and threonine metabolism",0.8759361777772805,(2E)-4-hydroxy-3-methylbut-2-en-1-yl trihydrogen diphosphate
IK_MDSUKZSLOATHMH-UHFFFAOYSA-N,"Valine, leucine and isoleucine biosynthesis",0.3641045356192721,Leucyl-Valine
IK_MDWXOTLIYUYWJP-UHFFFAOYSA-N,Pyruvate metabolism,0.1833133896331654,3-hydroxy-3-(3-hydroxyphenyl)propanoic acid-O-sulphate
IK_MDZKJHQSJHYOHJ-LLICELPBSA-N,Retinol metabolism,0.20151812723371548,Maslinic acid
IK_MEHHPFQKXOUFFV-XDNAFOTISA-N,Tyrosine metabolism,0.39629476178462053,17alpha-Trenbolone
IK_MEJPFLKDAHVOFR-CGEJCFONSA-N,Primary bile acid biosynthesis,0.8415258583780622,3-O-Methylniveusin A
IK_METKIMKYRPQLGS-UHFFFAOYSA-N,Glycerophospholipid metabolism,0.479701653586071,Atenolol
IK_MFGALGYVFGDXIX-UHFFFAOYSA-N,Glycerophospholipid metabolism,0.1673629917859093,"2,3-Dimethylmaleic anhydride"
IK_MFIONIMKDOSXCC-SJQSLJDISA-N,Glycerophospholipid metabolism,0.4252288850000645,"DG(15:0/18:4(6Z,9Z,12Z,15Z)/0:0)"
IK_MFOCDFTXLCYLKU-CMPLNLGQSA-N,Glycerophospholipid metabolism,0.3323212540958969,Phendimetrazine
IK_MFPOOPOMQXUMBS-RWMKFOTHSA-N,Glycerophospholipid metabolism,0.4556351924801493,"PE(18:1(11Z)/20:4(8Z,11Z,14Z,17Z))"
IK_MFXYPCMYAZAZDX-UHFFFAOYSA-N,Retinol metabolism,0.9979860493089922,Notoginsenoside R10
IK_MFYFKAXYRXODPL-UHFFFAOYSA-N,Glycerophospholipid metabolism,0.24417175114732179,"3,4-Dihydroxyphenylglycol O-sulfate"
IK_MGBKJKDRMRAZKC-UHFFFAOYSA-N,Primary bile acid biosynthesis,1.0,"3-Aminobenzene-1,2-diol"
IK_MGFYIUFZLHCRTH-UHFFFAOYSA-N,"Glycine, serine and threonine metabolism",0.363103976496311,Nitrilotriacetic acid
IK_MGRVRXRGTBOSHW-UHFFFAOYSA-N,Glycerophospholipid metabolism,0.18686395345678736,Aminomethylphosphonic acid
IK_MGXAKXRVQRODDX-LRSNRTHXSA-N,"Alanine, aspartate and glutamate metabolism",0.9413715825225053,Ginkgolide K
IK_MHDRTPJQGBFRLF-HKBYYINESA-N,Glycerophospholipid metabolism,0.42826589585477104,"DG(22:6(4Z,7Z,10Z,13Z,16Z,19Z)/22:2(13Z,16Z)/0:0)"
IK_MHMUCYJKZUZMNJ-OWOJBTEDSA-N,Arginine biosynthesis,0.9820165400955965,Trans-3-Chloroacrylic acid
IK_MIAKOEWBCMPCQR-GCHJQGSQSA-N,Starch and sucrose metabolism,0.48944211501642587,4-Aminophenylmannoside
IK_MICNQLKUSOVNNG-UHFFFAOYSA-N,Purine metabolism,0.9493321138438561,9-Carboxymethoxymethylguanine
IK_MIKWCKCBCDZUNB-JRQMLGJJSA-N,Linoleic acid metabolism,0.42829050553333126,PC O-34:3
IK_MINDHVHHQZYEEK-HBBNESRFSA-N,Retinol metabolism,0.9828097552858914,Mupirocin
IK_MJEQLGCFPLHMNV-UHFFFAOYSA-N,Tryptophan metabolism,0.4964804454510981,Hydroxymethylcytosine
IK_MKMUWJJSVUOCQC-DTKYWWSASA-N,Glycerophospholipid metabolism,0.4536035391761448,PE(18:1(11Z)/18:0)
IK_MKOKWBRPIBQYJJ-WZBOJYASSA-N,Sphingolipid metabolism,0.7012304371655224,C24:1 lactosylceramide
IK_MKSNXBRPSXVJOZ-BHCKOVANSA-N,Linoleic acid metabolism,0.4643045398470729,SM 26:3;2O/14:1
IK_MKYPKZSGLSOGLL-LURJTMIESA-N,Arginine biosynthesis,0.27469775668661633,4-(Glutamylamino) butanoate
IK_MMAFNNBLJJXUCU-UHFFFAOYSA-N,Ascorbate and aldarate metabolism,0.3472144087193391,"(3b,16b,20R)-Pregn-5-ene-3,16,20-triol 3-glucoside"
IK_MMBIABUYJUHFAK-XRYCYFGJSA-N,Linoleic acid metabolism,0.44688372396579246,"PC(22:6(4Z,7Z,10Z,13E,15E,19Z)-OH(17)/18:3(9Z,12Z,15Z))"
IK_MMCQRJPAMIHLQX-ZOWXZIJZSA-N,Glycerophospholipid metabolism,0.49844853352917484,Sophoramine
IK_MMFKFJORZBJVNF-UHFFFAOYSA-N,Histidine metabolism,0.3104491629968961,Histidinyl-Leucine
IK_MMFKFJORZBJVNF-UWVGGRQHSA-N,Histidine metabolism,0.3104491629968961,Histidylleucine
IK_MMKRHZKQPFCLLS-UHFFFAOYSA-N,Fatty acid biosynthesis,0.22579820541560866,Ethyl Myristate
IK_MMNWSHJJPDXKCH-UHFFFAOYSA-N,Steroid hormone biosynthesis,0.21527000835384863,2-Anthraquinonesulfonic acid
IK_MMOXZBCLCQITDF-UHFFFAOYSA-N,Tyrosine metabolism,0.15162107453416598,Diethyltoluamide
IK_MNBHSIWWHUIFNM-UHFFFAOYSA-N,Fatty acid degradation,0.3043758968692618,6-Hydroxyoctanoylcarnitine
IK_MNEBDCWSYIPUDZ-UHFFFAOYSA-N,Arginine biosynthesis,0.9693705586887957,Gamma-L-Glutamyl-L-pipecolic acid
IK_MNLRQHMNZILYPY-MKFCKLDKSA-N,Amino sugar and nucleotide sugar metabolism,0.9986226343611369,N-Acetylmuramate
IK_MNNKFDDWOSVWJL-JAWFKQLMSA-N,Glycerophospholipid metabolism,0.44819237444666443,"PS(20:1(11Z)/20:4(5Z,8Z,11Z,14Z))"
IK_MOTZDAYCYVMXPC-UHFFFAOYSA-N,Glycerophospholipid metabolism,0.4985417681568862,C12-AS (TENTATIVE)
IK_MPDGHEJMBKOTSU-YKLVYJNSSA-N,Linoleic acid metabolism,0.9837309016692471,Glycyrrhetinic acid
IK_MPWUZHVZZKSTPV-MADBQMNMSA-N,Glycerophospholipid metabolism,0.4524543676987402,"PE(16:0/22:6(4Z,7Z,10Z,13Z,16Z,19Z))"
IK_MQDDWIVNNZPOCB-HOTGVXAUSA-N,Glycerophospholipid metabolism,0.8072353057200705,Elaeocarpidine
IK_MQEBEBZYRKXMDL-UHFFFAOYSA-N,Arginine biosynthesis,0.24162109231161175,Gamma-Glutamyl-S-methylcysteine sulfoxide
IK_MQGBAQLIFKSMEM-MAZCIEHSSA-N,Glycerophospholipid metabolism,0.43747100623738894,DG 18:2_18:2
IK_MQIUGAXCHLFZKX-UHFFFAOYSA-N,Linoleic acid metabolism,0.9090016717832623,Dioctyl phthalate
IK_MQTAVJHICJWXBR-UHFFFAOYSA-N,Arginine and proline metabolism,0.8000992183107545,N1-Acetylspermidine
IK_MRBDMNSDAVCSSF-UHFFFAOYSA-N,Sphingolipid metabolism,0.28571428571428575,Phentolamine
IK_MRBKEAMVRSLQPH-UHFFFAOYSA-N,Sphingolipid metabolism,0.20860065496838814,3-tert-Butyl-4-hydroxyanisole
IK_MRTUWVDDQVMUCR-ACHCNROVSA-N,Glycerophospholipid metabolism,0.4002521702026206,"LysoPC(18:3(6Z,9Z,12Z)/0:0)"
IK_MSCFBKZUOGKJNH-DOWYPDBQSA-N,Linoleic acid metabolism,0.4377657058701113,"PC(22:5(4Z,7Z,10Z,13Z,16Z)/P-18:1(9Z))"
IK_MSFSPUZXLOGKHJ-GLPGPYIRSA-N,Amino sugar and nucleotide sugar metabolism,0.5260778823832519,Alpha-Muramic acid
IK_MSFSPUZXLOGKHJ-PGYHGBPZSA-N,Amino sugar and nucleotide sugar metabolism,0.5380470215363665,Muramic acid
IK_MSRVZJWXQUEINS-WAAHFECUSA-N,Glycerophospholipid metabolism,0.9933803789475033,"Glucosyl (2E,6E,10x)-10,11-dihydroxy-2,6-farnesadienoate"
IK_MSUMOHDXPKCNSB-CUOJZFFHSA-N,Steroid hormone biosynthesis,0.8394923906949705,"11beta-Hydroxy-3,20-dioxopregn-4-en-21-oic acid"
IK_MSWZFWKMSRAUBD-HOWGCPQDSA-N,Galactose metabolism,0.44090686399557066,2-Amino-2-deoxy-L-glucopyranose
IK_MSWZFWKMSRAUBD-QZABAPFNSA-N,Galactose metabolism,0.44090686399557066,beta-D-Glucosamine
IK_MSWZFWKMSRAUBD-UZJJNQGWSA-N,Galactose metabolism,0.44090686399557066,d-Galac-tosamine
IK_MSYKRHVOOPPJKU-BDAKNGLRSA-N,Glycerophospholipid metabolism,0.4906924989403304,Brivaracetam
IK_MTHSVFCYNBDYFN-UHFFFAOYSA-N,Glycerophospholipid metabolism,0.4997238107616324,DI(Hydroxyethyl)ether
IK_MTJZYEYMGZZYQD-OPMFDOCVSA-N,Glycerophospholipid metabolism,0.1923994976815629,"5-Hydroxycapsanthin-5,6-epoxide"
IK_MTKNDAQYHASLID-RNFKDHMMSA-N,Steroid hormone biosynthesis,0.5941470588256812,Estradiol-17beta-glucuronide
IK_MUAWGUDMTNCPGN-XVQMPNGWSA-N,Linoleic acid metabolism,0.43426220806050475,PC 46:7e
IK_MULVVBYNDZRKPA-XCZWIQLXSA-N,Linoleic acid metabolism,0.5374714097996518,PC(P-16:0/2:0)
IK_MUWFEEOSXPAQIY-LQOXNGKESA-N,Glycerophospholipid metabolism,0.45378456080710655,PE(15:0/22:1(13Z))
IK_MUZOGCSYWJPGRB-UHFFFAOYSA-N,Retinol metabolism,0.20151812723371548,Ichangin 4-glucoside
IK_MVFGUOIZUNYYSO-UHFFFAOYSA-N,Drug metabolism - cytochrome P450,0.9080912669638072,Prilocaine
IK_MVKVCCFLYCXSGW-KMCFPEAVSA-N,Linoleic acid metabolism,0.4809451932796717,"PC(LTE4/22:2(13Z,16Z))"
IK_MVPPADPHJFYWMZ-UHFFFAOYSA-N,Tyrosine metabolism,0.15162107453416598,Chlorobenzene
IK_MVVPIAAVGAWJNQ-CGRWFSSPSA-N,Biosynthesis of unsaturated fatty acids,0.33530206569261445,"N-[2-(3,4-Dihydroxyphenyl)ethyl]icosa-5,8,11,14-tetraenamide"
IK_MVYUVUOSXNYQLL-UHFFFAOYSA-N,Glycerophospholipid metabolism,0.3101752682501687,FAPy-adenine
IK_MWBWWFOAEOYUST-UHFFFAOYSA-N,Glycerophospholipid metabolism,0.20759471503678714,2-Aminopurine
IK_MWOOGOJBHIARFG-UHFFFAOYSA-N,Tyrosine metabolism,0.9970011120527588,Vanillin
IK_MWRBNPKJOOWZPW-CLFAGFIQSA-N,Glycerophospholipid metabolism,0.4537847775682244,PE 36:2
IK_MWRWFPQBGSZWNV-UHFFFAOYSA-N,Tyrosine metabolism,0.46650487831835585,Dinitrosopentamethylenetetramine
IK_MXAFDFDAIFZFET-QIEOIKHQSA-N,Glycerophospholipid metabolism,0.6671672956374718,LysoPI(18:0/0:0)
IK_MXDRPNGTQDRKQM-UHFFFAOYSA-N,Glycerophospholipid metabolism,0.23537802469442806,3-Methylpyridazine
IK_MXNRLFUSFKVQSK-UHFFFAOYSA-N,Lysine degradation,0.9712307500043165,Laminine
IK_MXRPNYMMDLFYDL-YFKPBYRVSA-N,Arginine biosynthesis,0.6423234181159001,N-Acetyl-S-(N-methylcarbamoyl)cysteine
IK_MXUNKHLAEDCYJL-UHFFFAOYSA-N,Tryptophan metabolism,0.96977323759469,Toloxatone
IK_MXVGMMSYPKQPGC-VGWLKTBOSA-N,Glycerophospholipid metabolism,0.42670124572418894,TG 48:3|TG 12:0_18:1_18:2
IK_MXWDHKDTQAPDQD-INBLFIHXSA-N,Linoleic acid metabolism,0.9924708811367352,Adamantylamide-alanyl-isoglutamine
IK_MXXWOMGUGJBKIW-YPCIICBESA-N,Glycerophospholipid metabolism,0.1792996233076101,Piperine
IK_MYEJFUXQJGHEQK-ALRJYLEOSA-N,Glycerophospholipid metabolism,0.9875862952039165,Proscillaridin
IK_MYFMARDICOWMQP-YUMQZZPRSA-N,Linoleic acid metabolism,0.18709992486611746,gamma-Glu-leu
IK_MYWAIWDQTCHPTH-LJAIZBFVSA-N,Steroid biosynthesis,0.9965460925211125,"4alpha-carboxy-4beta-methyl-5alpha-cholesta-8,24-dien-3beta-ol"
IK_MZJVEEJEYSKNPH-OSTDEYQUSA-N,Linoleic acid metabolism,0.4104964434615698,MGDG 34:2
IK_MZOYMQRKTJRHGJ-UHFFFAOYSA-N,Arginine biosynthesis,0.19587200180312003,2-n-Tetrahydrothiophenecarboxylic acid
IK_MZSJQKKCFOSWBW-VJIACCKLSA-N,Glycerophospholipid metabolism,0.4815208799548748,N-Oleoyl Asparagine
IK_MZWRIOUCMXPLKV-RFOVXIPZSA-N,Steroid hormone biosynthesis,0.6307624138292165,16-Dehydropregnenolone acetate
IK_NAIPAPCKKRCMBL-JYJNAYRXSA-N,Glycerophospholipid metabolism,0.5179756456175957,Pro-Pro-Phe
IK_NAYOYSKSFGMFOB-LURJTMIESA-N,Arginine biosynthesis,0.6498483338934937,S-(2-Hydroxyethyl)-N-acetyl-L-cysteine
IK_NAYRRTXXROQWER-DBAXAXBNSA-N,Linoleic acid metabolism,0.4363037450652844,SM 42:3;2O|SM 18:2;2O/24:1
IK_NBEADXWAAWCCDG-QDDWGVBQSA-N,Linoleic acid metabolism,0.46039207490580386,SM (d18:1/18:1(9Z))
IK_NBIIXXVUZAFLBC-UHFFFAOYSA-N,One carbon pool by folate,0.9569488801347596,Phosphoric acid
IK_NBYHNBHEHIKVDS-CNFNJSKASA-N,Glycerophospholipid metabolism,0.6298657323755562,DG(18:0/0:0/LTE4)
IK_NCEQLLNVRRTCKJ-UHFFFAOYSA-N,Steroid hormone biosynthesis,0.3346031422519377,"4-[2-[5,5-Dimethyl-8-(4-methylphenyl)-6H-naphthalen-2-yl]ethynyl]benzoic acid"
IK_NCVXEYAKRVJMTQ-UHFFFAOYSA-N,Glycerophospholipid metabolism,0.127425605726851,"1-(3,4-Diethoxybenzyl)-6,7-diethoxy-3,4-dihydroisoquinoline"
IK_NDAUXUAQIAJITI-UHFFFAOYSA-N,Tyrosine metabolism,0.152039399334396,Salbutamol
IK_NDBRCNIXDRLLSE-GSUBHOBPSA-N,Linoleic acid metabolism,0.4291291471544998,GPCho(22:6/18:1)
IK_NDEFPWCNVUSOMM-ARZPVTGOSA-N,Linoleic acid metabolism,0.4453279490115152,"PC(P-18:1(11Z)/20:4(5Z,8Z,11Z,14Z)-OH(20))"
IK_NDLCPYLJACQPTP-XBLVEGMJSA-N,Sphingolipid metabolism,0.29637321865307836,"Undeca-5,7-dienoylcarnitine"
IK_NDPWMVKNLXIMLF-KIYNQFGBSA-N,Glycerophospholipid metabolism,0.4836258042849761,Apiforol sulfate
IK_NDQCVBYVTMEEQZ-RXQYGXENSA-N,Glycerophospholipid metabolism,0.5543395837922872,"DG(15:0/0:0/18:3(9,11,15)-OH(13))"
IK_NDSZHILVESJDPU-NZRYSPDRSA-N,Glycerophospholipid metabolism,0.4424586599251745,1-arachidonoyl-2-hydroxy-sn-glycero-3-phosphate
IK_NDYMQXYDSVBNLL-MUYMLXPFSA-N,Glycerophospholipid metabolism,0.9529042587459875,Cucurbitacin E
IK_NEGQHKSYEYVFTD-HSZRJFAPSA-N,Linoleic acid metabolism,0.49001815257383713,LysoPC(0:0/16:0)
IK_NELZMZLNTYWIPD-MLBSDYKWSA-N,Steroid hormone biosynthesis,0.6459971498219566,Nuatigenin
IK_NESRXFGQJARQNM-OWYFMNJBSA-N,Linoleic acid metabolism,0.44643077395727976,Ovalicin
IK_NFCOJBIECSQMAM-JQISRXLJSA-N,Glycerophospholipid metabolism,0.643895774372987,Armillarivin
IK_NFJTYOOTXIAZGM-CPRJBALCSA-N,Glycerophospholipid metabolism,0.6368369172996128,DG(10:0/a-17:0/0:0)
IK_NFNVDJGXRFEYTK-UHFFFAOYSA-N,Linoleic acid metabolism,0.2617596983483224,Leucyl-Glutamate
IK_NFOMHWALMFWNAQ-UHFFFAOYSA-N,Sphingolipid metabolism,0.24638825005109957,Acetoxyacetylaminofluorene
IK_NFWKVWVWBFBAOV-MISYRCLQSA-N,Glycerophospholipid metabolism,0.08809896244421163,dehydroabietic acid
IK_NFXHRONXTSUXIR-PUKZTNJRSA-N,Glycerophospholipid metabolism,0.5006190905461518,"DG(16:0/0:0/20:3(8Z,11Z,14Z)-2OH(5,6))"
IK_NFZKLQHAALLDRG-UINNZVLTSA-N,Glycerophospholipid metabolism,0.6476340620051112,DG(PGF1alpha/0:0/12:0)
IK_NGBBVGZWCFBOGO-UHFFFAOYSA-N,Tyrosine metabolism,0.9742273343747525,"3,4-Methylenedioxyamphetamine"
IK_NGCXIFFZXAZRAF-UHFFFAOYSA-M,Arginine and proline metabolism,0.7307747112414673,2-Keto-6-acetamidocaproate
IK_NGEWQZIDQIYUNV-UHFFFAOYSA-N,"Valine, leucine and isoleucine biosynthesis",0.33979426750561664,2-Hydroxy-3-methylbutyric acid
IK_NGHNCQYFTPFRAD-UHFFFAOYSA-N,Fatty acid degradation,0.3059140224934982,3-Oxobutanoylcarnitine
IK_NGHVIOIJCVXTGV-ALEPSDHESA-N,Amino sugar and nucleotide sugar metabolism,0.9194241081492653,6-Aminopenicillanic acid
IK_NGPDZEACIWDCKX-WUDKWMPASA-N,Retinol metabolism,0.2476099129562977,Vulgarin
IK_NGSWBLPYWNRZHV-FUJSRDAWSA-N,Glycerophospholipid metabolism,0.44774859599096967,"PE-NMe2(14:1(9Z)/22:5(7Z,10Z,13Z,16Z,19Z))"
IK_NGSWKAQJJWESNS-ZZXKWVIFSA-N,"Phenylalanine, tyrosine and tryptophan biosynthesis",0.6104478077820962,p-coumaric acid
IK_NGTXCORNXNELNU-BOIFFFMUSA-N,Linoleic acid metabolism,0.25591856994534706,Leukotriene B3
IK_NGZXDRGWBULKFA-WUFINQPMSA-N,Glycerophospholipid metabolism,0.15340336339178565,Chondrocurine
IK_NHAJHKARKKFXMR-UHFFFAOYSA-N,Glycerophospholipid metabolism,0.15261711325525623,Adlupone
IK_NHKZSTHOYNWEEZ-AFCXAGJDSA-N,Purine metabolism,0.3875650952884191,Taribavirin
IK_NHTGHBARYWONDQ-JTQLQIEISA-N,Tyrosine metabolism,0.9951551511806274,Metyrosine
IK_NICDFCNOCPZHTJ-LXGSHKTASA-N,Drug metabolism - cytochrome P450,0.4869862529817329,Annosquamosin B
IK_NIDNHJFXEWZXLZ-VGVQALKYSA-N,Glycerophospholipid metabolism,0.5751651566599204,"DG(18:1(12Z)-O(9S,10R)/a-17:0/0:0)"
IK_NIDVTARKFBZMOT-PEBGCTIMSA-N,Pyrimidine metabolism,0.33088637806900967,N-Acetylcytidine
IK_NIGWMJHCCYYCSF-UHFFFAOYSA-N,Tyrosine metabolism,0.5084124238873985,P-CHLOROPHENYLALANINE
IK_NILQLFBWTXNUOE-UHFFFAOYSA-N,Arginine and proline metabolism,0.24670125466259749,Cycloleucine
IK_NIOYUNMRJMEDGI-UHFFFAOYSA-N,Arginine and proline metabolism,0.364472175296666,Palmitaldehyde
IK_NISGSNTVMOOSJQ-UHFFFAOYSA-N,Lysine degradation,0.9578812164343775,Cyclopentylamine
IK_NISPVUDLMHQFRQ-MKIKIEMVSA-N,Linoleic acid metabolism,0.4892285740242962,Cucurbitacin I
IK_NITMRIAAAKECLS-IZZDOVSWSA-N,Retinol metabolism,0.9904224530895334,Furapyrimidone
IK_NIVZHWNOUVJHKV-UHFFFAOYSA-N,Tyrosine metabolism,0.3880657591747284,Bethanidine
IK_NIXDINZDFZJZHG-LUAWRHEFSA-N,Fatty acid biosynthesis,0.42073284204629313,(Z)-2-octylpent-2-enedioic acid
IK_NIXOWILDQLNWCW-UHFFFAOYSA-N,Arginine biosynthesis,0.9989462672412098,Acrylic acid
IK_NJCXGFKPQSFZIB-RRKCRQDMSA-N,Pyrimidine metabolism,0.9420557426829085,5-Chloro-2'-deoxyuridine
IK_NJMGRJLQRLFQQX-HYXAFXHYSA-N,"Valine, leucine and isoleucine biosynthesis",0.9476143394061217,2-Isopropylmaleate
IK_NJYDDAGEVQMOBI-UHFFFAOYSA-N,Glycerophospholipid metabolism,0.61208469181804,"3 ?<U+00C3><U+00B3>?<U+00C3><U+00B3>?<U+00C3><U+2021><U+00C3><U+0153>?<U+00C2><U+00BC>?<U+00C3><U+00B3>?<U+00C3><U+2021>??<U+00C3><U+00B3>-(2 ?<U+00C3><U+00B3>?<U+00C3><U+00B3>?<U+00C3><U+2021><U+00C3><U+0153>?<U+00C2><U+00BC>?<U+00C3><U+00B3>?<U+00C3><U+2021>??<U+00C3><U+00B3> ?<U+00C3><U+00B3>?<U+00C3><U+00B3>?<U+00C3><U+2021><U+00C3><U+0153>?<U+00C2><U+00BC>?<U+00C3><U+00A0>?<U+00C3><U+2021><U+00C2><U+00A3>,3 ?<U+00C3><U+00B3>?<U+00C3><U+00B3>?<U+00C3><U+2021><U+00C3><U+0153>?<U+00C2><U+00BC>?<U+00C3><U+00A9>??? ?<U+00C3><U+00B3>?<U+00C3><U+00B3>?<U+00C3><U+2021><U+00C3><U+0153>?<U+00C2><U+00BC>?<U+00C3><U+00AF>?<U+00C3><U+00B4>-Digalloylglucosyl)-phloroacetophenone"
IK_NKDFYOWSKOHCCO-WRDNMVOESA-N,Steroid hormone biosynthesis,0.9377431906522542,Ecdysterone
IK_NKDFYOWSKOHCCO-YPVLXUMRSA-N,Steroid hormone biosynthesis,0.1451922884469132,Crustecdysone
IK_NKFNBVMJTSYZDV-UHFFFAOYSA-N,Sphingolipid metabolism,0.2697723416456658,Lauryldiethanolamine
IK_NLLMJANWPUQQTA-SPUZQDLCSA-N,Steroid hormone biosynthesis,0.9982480083896855,"Estra-1,3,5(10),7-tetraene-3,17alpha-diol"
IK_NLMDZXKCTWKRSQ-IBISWUOJSA-N,Amino sugar and nucleotide sugar metabolism,0.9115023436105032,"[(2S,3S,4S,5S,6R)-4,5-Dihydroxy-2,6-dimethyloxan-3-yl] hydrogen sulfate"
IK_NLPBBNGDXNHAJP-AATRIKPKSA-N,Linoleic acid metabolism,0.49030283850811307,9-Hydroxy-7-megastigmen-3-one glucoside
IK_NLRKCXQQSUWLCH-UHFFFAOYSA-N,Purine metabolism,0.8771333793203887,Nitrosobenzene
IK_NLUNAYAEIJYXRB-HEJOTXCHSA-N,Biosynthesis of unsaturated fatty acids,0.33879686775780715,"8-hydroxy-5Z,9E,11Z,14Z-eicosatetraenoic acid"
IK_NMDWGEGFJUBKLB-UHFFFAOYSA-N,Arginine and proline metabolism,0.27264320373662987,2-Acetolactate
IK_NMDWGEGFJUBKLB-YFKPBYRVSA-N,Arginine and proline metabolism,0.27264320373662987,(S)-2-Acetolactate
IK_NMEZJSDUZQOPFE-UHFFFAOYSA-N,Arginine and proline metabolism,0.28154019239561784,1-Cyclohexene-1-carboxylic acid
IK_NMGVHLDIHNFGQB-ZGLWHBDZSA-N,Glycerophospholipid metabolism,0.9962840344902758,Rhamnetin 3-rhamninoside
IK_NMHMNPHRMNGLLB-UHFFFAOYSA-N,Tyrosine metabolism,0.8016098792712666,Desaminotyrosine
IK_NMPZCCZXCOMSDQ-ZRTZXPPTSA-N,Tryptophan metabolism,0.5092912087443435,"Cytidine 2 ?<U+00C3><U+00B3>?<U+00C3><U+00B3>?<U+00C3><U+2021><U+00C3><U+0153>?<U+00C2><U+00BC>?<U+00C3><U+00A9>??,3 ?<U+00C3><U+00B3>?<U+00C3><U+00B3>?<U+00C3><U+2021><U+00C3><U+0153>?<U+00C2><U+00BC>?<U+00C3><U+00A9>??-cyclic phosphate"
IK_NNIGBOAAXZMMQM-DTQAZKPQSA-N,Linoleic acid metabolism,0.4876075287690321,(10Z)-12-Hydroxyhexadecenoylcarnitine
IK_NNLLMULULOBXBY-PLNGDYQASA-N,Glycerophospholipid metabolism,0.480542330330462,Cis-3-Hexenyl lactate
IK_NNNVXFKZMRGJPM-KHPPLWFESA-N,Biosynthesis of unsaturated fatty acids,0.27983231156384936,Sapienic acid
IK_NNPWRKSGORGTIM-RCDCWWQHSA-N,Biosynthesis of unsaturated fatty acids,0.28624791010289957,"8,15-DiHETE"
IK_NNULBSISHYWZJU-LLKWHZGFSA-N,Glycerophospholipid metabolism,0.18686395345678736,Ceftizoxime
IK_NODSEPOUFZPJEQ-UHFFFAOYSA-N,Arginine biosynthesis,0.993375882585453,Thymol Sulfate
IK_NOKPBJYHPHHWAN-REOHCLBHSA-N,"Glycine, serine and threonine metabolism",0.38618552058643185,cysteine-S-sulfate
IK_NOOJLZTTWSNHOX-UWVGGRQHSA-N,Glycerophospholipid metabolism,0.44269275333115615,Melanostatin
IK_NOSWATRCDIPOON-UHFFFAOYSA-N,Biosynthesis of unsaturated fatty acids,0.18087112501148947,135-Trichloro-(2-methylsulfonyl)benzene
IK_NPCZZYKITFKRQZ-FQUZZJBASA-N,Glycerophospholipid metabolism,0.42335441151378733,TG 52:1|TG 16:0_18:0_18:1
IK_NPDLYUOYAGBHFB-WDSKDSINSA-N,Arginine biosynthesis,0.3294697985172749,Asparaginylarginine
IK_NPDSHTNEKLQQIJ-UHFFFAOYSA-N,Biosynthesis of unsaturated fatty acids,0.2536412256656902,"9-Hydroxy-10,12-Octadecadienoic Acid"
IK_NPDSHTNEKLQQIJ-UINYOVNOSA-N,Biosynthesis of unsaturated fatty acids,0.2537258182393362,9(S)-HODE
IK_NPDTUDWGJMBVEP-UHFFFAOYSA-N,Arginine and proline metabolism,0.7154517010760412,"N1,N12-Diacetylspermine"
IK_NPNUFJAVOOONJE-FLFDDASRSA-N,Citrate cycle (TCA cycle),0.950224482330473,cis-Caryophyllene
IK_NPQJTPHMCZYCNP-UHFFFAOYSA-N,Purine metabolism,0.4953622450082515,Permetin A
IK_NPTOZJLCWXEGKK-UHFFFAOYSA-N,"Glycine, serine and threonine metabolism",1.0,methyl 2-((4-methyl-2-oxo-2H-chromen-7-yl)oxy)propanoate
IK_NQAHWJIWYRYXFP-UHFFFAOYSA-N,Primary bile acid biosynthesis,0.9683134823535585,Melleolide H
IK_NQDAYVPCMIYPCA-UHFFFAOYSA-N,Glycerophospholipid metabolism,0.15261711325525623,Simonin V
IK_NQOMZUZLRFQVLR-UHFFFAOYSA-N,Glycerophospholipid metabolism,0.2239403347239772,5'-Hydroxylornoxicam
IK_NRBFOSKZAWRBJI-KRWDZBQOSA-N,Fatty acid biosynthesis,0.3118876357822755,N-Palmitoyl Alanine
IK_NRZWYNLTFLDQQX-UHFFFAOYSA-N,Tyrosine metabolism,0.15162107453416598,4-Tert-Amylphenol
IK_NSHPHXHGRHSMIK-JRIKCGFMSA-N,Linoleic acid metabolism,0.6113783695864952,Latrunculin B
IK_NSTCJQZTKVQBIU-UHFFFAOYSA-N,Linoleic acid metabolism,0.41537463475636766,"4-Methoxy-4-oxo-2,2-bis(sulfanyl)butanoic acid"
IK_NSVPCFNUUARRKL-CSKARUKUSA-N,Biosynthesis of unsaturated fatty acids,0.3185574090247787,11-Hydroxy-9-tridecenoic acid
IK_NSYSSMYQPLSPOD-UHFFFAOYSA-N,Glycerophospholipid metabolism,0.09647150688770453,4-Hydroxy-6-methyl-2-pyrone
IK_NTFDCJZOSZKJBK-MINGAGCFSA-N,Glycerophospholipid metabolism,0.43781354979902865,"PE-NMe(18:4(6Z,9Z,12Z,15Z)/22:4(7Z,10Z,13Z,16Z))"
IK_NTNWOCRCBQPEKQ-YFKPBYRVSA-N,Arginine biosynthesis,0.2982246958838189,L-Targinine
IK_NTVFQBIHLSPEGQ-BUHFOSPRSA-N,Linoleic acid metabolism,0.25004603921493956,"9,10,13-TriHOME"
IK_NTYJJOPFIAHURM-UHFFFAOYSA-N,Histidine metabolism,0.9640930355675612,nicotine
IK_NUJGJRNETVAIRJ-UHFFFAOYSA-N,Arginine and proline metabolism,0.3603198315416175,Octanal
IK_NURCPIMQAUMKKZ-FZOQRHEPSA-N,Sphingolipid metabolism,0.9596668375072136,Ganglioside GM3 (d18:1/16:0)
IK_NUZWLKWWNNJHPT-UHFFFAOYSA-N,Glycerophospholipid metabolism,0.1792996233076101,Anthralin
IK_NWGKJDSIEKMTRX-MDZDMXLPSA-N,Glycerophospholipid metabolism,0.805135045438852,Arlacel
IK_NWGZOALPWZDXNG-UHFFFAOYNA-N,Arginine biosynthesis,0.36811945582924116,"N,N-Dimethylarginine"
IK_NWIUTZDMDHAVTP-UHFFFAOYSA-N,Tyrosine metabolism,0.6992243940784606,Betaxolol
IK_NWVJXHCRPZDUPG-WYGAFBEVSA-N,Biosynthesis of unsaturated fatty acids,0.26854058015892385,"(6E,8R,10Z)-8-hydroxy-3-oxohexadecadienoic acid"
IK_NXJAXUYOQLTISD-SECBINFHSA-N,Sphingolipid metabolism,0.33334907867971153,Glutarylcarnitine
IK_NXJDPFSYOMFVES-SUTPNROZSA-N,Sphingolipid metabolism,0.686765234559967,3-O-Sulfogalactosylceramide (d18:1/18:1(9Z))
IK_NXJSQJIGCCIMAE-ORIYTCASSA-N,Glycerophospholipid metabolism,0.1923994976815629,Polyporenic acid C
IK_NYKHQRHPWDLZTL-UHFFFAOYSA-N,Arginine biosynthesis,0.3577214528351251,4-hydroxy-4-(pyridin-2-yl)butan-2-one
IK_NYPJDWWKZLNGGM-UHFFFAOYSA-N,Glycerophospholipid metabolism,0.1825458263200488,Fenvalerate
IK_NYRDUZVMRXFKRA-KCHFORSBSA-N,Glycerophospholipid metabolism,0.45760886118036065,"PE(20:0/18:4(6Z,9Z,12Z,15Z))"
IK_NZKKXAGORRATJB-UHFFFAOYSA-N,"Glycine, serine and threonine metabolism",0.9155117026383571,2-Methoxyacetaminophen sulfate
IK_NZKRYJGNYPYXJZ-UHFFFAOYSA-N,Tyrosine metabolism,0.5948108801956756,Dopamine 3-O-sulfate
IK_NZNMSOFKMUBTKW-UHFFFAOYSA-N,Glycerophospholipid metabolism,0.16562839649292332,Cyclohexanecarboxylic acid
IK_NZNWCYFBFHHMLM-UHFFFAOYSA-N,Galactose metabolism,0.9658089253435919,(S)-alpha-Terpinyl glucoside
IK_NZSAHCYFUVNLPX-UHFFFAOYSA-N,Primary bile acid biosynthesis,0.5783591087135449,Stigmastentriol
IK_NZUIUYWHFPQZBH-HXCATZOESA-N,Arachidonic acid metabolism,0.6695553302102379,Spirorenone
IK_NZUPCNDJBJXXRF-UHFFFAOYSA-O,Tryptophan metabolism,0.8813834508295607,Bethanechol
IK_NZVSGOQOFUVMHA-QOSDPKFLSA-N,Linoleic acid metabolism,0.45811205650135983,SM 35:1;2O
IK_NZXKDOXHBHYTKP-UHFFFAOYSA-N,Glycerophospholipid metabolism,0.7017735101545673,Methohexital
IK_OAKGNIRUXAZDQF-TXHRRWQRSA-N,Glycerophospholipid metabolism,0.1792996233076101,Retaspimycin
IK_OALYTRUKMRCXNH-UHFFFAOYSA-N,Arginine and proline metabolism,0.9498174401228999,Dihydro-5-pentyl-2(3H)-furanone
IK_OAORYCZPERQARS-VIFPVBQESA-N,Tryptophan metabolism,0.4103891755168277,6-Bromo-L-tryptophan
IK_OASKNPCLIHUTTL-UHFFFAOYSA-N,Glycerophospholipid metabolism,0.08301389657938399,4-hydroxyvalproic acid
IK_OBFSLMQLPNKVRW-RHPAUOISSA-N,Sphingolipid metabolism,0.39340792730758933,Cer(d18:1/18:1(9Z))
IK_OBHRVMZSZIDDEK-UHFFFAOYSA-N,Glycerophospholipid metabolism,0.7992215343042688,Mesobilirubinogen
IK_OBMDBUWMBOPDST-JJDRJQAMSA-N,Glycerophospholipid metabolism,0.06762468334083539,hydroxyproline dipeptide
IK_OBSIPTVJSOCDLZ-UHFFFAOYSA-N,Glycerophospholipid metabolism,0.13303991926454234,Hydroxyprolyl-Valine
IK_OBXDTEXUNVDKII-FNMRUBLUSA-N,Glycerophospholipid metabolism,0.42670124572418894,TG 47:3
IK_OBXKICUTIJDFHI-WMXQMYKUSA-N,Glycerophospholipid metabolism,0.5026770370490313,"DG(20:4(8Z,11Z,14Z,17Z)-2OH(5S,6R)/8:0/0:0)"
IK_OCALSPDXYQHUHA-FNORWQNLSA-N,Biosynthesis of unsaturated fatty acids,0.3557074685379,8-Methylnonenoate
IK_OCAPBUJLXMYKEJ-UHFFFAOYSA-N,Tyrosine metabolism,0.11013116116992573,Bifonazole
IK_OCEZPDBEDULORM-UHFFFAOYSA-N,Glycerophospholipid metabolism,0.9787522523796838,Ile-Ile-Ile-Pro
IK_OCKPCBLVNKHBMX-UHFFFAOYSA-N,Fatty acid degradation,0.9638834903065202,Butylbenzene
IK_ODAIHABQVKJNIY-PEDHHIEDSA-N,Glycerophospholipid metabolism,0.13303991926454234,Perindoprilat
IK_ODBLHEXUDAPZAU-ZAFYKAAXSA-N,Citrate cycle (TCA cycle),0.41300852010998435,D-threo-Isocitric acid
IK_ODBXEJFUFNZVOB-UVQSURNNSA-N,Linoleic acid metabolism,0.42829050553333126,PC O-40:3 or PC 40:3e
IK_ODKYYBOHSVLGNU-UHFFFAOYSA-N,Glycerophospholipid metabolism,0.9304432422282589,Terizidone
IK_ODVPGHBKUZXZJN-PWWCDPQYSA-N,Glycerophospholipid metabolism,0.4812757035107374,Luteolin 3'-(3''-acetylglucuronide)
IK_ODXINVOINFDDDD-AHHZEYPCSA-N,Glycerophospholipid metabolism,0.99481795767445,glycerol-3-galactoside
IK_ODXVXZSLYPJSLI-AATRIKPKSA-N,Fatty acid degradation,0.28177298731591494,(5E)-3-Hydroxyhept-5-enoylcarnitine
IK_OEBGQVIRXPDBGY-UHFFFAOYSA-N,Fatty acid degradation,0.9593866134117448,"(1a,5b,6a)-7-Protoilludene-1,5,6,14-tetrol 14-(2,4-dihydroxy-6-methylbenzoic acid)"
IK_OEDAQCLCHGASNH-UHFFFAOYSA-N,Glycerophospholipid metabolism,0.9728014370944289,Dehydrocarpaine II
IK_OEHVJXBNLPHFCT-UHFFFAOYSA-N,Arginine biosynthesis,0.49537199708761226,Glutamine lactate
IK_OEKUSRBIIZNLHZ-DJDNIQJZSA-N,Primary bile acid biosynthesis,0.7221991030287963,3-Dehydrocholic Acid
IK_OENIAPNUBVAGPG-YKEUAMLNSA-N,Glycerophospholipid metabolism,0.5092294698337331,"PE(20:4(8Z,11Z,14Z,17Z)-2OH(5S,6R)/DiMe(13,5))"
IK_OERBUNDZQSEJCT-CJXYNRQTSA-N,Glycerophospholipid metabolism,0.4169430213927302,TG 14:0_16:0_18:4
IK_OEVFKUKLCXTCSU-KOTKPJCWSA-N,Sphingolipid metabolism,0.6268044356313824,HexCer 34:1;2O
IK_OEWWEABZDCFLPH-UHFFFAOYSA-N,Glycerophospholipid metabolism,0.06762468334083539,Diethyloxalpropionate
IK_OFCNTYBPPAQCRE-UHFFFAOYSA-N,Tryptophan metabolism,0.22848964642106873,3h-Serotonin
IK_OFCNXPDARWKPPY-UHFFFAOYSA-N,Purine metabolism,0.919889502762431,Allopurinol
IK_OFPGGYKTROURFO-UCCAZXFESA-N,Glycerophospholipid metabolism,0.42996244423185775,"Cer(d16:1/20:4(5Z,8Z,11Z,14Z)-OH(20))"
IK_OFRYBPCSEMMZHR-UHFFFAOYSA-N,Glycerophospholipid metabolism,0.49001249068102526,Alpha-Hydroxymetoprolol
IK_OFZCIYFFPZCNJE-UHFFFAOYSA-N,Amino sugar and nucleotide sugar metabolism,0.9485195835138719,Carisoprodol
IK_OGGVRVMISBQNMQ-YPBSLCSMSA-N,Glycerophospholipid metabolism,0.9324155559690563,Sordarin
IK_OGQICQVSFDPSEI-UHFFFAOYSA-N,Steroid hormone biosynthesis,0.9747188459425798,Tazarotene
IK_OHLQBKZXSJYBMK-UHFFFAOYSA-N,Glycerophospholipid metabolism,0.1854292864635625,Avocadyne
IK_OHYPPUOVSUINHM-UHFFFAOYSA-N,Citrate cycle (TCA cycle),0.40835276985444413,Phenol sulphate3
IK_OHZYISZWOVEBCJ-ATLCLBDSSA-N,Linoleic acid metabolism,0.9967856124140735,Tuberoside
IK_OIAGWXKSCXPNNZ-UHFFFAOYSA-N,Linoleic acid metabolism,0.9673814602376487,4-Acetamidoantipyrine
IK_OIFXLYCBBBXCIB-UHFFFAOYSA-N,Linoleic acid metabolism,0.9731479939108686,8-Nonen-2-one
IK_OIGNJSKKLXVSLS-VWUMJDOOSA-N,Steroid hormone biosynthesis,0.9998170664536563,Prednisolone
IK_OIOFPHGTOUDKAJ-UHFFFAOYSA-N,Cysteine and methionine metabolism,0.9347937993794878,Oxonorfloxacin
IK_OJMNTWPPFNMOCJ-CFOLLTDRSA-M,Sphingolipid metabolism,0.957914731120538,"Cefamandole sodium; alpha,beta-Dihydroxyethyl-TPP; Chloramphenicol Monoglucuronide"
IK_OJXQLGQIDIPMTE-UHFFFAOYSA-N,Linoleic acid metabolism,0.49290859748492044,Gartanin
IK_OJYLAHXKWMRDGS-UHFFFAOYSA-N,Tyrosine metabolism,0.7422302476627126,Zingerone
IK_OKJIRPAQVSHGFK-UHFFFAOYSA-N,Arginine and proline metabolism,0.9855586224560696,N-Acetylglycine
IK_OKKOTEXYXPSGMF-VDRIIYAVSA-N,Glycerophospholipid metabolism,0.4683806650535315,"PE(20:3(5Z,8Z,11Z)/16:0)"
IK_OKRAIIIRDYCGGZ-POHAHGRESA-N,Linoleic acid metabolism,0.357746052516809,"5,8-Dihydro-6-(4-methyl-3-pentenyl)-1,2,3,4-tetrathiocin"
IK_OKRJGUKZYSEUOY-UHFFFAOYSA-N,Arginine and proline metabolism,0.8952197352221113,Butylisopropylamine
IK_OKYHUOHBRKWCQJ-FTJYXMLISA-N,Cysteine and methionine metabolism,0.9676867209025891,S-(1-Propenyl)-cysteine sulfoxide
IK_OKYHUOHBRKWCQJ-UUEXCLNXSA-N,Cysteine and methionine metabolism,0.9510072275170921,Isoalliin
IK_OLAOWMDKXPIITQ-UHFFFAOYSA-N,Linoleic acid metabolism,0.38213520099652365,Tridecanoylcarnitine
IK_OLBNOBQOQZRLMP-UHFFFAOYSA-N,Lysine degradation,0.4556847793073112,"2,6-Dimethoxy-1,4-benzoquinone"
IK_OLNJUISKUQQNIM-UHFFFAOYSA-N,Tryptophan metabolism,0.5304192612461718,Indole-3-carboxaldehyde
IK_OLNTVTPDXPETLC-XPWALMASSA-N,Tyrosine metabolism,0.07058823529411765,Ezetimibe
IK_OLVZVPBWPSBRNF-UHFFFAOYSA-N,Glycerophospholipid metabolism,0.3037935730476448,(+/-)-2-(2-Methylpropyl)thiazolidine
IK_OMHUCGDTACNQEX-OSHKXICASA-N,Retinol metabolism,0.20151812723371548,Steviobioside
IK_OMISYDASOKPVDK-UHFFFAOYSA-N,Steroid hormone biosynthesis,0.37654346318841614,"5-(3',4',5'-Trihydroxyphenyl)-gamma-valerolactone-3'-O-sulphate"
IK_OMLWNBVRVJYMBQ-YUMQZZPRSA-N,Arginine biosynthesis,0.34827000095801236,Arginylarginine
IK_OMMZVRQHBRAUHL-UHFFFAOYSA-N,Fatty acid degradation,0.33986803281388867,16-Hydroxyhexadecanoylcarnitine
IK_ONFOSYPQQXJWGS-UHFFFAOYSA-N,Arginine and proline metabolism,0.19054147681106662,(+/-)-2-Hydroxy-4-(methylthio)butanoic acid
IK_ONJQDTZCDSESIW-UHFFFAOYSA-N,Glycerophospholipid metabolism,0.40953553580861624,Polidocanol
IK_ONJSZLXSECQROL-UHFFFAOYSA-N,Phenylalanine metabolism,0.5009845692180935,o-Hydroxyhippuric acid
IK_ONPDTSFZAIWMDI-AVGNSLFASA-N,Linoleic acid metabolism,0.24704506251387684,Lys Leu Gln
IK_ONPXCLZMBSJLSP-UHFFFAOYNA-N,Arginine and proline metabolism,0.5289385501220683,Proline-hydroxyproline
IK_ONYIYPVBLNPMLB-UHFFFAOYSA-N,Biosynthesis of unsaturated fatty acids,0.36998933117150423,Palmitoyl glucuronide
IK_OOBHFESNSZDWIU-UHFFFAOYSA-N,Glycerophospholipid metabolism,0.18686395345678736,Phenmetrazine
IK_OOCCDEMITAIZTP-QPJJXVBHSA-N,"Phenylalanine, tyrosine and tryptophan biosynthesis",0.9708009225350739,CINNAMYL ALCOHOL
IK_OOOUXEXASBCJCE-ZESVVUHVSA-N,Linoleic acid metabolism,0.49666985135154823,SM d35:1
IK_OOOXLVUNFHBSNL-UFBFGSQYSA-N,Glycerophospholipid metabolism,0.13950168786833567,"cis-1,2-Dihydroxy-1,2-dihydrodibenzothiophene"
IK_OPEGYZAATHKDEM-HCWXCVPCSA-N,Glycerophospholipid metabolism,0.13303991926454234,Penicilloic acid
IK_OPKOKAMJFNKNAS-UHFFFAOYSA-N,"Glycine, serine and threonine metabolism",0.37608346442088747,2-(Methylamino)ethanol
IK_OPQNCARIZFLNLF-JBHFWYGFSA-N,Glycerophospholipid metabolism,0.18686395345678736,Ansamitocin P-3
IK_OPTASPLRGRRNAP-UHFFFAOYSA-N,Glycerophospholipid metabolism,0.2483049589329181,Cytosine
IK_OPWAZQSWJQLOAK-UHFFFAOYSA-N,Glycerophospholipid metabolism,0.6407818961562874,Vignatic acid B
IK_OPXYKICHKIQGOV-UPHRSURJSA-N,Glycerophospholipid metabolism,0.971904769054839,(E)-Resveratrol 3-glucoside 4'-sulfate
IK_OQDPVLVUJFGPGQ-UHFFFAOYSA-N,Glycerophospholipid metabolism,0.735294117647059,Piribedil
IK_OQOOVTUAIDXHMC-KCWQRWSDSA-N,Glycerophospholipid metabolism,0.621623646227789,DG(i-12:0/PGF1alpha/0:0)
IK_OQWOHRPOYAVIOK-UHFFFAOYSA-N,Linoleic acid metabolism,0.5505967394681577,carnitine 10:1
IK_OQYZCCKCJQWHIE-UHFFFAOYSA-N,Fatty acid biosynthesis,0.25327009859699334,3-Hydroxysebacic Acid
IK_OQZCSNDVOWYALR-UHFFFAOYSA-N,Sphingolipid metabolism,0.4950045637908329,Flurochloridone
IK_OQZSGNGSHMDCAR-UHFFFAOYSA-N,Glycerophospholipid metabolism,0.4258469216153945,Solutol HS 15
IK_ORDAZKGHSNRHTD-UXHICEINSA-N,Glycerophospholipid metabolism,0.9979761998268822,Legumelin
IK_ORHVVTAURCZTDT-QZQOTICOSA-N,Linoleic acid metabolism,0.3321875313707438,Docosenamide
IK_OROAFUQRIXKEMV-LDADJPATSA-N,Tyrosine metabolism,0.152039399334396,Eprosartan
IK_OROGUZVNAFJPHA-UHFFFAOYSA-N,Glycerophospholipid metabolism,0.1792996233076101,"5-Hydroxy-2,4-dimethylthiophen-3-one"
IK_ORQXBVXKBGUSBA-UHFFFAOYSA-N,"Glycine, serine and threonine metabolism",0.9982864455968664,2-Amino-3-cyclohexylpropanoic acid
IK_ORTIQSICVORWBJ-UHFFFAOYSA-N,Biotin metabolism,0.7620887945139948,N-[4-Chloro-3-(3-methylbut-2-enoxy)phenyl]-2-methylthiophene-3-carbothioamide
IK_ORVQWHLMVLOZPX-ZZXKWVIFSA-N,Tyrosine metabolism,0.15162107453416598,Bisnoryangonin
IK_ORXKASWXOVPKDV-UBWBUNFISA-N,Glycerophospholipid metabolism,0.1923994976815629,Yuccagenin
IK_OSCCDBFHNMXNME-UHFFFAOYSA-N,"Valine, leucine and isoleucine biosynthesis",0.7116211726630476,"(2R,3R,4R)-2-Amino-4-hydroxy-3-methylpentanoic acid"
IK_OSCJFAHVJDDMFL-UHFFFAOYSA-N,Fatty acid biosynthesis,0.4300383021106088,"3,4-Dimethyl-5-pentyl-2-furanpropanoic acid"
IK_OSICWVVWEXKSBD-LFAYTRTRSA-N,Glycerophospholipid metabolism,0.7426796113496086,Fumigaclavine C
IK_OSWPMRLSEDHDFF-UHFFFAOYSA-N,Phenylalanine metabolism,0.47809440583055296,Methyl Salicylate
IK_OTAJGWQCQIEFEV-UHFFFAOYSA-N,Tryptophan metabolism,0.5213380330603612,dicarboxylic acid or pharmaceutical
IK_OTCSBULKTTUVHL-XXSKBKDCSA-N,Linoleic acid metabolism,0.7985062352939383,"2,3-Secoporrigenin"
IK_OTDARJOVCLILGQ-FPLPWBNLSA-N,Glycerophospholipid metabolism,0.43469751872830187,MG(0:0/18:1(11Z)/0:0)
IK_OTDJZUJMXXNTKV-FENLDCAOSA-N,Glycerophospholipid metabolism,0.4575555712346603,"PA(22:2(13Z,16Z)/LTE4)"
IK_OTKJDMGTUTTYMP-QZTJIDSGSA-N,Sphingolipid metabolism,0.8759520085827628,"(2R,3R)-2-Aminooctadecane-1,3-diol"
IK_OTTXIFWBPRRYOG-UHFFFAOYSA-N,Arginine biosynthesis,0.21282485579565527,2-Hydroxyadipic acid
IK_OUAPULXYUWUOHW-UHFFFAOYSA-N,Glycerophospholipid metabolism,0.3180133363254726,1-Ethoxymethyl-5-fluorouracil
IK_OUEUPCHAIFZTKH-LSWZYRHBSA-N,Glycerophospholipid metabolism,0.4578527391394338,GPEtn(14:0/22:2)
IK_OUKDNADVOQVFAR-NBTXLFQMSA-N,Glycerophospholipid metabolism,0.42335441151378733,TG 44:1
IK_OUYCCCASQSFEME-MRVPVSSYSA-N,Tyrosine metabolism,0.6113768243983149,D-tyrosine
IK_OVCDSSHSILBFBN-UHFFFAOYSA-N,Fatty acid degradation,0.9764890913605381,Amodiaquine
IK_OVMSOCFBDVBLFW-VHLOTGQHSA-N,Porphyrin metabolism,0.9951681806188539,Baccatin III
IK_OVOCLWJUABOAPL-UHFFFAOYSA-N,Glycerophospholipid metabolism,0.18686395345678736,5-Methyl-2-furancarboxylic acid
IK_OVRNDRQMDRJTHS-JAJWTYFOSA-N,Amino sugar and nucleotide sugar metabolism,0.5835266667091171,N-Acetyl-b-D-galactosamine
IK_OWFJMIVZYSDULZ-PXOLEDIWSA-N,Glycerophospholipid metabolism,0.9728014370944289,Oxyterracin
IK_OWTJVZIKRRJXGS-MAEXYVIMSA-N,Glycerophospholipid metabolism,0.12339617140961531,3-O-Demethylfortimicin A
IK_OWZPCEFYPSAJFR-UHFFFAOYNA-N,Citrate cycle (TCA cycle),0.9942378982431646,Dinoseb
IK_OXBFEJBBKCRANO-SANMLTNESA-N,Glycerophospholipid metabolism,0.39391919097821354,TG(8:0/8:0/10:0)
IK_OXENLKNOBTVOJA-JLNKQSITSA-N,Biosynthesis of unsaturated fatty acids,0.6500153070566651,"4,5-dehydro Docosahexaenoic Acid"
IK_OXSYGCRLQCGSAQ-UHFFFAOYSA-N,Steroid hormone biosynthesis,0.4259492064340608,Sabine
IK_OXUGTFWFXADACU-PXNASSMWSA-N,Glycerophospholipid metabolism,0.4575555712346603,PA(20:0/LTE4)
IK_OXVFDZYQLGRLCD-UHFFFAOYSA-N,Glycerophospholipid metabolism,0.8263999008612986,Hydroxypioglitazone
IK_OXVUXGFZHDKYLS-QUFHAEKXSA-N,Purine metabolism,0.9682769855606467,Euscaphic acid
IK_OYDCCWNLILCHDJ-ZZXKWVIFSA-N,Glycerophospholipid metabolism,0.501743063939795,P-Coumaric acid sulfate
IK_OYPPJMLKAYYWHH-NXJDUNGTSA-N,Biosynthesis of unsaturated fatty acids,0.39273164837535735,Thromboxane B3
IK_OZAXLAGNPZMZAD-BOEMPQCLSA-N,Glycerophospholipid metabolism,0.42335441151378733,TG 51:1
IK_OZIOWHWTZWIMCZ-MPUPURDASA-N,Amino sugar and nucleotide sugar metabolism,0.539759165920396,Blood group B trisaccharide
IK_OZJPLYNZGCXSJM-UHFFFAOYSA-N,Ascorbate and aldarate metabolism,0.48531821643497464,Delta-Valerolactone
IK_OZLOIIJWJZXAQV-YUDAYSKTSA-N,Glycerophospholipid metabolism,0.45677764268212867,"PE(20:4(5Z,8Z,11Z,13E)-OH(15S)/22:1(13Z))"
IK_OZOMQRBLCMDCEG-VIZOYTHASA-N,Glycerophospholipid metabolism,0.49606919742809447,Dantrolene
IK_PADNECYMNLPKRN-UHFFFAOYSA-N,Retinol metabolism,0.20151812723371548,Theasapogenol E
IK_PAFZNILMFXTMIY-UHFFFAOYSA-N,"Glycine, serine and threonine metabolism",0.0936556858407616,Cyclohexanamine
IK_PAJPWUMXBYXFCZ-UHFFFAOYSA-N,Linoleic acid metabolism,0.9393225536400421,1-aminocyclopropane-1-carboxylic acid
IK_PALVOIADDFXQGT-HZJYTTRNSA-N,Glycerophospholipid metabolism,0.4258926445227066,"LysoPA(0:0/18:2(9Z,12Z))"
IK_PANDRCFROUDETH-YLSOAJEOSA-N,Sphingolipid metabolism,0.5080967784469655,Lipoteichoic acid
IK_PAPBSGBWRJIAAV-UHFFFAOYSA-N,Ascorbate and aldarate metabolism,0.4871293957065453,Epsilon-Caprolactone
IK_PAXWQORCRCBOCU-LURJTMIESA-N,Tyrosine metabolism,0.4461844031594357,2-Fluoro-5-hydroxy-L-tyrosine
IK_PAYRUJLWNCNPSJ-PTQBSOBMSA-N,Tyrosine metabolism,0.1851851851851852,(1-~13~C)Aniline
IK_PAYRUJLWNCNPSJ-UHFFFAOYSA-N,Tyrosine metabolism,0.1851851851851852,Aniline
IK_PBGMJEFISXYLCY-UHFFFAOYSA-N,Histidine metabolism,0.8411337101828846,(His(1-ME)2)-trh
IK_PBLNHHSDYFYZNC-UHFFFAOYSA-N,Glycerolipid metabolism,0.9911803741892037,1-Naphthylmethanol
IK_PDIGSOAOQOXRDU-WJPZTBRDSA-N,Linoleic acid metabolism,0.42077071450835923,"LysoPC(20:5(5Z,8Z,11Z,14Z,17Z)/0:0)"
IK_PDLAMJKMOKWLAJ-PVPULFMTSA-N,Glycerophospholipid metabolism,0.44000821775812443,PI(16:0/18:1(9Z))
IK_PDLPZZHYCMXDCF-UHFFFAOYSA-N,Steroid hormone biosynthesis,0.37115375455616806,"2,4(1H,3H)-Pyrimidinedione, 1-(2,3-dihydro-2-furanyl)-5-fluoro-"
IK_PDNJLMZEGXHSCU-UHFFFAOYSA-N,Arginine biosynthesis,0.21815903817981896,Homocysteinesulfinic acid
IK_PEHSVUKQDJULKE-UHFFFAOYSA-N,Linoleic acid metabolism,0.4944127498810122,Imetit
IK_PEJGMBUENJSLLH-RHAKMSQVSA-N,Linoleic acid metabolism,0.4642881038282965,"SM(d18:2(4E,14Z)/14:0)"
IK_PETDNGRBYPTDNI-QSNWBFGMSA-N,Glycerophospholipid metabolism,0.14027303355567988,5'-O-Methylmelledonal
IK_PETYOUXDCHQKTQ-QXPKXGMISA-N,Linoleic acid metabolism,0.4471176520295339,carnitine 12:1
IK_PEYTUVXFLCCGCC-FENHPFPBSA-N,Glycerophospholipid metabolism,0.13303991926454234,Teleocidin B 2
IK_PFBBISDRYDAYNQ-ZZEZOPTASA-N,Glycerophospholipid metabolism,0.4269304683597669,FA 20:1 (eicosenoic acid)
IK_PFBSCCSBALRLEC-CDJQDVQCSA-N,Glutathione metabolism,0.5229443678870933,"Deca-2,7-dienedioyl-CoA"
IK_PFDUUKDQEHURQC-UHFFFAOYSA-N,Tyrosine metabolism,0.7345723157440986,3-Methoxytyrosine
IK_PFDUUKDQEHURQC-ZETCQYMHSA-N,Tyrosine metabolism,0.7316581460398948,3-O-Methyl-a-methyldopa
IK_PFJKOHUKELZMLE-VEUXDRLPSA-N,Sphingolipid metabolism,0.9994539338685273,Lactosylceramide d18:1/24:1 15Z
IK_PFTAWBLQPZVEMU-AFYYWNPRSA-N,"Alanine, aspartate and glutamate metabolism",0.6731958319469742,L-Epicatechol
IK_PFURGBBHAOXLIO-UHFFFAOYSA-N,Biosynthesis of unsaturated fatty acids,0.9112006135670471,"1,2-Cyclohexanediol"
IK_PGFGQDBBWSVMED-AVQMFFATSA-N,Glycerophospholipid metabolism,0.35628579903536656,N-Linoleoyl Histidine
IK_PGFGQERXTDRVHO-SVHMSXJUSA-N,Glycerophospholipid metabolism,0.9692776776062043,Milbemycin beta2
IK_PGMYKACGEOXYJE-UHFFFAOYSA-N,Glycerophospholipid metabolism,0.3457463866198069,Pentyl acetate
IK_PGYNJJCWPCAGLG-GYHWCHFESA-N,Glycerophospholipid metabolism,0.42335441151378733,TG 14:0_16:0_17:1
IK_PHBYJTASVSXTSS-QKMQXXATSA-N,Linoleic acid metabolism,0.576107836175716,"PC(2:0/22:6(5Z,8E,10Z,13Z,15E,19Z)-2OH(7S, 17S))"
IK_PHERGCZDWYMUOF-DEOSSOPVSA-N,Glycerophospholipid metabolism,0.4510329327507723,DG(8:0/15:0/0:0)
IK_PHIQHXFUZVPYII-UHFFFAOYNA-N,Fatty acid degradation,0.46961478957958575,Carnitine
IK_PHIQHXFUZVPYII-ZCFIWIBFSA-N,Fatty acid degradation,0.4774442186918316,L-Carnitine
IK_PHMBVCPLDPDESM-FKSUSPILSA-N,Glycerophospholipid metabolism,0.1792996233076101,Ecgonine
IK_PHMBVCPLDPDESM-GHNGIAPOSA-N,Glycerophospholipid metabolism,0.1792996233076101,Pseudoecgonine
IK_PHTAMEFBOLJOPU-VQJSHJPSSA-N,Glycerophospholipid metabolism,0.4555214255198327,PE(14:0/24:0)
IK_PHYFQTYBJUILEZ-IUPFWZBJSA-N,Glycerophospholipid metabolism,0.42335441151378733,TG 54:3|TG 18:1_18:1_18:1
IK_PHYYADMVYQURSX-GHXNOFRVSA-M,Glycerophospholipid metabolism,0.15340336339178565,3-methylsulfinylpropyl-glucosinolate
IK_PIJVFDBKTWXHHD-HIFRSBDPSA-N,Tryptophan metabolism,0.641109496502041,Physostigmine
IK_PITVQFJBUFDJDD-XEGUGMAKSA-N,Tryptophan metabolism,0.4037917833556966,Tryptophyl-Isoleucine
IK_PIUZYOCNZPYXOA-ZHHJOTBYSA-N,Steroid hormone biosynthesis,0.7417082797803349,5-Cholesten-3beta-25-diol-3-sulfate
IK_PIXFHVWJOVNKQK-CJWOFWMHSA-N,Steroid hormone biosynthesis,0.9927494519715718,11-Hydroxyandrosterone
IK_PIYTUGMLAKPQKI-OMQYJPGKSA-N,Arginine biosynthesis,0.5009352705217408,"4,5-seco-dopa"
IK_PJANXHGTPQOBST-UHFFFAOYSA-N,"Phenylalanine, tyrosine and tryptophan biosynthesis",0.9382304275915839,Stilbene
IK_PJDINCOFOROBQW-LURJTMIESA-N,Lysine degradation,0.2996241956867573,"(3S)-3,7-diaminoheptanoic acid"
IK_PJZFULXMEGMUDK-QGOAFFKASA-N,Linoleic acid metabolism,0.9632318827485891,4-Phenylbutyl glucosinolate
IK_PKDTXFWHZWYNAH-UHFFFAOYSA-N,Glycerophospholipid metabolism,0.5228171207212847,"7,8-Dihydro-3b,6a-dihydroxy-alpha-ionol 9-glucoside"
IK_PKIYFBICNICNGJ-UHFFFAOYSA-N,Glycerophospholipid metabolism,0.9427934403523324,Monooctyl phthalate
IK_PKSATBKOULRIBB-PYCGOTNYSA-N,Glycerophospholipid metabolism,0.4404178898130605,"PE-NMe2(22:6(4Z,7Z,10Z,13Z,16Z,19Z)/18:3(6Z,9Z,12Z))"
IK_PKSJDCCFDXWPLW-UHFFFAOYSA-N,Glycerophospholipid metabolism,0.13303991926454234,"Cyclopropanecarboxamide, 1,2,2,3,3-pentamethyl-"
IK_PKXWXXPNHIWQHW-RCBQFDQVSA-N,Glycerophospholipid metabolism,0.13241520393464706,Semagacestat
IK_PLHJDBGFXBMTGZ-WEVVVXLNSA-N,Sphingolipid metabolism,0.4864330014291799,Furazolidone
IK_PLNJUBIUGVATKW-SNAWJCMRSA-N,Glycerophospholipid metabolism,0.19972661356711258,Methyl furfuracrylate
IK_PMIHTPDPPVPUIV-UHFFFAOYSA-N,Linoleic acid metabolism,0.2914659491647112,9-Hydroxyoctadecanoylcarnitine
IK_PMKQSEYPLQIEAY-YWNRKNDBSA-N,Glycerophospholipid metabolism,0.6610846499930956,Phaseolic acid
IK_PMMYEEVYMWASQN-DMTCNVIQSA-N,"Valine, leucine and isoleucine biosynthesis",0.43667944142731924,4-Hydroxy-L-Proline
IK_PMOWTIHVNWZYFI-AATRIKPKSA-N,"Phenylalanine, tyrosine and tryptophan biosynthesis",0.9784243863047783,2-Hydroxycinnamic acid
IK_PMZDQRJGMBOQBF-UHFFFAOYSA-N,Tryptophan metabolism,0.9107191058918844,4-Hydroxyquinoline
IK_PNFUIOJRSUFFPH-VYFLHTJVSA-N,Linoleic acid metabolism,0.42706267197902703,"PC(18:2(9Z,12Z)/22:4(7Z,10Z,13Z,16Z))"
IK_PNKLMTPXERFKEN-MLXHEQMXSA-N,Retinol metabolism,0.20151812723371548,HT-2 Toxin
IK_PNQYAMWGTGWJDW-UHFFFAOYSA-N,Sphingolipid metabolism,0.9760479538272396,N-(3-Aminopropyl)-N-methylcarbamic acid tert-butyl ester
IK_PNZJCTOIJIYXNH-QVLAUCSVSA-N,Glycerophospholipid metabolism,0.3970579538507111,"Cer(d16:1/20:4(8Z,11Z,14Z,17Z)-2OH(5S,6R))"
IK_POJWUDADGALRAB-UHFFFAOYSA-N,Linoleic acid metabolism,0.4567947320828205,Allantoin
IK_POQOTWQIYYNXAT-UHFFFAOYSA-N,Caffeine metabolism,0.9458008600632688,5-Acetylamino-6-amino-3-methyluracil
IK_POQRWMRXUOPCLD-AAAFHMTMSA-N,Sphingolipid metabolism,0.6263593793436321,C24:0 glucosylceramide
IK_PORXCRSLPBANJT-UHFFFAOYSA-N,Purine metabolism,0.9892329338092491,Hydroxybuprenorphine
IK_POUITAHNNRJWMA-UHFFFAOYSA-N,Ether lipid metabolism,0.40919236180019486,5-Hydroxybenzofuran-2(3H)-one
IK_PPFRJNLKWADOTL-WOGJWQOOSA-N,Starch and sucrose metabolism,0.9314957528582394,Dolicholide
IK_PPRBNBYLZZFTRZ-PSALXKTOSA-N,Linoleic acid metabolism,0.45578422679295677,SM(d14:1/18:1)
IK_PQKFUDVFSOEHDQ-KBBGFLFPSA-N,Sphingolipid metabolism,0.4311128510185011,"24,24-Difluoro-1alpha,25-dihydroxyvitamin D3"
IK_PQMUUZGBMZBJSD-KNFYMXGFSA-N,Porphyrin metabolism,0.999758600921142,Biotripyrrin-b
IK_PQNASZJZHFPQLE-LURJTMIESA-N,Lysine degradation,0.24269342112148934,N(6)-Methyllysine
IK_PQPZSPJVMUCVAQ-JTQLQIEISA-N,Tyrosine metabolism,0.9981181293799286,PMeOH 36:4
IK_PRDZVHCOEWJPOB-IVMDWMLBSA-N,Amino sugar and nucleotide sugar metabolism,0.4989838860881164,N-Sulfo-D-glucosamine
IK_PRFXRIUZNKLRHM-HKVRTXJWSA-N,Biosynthesis of unsaturated fatty acids,0.5082840110571418,Prostaglandin B2
IK_PRGQOPPDPVELEG-UHFFFAOYSA-N,Linoleic acid metabolism,0.9793513012129843,Dihydroxycarbazepine
IK_PRJJVJQUMHDYMQ-UHFFFAOYSA-N,Purine metabolism,0.811898045591212,3 Hydroxymandelic acid - COOH
IK_PRXCKJGVECBOID-WXGDJGGUSA-N,Fatty acid degradation,0.27147113391055033,"(12Z,15Z)-10-Hydroxyoctadeca-12,15-dienoylcarnitine"
IK_PSBIAPQFYNFRKH-FXJJMODTSA-N,Glycerophospholipid metabolism,0.46022455023655023,"PA(18:3(10,12,15)-OH(9)/i-12:0)"
IK_PSHXNVGSVNEJBD-LJQANCHMSA-N,Linoleic acid metabolism,0.38149679758785543,Tetradecanoylcarnitine
IK_PSLSTUMPZILTAH-BYULHYEWSA-N,Sphingolipid metabolism,0.5835250871341899,Asp Gly Ile
IK_PTBQWWHUOMDVFS-UHFFFAOYSA-N,Drug metabolism - cytochrome P450,0.8424120901354424,Phomalone
IK_PTIDGSWTMLSGAH-UHFFFAOYSA-N,Linoleic acid metabolism,0.49225600706208134,Precocene II
IK_PTJWIQPHWPFNBW-GBNDHIKLSA-N,Sphingolipid metabolism,0.4875680123777257,Pseudouridine
IK_PTKSEFOSCHHMPD-UHFFFAOYSA-N,Sphingolipid metabolism,0.23564638974147478,Midodrine
IK_PTOJXIKSKSASRB-UHFFFAOYSA-O,Tyrosine metabolism,0.9374400241821417,Candicine
IK_PUEDDPCUCPRQNY-ZYUZMQFOSA-N,Nicotinate and nicotinamide metabolism,0.9701391301402404,Nicotinic acid ribonucleoside
IK_PUQIRTNPJRFRCZ-UHFFFAOYSA-N,Glycerophospholipid metabolism,0.49001249068102526,Metoprolol acid
IK_PUYXTUJWRLOUCW-UHFFFAOYSA-N,Glycerophospholipid metabolism,0.15340336339178565,Spiroxamine
IK_PVKSNHVPLWYQGJ-CPTYKQRNSA-N,Purine metabolism,0.4174022012685091,Phosphoaminophosphonic acid-adenylate ester
IK_PVMBAGXWHHZKFP-JMPJWMFJSA-N,Glycerophospholipid metabolism,0.42670124572418894,TG 50:4|TG 16:1_16:1_18:2
IK_PVWHKAOMCLSWPF-BNFZFUHLSA-O,Linoleic acid metabolism,0.5362351290993753,CAR 14:2
IK_PWAKELUEEHWVFQ-UHFFFAOYSA-L,Glycerophospholipid metabolism,0.732430962930251,2-(7'-methylthio)heptylmalate
IK_PWFTYELYTFERRB-VPTTUCOCSA-N,Amino sugar and nucleotide sugar metabolism,0.9978010614848198,Alpha-Trisaccharide
IK_PWGFIVDGCMQGCD-CCMQFXHASA-N,Sphingolipid metabolism,0.4990314753331108,"9,10,11-Trihydroxyumbelliprenin"
IK_PWHROYKAGRUWDQ-UHFFFAOYSA-N,"Alanine, aspartate and glutamate metabolism",0.8367390559761756,Difenpiramide
IK_PWKSKIMOESPYIA-BYPYZUCNSA-N,Arginine biosynthesis,0.501990377883218,Acetylcysteine
IK_PXGPLTODNUVGFL-NAPLMKITSA-N,Glycerophospholipid metabolism,0.35257511118403995,PA(i-22:0/5-iso PGF2VI)
IK_PXWLVJLKJGVOKE-UHFFFAOYSA-N,Linoleic acid metabolism,0.9884441489538772,Propyphenazone
IK_PXWMAVXORZYSKF-KLMYNGQASA-N,Linoleic acid metabolism,0.42912890611179866,"PC(20:3(5Z,8Z,11Z)/18:4(6Z,9Z,12Z,15Z))"
IK_PYGSKMBEVAICCR-UHFFFAOYSA-N,Steroid hormone biosynthesis,0.5080611138478156,"1,5-Hexadiene"
IK_PYGVPCBXCGQXNA-SZHIUZGGSA-N,Sphingolipid metabolism,0.410221916930094,Cer 18:1;2O/24:1;(2OH)
IK_PYINVOHSOZSEPB-DKGLCQEFSA-N,Glycerophospholipid metabolism,0.9971386948211004,Hymenoxon
IK_PYLPANOYZCSFOX-UCIVWCSPSA-N,Primary bile acid biosynthesis,0.7970882719453842,27-Norcholestanehexol
IK_PYUSHNKNPOHWEZ-YFKPBYRVSA-N,Arginine and proline metabolism,0.33788414584981113,N-Formyl-L-Methionine
IK_PYUXYCIEXJYNLI-AMHUYZMWSA-O,Glycerophospholipid metabolism,0.4836258042849761,P-Coumaroyl vitisin A
IK_PZSJOBKRSVRODF-UHFFFAOYSA-N,Arginine biosynthesis,0.9761413184275609,Vanillin Acetate
IK_PZTGRDMCBZUJDL-UHFFFAOYSA-N,Glycerophospholipid metabolism,0.685947817157876,"1-Naphthalenesulfonic acid, 3,4-dihydro-3,4-dioxo-"
IK_QADHLRWLCPCEKT-LOVVWNRFSA-N,Steroid hormone biosynthesis,0.7928556065934215,"Androst-5-ene-3beta,17beta-diol"
IK_QAIPRVGONGVQAS-UHFFFAOYSA-N,"Phenylalanine, tyrosine and tryptophan biosynthesis",0.9392556373400412,"3-(3,4-Dihydroxyphenyl)prop-2-enoic Acid"
IK_QAJRFFUHENEZQE-RTJPTYSYSA-N,Linoleic acid metabolism,0.42829050553333126,PC O-42:3 or PC 42:3e
IK_QASOACWKTAXFSE-AATRIKPKSA-N,Steroid hormone biosynthesis,0.1829277649460367,"(3S,5R,6R,7E)-3,5,6-Trihydroxy-7-megastigmen-9-one"
IK_QBILRDAMJUPXCX-PDSBPYSYSA-N,Steroid hormone biosynthesis,0.41986214414554374,Corchoroside A
IK_QBMSTEZXAMABFF-UEARNRKISA-N,Glycerophospholipid metabolism,0.9260569770765479,Mycophenolic acid O-acyl-glucuronide
IK_QBMYYTXUDRARHD-SFYZADRCSA-N,Arginine biosynthesis,0.5150984904242073,Arginine ornithine
IK_QBSJMKIUCUGGNG-UHFFFAOYSA-N,Drug metabolism - cytochrome P450,0.36105999337931094,2-Isopropylphenyl methylcarbamate
IK_QBYUNVOYXHFVKC-GBURMNQMSA-N,Primary bile acid biosynthesis,0.6451960900309679,Lithocholyltaurine
IK_QCCRPLPTELVLHD-LCYFTJDESA-N,Biosynthesis of unsaturated fatty acids,0.7957407167060249,1-[2-Bromo-1-(4-chlorophenyl)ethenyl]-2-chlorobenzene
IK_QCGUXAIDEOWPBV-SNKLRXETSA-N,Linoleic acid metabolism,0.4211334772125275,PC(O-18:1(11Z)/16:0)
IK_QCHPKSFMDHPSNR-UHFFFAOYSA-N,"Valine, leucine and isoleucine biosynthesis",0.5496801231208828,3-Aminoisobutanoic Acid
IK_QCPDBEXGCHOIDE-ZPUAQPQFSA-N,Glycerophospholipid metabolism,0.18686395345678736,Pleurotin
IK_QCYVUUAIJUUUPI-BBVRLYRLSA-N,Glycerophospholipid metabolism,0.4077490693182223,7-Hydroxy-6-methyl-8-ribityl lumazine
IK_QDAOSMKOZCCWLJ-MQLLGTBWSA-N,Glycerophospholipid metabolism,0.13303991926454234,Phaseolotoxin
IK_QDMOINLDXCZCEK-JTQLQIEISA-N,Tyrosine metabolism,0.690020001250637,L-DOPA n-Butyl Ester
IK_QDPNFTHYUAKYKM-UHFFFAOYSA-N,Purine metabolism,0.5164171845422223,2-hydroxy-3-(sulfooxy)benzoic acid
IK_QDRJMAHGAQYRIN-PKKQLAOCSA-N,Glycerophospholipid metabolism,0.44019619357522116,Phosphatidylethanolamine alkenyl 16:0-20:4
IK_QEDPUVGSSDPBMD-XTAIVQBESA-N,Linoleic acid metabolism,0.4557753036413915,SM d42:1
IK_QEFNQQRVZDFDIJ-UHFFFAOYSA-N,Linoleic acid metabolism,0.3121904880990611,"(1S,2S,4R,8R)-p-Menthane-1,2,8,9-tetrol"
IK_QEFRNWWLZKMPFJ-YGVKFDHGSA-N,Arginine biosynthesis,0.17907008122988852,Methionine Sulfoxide
IK_QELSKZZBTMNZEB-UHFFFAOYSA-N,Ubiquinone and other terpenoid-quinone biosynthesis,0.9242893424699609,Propylparaben
IK_QFAADIRHLBXJJS-ZAZJUGBXSA-N,Linoleic acid metabolism,0.9576909406122076,Amastatin
IK_QFRLEUJNZXTNTR-YYOLRRQBSA-N,Glycerophospholipid metabolism,0.5861075971374837,Gluten exorphin C
IK_QFXOXDSHNXAFEY-SREVYHEPSA-N,Arginine and proline metabolism,0.35302687349502765,(Z)-4-Hydroxy-6-dodecenoic acid lactone
IK_QGZDXQHLEQAGJB-INIZCTEOSA-N,"Phenylalanine, tyrosine and tryptophan biosynthesis",0.6489008614221158,Gly Phe
IK_QHBZHVUGQROELI-SOFGYWHQSA-N,Retinol metabolism,0.9206617042560821,10-hydroxy-2E-decenoic acid
IK_QHZLMUACJMDIAE-UHFFFAOYSA-N,Glycerophospholipid metabolism,0.46324256662652447,1-Monopalmitin
IK_QIAFMBKCNZACKA-UHFFFAOYSA-N,Glycerophospholipid metabolism,0.5210139892960057,Hippuric acid
IK_QIGBRXMKCJKVMJ-UHFFFAOYSA-N,Tyrosine metabolism,0.7213555271441232,Hydroquinone
IK_QIHLUZAFSSMXHQ-UHFFFAOYSA-N,Purine metabolism,0.9767025089605735,Budipine
IK_QINFFYRWMCWIQU-HEPLYUHHSA-N,Glycerophospholipid metabolism,0.4539595969430836,"PE(22:6(4Z,7Z,10Z,13Z,16Z,19Z)/14:1(9Z))"
IK_QIOYMVALOOEDDF-UHFFFAOYSA-N,Fatty acid biosynthesis,0.21831539929412846,3-Methylsuberic acid
IK_QIVBCDIJIAJPQS-HLTLGYGQSA-N,Tryptophan metabolism,0.47148954877905896,tryptophan-d5
IK_QIVBCDIJIAJPQS-SECBINFHSA-N,Tryptophan metabolism,0.3284535177958809,D-Tryptophan
IK_QJGJXKFJFRSERW-QMMMGPOBSA-N,Fatty acid degradation,0.30942924251497483,Hydroxypropionylcarnitine
IK_QJHRNPQXCMXOOH-XBJNFHHOSA-N,Glycerophospholipid metabolism,0.4813691229268445,PE(20:2/0:0)
IK_QJPWUUJVYOJNMH-UHFFFAOYSA-N,Fatty acid biosynthesis,0.4674736153040627,L-3-Aminodihydro-2(3H)-furanone
IK_QJXKIQOLZYQDJN-UHFFFAOYSA-N,Glycerophospholipid metabolism,0.5571262153878532,FFAD 22:0
IK_QKDHBVNJCZBTMR-UHFFFAOYSA-N,Glycerophospholipid metabolism,0.4841153794663775,Temafloxacin
IK_QKSASIXPZVMNOQ-FRDLTTBHSA-N,Linoleic acid metabolism,0.4393896037064268,"PC(22:6(4Z,7Z,10Z,13Z,16Z,19Z)/18:4(6Z,9Z,12Z,15Z))"
IK_QLIUVBJPQMDRHV-NOFMHCOXSA-N,Glycerophospholipid metabolism,0.42335441151378733,TG 51:2|TG 16:0_17:1_18:1
IK_QLNURYCOAWSXLQ-ABTXCIPTSA-N,Glycerophospholipid metabolism,0.49447078497062613,LNAPE 16:1/N-20:4
IK_QLQOTPOBMXWKOW-UHFFFAOYSA-N,Glycerophospholipid metabolism,0.391304347826087,PS 40:4
IK_QLWKTGDEPLRFAT-UHFFFAOYSA-N,Tryptophan metabolism,0.997676100028195,5-Methoxytryptophol
IK_QMGGUIASDZZMHS-UHFFFAOYSA-N,Fatty acid biosynthesis,0.2899830377590307,Stearoyllactic acid
IK_QMGUAHPNVSCSPM-UHFFFAOYSA-N,"Valine, leucine and isoleucine biosynthesis",0.781385352106914,Formyl 3-hydroxybutanoate
IK_QMLKZGPQQANVQF-HLMRNWPHSA-N,Glycerophospholipid metabolism,0.47282897439756916,LNAPE 20:3/N-20:0
IK_QMMFVYPAHWMCMS-UHFFFAOYSA-N,"Glycine, serine and threonine metabolism",0.49846383936792477,Dimethylsulfide
IK_QMPHZIPNNJOWQI-DUXPYHPUSA-N,Linoleic acid metabolism,0.9474127399578003,Caffeoylshikimate
IK_QNGQIURXCUHNAT-UHFFFAOYSA-N,Purine metabolism,0.9811121239739219,Eucarvone
IK_QNJHODONDIDAEE-UHFFFAOYSA-N,Purine metabolism,0.9474836794914105,Hypoxanthine + H2O
IK_QNKGXSIDHDDDHD-UHFFFAOYSA-N,Linoleic acid metabolism,0.483360987450306,"3,7,8,15-Scirpenetetrol"
IK_QNLZRVLANLZEAS-FRJJSQGGSA-N,Glycerophospholipid metabolism,0.431962179699548,"PS(18:1(12Z)-2OH(9,10)/22:0)"
IK_QNRRHYPPQFELSF-CNYIRLTGSA-N,Steroid hormone biosynthesis,0.9764326123437046,Laninamivir
IK_QNZZHRCSGTYEAW-UHFFFAOYSA-N,Glycerophospholipid metabolism,0.24417175114732179,25-Acetylvulgaroside
IK_QOCIXWKQPBGFFQ-XUAUDTQZSA-N,Glycerophospholipid metabolism,0.43209381862059604,"PE-NMe(22:6(4Z,7Z,10Z,13Z,16Z,19Z)/16:0)"
IK_QOEAXNMFJWVZIG-QGZVFWFLSA-N,Ascorbate and aldarate metabolism,0.9883506630213286,Decadienyl-l-carnitine
IK_QOLYAJSZHIJCTO-VQVTYTSYSA-N,Glycerophospholipid metabolism,0.9337104241591903,Threonylproline
IK_QONRXIIWERLIJA-CCZSOTCQSA-N,Glycerophospholipid metabolism,0.4391083793438973,DG(15:0/14:1(9Z)/0:0)
IK_QPHPUQJVKQXISS-UHFFFAOYSA-N,"Alanine, aspartate and glutamate metabolism",0.2582910844643424,Thioapfelsaure
IK_QPRBHGIRKWZUFJ-PPMYXAGCSA-N,Steroid hormone biosynthesis,0.7017351435760221,Amafolone
IK_QPXTXCACGFCAKL-HNHHUQGDSA-N,Sphingolipid metabolism,0.9994519241485702,Ganglioside GT3 (d18:1/26:1(17Z))
IK_QPYQKHOKNCVKGE-DUXPYHPUSA-N,Pyrimidine metabolism,0.9712845744065755,3-(2-propenoic acid)-o-benzoquinone
IK_QQBKLRXLVRDKEB-UHFFFAOYSA-N,Glycerophospholipid metabolism,0.49813783513621207,"3-(Hydroxymethyl)-5,5-diphenylimidazolidine-2,4-dione"
IK_QQCSUWGQBREWRO-XDJHFCHBSA-N,Glycerophospholipid metabolism,0.4941961068775619,Alilusem
IK_QQFVICUNTBNUKN-QQRIYSRRSA-N,Linoleic acid metabolism,0.46039321491252444,SM(d16:1/18:1)
IK_QQHJDPROMQRDLA-UHFFFAOYSA-N,Biosynthesis of unsaturated fatty acids,0.18831928149672758,Hexadecanedioic acid
IK_QQOGTJREOAHYMT-UHFFFAOYSA-N,Glycerophospholipid metabolism,0.9924581751565054,Resorcinol sulfate
IK_QQONPFPTGQHPMA-UHFFFAOYSA-N,Linoleic acid metabolism,0.49828422567675096,Propylene
IK_QQQQNYAHSSIZBU-HIQXTUQZSA-N,Linoleic acid metabolism,0.45492680353874315,"PC(O-16:0/22:6(4Z,7Z,10Z,13Z,16Z,19Z))"
IK_QQQYQWNSMUHSCK-UHFFFAOYSA-N,"Alanine, aspartate and glutamate metabolism",0.9681134177394256,5-Chloro-6-methoxy-2(3H)-benzoxazolone
IK_QQQYTWIFVNKMRW-UHFFFAOYSA-N,Tyrosine metabolism,0.15162107453416598,Diflubenzuron
IK_QQUHMASGPODSIW-ICECTASOSA-N,Glycerophospholipid metabolism,0.1923994976815629,Albiflorin
IK_QQXLDOJGLXJCSE-KNVOCYPGSA-N,Glycerophospholipid metabolism,0.33166300283203554,Tropinone
IK_QQZAQKGMSREYHF-KDEBBMLKSA-N,Linoleic acid metabolism,0.43338980348739714,PC(P-18:0/18:3)
IK_QRRSWTCVSAQEPQ-UHFFFAOYSA-N,Linoleic acid metabolism,0.9042361163792936,Vulgarole
IK_QRXWMOHMRWLFEY-UHFFFAOYSA-N,Tryptophan metabolism,0.9299699073287553,Isoniazid
IK_QSBYPNXLFMSGKH-HJWRWDBZSA-N,Biosynthesis of unsaturated fatty acids,0.2798596347232995,9Z-Heptadecenoic acid
IK_QSHBSBLCKIPCKO-UHFFFAOYSA-N,Arachidonic acid metabolism,0.9972017369511116,Aflatoxin GM1
IK_QTAGQHZOLRFCBU-UHFFFAOYSA-N,Glycerophospholipid metabolism,0.28484963435208,(R)-Oxypeucedanin
IK_QTENRWWVYAAPBI-YCRXJPFRSA-N,Glycerophospholipid metabolism,0.15340336339178565,Streptomycin sulfate
IK_QTXWOOLAHRQMGZ-UHFFFAOYSA-N,Ascorbate and aldarate metabolism,0.3941620944638656,11-Oxo-androsterone glucuronide
IK_QUCHWTCTBHQQDU-UHFFFAOYSA-N,Cysteine and methionine metabolism,0.11910625235524587,2-Amino-4-oxopentanoic acid
IK_QUOGESRFPZDMMT-YFKPBYRVSA-N,Arginine biosynthesis,0.32215697396169435,Homoarginine
IK_QUZSUMLPWDHKCJ-UHFFFAOYSA-N,Primary bile acid biosynthesis,0.4633967418417979,Bisphenol A dimethacrylate
IK_QVUWNEQTPVMHQT-RLSIPVDZSA-N,Glycerophospholipid metabolism,0.45378444807324325,GPEtn(16:1/18:1)
IK_QVVXWHIDRKRPMO-LXCOYWBSSA-N,Glycerophospholipid metabolism,0.6495696728687458,19-Hydroxyprostaglandin E1
IK_QVWAEZJXDYOKEH-UHFFFAOYSA-N,Glycerophospholipid metabolism,0.9808362183774105,3-(3-Hydroxyphenyl)propionic acid
IK_QWCKQJZIFLGMSD-UHFFFAOYSA-N,"Valine, leucine and isoleucine biosynthesis",0.17300304600455635,2-Aminobutanoic acid
IK_QWRYPHZJTWQLFX-UHFFFAOYSA-N,Fatty acid biosynthesis,0.36488890290448667,"2,3',4,6-Tetrahydroxybenzophenone"
IK_QWURLWZAOBRLES-JEGFTUTRSA-N,Biosynthesis of unsaturated fatty acids,0.2449803812389448,N-Palmitoyl Cysteine
IK_QWVGKYWNOKOFNN-UHFFFAOYSA-N,Tyrosine metabolism,0.9553542238887233,O-Cresol
IK_QWXGXDFYLSOKRF-UHFFFAOYSA-N,Linoleic acid metabolism,0.4678624519435616,PC O-30:0 or PC 30:0e
IK_QWYFHHGCZUCMBN-SECBINFHSA-N,Fatty acid degradation,0.3186508031129431,Butyrylcarnitine
IK_QWZIITCYKKSZGN-UHFFFAOYSA-N,Pyruvate metabolism,0.5016320538283067,Xi-3-Hydroxy-2-oxobutanoic acid
IK_QXMHHXQBBKDSSL-DCKNSECYSA-N,Glycerophospholipid metabolism,0.42335441151378733,TG 18:1_18:1_20:1
IK_QYIYFLOTGYLRGG-GPCCPHFNSA-N,Glycerophospholipid metabolism,0.13303991926454234,Cefaclor
IK_QYWVASPEUXEHSY-NNRNTGNWSA-N,Sphingolipid metabolism,0.6264524611874158,C22:0 lactosylceramide
IK_QYYHPAUOLCHORH-UHFFFAOYSA-N,Glycerophospholipid metabolism,0.49844853352917495,N-(1-Adamantyl)urea
IK_QZIYZVFIROFZCV-UHFFFAOYSA-N,Tyrosine metabolism,0.5116974677782833,3-[4-methoxy-3-(sulfooxy)phenyl]propanoic acid
IK_QZNPNKJXABGCRC-FUTKDDECSA-N,Glycerophospholipid metabolism,0.3309669227419318,L-Rhamnulose
IK_QZPQTZZNNJUOLS-UHFFFAOYSA-N,Glycerophospholipid metabolism,0.18686395345678736,Beta-Lapachone
IK_QZYSUBAQYSVFNX-PSMULLBHSA-N,Glycerophospholipid metabolism,0.42335441151378733,TG 49:2
IK_QZZGJDVWLFXDLK-UHFFFAOYSA-N,Biosynthesis of unsaturated fatty acids,0.28122029330397424,C24:0 ceramide
IK_RAJQPCCAHZHKDK-ZTDHXTNCSA-N,Glycerophospholipid metabolism,0.43775731803679147,"PGP(20:4(6E,8Z,11Z,13E)-2OH(5S,15S)/i-19:0)"
IK_RAPKGPDUGWBPHR-QWFQJEORSA-N,Linoleic acid metabolism,0.42988044041873025,"PC(18:3(9Z,12Z,15Z)/16:0)"
IK_RAQNTCRNSXYLAH-RFCGZQMISA-N,Retinol metabolism,0.9993365055782522,Ginsenoside Rh1
IK_RAWJLCORCPFJMI-PXQGODGESA-N,Linoleic acid metabolism,0.49297443955624054,SM 32:2
IK_RBKMMJSQKNKNEV-RITPCOANSA-N,Tyrosine metabolism,0.9882194223046994,Penicillanic acid
IK_RBLDVEUUCHVWMW-SXYQVCRBSA-N,Primary bile acid biosynthesis,0.5053713537812371,Cholic acid glucuronide
IK_RBWQERGGVBSKJY-BWFPRIDFSA-N,Sphingolipid metabolism,0.3933022586841715,C26:1 ceramide
IK_RCCMXKJGURLWPB-UHFFFAOYSA-N,Cysteine and methionine metabolism,0.25409528151516214,L-2-Amino-4-methylenepentanedioic acid
IK_RCFDOSNHHZGBOY-ACZMJKKPSA-N,"Valine, leucine and isoleucine biosynthesis",0.687783614421201,Isoleucyl-Alanine
IK_RDFIICFCNKXLHC-UHFFFAOYSA-N,Vitamin B6 metabolism,0.9757548463443623,2-Hydroxydodecyl methacrylate
IK_RDHQFKQIGNGIED-MRVPVSSYSA-N,Fatty acid degradation,0.308134988735703,O-Acetylcarnitine
IK_RDHQFKQIGNGIED-UHFFFAOYNA-O,Fatty acid degradation,0.30815101373257453,Acetylcarnitine
IK_RDHQFKQIGNGIED-UHFFFAOYSA-N,Fatty acid degradation,0.308134988735703,DL-Acetylcarnitine
IK_RDJGLLICXDHJDY-UHFFFAOYSA-N,Pentose and glucuronate interconversions,0.9364891570747685,Fenoprofen
IK_RDKCYWXIOLUDKK-KDPMOZFYSA-N,Linoleic acid metabolism,0.43426220806050475,PC P-36:4 or PC O-36:5
IK_RDOFJDLLWVCMRU-UHFFFAOYSA-N,Glycerophospholipid metabolism,0.5852368439357126,Diisobutyl adipate
IK_RDTOURARQPNLFK-UHFFFAOYSA-N,"Phenylalanine, tyrosine and tryptophan biosynthesis",0.9654805556891791,"3h-Indole-3-propanoic acid,a-amino-"
IK_REDKBACMQCHVMH-LQOXNGKESA-N,Glycerophospholipid metabolism,0.45378444807324325,PE(22:1(13Z)/15:0)
IK_REFJWTPEDVJJIY-UHFFFAOYSA-N,Tryptophan metabolism,0.2927831650346858,rosmarinic acid
IK_REKYPYSUBKSCAT-UHFFFAOYSA-N,"Alanine, aspartate and glutamate metabolism",0.2701079373687684,3-Hydroxyvaleric acid
IK_REOMXGUTYIFDDR-MCHXITASSA-N,Glycerophospholipid metabolism,0.4436465696803288,"PE-NMe(22:2(13Z,16Z)/18:3(6Z,9Z,12Z))"
IK_RFAKHEWADWLSJX-ZIQRGBBDSA-N,Biosynthesis of unsaturated fatty acids,0.3691003256912863,"12R-hydroxy-5Z,8Z,12Z-eicosatrienoic acid"
IK_RFDAIACWWDREDC-IFZPJRIXSA-N,Primary bile acid biosynthesis,0.8040535221918941,"3a,7b,12a-Trihydroxyoxocholanyl-Glycine"
IK_RFHAOTPXVQNOHP-UHFFFAOYSA-N,Galactose metabolism,0.8340034462952309,Fluconazole
IK_RFPFIJOZVJJSSN-UHFFFAOYSA-N,Sphingolipid metabolism,0.5587831149497238,Cer 41:0;2O
IK_RFVFQQWKPSOBED-PSXMRANNSA-N,Linoleic acid metabolism,0.4410505752042443,PC(14:0/16:0)
IK_RGCBYGZECVEZKC-UHFFFAOYSA-N,Glycerophospholipid metabolism,0.4965010730366672,3-Benzoyloxy-11-oxo-12-ursen-28-oic acid
IK_RGHHSNMVTDWUBI-UHFFFAOYSA-N,Tyrosine metabolism,0.9621300590859398,4-Hydroxybenzaldehyde
IK_RGHMISIYKIHAJW-UHFFFAOYSA-N,Tyrosine metabolism,0.8136230844683187,"3,4-Dihydroxymandelic acid"
IK_RGHNJXZEOKUKBD-UHFFFAOYNA-N,Pentose phosphate pathway,0.271598225673497,D-Gluconic acid
IK_RGHPCLZJAFCTIK-UHFFFAOYSA-N,Lysine degradation,0.9234615435798028,2-Methylpyrrolidine
IK_RGIBXDHONMXTLI-UHFFFAOYSA-N,Tyrosine metabolism,0.9826341977288297,Chavicol
IK_RGJHRVMTLGLFPX-UHFFFAOYSA-N,Vitamin B6 metabolism,0.4317914431601987,"1-(3-Pyridinyl)-1,4-butanediol"
IK_RGJSGXNKRWWCOQ-QMEIEYGNSA-N,Biosynthesis of unsaturated fatty acids,0.2834483296632206,8(R)-Hydroperoxylinoleic acid
IK_RGKQMGOWKQNPHC-ZXKRFNDTSA-N,Linoleic acid metabolism,0.4975460842532002,"SM(d18:2(4E,14Z)/PGJ2)"
IK_RGSJNIATDPJNFP-MHAUTQJVSA-N,Glycerophospholipid metabolism,0.5502906187343962,PE-Cer 20:1;2O/22:0
IK_RGZSQWQPBWRIAQ-CABCVRRESA-N,Retinol metabolism,0.20151812723371548,(-)-alpha-Bisabolol
IK_RHDRMOUSDQDVCE-IWRJKWNLSA-N,Glycerophospholipid metabolism,0.42335441151378733,TG 51:1|TG 16:0_17:0_18:1
IK_RHOQRBVFJSAQTR-UHFFFAOYSA-N,Biosynthesis of unsaturated fatty acids,0.3533971508395563,Tetradec-5-Ynoic Acid
IK_RHVBIEJVJWNXBU-XZVKZCCLSA-N,Steroid hormone biosynthesis,0.9818519315192412,17beta-hydroxy-5beta-estran-3-one
IK_RHVPEFQDYMMNSY-UHFFFAOYSA-N,Glycerophospholipid metabolism,0.18686395345678736,Harmalol
IK_RHWSKVCZXBAWLZ-UHFFFAOYSA-N,Tyrosine metabolism,0.34588899605829454,Psi-Pelletierine
IK_RHYWBMKYLKNBET-UHFFFAOYSA-N,D-Amino acid metabolism,0.9964695309192417,"Thiazole, 4,5-dihydro-2,4,4-trimethyl-"
IK_RHZCEPSTZFIWEU-UHFFFAOYSA-N,Glycerophospholipid metabolism,0.5582725928450891,Cer d40:0
IK_RHZRNGQIDYHQPV-UHFFFAOYSA-N,Glycerophospholipid metabolism,0.7677881596045005,4-Hydroxyketamine
IK_RIDOSNBWMUADGT-AFSLFLIVSA-N,Glycerophospholipid metabolism,0.4886639912915137,stearidonic acid (FA 18:4)
IK_RIGHMQLKMHLMQD-UHFFFAOYSA-N,Primary bile acid biosynthesis,0.820742859743563,Chenodeoxycholylcysteine
IK_RIJDKRLRDVBUHJ-UHFFFAOYSA-N,Drug metabolism - cytochrome P450,0.9923513896309597,3-carboxy-4-methyl-5-pentyl-2-furanpropanoic acid
IK_RINCXYDBBGOEEQ-UHFFFAOYSA-N,One carbon pool by folate,0.9879687067214232,Succinic anhydride
IK_RINHYCZCUGCZAJ-IPXOVKFZSA-N,Galactose metabolism,0.9434544111459545,Rosavin
IK_RJDBNSZFZDWPFL-WEDYNZIRSA-N,Starch and sucrose metabolism,0.4326512433973118,2-(?<U+00C3><U+201E>??-D-Mannosyl)-3-phosphoglycerate
IK_RJHNVFKNIJQTQF-LMIBIYGPSA-N,Primary bile acid biosynthesis,0.9990428413783142,PA(TXB2/i-12:0)
IK_RJNRORZRFGUAKL-ADMBVFOFSA-N,Ether lipid metabolism,0.9561125765847415,Therafectin
IK_RJPPRBMGVWEZRR-WTZPKTTFSA-N,Galactose metabolism,0.5129846353564363,Palatinose
IK_RJTCYGBFKSOFPL-UHFFFAOYSA-N,Citrate cycle (TCA cycle),0.49790063414148455,"[(5R)-5-[(1S)-1,2-Dihydroxyethyl]-2,4-dioxooxolan-3-yl] dihydrogen phosphate"
IK_RJWJHRPNHPHBRN-FKVJWERZSA-N,Galactose metabolism,0.6588853500646286,Aucubin
IK_RKDOXCGYGLYOBV-BNFZFUHLSA-N,Arachidonic acid metabolism,0.5043758412578073,"Propyl 2,4-decadienoate"
IK_RKFMAQNDSSSRTH-OSMVPFSASA-N,Glycerophospholipid metabolism,0.09135122121824785,N-Acetyl-D-galactosamine 4-sulfate
IK_RKOUCPMGBBKLNK-UHFFFAOYSA-N,Glycerophospholipid metabolism,0.4937372166664244,Auxin a
IK_RKQUHHNIJVGMIG-UHFFFAOYSA-N,Linoleic acid metabolism,0.3918364664606199,N-Lauroyl Phenylalanine
IK_RLFWWDJHLFCNIJ-UHFFFAOYSA-N,Linoleic acid metabolism,0.9893252180019899,4-Aminoantipyrine
IK_RLKGCXCVPAYULW-QTZWXKQRSA-N,Glycerophospholipid metabolism,0.6639973863711452,"MG(18:1(12Z)-2OH(9,10)/0:0/0:0)"
IK_RLKNMGYLNXTJGA-UHFFFAOYSA-N,Biosynthesis of unsaturated fatty acids,0.9903715917336764,[(3-Hexyl-4-methyl-2-oxo-2H-chromen-7-yl)oxy]acetic acid
IK_RLVAVWQAAQFUOP-UHFFFAOYSA-N,Porphyrin metabolism,0.9543965460962559,3-Epipapyriferic acid
IK_RMIYQXBEQHMQGK-ZMEZPTJQSA-N,Glycerophospholipid metabolism,0.4480669273917404,"PE(20:0/22:6(5Z,7Z,10Z,13Z,16Z,19Z)-OH(4))"
IK_RMMXLENWKUUMAY-UHFFFAOYSA-N,Glycerophospholipid metabolism,0.8860975118271897,Telmisartan
IK_RMOGWMIKYWRTKW-UONOGXRCSA-N,Tyrosine metabolism,0.152039399334396,Paclobutrazol
IK_RMRJXGBAOAMLHD-IHFGGWKQSA-N,Glycerophospholipid metabolism,0.18686395345678736,Buprenorphine
IK_RMZIOVJHUJAAEY-UHFFFAOYSA-N,Glycerophospholipid metabolism,0.1825458263200488,Allyl butyrate
IK_RNKSNIBMTUYWSH-YFKPBYRVSA-N,Arginine and proline metabolism,0.5318215997854423,Pro-Gly
IK_RNVHHPUYELVHRE-GLRLOKQVSA-N,Sphingolipid metabolism,0.9142788015230633,Furosemide glucuronide
IK_RNYZJZKPGHQTJR-UHFFFAOYSA-N,Glycerophospholipid metabolism,0.1792996233076101,Protoanemonin
IK_ROARNVGCLDIFFV-PEZBUJJGSA-N,Glycerophospholipid metabolism,0.43448668422455716,PE-NMe(16:0/18:1(11Z))
IK_ROLYKLIDKNENPU-YHTMAJSVSA-O,Linoleic acid metabolism,0.4231799311100138,carnitine 14:3
IK_ROQAUFRWFXOLOE-FEKBJPIOSA-N,Glycerophospholipid metabolism,0.15340336339178565,Fluoxetine glucuronide
IK_ROWKJAVDOGWPAT-GSVOUGTGSA-N,Pyruvate metabolism,0.5629549605418044,(R)-Acetoin
IK_ROWKJAVDOGWPAT-UHFFFAOYSA-N,Pyruvate metabolism,0.5641120771502263,Acetoin
IK_RPHLQSHHTJORHI-UHFFFAOYSA-N,Arginine biosynthesis,0.3326380696282571,Adrenochrome
IK_RPSBVJXBTXEJJG-LURNZOHQSA-N,Retinol metabolism,0.9906153493003844,(N-acetylneuraminosyl(a2-6)lactosamine)
IK_RPSLZGPKLQLZGH-UHFFFAOYSA-N,Biotin metabolism,0.9914512007262463,Mollicellin C
IK_RPTUKVYGSPDHGQ-PSALXKTOSA-N,Linoleic acid metabolism,0.45578433519293143,SM(d16:1/16:0)
IK_RPVCUZZJCXVVDW-WDSKDSINSA-N,Arginine biosynthesis,0.20279449390435014,Norophthalmic acid [-CO2]
IK_RPZOFMHRRHHDPZ-UHFFFAOYSA-N,Sphingolipid metabolism,0.4810271338637088,Azimexon
IK_RQHPADKWNYTHOH-VIFPVBQESA-N,Glycerophospholipid metabolism,0.13241520393464706,L-Alanine 2-naphthylamide
IK_RQXNAJITDPUZBL-ROQBABNZSA-N,Glycerophospholipid metabolism,0.42482780332286174,"DG(20:2(11Z,14Z)/18:4(6Z,9Z,12Z,15Z)/0:0)"
IK_RRCGNPRHZQPOOT-FFBSXHGNSA-N,Glycerophospholipid metabolism,0.735730845503751,"20,26-Dihydroxyecdysone"
IK_RRHGJUQNOFWUDK-UHFFFAOYSA-N,Lysine degradation,0.6038421562336305,ISOPRENE
IK_RRMWQDBJZKKUGJ-HZNABPJSSA-N,Glycerophospholipid metabolism,0.42482780332286174,"DG(18:4(6Z,9Z,12Z,15Z)/20:3(8Z,11Z,14Z)/0:0)"
IK_RRVPPYNAZJRZFR-VYOBOKEXSA-N,Linoleic acid metabolism,0.42523171287674383,GPCho(18:1/16:0)
IK_RSAHICAPUYTWHW-UHFFFAOYSA-N,Tyrosine metabolism,0.8233930133847318,Hexahydrocurcumin
IK_RSDDHGSKLOSQFK-RVDMUPIBSA-N,Glycerophospholipid metabolism,0.3294220489022006,Auraptene
IK_RSEPBGGWRJCQGY-RBRWEJTLSA-N,Steroid hormone biosynthesis,0.8317272645693804,Estradiol valerate
IK_RSIHSRDYCUFFLA-DYKIIFRCSA-N,Steroid hormone biosynthesis,0.9955116371921048,Boldenone
IK_RSMGIILCLKIXNG-JASYKLOUSA-N,Steroid hormone biosynthesis,0.35165509887237495,TG 46:3 Isomer A
IK_RSPURTUNRHNVGF-IOSLPCCCSA-N,Purine metabolism,0.4757291125032927,"N2,N2-Dimethylguanosine"
IK_RSTMEZAVUUMLEO-OTPBFAOLSA-N,Fatty acid degradation,0.9951681806188539,Serofendic acid
IK_RSVFMXVZJZRSQQ-LTKCOYKYSA-N,Glycerophospholipid metabolism,0.5049176805670715,LPE 22:4
IK_RTGHRDFWYQHVFW-UHFFFAOYSA-N,"Alanine, aspartate and glutamate metabolism",0.26590177315333074,3-Oxoadipic acid
IK_RTJBLRZRSVEQRH-UHFFFAOYSA-N,One carbon pool by folate,0.8811451123151651,Pent-1-en-2-ol
IK_RTLULCVBFCRQKI-UHFFFAOYSA-N,Glycerophospholipid metabolism,0.18686395345678736,Procion blue MX-R
IK_RTUPAQBCUJORTM-UHFFFAOYSA-N,Linoleic acid metabolism,0.3787009668771375,"(2,6-Dioxo-3H-purin-9-yl) pyridine-3-carboxylate"
IK_RTWVXIIKUFSDJB-SSDOTTSWSA-N,Glycerophospholipid metabolism,0.18686395345678736,Scytalone
IK_RTZACTFZGJNCLF-UHFFFAOYSA-N,Glycerophospholipid metabolism,0.18686395345678736,"5-Chloro-3-[2-(2,6-difluorophenyl)ethyl]-1H-imidazo[4,5-b]pyridine-2-thione"
IK_RTZKSTLPRTWFEV-QWHCGFSZSA-N,Glycerophospholipid metabolism,0.18686395345678736,Rubschisandrin
IK_RUDATBOHQWOJDD-GCJQIVLTSA-N,Primary bile acid biosynthesis,0.7435051894008922,"3,7-Dihydroxycholan-24-oic acid"
IK_RUFPHBVGCFYCNW-UHFFFAOYSA-N,Arginine and proline metabolism,0.27067669172932307,1-Naphthylamine
IK_RUOVJPPUXXFZPC-YZEIBMOJSA-N,Glycerophospholipid metabolism,0.42335441151378733,TG 48:2
IK_RUVRLYBAIUXQMP-HPVLHQIISA-N,Sphingolipid metabolism,0.6207999742518687,HexCer 40:1;2O
IK_RUYUCCQRWINUHE-UHFFFAOYSA-N,Sphingolipid metabolism,0.9392469142829709,?<U+00C3><U+2021><U+00C3><U+0153>  ?<U+00C3><U+2021><U+00C3><U+0153>  ?<U+00C3><U+2021><U+00C3><U+0153> Octachlorostyrene
IK_RVEKLXYYCHAMDF-UTOQUPLUSA-N,Biosynthesis of unsaturated fatty acids,0.3315005381150392,FFA 16:2
IK_RVOLLAQWKVFTGE-UHFFFAOYSA-N,Caffeine metabolism,0.3368357550320878,Pyridostigmine
IK_RWCOTTLHDJWHRS-YUMQZZPRSA-N,Arginine and proline metabolism,0.5281001542616699,Pro-Pro
IK_RWGFKTVRMDUZSP-UHFFFAOYSA-N,"Phenylalanine, tyrosine and tryptophan biosynthesis",0.4511702243397152,Isopropylbenzene
IK_RXACEEPNTRHYBQ-UHFFFAOYSA-N,Sphingolipid metabolism,0.9610375176015693,Mertiatide
IK_RXKSKZZAOIRFLK-UQYDIMRYSA-N,Glycerophospholipid metabolism,0.457987130868152,"PE(14:0/20:2(11Z,14Z))"
IK_RXNXODTWPQTIHO-ZETCQYMHSA-N,Lysine degradation,0.9988686158572893,N-(2-Cyanoethyl)valine
IK_RXVWSYJTUUKTEA-CGQAXDJHSA-N,Galactose metabolism,0.3244456179953682,maltotriose
IK_RYFOJXFXERAMLS-UHFFFAOYSA-N,Linoleic acid metabolism,0.24247449605490343,Nicotyrine
IK_RYIGNEOBDRVTHA-UHFFFAOYSA-N,Glycerophospholipid metabolism,0.9789123947610787,8-chlortheophylline
IK_RYZWCKUTHDRXFD-FTZNQNEXSA-N,Sphingolipid metabolism,0.40615029741828845,Cer 18:2;2O/24:1
IK_RZBILUATLYXZLI-SLDNWHAHSA-N,Glycerophospholipid metabolism,0.9927300297404178,Ganoderic acid L
IK_RZCJYMOBWVJQGV-UHFFFAOYSA-N,Tyrosine metabolism,0.15162107453416598,(2-Naphthalenyloxy)acetic acid
IK_RZGFUGXQKMEMOO-SZXTZRQCSA-N,Pyrimidine metabolism,0.6611992252008869,7-Epi-12-hydroxyjasmonic acid
IK_RZHVUADUVVHWMD-SOFGYWHQSA-N,Linoleic acid metabolism,0.3587464145086053,Dec-7-enedioylcarnitine
IK_RZMLVIHXZGQADB-YLUGYNJDSA-N,Glycerophospholipid metabolism,0.559311299594623,Neuromedin N
IK_RZTRGWJVDVMYLZ-KBNCVMCFSA-N,Glycerophospholipid metabolism,0.13241520393464706,Glucose aspartate
IK_RZVAJINKPMORJF-UHFFFAOYSA-N,Linoleic acid metabolism,0.5640408105923808,Paracetamol
IK_SAAOVBGAFHJPIF-NYNACFBQSA-N,Primary bile acid biosynthesis,0.2936223233238156,"5,6-Dihydroxyprostaglandin F1a"
IK_SAMRUMKYXPVKPA-UHFFFAOYSA-N,Tryptophan metabolism,0.5507172858322518,Behenoyl-arabinofuranosyl-cytosine
IK_SAWAIULJDYFLPD-CTTWBBHYSA-N,Linoleic acid metabolism,0.4948905575167001,Nicotine glucuronide
IK_SAWKFRBJGLMMES-UHFFFAOYSA-N,Glycerophospholipid metabolism,0.391304347826087,PC 16:0/9:0 CHO
IK_SBAJRGRUGUQKAF-UHFFFAOYSA-N,,,"3,3'-Iminodipropionitrile"
IK_SBBDHANTMHIRGW-UHFFFAOYSA-N,Pantothenate and CoA biosynthesis,0.9827288373320106,"4-[(2,4-Dihydroxy-3,3-dimethylbutanoyl)amino]butanoic acid"
IK_SBJVDTBACUMFFD-KQYNXXCUSA-N,Purine metabolism,0.6601246869133377,"Inosine 2',3'-cyclic phosphate"
IK_SBKADJXSGGTEPN-UHFFFAOYSA-N,Tyrosine metabolism,0.9950951928775521,3-Methoxy-4-Hydroxyphenylglycol sulfate
IK_SCBBSJMAPKXHAH-QTSLKERKSA-N,Galactose metabolism,0.4990490288035825,3-O-Methyl-D-glucopyranose
IK_SCIFESDRCALIIM-VIFPVBQESA-N,"Phenylalanine, tyrosine and tryptophan biosynthesis",0.4083793596172077,N-Methylphenylalanine
IK_SCNLFUNUYBVROO-JNDMGLSPSA-N,Glycerophospholipid metabolism,0.5493537232111985,"DG(i-13:0/18:3(9,11,15)-OH(13)/0:0)"
IK_SCULJPGYOQQXTK-OLRINKBESA-N,Steroid hormone biosynthesis,0.41986214414554374,Cinobufagin
IK_SDBITTRHSROXCY-ORCCYPRRSA-N,Retinol metabolism,0.3,Lathyrol
IK_SDFGVADIYWFGIV-LAPDZXRHSA-N,Sphingolipid metabolism,0.4443636675616682,Cer 18:1;2O/23:0;(2OH)
IK_SDNYRTVJOFMYIW-OIVUAWODSA-N,Glycerophospholipid metabolism,0.39392005109202044,TG 52:0
IK_SDNYRTVJOFMYIW-UHFFFAOYSA-N,Glycerophospholipid metabolism,0.39392005109202044,TG 16:0_18:0_18:0
IK_SDVXSCSNVVZWDD-LURJTMIESA-N,Arginine biosynthesis,0.6117366448185523,N-Succinyl-2-amino-6-ketopimelate
IK_SEALOBQTUQIVGU-QNIJNHAOSA-N,Glycerophospholipid metabolism,0.9630409660273674,dihydroergocornine
IK_SECPZKHBENQXJG-FPLPWBNLSA-N,Biosynthesis of unsaturated fatty acids,0.27934556784796205,Palmitoleic acid
IK_SEDMBVOYVWZBEK-UHFFFAOYSA-N,Fatty acid degradation,0.30058086392460676,(5R)-5-Hydroxyhexanoylcarnitine
IK_SEEGHKWOBVVBTQ-NFMPGMCNSA-N,Glycerophospholipid metabolism,0.1923994976815629,Gibberellin A7
IK_SEHFUALWMUWDKS-UHFFFAOYSA-N,Tryptophan metabolism,0.28763861620127923,5-Fluoroorotic acid
IK_SENJXOPIZNYLHU-IUCAKERBSA-N,Arginine biosynthesis,0.3508810412125678,Leucyl-Arginine
IK_SEQMDCPPEHGVOY-ZMPDJGPBSA-N,Glycerophospholipid metabolism,0.48995319004452986,"PS(22:2(13Z,16Z)/PGJ2)"
IK_SERHXTVXHNVDKA-BYPYZUCNSA-N,Ascorbate and aldarate metabolism,0.48531821643497464,Pantolactone
IK_SFIBBHUOEANMLY-ONWUZIRBSA-N,Glycerophospholipid metabolism,0.9997767581921863,DG(PGJ2/0:0/2:0)
IK_SFLDCCXGUXPHRG-VKXIRHRZSA-N,Glycerophospholipid metabolism,0.45385859794051847,"PG(20:4(5Z,8Z,11Z,14Z)/18:0)"
IK_SFUVCMKSYKHYLD-FNORWQNLSA-N,Tyrosine metabolism,0.9717530901595486,Subaphylline
IK_SFXQCOMMEMBETJ-KPKJPENVSA-N,Tyrosine metabolism,0.983253311395266,Cinnamyl phenylacetate
IK_SGFJJNBUMXQSMU-PDBXOOCHSA-N,Glycerophospholipid metabolism,0.4516644689012258,Glycidyl
IK_SGJCXOWLBVNALR-UHFFFAOYSA-N,Sphingolipid metabolism,0.9870109533254313,N-[(4-fluorophenyl)methyl]-1-propyl-4-pyridin-4-ylpyrrole-2-carboxamide
IK_SGJNQVTUYXCBKH-HNQUOIGGSA-N,"Glycine, serine and threonine metabolism",0.4496329106437133,Hispidin
IK_SGMJBNSHAZVGMC-PWNYCUMCSA-N,Ascorbate and aldarate metabolism,0.4187892632781262,erythronolactone
IK_SGPLNSURQYXVNX-UHFFFAOYSA-N,Steroid hormone biosynthesis,0.9980503433372021,N-Nitrosotomatidine
IK_SGQOVJBGRJMVJR-UHFFFAOYSA-N,Glycerophospholipid metabolism,0.49606919742809447,"5-Ethyl-5-phenyl-1,3-oxazolidine-2,4-dione"
IK_SGZFJWQQBHYNNF-UHFFFAOYSA-N,Tryptophan metabolism,0.45953738784871556,3-Hydroxy-2-oxoindole
IK_SHAQGFGGJSLLHE-BQBZGAKWSA-N,Arginine and proline metabolism,0.9980904768823108,pro-gln
IK_SHLWEZVZPAYIHX-UHFFFAOYSA-N,Glycerophospholipid metabolism,0.49021998298208797,"3-Oxo-12,18-ursadien-28-oic acid"
IK_SHXWCVYOXRDMCX-UHFFFAOYSA-N,Steroid hormone biosynthesis,0.21527000835384863,"3,4-Methylenedioxymethamphetamine"
IK_SIDKXKCKKVBGMY-UHFFFAOYSA-N,Fatty acid biosynthesis,0.49784625467074983,3-Nonanon-1-yl acetate
IK_SIOXPEMLGUPBBT-UHFFFAOYSA-N,Tryptophan metabolism,0.9857485833557027,Picolinic Acid
IK_SITLTJHOQZFJGG-XPUUQOCRSA-N,Linoleic acid metabolism,0.42508566514968127,Glutamylvaline
IK_SIZUKCMURNXUCZ-JWFJDLLSSA-N,Glycerophospholipid metabolism,0.46457754224343445,"PE(20:0/20:4(5Z,8Z,11Z,14Z)-OH(19S))"
IK_SJBDVPKAXKLGPV-UKNYEQEFSA-N,Glycerophospholipid metabolism,0.18686395345678736,Mascaroside
IK_SJFTVAAHLRFBST-NSHQGHFVSA-N,Glycerophospholipid metabolism,0.4836258042849761,Apigenin 7-O-diglucuronide
IK_SJGWLQDELUWRDA-MUYAOIFFSA-N,Sphingolipid metabolism,0.6268044356313824,GlcCer d41:1
IK_SJPUNFPTIDJEOK-ROXLFADRSA-N,Glycerophospholipid metabolism,0.44469072137823,"PE-NMe(20:3(5Z,8Z,11Z)/18:1(11Z))"
IK_SJWIIOUVFNZHHP-DTSZJMRKSA-N,Glycerophospholipid metabolism,0.7152788644045799,DG(6 keto-PGF1alpha/0:0/8:0)
IK_SJZRECIVHVDYJC-UHFFFAOYSA-N,Fatty acid biosynthesis,0.18463400424348003,4-Hydroxybutyric acid
IK_SKBCVUCDJRKPAH-RTXFEEFZSA-N,Drug metabolism - cytochrome P450,0.6529837754523575,"2,2,6,7-Tetramethylbicyclo[4.3.0]nona-1(9),4-diene-7,8-diol"
IK_SKHXRNHSZTXSLP-UHFFFAOYSA-N,Biosynthesis of unsaturated fatty acids,0.7856992533537837,Ranitidine-S-Oxide
IK_SKLQABVRGGRTIT-UHFFFAOYSA-N,Ascorbate and aldarate metabolism,0.998853636332847,Gamma-Glutaminyl-4-hydroxybenzene
IK_SKMHHHHLLBKNKR-UHFFFAOYSA-M,Histidine metabolism,0.9767697048052533,Acrylamide-sodium acrylate resin
IK_SKOPRFQCOBOZFB-UHFFFAOYSA-N,Linoleic acid metabolism,0.7911273566688448,3-(Dichloromethylene)-25-pyrrolidinedione
IK_SKXLWWDOLOXKRN-YJSWQQQJSA-N,Linoleic acid metabolism,0.48720304108082596,SM(d19:1/TXB2)
IK_SKZKKFZAGNVIMN-UHFFFAOYSA-N,Tyrosine metabolism,0.5224137931034153,salicylamide
IK_SLEHROROQDYRAW-KQYNXXCUSA-N,Purine metabolism,0.4420088320982791,N2-Methylguanosine
IK_SLNYBUIEAMRFSZ-UHFFFAOYSA-N,Glycerophospholipid metabolism,0.4967327304549857,"2,5,8,11,14-Pentaoxahexadecan-16-ol"
IK_SLWSQPYUSBXANQ-BAJZRUMYSA-N,Purine metabolism,0.7619135514009651,"2'-Fluoro-2',3'-dideoxyinosine"
IK_SLXKOJJOQWFEFD-UHFFFAOYSA-N,Fatty acid biosynthesis,0.15828636374828678,Aminocaproic acid
IK_SMNDYUVBFMFKNZ-UHFFFAOYSA-N,Linoleic acid metabolism,0.9524551835308138,2-Furoic Acid
IK_SMQAUVNNWONFCH-ULUSZKPHSA-N,Arginine and proline metabolism,0.27816377147926624,Methionine glutamate
IK_SMVMSLPPAGGLDL-ZZTDLJEGSA-N,Purine metabolism,0.4959430881990291,Isovaleryl-Val-Val-Sta-OEt
IK_SMYALUSCZJXWHG-UHFFFAOYSA-N,Glycerophospholipid metabolism,0.15340336339178565,Altanserin
IK_SNCKGJWJABDZHI-ZKWXMUAHSA-N,Cysteine and methionine metabolism,0.23878116296696703,Gamma-Glutamylisoleucine
IK_SNDPXSYFESPGGJ-BYPYZUCNSA-N,Arginine biosynthesis,0.1755825138973067,Norvaline
IK_SNDPXSYFESPGGJ-UHFFFAOYSA-N,Arginine biosynthesis,0.1756160575926494,DL-Norvaline
IK_SNEIUMQYRCDYCH-LURJTMIESA-N,Arginine biosynthesis,0.5455717144455905,N-a-Acetyl-L-arginine
IK_SNFUTDLOCQQRQD-ZKWXMUAHSA-N,Linoleic acid metabolism,0.4073846937152814,Glutamylisoleucine
IK_SNGNCYILSHZBLM-UHFFFAOYSA-N,Galactose metabolism,0.49354840701511105,2-Chloro-DG
IK_SNGREZUHAYWORS-UHFFFAOYSA-N,Linoleic acid metabolism,0.9819253363079837,Perfluorooctanoic acid
IK_SNHRLVCMMWUAJD-SUYDQAKGSA-N,Steroid hormone biosynthesis,0.41986214414554374,Betamethasone 17 Valerate
IK_SNIXRMIHFOIVBB-UHFFFAOYSA-N,Tryptophan metabolism,0.47690017571833104,N-hydroxyl-tryptamine
IK_SNPLKNRPJHDVJA-UHFFFAOYSA-N,Pantothenate and CoA biosynthesis,0.9685995478936787,Panthenol
IK_SNVAIAITQIIEMQ-DUXPYHPUSA-N,"Phenylalanine, tyrosine and tryptophan biosynthesis",0.49559967369971675,Caffeic acid 4-O-sulfate
IK_SOECUQMRSRVZQQ-UHFFFAOYSA-N,Biosynthesis of unsaturated fatty acids,0.23828240083303692,Ubiquinone 1
IK_SOJVORMOXWNMMG-WITMPDRSSA-N,Glycerophospholipid metabolism,0.4422962431045357,"PE-NMe2(14:0/20:2(11Z,14Z))"
IK_SOKKQMPCIJPSGH-UHFFFAOYSA-N,Ascorbate and aldarate metabolism,0.5123961805067035,"6-[4-(carboxymethyl)-2-hydroxyphenoxy]-3,4,5-trihydroxyoxane-2-carboxylic acid"
IK_SONNWYBIRXJNDC-VIFPVBQESA-N,Tyrosine metabolism,0.5007848682429804,phenylephrine
IK_SPEJHKMQDKKCTG-UHFFFAOYSA-N,Glycerophospholipid metabolism,0.24787399250376188,"6-Amino-5-chloropyrimidine-2,4(1H,3H)-dione"
IK_SPJFYYJXNPEZDW-FTJOPAKQSA-N,Glycerophospholipid metabolism,0.39708173100596755,LysoPC(18:2)
IK_SQMGCPHFHQGPIF-JIOYIOPFSA-N,Glycerophospholipid metabolism,0.1923994976815629,Aconine
IK_SQOJOAFXDQDRGF-ZMVGXLHTSA-N,Retinol metabolism,0.20151812723371548,Ginkgolide B
IK_SQVRNKJHWKZAKO-LUWBGTNYSA-N,Tryptophan metabolism,0.2377506869716907,N-Acetylneuraminate
IK_SRPXSILJHWNFMK-ZBEGNZNMSA-N,Glycerophospholipid metabolism,0.13950168786833567,Desmethylsertraline
IK_SRSXLGNVWSONIS-UHFFFAOYSA-N,Tryptophan metabolism,0.9944674054616961,Benzenesulfonic acid
IK_SRVFFFJZQVENJC-IHRRRGAJSA-N,Histidine metabolism,0.4976579208090461,Aloxistatin
IK_SSJMZMUVNKEENT-IMJSIDKUSA-N,"Glycine, serine and threonine metabolism",0.4774624239718262,Ser-Ala
IK_SSQHYGLFYWZWDV-UVBJJODRSA-N,Tryptophan metabolism,0.3932323561233881,Ala Val Trp
IK_SSYFPKXWJHNROG-ZFDJEVKPSA-N,Glycerophospholipid metabolism,0.5660707281562748,PA(10:0/PGD1)
IK_SSYGGPAGDDGXAF-ZXXIGWHRSA-N,Steroid hormone biosynthesis,0.8333173178201535,"Estra-1,3,5(10)-triene-3,17-diol, 16-iodo-, (16alpha,17beta)-"
IK_SSZWWUDQMAHNAQ-UHFFFAOYSA-N,Glycerophospholipid metabolism,0.9483640556082149,Glycerol alpha-monochlorohydrin
IK_SSZYARBRHYOZQM-OWOJBTEDSA-N,Glycerophospholipid metabolism,0.9966572023253801,"3,4,5-trihydroxy-6-{3-[(E)-2-(4-hydroxyphenyl)ethenyl]-5-{[3,4,5-trihydroxy-6-(hydroxymethyl)oxan-2-yl]oxy}phenoxy}oxane-2-carboxylic acid"
IK_STKYPAFSDFAEPH-LURJTMIESA-N,Sphingolipid metabolism,0.478490159119053,Glycyl-Valine
IK_SUHOQUVVVLNYQR-QMMMGPOBSA-N,Glycerophospholipid metabolism,0.49326700155215003,Glycerophosphocholine3
IK_SUHVYZXHTHHCTK-GFZABIRZSA-N,Linoleic acid metabolism,0.5192569421190978,"SM(d19:0/22:6(4Z,7Z,11E,13Z,15E,19Z)-2OH(10S,17))"
IK_SUMDYPCJJOFFON-UHFFFAOYSA-M,Primary bile acid biosynthesis,0.9957799453185479,2-Hydroxyethanesulfonate
IK_SUMPVXIOAXRBIM-CXUAXNKESA-N,Glycerophospholipid metabolism,0.4453308462948944,PI 40:4
IK_SUTUBQHKZRNZRA-UHFFFAOYSA-N,Tryptophan metabolism,0.961557035403013,Eugenin
IK_SUZYROYNFNQALJ-MHEIZRSESA-N,Linoleic acid metabolism,0.43189974200799136,"PC(20:5(5Z,8Z,11Z,14Z,17Z)/16:0)"
IK_SVBMASFUJDIDJC-XFJIFGBKSA-N,Steroid hormone biosynthesis,0.21527000835384863,3-Dehydroteasterone
IK_SVEBYYWCXTVYCR-LBPRGKRZSA-N,"Valine, leucine and isoleucine biosynthesis",0.5027494741958027,Methyldopate
IK_SVURIXNDRWRAFU-OGMFBOKVSA-N,Retinol metabolism,0.20151812723371548,Cedorol
IK_SVXOFPLAAYAGIG-NDDGLTBUSA-N,Retinol metabolism,0.9853672761929549,Diosbulbinoside F
IK_SVYIZYRTOYHQRE-UHFFFAOYSA-N,Tyrosine metabolism,0.8690728687946425,Vanillactic acid
IK_SWGJCIMEBVHMTA-UHFFFAOYSA-K,Porphyrin metabolism,0.8093461582073807,Cochineal Red A
IK_SWGXDLRCJNEEGZ-UHFFFAOYSA-N,Histidine metabolism,0.9767697048052533,N-Cyclohexylformamide
IK_SWIROVJVGRGSPO-JBVRGBGGSA-N,Retinol metabolism,0.9838666638970868,Ginsenoside F2
IK_SWJDFMNJUOJVPA-LURJTMIESA-N,Tyrosine metabolism,0.5329795074903906,DOPA sulfate
IK_SWPMTVXRLXPNDP-MRVPVSSYSA-N,Lysine degradation,0.993964908666308,(3S)-3-hydroxycyclocitral
IK_SWTKBYSXMULFHZ-SMILAEQMSA-N,Lysine degradation,0.5177397906153538,Delta-Hydroxylysylnorleucine
IK_SWZMSZQQJRKFBP-DMDPSCGWSA-N,,,securinine
IK_SXGAGTVDWKQYCX-BQBZGAKWSA-N,Linoleic acid metabolism,0.280367591224411,Glutamylmethionine
IK_SXIILERIAIKHJG-UHFFFAOYSA-N,Glycerophospholipid metabolism,0.13241520393464706,Tert-butyl N-[2-(prop-2-enamido)ethyl]carbamate
IK_SXOUIMVOMIGLHO-AATRIKPKSA-N,"Phenylalanine, tyrosine and tryptophan biosynthesis",0.9903112009118104,Indoleacrylic acid
IK_SXQFCVDSOLSHOQ-UHFFFAOYSA-N,Pyruvate metabolism,0.7158492439500346,Lactamide
IK_SXSVOVSEOKWUNE-CMDGGOBGSA-N,Sphingolipid metabolism,0.30558446831836134,3-Octenoylcarnitine
IK_SYELZBGXAIXKHU-UHFFFAOYSA-N,Linoleic acid metabolism,0.9976455246038057,Lauramine Oxide
IK_SYRVWXFZYGDVTF-UHFFFAOYSA-N,Steroid hormone biosynthesis,0.1829277649460367,"(1beta,2beta,5beta)-p-Menth-3-ene-1,2,5-triol"
IK_SZBGXBOFCGNPEU-UHFFFAOYSA-N,Glycerophospholipid metabolism,0.5512014040799026,5-Aminopentanal
IK_SZEOBSAZWJLOGY-VGMNWLOBSA-N,Sphingolipid metabolism,0.9617831548068642,Glycylprolylhydroxyproline
IK_SZHOJFHSIKHZHA-UHFFFAOYSA-N,Biosynthesis of unsaturated fatty acids,0.28099434282818225,Tridecanoic acid
IK_SZJNCZMRZAUNQT-IUCAKERBSA-N,Glycerophospholipid metabolism,0.06762468334083539,Cyclo(Leu-Pro)
IK_SZJNCZMRZAUNQT-UHFFFAOYNA-N,Drug metabolism - cytochrome P450,0.8961091801318334,Cyclo(proline-leucine)
IK_SZQIFWWUIBRPBZ-UHFFFAOYSA-N,Glycerophospholipid metabolism,0.49606919742809447,Ethotoin
IK_SZQQHKQCCBDXCG-BAHYSTIISA-N,Biosynthesis of unsaturated fatty acids,0.4062478617369492,Hexadecatrienoic acid
IK_SZVNKXCDJUBPQO-HWKANZROSA-N,Starch and sucrose metabolism,0.5283105218227596,"12-Oxo-2,3-dinor-10,15-phytodienoic acid"
IK_SZXDNGVQRDTJSD-FOWTUZBSSA-N,Glycerophospholipid metabolism,0.1792996233076101,Prodigiosin
IK_TTZIHUKKIDPTQT-UHFFFAOYSA-N,Linoleic acid metabolism,0.7275929772013864,"3,3',5,6-Tetrahydroxy-4',7-dimethoxyflavone 3-glucuronide"
IK_TUZHANAISKEZFG-GHDNBGIDSA-N,Glycerophospholipid metabolism,0.9894471619152221,Menatetrenone Epoxide
IK_TUZYXOIXSAXUGO-PZAWKZKUSA-N,Glycerophospholipid metabolism,0.5829510722165344,Pravastatin
IK_TVEOVCYCYGKVPP-HSCHXYMDSA-N,Steroid biosynthesis,0.3064868371432189,Leu Ile Trp
IK_TVIDDXQYHWJXFK-UHFFFAOYSA-N,Biosynthesis of unsaturated fatty acids,0.18831928149672758,Dodecanedioic Acid
IK_TVLHFFLEOSSHFT-QVLZICSDSA-N,Primary bile acid biosynthesis,0.9053625308988711,"1b,3a,7b-Trihydroxy-5b-cholanoic acid"
IK_TVWOTZQAXZHSLO-UHFFFAOYSA-N,Linoleic acid metabolism,0.48935490643781926,"2,4-Dimethylpimelic acid"
IK_TVXJJNJGTDWFLD-TWGQIWQCSA-N,Tyrosine metabolism,0.9439542899173755,(Z)-[(4-hydroxyphenyl)acetaldehyde oxime]
IK_TVZCRIROJQEVOT-LSDHHAIUSA-N,Linoleic acid metabolism,0.49597852461836245,Cromakalim
IK_TWDZVGUEYBJLQC-CWMYCXEUSA-N,Glycerophospholipid metabolism,0.5972488933164983,"DG(i-17:0/0:0/20:4(7E,9E,11Z,13E)-3OH(5S,6R,15S))"
IK_TWEFFSVOCVXBPV-UHFFFAOYSA-N,Glycerophospholipid metabolism,0.127425605726851,3-Allylphenol sulfate
IK_TWLCFFLQLXBKAP-UHFFFAOYSA-N,Drug metabolism - other enzymes,0.5244781543182018,8-Hydroxythioguanine
IK_TWPMMLHBHPYSMT-UHFFFAOYSA-N,Linoleic acid metabolism,0.31370714987246856,3-Methyl-N-phenylaniline
IK_TWSWSIQAPQLDBP-DOFZRALJSA-N,Glycerophospholipid metabolism,0.2742026758179385,Adrenic acid
IK_TXBBUSUXYMIVOS-UHFFFAOYSA-N,Glycerophospholipid metabolism,0.4750719310193468,2-Thenoyltrifluoroacetone
IK_TXHCDEYHZPHRAC-UHFFFAOYSA-N,Linoleic acid metabolism,0.9981295514330213,"Polypropylene glycol (m w 1,200-3,000)"
IK_TXTNKDRGVWKECN-UHFFFAOYSA-N,Linoleic acid metabolism,0.46172093800418634,"1,1'-(Tetrahydro-6a-hydroxy-2,3a,5-trimethylfuro[2,3-d]-1,3-dioxole-2,5-diyl)bis-ethanone"
IK_TYFQFVWCELRYAO-UHFFFAOYSA-N,Biosynthesis of unsaturated fatty acids,0.18825163453468405,Suberic Acid
IK_TYHJMEIBGDDCPA-UHFFFAOYSA-N,"Glycine, serine and threonine metabolism",0.3280070928609974,Methylisopelletierine
IK_TYLFLHPQWQQWRD-UHNVWZDZSA-N,"Valine, leucine and isoleucine biosynthesis",0.47238393785541527,2R-Hydroxymethyl-3S-hydroxypyrolidine
IK_TYMABNNERDVXID-DLYFRVTGSA-N,Pyruvate metabolism,0.4978751542594717,Panipenem
IK_TYQPBHYPIRLWKU-NKWVEPMBSA-N,Purine metabolism,0.750367790540225,"Inosine2,3"
IK_TZBJGXHYKVUXJN-UHFFFAOYSA-N,Glycerophospholipid metabolism,0.8714646129332084,"4,5,7-Trihydroxyisoflavone"
IK_TZCPCKNHXULUIY-RGULYWFUSA-N,Glycerophospholipid metabolism,0.44503576234043946,PS(18:0/18:0)
IK_TZZSWAXSIGWXOS-UHFFFAOYSA-M,Arginine and proline metabolism,0.6258863874660199,5-Acetamidovalerate
IK_UADPGHINQMWEAG-FROQITRMSA-N,Glycerophospholipid metabolism,0.2808743639688918,"(S,E)-2-(5-Hydroxy-8,9-dihydro-5H-benzo[7]annulen-6(7H)-ylidene)acetic acid"
IK_UARHXHPRJDJCKE-QECOYPFHSA-N,Glycerophospholipid metabolism,0.4248264296133176,"DG(15:0/18:3(9Z,12Z,15Z)/0:0)"
IK_UATOAILWGVYRQS-HHHXNRCGSA-N,Linoleic acid metabolism,0.45754811979460114,PC(20:0/0:0)
IK_UATOAILWGVYRQS-UHFFFAOYSA-N,Linoleic acid metabolism,0.4575471138415258,LPC 20:0
IK_UAUDZVJPLUQNMU-KTKRTIGZSA-N,Glycerophospholipid metabolism,0.41517875834590945,Erucamide
IK_UBCPEZWGUOSYHO-JAPSQKQGSA-N,Primary bile acid biosynthesis,0.8485234080514263,"27-Nor-5b-cholestane-3a,7a,12a,24,25-pentol"
IK_UBMDAKWARMURDL-FNORWQNLSA-N,Arachidonic acid metabolism,0.35307035372260137,Feruloylagmatine
IK_UBQKCCHYAOITMY-UHFFFAOYSA-N,Vitamin B6 metabolism,0.4329469961780355,2-Hydroxypyridine
IK_UCDCOJNNUVYFKJ-UHFFFAOYSA-N,Sphingolipid metabolism,0.5097164933618682,N-Undecylbenzenesulfonic acid
IK_UCPOMLWZWRTIAA-UHFFFAOYSA-N,Glycerophospholipid metabolism,0.7674626960462299,Atevirdine
IK_UCVNAFBEVWCUSK-SEYXRHQNSA-N,Linoleic acid metabolism,0.46511299748040097,LPC O-22:1
IK_UDBXKKKIEXMSEA-XKKGNKCGSA-N,Glycerophospholipid metabolism,0.4578527391394338,"PE(16:0/20:2(11Z,14Z))"
IK_UDSFAEKRVUSQDD-UHFFFAOYSA-N,Arginine biosynthesis,0.5647163713977186,Dimethyl adipate
IK_UDTWZFJEMMUFLC-NSHDSACASA-N,Glycerophospholipid metabolism,0.9695475701240152,S-nirvanol
IK_UDTWZFJEMMUFLC-UHFFFAOYSA-N,Glycerophospholipid metabolism,0.9843562705813577,Nirvanol
IK_UDYIPZFWVJJQJF-KQPZCCJBSA-N,Retinol metabolism,0.20151812723371548,Demethylphylloquinone
IK_UEFRDQSMQXDWTO-UHFFFAOYSA-N,Fatty acid degradation,0.3002943892918761,3-hydroxybutyrylcarnitine
IK_UEFRDQSMQXDWTO-YGPZHTELSA-N,Fatty acid degradation,0.3002877652062932,(R)-3-hydroxybutyrylcarnitine
IK_UEJJHQNACJXSKW-UHFFFAOYSA-N,Glycerophospholipid metabolism,0.18686395345678736,Thalidomide
IK_UELBXEKQONEDKM-IRXDYDNUSA-N,Fatty acid biosynthesis,0.3213333103909279,"(9S,10S)-10-hydroxy-9-(phosphonooxy)octadecanoate"
IK_UEWPEVNSKXXUGP-UHFFFAOYSA-N,One carbon pool by folate,0.6747588224510629,"10H-Pyrido(3,2-b)(1,4)benzothiazine, 10-(2-(dibutylamino)ethyl)-"
IK_UFAHZIUFPNSHSL-UHFFFAOYNA-N,Fatty acid degradation,0.31328352080573585,Propionylcarnitine
IK_UFGLFVVFQFFPSV-LKBCLYITSA-N,Primary bile acid biosynthesis,0.7873548225622955,"5alpha-Androstane-3beta,7alpha,17beta-triol"
IK_UGAGPNKCDRTDHP-UHFFFAOYSA-N,Fatty acid biosynthesis,0.20609478195924905,"l-dopa (3,4-dihydroxy-l-phenylalanine)"
IK_UGCOPUIBNABIEP-UHFFFAOYSA-N,Ascorbate and aldarate metabolism,0.4798718365517349,2-Ethylsulfanyl-1H-benzoimidazole
IK_UGFILLIGHGZLHE-UHFFFAOYSA-N,Tyrosine metabolism,0.7567349229890562,"Dopal (3,4-Dihydroxyphenyl)acetaldehyde)"
IK_UGGHNDGDVCUWQX-WDSKDSINSA-N,Glycerophospholipid metabolism,0.9961338291402037,N(alpha)-Phosphorylalanylproline
IK_UGJAEDFOKNAMQD-QXPKXGMISA-N,Glycerophospholipid metabolism,0.15302470687725633,Panaxynol
IK_UGJMXCAKCUNAIE-UHFFFAOYSA-N,Glycerophospholipid metabolism,0.06762468334083539,Gabapentin
IK_UGRNVLGKAGREKS-UHFFFAOYSA-N,Purine metabolism,0.4208279507326463,"3-(6-Aminopurin-9-yl)-5-(hydroxymethyl)cyclopentane-1,2-diol"
IK_UGRZESKDAPEULH-ACEXITHZSA-N,Linoleic acid metabolism,0.48292712760968304,SM d38:0
IK_UHISGSDYAIIBMO-UMLSMIIMSA-N,Glycerophospholipid metabolism,0.47368060202770973,Gingerglycolipid B
IK_UHQGCIIQUZBJAE-RRQVMCLOSA-N,Steroid hormone biosynthesis,0.8720163263524155,EPIMESTROL
IK_UIERETOOQGIECD-ONEGZZNKSA-N,Arginine and proline metabolism,0.8927991737210277,Tiglic acid
IK_UIHIWMNOFVOPOG-SQUIBIKHSA-N,Glycerophospholipid metabolism,0.42900045709047246,TG O-56:9|TG O-22:5_16:2_18:2
IK_UIKROCXWUNQSPJ-UHFFFAOYNA-N,Ascorbate and aldarate metabolism,0.9709079713574453,Cotinine
IK_UIKROCXWUNQSPJ-VIFPVBQESA-N,Vitamin B6 metabolism,0.9795013238051379,(-)-Cotinine
IK_UILPJVPSNHJFIK-UHFFFAOYSA-N,Drug metabolism - cytochrome P450,0.7438126653547614,Paeonol
IK_UJCJWIHZUHMDIT-YQIUVMGYSA-N,Glycerophospholipid metabolism,0.45798741923318487,PE 35:2|PE 17:0_18:2
IK_UJFWRUHMFNKTTC-UHFFFAOYSA-N,Primary bile acid biosynthesis,0.8480210899482048,Cholylserine
IK_UJFZXWOEMYBQAZ-FBJUMJHFSA-N,Glycerophospholipid metabolism,0.4438650565214202,"PS(18:1(11Z)/18:2(9Z,12Z))"
IK_UJHKVYPPCJBOSG-UHFFFAOYSA-N,Pantothenate and CoA biosynthesis,0.9197984688406877,Hydroxyibuprofen
IK_UKAUDTTVOAAZHC-UHFFFAOYSA-N,"Valine, leucine and isoleucine biosynthesis",0.739058629232072,"Itaconate (Itaconic acid)1,3"
IK_UKAUYVFTDYCKQA-UHFFFAOYSA-N,Arginine biosynthesis,0.1854197485246325,DL-Homoserine
IK_UKAUYVFTDYCKQA-VKHMYHEASA-N,Arginine biosynthesis,0.1847016338766154,L-Homoserine
IK_UKDKTHYZLXZOSS-UHFFFAOYSA-N,Tyrosine metabolism,0.9997957429661456,N-Acetylvanilalanine
IK_UKMSUNONTOPOIO-UHFFFAOYSA-N,Biosynthesis of unsaturated fatty acids,0.28121024483102375,Behenic acid
IK_ULCCGBCYWCYNIC-UHFFFAOYSA-N,Fatty acid degradation,0.32631641493124497,O-(17-Carboxyheptadecanoyl)carnitine
IK_ULGZDMOVFRHVEP-RWJQBGPGSA-N,Glycolysis or Gluconeogenesis,0.9988241089075927,Erythromycin
IK_ULHWZNASVJIOEM-ZETCQYMHSA-N,Cysteine and methionine metabolism,0.7409850777569144,S-Prenyl-L-cysteine
IK_ULSIYEODSMZIPX-UHFFFAOYSA-N,Arginine biosynthesis,0.9909860519345648,Phenylethanolamine
IK_UMCDODPBPQMWQP-UHFFFAOYSA-N,Tyrosine metabolism,0.5100862308446544,Dihydroferulic acid 4-O-sulfate
IK_UMLOUOBDBGOHHR-UHFFFAOYSA-N,Sphingolipid metabolism,0.46332245538996436,6-Hydroxypseudooxynicotine
IK_UMMADZJLZAPZAW-XOWPVRJPSA-N,Glycerophospholipid metabolism,0.852040583185034,Carboprost Tromethamine
IK_UMOAAMQGRRCHPA-GJCOWUBNSA-N,Linoleic acid metabolism,0.3415596493328502,N-Oleoyl Leucine
IK_UNBDIKFARPKNLC-NOZLCFKKSA-N,Glycerophospholipid metabolism,0.5600933535903337,PS 17:0-18:1-d5
IK_UNHCPLSWMNPZTD-HXUWFJFHSA-N,Fatty acid degradation,0.32631641493124497,Hexadecanedioic acid mono-L-carnitine ester
IK_UNUYMBPXEFMLNW-DWVDDHQFSA-N,Purine metabolism,0.417035680021264,N6-Threonylcarbamoyladenosine
IK_UNXHWFMMPAWVPI-QWWZWVQMSA-N,Pentose and glucuronate interconversions,0.2543507067724039,threitol
IK_UNXHWFMMPAWVPI-ZXZARUISSA-N,Pentose and glucuronate interconversions,0.25544673970232284,erythritol
IK_UOFYCFMTERCNEW-ADEYADIWSA-N,Glycerophospholipid metabolism,0.15340336339178565,Ezetimibe-glucuronide
IK_UOORRWUZONOOLO-UHFFFAOYSA-N,Linoleic acid metabolism,0.9460795790480169,"1,3-Dichloropropene"
IK_UOXRPRZMAROFPH-IESLQMLBSA-N,Glycerophospholipid metabolism,0.6671672956374718,LysoPI(16:0/0:0)
IK_UPABQMWFWCMOFV-UHFFFAOYSA-N,Fatty acid degradation,0.9872263938729022,N-Benzyl-2-phenylethylamine
IK_UPEZCKBFRMILAV-JMZLNJERSA-N,Ascorbate and aldarate metabolism,0.9017543988166118,Ecdysone
IK_UPISBTVRUJGIRH-HNANJHLJSA-N,Glycerophospholipid metabolism,0.9977001251876743,"3,4'-Dimethyquercetin 7-[alpha-L-arabinofuranosyl-(1->6)-glucoside]"
IK_UPJFTVFLSIQQAV-KOLCDFICSA-N,Steroid hormone biosynthesis,0.49448889947788516,Neocnidilide
IK_UPLCTTWJNCYYAW-UHFFFAOYSA-N,Arginine biosynthesis,0.5034951008999269,Arg-Thr-Lys-Arg
IK_UPMLOUAZCHDJJD-UHFFFAOYSA-N,Glycerophospholipid metabolism,0.4804055149836515,"4,4'-Diphenylmethane diisocyanate"
IK_UPSPUYADGBWSHF-UHFFFAOYSA-N,Tryptophan metabolism,0.2313546838282746,Tolmetin
IK_UPUWBGZZDIUZQD-UHFFFAOYSA-N,Purine metabolism,0.9899114638273715,2-hydroxypyridine sulfate
IK_UPWPIFMHSFSVLE-UHFFFAOYSA-N,Glycerophospholipid metabolism,0.980758039952365,"N-Cyclohexyl-1,3-Benzothiazol-2-Amine"
IK_UQDJGEHQDNVPGU-UHFFFAOYSA-N,Glycerophospholipid metabolism,0.48756180157944184,L-2-Aminoethyl seryl phosphate
IK_UQOQENZZLBSFKO-POPPZSFYSA-N,Glycerophospholipid metabolism,0.37032642367791196,PI(18:0/PGJ2)
IK_UQQIESBHLPZEGH-XBICCEFJSA-N,Linoleic acid metabolism,0.43426220806050475,PC O-46:5 or PC 46:5e
IK_UQVKZNNCIHJZLS-UHFFFAOYSA-N,Purine metabolism,0.6050134021427453,"2-Amino-1-Methyl-6-phenylimidazo[4,5-b]pyridine"
IK_UQWJOPVYLXZYCS-UHFFFAOYSA-N,Retinol metabolism,0.20151812723371548,Elatoside G
IK_UQWLOWFDKAFKAP-WXHSDQCUSA-N,Glycerophospholipid metabolism,0.13303991926454234,Zofenoprilat
IK_URDOHUPGIOGTKV-JTBFTWTJSA-M,Linoleic acid metabolism,0.9652848082161263,Cefuroxime sodium
IK_URDZVAHPTRQDFK-AKXWPXBYSA-N,Linoleic acid metabolism,0.42829050553333126,PC O-42:2 or PC 42:2e
IK_URKOMYMAXPYINW-UHFFFAOYSA-N,Glycerophospholipid metabolism,0.1792996233076101,Quetiapine
IK_URTBCBICNCMCPB-CWUOWYQYSA-N,Fatty acid degradation,0.3086758235272639,"2-trans,4-cis-decadienoylcarnitine"
IK_USHMBEFGKMCIBD-BQYQJAHWSA-N,Steroid hormone biosynthesis,0.320696732285072,"(3beta,5alpha,6alpha,7alpha,22E,24R)-5,6-Epoxyergosta-8,14,22-triene-3,7-diol"
IK_USHRADXTTYICIJ-UHFFFAOYSA-N,Caffeine metabolism,0.21757522547689356,"2,5-dihydroxypyrazine"
IK_USSIQXCVUWKGNF-UHFFFAOYSA-N,Starch and sucrose metabolism,0.9758064516129032,Methadone
IK_USWXDXYEVISELK-UHFFFAOYSA-N,Linoleic acid metabolism,0.3188023192536602,4-Allylpyrocatechol sulfate
IK_USYNZBLVOOXNSN-ARRWHRBTSA-N,Glycerophospholipid metabolism,0.1358030075013139,"(23S)-23,25-dihdroxy-24-oxovitamine D3 23-(beta-glucuronide)"
IK_UTAIYTHAJQNQDW-KQYNXXCUSA-N,Purine metabolism,0.4184111421501935,1-Methylguanosine
IK_UTBVIMLZIRIFFR-UHFFFAOYSA-N,Tyrosine metabolism,0.9663888091854571,2-(Methylthio)benzothiazole
IK_UTIRJVJBKWSIOX-SRMFCGEKSA-N,Galactose metabolism,0.5225145166312154,Glucosylgalactosyl hydroxylysine
IK_UTNVEWHQVLDCMX-UHFFFAOYSA-N,Sphingolipid metabolism,0.4875680123777257,Lactyltrimethylammonium betaine
IK_UTQBHMSOMGCBHH-QYPJFMAQSA-N,Glycerophospholipid metabolism,0.43875927503982143,"PE-NMe(18:0/22:5(4Z,7Z,10Z,13Z,16Z))"
IK_UTSVPXMQSFGQTM-DCXZOGHSSA-N,"Alanine, aspartate and glutamate metabolism",0.9729211851654276,Sterigmatocystin
IK_UTTULGRFBPONAA-VPENINKCSA-N,Pyrimidine metabolism,0.9341690796503754,Difluorodeoxyuridine
IK_UTYVDVLMYQPLQB-UHFFFAOYSA-N,"Phenylalanine, tyrosine and tryptophan biosynthesis",0.4667260065950026,Phenylacetylglycine
IK_UUEPXFWSBUIUAZ-NSCUHMNNSA-N,Arginine biosynthesis,0.5420596301553776,Coumaryl acetate
IK_UUILWXIBBZVJDU-UHFFFAOYSA-N,Steroid hormone biosynthesis,0.3261821934589127,"2-Propyl-2,4-pentadienoic acid"
IK_UUUGVWGQJIFFRM-FUHDGFEASA-N,Glycerophospholipid metabolism,0.1427796197903021,Streptidine 6-phosphate
IK_UVOGHPPAYFAQIT-HWJOWLPRSA-N,Glycerophospholipid metabolism,0.42670124572418894,TG 50:4|TG 14:0_18:2_18:2
IK_UVTLONZTPXCUPU-ZNMIVQPWSA-N,Linoleic acid metabolism,0.9447417325456777,Ciramadol
IK_UVZICZIVKIMRNE-UHFFFAOYSA-N,Glycerophospholipid metabolism,0.32991287327389224,Thiodiacetic acid
IK_UVZTZBRGZXIBLZ-UHFFFAOYSA-N,Fatty acid biosynthesis,0.3840540545588121,11-Maleimidoundecanoic acid
IK_UWBDLNOCIDGPQE-UHFFFAOYSA-N,"Valine, leucine and isoleucine biosynthesis",0.22077816509209658,Ile-Lys
IK_UWHCKWNPWKTMBM-WDCWCFNPSA-N,Linoleic acid metabolism,0.3683700015302992,Lys Thr Gln
IK_UWHZIFQPPBDJPM-BQYQJAHWSA-N,Biosynthesis of unsaturated fatty acids,0.2791625885060146,Vaccenic acid
IK_UWHZIFQPPBDJPM-FPLPWBNLSA-N,Biosynthesis of unsaturated fatty acids,0.28027862770335193,Cis-Vaccenic acid
IK_UWNSWIXIVDMCHZ-UHFFFAOYSA-N,Glycerophospholipid metabolism,0.13241520393464706,Mono-isopropyl-disopyramide
IK_UXDIXFDKSPCUIX-AXFHLTTASA-N,Pyrimidine metabolism,0.9679211094708919,Cnidilide
IK_UXDLYVBMRUIQCX-UHFFFAOYSA-N,Tyrosine metabolism,0.313622083040186,"1-Hydroxy-2,2,5,5-tetramethylpyrrolidine-3-carboxamide"
IK_UXFQDXABPXWSTK-ZDUSSCGKSA-N,Glycerophospholipid metabolism,0.4018569602929102,10-formyldihydrofolate
IK_UXFQFBNBSPQBJW-UHFFFAOYSA-N,"Glycine, serine and threonine metabolism",0.9183960315769174,"2-Amino-2-methyl-1,3-propanediol"
IK_UXZAXFPFSQRZOZ-UHFFFAOYSA-N,Arginine biosynthesis,0.3893670007630141,Nopalinic acid
IK_UYEMZAOCHUCHMG-GVTGRELXSA-N,Primary bile acid biosynthesis,0.5481673237121173,Schleicherastatin 3
IK_UYHSBQDAYWOYNS-LDQQKAIHSA-N,Glycerophospholipid metabolism,0.14027303355567988,"(2xi,20beta)-2,20-Dihydroxy-3-oxo-12-ursen-28-oic acid"
IK_UYKREHOKELZSPB-JTQLQIEISA-N,Tryptophan metabolism,0.4328356990741349,Tryptophyl-Glycine
IK_UYNVMODNBIQBMV-UHFFFAOYSA-N,Lysine degradation,0.3277021463310137,Ifenprodil
IK_UYPYRKYUKCHHIB-UHFFFAOYSA-N,Sphingolipid metabolism,0.2697723416456658,Trimethylamine N-oxide
IK_UYWXWYBEHLAUEW-UHFFFAOYSA-N,"Alanine, aspartate and glutamate metabolism",0.451118542069753,Antibiotic GR 95647X
IK_UYXTWWCETRIEDR-UHFFFAOYSA-N,Glycerophospholipid metabolism,0.6962356211742948,Tributyrylglycerol
IK_UZKQTCBAMSWPJD-FARCUNLSSA-N,Caffeine metabolism,0.18016877923691943,trans-Zeatin
IK_UZTFMUBKZQVKLK-UHFFFAOYSA-N,Fatty acid biosynthesis,0.25941443984268525,4-Acetamidobutanoic acid
IK_UZUFPBIDKMEQEQ-UHFFFAOYSA-N,Glycerophospholipid metabolism,0.18686395345678736,Perfluorononanoic Acid
IK_UZWWTCBNUQJEPB-WLMOLUCVSA-N,Linoleic acid metabolism,0.3437511644496568,20-Trihydroxy-leukotriene-B4
IK_VACHUYIREGFMSP-IRXDYDNUSA-N,Biosynthesis of unsaturated fatty acids,0.20022921004447722,"(9S,10S)-9,10-dihydroxyoctadecanoate"
IK_VACHUYIREGFMSP-UHFFFAOYSA-N,Biosynthesis of unsaturated fatty acids,0.20062211729341017,"9,10-Dihydroxystearic acid"
IK_VAOOAPRSEDZAEV-JFECCKQBSA-N,Glycerophospholipid metabolism,0.38722759854262145,Isoscoparin 4'-glucoside
IK_VAPHLLYHDMUQSW-UHFFFAOYSA-N,Arginine biosynthesis,0.748222172212543,Ethyl N2-acetyl-L-argininate
IK_VARHXCYGZKSOOO-UHFFFAOYSA-N,Glycerophospholipid metabolism,0.6965944272445839,Deoxyvasicinone
IK_VASLEPDZAKCNJX-UHFFFAOYSA-N,Ascorbate and aldarate metabolism,0.9917897510336063,"1-Rhamnono-1,4-lactone"
IK_VBCLPDSIELLWDI-UHFFFAOYSA-N,Tyrosine metabolism,0.6663480759520816,2-[3-(sulfooxy)phenyl]acetic acid
IK_VBGLYOIFKLUMQG-UHFFFAOYSA-N,Biosynthesis of unsaturated fatty acids,0.5117711215160929,Cannabinol
IK_VBOQYPQEPHKASR-UHFFFAOYSA-N,Arginine biosynthesis,0.19517879869945304,DL-Homocysteic acid
IK_VBUYCZFBVCCYFD-JJYYJPOSSA-N,Pentose phosphate pathway,0.2853800244658802,2-Ketogluconic acid
IK_VCCAAURNBULZRR-JGVFFNPUSA-N,Arginine and proline metabolism,0.18305479926356727,Conhydrine
IK_VCKPUUFAIGNJHC-UHFFFAOYSA-N,Tryptophan metabolism,0.616621862218578,Hydroxykynurenine
IK_VCMMXZQDRFWYSE-UHFFFAOYSA-N,Tyrosine metabolism,0.3660720950349115,Plumbagin
IK_VCRXMIQBQGCAAL-UHFFFAOYSA-N,Glycerophospholipid metabolism,0.9850378565287762,Tyrosol 4-sulfate
IK_VCSCPMNEABGTIT-MDTVQASCSA-L,Histidine metabolism,0.9821471141271705,Fe(II)-nicotianamine
IK_VCXKVGMRVJRCIV-XRKADIMJSA-N,Linoleic acid metabolism,0.3986392883693538,lysoPC a C28:1
IK_VDDXXDNLMZFVOQ-FBMZPBPRSA-N,Sphingolipid metabolism,0.6651470108619081,GlcCer d38:1
IK_VDNMIIDPBBCMTM-UHFFFAOYSA-N,"Glycine, serine and threonine metabolism",0.8397533449978575,(2-Hydroxyethoxy)acetic acid
IK_VDQLKIBLTMPAHI-UHFFFAOYSA-N,"Valine, leucine and isoleucine biosynthesis",0.5081801510081909,"1-Propanone, 1-(3,4-dihydroxyphenyl)-2-methyl-"
IK_VDYXBEFIBYPOSV-UHFFFAOYSA-N,Linoleic acid metabolism,0.3884423442758893,5-Hydroxyindolin-2-one sulfate
IK_VEBLZAHPGXTRDI-UHFFFAOYSA-N,Glycerophospholipid metabolism,0.28277435855637206,FA 20:0 (arachidic acid)
IK_VEBOFLQVSWXAKE-FWGBWITRSA-N,Linoleic acid metabolism,0.4334848282482429,"PC(20:4(8Z,11Z,14Z,17Z)-2OH(5S,6R)/P-18:0)"
IK_VEBVPUXQAPLADL-POYOOMFHSA-N,Arachidonic acid metabolism,0.856483911266524,Ingenol
IK_VEESGYSTEQKVJL-KVKKDTSVSA-N,Ascorbate and aldarate metabolism,0.9969819795134998,Corchoroside B
IK_VELYAQRXBJLJAK-XKKWFBPMSA-N,Galactose metabolism,0.6635892446269885,Ajugol
IK_VEORPZCZECFIRK-UHFFFAOYSA-N,Vitamin B6 metabolism,0.9351281344631951,Tetrabromobisphenol A
IK_VEOYBEJCEMJLHN-OAQYLSRUSA-N,Glycerophospholipid metabolism,0.1825458263200488,Hydroxytetradecadienyl-l-carnitine
IK_VEVZSMAEJFVWIL-UHFFFAOYSA-O,Glycerophospholipid metabolism,0.9966448878686209,Cyanidin
IK_VEXDRERIMPLZLU-UHFFFAOYNA-N,Pyruvate metabolism,0.36704308494026194,Methyl-3-hydroxybutyric acid
IK_VEYJKJORLPYVLO-RYUDHWBXSA-N,Tyrosine metabolism,0.4882497604012659,Valyltyrosine
IK_VEYYWZRYIYDQJM-ZETCQYMHSA-N,Arginine biosynthesis,0.28908111078885673,N-alpha-acetyllysine
IK_VFBPKQSATYZKRX-UHFFFAOYSA-N,Glycerophospholipid metabolism,0.15261711325525623,Dactimicin
IK_VFLQJBVJJLGBKM-HZPDHXFCSA-N,Glycerophospholipid metabolism,0.9918470924374128,Muricatacin
IK_VFRROHXSMXFLSN-SLPGGIOYSA-N,"Glycine, serine and threonine metabolism",0.9954668579143064,glucose-6-phosphate
IK_VFYGOZNDDVMNNT-UHFFFAOYSA-N,Sphingolipid metabolism,0.9988412680902158,Dodecenoylcarnitine
IK_VGHLCDUMOBMFJC-WNDXKNNZSA-N,Glycerophospholipid metabolism,0.5193105810135203,"DG(14:0/22:6(4Z,7Z,11E,13Z,15E,19Z)-2OH(10S,17)/0:0)"
IK_VGJDUVKGGZDWPB-WRPJNQIKSA-N,Glycerophospholipid metabolism,0.43781366492844104,"PE-NMe(22:0/22:5(7Z,10Z,13Z,16Z,19Z))"
IK_VGRHZPNRCLAHQA-UHFFFAOYSA-N,"Alanine, aspartate and glutamate metabolism",0.21105120107682018,Aspartyl-Asparagine
IK_VGSUMLIRUGDCTF-NSMRCOLJSA-N,Linoleic acid metabolism,0.42706267197902703,"PC(18:0/20:3(8Z,11Z,14Z))"
IK_VGSYCWGXBYZLLE-QEEQPWONSA-N,Linoleic acid metabolism,0.543570340934075,Trifolirhizin
IK_VGZSUPCWNCWDAN-UHFFFAOYSA-N,Steroid hormone biosynthesis,0.9564723210494857,Acetohexamide
IK_VHKNBDIQDAXGBL-UHFFFAOYSA-M,"Alanine, aspartate and glutamate metabolism",0.931569948363309,"2,5-Dioxopentanoate"
IK_VHVGNTVUSQUXPS-YUMQZZPRSA-N,"Phenylalanine, tyrosine and tryptophan biosynthesis",0.37890314481486403,L-Threo-3-Phenylserine
IK_VHVOLFRBFDOUSH-NSCUHMNNSA-N,Purine metabolism,0.49670842861627523,ISOSAFROLE
IK_VIDLVGFSJZUUCT-KRXZEVONSA-N,Linoleic acid metabolism,0.5284103636493062,"SM(d18:2(4E,14Z)/20:5(7Z,9Z,11E,13E,17Z)-3OH(5,6,15))"
IK_VIHAEDVKXSOUAT-UHFFFAOYSA-N,Linoleic acid metabolism,0.23514941887551183,2(5H)-Furanone
IK_VIMPHGVJPCSNPE-ZCLMWFBCSA-N,Linoleic acid metabolism,0.4327459994330873,"PC(22:6(4Z,7Z,10Z,13Z,16Z,19Z)/18:3(6Z,9Z,12Z))"
IK_VIVOIHQVZSMABQ-OWRFCLNLSA-N,Glycerophospholipid metabolism,0.4576140453443337,"PE(18:3(9Z,12Z,15Z)/18:2(9Z,12Z))"
IK_VJDOAZKNBQCAGE-UHFFFAOYSA-N,Fructose and mannose metabolism,0.2893267224410665,Polyribosylribitolphosphate
IK_VJLLLMIZEJJZTE-LKPYDFSUSA-N,Sphingolipid metabolism,0.6596445240579407,C16:0 glucosylceramide
IK_VJNCICVKUHKIIV-ZCFIWIBFSA-N,D-Amino acid metabolism,0.4786975318591156,"Dopachrome2,3"
IK_VJNXUFOTKNTNPG-IOSLPCCCSA-O,Purine metabolism,0.4903897706238502,7-Methylinosine
IK_VJSBNBBOSZJDKB-KPEYJIHVSA-N,Sphingolipid metabolism,0.3933022586841715,C24:1 ceramide
IK_VJZBXAQGWLMYMS-HNNXBMFYSA-N,Fatty acid biosynthesis,0.23779053373951797,"(S)-10,16-Dihydroxyhexadecanoic acid"
IK_VKENMLSUUVOQLD-VQVTYTSYSA-N,Arginine biosynthesis,0.460275438240751,Gamma-Glutamylhydroxyproline
IK_VKEQBMCRQDSRET-UHFFFAOYSA-N,Glycerophospholipid metabolism,0.18686395345678736,Methylone
IK_VKVSSDKCKXJFIM-AFYHZPHLSA-N,Linoleic acid metabolism,0.42702806303840146,PC 34:3
IK_VKYKSIONXSXAKP-UHFFFAOYSA-N,"Valine, leucine and isoleucine biosynthesis",0.49834534793238916,Methenamine
IK_VLBPIWYTPAXCFJ-UHFFFAOYSA-N,Linoleic acid metabolism,0.4611707036868042,LPC O-16:0
IK_VLBPIWYTPAXCFJ-XMMPIXPASA-N,Linoleic acid metabolism,0.4611587196700462,1-O-Hexadecyl-sn-glycero-3-phosphocholine
IK_VLDVBZICYBVQHB-IUCAKERBSA-N,Histidine metabolism,0.6104710306658907,Histidylvaline
IK_VLFJNHPNIOTOOA-YMIVKDKMSA-N,Glycerophospholipid metabolism,0.45186709309339473,"LysoPE(0:0/22:4(7Z,10Z,13Z,16Z))"
IK_VLIJZYIABFUKFN-JZELYBSLSA-N,Glycerophospholipid metabolism,0.44478247113330444,PE O-18:1_20:4
IK_VLIUMVVQGMLOJG-SEBNEYGDSA-N,Glycerophospholipid metabolism,0.9964265121698281,Daucol
IK_VLJNHYLEOZPXFW-BYPYZUCNSA-N,Arginine and proline metabolism,0.5379222850000573,L-prolinamide
IK_VLPFTAMPNXLGLX-UHFFFAOYSA-N,Glycerophospholipid metabolism,0.39391919097821354,TG(8:0/8:0/8:0)
IK_VLSMHEGGTFMBBZ-OOZYFLPDSA-N,Glycerophospholipid metabolism,0.13303991926454234,Kainic acid
IK_VLTXBOGHSBHSAC-UHFFFAOYSA-N,Glycerophospholipid metabolism,0.18686395345678736,Perfluoro tert-butylcyclohexane
IK_VLULRUCCHYVXOH-UHFFFAOYSA-N,Caffeine metabolism,0.4521334156346256,TIC10
IK_VMEHOTODTPXCKT-RXMQYKEDSA-N,Glutathione metabolism,0.537052083265148,(2R)-2-Hydroxy-2-methylbutanenitrile
IK_VMFFESMCXOCOIZ-UHFFFAOYSA-N,Primary bile acid biosynthesis,0.8022488324182047,Cholylaspartic acid
IK_VMGXLRXDXJZSTP-UHFFFAOYSA-N,Tyrosine metabolism,0.8704387754878767,Olsalazine-O-sulfate
IK_VMJGIIURAHPLEX-AVQMFFATSA-N,Linoleic acid metabolism,0.4493254574898645,N-Linoleoyl Tryptophan
IK_VMOJNRFXEJSJDS-UHFFFAOYSA-N,Arginine biosynthesis,0.992406201125087,5-Methylpyrogallol sulfate
IK_VMUNAKQXJLHODT-VAWYXSNFSA-N,Biosynthesis of unsaturated fatty acids,0.4081575919989869,2-tridecenal
IK_VMUXSMXIQBNMGZ-UHFFFAOYSA-N,Tyrosine metabolism,0.07058823529411765,Dihydrocoumarin
IK_VMYXUZSZMNBRCN-UHFFFAOYSA-N,Linoleic acid metabolism,0.31756376549695015,alpha-curcumene
IK_VMZVBRIIHDRYGK-UHFFFAOYSA-N,Linoleic acid metabolism,0.1697766722897392,"2,6-Di-tert-butyl-4-[(dimethylamino)methyl]phenol"
IK_VNBZCSKDIGCTNO-UHFFFAOYSA-N,Glycerophospholipid metabolism,0.1923994976815629,Methyl 3b-hydroxy-13(18)-oleanen-28-oate
IK_VNGUCOGHCJHFID-FLZFTVBESA-N,Retinol metabolism,0.20151812723371548,Soyasapogenol C
IK_VNKBTWQZTQIWDV-UHFFFAOYSA-N,Steroid hormone biosynthesis,0.991945578531683,Azamethiphos
IK_VNRLQDGXGABKPC-UHFFFAOYSA-N,Primary bile acid biosynthesis,0.4374674178001467,10-Hydroxymelleolide
IK_VOCBWIIFXDYGNZ-IXKNJLPQSA-N,Steroid hormone biosynthesis,0.9993910586087451,Testosterone enanthate
IK_VOOYTQRREPYRIW-UHFFFAOYSA-N,Drug metabolism - cytochrome P450,0.9951360208448568,Marindinin
IK_VOXXWSYKYCBWHO-UHFFFAOYSA-N,"Phenylalanine, tyrosine and tryptophan biosynthesis",0.3790199964219215,3-phenyllactic acid
IK_VOZHMAYHYHEWBW-NVOOAVKYSA-N,"Alanine, aspartate and glutamate metabolism",0.8465975401510757,Bufotalin
IK_VOZHMDQUIRUFQW-LOTHNZFDSA-N,Sphingolipid metabolism,0.6264524611874158,C18:0 lactosylceramide
IK_VPAMUPUPKCTFGJ-PGUFJCEWSA-N,Linoleic acid metabolism,0.4575375181171033,lysoPC a C28:0
IK_VPAOSFFTKWUGAD-TVKJYDDYSA-N,Glycerophospholipid metabolism,0.5758236442400823,Skimmin
IK_VPGRYOFKCNULNK-ACXQXYJUSA-N,Steroid hormone biosynthesis,0.9996991777882995,Deoxycorticosterone acetate
IK_VPKCCODFKUZEMT-KZVLABISSA-N,Linoleic acid metabolism,0.7139130172688455,Glu-Ile-Leu-Asp-Val
IK_VPZKQTYZIVOJDV-LMVFSUKVSA-N,"Valine, leucine and isoleucine biosynthesis",0.822272917303718,Thr-Ala
IK_VQASKUSHBVDKGU-UHFFFAOYSA-N,Glutathione metabolism,0.318621645519857,Paramethadione
IK_VQAYFKKCNSOZKM-IOSLPCCCSA-N,Purine metabolism,0.4835471589416923,6-Methyladenosine
IK_VQDBNKDJNJQRDG-UHFFFAOYSA-N,Vitamin B6 metabolism,0.4329469961780355,Pirbuterol
IK_VQFKFAKEUMHBLV-BYSUZVQFSA-N,Sphingolipid metabolism,0.9980643073495359,C26:0 galactosylceramide
IK_VQPVVWAFTIFKDD-LURJTMIESA-N,Arginine biosynthesis,0.5082903811013506,Gamma-Glutamyl-beta-aminopropiononitrile
IK_VQZRLBWPEHFGCD-UHFFFAOYSA-N,Tyrosine metabolism,0.23189901370204527,p-Cresol3
IK_VRBFTYUMFJWSJY-UHFFFAOYSA-N,Cysteine and methionine metabolism,0.9937566563376723,Parylene C
IK_VRCGDJCVKWWRME-UHFFFAOYSA-N,Retinol metabolism,0.20151812723371548,Alpha-Campholonic acid
IK_VSDWHZGJGWMIRN-UHFFFAOYSA-N,Sphingolipid metabolism,0.745201953723355,"3-Methyl-1-(2,4,6-trihydroxyphenyl)-1-butanone"
IK_VSLCIGXQLCYQTD-NPJQDHAYSA-N,Lysine degradation,0.3410454112830709,Dynorphin B (10-13)
IK_VSMOENVRRABVKN-QMMMGPOBSA-N,Ascorbate and aldarate metabolism,0.9850213864661758,(R)-1-Octen-3-ol
IK_VSOJKDUWYQCWFM-UHFFFAOYSA-N,Glycerophospholipid metabolism,0.1792996233076101,Noroxyhydrastinine
IK_VTCHIESVVACVBD-DMKRFUROSA-N,Glycerophospholipid metabolism,0.9996672897102244,Genistein sulfate
IK_VTDZILAWJJXPEL-UHFFFAOYSA-N,Drug metabolism - cytochrome P450,0.4869862529817329,Lupeoside
IK_VTJXFTPMFYAJJU-UHFFFAOYSA-N,Primary bile acid biosynthesis,0.9757232676018254,Tyrphostin 23
IK_VTSFZGCXFALJSV-FYAZAUILSA-N,Linoleic acid metabolism,0.4211364416848984,PC ae C40:1
NO_INCHIKEY__10 carbon fatty aldehyde,Glyoxylate and dicarboxylate metabolism,0.9821481490385139,10-carbon fatty aldehyde
NO_INCHIKEY__11 carbon fatty acid,Glycerophospholipid metabolism,0.13950168786833567,11-carbon fatty acid
NO_INCHIKEY__12 carbon fatty acid,Glycerophospholipid metabolism,0.13950168786833567,12-carbon fatty acid
NO_INCHIKEY__13 carbon fatty acid,Drug metabolism - cytochrome P450,0.7921003916581869,13-carbon fatty acid
NO_INCHIKEY__14 carbon fatty acid,Glycerophospholipid metabolism,0.13950168786833567,14-carbon fatty acid
NO_INCHIKEY__16 carbon fatty acid,Glycerophospholipid metabolism,0.13950168786833567,16 carbon fatty acid
NO_INCHIKEY__16 23 24 25 tetrahydroxydammar 13 17 en 3 one,Glycerophospholipid metabolism,0.18686395345678736,"16,23,24,25-Tetrahydroxydammar-13(17)-en-3-one"
IK_VUNOFAIHSALQQH-UHFFFAOYSA-N,Glycerophospholipid metabolism,0.1923994976815629,Ethyl menthane carboxamide
IK_VUUOTOOJGWQGRY-OEOQYRPPSA-N,Linoleic acid metabolism,0.5542151454215196,PC(P-18:1(9Z)/PGJ2)
IK_VUWCGGOBVYCOMA-UHFFFAOYSA-N,Purine metabolism,0.30485699474763206,"3,9-Dimethyl-6-(1-methylethyl)-1,4-dioxaspiro[4.5]decan-2-one"
IK_VVEULVVIJNQTMD-OJZQPWLLSA-N,Glycerophospholipid metabolism,0.7320558549025015,"DG(2:0/0:0/20:4(5Z,8Z,11Z,14Z)-OH(20))"
IK_VVHOUVWJCQOYGG-REOHCLBHSA-N,Arginine biosynthesis,0.996267349643036,guanidinosuccinate
IK_VVHOUVWJCQOYGG-UHFFFAOYSA-N,Arginine biosynthesis,0.9524419066271533,N-amidinoaspartic acid
IK_VVLXCWVSSLFQDS-QWRGUYRKSA-N,Tyrosine metabolism,0.3987116133264274,Gamma-Glutamyltyrosine
IK_VVOAZFWZEDHOOU-UHFFFAOYSA-N,Glycerophospholipid metabolism,0.23277950060425343,MAG
IK_VVPRQWTYSNDTEA-LLVKDONJSA-N,Linoleic acid metabolism,0.27309975558968763,L-Hexanoylcarnitine
IK_VVQNEPGJFQJSBK-UHFFFAOYSA-N,Glycerophospholipid metabolism,0.13241520393464706,Methyl methacrylate
IK_VVQVMHASNBSOOC-UHFFFAOYSA-N,Tyrosine metabolism,0.11013116116992573,4-(Hydroxymethyl)benzenesulfonic acid
IK_VVUVJGRVEYHIHC-UHFFFAOYSA-N,Linoleic acid metabolism,0.23514941887551183,2-(4-Morpholinyl)benzothiazole
IK_VVYXIRKYWOEDRA-UHFFFAOYSA-N,Glycerophospholipid metabolism,0.06762468334083539,Methyl morpholine-3-carboxylate
IK_VWEHHIHNZFXYIU-NAJHMEIQSA-N,Glycerophospholipid metabolism,0.7682221896517036,3-epi-2-Deoxy-25-methyldolichosterone
IK_VWTPJNGTEYZXFV-ZWKQNVPVSA-N,Sphingolipid metabolism,0.3525287795555385,3-ketosphingosine
IK_VXBLCLVRWCLEOX-BFYSZXNBSA-N,Sphingolipid metabolism,0.26547924876842316,6-Deoxocastasterone
IK_VXIXUWQIVKSKSA-UHFFFAOYSA-N,Cysteine and methionine metabolism,0.9963838011989069,4-Hydroxycoumarin
IK_VXQBJTKSVGFQOL-UHFFFAOYSA-N,Glycerophospholipid metabolism,0.4904702274518436,2-(2-Butoxyethoxy)ethyl acetate
NO_INCHIKEY__4 acetyl 2 methoxyphenyl 6 o 6 deoxy l mannopyranosyl d glucopyranoside,Glycerophospholipid metabolism,0.18686395345678736,4-Acetyl-2-methoxyphenyl 6-O-(6-deoxy-?-L-mannopyranosyl)-?-D-glucopyranoside
IK_VXUOFDJKYGDUJI-OAQYLSRUSA-N,Linoleic acid metabolism,0.45772259024187184,LPC 14:0
IK_VYFLJWHRKHRHBR-CGLJIMKOSA-N,Glycerophospholipid metabolism,0.45360870063581005,"PS(22:1(13Z)/22:6(5Z,8E,10Z,13Z,15E,19Z)-2OH(7S, 17S))"
NO_INCHIKEY__5 hydroxymethyl 4 methoxy 2 5h furanone,Tryptophan metabolism,0.332631227945313,5-(Hydroxymethyl)-4-methoxy-2(5H)-furanone
NO_INCHIKEY__5 alpha androstan 3 beta ol 17 one sulfate,Glycerophospholipid metabolism,0.391304347826087,5-alpha-androstan-3-beta-ol-17-one sulfate
NO_INCHIKEY__5 beta androstan 3 alpha ol 17 one sulfate,Tyrosine metabolism,0.07058823529411765,5-beta-androstan-3-alpha-ol-17-one sulfate
NO_INCHIKEY__5 isoprostaglandin f2 alpha vi,Tyrosine metabolism,0.07058823529411765,5-isoprostaglandin-F2-alpha-VI
NO_INCHIKEY__8 10 dihydroxydihydroergotamine,Glycerophospholipid metabolism,0.13950168786833567,"8',10'-Dihydroxydihydroergotamine"
IK_VYIRVAXUEZSDNC-RDJLEWNRSA-N,Lysine degradation,0.5312213604803736,Capsanthin
IK_VYMDGNCVAMGZFE-UHFFFAOYSA-N,Galactose metabolism,0.8002941555923353,Phenylbutazone
IK_VYUIKSFYFRVQLF-YLNAYWRASA-N,Steroid hormone biosynthesis,0.9377431906522542,Castasterone
IK_VYYMKBGJOHEYSB-ZKQZXHNPSA-N,Glycerophospholipid metabolism,0.5193420503138099,"DG(10:0/0:0/20:4(6E,8Z,11Z,14Z)+=O(5))"
IK_VYYVPZRIOGLZOD-DOFZRALJSA-N,Linoleic acid metabolism,0.40129207601835826,LPC 40:4
IK_VZCYOOQTPOCHFL-UPHRSURJSA-N,Arginine biosynthesis,0.9995530523252315,Maleic Acid
NO_INCHIKEY__aromatic phytochemical,Sphingolipid metabolism,0.3086004961978467,Aromatic phytochemical
IK_VZFRNCSOCOPNDB-AOKDLOFSSA-N,Sphingolipid metabolism,0.9328428353379662,Domoic acid
NO_INCHIKEY__bile acid or lovastatin,Steroid hormone biosynthesis,0.48593119328950685,bile acid or Lovastatin
NO_INCHIKEY__brompheniramine didemethylated,Linoleic acid metabolism,0.46039952661970507,Brompheniramine (didemethylated)
IK_VZQRMZUULSWEHB-XCFXQIAYSA-N,Linoleic acid metabolism,0.4287411668736739,PC 32:3
IK_WAZYDHAWJWFGBD-LMJTUUMUSA-N,Linoleic acid metabolism,0.42988044041873025,"PC(18:3(9Z,12Z,15Z)/20:1(11Z))"
IK_WBHHMMIMDMUBKC-QJWNTBNXSA-N,Biosynthesis of unsaturated fatty acids,0.2731983918432776,Ricinoleic acid
IK_WBOMIOWRFSPZMC-AYICAFKVSA-N,Linoleic acid metabolism,0.4680608977744969,LysoPC(P-18:0/0:0)
IK_WBOZIXHPUPAOIA-JZZPSRGZSA-N,Sphingolipid metabolism,0.6130589700006561,C24:1 glucosylceramide
IK_WBOZIXHPUPAOIA-RBELZSLISA-N,Sphingolipid metabolism,0.6134595147711519,GlcCer d42:2
IK_WBSMIPAMAXNXFS-UHFFFAOYSA-N,Biosynthesis of unsaturated fatty acids,0.9577163493937777,5-NITRO-2-PHENYLPROPYLAMINOBENZOIC ACID [NPPB]
IK_WCQFXNQALHURHS-BUHFOSPRSA-N,Tyrosine metabolism,0.7457939627024437,[12]-Shogaol
IK_WDEABJKSGGRCQA-UHFFFAOYSA-N,Galactose metabolism,0.9881060634910365,Docebenone
NO_INCHIKEY__cer 40 0 2o cer 18 0 2o 22 0,Glycerophospholipid metabolism,0.391304347826087,Cer 40:0;2O|Cer 18:0;2O/22:0
IK_WDLWHQDACQUCJR-PBFPGSCMSA-N,Ascorbate and aldarate metabolism,0.9993204695111755,Cefprozil
NO_INCHIKEY__cer 41 2 2o cer 18 2 2o 23 0,Glycerophospholipid metabolism,0.391304347826087,Cer 41:2;2O|Cer 18:2;2O/23:0
NO_INCHIKEY__cer 42 0 2o cer 18 0 2o 24 0,Glycerophospholipid metabolism,0.391304347826087,Cer 42:0;2O|Cer 18:0;2O/24:0
NO_INCHIKEY__cer 43 2 2o cer 19 1 2o 24 1,Glycerophospholipid metabolism,0.391304347826087,Cer 43:2;2O|Cer 19:1;2O/24:1
IK_WDNOQSUMHJTAOV-RAUWIWGKSA-N,Linoleic acid metabolism,0.4336509250456991,"PC(20:5(5Z,8Z,11Z,14Z,17Z)/P-18:1(11Z))"
IK_WDVXEDLZZBGRSA-PHRGGRIPSA-N,Glycerophospholipid metabolism,0.4414637991009759,"PS(20:2(11Z,14Z)/22:6(4Z,7Z,10Z,13Z,16Z,19Z))"
IK_WDZVGELJXXEGPV-YIXHJXPBSA-N,Biosynthesis of unsaturated fatty acids,0.18087112501148947,Guanabenz
IK_WEGYGNROSJDEIW-UHFFFAOYSA-N,Nicotinate and nicotinamide metabolism,1.0,3-Acetylpyridine
IK_WEQJQNWXCSUVMA-NEPJUHHUSA-N,"Phenylalanine, tyrosine and tryptophan biosynthesis",0.995858371722917,Phenylalanylproline
IK_WEWBWVMTOYUPHH-QHAQEBJBSA-N,Galactose metabolism,0.5948735351028842,Lotaustralin
IK_WEYCUJKFHUWUDC-BSNNDZOISA-N,Glycerophospholipid metabolism,0.44309524603721284,DG(18:0/16:1(9Z)/0:0)
IK_WFTPSUGFEZHCGU-UHFFFAOYSA-N,Fatty acid biosynthesis,0.38388048101853306,Cyclohexaneundecanoic acid
IK_WFUAUEQXPVNAEF-ZJDVBMNYSA-N,Arginine biosynthesis,0.4933141807609159,Thr Arg Thr
IK_WGFOBBZOWHGYQH-MXHNKVEKSA-N,Linoleic acid metabolism,0.9512040054298796,Lubiprostone
IK_WGGPVIRCYGIRPH-XHATVUSISA-N,Glycerophospholipid metabolism,0.42482780332286174,"DG(20:4(8Z,11Z,14Z,17Z)/18:0/0:0)"
IK_WGNAKZGUSRVWRH-UHFFFAOYSA-N,Glycerophospholipid metabolism,0.5336547752772492,p-Cresol sulfate
IK_WGOIHPRRFBCVBZ-GSVOUGTGSA-N,D-Amino acid metabolism,0.48201536883310986,"Pyroglutamic acid/ Pyrrolidonecarboxylic acid1,3"
IK_WHMOBEGYTDWMIG-BSWAIDMHSA-N,Primary bile acid biosynthesis,0.6673054004506875,Chenodeoxycholic acid 3-sulfate
IK_WHNWPMSKXPGLAX-UHFFFAOYSA-N,Histidine metabolism,0.7515400176652387,N-VINYL-2-PYRROLIDONE
IK_WHPVYXDFIXRKLN-UHFFFAOYSA-N,Glycerophospholipid metabolism,0.12569090125178908,PBDE 99
IK_WHSXTWFYRGOBGO-UHFFFAOYSA-N,Phenylalanine metabolism,0.45927906846418726,3-Cresotinic acid
IK_WHUUTDBJXJRKMK-UHFFFAOYSA-N,Arginine biosynthesis,0.2108879976110162,DL-Glutamic acid
IK_WHUUTDBJXJRKMK-UXXIZXEISA-N,Arginine and proline metabolism,0.13045079766274406,"Glutamic acid2,3"
IK_WHWHBAUZDPEHEM-UHFFFAOYSA-N,Ether lipid metabolism,0.9353993930905338,Fenthiaprop
NO_INCHIKEY__dg 36 4 isomer a,Glycerophospholipid metabolism,0.391304347826087,DG 36:4 Isomer A
IK_WILFXLMJFSKQRP-ZDUSSCGKSA-N,Glycerophospholipid metabolism,0.18686395345678736,"8,14-Dihydroxyefavirenz"
IK_WJAJPNHVVFWKKL-UHFFFAOYSA-N,Pyrimidine metabolism,0.8699516025287671,Methoxamine
IK_WJQPVPNICDCELH-IHDWIWDKSA-N,Glycerophospholipid metabolism,0.3971544069250681,LPC 42:3
IK_WJSAFQZKYVRPGM-PABFRNLHSA-N,Steroid hormone biosynthesis,0.6331324192892577,16-B1-phytoprostane
IK_WJSDHUCWMSHDCR-VMPITWQZSA-N,"Phenylalanine, tyrosine and tryptophan biosynthesis",0.9981458207605874,Cinnamyl acetate
IK_WKBALTUBRZPIPZ-UHFFFAOYSA-N,Tyrosine metabolism,0.9661254925096447,"2,6-Diisopropylaniline"
IK_WKOLLVMJNQIZCI-UHFFFAOYSA-N,Tyrosine metabolism,0.7115623260871833,Vanillic acid
IK_WKQRDJBOIJKXHO-OYJCLRQASA-N,Linoleic acid metabolism,0.43426220806050475,PC P-40:5 or PC O-40:6
IK_WKWLFVVHPPHSPJ-QNBJRWHPSA-N,Glycerophospholipid metabolism,0.46608656521516506,"PE(15:0/20:4(5Z,8Z,11Z,14Z)-OH(20))"
IK_WKZLNEWVIAGNAW-UHFFFAOYSA-N,Tryptophan metabolism,0.7827500674446742,Tryptamine [+2H]
IK_WKZWTZTZWGWEGE-UHFFFAOYSA-N,Glycerophospholipid metabolism,0.4715836495047938,"1,2-Cyclohexanediol, 1-methyl-4-(1-methylethenyl)-"
IK_WLGDDELKYAWBBL-UHFFFAOYSA-N,Biosynthesis of unsaturated fatty acids,0.2504601171479706,9-Oxo-nonanoic acid
IK_WLJVNTCWHIRURA-UHFFFAOYSA-N,Biosynthesis of unsaturated fatty acids,0.18808791820689322,Pimelic acid
IK_WLRVSRJKZYZCJY-UHFFFAOYSA-N,Ubiquinone and other terpenoid-quinone biosynthesis,0.9918971309475014,"N,n-Diethyl-4-Hydroxybenzamide"
IK_WLXCRBOZJKAXCC-UHFFFAOYSA-N,Glycerophospholipid metabolism,0.4827856146924017,Isoketocamphoric acid
IK_WMJJBPKYVQALFE-DYYSOKHRSA-N,Glycerophospholipid metabolism,0.4986087379167529,"PE(DiMe(13,5)/22:6(5Z,7Z,10Z,13Z,16Z,19Z)-OH(4))"
IK_WMOFTJILTZIKIH-DIPNUNPCSA-N,Linoleic acid metabolism,0.4410499036512851,PC 31:0
IK_WMUMHAZHWIUBPN-UONOGXRCSA-N,Sphingolipid metabolism,0.8210168012774908,Xestoaminol C
IK_WMUMZOAFCDOTRW-OVEHVULHSA-N,Primary bile acid biosynthesis,0.6681583669347256,12alpha-hydroxy-3-oxo-5beta-cholan-24-oic Acid
IK_WNFXUXZJJKTDOZ-OAHLLOKOSA-N,Porphyrin metabolism,0.946290986879483,Acetylshikonin
IK_WNSUMUNACHNURC-UHFFFAOYSA-N,Glycerophospholipid metabolism,0.3297204797135218,"1-Heptadecene-4,6-diyne-3,9-diol"
IK_WNYADZVDBIBLJJ-UHFFFAOYSA-N,Arginine and proline metabolism,0.9530053567551777,N-Nitroso-pyrrolidine
IK_WOAHJDHKFWSLKE-UHFFFAOYSA-N,Linoleic acid metabolism,0.16584648461477047,"1,2-Benzoquinone"
IK_WOMAZEJKVZLLFE-UHFFFAOYSA-N,"Alanine, aspartate and glutamate metabolism",0.996641472192012,2-Propanamidoacetic acid
IK_WPJGPAAPSBVXNU-HZJYTTRNSA-N,Glycerophospholipid metabolism,0.27424611844305563,"7Z,10Z-Hexadecadienoic acid"
IK_WPTTVJLTNAWYAO-KPOXMGGZSA-N,Glycerophospholipid metabolism,0.15340336339178565,Bardoxolone methyl
IK_WQEPLUUGTLDZJY-UHFFFAOYSA-N,Biosynthesis of unsaturated fatty acids,0.28089948567238565,Pentadecanoic acid
IK_WQGWDDDVZFFDIG-UHFFFAOYSA-N,Tyrosine metabolism,0.48911957222213004,"1,2,3-Trihydroxybenzene"
IK_WQLVFSAGQJTQCK-VKROHFNGSA-N,Steroid hormone biosynthesis,0.6487807059824572,Diosgenin
IK_WQXNXVUDBPYKBA-YFKPBYRVSA-N,D-Amino acid metabolism,0.4998218167411793,Ectoine
IK_WQXXXVRAFAKQJM-WHFBIAKZSA-N,Arginine biosynthesis,0.1377118325459305,Gamma-Glutamylalanine
IK_WQZRAWSNEARGPQ-UHFFFAOYSA-N,Linoleic acid metabolism,0.9303031179383332,"3,5-Dihydroxydecanoic Acid"
IK_WRADPCFZZWXOTI-BMRADRMJSA-N,Biosynthesis of unsaturated fatty acids,0.4353201956492908,(9E)-10-nitrooctadecenoic Acid
IK_WRDTXMBPHMBGIB-STECZYCISA-N,Tyrosine metabolism,0.3433429554419512,Ile Tyr Val
IK_WRNKIDLXXXIELU-IEBWSBKVSA-N,Cysteine and methionine metabolism,0.9271040518004203,Indolophenanthridine
IK_WRUFJWLVOQYPJF-UHFFFAOYSA-N,Glycerophospholipid metabolism,0.328746953593906,?<U+00C3><U+2021><U+00C3><U+0153> Bis(4-isothiocyanatobutyl) disulfide
IK_WSDKRPCAPHRNNZ-MGBGTMOVSA-N,Linoleic acid metabolism,0.4575375181171033,lysoPC a C26:0
IK_WSFWBZJRQNTKQQ-SNAWJCMRSA-N,Tyrosine metabolism,0.9957052848649924,Furanone A
IK_WSGVTKZFVJSJOG-RCOVLWMOSA-N,Glycerophospholipid metabolism,0.3680661193133927,Asp Gly Val
IK_WSOXREPRCVQMSJ-UHFFFAOYSA-N,Glycerophospholipid metabolism,0.5511795089904913,Glycylalanylprolylmethionylphenylalanylvalinamide
IK_WSPOMRSOLSGNFJ-AUWJEWJLSA-N,Biosynthesis of unsaturated fatty acids,0.19756838905774377,Chlorprothixene
IK_WSVLPVUVIUVCRA-HPKHWNBYSA-N,Galactose metabolism,0.4286120237788043,lactose / maltose
IK_WSWCOQWTEOXDQX-MQQKCMAXSA-N,Arginine biosynthesis,0.9917782328222902,"(2E,4E)-2,4-Hexadienoic acid"
IK_WTDRDQBEARUVNC-ZCFIWIBFSA-N,Tyrosine metabolism,0.6041015379635541,D-Dopa
IK_WTFXTQVDAKGDEY-HTQZYQBOSA-N,Glycerophospholipid metabolism,0.12845557294183652,Chorismic acid
IK_WTJKGGKOPKCXLL-VYOBOKEXSA-N,Linoleic acid metabolism,0.4234758716877581,2-Oleoyl-1-palmitoyl-sn-glycero-3-phosphocholine
IK_WTNZLKZBPONVPE-RYKNKZFFSA-N,Glycerophospholipid metabolism,0.44263533391333343,"PE-NMe(20:0/20:2(11Z,14Z))"
IK_WTOYNGQRGOLPNU-UHFFFAOYSA-N,Glycerophospholipid metabolism,0.9834525804193859,"6,18,19-Trihydroxytrachyloban-2-one"
IK_WTSNEXSNFSFTFK-DJGAMQLYSA-N,Retinol metabolism,0.9992837055001964,Ginsenoside Rh5
IK_WTWBUQJHJGUZCY-UHFFFAOYSA-N,Retinol metabolism,0.20151812723371548,Cuminaldehyde
IK_WURBQCVBQNMUQT-OLKPEBQYSA-N,Fatty acid degradation,0.2937621383188856,Tiglylcarnitine
IK_WUTUWOBPQRZDTP-IONAWPRUSA-N,Glycerophospholipid metabolism,0.39392005109202044,TG 53:0;2O|TG 18:0_18:0_17:0;2O
IK_WVALHIPEZZNFKT-VYPHAONASA-N,Glycerophospholipid metabolism,0.46423125434580026,"DG(20:3(6,8,11)-OH(5)/8:0/0:0)"
NO_INCHIKEY__fahfa 18 2 18 1,Glycerophospholipid metabolism,0.391304347826087,FAHFA 18:2/18:1
NO_INCHIKEY__fahfa 38 4,Glycerophospholipid metabolism,0.391304347826087,FAHFA 38:4
NO_INCHIKEY__fahfa 38 6,Glycerophospholipid metabolism,0.391304347826087,FAHFA 38:6
IK_WVDDGKGOMKODPV-UHFFFAOYSA-N,Fatty acid degradation,0.4219980418926248,Benzyl Alcohol
IK_WVGALBKSWOUIEZ-XNHMFJFDSA-N,Glycerophospholipid metabolism,0.4269127180780223,"PE(P-16:0/22:6(4Z,7Z,10Z,13Z,16Z,19Z))"
IK_WVMWZWGZRAXUBK-SYTVJDICSA-N,"Valine, leucine and isoleucine biosynthesis",0.305600254239062,3-Dehydroquinic acid
NO_INCHIKEY__ffa 11 1,Citrate cycle (TCA cycle),0.4286761041302371,FFA 11:1
IK_WVTMNZAPPOMZST-JZCVQVRRSA-N,Steroid hormone biosynthesis,0.6015883207375172,11-Hydroxyprogesterone 11-glucuronide
NO_INCHIKEY__ffa 18 0,Glycerophospholipid metabolism,0.39103895732948324,FFA 18:0
NO_INCHIKEY__ffa 18 2,Pentose and glucuronate interconversions,0.43065907438045586,FFA 18:2
NO_INCHIKEY__ffa 19 1,Biosynthesis of unsaturated fatty acids,0.24362491934174074,FFA 19:1
IK_WVULKSPCQVQLCU-BUXLTGKBSA-N,Primary bile acid biosynthesis,0.6469239523685626,Deoxycholic acid glycine conjugate
IK_WVVVLOJZCPRPQC-UHFFFAOYSA-N,Lysine degradation,0.26684565268427035,4-Methyl-1H-pyrrole-3-carboxamide
IK_WWJIBIGWKGFVAQ-JNSYTQKUSA-N,Glycerophospholipid metabolism,0.42335441151378733,TG 53:1
IK_WWNNZCOKKKDOPX-UHFFFAOYSA-N,Ubiquinone and other terpenoid-quinone biosynthesis,0.3310921610140199,Trigonelline
NO_INCHIKEY__flavanoid,Glycerophospholipid metabolism,0.13950168786833567,Flavanoid
NO_INCHIKEY__flavanoid glucuronide,Glycerophospholipid metabolism,0.9058386417937424,Flavanoid glucuronide
NO_INCHIKEY__flavonoid glucuronide,Steroid hormone biosynthesis,0.47553310547170363,Flavonoid glucuronide
NO_INCHIKEY__flavonoid glucuronide se adenosylselenomethionine,Steroid hormone biosynthesis,0.47553310547170363,Flavonoid glucuronide; Se-Adenosylselenomethionine
NO_INCHIKEY__flower extract,Glycerophospholipid metabolism,0.13950168786833567,flower extract
NO_INCHIKEY__galcer 18 1 24 1,Glycerophospholipid metabolism,0.391304347826087,GalCer 18:1_24:1
IK_WWZKQHOCKIZLMA-UHFFFAOYSA-M,Fatty acid biosynthesis,0.2754620159488998,Octanoate
IK_WXAADESEYPIPOB-GLRKTWBISA-N,Glycerophospholipid metabolism,0.4520243232919079,"PE(14:0/20:5(5Z,8Z,11Z,14Z,17Z))"
IK_WXHUQVMHWUQNTG-JSWHPQHOSA-N,Linoleic acid metabolism,0.37543242075036065,Alisol A 24-acetate
IK_WXNXCEHXYPACJF-UHFFFAOYSA-N,Arginine biosynthesis,0.2893249312205211,Acetyl-DL-Leucine
IK_WXNXCEHXYPACJF-ZETCQYMHSA-N,Arginine biosynthesis,0.2893249312205211,N-Acetylleucine
NO_INCHIKEY__gln leu glu lys,Glycerophospholipid metabolism,0.9764396171666739,Gln Leu Glu Lys
NO_INCHIKEY__glu trp,Ascorbate and aldarate metabolism,0.9952050137677485,Glu Trp
IK_WXSTZZVBULFWJM-ZETCQYMHSA-N,Arginine and proline metabolism,0.445203090249843,3h-Phenylalanine
IK_WXURHACBFYSXBI-GQKYHHCASA-N,"Alanine, aspartate and glutamate metabolism",0.8448485667179683,Flumethasone
NO_INCHIKEY__gly phe asn thr phe,Porphyrin metabolism,0.9950870110290596,Gly Phe Asn Thr Phe
IK_WYIMORDZGCUBAA-AREMUKBSSA-N,Linoleic acid metabolism,0.4575471138415258,LPC 19:0-SN1
IK_WYKHFQKONWMWQM-UHFFFAOYSA-N,Glycerophospholipid metabolism,0.45242284526499366,2-Mercaptonicotinic acid
IK_WZCLAXMADUBPSG-RIXBAXMTSA-N,Linoleic acid metabolism,0.4300224863514261,"PC(18:0/18:3(9Z,12Z,15Z))"
IK_WZNJWVWKTVETCG-YFKPBYRVSA-N,Sphingolipid metabolism,0.4649243485495391,Mimosine
IK_WZSDNEJJUSYNSG-UHFFFAOYSA-N,Glycerophospholipid metabolism,0.4942730661403854,Trocimine
IK_WZYRMLAWNVOIEX-BGPJRJDNSA-N,Ascorbate and aldarate metabolism,0.9971500564775393,"3,6-anhydro-D-galactose"
IK_XALSUNLRNHITKL-FVGYRXGTSA-N,Tryptophan metabolism,0.43748049669918593,L-beta-homotryptophan-HCl
IK_XAPHYNIJAGNNNA-YFTOQCAPSA-N,Steroid hormone biosynthesis,0.9924876047686454,"1'H-5alpha-Androst-2-eno[3,2-b]indol-17beta-ol"
IK_XAUDJQYHKZQPEU-KVQBGUIXSA-N,Purine metabolism,0.5602094262886498,"1,3,5-Triazin-2(1H)-one, 4-amino-1-(2-deoxy-beta-D-erythro-pentofuranosyl)-"
IK_XBBDACCLCFWBSI-ZETCQYMHSA-N,Tyrosine metabolism,0.8444326319084213,Melevodopa
IK_XBGIMYLOTRDXPK-AGXIJRPPSA-N,Glycerophospholipid metabolism,0.3937390889973709,PC(17:1/0:0)
IK_XBGLCVZQMWKHFC-NMQALWILSA-N,Glycerophospholipid metabolism,0.1923994976815629,Notoginsenoside Fc
NO_INCHIKEY__gpcho 2 0 18 3,Glycerophospholipid metabolism,0.1792996233076101,GPCho(2:0/18:3)
IK_XBKGKVBBQAVORB-DVCDPERKSA-N,Glycerophospholipid metabolism,0.49143952441473837,PS(22:1(13Z)/PGJ2)
IK_XBSQTYHEGZTYJE-OETIFKLTSA-N,Primary bile acid biosynthesis,0.5082289312463831,Lithocholic acid glycine conjugate
IK_XBUXARJOYUQNTC-UHFFFAOYNA-N,Fatty acid biosynthesis,0.3744704505840855,FA 9:0+1O; PlaSMA ID-176
IK_XBVUKAHAVXVVAD-UHFFFAOYSA-N,Glycerophospholipid metabolism,0.18686395345678736,5-(3-Aminopropylphosphanyloxy)-2-(hydroxymethyl)pyran-4-one
IK_XCCONPVPHCCYNF-KPFPPAHTSA-N,Linoleic acid metabolism,0.42829195148632765,PC ae C36:4
IK_XCGYUJZMCCFSRP-UHFFFAOYSA-N,Linoleic acid metabolism,0.8844666224759756,Oxamniquine
IK_XCIXKGXIYUWCLL-UHFFFAOYSA-N,Arginine and proline metabolism,0.46674603076320087,Cyclopentanol
IK_XCLBLPLSYOQBEP-UHFFFAOYSA-N,Sphingolipid metabolism,0.2697723416456658,"9,9-Dimethyl-1-(sulfinylamino)decane"
IK_XCLJRCAJSCMIND-JCTYMORFSA-N,Glycolysis or Gluconeogenesis,0.9680189587080077,Erythromycylamine
IK_XCRLPASVMPBQHF-FQEVSTJZSA-N,Sphingolipid metabolism,0.21394482090763003,"1-[(2R)-2-(1,3-Benzodioxol-4-yl)heptyl]-3-[2,6-di(propan-2-yl)phenyl]urea"
IK_XDSSPSLGNGIIHP-VKHMYHEASA-N,Cysteine and methionine metabolism,0.16689331708481772,Se-Methylselenocysteine
IK_XEBKSQSGNGRGDW-YFHOEESVSA-N,Biosynthesis of unsaturated fatty acids,0.25710339199220394,"9,10-Dihome"
IK_XECPAIJNBXCOBO-MMPJQOAZSA-N,Ascorbate and aldarate metabolism,0.977060235024266,"D-Glucaro-1,4-lactone"
IK_XEKYYIHOWASTHE-UHFFFAOYSA-N,Steroid hormone biosynthesis,0.9359420621272495,4-Hydroxy-3-(16-methylheptadecyl)-2H-pyran-2-one
IK_XEZVDURJDFGERA-UHFFFAOYSA-N,Biosynthesis of unsaturated fatty acids,0.2809894944013003,FA 23:0
IK_XFDUHJPVQKIXHO-UHFFFAOYSA-N,Tryptophan metabolism,0.954813359528487,3-Aminobenzoic acid
IK_XFTRTWQBIOMVPK-UHFFFAOYSA-N,"Alanine, aspartate and glutamate metabolism",0.5361155404367464,Citramalic acid
IK_XGLZBINKZRQAPD-OTMYLMJASA-N,Linoleic acid metabolism,0.4297131010458586,GPCho(22:5/14:1)
IK_XGNASSAYQHESTL-BYPYZUCNSA-N,Nicotinate and nicotinamide metabolism,0.9530810265405443,S-(6-Purinyl)cysteine
IK_XGRLSUFHELJJAB-KVVVOXFISA-M,Glycerophospholipid metabolism,0.43705776574948224,1-Oleoyl Lysophosphatidic Acid (sodium salt)
IK_XGWNSZFVLRVRKZ-UHFFFAOYSA-N,Steroid hormone biosynthesis,0.21527000835384863,"3-(3,5-Dichlorophenyl)-4-hydroxy-1,3-thiazol-2-one"
IK_XGYIMTFOTBMPFP-KQYNXXCUSA-N,Purine metabolism,0.45918502860152743,5'-Deoxyadenosine
IK_XHBSBNYEHDQRCP-UHFFFAOYSA-N,Caffeine metabolism,0.9577049484326828,3-Methylguanine
NO_INCHIKEY__lpa 0 018 1 9z lpa 18 1 9z 0 0 dhap 18 0 3,Primary bile acid biosynthesis,0.732302685109879,LPA(0:018:1(9Z)); LPA(18:1(9Z)0:0); DHAP(18:0)3
NO_INCHIKEY__lpc 16 0 1,Glycerophospholipid metabolism,0.391304347826087,LPC 16:0.1
NO_INCHIKEY__lpc 16 1 1,Glycerophospholipid metabolism,0.391304347826087,LPC 16:1.1
NO_INCHIKEY__lpc 17 1 sn1,Glycerophospholipid metabolism,0.391304347826087,LPC 17:1-SN1
IK_XHDHWGKEDVWKAN-ONNLMXTPSA-N,Biosynthesis of unsaturated fatty acids,0.265028389037707,"13-Oxo-9,11-tridecadienoic acid"
IK_XHHOHZPNYFQJKL-QWRGUYRKSA-N,"Phenylalanine, tyrosine and tryptophan biosynthesis",0.21211179494888627,Gamma-Glutamylphenylalanine
IK_XHLKZBFZGPVOIC-ZPHPHTNESA-N,Glycerophospholipid metabolism,0.5647504712380729,2-OAHSA
NO_INCHIKEY__lpc 20 1 1,Glycerophospholipid metabolism,0.391304347826087,LPC 20:1.1
NO_INCHIKEY__lpc p 18 0 or lpc o 18 1,Glycerophospholipid metabolism,0.391304347826087,LPC P-18:0 or LPC O-18:1
NO_INCHIKEY__lpe n fa 34 0 lpe n fa 16 0 18 0,Glycerophospholipid metabolism,0.391304347826087,LPE-N (FA)34:0|LPE-N (FA 16:0)18:0
NO_INCHIKEY__lpe n fa 40 6 lpe n fa 18 0 22 6,Glycerophospholipid metabolism,0.391304347826087,LPE-N (FA)40:6|LPE-N (FA 18:0)22:6
IK_XINCECQTMHSORG-UHFFFAOYSA-N,Fatty acid biosynthesis,0.9882168005520111,Isopentyl isopentanoate
IK_XIVFQYWMMJWUCD-VSTJRZLJSA-N,Glycerophospholipid metabolism,0.9603406421765486,Dihydrophaseic acid
IK_XJGBDJOMWKAZJS-UHFFFAOYSA-N,Glycerophospholipid metabolism,0.9427934403523324,Nafenopin
IK_XJLATMLVMSFZBN-VYDXJSESSA-N,Linoleic acid metabolism,0.9958023729070143,Actinonin
IK_XJLSEXAGTJCILF-YFKPBYRVSA-N,Arginine and proline metabolism,0.9826673508918067,L-beta-Homoproline
IK_XJMMNTGIMDZPMU-UHFFFAOYSA-N,"Valine, leucine and isoleucine biosynthesis",0.2794328036402383,3-Methylglutaric acid
NO_INCHIKEY__lysopc 17 0 lysope 0 020 0 lysope 20 00 0,Steroid hormone biosynthesis,0.9688520552512984,LysoPC(17:0); LysoPE(0:020:0); LysoPE(20:00:0)
IK_XJSFLOJWULLJQS-NGVXBBESSA-N,Glycerophospholipid metabolism,0.15261711325525623,Josamycin
IK_XKBJVQHMEXMFDZ-AREMUKBSSA-N,Linoleic acid metabolism,0.46117206869447863,PC(O-18:0/0:0)
IK_XKFPYPQQHFEXRZ-UHFFFAOYSA-N,Linoleic acid metabolism,0.9593472100068406,Isocarboxazid
IK_XKXOQMAKWNRIFD-MHDFSROXSA-N,Glycerophospholipid metabolism,0.970549323019829,"16,17-Dihydro-16alpha,17-dihydroxygibberellin A4 17-glucoside"
IK_XLBVNMSMFQMKEY-BYPYZUCNSA-N,Arginine biosynthesis,0.30913028808868315,N-Methyl-L-Glutamic Acid
IK_XLHUBROMZOAQMV-UHFFFAOYSA-N,Ubiquinone and other terpenoid-quinone biosynthesis,0.5185525909047082,P-Benzosemiquinone
IK_XLUAWXQORJEMBD-YUMQZZPRSA-N,Glycerophospholipid metabolism,0.1986509674845445,CHEBI:69439
IK_XLVRFPVHQPHXAA-LJQANCHMSA-N,Glycerophospholipid metabolism,0.36176342483203844,1-hexadecyl-glycero-3-phosphate
IK_XMHIUKTWLZUKEX-UHFFFAOYSA-N,Biosynthesis of unsaturated fatty acids,0.28122029330397424,C26:0 ceramide
IK_XMLFPUBZFSJWCN-UHFFFAOYSA-N,Tyrosine metabolism,0.9939066136924893,2-Hydroxy-4-trifluoromethyl benzoic acid
IK_XMWHRVNVKDKBRG-UHNVWZDZSA-N,"Glycine, serine and threonine metabolism",0.8123750587741031,2-C-methyl-D-erythritol-4-phosphate
IK_XMWINMVFKPHMJB-UHFFFAOYSA-N,Linoleic acid metabolism,0.35520711691493884,"2-Methyl-1,3-cyclohexadiene"
IK_XMZFUVYOYPLVOA-VLHUWQDUSA-N,Linoleic acid metabolism,0.42090783903577933,GPCho(16:0/20:3)
IK_XNGIFLGASWRNHJ-UHFFFAOYSA-N,Tryptophan metabolism,0.46398729847909026,Phthalic Acid
IK_XNKLLVCARDGLGL-JGVFFNPUSA-N,Amino sugar and nucleotide sugar metabolism,0.9712406336048048,Stavudine
IK_XNZFLHDUNBGYBT-ACNMEUTMSA-N,Linoleic acid metabolism,0.42912859881564447,PC 37:7
NO_INCHIKEY__mg 10 0 0 0 0 0,Glycerophospholipid metabolism,0.1792996233076101,MG(10:0/0:0/0:0)
IK_XOASTWITKYDKAJ-PPQPEBMASA-N,Glycerophospholipid metabolism,0.18686395345678736,Penitrem D
IK_XOFYZVNMUHMLCC-ZPOLXVRWSA-N,Steroid hormone biosynthesis,0.990136128150505,Prednisone
IK_XOHUEYCVLUUEJJ-UHFFFAOYSA-N,"Glycine, serine and threonine metabolism",0.5792196937204146,"2,3-bisphosphoglyceric acid"
IK_XPBXOWYWJUBGMF-UHFFFAOYSA-N,Sphingolipid metabolism,0.6333700489757553,Benzeneacetamide-4-O-sulphate
IK_XPEZGWHLHCVJMV-SYESHANZSA-N,Glycerophospholipid metabolism,0.45499729930527305,"PE(22:6(4Z,7Z,10Z,13E,15E,19Z)-OH(17)/22:1(13Z))"
IK_XPJVKCRENWUEJH-UHFFFAOYSA-N,Tyrosine metabolism,0.152039399334396,Isobutyl 4-hydroxybenzoate
IK_XPQULTFBJPGINB-UHFFFAOYSA-N,Linoleic acid metabolism,0.4944127498810122,5-Ethyl-4-methylthiazole
IK_XQSPYNMVSIKCOC-NTSWFWBYSA-N,Purine metabolism,0.49670842861627523,Emtricitabine
IK_XRHGYUZYPHTUJZ-UHFFFAOYSA-N,Ubiquinone and other terpenoid-quinone biosynthesis,0.36652165012009813,4-Chlorobenzoic acid
IK_XRHMVNYIWRBFDB-UHFFFAOYSA-N,"Glycine, serine and threonine metabolism",0.9476876573786245,Methylgallic acid-O-sulphate
IK_XRIOEAXABJXXOB-CCZSOTCQSA-N,Glycerophospholipid metabolism,0.43916493518997457,DG(14:1(9Z)/15:0/0:0)
IK_XRISENIKJUKIHD-LHQZMKCDSA-N,Sphingolipid metabolism,0.9888924941701098,Butaprost
IK_XSCYYIVXGBKTOC-GZZJDILISA-N,Glycerophospholipid metabolism,0.4870676597602797,Risbitin
IK_XSXIVVZCUAHUJO-AVQMFFATSA-N,Glycerophospholipid metabolism,0.27419391443921065,"11,14-Eicosadienoic acid"
IK_XSXIVVZCUAHUJO-HZJYTTRNSA-N,Glycerophospholipid metabolism,0.27399352212317585,FA 20:2
IK_XTFQIRIHLGODFV-UHFFFAOYSA-N,"Phenylalanine, tyrosine and tryptophan biosynthesis",0.9987794516942671,phenylalanine betaine
IK_XTKGXPFBKPYFDW-UHFFFAOYSA-N,Purine metabolism,0.9357959405429858,4-(4-Guanidinobenzoyloxy)phenylacetate
IK_XTSSAALSNSPVIH-OCFMFRIESA-N,Ascorbate and aldarate metabolism,0.31275782709878025,Austalide L
IK_XUFIWSHGXVLULG-IDLVJFIQSA-N,Glycerophospholipid metabolism,0.9984095434055928,Gentamicin C2
IK_XUFQPHANEAPEMJ-UHFFFAOYSA-N,Linoleic acid metabolism,0.4567947320828205,Famotidine
IK_XUJWOMMOEOHPFP-UTJQPWESSA-N,Glycerophospholipid metabolism,0.2742026758179385,"8Z,11Z-eicosadienoic acid"
IK_XULZWQRXYTVUTE-UHFFFAOYSA-N,Linoleic acid metabolism,0.9393225536400421,HBOA trihexose
IK_XULZWQRXYTVUTE-ZETCQYMHSA-N,Glycerophospholipid metabolism,0.32792648122966234,Homostachydrine
IK_XURBWYCGQQXTHJ-UHFFFAOYSA-N,Lysine degradation,0.4793513116477345,MJDBISSN00000009
IK_XUSYGBPHQBWGAD-PJSUUKDQSA-N,Steroid hormone biosynthesis,0.4960565752402759,Carnosol
IK_XUUMFDUVFVNHSM-CMDGGOBGSA-N,Glycerophospholipid metabolism,0.9893114091068129,"(3b,5a,22E,24S)-Stigmasta-7,22,25-trien-3-ol 3-glucoside"
IK_XUVJDFTVUZWJIR-UHFFFAOYSA-N,Steroid hormone biosynthesis,0.1870725935089786,"1-3-(4,5-dihydrofuranone)-5-(hydroxymethyl)-pyrrole-2-carboxyaldehyde"
IK_XUWHAWMETYGRKB-UHFFFAOYSA-N,Primary bile acid biosynthesis,0.17882987661689173,2-Piperidinone
IK_XUWLAGNFLUARAN-CHQNGUEUSA-N,Steroid hormone biosynthesis,0.9764326123437046,"N,N-Diallyl-tyrosyl-aminoisobutyryl-aminoisobutyryl-phenylalanyl-leucine"
IK_XUYPXLNMDZIRQH-LURJTMIESA-N,Arginine biosynthesis,0.3589475150322052,N-Acetyl-L-methionine
IK_XVOHELPNOXGRBQ-NXAIOARDSA-N,Drug metabolism - cytochrome P450,0.8429802541740222,Furanodienone
IK_XVOUMQNXTGKGMA-OWOJBTEDSA-N,Arginine biosynthesis,0.9583269526774594,Glutaconic Acid
IK_XVTARERDLIZSBS-KSCSMHSMSA-N,Glutathione metabolism,0.9787828432823287,DN-isobutylamide
IK_XVZCREABAODILQ-UHFFFAOYSA-N,Glycerophospholipid metabolism,0.5582725928450891,Cer 18:0;2O_20:0
IK_XWRHBGVVCOSNKO-OPGYGNEESA-N,Linoleic acid metabolism,0.9467234281048165,4-p-Coumaroylquinic acid
IK_XWTYSIMOBUGWOL-UHFFFAOYSA-N,Sphingolipid metabolism,0.3456443460514675,Terbutaline
IK_XWXLDVGDOHFZSG-KPRBQMARSA-N,"Alanine, aspartate and glutamate metabolism",0.8919496873155506,Musca-aurin-II
IK_XWYBFXIUISNTQG-XPYNSANSSA-N,Steroid hormone biosynthesis,0.9882860506002094,"3a,21-Dihydroxy-5b-pregnane-11,20-dione"
NO_INCHIKEY__pc 16 0 20 5,Glycerophospholipid metabolism,0.391304347826087,PC 16:0_20:5
NO_INCHIKEY__pc 18 0 22 4,Glycerophospholipid metabolism,0.391304347826087,PC 18:0_22:4
NO_INCHIKEY__pc 18 2 20 4,Glycerophospholipid metabolism,0.391304347826087,PC 18:2_20:4
IK_XXEPPPIWZFICOJ-UHFFFAOYSA-N,Drug metabolism - cytochrome P450,0.9766869716210537,Diethylpropion
NO_INCHIKEY__pc 31 1 pc 16 0 15 1,Glycerophospholipid metabolism,0.391304347826087,PC 31:1|PC 16:0_15:1
IK_XXEWFEBMSGLYBY-UHFFFAOYSA-N,Lysine degradation,0.258187226312854,"Ne,Ne dimethyllysine"
NO_INCHIKEY__pc 36 1e,Glycerophospholipid metabolism,0.391304347826087,PC 36:1e
NO_INCHIKEY__pc 36 5 isomer d,Glycerophospholipid metabolism,0.391304347826087,PC 36:5 Isomer D
NO_INCHIKEY__pc 36 6e,Glycerophospholipid metabolism,0.391304347826087,PC 36:6e
IK_XXFACTAYGKKOQB-ZETCQYMHSA-N,Nicotinate and nicotinamide metabolism,0.9783778215859136,Dihydrozeatin
NO_INCHIKEY__pc 38 4 isomer b,Glycerophospholipid metabolism,0.391304347826087,PC 38:4 Isomer B
NO_INCHIKEY__pc 38 5 isomer a,Glycerophospholipid metabolism,0.391304347826087,PC 38:5 Isomer A
NO_INCHIKEY__pc 38 6 pc 18 2 20 4,Glycerophospholipid metabolism,0.391304347826087,PC 38:6|PC 18:2_20:4
NO_INCHIKEY__pc 40 5 isomer b,Glycerophospholipid metabolism,0.391304347826087,PC 40:5 Isomer B
NO_INCHIKEY__pc 40 7 isomer a,Glycerophospholipid metabolism,0.391304347826087,PC 40:7 Isomer A
IK_XXZPYJHULCBZPT-UHFFFAOYSA-N,Cysteine and methionine metabolism,0.965872148223799,Gamma-Glutamyl-beta-(isoxazolin-5-on-2-yl)alanine
IK_XYFFWTYOFPSZRM-TWNAANEASA-N,Linoleic acid metabolism,0.24446052562289045,17-Aminogeldanamycin
IK_XYJOGTQLTFNMQG-KJHBSLKPSA-N,Glycerophospholipid metabolism,0.15261711325525623,Leucomycin
IK_XYYHNDVKALDFHQ-OXHZBIAZSA-N,Glycerophospholipid metabolism,0.4515020505134943,"PE(18:0/22:6(4Z,7Z,10Z,13Z,16Z,19Z))"
NO_INCHIKEY__pc ae c42 1,Linoleic acid metabolism,0.4285714285714286,PC ae C42:1
NO_INCHIKEY__pc ae c42 4,Linoleic acid metabolism,0.4285714285714286,PC ae C42:4
IK_XZAFZXJXZHRNAQ-STQMWFEESA-N,Glycerophospholipid metabolism,0.993025389112931,Voreloxin
IK_XZBJVIQXJHGUBE-HZMVJJPJSA-N,Glycerophospholipid metabolism,0.7911902334743135,Fluocortolone Pivalate
IK_XZDDLHQSVWZOPD-MYGLTJDJSA-N,Purine metabolism,0.4841749294624466,Tumonoic Acid H
IK_XZEUQPYAKYHAIW-SOFGYWHQSA-N,Sphingolipid metabolism,0.3132967202028997,(6Z)-Oct-6-enedioylcarnitine
NO_INCHIKEY__pc o 42 7 or pc 42 7e,Glycerophospholipid metabolism,0.391304347826087,PC O-42:7 or PC 42:7e
IK_XZOSNHNAQRVGSZ-UHFFFAOYSA-N,Arginine biosynthesis,0.3723343056021197,Stizolamine
IK_XZTUSOXSLKTKJQ-CESUGQOBSA-N,Steroid hormone biosynthesis,0.9978176585296252,Digitoxigenin
IK_XZTYGFHCIAKPGJ-UHFFFAOYSA-N,Tyrosine metabolism,0.152039399334396,Meclofenoxate
IK_XZUDOWCTKOXYCZ-UHFFFAOYSA-N,Glycerophospholipid metabolism,0.1673629917859093,3-Hydroxy-4-oxo-4H-pyran-2-carboxylic acid
IK_XZWYZXLIPXDOLR-UHFFFAOYSA-N,Arginine and proline metabolism,0.23493408662900275,Metformin
NO_INCHIKEY__pc p 42 5 or pc o 42 6 isomer b,Glycerophospholipid metabolism,0.391304347826087,PC P-42:5 or PC O-42:6 Isomer B
IK_YALFFHSIVPCNLF-QPSCCSFWSA-N,Glycerophospholipid metabolism,0.9511401685214942,Cyperolone
IK_YAMUFBLWGFFICM-PTGWMXDISA-N,Glycerophospholipid metabolism,0.39311918035709187,LPC 18:1
IK_YARKMNAWFIMDKV-UHFFFAOYSA-N,Linoleic acid metabolism,0.9527233666682333,Epanolol
IK_YAZBCYAYQHWOBG-UHFFFAOYSA-N,Fatty acid degradation,0.33302383576983036,3-Hydroxyheptadecanoylcarnitine
IK_YBAVZMWJCPETFA-QFTUWMPFSA-N,Linoleic acid metabolism,0.42912920353424144,"PC(20:2(11Z,14Z)/22:6(4Z,7Z,10Z,13Z,16Z,19Z))"
IK_YBGWTZSEYYMFJI-AXUSBXICSA-N,Glycerophospholipid metabolism,0.8733511581890229,Silymonin
IK_YBMOTEQVMANKGX-JAMMHHFISA-O,Histidine metabolism,0.9988842828616785,2-(3-Carboxy-3-(methylammonio)propyl)-L-histidine
IK_YBOSYVPZRIDFAY-QSNZGGCFSA-N,Linoleic acid metabolism,0.4589944674880808,"PC(P-16:0/20:5(5Z,8Z,11Z,14Z,16E)-OH(18R))"
IK_YBUXFQUGNPBZPS-YNBHEIDWSA-N,Linoleic acid metabolism,0.40562647662683327,LPC 22:5.1
IK_YCCILVSKPBXVIP-UHFFFAOYSA-N,Tyrosine metabolism,0.9964633607931693,Tyrosol
IK_YCHOPPKXFCUQHM-OMSIYMKDSA-N,Glycerophospholipid metabolism,0.643895774372987,Crassostrea Secocarotenoid
IK_YCIMNLLNPGFGHC-UHFFFAOYSA-N,Phenylalanine metabolism,0.9938035996176059,Pyrocatechol
IK_YCPXWRQRBFJBPZ-UHFFFAOYSA-N,Tyrosine metabolism,0.9834430678575061,5-Sulfosalicylic acid
IK_YDCRNMJQROAWFT-RXMQYKEDSA-N,Fatty acid biosynthesis,0.1966086404258348,(5R)-5-Hydroxyhexanoic acid
IK_YDGMGEXADBMOMJ-LURJTMIESA-N,Arginine biosynthesis,0.36788909239924544,Total DMA
IK_YDTWOEYVDRKKCR-KNERPIHHSA-N,Glycerophospholipid metabolism,0.4563463549839044,"PE(18:0/18:2(9Z,12Z))"
IK_YEHAZLUVAZKVRO-PDWSRYNESA-N,Glycerophospholipid metabolism,0.4556351924801493,"PE(18:0/20:4(8Z,11Z,14Z,17Z))"
IK_YEJRWHAVMIAJKC-UHFFFAOYSA-N,Lysine degradation,0.8627449085687521,Gamma-Butyrolactone
IK_YFFIQXNTTVSKJC-FVDSYPCUSA-N,Glycerophospholipid metabolism,0.42335441151378733,TG 18:0_18:0_18:1
IK_YFGHCGITMMYXAQ-UHFFFAOYSA-N,Tyrosine metabolism,0.11013116116992573,Modafinil
IK_YFMPSMITLLBENU-UHFFFAOYSA-N,Tyrosine metabolism,0.8052618550055617,"3,4-Dihydroxybenzylamine"
IK_YFXWTVLDSKSYLW-NSCUHMNNSA-N,"Phenylalanine, tyrosine and tryptophan biosynthesis",0.9728436175705658,5-Hydroxyferulic acid
IK_YGSDEFSMJLZEOE-UHFFFAOYSA-N,Tryptophan metabolism,0.47359013025825625,Salicylic acid
IK_YHFPHRUWZMEOIX-CYDGBPFRSA-N,"Valine, leucine and isoleucine biosynthesis",0.47767765912917415,Ile-Val-Val
IK_YHGXYYIGHBPDMX-BUTFDPNWSA-N,Glycerophospholipid metabolism,0.4003805537023059,PC(20:3/0:0)
IK_YHMJTZZWEXBHQK-MUDOESHNSA-N,Sphingolipid metabolism,0.3933097382324628,Cer(d18:122:1(13Z))
IK_YHWNASRGLKJRJJ-KRWDZBQOSA-N,Steroid hormone biosynthesis,0.5479835925777885,"(S)-4',5,7-Trihydroxy-6-prenylflavanone"
IK_YIAPLDFPUUJILH-UHFFFAOYSA-N,Ascorbate and aldarate metabolism,0.49754108329346713,Indan-1-ol
IK_YIGARKIIFOHVPF-CNUVFPMCSA-N,Sphingolipid metabolism,0.6263593793436321,C22:0 glucosylceramide
IK_YIGARKIIFOHVPF-YAEABVQUSA-N,Sphingolipid metabolism,0.6268044356313824,GlcCer d40:1
IK_YIICVSCAKJMMDJ-SNVBAGLBSA-N,Glycerophospholipid metabolism,0.6048387096774215,Vasicine
IK_YIKYNHJUKRTCJL-UHFFFAOYSA-N,Glycerophospholipid metabolism,0.3323212540958969,Ethyl maltol
IK_YIQRSAKVWZVLDN-QZTNRIJFSA-N,One carbon pool by folate,0.9348109553872367,Fulvic acid
IK_YJAJDSAILYGJQK-AATRIKPKSA-N,Sphingolipid metabolism,0.27201745966606033,2-Hydroxyhept-5-enoylcarnitine
IK_YJBKIVNOGNRKDV-UHFFFAOYSA-N,Glycerophospholipid metabolism,0.13303991926454234,Edta citrate
IK_YJCJVMMDTBEITC-UHFFFAOYSA-N,Fatty acid biosynthesis,0.20629992755090681,10-Hydroxydecanoic acid
IK_YJTVZHOYBAOUTO-URBBEOKESA-N,Pyrimidine metabolism,0.38701833082448367,Fosteabine
IK_YKFLAYDHMOASIY-UHFFFAOYSA-N,Linoleic acid metabolism,0.36710553081895614,GAMMA-TERPINENE
IK_YKJYKKNCCRKFSL-RDBSUJKOSA-N,Tryptophan metabolism,0.8181818181818192,Anisomycin
IK_YKPUWZUDDOIDPM-SOFGYWHQSA-N,Tyrosine metabolism,0.9929694443584901,Capsaicin
IK_YKRGDOXKVOZESV-WRJNSLSBSA-N,Glycerophospholipid metabolism,0.9351805834555267,Paeoniflorin
IK_YKZFASAFVKFZJE-UHFFFAOYSA-N,Fatty acid degradation,0.3263179689450842,Pentadecanedioylcarnitine
IK_YLEIFZAVNWDOBM-UHFFFAOYSA-N,Steroid hormone biosynthesis,0.41986214414554374,Cimiaserin B
IK_YLFRRPUBVUAHSR-RRPFGEQOSA-N,Steroid hormone biosynthesis,0.6999695034065787,"3beta-Hydroxypregna-5,16-dien-20-one"
IK_YLJOVCWVJCDPLN-UHFFFAOYSA-N,Glycerophospholipid metabolism,0.1792996233076101,Apomine
IK_YLOIOWBAQMCQNL-ROATZPNCSA-N,Glycerophospholipid metabolism,0.43534978716995176,"PE-NMe(20:2(11Z,14Z)/22:6(4Z,7Z,10Z,13Z,16Z,19Z))"
IK_YLQQLZOJRAJYEL-QSCHNALKSA-N,Glycerophospholipid metabolism,0.39392005109202044,TG 48:0
IK_YLWSJLLZUHSIEA-CKSUKHGVSA-N,Linoleic acid metabolism,0.4642855161076884,SM d34:2
NO_INCHIKEY__pe 38 4 isomer a,Glycerophospholipid metabolism,0.391304347826087,PE 38:4 Isomer A
NO_INCHIKEY__pe 38 4 isomer b,Glycerophospholipid metabolism,0.391304347826087,PE 38:4 Isomer B
NO_INCHIKEY__pe 40 5,Glycerophospholipid metabolism,0.391304347826087,PE 40:5
IK_YLZRFVZUZIJABA-UHFFFAOYSA-N,Lysine degradation,0.1744710284981408,4-Acetamido-2-aminobutanoic acid
IK_YMAWOPBAYDPSLA-UHFFFAOYSA-N,"Glycine, serine and threonine metabolism",0.9967120067119857,glycyl-glycine
IK_YMGFTDKNIWPMGF-UCPJVGPRSA-N,Tyrosine metabolism,0.9701897070136256,Salvianolic acid A
IK_YMGUBTXCNDTFJI-UHFFFAOYSA-N,Glycerophospholipid metabolism,0.13303991926454234,Cyclopropanecarboxylic acid
IK_YMIXNQVKVPYZHL-YWSRBNGNSA-N,Glycerophospholipid metabolism,0.9986011490968577,Filipin II
IK_YMJBYRVFGYXULK-VFUOTHLCSA-N,Amino sugar and nucleotide sugar metabolism,0.45207916567698636,alpha-Galactosamine-1-phosphate
IK_YMJNFVUJNDWLND-ZHACJKMWSA-N,Linoleic acid metabolism,0.5224067487994156,3-Decenoylcarnitine
IK_YMXANTWTWUQRLJ-XGZMHBGESA-N,Glycerophospholipid metabolism,0.45363986824810043,"PE(22:6(4Z,7Z,10Z,13Z,16Z,19Z)/24:0)"
IK_YMYQEDCYNANIPI-PBLJWRMESA-N,Sphingolipid metabolism,0.6263593793436321,C18:0 galactosylceramide
IK_YNAVUWVOSKDBBP-UHFFFAOYSA-N,Arginine and proline metabolism,0.4992516836810533,Morpholine
IK_YNIJMKWVLKABRN-TWDSNVLRSA-N,Glycerophospholipid metabolism,0.43747055072784735,"DG(18:2(9Z,12Z)/18:1(11Z)/0:0)"
IK_YNNMOGWGBFSMGB-UHFFFAOYSA-N,Fatty acid biosynthesis,0.4811650035102595,"2,3-Methyleneglutaric acid"
IK_YNXICDMQCQPQEW-UHFFFAOYSA-N,Sphingolipid metabolism,0.2613580199376635,1-Naphthyl phosphate
IK_YNZQCBXDUUGFIX-UHFFFAOYSA-N,Linoleic acid metabolism,0.9910109176823424,8-(Aminomethyl)sulfanyl-6-sulfanyloctanoic acid
IK_YODZTKMDCQEPHD-UHFFFAOYSA-N,"Glycine, serine and threonine metabolism",0.6626397507599222,Thiodiglycol
IK_YOEBAVRJHRCKRE-UHFFFAOYSA-N,Glycerophospholipid metabolism,0.9514715438398675,2-Methylhippuric Acid
IK_YOSHYTLCDANDAN-UHFFFAOYSA-N,Ascorbate and aldarate metabolism,0.4843263482267034,Irbesartan
IK_YPIGGYHFMKJNKV-UHFFFAOYSA-N,One carbon pool by folate,0.2536754414776317,N-Ethylglycine
IK_YPJUNDFVDDCYIH-UHFFFAOYSA-N,Steroid hormone biosynthesis,0.4968828869410393,Heptafluorobutyric acid
IK_YPUCCOVOHHZJPR-GDGIDMNUSA-N,Glycerophospholipid metabolism,0.5361291016485153,"DG(20:4(8Z,11Z,14Z,17Z)-2OH(5S,6R)/0:0/a-13:0)"
IK_YPXHXDXMTWPQTO-SNAWJCMRSA-N,"Phenylalanine, tyrosine and tryptophan biosynthesis",0.5434392196637895,(2E)-3-[3-(sulfooxy)phenyl]prop-2-enoic acid
NO_INCHIKEY__pe 18 3 0 0,Glycerophospholipid metabolism,0.49975139919188144,PE(18:3/0:0)
IK_YQDZGFAYWGWSJK-SLMGBJJTSA-N,Steroid hormone biosynthesis,0.9946318991632404,"11beta,17beta-Dihydroxy-4-androsten-3-one"
IK_YQEZLKZALYSWHR-UHFFFAOYSA-N,Tyrosine metabolism,0.152039399334396,Ketamine
IK_YQGDEPYYFWUPGO-UHFFFAOYSA-N,"Valine, leucine and isoleucine biosynthesis",0.20667574843320244,4-Amino-3-hydroxybutyrate
IK_YQYUWUKDEVZFDB-UHFFFAOYSA-N,Glycerophospholipid metabolism,0.9840325806179363,"5-Methoxy-3,4-methylenedioxyamphetamine"
IK_YRCWQPVGYLYSOX-VIFPVBQESA-N,Linoleic acid metabolism,0.9576568260605637,D-synephrine
IK_YRHWKFMGEDDGIJ-UHFFFAOYSA-N,Retinol metabolism,0.20151812723371548,Phytolaccoside E
IK_YRKLGWOHYXIKSF-LBPRGKRZSA-N,Tryptophan metabolism,0.5299295517243324,Indole-3-Acetyl-L-Glutamic Acid
IK_YRKZDONPVFEWNN-HBCPYPPXSA-N,Ascorbate and aldarate metabolism,0.4650991055722612,"(3a,5b)-24-oxo-24-[(2-sulfoethyl)amino]cholan-3-yl-b-D-Glucopyranosiduronic acid"
IK_YRMSRWRIJYGMCI-LWRNEJPJSA-N,Linoleic acid metabolism,0.486577204912553,SM 41:1;2O|SM 18:1;2O/23:0
IK_YRXIDKUVBPMNRA-YTOKZNHUSA-N,Glycerophospholipid metabolism,0.1923994976815629,Fasciculol C
IK_YRXOQXUDKDCXME-YIVRLKKSSA-N,Sphingolipid metabolism,0.40755224324607914,Dimethylsphingosine
IK_YSLVYCWXAPPBIQ-UHFFFAOYSA-N,Primary bile acid biosynthesis,0.7653569302367381,7-Methyl-cholic acid
IK_YSSSPARMOAYJTE-UHFFFAOYSA-N,Linoleic acid metabolism,0.9855463634753593,Dibenzo-18-crown-6
IK_YSSWCDJIKPKJLL-SJCQXOIGSA-N,Glycerophospholipid metabolism,0.3679298047675696,Cer-NP t42:1
IK_YSUPYJPCFRZHTJ-UHFFFAOYSA-N,Purine metabolism,0.8949686770015993,2-(2-Hydroxyethyl)phenyl hydrogen sulfate
IK_YTFFUORSCQHTLA-QNPHJADPSA-N,Glycerophospholipid metabolism,0.5426232692868207,PS(PGJ2/24:0)
IK_YTMBNLHIDIKJIU-HCXYKTFWSA-N,Arginine biosynthesis,0.27569700436538347,Dynorphin B (6-9)
IK_YTPRLBGPGZHUPD-SSDOTTSWSA-N,Steroid hormone biosynthesis,0.9966038291746702,Salsoline
IK_YTZASGUOZDZYSL-UHFFFAOYSA-N,Steroid hormone biosynthesis,0.4259492064340608,Capsicoside A1
IK_YUERBWRPPIZVJK-MPANABRESA-N,Sphingolipid metabolism,0.6173930310779321,HexCer 41:2;2O
IK_YUFFSWGQGVEMMI-JLNKQSITSA-N,Biosynthesis of unsaturated fatty acids,0.34468884155042956,FFA 22:5
IK_YUFFSWGQGVEMMI-RCHUDCCISA-N,Biosynthesis of unsaturated fatty acids,0.3447766444584151,"7,10,13,16,19-Docosapentaenoic acid"
IK_YUPCLHHTUNDMAN-UHFFFAOYSA-N,Glycerophospholipid metabolism,0.3328350726456135,Butyl (S)-3-hydroxybutyrate glucoside
IK_YUTNOGOMBNYPFH-XUXIUFHCSA-N,Glycerophospholipid metabolism,0.7037107539318729,Leu-Pro-Ile
IK_YUVPOZFUVRRVLD-FCQUAONHSA-N,Linoleic acid metabolism,0.4901845619472671,SM 20:0;2O/21:1
IK_YVUQSNJEYSNKRX-UHFFFAOYSA-N,Ascorbate and aldarate metabolism,0.843728238670814,Pimozide
IK_YVWPKMWQKWFMBB-UHFFFAOYSA-N,Arginine and proline metabolism,0.2167770080433053,2-Amino-4-[carbamimidoyl(methyl)amino]butanoic acid
IK_YVYMBNSKXOXSKW-UHFFFAOYSA-N,Glycerophospholipid metabolism,0.6177493843151495,[3-[2-Aminoethoxy(hydroxy)phosphoryl]oxy-2-hydroxypropyl] hexadecanoate
IK_YWDDIWXKFJEMKF-JTZVLWBESA-N,Linoleic acid metabolism,0.4292611043290319,PC 34:4
IK_YWWVWXASSLXJHU-WAYWQWQTSA-N,Biosynthesis of unsaturated fatty acids,0.28926836809073564,Myristoleic acid
IK_YWZAPMXAANPWLC-DCAQKATOSA-N,Glycerophospholipid metabolism,0.13241520393464706,"L-Prolinamide, 5-oxo-L-prolyl-L-norvalyl-"
IK_YWZGQPJRQXHVQX-BYCLXTJYSA-N,Sphingolipid metabolism,0.44420639807932927,Cer-AS d34:1
IK_YXFNPRHZMOGREC-UHFFFAOYSA-N,Glycerophospholipid metabolism,0.2483049589329181,"{4-[4-(6-Carbamoyl-3,5-dimethylpyrazin-2-yl)phenyl]cyclohexyl}acetic acid"
IK_YXIWHUQXZSMYRE-UHFFFAOYSA-N,Tyrosine metabolism,0.93734518742711,2-mercaptobenzothiazole
IK_YYAYRZYQSCUFIG-ZTYLUMCNSA-N,Linoleic acid metabolism,0.4698040805125684,PC(TXB2/18:0)
IK_YYIUHLPAZILPSG-SMILAEQMSA-N,Glycerophospholipid metabolism,0.1792996233076101,(-)-Slaframine
IK_YYIXZLMPKIFFGQ-ONNNWOQGSA-N,Biosynthesis of unsaturated fatty acids,0.278844941488671,12(S)-HETrE
IK_YYMCYJLIYNNOMK-UHFFFAOYSA-N,Glycerophospholipid metabolism,0.9840325806179363,Nor-psi-tropine
IK_YYNNALSPFZYOOO-RRHRGVEJSA-N,Glycerophospholipid metabolism,0.4443553070809261,PE 36:0|PE 18:0_18:0
IK_YYSFWGQAKJTHRE-MEOKJUQFSA-N,Glycerophospholipid metabolism,0.3937390713468301,LPC 20:1
IK_YYVUMXYSCXRWIL-UHFFFAOYSA-N,Sphingolipid metabolism,0.9965820385507577,Cyclostenol
IK_YYZUSRORWSJGET-UHFFFAOYSA-N,Fatty acid biosynthesis,0.2263079719940306,Ethyl octanoate
IK_YZNNBIPIQWYLDM-HSUXUTPPSA-N,Lysine degradation,0.3277021463310137,Fagomine
IK_ZAFDCAVLVDWCPI-UHFFFAOYSA-N,Glycerophospholipid metabolism,0.15340336339178565,Benzoyl-l-arg
IK_ZAGRKAFMISFKIO-QMTHXVAHSA-N,Glycerophospholipid metabolism,0.7085521887215986,(+)-Lysergic acid
IK_ZAIPMKNFIOOWCQ-UEKVPHQBSA-N,Glycerophospholipid metabolism,0.18686395345678736,Cephalexin
IK_ZAVFAQIEEDHGRI-JVYSIHAYSA-N,Glycerophospholipid metabolism,0.45245019035592243,"PE(20:5(5Z,8Z,11Z,14Z,17Z)/18:0)"
IK_ZBAYEKZBNZHVGF-ZAQYYTCTSA-N,Linoleic acid metabolism,0.4253599604510519,"(7Z,9Z,12Z,15Z,18Z,21Z)-Tetracosa-7,9,12,15,18,21-hexaenoylcarnitine"
IK_ZBBHBTPTTSWHBA-UHFFFAOYSA-N,Glycerophospholipid metabolism,0.8587737794259973,Nicardipine
IK_ZBCATMYQYDCTIZ-UHFFFAOYSA-N,Nicotinate and nicotinamide metabolism,0.8353941272802108,4-methylcatechol
IK_ZBCBWPMODOFKDW-UHFFFAOYSA-N,"Glycine, serine and threonine metabolism",0.9441725367088984,Diethanolamine
IK_ZBOQHUSCQCEBGK-JLRCLJKCSA-N,Linoleic acid metabolism,0.508043405084963,PC(18:1(9Z)e/2:0)
IK_ZBSGKPYXQINNGF-UHFFFAOYSA-N,Nicotinate and nicotinamide metabolism,0.9851231168807019,Nicotinuric acid
IK_ZBXWGKPUSLRPHX-QOIVFALESA-N,Glycerophospholipid metabolism,0.980758039952365,Mirificin
IK_ZCDKJIRLFSPIQI-QPJJXVBHSA-N,Galactose metabolism,0.9533233619562633,"3,7-Dimethyl-5-octene-1,7-diol 1-glucoside"
IK_ZCGUDUFJPFKWKP-QLXZSTJSSA-N,Glycerophospholipid metabolism,0.44478247113330444,PE O-20:0_20:4
IK_ZCSFFBZXCQGHRG-UHFFFAOYSA-N,Tryptophan metabolism,0.575628607143051,polyphenolic compound
IK_ZCTWMWAMUYXALL-WLGWGOQCSA-N,Glycerophospholipid metabolism,0.4677912594642343,"DG(a-13:0/20:3(8Z,11Z,14Z)-2OH(5,6)/0:0)"
IK_ZCXGMSGCBDSEOY-UHFFFAOYSA-N,Glycerophospholipid metabolism,0.127425605726851,2-Benzothiazolsulfonic Acid
IK_ZDFLHZVTXWIGQV-UHFFFAOYSA-N,Primary bile acid biosynthesis,0.6617836245518467,Deoxycholylglutamic acid
IK_ZDHCVQNIRWDINX-UHFFFAOYSA-N,Tyrosine metabolism,0.49494949494949525,"6,7-dihydroxybenzofuran-3(2H)-one"
IK_ZDHCZVWCTKTBRY-UHFFFAOYSA-N,Fatty acid biosynthesis,0.20617760508462946,12-Hydroxydodecanoic acid
IK_ZDLDXNCMJBOYJV-YFKPBYRVSA-N,Arginine biosynthesis,0.5464514416085821,"L-Arginine, methyl ester"
IK_ZDXMLEQEMNLCQG-UHFFFAOYSA-N,Primary bile acid biosynthesis,0.4123992970563832,Sulfometuron methyl
IK_ZDZWIQDJFWTDAM-NQIIRXRSSA-N,Tyrosine metabolism,0.152039399334396,Rac S 33138
IK_ZEMGGZBWXRYJHK-UHFFFAOYSA-N,Pantothenate and CoA biosynthesis,0.9520943699320199,2-Thiouracil
IK_ZETVJNVPEVTCFL-GUCXUNSNSA-N,Glycerophospholipid metabolism,0.4944947222311005,PI(O-16:0/12:0)
IK_ZEXLJFNSKAHNFH-SYKYGTKKSA-N,Glycerophospholipid metabolism,0.3578117470932365,Endomorphin-1
IK_ZFMJJVQJMOVKIB-RQOIEFAZSA-N,Glycerophospholipid metabolism,0.44302017775982583,PE O-18:1_18:2
NO_INCHIKEY__possible bile acid,Steroid hormone biosynthesis,0.9747013635447611,Possible bile acid
NO_INCHIKEY__possible bile salt,Glycerophospholipid metabolism,0.13950168786833567,possible bile salt
NO_INCHIKEY__possible flavonoid,Steroid hormone biosynthesis,0.9747013635447611,Possible flavonoid
NO_INCHIKEY__possible phytochemical,Glycerophospholipid metabolism,0.9521425123205338,possible phytochemical
NO_INCHIKEY__possible prenol lipid,"Alanine, aspartate and glutamate metabolism",0.908531942529796,Possible prenol lipid
NO_INCHIKEY__possible steroid,Glycerophospholipid metabolism,0.4896885183341447,Possible steroid
IK_ZFMSMUAANRJZFM-UHFFFAOYSA-N,Glycerophospholipid metabolism,0.41813044483384165,1-Methoxy-4-(2-propenyl)benzene
IK_ZFOZVQLOBQUTQQ-UHFFFAOYSA-N,Steroid hormone biosynthesis,0.9822162786218593,Tributyl citrate
IK_ZFRKQXVRDFCRJG-UHFFFAOYSA-N,Tryptophan metabolism,0.6383946522535298,3-Methylindole
IK_ZFTUXXJICSMDGE-ZCXUNETKSA-N,Glycerophospholipid metabolism,0.5820023165755069,PE-Cer 18:0;2O_22:1
IK_ZFXYFBGIUFBOJW-UHFFFAOYSA-N,Caffeine metabolism,0.6940491374520541,Theophylline
IK_ZGCHLOWZNKRZSN-NTSWFWBYSA-N,Pentose phosphate pathway,0.9769045848645741,3-Deoxyglucosone
IK_ZHQJVZLJDXWFFX-RPDRRWSUSA-N,Glycerophospholipid metabolism,0.3383383016631312,4a-Carbinolamine tetrahydrobiopterin
IK_ZHTQCPCDXKMMLU-UHFFFAOYSA-N,Glycerophospholipid metabolism,0.22188045875730666,Norathyriol
IK_ZHZKWZJLUNXOSN-LOCIZFEWSA-N,Primary bile acid biosynthesis,0.39160617460610025,3-epi-6-deoxocathasterone
IK_ZIBGPFATKBEMQZ-UHFFFAOYSA-N,Glycerophospholipid metabolism,0.4996911495737303,TRIETHYLENE GLYCOL
IK_ZICVPLGXTMCKHF-ROUYHVFWSA-N,Glycerophospholipid metabolism,0.44368306395801693,"PE-NMe(16:0/20:3(5Z,8Z,11Z))"
IK_ZIKZPLSIAVHITA-WNGDLQANSA-N,Steroid hormone biosynthesis,0.4259492064340608,Nomilinic acid
IK_ZILZDFSDUXZZAT-UHFFFAOYSA-N,Fatty acid degradation,0.3146844231828983,3-hydroxynonanoyl carnitine
IK_ZIMMPNSGYHHAIF-MNIDJLETSA-N,Glycerophospholipid metabolism,0.4430833956908177,"PE-NMe(18:2(9Z,12Z)/20:2(11Z,14Z))"
IK_ZIWNJZLXPXFNGN-GXTQQWMXSA-N,Primary bile acid biosynthesis,0.29131372295860863,Carbocyclic thromboxane A2
IK_ZJAZCYLYLVCSNH-JHJVBQTASA-N,Tyrosine metabolism,0.2796895617690027,Tetranor-PGEM
NO_INCHIKEY__ps 22 6,Glutathione metabolism,0.9885009145994941,PS(22:6)
IK_ZJDPLLSGJXQZSR-HMPWLZDGSA-N,Glutathione metabolism,0.5107812154545327,Leu Ile
IK_ZJIJDTZEEABZPM-PUFJAHBCSA-N,Glycerophospholipid metabolism,0.44415750253334035,Cer(d16:1/5-iso PGF2VI)
NO_INCHIKEY__ser ser oh,Linoleic acid metabolism,0.49195315301976517,Ser-Ser-OH
IK_ZJKWJHONFFKJHG-UHFFFAOYSA-N,Phenylalanine metabolism,0.9013055159383061,"2-Methoxy-1,4-benzoquinone"
NO_INCHIKEY__sm 24 1,Glycerophospholipid metabolism,0.391304347826087,SM 24:1
IK_ZKLXUUYLEHCAMF-UUWFMWQGSA-N,Glutathione metabolism,0.9968564957867725,Oripavine
IK_ZKQOUHVVXABNDG-IUCAKERBSA-N,Arginine and proline metabolism,0.6723205467739096,Pro-leu
IK_ZKQQJUBGJLUJNT-UHFFFAOYSA-N,Tryptophan metabolism,0.9519959679608769,1-Phenyl-24-pentadiyn-1-one
IK_ZKTMLINFIQCERN-QGZVFWFLSA-O,Glycerophospholipid metabolism,0.18686395345678736,Lotusine
IK_ZLBGSRMUSVULIE-GSMJGMFJSA-N,Glycerophospholipid metabolism,0.9728014370944289,Milbemycin A3
IK_ZLCUIOWQYBYEBG-UHFFFAOYSA-N,Biosynthesis of unsaturated fatty acids,0.6965267757590298,1-Amino-2-methylanthraquinone
IK_ZLIGRGHTISHYNH-WUXMJOGZSA-N,Tryptophan metabolism,0.5107539397658991,(E)-indol-3-ylacetaldoxime
IK_ZLWYEPMDOUQDBW-UHFFFAOYSA-N,Nicotinate and nicotinamide metabolism,0.941610281226909,6-Aminonicotinamide
NO_INCHIKEY__sm d38 1 1,Glycerophospholipid metabolism,0.391304347826087,SM d38:1.1
IK_ZMCBYSBVJIMENC-UHFFFAOYSA-N,Glycerophospholipid metabolism,0.9304432422282589,Ethyl 3-aminobenzoate
NO_INCHIKEY__sm d41 2 isomer b,Glycerophospholipid metabolism,0.391304347826087,SM d41:2 Isomer B
IK_ZMXDDKWLCZADIW-UHFFFAOYSA-N,Glycerophospholipid metabolism,0.13241520393464706,"N,N-Dimethylformamide"
IK_ZNHVWPKMFKADKW-VXBMJZGYSA-N,Biosynthesis of unsaturated fatty acids,0.3387844879590724,12-HETE
NO_INCHIKEY__sm d15 0 2 0,Glycerophospholipid metabolism,0.1792996233076101,SM(d15:0/2:0)
IK_ZNJFBWYDHIGLCU-HWKXXFMVSA-N,Linoleic acid metabolism,0.9166445875182345,Jasmonic acid
IK_ZNOLGFHPUIJIMJ-UHFFFAOYSA-N,Glycerophospholipid metabolism,0.18686395345678736,Fenitrothion
IK_ZOJBSSVHFSBHMP-JJJSWPRASA-N,Glycerophospholipid metabolism,0.3971538827090829,PC(22:4/0:0)
IK_ZOJBYZNEUISWFT-UHFFFAOYSA-N,Primary bile acid biosynthesis,0.32949629173418216,Allyl isothiocyanate
IK_ZONSVLURFASOJK-LLAGZRPASA-N,Glycerophospholipid metabolism,0.18686395345678736,Dehydromonocrotaline
IK_ZOTBXTZVPHCKPN-HTXNQAPBSA-N,Linoleic acid metabolism,0.4947055540791593,Kresoxim-Methyl
IK_ZPLOQFLCMVIWRY-UHFFFAOYSA-N,Tyrosine metabolism,0.15162107453416598,FLESTOLOL
IK_ZPWVTTHIHKYUQK-UHFFFAOYSA-N,Fatty acid biosynthesis,0.5523900672521096,"3,4-Methyleneadipic acid"
IK_ZPZUGHMDLKWJOU-LMSYVIICSA-N,Glycerophospholipid metabolism,0.1923994976815629,Tanacetol A
IK_ZQDWXGKKHFNSQK-UHFFFAOYSA-N,Glycerophospholipid metabolism,0.9427934403523324,Hydroxyzine
IK_ZQIULKXWJGSFAC-UHFFFAOYSA-N,Retinol metabolism,0.20151812723371548,Manglupenone
IK_ZQTAMPRZFOOEEP-HZJYTTRNSA-N,Glycerophospholipid metabolism,0.45660103475671776,"LysoPA(18:2(9Z,12Z)/0:0)"
IK_ZQYUKJFJPJDMMR-ZDWCHQGWSA-N,Primary bile acid biosynthesis,0.7331038354867387,Glycohyocholic Acid
IK_ZREXGWPJFRJAJU-SWESGNQDSA-N,Sphingolipid metabolism,0.43160447602717944,"(2S,3R)-2-Amino-4-octadecene-3-ol"
IK_ZRQXMKMBBMNNQC-UHFFFAOYSA-N,"Valine, leucine and isoleucine biosynthesis",0.9684009574793297,Isovalerylglycine
IK_ZSANYRMTSBBUCA-UHFFFAOYSA-N,Arginine biosynthesis,0.27974018705950715,"Oxoglutaric acid1,2,3"
IK_ZSIQJIWKELUFRJ-UHFFFAOYSA-N,Lysine degradation,0.5293596346534607,Hexamethyleneimine
NO_INCHIKEY__tag 12 3 20 6 20 6,Glycerophospholipid metabolism,0.6666666666666666,TAG(12:3/20:6/20:6)
NO_INCHIKEY__tag 14 3 14 3 14 3,Glycerophospholipid metabolism,0.6666666666666666,TAG(14:3/14:3/14:3)
IK_ZSJMELIYGMLDEW-BJPCGIFGSA-N,Sphingolipid metabolism,0.40608428209195524,Cer-NS d38:2
IK_ZSYMQFVRTIVMFA-JAHIUHDMSA-N,Linoleic acid metabolism,0.4292979571265639,GPCho(20:4/14:0)
IK_ZTFGOPUOTATSAL-CFVDWFIMSA-N,Steroid hormone biosynthesis,0.41986214414554374,Dihydroouabain
IK_ZTNZTGXTHOFZGC-LNFNTRPGSA-N,Glycerophospholipid metabolism,0.44478247113330444,PE O-17:1_20:4
IK_ZTQGTBHHQGGBSV-ATVZYYHQSA-N,Primary bile acid biosynthesis,0.8226700014627585,Naringenin 5-O-glucuronide
IK_ZTTODOAGUDGDQH-HYVCQBOXSA-N,Glycerophospholipid metabolism,0.18686395345678736,Ribosyl-5-amino-4-imidazolcarboxamid
IK_ZTZQZGHJLWFLFQ-VZBWJDOASA-N,Glycerophospholipid metabolism,0.44300384945574217,"PE(P-18:0/20:4(8Z,11Z,14Z,17Z))"
IK_ZUILKEWVWUKSAO-ZZXKWVIFSA-N,Ascorbate and aldarate metabolism,0.9555412677845988,P-coumaroyltriacetic acid lactone
IK_ZUXGPPMNMKSOEO-LFYBBSHMSA-N,Lysine degradation,0.6797326285750973,Merodesmosine
IK_ZVDPYSVOZFINEE-BQBZGAKWSA-N,Linoleic acid metabolism,0.246973715581687,Aspartyl-Leucine
IK_ZWCCSIUBHCZKOY-UHFFFAOYSA-N,Sphingolipid metabolism,0.9880775644722648,"Adb-chminaca, (+/-)-"
IK_ZWDYIYOIBZOENK-YZGJGUBNSA-N,Linoleic acid metabolism,0.4726937035280719,12-O-D-Glucuronoside-13-hydroxyoctadec-9Z-enoate
IK_ZWEHNKRNPOVVGH-UHFFFAOYSA-N,"Alanine, aspartate and glutamate metabolism",0.28947957819651937,Methyl ethyl ketone
IK_ZWRRJEICIPUPHZ-DAOPMYJZSA-N,Glycerophospholipid metabolism,0.49606919742809447,Gomisin A
IK_ZWRRJEICIPUPHZ-UHFFFAOYSA-N,Glycerophospholipid metabolism,0.49606919742809447,Schisandrol B
IK_ZWRUINPWMLAQRD-UHFFFAOYSA-N,Fatty acid biosynthesis,0.3650652104259303,1-Nonanol
IK_ZXEUFAVXODIPHC-GUBZILKMSA-N,Lysine degradation,0.29192193598055366,Lys Glu Asn
IK_ZXJIQOBYRBTOLH-UHFFFAOYSA-N,Tyrosine metabolism,0.6992243940784606,MJDBISSP00000002
IK_ZXNAIPHYBVMMPY-DHSLYTQISA-N,Glycerophospholipid metabolism,0.49024843084327063,MG(22:1(13Z)/0:0/0:0)
IK_ZXPULTKTJOBQPE-NWGIQDPJSA-N,Sphingolipid metabolism,0.5126519226101036,C16:1 ceramide
NO_INCHIKEY__tg 54 5 isomer b,Glycerophospholipid metabolism,0.391304347826087,TG 54:5 Isomer B
IK_ZXSWTMLNIIZPET-ZOFHRBRSSA-N,Steroid hormone biosynthesis,0.510641670050446,Normethandrone
IK_ZXVONLUNISGICL-UHFFFAOYSA-N,Citrate cycle (TCA cycle),0.9468779139015532,DNOC
IK_ZXZKYYHTWHJHFT-UHFFFAOYSA-N,Tryptophan metabolism,0.8216658737376116,"2,8-Quinolinediol"
IK_ZYEMKIHYSVDTSN-UHFFFAOYSA-N,Glycerophospholipid metabolism,0.12249451115182106,3-Hydroxyhippuric acid sulfate
IK_ZYGHJZDHTFUPRJ-UHFFFAOYSA-N,Purine metabolism,0.9931053978120565,Coumarin
IK_ZYOPDNLIHHFGEC-FNORWQNLSA-N,Sphingolipid metabolism,0.846920126545352,"Trans-2, 3, 4-Trimethoxycinnamate"
NO_INCHIKEY__tripeptide cys cys cys,Ether lipid metabolism,0.9658800109023875,"Tripeptide: Cys, Cys, Cys"
NO_INCHIKEY__tripeptide cys his lys,Glycerophospholipid metabolism,0.13950168786833567,"Tripeptide: Cys, His, Lys"
NO_INCHIKEY__tripeptide cys his trp,Glycerophospholipid metabolism,0.13950168786833567,"Tripeptide: Cys, His, Trp"
NO_INCHIKEY__tripeptide cys lys his,Glycerophospholipid metabolism,0.13950168786833567,Tripeptide: Cys-Lys-His
NO_INCHIKEY__tripeptide leu ile tyr lys,Glycerophospholipid metabolism,0.13950168786833567,"Tripeptide: Leu/Ile, Tyr, Lys"
NO_INCHIKEY__tripeptide leu ile asn pro val gln pro,Glycerophospholipid metabolism,0.13950168786833567,"Tripeptide: Leu/Ile,Asn, Pro; Val, Gln, Pro"
NO_INCHIKEY__tripeptide leu ile asp arg gln gln lys arg val glu val val trp,Glycerophospholipid metabolism,0.13950168786833567,Tripeptide: Leu/Ile-Asp-Arg; Gln-Gln-Lys; Arg-Val-Glu; Val-Val-Trp
NO_INCHIKEY__tripeptide leu ile lys gln,Glycerophospholipid metabolism,0.13950168786833567,Tripeptide: Leu/Ile-Lys-Gln
NO_INCHIKEY__tripeptide thr pro ala,Glycerophospholipid metabolism,0.33216602301799625,Tripeptide: Thr-Pro-Ala
IK_ZYOUEEMPKPNVQW-UHFFFAOYSA-N,Drug metabolism - cytochrome P450,0.2857142857142857,Salfredin B11
IK_ZYVXHFWBYUDDBM-UHFFFAOYSA-N,Nicotinate and nicotinamide metabolism,0.9462531781922893,N-Methylnicotinamide; CE10; ZYVXHFWBYUDDBM-UHFFFAOYSA-N
IK_ZZCHHVUQYRMYLW-HKBQPEDESA-N,Glycerophospholipid metabolism,0.9588959309913121,Farglitazar
IK_ZZKNRXZVGOYGJT-VKHMYHEASA-N,"Alanine, aspartate and glutamate metabolism",0.9990459734274386,Sparfosic acid
IK_ZZUMXQCSMJCDDC-DFQOQHGMSA-N,Primary bile acid biosynthesis,0.6937655657275743,"7a,12a-Dihydroxy-3-oxo-4-cholenoic acid"
IK_ZZVUWRFHKOJYTH-UHFFFAOYSA-N,Tyrosine metabolism,0.15162107453416598,Diphenhydramine
UNKNOWN_ROW__24167579__unknown_1,Pyruvate metabolism,0.9967389295897223,unknown_1
UNKNOWN_ROW__24167579__unknown_2,,,unknown_2
UNKNOWN_ROW__24167579__unknown_3,"Glycine, serine and threonine metabolism",1.0,unknown_3
UNKNOWN_ROW__24167579__unknown_4,"Glycine, serine and threonine metabolism",1.0,unknown_4
UNKNOWN_ROW__24167579__unknown_5,"Glycine, serine and threonine metabolism",0.75,unknown_5
UNKNOWN_ROW__24167579__unknown_6,,,unknown_6
UNKNOWN_ROW__24167579__unknown_7,Arginine biosynthesis,1.0,unknown_7
UNKNOWN_ROW__24167579__unknown_8,Arginine and proline metabolism,1.0,unknown_8
UNKNOWN_ROW__24167579__unknown_9,"Alanine, aspartate and glutamate metabolism",0.5,unknown_9
UNKNOWN_ROW__24167579__unknown_10,Arginine biosynthesis,0.3333333333333333,unknown_10
UNKNOWN_ROW__24167579__unknown_11,,,unknown_11
UNKNOWN_ROW__24167579__unknown_12,Lysine degradation,1.0,unknown_12
UNKNOWN_ROW__24167579__unknown_13,Arginine and proline metabolism,0.5,unknown_13
UNKNOWN_ROW__24167579__unknown_14,Nicotinate and nicotinamide metabolism,0.5,unknown_14
UNKNOWN_ROW__24167579__unknown_15,Nicotinate and nicotinamide metabolism,0.5,unknown_15
UNKNOWN_ROW__24167579__unknown_16,Nicotinate and nicotinamide metabolism,0.5,unknown_16
UNKNOWN_ROW__24167579__unknown_17,Purine metabolism,1.0,unknown_17
UNKNOWN_ROW__24167579__unknown_18,Purine metabolism,1.0,unknown_18
UNKNOWN_ROW__24167579__unknown_19,Fatty acid biosynthesis,0.3333333333333333,unknown_19
UNKNOWN_ROW__24167579__unknown_20,Tryptophan metabolism,1.0,unknown_20
UNKNOWN_ROW__24167579__unknown_21,Caffeine metabolism,0.5,unknown_21
UNKNOWN_ROW__24167579__unknown_22,Arginine biosynthesis,0.5714285714285714,unknown_22
UNKNOWN_ROW__24167579__unknown_23,Arginine biosynthesis,0.5714285714285714,unknown_23
UNKNOWN_ROW__24167579__unknown_24,Glycerophospholipid metabolism,0.5,unknown_24
UNKNOWN_ROW__24167579__unknown_25,Citrate cycle (TCA cycle),1.0,unknown_25
UNKNOWN_ROW__24167579__unknown_26,Fatty acid biosynthesis,0.5,unknown_26
UNKNOWN_ROW__24167579__unknown_27,Citrate cycle (TCA cycle),1.0,unknown_27
UNKNOWN_ROW__24167579__unknown_28,Tyrosine metabolism,0.5,unknown_28
UNKNOWN_ROW__24167579__unknown_29,,,unknown_29
UNKNOWN_ROW__24167579__unknown_30,,,unknown_30
UNKNOWN_ROW__24167579__unknown_31,Linoleic acid metabolism,1.0,unknown_31
UNKNOWN_ROW__24167579__unknown_32,,,unknown_32
UNKNOWN_ROW__24167579__unknown_33,,,unknown_33
UNKNOWN_ROW__24167579__unknown_34,,,unknown_34
UNKNOWN_ROW__24167579__unknown_35,,,unknown_35
UNKNOWN_ROW__24167579__unknown_36,,,unknown_36
UNKNOWN_ROW__24167579__unknown_37,Arginine and proline metabolism,0.33333333333333337,unknown_37
UNKNOWN_ROW__24167579__unknown_38,,,unknown_38
UNKNOWN_ROW__24167579__unknown_39,,,unknown_39
UNKNOWN_ROW__24167579__unknown_40,Purine metabolism,0.5,unknown_40
UNKNOWN_ROW__24167579__unknown_41,,,unknown_41
UNKNOWN_ROW__24167579__unknown_42,Linoleic acid metabolism,1.0,unknown_42
UNKNOWN_ROW__24167579__unknown_43,,,unknown_43
UNKNOWN_ROW__24167579__unknown_44,Retinol metabolism,1.0,unknown_44
UNKNOWN_ROW__24167579__unknown_45,,,unknown_45
UNKNOWN_ROW__24167579__unknown_46,,,unknown_46
UNKNOWN_ROW__24167579__unknown_47,,,unknown_47
UNKNOWN_ROW__24167579__unknown_48,Pantothenate and CoA biosynthesis,0.25,unknown_48
UNKNOWN_ROW__24167579__unknown_49,Pantothenate and CoA biosynthesis,0.25,unknown_49
UNKNOWN_ROW__24167579__unknown_50,Biosynthesis of unsaturated fatty acids,1.0,unknown_50
UNKNOWN_ROW__24167579__unknown_51,Galactose metabolism,1.0,unknown_51
UNKNOWN_ROW__24167579__unknown_52,Galactose metabolism,1.0,unknown_52
UNKNOWN_ROW__24167579__unknown_53,Glycerophospholipid metabolism,0.5,unknown_53
UNKNOWN_ROW__24167579__unknown_54,Arachidonic acid metabolism,1.0,unknown_54
UNKNOWN_ROW__24167579__unknown_55,Arachidonic acid metabolism,1.0,unknown_55
UNKNOWN_ROW__24167579__unknown_56,,,unknown_56
UNKNOWN_ROW__24167579__unknown_57,,,unknown_57
UNKNOWN_ROW__24167579__unknown_58,,,unknown_58
UNKNOWN_ROW__24167579__unknown_59,,,unknown_59
UNKNOWN_ROW__24167579__unknown_60,,,unknown_60
UNKNOWN_ROW__24167579__unknown_61,,,unknown_61
UNKNOWN_ROW__24167579__unknown_62,Sphingolipid metabolism,1.0,unknown_62
UNKNOWN_ROW__24167579__unknown_63,Sphingolipid metabolism,1.0,unknown_63
UNKNOWN_ROW__24167579__unknown_64,,,unknown_64
UNKNOWN_ROW__24167579__unknown_65,Glycerophospholipid metabolism,1.0,unknown_65
UNKNOWN_ROW__24167579__unknown_66,Glycerophospholipid metabolism,1.0,unknown_66
UNKNOWN_ROW__24167579__unknown_67,Glycerophospholipid metabolism,1.0,unknown_67
UNKNOWN_ROW__24167579__unknown_68,Glycerophospholipid metabolism,1.0,unknown_68
UNKNOWN_ROW__24167579__unknown_69,,,unknown_69
UNKNOWN_ROW__24167579__unknown_70,,,unknown_70
UNKNOWN_ROW__24167579__unknown_71,,,unknown_71
UNKNOWN_ROW__24167579__unknown_72,Linoleic acid metabolism,0.5,unknown_72
UNKNOWN_ROW__24167579__unknown_73,,,unknown_73
UNKNOWN_ROW__24167579__unknown_74,,,unknown_74
UNKNOWN_ROW__24167579__unknown_75,,,unknown_75
UNKNOWN_ROW__24167579__unknown_76,,,unknown_76
UNKNOWN_ROW__24167579__unknown_77,,,unknown_77
UNKNOWN_ROW__24167579__unknown_78,,,unknown_78
UNKNOWN_ROW__24167579__unknown_79,Porphyrin metabolism,1.0,unknown_79
UNKNOWN_ROW__24167579__unknown_80,,,unknown_80
UNKNOWN_ROW__24167579__unknown_81,,,unknown_81
UNKNOWN_ROW__24167579__unknown_82,Glycerophospholipid metabolism,0.13950168786833567,unknown_82
UNKNOWN_ROW__24167579__unknown_83,"Glycine, serine and threonine metabolism",0.7353113698971598,unknown_83
UNKNOWN_ROW__24167579__unknown_84,Glycerophospholipid metabolism,0.3233104272453194,unknown_84
UNKNOWN_ROW__24167579__unknown_85,Tryptophan metabolism,0.9670004019903728,unknown_85
UNKNOWN_ROW__24167579__unknown_86,Pantothenate and CoA biosynthesis,0.9747013635447611,unknown_86
UNKNOWN_ROW__24167579__unknown_87,Sphingolipid metabolism,0.3086004961978467,unknown_87
UNKNOWN_ROW__24167579__unknown_88,Cysteine and methionine metabolism,0.4557800921831501,unknown_88
UNKNOWN_ROW__24167579__unknown_89,Purine metabolism,0.9471010568254766,unknown_89
UNKNOWN_ROW__24167579__unknown_90,Amino sugar and nucleotide sugar metabolism,0.8905734539176529,unknown_90
UNKNOWN_ROW__24167579__unknown_91,Amino sugar and nucleotide sugar metabolism,0.8905734539176529,unknown_91
UNKNOWN_ROW__24167579__unknown_92,Retinol metabolism,0.9655999131303913,unknown_92
UNKNOWN_ROW__24167579__unknown_93,Glycerophospholipid metabolism,0.9416775410514321,unknown_93
UNKNOWN_ROW__24167579__unknown_94,Glycerophospholipid metabolism,0.13950168786833567,unknown_94
UNKNOWN_ROW__24167579__unknown_95,Galactose metabolism,0.8263654204753959,unknown_95
UNKNOWN_ROW__24167579__unknown_96,Galactose metabolism,0.8263654204753959,unknown_96
UNKNOWN_ROW__24167579__unknown_97,Linoleic acid metabolism,0.46039952661970507,unknown_97
UNKNOWN_ROW__24167579__unknown_98,Tyrosine metabolism,0.9475539022545489,unknown_98
UNKNOWN_ROW__24167579__unknown_99,Glycerophospholipid metabolism,0.9416775410514321,unknown_99
UNKNOWN_ROW__24167579__unknown_100,Glycerophospholipid metabolism,0.9416775410514321,unknown_100
UNKNOWN_ROW__24167579__unknown_101,Glycerophospholipid metabolism,0.48206742479724496,unknown_101
UNKNOWN_ROW__24167579__unknown_102,Glycerophospholipid metabolism,0.48206742479724496,unknown_102
UNKNOWN_ROW__24167579__unknown_103,Arachidonic acid metabolism,0.815995291389544,unknown_103
UNKNOWN_ROW__24167579__unknown_104,Linoleic acid metabolism,0.4557800921831501,unknown_104
UNKNOWN_ROW__24167579__unknown_105,Purine metabolism,0.9972418862907283,unknown_105
UNKNOWN_ROW__24167579__unknown_106,Glycerophospholipid metabolism,0.13950168786833567,unknown_106
UNKNOWN_ROW__24167579__unknown_107,Primary bile acid biosynthesis,0.48303247530169374,unknown_107
UNKNOWN_ROW__24167579__unknown_108,Steroid hormone biosynthesis,0.955899522481979,unknown_108
UNKNOWN_ROW__24167579__unknown_109,Steroid hormone biosynthesis,0.955899522481979,unknown_109
UNKNOWN_ROW__24167579__unknown_110,Glycerophospholipid metabolism,0.4896885183341447,unknown_110
UNKNOWN_ROW__24167579__unknown_111,Glycerophospholipid metabolism,0.13950168786833567,unknown_111
UNKNOWN_ROW__24167579__unknown_112,Glycerophospholipid metabolism,0.13950168786833567,unknown_112
UNKNOWN_ROW__24167579__unknown_113,Glycerophospholipid metabolism,0.13950168786833567,unknown_113
UNKNOWN_ROW__24167579__unknown_114,Glycerophospholipid metabolism,0.9753868124469764,unknown_114
UNKNOWN_ROW__24167579__unknown_115,Steroid hormone biosynthesis,0.9747013635447611,unknown_115
UNKNOWN_ROW__24167579__unknown_116,Glycerophospholipid metabolism,0.13950168786833567,unknown_116
UNKNOWN_ROW__24167579__unknown_117,Biotin metabolism,0.9655999131303913,unknown_117
UNKNOWN_ROW__24167579__unknown_118,Amino sugar and nucleotide sugar metabolism,0.9555374928968746,unknown_118
UNKNOWN_ROW__24167579__unknown_119,Amino sugar and nucleotide sugar metabolism,0.9555374928968746,unknown_119
UNKNOWN_ROW__24167579__unknown_120,Primary bile acid biosynthesis,0.9562615520670833,unknown_120
UNKNOWN_ROW__24167579__unknown_121,Primary bile acid biosynthesis,0.9562615520670833,unknown_121
UNKNOWN_ROW__24167579__unknown_122,Primary bile acid biosynthesis,0.9562615520670833,unknown_122
UNKNOWN_ROW__24167579__unknown_123,Primary bile acid biosynthesis,0.3258314346369893,unknown_123
UNKNOWN_ROW__24167579__unknown_124,Primary bile acid biosynthesis,0.3258314346369893,unknown_124
UNKNOWN_ROW__24167579__unknown_125,Sphingolipid metabolism,0.47415458314712183,unknown_125
UNKNOWN_ROW__24167579__unknown_126,Sphingolipid metabolism,0.47415458314712183,unknown_126
UNKNOWN_ROW__24167579__unknown_127,Primary bile acid biosynthesis,0.9661601086743838,unknown_127
UNKNOWN_ROW__24167579__unknown_128,Glycerophospholipid metabolism,0.48206742479724496,unknown_128
UNKNOWN_ROW__24167579__unknown_129,Glycerophospholipid metabolism,0.48206742479724496,unknown_129
UNKNOWN_ROW__24167579__unknown_130,Glycerophospholipid metabolism,0.9901050564218068,unknown_130
UNKNOWN_ROW__24167579__unknown_131,Glycerophospholipid metabolism,0.13950168786833567,unknown_131
UNKNOWN_ROW__24167579__unknown_132,Glycerophospholipid metabolism,0.13950168786833567,unknown_132
UNKNOWN_ROW__24167579__unknown_133,"Alanine, aspartate and glutamate metabolism",0.9219601024124596,unknown_133
UNKNOWN_ROW__24167579__unknown_134,Glycerophospholipid metabolism,0.13950168786833567,unknown_134
UNKNOWN_ROW__24167579__unknown_135,Steroid hormone biosynthesis,0.47553310547170363,unknown_135
UNKNOWN_ROW__24167579__unknown_136,Steroid hormone biosynthesis,0.47553310547170363,unknown_136
UNKNOWN_ROW__24167579__unknown_137,Glycerophospholipid metabolism,0.13950168786833567,unknown_137
UNKNOWN_ROW__24167579__unknown_138,Glycerophospholipid metabolism,0.9846385123792152,unknown_138
UNKNOWN_ROW__24167579__unknown_139,Glycerophospholipid metabolism,0.13950168786833567,unknown_139
UNKNOWN_ROW__24167579__unknown_140,Glycerophospholipid metabolism,0.9780518564208148,unknown_140
UNKNOWN_ROW__24167579__unknown_141,Glycerophospholipid metabolism,0.9780518564208148,unknown_141
UNKNOWN_ROW__24167579__unknown_142,Glycerophospholipid metabolism,0.13950168786833567,unknown_142
UNKNOWN_ROW__24167579__unknown_143,Glycerophospholipid metabolism,0.13950168786833567,unknown_143
UNKNOWN_ROW__24167579__unknown_144,Glycerophospholipid metabolism,0.13950168786833567,unknown_144
UNKNOWN_ROW__24167579__unknown_145,Glycerophospholipid metabolism,0.13950168786833567,unknown_145
UNKNOWN_ROW__24167579__unknown_146,Glycerophospholipid metabolism,0.13950168786833567,unknown_146
UNKNOWN_ROW__24167579__unknown_147,Linoleic acid metabolism,0.9937257822585147,unknown_147
UNKNOWN_ROW__24167579__unknown_148,Glycerophospholipid metabolism,0.13950168786833567,unknown_148
UNKNOWN_ROW__24167579__unknown_149,Glycerophospholipid metabolism,0.13950168786833567,unknown_149
UNKNOWN_ROW__24167579__unknown_150,Glycerophospholipid metabolism,0.9901050564218068,unknown_150
UNKNOWN_ROW__24167579__unknown_151,Glycerophospholipid metabolism,0.9901050564218068,unknown_151
UNKNOWN_ROW__24167579__unknown_152,Starch and sucrose metabolism,0.9655999131303912,unknown_152
UNKNOWN_ROW__24167579__unknown_153,Starch and sucrose metabolism,0.9655999131303912,unknown_153
UNKNOWN_ROW__24167579__unknown_154,Starch and sucrose metabolism,0.9655999131303912,unknown_154
UNKNOWN_ROW__24167579__unknown_155,Steroid hormone biosynthesis,0.9448368296801147,unknown_155
UNKNOWN_ROW__24167579__unknown_156,Steroid hormone biosynthesis,0.9448368296801147,unknown_156
UNKNOWN_ROW__24167579__unknown_157,Steroid hormone biosynthesis,0.9448368296801147,unknown_157
UNKNOWN_ROW__24167579__unknown_158,Glycerophospholipid metabolism,0.13950168786833567,unknown_158
UNKNOWN_ROW__24167579__unknown_159,Glycerophospholipid metabolism,0.8926714659325949,unknown_159
UNKNOWN_ROW__24167579__unknown_160,Glycerophospholipid metabolism,0.8926714659325949,unknown_160
UNKNOWN_ROW__24167579__unknown_161,Glycerophospholipid metabolism,0.8926714659325949,unknown_161
UNKNOWN_ROW__24167579__unknown_162,Sphingolipid metabolism,0.957914731120538,unknown_162
UNKNOWN_ROW__24167579__unknown_163,Ascorbate and aldarate metabolism,0.9443839842510422,unknown_163
UNKNOWN_ROW__24167579__unknown_164,Ascorbate and aldarate metabolism,0.9443839842510422,unknown_164
UNKNOWN_ROW__24167579__unknown_165,Ascorbate and aldarate metabolism,0.9443839842510422,unknown_165
UNKNOWN_ROW__24167579__unknown_166,Glycerophospholipid metabolism,0.9058386417937424,unknown_166
UNKNOWN_ROW__24167579__unknown_167,Purine metabolism,0.9890626925181752,unknown_167
UNKNOWN_ROW__24167579__unknown_168,Retinol metabolism,0.9744936820098877,unknown_168
UNKNOWN_ROW__24167579__unknown_169,Glycerophospholipid metabolism,0.13950168786833567,unknown_169
UNKNOWN_ROW__24167579__unknown_170,Glycerophospholipid metabolism,0.13950168786833567,unknown_170
UNKNOWN_ROW__24167579__unknown_171,Glycerophospholipid metabolism,0.13950168786833567,unknown_171
UNKNOWN_ROW__24167579__unknown_172,Glycerophospholipid metabolism,0.13950168786833567,unknown_172
UNKNOWN_ROW__24167579__unknown_173,Glycerophospholipid metabolism,0.13950168786833567,unknown_173
UNKNOWN_ROW__24167579__unknown_174,Glycerophospholipid metabolism,0.13950168786833567,unknown_174
UNKNOWN_ROW__24167579__unknown_175,Sphingolipid metabolism,0.4942317187625813,unknown_175
UNKNOWN_ROW__24167579__unknown_176,Glycerophospholipid metabolism,0.13950168786833567,unknown_176
UNKNOWN_ROW__24167579__unknown_177,Glycerophospholipid metabolism,0.13950168786833567,unknown_177
UNKNOWN_ROW__24167579__unknown_178,Glycerophospholipid metabolism,0.13950168786833567,unknown_178
UNKNOWN_ROW__24167579__unknown_179,Glycerophospholipid metabolism,0.13950168786833567,unknown_179
UNKNOWN_ROW__24167579__unknown_180,Glycerophospholipid metabolism,0.13950168786833567,unknown_180
UNKNOWN_ROW__24167579__unknown_181,Glycerophospholipid metabolism,0.13950168786833567,unknown_181
UNKNOWN_ROW__24167579__unknown_182,Glycerophospholipid metabolism,0.13950168786833567,unknown_182
UNKNOWN_ROW__24167579__unknown_183,Glycerophospholipid metabolism,0.13950168786833567,unknown_183
UNKNOWN_ROW__24167579__unknown_184,Vitamin B6 metabolism,0.9655999131303912,unknown_184
UNKNOWN_ROW__24167579__unknown_185,Vitamin B6 metabolism,0.9655999131303912,unknown_185
UNKNOWN_ROW__24167579__unknown_186,Vitamin B6 metabolism,0.9655999131303912,unknown_186
UNKNOWN_ROW__24167579__unknown_187,Glycerophospholipid metabolism,0.13950168786833567,unknown_187
UNKNOWN_ROW__24167579__unknown_188,Glycerophospholipid metabolism,0.13950168786833567,unknown_188
UNKNOWN_ROW__24167579__unknown_189,Glycerophospholipid metabolism,0.13950168786833567,unknown_189
UNKNOWN_ROW__24167579__unknown_190,Glycerophospholipid metabolism,0.13950168786833567,unknown_190
UNKNOWN_ROW__24167579__unknown_191,Glycerophospholipid metabolism,0.13950168786833567,unknown_191
UNKNOWN_ROW__24167579__unknown_192,Ascorbate and aldarate metabolism,0.9821481490385139,unknown_192
UNKNOWN_ROW__24167579__unknown_193,Ascorbate and aldarate metabolism,0.9821481490385139,unknown_193
UNKNOWN_ROW__24167579__unknown_194,Ascorbate and aldarate metabolism,0.9821481490385139,unknown_194
UNKNOWN_ROW__24167579__unknown_195,Glycerophospholipid metabolism,0.13950168786833567,unknown_195
UNKNOWN_ROW__24167579__unknown_196,Glycerophospholipid metabolism,0.13950168786833567,unknown_196
UNKNOWN_ROW__24167579__unknown_197,Glycerophospholipid metabolism,0.13950168786833567,unknown_197
UNKNOWN_ROW__35829770__unknown_198_carbon_number_5_plasma_id_53,Arginine and proline metabolism,0.5,Unknown_198 (carbon number 5); PlaSMA ID-53
UNKNOWN_ROW__35829770__unknown_199_carbon_number_12_plasma_id_342,,,Unknown_199 (carbon number 12); PlaSMA ID-342
UNKNOWN_ROW__35829770__unknown_200_carbon_number_8_plasma_id_119,Steroid hormone biosynthesis,0.5,Unknown_200 (carbon number 8); PlaSMA ID-119
UNKNOWN_ROW__35829770__unknown_201_carbon_number_8_plasma_id_181,Arginine biosynthesis,0.5714285714285714,Unknown_201 (carbon number 8); PlaSMA ID-181
UNKNOWN_ROW__35829770__unknown_202_carbon_number_5_plasma_id_53,Arginine and proline metabolism,0.5,Unknown_202 (carbon number 5); PlaSMA ID-53
UNKNOWN_ROW__35829770__unknown_203_carbon_number_9_plasma_id_161,,,Unknown_203 (carbon number 9); PlaSMA ID-161
UNKNOWN_ROW__35829770__unknown_204,,,unknown_204
UNKNOWN_ROW__35829770__unknown_205,,,unknown_205
UNKNOWN_ROW__35829770__unknown_206,Arginine biosynthesis,1.0,unknown_206
UNKNOWN_ROW__35829770__unknown_207,Steroid hormone biosynthesis,1.0,unknown_207
UNKNOWN_ROW__35829770__unknown_208,,,unknown_208
UNKNOWN_ROW__35829770__unknown_209,,,unknown_209
UNKNOWN_ROW__35829770__unknown_210,,,unknown_210
UNKNOWN_ROW__35829770__unknown_211,"Alanine, aspartate and glutamate metabolism",0.5,unknown_211
UNKNOWN_ROW__35829770__unknown_212,Sphingolipid metabolism,0.6666666666666666,unknown_212
UNKNOWN_ROW__35829770__unknown_213,Glycerophospholipid metabolism,1.0,unknown_213
UNKNOWN_ROW__35829770__unknown_214,Linoleic acid metabolism,0.5,unknown_214
UNKNOWN_ROW__35829770__unknown_215,Pyrimidine metabolism,0.6666666666666667,unknown_215
UNKNOWN_ROW__35829770__unknown_216,Pyrimidine metabolism,1.0,unknown_216
UNKNOWN_ROW__35829770__unknown_217,One carbon pool by folate,1.0,unknown_217
UNKNOWN_ROW__35829770__unknown_218,,,unknown_218
UNKNOWN_ROW__35829770__unknown_219,Glycerophospholipid metabolism,0.33333333333333337,unknown_219
UNKNOWN_ROW__35829770__unknown_220,Linoleic acid metabolism,1.0,unknown_220
UNKNOWN_ROW__35829770__unknown_221,,,unknown_221
UNKNOWN_ROW__35829770__unknown_222,,,unknown_222
UNKNOWN_ROW__35829770__unknown_223,,,unknown_223
UNKNOWN_ROW__35829770__unknown_224,,,unknown_224
UNKNOWN_ROW__35829770__unknown_225,Sphingolipid metabolism,0.6666666666666666,unknown_225
UNKNOWN_ROW__35829770__unknown_226,,,unknown_226
UNKNOWN_ROW__35829770__unknown_227,Arginine biosynthesis,1.0,unknown_227
UNKNOWN_ROW__35829770__unknown_228,Nicotinate and nicotinamide metabolism,1.0,unknown_228
UNKNOWN_ROW__35829770__unknown_229,Pentose phosphate pathway,0.5,unknown_229
UNKNOWN_ROW__35829770__unknown_230,Arginine biosynthesis,0.3333333333333333,unknown_230
UNKNOWN_ROW__35829770__unknown_231,Caffeine metabolism,0.5,unknown_231
UNKNOWN_ROW__35829770__unknown_232,,,unknown_232
UNKNOWN_ROW__35829770__unknown_233,,,unknown_233
UNKNOWN_ROW__35829770__unknown_234,Arginine biosynthesis,0.3333333333333333,unknown_234
UNKNOWN_ROW__35829770__unknown_235,Purine metabolism,0.5,unknown_235
UNKNOWN_ROW__35829770__unknown_236,Arginine and proline metabolism,0.3333333333333333,unknown_236
UNKNOWN_ROW__35829770__unknown_237,Pentose phosphate pathway,0.5,unknown_237
UNKNOWN_ROW__35829770__unknown_238,Nicotinate and nicotinamide metabolism,1.0,unknown_238
UNKNOWN_ROW__35829770__unknown_239,,,unknown_239
UNKNOWN_ROW__35829770__unknown_240,,,unknown_240
UNKNOWN_ROW__35829770__unknown_241,Glycerophospholipid metabolism,0.3333333333333333,unknown_241
UNKNOWN_ROW__35829770__unknown_242,Amino sugar and nucleotide sugar metabolism,1.0,unknown_242
UNKNOWN_ROW__35829770__unknown_243,Tryptophan metabolism,1.0,unknown_243
UNKNOWN_ROW__35829770__unknown_244,,,unknown_244
UNKNOWN_ROW__35829770__unknown_245,"Alanine, aspartate and glutamate metabolism",1.0,unknown_245
UNKNOWN_ROW__35829770__unknown_246,Arginine biosynthesis,1.0,unknown_246
UNKNOWN_ROW__35829770__unknown_247,,,unknown_247
UNKNOWN_ROW__35829770__unknown_248,Amino sugar and nucleotide sugar metabolism,0.3333333333333333,unknown_248
UNKNOWN_ROW__35829770__unknown_249,Linoleic acid metabolism,0.5,unknown_249
UNKNOWN_ROW__35829770__unknown_250,Caffeine metabolism,0.5,unknown_250
UNKNOWN_ROW__35829770__unknown_251,Arginine biosynthesis,1.0,unknown_251
UNKNOWN_ROW__35829770__unknown_252,Purine metabolism,1.0,unknown_252
UNKNOWN_ROW__35829770__unknown_253,One carbon pool by folate,1.0,unknown_253
UNKNOWN_ROW__35829770__unknown_254,Fatty acid biosynthesis,0.5,unknown_254
UNKNOWN_ROW__35829770__unknown_255,,,unknown_255
UNKNOWN_ROW__35829770__unknown_256,"Valine, leucine and isoleucine biosynthesis",0.5,unknown_256
UNKNOWN_ROW__35829770__unknown_257,Citrate cycle (TCA cycle),1.0,unknown_257
UNKNOWN_ROW__35829770__unknown_258,One carbon pool by folate,1.0,unknown_258
UNKNOWN_ROW__35829770__unknown_259,Glycerophospholipid metabolism,0.3333333333333333,unknown_259
UNKNOWN_ROW__35829770__unknown_260,,,unknown_260
UNKNOWN_ROW__35829770__unknown_261,Caffeine metabolism,0.5,unknown_261
UNKNOWN_ROW__35829770__unknown_262,"Glycine, serine and threonine metabolism",0.75,unknown_262
UNKNOWN_ROW__35829770__unknown_263,One carbon pool by folate,1.0,unknown_263
UNKNOWN_ROW__35829770__unknown_264,Caffeine metabolism,0.5,unknown_264
UNKNOWN_ROW__35829770__unknown_265,,,unknown_265
UNKNOWN_ROW__35829770__unknown_266,Caffeine metabolism,0.5,unknown_266
UNKNOWN_ROW__35829770__unknown_267,Tyrosine metabolism,1.0,unknown_267
UNKNOWN_ROW__35829770__unknown_268,"Alanine, aspartate and glutamate metabolism",0.5,unknown_268
UNKNOWN_ROW__35829770__unknown_269,,,unknown_269
UNKNOWN_ROW__35829770__unknown_270,Arachidonic acid metabolism,0.5,unknown_270
UNKNOWN_ROW__35829770__unknown_271,,,unknown_271
UNKNOWN_ROW__35829770__unknown_272,"Phenylalanine, tyrosine and tryptophan biosynthesis",0.5,unknown_272
UNKNOWN_ROW__35829770__unknown_273,Nicotinate and nicotinamide metabolism,0.5,unknown_273
UNKNOWN_ROW__35829770__unknown_274,Glycerophospholipid metabolism,0.3333333333333333,unknown_274
UNKNOWN_ROW__35829770__unknown_275,Histidine metabolism,1.0,unknown_275
UNKNOWN_ROW__35829770__unknown_276,Linoleic acid metabolism,0.3333333333333333,unknown_276
UNKNOWN_ROW__35829770__unknown_277,,,unknown_277
UNKNOWN_ROW__35829770__unknown_278,,,unknown_278
UNKNOWN_ROW__35829770__unknown_279,Amino sugar and nucleotide sugar metabolism,1.0,unknown_279
UNKNOWN_ROW__35829770__unknown_280,Arginine and proline metabolism,0.3333333333333333,unknown_280
UNKNOWN_ROW__35829770__unknown_281,Fructose and mannose metabolism,0.3333333333333333,unknown_281
UNKNOWN_ROW__35829770__unknown_282,,,unknown_282
UNKNOWN_ROW__35829770__unknown_283,Pyrimidine metabolism,1.0,unknown_283
UNKNOWN_ROW__35829770__unknown_284,,,unknown_284
UNKNOWN_ROW__35829770__unknown_285,Linoleic acid metabolism,1.0,unknown_285
UNKNOWN_ROW__35829770__unknown_286,Arginine biosynthesis,0.5,unknown_286
UNKNOWN_ROW__35829770__unknown_287,Arginine and proline metabolism,0.33333333333333337,unknown_287
UNKNOWN_ROW__35829770__unknown_288,Glycerophospholipid metabolism,0.3333333333333333,unknown_288
UNKNOWN_ROW__35829770__unknown_289,Arginine biosynthesis,1.0,unknown_289
UNKNOWN_ROW__35829770__unknown_290,,,unknown_290
UNKNOWN_ROW__35829770__unknown_291,,,unknown_291
UNKNOWN_ROW__35829770__unknown_292,Purine metabolism,1.0,unknown_292
UNKNOWN_ROW__35829770__unknown_293,Arginine biosynthesis,1.0,unknown_293
UNKNOWN_ROW__35829770__unknown_294,Arginine and proline metabolism,0.16666666666666666,unknown_294
UNKNOWN_ROW__35829770__unknown_295,Galactose metabolism,1.0,unknown_295
UNKNOWN_ROW__35829770__unknown_296,Arginine biosynthesis,1.0,unknown_296
UNKNOWN_ROW__35829770__unknown_297,Linoleic acid metabolism,1.0,unknown_297
UNKNOWN_ROW__35829770__unknown_298,Amino sugar and nucleotide sugar metabolism,0.3333333333333333,unknown_298
UNKNOWN_ROW__35829770__unknown_299,Linoleic acid metabolism,0.5,unknown_299
UNKNOWN_ROW__35829770__unknown_300,,,unknown_300
UNKNOWN_ROW__35829770__unknown_301,,,unknown_301
UNKNOWN_ROW__35829770__unknown_302,Glycerophospholipid metabolism,1.0,unknown_302
UNKNOWN_ROW__35829770__unknown_303,Purine metabolism,0.5,unknown_303
UNKNOWN_ROW__35829770__unknown_304,Nicotinate and nicotinamide metabolism,0.5,unknown_304
UNKNOWN_ROW__35829770__unknown_305,Pyrimidine metabolism,1.0,unknown_305
UNKNOWN_ROW__35829770__unknown_306,Linoleic acid metabolism,0.5,unknown_306
UNKNOWN_ROW__35829770__unknown_307,Caffeine metabolism,0.5,unknown_307
UNKNOWN_ROW__35829770__unknown_308,Caffeine metabolism,0.5,unknown_308
UNKNOWN_ROW__35829770__unknown_309,Ascorbate and aldarate metabolism,0.19999999999999998,unknown_309
UNKNOWN_ROW__35829770__unknown_310,Arginine biosynthesis,0.3333333333333333,unknown_310
UNKNOWN_ROW__35829770__unknown_311,Caffeine metabolism,0.5,unknown_311
UNKNOWN_ROW__35829770__unknown_312,Caffeine metabolism,0.5,unknown_312
UNKNOWN_ROW__35829770__unknown_313,Arginine biosynthesis,1.0,unknown_313
UNKNOWN_ROW__35829770__unknown_314,One carbon pool by folate,0.5,unknown_314
UNKNOWN_ROW__35829770__unknown_315,"Glycine, serine and threonine metabolism",1.0,unknown_315
UNKNOWN_ROW__35829770__unknown_316,Galactose metabolism,1.0,unknown_316
UNKNOWN_ROW__35829770__unknown_317,Drug metabolism - cytochrome P450,1.0,unknown_317
UNKNOWN_ROW__35829770__unknown_318,Purine metabolism,1.0,unknown_318
UNKNOWN_ROW__35829770__unknown_319,Fatty acid biosynthesis,0.5,unknown_319
UNKNOWN_ROW__35829770__unknown_320,Ascorbate and aldarate metabolism,0.5,unknown_320
UNKNOWN_ROW__35829770__unknown_321,Tyrosine metabolism,1.0,unknown_321
UNKNOWN_ROW__35829770__unknown_322,Glycerophospholipid metabolism,0.33333333333333337,unknown_322
UNKNOWN_ROW__35829770__unknown_323,,,unknown_323
UNKNOWN_ROW__35829770__unknown_324,"Valine, leucine and isoleucine biosynthesis",0.5,unknown_324
UNKNOWN_ROW__35829770__unknown_325,,,unknown_325
UNKNOWN_ROW__35829770__unknown_326,Citrate cycle (TCA cycle),1.0,unknown_326
UNKNOWN_ROW__35829770__unknown_327,Pentose phosphate pathway,0.5,unknown_327
UNKNOWN_ROW__35829770__unknown_328,Arginine and proline metabolism,0.3333333333333333,unknown_328
UNKNOWN_ROW__35829770__unknown_329,,,unknown_329
UNKNOWN_ROW__35829770__unknown_330,"Valine, leucine and isoleucine biosynthesis",0.6,unknown_330
UNKNOWN_ROW__35829770__unknown_331,"Glycine, serine and threonine metabolism",1.0,unknown_331
UNKNOWN_ROW__35829770__unknown_332,"Alanine, aspartate and glutamate metabolism",1.0,unknown_332
UNKNOWN_ROW__35829770__unknown_333,One carbon pool by folate,0.5,unknown_333
UNKNOWN_ROW__35829770__unknown_334,"Valine, leucine and isoleucine biosynthesis",0.6,unknown_334
UNKNOWN_ROW__35829770__unknown_335,Caffeine metabolism,0.5,unknown_335
UNKNOWN_ROW__35829770__unknown_336,Arginine biosynthesis,1.0,unknown_336
UNKNOWN_ROW__35829770__unknown_337,Cysteine and methionine metabolism,0.5,unknown_337
UNKNOWN_ROW__35829770__unknown_338,Biosynthesis of unsaturated fatty acids,1.0,unknown_338
UNKNOWN_ROW__35829770__unknown_339,Purine metabolism,1.0,unknown_339
UNKNOWN_ROW__35829770__unknown_340,One carbon pool by folate,1.0,unknown_340
UNKNOWN_ROW__35829770__unknown_341,,,unknown_341
UNKNOWN_ROW__35829770__unknown_342,Glycerophospholipid metabolism,0.33333333333333337,unknown_342
UNKNOWN_ROW__35829770__unknown_343,Glycerophospholipid metabolism,0.5,unknown_343
UNKNOWN_ROW__35829770__unknown_344,,,unknown_344
UNKNOWN_ROW__35829770__unknown_345,,,unknown_345
UNKNOWN_ROW__35829770__unknown_346,Sphingolipid metabolism,1.0,unknown_346
UNKNOWN_ROW__35829770__unknown_347,"Alanine, aspartate and glutamate metabolism",1.0,unknown_347
UNKNOWN_ROW__35829770__unknown_348,Citrate cycle (TCA cycle),1.0,unknown_348
UNKNOWN_ROW__35829770__unknown_349,Glycerophospholipid metabolism,0.5,unknown_349
UNKNOWN_ROW__35829770__unknown_350,Glycerophospholipid metabolism,0.3333333333333333,unknown_350
UNKNOWN_ROW__35829770__unknown_351,,,unknown_351
UNKNOWN_ROW__35829770__unknown_352,,,unknown_352
UNKNOWN_ROW__35829770__unknown_353,"Valine, leucine and isoleucine biosynthesis",0.5,unknown_353
UNKNOWN_ROW__35829770__unknown_354,,,unknown_354
UNKNOWN_ROW__35829770__unknown_355,,,unknown_355
UNKNOWN_ROW__35829770__unknown_356,,,unknown_356
UNKNOWN_ROW__35829770__unknown_357,Arginine biosynthesis,0.3333333333333333,unknown_357
UNKNOWN_ROW__35829770__unknown_358,Caffeine metabolism,0.5,unknown_358
UNKNOWN_ROW__35829770__unknown_359,Biosynthesis of unsaturated fatty acids,1.0,unknown_359
UNKNOWN_ROW__35829770__unknown_360,Tyrosine metabolism,1.0,unknown_360
UNKNOWN_ROW__35829770__unknown_361,,,unknown_361
UNKNOWN_ROW__35829770__unknown_362,,,unknown_362
UNKNOWN_ROW__35829770__unknown_363,Glycerophospholipid metabolism,0.33333333333333337,unknown_363
UNKNOWN_ROW__35829770__unknown_364,,,unknown_364
UNKNOWN_ROW__35829770__unknown_365,"Valine, leucine and isoleucine biosynthesis",0.5,unknown_365
UNKNOWN_ROW__35829770__unknown_366,Linoleic acid metabolism,0.5,unknown_366
UNKNOWN_ROW__35829770__unknown_367,,,unknown_367
UNKNOWN_ROW__35829770__unknown_368,Amino sugar and nucleotide sugar metabolism,0.3333333333333333,unknown_368
UNKNOWN_ROW__35829770__unknown_369,Fatty acid degradation,0.5,unknown_369
UNKNOWN_ROW__35829770__unknown_370,,,unknown_370
UNKNOWN_ROW__35829770__unknown_371,Arginine biosynthesis,0.3333333333333333,unknown_371
UNKNOWN_ROW__35829770__unknown_372,"Valine, leucine and isoleucine biosynthesis",0.6,unknown_372
UNKNOWN_ROW__35829770__unknown_373,Glycerophospholipid metabolism,0.5,unknown_373
UNKNOWN_ROW__35829770__unknown_374,Glycerophospholipid metabolism,0.5,unknown_374
UNKNOWN_ROW__35829770__unknown_375,Glycerophospholipid metabolism,0.3333333333333333,unknown_375
UNKNOWN_ROW__35829770__unknown_376,Caffeine metabolism,0.5,unknown_376
UNKNOWN_ROW__35829770__unknown_377,Glycerophospholipid metabolism,0.5,unknown_377
UNKNOWN_ROW__35829770__unknown_378,,,unknown_378
UNKNOWN_ROW__35829770__unknown_379,,,unknown_379
UNKNOWN_ROW__35829770__unknown_380,Glycerophospholipid metabolism,0.33333333333333337,unknown_380
UNKNOWN_ROW__35829770__unknown_381,Linoleic acid metabolism,1.0,unknown_381
UNKNOWN_ROW__35829770__unknown_382,Arginine biosynthesis,0.3333333333333333,unknown_382
UNKNOWN_ROW__35829770__unknown_383,Arginine and proline metabolism,0.3333333333333333,unknown_383
UNKNOWN_ROW__35829770__unknown_384,Arginine and proline metabolism,0.3333333333333333,unknown_384
UNKNOWN_ROW__35829770__unknown_385,,,unknown_385
UNKNOWN_ROW__35829770__unknown_386,"Glycine, serine and threonine metabolism",0.75,unknown_386
UNKNOWN_ROW__35829770__unknown_387,Glyoxylate and dicarboxylate metabolism,1.0,unknown_387
UNKNOWN_ROW__35829770__unknown_388,Drug metabolism - cytochrome P450,1.0,unknown_388
UNKNOWN_ROW__35829770__unknown_389,,,unknown_389
UNKNOWN_ROW__35829770__unknown_390,Sphingolipid metabolism,1.0,unknown_390
UNKNOWN_ROW__35829770__unknown_391,Sphingolipid metabolism,1.0,unknown_391
UNKNOWN_ROW__35829770__unknown_392,Linoleic acid metabolism,1.0,unknown_392
UNKNOWN_ROW__35829770__unknown_393,"Valine, leucine and isoleucine biosynthesis",1.0,unknown_393
UNKNOWN_ROW__35829770__unknown_394,Arginine and proline metabolism,0.5,unknown_394
UNKNOWN_ROW__35829770__unknown_395,,,unknown_395
UNKNOWN_ROW__35829770__unknown_396,Citrate cycle (TCA cycle),1.0,unknown_396
UNKNOWN_ROW__35829770__unknown_397,Sphingolipid metabolism,1.0,unknown_397
UNKNOWN_ROW__35829770__unknown_398,Glycerophospholipid metabolism,0.3333333333333333,unknown_398
UNKNOWN_ROW__35829770__unknown_399,Linoleic acid metabolism,0.5,unknown_399
UNKNOWN_ROW__35829770__unknown_400,Arginine and proline metabolism,0.5,unknown_400
UNKNOWN_ROW__35829770__unknown_401,Arginine biosynthesis,0.5,unknown_401
UNKNOWN_ROW__35829770__unknown_402,"Valine, leucine and isoleucine biosynthesis",0.5,unknown_402
UNKNOWN_ROW__35829770__unknown_403,,,unknown_403
UNKNOWN_ROW__35829770__unknown_404,,,unknown_404
UNKNOWN_ROW__35829770__unknown_405,Arginine and proline metabolism,0.3333333333333333,unknown_405
UNKNOWN_ROW__35829770__unknown_406,,,unknown_406
UNKNOWN_ROW__35829770__unknown_407,Biosynthesis of unsaturated fatty acids,0.5,unknown_407
UNKNOWN_ROW__35829770__unknown_408,Caffeine metabolism,0.5,unknown_408
UNKNOWN_ROW__35829770__unknown_409,Arginine biosynthesis,0.3333333333333333,unknown_409
UNKNOWN_ROW__35829770__unknown_410,Sphingolipid metabolism,1.0,unknown_410
UNKNOWN_ROW__35829770__unknown_411,Arginine biosynthesis,0.5,unknown_411
UNKNOWN_ROW__35829770__unknown_412,,,unknown_412
UNKNOWN_ROW__35829770__unknown_413,One carbon pool by folate,0.5,unknown_413
UNKNOWN_ROW__35829770__unknown_414,,,unknown_414
UNKNOWN_ROW__35829770__unknown_415,,,unknown_415
UNKNOWN_ROW__35829770__unknown_416,"Valine, leucine and isoleucine biosynthesis",1.0,unknown_416
UNKNOWN_ROW__35829770__unknown_417,,,unknown_417
UNKNOWN_ROW__35829770__unknown_418,,,unknown_418
UNKNOWN_ROW__35829770__unknown_419,Linoleic acid metabolism,1.0,unknown_419
UNKNOWN_ROW__35829770__unknown_420,,,unknown_420
UNKNOWN_ROW__35829770__unknown_421,Linoleic acid metabolism,0.5,unknown_421
UNKNOWN_ROW__35829770__unknown_422,Linoleic acid metabolism,1.0,unknown_422
UNKNOWN_ROW__35829770__unknown_423,Galactose metabolism,0.5,unknown_423
UNKNOWN_ROW__35829770__unknown_424,,,unknown_424
UNKNOWN_ROW__35829770__unknown_425,Sphingolipid metabolism,1.0,unknown_425
UNKNOWN_ROW__35829770__unknown_426,,,unknown_426
UNKNOWN_ROW__35829770__unknown_427,Arginine biosynthesis,0.5,unknown_427
UNKNOWN_ROW__35829770__unknown_428,,,unknown_428
UNKNOWN_ROW__35829770__unknown_429,,,unknown_429
UNKNOWN_ROW__35829770__unknown_430,Linoleic acid metabolism,0.5,unknown_430
UNKNOWN_ROW__35829770__unknown_431,,,unknown_431
UNKNOWN_ROW__35829770__unknown_432,Arginine and proline metabolism,0.5,unknown_432
UNKNOWN_ROW__35829770__unknown_433,Glycerophospholipid metabolism,1.0,unknown_433
UNKNOWN_ROW__35829770__unknown_434,"Phenylalanine, tyrosine and tryptophan biosynthesis",0.5,unknown_434
UNKNOWN_ROW__35829770__unknown_435,,,unknown_435
UNKNOWN_ROW__35829770__unknown_436,Sphingolipid metabolism,0.6666666666666666,unknown_436
UNKNOWN_ROW__35829770__unknown_437,,,unknown_437
UNKNOWN_ROW__35829770__unknown_438,Arginine and proline metabolism,0.33333333333333337,unknown_438
UNKNOWN_ROW__35829770__unknown_439,Biosynthesis of unsaturated fatty acids,1.0,unknown_439
UNKNOWN_ROW__35829770__unknown_440,,,unknown_440
UNKNOWN_ROW__35829770__unknown_441,Ascorbate and aldarate metabolism,0.5,unknown_441
UNKNOWN_ROW__35829770__unknown_442,One carbon pool by folate,0.5,unknown_442
UNKNOWN_ROW__35829770__unknown_443,,,unknown_443
UNKNOWN_ROW__35829770__unknown_444,Lysine degradation,0.5,unknown_444
UNKNOWN_ROW__35829770__unknown_445,,,unknown_445
UNKNOWN_ROW__35829770__unknown_446,Primary bile acid biosynthesis,0.5,unknown_446
UNKNOWN_ROW__35829770__unknown_447,Drug metabolism - cytochrome P450,1.0,unknown_447
UNKNOWN_ROW__35829770__unknown_448,Biosynthesis of unsaturated fatty acids,0.5,unknown_448
UNKNOWN_ROW__35829770__unknown_449,,,unknown_449
UNKNOWN_ROW__35829770__unknown_450,Glycerophospholipid metabolism,0.3333333333333333,unknown_450
UNKNOWN_ROW__35829770__unknown_451,Purine metabolism,1.0,unknown_451
UNKNOWN_ROW__35829770__unknown_452,,,unknown_452
UNKNOWN_ROW__35829770__unknown_453,Sphingolipid metabolism,0.6666666666666666,unknown_453
UNKNOWN_ROW__35829770__unknown_454,,,unknown_454
UNKNOWN_ROW__35829770__unknown_455,Amino sugar and nucleotide sugar metabolism,0.3333333333333333,unknown_455
UNKNOWN_ROW__35829770__unknown_456,,,unknown_456
UNKNOWN_ROW__35829770__unknown_457,Glycerophospholipid metabolism,0.5,unknown_457
UNKNOWN_ROW__35829770__unknown_458,Sphingolipid metabolism,1.0,unknown_458
UNKNOWN_ROW__35829770__unknown_459,,,unknown_459
UNKNOWN_ROW__35829770__unknown_460,,,unknown_460
UNKNOWN_ROW__35829770__unknown_461,Glycerophospholipid metabolism,0.5,unknown_461
UNKNOWN_ROW__35829770__unknown_462,One carbon pool by folate,1.0,unknown_462
UNKNOWN_ROW__35829770__unknown_463,Amino sugar and nucleotide sugar metabolism,0.3333333333333333,unknown_463
