entity_id,canonical_metabolite,predicted_primary_pathway,confidence,has_fingerprint,has_study,has_adduct,has_platform,has_mz,has_cross
IK_AAOVKJBEBIDNHE-UHFFFAOYSA-N,Diazepam,One carbon pool by folate,0.068662256,1,1,0,1,1,1
IK_AAWZDTNXLSGCEK-LNVDRNJUSA-N,Quinic Acid,Ascorbate and aldarate metabolism,0.32701764,1,1,0,1,1,1
IK_ABDMBNAKYBUEEX-QCLAVDOMSA-N,Ecgonine Ethyl Ester,Drug metabolism - cytochrome P450,0.054797046,1,1,0,1,1,1
IK_ABXDBVMGRKZFRC-IOSLPCCCSA-N,3'-O-Methylinosine,Sphingolipid metabolism,0.76170826,1,1,1,1,1,1
IK_ACVGWSKVRYFWRP-UHFFFAOYSA-N,Rutaecarpine,Pyrimidine metabolism,0.10625402,1,1,0,1,1,1
IK_ACXPNSWGVZLPRG-UHFFFAOYSA-N,3-Hydroxyeicosanoylcarnitine,Sphingolipid metabolism,0.3881136,1,1,1,1,1,1
IK_ADEORFBTPGKHRP-UHFFFAOYSA-N,"1H-Pyrrole-2,5-dione, 1-[7-(dimethylamino)-4-methyl-2-oxo-2H-1-benzopyran-3-yl]-",Linoleic acid metabolism,0.062181346,1,1,1,1,1,1
IK_ADFXKUOMJKEIND-UHFFFAOYSA-N,"N,N'-Dicyclohexylurea",Citrate cycle (TCA cycle),0.114185825,1,1,0,1,1,1
IK_ADHNYKZHPOEULM-BQBZGAKWSA-N,Met-Glu,Linoleic acid metabolism,0.5058198,1,1,0,1,1,1
IK_ADUKCCWBEDSMEB-NSHDSACASA-N,Prenalterol,Arginine biosynthesis,0.20128743,1,1,0,1,1,1
IK_ADVNUIUADIXWMI-OLZOCXBDSA-N,"(2-((3,5-Di-t-butyl-4-hydroxyphenyl)thio)-1-methylpropoxy)acetic acid",Sphingolipid metabolism,0.0860528,1,1,1,1,1,1
IK_AEAPORIZZWBIEX-DTBDINHYSA-N,Rostafuroxin,Steroid hormone biosynthesis,0.30771565,1,1,0,1,1,1
IK_AEESIZVTDUAOEG-MWQVBOBVSA-N,"Pentadeca-3,6,9-trienedioylcarnitine",Sphingolipid metabolism,0.90345365,1,1,0,1,1,1
IK_AEFNZGGBWOQYID-KQPZCCJBSA-N,Demethylphylloquinol,Retinol metabolism,0.13302697,1,1,0,1,1,1
IK_AEMOLEFTQBMNLQ-AQKNRBDQSA-N,D-Glucuronic Acid,Ascorbate and aldarate metabolism,0.85021156,1,1,1,1,1,1
IK_AEMOLEFTQBMNLQ-QIUUJYRFSA-N,Beta-D-Glucopyranuronic acid,Ascorbate and aldarate metabolism,0.6872279,1,1,0,1,1,1
IK_AEOYRSISBCASMX-UHFFFAOYSA-N,4-Phenylbutanoylcarnitine,Fatty acid degradation,0.30367073,1,1,0,1,1,1
IK_AEURJYQWJBBJDQ-RRSKNPHNSA-N,PC(22:1(13Z)/LTE4),Linoleic acid metabolism,0.6718525,1,1,0,1,1,1
IK_AFKRZUUZFWTBCC-WSTZPKSXSA-N,Penethamate,Sphingolipid metabolism,0.07461508,1,1,0,1,1,1
IK_AFKYRGZSSLJQQW-NOFZOIBWSA-N,SM d41:5,Glycerophospholipid metabolism,0.28144106,1,1,0,0,0,1
IK_AFSHUZFNMVJNKX-CLFAGFIQSA-N,DG 18:1_18:1,Glycerophospholipid metabolism,0.59413713,1,1,0,0,0,1
IK_AFWBWPCXSWUCLB-WDSKDSINSA-N,Pro-Ser,Glycerophospholipid metabolism,0.095057346,1,1,0,0,0,1
IK_AFWKBSMFXWNGRE-ONEGZZNKSA-N,Dehydrozingerone,Phenylalanine metabolism,0.07392567,1,1,0,1,1,1
IK_AFWVBXLXFDAISA-GPRPIQDKSA-N,Eriojaposide B,Linoleic acid metabolism,0.20409347,1,1,0,1,1,1
IK_AGBQKNBQESQNJD-SSDOTTSWSA-N,Lipoic acid,Citrate cycle (TCA cycle),0.08010541,1,1,0,0,0,1
IK_AGGWFDNPHKLBBV-YUMQZZPRSA-N,Val-Cit,Glycerophospholipid metabolism,0.19850826,1,1,0,1,1,1
IK_AGLLGVGIYDAODS-PVCMTRMKSA-N,PC 42:6,Linoleic acid metabolism,0.9924109,1,1,0,0,0,1
IK_AGMMTXLNIQSRCG-UHFFFAOYSA-N,Quinethazone,Nicotinate and nicotinamide metabolism,0.07632913,1,1,0,1,1,1
IK_AGOYDEPGAOXOCK-KCBOHYOISA-N,Clarithromycin,Riboflavin metabolism,0.16475625,1,1,0,1,1,1
IK_AGPIOXWTGKGPPK-UHFFFAOYSA-N,Cyclo(glycylleucylvalylleucylprolylseryl),Retinol metabolism,0.13266598,1,1,0,1,1,1
IK_AGPKZVBTJJNPAG-AKGZTFGVSA-N,(2S)-2-Amino-3-methylpentanoic acid,"Valine, leucine and isoleucine biosynthesis",0.9937816,1,0,0,0,1,1
IK_AGPKZVBTJJNPAG-CRCLSJGQSA-N,D-Alloisoleucine,"Valine, leucine and isoleucine biosynthesis",0.9937816,1,0,0,0,1,1
IK_AGPKZVBTJJNPAG-UHFFFAOYSA-N,(+/-)-erythro-Isoleucine,"Valine, leucine and isoleucine biosynthesis",0.9918207,1,1,0,1,1,1
IK_AGPKZVBTJJNPAG-UHNVWZDZSA-N,L-Alloisoleucine,"Valine, leucine and isoleucine biosynthesis",0.9937816,1,0,0,0,1,1
IK_AGSPXMVUFBBBMO-UHFFFAOYSA-N,Beta-Aminopropionitrile,Glycerophospholipid metabolism,0.68866605,1,1,0,1,1,1
IK_AGVRWBBFKKEVAX-QIEOIKHQSA-N,LysoPI(0:0/18:0),Glycerophospholipid metabolism,0.28126702,1,1,0,1,1,1
IK_AHANXAKGNAKFSK-PDBXOOCHSA-N,Dihomo-alpha-linolenic acid,Sphingolipid metabolism,0.41191593,1,1,0,1,1,1
IK_AHJCDQGRYVBQQZ-NSCUHMNNSA-N,Methoxymalic acid,Cysteine and methionine metabolism,0.15283307,1,1,0,1,1,1
IK_AHLPHDHHMVZTML-UHFFFAOYSA-N,Ornithine,D-Amino acid metabolism,0.7281175,1,1,0,1,1,1
IK_AHTAWKLQNJKVCN-UHFFFAOYSA-N,4-Oxooctanoylcarnitine,Fatty acid degradation,0.3252754,1,1,1,1,1,1
IK_AIQDYKMWENWVQJ-QIUUJYRFSA-K,Alpha-D-glucuronate 1-phosphate,Ascorbate and aldarate metabolism,0.681867,1,1,0,1,1,1
IK_AIUFHSHETJXZFR-ATCSHJOVSA-N,"DG(18:3(9,11,15)-OH(13)/i-15:0/0:0)",Linoleic acid metabolism,0.2181818,1,1,0,1,1,1
IK_AJBBHZDIKZCZAI-UHFFFAOYSA-N,"8,11-eicosadiynoic acid",Vitamin B6 metabolism,0.16689777,1,1,0,1,1,1
IK_AJMZUFBKADIAKC-SKTOPKGQSA-N,"DG(18:0/18:2(9Z,12Z)/0:0)",Glycerophospholipid metabolism,0.8136431,1,1,0,1,1,1
IK_AJOQSQHYDOFIOX-UHFFFAOYSA-N,Pheneturide,Drug metabolism - cytochrome P450,0.30683962,1,1,0,1,1,1
IK_AJSDVNKVGFVAQU-PRJMDXOYSA-N,Cladinose,Sphingolipid metabolism,0.08062061,1,1,0,1,1,1
IK_AJSJFDUIZFXAQY-UHFFFAOYSA-N,Malathion monocarboxylic acid,Vitamin B6 metabolism,0.15429111,1,1,0,1,1,1
IK_AJWIFVNLXHFTFD-NSCUHMNNSA-N,Methyl 7-epi-12-hydroxyjasmonate glucoside,Sphingolipid metabolism,0.28995928,1,1,0,1,1,1
IK_AKAHWGGIUSJNNM-BQBZGAKWSA-N,Gamma-glutamyl-glutamine,Citrate cycle (TCA cycle),0.19134378,1,1,0,0,0,1
IK_AKASWINDKIEEBO-ZJUUUORDSA-N,(+)-Rotundifolone,Drug metabolism - cytochrome P450,0.20452896,1,1,1,1,1,1
IK_AKUHMVHZLHMOIV-MMRRFZAGSA-N,DGTS(4:0/22:6),Glycerophospholipid metabolism,0.6618328,1,1,0,0,0,1
IK_AKUJBENLRBOFTD-RPRRAYFGSA-N,Dexamethasone acetate,Linoleic acid metabolism,0.278975,1,1,0,1,1,1
IK_ALPFACMJGXQCHP-TUUIQCBBSA-N,DG(PGD2/0:0/18:0),Sphingolipid metabolism,0.6908891,1,1,0,1,1,1
IK_ALTAAUJNHYWOGS-UHFFFAOYSA-N,Trans-4-Hydroxycyclohexylacetic acid,D-Amino acid metabolism,0.09072722,1,1,0,1,1,1
IK_ALYNCZNDIQEVRV-UHFFFAOYSA-N,p-Aminobenzoic acid,Phenylalanine metabolism,0.0768353,1,1,0,0,0,1
IK_AMDPNECWKZZEBQ-UHFFFAOYSA-N,"5,5-Diphenyl-2-thiohydantoin",Linoleic acid metabolism,0.09324523,1,1,1,1,1,1
IK_AMPNNTLXPJCDJF-UHFFFAOYSA-N,Ethylenediaminetetraaceticacid,Histidine metabolism,0.09118697,1,1,0,1,1,1
IK_AMTPYFGPPVFBBI-UHFFFAOYSA-N,Acedapsone,Linoleic acid metabolism,0.58442014,1,1,0,1,1,1
IK_AMVYOVYGIJXTQB-UHFFFAOYSA-N,Difenoxuron (4 other possible),Glycerophospholipid metabolism,0.06487523,1,1,0,1,1,1
IK_AMXYRHBJZOVHOL-UHFFFAOYSA-N,"2,6-Nonadien-1-ol",One carbon pool by folate,0.12937304,1,1,1,1,1,1
IK_ANDIJCDJHMZLND-DAWNVERKSA-N,PE O-17:1_18:2,Glycerophospholipid metabolism,0.40413973,1,1,0,0,0,1
IK_ANGCIHCSPJLGME-UHFFFAOYSA-N,Physalolactone B,Steroid hormone biosynthesis,0.2732739,1,1,0,1,1,1
IK_ANKFOZDLPDQNEO-UHFFFAOYSA-N,N-Myristoyl Arginine,Linoleic acid metabolism,0.2371012,1,1,0,1,1,1
IK_ANKFPIBCTISOBX-UHFFFAOYSA-N,Petasalbin,Sphingolipid metabolism,0.10886858,1,1,0,1,1,1
IK_ANQQVTWQIBPDKQ-UHFFFAOYSA-N,11-Oxohexadecanoic acid,Sphingolipid metabolism,0.6024824,1,1,1,1,1,1
IK_ANVLMUZOIWITMQ-UHFFFAOYSA-N,"3-[(1R,2R,3S)-3-Carboxy-1,2,3-trihydroxypropyl]dioxirane-3-carboxylic acid",Ascorbate and aldarate metabolism,0.25221157,1,1,1,1,1,0
IK_AOCBVTCNGCHPPQ-UHFFFAOYSA-N,4-Amino-3-hydroxybutanoylcarnitine,Sphingolipid metabolism,0.31831318,1,1,1,1,1,1
IK_AOHCBEAZXHZMOR-UHFFFAOYSA-N,Hypaphorine,Pyrimidine metabolism,0.13047516,1,0,0,0,1,1
IK_AOHCBEAZXHZMOR-ZDUSSCGKSA-N,Lenticin,Pyrimidine metabolism,0.12884952,1,1,0,1,1,1
IK_AOMXURITGZJPKB-ZETCQYMHSA-N,N-OMEGA-PROPYL-L-ARGININE,D-Amino acid metabolism,0.25984755,1,1,0,1,1,1
IK_AOPMSFXOYJXDNJ-IRFSQMTFSA-N,Plumieride,Riboflavin metabolism,0.09949991,1,1,0,1,1,1
IK_AOQMRUTZEYVDIL-UHFFFAOYSA-N,Flupoxam,Linoleic acid metabolism,0.17576523,1,1,0,1,1,1
IK_AORCXYMSPVAQIZ-UHFFFAOYSA-N,"1,4-Ipomeadiol",One carbon pool by folate,0.06973706,1,1,1,1,1,1
IK_AOXITOVWUAKZHT-CCKFTAQKSA-N,Glycyl Phenylalanine,Linoleic acid metabolism,0.25427538,1,1,0,1,1,1
IK_APOJPGQGVODAOE-AUPUWKESSA-N,PE(PGJ2/20:0),Linoleic acid metabolism,0.6935744,1,1,0,1,1,1
IK_APZFKAJBLBCEFG-YIAAKVKQSA-N,"MG(0:0/20:3(6,8,11)-OH(5)/0:0)",Linoleic acid metabolism,0.18723422,1,1,0,1,1,1
IK_AQAKHZVPOOGUCK-XPUUQOCRSA-N,Gamma-Glutamylvaline,Lysine degradation,0.33788866,1,1,0,1,1,1
IK_AQHHHDLHHXJYJD-AWEZNQCLSA-N,(2S)-1-naphthalen-1-yloxy-3-(propan-2-ylamino)propan-2-ol,Ascorbate and aldarate metabolism,0.079192646,1,0,0,0,1,1
IK_AQHHHDLHHXJYJD-UHFFFAOYSA-N,Propranolol,Ascorbate and aldarate metabolism,0.079192646,1,0,0,0,1,1
IK_AQPJRTNUBAWORL-RXMQYKEDSA-N,2-Hydroxy-L-methionine,"Valine, leucine and isoleucine biosynthesis",0.354618,1,1,1,1,1,1
IK_AQTYXAPIHMXAAV-UHFFFAOYSA-N,2-methoxyphenol sulfate,Caffeine metabolism,0.22879489,1,1,1,1,1,1
IK_AQZMUAMGLNHYRT-SESCJMQFSA-N,"PE-NMe2(15:0/20:2(11Z,14Z))",Ether lipid metabolism,0.34817368,1,1,0,1,1,1
IK_ARFRZOLTIRQFCI-NGQYDJQZSA-N,8-O-Acetyl shanzhiside methyl ester,Retinol metabolism,0.07639608,1,1,0,1,1,1
IK_ARJPPNFIEQKVBB-UHFFFAOYSA-N,Acetamidopropanal,Arginine and proline metabolism,0.5504416,1,1,0,1,1,1
IK_ARSJQOAYGVNWEK-MLCWLASSSA-N,N-Ethyl trans-2-cis-6-nonadienamide,Fatty acid degradation,0.09188118,1,1,0,1,1,1
IK_ASBJGPTTYPEMLP-UWTATZPHSA-N,3-Chloro-D-alanine,One carbon pool by folate,0.061928816,1,1,1,1,1,0
IK_ASJJOPLGTKDUEX-UWDAMKIQSA-N,TG 18:1_18:1_19:1,Linoleic acid metabolism,0.5186024,1,1,0,0,0,1
IK_ASMYXLDPYBVDFS-UHFFFAOYSA-N,Apigenin 7-arabinoside,Retinol metabolism,0.061121363,1,1,0,1,1,1
IK_ASPCIAWQVXVATP-VWXYMJEFSA-N,Lucidenic acid E2,Glycerophospholipid metabolism,0.9856851,1,1,0,1,1,1
IK_ASSAYFMXRNLTCY-UHFFFAOYSA-N,22-Acetylpriverogenin B,Linoleic acid metabolism,0.18160768,1,1,1,1,1,0
IK_ASTGQNDACGZVKX-WVILEFPPSA-N,SM d37:1,Linoleic acid metabolism,0.96617395,1,1,0,0,0,1
IK_ASWBNKHCZGQVJV-QHCPKHFHSA-N,LPC 16:0,Glycerophospholipid metabolism,0.53581667,1,1,0,0,0,1
IK_ASWBNKHCZGQVJV-UHFFFAOYSA-N,1-Palmitoylphosphatidylcholine,Glycerophospholipid metabolism,0.5822428,1,1,1,1,1,1
IK_ATFNSNUJZOYXFC-RQJHMYQMSA-N,Terreic acid,Ascorbate and aldarate metabolism,0.10655125,1,1,0,1,1,1
IK_ATIPDCIQTUXABX-UWVGGRQHSA-N,Lysylleucine,Linoleic acid metabolism,0.6752851,1,1,0,1,1,1
IK_ATMSEJBABXCWDW-UHFFFAOYSA-N,3-hydroxypentadecanoic acid,Arachidonic acid metabolism,0.13106984,1,1,1,1,1,1
IK_ATNNLHXCRAAGJS-QZQOTICOSA-N,C22:1 ceramide,Arachidonic acid metabolism,0.39376038,1,1,0,0,0,1
IK_ATRNZOYKSNPPBF-UHFFFAOYSA-N,beta-Hydroxymyristic acid,Fatty acid biosynthesis,0.1303415,1,1,0,0,0,1
IK_ATROHALUCMTWTB-UHFFFAOYSA-N,Phoxim,Linoleic acid metabolism,0.0776467,1,1,0,1,1,1
IK_ATTZFSUZZUNHBP-UHFFFAOYSA-N,Piperonyl sulfoxide,Vitamin B6 metabolism,0.050653417,1,1,0,1,1,1
IK_ATXHVCQZZJYMCF-XUDSTZEESA-N,Allylestrenol,Linoleic acid metabolism,0.14992133,1,1,0,1,1,1
IK_AUDMGMSPKITTQO-DEKGSFKZSA-N,"Cer(d16:1/20:4(6E,8Z,11Z,13E)-2OH(5S,15S))",Glycerophospholipid metabolism,0.7348923,1,1,0,1,1,1
IK_AUGHPTXZMAWCOH-XGKJNDTMSA-N,"PA(15:0/22:2(13Z,16Z))",Glycerophospholipid metabolism,0.93440604,1,1,0,1,1,1
IK_AUMXJZBVBBGETK-JAFZKPNWSA-N,Plastoquinone 3,Vitamin B6 metabolism,0.122473344,1,1,0,0,0,1
IK_AURCBSWGPREGRQ-AQNFZCBMSA-M,C20:0 galactosylceramide,Sphingolipid metabolism,0.993258,1,1,0,0,0,1
IK_AURFZBICLPNKBZ-FZCSVUEKSA-N,Alloepipregnanolone,Steroid hormone biosynthesis,0.9079048,1,1,0,1,1,1
IK_AUVVAXYIELKVAI-CKBKHPSWSA-N,Emetine,Steroid biosynthesis,0.0901598,1,1,0,1,1,1
IK_AVFORCKFTWHFAR-ZSIFGTMLSA-N,8'-hydroxyabscisate,Retinol metabolism,0.06547783,1,1,0,1,1,1
IK_AVFZOVWCLRSYKC-UHFFFAOYSA-N,1-Methylpyrrolidine,Glycerophospholipid metabolism,0.18149756,1,1,1,1,1,1
IK_AVGPOAXYRRIZMM-BYPYZUCNSA-N,D-Apiose,Caffeine metabolism,0.10777363,1,1,0,1,1,1
IK_AVTUTJYTKKMVGB-BGXVWEPQSA-O,Pinotin A,Riboflavin metabolism,0.15163791,1,1,0,1,1,1
IK_AWDRATDZQPNJFN-VAYUFCLWSA-N,Taurodeoxycholic acid,Primary bile acid biosynthesis,0.82672817,1,1,0,1,1,1
IK_AWJUIBRHMBBTKR-UHFFFAOYSA-N,Isoquinoline,Nicotinate and nicotinamide metabolism,0.16832244,1,0,0,0,1,1
IK_AWLYBJONQDYQAK-QTJNYWJXSA-N,Norchalciporyl propionate,Steroid biosynthesis,0.08408645,1,1,0,1,1,1
IK_AWNFWGNFOOJDNO-PTNGSMBKSA-N,Alpha-Amylcinnamyl formate,Linoleic acid metabolism,0.20127007,1,1,0,1,1,1
IK_AXCLECQLCBWNLZ-DZELQHPSSA-N,PC O-16:1_18:2,Glycerophospholipid metabolism,0.4368204,1,1,0,0,0,1
IK_AXCLECQLCBWNLZ-KZZBVOOISA-N,PC(O-16:1),Glycerophospholipid metabolism,0.4109225,1,1,0,1,1,1
IK_AXLAMFZYXNDEGQ-MLWYYCKJSA-N,"PE-NMe(20:2(11Z,14Z)/20:0)","Alanine, aspartate and glutamate metabolism",0.34149215,1,1,0,1,1,1
IK_AXQACEQYCPKDMV-RZAWKFBISA-N,Naldemedine,Linoleic acid metabolism,0.30062076,1,1,0,1,1,1
IK_AXRIHSJZHOTGAE-ATZCPNFKSA-N,Senkyunolide N,Drug metabolism - cytochrome P450,0.11444057,1,1,0,1,1,1
IK_AYFVYJQAPQTCCC-HRFVKAFMSA-N,L-Allothreonine,"Valine, leucine and isoleucine biosynthesis",0.99522877,1,1,0,1,1,1
IK_AYHSDYHVIFMJHB-NFPJMEHBSA-N,"PE-NMe(22:5(4Z,7Z,10Z,13Z,16Z)/18:2(9Z,12Z))","Alanine, aspartate and glutamate metabolism",0.30207178,1,1,0,1,1,1
IK_AYIZHKDZYOSOGY-IUCAKERBSA-N,Histidylmethionine,Starch and sucrose metabolism,0.2693419,1,1,0,1,1,1
IK_AYJXHIDNNLJQDT-UHFFFAOYSA-N,"2,6,6-Trimethyl-2-cyclohexene-1,4-dione",Glycerophospholipid metabolism,0.5144541,1,1,1,1,1,1
IK_AYKQJQVWUYEZNU-UHFFFAOYSA-N,Cysteinyl-Asparagine,Linoleic acid metabolism,0.6759181,1,1,0,1,1,1
IK_AYSGOPOJGPEGSU-UHFFFAOYSA-N,"(5alpha,6beta,14alpha,20R,22R)-5,6,14,20,27-Pentahydroxy-1-oxowith-24-enolide",Primary bile acid biosynthesis,0.532213,1,1,1,1,1,1
IK_AZKVWQKMDGGDSV-BCMRRPTOSA-N,Genipin,Vitamin B6 metabolism,0.058270123,1,1,0,1,1,1
IK_AZYMCYXTLDIFNX-IRSOEJBUSA-N,"SM(d19:1/20:3(8Z,11Z,14Z)-2OH(5,6))",Sphingolipid metabolism,0.50858766,1,1,0,1,1,1
IK_BABSZGMYWGFHOB-UHFFFAOYSA-N,TG 15:0_16:0_18:0,Linoleic acid metabolism,0.60187894,1,1,0,0,0,1
IK_BAGQGBPETWVHAA-BHYOAKPMSA-N,PS 16:0_22:4,Glycerophospholipid metabolism,0.7081099,1,1,0,0,0,1
IK_BAQAVOSOZGMPRM-QBMZZYIRSA-N,Sucralose,Porphyrin metabolism,0.3254753,1,1,0,1,1,1
IK_BATTZJIKLZSIAU-UHFFFAOYSA-N,Dukunolide A,Linoleic acid metabolism,0.33593354,1,1,0,1,1,1
IK_BAVYZALUXZFZLV-UHFFFAOYSA-N,Methylamine,"Alanine, aspartate and glutamate metabolism",0.484711,1,1,0,1,1,1
IK_BAWAZBRKENFJED-LTKCOYKYSA-N,LPI 20:4,Ether lipid metabolism,0.29025742,1,1,0,0,0,1
IK_BAZVSMNPJJMILC-STQMWFEESA-N,TG 46:4 Isomer A,Linoleic acid metabolism,0.069163725,1,1,0,0,0,1
IK_BBIXOODYWPFNDT-CIUDSAMLSA-N,Isoleucylproline,"Alanine, aspartate and glutamate metabolism",0.13464637,1,1,0,1,1,1
IK_BBJIPMIXTXKYLZ-UHFFFAOYSA-N,3-Aminopentanedioic Acid,Cysteine and methionine metabolism,0.4050822,1,1,1,1,1,0
IK_BBTRJIPCRXSCEB-TXICZTDVSA-N,isoribose,Starch and sucrose metabolism,0.22980691,1,1,0,0,0,1
IK_BBYWOYAFBUOUFP-JOCHJYFZSA-N,PE(18:0/0:0),Glycerophospholipid metabolism,0.8109029,1,1,0,1,1,1
IK_BBZCPUCZKLTAJQ-UHFFFAOYSA-N,3-Methyloxindole,Arginine biosynthesis,0.13521954,1,1,1,1,1,1
IK_BCCRXDTUTZHDEU-VKHMYHEASA-N,Gly-Ser-OH,Glycerophospholipid metabolism,0.86626905,1,1,0,1,0,1
IK_BCIWKKMTBRYQJU-UHFFFAOYSA-N,(S)-[8]-Gingerol,Arginine biosynthesis,0.09123328,1,1,1,1,1,1
IK_BCNUXXXHEIUHJB-UHFFFAOYSA-N,3-Methylene-indolenine,Arginine biosynthesis,0.23929779,1,1,1,1,1,1
IK_BCPDBSZPXWSVHR-BAIOGQDRSA-N,Acetyl-pepstatin,Retinol metabolism,0.10629498,1,1,0,1,1,1
IK_BCPQOBQIVJZOFL-UHFFFAOYSA-N,Recoflavone,Ether lipid metabolism,0.06954499,1,1,0,1,1,1
IK_BCPSFKBPHHBDAI-LURJTMIESA-N,N-Acetyl-L-glutamate 5-semialdehyde,"Alanine, aspartate and glutamate metabolism",0.50437516,1,1,0,1,1,1
IK_BCQTVJKBTWGHCX-UHFFFAOYSA-N,Pilsicainide,Fatty acid degradation,0.07189871,1,1,0,1,1,1
IK_BCTXZWCPBLWCRV-ZYADFMMDSA-N,"16(17)-epoxy-4Z,7Z,10Z,13Z,19Z-docosapentaenoic acid",Fatty acid biosynthesis,0.113005,1,1,0,0,0,1
IK_BCWKUTNUIRMUPD-XMRVQXCHSA-N,TG 12:0_12:0_18:3,Linoleic acid metabolism,0.49821872,1,1,0,0,0,1
IK_BCXBIONYYJCSDF-CIUDSAMLSA-N,Isoleucyl-Valine,Sphingolipid metabolism,0.3697138,1,1,0,1,1,1
IK_BDCFJMBXZCIVRH-CGRWFSSPSA-N,1-lyso-2-arachidonoyl-phosphatidate (LPA),Glycerophospholipid metabolism,0.8094746,1,1,0,1,1,1
IK_BDENGJXHUIIQRH-IQAJSEAWSA-N,Torvoside G,Retinol metabolism,0.18894537,1,1,0,1,1,1
IK_BDHRPSJHSJIYMM-XGRKIXBHSA-N,"PS(18:3(9,11,15)-OH(13)/22:1(13Z))",Linoleic acid metabolism,0.5042824,1,1,0,1,1,1
IK_BDIAUFOIMFAIPU-KVJIRVJXSA-N,Valtrate,Arachidonic acid metabolism,0.13495374,1,1,0,1,1,1
IK_BDJRBEYXGGNYIS-UHFFFAOYSA-N,Azelaic Acid,Sphingolipid metabolism,0.29798916,1,1,0,1,1,1
IK_BDMFLHDYGLOXPR-UDJAPEQQSA-N,PE 38:2e,Glycerophospholipid metabolism,0.42719626,1,1,0,0,0,1
IK_BDQNKCYCTYYMAA-UHFFFAOYSA-N,1-Naphthyl isocyanate,Porphyrin metabolism,0.538885,1,1,1,1,1,1
IK_BDTIGNGBIBFXSE-UHFFFAOYSA-N,2-(4-Nitrobenzylidene)malononitrile,Drug metabolism - cytochrome P450,0.30791548,1,1,1,1,1,1
IK_BEJNERDRQOWKJM-UHFFFAOYSA-N,Kojic acid,Citrate cycle (TCA cycle),0.17950146,1,1,0,1,1,1
IK_BELPJCDYWUCHKF-AATRIKPKSA-N,(E)-acetyloxymethylimino-methyl-oxidoazanium,One carbon pool by folate,0.108997814,1,0,0,0,1,1
IK_BEQZHFIKTBVCAU-UHFFFAOYSA-N,Norketamine,Linoleic acid metabolism,0.20414934,1,1,0,1,1,1
IK_BFBJRMADQFCOCV-UHFFFAOYSA-N,3-Butyl-1-(hydroxymethyl)-1-(4-methylphenyl)sulfonylurea,Arginine biosynthesis,0.13793054,1,1,1,1,1,1
IK_BFWYTORDSFIVKP-USWFWKISSA-N,15-HPETE,Arachidonic acid metabolism,0.3520083,1,1,1,1,1,1
IK_BFYYUELWUKXHLB-UHFFFAOYSA-N,(2S)-2-Amino-4-sulfanylbutanal,One carbon pool by folate,0.21440427,1,1,1,1,1,1
IK_BFZKMNSQCNVFGM-UCEYFQQTSA-N,Sagopilone,Linoleic acid metabolism,0.1113119,1,1,0,1,1,1
IK_BGJPRBZZLWCLJW-AWCRTANDSA-N,"N,N-Diallyl-tyrosyl-alpha-aminoisobutyric acid-phenylalanyl-leucine",Linoleic acid metabolism,0.43335953,1,1,0,1,1,1
IK_BGKHCLZFGPIKKU-LDDQNKHRSA-N,PGA1,Vitamin B6 metabolism,0.09783138,1,1,0,1,1,1
IK_BGSCNPOVJFBBAQ-UHFFFAOYSA-N,"1-[(2R,3R,4S,5R)-3,4-Dihydroxy-5-(hydroxymethyl)oxolan-2-yl]oxypyrimidin-2-one",Starch and sucrose metabolism,0.19917037,1,1,1,1,1,1
IK_BGSZAXLLHYERSY-XQIGCQGXSA-N,Vecuronium,Linoleic acid metabolism,0.65710557,1,1,0,1,1,1
IK_BHATUINFZWUDIX-UHFFFAOYSA-N,"N-Tetradecyl-N,N-dimethyl-3-ammonio-1-propanesulfonate",Linoleic acid metabolism,0.94273335,1,1,0,1,1,1
IK_BHMYRYNHHQYGTN-UHFFFAOYSA-N,Stenocereol,Linoleic acid metabolism,0.19995584,1,1,0,1,1,1
IK_BHNHHSOHWZKFOX-UHFFFAOYSA-N,2-Methylindole,"Phenylalanine, tyrosine and tryptophan biosynthesis",0.20963874,1,0,0,0,1,1
IK_BHPXBBXWEPCSOK-RMKNXTFCSA-N,"Glucosyl (E)-2,6-Dimethyl-2,5-heptadienoate",Vitamin B6 metabolism,0.072827235,1,1,0,1,1,1
IK_BHQCQFFYRZLCQQ-PGHAKIONSA-N,Allocholic acid,Primary bile acid biosynthesis,0.99624866,1,1,0,1,1,1
IK_BHQCQFFYRZLCQQ-UMZBRFQRSA-N,Bile acid,Primary bile acid biosynthesis,0.9963356,1,1,0,1,1,1
IK_BHWXBRBFQBOUAF-UHFFFAOYSA-N,Deoxycholylproline,Primary bile acid biosynthesis,0.8301183,1,1,0,1,1,1
IK_BIDUPMYXGFNAEJ-APGVDKLISA-N,Astromicin,Sphingolipid metabolism,0.06601259,1,1,0,1,1,1
IK_BIEOSECQPGGZMF-WMPRHZDHSA-N,LPC 22:5,Glycerophospholipid metabolism,0.81213915,1,1,0,0,0,1
IK_BISIFJGUTDFVFR-UHFFFAOYSA-N,"9-Amino-1,2,3,4-tetrahydroacridin-4-ol",Galactose metabolism,0.06617641,1,1,0,1,1,1
IK_BITHHVVYSMSWAG-KTKRTIGZSA-N,FFAD 20:1,Biosynthesis of unsaturated fatty acids,0.67220366,1,1,0,1,1,1
IK_BIUULCNWWFDCPG-UHFFFAOYSA-N,Coixinden B,Citrate cycle (TCA cycle),0.046344627,1,1,0,1,1,1
IK_BIXJFIJYBLJTMK-ZUZCIYMTSA-N,Isolysergol,Glycerophospholipid metabolism,0.5196563,1,1,1,1,1,1
IK_BJBUEDPLEOHJGE-BKLSDQPFSA-N,3-Hydroxy-L-proline,Histidine metabolism,0.101326585,1,1,1,1,1,1
IK_BJBUEDPLEOHJGE-IMJSIDKUSA-N,Trans-3-hydroxy-L-proline,D-Amino acid metabolism,0.16646577,1,1,0,1,1,1
IK_BJMQRSXLHPCXDU-OOKGOBCESA-N,"PA(18:3(10,12,15)-OH(9)/a-17:0)",Linoleic acid metabolism,0.65461326,1,1,0,1,1,1
IK_BJPPZTDOLXZUSK-FRVQLJSFSA-N,"N-[(3a,5b,7a,12a)-3,12-dihydroxy-24-oxo-7-(sulfooxy)cholan-24-yl]-Glycine",Primary bile acid biosynthesis,0.7883927,1,1,0,1,1,1
IK_BJRMBXPQAMDCMG-CMJQBAFXSA-N,20-Hydroxy-leukotriene E4,Vitamin B6 metabolism,0.14861825,1,1,1,1,1,1
IK_BJRNKVDFDLYUGJ-RMPHRYRLSA-N,Arbutin,Pentose phosphate pathway,0.09269005,1,1,0,1,1,1
IK_BJSNGVYBQJIGRT-UHFFFAOYSA-N,Theasaponin F1,Vitamin B6 metabolism,0.09583157,1,1,0,1,1,1
IK_BKASXWPLSXFART-YUMQZZPRSA-N,LL-Cyclo(leucylprolyl),Lysine degradation,0.31683633,1,1,0,1,1,1
IK_BKNQGBKAJUUPBQ-SPMSPBIZSA-N,Alongside,Vitamin B6 metabolism,0.0963408,1,1,0,1,1,1
IK_BLERHOKJGPAHCL-UHFFFAOYSA-N,15-hydroxyicosanoic acid,Linoleic acid metabolism,0.7684116,1,1,1,1,1,1
IK_BLGXFZZNTVWLAY-DKJBZYCGSA-N,Corynanthine,Vitamin B6 metabolism,0.083543405,1,1,0,1,1,1
IK_BLIGKERFCBUUQF-QZNUWAOFSA-N,TG 47:0|TG 15:0_16:0_16:0,Linoleic acid metabolism,0.60187894,1,1,0,0,0,1
IK_BLQCWBCWZFDGBW-AATRIKPKSA-N,Sonchuionoside C,Sphingolipid metabolism,0.07256295,1,1,0,1,1,1
IK_BLWYXBNNBYXPPL-YFKPBYRVSA-N,"L-Proline, methyl ester","Alanine, aspartate and glutamate metabolism",0.25451687,1,1,0,0,0,1
IK_BLZVZPYMHLXLHG-JOBMVARSSA-N,DG 36:3,Glycerophospholipid metabolism,0.8596956,1,1,0,1,1,1
IK_BMLMGCPTLHPWPY-REOHCLBHSA-N,Procysteine,Starch and sucrose metabolism,0.10922371,1,1,0,1,1,1
IK_BMOVQUBVGICXQN-UHFFFAOYSA-N,Clinofibrate,Retinol metabolism,0.106357865,1,1,0,1,1,1
IK_BMSDHYZLQWTKSQ-LSJAAEOESA-N,TG 53:4,Glycerophospholipid metabolism,0.75383055,1,1,0,0,0,1
IK_BMUFUJMVNODTAD-UHFFFAOYSA-N,4-Fluoro-2-(trifluoromethyl)phenylacetic acid,Drug metabolism - cytochrome P450,0.17119262,1,1,1,1,1,1
IK_BMVXCPBXGZKUPN-UHFFFAOYSA-N,1-Hexylamine,Arginine and proline metabolism,0.40528733,1,0,0,0,1,1
IK_BNIXVQGCZULYKV-UHFFFAOYSA-N,Pentachloroethane,Arginine and proline metabolism,0.14315994,1,1,0,1,1,1
IK_BOEPTPMIIFGHTH-YDFGWWAZSA-N,"Octa-3,5-dienedioylcarnitine",Fatty acid degradation,0.33570492,1,1,0,1,1,1
IK_BOHZCIJMIPHZKG-OANVIGDOSA-N,PC O-18:2_20:4,Linoleic acid metabolism,0.7834194,1,1,0,0,0,1
IK_BOJKULTULYSRAS-OTESTREVSA-N,Andrographolide,Linoleic acid metabolism,0.050570183,1,1,0,1,1,1
IK_BOTWFXYSPFMFNR-PYDDKJGSSA-N,Phytol,Porphyrin metabolism,0.19550084,1,1,0,1,1,1
IK_BOUXQAITXDAJSF-UHFFFAOYSA-N,Sulfasalazine B,Linoleic acid metabolism,0.17193362,1,1,0,0,0,0
IK_BOWVQLFMWHZBEF-KTKRTIGZSA-N,Oleoylethanolamide,Glycerophospholipid metabolism,0.45139104,1,1,0,1,1,1
IK_BPEXTIMJLDWDTL-UHFFFAOYSA-N,N2-acetyl-histidine,Phenylalanine metabolism,0.07857479,1,1,0,0,0,1
IK_BPHPUYQFMNQIOC-NXRLNHOXSA-N,Isopropyl-beta-D-thiogalactopyranoside,Galactose metabolism,0.2626435,1,1,0,1,1,1
IK_BPLYVSYSBPLDOA-UHFFFAOYSA-N,Cer 18:0;2O/24:0,Sphingolipid metabolism,0.4202378,1,1,0,0,0,1
IK_BPSLZWSRHTULGU-ZCFIWIBFSA-N,(R)-1-Methylpiperidine-2-carboxylic acid,Drug metabolism - cytochrome P450,0.1648299,1,1,1,1,1,1
IK_BPYKTIZUTYGOLE-KDUUSRDASA-N,"(4E,15Z)-Bilirubin",Porphyrin metabolism,0.92702544,1,1,1,1,1,1
IK_BQJCRHHNABKAKU-KBQPJGBKSA-N,Morphine,Fatty acid degradation,0.123433866,1,0,0,0,1,1
IK_BQJRUJTZSGYBEZ-YVQNUNKESA-N,"Phorbol-12,13-dibutyrate",Sphingolipid metabolism,0.09971958,1,1,0,1,1,1
IK_BQMFWUKNOCJDNV-HJWJTTGWSA-N,Phe Val Ile,Vitamin B6 metabolism,0.06658893,1,1,0,1,1,1
IK_BQYSFFVQHVEQKA-WWNHDLEVSA-N,"PE-NMe(16:0/22:5(4Z,7Z,10Z,13Z,16Z))","Alanine, aspartate and glutamate metabolism",0.29922342,1,1,0,1,1,1
IK_BRENMGSWNOZDLU-LEAZDLGRSA-N,Gly-Pro-Gly-Arg-Ala-Phe,Linoleic acid metabolism,0.41730046,1,1,0,1,1,1
IK_BRMSNMZILBBMIX-UHFFFAOYSA-N,"Exo-5,6-Dimethylbicyclo[2.2.1]hept-5-en-2-ol",Nicotinate and nicotinamide metabolism,0.07963951,1,1,0,1,1,1
IK_BROOMPUVDPTGEG-RHNBIRJRSA-N,MGDG 36:4,Sphingolipid metabolism,0.28946212,1,1,0,0,0,1
IK_BRRVXFOKWJKTGG-UHFFFAOYSA-N,Dihydroisophorol,Linoleic acid metabolism,0.122548275,1,1,0,1,1,1
IK_BRTSNYPDACNMIP-FAWZKKEFSA-N,Dihydroetorphine,Sphingolipid metabolism,0.06545068,1,1,0,1,1,1
IK_BSFUDCIRZBAPDS-UHFFFAOYSA-N,Isokobusone,Fatty acid degradation,0.10300296,1,1,0,1,1,1
IK_BSRRIWAAIBZEBQ-QSTBWJLLSA-N,4-Galactosylxylose,Vitamin B6 metabolism,0.07765989,1,1,1,1,1,1
IK_BSVHAXJKBCWVDA-UHFFFAOYSA-N,O-Adipoylcarnitine,Sphingolipid metabolism,0.81125504,1,1,0,1,1,1
IK_BSWHERGFUNMWGS-HAFWLYHUSA-N,Aspartyl-Isoleucine,Vitamin B6 metabolism,0.0824117,1,1,0,1,1,1
IK_BTIHMVBBUGXLCJ-UHFFFAOYSA-N,2-[[9-(1-Methylethyl)-6-[(phenylmethyl)amino]-9H-purin-2-yl]amino]-1-butanol,Glycerophospholipid metabolism,0.3814878,1,1,1,1,1,1
IK_BTJIUGUIPKRLHP-UHFFFAOYSA-N,4-Nitrophenol,Arginine biosynthesis,0.30552277,1,1,1,1,1,1
IK_BTLNRJMECFTISR-UHFFFAOYSA-N,"N-(2-Hydroxy-3,3,3-trifluoropropyl)-2-(2-nitro-1-imidazolyl)acetamide",Ether lipid metabolism,0.050606553,1,1,0,1,1,1
IK_BTSTZWOTLKSKHV-ODYTWBPASA-N,N-Cyclopropyl-trans-2-cis-6-nonadienamide,One carbon pool by folate,0.17675821,1,1,0,1,1,1
IK_BUHZTPLXMFRPCK-CKCUUXPSSA-N,Crepidiaside B,Retinol metabolism,0.078385346,1,1,0,1,1,1
IK_BUJAGSGYPOAWEI-UHFFFAOYSA-N,Tocainide,Drug metabolism - cytochrome P450,0.18401474,1,1,0,1,1,1
IK_BUQYQSMGNYBXDM-QOCHGBHMSA-N,Epoxymurin A,Linoleic acid metabolism,0.14602166,1,1,0,1,1,1
IK_BUTLOLBCWDNVGA-UHFFFAOYSA-N,Physapruin B,Linoleic acid metabolism,0.29082993,1,1,0,1,1,1
IK_BVCXYGDKSPEQAH-IHSNFILASA-N,CL(11:0/12:0/12:0/12:0),Glycerophospholipid metabolism,0.5487995,1,1,0,1,1,1
IK_BVUMIHICABFWGS-UHFFFAOYSA-N,4-Hydroxyphenylacetic acid sulfate,Tyrosine metabolism,0.6821066,1,1,1,1,1,1
IK_BWCRCHWTIDPBOB-NKYRGGHJSA-N,"PA(22:1(13Z)/20:5(5Z,8Z,11Z,14Z,16E)-OH(18R))",Glycerophospholipid metabolism,0.53509605,1,1,0,1,1,1
IK_BWCRYQGQPDBOAU-WZBVPYLGSA-N,Milbemycin D,Linoleic acid metabolism,0.19836874,1,1,0,1,1,1
IK_BWEICTHJUIJQPH-UHFFFAOYSA-N,"3-Hydroxyadipic acid 3,6-lactone",Histidine metabolism,0.1727105,1,1,1,1,1,1
IK_BWKILASWCLJPBO-UHFFFAOYSA-N,LPC 12:0,Glycerophospholipid metabolism,0.45938757,1,1,0,0,0,1
IK_BWRPYSJNBVBIRP-FLFBIERCSA-N,Ineketone,Linoleic acid metabolism,0.44721654,1,1,0,1,1,1
IK_BWUHENPAEMNGQJ-ZDLURKLDSA-N,Thr-Gln,Linoleic acid metabolism,0.45779493,1,1,0,0,0,1
IK_BWWWIHHYPYDOJQ-BSGVGGAOSA-N,"(3a,5b,7a,12a)-24-[(carboxymethyl)amino]-1,12-dihydroxy-24-oxocholan-3-yl-b-D-Glucopyranosiduronic acid",Ascorbate and aldarate metabolism,0.97809106,1,1,1,1,1,1
IK_BXFFHSIDQOFMLE-UHFFFAOYSA-N,Indoxyl sulfate,Tryptophan metabolism,0.17976771,1,1,0,1,1,1
IK_BXJHWYVXLGLDMZ-UHFFFAOYSA-N,Methylguanine,Purine metabolism,0.22687493,1,1,0,1,1,1
IK_BXLYSRPHVMCOPS-ACZMJKKPSA-N,Serylisoleucine,Sphingolipid metabolism,0.2070457,1,1,0,1,1,1
IK_BXNJHAXVSOCGBA-UHFFFAOYSA-N,Harmine,Fatty acid degradation,0.07684172,1,1,0,1,1,1
IK_BXRLWGXPSRYJDZ-UHFFFAOYSA-N,3-Cyanoalanine,Cysteine and methionine metabolism,0.43034464,1,1,1,1,1,0
IK_BXRLWGXPSRYJDZ-VKHMYHEASA-N,L-3-Cyanoalanine,D-Amino acid metabolism,0.2093526,1,1,0,1,1,1
IK_BXXSHQYDJWZXPB-OKNSCYNVSA-N,Capsidiol,Linoleic acid metabolism,0.17298666,1,1,0,1,1,1
IK_BXYPVKMROLGXJI-UHFFFAOYSA-N,N'-nitrosoanabasine,Vitamin B6 metabolism,0.3987689,1,1,0,1,1,0
IK_BXZSKDOPGDPDEG-UHFFFAOYSA-N,8-Methoxykynurenate,One carbon pool by folate,0.06202921,1,1,0,1,1,1
IK_BXZVVICBKDXVGW-NKWVEPMBSA-N,Didanosine,Sphingolipid metabolism,0.92745,1,1,0,1,1,1
IK_BYUOBSUZYQAFJM-UHFFFAOYSA-N,"6,8-Dihydroxypurine",Purine metabolism,0.9980019,1,1,0,1,1,1
IK_BYVDUQYJIIPFIB-ZMOGYAJESA-N,Lumirubin,Porphyrin metabolism,0.24172768,1,1,0,1,1,1
IK_BYWJNFQCWYEWHX-KLMFUOAUSA-N,Melledonal A,Retinol metabolism,0.12884174,1,1,0,1,1,1
IK_BYXCFUMGEBZDDI-UHFFFAOYSA-N,"1,3,7-Trimethyluric acid",Glycerophospholipid metabolism,0.9462144,1,1,0,0,0,1
IK_BZUIJMCJNWUGKQ-BDAKNGLRSA-N,Hypusine,Glycerophospholipid metabolism,0.05981138,1,1,0,1,1,1
IK_BZWQQOVSUSJJJO-QAGDRQIHSA-N,Isatoribine,Amino sugar and nucleotide sugar metabolism,0.26321685,1,1,0,1,1,1
IK_CAAKRPRWCVWYAO-UHFFFAOYSA-N,P-O-Desmethyl Verapamil,Sphingolipid metabolism,0.07035717,1,1,0,1,1,1
IK_CAAULPUQFIIOTL-UHFFFAOYSA-N,methanolphosphate,Cysteine and methionine metabolism,0.076334655,1,1,0,0,0,1
IK_CAHKINHBCWCHCF-JTQLQIEISA-N,N-Acetyltyrosine,Arginine biosynthesis,0.07467977,1,1,0,1,1,1
IK_CAHPJJJZLQXPKS-UHFFFAOYSA-N,Alpha-Methyl-m-tyrosine,Arachidonic acid metabolism,0.1583023,1,1,0,1,1,1
IK_CATMPQFFVNKDEY-YPMHNXCESA-N,Golotimod,Glutathione metabolism,0.2173526,1,1,0,1,1,1
IK_CAULGCQHVOVVRN-SWZPTJTJSA-N,Germacrone,Steroid biosynthesis,0.13778248,1,1,0,1,1,1
IK_CAWXEEYDBZRFPE-UHFFFAOYSA-N,Hexazinone,Arachidonic acid metabolism,0.115450345,1,1,0,1,1,1
IK_CAWZRIXWFRFUQB-IOSLPCCCSA-N,"Alpha,beta-Methylene ATP",Steroid biosynthesis,0.14803056,1,1,0,1,1,1
IK_CBDKQYKMCICBOF-UHFFFAOYSA-N,Thiazoline,One carbon pool by folate,0.23268983,1,1,0,1,1,1
IK_CBFHOPPJBYHALQ-RLWMBFFFSA-N,S-Butylcysteine sulfoxide,Citrate cycle (TCA cycle),0.096310206,1,1,0,1,1,1
IK_CBMYJHIOYJEBSB-CAHXEBCQSA-N,Androstanediol,Steroid hormone biosynthesis,0.9709175,1,1,1,1,1,1
IK_CBMYJHIOYJEBSB-ULTMTAQRSA-N,"3a,17a-Dihydroxy-5b-androstane",Steroid hormone biosynthesis,0.9709175,1,1,1,1,1,1
IK_CBQJSKKFNMDLON-JTQLQIEISA-N,N-Acetyl-L-phenylalanine,Ascorbate and aldarate metabolism,0.20686643,1,1,0,1,1,1
IK_CBQJSKKFNMDLON-SNVBAGLBSA-N,N-Acetyl-D-phenylalanine,Ascorbate and aldarate metabolism,0.26708946,1,1,0,1,1,1
IK_CBVKLEOGWBFWFG-AXDSSHIGSA-N,Epsilon-(Hexanoyl)lysine,Retinol metabolism,0.09367764,1,1,0,1,1,1
IK_CCAIIPMIAFGKSI-DMTCNVIQSA-N,N-Methyl-L-Threonine,Lysine degradation,0.48162946,1,1,0,1,1,1
IK_CCCIJQPRIXGQOE-XWSJACJDSA-N,Methyltrienolone,Steroid hormone biosynthesis,0.09440592,1,1,0,1,1,1
IK_CCCNUHFRBBIFHO-WJWGPLDTSA-N,N-Acetylalliin,One carbon pool by folate,0.09341677,1,1,0,1,1,1
IK_CCGRBSFMPVMVTE-SGTVZEORSA-N,"PE(20:4(6Z,8E,10E,14Z)-2OH(5S,12R)/20:0)",Linoleic acid metabolism,0.78933084,1,1,0,1,1,1
IK_CCNIABLYZAMGDC-UHFFFAOYSA-N,SM 40:0;3O,Sphingolipid metabolism,0.6410443,1,1,0,0,0,1
IK_CDAWCLOXVUBKRW-UHFFFAOYSA-N,2-aminophenol,Tryptophan metabolism,0.16246271,1,1,0,0,0,1
IK_CDICDSOGTRCHMG-ONEGZZNKSA-N,Sinapyl aldehyde,Arginine biosynthesis,0.1905318,1,1,0,1,0,1
IK_CDLVFVFTRQPQFU-UHFFFAOYSA-N,5-Aminovaleric acid betaine,One carbon pool by folate,0.49704638,1,0,0,0,1,1
IK_CDRPUGZCRXZLFL-OWOJBTEDSA-N,Piceatannol 4 ?<U+00C3><U+00B3>?<U+00C3><U+00B3>?<U+00C3><U+2021><U+00C3><U+0153>?<U+00C2><U+00BC>?<U+00C3><U+00B3>?<U+00C3><U+2021>??<U+00C3><U+00B3>-galloylglucoside,Linoleic acid metabolism,0.4775368,1,1,0,0,0,1
IK_CDSMSBUVCWHORP-UHFFFAOYSA-N,Perillic acid,Drug metabolism - cytochrome P450,0.068423,1,1,0,1,1,1
IK_CDSQRAACZGXZNE-UHFFFAOYSA-N,Perilloside B,Retinol metabolism,0.054649994,1,1,0,1,1,1
IK_CEIZFXOZIQNICU-XNCJUZBTSA-N,Tenuazonic Acid,One carbon pool by folate,0.093142904,1,1,0,1,1,1
IK_CERUVRSAHAFOLZ-LAWPZHMJSA-N,Digitoxigenin bisdigitoxide,Linoleic acid metabolism,0.21516703,1,1,0,1,1,1
IK_CFBVGSWSOJBYGC-UHFFFAOYSA-N,6-Hydroxynorketamine,Sphingolipid metabolism,0.051638927,1,1,0,1,1,1
IK_CFORBWCMGILWNN-RRHRGVEJSA-O,1-Hexadecanoyl-2-octadecadienoyl-sn-glycero-3-phosphocholine,Linoleic acid metabolism,0.19707142,1,1,0,0,0,1
IK_CFSOJZTUTOQNIA-UHFFFAOYSA-N,"Ethyl 8-azido-5-methyl-6-oxo-4H-imidazo[1,5-a][1,4]benzodiazepine-3-carboxylate",Retinol metabolism,0.051162403,1,1,0,1,1,1
IK_CFTUMAOURLALGM-UHFFFAOYSA-N,7-Hydroxyoctanoylcarnitine,Sphingolipid metabolism,0.55672234,1,1,0,1,1,1
IK_CFWSFZFUNZRIFO-UHFFFAOYSA-N,4-Ketoniridazole,Histidine metabolism,0.07613398,1,1,1,1,1,1
IK_CFYLSUZUMMPFNC-NHQGMKOOSA-N,Cer 18:1;2O/20:0;(2OH),Glycerophospholipid metabolism,0.20709497,1,1,0,0,0,1
IK_CFYMYCCYMJIYAB-UHFFFAOYSA-N,Laricitrin,Linoleic acid metabolism,0.058359228,1,1,0,1,1,1
IK_CGFRVKXGZRODPA-UHFFFAOYSA-N,3-Acetylphenol sulfate,Nicotinate and nicotinamide metabolism,0.110610925,1,1,1,1,1,0
IK_CGIURIOFMWUPSV-RUQPETGGSA-N,Tetrahydroaldosterone-3-glucuronide,Ascorbate and aldarate metabolism,0.22524194,1,1,0,1,1,1
IK_CGJRRBRZLXHAHM-PCDBCJAOSA-N,"PS(15:0/18:2(9Z,11E)+=O(13))",Glycerophospholipid metabolism,0.37468243,1,1,0,1,1,1
IK_CGMZWBZSOINWHL-YPDYIYJKSA-N,SM(d16:1/17:0),Sphingolipid metabolism,0.76830137,1,1,0,1,1,1
IK_CGUMQVWVXFEJLT-UWXAOETISA-N,"SM(d17:1/20:4(7E,9E,11Z,13E)-3OH(5S,6R,15S))",Linoleic acid metabolism,0.27806473,1,1,0,1,1,1
IK_CHFOVLMTXSAFKC-UHFFFAOYSA-N,Chenodeoxycholylasparagine,Primary bile acid biosynthesis,0.60100216,1,1,0,1,1,1
IK_CHHHXKFHOYLYRE-STWYSWDKSA-M,Polysorbate 20,Linoleic acid metabolism,0.1884243,1,1,0,1,1,1
IK_CHNXZKVNWQUJIB-CEGNMAFCSA-N,Ethisterone,Steroid hormone biosynthesis,0.2485727,1,1,0,1,1,1
IK_CHQZBIVWDKADIA-GDWUOILNSA-N,N-Oleoyl Alanine,Linoleic acid metabolism,0.32345867,1,1,0,1,1,1
IK_CHTHALBTIRVDBM-UHFFFAOYSA-N,"2,5-Furandicarboxylic acid",Arginine biosynthesis,0.22406691,1,1,1,1,1,1
IK_CICRQSYFFGMUEH-MVKOLZDDSA-N,N-Linoleoyl Leucine,Linoleic acid metabolism,0.3642243,1,1,0,1,1,1
IK_CIDUJQMULVCIBT-MQDUPKMGSA-N,Netilmicin,Glycerophospholipid metabolism,0.5810901,1,1,0,1,1,1
IK_CIKNYWFPGZCHDL-ZHFUJENKSA-N,Sisomicin sulfate,Glycerophospholipid metabolism,0.07229122,1,1,0,1,1,1
IK_CIMMACURCPXICP-PNQRDDRVSA-N,Prostaglandin D1,Sphingolipid metabolism,0.14931467,1,1,0,1,1,1
IK_CJCSPKMFHVPWAR-JTQLQIEISA-N,a-Methyldopa,One carbon pool by folate,0.24792163,1,1,0,1,1,1
IK_CJSQSNMTJVQLJE-NQPCQEITSA-N,"DG(20:3(8Z,11Z,14Z)-2OH(5,6)/0:0/i-13:0)",Sphingolipid metabolism,0.58534974,1,1,0,1,1,1
IK_CJUFNYIRKDOQMC-SNVBAGLBSA-N,(S)-9-Hydroxy-10-undecenoic acid,Linoleic acid metabolism,0.31471857,1,1,1,1,1,1
IK_CJXMVKYNVIGQBS-OWOJBTEDSA-N,p-Coumaraldehyde,Arginine biosynthesis,0.218637,1,0,0,0,1,1
IK_CKDDRHZIAZRDBW-UHFFFAOYSA-N,FA 21:0,Fatty acid biosynthesis,0.46702912,1,1,0,0,0,1
IK_CKFJQMKKJUVFDF-NTXOZZBFSA-N,"PE(22:6(4Z,7Z,10Z,13E,15E,19Z)-OH(17)/22:2(13Z,16Z))",Glycerophospholipid metabolism,0.19213599,1,1,0,1,1,1
IK_CKHWEVXPLJBEOZ-VQVTYTSYSA-N,Thr-Val,Biosynthesis of unsaturated fatty acids,0.10605323,1,1,0,0,0,1
IK_CLCDCPXFUKRPLP-GYXKVCTLSA-N,"DG(20:5(6E,8Z,11Z,14Z,17Z)-OH(5)/8:0/0:0)",Linoleic acid metabolism,0.40748572,1,1,0,1,1,1
IK_CLGNQAIRBLDHIN-HWKANZROSA-N,4-Hydroxy-3-methoxy-cinnamoylglycine,Glycerophospholipid metabolism,0.67418313,1,1,1,1,1,1
IK_CLGNQAIRBLDHIN-UHFFFAOYSA-N,"Glycine, N-[3-(4-hydroxy-3-methoxyphenyl)-1-oxo-2-propenyl]-",Glycerophospholipid metabolism,0.6045516,1,1,0,1,1,1
IK_CLJGMBYGTHRUNF-PJQJKGEDSA-N,Menthol glucuronide,Ascorbate and aldarate metabolism,0.22133332,1,1,0,1,1,1
IK_CLKPVQZFNYXFCY-UHFFFAOYSA-N,"1-Hydroxy-2,2,5,5-tetramethylpyrrolidine-3-carboxylic acid",Arginine and proline metabolism,0.33218318,1,1,1,1,1,1
IK_CLPMFZLTACEARJ-YCMZWWCJSA-N,"PE-NMe(22:6(4Z,7Z,10Z,13Z,16Z,19Z)/15:0)",Ether lipid metabolism,0.3265326,1,1,0,1,1,1
IK_CLUWOWRTHNNBBU-UHFFFAOYSA-N,METHIONAL,"Alanine, aspartate and glutamate metabolism",0.49485514,1,1,0,1,1,1
IK_CLVUFWXGNIFGNC-QTSLKERKSA-N,"(2r,3r,5s,6r)-2,6-Bis(hydroxymethyl)piperidine-3,4,5-triol",Drug metabolism - cytochrome P450,0.25580987,1,1,1,1,1,1
IK_CMEYODOSAQTQFO-SAIUNTKASA-N,PS(14:0/16:0),Glycerophospholipid metabolism,0.7824427,1,1,0,1,1,1
IK_CMGDVUCDZOBDNL-UHFFFAOYSA-N,4-Methyl-1H-Benzotriazole,Cysteine and methionine metabolism,0.28138292,1,1,1,1,1,1
IK_CMHMMKSPYOOVGI-UHFFFAOYSA-N,Isopropyl 4-hydroxybenzoate,Phenylalanine metabolism,0.097448744,1,1,0,1,1,1
IK_CMKQOKAXUWQAHG-UHFFFAOYSA-N,Alpha-Terpineol propanoate,Pentose phosphate pathway,0.06553262,1,1,0,1,1,1
IK_CMUNUTVVOOHQPW-LURJTMIESA-N,Proline betaine,Linoleic acid metabolism,0.60611314,1,1,0,1,1,1
IK_CNAKQRUFJWYXIC-PPOCGGKUSA-N,Ponasteroside A,Retinol metabolism,0.20292857,1,1,0,1,1,1
IK_CNAWLBRCOTWCNV-UHFFFAOYSA-N,5-Hydroxydodecanoylcarnitine,Linoleic acid metabolism,0.42144635,1,1,0,1,1,1
IK_CNCOEDDPFOAUMB-UHFFFAOYSA-N,N-(Hydroxymethyl)acrylamide,Glycerophospholipid metabolism,0.6283127,1,0,0,0,1,1
IK_CNJGWCQEGROXEE-UHFFFAOYSA-N,"3,5-dichlorosalicylic acid",Cysteine and methionine metabolism,0.11603193,1,1,1,1,1,0
IK_CNPVJJQCETWNEU-CYFREDJKSA-N,Vicriviroc,Retinol metabolism,0.09588712,1,1,0,1,1,1
IK_CNUQZHQKEQFDPU-MDWZMJQESA-N,"2-Polyprenyl-6-methoxy-1,4-benzoquinone",Vitamin B6 metabolism,0.117480464,1,1,0,1,1,1
IK_CNWPIIOQKZNXBB-WBYPBBSPSA-M,"3alpha,7alpha,12alpha-trihydroxy-5beta-cholestanate",Primary bile acid biosynthesis,0.9416408,1,1,0,1,1,1
IK_CNWSDOLXOOXOCZ-UHFFFAOYSA-N,Artonol E,Retinol metabolism,0.08576857,1,1,0,1,1,1
IK_CNZRRQHIZFDOSX-UHFFFAOYSA-N,"2-hydroxy-6,7-dihydro-5H-cyclopenta[b]pyridine-3-carbonitrile",Pentose phosphate pathway,0.09502167,1,0,0,0,1,1
IK_COHZAFUKYUCIND-SHDWVJIKSA-N,"3-Icosa-5,8,11,14-tetraen-2-yloxypropane-1,2-diol",Glycerophospholipid metabolism,0.42906168,1,1,1,1,1,1
IK_COKMIXFXJJXBQG-NRFANRHFSA-N,Tirofiban,Vitamin B6 metabolism,0.062733136,1,1,0,1,1,1
IK_COLNVLDHVKWLRT-MRVPVSSYSA-N,D-phenylalanine,Pyrimidine metabolism,0.4257646,1,0,0,0,1,1
IK_COUYJEVMBVSIHV-SFHVURJKSA-N,Olodaterol,Retinol metabolism,0.07223743,1,1,0,1,1,1
IK_COVOPZQGJGUPEY-UHFFFAOYSA-N,"2,4-Dihydroxy-2H-1,4-benzoxazin-3(4H)-one",One carbon pool by folate,0.06090528,1,1,1,1,1,1
IK_COVZYZSDYWQREU-UHFFFAOYSA-N,Busulfan,One carbon pool by folate,0.09832914,1,1,0,1,1,1
IK_COXWPCPYWFBNJH-UHFFFAOYSA-N,"2,4-Dihydroxyacetophenone 5-sulfate",Drug metabolism - cytochrome P450,0.09331264,1,1,1,1,1,1
IK_COZMNNJEGNPDED-HOCLYGCPSA-N,Gly Val Trp,Glutathione metabolism,0.18664625,1,1,0,1,1,1
IK_CPAGZVLINCPJEH-UHFFFAOYSA-N,3-methylhistamine,Cysteine and methionine metabolism,0.5736104,1,1,0,0,0,1
IK_CPHVNLRAJPTYSD-UHFFFAOYSA-N,Cyclotricuspidogenin C,Linoleic acid metabolism,0.18909214,1,1,0,1,1,1
IK_CPKWYFUGBHLPGR-SXFWLWNESA-N,Hypochoeroside A,Retinol metabolism,0.060597695,1,1,0,1,1,1
IK_CPTJXGLQLVPIGP-UHFFFAOYSA-N,Precocene I,Phenylalanine metabolism,0.079802975,1,1,0,1,1,1
IK_CPXSBHKDEPPWIX-UHFFFAOYSA-N,2-(beta-D-Mannopyranosyl)-L-tryptophan,Pyrimidine metabolism,0.17251748,1,1,1,1,1,1
IK_CQLRIUYMQWJYSR-UHFFFAOYSA-N,Ethyl 3-hydroxydodecanoate,Fatty acid degradation,0.12899345,1,1,0,1,1,1
IK_CQSLTKIXAJTQGA-FLIBITNWSA-N,"(+/-)12,13-DiHOME",Arachidonic acid metabolism,0.72051626,1,1,1,1,1,1
IK_CQZWLVDDIOZTJI-RYUDHWBXSA-N,Arginylphenylalaninamide,Retinol metabolism,0.2061945,1,1,0,1,1,1
IK_CRIZPXKICGBNKG-UHFFFAOYSA-N,2-Hydroxypurine,Arachidonic acid metabolism,0.1561651,1,1,1,1,1,1
IK_CRVXJVHSLVEDRI-UHFFFAOYSA-N,Tecostanine,One carbon pool by folate,0.1614182,1,1,0,1,1,1
IK_CTKINSOISVBQLD-UHFFFAOYSA-N,Glycidol,One carbon pool by folate,0.14309636,1,1,0,1,1,1
IK_CTNFAVGEWRZODU-SESCJMQFSA-N,"PE-NMe2(15:0/18:2(9Z,12Z))",Ether lipid metabolism,0.36930478,1,1,0,1,1,1
IK_CTRDFKIWJJWXFI-AVKVGXGOSA-N,SM 25:2;2O/18:0,Sphingolipid metabolism,0.2725221,1,1,0,0,0,1
IK_CTYRPMDGLDAWRQ-UHFFFAOYSA-N,Phenol sulphate,Nicotinate and nicotinamide metabolism,0.10697985,1,1,0,1,1,1
IK_CUIDBUWFCFYEPL-PIFFKTMJSA-N,Nepetaside,Sphingolipid metabolism,0.06734848,1,1,0,1,1,1
IK_CULUWZNBISUWAS-UHFFFAOYSA-N,Benznidazole,Ascorbate and aldarate metabolism,0.121438414,1,1,0,1,1,1
IK_CUZKLRTTYZOCSD-CIUDSAMLSA-N,2'-Deoxymugineic acid,Porphyrin metabolism,0.058599778,1,1,1,1,1,1
IK_CUZUEIFJLWAMHR-VKMQJZFUSA-N,PE O-40:8|PE O-22:6_18:2,Glycerophospholipid metabolism,0.5085119,1,1,0,0,0,1
IK_CVFXMLXLNNEEJM-MQWKRIRWSA-N,1-Hydroxy-2-(N-acetylcysteinyl)-3-butene,"Alanine, aspartate and glutamate metabolism",0.33876777,1,1,1,1,1,1
IK_CVNYHSDFZXHMMJ-VPUMZWJWSA-N,12-Ketodeoxycholic acid,Primary bile acid biosynthesis,0.6000706,1,1,1,1,1,1
IK_CVVKIXNPXDBREE-UHFFFAOYSA-N,3-Methyl-2-(3-pyridyl)-1-indoleoctanoic acid,Sphingolipid metabolism,0.2151521,1,1,1,1,1,1
IK_CVVRPLLCUNBBAA-VOXCOYEFSA-N,TG 44:2,Glycerophospholipid metabolism,0.659602,1,1,0,0,0,1
IK_CVXBEEMKQHEXEN-UHFFFAOYSA-N,Carbaryl,Pentose phosphate pathway,0.11279729,1,0,0,0,1,1
IK_CWERGRDVMFNCDR-UHFFFAOYSA-N,Mercaptoacetic acid,Arginine biosynthesis,0.17847171,1,1,0,1,1,1
IK_CWJQQASJVVAXKL-UHFFFAOYSA-N,"4-(3-Methyl-5-oxo-4,5-dihydro-1H-pyrazol-1-yl)benzenesulfonic acid",Drug metabolism - cytochrome P450,0.12276342,1,1,1,1,1,1
IK_CWLDKTAXQZEVQN-CUEXFKMESA-L,Ganglioside GD1a (d18:1/22:1(13Z)),Sphingolipid metabolism,0.4600196,1,1,0,1,1,1
IK_CWLQUGTUXBXTLF-YFKPBYRVSA-N,N-Methylproline,Pentose phosphate pathway,0.10513005,1,1,0,1,1,1
IK_CWLVBFJCJXHUCF-RNPYNJAESA-N,"(3E,7E)-4,8,12-Trimethyl-1,3,7,11-tridecatetraene",Cysteine and methionine metabolism,0.24338149,1,1,1,1,1,1
IK_CWMPPVPFLSZGCY-SREVYHEPSA-N,2-Octenoic acid,One carbon pool by folate,0.16326429,1,1,1,1,1,1
IK_CWWWTTYMUOYSQA-LLVKDONJSA-N,Etamicastat,One carbon pool by folate,0.045334727,1,1,0,1,1,1
IK_CXDWHYOBSJTRJU-SRWWVFQWSA-N,Algestone,Steroid hormone biosynthesis,0.625203,1,1,0,1,1,1
IK_CXGDCGIPEJKSCK-UHFFFAOYSA-N,Decenedioic acid,Biosynthesis of unsaturated fatty acids,0.6505839,1,1,0,1,1,1
IK_CXKKSSKKIOZUNR-ZLUOBGJFSA-N,Lichenin,Caffeine metabolism,0.19856206,1,1,0,1,1,1
IK_CXMXRPHRNRROMY-UHFFFAOYSA-N,Sebacic acid,Fatty acid biosynthesis,0.5781465,1,1,0,1,1,1
IK_CXTATJFJDMJMIY-CYBMUJFWSA-N,L-Octanoylcarnitine,Fatty acid degradation,0.59658355,1,1,0,1,1,1
IK_CXTATJFJDMJMIY-UHFFFAOYSA-N,Octanoylcarnitine,Fatty acid degradation,0.55314326,1,1,0,1,1,1
IK_CXTXHTVXPMOOSW-JUEJINBGSA-N,Epidermin,Glycerophospholipid metabolism,0.08783008,1,1,0,1,1,1
IK_CXWTUGHAWQYVJV-VZNRCSAUSA-N,"CDP-DG(i-22:0/18:3(10,12,15)-OH(9))",Retinol metabolism,0.12424967,1,1,0,1,1,1
IK_CXWXQJXEFPUFDZ-UHFFFAOYSA-N,Tetralin,One carbon pool by folate,0.09007828,1,1,0,1,1,1
IK_CYHOMWAPJJPNMW-DHBOJHSNSA-N,Tropine,Pentose phosphate pathway,0.05970697,1,1,0,1,1,1
IK_CYHWMBVXXDIZNZ-KRWDZBQOSA-N,Remimazolam,Steroid biosynthesis,0.065956526,1,1,0,1,1,1
IK_CYIDZMCFTVVTJO-UHFFFAOYSA-N,PYROMELLITIC ACID,Linoleic acid metabolism,0.06722099,1,1,0,1,1,1
IK_CYIQBIVJURIZDH-FEBNUDBRSA-N,Fructose-6-phosphate lactate,Retinol metabolism,0.06836989,1,1,0,1,1,1
IK_CYUZOYPRAQASLN-UHFFFAOYSA-N,2-Carboxyethyl acrylate,Cysteine and methionine metabolism,0.27119163,1,1,1,1,1,1
IK_CYYZDBDROVLTJU-UHFFFAOYSA-N,4-Butylphenol,Tyrosine metabolism,0.64573544,1,1,1,1,1,1
IK_CYZWCBZIBJLKCV-RMKNXTFCSA-N,Cropropamide,Retinol metabolism,0.09903196,1,1,0,1,1,1
IK_CZAMIXFITRFMDC-HTAQTPCSSA-N,"PE-NMe(22:6(4Z,7Z,10Z,13Z,16Z,19Z)/20:1(11Z))",Ether lipid metabolism,0.31828198,1,1,0,1,1,1
IK_CZBPKFICAYVHHM-UHFFFAOYSA-N,ortho-hydroxyatorvastatin,Fatty acid degradation,0.065016754,1,1,0,1,1,1
IK_CZGFLAQOJPXVRV-GITAKMRZSA-N,Estriol-17-glucuronide,Steroid hormone biosynthesis,0.80994177,1,1,0,1,1,1
IK_CZIIGGQJILPHEU-HCHVXQBBSA-N,Piriprost,Glutathione metabolism,0.086750016,1,1,0,1,1,1
IK_CZKBLHCEDVWPRN-UHFFFAOYSA-N,1-Methyl-3-(2-oxopropylidene)indol-2-one,Arginine biosynthesis,0.11744278,1,1,1,1,1,1
IK_CZKPOZZJODAYPZ-LROMGURASA-N,Eptifibatide,Retinol metabolism,0.27384576,1,1,0,1,1,1
IK_CZKWVFPVOOTCDG-UHFFFAOYSA-N,"2,2-Dimethyl-5-hydroxy-1-pyrrolidinyloxy",Arginine and proline metabolism,0.2083434,1,1,0,1,1,1
IK_CZNJCCVKDVCRKF-UHFFFAOYSA-N,Benzyl sulfate,"Phenylalanine, tyrosine and tryptophan biosynthesis",0.1863935,1,1,0,1,1,1
IK_CZTQZXZIADLWOZ-UHFFFAOYSA-O,Floridin,Linoleic acid metabolism,0.060468413,1,1,0,1,1,1
IK_CZZZOTXCAIDYOZ-UHFFFAOYSA-N,Koenigine,Pyrimidine metabolism,0.09282592,1,1,0,1,1,1
IK_DAELTTGCCPRYTP-ZLQZEYEISA-N,Lusitanicoside,Pentose phosphate pathway,0.06831749,1,1,0,1,1,1
IK_DAFOCGYVTAOKAJ-UHFFFAOYSA-N,4-Amino-3-phenylbutanoic acid,Citrate cycle (TCA cycle),0.14120772,1,1,1,1,1,1
IK_DAIDBSCCEAIZEG-XOPUQBBPSA-N,PE O-20:1_18:2,Glycerophospholipid metabolism,0.40413973,1,1,0,0,0,1
IK_DAUHTFNYHSOVRQ-ZETCQYMHSA-N,L-.beta.-Homoglutamine,Arachidonic acid metabolism,0.27676654,1,1,0,0,0,1
IK_DAYKLWSKQJBGCS-NRFANRHFSA-N,Aleglitazar,Glycerophospholipid metabolism,0.081287876,1,1,0,1,1,1
IK_DBDTUXMDTSTPQZ-UHFFFAOYSA-N,Fenquizone,Glycerophospholipid metabolism,0.19178021,1,1,0,1,1,1
IK_DBFYXFUOCIHCAH-YHTHSIKYSA-N,"PS(18:3(9Z,12Z,15Z)/18:0)",Glycerophospholipid metabolism,0.70069355,1,1,0,1,1,1
IK_DBHKHNGBVGWQJE-USWSLJGRSA-N,PE(18:2/0:0),Glycerophospholipid metabolism,0.65274334,1,1,0,1,1,1
IK_DBHPURNMQZJCPT-HRLVBISOSA-N,"PE(20:4(5Z,8Z,11Z,14Z)/6 keto-PGF1alpha)",Glycerophospholipid metabolism,0.9961002,1,1,0,1,1,1
IK_DBTMIHPJDPGOCQ-HIFRSBDPSA-N,Enokipodin D,Arachidonic acid metabolism,0.051784452,1,1,0,1,1,1
IK_DCICDMMXFIELDF-UHFFFAOYSA-N,N-Isobutyrylglycine,Glycerophospholipid metabolism,0.89360636,1,1,0,0,0,1
IK_DCMKMHVTKFJMAU-HWKANZROSA-N,Isoferulic acid 3-sulfate,Vitamin B6 metabolism,0.11218634,1,1,0,1,1,1
IK_DCXJOVUZENRYSH-UHFFFAOYSA-N,Doxyl,Arginine biosynthesis,0.111787505,1,1,0,1,1,1
IK_DCXMBZPFKOPATQ-UHFFFAOYSA-N,Hydroxymethoxyphenylcarboxylic acid-O-sulphate,Arginine biosynthesis,0.16612245,1,1,0,1,1,1
IK_DCZDUZNVOVFUCD-HTXNQAPBSA-M,16-feruloyloxypalmitate,Retinol metabolism,0.09305626,1,1,0,1,1,1
IK_DDBREPKUVSBGFI-UHFFFAOYSA-N,Phenobarbital,Pyruvate metabolism,0.07787922,1,1,0,1,1,1
IK_DDCYKEYDTGCKAS-SKSHMZPZSA-N,10-HDoHE,Pyruvate metabolism,0.09169658,1,1,1,1,1,1
IK_DDELKTCDPMLGSF-QPSCCSFWSA-N,Histidinohydroxylysinonorleucine,Porphyrin metabolism,0.21145493,1,1,0,1,1,1
IK_DDRJAANPRJIHGJ-UHFFFAOYSA-N,Creatinine,One carbon pool by folate,0.15087731,1,1,0,1,1,1
IK_DEAFEFSHUVGNFC-UHFFFAOYSA-N,(2S)-6-Amino-2-(hexanoylamino)hexanoic Acid,Glycerophospholipid metabolism,0.9409666,1,1,0,1,1,1
IK_DEEUSUJLZQQESV-BQUSTMGCSA-N,Stercobilin,Retinol metabolism,0.17926267,1,1,0,1,1,1
IK_DEFJQIDDEAULHB-IMJSIDKUSA-N,Ala-Ala,Linoleic acid metabolism,0.82292104,1,1,0,0,0,1
IK_DEKASDKLVVYODQ-UKHRKFAVSA-N,3-keto Fusidic acid,Linoleic acid metabolism,0.1950485,1,1,0,1,1,1
IK_DEKNNWJXAQTLFA-UHFFFAOYSA-N,Dopamine 4-sulfate,Glycerophospholipid metabolism,0.33654144,1,1,0,1,1,1
IK_DFFOSEJNFZUOSK-UHFFFAOYSA-N,2-(2-(4-Phenoxy-2-propylphenoxy)ethyl)indole-5-acetic acid,Linoleic acid metabolism,0.26646078,1,1,1,1,1,1
IK_DFMCTODOEICLEB-UHFFFAOYSA-N,6-Hydroxy-4-methoxy-3-(3-methyl-2-butenyl)-2-(2-phenylethenyl)benzoic acid,Sphingolipid metabolism,0.28414994,1,1,0,1,1,1
IK_DFMLULIEUUXXSA-UHFFFAOYSA-N,Pentylone,Pyrimidine metabolism,0.1399539,1,1,0,1,1,1
IK_DFNZHOWEYYDHLO-XMMPIXPASA-N,PA(10:0/i-13:0),Glycerophospholipid metabolism,0.9149271,1,1,0,1,1,1
IK_DFNZYFAJQPLJFI-UHFFFAOYSA-N,Gentianine,Nicotinate and nicotinamide metabolism,0.049290013,1,1,0,1,1,1
IK_DFSPELNJAJEWOM-UHFFFAOYSA-N,5-hydroxyindole thiazolidine carboxylate,Steroid hormone biosynthesis,0.26495004,1,1,0,1,1,1
IK_DFVFTMTWCUHJBL-BQBZGAKWSA-N,Statine,Caffeine metabolism,0.31240296,1,1,0,1,1,1
IK_DFYHDDCNKMPXMX-UHFFFAOYSA-M,6-isobutyl-4-hydroxy-2-pyrone,Vitamin B6 metabolism,0.08497041,1,1,0,1,1,1
IK_DGAUETYRWFLGRT-OPSAWKISSA-N,LysoPE(0:0/20:1(11Z)),Glycerophospholipid metabolism,0.4774571,1,1,0,1,1,1
IK_DGMPVYSXXIOGJY-UHFFFAOYSA-N,Fusaric Acid,Arachidonic acid metabolism,0.15974036,1,1,0,1,1,1
IK_DGXRZJSPDXZJFG-UHFFFAOYSA-N,Docosanedioic acid,Sphingolipid metabolism,0.6918935,1,1,0,1,1,1
IK_DHHREGPDDQTYPB-UNRGBGOYSA-N,PE P-38:4 or PE O-38:5,Glycerophospholipid metabolism,0.45913538,1,1,0,0,0,1
IK_DHNSTMIMQCKEPC-UHFFFAOYSA-N,"3,4-Methyleneazelaic acid",One carbon pool by folate,0.1088694,1,1,1,1,1,0
IK_DHSUYTOATWAVLW-WFVMDLQDSA-N,Cilastatin,Linoleic acid metabolism,0.11382475,1,1,0,1,1,1
IK_DHUAGGSHTKPOHU-UHFFFAOYSA-N,"3,4-Dihydro-9-hydroxy-[1]benzothieno[2,3-f]-1,4-thiazepin-5(2H)-one",Porphyrin metabolism,0.15500611,1,1,1,1,1,0
IK_DHWUVPPRBIJJKS-VUEDXXQZSA-N,Sesartemin,Sphingolipid metabolism,0.059204508,1,1,0,1,1,1
IK_DIFYHTVBKJHYKE-OUNRCAHPSA-N,Gonal,Linoleic acid metabolism,0.2738275,1,1,0,1,1,1
IK_DIGMYZZFQSIQBD-PNLKURBTSA-N,TG 49:3,Glycerophospholipid metabolism,0.659602,1,1,0,0,0,1
IK_DIRFUJHNVNOBMY-UHFFFAOYSA-N,Fenobucarb,One carbon pool by folate,0.057169132,1,1,0,1,1,1
IK_DIVLBIVDYADZPL-UHFFFAOYSA-N,Carboxyibuprofen,Ascorbate and aldarate metabolism,0.5535659,1,1,0,0,0,1
IK_DIWVBIXQCNRCFE-UHFFFAOYSA-N,Methoxyphenylacetic acid,One carbon pool by folate,0.11630331,1,1,0,1,1,1
IK_DJXRIQMCROIRCZ-XOEOCAAJSA-N,VIBEGRON,Linoleic acid metabolism,0.2631228,1,1,0,1,1,1
IK_DJZCTUVALDDONK-HQMSUKCRSA-N,Concanamycin a,Linoleic acid metabolism,0.28820318,1,1,0,1,1,1
IK_DKEXFJVMVGETOO-LURJTMIESA-N,Glycyl-leucine,Linoleic acid metabolism,0.6915525,1,1,0,1,1,1
IK_DKEXFJVMVGETOO-UHFFFAOYSA-N,Glycylleucine,Linoleic acid metabolism,0.72088605,1,1,0,1,1,1
IK_DKHSNOLJPXJJMD-GQDNDFQBSA-N,Quercetin 3-O-xylosyl-glucuronide,Retinol metabolism,0.11914837,1,1,0,1,1,1
IK_DKLGLHQHLFISGJ-YLBFUXKPSA-N,Ataprost,Linoleic acid metabolism,0.14593357,1,1,0,1,1,1
IK_DKNWSYNQZKUICI-UHFFFAOYSA-N,Amantadine,Drug metabolism - cytochrome P450,0.15401703,1,0,0,0,1,1
IK_DKQLZKCYTLXNBN-UHFFFAOYSA-N,5-Nonyltetrahydro-2-oxo-3-furancarboxylic acid,Arginine and proline metabolism,0.3763147,1,1,0,1,1,1
IK_DKXXSIJHWWVNMO-RJVKTHQKSA-N,Glycochenodeoxycholate-3-sulfate,Ascorbate and aldarate metabolism,0.6452044,1,1,0,1,1,1
IK_DKZBBWMURDFHNE-NSCUHMNNSA-N,Coniferylaldehyde,Arginine biosynthesis,0.22112305,1,1,0,1,1,1
IK_DLCUCFRSAVONGT-AEQSUFNNSA-N,"DG(20:5(5Z,8Z,11Z,14Z,17Z)/14:0/0:0)",Glycerophospholipid metabolism,0.77713144,1,1,0,1,1,1
IK_DLDJFQGPPSQZKI-UHFFFAOYSA-N,"2-Butyne-1,4-diol",Pyruvate metabolism,0.108088985,1,1,1,1,1,1
IK_DLJKPYFALUEJCK-IIELGFQLSA-N,Carboprost,Sphingolipid metabolism,0.3192651,1,1,0,1,1,1
IK_DLRVVLDZNNYCBX-CQUJWQHSSA-N,?-Gentiobiose,Starch and sucrose metabolism,0.2632329,1,0,0,0,1,1
IK_DMAOYRIREVHKFQ-UHFFFAOYSA-N,Gossypetin 8-glucoside 3-sulfate,Retinol metabolism,0.09964451,1,1,0,1,1,1
IK_DMBHHRLKUKUOEG-UHFFFAOYSA-N,Diphenylamine,Drug metabolism - cytochrome P450,0.16171543,1,1,0,1,1,1
IK_DMNOQQUULVKPTE-UHFFFAOYSA-N,"3,5-dihydroxy-4-(sulfooxy)benzoic acid",Cysteine and methionine metabolism,0.11254061,1,1,1,1,1,0
IK_DMQQXDPCRUGSQB-UHFFFAOYSA-N,Trimethylenediaminetetraacetic acid,Pentose phosphate pathway,0.043297008,1,1,0,1,1,1
IK_DNGCQXLPUZWYNB-UHFFFAOYSA-N,Trisjuglone,Glutathione metabolism,0.110450655,1,1,0,1,1,1
IK_DNKGWNLXBRCUCF-NLOSNHEGSA-N,"2,3-dinor-6-oxoprostaglandin F1alpha",Glycerophospholipid metabolism,0.7363603,1,1,1,1,1,1
IK_DNKQGUYVWUAYIE-QISQUURKSA-N,Idoxanthin,Linoleic acid metabolism,0.08103398,1,1,0,1,1,1
IK_DNSSEQBYSHSUGR-UHFFFAOYSA-N,5-Oxo-2(5H)-isoxazolepropanenitrile,Pentose phosphate pathway,0.119111024,1,1,0,1,1,1
IK_DOFAQXCYFQKSHT-SRVKXCTJSA-N,t4-OH-Proline,Linoleic acid metabolism,0.10419375,1,1,0,0,0,1
IK_DOIRQSBPFJWKBE-UHFFFAOYSA-N,Dibutyl Phthalate,Citrate cycle (TCA cycle),0.07438999,1,1,0,1,1,1
IK_DOVMKWVMZQLOPP-CRYQCFGISA-N,"PE(22:0/20:3(8Z,11Z,14Z)-2OH(5,6))",Glycerophospholipid metabolism,0.9709036,1,1,0,1,1,1
IK_DPBWFNDFMCCGGJ-UHFFFAOYSA-N,4-Piperidinecarboxamide,Lysine degradation,0.27636468,1,0,0,0,1,1
IK_DPOINJQWXDTOSF-UHFFFAOYSA-N,"13,14-dihydro-15(R)-Prostaglandin E1",Sphingolipid metabolism,0.3581044,1,1,1,1,1,1
IK_DPRVTGUHOBXEIW-UHFFFAOYSA-N,Lucidenic acid M,Steroid biosynthesis,0.11689048,1,1,0,1,1,1
IK_DPSCUTCAFODJSS-UIITUPLWSA-N,Propafenone glucuronide,Steroid biosynthesis,0.22049864,1,1,0,1,1,1
IK_DPUOLQHDNGRHBS-MDZDMXLPSA-N,Brassidic acid,Sphingolipid metabolism,0.6450312,1,1,0,1,1,1
IK_DPZVDLFOAZNCBU-UHFFFAOYSA-N,Tetrahydrofurfuryl butyrate,One carbon pool by folate,0.11522871,1,1,0,1,1,1
IK_DQBQWWSFRPLIAX-UHFFFAOYSA-N,"5-Acetyl-3,4-dihydro-2H-pyrrole",Cysteine and methionine metabolism,0.24218771,1,1,1,1,1,1
IK_DQDAYGNAKTZFIW-UHFFFAOYSA-N,Phenprocoumon,Pentose phosphate pathway,0.06867593,1,0,0,0,1,1
IK_DQJWAJBJWZYKLK-UHFFFAOYSA-N,2-Methoxyhydroquinone sulfate,One carbon pool by folate,0.12512311,1,1,0,1,1,1
IK_DQKSVFVIWBOSPM-UHFFFAOYSA-N,[2-Amino-2-(hydroxymethyl)-5-(4-octylphenyl)pentyl] dihydrogen phosphate,Linoleic acid metabolism,0.122427374,1,1,0,1,1,1
IK_DQMZLTXERSFNPB-UHFFFAOYSA-N,Primidone,Arachidonic acid metabolism,0.07212384,1,0,0,0,1,1
IK_DQNLLSNNESIVOE-UHFFFAOYSA-N,2-Chlorooctadecanoic acid,Sphingolipid metabolism,0.21353874,1,1,1,1,1,1
IK_DQQBTKPFMLVCPZ-SHGZRWORSA-N,"DG(18:4(6Z,9Z,12Z,15Z)/15:0/0:0)",Glycerophospholipid metabolism,0.7768589,1,1,0,1,1,1
IK_DQUHYEDEGRNAFO-QMMMGPOBSA-N,N.alpha.-(tert-Butoxycarbonyl)-L-aspartamide,Purine metabolism,0.3654259,1,1,0,0,0,1
IK_DQXQIWIQYYEGLG-MMWLGPPDSA-N,TG 52:3;2O|TG 16:0_18:1_18:2;2O,Glycerophospholipid metabolism,0.659602,1,1,0,0,0,1
IK_DREONSBNBZFXLW-UHFFFAOYSA-N,Beta-Hydroxy-gamma-trimethylaminobutyric acid,Cysteine and methionine metabolism,0.36754516,1,1,0,1,1,1
IK_DREVJBVJBRSSDL-UHFFFAOYSA-N,Tazolol,Steroid biosynthesis,0.0659493,1,1,0,1,1,1
IK_DRHKJLXJIQTDTD-OAHLLOKOSA-N,Tamsulosin,Linoleic acid metabolism,0.14583729,1,1,0,1,1,1
IK_DRNGLYHKYPNTEA-UHFFFAOYSA-N,Trans-4-Aminocyclohexanecarboxylic acid,One carbon pool by folate,0.045768958,1,1,0,1,1,1
IK_DSDNAKHZNJAGHN-MXTYGGKSSA-N,Resiniferatoxin,Sphingolipid metabolism,0.1247635,1,1,0,1,1,1
IK_DSLZVSRJTYRBFB-DUHBMQHGSA-N,D-Galactaric acid,Ascorbate and aldarate metabolism,0.7168207,1,1,0,1,1,1
IK_DSPWIGNSRMCMGP-UHFFFAOYSA-N,"(S)-2,3-Dihydro-6-hydroxy-5-(hydroxyacetyl)-2-isopropenylbenzofuran",Lysine degradation,0.11352413,1,1,1,1,1,1
IK_DTERQYGMUDWYAZ-ZETCQYMHSA-N,N-epsilon-Acetyllysine,Lysine degradation,0.8136039,1,1,0,1,1,1
IK_DTOSIQBPPRVQHS-IUQGRGSQSA-N,Linolenelaidic acid,Sphingolipid metabolism,0.32362005,1,1,0,1,1,1
IK_DTQVDTLACAAQTR-UHFFFAOYSA-N,Trifluoroacetic acid,One carbon pool by folate,0.1393261,1,1,0,1,1,1
IK_DTSWLLBBGHRXQH-UHFFFAOYSA-N,pyroGlu-Val,Sphingolipid metabolism,0.08239438,1,1,0,0,0,1
IK_DTTVUTICRKIUMH-NPUXTLKISA-N,"PA(20:5(5Z,8Z,11Z,14Z,17Z)/22:1(13Z))",Glycerophospholipid metabolism,0.91937315,1,1,0,1,1,1
IK_DUAGQYUORDTXOR-GPQRQXLASA-N,Gentiopicroside,Sphingolipid metabolism,0.04986479,1,1,0,1,1,1
IK_DUIFVCFSAWHIOD-AATRIKPKSA-N,Indolylacryloylglycine,Linoleic acid metabolism,0.3293319,1,1,0,1,1,1
IK_DUVAQXIRJZDZGR-HXMIUARJSA-N,"DG(a-13:0/0:0/20:4(5E,8Z,12Z,14Z)-OH(11R))",Sphingolipid metabolism,0.275817,1,1,0,1,1,1
IK_DUZODDYGMSCYMJ-UHFFFAOYSA-N,N(6)-(Octanoyl)lysine,Cysteine and methionine metabolism,0.06819484,1,1,0,1,1,1
IK_DVBUFRRUKPQWBU-UHFFFAOYSA-N,"5-Butyl-1,4-dioxan-2-one",Arginine biosynthesis,0.2153254,1,1,0,1,1,1
IK_DVXZVCNEGRKLMW-RPGUUIFVSA-N,Gymnodimine,Linoleic acid metabolism,0.11401666,1,1,0,1,1,1
IK_DWHIUNMOTRUVPG-UHFFFAOYSA-N,Heptaethylene glycol monododecyl ether,Glycerophospholipid metabolism,0.98529,1,1,0,1,1,1
IK_DWHJJLTXBKSHJG-HWKANZROSA-N,Hydroxyethyl methacrylic acid,Glycerophospholipid metabolism,0.17195341,1,1,0,1,1,1
IK_DWHSGRLKLUGKOU-UHFFFAOYSA-N,"1,2-Dehydrosalsolinol",Cysteine and methionine metabolism,0.18824367,1,1,1,1,1,1
IK_DWMJDYZSFOSGLA-WDZFZDKYSA-N,Germacrenone,Linoleic acid metabolism,0.11652797,1,1,0,1,1,1
IK_DWRXFEITVBNRMK-JAGXHNFQSA-N,Spongothymidine,Caffeine metabolism,0.2605662,1,1,0,1,1,1
IK_DWTTZBARDOXEAM-GXTWGEPZSA-N,Zeranol,Vitamin B6 metabolism,0.08603602,1,1,0,0,0,1
IK_DWYRIWUZIJHQKQ-SANMLTNESA-N,Avapritinib,Sphingolipid metabolism,0.18075739,1,1,0,1,1,1
IK_DWZGLEPNCRFCEP-UHFFFAOYSA-N,4-Ethylphenylsulfate,One carbon pool by folate,0.08325757,1,1,0,1,1,1
IK_DXHYQIJBUNRPJT-UHFFFAOYSA-N,Parsalmide,Steroid biosynthesis,0.081586555,1,1,0,1,1,1
IK_DXIHLEIENMRHAA-UHFFFAOYSA-N,"1,2,5-Trihydroxypyrrole-3-sulfonic acid","Phenylalanine, tyrosine and tryptophan biosynthesis",0.07859813,1,1,1,1,1,1
IK_DYDZWJOECBIVHD-UHFFFAOYSA-N,N-(3-Methyl-2-pyridyl)-3-phenylsuccinimide,Glycerophospholipid metabolism,0.26552585,1,1,0,1,1,1
IK_DYENWMUXSKPFLC-DFLWBBLWSA-N,2-Deoxy-28-homocastasterone,Ascorbate and aldarate metabolism,0.17636855,1,1,1,1,1,1
IK_DYENWMUXSKPFLC-UHFFFAOYSA-N,"(3beta,22R,23R,24S)-3,22,23-Trihydroxystigmastan-6-one",Primary bile acid biosynthesis,0.18866122,1,1,0,1,1,1
IK_DYLPGCSNPAWWBL-QARITTFUSA-N,"DG(18:1(12Z)-O(9S,10R)/0:0/a-15:0)",Retinol metabolism,0.08600218,1,1,0,1,1,1
IK_DYNISIGUMYFVJW-BKXYZSJASA-N,"(1R,4aR)-6-hydroxy-1,4a-dimethyl-7-propan-2-yl-2,3,4,4b,5,6,10,10a-octahydrophenanthrene-1-carboxylic acid",Linoleic acid metabolism,0.0645724,1,1,0,0,0,1
IK_DYNKRGCMLGUEMN-YFKPBYRVSA-N,Parasorbic acid,One carbon pool by folate,0.11956147,1,1,0,1,1,1
IK_DYQXERDJEYZBKH-KVQBGUIXSA-N,"7,8-Dihydro-2'-deoxyguanosine",Vitamin B6 metabolism,0.10360505,1,1,0,1,1,1
IK_DYSDOYRQWBDGQQ-XLPZGREQSA-N,N6-Methyl-2'-deoxyadenosine,Purine metabolism,0.8536884,1,1,0,1,1,1
IK_DYUGTPXLDJQBRB-UHFFFAOYSA-N,Myristoylglycine,Linoleic acid metabolism,0.17763111,1,1,0,1,1,1
IK_DZAIOXUZHHTJKN-UHFFFAOYSA-N,2-deoxytetronic acid,"Glycine, serine and threonine metabolism",0.23161608,1,1,0,0,0,1
IK_DZAUWHJDUNRCTF-UHFFFAOYSA-N,"3,4-Dihydroxyhydrocinnamic acid",Retinol metabolism,0.14812301,1,1,1,1,1,0
IK_DZHSPYMHDVROSM-UHFFFAOYSA-N,3-Oxododecanoic acid,One carbon pool by folate,0.24374056,1,1,1,1,1,1
IK_DZMVCVHATYROOS-ZBFGKEHZSA-N,Soblidotin,Linoleic acid metabolism,0.27667373,1,1,0,1,1,1
IK_DZRWKHUQGYJQQB-TXINJWPOSA-N,N-Docosahexaenoyl Tyrosine,Linoleic acid metabolism,0.79114634,1,1,0,1,1,1
IK_DZTHIGRZJZPRDV-GFCCVEGCSA-N,N-Acetyl-D-tryptophan,Primary bile acid biosynthesis,0.20038456,1,1,0,1,1,1
IK_DZTHIGRZJZPRDV-LBPRGKRZSA-N,N-acetyl-tryptophan,Primary bile acid biosynthesis,0.1584778,1,1,0,0,0,1
IK_DZTHIGRZJZPRDV-UHFFFAOYSA-N,N-Acetyl-DL-tryptophan,Primary bile acid biosynthesis,0.20038463,1,1,0,1,1,1
IK_DZTWAOVNNLDWNH-XYXZLXRDSA-N,Heliangin,Linoleic acid metabolism,0.09825874,1,1,0,1,1,1
IK_DZUXGQBLFALXCR-CDIPTNKSSA-N,Prostaglandin F1a,Primary bile acid biosynthesis,0.38665104,1,1,0,1,1,1
IK_FAASBXNEOGMQHS-BYPYZUCNSA-N,(S)-5-Amino-3-oxohexanoate,"Alanine, aspartate and glutamate metabolism",0.36000478,1,1,1,1,1,1
IK_FAKRSMQSSFJEIM-RQJHMYQMSA-N,Captopril,Drug metabolism - cytochrome P450,0.16105488,1,0,0,0,1,1
IK_FAXDZWQIWUSWJH-UHFFFAOYSA-N,3-Methoxypropylamine,"Alanine, aspartate and glutamate metabolism",0.3685274,1,1,1,1,1,1
IK_FAYYTQMQTAKHRM-QDVPYJSNSA-N,Varanic acid,Primary bile acid biosynthesis,0.9017288,1,1,0,1,1,1
IK_FAYYTQMQTAKHRM-UHFFFAOYSA-N,TetraHCA,Primary bile acid biosynthesis,0.86582226,1,1,0,1,1,1
IK_FBJYDOQUXQMQSS-TXUJEBAWSA-N,Asparagoside B,Primary bile acid biosynthesis,0.14946951,1,1,0,1,1,1
IK_FBPFZTCFMRRESA-KVTDHHQDSA-N,Mannitol,Cysteine and methionine metabolism,0.32624608,1,1,0,1,0,1
IK_FBTYOQIYBULKEH-ZFWWWQNUSA-N,Histidyltryptophan,Porphyrin metabolism,0.43455896,1,1,0,1,1,1
IK_FBUBVLUPUDBFME-UHFFFAOYSA-N,Xanthoxylin,One carbon pool by folate,0.11682064,1,1,0,1,1,1
IK_FBUKVWPVBMHYJY-UHFFFAOYSA-N,Nonanoic acid,Fatty acid biosynthesis,0.6149475,1,1,0,1,0,1
IK_FCCFXOHVERVHQR-KDXRDGMUSA-N,Corchorifatty acid A,Ascorbate and aldarate metabolism,0.2830347,1,1,0,1,1,1
IK_FCCZDEAAQZWMGI-NWBJSICCSA-N,Cer 18:1;2O_22:0;(2OH),Glycerophospholipid metabolism,0.20709497,1,1,0,0,0,1
IK_FCDLCPWAQCPTKC-UHFFFAOYSA-N,Rhein,Vitamin B6 metabolism,0.05301773,1,1,0,1,1,1
IK_FCEJNLVNFSUDTK-AATRIKPKSA-N,"3b,6a-Dihydroxy-alpha-ionol 9-[apiosyl-(1->6)-glucoside]",Linoleic acid metabolism,0.23269409,1,1,1,1,1,1
IK_FCHYNXGUKIEWGL-BPVVGZHASA-N,15-HETE-G,Vitamin B6 metabolism,0.117277816,1,1,1,1,1,1
IK_FCLOZPWDDCBDAQ-BELBSWHZSA-N,DG(i-18:0/PGJ2/0:0),Linoleic acid metabolism,0.52201223,1,1,0,1,1,1
IK_FCVJYKICQNLXAX-XPTLAUCJSA-N,(2S)-OMPT,Glycerophospholipid metabolism,0.14280465,1,1,1,1,1,1
IK_FCXZBWSIAGGPCB-YFKPBYRVSA-N,O-Acetyl-L-homoserine,"Alanine, aspartate and glutamate metabolism",0.39214417,1,1,0,1,1,1
IK_FDCOHGHEADZEGF-QPLCGJKRSA-N,TG 50:1,Linoleic acid metabolism,0.5186024,1,1,0,0,0,1
IK_FDLBWFQZCBIUPV-UHFFFAOYSA-N,Chenodeoxycholylthreonine,Primary bile acid biosynthesis,0.64853144,1,1,0,1,1,1
IK_FDMKIGKOMRSCAW-NEPJUHHUSA-N,5-hydroxycalamenene,Vitamin B6 metabolism,0.048653018,1,1,0,1,1,1
IK_FDRCXEWKDMDDQD-UHFFFAOYSA-N,2-hydroxyacetophenone sulfate,Vitamin B6 metabolism,0.059214264,1,1,0,0,0,1
IK_FDWRIIDFYSUTDP-WGDKFINWSA-N,D-Digitoxose,Glutathione metabolism,0.07887997,1,1,0,1,1,1
IK_FEFCOLGURZACFM-UHFFFAOYSA-N,(2S)-2-Amino-3-[4-[(2S)-2-amino-3-phenylpropanoyl]oxyphenyl]propanoic acid,"Phenylalanine, tyrosine and tryptophan biosynthesis",0.32015058,1,1,1,1,1,1
IK_FEKLSEFRUGWUOS-DLOIZKPKSA-N,TG 48:1,Linoleic acid metabolism,0.5186024,1,1,0,0,0,1
IK_FERBTPHUEYEGDN-UHFFFAOYSA-N,4-(undecan-5-yl)benzene-1-Sulfonic Acid,Sphingolipid metabolism,0.4977242,1,1,1,1,1,1
IK_FERDPPIQANTDTF-VHDCWOTASA-N,"DG(14:1(9Z)/20:5(5Z,8Z,11Z,14Z,17Z)/0:0)",Glycerophospholipid metabolism,0.8526083,1,1,0,1,1,1
IK_FERWCFYKULABCE-UHFFFAOYSA-N,Amotosalen,Sphingolipid metabolism,0.84460163,1,1,0,1,1,1
IK_FEZNRZLARONEKO-VHGXFIKMSA-N,"DG(i-18:0/18:1(12Z)-O(9S,10R)/0:0)",Linoleic acid metabolism,0.12788233,1,1,0,1,1,1
IK_FFDNVMGPKVVVOG-JCTPYMPQSA-N,Fuegin,Drug metabolism - cytochrome P450,0.17707717,1,1,0,1,1,1
IK_FFEARJCKVFRZRR-SCSAIBSYSA-N,D-Methionine,"Alanine, aspartate and glutamate metabolism",0.34674233,1,0,0,0,1,1
IK_FFVIWPKOCWPZMF-UHFFFAOYSA-N,3-methylheptanedioylcarnitine,Sphingolipid metabolism,0.5830321,1,1,1,1,1,1
IK_FFXKPSNQCPNORO-MBYQGORISA-N,"19,20-DiHDPA",Sphingolipid metabolism,0.65606743,1,1,0,1,1,1
IK_FGIJQXGDQVNWKH-UHFFFAOYSA-N,Palmoxiric acid,Sphingolipid metabolism,0.18908936,1,1,0,1,1,1
IK_FGMAOXGOTRUOKJ-UHFFFAOYSA-N,"2-Cyclohexen-1-one, 3-(15-hydroxypentadecyl)-2,4,4-trimethyl-",Sphingolipid metabolism,0.059361074,1,1,1,1,1,1
IK_FGYKUFVNYVMTAM-WAZJVIJMSA-N,Beta-tocotrienol,Retinol metabolism,0.11273528,1,1,0,1,1,1
IK_FHFZEKYDSVTYLL-UHFFFAOYSA-N,Metomidate,Linoleic acid metabolism,0.15558009,1,1,0,1,1,1
IK_FHQVHHIBKUMWTI-ZCXUNETKSA-N,PE 16:0_18:1,Glycerophospholipid metabolism,0.96657705,1,1,0,0,0,1
IK_FHSUFDYFOHSYHI-UHFFFAOYSA-N,3-Oxopentanoic acid,"Valine, leucine and isoleucine biosynthesis",0.254065,1,1,1,1,1,1
IK_FHXBAFXQVZOILS-OETIFKLTSA-N,Sulfolithocholylglycine,Primary bile acid biosynthesis,0.44548517,1,1,0,1,1,1
IK_FICLVQOYKYBXFN-UHFFFAOYSA-N,(+/-)-6-Chlorotryptophan,Tryptophan metabolism,0.80825865,1,1,0,1,1,1
IK_FIHAYSQZVJSSFG-JJGVKMCQSA-N,"PE-NMe2(15:0/20:4(8Z,11Z,14Z,17Z))",Fructose and mannose metabolism,0.30417472,1,1,0,1,1,1
IK_FIJFPUAJUDAZEY-MNDXXDKYSA-N,"PE(P-18:0/22:6(4Z,7Z,10Z,13Z,16Z,19Z))",Linoleic acid metabolism,0.48111305,1,1,0,1,1,1
IK_FIMSWIYKMHXCEM-CDSYOESZSA-N,"2-Hexadec-7-enylicosa-8,11-dienedioic acid",Sphingolipid metabolism,0.17884533,1,1,1,1,1,1
IK_FIXDIFPJOFIIEC-RITPCOANSA-N,(3R)-3-Hydroxy-N-[(3S)-2-oxooxolan-3-yl]butanamide,Citrate cycle (TCA cycle),0.11935778,1,1,1,1,1,1
IK_FIZFZQIBGCHOJY-UHFFFAOYSA-N,Santalyl phenylacetate,Retinol metabolism,0.09824535,1,1,0,1,1,1
IK_FJFKQAOJHHCXEK-UHFFFAOYSA-N,4-Methoxyphenylethanol sulfate,One carbon pool by folate,0.07752357,1,1,0,1,1,1
IK_FJIGLGLZNXQEDE-GDVGLLTNSA-N,Epsilon-(Carboxymethyl)lysine,D-Amino acid metabolism,0.2452127,1,1,0,1,1,1
IK_FJKKCRCBBAXLQZ-UHFFFAOYSA-N,PGP(i-24:0/PGD2),Sphingolipid metabolism,0.1129298,1,1,0,1,1,1
IK_FKENQMMABCRJMK-RITPCOANSA-N,Sulbactam,"Valine, leucine and isoleucine degradation",0.060770422,1,1,0,1,1,1
IK_FKLSJDGSSFEPLD-AATRIKPKSA-N,Butenoylcarnitine,Arginine biosynthesis,0.11828163,1,1,0,1,1,1
IK_FKSLBYVOWOXWMB-YTBCMDLOSA-N,1-Linoleoyl-sn-Glycero-3-Phosphocholine,Glycerophospholipid metabolism,0.83802974,1,1,0,1,1,1
IK_FKTCHXAVPYGOSM-CUAXAMRHSA-N,11'-Carboxy-alpha-chromanol,Retinol metabolism,0.112278745,1,1,1,1,1,1
IK_FKUYMLZIRPABFK-IQSNHBBHSA-N,Plastoquinone,Vitamin B6 metabolism,0.11916886,1,1,0,1,1,1
IK_FKWQEFWENKGUGF-VFUOTHLCSA-N,Beta-D-Glucopyranosylurea,Ascorbate and aldarate metabolism,0.1587749,1,1,0,1,1,1
IK_FKXCBKCOSVIGCT-AVGNSLFASA-N,Gln Lys Leu,Linoleic acid metabolism,0.66919917,1,1,0,1,1,1
IK_FLCQLSRLQIPNLM-UHFFFAOYSA-N,"2,5-Dioxopyrrolidin-1-yl 2-(acetylthio)acetate","Glycine, serine and threonine metabolism",0.17666273,1,1,1,1,1,1
IK_FLKPEMZONWLCSK-UHFFFAOYSA-N,Diethyl Phthalate,Citrate cycle (TCA cycle),0.090898275,1,1,0,1,1,1
IK_FLKRMXAWABTWSH-UHFFFAOYSA-N,Piperidines,Ascorbate and aldarate metabolism,0.15809539,1,1,0,1,1,1
IK_FLSLEGPOVLMJMN-YSSFQJQWSA-N,Quinaprilat,Glycerophospholipid metabolism,0.2932232,1,1,0,1,1,1
IK_FMCBSYMIXJRNHE-QXNXUSMZSA-N,"PE-NMe(20:3(8Z,11Z,14Z)/22:5(7Z,10Z,13Z,16Z,19Z))","Alanine, aspartate and glutamate metabolism",0.34032443,1,1,0,1,1,1
IK_FMINYZXVCTYSNY-UHFFFAOYSA-N,Methyldymron,Drug metabolism - cytochrome P450,0.13457003,1,1,0,1,1,1
IK_FMOWGHRAYUFXIG-UHFFFAOYSA-N,Zymonic acid,Vitamin B6 metabolism,0.042783193,1,1,0,1,1,1
IK_FMXVFWDIAZJILA-UHFFFAOYSA-N,2-Carboxy-4-dodecanolide,Arginine and proline metabolism,0.36974144,1,1,1,1,1,1
IK_FMYKJLXRRQTBOR-BZSNNMDCSA-N,N-Acetyl-leucyl-leucyl-norleucinal,Ascorbate and aldarate metabolism,0.33295688,1,1,0,1,1,1
IK_FNPHNLNTJNMAEE-UHFFFAOYSA-N,acylcarnitine 18:0,Linoleic acid metabolism,0.53325576,1,1,0,0,0,1
IK_FNRBOAGVUNHDIL-LMZUXBMISA-N,Soyasapogenol E,Steroid biosynthesis,0.07413641,1,1,0,1,1,1
IK_FOBVMYJQWZOGGJ-XYRJXBATSA-N,"17-phenyl-18,19,20-trinor-prostaglandin E2",Glycerophospholipid metabolism,0.6928944,1,1,1,1,1,1
IK_FOCVUCIESVLUNU-UHFFFAOYSA-N,Thiotepa,Arachidonic acid metabolism,0.09562383,1,1,0,1,1,1
IK_FONIWJIDLJEJTL-UHFFFAOYSA-N,N8-Acetylspermidine,Arginine and proline metabolism,0.8598446,1,1,0,1,1,1
IK_FOULCGVQZYQEQM-DNXGLLHMSA-N,SM(d16:1/24:1),Sphingolipid metabolism,0.7782891,1,1,0,1,1,1
IK_FPGSEBKFEJEOSA-UMMCILCDSA-N,8-Oxoguanosine,Purine metabolism,0.53460956,1,1,0,1,1,1
IK_FPPVBAMKHUAIOP-OYQCQVHHSA-N,4'-Hydroxyfenoprofen glucuronide,Ascorbate and aldarate metabolism,0.0967585,1,1,1,1,1,1
IK_FPTSLKCBYZXNAK-UZYVYHOESA-N,LNAPE 18:1/N-20:0,Glycerophospholipid metabolism,0.44237086,1,1,0,0,0,0
IK_FPUXKXIZEIDQKW-VKMVSBOZSA-N,Ginkgolide A,Retinol metabolism,0.07756305,1,1,0,1,1,1
IK_FPUYBGZEWPJSDX-MRXNPFEDSA-N,Undecanoylcarnitine,Fatty acid degradation,0.5477816,1,1,0,1,1,1
IK_FQJISUPNMFRIFZ-HXUWFJFHSA-N,Ronacaleret,Steroid biosynthesis,0.0682178,1,1,0,1,1,1
IK_FQKKPLXFGDCBJT-UHFFFAOYSA-N,N-(5-acetamidopentyl)acetamide,Arginine and proline metabolism,0.45796195,1,1,0,1,1,1
IK_FQPGMQABJNQLLF-VKHMYHEASA-N,L-Canaline,"Valine, leucine and isoleucine degradation",0.06541895,1,1,0,1,1,1
IK_FQTLNSKVFLETSS-QBCIWLIXSA-N,Gibberellin A43,Retinol metabolism,0.097162314,1,1,0,1,1,1
IK_FQYQMFCIJNWDQZ-CYDGBPFRSA-N,Isoleucyl-prolyl-proline,Purine metabolism,0.046752904,1,1,0,1,1,1
IK_FRFIAHPOPAPQGJ-VLOXYBQLSA-N,"CL(i-12:0/i-24:0/i-24:0/18:2(9Z,11Z))",Glycerophospholipid metabolism,0.7586707,1,1,0,1,1,1
IK_FRQOZJPRMBMFKX-DKWTVANSSA-N,Cysteine-S-sulfate3,"Valine, leucine and isoleucine biosynthesis",0.26658076,1,1,0,1,1,1
IK_FSBLXTAIINGBJY-YBEGLDIGSA-N,Involucrin,Linoleic acid metabolism,0.32267153,1,1,0,1,1,1
IK_FSEUPUDHEBLWJY-HWKANZROSA-N,"2,3-Butanedione monoxime",One carbon pool by folate,0.30153662,1,1,1,1,1,1
IK_FSQQTNAZHBEJLS-UPHRSURJSA-N,Maleamic acid,Drug metabolism - cytochrome P450,0.13382837,1,1,0,0,0,1
IK_FSWXOANXOQPCFF-UHFFFAOYSA-N,4'-Aminopropiophenone,Cysteine and methionine metabolism,0.32802454,1,1,1,1,1,1
IK_FTBLAVKNEFKBKK-CUGCVFGBSA-N,HexCer 42:2;3O,Sphingolipid metabolism,0.78710836,1,1,0,0,0,1
IK_FTTDBZNMICPROO-UHFFFAOYSA-N,Dmap-ethyl-paf,Steroid biosynthesis,0.1543063,1,1,0,1,1,1
IK_FUGYGGDSWSUORM-UHFFFAOYSA-N,4-Hydroxystyrene,Arginine biosynthesis,0.25280744,1,1,1,1,1,1
IK_FUJLYHJROOYKRA-QGZVFWFLSA-N,Lauroylcarnitine,Fatty acid degradation,0.53828543,1,1,0,1,1,1
IK_FUJLYHJROOYKRA-UHFFFAOYSA-N,carnitine 12:0,Fatty acid degradation,0.65442646,1,1,0,1,1,1
IK_FUOOLUPWFVMBKG-UHFFFAOYSA-N,2-Aminoisobutyric acid,"Alanine, aspartate and glutamate metabolism",0.30288705,1,1,1,1,1,1
IK_FUSGACRLAFQQRL-UHFFFAOYSA-N,1-Ethyl-1-nitrosourea,One carbon pool by folate,0.15082578,1,0,0,0,1,1
IK_FUWUEFKEXZQKKA-UHFFFAOYSA-N,Beta-Thujaplicin,One carbon pool by folate,0.06044311,1,1,0,1,1,1
IK_FUYLLJCBCKRIAL-UHFFFAOYSA-N,4-Methylumbelliferone sulfate,Caffeine metabolism,0.08174817,1,1,1,1,1,1
IK_FVEFRICMTUKAML-UHFFFAOYSA-M,Sodium Tetradecyl Sulfate,Drug metabolism - cytochrome P450,0.14893943,1,1,0,1,1,1
IK_FVKFHMNJTHKMRX-UHFFFAOYSA-N,MJDBISSN00000003,Vitamin B6 metabolism,0.069441654,1,1,0,1,1,1
IK_FVMDYYGIDFPZAX-UHFFFAOYSA-N,3-Hydroxyphenylacetic Acid,Tyrosine metabolism,0.37054697,1,1,1,1,1,1
IK_FVSDTYGQCVACMH-UFEDUZHUSA-N,Methionine Sulfoxide - Isomer,One carbon pool by folate,0.18139398,1,1,0,1,1,1
IK_FVTVMQPGKVHSEY-UHFFFAOYSA-N,1-AMINOCYCLOBUTANE CARBOXYLIC ACID,Arginine biosynthesis,0.21964309,1,1,1,1,1,1
IK_FVWJYYTZTCVBKE-ROUWMTJPSA-N,Betulin,Retinol metabolism,0.12158522,1,1,0,1,1,1
IK_FWAYDNJCBHNWQD-JBWLPIRVSA-N,Sarmentosin,Vitamin B6 metabolism,0.21351665,1,1,0,1,1,1
IK_FWNZEKQVBDXWKA-ZCWREFTMSA-N,Campesterol glucoside,Ascorbate and aldarate metabolism,0.76590097,1,1,0,1,1,1
IK_FWQWYTQHEPIGFR-XFENYREESA-N,Glucose lactate pyruvate,Porphyrin metabolism,0.10554331,1,1,0,1,1,1
IK_FWWQKRXKHIRPJY-UHFFFAOYSA-N,Stearaldehyde,One carbon pool by folate,0.23129117,1,1,0,1,1,1
IK_FXYSHYMHTAACSV-FTHMGGAWSA-N,Azukisaponin III,Steroid biosynthesis,0.08551985,1,1,0,1,1,1
IK_FYIKIBQJAJRKQM-WNCNYDOCSA-N,Linalool (8-hydroxydihydro-),Retinol metabolism,0.23591307,1,1,0,1,1,1
IK_FYPMFJGVHOHGLL-UHFFFAOYSA-N,Probucol,Linoleic acid metabolism,0.103418216,1,1,0,1,1,1
IK_FYSRHTXDKAIONW-DRTAPUJOSA-N,"(5Z,8Z,13E,15S)-11,12,15-Trihydroxyicosa-5,8,13-trienoylcarnitine",Sphingolipid metabolism,0.4033229,1,1,1,1,1,1
IK_FYVQCLGZFXHEGL-UHFFFAOYSA-N,3-Hydroxydodecanedioic acid,Ascorbate and aldarate metabolism,0.37756065,1,1,1,1,1,1
IK_FYYIUODUDSPAJQ-XVBQNVSMSA-N,"2-Propenoic acid, 2-methyl-, 7-oxabicyclo[4.1.0]hept-3-ylmethyl ester",Citrate cycle (TCA cycle),0.059022877,1,1,1,1,1,0
IK_FYYSIASRLDJUNP-WHFBIAKZSA-N,Glutamylaspartic acid,Linoleic acid metabolism,0.81012297,1,1,0,1,1,1
IK_FZAYDNUFXQMOCM-SSTSLOEUSA-N,PA(18:2/15:0),Glycerophospholipid metabolism,0.9267198,1,1,0,1,1,1
IK_FZERHIULMFGESH-UHFFFAOYSA-N,N-Acetylarylamine,Ascorbate and aldarate metabolism,0.2588284,1,1,0,1,1,1
IK_FZWGECJQACGGTI-UHFFFAOYSA-N,7-Methylguanine,Caffeine metabolism,0.8102824,1,1,0,1,1,1
IK_GACTWZZMVMUKNG-SLPGGIOYSA-N,trans-Cinnamate,Amino sugar and nucleotide sugar metabolism,0.11481055,1,1,0,1,0,1
IK_GAGWJHPBXLXJQN-UORFTKCHSA-N,Capecitabine,Galactose metabolism,0.082620166,1,1,0,1,1,1
IK_GAGYTXTVUMXAOC-RRKCRQDMSA-N,5-Carboxy-2'-deoxyuridine,Amino sugar and nucleotide sugar metabolism,0.35544944,1,1,0,1,1,1
IK_GAQNUGISBQJMKO-UHFFFAOYSA-N,Beta-Citryl-L-glutamic acid,Ascorbate and aldarate metabolism,0.29853362,1,1,0,1,1,1
IK_GAWUJFVQGSLSSZ-SZRCHTAPSA-N,5-hydroxy saxagliptin,Primary bile acid biosynthesis,0.08213792,1,1,0,1,1,1
IK_GBDRMPRTNVKBAD-BYPYZUCNSA-N,"(S)-Methyl 2,5-diamino-5-oxopentanoate",Lysine degradation,0.262746,1,1,1,1,1,1
IK_GBJKHDVRXAVITG-UNPOXIGHSA-N,Alisol B,Riboflavin metabolism,0.13110685,1,1,0,1,1,1
IK_GBNPCIWXLWZJGA-IGBSIYCFSA-N,PC ae C38:4,Linoleic acid metabolism,0.29944435,1,1,0,0,0,1
IK_GBOGMAARMMDZGR-TYHYBEHESA-N,Cytochalasin B,Glycerophospholipid metabolism,0.11694328,1,1,0,1,1,1
IK_GBXSMTUPTTWBMN-XIRDDKMYSA-N,Enalapril,Linoleic acid metabolism,0.5171192,1,1,0,1,1,1
IK_GCGTXOVNNFGTPQ-JHOUSYSJSA-N,Cer d34:0,Sphingolipid metabolism,0.4202378,1,1,0,0,0,1
IK_GCSLDHTZSDNYEC-CPNJWEJPSA-N,Fluvoxamino acid,Linoleic acid metabolism,0.12181124,1,1,0,1,1,1
IK_GDFAOVXKHJXLEI-VKHMYHEASA-N,N-methylalanine,"Alanine, aspartate and glutamate metabolism",0.25684193,1,1,0,1,0,1
IK_GDNGOAUIUTXUES-RWDHRDFGSA-N,"(3a,5b,7a)-23-Carboxy-7-hydroxy-24-norcholan-3-yl-b-D-Glucopyranosiduronic acid",Ascorbate and aldarate metabolism,0.98438144,1,1,1,1,1,1
IK_GDXFUCUOFXIMJG-METRJLLLSA-N,SM 36:4;3O,Sphingolipid metabolism,0.35694003,1,1,0,0,0,1
IK_GEAXLHPORCRESC-UHFFFAOYSA-N,4-Chlorophenyl,Citrate cycle (TCA cycle),0.13695166,1,1,0,1,1,1
IK_GECBBEABIDMGGL-RTBURBONSA-N,Nabilone,Sphingolipid metabolism,0.054330066,1,0,0,0,1,1
IK_GECFTYLLVUKXOY-UHFFFAOYSA-N,"Menthone 1,3-glyceryl ketal",Glycerophospholipid metabolism,0.09821426,1,1,0,1,1,1
IK_GENAHGKEFJLNJB-QMTHXVAHSA-N,LYSERGAMIDE,Glycerophospholipid metabolism,0.11499452,1,1,0,1,1,1
IK_GEPIUXLNBAZTAN-IAHWHINTSA-N,SM(d16:1/TXB2),Sphingolipid metabolism,0.64375925,1,1,0,1,1,1
IK_GEWUBFCXNZWHKH-HSZRJFAPSA-N,1-Nonadecanoyl-glycero-3-phosphoethanolamine,Glycerophospholipid metabolism,0.796757,1,1,1,1,1,1
IK_GFCQEPZCMASXHO-SGIBUEGPSA-N,"Cer(t18:0/20:3(6,8,11)-OH(5))",Sphingolipid metabolism,0.45257658,1,1,0,1,1,1
IK_GFRUPHOKLBPHTQ-UHFFFAOYSA-N,Oxyphenonium,Primary bile acid biosynthesis,0.25044286,1,1,0,1,1,1
IK_GFYLSDSUCHVORB-IOSLPCCCSA-N,1-Methyladenosine,Arachidonic acid metabolism,0.29326102,1,1,1,1,1,1
IK_GFZHNFOGCMEYTA-UHFFFAOYSA-N,Gabazine,Vitamin B6 metabolism,0.124223895,1,1,0,1,1,1
IK_GGAXPLCKKANQED-UHFFFAOYSA-N,Menthone lactone,One carbon pool by folate,0.10505279,1,1,0,1,1,1
IK_GGJFWMOVUFBSIN-AIRLBKTGSA-O,Se-Adenosylselenomethionine,Sphingolipid metabolism,0.089339115,1,1,0,1,1,1
IK_GGNQRNBDZQJCCN-UHFFFAOYSA-N,"benzene-1,2,4-triol",Tryptophan metabolism,0.49426353,1,1,0,0,0,1
IK_GGPJLVOSJQOJSN-UHFFFAOYSA-N,p-Cresol sulfate3,Arginine biosynthesis,0.2775808,1,1,0,1,1,1
IK_GGUOCFNAWIODMF-UHFFFAOYSA-N,4-Chloroacetanilide,Nicotinate and nicotinamide metabolism,0.19275026,1,1,1,1,1,1
IK_GHBFNMLVSPCDGN-UHFFFAOYSA-N,"2,3-Dihydroxypropyl octanoate",Glycerophospholipid metabolism,0.83695143,1,1,1,1,1,1
IK_GHBNZZJYBXQAHG-KUVSNLSMSA-N,Mogroside V,Linoleic acid metabolism,0.28471914,1,1,0,1,1,1
IK_GHCZAUBVMUEKKP-WTFVBUONSA-N,Glycoursodeoxycholic acid,Primary bile acid biosynthesis,0.9531583,1,1,1,1,1,1
IK_GHHURQMJLARIDK-UHFFFAOYSA-N,2-Hydroxypropyl octanoate,Drug metabolism - cytochrome P450,0.15018056,1,1,1,1,1,1
IK_GHNXVMPBTBKJRP-CLFAGFIQSA-N,PE O-18:1_18:1,Linoleic acid metabolism,0.58682513,1,1,0,0,0,1
IK_GHOKWGTUZJEAQD-UHFFFAOYSA-N,"3-[[(2S)-2,4-Dihydroxy-3,3-dimethylbutanoyl]amino]propanoic acid",Linoleic acid metabolism,0.22499958,1,1,1,1,1,0
IK_GHUJOXJDUAROKJ-UHFFFAOYSA-N,"4-Methyl-1,4-dihydropyridine-3,5-dicarbaldehyde",Arachidonic acid metabolism,0.14738646,1,1,1,1,1,1
IK_GIISRQIHTLIGDA-UHFFFAOYSA-N,monoarachidin,Arachidonic acid metabolism,0.116614126,1,1,0,0,0,1
IK_GINJFDRNADDBIN-FXQIFTODSA-N,Bialaphos,Linoleic acid metabolism,0.25806478,1,1,0,1,1,1
IK_GIRXTOSJOKKBHO-BQTUIHPCSA-N,Food orange 7,Retinol metabolism,0.19730921,1,1,0,1,1,1
IK_GIUIHRRGPBPUAO-UHFFFAOYSA-N,Fenuron or kynuramine,Arginine biosynthesis,0.41225803,1,1,0,1,1,1
IK_GIUNBNKDUHWVHI-LJQANCHMSA-N,LysoPE(0:0/15:0),Glycerophospholipid metabolism,0.58876884,1,1,0,1,1,1
IK_GIVDFJVWLQFBFP-WMPRHZDHSA-N,LPC 44:5,Glycerophospholipid metabolism,0.81213915,1,1,0,0,0,1
IK_GIXWDMTZECRIJT-UHFFFAOYSA-N,Aurintricarboxylic acid,Primary bile acid biosynthesis,0.09331474,1,1,0,1,1,1
IK_GIYMZAJHBZLOGR-UHFFFAOYSA-N,4-Hydroxy-5-(4'-hydroxyphenyl)-valeric acid-4'-O-sulphate,Drug metabolism - cytochrome P450,0.14894193,1,1,1,1,1,1
IK_GJGMABPPERWSNB-CDMLTSFUSA-N,"PE-NMe2(20:5(5Z,8Z,11Z,14Z,17Z)/18:2(9Z,12Z))",Ether lipid metabolism,0.28824812,1,1,0,1,1,1
IK_GJRJTYFSORWKBE-UHFFFAOYSA-N,Aspidinol,Arachidonic acid metabolism,0.15850778,1,1,0,1,1,1
IK_GJSURZIOUXUGAL-UHFFFAOYSA-N,Clonidine Metabolite VI,One carbon pool by folate,0.11675908,1,1,0,1,1,1
IK_GJUABKCEXOMRPQ-UHFFFAOYSA-N,C.I. Solvent Red 80,Linoleic acid metabolism,0.06278428,1,1,0,1,1,1
IK_GJWSUKYXUMVMGX-UHFFFAOYSA-N,Citronellic acid,Linoleic acid metabolism,0.23109227,1,1,0,1,1,1
IK_GJZJZRWFRZFTEE-ONEGZZNKSA-N,6-Epi-7-isocucurbic acid glucoside,Sphingolipid metabolism,0.15076119,1,1,0,1,1,1
IK_GKCNNWJPOJGTLV-UKTHLTGXSA-N,"2-Polyprenyl-3-methyl-6-methoxy-1,4-benzoquinone",Vitamin B6 metabolism,0.06789653,1,1,0,1,1,1
IK_GKGOLPMYJJXRGD-UHFFFAOYSA-N,"2-Methyl-4-propyl-1,3-oxathiane",One carbon pool by folate,0.10291156,1,1,1,1,1,1
IK_GKIRPKYJQBWNGO-OCEACIFDSA-N,TG 46:4 Isomer B,Linoleic acid metabolism,0.21613199,1,1,0,0,0,1
IK_GKKWUSPPIQURFM-IGDGGSTLSA-N,Prostaglandin E2 ethanolamide,Glycerophospholipid metabolism,0.8520212,1,1,0,1,1,1
IK_GKUMMDFLKGFCKH-URYVQPGZSA-N,Glucoerucin,Retinol metabolism,0.10927459,1,1,0,1,1,1
IK_GKZIWHRNKRBEOH-HOTGVXAUSA-N,Phe-Phe,Ascorbate and aldarate metabolism,0.5100278,1,1,0,0,0,1
IK_GKZIWHRNKRBEOH-UHFFFAOYSA-N,Phenylalanylphenylalanine,Steroid biosynthesis,0.34377253,1,1,0,1,1,1
IK_GLACGTLACKLUJX-QNAXTHAFSA-N,Agnuside,Retinol metabolism,0.10301101,1,1,0,1,1,1
IK_GLLFNZDVMSLOCL-UHFFFAOYSA-N,SCD1 Inhibitor,Linoleic acid metabolism,0.12734024,1,1,0,1,1,1
IK_GLNDAGDHSLMOKX-UHFFFAOYSA-N,7-Amino-4-methylcoumarin,Arachidonic acid metabolism,0.14428324,1,1,0,1,1,1
IK_GLUJNGJDHCTUJY-UHFFFAOYSA-N,3-Amino-4-methylpentanoic acid,Cysteine and methionine metabolism,0.30203477,1,1,1,1,1,0
IK_GLVWZDCWCRWVFM-RZGYGYJVSA-N,Taurochenodeoxycholate-3-sulfate,Ascorbate and aldarate metabolism,0.73008466,1,1,0,1,1,1
IK_GLWKVDXAQHCAIO-REYDXQAISA-N,3Z)-Phycoerythrobilin,Retinol metabolism,0.16101223,1,1,1,1,1,1
IK_GLWPLQBQHWYKRK-CYBMUJFWSA-N,Toddalolactone,Citrate cycle (TCA cycle),0.060452886,1,0,0,0,1,1
IK_GLXUWZBUPATPBR-MLWJPKLSSA-N,"N-Succinyl-L,L-2,6-diaminopimelate",D-Amino acid metabolism,0.30553645,1,1,0,1,1,1
IK_GLYPHOJMMLQNJQ-GYPHWSFCSA-N,"N-[(3a,5b,7a)-3-hydroxy-24-oxo-7-(sulfooxy)cholan-24-yl]-Glycine",Primary bile acid biosynthesis,0.6127615,1,1,0,1,1,1
IK_GMBQZIIUCVWOCD-WWASVFFGSA-N,tryptamine (3-(2-aminoethyl)indole),Sphingolipid metabolism,0.11976202,1,1,0,1,0,1
IK_GMKMEZVLHJARHF-UHFFFAOYSA-N,"2,6-Diaminopimelic acid",Histidine metabolism,0.34646845,1,1,0,0,0,1
IK_GMQUMWVEWMCMOQ-UHFFFAOYSA-N,"2,4-Dihydroxy-2,5-dimethyl-3(2H)-furanone",Cysteine and methionine metabolism,0.19806698,1,1,1,1,1,1
IK_GMSNIKWWOQHZGF-UHFFFAOYSA-N,3-Methylxanthine,Caffeine metabolism,0.91389775,1,1,1,1,1,1
IK_GMXQUOKWLVCFEG-UHFFFAOYSA-N,N-[2-[2-(2-Aminoethylamino)ethylamino]ethyl]acetamide,"Glycine, serine and threonine metabolism",0.40053952,1,1,0,1,1,1
IK_GMXSGLCDVHHWIB-UHFFFAOYSA-N,(+/-)-3-Mercapto-1-butyl acetate,"Alanine, aspartate and glutamate metabolism",0.16551167,1,1,0,1,1,1
IK_GMZVRMREEHBGGF-UHFFFAOYSA-N,PIRACETAM,D-Amino acid metabolism,0.14024411,1,1,0,1,1,1
IK_GNQHFHGLDGEOOU-ZIJFCRNMSA-N,Desoxycortisone acetate,Linoleic acid metabolism,0.49043733,1,1,0,1,1,0
IK_GNWBLLYJQXKPIP-ZOGIJGBBSA-N,"17-N,N-Diethylcarbamoyl-4-methyl-4-azaandrostane-3-one",Linoleic acid metabolism,0.20913598,1,1,1,1,1,1
IK_GNWHRHGTIBRNSM-UHFFFAOYSA-N,2-((6-Amino-9H-purin-9-yl)methyl)-5-methyl-3-o-tolylquinazolin-4(3H)-one,Ether lipid metabolism,0.109591044,1,1,1,1,1,1
IK_GOBIDZCUVCOUAI-UHFFFAOYSA-N,Cholylhistidine,Primary bile acid biosynthesis,0.56158537,1,1,0,1,1,1
IK_GOUHYARYYWKXHS-UHFFFAOYSA-N,Benzaldehyde-4-carboxylic acid,Tryptophan metabolism,0.13619162,1,1,0,0,0,1
IK_GOVYBPLHWIEHEJ-UHFFFAOYSA-N,Tubastatin A,Ascorbate and aldarate metabolism,0.06074324,1,1,0,1,1,1
IK_GOWRYACIDZSIHI-KBPBESRZSA-N,Sedamine,Biosynthesis of unsaturated fatty acids,0.17908277,1,1,0,1,1,1
IK_GOZCEKPKECLKNO-RKQHYHRCSA-N,Picein,Starch and sucrose metabolism,0.08760921,1,1,0,1,1,1
IK_GPSDUZXPYCFOSQ-UHFFFAOYSA-N,3-methylbenzoic acid 01,Tryptophan metabolism,0.15434977,1,1,0,0,0,1
IK_GQAJNGUAQKYPCH-XVNBXDOJSA-N,Zearalenone 4-sulfate,Steroid biosynthesis,0.06383216,1,1,0,1,1,1
IK_GQIJYUMTOUBHSH-IJIVKGSJSA-N,"(E,E)-Trichostachine",Drug metabolism - cytochrome P450,0.25665933,1,1,1,1,1,1
IK_GQJQCKUJCHMTNF-UHFFFAOYSA-N,Prenyl glucoside,One carbon pool by folate,0.06780754,1,1,0,1,1,1
IK_GQMMRLBWXCGBEV-UHFFFAOYSA-N,3-Nitrobenzaldoxime,Pentose phosphate pathway,0.07900454,1,1,1,1,1,1
IK_GQPDNUJLVOFHSX-UHFFFAOYSA-N,8-Isoquinoline methanamine (hydrochloride),Nicotinate and nicotinamide metabolism,0.24303529,1,1,0,1,1,1
IK_GRERMCGRRAMWSD-GRZGAGJTSA-N,Vanillic acid 4-O-glucuronide,Galactose metabolism,0.08390115,1,1,0,1,1,1
IK_GRGDLDNREYVILP-CNWVQWJYSA-N,DG 38:5,Glycerophospholipid metabolism,0.8530311,1,1,0,0,0,1
IK_GRJFTUSJGMRSSJ-KICRZJJPSA-N,Abscisic alcohol,Vitamin B6 metabolism,0.04882744,1,1,0,1,1,1
IK_GRQPGTWGEQWMMM-IUXPMGMMSA-N,(E)-2-hydroxydoxepin,Ascorbate and aldarate metabolism,0.116120175,1,1,1,1,1,1
IK_GRSMWKLPSNHDHA-UHFFFAOYSA-N,Phytochemical,Amino sugar and nucleotide sugar metabolism,0.10819349,1,1,0,1,1,1
IK_GRXIELRCPYIEQI-UHFFFAOYSA-M,"2-(3,4-Dihydroxybenzoyloxy)-4,6-dihydroxybenzoate",Vitamin B6 metabolism,0.09557945,1,1,0,1,1,1
IK_GSBJTPGARMFLIJ-YYBQYWACSA-N,DG(PGE2/0:0/a-17:0),Glycerophospholipid metabolism,0.89367354,1,1,0,1,1,1
IK_GSDSWSVVBLHKDQ-JTQLQIEISA-N,Levofloxacin,One carbon pool by folate,0.0392659,1,1,0,1,1,1
IK_GSEJCLTVZPLZKY-UHFFFAOYSA-N,Triethanolamine,Arginine biosynthesis,0.15416119,1,1,0,0,1,1
IK_GSEOJHIBPQRSNH-XZOQPEGZSA-N,LysoSM(d18:0),Sphingolipid metabolism,0.5786808,1,1,0,1,1,1
IK_GSLDEZOOOSBFGP-UHFFFAOYSA-N,Alpha-Methylene-Gamma-Butyrolactone,One carbon pool by folate,0.17693263,1,1,0,1,1,1
IK_GTDWNYZZRCJYOX-HBZIWDQGSA-N,TG 10:0_18:2_18:2,Glycerophospholipid metabolism,0.659602,1,1,0,0,0,1
IK_GTEPPJFJSNSNIH-UHFFFAOYSA-N,BIDISOMIDE,Linoleic acid metabolism,0.06661122,1,1,0,1,1,1
IK_GTFLTTXDLGEBAI-UHFFFAOYSA-N,PC O-18:0_16:0,Linoleic acid metabolism,0.72946954,1,1,0,0,0,1
IK_GTPATKZCXDKGQS-UHFFFAOYSA-N,DHAP(18:0),Riboflavin metabolism,0.09834286,1,1,0,1,1,1
IK_GTZCVFVGUGFEME-HNQUOIGGSA-N,Trans-Aconitic Acid,Citrate cycle (TCA cycle),0.6955014,1,1,0,1,1,1
IK_GUAHPAJOXVYFON-UHFFFAOYSA-N,8-Amino-7-oxononanoic acid,Sphingolipid metabolism,0.41271904,1,1,0,1,1,1
IK_GUAHPAJOXVYFON-ZETCQYMHSA-N,KAPA,Sphingolipid metabolism,0.37480125,1,1,0,1,1,1
IK_GUARTUJKFNAVIK-QPTWMBCESA-N,Tulathromycin A,Riboflavin metabolism,0.21097833,1,1,0,1,1,1
IK_GUGSXATYPSGVAY-GCXXXECGSA-N,"5-Androstene-3alpha-16beta,17beta-triol",Steroid hormone biosynthesis,0.67916894,1,1,0,1,1,1
IK_GUJNNQFVFGFZPK-UHFFFAOYSA-N,Hydroxymatairesinol glucuronide 1,Steroid biosynthesis,0.2456093,1,1,0,1,1,1
IK_GUKOKXKMWGOHJJ-NSHDSACASA-N,Phenyl-Leucine,Drug metabolism - cytochrome P450,0.16370662,1,1,0,1,1,1
IK_GUZRMGFLLJQHCW-UHFFFAOYSA-N,Hydroxyprolyl-Asparagine,Vitamin B6 metabolism,0.058560573,1,1,0,1,1,1
IK_GVEZIHKRYBHEFX-NQQPLRFYSA-N,Cerulenin,Purine metabolism,0.092408456,1,1,0,1,1,1
IK_GVJHHUAWPYXKBD-IEOSBIPESA-N,alpha tocophereol,Vitamin B6 metabolism,0.07609705,1,1,0,1,0,1
IK_GVQAYSKPEXYNSE-PEHNEXDUSA-N,"PE(20:3(5Z,8Z,11Z)/20:4(5E,8Z,12Z,14Z)-OH(11R))",Glycerophospholipid metabolism,0.35606542,0,1,0,1,1,1
IK_GVQOVMKBYJKZSY-UHFFFAOYSA-N,8-Desoxygartanin,Primary bile acid biosynthesis,0.10382777,1,1,0,1,1,1
IK_GVRKWABULJAONN-VQVTYTSYSA-N,Val-Thr,Linoleic acid metabolism,0.23811671,1,1,0,0,0,1
IK_GVUVRRPYYDHHGK-UHFFFAOYSA-N,Prolyl-Threonine,Glycerophospholipid metabolism,0.13380809,1,1,0,1,1,1
IK_GVZYULOAWBVSSF-LKECMMOOSA-N,"PC(18:1(12Z)-2OH(9,10)/P-16:0)",Linoleic acid metabolism,0.8096194,1,1,0,1,1,1
IK_GWENQMVPLJAMAE-UHFFFAOYSA-N,2-Keto-6-aminocaproate,Lysine degradation,0.38027102,1,1,1,1,1,1
IK_GWLHCTMTLJQQKG-UHFFFAOYSA-N,Poloxalene,Linoleic acid metabolism,0.10451976,1,1,0,1,0,1
IK_GXAMYUGOODKVRM-UHFFFAOYSA-N,Flurenol,Citrate cycle (TCA cycle),0.12697178,1,1,0,1,1,1
IK_GXBZQGMJJGJFFX-XDVLZLKUSA-N,MONOSACCHARIDES,Sphingolipid metabolism,0.10062682,1,1,0,1,0,1
IK_GXEIJYZRCDTJTE-DOFZRALJSA-N,LPC 22:4,Glycerophospholipid metabolism,0.81213915,1,1,0,0,0,1
IK_GXOMMGAFBINOJY-SLINCCQESA-M,Dicloxacillin sodium,Sphingolipid metabolism,0.10787434,1,1,0,1,1,1
IK_GXPIUNZCALHVBA-UHFFFAOYSA-N,Acetyl-sulfamethoxazole,Linoleic acid metabolism,0.35419735,1,1,0,0,0,1
IK_GXQHCJRGIJYVTF-TWHMOVIGSA-N,"PS(20:0/20:3(8Z,11Z,14Z)-2OH(5,6))",Glycerophospholipid metabolism,0.91529936,1,1,0,1,1,1
IK_GXRODSBSDBCXSO-YJMJMZFLSA-N,TG 10:0_12:0_18:2,Glycerophospholipid metabolism,0.659602,1,1,0,0,0,1
IK_GYDJEQRTZSCIOI-UHFFFAOYSA-N,Tranexamic Acid,"Alanine, aspartate and glutamate metabolism",0.362323,1,1,0,1,1,1
IK_GYNWSIBKBBWJJW-ZQMNIGHUSA-N,17-Hydroxyandrostane-3-glucuronide,Steroid hormone biosynthesis,0.34882665,1,1,1,1,1,1
IK_GYPQKMKDLBCBMB-XTVBGRGASA-N,"PC(17:2(9Z,12Z)/0:0)",Glycerophospholipid metabolism,0.8212771,1,1,0,1,1,1
IK_GYQQQCVFOLKXGH-LDSFXQROSA-N,Chrysoeriol 7-apiosyl-glucoside,Retinol metabolism,0.082838826,1,1,0,1,1,1
IK_GYSZYWSJZCKCBD-LXGUAGHKSA-N,Dehydroxypaxilline,Retinol metabolism,0.10632634,1,1,0,1,1,1
IK_GZGHIJOEOOMFMM-UHFFFAOYSA-N,LPC O-20:0,"Glycine, serine and threonine metabolism",0.82431525,1,1,0,0,0,1
IK_HAPOVYFOVVWLRS-UHFFFAOYSA-N,Ethosuximide,Arginine and proline metabolism,0.2804609,1,0,0,0,1,1
IK_HASACTZYOHWROP-UHFFFAOYSA-N,"10-Hydroxy-2-oxabicyclo[6.2.2]dodeca-1(10),8,11-trien-3-one","Phenylalanine, tyrosine and tryptophan biosynthesis",0.110722855,1,1,1,1,1,1
IK_HASVPNDDKSXPGU-HYSOADAZSA-O,Pelargonidin 3-sophoroside,Linoleic acid metabolism,0.09046423,1,1,0,1,1,1
IK_HAVMVUFJSIMVDG-UHFFFAOYSA-N,Lucidenic acid J,Linoleic acid metabolism,0.22601071,1,1,0,1,1,1
IK_HBGGXOJOCNVPFY-UHFFFAOYSA-N,Diisononyl phthalate,Sphingolipid metabolism,0.14811188,1,1,0,1,1,1
IK_HBNPJJILLOYFJU-VMPREFPWSA-N,Mibefradil,Retinol metabolism,0.090697415,1,1,0,1,1,1
IK_HBPXEBWVNAJRCA-LYRXPCDISA-N,PI(16:1(9Z)/16:1(9Z)),Glycerophospholipid metabolism,0.7377201,1,1,0,0,0,1
IK_HBZNVZIRJWODIB-BCTRXSSUSA-N,1-Palmitoyl-2-Linoleoyl PE,Glycerophospholipid metabolism,0.9309563,1,1,0,1,1,1
IK_HCAJEUSONLESMK-UHFFFAOYSA-N,Cyclamate,Purine metabolism,0.118546404,1,1,0,1,1,1
IK_HCENGXRZXKAJLN-VOTSOKGWSA-N,Nalpha-Cinnamoylhistamine,Drug metabolism - cytochrome P450,0.09250485,1,1,0,1,1,1
IK_HCFRWBBJISAZNK-UHFFFAOYSA-N,4-Hydroxycyclohexylcarboxylic acid,"Alanine, aspartate and glutamate metabolism",0.37872937,1,1,1,1,1,1
IK_HCHGFYPZNIAAGT-MOZMCZEASA-N,Donhexocin,Sphingolipid metabolism,0.20482664,1,1,0,1,1,1
IK_HCHPJRWDAXBWHL-DDCHMOMFSA-N,Cer(d17:1/LTE4),Sphingolipid metabolism,0.46271846,1,1,0,1,1,1
IK_HCJXCECWFHKWJZ-PVXQIPPMSA-N,PS(15:0/22:0),Glycerophospholipid metabolism,0.8102508,1,1,0,1,1,1
IK_HCOOTBJPHHNRCV-AQTSNUJDSA-N,3beta-hydroxy-4beta-methyl-5alpha-cholest-7-ene-4alpha-carbaldehyde,Primary bile acid biosynthesis,0.21246275,1,1,1,1,1,1
IK_HCPQJTXDTFGBNJ-WWCBJTKISA-N,PC O-44:7,Linoleic acid metabolism,0.7834194,1,1,0,0,0,1
IK_HCRKCZRJWPKOAR-JTQLQIEISA-N,Brinzolamide,Steroid biosynthesis,0.08612847,1,1,0,1,1,1
IK_HCZHHEIFKROPDY-UHFFFAOYSA-N,Kynurenic Acid,Pyrimidine metabolism,0.11706065,1,1,0,1,1,1
IK_HDAGCVMZABLHLE-UHFFFAOYSA-N,Momordol,Porphyrin metabolism,0.11383012,1,1,0,1,1,1
IK_HDFGOPSGAURCEO-UHFFFAOYSA-N,N-ethylmaleimide,Arginine biosynthesis,0.2959392,1,1,0,1,1,1
IK_HDOVUKNUBWVHOX-QMMMGPOBSA-N,Valaciclovir,Purine metabolism,0.7852598,1,1,0,1,1,1
IK_HEBKCHPVOIAQTA-NGQZWQHPSA-N,ribitol,Cysteine and methionine metabolism,0.3389527,1,1,0,0,0,1
IK_HEGSGKPQLMEBJL-RKQHYHRCSA-N,B-Octylglucoside,Sphingolipid metabolism,0.3760811,1,1,0,1,1,1
IK_HEMJJKBWTPKOJG-UHFFFAOYSA-N,Gemfibrozil,Citrate cycle (TCA cycle),0.07271167,1,1,0,1,1,1
IK_HEUQYIQQCNOXOG-UHFFFAOYSA-N,N-Undecanoylglycine,Linoleic acid metabolism,0.16701066,1,1,0,1,1,1
IK_HFTWTHSIMCSLFQ-CMLLUXCUSA-N,Glabric acid,Retinol metabolism,0.14471231,1,1,0,1,1,1
IK_HFXAFXVXPMUQCQ-BYPYZUCNSA-N,4-Oxo-L-proline,Cysteine and methionine metabolism,0.3004471,1,1,1,1,1,1
IK_HGDJXBPLHZFXGO-LBXGSASVSA-N,Phosphatidylethanolamine 16:1-18:1,Glycerophospholipid metabolism,0.9694066,1,1,0,0,0,1
IK_HGJUPYQMZUBYSJ-UHFFFAOYSA-N,Metipranolol or Nadolol,One carbon pool by folate,0.069673,1,1,0,1,1,1
IK_HGLVTNLCPFWLTF-UHFFFAOYSA-N,Cer 16:0;2O_23:0,Sphingolipid metabolism,0.18899013,1,1,0,0,0,1
IK_HGXBRUKMWQGOIE-NSMLZSOPSA-N,(-)-Pinoresinol,Retinol metabolism,0.086348645,1,1,0,1,1,1
IK_HHDMMUWDSFASNB-JZYAIQKZSA-N,4-O-(Indole-3-acetyl)-D-glucopyranose,Pyrimidine metabolism,0.2710924,1,1,0,1,1,1
IK_HHJTWTPUPVQKNA-JIAPQYILSA-N,nadh,Sphingolipid metabolism,0.98797566,1,1,0,1,0,1
IK_HHMMIZFWFLNZEU-UHFFFAOYSA-N,Desacetylmetipranolol,Glycerophospholipid metabolism,0.058191292,1,1,0,1,1,1
IK_HHTOWVWIVBSOKC-UHFFFAOYSA-N,"Cis,trans-5'-Hydroxythalidomide",Linoleic acid metabolism,0.13852423,1,1,0,1,1,1
IK_HHXMOTDTSDYYEI-UHFFFAOYSA-N,4-Oxododecanedioic acid,"Glycine, serine and threonine metabolism",0.27322957,1,1,1,1,1,1
IK_HIAJCGFYHIANNA-QIZZZRFXSA-N,3b ?<U+00C3><U+00B3>?<U+00C3><U+00B3>?<U+00C3><U+2021><U+00C3><U+0153>?<U+00C2><U+00BC>?<U+00C3><U+00B3>?<U+00C3><U+00A9><U+00C2><U+00BC>?<U+00C3><U+00B4>Hydroxy-5-cholenoic acid,Primary bile acid biosynthesis,0.7460231,1,1,0,1,1,1
IK_HIMXGTXNXJYFGB-UHFFFAOYSA-N,Alloxan,Vitamin B6 metabolism,0.09279514,1,1,0,1,1,1
IK_HJIKODJJEORHMZ-NNPZUXBVSA-N,28-Homobrassinolide,Linoleic acid metabolism,0.1151558,1,1,1,1,1,0
IK_HJJPJSXJAXAIPN-UHFFFAOYSA-N,Arecoline,Cysteine and methionine metabolism,0.20804676,1,0,0,0,1,0
IK_HJJVPARKXDDIQD-UHFFFAOYSA-N,Bromuconazole,Sphingolipid metabolism,0.055921387,1,1,0,1,1,1
IK_HJKVPZJVBHWFCQ-BDXSIMOUSA-N,17-Deoxyestradiol,Linoleic acid metabolism,0.4104669,1,1,0,1,1,1
IK_HJOVHMDZYOCNQW-UHFFFAOYSA-N,Isophorone,One carbon pool by folate,0.20994337,1,1,0,1,1,1
IK_HJSJELVDQOXCHO-JGVFFNPUSA-N,Heliotridine,Nicotinate and nicotinamide metabolism,0.2142117,1,1,0,1,1,0
IK_HJXMNVQARNZTEE-UHFFFAOYSA-N,(S)-3-Butyl-1(3H)-isobenzofuranone,Vitamin B6 metabolism,0.13445823,1,1,1,1,1,1
IK_HJZMWAMKWAKZAR-NJSWGWQKSA-N,"PA(22:6(4Z,7Z,10Z,13Z,16Z,19Z)/20:5(5Z,8Z,11Z,14Z,17Z))",Glycerophospholipid metabolism,0.9087809,1,1,0,1,1,1
IK_HKJOYARIOKGODS-UHFFFAOYSA-N,6-Amino-N-[6-keto-6-(6-ketohexylamino)hexyl]hexanamide,Glycerophospholipid metabolism,0.3813526,1,1,0,1,1,1
IK_HKPROAQUMPEHJM-GJLVVWLQSA-N,SM 43:2;2O,Sphingolipid metabolism,0.65796,1,1,0,0,0,1
IK_HKVFKEJBSWJQMU-UHFFFAOYSA-N,Xi-3-Methyl-3-cyclohexen-1-ol,Arginine biosynthesis,0.2859727,1,1,0,1,1,1
IK_HLIJNIKSBCIDGO-QKLMXXKVSA-N,C16:0 lactosylceramide,Sphingolipid metabolism,0.94608974,1,1,0,0,0,1
IK_HLPZZZJXJPXFIM-VHEBQXMUSA-N,1-O-Isopentyl-3-O-octadec-2-enoyl glycerol,Sphingolipid metabolism,0.6814501,1,1,1,1,1,1
IK_HLQYTKUIIJTNHH-JTAGEXAMSA-N,16-alpha-Hydroxyandrosterone,Sphingolipid metabolism,0.23079722,1,1,1,1,1,1
IK_HLVIBBYTXSJPBE-VXKURYGYSA-N,DG(TXB2/0:0/19:0),Linoleic acid metabolism,0.2288699,1,1,0,1,1,1
IK_HMFKFHLTUCJZJO-HHVQYONYSA-N,Polysorbate 80,Sphingolipid metabolism,0.14684534,1,1,0,1,1,1
IK_HMKKIXGYKWDQSV-UHFFFAOYSA-N,alpha-Amylcinnamaldehyde,One carbon pool by folate,0.07535783,1,1,0,1,1,1
IK_HMNKTRSOROOSPP-UHFFFAOYSA-N,3-Ethylphenol,One carbon pool by folate,0.16038172,1,1,1,1,1,0
IK_HMVMFGNKDHVMJV-UHFFFAOYSA-N,"2-Naphthalenepropanol, 6-hydroxy-a-methyl-",Steroid hormone biosynthesis,0.1352928,1,1,0,1,1,1
IK_HMXRXOXNFHVCIP-KEKNWZKVSA-N,DG(8:0/a-13:0/0:0),Linoleic acid metabolism,0.20698878,1,1,0,1,1,1
IK_HNDVDQJCIGZPNO-RXMQYKEDSA-N,D-Histidine,Histidine metabolism,0.9793833,1,0,0,0,1,1
IK_HNEGQIOMVPPMNR-NSCUHMNNSA-N,Mesaconic Acid,Citrate cycle (TCA cycle),0.3701673,1,1,0,1,1,1
IK_HNGIZKAMDMBRKJ-LBPRGKRZSA-N,ACETYLTRYPTOPHANAMIDE,Pyrimidine metabolism,0.40140352,1,1,1,1,1,1
IK_HNICUWMFWZBIFP-BSZOFBHHSA-N,13-HODE,Linoleic acid metabolism,0.78010654,1,1,0,0,0,1
IK_HNJBEVLQSNELDL-UHFFFAOYSA-N,butyrolactam,Arginine and proline metabolism,0.18115829,1,1,0,0,0,1
IK_HNOSJVWYGXOFRP-UNPOXIGHSA-N,Alisol A,Retinol metabolism,0.10688778,1,1,0,1,1,1
IK_HOMAGVUCNZNWBC-UHFFFAOYSA-N,2-Propenyl 3-methylbutanoate,Pyruvate metabolism,0.032849204,1,1,1,1,1,0
IK_HOOOPXDSCKBLFG-MRVPVSSYSA-N,(S)-4-Hydroxymandelonitrile,Arginine biosynthesis,0.1739868,1,1,1,1,1,1
IK_HOSGXJWQVBHGLT-UHFFFAOYSA-N,"6-Hydroxy-3,4-dihydro-2(1H)-quinolinone",Histidine metabolism,0.20108797,1,1,0,1,1,1
IK_HOSWPDPVFBCLSY-VKHMYHEASA-N,L-Aspartate-semialdehyde,"Alanine, aspartate and glutamate metabolism",0.20933795,1,1,0,1,1,1
IK_HOUYEUYYRCGVGJ-WDTHWMLCSA-N,PS 18:0_22:3,Glycerophospholipid metabolism,0.82510245,1,1,0,0,0,1
IK_HOVAGTYPODGVJG-VOQCIKJUSA-N,methyl-beta-D-galactopyranoside,Amino sugar and nucleotide sugar metabolism,0.18278572,1,1,0,1,0,1
IK_HPEUJPJOZXNMSJ-UHFFFAOYSA-N,norepinephrine (noradrenaline),Fatty acid biosynthesis,0.35369578,1,1,0,1,0,1
IK_HPFXACZRFJDURI-KTKRTIGZSA-N,Oleoyl glycine,Nicotinate and nicotinamide metabolism,0.14296035,1,1,0,1,1,1
IK_HPHUVLMMVZITSG-LURJTMIESA-N,Levetiracetam,Vitamin B6 metabolism,0.057573233,1,1,0,1,1,1
IK_HPHUVLMMVZITSG-UHFFFAOYSA-N,Etiracetam,Vitamin B6 metabolism,0.056656618,1,1,0,1,1,1
IK_HPHXOIULGYVAKW-IOSLPCCCSA-N,2'-O-Methylinosine,Sphingolipid metabolism,0.9688363,1,1,1,1,1,1
IK_HPMRFMKYPGXPEP-UHFFFAOYSA-N,Idazoxan,Steroid biosynthesis,0.068906054,1,1,0,1,1,1
IK_HPWLZTZUPVOGKR-VAWYXSNFSA-N,(4E)-3-Hydroxydodec-4-enoylcarnitine,Fatty acid degradation,0.3364554,1,1,1,1,1,1
IK_HPYDSVWYXXKHRD-VIFPVBQESA-N,Tyr-Gly,Linoleic acid metabolism,0.6574245,1,1,0,0,0,1
IK_HQIDPEYTETUCNF-XVFCMESISA-N,Uridine 2'-phosphate,Pyrimidine metabolism,0.5285566,1,1,0,1,1,1
IK_HQRWPYNQQYEQRQ-ORWZVCRDSA-N,Curcumin diglucoside,Retinol metabolism,0.17013073,1,1,0,1,1,1
IK_HQUQLFOMPYWACS-UHFFFAOYSA-N,Tris(2-chloroethyl) phosphate,Starch and sucrose metabolism,0.06750827,1,1,0,1,1,1
IK_HQUSKUTUDDZKOD-UTOMUYHSSA-N,Cinncassiol D3,Linoleic acid metabolism,0.12638272,1,1,0,1,1,1
IK_HQXMTDSLKXAPTA-NRFANRHFSA-N,N-Palmitoyl Asparagine,Fatty acid degradation,0.15712535,1,1,0,1,1,1
IK_HRLQZTOIKWEZBN-UHFFFAOYSA-N,2-Hydroxyacetaminophen sulfate,Nicotinate and nicotinamide metabolism,0.06921709,1,1,1,1,1,1
IK_HRRYYCWYCMJNGA-ZETCQYMHSA-N,"Histidine, alpha-methyl-",Histidine metabolism,0.47226697,1,0,0,0,1,1
IK_HRWWBCRSPUEXDM-XTMWUNHTSA-N,Oryzalexin D,Retinol metabolism,0.07550069,1,1,0,1,1,1
IK_HRXXSHLQHFOCLQ-BYTZVSHESA-N,SM 27:3;2O_16:0,Glycerophospholipid metabolism,0.22453418,1,1,0,0,0,1
IK_HRYLQFBHBWLLLL-AHNJNIBGSA-N,Costunolide,Drug metabolism - cytochrome P450,0.21456954,1,1,0,1,1,1
IK_HSHNITRMYYLLCV-UHFFFAOYSA-N,7-HYDROXY-4-METHYLCOUMARIN,Arginine biosynthesis,0.20311724,1,1,0,1,0,1
IK_HSHUXNYMVPABPS-FEMAWNSXSA-N,"PS(22:0/20:4(5Z,8Z,11Z,14Z)-OH(20))",Glycerophospholipid metabolism,0.83631605,1,1,0,1,1,1
IK_HSMHKPFJPOTDCW-MFDWXRHISA-N,Vitamin D3 glucosiduronate,Steroid biosynthesis,0.37972018,1,1,0,1,1,1
IK_HSMNQINEKMPTIC-UHFFFAOYSA-N,2-[(4-aminobenzoyl)amino]acetic acid],One carbon pool by folate,0.059640296,1,1,0,0,0,1
IK_HSQVHYANHDSFFI-UHFFFAOYSA-N,"2',3-Dimethyl-4-aminobiphenyl",Drug metabolism - cytochrome P450,0.099122725,1,1,1,1,1,1
IK_HSUNTEFOMSKZCT-UHFFFAOYSA-N,Deoxycholylhistidine,Primary bile acid biosynthesis,0.6474144,1,1,0,1,1,1
IK_HTRUBLMPPVBOHG-UHFFFAOYSA-N,"2-Mercapto-3-phenylthieno[3,2-d]pyrimidin-4(3H)-one",Glycerophospholipid metabolism,0.1777212,1,1,1,1,1,1
IK_HUGUGFBIYQBLCS-UHFFFAOYSA-N,Melanettin,Tyrosine metabolism,0.19751063,1,1,0,1,1,1
IK_HUGUUANDTOCOMR-VYAVKELMSA-N,"PC(20:3(5Z,8Z,11Z)/PGE1)",Linoleic acid metabolism,0.87981707,1,1,0,1,1,1
IK_HUMNYLRZRPPJDN-UHFFFAOYSA-N,Benzaldehyde,Tryptophan metabolism,0.21638526,1,1,0,1,1,1
IK_HUTDUHSNJYTCAR-UHFFFAOYSA-N,Ancymidol,Pyruvate metabolism,0.048426133,1,1,0,1,1,1
IK_HVDGDHBAMCBBLR-PBHICJAKSA-N,Enterolactone,Drug metabolism - cytochrome P450,0.4693107,1,1,0,1,1,1
IK_HVFNSJGQAVFVAX-LDOBPFQESA-N,"PS(20:5(6E,8Z,11Z,14Z,17Z)-OH(5)/24:0)",Linoleic acid metabolism,0.4523078,1,1,0,1,1,1
IK_HVGRZDASOHMCSK-AVQMFFATSA-N,FA 22:2 (docosadienoic acid),Sphingolipid metabolism,0.5692324,1,1,0,0,0,1
IK_HVLXXQDJGPKVMK-NCVKUBNTSA-N,Janthitrem C,Steroid biosynthesis,0.12166287,1,1,0,1,1,1
IK_HVPFXCBJHIIJGS-LURJTMIESA-N,SDMA,Citrate cycle (TCA cycle),0.07526896,1,1,0,0,0,1
IK_HVRNKDVLFAVCJF-VJANTYMQSA-N,5-Methyltetrahydropteroyltri-L-glutamic acid,Linoleic acid metabolism,0.54179835,1,1,0,1,1,1
IK_HVUMOYIDDBPOLL-XWVZOOPGSA-N,Sorbitan stearate,Steroid biosynthesis,0.1385514,1,1,0,1,1,1
IK_HWDMHJDYMFRXOX-XVFCMESISA-N,"Uridine 2',3'-cyclic phosphate",Pyrimidine metabolism,0.7437127,1,1,0,1,1,1
IK_HWGBHCRJGXAGEU-UHFFFAOYSA-N,Methylthiouracil,Vitamin B6 metabolism,0.085032195,1,1,0,1,1,1
IK_HWWVPVUGOLNSEB-UHFFFAOYSA-N,1-Benzenesulfonyl-5-ethyl-5-phenylhydantoin,Linoleic acid metabolism,0.4082324,1,1,1,1,1,1
IK_HXBKNURIXGGFCX-VIFPVBQESA-N,Homoanserine,Histidine metabolism,0.96984226,1,1,0,1,1,1
IK_HXHZGHRLVRFQDR-HZJYTTRNSA-N,Goshuyic acid,Sphingolipid metabolism,0.7649269,1,1,0,1,1,1
IK_HXKKHQJGJAFBHI-UHFFFAOYSA-N,1-Amino-propan-2-ol,"Alanine, aspartate and glutamate metabolism",0.35832927,1,1,0,1,1,1
IK_HXNFUBHNUDHIGC-UHFFFAOYSA-N,Oxypurinol,Caffeine metabolism,0.44836682,1,1,0,1,1,1
IK_HXYVTAGFYLMHSO-UHFFFAOYSA-N,Palmitoylethanolamide,Linoleic acid metabolism,0.46196687,1,1,0,1,1,1
IK_HXZFYDGMORCWCA-KTKRTIGZSA-N,MG(0:0/24:1(15Z)/0:0),Steroid biosynthesis,0.15121748,1,1,0,1,1,1
IK_HYBBIBNJHNGZAN-UHFFFAOYSA-N,Furfural,Citrate cycle (TCA cycle),0.12697294,1,1,0,1,1,1
IK_HYHZGBOWRWIEGW-UHFFFAOYSA-N,5-(Methoxycarbonyl)thiophene-2-carboxylic acid,Histidine metabolism,0.11374422,1,1,1,1,1,1
IK_HYQNKKAJVPMBDR-HIFRSBDPSA-N,Hernandulcin,Pentose phosphate pathway,0.059821505,1,1,0,1,1,1
IK_HYRKAAMZBDSJFJ-LFDBJOOHSA-N,Paramethasone acetate,Linoleic acid metabolism,0.3478771,1,1,0,1,1,1
IK_HYVABZIGRDEKCD-UHFFFAOYSA-N,Isopentenyladenine,Purine metabolism,0.15911841,1,1,0,1,1,1
IK_HYXQKVOADYPQEA-CIUDSAMLSA-N,Isoleucyl-Arginine,Vitamin B6 metabolism,0.05849023,1,1,0,1,1,1
IK_HZACOPMRVHUEFI-ISIOAQNYSA-N,Dmg-mino,Linoleic acid metabolism,0.21317746,1,1,0,1,1,1
IK_HZBABTUFXQLADL-UHFFFAOYSA-N,4-Heptyloxyphenol,Arginine biosynthesis,0.29857162,1,1,1,1,1,1
IK_HZCBCWUIZCCMEB-HUSZLGJPSA-N,Polypodine B,Linoleic acid metabolism,0.24062596,1,1,0,1,1,1
IK_HZMSBMNSIHSLPJ-KUBAVDMBSA-N,N-docosahexaenoyl GABA,Glycerophospholipid metabolism,0.25924942,1,1,0,1,1,1
IK_HZPUWSUHFOTSAY-AKTWBEBISA-N,Cer 18:1;2O/24:1,Glycerophospholipid metabolism,0.98926675,1,1,0,0,0,1
IK_IACOAKYXFIWAQN-UHFFFAOYSA-N,homovanillic acid sulfate,Tyrosine metabolism,0.6507384,1,1,0,0,0,1
IK_IAHCDPVIVIKDFJ-DIACKHNESA-N,Dihyroxy-1H-indole glucuronide I,Ascorbate and aldarate metabolism,0.82294494,1,1,0,1,1,1
IK_IAIWVQXQOWNYOU-FPYGCLRLSA-N,Nitrofurazone,Cysteine and methionine metabolism,0.08303228,1,1,0,1,1,1
IK_IANQTJSKSUMEQM-UHFFFAOYSA-N,Benzofuran,One carbon pool by folate,0.10923696,1,1,0,1,1,1
IK_IAOZJIPTCAWIRG-QWRGUYRKSA-N,Aspartame,Ether lipid metabolism,0.16941231,1,1,0,1,1,1
IK_IAVREABSGIHHMO-UHFFFAOYSA-N,3-Hydroxybenzaldehyde,D-Amino acid metabolism,0.20338771,1,1,1,1,1,1
IK_IBAQFPQHRJAVAV-ULAWRXDQSA-N,Miglitol,One carbon pool by folate,0.074593335,1,1,0,1,1,1
IK_IBLCRTNVHXHBPT-UHFFFAOYSA-N,4-Methoxyindoxyl sulfate,D-Amino acid metabolism,0.3223383,1,1,1,1,1,1
IK_IBQZIPBWWJOUDZ-UHFFFAOYSA-N,"2-[(2S)-2,6-Diaminohexanoyl]oxyacetic acid",Cysteine and methionine metabolism,0.5377262,1,1,1,1,1,1
IK_IBRKLUSXDYATLG-ZCFIWIBFSA-N,(R)-Salsolinol,Retinol metabolism,0.088215,1,1,1,1,1,1
IK_IBRQTOKMQLIMRF-KACBBQTFSA-N,Candidin,Riboflavin metabolism,0.25764343,1,1,0,1,1,1
IK_IBZYPBGPOGJMBF-QRHMYKSGSA-N,N-Jasmonoylisoleucine,Galactose metabolism,0.07851926,1,1,0,1,1,1
IK_ICFXZZFWRWNZMA-UHFFFAOYSA-N,Diethylpropion or Heptopargil,Arachidonic acid metabolism,0.10190139,1,1,0,1,1,1
IK_ICLWTJIMXVISSR-UHFFFAOYSA-N,Gallamonum,Retinol metabolism,0.08883829,1,1,0,1,1,1
IK_ICMUIFDBEVJCQA-GQQBCVOHSA-N,N-Acetylmuramoyl-Ala,Sphingolipid metabolism,0.175162,1,1,0,1,1,1
IK_ICSANXSPLDFBSA-ZUYRUSJRSA-N,Pressinoic acid,Sphingolipid metabolism,0.25824738,1,1,0,1,1,1
IK_IDAICLIJTRXNER-UHFFFAOYSA-N,Tetrahydropteridine,One carbon pool by folate,0.091072,1,1,0,1,1,1
IK_IDFPDDYONWABIH-CXCWZUHBSA-N,PE(15:1(9Z)),Glycerophospholipid metabolism,0.92281026,1,1,0,1,1,1
IK_IDIDJDIHTAOVLG-VKHMYHEASA-N,S-Methyl-L-Cysteine,Cysteine and methionine metabolism,0.24568711,1,1,0,1,1,1
IK_IDRRCKUGGXLORG-FJXQXJEOSA-N,"3-O-Methyldopa1,2,3",Tyrosine metabolism,0.4334836,1,1,0,1,1,1
IK_IDYRXWOMWZHWEO-UHFFFAOYSA-N,"4-(8-Amino-1,2,3,4-tetrahydro-2-methyl-4-isoquinolinyl)phenol",One carbon pool by folate,0.062487755,1,1,1,1,1,1
IK_IECPWNUMDGFDKC-MZJAQBGESA-N,Fusidic Acid,Ascorbate and aldarate metabolism,0.19644976,1,1,0,1,1,1
IK_IEDVJHCEMCRBQM-UHFFFAOYSA-N,trimethoprim,One carbon pool by folate,0.06698978,1,1,0,0,0,1
IK_IEFQLTYCECVOLL-UHFFFAOYSA-N,Gamma-Glutamyl-Se-methylselenocysteine,Retinol metabolism,0.07939551,1,1,0,1,1,1
IK_IEJSCSAMMLUINT-NRFANRHFSA-N,Plevitrexed,Steroid biosynthesis,0.14750834,1,1,0,1,1,1
IK_IEPGNWMPIFDNSD-HZJYTTRNSA-N,Linoleoyl Glycerol,Sphingolipid metabolism,0.3445634,1,1,0,1,1,1
IK_IFBAQPJUVKRGOW-VXPUYCOJSA-N,PE-NMe2(20:1(11Z)/16:0),Ether lipid metabolism,0.16740835,1,1,0,1,1,1
IK_IFNXFIJXYVEYLF-UHFFFAOYSA-N,2-Propylglutaric Acid,D-Amino acid metabolism,0.17356163,1,1,1,1,1,0
IK_IFRKCNPQVIJFAQ-PQVBWYSWSA-N,"4-Hydroxy-5E,7Z,10Z,13Z,16Z,19Z-docosahexaenoic acid",Pyrimidine metabolism,0.24084373,1,1,0,0,0,1
IK_IFZSZULHIWFRSB-KZVJFYERSA-N,Isoleucylhydroxyproline,One carbon pool by folate,0.121547595,1,1,0,1,1,1
IK_IGFHQQFPSIBGKE-UHFFFAOYSA-N,4-Nonylphenol,Tyrosine metabolism,0.29308736,1,1,1,1,1,1
IK_IGJKYDBBINVMLH-JXRLJXCWSA-N,"LysoPC(0:0/20:4(5Z,8Z,11Z,14Z))",Linoleic acid metabolism,0.7726707,1,1,0,1,1,1
IK_IGQBPDJNUXPEMT-SNVBAGLBSA-N,Isovalerylcarnitine,Biosynthesis of unsaturated fatty acids,0.27245715,1,1,0,1,1,1
IK_IGQGIACCENRGLM-SOFGYWHQSA-N,"(E)-2,6-Dimethyl-2,5-heptadienoic acid",Citrate cycle (TCA cycle),0.07538283,1,1,1,1,1,1
IK_IGRHJCFWWOQYQE-SYQHCUMBSA-N,Tetranor-PGFM,Sphingolipid metabolism,0.24088876,1,1,0,1,1,1
IK_IGTMFIJOUADBDC-UHFFFAOYSA-N,Sulfuric acid 4-methoxyphenyl ester,One carbon pool by folate,0.10350974,1,1,0,1,1,1
IK_IGTYILLPRJOVFY-UHFFFAOYSA-N,Paracetamol sulfate,Nicotinate and nicotinamide metabolism,0.15691529,1,1,0,1,1,1
IK_IHCPDBBYTYJYIL-UHFFFAOYSA-N,2-Methylbutyroylcarnitine,Arachidonic acid metabolism,0.82483995,1,1,1,1,1,1
IK_IHEIQVVAYQRRCC-BKJIRRBHSA-N,"PS(20:5(5Z,8Z,11Z,14Z,17Z)/20:0)",Glycerophospholipid metabolism,0.7219643,1,1,0,0,0,1
IK_IHFRBIZNQISAFK-JTQLQIEISA-N,Phenylacetyl glutaminate,Drug metabolism - cytochrome P450,0.1385574,1,1,0,1,1,1
IK_IHLDCUQUFBWSJU-PRJDIBJQSA-N,(2R)-6-methylpiperidine-2-carboxylic acid,D-Amino acid metabolism,0.21323511,1,0,0,0,1,1
IK_IHNHFVFOGDZMEW-UHFFFAOYSA-N,FAHFA(16:0/13-O-16:0),Sphingolipid metabolism,0.30800626,1,1,0,1,1,1
IK_IHTCCHVMPGDDSL-IVNGUWCNSA-N,Cucurbitacin A,Linoleic acid metabolism,0.2640594,1,1,0,1,1,1
IK_IHTMGUFGDQUBIO-QGEKYMHSSA-N,"DG(18:0/0:0/20:4(8Z,11Z,14Z,17Z)-2OH(5S,6R))",Sphingolipid metabolism,0.17627233,1,1,0,1,1,1
IK_IIBOGKHTXBPGEI-UHFFFAOYSA-N,N-benzylformamide,Primary bile acid biosynthesis,0.23457216,1,1,0,1,1,1
IK_IIODELUADFSHIZ-UHFFFAOYSA-N,2-[4-(sulfooxy)phenyl]acetic acid,Tyrosine metabolism,0.4961092,1,1,1,1,1,1
IK_IIPZYDQGBIWLBU-UHFFFAOYSA-N,Dinoterb,Citrate cycle (TCA cycle),0.18083774,1,1,0,1,1,1
IK_IIRDTKBZINWQAW-UHFFFAOYSA-N,Hexaethylene glycol,Glycerophospholipid metabolism,0.966457,1,1,0,0,0,1
IK_IIRJJZHHNGABMQ-WPRPVWTQSA-N,N-lactoyl-phenylalanine,Ascorbate and aldarate metabolism,0.75199306,1,1,0,1,1,1
IK_IIRQXNVLAXQEKB-KBEZCZBDSA-N,TG 51:4,Glycerophospholipid metabolism,0.75383055,1,1,0,0,0,1
IK_IITQLVPAMWYCDQ-UHFFFAOYSA-N,"6-[3-(2-carboxyethyl)-5-hydroxyphenoxy]-3,4,5-trihydroxyoxane-2-carboxylic acid",Glutathione metabolism,0.14752476,1,1,0,1,1,1
IK_IJFXRHURBJZNAO-UHFFFAOYSA-N,3-Hydroxybenzoic Acid,Phenylalanine metabolism,0.16296652,1,1,1,1,1,1
IK_IJJKRFDBPRPLQQ-UHFFFAOYSA-N,"Trans-p-Menthane-7,8-diol 7-glucoside",Pentose phosphate pathway,0.053340346,1,1,0,1,1,1
IK_IJKKTQLUXOILBQ-ZBHICJROSA-N,N-Lactoylvaline,One carbon pool by folate,0.13312623,1,1,0,1,1,1
IK_IJPNDQQOKFKBRG-ZPZYUIKSSA-N,Cinncassiol C3,Sphingolipid metabolism,0.13725106,1,1,0,1,1,1
IK_IJTJDJOOHZVSAC-NDRUHXFFSA-N,PC 40:5,Linoleic acid metabolism,0.98117745,1,1,0,1,1,1
IK_IJVCSMSMFSCRME-UHFFFAOYSA-N,Hydromorphine,Fatty acid degradation,0.115625784,1,1,0,1,1,1
IK_IJVRPNIWWODHHA-UHFFFAOYSA-N,2-Cyanoacrylic acid,Histidine metabolism,0.25507694,1,1,1,1,1,1
IK_IKBKWHISHDVLNO-UHFFFAOYSA-N,Dihydronaringenin-O-sulphate,Vitamin B6 metabolism,0.09042264,1,1,0,1,1,1
IK_IKQCSJBQLWJEPU-UHFFFAOYSA-M,"2,5-dihydroxybenzenesulfonate",Linoleic acid metabolism,0.46877035,1,1,0,0,0,1
IK_ILCLBYYAGZLAGC-UHFFFAOYSA-N,"8-Chloro-2,3,4,9-Tetrahydro-1h-Beta-Carbolin-1-one",Nicotinate and nicotinamide metabolism,0.1938846,1,1,0,1,1,1
IK_ILGMGHZPXRDCCS-UHFFFAOYSA-N,"(2-oxo-2,3-Dihydro-1H-Indol-3-yl)acetic Acid",Citrate cycle (TCA cycle),0.30134046,1,1,1,1,1,1
IK_ILHLUZUMRJQEAH-UHFFFAOYSA-N,3-Isochromanone,Pentose phosphate pathway,0.098446526,1,1,0,0,0,1
IK_ILJSQTXMGCGYMG-UHFFFAOYSA-N,Triacetic acid,"Glycine, serine and threonine metabolism",0.7975094,1,1,0,1,1,1
IK_ILMMSBJXXQIEEM-UHFFFAOYSA-N,"2-Amino-1,2-bis(p-chlorophenyl)ethanol",Vitamin B6 metabolism,0.21034531,1,1,1,1,1,1
IK_ILNJBIQQAIIMEY-UHFFFAOYSA-N,"4-Oxo-1,4-dihydroquinoline-3-carboxylic acid",Pyruvate metabolism,0.08475428,1,1,1,1,1,1
IK_ILNUTMKQMUMBTE-OFSUYRCTSA-N,"5-Oxoicosa-3,6,8-trienoic acid",Linoleic acid metabolism,0.28698626,1,1,0,1,1,1
IK_ILUZPRRJJSFYEH-OBNQGTFASA-N,3-O-beta-D-glucosyl-brassicasterol,Linoleic acid metabolism,0.89645123,1,1,1,1,1,1
IK_ILVGMCVCQBJPSH-WDSKDSINSA-N,Ser-Val,Glycerophospholipid metabolism,0.7151456,1,1,0,0,0,1
IK_IMMPMHKLUUZKAZ-UHFFFAOYSA-N,Tryptophyl-Phenylalanine,Ascorbate and aldarate metabolism,0.25286666,1,1,0,1,1,1
IK_IMOKOCYUKGZZAG-CSMHCCOUSA-N,Valylhydroxyproline,Sphingolipid metabolism,0.087185726,1,1,0,1,1,1
IK_IMWZZHHPURKASS-UHFFFAOYSA-N,Metaxalone,Vitamin B6 metabolism,0.05836179,1,1,0,1,1,1
IK_IMYZYCNQZDBZBQ-UHFFFAOYSA-N,"9,10-Epoxyoctadecanoic acid",Vitamin B6 metabolism,0.087901674,1,1,1,1,1,1
IK_INDBQLZJXZLFIT-UHFFFAOYSA-N,Primaquine,Steroid biosynthesis,0.100333646,1,1,0,1,1,1
IK_INHVGPIPHZJQOP-ZNMIVQPWSA-N,Koninginin E,Vitamin B6 metabolism,0.058031805,1,1,0,1,1,1
IK_INIIAIIRDKMVMR-UHFFFAOYSA-N,4-Methylpropranolol,Retinol metabolism,0.06250885,1,1,1,1,1,1
IK_INMKWUNQKOWGEZ-VQHVLOKHSA-N,Traumatin,Fatty acid degradation,0.19355041,1,1,0,1,1,1
IK_INVGWHRKADIJHF-UHFFFAOYSA-N,Sanguinarine,Sphingolipid metabolism,0.06071366,1,1,0,1,1,1
IK_INWLQCZOYSRPNW-UHFFFAOYSA-N,Mepivacaine,Linoleic acid metabolism,0.5472519,1,1,0,1,1,1
IK_INXWZSVGTHMNEU-FZWLCVONSA-N,"2,5-Octadien-1-ol",Purine metabolism,0.20954701,1,1,1,1,1,1
IK_IODKAUXLYSBFAK-WMKZAWCOSA-N,PC O-46:8,Linoleic acid metabolism,0.7834194,1,1,0,0,0,1
IK_IOFRHEYTWVCPIG-UHFFFAOYSA-N,"3-Oxa-9-azoniatricyclo[3.3.1.02,4]nonane, 9-ethyl-7-hydroxy-9-methyl-",Arginine biosynthesis,0.12870556,1,1,1,1,1,1
IK_IOJNOBYNWXBNBY-ZFORQUDYSA-N,Genistein 5-O-glucuronide,Linoleic acid metabolism,0.10613103,1,1,0,1,1,1
IK_IOQPZZOEVPZRBK-UHFFFAOYSA-N,Octylamine,Arginine and proline metabolism,0.57106805,1,1,0,1,1,1
IK_IOUPEELXVYPCPG-LURJTMIESA-N,Val-Gly,Glycerophospholipid metabolism,0.9503981,1,1,0,0,0,1
IK_IPEHBUMCGVEMRF-UHFFFAOYSA-N,Pyrazinamide,Nicotinate and nicotinamide metabolism,0.17554168,1,0,0,0,1,1
IK_IPOLTUVFXFHAHI-OUKQBFOZSA-N,Elaidic carnitine,Sphingolipid metabolism,0.47057334,1,1,0,1,1,1
IK_IPOLTUVFXFHAHI-WHIOSMTNSA-N,Oleoyl-L-Carnitine,Sphingolipid metabolism,0.40454805,1,1,0,1,1,1
IK_IPVQLZZIHOAWMC-QXKUPLGCSA-N,Perindopril,Linoleic acid metabolism,0.06883756,1,1,0,1,1,1
IK_IPWFJLQDVFKJDU-UHFFFAOYSA-N,Pentanamide,Arginine biosynthesis,0.26519912,1,1,0,1,1,1
IK_IPWKIXLWTCNBKN-UHFFFAOYSA-N,Ornidazole,Nicotinate and nicotinamide metabolism,0.06510104,1,1,0,0,0,1
IK_IQBBLPBSHOILKP-UHFFFAOYSA-N,Dimethyltriazenoimidazole carboxamide,One carbon pool by folate,0.15713347,1,1,0,1,1,1
IK_IQGPMZRCLCCXAG-RUZDIDTESA-N,LysoPC(0:0/18:0),Linoleic acid metabolism,0.85620016,1,1,0,1,1,1
IK_IQVQXVFMNOFTMU-FLIBITNWSA-N,Ligusticide,Arginine biosynthesis,0.16364695,1,1,0,1,1,1
IK_IQYIDEWXVLGTDZ-AWQFTUOYSA-N,"(3b,16a,21b,22a)-12-Oleanene-3,16,21,23,28-pentol-22-angeloyloxy-23-al",Linoleic acid metabolism,0.4787163,1,1,1,1,1,1
IK_IQZZFVDIZRWADY-UHFFFAOYSA-N,Isocoumarin,Fatty acid degradation,0.16983153,1,1,0,1,1,1
IK_IRHVLQMEQPABHG-QUZWXNHXSA-N,Contignasterol,Primary bile acid biosynthesis,0.1964741,1,1,0,1,1,1
IK_IRSFLDGTOHBADP-UHFFFAOYSA-N,Embelin,Vitamin B6 metabolism,0.053047337,1,1,0,1,1,1
IK_ISAVYTVYFVQUDY-UHFFFAOYSA-N,"4-(1,1,3,3-Tetramethylbutyl)-phenol",Tyrosine metabolism,0.1861897,1,1,1,1,1,1
IK_ISRLGZXSKRDKID-JXBDSQKUSA-N,phospholipid,Glycerophospholipid metabolism,0.2869869,1,1,0,1,1,1
IK_ISSGPXMQOMAFMJ-DMGKHJLRSA-N,TG 51:3,Linoleic acid metabolism,0.5186024,1,1,0,0,0,1
IK_ISSKMEQROMFEHL-UHFFFAOYSA-N,Linotroban,Ether lipid metabolism,0.052104823,1,1,0,1,1,1
IK_ISWSIDIOOBJBQZ-UHFFFAOYSA-N,Phenol,Arginine biosynthesis,0.43689346,1,1,0,1,1,1
IK_ISYWECDDZWTKFF-UHFFFAOYSA-N,Nonadecanoic acid,Sphingolipid metabolism,0.39736268,1,1,0,1,1,1
IK_ITCNXQGVIXCKSL-XXXOFKRQSA-N,DG(10:0/LTE4/0:0),Sphingolipid metabolism,0.3329199,1,1,0,1,1,1
IK_ITPJUJKUKRFQHQ-UHFFFAOYSA-N,guanidinobutyric acid methyl ester,Citrate cycle (TCA cycle),0.0548335,1,1,0,0,0,1
IK_ITZMJCSORYKOSI-AJNGGQMLSA-N,APGPR Enterostatin,Steroid biosynthesis,0.13727938,1,1,0,1,1,1
IK_IUBMRJVNZLQSHU-FDJBSCRHSA-N,Monic acid,Retinol metabolism,0.07575617,1,1,0,1,1,1
IK_IUBSYMUCCVWXPE-UHFFFAOYSA-N,Metoprolol,Arginine biosynthesis,0.08291326,1,1,0,1,1,1
IK_IULJSGIJJZZUMF-UHFFFAOYSA-N,O-Phenolsulfonic acid,Vitamin B6 metabolism,0.07687635,1,1,0,1,1,1
IK_IULKWYSYZSURJK-AVGNSLFASA-N,Gln Leu Lys,Linoleic acid metabolism,0.82720244,1,1,0,1,1,1
IK_IVEOBKYBCRMTLK-ZPMDXPHCSA-N,FFA 20:3,Sphingolipid metabolism,0.23022965,1,1,0,1,1,1
IK_IVFYLRMMHVYGJH-PVPPCFLZSA-N,Polyporusterone C,Linoleic acid metabolism,0.20364489,1,1,0,1,1,1
IK_IVFYLRMMHVYGJH-VLOLGRDOSA-N,Bolasterone,Primary bile acid biosynthesis,0.16977395,1,1,0,1,1,1
IK_IVOMOUWHDPKRLL-KQYNXXCUSA-N,"3',5'-Cyclic AMP",Glycerophospholipid metabolism,0.87646985,1,1,1,1,1,0
IK_IVUWYMCIIBQTQB-VAFBSOEGSA-N,Estrane skeleton,Steroid hormone biosynthesis,0.39572135,1,1,0,1,1,1
IK_IWBHCLOBTQKEFG-UHFFFAOYSA-N,Reticulatamol,Glycerophospholipid metabolism,0.27015752,1,1,0,1,1,1
IK_IWDCLRJOBJJRNH-UHFFFAOYSA-N,p-cresol,Arginine biosynthesis,0.40136448,1,1,0,1,0,1
IK_IWHLYPDWHHPVAA-UHFFFAOYSA-N,6-Hydroxycaproic acid,Primary bile acid biosynthesis,0.20803791,1,1,0,1,1,1
IK_IWJBVMJWSPZNJH-UQGZVRACSA-N,ethyl-beta-glucuronide,Ascorbate and aldarate metabolism,0.9310367,1,1,0,0,0,1
IK_IWSYJJNDWNKMJD-WFPKBTJNSA-N,"SM(d18:2(4E,14Z)/TXB2)",Sphingolipid metabolism,0.4406323,1,1,0,1,1,1
IK_IXELFRRANAOWSF-FNORWQNLSA-N,Ajoene,Nicotinate and nicotinamide metabolism,0.11984953,1,1,0,1,1,1
IK_IXORZMNAPKEEDV-UHFFFAOYSA-N,Gibberellins,Retinol metabolism,0.07266511,1,1,0,1,1,1
IK_IXOXBSCIXZEQEQ-UHTZMRCNSA-N,Nelarabine,Biosynthesis of unsaturated fatty acids,0.30376247,1,0,0,0,1,1
IK_IXRKDGGGFFCRIR-UHFFFAOYSA-N,haplamine,Nicotinate and nicotinamide metabolism,0.090879194,1,0,0,0,1,1
IK_IXSYVBCFIGEECR-JLNKQSITSA-N,"MG(0:0/20:5(5Z,8Z,11Z,14Z,17Z)/0:0)",Glycerophospholipid metabolism,0.34226334,1,1,0,1,1,1
IK_IXVMHGVQKLDRKH-QHBHMFGVSA-N,24-Epibrassinolide,Retinol metabolism,0.10796743,1,1,1,1,1,0
IK_IYJILWQAFPUBHP-UHFFFAOYSA-N,L-beta-aspartyl-L-leucine,Caffeine metabolism,0.31370047,1,1,0,1,1,1
IK_IYMMESGOJVNCKV-JOYOIKCWSA-N,Rimiterol,Tryptophan metabolism,0.25538033,1,1,0,1,1,1
IK_IYYVNINVOLHLIG-GEMHLVOWSA-N,PC O-44:6,Linoleic acid metabolism,0.7834194,1,1,0,0,0,1
IK_IZEZNNYKKNVXNA-UHFFFAOYSA-N,"3-(3,5-dihydroxyphenyl)-1-propanoic acid sulphate",Vitamin B6 metabolism,0.11221054,1,1,1,1,1,0
IK_IZGYIFFQBZWOLJ-UUZREKTLSA-N,Phaseic acid,Linoleic acid metabolism,0.14923513,1,1,1,1,1,1
IK_IZSQXJNSFOEMRP-FEOHXENLSA-N,PC 42:5e,Linoleic acid metabolism,0.7834194,1,1,0,0,0,1
IK_IZXYHAXVIZHGJV-UHFFFAOYSA-N,P-Menth-cis-2-en-1-ol,Linoleic acid metabolism,0.15933007,1,1,0,1,1,1
IK_IZZIWIAOVZOBLF-UHFFFAOYSA-N,5-methoxysalicylic acid,Tyrosine metabolism,0.8667973,1,1,0,0,0,1
IK_JADDQZYHOWSFJD-FLNNQWSLSA-N,5'-N-Ethylcarboxamidoadenosine,One carbon pool by folate,0.106592275,1,1,1,1,1,1
IK_JALVTHFTYRPDMB-HRRTYWNUSA-N,Demissidine,Steroid hormone biosynthesis,0.25086588,1,1,0,1,1,1
IK_JAQGKXUEKGKTKX-HOTGVXAUSA-N,Tyr-Tyr-OH,Steroid biosynthesis,0.19576034,1,1,0,1,1,1
IK_JAQZKPHHLRTVCY-ZHRKTGFNSA-N,Soyasapogenol D,Steroid biosynthesis,0.10447106,1,1,0,1,1,1
IK_JARYYMUOCXVXNK-CSLFJTBJSA-N,Validamycin A,Sphingolipid metabolism,0.08611524,1,1,0,1,1,1
IK_JATNWMBUDXLMEO-UHFFFAOYSA-N,Isoamyl isothiocyanate,One carbon pool by folate,0.09748346,1,1,0,1,1,1
IK_JBCLFWXMTIKCCB-VIFPVBQESA-N,Glycyl-Phenylalanine,Ascorbate and aldarate metabolism,0.36981755,1,1,0,1,1,1
IK_JBFYFLXEJFQWMU-WDSKDSINSA-N,N2-gamma-Glutamylglutamine,Citrate cycle (TCA cycle),0.062411856,1,1,0,1,1,1
IK_JBIMVDZLSHOPLA-LSCVHKIXSA-N,Olopatadine,Glycerophospholipid metabolism,0.16992964,1,1,0,1,0,1
IK_JBKVHLHDHHXQEQ-UHFFFAOYSA-N,Epsilon-caprolactam,One carbon pool by folate,0.07133157,1,1,0,1,1,1
IK_JBNUARFQOCGDRK-UHFFFAOYSA-N,"(+)-threo-2-Amino-3,4-dihydroxybutanoic acid","Valine, leucine and isoleucine biosynthesis",0.93745595,1,1,1,1,1,1
IK_JBVCSNJKVNKDHK-UHFFFAOYSA-N,Mopidralazine,Linoleic acid metabolism,0.12335255,1,1,0,1,1,1
IK_JCELSEVNSMXGKA-IOLBBIBUSA-N,SM d36:0,Sphingolipid metabolism,0.7300004,1,1,0,0,0,1
IK_JCGMJARSAZGXHM-UHFFFAOYSA-N,"3-Hydroxy-6,8-dimethoxy-7(11)-eremophilen-12,8-olide",Vitamin B6 metabolism,0.051832035,1,1,1,1,1,1
IK_JDJSHLXEHWCLEP-SYHAXYEDSA-N,Miserotoxin,Starch and sucrose metabolism,0.12735198,1,1,0,1,1,1
IK_JDOLBVXUTAGQDQ-LZOINSICSA-N,9-Hydroxylinoleic acid,Sphingolipid metabolism,0.18770409,1,1,0,1,1,1
IK_JDPXOFGDHXVNAK-VHUPYEGGSA-N,"PG(i-12:0/18:2(9Z,11Z))",Glycerophospholipid metabolism,0.9446374,1,1,0,1,1,1
IK_JDWYRSDDJVCWPB-LURJTMIESA-N,Leucodopachrome,Citrate cycle (TCA cycle),0.35404992,1,1,0,1,1,1
IK_JDZBITULCWBIMC-AEQQXRABSA-N,"4-Hydroxy-2,5,5,9-Tetramethylcycloundeca-2,9-Dienyl 4-Hydroxybenzoate",Ascorbate and aldarate metabolism,0.14086033,1,1,1,1,1,1
IK_JEISZCQAXYJJOO-FQEVSTJZSA-N,N-Stearoyl Arginine,Linoleic acid metabolism,0.09858145,1,1,0,1,1,1
IK_JEIZLWNUBXHADF-UHFFFAOYSA-N,(+/-)-Pelletierine,Lysine degradation,0.42236874,1,1,0,1,1,1
IK_JEJLGIQLPYYGEE-UHFFFAOYSA-N,DG 16:0_16:0,Glycerophospholipid metabolism,0.40223953,1,1,0,0,0,1
IK_JEKMKNDURXDJAD-HWUKTEKMSA-N,Kahweol,Linoleic acid metabolism,0.16544087,1,1,0,1,1,1
IK_JEKNPVYFNMZRJG-STHMYGMFSA-N,16(R)-HETE,Sphingolipid metabolism,0.4810338,1,1,1,1,1,1
IK_JEVKBGCAIMLFMA-KZXHGTAESA-N,"PC(2:0/20:5(7Z,9Z,11E,13E,17Z)-3OH(5,6,15))",Linoleic acid metabolism,0.5973876,1,1,0,1,1,1
IK_JFDNMLUPLXZXGV-RKAGECJXSA-N,12-Hydroxyjasmonic acid glucoside,Sphingolipid metabolism,0.2727105,1,1,1,1,1,1
IK_JFIWEPHGRUDAJN-DYUFWOLASA-N,3'-C-Ethynylcytidine,Retinol metabolism,0.13070512,1,1,1,1,1,0
IK_JFLIEFSWGNOPJJ-JTQLQIEISA-M,N(2)-phenylacetyl-L-glutaminate,Drug metabolism - cytochrome P450,0.36644718,1,1,0,1,1,1
IK_JFLIEFSWGNOPJJ-JTQLQIEISA-N,Phenylacetyl-L-glutamine,Drug metabolism - cytochrome P450,0.41121092,1,1,0,1,1,1
IK_JFLIEFSWGNOPJJ-UHFFFAOYNA-N,Phenylacetylglutamine,Drug metabolism - cytochrome P450,0.4405066,1,1,1,1,1,1
IK_JFVBCXHSPKJLRP-UHFFFAOYSA-N,4-Oxopentanenitrile,One carbon pool by folate,0.11861813,1,1,1,1,1,1
IK_JFZHPFOXAAIUMB-UHFFFAOYSA-N,Phenylethylmalonamide,Ubiquinone and other terpenoid-quinone biosynthesis,0.11516888,1,1,0,1,1,1
IK_JGSUNMCABQUBOY-UHFFFAOYSA-N,3-Succinoylpyridine,Nicotinate and nicotinamide metabolism,0.473183,1,1,1,1,1,1
IK_JGTPDCCLPDSJED-FXJFPKDASA-N,"(5Z,8Z,10E,14Z,17Z)-12-Hydroxyicosa-5,8,10,14,17-pentaenoylcarnitine",Vitamin B6 metabolism,0.19884734,1,1,1,1,1,1
IK_JGUNZIWGNMQSBM-SIGMCMEVSA-N,(+/-)9-HpODE,Vitamin B6 metabolism,0.15332706,1,1,1,1,1,1
IK_JGUNZIWGNMQSBM-UINYOVNOSA-M,"(9S,10E,12Z)-9-hydroperoxy-10,12-octadecadienoate",Vitamin B6 metabolism,0.10054751,1,1,0,1,1,1
IK_JGUNZIWGNMQSBM-UINYOVNOSA-N,9(S)-HpODE,Vitamin B6 metabolism,0.1703618,1,1,0,1,1,1
IK_JHFAKPWBUSBCCY-UHFFFAOYSA-N,Repenone,Sphingolipid metabolism,0.062483024,1,1,0,1,1,1
IK_JHJOJVDYHODVHT-OKPMZCSGSA-N,"PG(20:4(8Z,11Z,14Z,17Z)/20:5(7Z,9Z,11E,13E,17Z)-3OH(5,6,15))",Glycerophospholipid metabolism,0.1394551,1,1,0,1,1,1
IK_JHXAZBBVQSRKJR-BSZOFBHHSA-N,13-KODE,Sphingolipid metabolism,0.34698978,1,1,0,0,0,1
IK_JIJYZALGIIQXKE-UHFFFAOYSA-N,5-Deoxykievitone,Drug metabolism - cytochrome P450,0.23018882,1,1,0,1,1,1
IK_JIQLAAKADXSVTE-HTQZYQBOSA-N,"3',5'-Dideoxythymidine",Glycerophospholipid metabolism,0.5072169,1,1,1,1,1,0
IK_JITASQOSGITBPR-FMCGBTBPSA-N,Vdavp,Linoleic acid metabolism,0.16758098,1,1,0,1,1,1
IK_JITCCUITUOPXAR-XSBOKVBDSA-N,Bolton-Hunter reagent,Drug metabolism - cytochrome P450,0.046388943,1,1,0,1,1,1
IK_JJCQSGDBDPYCEO-XVZSLQNASA-N,Dibekacin,Sphingolipid metabolism,0.19033358,1,1,0,1,1,1
IK_JJIHLJJYMXLCOY-BYPYZUCNSA-N,N-Acetylserine,"Alanine, aspartate and glutamate metabolism",0.22998543,1,1,0,0,0,1
IK_JJJPNTQYUJPWGQ-UHFFFAOYSA-N,2-(3-Phenylpropyl)pyridine,Vitamin B6 metabolism,0.26990053,1,1,1,1,1,1
IK_JJMDCOVWQOJGCB-UHFFFAOYSA-N,5-Aminopentanoic acid,Arginine and proline metabolism,0.6355817,1,1,0,1,1,1
IK_JJMPYAHUHHQAJB-FYOCAXJLSA-N,PE P-38:5 or PE O-38:6,Glycerophospholipid metabolism,0.4843899,1,1,0,0,0,1
IK_JJPSZKIOGBRMHK-UHFFFAOYSA-N,"2,6-Dimethylquinoline",Cysteine and methionine metabolism,0.4488723,1,1,1,1,1,1
IK_JKEJEOJPJVRHMQ-JTQLQIEISA-N,N-OCTANOYL-L-HOMOSERINE LACTONE,Retinol metabolism,0.07561834,1,1,0,1,1,1
IK_JKHXYJKMNSSFFL-IUCAKERBSA-N,Val-Lys,"Glycine, serine and threonine metabolism",0.20210011,1,1,0,0,0,1
IK_JKIFWWSPZOSHGE-UHFFFAOYSA-N,6-Hydroxyheptanoylcarnitine,Sphingolipid metabolism,0.75570774,1,1,0,1,1,1
IK_JKKCSFJSULZNDN-HGRQIUPRSA-N,Gonyautoxin V,Linoleic acid metabolism,0.05411121,1,1,0,1,1,1
IK_JKMHFZQWWAIEOD-UHFFFAOYSA-N,HEPES,Glycerophospholipid metabolism,0.24733208,1,0,0,0,1,1
IK_JKPUNUXKEBTKHB-CQXAJOTDSA-N,PC 40:4e,Linoleic acid metabolism,0.7834194,1,1,0,0,0,1
IK_JKTAZDIARLXYPE-UHFFFAOYSA-N,"L-Valine, N-(2-hydroxy-3-butenyl)-","Alanine, aspartate and glutamate metabolism",0.2691101,1,1,0,1,1,1
IK_JLFNLZLINWHATN-UHFFFAOYSA-N,Pentaethylene glycol,Glycerophospholipid metabolism,0.9595271,1,1,0,1,1,1
IK_JLPULHDHAOZNQI-ZTIMHPMXSA-N,PC 34:2,Linoleic acid metabolism,0.9446382,1,1,0,1,1,1
IK_JLPUXFOGCDVKGO-TUAOUCFPSA-N,Geosmin,Linoleic acid metabolism,0.28937194,1,1,0,1,1,1
IK_JLSKPBDKNIXMBS-VIFPVBQESA-N,tryptophanamide,Pyrimidine metabolism,0.43006316,1,1,0,1,1,1
IK_JLTDJTHDQAWBAV-UHFFFAOYSA-N,"N,N-Dimethylaniline",One carbon pool by folate,0.21828191,1,0,0,0,1,1
IK_JLVSPVFPBBFMBE-HXSWCURESA-N,Sphingosylphosphorylcholine,Sphingolipid metabolism,0.61946994,1,1,0,1,1,1
IK_JLVSPVFPBBFMBE-HXSWCURESA-O,LysoSM(d18:1),Sphingolipid metabolism,0.96367335,1,1,0,1,1,1
IK_JLXVRFDTDUGQEE-YFKPBYRVSA-N,Glycyl-Arginine,Sphingolipid metabolism,0.09720186,1,1,0,1,1,1
IK_JLZAERUVCODZQO-VWCUIIQSSA-N,Acetylstrophanthidin,Linoleic acid metabolism,0.18127002,1,1,0,1,1,1
IK_JMCOUWKXLXDERB-WMZOPIPTSA-N,Phe-Trp,Primary bile acid biosynthesis,0.26489046,1,1,0,0,0,1
IK_JMFRWRFFLBVWSI-NSCUHMNNSA-N,Coniferyl alcohol,Linoleic acid metabolism,0.21721686,1,1,0,1,1,1
IK_JMIAZDVHNCCPDM-DAFCLMLCSA-N,Mitraphylline,Retinol metabolism,0.063739,1,1,0,1,1,1
IK_JMTMSDXUXJISAY-UHFFFAOYSA-N,4-Hydroxybenzotriazole,Cysteine and methionine metabolism,0.36102316,1,1,1,1,1,1
IK_JMXKCYUTURMERF-UHFFFAOYSA-N,dodemorph,Linoleic acid metabolism,0.19395545,1,1,0,0,0,1
IK_JNBVGGPMMKHWRO-VIFPVBQESA-N,3-Hydroxyphenylacetylglutamine sulfate,Glycerophospholipid metabolism,0.065284826,1,1,1,1,1,1
IK_JNDFGLPQDFBGLR-KMCBPMHZSA-N,FFAD 22:1,Biosynthesis of unsaturated fatty acids,0.39057422,1,1,0,1,1,1
IK_JNMDCUOOYCRSIP-WLFVLELZSA-N,TG 42:3,Linoleic acid metabolism,0.3382355,1,1,0,0,0,1
IK_JNNQVGBQCBFXRU-ZZTWLFPRSA-N,"PS(22:6(4Z,7Z,10Z,13Z,16Z,19Z)/19:0)",Glycerophospholipid metabolism,0.4627075,1,1,0,1,1,1
IK_JNTMAZFVYNDPLB-PEDHHIEDSA-N,Diprotin A,Sphingolipid metabolism,0.25611082,1,1,0,1,1,1
IK_JNUGGJHCMRWUDV-FMMPLYQGSA-N,Cystathionine sulfoxide,Pentose phosphate pathway,0.063312784,1,1,0,1,1,1
IK_JNWLVTSZGQYXIA-AATRIKPKSA-N,(4E)-3-Hydroxyhex-4-enoylcarnitine,Linoleic acid metabolism,0.27810252,1,1,1,1,1,1
IK_JOATXPAWOHTVSZ-UHFFFAOYSA-N,Celiprolol,Riboflavin metabolism,0.04725169,1,1,0,1,1,1
IK_JOSRDTUBGWFAGO-WZYYJWNZSA-N,SM d39:2,Linoleic acid metabolism,0.9839364,1,1,0,0,0,1
IK_JPAUCQAJHLSMQW-XPORZQOISA-N,p-Cresol glucuronide,Pentose phosphate pathway,0.20943774,1,1,0,1,1,1
IK_JPDVTYPPMALQJO-UZQDAVMLSA-N,N-di-Demethyl roxithromycin,Sphingolipid metabolism,0.123700425,1,1,0,1,1,1
IK_JPFXYNDBKFIYLX-UHFFFAOYSA-N,Myrsinone,Fatty acid degradation,0.10805214,1,1,0,1,1,1
IK_JPIJQSOTBSSVTP-UHFFFAOYSA-N,"2,3,4-Trihydroxybutanoic acid",Linoleic acid metabolism,0.9828908,1,1,1,1,1,1
IK_JPJFWRWQZROHJW-RSPSYKHISA-N,PC 42:4,Linoleic acid metabolism,0.97601455,1,1,0,0,0,1
IK_JPMYFOBNRRGFNO-UHFFFAOYSA-N,Genkwanin,Arginine biosynthesis,0.09870138,1,1,1,1,1,1
IK_JPNPIRVRGLGTRE-YSKCIPFOSA-N,PE(20:4/0:0),Ether lipid metabolism,0.5652042,1,1,1,1,1,1
IK_JPQGSGTYJWWXTH-UHFFFAOYSA-N,"3,3-Bis(carboxymethyl)hexadecanedioic acid",Sphingolipid metabolism,0.18214835,1,1,1,1,1,0
IK_JPRQDPHQDRCGNK-SJCQXOIGSA-N,GM3 d34:1,Glycerophospholipid metabolism,0.10087016,1,1,0,0,0,1
IK_JQKOHRZNEOQNJE-ZZEZOPTASA-N,PE 36:1,Glycerophospholipid metabolism,0.96657705,1,1,0,0,0,1
IK_JQNFSWJEERESHM-SRQIZXRXSA-N,Cysteinylhydroxyproline,Drug metabolism - cytochrome P450,0.22106534,1,1,0,1,1,1
IK_JQVDAXLFBXTEQA-UHFFFAOYSA-N,Dibutylamine,Arginine and proline metabolism,0.7919489,1,1,0,1,1,1
IK_JQXXHWHPUNPDRT-WLSIYKJHSA-N,Rifampicin,Linoleic acid metabolism,0.32113644,1,1,0,1,1,1
IK_JRJGKUTZNBZHNK-UHFFFAOYSA-N,3-Phenylpropyl acetate,Vitamin B6 metabolism,0.11254721,1,1,1,1,1,1
IK_JRLGPAXAGHMNOL-UHFFFAOYSA-N,N-2-acetyl-ornithine,Arginine biosynthesis,0.8126317,1,1,0,0,0,1
IK_JSFATNQSLKRBCI-USWFWKISSA-N,15-HETE,Arachidonic acid metabolism,0.5710448,1,1,1,1,1,1
IK_JSNQSLSBBZFGBM-UHFFFAOYSA-N,"Exo,exo-1,8-Epoxy-p-menthane-2,6-diol",Drug metabolism - cytochrome P450,0.18539262,1,1,0,1,1,1
IK_JTMOPWCKHAGCNW-UHFFFAOYSA-N,Cer-NP t40:0,Glycerophospholipid metabolism,0.45527872,1,1,0,0,0,1
IK_JTSDBFGMPLKDCD-XVFHVFLVSA-N,Tilmicosin,Retinol metabolism,0.07520434,1,1,0,1,1,1
IK_JTUPDNHGJNUOCW-UHFFFAOYSA-N,Dimethyl-3-hydroxypyrid-4-one,One carbon pool by folate,0.15030648,1,1,0,1,1,1
IK_JUCWIWDODRNWRN-REKGFNPQSA-N,PC(P-18:0/20:5),Linoleic acid metabolism,0.8797677,1,1,0,1,1,1
IK_JUHFGHWNBYGKCW-UHFFFAOYSA-N,4-(Aminomethyl)-1-methylpiperidin-4-ol,One carbon pool by folate,0.18575445,1,1,1,1,1,1
IK_JURURWWWIUJJKP-YPMCRYBESA-N,Cer-NS d36:2,Glycerophospholipid metabolism,0.98489666,1,1,0,0,0,1
IK_JUSMHIGDXPKSID-PHYPRBDBSA-N,"(2r,3r,4s,5r,6s)-2-(Hydroxymethyl)-6-Sulfanyl-Oxane-3,4,5-Triol",Vitamin B6 metabolism,0.14298525,1,1,1,1,1,1
IK_JVAZJLFFSJARQM-RMPHRYRLSA-N,Hexyl glucoside,Sphingolipid metabolism,0.30112642,1,1,0,1,1,1
IK_JVGVDSSUAVXRDY-UHFFFAOYSA-M,3-(4-Hydroxyphenyl)lactate,Tyrosine metabolism,0.39589345,1,1,0,1,1,0
IK_JVGVDSSUAVXRDY-UHFFFAOYSA-N,Hydroxyphenyllactic acid,Glycerophospholipid metabolism,0.26980492,1,1,0,1,1,1
IK_JVJFIQYAHPMBBX-FNORWQNLSA-N,4-Hydroxynonenal,Drug metabolism - cytochrome P450,0.43140092,1,1,1,1,1,1
IK_JVSRRTLCKOVNHJ-UHFFFAOYSA-N,3-Hydroxyindolin-2-one-sulfate,Drug metabolism - cytochrome P450,0.14707391,1,1,0,1,1,0
IK_JVZRCNQLWOELDU-UHFFFAOYSA-N,4-Phenylpyridine,Nicotinate and nicotinamide metabolism,0.11485536,1,1,1,1,1,1
IK_JWARBUNVUNGRQE-UHFFFAOYSA-N,N-BENZYL-3-CYANOAZETIDINE,Steroid biosynthesis,0.12254307,1,1,0,1,1,1
IK_JWBXCSQZLLIOCI-GUBZILKMSA-N,Isoleucyl-Leucine,Drug metabolism - cytochrome P450,0.23072805,1,1,0,1,1,1
IK_JWDFQMWEFLOOED-UHFFFAOYSA-N,N-Succinimidyl 3-(2-pyridyldithio)propionate,Vitamin B6 metabolism,0.064917855,1,1,0,1,1,1
IK_JWFBUBZOMPFGDL-YBRFZANVSA-N,"PS(18:1(11Z)/22:5(7Z,10Z,13Z,16Z,19Z))",Glycerophospholipid metabolism,0.70497334,1,1,0,1,1,1
IK_JWFSTKHCVMHWKP-ANFMRNGASA-N,TG 49:0,Linoleic acid metabolism,0.60187894,1,1,0,0,0,1
IK_JWGGSJFIGIGFSQ-UHFFFAOYSA-N,N-Lauroylglycine,Linoleic acid metabolism,0.17498377,1,1,0,1,1,1
IK_JWHAUXFOSRPERK-UHFFFAOYSA-N,Propafenone,Sphingolipid metabolism,0.08851007,1,1,0,1,1,1
IK_JWICNZAGYSIBAR-UHFFFAOYSA-N,Fibrinopeptide A human,Linoleic acid metabolism,0.27805784,1,1,0,1,1,1
IK_JWLAAGBRLDQPSL-UHFFFAOYSA-N,Cer-NDS d36:0,Glycerophospholipid metabolism,0.39070302,1,1,0,0,0,1
IK_JWVXCFSNEOMSHH-UHFFFAOYSA-N,TG 46:0,Linoleic acid metabolism,0.60187894,1,1,0,0,0,1
IK_JWYOAMOZLZXDER-UHNVWZDZSA-N,"(1r,2s)-2-Aminocyclopentanecarboxylic acid",Arginine biosynthesis,0.27443883,1,1,1,1,1,1
IK_JXBLMIJDQFTVIE-UHFFFAOYSA-N,3-Methyl-5-pentyl-2-furantridecanoic acid,Drug metabolism - cytochrome P450,0.6008906,1,1,1,1,1,1
IK_JXCOSKURGJMQSG-AIEJOZITSA-N,Beta-Cortolone,Linoleic acid metabolism,0.2226413,1,1,0,1,1,1
IK_JXCOSKURGJMQSG-AZQJGLEESA-N,Cortolone,Steroid hormone biosynthesis,0.22128248,1,1,0,1,1,1
IK_JXDFEUKNHBHUCP-UHFFFAOYSA-N,N-Nonanoylglycine,Linoleic acid metabolism,0.17273352,1,1,0,1,1,1
IK_JXNRXNCCROJZFB-RYUDHWBXSA-N,Kyotorphin,Linoleic acid metabolism,0.1940716,1,1,0,1,1,1
IK_JXOHGGNKMLTUBP-HSUXUTPPSA-N,shikimic acid,Starch and sucrose metabolism,0.18231134,1,1,0,0,0,1
IK_JXQFDWGMBSZKSE-LPCYUWLXSA-N,SM(d18:1/6 keto-PGF1alpha),Sphingolipid metabolism,0.64995927,1,1,0,1,1,1
IK_JXUGDUWBMKIJDC-MMWGEVLESA-N,Kinetensin 1-3,Steroid biosynthesis,0.055593424,1,1,0,1,1,1
IK_JXVXYRZQIUPYSA-NHCYSSNCSA-N,Pro Val Gln,Linoleic acid metabolism,0.05832057,1,1,0,1,1,1
IK_JXZJRYDTSDCGLO-UHFFFAOYSA-N,Alpha-Furyl methyl diketone,Drug metabolism - cytochrome P450,0.192132,1,1,0,1,1,1
IK_JYEFAZDBHWGXHI-HWKANZROSA-N,3-(5-Methoxy-4-oxocyclohex-2-en-1-yl)prop-2-enoic acid,Histidine metabolism,0.10361854,1,1,1,1,1,0
IK_JYFOSWJYZIVJPO-YGEZULPYSA-N,Vanillic acid [-CO],Cysteine and methionine metabolism,0.37408537,1,1,0,1,1,1
IK_JYGFTBXVXVMTGB-UHFFFAOYSA-N,Oxindole,Citrate cycle (TCA cycle),0.14112118,1,1,0,1,1,1
IK_JYGLAHSAISAEAL-UHFFFAOYSA-N,Diphacinone,Linoleic acid metabolism,0.105118535,1,1,0,1,1,1
IK_JYLWKPPSBSYYNP-YMGFZKSCSA-N,"DG(18:3(10,12,15)-OH(9)/0:0/i-13:0)",Riboflavin metabolism,0.13950251,1,1,0,1,1,1
IK_JYPCXBJRLBHWME-IUCAKERBSA-N,Glycylprolylarginine,Linoleic acid metabolism,0.17716011,1,1,0,1,1,1
IK_JYPHNHPXFNEZBR-UHFFFAOYSA-N,Beta-Tyrosine,Arginine biosynthesis,0.21097583,1,1,0,1,1,1
IK_JYZJYKOZGGEXSX-UHFFFAOYSA-N,2-Hydroxymyristic Acid,Arachidonic acid metabolism,0.18111253,1,1,1,1,1,1
IK_JZDHUJAFXGNDSB-WHFBIAKZSA-N,Glu-Ala,Linoleic acid metabolism,0.7710179,1,1,0,0,0,1
IK_JZHBSOAJXNHZEG-UHFFFAOYSA-N,Cer-NDS d41:0,Glycerophospholipid metabolism,0.39070302,1,1,0,0,0,1
IK_JZKXXXDKRQWDET-UHFFFAOYSA-N,DL-m-Tyrosine,Phenylalanine metabolism,0.15712658,1,1,0,1,1,1
IK_JZWNYZVVZXZRRH-MDZDMXLPSA-N,1-Oleoylglycerophosphoserine,Glycerophospholipid metabolism,0.53577924,1,1,1,1,1,1
IK_KACDZDULGKPXHT-HIVNOOBXSA-N,PE(P-18:0/0:0),Sphingolipid metabolism,0.6567659,1,1,0,1,1,1
IK_KAOLEMQCYWHOJQ-UQACNIHJSA-N,5b-Cyprinol sulfate,Primary bile acid biosynthesis,0.671539,1,1,0,1,1,1
IK_KBDSLGBFQAGHBE-MSGMIQHVSA-N,Linonin,Retinol metabolism,0.08744991,1,1,0,1,1,1
IK_KBJNLOFREYBAHR-UZIPXBRASA-N,DG(15:0/0:0/18:4n3),Glycerophospholipid metabolism,0.28137013,1,1,0,1,1,1
IK_KBOJOGQFRVVWBH-ZETCQYMHSA-N,N-Acetyl-L-Histidine,Histidine metabolism,0.68777883,1,1,0,1,1,1
IK_KBOPZPXVLCULAV-UHFFFAOYSA-N,Mesalamine,Arginine biosynthesis,0.31351456,1,0,0,0,1,1
IK_KBOVKDIBOBQLRS-ONCCEEIJSA-N,Tetranor-12(S)-HETE,Vitamin B6 metabolism,0.20281863,1,1,0,1,1,1
IK_KBOVKDIBOBQLRS-QCNAHCIUSA-N,Tetranor-12(R)-HETE,Vitamin B6 metabolism,0.20042895,1,1,0,1,1,1
IK_KCEGBPIYGIWCDH-UHFFFAOYSA-N,"7,8-diaminopelargonate",Sphingolipid metabolism,0.51643234,1,1,0,1,1,1
IK_KCEQGTJBAICOKH-UHFFFAOYSA-N,Glycerol 1-(5-hydroxydodecanoate),Glycerophospholipid metabolism,0.8721234,1,1,0,1,1,1
IK_KCPRJVDBLLJBMF-LGPQXENESA-N,Dihydroisomorphine-3-glucuronide,Linoleic acid metabolism,0.085348286,1,1,0,1,1,1
IK_KCSKCIQYNAOBNQ-YBSFLMRUSA-N,Biotin sulfoxide,Glycerophospholipid metabolism,0.20187198,1,1,0,1,1,1
IK_KCXVZYZYPLLWCC-UHFFFAOYSA-N,Edetic Acid,Glycerophospholipid metabolism,0.40445748,1,1,0,1,1,1
IK_KDCCOOGTVSRCHX-RWPZCVJISA-N,Urobilin,Steroid biosynthesis,0.13429552,1,1,0,1,1,1
IK_KDEYEEYMIPNKIJ-OGIIFMLESA-N,C24:0 lactosylceramide,Sphingolipid metabolism,0.94316906,1,1,0,0,0,1
IK_KDGAYJIGGCDHPH-UWVGGRQHSA-N,L-beta-aspartyl-L-phenylalanine,Ascorbate and aldarate metabolism,0.23124462,1,1,0,1,1,1
IK_KDPFMRXIVDLQKX-ISGXEFFDSA-N,Curdione,Vitamin B6 metabolism,0.15098454,1,1,0,1,1,1
IK_KDSPLKNONIUZSZ-NGJCXOISSA-N,"(2R,4S,5R)-2,4,5,6-Tetrahydroxyhexanal",Cysteine and methionine metabolism,0.14358194,1,1,1,1,1,1
IK_KDXKERNSBIXSRK-RXMQYKEDSA-N,D-Lysine,Cysteine and methionine metabolism,0.6519034,1,0,0,0,1,1
IK_KDXKERNSBIXSRK-UHFFFAOYSA-N,DL-Lysine,Cysteine and methionine metabolism,0.6519034,1,0,0,0,1,1
IK_KECVAQLNZFMLLN-DUXPYHPUSA-N,2-Chloro-5-methylmaleylacetate,Lysine degradation,0.41098848,1,1,1,1,1,1
IK_KEFJLCGVTHRGAH-UHFFFAOYSA-N,2-Acetyl-5-methylfuran,Arginine biosynthesis,0.23702118,1,1,1,1,1,1
IK_KEMQGTRYUADPNZ-UHFFFAOYSA-N,FA 17:0,Fatty acid biosynthesis,0.46702912,1,1,0,0,0,1
IK_KEQHJBNSCLWCAE-UHFFFAOYSA-N,Thymoquinone,Nicotinate and nicotinamide metabolism,0.153659,1,1,0,1,1,1
IK_KEYDJKSQFDUAGF-YIRKRNQHSA-N,PGD2 ethanolamide,Sphingolipid metabolism,0.6179937,1,1,0,1,1,1
IK_KEYXJLUVVQSLGX-JRTZWYSWSA-N,"PC(22:3(10Z,13Z,16Z)/20:4(5Z,8Z,11Z,14Z)-OH(16R))",Linoleic acid metabolism,0.9852879,1,1,0,1,1,1
IK_KFEUJDWYNGMDBV-LODBTCKLSA-N,N-acetyl-lactosamine,Amino sugar and nucleotide sugar metabolism,0.51002634,1,1,0,0,0,1
IK_KFQUAMTWOJHPEJ-DAGMQNCNSA-N,Allopurinol-1-ribonucleoside,Sphingolipid metabolism,0.28041032,1,1,0,0,0,1
IK_KGCPGAKRLOCUEV-ZLXBYIIJSA-N,PE O-16:1_22:6,Glycerophospholipid metabolism,0.60399514,1,1,0,0,0,1
IK_KGFGBSRVWKBWIC-UHFFFAOYSA-N,"1H-Imidazole-1-acetamide, N,N-bis(2-hydroxyethyl)-2-nitro-",Ascorbate and aldarate metabolism,0.059895553,1,1,1,1,1,1
IK_KGNGTSCIQCLKEH-SYCVNHKBSA-N,Vicine,Starch and sucrose metabolism,0.14148483,1,1,0,1,1,1
IK_KGPNNIOVWVIXOR-UHFFFAOYSA-N,3-Methylbut-2-enoylcarnitine,Biosynthesis of unsaturated fatty acids,0.3571387,1,1,1,1,1,1
IK_KGQYREIAHMZYSA-UHFFFAOYSA-N,Dehydrocarpaine I,Retinol metabolism,0.14522603,1,1,0,1,1,1
IK_KGQZGCIVHYLPBH-UHFFFAOYSA-N,Furafylline,Nicotinate and nicotinamide metabolism,0.18628836,1,1,0,1,1,1
IK_KHAVLLBUVKBTBG-UHFFFAOYSA-N,9-Decenoic acid,Linoleic acid metabolism,0.8124615,1,1,0,1,1,1
IK_KHCDPAZLBSPVSE-UHFFFAOYSA-N,9-Oxohexadecanoic acid,Sphingolipid metabolism,0.67667055,1,1,0,1,1,1
IK_KHYYDOVNIFQNTL-DXKRBAIRSA-N,"MG(20:3(6,8,11)-OH(5)/0:0/0:0)",Glycerophospholipid metabolism,0.31787857,1,1,0,1,1,1
IK_KIHBGTRZFAVZRV-UHFFFAOYSA-N,2-Hydroxyoctadecanoic acid,Arachidonic acid metabolism,0.17346844,1,1,1,1,1,1
IK_KILNVBDSWZSGLL-UHFFFAOYSA-N,"1,2-Dipalmitoylphosphatidylcholine",Linoleic acid metabolism,0.9837353,1,1,1,1,1,1
IK_KISYRRMFQYIIFQ-UHFFFAOYSA-N,Corchorosol A,Linoleic acid metabolism,0.12342676,1,1,1,1,1,1
IK_KIUOSJFEKWWKSM-UHFFFAOYSA-N,SM 42:0;2O,Sphingolipid metabolism,0.47428766,1,1,0,0,0,1
IK_KIWQWJKWBHZMDT-UHFFFAOYSA-N,Homocysteine thiolactone,"Alanine, aspartate and glutamate metabolism",0.36677617,1,1,0,1,1,1
IK_KJABUVRFCPPJPD-UHFFFAOYSA-N,Benzylpenicilloyl G,Steroid biosynthesis,0.09388315,1,1,0,1,1,1
IK_KJHYUSLWTPMFTN-AQWUKCDYSA-N,MG(18:1(11Z)/0:0/0:0),Glycerophospholipid metabolism,0.81575775,1,1,0,1,1,1
IK_KJJPLEZQSCZCKE-UHFFFAOYSA-N,"2-Amino-1,3-propanediol",Glycerophospholipid metabolism,0.66011107,1,1,1,1,1,1
IK_KJNZIEGLNLCWTQ-KRWDZBQOSA-N,AB-Chminaca,Glutathione metabolism,0.117718324,1,1,0,1,1,1
IK_KJUNGQXFZYMUOH-FKWLWHCOSA-N,LPC 18:1.1,Glycerophospholipid metabolism,0.9667978,1,1,0,1,1,1
IK_KKABVOCYVJCRKP-PZOQESJISA-N,TG 54:5|TG 16:0_18:1_20:4,Glycerophospholipid metabolism,0.7425174,1,1,0,0,0,1
IK_KKEYFWRCBNTPAC-UHFFFAOYSA-N,Terephthalic Acid,Citrate cycle (TCA cycle),0.16632943,1,1,0,1,1,1
IK_KKSDGJDHHZEWEP-SNAWJCMRSA-N,3-Coumaric Acid,Drug metabolism - cytochrome P450,0.17716318,1,1,1,1,1,0
IK_KKUOJZVNLJCTPF-UHFFFAOYSA-N,Glucosyl passiflorate,Primary bile acid biosynthesis,0.09545555,1,1,0,1,1,1
IK_KLAONOISLHWJEE-QWRGUYRKSA-N,Phe-Gln,Ascorbate and aldarate metabolism,0.34432527,1,1,0,0,0,1
IK_KLJFYXOVGVXZKT-CCEZHUSRSA-N,Hexadecenal,Arachidonic acid metabolism,0.108000726,1,1,0,1,1,1
IK_KLLGGGQNRTVBSU-FQSPHKRJSA-N,"(9Z,11E,13S,15Z)-13-Hydroxyoctadeca-9,11,15-trienoic acid",Primary bile acid biosynthesis,0.29781744,1,1,1,1,1,1
IK_KLSLBUSXWBJMEC-UHFFFAOYSA-N,4-Propylphenol,Tyrosine metabolism,0.2320182,1,1,1,1,1,1
IK_KLXACYSQYFWVLM-UHFFFAOYSA-N,"3,5-Dichloro-2,6-dihydroxybenzoic acid",One carbon pool by folate,0.06038324,1,1,1,1,1,0
IK_KMAKOBLIOCQGJP-UHFFFAOYSA-N,Indole-3-carboxylic acid,Tryptophan metabolism,0.45021826,1,1,0,1,1,1
IK_KMDRUUGMNYPPJH-UHFFFAOYSA-N,"Acetamide, 2-(diethylamino)-N-(2-(octyloxy)phenyl)-",Vitamin B6 metabolism,0.09379033,1,1,0,1,1,1
IK_KMTRUDSVKNLOMY-UHFFFAOYSA-N,Ethylene carbonate,Arginine biosynthesis,0.16056772,1,1,0,1,1,1
IK_KMUIHDBETHWZBC-UHFFFAOYSA-N,"N-[2-(2,5-dimethylimidazol-1-yl)ethyl]-1-methylpyrrole-2-carboxamide",One carbon pool by folate,0.11738963,1,1,0,1,1,1
IK_KMXXSJLYVJEBHI-UHFFFAOYSA-N,3-Guanidinopropionic acid,One carbon pool by folate,0.2724811,1,0,0,0,1,1
IK_KNNHXKQRTYEWCA-HYYWERRFSA-N,PC 38:3,Linoleic acid metabolism,0.97601455,1,1,0,0,0,1
IK_KOAPDMKKECXPHX-UHFFFAOYSA-N,Malabaricone B,Sphingolipid metabolism,0.14537725,1,1,0,1,1,1
IK_KOCFTADHOAAXFC-UHFFFAOYSA-N,N-Hydroxymethyl-N-methylformamide,Glycerophospholipid metabolism,0.3937817,1,1,0,1,1,1
IK_KOCKWDDTAHPJSX-UHFFFAOYSA-N,Hexacosanoyl carnitine,Linoleic acid metabolism,0.36588442,1,1,0,1,1,1
IK_KOGRJTUIKPMZEJ-KTKRTIGZSA-N,Oleoyltaurine,Linoleic acid metabolism,0.5457059,1,1,0,1,1,1
IK_KORLZEIJSHHTDW-YFKPBYRVSA-N,N5-formyl-N5-hydroxy-L-ornithine,D-Amino acid metabolism,0.13939853,1,1,0,1,1,1
IK_KORNTPPJEAJQIU-KJXAQDMKSA-N,Cabergoline,Glycerophospholipid metabolism,0.86526614,1,1,0,1,1,1
IK_KPGXRSRHYNQIFN-UHFFFAOYSA-L,alpha-ketoglutarate,Arginine biosynthesis,0.21801019,1,1,0,0,0,1
IK_KPMVHELZNRNSMN-UHFFFAOYSA-N,imidazole; pyrazole,One carbon pool by folate,0.13991849,1,1,0,1,1,1
IK_KPQMCAKZRXOZLB-KOIHBYQTSA-N,Vomifoliol,Sphingolipid metabolism,0.10926243,1,1,0,1,1,1
IK_KPUXJBYSYFEKKB-UHFFFAOYSA-N,Thiopalmitic Acid,Sphingolipid metabolism,0.14546597,1,1,0,1,1,1
IK_KPWKPGFLZGMMFX-VHSXEESVSA-N,(1S)-(-)-Camphanic Acid,Cysteine and methionine metabolism,0.094186716,1,1,1,1,1,1
IK_KQBKJSVYIBRYNQ-KKMFPEKASA-N,Tangeraxanthin,Sphingolipid metabolism,0.08096671,1,1,0,1,1,1
IK_KQXKVJAGOJTNJS-HNNXBMFYSA-N,Penbutolol,Drug metabolism - cytochrome P450,0.06031626,1,1,0,1,1,1
IK_KQZRTOGFDRQBSR-UHFFFAOYSA-N,"2-Amino-4-oxo-6-(1',2',3'-trihydroxypropyl)-diquinoid-7,8-dihydroxypterin",Glycerophospholipid metabolism,0.17354384,1,1,1,1,1,1
IK_KRBJOAIDSTYRMG-UHFFFAOYSA-N,Deoxycholylasparagine,Primary bile acid biosynthesis,0.5756662,1,1,0,1,1,1
IK_KRHHFPJGGBLAAH-MYBCZMNMSA-N,Physagulin D,Linoleic acid metabolism,0.19041473,1,1,0,1,1,1
IK_KRHRBKYBJXMYBB-WHFBIAKZSA-N,Ala-Cys-Gly,Linoleic acid metabolism,0.95557505,1,1,0,1,1,1
IK_KRNKDESUFDXONA-PHQZTFDCSA-N,TG 58:2,Linoleic acid metabolism,0.5186024,1,1,0,0,0,1
IK_KRNYOVHEKOBTEF-YUMQZZPRSA-N,Valyl-Valine,"Valine, leucine and isoleucine biosynthesis",0.34853533,1,1,0,1,1,1
IK_KRVDMABBKYMBHG-UHFFFAOYSA-N,Isoguvacine,Arachidonic acid metabolism,0.18930562,1,1,0,1,1,1
IK_KSEBMYQBYZTDHS-HWKANZROSA-N,trans-Ferulic acid,"Phenylalanine, tyrosine and tryptophan biosynthesis",0.18770769,1,1,0,1,1,1
IK_KSEGSVAXULZZCC-UHFFFAOYSA-N,3-Hydroxymethyl-picumast,Steroid biosynthesis,0.09719617,1,1,1,1,1,1
IK_KSGZCKSNTAJOJS-DZBMUNJRSA-N,Cortistatin A,Retinol metabolism,0.080528215,1,1,0,1,1,1
IK_KSMRODHGGIIXDV-YFKPBYRVSA-N,N-Acetylglutamine,Arginine biosynthesis,0.6228814,1,1,0,1,1,1
IK_KSPIYJQBLVDRRI-UHFFFAOYSA-N,N-Methylisoleucine,Cysteine and methionine metabolism,0.5533696,1,1,0,1,1,1
IK_KSPQDMRTZZYQLM-UHFFFAOYSA-N,N-(2-Furoyl)glycine,Drug metabolism - cytochrome P450,0.18653634,1,1,0,1,1,1
IK_KSUBHIPBMPOXPG-FEBLJDHQSA-N,SM(d14:1/16:0),Sphingolipid metabolism,0.55383027,1,1,0,1,1,0
IK_KTCOGEGNUCOCON-UHFFFAOYSA-N,Glyzarin,Steroid biosynthesis,0.052958652,1,1,0,1,1,1
IK_KTOLOIKYVCHRJW-XZMZPDFPSA-N,Azvudine,Pyrimidine metabolism,0.10303312,1,1,0,1,1,1
IK_KTSUCMSACGPDKE-UHFFFAOYSA-N,"[(2R,3S,4R,5R)-3,4,5,6-Tetrahydroxy-1-oxohexan-2-yl] (2S)-2-aminopropanoate",One carbon pool by folate,0.11976563,1,1,0,1,1,1
IK_KTXUGZHJVRHQGP-UHFFFAOYSA-N,4-Hydroxy-1-(3-pyridinyl)-1-butanone,Nicotinate and nicotinamide metabolism,0.29081,1,1,1,1,1,1
IK_KUAZQDVKQLNFPE-UHFFFAOYSA-N,Thiram,Biosynthesis of unsaturated fatty acids,0.25008583,1,1,0,1,1,1
IK_KUHFPGIVBOCRMV-MNXVOIDGSA-N,Ile Gln Leu,Primary bile acid biosynthesis,0.12943515,1,1,0,1,1,1
IK_KUVXQAWMEHTXOV-UHFFFAOYSA-N,3-Carboxyoxy-2-hydroxypropanoic acid,One carbon pool by folate,0.052917797,1,1,1,1,1,0
IK_KUZTVCXICCCQGY-FIFLTTCUSA-N,"(2E,8E)-10-hydroxydeca-2,8-dien-4-ynoyl-CoA",Riboflavin metabolism,0.1891853,1,1,1,1,1,1
IK_KVBGVZZKJNLNJU-UHFFFAOYSA-M,2-naphthalenesulfonate,Drug metabolism - cytochrome P450,0.13059539,1,1,0,0,0,1
IK_KVBGVZZKJNLNJU-UHFFFAOYSA-N,2-Naphthalenesulfonic acid,Drug metabolism - cytochrome P450,0.17617127,1,1,1,1,1,1
IK_KVCPIDDKLUDCQJ-UHFFFAOYSA-N,L-alpha-Amino-1H-pyrrole-1-hexanoic acid,Histidine metabolism,0.27110675,1,1,0,1,1,1
IK_KVCSJPATKXABRQ-UHFFFAOYSA-N,Piboserod,Glutathione metabolism,0.09050655,1,1,0,1,1,1
IK_KVNPSKDDJARYKK-JTQLQIEISA-N,5-Methoxytryptophan,Tryptophan metabolism,0.9877935,1,1,0,1,1,1
IK_KVTFEOAKFFQCCX-UHFFFAOYSA-N,Palmitoylglycine,Linoleic acid metabolism,0.1849307,1,1,0,1,1,1
IK_KVUAQCKXYIJBCP-BUFOXMIFSA-N,Fructosyl valine,Histidine metabolism,0.13867716,1,1,0,1,1,1
IK_KVYNYRIOAYQBFK-AIIPJEMGSA-N,Hordatine A,Linoleic acid metabolism,0.3243005,1,1,0,1,1,1
IK_KWABLUYIOFEZOY-UHFFFAOYSA-N,Dioctyl succinate,Vitamin B6 metabolism,0.08956083,1,1,0,1,1,1
IK_KWBQPGIYEZKDEG-FSPLSTOPSA-N,Asparaginyl-Valine,Purine metabolism,0.09767783,1,1,0,1,1,1
IK_KWDXKYNWAKMLKK-YQMRQDNGSA-N,"(4E,14Z)-2-Aminooctadeca-4,14-diene-1,3-diol",Sphingolipid metabolism,0.54632384,1,1,1,1,1,1
IK_KWGRBVOPPLSCSI-WCBMZHEXSA-N,Pseudoephedrine,Citrate cycle (TCA cycle),0.09188099,1,1,0,1,1,1
IK_KWIUHFFTVRNATP-UHFFFAOYSA-N,Betaine,D-Amino acid metabolism,0.2632492,1,1,0,1,1,1
IK_KWNPSWVOZWAPLW-UHFFFAOYSA-N,3-Methoxycatechol sulfate,Arginine biosynthesis,0.10484793,1,1,1,1,1,1
IK_KWXICGTUELOLSQ-UHFFFAOYSA-N,Dodecylbenzenesulfonic Acid,Sphingolipid metabolism,0.24945489,1,1,0,1,1,1
IK_KXGVEGMKQFWNSR-WFTUMUMQSA-N,Allodeoxycholic acid,Primary bile acid biosynthesis,0.98062116,1,1,0,1,1,1
IK_KXIAPDOVNFLKOS-FSBLEZRJSA-N,DG(PGD2/8:0/0:0),Sphingolipid metabolism,0.25697687,1,1,0,1,1,1
IK_KXLSJQTXSAYFDL-VAWYXSNFSA-N,Acetolein,Ether lipid metabolism,0.093458146,1,1,0,1,1,1
IK_KXXJEDOBYWNPME-UHFFFAOYSA-N,5-Butyl-2-ethyloxazole,Sphingolipid metabolism,0.16441624,1,1,0,0,0,1
IK_KYZSOPIZDMFUBC-QPCGIFMOSA-N,glucuronide conjugate,Glycerophospholipid metabolism,0.04797286,1,1,1,1,1,0
IK_KZAUOCCYDRDERY-UHFFFAOYSA-N,Oxamyl,Ascorbate and aldarate metabolism,0.11274601,1,1,0,1,1,1
IK_KZNQNBZMBZJQJO-RXMQYKEDSA-N,Glycylproline [+C2H4],Glycerophospholipid metabolism,0.13847892,1,1,0,1,1,1
IK_KZSNJWFQEVHDMF-SCSAIBSYSA-N,D-Valine,"Valine, leucine and isoleucine biosynthesis",0.99561524,1,0,0,0,1,1
IK_KZTYPOGXRFTJBN-QUPJTARXSA-N,Phaeophorbide b,Retinol metabolism,0.12415328,1,1,0,1,1,1
IK_KZUXSHYAXPMDNJ-UHFFFAOYSA-N,7-(1-Imidazolyl)heptanoic acid,Linoleic acid metabolism,0.2682093,1,1,0,1,1,1
IK_KZXGPOLABXFBDK-SCFYABBUSA-N,"LysoPE(0:0/22:5(7Z,10Z,13Z,16Z,19Z))",Glycerophospholipid metabolism,0.35365096,1,1,0,1,1,1
IK_LADJWZMBZBVBSB-YEXRKOARSA-N,Dehydrotumulosic acid,Primary bile acid biosynthesis,0.23853339,1,1,0,1,1,1
IK_LAEIZWJAQRGPDA-CIRFHOKZSA-N,Sclareol oxide,Drug metabolism - cytochrome P450,0.1389021,1,1,0,1,1,1
IK_LAGYWHSFHIMTPE-UHFFFAOYSA-N,Desmethylastemizole,Sphingolipid metabolism,0.10251357,1,1,0,1,1,1
IK_LANVDNZVFGFCTB-PFONDFGASA-N,LPC O-24:1,"Glycine, serine and threonine metabolism",0.72455883,1,1,0,0,0,1
IK_LBGFKUUHOPIEMA-PEARBKPGSA-N,Sapacitabine,Linoleic acid metabolism,0.5933078,1,1,0,1,1,1
IK_LBZZFYDZWFULSD-UHFFFAOYSA-N,PC O-37:0,Linoleic acid metabolism,0.72946954,1,1,0,0,0,1
IK_LCAFGJGYCUMTGS-UHFFFAOYSA-N,Nebracetam,Linoleic acid metabolism,0.11984686,1,1,0,1,1,1
IK_LCHFAYIGHOVWSA-LEDUIRAGSA-N,?<U+00C3><U+2021><U+00C3><U+0153> Tetrahydropentoxyline,Galactose metabolism,0.06550802,1,1,0,1,1,1
IK_LCHFAYIGHOVWSA-UHFFFAOYSA-N,"1-(1,2,3,4,5-Pentahydroxypent-1-yl)-1,2,3,4-tetrahydro-beta-carboline-3-carboxylate",Galactose metabolism,0.08468727,1,1,1,1,1,1
IK_LCJRHAPPMIUHLH-UHFFFAOYSA-N,Policapram,One carbon pool by folate,0.07527799,1,1,0,1,1,0
IK_LCPDWSOZIOUXRV-UHFFFAOYSA-N,Phenoxyacetic Acid,Citrate cycle (TCA cycle),0.09658689,1,1,0,1,1,1
IK_LCPYQJIKPJDLLB-UHFFFAOYSA-N,Leucyl-leucine,Linoleic acid metabolism,0.59521306,1,1,0,1,1,1
IK_LCPYQJIKPJDLLB-UWVGGRQHSA-N,Leu-Leu,Linoleic acid metabolism,0.6186607,1,1,0,0,0,1
IK_LDCYZAJDBXYCGN-UHFFFAOYSA-N,5-Hydroxytryptophan,Tryptophan metabolism,0.98565614,1,0,0,0,1,1
IK_LDKDGDIWEUUXSH-UHFFFAOYSA-N,THYMOLPHTHALEIN,Retinol metabolism,0.067639664,1,1,0,1,1,1
IK_LEEDEKWKJVUWGA-AVFOEOQDSA-N,N-cis-p-Coumaroyltyrosine,Linoleic acid metabolism,0.6043821,1,1,0,0,0,1
IK_LEILBPMISZFZQK-GFCCVEGCSA-N,Olamufloxacin,Sphingolipid metabolism,0.09351665,1,1,0,1,1,1
IK_LEQAKWQJCITZNK-AXHKHJLKSA-N,Thiocolchicoside,Retinol metabolism,0.18775725,1,1,0,1,1,1
IK_LEVWYRKDKASIDU-QWWZWVQMSA-N,D-Cystine,Cysteine and methionine metabolism,0.9571123,1,0,0,0,1,1
IK_LFLJTCVAAOWHTD-BHPNAFPPSA-N,3alpha-Acetomethoxy-11alpha-oxo-12-ursen-24-oic acid,Retinol metabolism,0.11533698,1,1,1,1,1,1
IK_LFLWRPZTBUUBEQ-ZRJLWMKBSA-N,Daphniphylline,Retinol metabolism,0.14233385,1,1,0,1,1,1
IK_LFPLDCZTCJLLHS-KZJYDNEQSA-N,DG(LTE4/a-21:0/0:0),Sphingolipid metabolism,0.21909253,1,1,0,1,1,1
IK_LFUCRBSGQMAKCO-UHFFFAOYSA-N,5-Hydroxyindoleacetylglycine,Tryptophan metabolism,0.5057057,1,1,0,1,1,1
IK_LFUDDCMNKWEORN-ZXEGGCGDSA-N,LPC 16:1,Glycerophospholipid metabolism,0.8357081,1,1,0,1,1,1
IK_LFULEKSKNZEWOE-UHFFFAOYSA-N,Propanil,Arachidonic acid metabolism,0.079659976,1,1,0,0,0,1
IK_LGHBWDKMGOIZKH-CBZIJGRNSA-N,3-Deoxyestrone,Steroid hormone biosynthesis,0.5040628,1,1,1,1,1,0
IK_LGHZJDKSVUTELU-UHFFFAOYSA-N,Fipronil Sulfone,Glycerophospholipid metabolism,0.21864538,1,1,0,1,1,1
IK_LGOGXWQIQWFWBX-BEEAGPBQSA-N,"PE(20:3(6,8,11)-OH(5)/22:1(13Z))",Glycerophospholipid metabolism,0.4771061,1,1,0,1,1,1
IK_LGOQXEQWOCSLEC-CYZBKYQRSA-N,Chrysoeriol 7-O-neohesperidoside,Riboflavin metabolism,0.11150867,1,1,0,1,1,1
IK_LGPGBPOGXNRFFI-XQEWOMBFSA-N,PC 17:0-22:4-d5,Linoleic acid metabolism,0.3937146,1,1,0,0,0,1
IK_LGVYUZVANMHKHV-UHFFFAOYSA-N,Dihydrogeranylacetone,Histidine metabolism,0.1279483,1,1,0,1,1,1
IK_LGZSMXJRMTYABD-MDZDMXLPSA-N,[8]-Shogaol,Linoleic acid metabolism,0.12773734,1,1,0,1,1,1
IK_LHEGPXCSOZGQCV-AXQAKGHFSA-N,N(4)-Oleylcytosine arabinoside,Retinol metabolism,0.07124028,1,1,0,1,1,1
IK_LHGVLZHIYVKZBT-UHFFFAOYSA-N,5-(3-Pyridyl)-2-hydroxytetrahydrofuran,Vitamin B6 metabolism,0.27657992,1,1,1,1,1,1
IK_LHQIJBMDNUYRAM-DZSWIPIPSA-N,Biopterin,Purine metabolism,0.44951978,1,1,0,1,1,1
IK_LHTZUHRNOLWZNI-UHFFFAOYSA-N,5-Methyltricosanoylcarnitine,Linoleic acid metabolism,0.6720246,1,1,0,1,1,1
IK_LIFAQMGORKPVDH-UHFFFAOYSA-N,7-Ethoxycoumarin,One carbon pool by folate,0.053049136,1,1,0,1,1,1
IK_LIHDYIAAKPQZSN-UHFFFAOYSA-N,Morph,Pyruvate metabolism,0.05110313,1,1,0,1,1,1
IK_LILXPJXZNJTPQZ-UHFFFAOYSA-N,2-Methoxy-4-methylphenol sulfate,Cysteine and methionine metabolism,0.19413377,1,1,1,1,1,1
IK_LILYSWSASVONIC-UHFFFAOYSA-N,N-[4-[Acetyl(3-aminopropyl)amino]butyl]-N-(3-aminopropyl)acetamide,Pyruvate metabolism,0.0536507,1,1,0,1,1,1
IK_LITUBCVUXPBCGA-WMZHIEFXSA-N,Ascorbyl stearate,Sphingolipid metabolism,0.09116098,1,1,0,1,1,1
IK_LJHGATIVGCLEDO-DCLYHHALSA-N,"DG(20:5(7Z,9Z,11E,13E,17Z)-3OH(5,6,15)/0:0/18:0)",Retinol metabolism,0.14002514,1,1,0,1,1,1
IK_LJHXGGOJWZBJCI-JCGOJSMZSA-N,SM d40:3,Linoleic acid metabolism,0.954494,1,1,0,0,0,1
IK_LJIRBXZDQGQUOO-KVTDHHQDSA-N,"5,6-Dihydro-5-azacytidine",Arachidonic acid metabolism,0.08824599,1,1,1,1,1,1
IK_LJJHXRRUVASJDX-KRXBUXKQSA-N,Lupinic acid,Arachidonic acid metabolism,0.107868016,1,1,0,1,1,1
IK_LJOOSFYJELZGMR-UHFFFAOYSA-N,umbelliferone sulfate,Vitamin B6 metabolism,0.041736033,1,1,0,0,0,1
IK_LJOQGZACKSYWCH-LHHVKLHASA-N,Hydroquinidine,Linoleic acid metabolism,0.9918664,1,1,0,1,1,1
IK_LJTSIMVOOOLKOL-FNRDIUJOSA-N,Antroquinonol,Riboflavin metabolism,0.13221496,1,1,0,1,1,1
IK_LKAFPNQADHUXMM-LURJTMIESA-N,(2S)-2-(4-Chloroanilino)propanoic acid,Purine metabolism,0.108766615,1,1,1,1,1,1
IK_LKAPTZKZHMOIRE-KVTDHHQDSA-N,"2,5-Anhydro-D-mannose",Cysteine and methionine metabolism,0.38990757,1,1,1,1,1,1
IK_LKICWTKOZJNCQH-AATRIKPKSA-N,(12E)-10-Hydroxytetradec-12-enoylcarnitine,Linoleic acid metabolism,0.2637413,1,1,1,1,1,1
IK_LKLLJYJTYPVCID-JVVXYUKTSA-N,"(9Z,12E)-15,16-Dihydroxyoctadeca-9,12-Dienoic Acid",Arachidonic acid metabolism,0.30281657,1,1,1,1,1,1
IK_LKQLRGMMMAHREN-YJFXYUILSA-N,SM d36:1,Sphingolipid metabolism,0.44349685,1,1,0,0,0,1
IK_LMAFCBRBDQCUTK-HGDYXINXSA-N,Ile-Ile-Ala-Glu-Lys,Sphingolipid metabolism,0.1344477,1,1,0,1,1,1
IK_LMJSLTNSBFUCMU-UHFFFAOYSA-N,Trichlormethiazide,Sphingolipid metabolism,0.06270105,1,1,0,1,1,1
IK_LMKGFPWGPGBBHF-FVQFVYKESA-N,"PG(a-13:0/18:2(9Z,11Z))",Glycerophospholipid metabolism,0.86815065,1,1,0,1,1,1
IK_LMOUVAHDYFZTCE-UHFFFAOYSA-N,Tetrahydrothiophene sulfoxide,One carbon pool by folate,0.22993782,1,1,0,1,1,1
IK_LNJNFVJKDJYTEU-UHFFFAOYSA-N,Diethofencarb,Fatty acid degradation,0.054840695,1,1,0,1,1,1
IK_LNQVTSROQXJCDD-KQYNXXCUSA-N,Adenosine 3'-monophosphate,Purine metabolism,0.13654318,1,1,0,1,1,1
IK_LOAUVZALPPNFOQ-UHFFFAOYSA-N,2-Quinolinecarboxylic acid,Citrate cycle (TCA cycle),0.1257271,1,1,1,1,1,0
IK_LOHIEGDVOARVPJ-NSCUHMNNSA-N,Xenognosin A,Fatty acid degradation,0.08707497,1,1,0,1,1,1
IK_LOMQONAZKMLAOB-UHFFFAOYSA-N,Iodopindolol,Pyrimidine metabolism,0.1336374,1,1,0,1,1,1
IK_LOODYTDRRBLQNH-UHFFFAOYSA-N,Vanilloylglycine,Arginine biosynthesis,0.17333736,1,1,0,1,1,1
IK_LOWWYYZBZNSPDT-ZBEGNZNMSA-N,Delgocitinib,Vitamin B6 metabolism,0.056356564,1,1,0,1,1,1
IK_LOYWOYCPSWPKFH-DSNGMDLFSA-N,Quadazocine,Retinol metabolism,0.08723436,1,1,0,1,1,1
IK_LPEPZZAVFJPLNZ-SFHVURJKSA-N,8-Prenylnaringenin,Sphingolipid metabolism,0.11494575,1,1,0,1,1,1
IK_LPIOYESQKJFWPQ-UHFFFAOYSA-N,2-Hydroxydecanedioic acid,Ascorbate and aldarate metabolism,0.10356554,1,1,1,1,1,1
IK_LQQFFJFGLSKYIR-UHFFFAOYSA-M,"3-(3,4-Dihydroxyphenyl)pyruvate",Tyrosine metabolism,0.23709315,1,1,1,1,1,0
IK_LRCNOZRCYBNMEP-UHFFFAOYNA-N,Butyryl carnitine,Sphingolipid metabolism,0.7563641,1,0,0,0,1,1
IK_LRKCBIUDWAXNEG-CSMHCCOUSA-N,Leu-Thr,Glycerophospholipid metabolism,0.3889922,1,1,0,0,0,1
IK_LRNNBJBAUXSVMH-NHNZYLEHSA-N,4R-Hydroxy solifenacin,Retinol metabolism,0.07283966,1,1,1,1,1,1
IK_LRQKBLKVPFOOQJ-YFKPBYRVSA-N,L-Norleucine,Cysteine and methionine metabolism,0.534145,1,1,1,1,1,1
IK_LSBDFXRDZJMBSC-UHFFFAOYSA-N,2-Phenylacetamide,Drug metabolism - cytochrome P450,0.22847673,1,0,0,0,1,1
IK_LSFLNLHTOKKPHT-UHFFFAOYSA-N,"(+)-15,16-Dihydroxyoctadecanoic acid",Sphingolipid metabolism,0.18681072,1,1,1,1,1,1
IK_LSOWKZULVQWMLY-APPDJCNMSA-N,LPC 22:6,Glycerophospholipid metabolism,0.69530296,1,1,0,1,1,1
IK_LSUXCWJOIAWGOU-FTJOPAKQSA-N,"LysoPC(0:0/18:2(9Z,12Z))",Linoleic acid metabolism,0.69208884,1,1,0,1,1,1
IK_LSVHZFZMMXHHBS-MNBASXMYSA-N,"10,11-dihydro-20-trihydroxy-leukotriene B4",Linoleic acid metabolism,0.20738573,1,1,1,1,1,1
IK_LSWOCDLIYSKTRX-UHFFFAOYSA-N,1-Butyl-1-nitrosourea,Drug metabolism - cytochrome P450,0.1629948,1,0,0,0,1,1
IK_LTEJTIXDTAJBOQ-JHHXISLPSA-N,"SM(d17:2(4E,8Z)/PGJ2)",Sphingolipid metabolism,0.114978716,1,1,0,1,1,1
IK_LTINZAODLRIQIX-FBXRGJNPSA-N,Cefpodoxime proxetil,Retinol metabolism,0.11776178,1,1,0,1,1,1
IK_LUHMMHZLDLBAKX-DBIGVJDZSA-N,Artemisin,Retinol metabolism,0.13731939,1,1,0,1,1,1
IK_LUINDDOUWHRIPW-UHFFFAOYSA-N,6-Chloromelatonin,Tryptophan metabolism,0.7472523,1,1,0,1,1,1
IK_LULOGYYPGZOKQW-DUXPYHPUSA-N,Trans-Caffeic acid [apiosyl-(1->6)-glucosyl] ester,Linoleic acid metabolism,0.20638916,1,1,0,1,1,1
IK_LUMKNAVTFCDUIE-VHXPQNKSSA-N,"2-[4-[(Z)-4-Chloro-1,2-diphenylbut-1-enyl]phenoxy]ethanol",Glycerophospholipid metabolism,0.13878927,1,1,1,1,1,1
IK_LUSZGTFNYDARNI-UHFFFAOYSA-N,Sesamol,Citrate cycle (TCA cycle),0.14459714,1,1,0,1,1,1
IK_LVCMXFSJTNPFHH-FRCNGJHJSA-N,4-Hydroxyretinoic acid glucuronide,Porphyrin metabolism,0.2693381,1,1,1,1,1,1
IK_LVDKZNITIUWNER-UHFFFAOYSA-N,Bronopol,Cysteine and methionine metabolism,0.43370104,1,1,0,1,1,1
IK_LVGKNOAMLMIIKO-QXMHVHEDSA-N,Ethyl oleate,Sphingolipid metabolism,0.16608505,1,1,0,1,1,1
IK_LVHBHZANLOWSRM-UHFFFAOYSA-N,Itaconic acid,One carbon pool by folate,0.25740394,1,1,0,1,0,1
IK_LVHOURKCKUYIGK-RGUJTQARSA-N,Dimethisterone,Steroid hormone biosynthesis,0.29633948,1,1,0,1,1,1
IK_LVJJEIJOKPHQOU-UHFFFAOYSA-N,"3-Hydroxy-2-methylpyridine-4,5-dicarboxylate",Vitamin B6 metabolism,0.83100843,1,1,1,1,1,1
IK_LVNITLZCNUEXQK-UTJQPWESSA-N,carnitine 14:2,Arachidonic acid metabolism,0.66639376,1,1,0,1,1,1
IK_LVQDKIWDGQRHTE-UHFFFAOYSA-N,Cyromazine,Primary bile acid biosynthesis,0.13379134,1,1,0,1,1,1
IK_LVRFTAZAXQPQHI-UHFFFAOYSA-N,Leucinic Acid,One carbon pool by folate,0.32814467,1,1,0,1,1,1
IK_LXJXRIRHZLFYRP-UHFFFAOYSA-N,DL-Glyceraldehyde 3-phosphate,Purine metabolism,0.09002586,1,1,0,1,0,1
IK_LXWZWRRIEITWMN-ZUTFDUMMSA-N,(3Z)-phytochromobilin,Porphyrin metabolism,0.6280781,1,1,0,1,1,1
IK_LXYZKMJJLXYZTE-RKQHYHRCSA-N,1-(beta-D-Glucopyranosyloxy)-3-octanone,Fatty acid biosynthesis,0.22592606,1,1,1,1,1,1
IK_LXZUEFPJZTWGEL-KAMYIIQDSA-N,"?<U+00C3><U+2021><U+00C3><U+0153> alpha,beta-Dihydroxyethyl-TPP",Sphingolipid metabolism,0.07062941,1,1,0,1,1,1
IK_LYCIFUKTLFWAKN-BKQFRBNDSA-N,"DG(22:6(4Z,7Z,10Z,13Z,16Z,19Z)/22:5(4Z,7Z,10Z,13Z,16Z)/0:0)",Glycerophospholipid metabolism,0.67736536,1,1,0,1,1,1
IK_LYCVKHSJGDMDLM-LURJTMIESA-N,Histidinyl-Glycine,Cysteine and methionine metabolism,0.08126485,1,1,0,1,1,1
IK_LYMVXFSTACVOLP-UHFFFAOYSA-N,Tryptophyl-Leucine,Primary bile acid biosynthesis,0.3879226,1,1,0,1,1,1
IK_LYMVXFSTACVOLP-ZFWWWQNUSA-N,Trp Leu,Primary bile acid biosynthesis,0.41177395,1,1,0,1,1,1
IK_LYRFLYHAGKPMFH-UHFFFAOYSA-N,Octadecanamide,Vitamin B6 metabolism,0.20470247,1,1,0,1,1,1
IK_LYSGIJUGUGJIPS-ONEGZZNKSA-N,Cucurbic acid,Biosynthesis of unsaturated fatty acids,0.14792286,1,1,0,1,1,1
IK_LZFOPEXOUVTGJS-ONEGZZNKSA-N,Sinapyl alcohol,Linoleic acid metabolism,0.19539797,1,1,0,1,1,1
IK_LZOSYCMHQXPBFU-UHFFFAOYSA-N,Decanoyl-L-carnitine,Fatty acid degradation,0.5487359,1,1,0,1,1,1
IK_LZPZPHGJDAGEJZ-AKAIJSEGSA-N,Regadenoson,Sphingolipid metabolism,0.2260032,1,1,0,1,1,1
IK_MAAMGQXOTCBPFS-JPGWWKBXSA-N,"PC(18:0/22:5(7Z,10Z,13Z,16Z,19Z))",Linoleic acid metabolism,0.9766743,1,1,0,1,1,1
IK_MADRIHWFJGRSBP-ROUUACIJSA-N,Benazeprilat,Steroid biosynthesis,0.13896233,1,1,0,1,1,1
IK_MAHPNPYYQAIOJN-UHFFFAOYSA-N,"?<U+00C3><U+2021><U+00C3><U+0153> Azimsulfuron; 3-Glucosyl-2,3',4,4',6-pentahydroxybenzophenone",Sphingolipid metabolism,0.2118545,1,1,0,1,1,1
IK_MALFODICFSIXPO-KFKQDBFTSA-N,VERATRAMINE,Linoleic acid metabolism,0.3953856,1,1,0,1,1,1
IK_MALNXHYEPCSPPU-UWVGGRQHSA-N,Seryltyrosine,Linoleic acid metabolism,0.69251686,1,1,0,1,1,1
IK_MAZWDMBCPDUFDJ-VQHVLOKHSA-N,trans-traumatic acid,Vitamin B6 metabolism,0.2041258,1,1,0,1,1,1
IK_MBDKGXAMSZIDKF-VJIACCKLSA-N,N-Oleoyl-L-Serine,Linoleic acid metabolism,0.5759583,1,1,0,1,1,1
IK_MBJLYSAPIVPYNP-CLFYSBASSA-N,Methyl helianthenoate A glucoside,Linoleic acid metabolism,0.10355261,1,1,0,1,1,1
IK_MBMQEIFVQACCCH-XVNBXDOJSA-N,"(S,E)-Zearalenone",Retinol metabolism,0.13640487,1,1,1,1,1,1
IK_MBWDCAVWOVBITA-RRQLROBKSA-N,"DG(18:3(9,11,15)-OH(13)/0:0/a-15:0)",Steroid biosynthesis,0.12246294,1,1,0,1,1,1
IK_MCBZSKZRUIWKPM-ANMDKAQQSA-N,Cerivastatin lactone,Linoleic acid metabolism,0.13342176,1,1,0,1,1,1
IK_MCFZBCCYOPSZLG-UHFFFAOYSA-N,"2-Cyclopentene-1,4-dione",One carbon pool by folate,0.15645407,1,1,1,1,1,1
IK_MCJGNVYPOGVAJF-UHFFFAOYSA-N,8-Hydroxyquinoline,Arachidonic acid metabolism,0.1106437,1,0,0,0,1,1
IK_MCYHPZGUONZRGO-VKHMYHEASA-N,Mecysteine,One carbon pool by folate,0.23029445,1,1,0,1,1,1
IK_MDCGEAGEQVMWPE-AATRIKPKSA-N,3-Oxo-alpha-ionol,Glycerophospholipid metabolism,0.18218485,1,1,1,1,1,1
IK_MDDUIRLQCYVRDO-NHCYSSNCSA-N,Lys Val Asn,One carbon pool by folate,0.050436858,1,1,0,1,1,1
IK_MDIUMSLCYIJBQC-BUHFOSPRSA-N,FA 18:1+3O,Vitamin B6 metabolism,0.14867218,1,1,0,0,0,1
IK_MDIUMSLCYIJBQC-MVFSOIOZSA-N,"9,12,13-TriHOME",Sphingolipid metabolism,0.18089609,1,1,0,1,1,1
IK_MDQKYGOECVSPIW-UHFFFAOYSA-N,chlorothalonil-4-hydroxy,Pentose phosphate pathway,0.08226402,1,1,0,1,1,1
IK_MDRFMTLYKHBJTF-NQYLGBTJSA-N,SM d38:2,Sphingolipid metabolism,0.46266326,1,1,0,0,0,1
IK_MDSIZRKJVDMQOQ-GORDUTHDSA-N,(2E)-4-hydroxy-3-methylbut-2-en-1-yl trihydrogen diphosphate,Histidine metabolism,0.20559572,1,1,1,1,1,1
IK_MDSUKZSLOATHMH-UHFFFAOYSA-N,Leucyl-Valine,Sphingolipid metabolism,0.3344203,1,1,0,1,1,1
IK_MDWXOTLIYUYWJP-UHFFFAOYSA-N,3-hydroxy-3-(3-hydroxyphenyl)propanoic acid-O-sulphate,Citrate cycle (TCA cycle),0.07247622,1,1,1,1,1,1
IK_MDZKJHQSJHYOHJ-LLICELPBSA-N,Maslinic acid,Steroid biosynthesis,0.101169884,1,1,0,1,1,1
IK_MEHHPFQKXOUFFV-XDNAFOTISA-N,17alpha-Trenbolone,Steroid hormone biosynthesis,0.23467533,1,1,1,1,1,1
IK_MEJPFLKDAHVOFR-CGEJCFONSA-N,3-O-Methylniveusin A,Linoleic acid metabolism,0.107639775,1,1,1,1,1,1
IK_METKIMKYRPQLGS-UHFFFAOYSA-N,Atenolol,Pantothenate and CoA biosynthesis,0.13023461,1,1,0,1,1,1
IK_MFGALGYVFGDXIX-UHFFFAOYSA-N,"2,3-Dimethylmaleic anhydride",Cysteine and methionine metabolism,0.3376625,1,1,1,1,1,1
IK_MFIONIMKDOSXCC-SJQSLJDISA-N,"DG(15:0/18:4(6Z,9Z,12Z,15Z)/0:0)",Glycerophospholipid metabolism,0.77291983,1,1,0,1,1,1
IK_MFOCDFTXLCYLKU-CMPLNLGQSA-N,Phendimetrazine,Linoleic acid metabolism,0.3936759,1,1,0,1,1,1
IK_MFPOOPOMQXUMBS-RWMKFOTHSA-N,"PE(18:1(11Z)/20:4(8Z,11Z,14Z,17Z))",Glycerophospholipid metabolism,0.77755135,1,1,0,1,1,1
IK_MFXYPCMYAZAZDX-UHFFFAOYSA-N,Notoginsenoside R10,Retinol metabolism,0.32210356,1,1,0,1,1,1
IK_MFYFKAXYRXODPL-UHFFFAOYSA-N,"3,4-Dihydroxyphenylglycol O-sulfate",Arginine biosynthesis,0.09594756,1,1,1,1,1,0
IK_MGBKJKDRMRAZKC-UHFFFAOYSA-N,"3-Aminobenzene-1,2-diol",Arginine biosynthesis,0.25171298,1,0,0,0,1,0
IK_MGFYIUFZLHCRTH-UHFFFAOYSA-N,Nitrilotriacetic acid,"Glycine, serine and threonine metabolism",0.20623648,1,1,0,1,1,1
IK_MGRVRXRGTBOSHW-UHFFFAOYSA-N,Aminomethylphosphonic acid,One carbon pool by folate,0.121534504,1,1,0,1,1,1
IK_MGXAKXRVQRODDX-LRSNRTHXSA-N,Ginkgolide K,Retinol metabolism,0.09290683,1,1,0,1,1,1
IK_MHDRTPJQGBFRLF-HKBYYINESA-N,"DG(22:6(4Z,7Z,10Z,13Z,16Z,19Z)/22:2(13Z,16Z)/0:0)",Glycerophospholipid metabolism,0.69652754,1,1,0,1,1,1
IK_MHMUCYJKZUZMNJ-OWOJBTEDSA-N,Trans-3-Chloroacrylic acid,Citrate cycle (TCA cycle),0.34210384,1,1,0,1,1,1
IK_MIAKOEWBCMPCQR-GCHJQGSQSA-N,4-Aminophenylmannoside,Cysteine and methionine metabolism,0.22960186,1,1,1,1,1,1
IK_MICNQLKUSOVNNG-UHFFFAOYSA-N,9-Carboxymethoxymethylguanine,Purine metabolism,0.60417753,1,1,0,1,1,1
IK_MIKWCKCBCDZUNB-JRQMLGJJSA-N,PC O-34:3,Glycerophospholipid metabolism,0.4368204,1,1,0,0,0,1
IK_MINDHVHHQZYEEK-HBBNESRFSA-N,Mupirocin,Sphingolipid metabolism,0.16475435,1,1,0,1,1,1
IK_MJEQLGCFPLHMNV-UHFFFAOYSA-N,Hydroxymethylcytosine,Citrate cycle (TCA cycle),0.0540929,1,1,0,1,1,1
IK_MKMUWJJSVUOCQC-DTKYWWSASA-N,PE(18:1(11Z)/18:0),Glycerophospholipid metabolism,0.93742377,1,1,1,1,1,1
IK_MKOKWBRPIBQYJJ-WZBOJYASSA-N,C24:1 lactosylceramide,Sphingolipid metabolism,0.9443644,1,1,0,0,0,1
IK_MKSNXBRPSXVJOZ-BHCKOVANSA-N,SM 26:3;2O/14:1,Glycerophospholipid metabolism,0.20717527,1,1,0,0,0,1
IK_MKYPKZSGLSOGLL-LURJTMIESA-N,4-(Glutamylamino) butanoate,Citrate cycle (TCA cycle),0.11501402,1,1,1,1,1,1
IK_MMAFNNBLJJXUCU-UHFFFAOYSA-N,"(3b,16b,20R)-Pregn-5-ene-3,16,20-triol 3-glucoside",Ascorbate and aldarate metabolism,0.37188035,1,1,1,1,1,1
IK_MMBIABUYJUHFAK-XRYCYFGJSA-N,"PC(22:6(4Z,7Z,10Z,13E,15E,19Z)-OH(17)/18:3(9Z,12Z,15Z))",Linoleic acid metabolism,0.88831115,1,1,0,1,1,1
IK_MMCQRJPAMIHLQX-ZOWXZIJZSA-N,Sophoramine,One carbon pool by folate,0.05620147,1,1,0,1,1,1
IK_MMFKFJORZBJVNF-UHFFFAOYSA-N,Histidinyl-Leucine,Porphyrin metabolism,0.27218315,1,1,0,1,1,1
IK_MMFKFJORZBJVNF-UWVGGRQHSA-N,Histidylleucine,Porphyrin metabolism,0.2721831,1,1,0,1,1,1
IK_MMKRHZKQPFCLLS-UHFFFAOYSA-N,Ethyl Myristate,Fatty acid degradation,0.2932136,1,1,0,1,1,1
IK_MMNWSHJJPDXKCH-UHFFFAOYSA-N,2-Anthraquinonesulfonic acid,Vitamin B6 metabolism,0.1301531,1,1,1,1,1,1
IK_MMOXZBCLCQITDF-UHFFFAOYSA-N,Diethyltoluamide,D-Amino acid metabolism,0.15220521,1,1,0,1,1,1
IK_MNBHSIWWHUIFNM-UHFFFAOYSA-N,6-Hydroxyoctanoylcarnitine,Sphingolipid metabolism,0.40033752,1,1,0,1,1,1
IK_MNEBDCWSYIPUDZ-UHFFFAOYSA-N,Gamma-L-Glutamyl-L-pipecolic acid,Ascorbate and aldarate metabolism,0.062709965,1,1,0,1,1,1
IK_MNLRQHMNZILYPY-MKFCKLDKSA-N,N-Acetylmuramate,Purine metabolism,0.13986175,1,1,0,1,1,1
IK_MNNKFDDWOSVWJL-JAWFKQLMSA-N,"PS(20:1(11Z)/20:4(5Z,8Z,11Z,14Z))",Glycerophospholipid metabolism,0.8852333,1,1,0,1,1,1
IK_MOTZDAYCYVMXPC-UHFFFAOYSA-N,C12-AS (TENTATIVE),Arachidonic acid metabolism,0.14791524,1,1,0,1,1,1
IK_MPDGHEJMBKOTSU-YKLVYJNSSA-N,Glycyrrhetinic acid,Retinol metabolism,0.13903657,1,1,0,1,1,1
IK_MPWUZHVZZKSTPV-MADBQMNMSA-N,"PE(16:0/22:6(4Z,7Z,10Z,13Z,16Z,19Z))",Glycerophospholipid metabolism,0.8135581,1,1,0,1,1,1
IK_MQDDWIVNNZPOCB-HOTGVXAUSA-N,Elaeocarpidine,Citrate cycle (TCA cycle),0.32263535,1,1,0,1,1,1
IK_MQEBEBZYRKXMDL-UHFFFAOYSA-N,Gamma-Glutamyl-S-methylcysteine sulfoxide,Primary bile acid biosynthesis,0.059404396,1,1,0,1,1,1
IK_MQGBAQLIFKSMEM-MAZCIEHSSA-N,DG 18:2_18:2,Glycerophospholipid metabolism,0.8987081,1,1,0,0,0,1
IK_MQIUGAXCHLFZKX-UHFFFAOYSA-N,Dioctyl phthalate,Sphingolipid metabolism,0.13580182,1,1,0,1,1,1
IK_MQTAVJHICJWXBR-UHFFFAOYSA-N,N1-Acetylspermidine,Arginine and proline metabolism,0.6858909,1,1,0,1,1,1
IK_MRBDMNSDAVCSSF-UHFFFAOYSA-N,Phentolamine,One carbon pool by folate,0.08373722,1,0,0,0,1,1
IK_MRBKEAMVRSLQPH-UHFFFAOYSA-N,3-tert-Butyl-4-hydroxyanisole,Arginine biosynthesis,0.2181791,1,1,1,1,1,1
IK_MRTUWVDDQVMUCR-ACHCNROVSA-N,"LysoPC(18:3(6Z,9Z,12Z)/0:0)",Glycerophospholipid metabolism,0.8212445,1,1,0,1,1,1
IK_MSCFBKZUOGKJNH-DOWYPDBQSA-N,"PC(22:5(4Z,7Z,10Z,13Z,16Z)/P-18:1(9Z))",Linoleic acid metabolism,0.92589235,1,1,0,1,1,1
IK_MSFSPUZXLOGKHJ-GLPGPYIRSA-N,Alpha-Muramic acid,Amino sugar and nucleotide sugar metabolism,0.4091514,1,1,0,1,1,1
IK_MSFSPUZXLOGKHJ-PGYHGBPZSA-N,Muramic acid,Amino sugar and nucleotide sugar metabolism,0.38898358,1,1,0,1,1,1
IK_MSRVZJWXQUEINS-WAAHFECUSA-N,"Glucosyl (2E,6E,10x)-10,11-dihydroxy-2,6-farnesadienoate",Retinol metabolism,0.12622498,1,1,0,1,1,1
IK_MSUMOHDXPKCNSB-CUOJZFFHSA-N,"11beta-Hydroxy-3,20-dioxopregn-4-en-21-oic acid",Steroid hormone biosynthesis,0.2626938,1,1,1,1,1,1
IK_MSWZFWKMSRAUBD-HOWGCPQDSA-N,2-Amino-2-deoxy-L-glucopyranose,Amino sugar and nucleotide sugar metabolism,0.76941705,1,0,0,0,1,1
IK_MSWZFWKMSRAUBD-QZABAPFNSA-N,beta-D-Glucosamine,Amino sugar and nucleotide sugar metabolism,0.76941705,1,0,0,0,1,1
IK_MSWZFWKMSRAUBD-UZJJNQGWSA-N,d-Galac-tosamine,Amino sugar and nucleotide sugar metabolism,0.76941705,1,0,0,0,1,1
IK_MSYKRHVOOPPJKU-BDAKNGLRSA-N,Brivaracetam,Drug metabolism - cytochrome P450,0.09736406,1,1,0,1,1,1
IK_MTHSVFCYNBDYFN-UHFFFAOYSA-N,DI(Hydroxyethyl)ether,Glycerophospholipid metabolism,0.914759,1,0,0,0,1,1
IK_MTJZYEYMGZZYQD-OPMFDOCVSA-N,"5-Hydroxycapsanthin-5,6-epoxide",Retinol metabolism,0.10697405,1,1,0,1,1,1
IK_MTKNDAQYHASLID-RNFKDHMMSA-N,Estradiol-17beta-glucuronide,Steroid hormone biosynthesis,0.80106646,1,1,0,1,1,1
IK_MUAWGUDMTNCPGN-XVQMPNGWSA-N,PC 46:7e,Linoleic acid metabolism,0.7834194,1,1,0,0,0,1
IK_MULVVBYNDZRKPA-XCZWIQLXSA-N,PC(P-16:0/2:0),Linoleic acid metabolism,0.71729815,1,1,0,1,1,1
IK_MUWFEEOSXPAQIY-LQOXNGKESA-N,PE(15:0/22:1(13Z)),Glycerophospholipid metabolism,0.94696,1,1,0,1,1,1
IK_MUZOGCSYWJPGRB-UHFFFAOYSA-N,Ichangin 4-glucoside,Retinol metabolism,0.14319609,1,1,0,1,1,1
IK_MVFGUOIZUNYYSO-UHFFFAOYSA-N,Prilocaine,Drug metabolism - cytochrome P450,0.12457599,1,1,0,1,1,1
IK_MVKVCCFLYCXSGW-KMCFPEAVSA-N,"PC(LTE4/22:2(13Z,16Z))",Linoleic acid metabolism,0.30438405,1,1,0,1,1,1
IK_MVPPADPHJFYWMZ-UHFFFAOYSA-N,Chlorobenzene,Citrate cycle (TCA cycle),0.1300062,1,1,0,1,1,1
IK_MVVPIAAVGAWJNQ-CGRWFSSPSA-N,"N-[2-(3,4-Dihydroxyphenyl)ethyl]icosa-5,8,11,14-tetraenamide",Glycerophospholipid metabolism,0.14351809,1,1,0,1,1,1
IK_MVYUVUOSXNYQLL-UHFFFAOYSA-N,FAPy-adenine,One carbon pool by folate,0.0874019,1,1,0,1,1,1
IK_MWBWWFOAEOYUST-UHFFFAOYSA-N,2-Aminopurine,Nicotinate and nicotinamide metabolism,0.23530526,1,1,1,1,1,1
IK_MWOOGOJBHIARFG-UHFFFAOYSA-N,Vanillin,Arginine biosynthesis,0.3793923,1,1,0,1,1,1
IK_MWRBNPKJOOWZPW-CLFAGFIQSA-N,PE 36:2,Glycerophospholipid metabolism,0.96657705,1,1,0,0,0,1
IK_MWRWFPQBGSZWNV-UHFFFAOYSA-N,Dinitrosopentamethylenetetramine,"Glycine, serine and threonine metabolism",0.2138914,1,1,0,1,1,1
IK_MXAFDFDAIFZFET-QIEOIKHQSA-N,LysoPI(18:0/0:0),Glycerophospholipid metabolism,0.53501797,1,1,0,1,1,1
IK_MXDRPNGTQDRKQM-UHFFFAOYSA-N,3-Methylpyridazine,Nicotinate and nicotinamide metabolism,0.20415966,1,1,1,1,1,1
IK_MXNRLFUSFKVQSK-UHFFFAOYSA-N,Laminine,Cysteine and methionine metabolism,0.29545364,1,1,0,1,1,1
IK_MXRPNYMMDLFYDL-YFKPBYRVSA-N,N-Acetyl-S-(N-methylcarbamoyl)cysteine,"Alanine, aspartate and glutamate metabolism",0.1667941,1,1,0,1,1,1
IK_MXUNKHLAEDCYJL-UHFFFAOYSA-N,Toloxatone,Citrate cycle (TCA cycle),0.07304482,1,0,0,0,1,1
IK_MXVGMMSYPKQPGC-VGWLKTBOSA-N,TG 48:3|TG 12:0_18:1_18:2,Glycerophospholipid metabolism,0.659602,1,1,0,0,0,1
IK_MXWDHKDTQAPDQD-INBLFIHXSA-N,Adamantylamide-alanyl-isoglutamine,Linoleic acid metabolism,0.42755127,1,1,1,1,1,1
IK_MXXWOMGUGJBKIW-YPCIICBESA-N,Piperine,Drug metabolism - cytochrome P450,0.28776762,1,1,0,1,1,0
IK_MYEJFUXQJGHEQK-ALRJYLEOSA-N,Proscillaridin,Steroid biosynthesis,0.12198229,1,1,0,1,1,1
IK_MYFMARDICOWMQP-YUMQZZPRSA-N,gamma-Glu-leu,Primary bile acid biosynthesis,0.4047561,1,1,0,1,1,1
IK_MYWAIWDQTCHPTH-LJAIZBFVSA-N,"4alpha-carboxy-4beta-methyl-5alpha-cholesta-8,24-dien-3beta-ol",Ascorbate and aldarate metabolism,0.19986899,1,1,1,1,1,1
IK_MZJVEEJEYSKNPH-OSTDEYQUSA-N,MGDG 34:2,Sphingolipid metabolism,0.28946212,1,1,0,0,0,1
IK_MZOYMQRKTJRHGJ-UHFFFAOYSA-N,2-n-Tetrahydrothiophenecarboxylic acid,"Alanine, aspartate and glutamate metabolism",0.33188158,1,1,1,1,1,1
IK_MZSJQKKCFOSWBW-VJIACCKLSA-N,N-Oleoyl Asparagine,Glycerophospholipid metabolism,0.33249468,1,1,0,1,1,1
IK_MZWRIOUCMXPLKV-RFOVXIPZSA-N,16-Dehydropregnenolone acetate,Linoleic acid metabolism,0.458582,1,1,1,1,1,1
IK_NAIPAPCKKRCMBL-JYJNAYRXSA-N,Pro-Pro-Phe,Primary bile acid biosynthesis,0.1621227,1,1,0,1,1,1
IK_NAYOYSKSFGMFOB-LURJTMIESA-N,S-(2-Hydroxyethyl)-N-acetyl-L-cysteine,"Alanine, aspartate and glutamate metabolism",0.35271615,1,1,0,1,1,1
IK_NAYRRTXXROQWER-DBAXAXBNSA-N,SM 42:3;2O|SM 18:2;2O/24:1,Glycerophospholipid metabolism,0.3272979,1,1,0,0,0,1
IK_NBEADXWAAWCCDG-QDDWGVBQSA-N,SM (d18:1/18:1(9Z)),Sphingolipid metabolism,0.46266326,1,1,0,0,0,1
IK_NBIIXXVUZAFLBC-UHFFFAOYSA-N,Phosphoric acid,One carbon pool by folate,0.21518655,1,1,0,1,0,1
IK_NBYHNBHEHIKVDS-CNFNJSKASA-N,DG(18:0/0:0/LTE4),Sphingolipid metabolism,0.42051116,1,1,0,1,1,1
IK_NCEQLLNVRRTCKJ-UHFFFAOYSA-N,"4-[2-[5,5-Dimethyl-8-(4-methylphenyl)-6H-naphthalen-2-yl]ethynyl]benzoic acid",Retinol metabolism,0.09799591,1,1,1,1,1,1
IK_NCVXEYAKRVJMTQ-UHFFFAOYSA-N,"1-(3,4-Diethoxybenzyl)-6,7-diethoxy-3,4-dihydroisoquinoline",Linoleic acid metabolism,0.07849411,1,1,1,1,1,1
IK_NDAUXUAQIAJITI-UHFFFAOYSA-N,Salbutamol,Drug metabolism - cytochrome P450,0.0739358,1,1,0,1,1,1
IK_NDBRCNIXDRLLSE-GSUBHOBPSA-N,GPCho(22:6/18:1),Linoleic acid metabolism,0.99154013,1,1,0,1,1,1
IK_NDEFPWCNVUSOMM-ARZPVTGOSA-N,"PC(P-18:1(11Z)/20:4(5Z,8Z,11Z,14Z)-OH(20))",Linoleic acid metabolism,0.82415354,1,1,0,1,1,1
IK_NDLCPYLJACQPTP-XBLVEGMJSA-N,"Undeca-5,7-dienoylcarnitine",Linoleic acid metabolism,0.7629138,1,1,0,1,1,1
IK_NDPWMVKNLXIMLF-KIYNQFGBSA-N,Apiforol sulfate,Ascorbate and aldarate metabolism,0.0679838,1,1,0,1,1,1
IK_NDQCVBYVTMEEQZ-RXQYGXENSA-N,"DG(15:0/0:0/18:3(9,11,15)-OH(13))",Steroid biosynthesis,0.09833212,1,1,0,1,1,1
IK_NDSZHILVESJDPU-NZRYSPDRSA-N,1-arachidonoyl-2-hydroxy-sn-glycero-3-phosphate,Glycerophospholipid metabolism,0.723148,1,1,0,1,1,1
IK_NDYMQXYDSVBNLL-MUYMLXPFSA-N,Cucurbitacin E,Linoleic acid metabolism,0.29016557,1,1,0,1,1,1
IK_NEGQHKSYEYVFTD-HSZRJFAPSA-N,LysoPC(0:0/16:0),Linoleic acid metabolism,0.8564507,1,1,0,1,1,1
IK_NELZMZLNTYWIPD-MLBSDYKWSA-N,Nuatigenin,Linoleic acid metabolism,0.55641943,1,1,0,1,1,1
IK_NESRXFGQJARQNM-OWYFMNJBSA-N,Ovalicin,Porphyrin metabolism,0.13132541,1,1,0,1,1,1
IK_NFCOJBIECSQMAM-JQISRXLJSA-N,Armillarivin,Linoleic acid metabolism,0.084248975,1,1,0,0,0,1
IK_NFJTYOOTXIAZGM-CPRJBALCSA-N,DG(10:0/a-17:0/0:0),Linoleic acid metabolism,0.2272152,1,1,0,1,1,1
IK_NFNVDJGXRFEYTK-UHFFFAOYSA-N,Leucyl-Glutamate,Linoleic acid metabolism,0.5673085,1,1,0,1,1,1
IK_NFOMHWALMFWNAQ-UHFFFAOYSA-N,Acetoxyacetylaminofluorene,Vitamin B6 metabolism,0.06665461,1,1,0,1,1,1
IK_NFWKVWVWBFBAOV-MISYRCLQSA-N,dehydroabietic acid,Linoleic acid metabolism,0.056239992,1,1,0,0,0,1
IK_NFXHRONXTSUXIR-PUKZTNJRSA-N,"DG(16:0/0:0/20:3(8Z,11Z,14Z)-2OH(5,6))",Glycerophospholipid metabolism,0.34987038,1,1,0,1,1,1
IK_NFZKLQHAALLDRG-UINNZVLTSA-N,DG(PGF1alpha/0:0/12:0),Linoleic acid metabolism,0.34318227,1,1,0,1,1,1
IK_NGBBVGZWCFBOGO-UHFFFAOYSA-N,"3,4-Methylenedioxyamphetamine",Arachidonic acid metabolism,0.18302575,1,1,1,1,1,0
IK_NGCXIFFZXAZRAF-UHFFFAOYSA-M,2-Keto-6-acetamidocaproate,One carbon pool by folate,0.14697404,1,1,0,1,1,1
IK_NGEWQZIDQIYUNV-UHFFFAOYSA-N,2-Hydroxy-3-methylbutyric acid,Vitamin B6 metabolism,0.24904616,1,1,0,1,0,1
IK_NGHNCQYFTPFRAD-UHFFFAOYSA-N,3-Oxobutanoylcarnitine,Sphingolipid metabolism,0.23866351,1,1,1,1,1,1
IK_NGHVIOIJCVXTGV-ALEPSDHESA-N,6-Aminopenicillanic acid,Cysteine and methionine metabolism,0.07005759,1,1,0,1,1,1
IK_NGPDZEACIWDCKX-WUDKWMPASA-N,Vulgarin,Linoleic acid metabolism,0.061925877,1,1,0,1,1,1
IK_NGSWBLPYWNRZHV-FUJSRDAWSA-N,"PE-NMe2(14:1(9Z)/22:5(7Z,10Z,13Z,16Z,19Z))",Fructose and mannose metabolism,0.30957687,1,1,0,1,1,1
IK_NGSWKAQJJWESNS-ZZXKWVIFSA-N,p-coumaric acid,"Phenylalanine, tyrosine and tryptophan biosynthesis",0.44164687,1,1,0,1,1,1
IK_NGTXCORNXNELNU-BOIFFFMUSA-N,Leukotriene B3,Linoleic acid metabolism,0.6315951,1,1,0,1,1,1
IK_NGZXDRGWBULKFA-WUFINQPMSA-N,Chondrocurine,Linoleic acid metabolism,0.07775875,1,1,0,1,1,1
IK_NHAJHKARKKFXMR-UHFFFAOYSA-N,Adlupone,Retinol metabolism,0.110607415,1,1,0,1,1,1
IK_NHKZSTHOYNWEEZ-AFCXAGJDSA-N,Taribavirin,Vitamin B6 metabolism,0.105970666,1,1,0,1,1,1
IK_NHTGHBARYWONDQ-JTQLQIEISA-N,Metyrosine,One carbon pool by folate,0.15025538,1,1,0,1,1,1
IK_NICDFCNOCPZHTJ-LXGSHKTASA-N,Annosquamosin B,Linoleic acid metabolism,0.16350664,1,1,0,1,1,1
IK_NIDNHJFXEWZXLZ-VGVQALKYSA-N,"DG(18:1(12Z)-O(9S,10R)/a-17:0/0:0)",Linoleic acid metabolism,0.16998611,1,1,0,1,1,1
IK_NIDVTARKFBZMOT-PEBGCTIMSA-N,N-Acetylcytidine,Tryptophan metabolism,0.21058619,1,1,0,1,1,1
IK_NIGWMJHCCYYCSF-UHFFFAOYSA-N,P-CHLOROPHENYLALANINE,Steroid hormone biosynthesis,0.2108465,1,1,0,1,1,1
IK_NILQLFBWTXNUOE-UHFFFAOYSA-N,Cycloleucine,Arginine biosynthesis,0.20853183,1,0,0,0,1,1
IK_NIOYUNMRJMEDGI-UHFFFAOYSA-N,Palmitaldehyde,One carbon pool by folate,0.25260884,1,1,0,1,1,1
IK_NISGSNTVMOOSJQ-UHFFFAOYSA-N,Cyclopentylamine,One carbon pool by folate,0.3959074,1,1,0,1,1,1
IK_NISPVUDLMHQFRQ-MKIKIEMVSA-N,Cucurbitacin I,Linoleic acid metabolism,0.30651188,1,1,0,1,1,1
IK_NITMRIAAAKECLS-IZZDOVSWSA-N,Furapyrimidone,Cysteine and methionine metabolism,0.07698542,1,1,0,1,1,1
IK_NIVZHWNOUVJHKV-UHFFFAOYSA-N,Bethanidine,Drug metabolism - cytochrome P450,0.2854977,1,1,0,1,1,1
IK_NIXDINZDFZJZHG-LUAWRHEFSA-N,(Z)-2-octylpent-2-enedioic acid,Vitamin B6 metabolism,0.1440458,1,0,0,0,1,1
IK_NIXOWILDQLNWCW-UHFFFAOYSA-N,Acrylic acid,D-Amino acid metabolism,0.467296,1,1,0,1,1,1
IK_NJCXGFKPQSFZIB-RRKCRQDMSA-N,5-Chloro-2'-deoxyuridine,Amino sugar and nucleotide sugar metabolism,0.49358848,1,1,1,1,1,1
IK_NJMGRJLQRLFQQX-HYXAFXHYSA-N,2-Isopropylmaleate,Cysteine and methionine metabolism,0.52015054,1,1,1,1,1,1
IK_NJYDDAGEVQMOBI-UHFFFAOYSA-N,"3 ?<U+00C3><U+00B3>?<U+00C3><U+00B3>?<U+00C3><U+2021><U+00C3><U+0153>?<U+00C2><U+00BC>?<U+00C3><U+00B3>?<U+00C3><U+2021>??<U+00C3><U+00B3>-(2 ?<U+00C3><U+00B3>?<U+00C3><U+00B3>?<U+00C3><U+2021><U+00C3><U+0153>?<U+00C2><U+00BC>?<U+00C3><U+00B3>?<U+00C3><U+2021>??<U+00C3><U+00B3> ?<U+00C3><U+00B3>?<U+00C3><U+00B3>?<U+00C3><U+2021><U+00C3><U+0153>?<U+00C2><U+00BC>?<U+00C3><U+00A0>?<U+00C3><U+2021><U+00C2><U+00A3>,3 ?<U+00C3><U+00B3>?<U+00C3><U+00B3>?<U+00C3><U+2021><U+00C3><U+0153>?<U+00C2><U+00BC>?<U+00C3><U+00A9>??? ?<U+00C3><U+00B3>?<U+00C3><U+00B3>?<U+00C3><U+2021><U+00C3><U+0153>?<U+00C2><U+00BC>?<U+00C3><U+00AF>?<U+00C3><U+00B4>-Digalloylglucosyl)-phloroacetophenone",Sphingolipid metabolism,0.14595392,1,1,0,0,0,1
IK_NKDFYOWSKOHCCO-WRDNMVOESA-N,Ecdysterone,Primary bile acid biosynthesis,0.13019428,1,1,0,1,1,1
IK_NKDFYOWSKOHCCO-YPVLXUMRSA-N,Crustecdysone,Linoleic acid metabolism,0.10634327,1,1,0,1,1,1
IK_NKFNBVMJTSYZDV-UHFFFAOYSA-N,Lauryldiethanolamine,Fatty acid biosynthesis,0.11513883,1,1,0,1,1,1
IK_NLLMJANWPUQQTA-SPUZQDLCSA-N,"Estra-1,3,5(10),7-tetraene-3,17alpha-diol",Primary bile acid biosynthesis,0.54167616,1,1,0,1,1,1
IK_NLMDZXKCTWKRSQ-IBISWUOJSA-N,"[(2S,3S,4S,5S,6R)-4,5-Dihydroxy-2,6-dimethyloxan-3-yl] hydrogen sulfate",Caffeine metabolism,0.337979,1,1,0,1,1,1
IK_NLPBBNGDXNHAJP-AATRIKPKSA-N,9-Hydroxy-7-megastigmen-3-one glucoside,Sphingolipid metabolism,0.12990952,1,1,0,1,1,1
IK_NLRKCXQQSUWLCH-UHFFFAOYSA-N,Nitrosobenzene,Drug metabolism - cytochrome P450,0.27405906,1,1,0,1,1,1
IK_NLUNAYAEIJYXRB-HEJOTXCHSA-N,"8-hydroxy-5Z,9E,11Z,14Z-eicosatetraenoic acid",Sphingolipid metabolism,0.55243206,1,1,0,1,1,1
IK_NMDWGEGFJUBKLB-UHFFFAOYSA-N,2-Acetolactate,One carbon pool by folate,0.22077467,1,1,1,1,1,1
IK_NMDWGEGFJUBKLB-YFKPBYRVSA-N,(S)-2-Acetolactate,One carbon pool by folate,0.22077467,1,1,1,1,1,1
IK_NMEZJSDUZQOPFE-UHFFFAOYSA-N,1-Cyclohexene-1-carboxylic acid,D-Amino acid metabolism,0.21843468,1,1,1,1,1,1
IK_NMGVHLDIHNFGQB-ZGLWHBDZSA-N,Rhamnetin 3-rhamninoside,"Phenylalanine, tyrosine and tryptophan biosynthesis",0.05710371,1,1,0,1,1,1
IK_NMHMNPHRMNGLLB-UHFFFAOYSA-N,Desaminotyrosine,Glycerophospholipid metabolism,0.21569377,1,1,0,1,1,1
IK_NMPZCCZXCOMSDQ-ZRTZXPPTSA-N,"Cytidine 2 ?<U+00C3><U+00B3>?<U+00C3><U+00B3>?<U+00C3><U+2021><U+00C3><U+0153>?<U+00C2><U+00BC>?<U+00C3><U+00A9>??,3 ?<U+00C3><U+00B3>?<U+00C3><U+00B3>?<U+00C3><U+2021><U+00C3><U+0153>?<U+00C2><U+00BC>?<U+00C3><U+00A9>??-cyclic phosphate",Tryptophan metabolism,0.26256722,1,1,0,1,1,1
IK_NNIGBOAAXZMMQM-DTQAZKPQSA-N,(10Z)-12-Hydroxyhexadecenoylcarnitine,Linoleic acid metabolism,0.95348495,1,1,1,1,1,1
IK_NNLLMULULOBXBY-PLNGDYQASA-N,Cis-3-Hexenyl lactate,Vitamin B6 metabolism,0.07817888,1,1,0,1,1,1
IK_NNNVXFKZMRGJPM-KHPPLWFESA-N,Sapienic acid,Sphingolipid metabolism,0.56088847,1,1,0,1,1,1
IK_NNPWRKSGORGTIM-RCDCWWQHSA-N,"8,15-DiHETE",Linoleic acid metabolism,0.17760907,1,1,0,0,0,1
IK_NNULBSISHYWZJU-LLKWHZGFSA-N,Ceftizoxime,Retinol metabolism,0.046280053,1,1,0,1,1,1
IK_NODSEPOUFZPJEQ-UHFFFAOYSA-N,Thymol Sulfate,Cysteine and methionine metabolism,0.17028695,1,1,0,1,1,1
IK_NOKPBJYHPHHWAN-REOHCLBHSA-N,cysteine-S-sulfate,Cysteine and methionine metabolism,0.10800909,1,1,0,1,1,1
IK_NOOJLZTTWSNHOX-UWVGGRQHSA-N,Melanostatin,Purine metabolism,0.12979016,1,1,0,1,1,1
IK_NOSWATRCDIPOON-UHFFFAOYSA-N,135-Trichloro-(2-methylsulfonyl)benzene,Arachidonic acid metabolism,0.16478842,1,1,0,1,1,1
IK_NPCZZYKITFKRQZ-FQUZZJBASA-N,TG 52:1|TG 16:0_18:0_18:1,Linoleic acid metabolism,0.5186024,1,1,0,0,0,1
IK_NPDLYUOYAGBHFB-WDSKDSINSA-N,Asparaginylarginine,Ascorbate and aldarate metabolism,0.09722745,1,1,0,1,1,1
IK_NPDSHTNEKLQQIJ-UHFFFAOYSA-N,"9-Hydroxy-10,12-Octadecadienoic Acid",Linoleic acid metabolism,0.726681,1,1,0,1,1,1
IK_NPDSHTNEKLQQIJ-UINYOVNOSA-N,9(S)-HODE,Linoleic acid metabolism,0.7119839,1,1,0,1,1,1
IK_NPDTUDWGJMBVEP-UHFFFAOYSA-N,"N1,N12-Diacetylspermine",Tyrosine metabolism,0.16030955,1,1,0,1,1,1
IK_NPNUFJAVOOONJE-FLFDDASRSA-N,cis-Caryophyllene,Linoleic acid metabolism,0.20124266,1,1,0,1,1,1
IK_NPQJTPHMCZYCNP-UHFFFAOYSA-N,Permetin A,Sphingolipid metabolism,0.21426547,1,1,0,1,1,1
IK_NPTOZJLCWXEGKK-UHFFFAOYSA-N,methyl 2-((4-methyl-2-oxo-2H-chromen-7-yl)oxy)propanoate,One carbon pool by folate,0.056765452,1,0,0,0,1,1
IK_NQAHWJIWYRYXFP-UHFFFAOYSA-N,Melleolide H,Sphingolipid metabolism,0.08608537,1,1,0,1,1,1
IK_NQDAYVPCMIYPCA-UHFFFAOYSA-N,Simonin V,Retinol metabolism,0.19055147,1,1,0,1,1,1
IK_NQOMZUZLRFQVLR-UHFFFAOYSA-N,5'-Hydroxylornoxicam,Citrate cycle (TCA cycle),0.052339368,1,1,1,1,1,1
IK_NRBFOSKZAWRBJI-KRWDZBQOSA-N,N-Palmitoyl Alanine,Glycerophospholipid metabolism,0.33818883,1,1,0,1,1,1
IK_NRZWYNLTFLDQQX-UHFFFAOYSA-N,4-Tert-Amylphenol,Steroid hormone biosynthesis,0.07544453,1,1,0,1,1,1
IK_NSHPHXHGRHSMIK-JRIKCGFMSA-N,Latrunculin B,Retinol metabolism,0.08938292,1,1,0,1,1,1
IK_NSTCJQZTKVQBIU-UHFFFAOYSA-N,"4-Methoxy-4-oxo-2,2-bis(sulfanyl)butanoic acid",Arachidonic acid metabolism,0.12310623,1,1,1,1,1,1
IK_NSVPCFNUUARRKL-CSKARUKUSA-N,11-Hydroxy-9-tridecenoic acid,Fatty acid degradation,0.17815253,1,1,1,1,1,1
IK_NSYSSMYQPLSPOD-UHFFFAOYSA-N,4-Hydroxy-6-methyl-2-pyrone,Cysteine and methionine metabolism,0.16828321,1,1,1,1,1,1
IK_NTFDCJZOSZKJBK-MINGAGCFSA-N,"PE-NMe(18:4(6Z,9Z,12Z,15Z)/22:4(7Z,10Z,13Z,16Z))","Alanine, aspartate and glutamate metabolism",0.33982056,1,1,0,1,1,1
IK_NTNWOCRCBQPEKQ-YFKPBYRVSA-N,L-Targinine,Arginine biosynthesis,0.12625496,1,1,0,1,1,1
IK_NTVFQBIHLSPEGQ-BUHFOSPRSA-N,"9,10,13-TriHOME",Sphingolipid metabolism,0.18089584,1,1,0,1,1,1
IK_NTYJJOPFIAHURM-UHFFFAOYSA-N,nicotine,Histidine metabolism,0.10852588,1,1,0,1,0,1
IK_NUJGJRNETVAIRJ-UHFFFAOYSA-N,Octanal,"Alanine, aspartate and glutamate metabolism",0.35661304,1,1,0,1,1,1
IK_NURCPIMQAUMKKZ-FZOQRHEPSA-N,Ganglioside GM3 (d18:1/16:0),Sphingolipid metabolism,0.36218044,1,1,0,1,1,1
IK_NUZWLKWWNNJHPT-UHFFFAOYSA-N,Anthralin,Pentose phosphate pathway,0.06914735,1,1,0,1,1,1
IK_NWGKJDSIEKMTRX-MDZDMXLPSA-N,Arlacel,Sphingolipid metabolism,0.1377187,1,1,0,1,1,1
IK_NWGZOALPWZDXNG-UHFFFAOYNA-N,"N,N-Dimethylarginine",Cysteine and methionine metabolism,0.18286689,1,1,0,1,1,1
IK_NWIUTZDMDHAVTP-UHFFFAOYSA-N,Betaxolol,Linoleic acid metabolism,0.06897929,1,1,0,1,1,1
IK_NWVJXHCRPZDUPG-WYGAFBEVSA-N,"(6E,8R,10Z)-8-hydroxy-3-oxohexadecadienoic acid",Vitamin B6 metabolism,0.23196857,1,1,1,1,1,1
IK_NXJAXUYOQLTISD-SECBINFHSA-N,Glutarylcarnitine,Sphingolipid metabolism,0.92069393,1,1,0,1,1,1
IK_NXJDPFSYOMFVES-SUTPNROZSA-N,3-O-Sulfogalactosylceramide (d18:1/18:1(9Z)),Sphingolipid metabolism,0.9935416,1,1,0,1,1,1
IK_NXJSQJIGCCIMAE-ORIYTCASSA-N,Polyporenic acid C,Riboflavin metabolism,0.1049061,1,1,0,1,1,1
IK_NYKHQRHPWDLZTL-UHFFFAOYSA-N,4-hydroxy-4-(pyridin-2-yl)butan-2-one,Cysteine and methionine metabolism,0.12265524,1,0,0,0,1,1
IK_NYPJDWWKZLNGGM-UHFFFAOYSA-N,Fenvalerate,Sphingolipid metabolism,0.097959,1,1,0,1,1,1
IK_NYRDUZVMRXFKRA-KCHFORSBSA-N,"PE(20:0/18:4(6Z,9Z,12Z,15Z))",Glycerophospholipid metabolism,0.7763874,1,1,1,1,1,1
IK_NZKKXAGORRATJB-UHFFFAOYSA-N,2-Methoxyacetaminophen sulfate,Arachidonic acid metabolism,0.06866065,1,1,1,1,1,1
IK_NZKRYJGNYPYXJZ-UHFFFAOYSA-N,Dopamine 3-O-sulfate,Tyrosine metabolism,0.4985114,1,1,0,1,1,1
IK_NZNMSOFKMUBTKW-UHFFFAOYSA-N,Cyclohexanecarboxylic acid,Citrate cycle (TCA cycle),0.14621498,1,1,0,1,1,1
IK_NZNWCYFBFHHMLM-UHFFFAOYSA-N,(S)-alpha-Terpinyl glucoside,Histidine metabolism,0.20606163,1,1,1,1,1,1
IK_NZSAHCYFUVNLPX-UHFFFAOYSA-N,Stigmastentriol,Ascorbate and aldarate metabolism,0.3146717,1,1,0,1,1,1
IK_NZUIUYWHFPQZBH-HXCATZOESA-N,Spirorenone,Primary bile acid biosynthesis,0.12517922,1,1,0,1,1,1
IK_NZUPCNDJBJXXRF-UHFFFAOYSA-O,Bethanechol,One carbon pool by folate,0.2746139,1,1,0,1,1,1
IK_NZVSGOQOFUVMHA-QOSDPKFLSA-N,SM 35:1;2O,Linoleic acid metabolism,0.32761362,1,1,0,0,0,1
IK_NZXKDOXHBHYTKP-UHFFFAOYSA-N,Methohexital,Purine metabolism,0.1546105,1,1,0,1,1,1
IK_OAKGNIRUXAZDQF-TXHRRWQRSA-N,Retaspimycin,Linoleic acid metabolism,0.16185075,1,1,0,1,1,1
IK_OALYTRUKMRCXNH-UHFFFAOYSA-N,Dihydro-5-pentyl-2(3H)-furanone,Arginine biosynthesis,0.3331393,1,1,0,1,1,1
IK_OAORYCZPERQARS-VIFPVBQESA-N,6-Bromo-L-tryptophan,Pyrimidine metabolism,0.47624284,1,1,0,1,1,1
IK_OASKNPCLIHUTTL-UHFFFAOYSA-N,4-hydroxyvalproic acid,One carbon pool by folate,0.17531638,1,1,0,0,0,1
IK_OBFSLMQLPNKVRW-RHPAUOISSA-N,Cer(d18:1/18:1(9Z)),Glycerophospholipid metabolism,0.9637655,1,1,0,1,1,1
IK_OBHRVMZSZIDDEK-UHFFFAOYSA-N,Mesobilirubinogen,Steroid biosynthesis,0.15640216,1,1,0,1,1,1
IK_OBMDBUWMBOPDST-JJDRJQAMSA-N,hydroxyproline dipeptide,Ascorbate and aldarate metabolism,0.18298008,1,1,0,0,0,1
IK_OBSIPTVJSOCDLZ-UHFFFAOYSA-N,Hydroxyprolyl-Valine,Vitamin B6 metabolism,0.05788816,1,1,0,1,1,1
IK_OBXDTEXUNVDKII-FNMRUBLUSA-N,TG 47:3,Glycerophospholipid metabolism,0.659602,1,1,0,0,0,1
IK_OBXKICUTIJDFHI-WMXQMYKUSA-N,"DG(20:4(8Z,11Z,14Z,17Z)-2OH(5S,6R)/8:0/0:0)",Glycerophospholipid metabolism,0.25101975,1,1,0,1,1,1
IK_OCALSPDXYQHUHA-FNORWQNLSA-N,8-Methylnonenoate,Sphingolipid metabolism,0.4293775,1,1,0,1,1,1
IK_OCAPBUJLXMYKEJ-UHFFFAOYSA-N,Bifonazole,Drug metabolism - cytochrome P450,0.23373781,1,1,0,0,0,1
IK_OCEZPDBEDULORM-UHFFFAOYSA-N,Ile-Ile-Ile-Pro,Sphingolipid metabolism,0.115304306,1,1,0,1,1,1
IK_OCKPCBLVNKHBMX-UHFFFAOYSA-N,Butylbenzene,Fatty acid degradation,0.41357931,1,1,0,1,1,1
IK_ODAIHABQVKJNIY-PEDHHIEDSA-N,Perindoprilat,Ascorbate and aldarate metabolism,0.090241484,1,1,0,1,1,1
IK_ODBLHEXUDAPZAU-ZAFYKAAXSA-N,D-threo-Isocitric acid,Citrate cycle (TCA cycle),0.5075844,1,1,1,1,1,1
IK_ODBXEJFUFNZVOB-UVQSURNNSA-N,PC O-40:3 or PC 40:3e,Glycerophospholipid metabolism,0.4368204,1,1,0,0,0,1
IK_ODKYYBOHSVLGNU-UHFFFAOYSA-N,Terizidone,Drug metabolism - cytochrome P450,0.09305184,1,1,0,1,1,1
IK_ODVPGHBKUZXZJN-PWWCDPQYSA-N,Luteolin 3'-(3''-acetylglucuronide),Linoleic acid metabolism,0.10226211,1,1,0,1,1,1
IK_ODXINVOINFDDDD-AHHZEYPCSA-N,glycerol-3-galactoside,Pyruvate metabolism,0.039774667,1,1,0,0,0,1
IK_ODXVXZSLYPJSLI-AATRIKPKSA-N,(5E)-3-Hydroxyhept-5-enoylcarnitine,Linoleic acid metabolism,0.29591843,1,1,1,1,1,1
IK_OEBGQVIRXPDBGY-UHFFFAOYSA-N,"(1a,5b,6a)-7-Protoilludene-1,5,6,14-tetrol 14-(2,4-dihydroxy-6-methylbenzoic acid)",Linoleic acid metabolism,0.10733387,1,1,1,1,1,1
IK_OEDAQCLCHGASNH-UHFFFAOYSA-N,Dehydrocarpaine II,Retinol metabolism,0.1331711,1,1,0,1,1,1
IK_OEHVJXBNLPHFCT-UHFFFAOYSA-N,Glutamine lactate,D-Amino acid metabolism,0.15061656,1,1,0,1,1,1
IK_OEKUSRBIIZNLHZ-DJDNIQJZSA-N,3-Dehydrocholic Acid,Primary bile acid biosynthesis,0.44657436,1,1,1,1,1,0
IK_OENIAPNUBVAGPG-YKEUAMLNSA-N,"PE(20:4(8Z,11Z,14Z,17Z)-2OH(5S,6R)/DiMe(13,5))",Glycerophospholipid metabolism,0.5654493,1,1,0,1,1,1
IK_OERBUNDZQSEJCT-CJXYNRQTSA-N,TG 14:0_16:0_18:4,Linoleic acid metabolism,0.49821872,1,1,0,0,0,1
IK_OEVFKUKLCXTCSU-KOTKPJCWSA-N,HexCer 34:1;2O,Sphingolipid metabolism,0.92455757,1,1,0,0,0,1
IK_OEWWEABZDCFLPH-UHFFFAOYSA-N,Diethyloxalpropionate,One carbon pool by folate,0.15887909,1,1,0,0,0,1
IK_OFCNTYBPPAQCRE-UHFFFAOYSA-N,3h-Serotonin,Tryptophan metabolism,0.15922193,1,1,1,1,1,1
IK_OFCNXPDARWKPPY-UHFFFAOYSA-N,Allopurinol,Arachidonic acid metabolism,0.15006979,1,0,0,0,1,1
IK_OFPGGYKTROURFO-UCCAZXFESA-N,"Cer(d16:1/20:4(5Z,8Z,11Z,14Z)-OH(20))",Glycerophospholipid metabolism,0.9616162,1,1,0,1,1,1
IK_OFRYBPCSEMMZHR-UHFFFAOYSA-N,Alpha-Hydroxymetoprolol,Vitamin B6 metabolism,0.06606464,1,1,0,1,1,1
IK_OFZCIYFFPZCNJE-UHFFFAOYSA-N,Carisoprodol,Drug metabolism - cytochrome P450,0.1390804,1,0,0,0,1,1
IK_OGGVRVMISBQNMQ-YPBSLCSMSA-N,Sordarin,Linoleic acid metabolism,0.12547101,1,1,0,1,1,1
IK_OGQICQVSFDPSEI-UHFFFAOYSA-N,Tazarotene,Sphingolipid metabolism,0.06295666,1,1,0,1,1,1
IK_OHLQBKZXSJYBMK-UHFFFAOYSA-N,Avocadyne,Fatty acid degradation,0.10549736,1,1,0,1,1,1
IK_OHYPPUOVSUINHM-UHFFFAOYSA-N,Phenol sulphate3,Arginine and proline metabolism,0.22543016,1,1,0,1,1,1
IK_OHZYISZWOVEBCJ-ATLCLBDSSA-N,Tuberoside,Ascorbate and aldarate metabolism,0.37911847,1,1,0,1,1,1
IK_OIAGWXKSCXPNNZ-UHFFFAOYSA-N,4-Acetamidoantipyrine,Linoleic acid metabolism,0.89565384,1,0,0,0,1,1
IK_OIFXLYCBBBXCIB-UHFFFAOYSA-N,8-Nonen-2-one,Linoleic acid metabolism,0.5794792,1,1,0,1,1,1
IK_OIGNJSKKLXVSLS-VWUMJDOOSA-N,Prednisolone,Steroid hormone biosynthesis,0.61910343,1,0,0,0,1,1
IK_OIOFPHGTOUDKAJ-UHFFFAOYSA-N,Oxonorfloxacin,Glycerophospholipid metabolism,0.12257726,1,1,0,1,1,1
IK_OJMNTWPPFNMOCJ-CFOLLTDRSA-M,"Cefamandole sodium; alpha,beta-Dihydroxyethyl-TPP; Chloramphenicol Monoglucuronide",Glycerophospholipid metabolism,0.063907534,1,1,0,1,1,1
IK_OJXQLGQIDIPMTE-UHFFFAOYSA-N,Gartanin,Steroid biosynthesis,0.06972701,1,1,0,1,1,1
IK_OJYLAHXKWMRDGS-UHFFFAOYSA-N,Zingerone,Arginine biosynthesis,0.26862732,1,1,0,1,1,1
IK_OKJIRPAQVSHGFK-UHFFFAOYSA-N,N-Acetylglycine,Glycerophospholipid metabolism,0.7356205,1,0,0,0,1,1
IK_OKKOTEXYXPSGMF-VDRIIYAVSA-N,"PE(20:3(5Z,8Z,11Z)/16:0)",Glycerophospholipid metabolism,0.97014004,1,1,0,1,1,1
IK_OKRAIIIRDYCGGZ-POHAHGRESA-N,"5,8-Dihydro-6-(4-methyl-3-pentenyl)-1,2,3,4-tetrathiocin",Cysteine and methionine metabolism,0.082093015,1,1,1,1,1,0
IK_OKRJGUKZYSEUOY-UHFFFAOYSA-N,Butylisopropylamine,Tyrosine metabolism,0.2100289,1,1,0,1,1,1
IK_OKYHUOHBRKWCQJ-FTJYXMLISA-N,S-(1-Propenyl)-cysteine sulfoxide,One carbon pool by folate,0.14999881,1,1,0,1,1,1
IK_OKYHUOHBRKWCQJ-UUEXCLNXSA-N,Isoalliin,One carbon pool by folate,0.13678312,1,1,0,1,1,1
IK_OLAOWMDKXPIITQ-UHFFFAOYSA-N,Tridecanoylcarnitine,Fatty acid degradation,0.5257725,1,1,0,1,1,1
IK_OLBNOBQOQZRLMP-UHFFFAOYSA-N,"2,6-Dimethoxy-1,4-benzoquinone",Cysteine and methionine metabolism,0.13545872,1,1,1,1,1,1
IK_OLNJUISKUQQNIM-UHFFFAOYSA-N,Indole-3-carboxaldehyde,Tryptophan metabolism,0.47612768,1,1,0,1,1,1
IK_OLNTVTPDXPETLC-XPWALMASSA-N,Ezetimibe,Glycerophospholipid metabolism,0.09666207,1,1,0,0,0,1
IK_OLVZVPBWPSBRNF-UHFFFAOYSA-N,(+/-)-2-(2-Methylpropyl)thiazolidine,Arginine biosynthesis,0.118298166,1,1,0,1,1,1
IK_OMHUCGDTACNQEX-OSHKXICASA-N,Steviobioside,Sphingolipid metabolism,0.13271685,1,1,0,1,1,1
IK_OMISYDASOKPVDK-UHFFFAOYSA-N,"5-(3',4',5'-Trihydroxyphenyl)-gamma-valerolactone-3'-O-sulphate",Ascorbate and aldarate metabolism,0.14913858,1,1,1,1,1,1
IK_OMLWNBVRVJYMBQ-YUMQZZPRSA-N,Arginylarginine,Primary bile acid biosynthesis,0.25076947,1,1,0,1,1,1
IK_OMMZVRQHBRAUHL-UHFFFAOYSA-N,16-Hydroxyhexadecanoylcarnitine,Sphingolipid metabolism,0.25528538,1,1,1,1,1,1
IK_ONFOSYPQQXJWGS-UHFFFAOYSA-N,(+/-)-2-Hydroxy-4-(methylthio)butanoic acid,One carbon pool by folate,0.2281717,1,1,0,1,1,1
IK_ONJQDTZCDSESIW-UHFFFAOYSA-N,Polidocanol,Glycerophospholipid metabolism,0.9852169,1,1,0,1,1,1
IK_ONJSZLXSECQROL-UHFFFAOYSA-N,o-Hydroxyhippuric acid,"Phenylalanine, tyrosine and tryptophan biosynthesis",0.18659674,1,1,0,1,1,1
IK_ONPDTSFZAIWMDI-AVGNSLFASA-N,Lys Leu Gln,Linoleic acid metabolism,0.6668637,1,1,0,1,1,1
IK_ONPXCLZMBSJLSP-UHFFFAOYNA-N,Proline-hydroxyproline,Arginine and proline metabolism,0.20981245,1,0,0,0,1,1
IK_ONYIYPVBLNPMLB-UHFFFAOYSA-N,Palmitoyl glucuronide,Vitamin B6 metabolism,0.07493924,1,1,0,1,1,1
IK_OOBHFESNSZDWIU-UHFFFAOYSA-N,Phenmetrazine,One carbon pool by folate,0.064240396,1,1,0,1,1,1
IK_OOCCDEMITAIZTP-QPJJXVBHSA-N,CINNAMYL ALCOHOL,Drug metabolism - cytochrome P450,0.51364374,1,1,0,1,0,1
IK_OOOUXEXASBCJCE-ZESVVUHVSA-N,SM d35:1,Linoleic acid metabolism,0.96617395,1,1,0,0,0,1
IK_OOOXLVUNFHBSNL-UFBFGSQYSA-N,"cis-1,2-Dihydroxy-1,2-dihydrodibenzothiophene",Vitamin B6 metabolism,0.04033135,1,1,0,1,0,1
IK_OPEGYZAATHKDEM-HCWXCVPCSA-N,Penicilloic acid,Galactose metabolism,0.05112558,1,1,0,1,1,1
IK_OPKOKAMJFNKNAS-UHFFFAOYSA-N,2-(Methylamino)ethanol,"Alanine, aspartate and glutamate metabolism",0.2531615,1,1,1,1,1,1
IK_OPQNCARIZFLNLF-JBHFWYGFSA-N,Ansamitocin P-3,Retinol metabolism,0.12843023,1,1,0,1,1,1
IK_OPTASPLRGRRNAP-UHFFFAOYSA-N,Cytosine,Vitamin B6 metabolism,0.08041687,1,1,0,1,1,1
IK_OPWAZQSWJQLOAK-UHFFFAOYSA-N,Vignatic acid B,Vitamin B6 metabolism,0.13003166,1,1,0,0,0,1
IK_OPXYKICHKIQGOV-UPHRSURJSA-N,(E)-Resveratrol 3-glucoside 4'-sulfate,Retinol metabolism,0.07238477,1,1,1,1,1,1
IK_OQDPVLVUJFGPGQ-UHFFFAOYSA-N,Piribedil,Glycerophospholipid metabolism,0.107786104,1,0,0,0,1,1
IK_OQOOVTUAIDXHMC-KCWQRWSDSA-N,DG(i-12:0/PGF1alpha/0:0),Linoleic acid metabolism,0.5595056,1,1,0,1,1,1
IK_OQWOHRPOYAVIOK-UHFFFAOYSA-N,carnitine 10:1,Sphingolipid metabolism,0.44341886,1,1,0,1,1,1
IK_OQYZCCKCJQWHIE-UHFFFAOYSA-N,3-Hydroxysebacic Acid,Ascorbate and aldarate metabolism,0.55732507,1,1,1,1,1,1
IK_OQZCSNDVOWYALR-UHFFFAOYSA-N,Flurochloridone,Glycerophospholipid metabolism,0.32563162,1,1,0,1,1,1
IK_OQZSGNGSHMDCAR-UHFFFAOYSA-N,Solutol HS 15,Linoleic acid metabolism,0.18838389,1,1,0,1,1,1
IK_ORDAZKGHSNRHTD-UXHICEINSA-N,Legumelin,Sphingolipid metabolism,0.15641294,1,1,0,1,1,1
IK_ORHVVTAURCZTDT-QZQOTICOSA-N,Docosenamide,Linoleic acid metabolism,0.078141086,1,1,0,1,1,1
IK_OROAFUQRIXKEMV-LDADJPATSA-N,Eprosartan,Linoleic acid metabolism,0.059613176,1,1,0,1,1,1
IK_OROGUZVNAFJPHA-UHFFFAOYSA-N,"5-Hydroxy-2,4-dimethylthiophen-3-one",One carbon pool by folate,0.12773143,1,1,0,1,1,1
IK_ORQXBVXKBGUSBA-UHFFFAOYSA-N,2-Amino-3-cyclohexylpropanoic acid,Histidine metabolism,0.22336164,1,1,1,1,1,1
IK_ORTIQSICVORWBJ-UHFFFAOYSA-N,N-[4-Chloro-3-(3-methylbut-2-enoxy)phenyl]-2-methylthiophene-3-carbothioamide,Steroid biosynthesis,0.08070717,1,1,0,1,1,1
IK_ORVQWHLMVLOZPX-ZZXKWVIFSA-N,Bisnoryangonin,Drug metabolism - cytochrome P450,0.24761492,1,1,0,1,1,1
IK_ORXKASWXOVPKDV-UBWBUNFISA-N,Yuccagenin,Linoleic acid metabolism,0.1232119,1,1,0,1,1,1
IK_OSCCDBFHNMXNME-UHFFFAOYSA-N,"(2R,3R,4R)-2-Amino-4-hydroxy-3-methylpentanoic acid","Valine, leucine and isoleucine biosynthesis",0.8815556,1,1,1,1,1,1
IK_OSCJFAHVJDDMFL-UHFFFAOYSA-N,"3,4-Dimethyl-5-pentyl-2-furanpropanoic acid",Glutathione metabolism,0.110577576,1,1,1,1,1,0
IK_OSICWVVWEXKSBD-LFAYTRTRSA-N,Fumigaclavine C,Glycerophospholipid metabolism,0.2966029,1,1,0,1,1,1
IK_OSWPMRLSEDHDFF-UHFFFAOYSA-N,Methyl Salicylate,Arginine biosynthesis,0.12891623,1,1,0,1,1,1
IK_OTAJGWQCQIEFEV-UHFFFAOYSA-N,dicarboxylic acid or pharmaceutical,One carbon pool by folate,0.054359075,1,1,0,1,1,1
IK_OTCSBULKTTUVHL-XXSKBKDCSA-N,"2,3-Secoporrigenin",Retinol metabolism,0.13425007,1,1,1,1,1,1
IK_OTDARJOVCLILGQ-FPLPWBNLSA-N,MG(0:0/18:1(11Z)/0:0),Steroid biosynthesis,0.115412325,1,1,0,1,1,1
IK_OTDJZUJMXXNTKV-FENLDCAOSA-N,"PA(22:2(13Z,16Z)/LTE4)",Sphingolipid metabolism,0.43019715,1,1,0,1,1,1
IK_OTKJDMGTUTTYMP-QZTJIDSGSA-N,"(2R,3R)-2-Aminooctadecane-1,3-diol",Sphingolipid metabolism,0.98971087,1,1,1,1,1,1
IK_OTTXIFWBPRRYOG-UHFFFAOYSA-N,2-Hydroxyadipic acid,Histidine metabolism,0.12288703,1,1,1,1,1,1
IK_OUAPULXYUWUOHW-UHFFFAOYSA-N,1-Ethoxymethyl-5-fluorouracil,Glycerophospholipid metabolism,0.36924183,1,1,1,1,1,1
IK_OUEUPCHAIFZTKH-LSWZYRHBSA-N,GPEtn(14:0/22:2),Glycerophospholipid metabolism,0.93153805,1,1,0,1,1,1
IK_OUKDNADVOQVFAR-NBTXLFQMSA-N,TG 44:1,Linoleic acid metabolism,0.5186024,1,1,0,0,0,1
IK_OUYCCCASQSFEME-MRVPVSSYSA-N,D-tyrosine,Tyrosine metabolism,0.999532,1,0,0,0,1,1
IK_OVCDSSHSILBFBN-UHFFFAOYSA-N,Amodiaquine,Glycerophospholipid metabolism,0.111036964,1,1,0,1,1,1
IK_OVMSOCFBDVBLFW-VHLOTGQHSA-N,Baccatin III,Linoleic acid metabolism,0.117922224,1,1,0,1,1,1
IK_OVOCLWJUABOAPL-UHFFFAOYSA-N,5-Methyl-2-furancarboxylic acid,Arginine biosynthesis,0.12289049,1,1,0,1,1,1
IK_OVRNDRQMDRJTHS-JAJWTYFOSA-N,N-Acetyl-b-D-galactosamine,Amino sugar and nucleotide sugar metabolism,0.70164317,1,1,0,1,1,1
IK_OWFJMIVZYSDULZ-PXOLEDIWSA-N,Oxyterracin,Retinol metabolism,0.15107808,1,1,0,1,1,1
IK_OWTJVZIKRRJXGS-MAEXYVIMSA-N,3-O-Demethylfortimicin A,One carbon pool by folate,0.054018166,1,1,1,1,1,1
IK_OWZPCEFYPSAJFR-UHFFFAOYNA-N,Dinoseb,Histidine metabolism,0.25981036,1,0,0,0,1,1
IK_OXBFEJBBKCRANO-SANMLTNESA-N,TG(8:0/8:0/10:0),Linoleic acid metabolism,0.34334576,1,1,0,1,1,1
IK_OXENLKNOBTVOJA-JLNKQSITSA-N,"4,5-dehydro Docosahexaenoic Acid",Vitamin B6 metabolism,0.16954142,1,1,1,1,1,1
IK_OXSYGCRLQCGSAQ-UHFFFAOYSA-N,Sabine,Linoleic acid metabolism,0.21848494,1,1,0,1,1,1
IK_OXUGTFWFXADACU-PXNASSMWSA-N,PA(20:0/LTE4),Sphingolipid metabolism,0.42010581,1,1,0,1,1,1
IK_OXVFDZYQLGRLCD-UHFFFAOYSA-N,Hydroxypioglitazone,Ascorbate and aldarate metabolism,0.10998619,1,1,0,1,1,1
IK_OXVUXGFZHDKYLS-QUFHAEKXSA-N,Euscaphic acid,Sphingolipid metabolism,0.09770822,1,1,0,1,1,1
IK_OYDCCWNLILCHDJ-ZZXKWVIFSA-N,P-Coumaric acid sulfate,Pyrimidine metabolism,0.11504447,1,1,0,1,1,1
IK_OYPPJMLKAYYWHH-NXJDUNGTSA-N,Thromboxane B3,Primary bile acid biosynthesis,0.17097123,1,1,0,1,1,1
IK_OZAXLAGNPZMZAD-BOEMPQCLSA-N,TG 51:1,Linoleic acid metabolism,0.5186024,1,1,0,0,0,1
IK_OZIOWHWTZWIMCZ-MPUPURDASA-N,Blood group B trisaccharide,Fructose and mannose metabolism,0.11228069,1,1,0,1,1,1
IK_OZJPLYNZGCXSJM-UHFFFAOYSA-N,Delta-Valerolactone,One carbon pool by folate,0.117198735,1,1,0,1,1,1
IK_OZLOIIJWJZXAQV-YUDAYSKTSA-N,"PE(20:4(5Z,8Z,11Z,13E)-OH(15S)/22:1(13Z))",Glycerophospholipid metabolism,0.8185153,1,1,0,1,1,1
IK_OZOMQRBLCMDCEG-VIZOYTHASA-N,Dantrolene,Linoleic acid metabolism,0.08109169,1,1,0,1,1,1
IK_PADNECYMNLPKRN-UHFFFAOYSA-N,Theasapogenol E,Linoleic acid metabolism,0.075344175,1,1,0,1,1,1
IK_PAFZNILMFXTMIY-UHFFFAOYSA-N,Cyclohexanamine,Cysteine and methionine metabolism,0.2720357,1,1,0,1,1,1
IK_PAJPWUMXBYXFCZ-UHFFFAOYSA-N,1-aminocyclopropane-1-carboxylic acid,One carbon pool by folate,0.16025129,1,1,0,1,1,1
IK_PALVOIADDFXQGT-HZJYTTRNSA-N,"LysoPA(0:0/18:2(9Z,12Z))",Glycerophospholipid metabolism,0.7917071,1,1,0,1,1,1
IK_PANDRCFROUDETH-YLSOAJEOSA-N,Lipoteichoic acid,Sphingolipid metabolism,0.47527513,1,1,0,1,1,1
IK_PAPBSGBWRJIAAV-UHFFFAOYSA-N,Epsilon-Caprolactone,Vitamin B6 metabolism,0.059370767,1,1,0,1,1,1
IK_PAXWQORCRCBOCU-LURJTMIESA-N,2-Fluoro-5-hydroxy-L-tyrosine,Pyrimidine metabolism,0.31702378,1,1,0,1,1,1
IK_PAYRUJLWNCNPSJ-PTQBSOBMSA-N,(1-~13~C)Aniline,One carbon pool by folate,0.2214077,1,0,0,0,1,1
IK_PAYRUJLWNCNPSJ-UHFFFAOYSA-N,Aniline,One carbon pool by folate,0.22140767,1,0,0,0,1,1
IK_PBGMJEFISXYLCY-UHFFFAOYSA-N,(His(1-ME)2)-trh,Porphyrin metabolism,0.18842904,1,1,0,1,1,1
IK_PBLNHHSDYFYZNC-UHFFFAOYSA-N,1-Naphthylmethanol,Vitamin B6 metabolism,0.1718011,1,1,0,1,0,1
IK_PDIGSOAOQOXRDU-WJPZTBRDSA-N,"LysoPC(20:5(5Z,8Z,11Z,14Z,17Z)/0:0)",Glycerophospholipid metabolism,0.60901445,1,1,0,1,1,1
IK_PDLAMJKMOKWLAJ-PVPULFMTSA-N,PI(16:0/18:1(9Z)),Glycerophospholipid metabolism,0.6001055,1,1,0,1,1,1
IK_PDLPZZHYCMXDCF-UHFFFAOYSA-N,"2,4(1H,3H)-Pyrimidinedione, 1-(2,3-dihydro-2-furanyl)-5-fluoro-",Retinol metabolism,0.09798514,1,1,1,1,1,1
IK_PDNJLMZEGXHSCU-UHFFFAOYSA-N,Homocysteinesulfinic acid,Cysteine and methionine metabolism,0.2163829,1,1,0,1,1,1
IK_PEHSVUKQDJULKE-UHFFFAOYSA-N,Imetit,Histidine metabolism,0.47072265,1,1,0,1,1,1
IK_PEJGMBUENJSLLH-RHAKMSQVSA-N,"SM(d18:2(4E,14Z)/14:0)",Sphingolipid metabolism,0.67411125,1,1,0,1,1,1
IK_PETDNGRBYPTDNI-QSNWBFGMSA-N,5'-O-Methylmelledonal,Retinol metabolism,0.10535531,1,1,1,1,1,1
IK_PETYOUXDCHQKTQ-QXPKXGMISA-N,carnitine 12:1,Sphingolipid metabolism,0.65877676,1,1,0,1,1,1
IK_PEYTUVXFLCCGCC-FENHPFPBSA-N,Teleocidin B 2,Retinol metabolism,0.07384939,1,1,0,1,1,1
IK_PFBBISDRYDAYNQ-ZZEZOPTASA-N,FA 20:1 (eicosenoic acid),Fatty acid degradation,0.15447326,1,1,0,0,0,1
IK_PFBSCCSBALRLEC-CDJQDVQCSA-N,"Deca-2,7-dienedioyl-CoA",Riboflavin metabolism,0.23694167,1,1,0,1,1,1
IK_PFDUUKDQEHURQC-UHFFFAOYSA-N,3-Methoxytyrosine,Tyrosine metabolism,0.65197325,1,1,1,1,1,1
IK_PFDUUKDQEHURQC-ZETCQYMHSA-N,3-O-Methyl-a-methyldopa,Arginine biosynthesis,0.423302,1,1,1,1,1,1
IK_PFJKOHUKELZMLE-VEUXDRLPSA-N,Lactosylceramide d18:1/24:1 15Z,Sphingolipid metabolism,0.15864062,1,1,0,0,0,1
IK_PFTAWBLQPZVEMU-AFYYWNPRSA-N,L-Epicatechol,Vitamin B6 metabolism,0.13298605,1,1,0,1,1,1
IK_PFURGBBHAOXLIO-UHFFFAOYSA-N,"1,2-Cyclohexanediol",Amino sugar and nucleotide sugar metabolism,0.13865696,1,1,1,1,1,1
IK_PGFGQDBBWSVMED-AVQMFFATSA-N,N-Linoleoyl Histidine,Steroid biosynthesis,0.17225786,1,1,0,1,1,1
IK_PGFGQERXTDRVHO-SVHMSXJUSA-N,Milbemycin beta2,Steroid biosynthesis,0.107181594,1,1,0,1,1,1
IK_PGMYKACGEOXYJE-UHFFFAOYSA-N,Pentyl acetate,One carbon pool by folate,0.1764832,1,0,0,0,1,1
IK_PGYNJJCWPCAGLG-GYHWCHFESA-N,TG 14:0_16:0_17:1,Linoleic acid metabolism,0.5186024,1,1,0,0,0,1
IK_PHBYJTASVSXTSS-QKMQXXATSA-N,"PC(2:0/22:6(5Z,8E,10Z,13Z,15E,19Z)-2OH(7S, 17S))",Linoleic acid metabolism,0.4601193,1,1,0,1,1,1
IK_PHERGCZDWYMUOF-DEOSSOPVSA-N,DG(8:0/15:0/0:0),Glycerophospholipid metabolism,0.25508255,1,1,0,1,1,1
IK_PHIQHXFUZVPYII-UHFFFAOYNA-N,Carnitine,Glycerophospholipid metabolism,0.18032947,1,1,0,1,1,1
IK_PHIQHXFUZVPYII-ZCFIWIBFSA-N,L-Carnitine,Glycerophospholipid metabolism,0.15543488,1,1,0,1,1,1
IK_PHMBVCPLDPDESM-FKSUSPILSA-N,Ecgonine,One carbon pool by folate,0.08387415,1,1,0,1,1,1
IK_PHMBVCPLDPDESM-GHNGIAPOSA-N,Pseudoecgonine,One carbon pool by folate,0.07807492,1,1,0,1,1,1
IK_PHTAMEFBOLJOPU-VQJSHJPSSA-N,PE(14:0/24:0),Glycerophospholipid metabolism,0.96565187,1,1,0,1,1,1
IK_PHYFQTYBJUILEZ-IUPFWZBJSA-N,TG 54:3|TG 18:1_18:1_18:1,Linoleic acid metabolism,0.5186024,1,1,0,0,0,1
IK_PHYYADMVYQURSX-GHXNOFRVSA-M,3-methylsulfinylpropyl-glucosinolate,Sphingolipid metabolism,0.07679147,1,1,0,1,1,1
IK_PIJVFDBKTWXHHD-HIFRSBDPSA-N,Physostigmine,Pyrimidine metabolism,0.05545123,1,1,0,1,1,1
IK_PITVQFJBUFDJDD-XEGUGMAKSA-N,Tryptophyl-Isoleucine,Retinol metabolism,0.10500136,1,1,0,1,1,1
IK_PIUZYOCNZPYXOA-ZHHJOTBYSA-N,5-Cholesten-3beta-25-diol-3-sulfate,Steroid hormone biosynthesis,0.65259594,1,1,0,1,1,1
IK_PIXFHVWJOVNKQK-CJWOFWMHSA-N,11-Hydroxyandrosterone,Steroid hormone biosynthesis,0.78952706,1,1,1,1,1,1
IK_PIYTUGMLAKPQKI-OMQYJPGKSA-N,"4,5-seco-dopa",D-Amino acid metabolism,0.16531344,1,1,1,1,1,1
IK_PJANXHGTPQOBST-UHFFFAOYSA-N,Stilbene,Drug metabolism - cytochrome P450,0.7434872,1,1,0,1,1,1
IK_PJDINCOFOROBQW-LURJTMIESA-N,"(3S)-3,7-diaminoheptanoic acid",One carbon pool by folate,0.2612197,1,0,0,0,1,1
IK_PJZFULXMEGMUDK-QGOAFFKASA-N,4-Phenylbutyl glucosinolate,Glutathione metabolism,0.12267621,1,1,1,1,1,1
IK_PKDTXFWHZWYNAH-UHFFFAOYSA-N,"7,8-Dihydro-3b,6a-dihydroxy-alpha-ionol 9-glucoside",Sphingolipid metabolism,0.17008646,1,1,0,1,1,1
IK_PKIYFBICNICNGJ-UHFFFAOYSA-N,Monooctyl phthalate,Drug metabolism - cytochrome P450,0.07460062,1,1,0,1,1,1
IK_PKSATBKOULRIBB-PYCGOTNYSA-N,"PE-NMe2(22:6(4Z,7Z,10Z,13Z,16Z,19Z)/18:3(6Z,9Z,12Z))",Ether lipid metabolism,0.47197393,1,1,0,1,1,1
IK_PKSJDCCFDXWPLW-UHFFFAOYSA-N,"Cyclopropanecarboxamide, 1,2,2,3,3-pentamethyl-",Cysteine and methionine metabolism,0.07197047,1,1,0,1,1,1
IK_PKXWXXPNHIWQHW-RCBQFDQVSA-N,Semagacestat,Ether lipid metabolism,0.05201305,1,1,0,1,1,1
IK_PLHJDBGFXBMTGZ-WEVVVXLNSA-N,Furazolidone,One carbon pool by folate,0.11029252,1,1,0,1,1,1
IK_PLNJUBIUGVATKW-SNAWJCMRSA-N,Methyl furfuracrylate,Citrate cycle (TCA cycle),0.094733216,1,1,0,1,1,1
IK_PMIHTPDPPVPUIV-UHFFFAOYSA-N,9-Hydroxyoctadecanoylcarnitine,Sphingolipid metabolism,0.3282006,1,1,0,1,1,1
IK_PMKQSEYPLQIEAY-YWNRKNDBSA-N,Phaseolic acid,Vitamin B6 metabolism,0.12872894,1,1,0,1,1,1
IK_PMMYEEVYMWASQN-DMTCNVIQSA-N,4-Hydroxy-L-Proline,D-Amino acid metabolism,0.3073017,1,1,1,1,1,1
IK_PMOWTIHVNWZYFI-AATRIKPKSA-N,2-Hydroxycinnamic acid,Pyrimidine metabolism,0.31655198,1,1,1,1,1,1
IK_PMZDQRJGMBOQBF-UHFFFAOYSA-N,4-Hydroxyquinoline,Citrate cycle (TCA cycle),0.072938,1,1,1,1,1,1
IK_PNFUIOJRSUFFPH-VYFLHTJVSA-N,"PC(18:2(9Z,12Z)/22:4(7Z,10Z,13Z,16Z))",Linoleic acid metabolism,0.9543317,1,1,0,1,1,1
IK_PNKLMTPXERFKEN-MLXHEQMXSA-N,HT-2 Toxin,Linoleic acid metabolism,0.051960275,1,1,0,1,1,1
IK_PNQYAMWGTGWJDW-UHFFFAOYSA-N,N-(3-Aminopropyl)-N-methylcarbamic acid tert-butyl ester,Galactose metabolism,0.05801604,1,1,0,1,1,1
IK_PNZJCTOIJIYXNH-QVLAUCSVSA-N,"Cer(d16:1/20:4(8Z,11Z,14Z,17Z)-2OH(5S,6R))",Glycerophospholipid metabolism,0.6572996,1,1,0,1,1,1
IK_POJWUDADGALRAB-UHFFFAOYSA-N,Allantoin,Vitamin B6 metabolism,0.07973588,1,1,0,0,0,1
IK_POQOTWQIYYNXAT-UHFFFAOYSA-N,5-Acetylamino-6-amino-3-methyluracil,Arachidonic acid metabolism,0.32565022,1,1,0,1,1,1
IK_POQRWMRXUOPCLD-AAAFHMTMSA-N,C24:0 glucosylceramide,Sphingolipid metabolism,0.9834552,1,1,0,0,0,1
IK_PORXCRSLPBANJT-UHFFFAOYSA-N,Hydroxybuprenorphine,Retinol metabolism,0.08271507,1,1,0,1,1,1
IK_POUITAHNNRJWMA-UHFFFAOYSA-N,5-Hydroxybenzofuran-2(3H)-one,One carbon pool by folate,0.06870963,1,1,0,1,1,1
IK_PPFRJNLKWADOTL-WOGJWQOOSA-N,Dolicholide,Linoleic acid metabolism,0.1161984,1,1,0,1,1,1
IK_PPRBNBYLZZFTRZ-PSALXKTOSA-N,SM(d14:1/18:1),Sphingolipid metabolism,0.54236925,1,1,0,1,1,1
IK_PQKFUDVFSOEHDQ-KBBGFLFPSA-N,"24,24-Difluoro-1alpha,25-dihydroxyvitamin D3",Sphingolipid metabolism,0.14242117,1,1,1,1,1,0
IK_PQMUUZGBMZBJSD-KNFYMXGFSA-N,Biotripyrrin-b,Porphyrin metabolism,0.6618169,1,1,0,1,1,1
IK_PQNASZJZHFPQLE-LURJTMIESA-N,N(6)-Methyllysine,Cysteine and methionine metabolism,0.72284216,1,1,0,1,1,1
IK_PQPZSPJVMUCVAQ-JTQLQIEISA-N,PMeOH 36:4,Linoleic acid metabolism,0.1271552,1,1,0,0,0,1
IK_PRDZVHCOEWJPOB-IVMDWMLBSA-N,N-Sulfo-D-glucosamine,Vitamin B6 metabolism,0.2587786,1,1,0,1,1,1
IK_PRFXRIUZNKLRHM-HKVRTXJWSA-N,Prostaglandin B2,Fatty acid degradation,0.18519542,1,1,0,1,1,1
IK_PRGQOPPDPVELEG-UHFFFAOYSA-N,Dihydroxycarbazepine,Drug metabolism - cytochrome P450,0.14908594,1,1,0,1,1,1
IK_PRJJVJQUMHDYMQ-UHFFFAOYSA-N,3 Hydroxymandelic acid - COOH,Arginine biosynthesis,0.12033933,1,1,0,1,1,1
IK_PRXCKJGVECBOID-WXGDJGGUSA-N,"(12Z,15Z)-10-Hydroxyoctadeca-12,15-dienoylcarnitine",Sphingolipid metabolism,0.38603586,1,1,1,1,1,1
IK_PSBIAPQFYNFRKH-FXJJMODTSA-N,"PA(18:3(10,12,15)-OH(9)/i-12:0)",Glycerophospholipid metabolism,0.3346162,1,1,0,1,1,1
IK_PSHXNVGSVNEJBD-LJQANCHMSA-N,Tetradecanoylcarnitine,Fatty acid degradation,0.512595,1,1,0,1,1,1
IK_PSLSTUMPZILTAH-BYULHYEWSA-N,Asp Gly Ile,Sphingolipid metabolism,0.1300159,1,1,0,1,1,1
IK_PTBQWWHUOMDVFS-UHFFFAOYSA-N,Phomalone,Arachidonic acid metabolism,0.06763415,1,1,0,1,1,1
IK_PTIDGSWTMLSGAH-UHFFFAOYSA-N,Precocene II,Citrate cycle (TCA cycle),0.09670901,1,1,0,1,1,1
IK_PTJWIQPHWPFNBW-GBNDHIKLSA-N,Pseudouridine,Pyruvate metabolism,0.0806465,1,1,0,1,1,1
IK_PTKSEFOSCHHMPD-UHFFFAOYSA-N,Midodrine,Sphingolipid metabolism,0.15194792,1,1,0,1,1,1
IK_PTOJXIKSKSASRB-UHFFFAOYSA-O,Candicine,Tyrosine metabolism,0.77165514,1,1,0,1,1,1
IK_PUEDDPCUCPRQNY-ZYUZMQFOSA-N,Nicotinic acid ribonucleoside,Nicotinate and nicotinamide metabolism,0.2737296,1,1,0,1,1,1
IK_PUQIRTNPJRFRCZ-UHFFFAOYSA-N,Metoprolol acid,Tyrosine metabolism,0.23812945,1,1,0,1,1,1
IK_PUYXTUJWRLOUCW-UHFFFAOYSA-N,Spiroxamine,Glutathione metabolism,0.090635836,1,1,0,1,1,1
IK_PVKSNHVPLWYQGJ-CPTYKQRNSA-N,Phosphoaminophosphonic acid-adenylate ester,Riboflavin metabolism,0.15249471,1,1,0,1,1,1
IK_PVMBAGXWHHZKFP-JMPJWMFJSA-N,TG 50:4|TG 16:1_16:1_18:2,Glycerophospholipid metabolism,0.659602,1,1,0,0,0,1
IK_PVWHKAOMCLSWPF-BNFZFUHLSA-O,CAR 14:2,Fatty acid degradation,0.3667904,1,1,0,0,0,1
IK_PWAKELUEEHWVFQ-UHFFFAOYSA-L,2-(7'-methylthio)heptylmalate,Linoleic acid metabolism,0.30798662,1,1,1,1,1,1
IK_PWFTYELYTFERRB-VPTTUCOCSA-N,Alpha-Trisaccharide,Sphingolipid metabolism,0.1632757,1,1,0,1,1,1
IK_PWGFIVDGCMQGCD-CCMQFXHASA-N,"9,10,11-Trihydroxyumbelliprenin",Retinol metabolism,0.09150434,1,1,0,1,1,1
IK_PWHROYKAGRUWDQ-UHFFFAOYSA-N,Difenpiramide,Glycerophospholipid metabolism,0.2686723,1,1,0,1,1,1
IK_PWKSKIMOESPYIA-BYPYZUCNSA-N,Acetylcysteine,Arginine biosynthesis,0.20590296,1,1,0,1,1,1
IK_PXGPLTODNUVGFL-NAPLMKITSA-N,PA(i-22:0/5-iso PGF2VI),Linoleic acid metabolism,0.5405565,1,1,0,1,1,1
IK_PXWLVJLKJGVOKE-UHFFFAOYSA-N,Propyphenazone,Linoleic acid metabolism,0.14853524,1,1,0,1,1,1
IK_PXWMAVXORZYSKF-KLMYNGQASA-N,"PC(20:3(5Z,8Z,11Z)/18:4(6Z,9Z,12Z,15Z))",Linoleic acid metabolism,0.9822963,1,1,0,1,1,1
IK_PYGSKMBEVAICCR-UHFFFAOYSA-N,"1,5-Hexadiene",Linoleic acid metabolism,0.57137954,1,1,1,1,1,1
IK_PYGVPCBXCGQXNA-SZHIUZGGSA-N,Cer 18:1;2O/24:1;(2OH),Glycerophospholipid metabolism,0.16744097,1,1,0,0,0,1
IK_PYINVOHSOZSEPB-DKGLCQEFSA-N,Hymenoxon,Pentose phosphate pathway,0.06503356,1,1,0,1,1,1
IK_PYLPANOYZCSFOX-UCIVWCSPSA-N,27-Norcholestanehexol,Primary bile acid biosynthesis,0.5092999,1,1,1,1,1,0
IK_PYUSHNKNPOHWEZ-YFKPBYRVSA-N,N-Formyl-L-Methionine,Histidine metabolism,0.078990005,1,1,0,1,1,1
IK_PYUXYCIEXJYNLI-AMHUYZMWSA-O,P-Coumaroyl vitisin A,Linoleic acid metabolism,0.12989724,1,1,0,1,1,1
IK_PZSJOBKRSVRODF-UHFFFAOYSA-N,Vanillin Acetate,Arginine and proline metabolism,0.16839252,1,1,0,1,1,1
IK_PZTGRDMCBZUJDL-UHFFFAOYSA-N,"1-Naphthalenesulfonic acid, 3,4-dihydro-3,4-dioxo-",Purine metabolism,0.1516526,1,1,1,1,1,1
IK_QADHLRWLCPCEKT-LOVVWNRFSA-N,"Androst-5-ene-3beta,17beta-diol",Steroid hormone biosynthesis,0.9996251,1,1,0,1,1,1
IK_QAIPRVGONGVQAS-UHFFFAOYSA-N,"3-(3,4-Dihydroxyphenyl)prop-2-enoic Acid",Drug metabolism - cytochrome P450,0.52204823,1,1,1,1,1,0
IK_QAJRFFUHENEZQE-RTJPTYSYSA-N,PC O-42:3 or PC 42:3e,Glycerophospholipid metabolism,0.4368204,1,1,0,0,0,1
IK_QASOACWKTAXFSE-AATRIKPKSA-N,"(3S,5R,6R,7E)-3,5,6-Trihydroxy-7-megastigmen-9-one",Drug metabolism - cytochrome P450,0.11866409,1,1,1,1,1,1
IK_QBILRDAMJUPXCX-PDSBPYSYSA-N,Corchoroside A,Linoleic acid metabolism,0.16563219,1,1,0,1,1,1
IK_QBMSTEZXAMABFF-UEARNRKISA-N,Mycophenolic acid O-acyl-glucuronide,Retinol metabolism,0.14864907,1,1,0,1,1,1
IK_QBMYYTXUDRARHD-SFYZADRCSA-N,Arginine ornithine,D-Amino acid metabolism,0.29046175,1,1,0,1,1,1
IK_QBSJMKIUCUGGNG-UHFFFAOYSA-N,2-Isopropylphenyl methylcarbamate,Glycerolipid metabolism,0.055502035,1,1,1,1,1,1
IK_QBYUNVOYXHFVKC-GBURMNQMSA-N,Lithocholyltaurine,Linoleic acid metabolism,0.42895588,1,1,0,1,1,1
IK_QCCRPLPTELVLHD-LCYFTJDESA-N,1-[2-Bromo-1-(4-chlorophenyl)ethenyl]-2-chlorobenzene,Linoleic acid metabolism,0.13783753,1,1,1,1,1,1
IK_QCGUXAIDEOWPBV-SNKLRXETSA-N,PC(O-18:1(11Z)/16:0),Linoleic acid metabolism,0.53160083,1,1,0,1,1,1
IK_QCHPKSFMDHPSNR-UHFFFAOYSA-N,3-Aminoisobutanoic Acid,"Valine, leucine and isoleucine biosynthesis",0.24619778,1,1,1,1,1,0
IK_QCPDBEXGCHOIDE-ZPUAQPQFSA-N,Pleurotin,Linoleic acid metabolism,0.37456483,1,1,0,1,1,1
IK_QCYVUUAIJUUUPI-BBVRLYRLSA-N,7-Hydroxy-6-methyl-8-ribityl lumazine,Purine metabolism,0.28097096,1,1,0,1,1,1
IK_QDAOSMKOZCCWLJ-MQLLGTBWSA-N,Phaseolotoxin,Retinol metabolism,0.15209296,1,1,0,1,1,1
IK_QDMOINLDXCZCEK-JTQLQIEISA-N,L-DOPA n-Butyl Ester,Lysine degradation,0.16521381,1,1,0,1,1,1
IK_QDPNFTHYUAKYKM-UHFFFAOYSA-N,2-hydroxy-3-(sulfooxy)benzoic acid,Arachidonic acid metabolism,0.061230056,1,1,1,1,1,1
IK_QDRJMAHGAQYRIN-PKKQLAOCSA-N,Phosphatidylethanolamine alkenyl 16:0-20:4,Linoleic acid metabolism,0.4239968,1,1,0,0,0,1
IK_QEDPUVGSSDPBMD-XTAIVQBESA-N,SM d42:1,Sphingolipid metabolism,0.44349685,1,1,0,0,0,1
IK_QEFNQQRVZDFDIJ-UHFFFAOYSA-N,"(1S,2S,4R,8R)-p-Menthane-1,2,8,9-tetrol",Ascorbate and aldarate metabolism,0.11976009,1,1,1,1,1,1
IK_QEFRNWWLZKMPFJ-YGVKFDHGSA-N,Methionine Sulfoxide,"Valine, leucine and isoleucine biosynthesis",0.17262968,1,1,0,1,1,1
IK_QELSKZZBTMNZEB-UHFFFAOYSA-N,Propylparaben,Citrate cycle (TCA cycle),0.10871488,1,1,0,1,1,1
IK_QFAADIRHLBXJJS-ZAZJUGBXSA-N,Amastatin,Sphingolipid metabolism,0.38555288,1,1,0,1,1,1
IK_QFRLEUJNZXTNTR-YYOLRRQBSA-N,Gluten exorphin C,Linoleic acid metabolism,0.3673724,1,1,0,1,1,1
IK_QFXOXDSHNXAFEY-SREVYHEPSA-N,(Z)-4-Hydroxy-6-dodecenoic acid lactone,Arachidonic acid metabolism,0.1387848,1,1,1,1,1,1
IK_QGZDXQHLEQAGJB-INIZCTEOSA-N,Gly Phe,Drug metabolism - cytochrome P450,0.3259068,1,1,0,1,1,1
IK_QHBZHVUGQROELI-SOFGYWHQSA-N,10-hydroxy-2E-decenoic acid,Citrate cycle (TCA cycle),0.121489756,1,1,1,1,1,1
IK_QHZLMUACJMDIAE-UHFFFAOYSA-N,1-Monopalmitin,Glycerophospholipid metabolism,0.84181213,1,1,1,1,1,1
IK_QIAFMBKCNZACKA-UHFFFAOYSA-N,Hippuric acid,Glycerophospholipid metabolism,0.22544609,1,1,0,1,1,1
IK_QIGBRXMKCJKVMJ-UHFFFAOYSA-N,Hydroquinone,Tyrosine metabolism,0.5658817,1,1,0,1,1,1
IK_QIHLUZAFSSMXHQ-UHFFFAOYSA-N,Budipine,Linoleic acid metabolism,0.21492054,1,0,0,0,1,1
IK_QINFFYRWMCWIQU-HEPLYUHHSA-N,"PE(22:6(4Z,7Z,10Z,13Z,16Z,19Z)/14:1(9Z))",Glycerophospholipid metabolism,0.69541836,1,1,0,1,1,1
IK_QIOYMVALOOEDDF-UHFFFAOYSA-N,3-Methylsuberic acid,Linoleic acid metabolism,0.9763672,1,1,1,1,1,1
IK_QIVBCDIJIAJPQS-HLTLGYGQSA-N,tryptophan-d5,Pyrimidine metabolism,0.17390542,1,1,0,1,1,1
IK_QIVBCDIJIAJPQS-SECBINFHSA-N,D-Tryptophan,Tryptophan metabolism,0.9267859,1,1,0,1,1,1
IK_QJGJXKFJFRSERW-QMMMGPOBSA-N,Hydroxypropionylcarnitine,Linoleic acid metabolism,0.3671199,1,1,0,1,1,1
IK_QJHRNPQXCMXOOH-XBJNFHHOSA-N,PE(20:2/0:0),Glycerophospholipid metabolism,0.6703022,1,1,0,1,1,1
IK_QJPWUUJVYOJNMH-UHFFFAOYSA-N,L-3-Aminodihydro-2(3H)-furanone,One carbon pool by folate,0.091034286,1,1,0,1,1,1
IK_QJXKIQOLZYQDJN-UHFFFAOYSA-N,FFAD 22:0,Biosynthesis of unsaturated fatty acids,0.248792,1,1,0,1,1,1
IK_QKDHBVNJCZBTMR-UHFFFAOYSA-N,Temafloxacin,Glycerophospholipid metabolism,0.0668941,1,1,0,1,1,1
IK_QKSASIXPZVMNOQ-FRDLTTBHSA-N,"PC(22:6(4Z,7Z,10Z,13Z,16Z,19Z)/18:4(6Z,9Z,12Z,15Z))",Linoleic acid metabolism,0.9808686,1,1,1,1,1,1
IK_QLIUVBJPQMDRHV-NOFMHCOXSA-N,TG 51:2|TG 16:0_17:1_18:1,Linoleic acid metabolism,0.5186024,1,1,0,0,0,1
IK_QLNURYCOAWSXLQ-ABTXCIPTSA-N,LNAPE 16:1/N-20:4,Glycerophospholipid metabolism,0.5964722,1,1,0,0,0,1
IK_QLQOTPOBMXWKOW-UHFFFAOYSA-N,PS 40:4,Tyrosine metabolism,0.34856147,1,1,0,0,0,1
IK_QLWKTGDEPLRFAT-UHFFFAOYSA-N,5-Methoxytryptophol,Tryptophan metabolism,0.5130066,1,1,0,0,0,1
IK_QMGGUIASDZZMHS-UHFFFAOYSA-N,Stearoyllactic acid,Vitamin B6 metabolism,0.17096645,1,1,0,1,1,1
IK_QMGUAHPNVSCSPM-UHFFFAOYSA-N,Formyl 3-hydroxybutanoate,D-Amino acid metabolism,0.11234903,1,1,0,1,1,1
IK_QMLKZGPQQANVQF-HLMRNWPHSA-N,LNAPE 20:3/N-20:0,Glycerophospholipid metabolism,0.19106302,1,1,0,0,0,0
IK_QMMFVYPAHWMCMS-UHFFFAOYSA-N,Dimethylsulfide,One carbon pool by folate,0.2028782,1,1,0,1,1,1
IK_QMPHZIPNNJOWQI-DUXPYHPUSA-N,Caffeoylshikimate,Sphingolipid metabolism,0.23770307,1,1,0,1,1,1
IK_QNGQIURXCUHNAT-UHFFFAOYSA-N,Eucarvone,Nicotinate and nicotinamide metabolism,0.22769336,1,1,0,1,1,1
IK_QNJHODONDIDAEE-UHFFFAOYSA-N,Hypoxanthine + H2O,"Valine, leucine and isoleucine biosynthesis",0.2581154,1,1,0,1,1,1
IK_QNKGXSIDHDDDHD-UHFFFAOYSA-N,"3,7,8,15-Scirpenetetrol",Linoleic acid metabolism,0.32447264,1,1,1,1,1,0
IK_QNLZRVLANLZEAS-FRJJSQGGSA-N,"PS(18:1(12Z)-2OH(9,10)/22:0)",Glycerophospholipid metabolism,0.9317526,1,1,0,1,1,1
IK_QNRRHYPPQFELSF-CNYIRLTGSA-N,Laninamivir,Glycerophospholipid metabolism,0.049695935,1,1,0,1,1,1
IK_QNZZHRCSGTYEAW-UHFFFAOYSA-N,25-Acetylvulgaroside,Retinol metabolism,0.08407131,1,1,1,1,1,0
IK_QOCIXWKQPBGFFQ-XUAUDTQZSA-N,"PE-NMe(22:6(4Z,7Z,10Z,13Z,16Z,19Z)/16:0)",Ether lipid metabolism,0.3400321,1,1,0,1,1,1
IK_QOEAXNMFJWVZIG-QGZVFWFLSA-N,Decadienyl-l-carnitine,Sphingolipid metabolism,0.17984273,1,1,0,1,1,1
IK_QOLYAJSZHIJCTO-VQVTYTSYSA-N,Threonylproline,Glycerophospholipid metabolism,0.08109408,1,1,0,1,1,1
IK_QONRXIIWERLIJA-CCZSOTCQSA-N,DG(15:0/14:1(9Z)/0:0),Glycerophospholipid metabolism,0.5538821,1,1,0,1,1,1
IK_QPHPUQJVKQXISS-UHFFFAOYSA-N,Thioapfelsaure,Arachidonic acid metabolism,0.11296031,1,1,0,1,1,1
IK_QPRBHGIRKWZUFJ-PPMYXAGCSA-N,Amafolone,Linoleic acid metabolism,0.6745324,1,1,0,1,1,1
IK_QPXTXCACGFCAKL-HNHHUQGDSA-N,Ganglioside GT3 (d18:1/26:1(17Z)),Sphingolipid metabolism,0.31067824,1,1,0,1,1,1
IK_QPYQKHOKNCVKGE-DUXPYHPUSA-N,3-(2-propenoic acid)-o-benzoquinone,Citrate cycle (TCA cycle),0.21507767,1,1,0,1,1,0
IK_QQBKLRXLVRDKEB-UHFFFAOYSA-N,"3-(Hydroxymethyl)-5,5-diphenylimidazolidine-2,4-dione",Ascorbate and aldarate metabolism,0.07735455,1,1,1,1,1,0
IK_QQCSUWGQBREWRO-XDJHFCHBSA-N,Alilusem,Riboflavin metabolism,0.18884392,1,1,0,1,1,1
IK_QQFVICUNTBNUKN-QQRIYSRRSA-N,SM(d16:1/18:1),Sphingolipid metabolism,0.75241786,1,1,0,1,1,1
IK_QQHJDPROMQRDLA-UHFFFAOYSA-N,Hexadecanedioic acid,Sphingolipid metabolism,0.4387278,1,1,0,1,1,1
IK_QQOGTJREOAHYMT-UHFFFAOYSA-N,Resorcinol sulfate,Drug metabolism - cytochrome P450,0.14281194,1,1,0,1,1,1
IK_QQONPFPTGQHPMA-UHFFFAOYSA-N,Propylene,Steroid hormone biosynthesis,0.21098952,1,1,0,1,1,1
IK_QQQQNYAHSSIZBU-HIQXTUQZSA-N,"PC(O-16:0/22:6(4Z,7Z,10Z,13Z,16Z,19Z))",Linoleic acid metabolism,0.87461954,1,1,0,1,1,1
IK_QQQYQWNSMUHSCK-UHFFFAOYSA-N,5-Chloro-6-methoxy-2(3H)-benzoxazolone,"Alanine, aspartate and glutamate metabolism",0.34450233,1,1,0,1,1,1
IK_QQQYTWIFVNKMRW-UHFFFAOYSA-N,Diflubenzuron,Steroid biosynthesis,0.15199661,1,1,0,1,1,1
IK_QQUHMASGPODSIW-ICECTASOSA-N,Albiflorin,Sphingolipid metabolism,0.07284195,1,1,0,1,1,1
IK_QQXLDOJGLXJCSE-KNVOCYPGSA-N,Tropinone,One carbon pool by folate,0.07332209,1,1,0,1,1,1
IK_QQZAQKGMSREYHF-KDEBBMLKSA-N,PC(P-18:0/18:3),Linoleic acid metabolism,0.76793605,1,1,0,1,1,1
IK_QRRSWTCVSAQEPQ-UHFFFAOYSA-N,Vulgarole,Fatty acid degradation,0.09193158,1,1,0,1,1,1
IK_QRXWMOHMRWLFEY-UHFFFAOYSA-N,Isoniazid,Nicotinate and nicotinamide metabolism,0.15703884,1,0,0,0,1,1
IK_QSBYPNXLFMSGKH-HJWRWDBZSA-N,9Z-Heptadecenoic acid,Sphingolipid metabolism,0.59489745,1,1,0,1,1,1
IK_QSHBSBLCKIPCKO-UHFFFAOYSA-N,Aflatoxin GM1,Linoleic acid metabolism,0.08658786,1,1,0,1,1,1
IK_QTAGQHZOLRFCBU-UHFFFAOYSA-N,(R)-Oxypeucedanin,Glycerophospholipid metabolism,0.17308187,1,1,1,1,1,1
IK_QTENRWWVYAAPBI-YCRXJPFRSA-N,Streptomycin sulfate,Riboflavin metabolism,0.1254334,1,1,0,1,1,1
IK_QTXWOOLAHRQMGZ-UHFFFAOYSA-N,11-Oxo-androsterone glucuronide,Ascorbate and aldarate metabolism,0.31408116,1,1,1,1,1,1
IK_QUCHWTCTBHQQDU-UHFFFAOYSA-N,2-Amino-4-oxopentanoic acid,Cysteine and methionine metabolism,0.6130534,1,1,1,1,1,1
IK_QUOGESRFPZDMMT-YFKPBYRVSA-N,Homoarginine,D-Amino acid metabolism,0.6417257,1,1,0,1,1,1
IK_QUZSUMLPWDHKCJ-UHFFFAOYSA-N,Bisphenol A dimethacrylate,Linoleic acid metabolism,0.041520525,1,1,0,1,1,1
IK_QVUWNEQTPVMHQT-RLSIPVDZSA-N,GPEtn(16:1/18:1),Glycerophospholipid metabolism,0.93331134,1,1,0,1,1,1
IK_QVVXWHIDRKRPMO-LXCOYWBSSA-N,19-Hydroxyprostaglandin E1,Glycerophospholipid metabolism,0.3343566,1,1,1,1,1,1
IK_QVWAEZJXDYOKEH-UHFFFAOYSA-N,3-(3-Hydroxyphenyl)propionic acid,Drug metabolism - cytochrome P450,0.30103096,1,1,1,1,1,0
IK_QWCKQJZIFLGMSD-UHFFFAOYSA-N,2-Aminobutanoic acid,Cysteine and methionine metabolism,0.97338516,1,1,0,1,1,1
IK_QWRYPHZJTWQLFX-UHFFFAOYSA-N,"2,3',4,6-Tetrahydroxybenzophenone",Phenylalanine metabolism,0.09735017,1,1,1,1,1,1
IK_QWURLWZAOBRLES-JEGFTUTRSA-N,N-Palmitoyl Cysteine,Fatty acid degradation,0.22516966,1,1,0,1,1,1
IK_QWVGKYWNOKOFNN-UHFFFAOYSA-N,O-Cresol,Arginine biosynthesis,0.19855732,1,1,0,1,1,1
IK_QWXGXDFYLSOKRF-UHFFFAOYSA-N,PC O-30:0 or PC 30:0e,Linoleic acid metabolism,0.72946954,1,1,0,0,0,1
IK_QWYFHHGCZUCMBN-SECBINFHSA-N,Butyrylcarnitine,Fatty acid degradation,0.3612502,1,1,1,1,1,1
IK_QWZIITCYKKSZGN-UHFFFAOYSA-N,Xi-3-Hydroxy-2-oxobutanoic acid,Cysteine and methionine metabolism,0.4024057,1,1,1,1,1,1
IK_QXMHHXQBBKDSSL-DCKNSECYSA-N,TG 18:1_18:1_20:1,Linoleic acid metabolism,0.5186024,1,1,0,0,0,1
IK_QYIYFLOTGYLRGG-GPCCPHFNSA-N,Cefaclor,Retinol metabolism,0.075251505,1,1,0,1,1,1
IK_QYWVASPEUXEHSY-NNRNTGNWSA-N,C22:0 lactosylceramide,Sphingolipid metabolism,0.94316906,1,1,0,0,0,1
IK_QYYHPAUOLCHORH-UHFFFAOYSA-N,N-(1-Adamantyl)urea,Steroid biosynthesis,0.08101518,1,1,0,1,1,1
IK_QZIYZVFIROFZCV-UHFFFAOYSA-N,3-[4-methoxy-3-(sulfooxy)phenyl]propanoic acid,Arachidonic acid metabolism,0.1216203,1,1,1,1,1,0
IK_QZNPNKJXABGCRC-FUTKDDECSA-N,L-Rhamnulose,Arachidonic acid metabolism,0.22876091,1,1,0,1,1,1
IK_QZPQTZZNNJUOLS-UHFFFAOYSA-N,Beta-Lapachone,Vitamin B6 metabolism,0.1001636,1,1,0,1,1,1
IK_QZYSUBAQYSVFNX-PSMULLBHSA-N,TG 49:2,Linoleic acid metabolism,0.5186024,1,1,0,0,0,1
IK_QZZGJDVWLFXDLK-UHFFFAOYSA-N,C24:0 ceramide,Biosynthesis of unsaturated fatty acids,0.80862075,1,1,0,0,0,1
IK_RAJQPCCAHZHKDK-ZTDHXTNCSA-N,"PGP(20:4(6E,8Z,11Z,13E)-2OH(5S,15S)/i-19:0)",Glycerophospholipid metabolism,0.5279959,1,1,0,1,1,1
IK_RAPKGPDUGWBPHR-QWFQJEORSA-N,"PC(18:3(9Z,12Z,15Z)/16:0)",Linoleic acid metabolism,0.9756934,1,1,0,1,1,1
IK_RAQNTCRNSXYLAH-RFCGZQMISA-N,Ginsenoside Rh1,Retinol metabolism,0.27384976,1,1,0,1,1,1
IK_RAWJLCORCPFJMI-PXQGODGESA-N,SM 32:2,Sphingolipid metabolism,0.5168545,1,1,0,1,1,1
IK_RBKMMJSQKNKNEV-RITPCOANSA-N,Penicillanic acid,One carbon pool by folate,0.058900155,1,1,0,1,1,1
IK_RBLDVEUUCHVWMW-SXYQVCRBSA-N,Cholic acid glucuronide,Ascorbate and aldarate metabolism,0.9763352,1,1,0,1,1,1
IK_RBWQERGGVBSKJY-BWFPRIDFSA-N,C26:1 ceramide,Glycerophospholipid metabolism,0.9718658,1,1,0,0,0,1
IK_RCCMXKJGURLWPB-UHFFFAOYSA-N,L-2-Amino-4-methylenepentanedioic acid,Cysteine and methionine metabolism,0.58580863,1,1,0,1,1,1
IK_RCFDOSNHHZGBOY-ACZMJKKPSA-N,Isoleucyl-Alanine,"Alanine, aspartate and glutamate metabolism",0.2431534,1,1,0,1,1,1
IK_RDFIICFCNKXLHC-UHFFFAOYSA-N,2-Hydroxydodecyl methacrylate,Sphingolipid metabolism,0.16018848,1,1,1,1,1,1
IK_RDHQFKQIGNGIED-MRVPVSSYSA-N,O-Acetylcarnitine,Arachidonic acid metabolism,0.34946495,1,1,0,1,1,1
IK_RDHQFKQIGNGIED-UHFFFAOYNA-O,Acetylcarnitine,Arachidonic acid metabolism,0.271749,1,0,0,0,1,1
IK_RDHQFKQIGNGIED-UHFFFAOYSA-N,DL-Acetylcarnitine,Arachidonic acid metabolism,0.34946495,1,1,0,1,1,1
IK_RDJGLLICXDHJDY-UHFFFAOYSA-N,Fenoprofen,Drug metabolism - cytochrome P450,0.14545736,1,1,0,1,1,1
IK_RDKCYWXIOLUDKK-KDPMOZFYSA-N,PC P-36:4 or PC O-36:5,Linoleic acid metabolism,0.7834194,1,1,0,0,0,1
IK_RDOFJDLLWVCMRU-UHFFFAOYSA-N,Diisobutyl adipate,Arachidonic acid metabolism,0.08761241,1,1,0,1,1,1
IK_RDTOURARQPNLFK-UHFFFAOYSA-N,"3h-Indole-3-propanoic acid,a-amino-",Glycerolipid metabolism,0.11132839,1,1,1,1,1,1
IK_REDKBACMQCHVMH-LQOXNGKESA-N,PE(22:1(13Z)/15:0),Glycerophospholipid metabolism,0.9340898,1,1,0,1,1,1
IK_REFJWTPEDVJJIY-UHFFFAOYSA-N,rosmarinic acid,"Phenylalanine, tyrosine and tryptophan biosynthesis",0.07334805,1,1,0,1,0,1
IK_REKYPYSUBKSCAT-UHFFFAOYSA-N,3-Hydroxyvaleric acid,Cysteine and methionine metabolism,0.48092028,1,1,1,1,1,1
IK_REOMXGUTYIFDDR-MCHXITASSA-N,"PE-NMe(22:2(13Z,16Z)/18:3(6Z,9Z,12Z))","Alanine, aspartate and glutamate metabolism",0.34027964,1,1,0,1,1,1
IK_RFAKHEWADWLSJX-ZIQRGBBDSA-N,"12R-hydroxy-5Z,8Z,12Z-eicosatrienoic acid",Sphingolipid metabolism,0.3321815,1,1,1,1,1,1
IK_RFDAIACWWDREDC-IFZPJRIXSA-N,"3a,7b,12a-Trihydroxyoxocholanyl-Glycine",Primary bile acid biosynthesis,0.9671866,1,1,1,1,1,1
IK_RFHAOTPXVQNOHP-UHFFFAOYSA-N,Fluconazole,Ascorbate and aldarate metabolism,0.046594106,1,0,0,0,1,1
IK_RFPFIJOZVJJSSN-UHFFFAOYSA-N,Cer 41:0;2O,Glycerophospholipid metabolism,0.39070302,1,1,0,0,0,1
IK_RFVFQQWKPSOBED-PSXMRANNSA-N,PC(14:0/16:0),Linoleic acid metabolism,0.9830452,1,1,0,1,1,1
IK_RGCBYGZECVEZKC-UHFFFAOYSA-N,3-Benzoyloxy-11-oxo-12-ursen-28-oic acid,Retinol metabolism,0.124723114,1,1,1,1,1,0
IK_RGHHSNMVTDWUBI-UHFFFAOYSA-N,4-Hydroxybenzaldehyde,Arginine biosynthesis,0.2942703,1,1,1,1,1,1
IK_RGHMISIYKIHAJW-UHFFFAOYSA-N,"3,4-Dihydroxymandelic acid",Tyrosine metabolism,0.9877297,1,1,1,1,1,0
IK_RGHNJXZEOKUKBD-UHFFFAOYNA-N,D-Gluconic acid,Pentose phosphate pathway,0.26491746,1,0,0,0,1,1
IK_RGHPCLZJAFCTIK-UHFFFAOYSA-N,2-Methylpyrrolidine,Arginine and proline metabolism,0.87146366,1,1,0,0,1,1
IK_RGIBXDHONMXTLI-UHFFFAOYSA-N,Chavicol,Tyrosine metabolism,0.9084871,1,1,0,1,1,1
IK_RGJHRVMTLGLFPX-UHFFFAOYSA-N,"1-(3-Pyridinyl)-1,4-butanediol",Vitamin B6 metabolism,0.11632801,1,1,0,1,1,1
IK_RGJSGXNKRWWCOQ-QMEIEYGNSA-N,8(R)-Hydroperoxylinoleic acid,Arachidonic acid metabolism,0.11059688,1,1,0,1,1,1
IK_RGKQMGOWKQNPHC-ZXKRFNDTSA-N,"SM(d18:2(4E,14Z)/PGJ2)",Sphingolipid metabolism,0.12929603,1,1,0,1,1,1
IK_RGSJNIATDPJNFP-MHAUTQJVSA-N,PE-Cer 20:1;2O/22:0,Glycerophospholipid metabolism,0.66182065,1,1,0,0,0,1
IK_RGZSQWQPBWRIAQ-CABCVRRESA-N,(-)-alpha-Bisabolol,Retinol metabolism,0.08746381,1,1,1,1,1,1
IK_RHDRMOUSDQDVCE-IWRJKWNLSA-N,TG 51:1|TG 16:0_17:0_18:1,Linoleic acid metabolism,0.5186024,1,1,0,0,0,1
IK_RHOQRBVFJSAQTR-UHFFFAOYSA-N,Tetradec-5-Ynoic Acid,Arachidonic acid metabolism,0.12840289,1,1,0,1,1,1
IK_RHVBIEJVJWNXBU-XZVKZCCLSA-N,17beta-hydroxy-5beta-estran-3-one,Steroid hormone biosynthesis,0.45745596,1,1,1,1,1,1
IK_RHVPEFQDYMMNSY-UHFFFAOYSA-N,Harmalol,Citrate cycle (TCA cycle),0.0572326,1,1,0,1,1,1
IK_RHWSKVCZXBAWLZ-UHFFFAOYSA-N,Psi-Pelletierine,Cysteine and methionine metabolism,0.09572826,1,1,0,1,1,1
IK_RHYWBMKYLKNBET-UHFFFAOYSA-N,"Thiazole, 4,5-dihydro-2,4,4-trimethyl-",One carbon pool by folate,0.12716585,1,1,0,1,1,1
IK_RHZCEPSTZFIWEU-UHFFFAOYSA-N,Cer d40:0,Sphingolipid metabolism,0.18899013,1,1,0,0,0,1
IK_RHZRNGQIDYHQPV-UHFFFAOYSA-N,4-Hydroxyketamine,Sphingolipid metabolism,0.061994165,1,1,1,1,1,1
IK_RIDOSNBWMUADGT-AFSLFLIVSA-N,stearidonic acid (FA 18:4),Glycerophospholipid metabolism,0.5184875,1,1,0,0,0,1
IK_RIGHMQLKMHLMQD-UHFFFAOYSA-N,Chenodeoxycholylcysteine,Primary bile acid biosynthesis,0.8295269,1,1,0,1,1,1
IK_RIJDKRLRDVBUHJ-UHFFFAOYSA-N,3-carboxy-4-methyl-5-pentyl-2-furanpropanoic acid,Drug metabolism - cytochrome P450,0.17483404,1,1,1,1,1,0
IK_RINCXYDBBGOEEQ-UHFFFAOYSA-N,Succinic anhydride,Citrate cycle (TCA cycle),0.27868408,1,1,0,1,1,1
IK_RINHYCZCUGCZAJ-IPXOVKFZSA-N,Rosavin,Primary bile acid biosynthesis,0.122278206,1,1,0,1,1,1
IK_RJDBNSZFZDWPFL-WEDYNZIRSA-N,2-(?<U+00C3><U+201E>??-D-Mannosyl)-3-phosphoglycerate,Sphingolipid metabolism,0.2812912,1,1,0,1,1,1
IK_RJHNVFKNIJQTQF-LMIBIYGPSA-N,PA(TXB2/i-12:0),Linoleic acid metabolism,0.3128557,1,1,0,1,1,1
IK_RJNRORZRFGUAKL-ADMBVFOFSA-N,Therafectin,Retinol metabolism,0.053248554,1,1,0,1,1,1
IK_RJPPRBMGVWEZRR-WTZPKTTFSA-N,Palatinose,Galactose metabolism,0.13865675,1,1,0,1,1,1
IK_RJTCYGBFKSOFPL-UHFFFAOYSA-N,"[(5R)-5-[(1S)-1,2-Dihydroxyethyl]-2,4-dioxooxolan-3-yl] dihydrogen phosphate",Sphingolipid metabolism,0.20650585,1,1,0,1,1,1
IK_RJWJHRPNHPHBRN-FKVJWERZSA-N,Aucubin,Galactose metabolism,0.13271351,1,1,0,1,1,1
IK_RKDOXCGYGLYOBV-BNFZFUHLSA-N,"Propyl 2,4-decadienoate",Arachidonic acid metabolism,0.18847318,1,1,0,1,1,1
IK_RKFMAQNDSSSRTH-OSMVPFSASA-N,N-Acetyl-D-galactosamine 4-sulfate,Galactose metabolism,0.14938062,1,1,0,0,0,1
IK_RKOUCPMGBBKLNK-UHFFFAOYSA-N,Auxin a,Vitamin B6 metabolism,0.09288922,1,1,0,1,1,1
IK_RKQUHHNIJVGMIG-UHFFFAOYSA-N,N-Lauroyl Phenylalanine,Linoleic acid metabolism,0.6977314,1,1,0,1,1,1
IK_RLFWWDJHLFCNIJ-UHFFFAOYSA-N,4-Aminoantipyrine,Nicotinate and nicotinamide metabolism,0.1948124,1,0,0,0,1,1
IK_RLKGCXCVPAYULW-QTZWXKQRSA-N,"MG(18:1(12Z)-2OH(9,10)/0:0/0:0)",Glycerophospholipid metabolism,0.79279155,1,1,0,1,1,1
IK_RLKNMGYLNXTJGA-UHFFFAOYSA-N,[(3-Hexyl-4-methyl-2-oxo-2H-chromen-7-yl)oxy]acetic acid,Vitamin B6 metabolism,0.05507268,1,1,0,1,1,1
IK_RLVAVWQAAQFUOP-UHFFFAOYSA-N,3-Epipapyriferic acid,Linoleic acid metabolism,0.361093,1,1,1,1,1,0
IK_RMIYQXBEQHMQGK-ZMEZPTJQSA-N,"PE(20:0/22:6(5Z,7Z,10Z,13Z,16Z,19Z)-OH(4))",Linoleic acid metabolism,0.22657491,1,1,0,1,1,1
IK_RMMXLENWKUUMAY-UHFFFAOYSA-N,Telmisartan,Retinol metabolism,0.09318559,1,1,0,1,1,1
IK_RMOGWMIKYWRTKW-UONOGXRCSA-N,Paclobutrazol,Primary bile acid biosynthesis,0.14442378,1,1,0,1,1,1
IK_RMRJXGBAOAMLHD-IHFGGWKQSA-N,Buprenorphine,Linoleic acid metabolism,0.10548967,1,1,0,1,1,1
IK_RMZIOVJHUJAAEY-UHFFFAOYSA-N,Allyl butyrate,Drug metabolism - cytochrome P450,0.09739615,1,1,0,1,1,1
IK_RNKSNIBMTUYWSH-YFKPBYRVSA-N,Pro-Gly,Arginine and proline metabolism,0.3830662,1,1,0,0,0,1
IK_RNVHHPUYELVHRE-GLRLOKQVSA-N,Furosemide glucuronide,Retinol metabolism,0.11284866,1,1,0,1,1,1
IK_RNYZJZKPGHQTJR-UHFFFAOYSA-N,Protoanemonin,Arginine biosynthesis,0.17847914,1,1,0,1,1,1
IK_ROARNVGCLDIFFV-PEZBUJJGSA-N,PE-NMe(16:0/18:1(11Z)),Glycerophospholipid metabolism,0.30658627,1,1,0,1,1,1
IK_ROLYKLIDKNENPU-YHTMAJSVSA-O,carnitine 14:3,Arachidonic acid metabolism,0.5196987,1,1,0,1,1,1
IK_ROQAUFRWFXOLOE-FEKBJPIOSA-N,Fluoxetine glucuronide,Steroid biosynthesis,0.13746466,1,1,0,1,1,1
IK_ROWKJAVDOGWPAT-GSVOUGTGSA-N,(R)-Acetoin,Cysteine and methionine metabolism,0.665873,1,1,1,1,1,1
IK_ROWKJAVDOGWPAT-UHFFFAOYSA-N,Acetoin,Cysteine and methionine metabolism,0.42243934,1,1,0,1,1,1
IK_RPHLQSHHTJORHI-UHFFFAOYSA-N,Adrenochrome,D-Amino acid metabolism,0.1544265,1,1,0,1,1,1
IK_RPSBVJXBTXEJJG-LURNZOHQSA-N,(N-acetylneuraminosyl(a2-6)lactosamine),Riboflavin metabolism,0.22949661,1,1,1,1,1,1
IK_RPSLZGPKLQLZGH-UHFFFAOYSA-N,Mollicellin C,Sphingolipid metabolism,0.061764434,1,1,0,1,1,1
IK_RPTUKVYGSPDHGQ-PSALXKTOSA-N,SM(d16:1/16:0),Sphingolipid metabolism,0.5669851,1,1,0,1,1,1
IK_RPVCUZZJCXVVDW-WDSKDSINSA-N,Norophthalmic acid [-CO2],Purine metabolism,0.11398249,1,1,0,1,1,1
IK_RPZOFMHRRHHDPZ-UHFFFAOYSA-N,Azimexon,Retinol metabolism,0.1188472,1,1,0,1,1,1
IK_RQHPADKWNYTHOH-VIFPVBQESA-N,L-Alanine 2-naphthylamide,Linoleic acid metabolism,0.14100748,1,1,0,1,1,1
IK_RQXNAJITDPUZBL-ROQBABNZSA-N,"DG(20:2(11Z,14Z)/18:4(6Z,9Z,12Z,15Z)/0:0)",Glycerophospholipid metabolism,0.7413535,1,1,0,1,1,1
IK_RRCGNPRHZQPOOT-FFBSXHGNSA-N,"20,26-Dihydroxyecdysone",Retinol metabolism,0.13570699,1,1,1,1,1,0
IK_RRHGJUQNOFWUDK-UHFFFAOYSA-N,ISOPRENE,Phenylalanine metabolism,0.089038864,1,1,0,1,1,1
IK_RRMWQDBJZKKUGJ-HZNABPJSSA-N,"DG(18:4(6Z,9Z,12Z,15Z)/20:3(8Z,11Z,14Z)/0:0)",Glycerophospholipid metabolism,0.7458725,1,1,0,1,1,1
IK_RRVPPYNAZJRZFR-VYOBOKEXSA-N,GPCho(18:1/16:0),Linoleic acid metabolism,0.97755206,1,1,0,1,1,1
IK_RSAHICAPUYTWHW-UHFFFAOYSA-N,Hexahydrocurcumin,Sphingolipid metabolism,0.12576047,1,1,0,1,1,1
IK_RSDDHGSKLOSQFK-RVDMUPIBSA-N,Auraptene,Vitamin B6 metabolism,0.09739925,1,1,0,1,1,1
IK_RSEPBGGWRJCQGY-RBRWEJTLSA-N,Estradiol valerate,Primary bile acid biosynthesis,0.54573566,1,1,0,1,1,1
IK_RSIHSRDYCUFFLA-DYKIIFRCSA-N,Boldenone,Primary bile acid biosynthesis,0.36413315,1,1,0,1,1,1
IK_RSMGIILCLKIXNG-JASYKLOUSA-N,TG 46:3 Isomer A,Linoleic acid metabolism,0.30774128,1,1,0,0,0,1
IK_RSPURTUNRHNVGF-IOSLPCCCSA-N,"N2,N2-Dimethylguanosine",Purine metabolism,0.38469973,1,1,0,1,1,1
IK_RSTMEZAVUUMLEO-OTPBFAOLSA-N,Serofendic acid,Linoleic acid metabolism,0.07595399,1,1,0,1,1,1
IK_RSVFMXVZJZRSQQ-LTKCOYKYSA-N,LPE 22:4,Ether lipid metabolism,0.41305953,1,1,0,0,0,1
IK_RTGHRDFWYQHVFW-UHFFFAOYSA-N,3-Oxoadipic acid,"Alanine, aspartate and glutamate metabolism",0.35080868,1,1,1,1,1,1
IK_RTJBLRZRSVEQRH-UHFFFAOYSA-N,Pent-1-en-2-ol,Cysteine and methionine metabolism,0.32060882,1,1,0,1,1,1
IK_RTLULCVBFCRQKI-UHFFFAOYSA-N,Procion blue MX-R,Riboflavin metabolism,0.14370653,1,1,0,1,1,1
IK_RTUPAQBCUJORTM-UHFFFAOYSA-N,"(2,6-Dioxo-3H-purin-9-yl) pyridine-3-carboxylate",Purine metabolism,0.59526426,1,1,1,1,1,1
IK_RTWVXIIKUFSDJB-SSDOTTSWSA-N,Scytalone,One carbon pool by folate,0.05347058,1,1,0,1,1,1
IK_RTZACTFZGJNCLF-UHFFFAOYSA-N,"5-Chloro-3-[2-(2,6-difluorophenyl)ethyl]-1H-imidazo[4,5-b]pyridine-2-thione",Linoleic acid metabolism,0.23124188,1,1,0,1,1,1
IK_RTZKSTLPRTWFEV-QWHCGFSZSA-N,Rubschisandrin,Sphingolipid metabolism,0.058632236,1,1,0,1,1,1
IK_RUDATBOHQWOJDD-GCJQIVLTSA-N,"3,7-Dihydroxycholan-24-oic acid",Primary bile acid biosynthesis,0.9478648,1,1,1,1,1,0
IK_RUFPHBVGCFYCNW-UHFFFAOYSA-N,1-Naphthylamine,Pyruvate metabolism,0.088001974,1,0,0,0,1,1
IK_RUOVJPPUXXFZPC-YZEIBMOJSA-N,TG 48:2,Linoleic acid metabolism,0.5186024,1,1,0,0,0,1
IK_RUVRLYBAIUXQMP-HPVLHQIISA-N,HexCer 40:1;2O,Sphingolipid metabolism,0.7995561,1,1,0,0,0,1
IK_RUYUCCQRWINUHE-UHFFFAOYSA-N,?<U+00C3><U+2021><U+00C3><U+0153>  ?<U+00C3><U+2021><U+00C3><U+0153>  ?<U+00C3><U+2021><U+00C3><U+0153> Octachlorostyrene,Porphyrin metabolism,0.08567032,1,1,0,1,1,1
IK_RVEKLXYYCHAMDF-UTOQUPLUSA-N,FFA 16:2,Biosynthesis of unsaturated fatty acids,0.70878,1,1,0,1,1,1
IK_RVOLLAQWKVFTGE-UHFFFAOYSA-N,Pyridostigmine,One carbon pool by folate,0.08181838,1,1,0,1,1,1
IK_RWCOTTLHDJWHRS-YUMQZZPRSA-N,Pro-Pro,Arginine and proline metabolism,0.20714019,1,1,0,1,1,1
IK_RWGFKTVRMDUZSP-UHFFFAOYSA-N,Isopropylbenzene,Drug metabolism - cytochrome P450,0.100711666,1,1,0,1,1,1
IK_RXACEEPNTRHYBQ-UHFFFAOYSA-N,Mertiatide,Linoleic acid metabolism,0.20103502,1,1,0,1,1,1
IK_RXKSKZZAOIRFLK-UQYDIMRYSA-N,"PE(14:0/20:2(11Z,14Z))",Glycerophospholipid metabolism,0.92474407,1,1,0,1,1,1
IK_RXNXODTWPQTIHO-ZETCQYMHSA-N,N-(2-Cyanoethyl)valine,"Alanine, aspartate and glutamate metabolism",0.31372175,1,1,0,1,1,1
IK_RXVWSYJTUUKTEA-CGQAXDJHSA-N,maltotriose,Amino sugar and nucleotide sugar metabolism,0.43469182,1,1,0,0,0,1
IK_RYFOJXFXERAMLS-UHFFFAOYSA-N,Nicotyrine,Nicotinate and nicotinamide metabolism,0.32014138,1,1,0,1,1,1
IK_RYIGNEOBDRVTHA-UHFFFAOYSA-N,8-chlortheophylline,Purine metabolism,0.18664709,1,1,0,0,0,1
IK_RYZWCKUTHDRXFD-FTZNQNEXSA-N,Cer 18:2;2O/24:1,Glycerophospholipid metabolism,0.79428744,1,1,0,0,0,1
IK_RZBILUATLYXZLI-SLDNWHAHSA-N,Ganoderic acid L,Linoleic acid metabolism,0.36462277,1,1,0,1,1,1
IK_RZCJYMOBWVJQGV-UHFFFAOYSA-N,(2-Naphthalenyloxy)acetic acid,Phenylalanine metabolism,0.08748221,1,1,0,1,1,1
IK_RZGFUGXQKMEMOO-SZXTZRQCSA-N,7-Epi-12-hydroxyjasmonic acid,Fatty acid biosynthesis,0.10658324,1,1,0,1,1,1
IK_RZHVUADUVVHWMD-SOFGYWHQSA-N,Dec-7-enedioylcarnitine,Sphingolipid metabolism,0.28998262,1,1,0,1,1,1
IK_RZMLVIHXZGQADB-YLUGYNJDSA-N,Neuromedin N,Steroid biosynthesis,0.123715065,1,1,0,1,1,1
IK_RZTRGWJVDVMYLZ-KBNCVMCFSA-N,Glucose aspartate,Porphyrin metabolism,0.12688759,1,1,0,1,1,1
IK_RZVAJINKPMORJF-UHFFFAOYSA-N,Paracetamol,Tyrosine metabolism,0.2016922,1,1,0,1,1,1
IK_SAAOVBGAFHJPIF-NYNACFBQSA-N,"5,6-Dihydroxyprostaglandin F1a",Linoleic acid metabolism,0.24643129,1,1,1,1,1,1
IK_SAMRUMKYXPVKPA-UHFFFAOYSA-N,Behenoyl-arabinofuranosyl-cytosine,Linoleic acid metabolism,0.13042381,1,1,0,1,1,1
IK_SAWAIULJDYFLPD-CTTWBBHYSA-N,Nicotine glucuronide,Ascorbate and aldarate metabolism,0.33124325,1,1,0,1,1,1
IK_SAWKFRBJGLMMES-UHFFFAOYSA-N,PC 16:0/9:0 CHO,"Glycine, serine and threonine metabolism",0.26675016,1,1,0,0,0,0
IK_SBAJRGRUGUQKAF-UHFFFAOYSA-N,"3,3'-Iminodipropionitrile","Alanine, aspartate and glutamate metabolism",0.2506933,1,0,0,0,1,0
IK_SBBDHANTMHIRGW-UHFFFAOYSA-N,"4-[(2,4-Dihydroxy-3,3-dimethylbutanoyl)amino]butanoic acid",Linoleic acid metabolism,0.09347177,1,1,1,1,1,1
IK_SBJVDTBACUMFFD-KQYNXXCUSA-N,"Inosine 2',3'-cyclic phosphate",Sphingolipid metabolism,0.8396137,1,1,0,1,1,1
IK_SBKADJXSGGTEPN-UHFFFAOYSA-N,3-Methoxy-4-Hydroxyphenylglycol sulfate,Arginine biosynthesis,0.2644555,1,1,1,1,1,1
IK_SCBBSJMAPKXHAH-QTSLKERKSA-N,3-O-Methyl-D-glucopyranose,Vitamin B6 metabolism,0.2158284,1,1,1,1,1,1
IK_SCIFESDRCALIIM-VIFPVBQESA-N,N-Methylphenylalanine,Primary bile acid biosynthesis,0.5317842,1,1,0,1,1,1
IK_SCNLFUNUYBVROO-JNDMGLSPSA-N,"DG(i-13:0/18:3(9,11,15)-OH(13)/0:0)",Linoleic acid metabolism,0.17712072,1,1,0,1,1,1
IK_SCULJPGYOQQXTK-OLRINKBESA-N,Cinobufagin,Primary bile acid biosynthesis,0.30738515,1,1,0,1,1,1
IK_SDBITTRHSROXCY-ORCCYPRRSA-N,Lathyrol,Glycerophospholipid metabolism,0.07003916,1,0,0,0,1,1
IK_SDFGVADIYWFGIV-LAPDZXRHSA-N,Cer 18:1;2O/23:0;(2OH),Glycerophospholipid metabolism,0.20709497,1,1,0,0,0,1
IK_SDNYRTVJOFMYIW-OIVUAWODSA-N,TG 52:0,Linoleic acid metabolism,0.60187894,1,1,0,0,0,1
IK_SDNYRTVJOFMYIW-UHFFFAOYSA-N,TG 16:0_18:0_18:0,Linoleic acid metabolism,0.60187894,1,1,0,0,0,1
IK_SDVXSCSNVVZWDD-LURJTMIESA-N,N-Succinyl-2-amino-6-ketopimelate,Citrate cycle (TCA cycle),0.53702074,1,1,0,1,1,1
IK_SEALOBQTUQIVGU-QNIJNHAOSA-N,dihydroergocornine,Glycerophospholipid metabolism,0.30063313,1,1,0,1,1,1
IK_SECPZKHBENQXJG-FPLPWBNLSA-N,Palmitoleic acid,Sphingolipid metabolism,0.6887454,1,1,0,1,1,1
IK_SEDMBVOYVWZBEK-UHFFFAOYSA-N,(5R)-5-Hydroxyhexanoylcarnitine,Sphingolipid metabolism,0.65261346,1,1,1,1,1,1
IK_SEEGHKWOBVVBTQ-NFMPGMCNSA-N,Gibberellin A7,Sphingolipid metabolism,0.06097159,1,1,0,1,1,1
IK_SEHFUALWMUWDKS-UHFFFAOYSA-N,5-Fluoroorotic acid,Vitamin B6 metabolism,0.17858228,1,1,0,1,1,1
IK_SENJXOPIZNYLHU-IUCAKERBSA-N,Leucyl-Arginine,Ascorbate and aldarate metabolism,0.055344082,1,1,0,1,1,1
IK_SEQMDCPPEHGVOY-ZMPDJGPBSA-N,"PS(22:2(13Z,16Z)/PGJ2)",Linoleic acid metabolism,0.44842526,1,1,0,1,1,1
IK_SERHXTVXHNVDKA-BYPYZUCNSA-N,Pantolactone,One carbon pool by folate,0.05102703,1,1,0,1,1,1
IK_SFIBBHUOEANMLY-ONWUZIRBSA-N,DG(PGJ2/0:0/2:0),Glycerophospholipid metabolism,0.061865393,1,1,0,1,1,1
IK_SFLDCCXGUXPHRG-VKXIRHRZSA-N,"PG(20:4(5Z,8Z,11Z,14Z)/18:0)",Glycerophospholipid metabolism,0.97420764,1,1,0,1,1,1
IK_SFUVCMKSYKHYLD-FNORWQNLSA-N,Subaphylline,Tyrosine metabolism,0.21707153,1,1,0,1,1,1
IK_SFXQCOMMEMBETJ-KPKJPENVSA-N,Cinnamyl phenylacetate,Linoleic acid metabolism,0.33149767,1,1,0,0,0,1
IK_SGFJJNBUMXQSMU-PDBXOOCHSA-N,Glycidyl,Sphingolipid metabolism,0.122612,1,1,0,1,1,1
IK_SGJCXOWLBVNALR-UHFFFAOYSA-N,N-[(4-fluorophenyl)methyl]-1-propyl-4-pyridin-4-ylpyrrole-2-carboxamide,Primary bile acid biosynthesis,0.36254108,1,1,0,1,1,1
IK_SGJNQVTUYXCBKH-HNQUOIGGSA-N,Hispidin,Linoleic acid metabolism,0.33353376,1,1,0,1,1,1
IK_SGMJBNSHAZVGMC-PWNYCUMCSA-N,erythronolactone,Histidine metabolism,0.12472668,1,1,0,0,0,1
IK_SGPLNSURQYXVNX-UHFFFAOYSA-N,N-Nitrosotomatidine,Primary bile acid biosynthesis,0.16082361,1,1,0,1,1,1
IK_SGQOVJBGRJMVJR-UHFFFAOYSA-N,"5-Ethyl-5-phenyl-1,3-oxazolidine-2,4-dione",Phenylalanine metabolism,0.0721444,1,1,1,1,1,1
IK_SGZFJWQQBHYNNF-UHFFFAOYSA-N,3-Hydroxy-2-oxoindole,Citrate cycle (TCA cycle),0.18660533,1,1,1,1,1,1
IK_SHAQGFGGJSLLHE-BQBZGAKWSA-N,pro-gln,One carbon pool by folate,0.08913371,1,1,0,0,0,1
IK_SHLWEZVZPAYIHX-UHFFFAOYSA-N,"3-Oxo-12,18-ursadien-28-oic acid",Retinol metabolism,0.090609096,1,1,1,1,1,1
IK_SHXWCVYOXRDMCX-UHFFFAOYSA-N,"3,4-Methylenedioxymethamphetamine",Fatty acid degradation,0.08244893,1,1,1,1,1,0
IK_SIDKXKCKKVBGMY-UHFFFAOYSA-N,3-Nonanon-1-yl acetate,Glycerophospholipid metabolism,0.41994122,1,1,1,1,1,1
IK_SIOXPEMLGUPBBT-UHFFFAOYSA-N,Picolinic Acid,One carbon pool by folate,0.2681953,1,1,0,1,1,1
IK_SITLTJHOQZFJGG-XPUUQOCRSA-N,Glutamylvaline,Linoleic acid metabolism,0.6671243,1,1,0,1,1,1
IK_SIZUKCMURNXUCZ-JWFJDLLSSA-N,"PE(20:0/20:4(5Z,8Z,11Z,14Z)-OH(19S))",Glycerophospholipid metabolism,0.98168683,1,1,0,1,1,1
IK_SJBDVPKAXKLGPV-UKNYEQEFSA-N,Mascaroside,Sphingolipid metabolism,0.084757015,1,1,0,1,1,1
IK_SJFTVAAHLRFBST-NSHQGHFVSA-N,Apigenin 7-O-diglucuronide,Linoleic acid metabolism,0.1343289,1,1,0,1,1,1
IK_SJGWLQDELUWRDA-MUYAOIFFSA-N,GlcCer d41:1,Sphingolipid metabolism,0.92455757,1,1,0,0,0,1
IK_SJPUNFPTIDJEOK-ROXLFADRSA-N,"PE-NMe(20:3(5Z,8Z,11Z)/18:1(11Z))",Glycerophospholipid metabolism,0.43481818,1,1,0,1,1,1
IK_SJWIIOUVFNZHHP-DTSZJMRKSA-N,DG(6 keto-PGF1alpha/0:0/8:0),Glycerophospholipid metabolism,0.913958,1,1,0,1,1,1
IK_SJZRECIVHVDYJC-UHFFFAOYSA-N,4-Hydroxybutyric acid,D-Amino acid metabolism,0.22310299,1,1,1,1,1,1
IK_SKBCVUCDJRKPAH-RTXFEEFZSA-N,"2,2,6,7-Tetramethylbicyclo[4.3.0]nona-1(9),4-diene-7,8-diol",Purine metabolism,0.08252394,1,1,1,1,1,1
IK_SKHXRNHSZTXSLP-UHFFFAOYSA-N,Ranitidine-S-Oxide,Steroid biosynthesis,0.07704657,1,1,0,1,1,1
IK_SKLQABVRGGRTIT-UHFFFAOYSA-N,Gamma-Glutaminyl-4-hydroxybenzene,One carbon pool by folate,0.07799602,1,1,0,1,1,1
IK_SKMHHHHLLBKNKR-UHFFFAOYSA-M,Acrylamide-sodium acrylate resin,Drug metabolism - cytochrome P450,0.14010438,1,1,0,1,1,1
IK_SKOPRFQCOBOZFB-UHFFFAOYSA-N,3-(Dichloromethylene)-25-pyrrolidinedione,"Alanine, aspartate and glutamate metabolism",0.30266032,1,1,0,1,1,1
IK_SKXLWWDOLOXKRN-YJSWQQQJSA-N,SM(d19:1/TXB2),Sphingolipid metabolism,0.5144423,1,1,0,1,1,1
IK_SKZKKFZAGNVIMN-UHFFFAOYSA-N,salicylamide,Tryptophan metabolism,0.21827194,1,1,0,0,0,1
IK_SLEHROROQDYRAW-KQYNXXCUSA-N,N2-Methylguanosine,Sphingolipid metabolism,0.58534986,1,1,0,1,1,1
IK_SLNYBUIEAMRFSZ-UHFFFAOYSA-N,"2,5,8,11,14-Pentaoxahexadecan-16-ol",Glycerophospholipid metabolism,0.79983616,1,1,1,1,1,1
IK_SLWSQPYUSBXANQ-BAJZRUMYSA-N,"2'-Fluoro-2',3'-dideoxyinosine",Sphingolipid metabolism,0.71364367,1,1,1,1,1,1
IK_SLXKOJJOQWFEFD-UHFFFAOYSA-N,Aminocaproic acid,Fatty acid biosynthesis,0.35818687,1,1,0,1,1,1
IK_SMNDYUVBFMFKNZ-UHFFFAOYSA-N,2-Furoic Acid,Drug metabolism - cytochrome P450,0.13668479,1,1,1,1,1,1
IK_SMQAUVNNWONFCH-ULUSZKPHSA-N,Methionine glutamate,One carbon pool by folate,0.05194418,1,1,0,1,1,1
IK_SMVMSLPPAGGLDL-ZZTDLJEGSA-N,Isovaleryl-Val-Val-Sta-OEt,Galactose metabolism,0.11253049,1,1,0,1,1,1
IK_SMYALUSCZJXWHG-UHFFFAOYSA-N,Altanserin,Ascorbate and aldarate metabolism,0.38306412,1,1,0,1,1,1
IK_SNCKGJWJABDZHI-ZKWXMUAHSA-N,Gamma-Glutamylisoleucine,Cysteine and methionine metabolism,0.36735037,1,1,0,1,1,1
IK_SNDPXSYFESPGGJ-BYPYZUCNSA-N,Norvaline,Lysine degradation,0.3249084,1,1,0,1,1,1
IK_SNDPXSYFESPGGJ-UHFFFAOYSA-N,DL-Norvaline,Lysine degradation,0.2967201,1,1,0,1,1,1
IK_SNEIUMQYRCDYCH-LURJTMIESA-N,N-a-Acetyl-L-arginine,Arginine biosynthesis,0.4395616,1,1,0,1,1,1
IK_SNFUTDLOCQQRQD-ZKWXMUAHSA-N,Glutamylisoleucine,Linoleic acid metabolism,0.26650017,1,1,0,1,1,1
IK_SNGNCYILSHZBLM-UHFFFAOYSA-N,2-Chloro-DG,Amino sugar and nucleotide sugar metabolism,0.29308236,1,1,1,1,1,1
IK_SNGREZUHAYWORS-UHFFFAOYSA-N,Perfluorooctanoic acid,Steroid biosynthesis,0.09937218,1,1,0,1,1,1
IK_SNHRLVCMMWUAJD-SUYDQAKGSA-N,Betamethasone 17 Valerate,Linoleic acid metabolism,0.19661158,1,1,0,1,1,1
IK_SNIXRMIHFOIVBB-UHFFFAOYSA-N,N-hydroxyl-tryptamine,Pyrimidine metabolism,0.53751355,1,1,0,1,1,1
IK_SNPLKNRPJHDVJA-UHFFFAOYSA-N,Panthenol,Tyrosine metabolism,0.14663945,1,1,0,1,1,1
IK_SNVAIAITQIIEMQ-DUXPYHPUSA-N,Caffeic acid 4-O-sulfate,Drug metabolism - cytochrome P450,0.32589695,1,1,0,1,1,1
IK_SOECUQMRSRVZQQ-UHFFFAOYSA-N,Ubiquinone 1,Pentose phosphate pathway,0.095379524,1,1,0,1,1,1
IK_SOJVORMOXWNMMG-WITMPDRSSA-N,"PE-NMe2(14:0/20:2(11Z,14Z))",Ether lipid metabolism,0.36321038,1,1,0,1,1,1
IK_SOKKQMPCIJPSGH-UHFFFAOYSA-N,"6-[4-(carboxymethyl)-2-hydroxyphenoxy]-3,4,5-trihydroxyoxane-2-carboxylic acid",Linoleic acid metabolism,0.52328116,1,1,0,1,1,1
IK_SONNWYBIRXJNDC-VIFPVBQESA-N,phenylephrine,Arginine biosynthesis,0.22174074,1,1,0,1,1,1
IK_SPEJHKMQDKKCTG-UHFFFAOYSA-N,"6-Amino-5-chloropyrimidine-2,4(1H,3H)-dione",Fructose and mannose metabolism,0.08842505,1,1,0,1,1,1
IK_SPJFYYJXNPEZDW-FTJOPAKQSA-N,LysoPC(18:2),Glycerophospholipid metabolism,0.8779427,1,1,0,1,1,1
IK_SQMGCPHFHQGPIF-JIOYIOPFSA-N,Aconine,Retinol metabolism,0.07256909,1,1,0,1,1,1
IK_SQOJOAFXDQDRGF-ZMVGXLHTSA-N,Ginkgolide B,Sphingolipid metabolism,0.09373808,1,1,0,1,1,1
IK_SQVRNKJHWKZAKO-LUWBGTNYSA-N,N-Acetylneuraminate,Purine metabolism,0.063184805,1,1,0,1,0,1
IK_SRPXSILJHWNFMK-ZBEGNZNMSA-N,Desmethylsertraline,Vitamin B6 metabolism,0.061536845,1,1,0,1,1,1
IK_SRSXLGNVWSONIS-UHFFFAOYSA-N,Benzenesulfonic acid,Drug metabolism - cytochrome P450,0.14171188,1,1,0,0,0,1
IK_SRVFFFJZQVENJC-IHRRRGAJSA-N,Aloxistatin,Ascorbate and aldarate metabolism,0.10470099,1,1,0,1,1,1
IK_SSJMZMUVNKEENT-IMJSIDKUSA-N,Ser-Ala,Glycerophospholipid metabolism,0.72492176,1,1,0,0,0,1
IK_SSQHYGLFYWZWDV-UVBJJODRSA-N,Ala Val Trp,Ascorbate and aldarate metabolism,0.24747203,1,1,0,1,1,1
IK_SSYFPKXWJHNROG-ZFDJEVKPSA-N,PA(10:0/PGD1),Linoleic acid metabolism,0.470126,1,1,0,1,1,1
IK_SSYGGPAGDDGXAF-ZXXIGWHRSA-N,"Estra-1,3,5(10)-triene-3,17-diol, 16-iodo-, (16alpha,17beta)-",Steroid hormone biosynthesis,0.79428804,1,1,0,1,1,1
IK_SSZWWUDQMAHNAQ-UHFFFAOYSA-N,Glycerol alpha-monochlorohydrin,"Glycine, serine and threonine metabolism",0.28710452,1,1,0,1,1,1
IK_SSZYARBRHYOZQM-OWOJBTEDSA-N,"3,4,5-trihydroxy-6-{3-[(E)-2-(4-hydroxyphenyl)ethenyl]-5-{[3,4,5-trihydroxy-6-(hydroxymethyl)oxan-2-yl]oxy}phenoxy}oxane-2-carboxylic acid",Ascorbate and aldarate metabolism,0.13240837,1,1,1,1,1,0
IK_STKYPAFSDFAEPH-LURJTMIESA-N,Glycyl-Valine,"Valine, leucine and isoleucine biosynthesis",0.594988,1,1,0,1,1,1
IK_SUHOQUVVVLNYQR-QMMMGPOBSA-N,Glycerophosphocholine3,Glycerophospholipid metabolism,0.998781,1,1,0,1,1,1
IK_SUHVYZXHTHHCTK-GFZABIRZSA-N,"SM(d19:0/22:6(4Z,7Z,11E,13Z,15E,19Z)-2OH(10S,17))",Sphingolipid metabolism,0.46923202,1,1,0,1,1,1
IK_SUMDYPCJJOFFON-UHFFFAOYSA-M,2-Hydroxyethanesulfonate,Linoleic acid metabolism,0.6098229,1,1,0,1,1,1
IK_SUMPVXIOAXRBIM-CXUAXNKESA-N,PI 40:4,Glycerophospholipid metabolism,0.88792026,1,1,0,0,0,1
IK_SUTUBQHKZRNZRA-UHFFFAOYSA-N,Eugenin,Drug metabolism - cytochrome P450,0.077637605,1,1,0,1,1,1
IK_SUZYROYNFNQALJ-MHEIZRSESA-N,"PC(20:5(5Z,8Z,11Z,14Z,17Z)/16:0)",Linoleic acid metabolism,0.98182696,1,1,0,1,1,1
IK_SVBMASFUJDIDJC-XFJIFGBKSA-N,3-Dehydroteasterone,Retinol metabolism,0.12164127,1,1,1,1,1,0
IK_SVEBYYWCXTVYCR-LBPRGKRZSA-N,Methyldopate,"Phenylalanine, tyrosine and tryptophan biosynthesis",0.10605642,1,1,0,1,1,1
IK_SVURIXNDRWRAFU-OGMFBOKVSA-N,Cedorol,Linoleic acid metabolism,0.40302902,1,1,0,1,1,1
IK_SVXOFPLAAYAGIG-NDDGLTBUSA-N,Diosbulbinoside F,Linoleic acid metabolism,0.18843684,1,1,0,1,1,1
IK_SVYIZYRTOYHQRE-UHFFFAOYSA-N,Vanillactic acid,One carbon pool by folate,0.20202549,1,1,0,1,1,1
IK_SWGJCIMEBVHMTA-UHFFFAOYSA-K,Cochineal Red A,Retinol metabolism,0.13108219,1,1,0,1,1,1
IK_SWGXDLRCJNEEGZ-UHFFFAOYSA-N,N-Cyclohexylformamide,Ascorbate and aldarate metabolism,0.08303196,1,1,0,1,1,1
IK_SWIROVJVGRGSPO-JBVRGBGGSA-N,Ginsenoside F2,Linoleic acid metabolism,0.08958712,1,1,0,0,0,1
IK_SWJDFMNJUOJVPA-LURJTMIESA-N,DOPA sulfate,Steroid hormone biosynthesis,0.7923417,1,1,0,1,1,1
IK_SWPMTVXRLXPNDP-MRVPVSSYSA-N,(3S)-3-hydroxycyclocitral,Cysteine and methionine metabolism,0.348609,1,1,1,1,1,1
IK_SWTKBYSXMULFHZ-SMILAEQMSA-N,Delta-Hydroxylysylnorleucine,Cysteine and methionine metabolism,0.23962976,1,1,0,1,1,1
IK_SWZMSZQQJRKFBP-DMDPSCGWSA-N,securinine,Drug metabolism - cytochrome P450,0.092623085,1,0,0,0,1,1
IK_SXGAGTVDWKQYCX-BQBZGAKWSA-N,Glutamylmethionine,Linoleic acid metabolism,0.516504,1,1,0,1,1,1
IK_SXIILERIAIKHJG-UHFFFAOYSA-N,Tert-butyl N-[2-(prop-2-enamido)ethyl]carbamate,Sphingolipid metabolism,0.0673033,1,1,0,1,1,1
IK_SXOUIMVOMIGLHO-AATRIKPKSA-N,Indoleacrylic acid,Citrate cycle (TCA cycle),0.45415324,1,1,0,1,1,1
IK_SXQFCVDSOLSHOQ-UHFFFAOYSA-N,Lactamide,Galactose metabolism,0.13305527,1,1,0,1,0,1
IK_SXSVOVSEOKWUNE-CMDGGOBGSA-N,3-Octenoylcarnitine,Sphingolipid metabolism,0.5882878,1,1,1,1,1,1
IK_SYELZBGXAIXKHU-UHFFFAOYSA-N,Lauramine Oxide,Drug metabolism - cytochrome P450,0.13458908,1,1,0,1,1,1
IK_SYRVWXFZYGDVTF-UHFFFAOYSA-N,"(1beta,2beta,5beta)-p-Menth-3-ene-1,2,5-triol",Vitamin B6 metabolism,0.17009372,1,1,1,1,1,1
IK_SZBGXBOFCGNPEU-UHFFFAOYSA-N,5-Aminopentanal,Arginine and proline metabolism,0.696071,1,1,0,1,1,1
IK_SZEOBSAZWJLOGY-VGMNWLOBSA-N,Glycylprolylhydroxyproline,One carbon pool by folate,0.04074362,1,1,0,1,1,1
IK_SZHOJFHSIKHZHA-UHFFFAOYSA-N,Tridecanoic acid,Fatty acid biosynthesis,0.6732673,1,1,0,1,1,1
IK_SZJNCZMRZAUNQT-IUCAKERBSA-N,Cyclo(Leu-Pro),Pentose phosphate pathway,0.15095414,1,1,0,0,0,1
IK_SZJNCZMRZAUNQT-UHFFFAOYNA-N,Cyclo(proline-leucine),Histidine metabolism,0.11091865,1,0,0,0,1,1
IK_SZQIFWWUIBRPBZ-UHFFFAOYSA-N,Ethotoin,Drug metabolism - cytochrome P450,0.20655276,1,1,0,1,1,1
IK_SZQQHKQCCBDXCG-BAHYSTIISA-N,Hexadecatrienoic acid,Sphingolipid metabolism,0.2366728,1,1,0,1,1,1
IK_SZVNKXCDJUBPQO-HWKANZROSA-N,"12-Oxo-2,3-dinor-10,15-phytodienoic acid",Primary bile acid biosynthesis,0.124402,1,1,1,1,1,1
IK_SZXDNGVQRDTJSD-FOWTUZBSSA-N,Prodigiosin,One carbon pool by folate,0.061670594,1,1,0,1,1,1
IK_TTZIHUKKIDPTQT-UHFFFAOYSA-N,"3,3',5,6-Tetrahydroxy-4',7-dimethoxyflavone 3-glucuronide",Retinol metabolism,0.11319768,1,1,1,1,1,0
IK_TUZHANAISKEZFG-GHDNBGIDSA-N,Menatetrenone Epoxide,Steroid biosynthesis,0.08276779,1,1,0,1,1,1
IK_TUZYXOIXSAXUGO-PZAWKZKUSA-N,Pravastatin,Retinol metabolism,0.062407542,1,1,0,1,1,1
IK_TVEOVCYCYGKVPP-HSCHXYMDSA-N,Leu Ile Trp,Glutathione metabolism,0.14497633,1,1,0,1,1,1
IK_TVIDDXQYHWJXFK-UHFFFAOYSA-N,Dodecanedioic Acid,Sphingolipid metabolism,0.35101599,1,1,0,1,1,1
IK_TVLHFFLEOSSHFT-QVLZICSDSA-N,"1b,3a,7b-Trihydroxy-5b-cholanoic acid",Primary bile acid biosynthesis,0.67425966,1,1,1,1,1,1
IK_TVWOTZQAXZHSLO-UHFFFAOYSA-N,"2,4-Dimethylpimelic acid",Drug metabolism - cytochrome P450,0.23990735,1,1,1,1,1,1
IK_TVXJJNJGTDWFLD-TWGQIWQCSA-N,(Z)-[(4-hydroxyphenyl)acetaldehyde oxime],Tyrosine metabolism,0.8372131,1,1,1,1,1,1
IK_TVZCRIROJQEVOT-LSDHHAIUSA-N,Cromakalim,Linoleic acid metabolism,0.12218791,1,1,0,1,1,1
IK_TWDZVGUEYBJLQC-CWMYCXEUSA-N,"DG(i-17:0/0:0/20:4(7E,9E,11Z,13E)-3OH(5S,6R,15S))",Linoleic acid metabolism,0.2414116,1,1,0,1,1,1
IK_TWEFFSVOCVXBPV-UHFFFAOYSA-N,3-Allylphenol sulfate,Vitamin B6 metabolism,0.118072726,1,1,1,1,1,0
IK_TWLCFFLQLXBKAP-UHFFFAOYSA-N,8-Hydroxythioguanine,Purine metabolism,0.5016482,1,1,0,1,1,1
IK_TWPMMLHBHPYSMT-UHFFFAOYSA-N,3-Methyl-N-phenylaniline,Phenylalanine metabolism,0.1428235,1,1,1,1,1,1
IK_TWSWSIQAPQLDBP-DOFZRALJSA-N,Adrenic acid,Sphingolipid metabolism,0.7513768,1,1,0,1,1,1
IK_TXBBUSUXYMIVOS-UHFFFAOYSA-N,2-Thenoyltrifluoroacetone,Amino sugar and nucleotide sugar metabolism,0.07937804,1,1,1,1,1,0
IK_TXHCDEYHZPHRAC-UHFFFAOYSA-N,"Polypropylene glycol (m w 1,200-3,000)",D-Amino acid metabolism,0.49154693,1,1,0,1,1,1
IK_TXTNKDRGVWKECN-UHFFFAOYSA-N,"1,1'-(Tetrahydro-6a-hydroxy-2,3a,5-trimethylfuro[2,3-d]-1,3-dioxole-2,5-diyl)bis-ethanone",Glycerophospholipid metabolism,0.21995114,1,1,1,1,1,1
IK_TYFQFVWCELRYAO-UHFFFAOYSA-N,Suberic Acid,Sphingolipid metabolism,0.2584213,1,1,0,1,1,1
IK_TYHJMEIBGDDCPA-UHFFFAOYSA-N,Methylisopelletierine,Phenylalanine metabolism,0.07953064,1,1,0,1,1,1
IK_TYLFLHPQWQQWRD-UHNVWZDZSA-N,2R-Hydroxymethyl-3S-hydroxypyrolidine,Arginine and proline metabolism,0.23898923,1,1,1,1,1,0
IK_TYMABNNERDVXID-DLYFRVTGSA-N,Panipenem,Glycerophospholipid metabolism,0.07315271,1,1,0,1,1,1
IK_TYQPBHYPIRLWKU-NKWVEPMBSA-N,"Inosine2,3",Purine metabolism,0.5039306,1,1,0,1,1,1
IK_TZBJGXHYKVUXJN-UHFFFAOYSA-N,"4,5,7-Trihydroxyisoflavone",Arginine biosynthesis,0.03866844,1,1,0,0,0,1
IK_TZCPCKNHXULUIY-RGULYWFUSA-N,PS(18:0/18:0),Glycerophospholipid metabolism,0.7756417,1,1,0,1,1,1
IK_TZZSWAXSIGWXOS-UHFFFAOYSA-M,5-Acetamidovalerate,Arginine and proline metabolism,0.91416067,1,1,0,1,1,1
IK_UADPGHINQMWEAG-FROQITRMSA-N,"(S,E)-2-(5-Hydroxy-8,9-dihydro-5H-benzo[7]annulen-6(7H)-ylidene)acetic acid",Vitamin B6 metabolism,0.049682047,1,1,1,1,1,0
IK_UARHXHPRJDJCKE-QECOYPFHSA-N,"DG(15:0/18:3(9Z,12Z,15Z)/0:0)",Glycerophospholipid metabolism,0.7772703,1,1,0,1,1,1
IK_UATOAILWGVYRQS-HHHXNRCGSA-N,PC(20:0/0:0),Glycerophospholipid metabolism,0.5877035,1,1,0,1,1,1
IK_UATOAILWGVYRQS-UHFFFAOYSA-N,LPC 20:0,Glycerophospholipid metabolism,0.53581667,1,1,0,0,0,1
IK_UAUDZVJPLUQNMU-KTKRTIGZSA-N,Erucamide,Sphingolipid metabolism,0.46875077,1,1,0,1,1,1
IK_UBCPEZWGUOSYHO-JAPSQKQGSA-N,"27-Nor-5b-cholestane-3a,7a,12a,24,25-pentol",Primary bile acid biosynthesis,0.6087591,1,1,1,1,1,0
IK_UBMDAKWARMURDL-FNORWQNLSA-N,Feruloylagmatine,Linoleic acid metabolism,0.10393347,1,1,0,1,1,1
IK_UBQKCCHYAOITMY-UHFFFAOYSA-N,2-Hydroxypyridine,Vitamin B6 metabolism,0.080314785,1,1,1,1,1,1
IK_UCDCOJNNUVYFKJ-UHFFFAOYSA-N,N-Undecylbenzenesulfonic acid,Sphingolipid metabolism,0.27626178,1,1,0,1,1,1
IK_UCPOMLWZWRTIAA-UHFFFAOYSA-N,Atevirdine,Glycerophospholipid metabolism,0.10709378,1,1,0,1,1,1
IK_UCVNAFBEVWCUSK-SEYXRHQNSA-N,LPC O-22:1,"Glycine, serine and threonine metabolism",0.72455883,1,1,0,0,0,1
IK_UDBXKKKIEXMSEA-XKKGNKCGSA-N,"PE(16:0/20:2(11Z,14Z))",Glycerophospholipid metabolism,0.93153775,1,1,0,1,1,1
IK_UDSFAEKRVUSQDD-UHFFFAOYSA-N,Dimethyl adipate,One carbon pool by folate,0.16350828,1,1,0,1,1,1
IK_UDTWZFJEMMUFLC-NSHDSACASA-N,S-nirvanol,Linoleic acid metabolism,0.1268291,1,1,0,1,1,1
IK_UDTWZFJEMMUFLC-UHFFFAOYSA-N,Nirvanol,Linoleic acid metabolism,0.12668465,1,1,0,1,1,1
IK_UDYIPZFWVJJQJF-KQPZCCJBSA-N,Demethylphylloquinone,Retinol metabolism,0.09395429,1,1,0,1,1,1
IK_UEFRDQSMQXDWTO-UHFFFAOYSA-N,3-hydroxybutyrylcarnitine,Sphingolipid metabolism,0.41527125,1,1,0,0,0,1
IK_UEFRDQSMQXDWTO-YGPZHTELSA-N,(R)-3-hydroxybutyrylcarnitine,Sphingolipid metabolism,0.42825267,1,1,1,1,1,1
IK_UEJJHQNACJXSKW-UHFFFAOYSA-N,Thalidomide,Linoleic acid metabolism,0.1507571,1,1,0,1,1,1
IK_UELBXEKQONEDKM-IRXDYDNUSA-N,"(9S,10S)-10-hydroxy-9-(phosphonooxy)octadecanoate",Sphingolipid metabolism,0.5889555,1,1,1,1,1,1
IK_UEWPEVNSKXXUGP-UHFFFAOYSA-N,"10H-Pyrido(3,2-b)(1,4)benzothiazine, 10-(2-(dibutylamino)ethyl)-",Glycerophospholipid metabolism,0.13375333,1,1,1,1,1,1
IK_UFAHZIUFPNSHSL-UHFFFAOYNA-N,Propionylcarnitine,Sphingolipid metabolism,0.32453167,1,1,0,1,1,1
IK_UFGLFVVFQFFPSV-LKBCLYITSA-N,"5alpha-Androstane-3beta,7alpha,17beta-triol",Primary bile acid biosynthesis,0.9983267,1,1,0,1,1,1
IK_UGAGPNKCDRTDHP-UHFFFAOYSA-N,"l-dopa (3,4-dihydroxy-l-phenylalanine)",Primary bile acid biosynthesis,0.30625027,1,1,0,1,1,1
IK_UGCOPUIBNABIEP-UHFFFAOYSA-N,2-Ethylsulfanyl-1H-benzoimidazole,Arginine biosynthesis,0.11373186,1,1,1,1,1,1
IK_UGFILLIGHGZLHE-UHFFFAOYSA-N,"Dopal (3,4-Dihydroxyphenyl)acetaldehyde)","Alanine, aspartate and glutamate metabolism",0.30665216,1,1,0,1,1,1
IK_UGGHNDGDVCUWQX-WDSKDSINSA-N,N(alpha)-Phosphorylalanylproline,Linoleic acid metabolism,0.10750184,1,1,0,1,1,1
IK_UGJAEDFOKNAMQD-QXPKXGMISA-N,Panaxynol,Sphingolipid metabolism,0.20231634,1,1,0,1,0,1
IK_UGJMXCAKCUNAIE-UHFFFAOYSA-N,Gabapentin,"Valine, leucine and isoleucine degradation",0.08055589,1,1,0,0,1,1
IK_UGRNVLGKAGREKS-UHFFFAOYSA-N,"3-(6-Aminopurin-9-yl)-5-(hydroxymethyl)cyclopentane-1,2-diol",Purine metabolism,0.10269507,1,1,1,1,1,0
IK_UGRZESKDAPEULH-ACEXITHZSA-N,SM d38:0,Sphingolipid metabolism,0.7300004,1,1,0,0,0,1
IK_UHISGSDYAIIBMO-UMLSMIIMSA-N,Gingerglycolipid B,Sphingolipid metabolism,0.30720818,1,1,0,1,1,1
IK_UHQGCIIQUZBJAE-RRQVMCLOSA-N,EPIMESTROL,Steroid hormone biosynthesis,0.5780904,1,1,0,1,1,1
IK_UIERETOOQGIECD-ONEGZZNKSA-N,Tiglic acid,Arginine biosynthesis,0.2902168,1,1,0,1,1,1
IK_UIHIWMNOFVOPOG-SQUIBIKHSA-N,TG O-56:9|TG O-22:5_16:2_18:2,Glycerophospholipid metabolism,0.43229258,1,1,0,0,0,1
IK_UIKROCXWUNQSPJ-UHFFFAOYNA-N,Cotinine,Purine metabolism,0.13424611,1,1,0,1,1,1
IK_UIKROCXWUNQSPJ-VIFPVBQESA-N,(-)-Cotinine,Vitamin B6 metabolism,0.45169604,1,1,1,1,1,1
IK_UILPJVPSNHJFIK-UHFFFAOYSA-N,Paeonol,One carbon pool by folate,0.06331026,1,1,0,1,1,1
IK_UJCJWIHZUHMDIT-YQIUVMGYSA-N,PE 35:2|PE 17:0_18:2,Glycerophospholipid metabolism,0.95477206,1,1,0,0,0,1
IK_UJFWRUHMFNKTTC-UHFFFAOYSA-N,Cholylserine,Ascorbate and aldarate metabolism,0.3717175,1,1,0,1,1,0
IK_UJFZXWOEMYBQAZ-FBJUMJHFSA-N,"PS(18:1(11Z)/18:2(9Z,12Z))",Glycerophospholipid metabolism,0.84378886,1,1,0,1,1,1
IK_UJHKVYPPCJBOSG-UHFFFAOYSA-N,Hydroxyibuprofen,Arachidonic acid metabolism,0.24328145,1,1,0,1,1,1
IK_UKAUDTTVOAAZHC-UHFFFAOYSA-N,"Itaconate (Itaconic acid)1,3",Arachidonic acid metabolism,0.11141328,1,1,0,1,1,0
IK_UKAUYVFTDYCKQA-UHFFFAOYSA-N,DL-Homoserine,D-Amino acid metabolism,0.333823,1,1,0,1,1,1
IK_UKAUYVFTDYCKQA-VKHMYHEASA-N,L-Homoserine,Lysine degradation,0.49904096,1,1,0,1,1,1
IK_UKDKTHYZLXZOSS-UHFFFAOYSA-N,N-Acetylvanilalanine,Citrate cycle (TCA cycle),0.06544319,1,1,0,1,1,1
IK_UKMSUNONTOPOIO-UHFFFAOYSA-N,Behenic acid,Biosynthesis of unsaturated fatty acids,0.5183256,1,1,0,1,1,1
IK_ULCCGBCYWCYNIC-UHFFFAOYSA-N,O-(17-Carboxyheptadecanoyl)carnitine,Sphingolipid metabolism,0.7999022,1,1,0,1,1,1
IK_ULGZDMOVFRHVEP-RWJQBGPGSA-N,Erythromycin,Sphingolipid metabolism,0.14899996,1,1,0,1,1,1
IK_ULHWZNASVJIOEM-ZETCQYMHSA-N,S-Prenyl-L-cysteine,Sphingolipid metabolism,0.0905915,1,1,0,1,1,1
IK_ULSIYEODSMZIPX-UHFFFAOYSA-N,Phenylethanolamine,One carbon pool by folate,0.13464686,1,1,0,0,0,1
IK_UMCDODPBPQMWQP-UHFFFAOYSA-N,Dihydroferulic acid 4-O-sulfate,Vitamin B6 metabolism,0.06588789,1,1,0,1,1,1
IK_UMLOUOBDBGOHHR-UHFFFAOYSA-N,6-Hydroxypseudooxynicotine,Riboflavin metabolism,0.078369685,1,1,0,1,1,1
IK_UMMADZJLZAPZAW-XOWPVRJPSA-N,Carboprost Tromethamine,Sphingolipid metabolism,0.2760939,1,1,0,1,1,1
IK_UMOAAMQGRRCHPA-GJCOWUBNSA-N,N-Oleoyl Leucine,Linoleic acid metabolism,0.38986447,1,1,0,1,1,1
IK_UNBDIKFARPKNLC-NOZLCFKKSA-N,PS 17:0-18:1-d5,Glycerophospholipid metabolism,0.21897748,1,1,0,0,0,1
IK_UNHCPLSWMNPZTD-HXUWFJFHSA-N,Hexadecanedioic acid mono-L-carnitine ester,Sphingolipid metabolism,0.7892766,1,1,0,1,1,1
IK_UNUYMBPXEFMLNW-DWVDDHQFSA-N,N6-Threonylcarbamoyladenosine,Sphingolipid metabolism,0.7004766,1,1,0,1,1,1
IK_UNXHWFMMPAWVPI-QWWZWVQMSA-N,threitol,Arachidonic acid metabolism,0.14354527,1,1,0,1,0,1
IK_UNXHWFMMPAWVPI-ZXZARUISSA-N,erythritol,Amino sugar and nucleotide sugar metabolism,0.08532099,1,1,0,0,0,1
IK_UOFYCFMTERCNEW-ADEYADIWSA-N,Ezetimibe-glucuronide,Steroid biosynthesis,0.19964929,1,1,0,1,1,1
IK_UOORRWUZONOOLO-UHFFFAOYSA-N,"1,3-Dichloropropene",Cysteine and methionine metabolism,0.35541642,1,1,1,1,1,1
IK_UOXRPRZMAROFPH-IESLQMLBSA-N,LysoPI(16:0/0:0),Glycerophospholipid metabolism,0.507877,1,1,0,1,1,1
IK_UPABQMWFWCMOFV-UHFFFAOYSA-N,N-Benzyl-2-phenylethylamine,Drug metabolism - cytochrome P450,0.24332517,1,1,0,1,1,1
IK_UPEZCKBFRMILAV-JMZLNJERSA-N,Ecdysone,Linoleic acid metabolism,0.1900366,1,1,0,1,1,1
IK_UPISBTVRUJGIRH-HNANJHLJSA-N,"3,4'-Dimethyquercetin 7-[alpha-L-arabinofuranosyl-(1->6)-glucoside]",Retinol metabolism,0.12657906,1,1,1,1,1,0
IK_UPJFTVFLSIQQAV-KOLCDFICSA-N,Neocnidilide,Sphingolipid metabolism,0.08829419,1,1,0,1,1,1
IK_UPLCTTWJNCYYAW-UHFFFAOYSA-N,Arg-Thr-Lys-Arg,Linoleic acid metabolism,0.2985662,1,1,0,1,1,1
IK_UPMLOUAZCHDJJD-UHFFFAOYSA-N,"4,4'-Diphenylmethane diisocyanate",Primary bile acid biosynthesis,0.22278488,1,1,1,1,1,1
IK_UPSPUYADGBWSHF-UHFFFAOYSA-N,Tolmetin,Vitamin B6 metabolism,0.048424125,1,1,0,1,1,1
IK_UPUWBGZZDIUZQD-UHFFFAOYSA-N,2-hydroxypyridine sulfate,Purine metabolism,0.06423773,1,1,0,0,0,1
IK_UPWPIFMHSFSVLE-UHFFFAOYSA-N,"N-Cyclohexyl-1,3-Benzothiazol-2-Amine",Citrate cycle (TCA cycle),0.06412624,1,1,0,1,1,1
IK_UQDJGEHQDNVPGU-UHFFFAOYSA-N,L-2-Aminoethyl seryl phosphate,Purine metabolism,0.688954,1,1,0,1,1,1
IK_UQOQENZZLBSFKO-POPPZSFYSA-N,PI(18:0/PGJ2),Sphingolipid metabolism,0.21224467,1,1,0,1,1,1
IK_UQQIESBHLPZEGH-XBICCEFJSA-N,PC O-46:5 or PC 46:5e,Linoleic acid metabolism,0.7834194,1,1,0,0,0,1
IK_UQVKZNNCIHJZLS-UHFFFAOYSA-N,"2-Amino-1-Methyl-6-phenylimidazo[4,5-b]pyridine",Vitamin B6 metabolism,0.112358324,1,1,1,1,1,1
IK_UQWJOPVYLXZYCS-UHFFFAOYSA-N,Elatoside G,Retinol metabolism,0.13825555,1,1,0,1,1,1
IK_UQWLOWFDKAFKAP-WXHSDQCUSA-N,Zofenoprilat,Purine metabolism,0.058209207,1,1,0,1,1,1
IK_URDOHUPGIOGTKV-JTBFTWTJSA-M,Cefuroxime sodium,Retinol metabolism,0.112779476,1,1,0,1,1,1
IK_URDZVAHPTRQDFK-AKXWPXBYSA-N,PC O-42:2 or PC 42:2e,Glycerophospholipid metabolism,0.4368204,1,1,0,0,0,1
IK_URKOMYMAXPYINW-UHFFFAOYSA-N,Quetiapine,Steroid biosynthesis,0.07735008,1,1,0,1,1,1
IK_URTBCBICNCMCPB-CWUOWYQYSA-N,"2-trans,4-cis-decadienoylcarnitine",Arachidonic acid metabolism,0.46241552,1,1,1,1,1,0
IK_USHMBEFGKMCIBD-BQYQJAHWSA-N,"(3beta,5alpha,6alpha,7alpha,22E,24R)-5,6-Epoxyergosta-8,14,22-triene-3,7-diol",Linoleic acid metabolism,0.4709256,1,1,1,1,1,1
IK_USHRADXTTYICIJ-UHFFFAOYSA-N,"2,5-dihydroxypyrazine",Cysteine and methionine metabolism,0.16042551,1,1,0,0,0,1
IK_USSIQXCVUWKGNF-UHFFFAOYSA-N,Methadone,Linoleic acid metabolism,0.19019409,1,0,0,0,1,1
IK_USWXDXYEVISELK-UHFFFAOYSA-N,4-Allylpyrocatechol sulfate,Nicotinate and nicotinamide metabolism,0.094076164,1,1,1,1,1,1
IK_USYNZBLVOOXNSN-ARRWHRBTSA-N,"(23S)-23,25-dihdroxy-24-oxovitamine D3 23-(beta-glucuronide)",Linoleic acid metabolism,0.19267298,1,1,1,1,1,1
IK_UTAIYTHAJQNQDW-KQYNXXCUSA-N,1-Methylguanosine,Arachidonic acid metabolism,0.23782173,1,1,1,1,1,1
IK_UTBVIMLZIRIFFR-UHFFFAOYSA-N,2-(Methylthio)benzothiazole,One carbon pool by folate,0.11894629,1,1,1,1,1,1
IK_UTIRJVJBKWSIOX-SRMFCGEKSA-N,Glucosylgalactosyl hydroxylysine,Porphyrin metabolism,0.17668822,1,1,1,1,1,1
IK_UTNVEWHQVLDCMX-UHFFFAOYSA-N,Lactyltrimethylammonium betaine,One carbon pool by folate,0.083465695,1,1,0,1,1,1
IK_UTQBHMSOMGCBHH-QYPJFMAQSA-N,"PE-NMe(18:0/22:5(4Z,7Z,10Z,13Z,16Z))","Alanine, aspartate and glutamate metabolism",0.30249605,1,1,0,1,1,1
IK_UTSVPXMQSFGQTM-DCXZOGHSSA-N,Sterigmatocystin,Vitamin B6 metabolism,0.081321,1,1,0,1,1,1
IK_UTTULGRFBPONAA-VPENINKCSA-N,Difluorodeoxyuridine,Vitamin B6 metabolism,0.061552666,1,1,0,1,1,1
IK_UTYVDVLMYQPLQB-UHFFFAOYSA-N,Phenylacetylglycine,Linoleic acid metabolism,0.2031796,1,1,0,1,1,1
IK_UUEPXFWSBUIUAZ-NSCUHMNNSA-N,Coumaryl acetate,Drug metabolism - cytochrome P450,0.39886627,1,1,1,1,1,1
IK_UUILWXIBBZVJDU-UHFFFAOYSA-N,"2-Propyl-2,4-pentadienoic acid",Cysteine and methionine metabolism,0.34970295,1,1,1,1,1,0
IK_UUUGVWGQJIFFRM-FUHDGFEASA-N,Streptidine 6-phosphate,Ether lipid metabolism,0.06873621,1,1,0,1,0,1
IK_UVOGHPPAYFAQIT-HWJOWLPRSA-N,TG 50:4|TG 14:0_18:2_18:2,Glycerophospholipid metabolism,0.659602,1,1,0,0,0,1
IK_UVTLONZTPXCUPU-ZNMIVQPWSA-N,Ciramadol,Pentose phosphate pathway,0.16892046,1,1,0,1,1,1
IK_UVZICZIVKIMRNE-UHFFFAOYSA-N,Thiodiacetic acid,One carbon pool by folate,0.16663629,1,1,0,1,1,1
IK_UVZTZBRGZXIBLZ-UHFFFAOYSA-N,11-Maleimidoundecanoic acid,Primary bile acid biosynthesis,0.25439262,1,1,1,1,1,1
IK_UWBDLNOCIDGPQE-UHFFFAOYSA-N,Ile-Lys,Sphingolipid metabolism,0.2799334,1,1,0,0,0,1
IK_UWHCKWNPWKTMBM-WDCWCFNPSA-N,Lys Thr Gln,Linoleic acid metabolism,0.43818584,1,1,0,1,1,1
IK_UWHZIFQPPBDJPM-BQYQJAHWSA-N,Vaccenic acid,Sphingolipid metabolism,0.69807786,1,1,0,1,1,1
IK_UWHZIFQPPBDJPM-FPLPWBNLSA-N,Cis-Vaccenic acid,Sphingolipid metabolism,0.624255,1,1,0,1,1,1
IK_UWNSWIXIVDMCHZ-UHFFFAOYSA-N,Mono-isopropyl-disopyramide,Steroid biosynthesis,0.105936274,1,1,0,1,1,1
IK_UXDIXFDKSPCUIX-AXFHLTTASA-N,Cnidilide,Citrate cycle (TCA cycle),0.085744895,1,1,0,1,1,1
IK_UXDLYVBMRUIQCX-UHFFFAOYSA-N,"1-Hydroxy-2,2,5,5-tetramethylpyrrolidine-3-carboxamide",Tyrosine metabolism,0.27405226,1,1,1,1,1,1
IK_UXFQDXABPXWSTK-ZDUSSCGKSA-N,10-formyldihydrofolate,Steroid biosynthesis,0.13757706,1,1,1,1,1,1
IK_UXFQFBNBSPQBJW-UHFFFAOYSA-N,"2-Amino-2-methyl-1,3-propanediol","Alanine, aspartate and glutamate metabolism",0.34309134,1,1,1,1,1,1
IK_UXZAXFPFSQRZOZ-UHFFFAOYSA-N,Nopalinic acid,Drug metabolism - cytochrome P450,0.4081003,1,1,0,1,1,1
IK_UYEMZAOCHUCHMG-GVTGRELXSA-N,Schleicherastatin 3,Linoleic acid metabolism,0.20313655,1,1,0,1,1,1
IK_UYHSBQDAYWOYNS-LDQQKAIHSA-N,"(2xi,20beta)-2,20-Dihydroxy-3-oxo-12-ursen-28-oic acid",Sphingolipid metabolism,0.08593637,1,1,1,1,1,1
IK_UYKREHOKELZSPB-JTQLQIEISA-N,Tryptophyl-Glycine,Linoleic acid metabolism,0.5667531,1,1,0,1,1,1
IK_UYNVMODNBIQBMV-UHFFFAOYSA-N,Ifenprodil,Vitamin B6 metabolism,0.0583742,1,1,0,1,1,1
IK_UYPYRKYUKCHHIB-UHFFFAOYSA-N,Trimethylamine N-oxide,"Alanine, aspartate and glutamate metabolism",0.41549945,1,1,0,1,1,1
IK_UYWXWYBEHLAUEW-UHFFFAOYSA-N,Antibiotic GR 95647X,Sphingolipid metabolism,0.15124539,1,1,0,1,1,1
IK_UYXTWWCETRIEDR-UHFFFAOYSA-N,Tributyrylglycerol,Linoleic acid metabolism,0.08723656,1,1,0,1,1,1
IK_UZKQTCBAMSWPJD-FARCUNLSSA-N,trans-Zeatin,Arachidonic acid metabolism,0.11134342,1,1,0,1,0,1
IK_UZTFMUBKZQVKLK-UHFFFAOYSA-N,4-Acetamidobutanoic acid,Arginine and proline metabolism,0.5533107,1,1,1,1,1,1
IK_UZUFPBIDKMEQEQ-UHFFFAOYSA-N,Perfluorononanoic Acid,Steroid biosynthesis,0.10711392,1,1,0,1,1,1
IK_UZWWTCBNUQJEPB-WLMOLUCVSA-N,20-Trihydroxy-leukotriene-B4,Ascorbate and aldarate metabolism,0.14299208,1,1,1,1,1,0
IK_VACHUYIREGFMSP-IRXDYDNUSA-N,"(9S,10S)-9,10-dihydroxyoctadecanoate",Sphingolipid metabolism,0.55738413,1,1,1,1,1,1
IK_VACHUYIREGFMSP-UHFFFAOYSA-N,"9,10-Dihydroxystearic acid",Sphingolipid metabolism,0.4703852,1,1,1,1,1,1
IK_VAOOAPRSEDZAEV-JFECCKQBSA-N,Isoscoparin 4'-glucoside,Retinol metabolism,0.12916435,1,1,0,1,1,1
IK_VAPHLLYHDMUQSW-UHFFFAOYSA-N,Ethyl N2-acetyl-L-argininate,Arginine biosynthesis,0.23234966,1,1,0,1,1,1
IK_VARHXCYGZKSOOO-UHFFFAOYSA-N,Deoxyvasicinone,Linoleic acid metabolism,0.09951141,1,0,0,0,1,1
IK_VASLEPDZAKCNJX-UHFFFAOYSA-N,"1-Rhamnono-1,4-lactone",Ascorbate and aldarate metabolism,0.5988007,1,1,1,1,1,1
IK_VBCLPDSIELLWDI-UHFFFAOYSA-N,2-[3-(sulfooxy)phenyl]acetic acid,Nicotinate and nicotinamide metabolism,0.078519195,1,1,1,1,1,1
IK_VBGLYOIFKLUMQG-UHFFFAOYSA-N,Cannabinol,Vitamin B6 metabolism,0.07529378,1,1,0,1,1,1
IK_VBOQYPQEPHKASR-UHFFFAOYSA-N,DL-Homocysteic acid,Primary bile acid biosynthesis,0.14012522,1,1,0,1,1,1
IK_VBUYCZFBVCCYFD-JJYYJPOSSA-N,2-Ketogluconic acid,Starch and sucrose metabolism,0.29313782,1,1,0,0,0,1
IK_VCCAAURNBULZRR-JGVFFNPUSA-N,Conhydrine,Cysteine and methionine metabolism,0.5537606,1,1,0,1,1,1
IK_VCKPUUFAIGNJHC-UHFFFAOYSA-N,Hydroxykynurenine,D-Amino acid metabolism,0.24180306,1,1,0,1,1,1
IK_VCMMXZQDRFWYSE-UHFFFAOYSA-N,Plumbagin,Drug metabolism - cytochrome P450,0.109559946,1,1,0,1,1,1
IK_VCRXMIQBQGCAAL-UHFFFAOYSA-N,Tyrosol 4-sulfate,Nicotinate and nicotinamide metabolism,0.082688026,1,1,0,1,1,1
IK_VCSCPMNEABGTIT-MDTVQASCSA-L,Fe(II)-nicotianamine,Histidine metabolism,0.66087353,1,1,0,1,1,1
IK_VCXKVGMRVJRCIV-XRKADIMJSA-N,lysoPC a C28:1,Glycerophospholipid metabolism,0.66616267,1,1,0,0,0,1
IK_VDDXXDNLMZFVOQ-FBMZPBPRSA-N,GlcCer d38:1,Sphingolipid metabolism,0.5786339,1,1,0,0,0,1
IK_VDNMIIDPBBCMTM-UHFFFAOYSA-N,(2-Hydroxyethoxy)acetic acid,"Alanine, aspartate and glutamate metabolism",0.23696202,1,1,1,1,1,1
IK_VDQLKIBLTMPAHI-UHFFFAOYSA-N,"1-Propanone, 1-(3,4-dihydroxyphenyl)-2-methyl-",Lysine degradation,0.2730238,1,1,1,1,1,1
IK_VDYXBEFIBYPOSV-UHFFFAOYSA-N,5-Hydroxyindolin-2-one sulfate,Purine metabolism,0.076672085,1,1,0,1,1,1
IK_VEBLZAHPGXTRDI-UHFFFAOYSA-N,FA 20:0 (arachidic acid),Drug metabolism - cytochrome P450,0.1863142,1,1,0,0,0,1
IK_VEBOFLQVSWXAKE-FWGBWITRSA-N,"PC(20:4(8Z,11Z,14Z,17Z)-2OH(5S,6R)/P-18:0)",Linoleic acid metabolism,0.90046823,1,1,0,1,1,1
IK_VEBVPUXQAPLADL-POYOOMFHSA-N,Ingenol,Sphingolipid metabolism,0.077191465,1,1,0,1,1,1
IK_VEESGYSTEQKVJL-KVKKDTSVSA-N,Corchoroside B,Steroid biosynthesis,0.1383956,1,1,0,1,1,1
IK_VELYAQRXBJLJAK-XKKWFBPMSA-N,Ajugol,Linoleic acid metabolism,0.074038036,1,1,0,1,1,1
IK_VEORPZCZECFIRK-UHFFFAOYSA-N,Tetrabromobisphenol A,Linoleic acid metabolism,0.15949139,1,1,0,1,1,1
IK_VEOYBEJCEMJLHN-OAQYLSRUSA-N,Hydroxytetradecadienyl-l-carnitine,Linoleic acid metabolism,0.13437794,1,1,0,1,1,1
IK_VEVZSMAEJFVWIL-UHFFFAOYSA-O,Cyanidin,Drug metabolism - cytochrome P450,0.04225888,1,0,0,0,1,1
IK_VEXDRERIMPLZLU-UHFFFAOYNA-N,Methyl-3-hydroxybutyric acid,One carbon pool by folate,0.30012852,1,0,0,0,1,1
IK_VEYJKJORLPYVLO-RYUDHWBXSA-N,Valyltyrosine,Linoleic acid metabolism,0.18007274,1,1,0,1,1,1
IK_VEYYWZRYIYDQJM-ZETCQYMHSA-N,N-alpha-acetyllysine,"Alanine, aspartate and glutamate metabolism",0.4989931,1,1,0,1,1,1
IK_VFBPKQSATYZKRX-UHFFFAOYSA-N,Dactimicin,Sphingolipid metabolism,0.13962813,1,1,0,1,1,1
IK_VFLQJBVJJLGBKM-HZPDHXFCSA-N,Muricatacin,Vitamin B6 metabolism,0.1391267,1,1,0,1,1,1
IK_VFRROHXSMXFLSN-SLPGGIOYSA-N,glucose-6-phosphate,Histidine metabolism,0.12414841,1,1,0,0,0,1
IK_VFYGOZNDDVMNNT-UHFFFAOYSA-N,Dodecenoylcarnitine,Sphingolipid metabolism,0.19089103,1,1,0,1,1,1
IK_VGHLCDUMOBMFJC-WNDXKNNZSA-N,"DG(14:0/22:6(4Z,7Z,11E,13Z,15E,19Z)-2OH(10S,17)/0:0)",Sphingolipid metabolism,0.21001941,1,1,0,1,1,1
IK_VGJDUVKGGZDWPB-WRPJNQIKSA-N,"PE-NMe(22:0/22:5(7Z,10Z,13Z,16Z,19Z))","Alanine, aspartate and glutamate metabolism",0.3449331,1,1,0,1,1,1
IK_VGRHZPNRCLAHQA-UHFFFAOYSA-N,Aspartyl-Asparagine,Ether lipid metabolism,0.17890304,1,1,0,1,1,1
IK_VGSUMLIRUGDCTF-NSMRCOLJSA-N,"PC(18:0/20:3(8Z,11Z,14Z))",Linoleic acid metabolism,0.95421284,1,1,0,1,1,1
IK_VGSYCWGXBYZLLE-QEEQPWONSA-N,Trifolirhizin,Sphingolipid metabolism,0.1927779,1,1,0,1,1,1
IK_VGZSUPCWNCWDAN-UHFFFAOYSA-N,Acetohexamide,Glycerophospholipid metabolism,0.11417063,1,1,0,1,1,1
IK_VHKNBDIQDAXGBL-UHFFFAOYSA-M,"2,5-Dioxopentanoate","Alanine, aspartate and glutamate metabolism",0.21954122,1,1,0,1,1,1
IK_VHVGNTVUSQUXPS-YUMQZZPRSA-N,L-Threo-3-Phenylserine,Cysteine and methionine metabolism,0.13574049,1,1,0,1,1,1
IK_VHVOLFRBFDOUSH-NSCUHMNNSA-N,ISOSAFROLE,Fatty acid degradation,0.09870215,1,1,0,1,1,1
IK_VIDLVGFSJZUUCT-KRXZEVONSA-N,"SM(d18:2(4E,14Z)/20:5(7Z,9Z,11E,13E,17Z)-3OH(5,6,15))",Steroid hormone biosynthesis,0.17459972,1,1,0,1,1,1
IK_VIHAEDVKXSOUAT-UHFFFAOYSA-N,2(5H)-Furanone,Lysine degradation,0.1870161,1,1,1,1,1,1
IK_VIMPHGVJPCSNPE-ZCLMWFBCSA-N,"PC(22:6(4Z,7Z,10Z,13Z,16Z,19Z)/18:3(6Z,9Z,12Z))",Linoleic acid metabolism,0.99008244,1,1,0,1,1,1
IK_VIVOIHQVZSMABQ-OWRFCLNLSA-N,"PE(18:3(9Z,12Z,15Z)/18:2(9Z,12Z))",Glycerophospholipid metabolism,0.786942,1,1,0,1,1,1
IK_VJDOAZKNBQCAGE-UHFFFAOYSA-N,Polyribosylribitolphosphate,Purine metabolism,0.13738418,1,1,0,1,1,1
IK_VJLLLMIZEJJZTE-LKPYDFSUSA-N,C16:0 glucosylceramide,Sphingolipid metabolism,0.9727166,1,1,0,0,0,1
IK_VJNCICVKUHKIIV-ZCFIWIBFSA-N,"Dopachrome2,3",Citrate cycle (TCA cycle),0.08855002,1,1,0,1,1,1
IK_VJNXUFOTKNTNPG-IOSLPCCCSA-O,7-Methylinosine,Biosynthesis of unsaturated fatty acids,0.13250917,1,1,0,1,1,1
IK_VJSBNBBOSZJDKB-KPEYJIHVSA-N,C24:1 ceramide,Glycerophospholipid metabolism,0.9718658,1,1,0,0,0,1
IK_VJZBXAQGWLMYMS-HNNXBMFYSA-N,"(S)-10,16-Dihydroxyhexadecanoic acid",Linoleic acid metabolism,0.936655,1,1,1,1,1,1
IK_VKENMLSUUVOQLD-VQVTYTSYSA-N,Gamma-Glutamylhydroxyproline,Vitamin B6 metabolism,0.042352505,1,1,0,1,1,1
IK_VKEQBMCRQDSRET-UHFFFAOYSA-N,Methylone,One carbon pool by folate,0.0462663,1,1,0,1,1,1
IK_VKVSSDKCKXJFIM-AFYHZPHLSA-N,PC 34:3,Linoleic acid metabolism,0.944576,1,1,0,1,1,1
IK_VKYKSIONXSXAKP-UHFFFAOYSA-N,Methenamine,"Alanine, aspartate and glutamate metabolism",0.21059278,1,1,0,1,1,1
IK_VLBPIWYTPAXCFJ-UHFFFAOYSA-N,LPC O-16:0,"Glycine, serine and threonine metabolism",0.82431525,1,1,0,0,0,1
IK_VLBPIWYTPAXCFJ-XMMPIXPASA-N,1-O-Hexadecyl-sn-glycero-3-phosphocholine,Glycerophospholipid metabolism,0.44539544,1,1,1,1,1,1
IK_VLDVBZICYBVQHB-IUCAKERBSA-N,Histidylvaline,Histidine metabolism,0.50808656,1,1,0,1,1,1
IK_VLFJNHPNIOTOOA-YMIVKDKMSA-N,"LysoPE(0:0/22:4(7Z,10Z,13Z,16Z))",Glycerophospholipid metabolism,0.61997676,1,1,0,1,1,1
IK_VLIJZYIABFUKFN-JZELYBSLSA-N,PE O-18:1_20:4,Glycerophospholipid metabolism,0.5695709,1,1,0,0,0,1
IK_VLIUMVVQGMLOJG-SEBNEYGDSA-N,Daucol,Drug metabolism - cytochrome P450,0.13881528,1,1,0,1,1,1
IK_VLJNHYLEOZPXFW-BYPYZUCNSA-N,L-prolinamide,Arginine and proline metabolism,0.8476635,1,1,0,1,1,1
IK_VLPFTAMPNXLGLX-UHFFFAOYSA-N,TG(8:0/8:0/8:0),Linoleic acid metabolism,0.33369112,1,1,0,1,1,1
IK_VLSMHEGGTFMBBZ-OOZYFLPDSA-N,Kainic acid,One carbon pool by folate,0.13951446,1,1,0,1,1,1
IK_VLTXBOGHSBHSAC-UHFFFAOYSA-N,Perfluoro tert-butylcyclohexane,Steroid biosynthesis,0.079010636,1,1,0,1,1,1
IK_VLULRUCCHYVXOH-UHFFFAOYSA-N,TIC10,Sphingolipid metabolism,0.12932397,1,1,0,1,1,1
IK_VMEHOTODTPXCKT-RXMQYKEDSA-N,(2R)-2-Hydroxy-2-methylbutanenitrile,Amino sugar and nucleotide sugar metabolism,0.074248865,1,1,1,1,1,1
IK_VMFFESMCXOCOIZ-UHFFFAOYSA-N,Cholylaspartic acid,Primary bile acid biosynthesis,0.9244017,1,1,0,1,1,1
IK_VMGXLRXDXJZSTP-UHFFFAOYSA-N,Olsalazine-O-sulfate,Ascorbate and aldarate metabolism,0.20012791,1,1,0,1,1,1
IK_VMJGIIURAHPLEX-AVQMFFATSA-N,N-Linoleoyl Tryptophan,Linoleic acid metabolism,0.5155339,1,1,0,1,1,0
IK_VMOJNRFXEJSJDS-UHFFFAOYSA-N,5-Methylpyrogallol sulfate,One carbon pool by folate,0.10293317,1,1,0,1,1,1
IK_VMUNAKQXJLHODT-VAWYXSNFSA-N,2-tridecenal,One carbon pool by folate,0.10548954,1,1,1,1,1,0
IK_VMUXSMXIQBNMGZ-UHFFFAOYSA-N,Dihydrocoumarin,Pentose phosphate pathway,0.05269394,1,1,0,0,0,1
IK_VMYXUZSZMNBRCN-UHFFFAOYSA-N,alpha-curcumene,Amino sugar and nucleotide sugar metabolism,0.09247284,1,1,0,1,1,1
IK_VMZVBRIIHDRYGK-UHFFFAOYSA-N,"2,6-Di-tert-butyl-4-[(dimethylamino)methyl]phenol",Tyrosine metabolism,0.086108774,1,1,1,1,1,1
IK_VNBZCSKDIGCTNO-UHFFFAOYSA-N,Methyl 3b-hydroxy-13(18)-oleanen-28-oate,Steroid biosynthesis,0.097430944,1,1,0,1,1,1
IK_VNGUCOGHCJHFID-FLZFTVBESA-N,Soyasapogenol C,Retinol metabolism,0.10237133,1,1,0,1,1,1
IK_VNKBTWQZTQIWDV-UHFFFAOYSA-N,Azamethiphos,Sphingolipid metabolism,0.061388385,1,1,0,1,1,1
IK_VNRLQDGXGABKPC-UHFFFAOYSA-N,10-Hydroxymelleolide,Linoleic acid metabolism,0.07074948,1,1,1,1,1,1
IK_VOCBWIIFXDYGNZ-IXKNJLPQSA-N,Testosterone enanthate,Linoleic acid metabolism,0.4778482,1,1,0,1,1,1
IK_VOOYTQRREPYRIW-UHFFFAOYSA-N,Marindinin,Vitamin B6 metabolism,0.08730906,1,1,0,1,1,1
IK_VOXXWSYKYCBWHO-UHFFFAOYSA-N,3-phenyllactic acid,Pentose phosphate pathway,0.15870228,1,1,0,0,1,1
IK_VOZHMAYHYHEWBW-NVOOAVKYSA-N,Bufotalin,Linoleic acid metabolism,0.24544144,1,1,0,1,1,1
IK_VOZHMDQUIRUFQW-LOTHNZFDSA-N,C18:0 lactosylceramide,Sphingolipid metabolism,0.94316906,1,1,0,0,0,1
IK_VPAMUPUPKCTFGJ-PGUFJCEWSA-N,lysoPC a C28:0,Glycerophospholipid metabolism,0.44958907,1,1,0,0,0,1
IK_VPAOSFFTKWUGAD-TVKJYDDYSA-N,Skimmin,Retinol metabolism,0.1264024,1,1,0,1,1,1
IK_VPGRYOFKCNULNK-ACXQXYJUSA-N,Deoxycorticosterone acetate,Steroid hormone biosynthesis,0.43927813,1,1,0,1,1,1
IK_VPKCCODFKUZEMT-KZVLABISSA-N,Glu-Ile-Leu-Asp-Val,Linoleic acid metabolism,0.2677989,1,1,0,1,1,1
IK_VPZKQTYZIVOJDV-LMVFSUKVSA-N,Thr-Ala,Glycerophospholipid metabolism,0.20171033,1,1,0,0,0,1
IK_VQASKUSHBVDKGU-UHFFFAOYSA-N,Paramethadione,Phenylalanine metabolism,0.11427732,1,1,0,1,1,1
IK_VQAYFKKCNSOZKM-IOSLPCCCSA-N,6-Methyladenosine,Biosynthesis of unsaturated fatty acids,0.36177278,1,1,0,0,0,1
IK_VQDBNKDJNJQRDG-UHFFFAOYSA-N,Pirbuterol,Vitamin B6 metabolism,0.10949201,1,1,0,1,1,1
IK_VQFKFAKEUMHBLV-BYSUZVQFSA-N,C26:0 galactosylceramide,Sphingolipid metabolism,0.7171422,1,1,0,0,0,1
IK_VQPVVWAFTIFKDD-LURJTMIESA-N,Gamma-Glutamyl-beta-aminopropiononitrile,Arginine biosynthesis,0.12514381,1,1,0,1,1,1
IK_VQZRLBWPEHFGCD-UHFFFAOYSA-N,p-Cresol3,Arginine biosynthesis,0.42704377,1,1,0,1,1,1
IK_VRBFTYUMFJWSJY-UHFFFAOYSA-N,Parylene C,Vitamin B6 metabolism,0.068377346,1,1,0,1,1,0
IK_VRCGDJCVKWWRME-UHFFFAOYSA-N,Alpha-Campholonic acid,One carbon pool by folate,0.05630261,1,1,0,1,1,1
IK_VSDWHZGJGWMIRN-UHFFFAOYSA-N,"3-Methyl-1-(2,4,6-trihydroxyphenyl)-1-butanone",Retinol metabolism,0.10362768,1,1,1,1,1,1
IK_VSLCIGXQLCYQTD-NPJQDHAYSA-N,Dynorphin B (10-13),Linoleic acid metabolism,0.16538359,1,1,0,1,1,1
IK_VSMOENVRRABVKN-QMMMGPOBSA-N,(R)-1-Octen-3-ol,Fatty acid degradation,0.20340493,1,1,1,1,1,1
IK_VSOJKDUWYQCWFM-UHFFFAOYSA-N,Noroxyhydrastinine,Citrate cycle (TCA cycle),0.068784475,1,1,0,1,1,1
IK_VTCHIESVVACVBD-DMKRFUROSA-N,Genistein sulfate,Retinol metabolism,0.11113563,1,1,0,1,1,1
IK_VTDZILAWJJXPEL-UHFFFAOYSA-N,Lupeoside,Retinol metabolism,0.06723887,1,1,0,1,1,1
IK_VTJXFTPMFYAJJU-UHFFFAOYSA-N,Tyrphostin 23,Linoleic acid metabolism,0.31406307,1,1,0,1,1,1
IK_VTSFZGCXFALJSV-FYAZAUILSA-N,PC ae C40:1,Linoleic acid metabolism,0.45942843,1,1,0,0,0,1
NO_INCHIKEY__10 carbon fatty aldehyde,10-carbon fatty aldehyde,"Valine, leucine and isoleucine biosynthesis",0.11597068,0,1,0,1,1,0
NO_INCHIKEY__11 carbon fatty acid,11-carbon fatty acid,Sphingolipid metabolism,0.07198596,0,1,0,1,0,0
NO_INCHIKEY__12 carbon fatty acid,12-carbon fatty acid,Sphingolipid metabolism,0.07198596,0,1,0,1,0,0
NO_INCHIKEY__13 carbon fatty acid,13-carbon fatty acid,One carbon pool by folate,0.080388024,0,1,0,1,1,0
NO_INCHIKEY__14 carbon fatty acid,14-carbon fatty acid,One carbon pool by folate,0.0741395,0,1,0,1,1,0
NO_INCHIKEY__16 carbon fatty acid,16 carbon fatty acid,Purine metabolism,0.07726064,0,1,0,1,1,0
NO_INCHIKEY__16 23 24 25 tetrahydroxydammar 13 17 en 3 one,"16,23,24,25-Tetrahydroxydammar-13(17)-en-3-one",Sphingolipid metabolism,0.14231238,0,1,0,1,1,0
IK_VUNOFAIHSALQQH-UHFFFAOYSA-N,Ethyl menthane carboxamide,One carbon pool by folate,0.09312009,1,1,0,1,1,1
IK_VUUOTOOJGWQGRY-OEOQYRPPSA-N,PC(P-18:1(9Z)/PGJ2),Linoleic acid metabolism,0.76351136,1,1,0,1,1,0
IK_VUWCGGOBVYCOMA-UHFFFAOYSA-N,"3,9-Dimethyl-6-(1-methylethyl)-1,4-dioxaspiro[4.5]decan-2-one",Sphingolipid metabolism,0.08988139,1,1,1,1,1,0
IK_VVEULVVIJNQTMD-OJZQPWLLSA-N,"DG(2:0/0:0/20:4(5Z,8Z,11Z,14Z)-OH(20))",Glycerophospholipid metabolism,0.3308514,1,1,0,1,1,1
IK_VVHOUVWJCQOYGG-REOHCLBHSA-N,guanidinosuccinate,Pyruvate metabolism,0.06561033,1,1,0,0,0,1
IK_VVHOUVWJCQOYGG-UHFFFAOYSA-N,N-amidinoaspartic acid,One carbon pool by folate,0.064917944,1,0,0,0,1,1
IK_VVLXCWVSSLFQDS-QWRGUYRKSA-N,Gamma-Glutamyltyrosine,Steroid hormone biosynthesis,0.34448534,1,1,0,1,1,1
IK_VVOAZFWZEDHOOU-UHFFFAOYSA-N,MAG,Linoleic acid metabolism,0.36626378,1,1,0,0,0,1
IK_VVPRQWTYSNDTEA-LLVKDONJSA-N,L-Hexanoylcarnitine,Fatty acid degradation,0.5924996,1,1,0,1,1,1
IK_VVQNEPGJFQJSBK-UHFFFAOYSA-N,Methyl methacrylate,Citrate cycle (TCA cycle),0.072234,1,1,0,1,1,1
IK_VVQVMHASNBSOOC-UHFFFAOYSA-N,4-(Hydroxymethyl)benzenesulfonic acid,Fatty acid biosynthesis,0.12643683,1,1,0,0,0,1
IK_VVUVJGRVEYHIHC-UHFFFAOYSA-N,2-(4-Morpholinyl)benzothiazole,One carbon pool by folate,0.08750531,1,1,1,1,1,1
IK_VVYXIRKYWOEDRA-UHFFFAOYSA-N,Methyl morpholine-3-carboxylate,Histidine metabolism,0.20523326,1,1,0,0,0,1
IK_VWEHHIHNZFXYIU-NAJHMEIQSA-N,3-epi-2-Deoxy-25-methyldolichosterone,Retinol metabolism,0.10322762,1,1,1,1,1,0
IK_VWTPJNGTEYZXFV-ZWKQNVPVSA-N,3-ketosphingosine,Glycerophospholipid metabolism,0.4613175,1,1,1,1,1,1
IK_VXBLCLVRWCLEOX-BFYSZXNBSA-N,6-Deoxocastasterone,Linoleic acid metabolism,0.22955479,1,1,0,1,1,1
IK_VXIXUWQIVKSKSA-UHFFFAOYSA-N,4-Hydroxycoumarin,One carbon pool by folate,0.07544738,1,1,1,1,1,1
IK_VXQBJTKSVGFQOL-UHFFFAOYSA-N,2-(2-Butoxyethoxy)ethyl acetate,One carbon pool by folate,0.14185697,1,1,1,1,1,1
NO_INCHIKEY__4 acetyl 2 methoxyphenyl 6 o 6 deoxy l mannopyranosyl d glucopyranoside,4-Acetyl-2-methoxyphenyl 6-O-(6-deoxy-?-L-mannopyranosyl)-?-D-glucopyranoside,Sphingolipid metabolism,0.13753295,0,1,0,1,1,0
IK_VXUOFDJKYGDUJI-OAQYLSRUSA-N,LPC 14:0,Glycerophospholipid metabolism,0.5572772,1,1,0,1,1,1
IK_VYFLJWHRKHRHBR-CGLJIMKOSA-N,"PS(22:1(13Z)/22:6(5Z,8E,10Z,13Z,15E,19Z)-2OH(7S, 17S))",Linoleic acid metabolism,0.2393894,1,1,0,1,1,1
NO_INCHIKEY__5 hydroxymethyl 4 methoxy 2 5h furanone,5-(Hydroxymethyl)-4-methoxy-2(5H)-furanone,One carbon pool by folate,0.061731394,0,1,0,1,1,0
NO_INCHIKEY__5 alpha androstan 3 beta ol 17 one sulfate,5-alpha-androstan-3-beta-ol-17-one sulfate,Linoleic acid metabolism,0.24057111,0,1,0,0,0,0
NO_INCHIKEY__5 beta androstan 3 alpha ol 17 one sulfate,5-beta-androstan-3-alpha-ol-17-one sulfate,Pyruvate metabolism,0.04500723,0,1,0,0,0,0
NO_INCHIKEY__5 isoprostaglandin f2 alpha vi,5-isoprostaglandin-F2-alpha-VI,Pyruvate metabolism,0.04500723,0,1,0,0,0,0
NO_INCHIKEY__8 10 dihydroxydihydroergotamine,"8',10'-Dihydroxydihydroergotamine",Sphingolipid metabolism,0.23235689,0,1,0,1,1,0
IK_VYIRVAXUEZSDNC-RDJLEWNRSA-N,Capsanthin,Retinol metabolism,0.08575704,1,1,0,1,1,1
IK_VYMDGNCVAMGZFE-UHFFFAOYSA-N,Phenylbutazone,Primary bile acid biosynthesis,0.08431801,1,1,0,1,1,1
IK_VYUIKSFYFRVQLF-YLNAYWRASA-N,Castasterone,Steroid biosynthesis,0.14417128,1,1,0,1,1,1
IK_VYYMKBGJOHEYSB-ZKQZXHNPSA-N,"DG(10:0/0:0/20:4(6E,8Z,11Z,14Z)+=O(5))",Sphingolipid metabolism,0.42786682,1,1,0,1,1,1
IK_VYYVPZRIOGLZOD-DOFZRALJSA-N,LPC 40:4,Glycerophospholipid metabolism,0.81213915,1,1,0,0,0,1
IK_VZCYOOQTPOCHFL-UPHRSURJSA-N,Maleic Acid,Citrate cycle (TCA cycle),0.42413202,1,1,0,1,1,1
NO_INCHIKEY__aromatic phytochemical,Aromatic phytochemical,One carbon pool by folate,0.07737782,0,1,0,1,1,0
IK_VZFRNCSOCOPNDB-AOKDLOFSSA-N,Domoic acid,"Alanine, aspartate and glutamate metabolism",0.19480103,1,1,0,1,1,1
NO_INCHIKEY__bile acid or lovastatin,bile acid or Lovastatin,Sphingolipid metabolism,0.16059734,0,1,0,1,1,0
NO_INCHIKEY__brompheniramine didemethylated,Brompheniramine (didemethylated),Sphingolipid metabolism,0.087746754,0,1,0,1,1,0
IK_VZQRMZUULSWEHB-XCFXQIAYSA-N,PC 32:3,Linoleic acid metabolism,0.9436632,1,1,0,1,1,1
IK_WAZYDHAWJWFGBD-LMJTUUMUSA-N,"PC(18:3(9Z,12Z,15Z)/20:1(11Z))",Linoleic acid metabolism,0.9761188,1,1,0,1,1,1
IK_WBHHMMIMDMUBKC-QJWNTBNXSA-N,Ricinoleic acid,Linoleic acid metabolism,0.45309177,1,1,0,0,0,1
IK_WBOMIOWRFSPZMC-AYICAFKVSA-N,LysoPC(P-18:0/0:0),Glycerophospholipid metabolism,0.9506674,1,1,0,1,1,1
IK_WBOZIXHPUPAOIA-JZZPSRGZSA-N,C24:1 glucosylceramide,Sphingolipid metabolism,0.9835382,1,1,0,0,0,1
IK_WBOZIXHPUPAOIA-RBELZSLISA-N,GlcCer d42:2,Sphingolipid metabolism,0.9268298,1,1,0,0,0,1
IK_WBSMIPAMAXNXFS-UHFFFAOYSA-N,5-NITRO-2-PHENYLPROPYLAMINOBENZOIC ACID [NPPB],Primary bile acid biosynthesis,0.13591322,1,1,0,1,1,1
IK_WCQFXNQALHURHS-BUHFOSPRSA-N,[12]-Shogaol,Linoleic acid metabolism,0.14441665,1,1,0,1,1,1
IK_WDEABJKSGGRCQA-UHFFFAOYSA-N,Docebenone,Vitamin B6 metabolism,0.110869005,1,1,0,1,1,1
NO_INCHIKEY__cer 40 0 2o cer 18 0 2o 22 0,Cer 40:0;2O|Cer 18:0;2O/22:0,Linoleic acid metabolism,0.24057111,0,1,0,0,0,0
IK_WDLWHQDACQUCJR-PBFPGSCMSA-N,Cefprozil,Sphingolipid metabolism,0.1299813,1,1,0,1,1,1
NO_INCHIKEY__cer 41 2 2o cer 18 2 2o 23 0,Cer 41:2;2O|Cer 18:2;2O/23:0,Linoleic acid metabolism,0.24057111,0,1,0,0,0,0
NO_INCHIKEY__cer 42 0 2o cer 18 0 2o 24 0,Cer 42:0;2O|Cer 18:0;2O/24:0,Linoleic acid metabolism,0.24057111,0,1,0,0,0,0
NO_INCHIKEY__cer 43 2 2o cer 19 1 2o 24 1,Cer 43:2;2O|Cer 19:1;2O/24:1,Linoleic acid metabolism,0.24057111,0,1,0,0,0,0
IK_WDNOQSUMHJTAOV-RAUWIWGKSA-N,"PC(20:5(5Z,8Z,11Z,14Z,17Z)/P-18:1(11Z))",Linoleic acid metabolism,0.9058505,1,1,0,1,1,1
IK_WDVXEDLZZBGRSA-PHRGGRIPSA-N,"PS(20:2(11Z,14Z)/22:6(4Z,7Z,10Z,13Z,16Z,19Z))",Glycerophospholipid metabolism,0.7911684,1,1,0,0,0,1
IK_WDZVGELJXXEGPV-YIXHJXPBSA-N,Guanabenz,Nicotinate and nicotinamide metabolism,0.11075965,1,1,0,1,1,1
IK_WEGYGNROSJDEIW-UHFFFAOYSA-N,3-Acetylpyridine,Nicotinate and nicotinamide metabolism,0.76560867,1,0,0,0,1,0
IK_WEQJQNWXCSUVMA-NEPJUHHUSA-N,Phenylalanylproline,Primary bile acid biosynthesis,0.21950959,1,1,0,1,1,1
IK_WEWBWVMTOYUPHH-QHAQEBJBSA-N,Lotaustralin,Starch and sucrose metabolism,0.31149766,1,1,0,1,1,1
IK_WEYCUJKFHUWUDC-BSNNDZOISA-N,DG(18:0/16:1(9Z)/0:0),Glycerophospholipid metabolism,0.4467639,1,1,0,1,1,1
IK_WFTPSUGFEZHCGU-UHFFFAOYSA-N,Cyclohexaneundecanoic acid,Sphingolipid metabolism,0.24686727,1,1,0,1,1,1
IK_WFUAUEQXPVNAEF-ZJDVBMNYSA-N,Thr Arg Thr,Ascorbate and aldarate metabolism,0.12409797,1,1,0,1,1,1
IK_WGFOBBZOWHGYQH-MXHNKVEKSA-N,Lubiprostone,Sphingolipid metabolism,0.29546276,1,1,0,1,1,1
IK_WGGPVIRCYGIRPH-XHATVUSISA-N,"DG(20:4(8Z,11Z,14Z,17Z)/18:0/0:0)",Glycerophospholipid metabolism,0.7374746,1,1,0,1,1,1
IK_WGNAKZGUSRVWRH-UHFFFAOYSA-N,p-Cresol sulfate,One carbon pool by folate,0.25343838,1,1,0,1,1,1
IK_WGOIHPRRFBCVBZ-GSVOUGTGSA-N,"Pyroglutamic acid/ Pyrrolidonecarboxylic acid1,3",Histidine metabolism,0.10532825,1,1,0,1,1,1
IK_WHMOBEGYTDWMIG-BSWAIDMHSA-N,Chenodeoxycholic acid 3-sulfate,Primary bile acid biosynthesis,0.92923534,1,1,0,1,1,1
IK_WHNWPMSKXPGLAX-UHFFFAOYSA-N,N-VINYL-2-PYRROLIDONE,Arginine and proline metabolism,0.44363627,1,1,0,1,1,1
IK_WHPVYXDFIXRKLN-UHFFFAOYSA-N,PBDE 99,Sphingolipid metabolism,0.14163116,1,1,0,1,1,1
IK_WHSXTWFYRGOBGO-UHFFFAOYSA-N,3-Cresotinic acid,Drug metabolism - cytochrome P450,0.15284367,1,1,1,1,1,0
IK_WHUUTDBJXJRKMK-UHFFFAOYSA-N,DL-Glutamic acid,D-Amino acid metabolism,0.6621857,1,0,0,0,1,1
IK_WHUUTDBJXJRKMK-UXXIZXEISA-N,"Glutamic acid2,3",One carbon pool by folate,0.24161977,1,1,0,1,1,1
IK_WHWHBAUZDPEHEM-UHFFFAOYSA-N,Fenthiaprop,One carbon pool by folate,0.049312957,1,1,0,1,1,1
NO_INCHIKEY__dg 36 4 isomer a,DG 36:4 Isomer A,Linoleic acid metabolism,0.24057111,0,1,0,0,0,0
IK_WILFXLMJFSKQRP-ZDUSSCGKSA-N,"8,14-Dihydroxyefavirenz",Vitamin B6 metabolism,0.049522642,1,1,0,1,1,1
IK_WJAJPNHVVFWKKL-UHFFFAOYSA-N,Methoxamine,Arginine biosynthesis,0.121185474,1,1,0,1,1,1
IK_WJQPVPNICDCELH-IHDWIWDKSA-N,LPC 42:3,Glycerophospholipid metabolism,0.89447886,1,1,0,0,0,1
IK_WJSAFQZKYVRPGM-PABFRNLHSA-N,16-B1-phytoprostane,Linoleic acid metabolism,0.11211962,1,1,1,1,1,1
IK_WJSDHUCWMSHDCR-VMPITWQZSA-N,Cinnamyl acetate,Drug metabolism - cytochrome P450,0.23189577,1,1,0,1,1,1
IK_WKBALTUBRZPIPZ-UHFFFAOYSA-N,"2,6-Diisopropylaniline",One carbon pool by folate,0.116955645,1,1,1,1,1,1
IK_WKOLLVMJNQIZCI-UHFFFAOYSA-N,Vanillic acid,Arginine biosynthesis,0.3908425,1,1,0,1,1,1
IK_WKQRDJBOIJKXHO-OYJCLRQASA-N,PC P-40:5 or PC O-40:6,Linoleic acid metabolism,0.7834194,1,1,0,0,0,1
IK_WKWLFVVHPPHSPJ-QNBJRWHPSA-N,"PE(15:0/20:4(5Z,8Z,11Z,14Z)-OH(20))",Glycerophospholipid metabolism,0.89621353,1,1,0,1,1,1
IK_WKZLNEWVIAGNAW-UHFFFAOYSA-N,Tryptamine [+2H],Citrate cycle (TCA cycle),0.121780284,1,1,0,1,1,1
IK_WKZWTZTZWGWEGE-UHFFFAOYSA-N,"1,2-Cyclohexanediol, 1-methyl-4-(1-methylethenyl)-",Drug metabolism - cytochrome P450,0.23301598,1,1,1,1,1,1
IK_WLGDDELKYAWBBL-UHFFFAOYSA-N,9-Oxo-nonanoic acid,Fatty acid biosynthesis,0.29920676,1,1,0,1,1,1
IK_WLJVNTCWHIRURA-UHFFFAOYSA-N,Pimelic acid,Fatty acid biosynthesis,0.2995764,1,0,0,0,1,1
IK_WLRVSRJKZYZCJY-UHFFFAOYSA-N,"N,n-Diethyl-4-Hydroxybenzamide",Tryptophan metabolism,0.18675144,1,1,0,1,1,1
IK_WLXCRBOZJKAXCC-UHFFFAOYSA-N,Isoketocamphoric acid,One carbon pool by folate,0.09804014,1,1,0,1,1,1
IK_WMJJBPKYVQALFE-DYYSOKHRSA-N,"PE(DiMe(13,5)/22:6(5Z,7Z,10Z,13Z,16Z,19Z)-OH(4))",Linoleic acid metabolism,0.31513667,1,1,0,1,1,1
IK_WMOFTJILTZIKIH-DIPNUNPCSA-N,PC 31:0,Linoleic acid metabolism,0.99526876,1,1,0,0,0,1
IK_WMUMHAZHWIUBPN-UONOGXRCSA-N,Xestoaminol C,Biosynthesis of unsaturated fatty acids,0.26827034,1,1,0,1,1,1
IK_WMUMZOAFCDOTRW-OVEHVULHSA-N,12alpha-hydroxy-3-oxo-5beta-cholan-24-oic Acid,Primary bile acid biosynthesis,0.853861,1,1,1,1,1,1
IK_WNFXUXZJJKTDOZ-OAHLLOKOSA-N,Acetylshikonin,Retinol metabolism,0.22067033,1,1,0,1,1,1
IK_WNSUMUNACHNURC-UHFFFAOYSA-N,"1-Heptadecene-4,6-diyne-3,9-diol",Linoleic acid metabolism,0.23470984,1,1,1,1,1,1
IK_WNYADZVDBIBLJJ-UHFFFAOYSA-N,N-Nitroso-pyrrolidine,Tyrosine metabolism,0.2496178,1,1,0,1,1,1
IK_WOAHJDHKFWSLKE-UHFFFAOYSA-N,"1,2-Benzoquinone",One carbon pool by folate,0.12641379,1,1,1,1,1,1
IK_WOMAZEJKVZLLFE-UHFFFAOYSA-N,2-Propanamidoacetic acid,One carbon pool by folate,0.15430266,1,1,0,0,0,1
IK_WPJGPAAPSBVXNU-HZJYTTRNSA-N,"7Z,10Z-Hexadecadienoic acid",Sphingolipid metabolism,0.54736346,1,1,0,1,1,1
IK_WPTTVJLTNAWYAO-KPOXMGGZSA-N,Bardoxolone methyl,Retinol metabolism,0.08538393,1,1,0,1,1,1
IK_WQEPLUUGTLDZJY-UHFFFAOYSA-N,Pentadecanoic acid,Fatty acid biosynthesis,0.6261963,1,0,0,0,1,1
IK_WQGWDDDVZFFDIG-UHFFFAOYSA-N,"1,2,3-Trihydroxybenzene",D-Amino acid metabolism,0.36846143,1,1,1,1,1,1
IK_WQLVFSAGQJTQCK-VKROHFNGSA-N,Diosgenin,Linoleic acid metabolism,0.1259964,1,1,0,1,1,1
IK_WQXNXVUDBPYKBA-YFKPBYRVSA-N,Ectoine,Histidine metabolism,0.51156443,1,0,0,0,1,1
IK_WQXXXVRAFAKQJM-WHFBIAKZSA-N,Gamma-Glutamylalanine,Arginine biosynthesis,0.16807774,1,1,0,1,1,1
IK_WQZRAWSNEARGPQ-UHFFFAOYSA-N,"3,5-Dihydroxydecanoic Acid",Cysteine and methionine metabolism,0.20390038,1,1,1,1,1,0
IK_WRADPCFZZWXOTI-BMRADRMJSA-N,(9E)-10-nitrooctadecenoic Acid,Sphingolipid metabolism,0.16869812,1,1,1,1,1,1
IK_WRDTXMBPHMBGIB-STECZYCISA-N,Ile Tyr Val,Sphingolipid metabolism,0.18650377,1,1,0,1,1,1
IK_WRNKIDLXXXIELU-IEBWSBKVSA-N,Indolophenanthridine,Pyruvate metabolism,0.044725746,1,1,0,1,1,1
IK_WRUFJWLVOQYPJF-UHFFFAOYSA-N,?<U+00C3><U+2021><U+00C3><U+0153> Bis(4-isothiocyanatobutyl) disulfide,One carbon pool by folate,0.07736494,1,1,0,1,1,1
IK_WSDKRPCAPHRNNZ-MGBGTMOVSA-N,lysoPC a C26:0,Glycerophospholipid metabolism,0.44958907,1,1,0,0,0,1
IK_WSFWBZJRQNTKQQ-SNAWJCMRSA-N,Furanone A,Citrate cycle (TCA cycle),0.08461963,1,1,0,1,1,1
IK_WSGVTKZFVJSJOG-RCOVLWMOSA-N,Asp Gly Val,Glycerophospholipid metabolism,0.6710082,1,1,0,1,1,1
IK_WSOXREPRCVQMSJ-UHFFFAOYSA-N,Glycylalanylprolylmethionylphenylalanylvalinamide,Linoleic acid metabolism,0.13322866,1,1,0,1,1,1
IK_WSPOMRSOLSGNFJ-AUWJEWJLSA-N,Chlorprothixene,Ether lipid metabolism,0.06605413,1,1,0,1,1,1
IK_WSVLPVUVIUVCRA-HPKHWNBYSA-N,lactose / maltose,Starch and sucrose metabolism,0.5930864,1,1,0,0,0,1
IK_WSWCOQWTEOXDQX-MQQKCMAXSA-N,"(2E,4E)-2,4-Hexadienoic acid",Cysteine and methionine metabolism,0.19947389,1,1,1,1,1,1
IK_WTDRDQBEARUVNC-ZCFIWIBFSA-N,D-Dopa,Tyrosine metabolism,0.7037648,1,0,0,0,1,1
IK_WTFXTQVDAKGDEY-HTQZYQBOSA-N,Chorismic acid,One carbon pool by folate,0.049983513,1,1,0,1,1,1
IK_WTJKGGKOPKCXLL-VYOBOKEXSA-N,2-Oleoyl-1-palmitoyl-sn-glycero-3-phosphocholine,Linoleic acid metabolism,0.9762164,1,1,1,1,1,1
IK_WTNZLKZBPONVPE-RYKNKZFFSA-N,"PE-NMe(20:0/20:2(11Z,14Z))","Alanine, aspartate and glutamate metabolism",0.341493,1,1,0,1,1,1
IK_WTOYNGQRGOLPNU-UHFFFAOYSA-N,"6,18,19-Trihydroxytrachyloban-2-one",Steroid biosynthesis,0.08177791,1,1,0,1,1,1
IK_WTSNEXSNFSFTFK-DJGAMQLYSA-N,Ginsenoside Rh5,Retinol metabolism,0.2612507,1,1,0,1,1,1
IK_WTWBUQJHJGUZCY-UHFFFAOYSA-N,Cuminaldehyde,Ascorbate and aldarate metabolism,0.07590035,1,1,0,1,1,1
IK_WURBQCVBQNMUQT-OLKPEBQYSA-N,Tiglylcarnitine,Sphingolipid metabolism,0.28829908,1,1,0,1,1,1
IK_WUTUWOBPQRZDTP-IONAWPRUSA-N,TG 53:0;2O|TG 18:0_18:0_17:0;2O,Linoleic acid metabolism,0.60187894,1,1,0,0,0,1
IK_WVALHIPEZZNFKT-VYPHAONASA-N,"DG(20:3(6,8,11)-OH(5)/8:0/0:0)",Linoleic acid metabolism,0.33683527,1,1,0,1,1,1
NO_INCHIKEY__fahfa 18 2 18 1,FAHFA 18:2/18:1,Linoleic acid metabolism,0.24057111,0,1,0,0,0,0
NO_INCHIKEY__fahfa 38 4,FAHFA 38:4,Linoleic acid metabolism,0.24057111,0,1,0,0,0,0
NO_INCHIKEY__fahfa 38 6,FAHFA 38:6,Linoleic acid metabolism,0.24057111,0,1,0,0,0,0
IK_WVDDGKGOMKODPV-UHFFFAOYSA-N,Benzyl Alcohol,Drug metabolism - cytochrome P450,0.1415451,1,1,0,0,1,1
IK_WVGALBKSWOUIEZ-XNHMFJFDSA-N,"PE(P-16:0/22:6(4Z,7Z,10Z,13Z,16Z,19Z))",Linoleic acid metabolism,0.46837792,1,1,0,1,1,1
IK_WVMWZWGZRAXUBK-SYTVJDICSA-N,3-Dehydroquinic acid,Nicotinate and nicotinamide metabolism,0.07852324,1,1,1,1,1,0
NO_INCHIKEY__ffa 11 1,FFA 11:1,One carbon pool by folate,0.10285757,0,1,0,1,1,0
IK_WVTMNZAPPOMZST-JZCVQVRRSA-N,11-Hydroxyprogesterone 11-glucuronide,Primary bile acid biosynthesis,0.28365955,1,1,1,1,1,1
NO_INCHIKEY__ffa 18 0,FFA 18:0,Arachidonic acid metabolism,0.15563129,0,1,0,1,1,0
NO_INCHIKEY__ffa 18 2,FFA 18:2,Arachidonic acid metabolism,0.15443414,0,1,0,1,1,0
NO_INCHIKEY__ffa 19 1,FFA 19:1,Arachidonic acid metabolism,0.15588278,0,1,0,1,1,0
IK_WVULKSPCQVQLCU-BUXLTGKBSA-N,Deoxycholic acid glycine conjugate,Primary bile acid biosynthesis,0.9164995,1,1,0,1,1,1
IK_WVVVLOJZCPRPQC-UHFFFAOYSA-N,4-Methyl-1H-pyrrole-3-carboxamide,Arginine and proline metabolism,0.14249234,1,1,1,1,1,1
IK_WWJIBIGWKGFVAQ-JNSYTQKUSA-N,TG 53:1,Linoleic acid metabolism,0.5186024,1,1,0,0,0,1
IK_WWNNZCOKKKDOPX-UHFFFAOYSA-N,Trigonelline,One carbon pool by folate,0.17836325,1,1,0,1,1,0
NO_INCHIKEY__flavanoid,Flavanoid,Sphingolipid metabolism,0.21051672,0,1,0,1,1,0
NO_INCHIKEY__flavanoid glucuronide,Flavanoid glucuronide,Sphingolipid metabolism,0.20749648,0,1,0,1,1,0
NO_INCHIKEY__flavonoid glucuronide,Flavonoid glucuronide,Sphingolipid metabolism,0.1696649,0,1,0,1,1,0
NO_INCHIKEY__flavonoid glucuronide se adenosylselenomethionine,Flavonoid glucuronide; Se-Adenosylselenomethionine,Sphingolipid metabolism,0.16966349,0,1,0,1,1,0
NO_INCHIKEY__flower extract,flower extract,Sphingolipid metabolism,0.07198596,0,1,0,1,0,0
NO_INCHIKEY__galcer 18 1 24 1,GalCer 18:1_24:1,Linoleic acid metabolism,0.24057111,0,1,0,0,0,0
IK_WWZKQHOCKIZLMA-UHFFFAOYSA-M,Octanoate,Fatty acid biosynthesis,0.36028424,1,1,0,1,1,1
IK_WXAADESEYPIPOB-GLRKTWBISA-N,"PE(14:0/20:5(5Z,8Z,11Z,14Z,17Z))",Glycerophospholipid metabolism,0.8058984,1,1,0,1,1,1
IK_WXHUQVMHWUQNTG-JSWHPQHOSA-N,Alisol A 24-acetate,Retinol metabolism,0.13116409,1,1,1,1,1,1
IK_WXNXCEHXYPACJF-UHFFFAOYSA-N,Acetyl-DL-Leucine,Arginine biosynthesis,0.115582906,1,1,0,1,1,1
IK_WXNXCEHXYPACJF-ZETCQYMHSA-N,N-Acetylleucine,Arginine biosynthesis,0.11558303,1,1,0,1,1,1
NO_INCHIKEY__gln leu glu lys,Gln Leu Glu Lys,Sphingolipid metabolism,0.14832388,0,1,0,1,1,0
NO_INCHIKEY__glu trp,Glu Trp,Sphingolipid metabolism,0.0871884,0,1,0,1,1,0
IK_WXSTZZVBULFWJM-ZETCQYMHSA-N,3h-Phenylalanine,Cysteine and methionine metabolism,0.29505113,1,1,1,1,1,1
IK_WXURHACBFYSXBI-GQKYHHCASA-N,Flumethasone,Steroid hormone biosynthesis,0.21305986,1,1,0,1,1,1
NO_INCHIKEY__gly phe asn thr phe,Gly Phe Asn Thr Phe,Sphingolipid metabolism,0.15899308,0,1,0,1,1,0
IK_WYIMORDZGCUBAA-AREMUKBSSA-N,LPC 19:0-SN1,Glycerophospholipid metabolism,0.53581667,1,1,0,0,0,1
IK_WYKHFQKONWMWQM-UHFFFAOYSA-N,2-Mercaptonicotinic acid,Vitamin B6 metabolism,0.11277997,1,1,1,1,1,1
IK_WZCLAXMADUBPSG-RIXBAXMTSA-N,"PC(18:0/18:3(9Z,12Z,15Z))",Linoleic acid metabolism,0.97581303,1,1,0,1,1,1
IK_WZNJWVWKTVETCG-YFKPBYRVSA-N,Mimosine,One carbon pool by folate,0.07218969,1,1,0,1,1,1
IK_WZSDNEJJUSYNSG-UHFFFAOYSA-N,Trocimine,Ascorbate and aldarate metabolism,0.074944615,1,1,0,1,1,1
IK_WZYRMLAWNVOIEX-BGPJRJDNSA-N,"3,6-anhydro-D-galactose",Ascorbate and aldarate metabolism,0.45891136,1,1,0,0,0,0
IK_XALSUNLRNHITKL-FVGYRXGTSA-N,L-beta-homotryptophan-HCl,Pyrimidine metabolism,0.3046833,1,1,0,1,0,1
IK_XAPHYNIJAGNNNA-YFTOQCAPSA-N,"1'H-5alpha-Androst-2-eno[3,2-b]indol-17beta-ol",Steroid hormone biosynthesis,0.2614378,1,1,1,1,1,1
IK_XAUDJQYHKZQPEU-KVQBGUIXSA-N,"1,3,5-Triazin-2(1H)-one, 4-amino-1-(2-deoxy-beta-D-erythro-pentofuranosyl)-",Vitamin B6 metabolism,0.18152352,1,1,1,1,1,1
IK_XBBDACCLCFWBSI-ZETCQYMHSA-N,Melevodopa,One carbon pool by folate,0.22037926,1,0,0,0,1,1
IK_XBGIMYLOTRDXPK-AGXIJRPPSA-N,PC(17:1/0:0),Glycerophospholipid metabolism,0.7290288,1,1,0,1,1,1
IK_XBGLCVZQMWKHFC-NMQALWILSA-N,Notoginsenoside Fc,Linoleic acid metabolism,0.120756306,1,1,0,1,1,1
NO_INCHIKEY__gpcho 2 0 18 3,GPCho(2:0/18:3),Sphingolipid metabolism,0.15402152,0,1,0,1,1,0
IK_XBKGKVBBQAVORB-DVCDPERKSA-N,PS(22:1(13Z)/PGJ2),Linoleic acid metabolism,0.63902414,1,1,0,1,1,1
IK_XBSQTYHEGZTYJE-OETIFKLTSA-N,Lithocholic acid glycine conjugate,Primary bile acid biosynthesis,0.33184466,1,1,0,1,1,1
IK_XBUXARJOYUQNTC-UHFFFAOYNA-N,FA 9:0+1O; PlaSMA ID-176,Pyruvate metabolism,0.074936844,1,0,0,0,1,1
IK_XBVUKAHAVXVVAD-UHFFFAOYSA-N,5-(3-Aminopropylphosphanyloxy)-2-(hydroxymethyl)pyran-4-one,Fructose and mannose metabolism,0.08828267,1,1,0,1,1,1
IK_XCCONPVPHCCYNF-KPFPPAHTSA-N,PC ae C36:4,Glycerophospholipid metabolism,0.32510498,1,1,0,0,0,1
IK_XCGYUJZMCCFSRP-UHFFFAOYSA-N,Oxamniquine,Histidine metabolism,0.1503488,1,1,0,1,1,1
IK_XCIXKGXIYUWCLL-UHFFFAOYSA-N,Cyclopentanol,Vitamin B6 metabolism,0.122029774,1,1,0,1,1,1
IK_XCLBLPLSYOQBEP-UHFFFAOYSA-N,"9,9-Dimethyl-1-(sulfinylamino)decane",Sphingolipid metabolism,0.14303046,1,1,0,1,1,1
IK_XCLJRCAJSCMIND-JCTYMORFSA-N,Erythromycylamine,Riboflavin metabolism,0.13152087,1,1,0,1,1,1
IK_XCRLPASVMPBQHF-FQEVSTJZSA-N,"1-[(2R)-2-(1,3-Benzodioxol-4-yl)heptyl]-3-[2,6-di(propan-2-yl)phenyl]urea",Steroid biosynthesis,0.091292255,1,1,1,1,1,1
IK_XDSSPSLGNGIIHP-VKHMYHEASA-N,Se-Methylselenocysteine,D-Amino acid metabolism,0.20274037,1,1,0,1,1,1
IK_XEBKSQSGNGRGDW-YFHOEESVSA-N,"9,10-Dihome",Arachidonic acid metabolism,0.6776722,1,1,1,1,1,1
IK_XECPAIJNBXCOBO-MMPJQOAZSA-N,"D-Glucaro-1,4-lactone",Ascorbate and aldarate metabolism,0.67450637,1,1,0,1,1,1
IK_XEKYYIHOWASTHE-UHFFFAOYSA-N,4-Hydroxy-3-(16-methylheptadecyl)-2H-pyran-2-one,Sphingolipid metabolism,0.117674835,1,1,1,1,1,1
IK_XEZVDURJDFGERA-UHFFFAOYSA-N,FA 23:0,Fatty acid biosynthesis,0.46702912,1,1,0,0,0,1
IK_XFDUHJPVQKIXHO-UHFFFAOYSA-N,3-Aminobenzoic acid,Nicotinate and nicotinamide metabolism,0.2208185,1,0,0,0,1,0
IK_XFTRTWQBIOMVPK-UHFFFAOYSA-N,Citramalic acid,One carbon pool by folate,0.39249715,1,1,0,1,1,1
IK_XGLZBINKZRQAPD-OTMYLMJASA-N,GPCho(22:5/14:1),Linoleic acid metabolism,0.9729793,1,1,0,1,1,1
IK_XGNASSAYQHESTL-BYPYZUCNSA-N,S-(6-Purinyl)cysteine,Cysteine and methionine metabolism,0.3389089,1,1,0,1,1,1
IK_XGRLSUFHELJJAB-KVVVOXFISA-M,1-Oleoyl Lysophosphatidic Acid (sodium salt),Glycerophospholipid metabolism,0.4933512,1,1,0,1,1,1
IK_XGWNSZFVLRVRKZ-UHFFFAOYSA-N,"3-(3,5-Dichlorophenyl)-4-hydroxy-1,3-thiazol-2-one",Nicotinate and nicotinamide metabolism,0.12626766,1,1,1,1,1,0
IK_XGYIMTFOTBMPFP-KQYNXXCUSA-N,5'-Deoxyadenosine,"Valine, leucine and isoleucine biosynthesis",0.34209803,1,1,1,1,1,1
IK_XHBSBNYEHDQRCP-UHFFFAOYSA-N,3-Methylguanine,Caffeine metabolism,0.34200287,1,1,1,1,1,1
NO_INCHIKEY__lpa 0 018 1 9z lpa 18 1 9z 0 0 dhap 18 0 3,LPA(0:018:1(9Z)); LPA(18:1(9Z)0:0); DHAP(18:0)3,Sphingolipid metabolism,0.14296514,0,1,0,1,1,0
NO_INCHIKEY__lpc 16 0 1,LPC 16:0.1,Linoleic acid metabolism,0.24057111,0,1,0,0,0,0
NO_INCHIKEY__lpc 16 1 1,LPC 16:1.1,Linoleic acid metabolism,0.24057111,0,1,0,0,0,0
NO_INCHIKEY__lpc 17 1 sn1,LPC 17:1-SN1,Linoleic acid metabolism,0.24057111,0,1,0,0,0,0
IK_XHDHWGKEDVWKAN-ONNLMXTPSA-N,"13-Oxo-9,11-tridecadienoic acid",Vitamin B6 metabolism,0.19749892,1,1,1,1,1,1
IK_XHHOHZPNYFQJKL-QWRGUYRKSA-N,Gamma-Glutamylphenylalanine,Primary bile acid biosynthesis,0.45693508,1,1,0,1,1,1
IK_XHLKZBFZGPVOIC-ZPHPHTNESA-N,2-OAHSA,Sphingolipid metabolism,0.16279066,1,1,0,0,0,1
NO_INCHIKEY__lpc 20 1 1,LPC 20:1.1,Linoleic acid metabolism,0.24057111,0,1,0,0,0,0
NO_INCHIKEY__lpc p 18 0 or lpc o 18 1,LPC P-18:0 or LPC O-18:1,Linoleic acid metabolism,0.24057111,0,1,0,0,0,0
NO_INCHIKEY__lpe n fa 34 0 lpe n fa 16 0 18 0,LPE-N (FA)34:0|LPE-N (FA 16:0)18:0,Linoleic acid metabolism,0.24057111,0,1,0,0,0,0
NO_INCHIKEY__lpe n fa 40 6 lpe n fa 18 0 22 6,LPE-N (FA)40:6|LPE-N (FA 18:0)22:6,Linoleic acid metabolism,0.24057111,0,1,0,0,0,0
IK_XINCECQTMHSORG-UHFFFAOYSA-N,Isopentyl isopentanoate,Arachidonic acid metabolism,0.3803378,1,1,0,1,1,1
IK_XIVFQYWMMJWUCD-VSTJRZLJSA-N,Dihydrophaseic acid,Primary bile acid biosynthesis,0.12541619,1,1,0,1,1,1
IK_XJGBDJOMWKAZJS-UHFFFAOYSA-N,Nafenopin,Linoleic acid metabolism,0.086740166,1,1,0,1,1,1
IK_XJLATMLVMSFZBN-VYDXJSESSA-N,Actinonin,Linoleic acid metabolism,0.40710267,1,1,0,1,1,1
IK_XJLSEXAGTJCILF-YFKPBYRVSA-N,L-beta-Homoproline,Arginine biosynthesis,0.25991908,1,1,0,1,0,1
IK_XJMMNTGIMDZPMU-UHFFFAOYSA-N,3-Methylglutaric acid,Arachidonic acid metabolism,0.1346204,1,1,1,1,1,1
NO_INCHIKEY__lysopc 17 0 lysope 0 020 0 lysope 20 00 0,LysoPC(17:0); LysoPE(0:020:0); LysoPE(20:00:0),Sphingolipid metabolism,0.18999346,0,1,0,1,1,0
IK_XJSFLOJWULLJQS-NGVXBBESSA-N,Josamycin,Linoleic acid metabolism,0.3956021,1,1,0,1,1,1
IK_XKBJVQHMEXMFDZ-AREMUKBSSA-N,PC(O-18:0/0:0),Glycerophospholipid metabolism,0.42602792,1,1,0,1,1,1
IK_XKFPYPQQHFEXRZ-UHFFFAOYSA-N,Isocarboxazid,Phenylalanine metabolism,0.098644,1,0,0,0,1,1
IK_XKXOQMAKWNRIFD-MHDFSROXSA-N,"16,17-Dihydro-16alpha,17-dihydroxygibberellin A4 17-glucoside",Retinol metabolism,0.19912474,1,1,1,1,1,1
IK_XLBVNMSMFQMKEY-BYPYZUCNSA-N,N-Methyl-L-Glutamic Acid,Pyrimidine metabolism,0.42164302,1,1,0,1,1,1
IK_XLHUBROMZOAQMV-UHFFFAOYSA-N,P-Benzosemiquinone,Arginine biosynthesis,0.34574008,1,1,0,1,1,1
IK_XLUAWXQORJEMBD-YUMQZZPRSA-N,CHEBI:69439,One carbon pool by folate,0.13683902,1,1,0,1,1,1
IK_XLVRFPVHQPHXAA-LJQANCHMSA-N,1-hexadecyl-glycero-3-phosphate,Biosynthesis of unsaturated fatty acids,0.22639586,1,1,0,0,0,1
IK_XMHIUKTWLZUKEX-UHFFFAOYSA-N,C26:0 ceramide,Biosynthesis of unsaturated fatty acids,0.80862075,1,1,0,0,0,1
IK_XMLFPUBZFSJWCN-UHFFFAOYSA-N,2-Hydroxy-4-trifluoromethyl benzoic acid,Linoleic acid metabolism,0.06623686,1,1,1,1,1,1
IK_XMWHRVNVKDKBRG-UHNVWZDZSA-N,2-C-methyl-D-erythritol-4-phosphate,Retinol metabolism,0.11271409,1,1,1,1,1,1
IK_XMWINMVFKPHMJB-UHFFFAOYSA-N,"2-Methyl-1,3-cyclohexadiene",Glycerophospholipid metabolism,0.13152653,1,1,1,1,1,1
IK_XMZFUVYOYPLVOA-VLHUWQDUSA-N,GPCho(16:0/20:3),Linoleic acid metabolism,0.9663173,1,1,0,1,1,1
IK_XNGIFLGASWRNHJ-UHFFFAOYSA-N,Phthalic Acid,Tryptophan metabolism,0.71170133,1,1,0,1,1,1
IK_XNKLLVCARDGLGL-JGVFFNPUSA-N,Stavudine,Purine metabolism,0.16673334,1,1,0,1,1,1
IK_XNZFLHDUNBGYBT-ACNMEUTMSA-N,PC 37:7,Linoleic acid metabolism,0.9962225,1,1,0,0,0,1
NO_INCHIKEY__mg 10 0 0 0 0 0,MG(10:0/0:0/0:0),One carbon pool by folate,0.036154386,0,1,0,1,1,0
IK_XOASTWITKYDKAJ-PPQPEBMASA-N,Penitrem D,Linoleic acid metabolism,0.32344222,1,1,0,1,1,1
IK_XOFYZVNMUHMLCC-ZPOLXVRWSA-N,Prednisone,Steroid hormone biosynthesis,0.33577174,1,1,0,1,1,1
IK_XOHUEYCVLUUEJJ-UHFFFAOYSA-N,"2,3-bisphosphoglyceric acid",Arachidonic acid metabolism,0.06496068,1,1,0,0,0,1
IK_XPBXOWYWJUBGMF-UHFFFAOYSA-N,Benzeneacetamide-4-O-sulphate,Arachidonic acid metabolism,0.17060874,1,1,0,1,1,1
IK_XPEZGWHLHCVJMV-SYESHANZSA-N,"PE(22:6(4Z,7Z,10Z,13E,15E,19Z)-OH(17)/22:1(13Z))",Linoleic acid metabolism,0.18972903,1,1,0,1,1,1
IK_XPJVKCRENWUEJH-UHFFFAOYSA-N,Isobutyl 4-hydroxybenzoate,Fatty acid biosynthesis,0.06741368,1,1,0,1,1,1
IK_XPQULTFBJPGINB-UHFFFAOYSA-N,5-Ethyl-4-methylthiazole,One carbon pool by folate,0.11967139,1,1,0,1,1,1
IK_XQSPYNMVSIKCOC-NTSWFWBYSA-N,Emtricitabine,Vitamin B6 metabolism,0.03771133,1,1,0,1,1,1
IK_XRHGYUZYPHTUJZ-UHFFFAOYSA-N,4-Chlorobenzoic acid,Porphyrin metabolism,0.095192805,1,1,1,1,1,1
IK_XRHMVNYIWRBFDB-UHFFFAOYSA-N,Methylgallic acid-O-sulphate,Drug metabolism - cytochrome P450,0.055282168,1,1,0,1,1,1
IK_XRIOEAXABJXXOB-CCZSOTCQSA-N,DG(14:1(9Z)/15:0/0:0),Glycerophospholipid metabolism,0.53501546,1,1,0,1,1,1
IK_XRISENIKJUKIHD-LHQZMKCDSA-N,Butaprost,Sphingolipid metabolism,0.08233,1,1,0,1,1,1
IK_XSCYYIVXGBKTOC-GZZJDILISA-N,Risbitin,Vitamin B6 metabolism,0.09543624,1,1,0,1,1,1
IK_XSXIVVZCUAHUJO-AVQMFFATSA-N,"11,14-Eicosadienoic acid",Sphingolipid metabolism,0.64243084,1,1,1,1,1,1
IK_XSXIVVZCUAHUJO-HZJYTTRNSA-N,FA 20:2,Biosynthesis of unsaturated fatty acids,0.7222799,1,1,0,1,1,1
IK_XTFQIRIHLGODFV-UHFFFAOYSA-N,phenylalanine betaine,Drug metabolism - cytochrome P450,0.25243792,1,1,0,0,0,1
IK_XTKGXPFBKPYFDW-UHFFFAOYSA-N,4-(4-Guanidinobenzoyloxy)phenylacetate,Linoleic acid metabolism,0.1091896,1,1,1,1,1,1
IK_XTSSAALSNSPVIH-OCFMFRIESA-N,Austalide L,Retinol metabolism,0.07894278,1,1,0,1,1,1
IK_XUFIWSHGXVLULG-IDLVJFIQSA-N,Gentamicin C2,Sphingolipid metabolism,0.11687963,1,1,0,1,1,1
IK_XUFQPHANEAPEMJ-UHFFFAOYSA-N,Famotidine,Glycerophospholipid metabolism,0.08076274,1,1,0,0,0,1
IK_XUJWOMMOEOHPFP-UTJQPWESSA-N,"8Z,11Z-eicosadienoic acid",Sphingolipid metabolism,0.7243144,1,1,0,1,1,1
IK_XULZWQRXYTVUTE-UHFFFAOYSA-N,HBOA trihexose,One carbon pool by folate,0.09755387,1,1,0,1,1,1
IK_XULZWQRXYTVUTE-ZETCQYMHSA-N,Homostachydrine,Nicotinate and nicotinamide metabolism,0.10642638,1,0,0,0,1,1
IK_XURBWYCGQQXTHJ-UHFFFAOYSA-N,MJDBISSN00000009,Nicotinate and nicotinamide metabolism,0.1983585,1,1,0,1,1,1
IK_XUSYGBPHQBWGAD-PJSUUKDQSA-N,Carnosol,Ascorbate and aldarate metabolism,0.11940856,1,1,0,1,1,1
IK_XUUMFDUVFVNHSM-CMDGGOBGSA-N,"(3b,5a,22E,24S)-Stigmasta-7,22,25-trien-3-ol 3-glucoside",Linoleic acid metabolism,0.25697902,1,1,1,1,1,1
IK_XUVJDFTVUZWJIR-UHFFFAOYSA-N,"1-3-(4,5-dihydrofuranone)-5-(hydroxymethyl)-pyrrole-2-carboxyaldehyde",One carbon pool by folate,0.09658367,1,1,1,1,1,1
IK_XUWHAWMETYGRKB-UHFFFAOYSA-N,2-Piperidinone,One carbon pool by folate,0.16127303,1,1,1,1,1,1
IK_XUWLAGNFLUARAN-CHQNGUEUSA-N,"N,N-Diallyl-tyrosyl-aminoisobutyryl-aminoisobutyryl-phenylalanyl-leucine",Primary bile acid biosynthesis,0.30084872,1,1,0,1,1,1
IK_XUYPXLNMDZIRQH-LURJTMIESA-N,N-Acetyl-L-methionine,Arginine biosynthesis,0.23315886,1,1,0,1,1,1
IK_XVOHELPNOXGRBQ-NXAIOARDSA-N,Furanodienone,Citrate cycle (TCA cycle),0.05472166,1,1,0,1,1,1
IK_XVOUMQNXTGKGMA-OWOJBTEDSA-N,Glutaconic Acid,Citrate cycle (TCA cycle),0.120149836,1,1,0,1,1,1
IK_XVTARERDLIZSBS-KSCSMHSMSA-N,DN-isobutylamide,Porphyrin metabolism,0.18870951,1,1,0,1,1,1
IK_XVZCREABAODILQ-UHFFFAOYSA-N,Cer 18:0;2O_20:0,Sphingolipid metabolism,0.18899013,1,1,0,0,0,1
IK_XWRHBGVVCOSNKO-OPGYGNEESA-N,4-p-Coumaroylquinic acid,Linoleic acid metabolism,0.6554639,1,1,1,1,1,1
IK_XWTYSIMOBUGWOL-UHFFFAOYSA-N,Terbutaline,Arginine biosynthesis,0.12553658,1,1,0,1,1,1
IK_XWXLDVGDOHFZSG-KPRBQMARSA-N,Musca-aurin-II,Retinol metabolism,0.06190617,1,1,0,1,1,1
IK_XWYBFXIUISNTQG-XPYNSANSSA-N,"3a,21-Dihydroxy-5b-pregnane-11,20-dione",Linoleic acid metabolism,0.25022286,1,1,1,1,1,1
NO_INCHIKEY__pc 16 0 20 5,PC 16:0_20:5,Linoleic acid metabolism,0.24057111,0,1,0,0,0,0
NO_INCHIKEY__pc 18 0 22 4,PC 18:0_22:4,Linoleic acid metabolism,0.24057111,0,1,0,0,0,0
NO_INCHIKEY__pc 18 2 20 4,PC 18:2_20:4,Linoleic acid metabolism,0.24057111,0,1,0,0,0,0
IK_XXEPPPIWZFICOJ-UHFFFAOYSA-N,Diethylpropion,Vitamin B6 metabolism,0.12255117,1,1,0,1,1,1
NO_INCHIKEY__pc 31 1 pc 16 0 15 1,PC 31:1|PC 16:0_15:1,Linoleic acid metabolism,0.24057111,0,1,0,0,0,0
IK_XXEWFEBMSGLYBY-UHFFFAOYSA-N,"Ne,Ne dimethyllysine",Cysteine and methionine metabolism,0.34924182,1,1,0,1,1,1
NO_INCHIKEY__pc 36 1e,PC 36:1e,Linoleic acid metabolism,0.24057111,0,1,0,0,0,0
NO_INCHIKEY__pc 36 5 isomer d,PC 36:5 Isomer D,Linoleic acid metabolism,0.24057111,0,1,0,0,0,0
NO_INCHIKEY__pc 36 6e,PC 36:6e,Linoleic acid metabolism,0.24057111,0,1,0,0,0,0
IK_XXFACTAYGKKOQB-ZETCQYMHSA-N,Dihydrozeatin,Purine metabolism,0.15053026,1,1,0,1,1,1
NO_INCHIKEY__pc 38 4 isomer b,PC 38:4 Isomer B,Linoleic acid metabolism,0.24057111,0,1,0,0,0,0
NO_INCHIKEY__pc 38 5 isomer a,PC 38:5 Isomer A,Linoleic acid metabolism,0.24057111,0,1,0,0,0,0
NO_INCHIKEY__pc 38 6 pc 18 2 20 4,PC 38:6|PC 18:2_20:4,Linoleic acid metabolism,0.24057111,0,1,0,0,0,0
NO_INCHIKEY__pc 40 5 isomer b,PC 40:5 Isomer B,Linoleic acid metabolism,0.24057111,0,1,0,0,0,0
NO_INCHIKEY__pc 40 7 isomer a,PC 40:7 Isomer A,Linoleic acid metabolism,0.24057111,0,1,0,0,0,0
IK_XXZPYJHULCBZPT-UHFFFAOYSA-N,Gamma-Glutamyl-beta-(isoxazolin-5-on-2-yl)alanine,Starch and sucrose metabolism,0.062403224,1,1,0,1,1,1
IK_XYFFWTYOFPSZRM-TWNAANEASA-N,17-Aminogeldanamycin,Linoleic acid metabolism,0.08712176,1,1,1,1,1,1
IK_XYJOGTQLTFNMQG-KJHBSLKPSA-N,Leucomycin,Linoleic acid metabolism,0.20283549,1,1,0,1,1,1
IK_XYYHNDVKALDFHQ-OXHZBIAZSA-N,"PE(18:0/22:6(4Z,7Z,10Z,13Z,16Z,19Z))",Glycerophospholipid metabolism,0.81102395,1,1,0,1,1,1
NO_INCHIKEY__pc ae c42 1,PC ae C42:1,Tryptophan metabolism,0.037999086,0,1,0,0,0,0
NO_INCHIKEY__pc ae c42 4,PC ae C42:4,Tryptophan metabolism,0.037999086,0,1,0,0,0,0
IK_XZAFZXJXZHRNAQ-STQMWFEESA-N,Voreloxin,Glycerophospholipid metabolism,0.18924972,1,1,0,1,1,1
IK_XZBJVIQXJHGUBE-HZMVJJPJSA-N,Fluocortolone Pivalate,Retinol metabolism,0.15220071,1,1,0,1,1,1
IK_XZDDLHQSVWZOPD-MYGLTJDJSA-N,Tumonoic Acid H,Glutathione metabolism,0.16020444,1,1,0,1,1,1
IK_XZEUQPYAKYHAIW-SOFGYWHQSA-N,(6Z)-Oct-6-enedioylcarnitine,Fatty acid degradation,0.37395036,1,1,1,1,1,1
NO_INCHIKEY__pc o 42 7 or pc 42 7e,PC O-42:7 or PC 42:7e,Linoleic acid metabolism,0.24057111,0,1,0,0,0,0
IK_XZOSNHNAQRVGSZ-UHFFFAOYSA-N,Stizolamine,One carbon pool by folate,0.1449158,1,1,0,1,1,1
IK_XZTUSOXSLKTKJQ-CESUGQOBSA-N,Digitoxigenin,Primary bile acid biosynthesis,0.3033839,1,1,0,1,1,1
IK_XZTYGFHCIAKPGJ-UHFFFAOYSA-N,Meclofenoxate,Riboflavin metabolism,0.14551394,1,1,0,1,1,1
IK_XZUDOWCTKOXYCZ-UHFFFAOYSA-N,3-Hydroxy-4-oxo-4H-pyran-2-carboxylic acid,One carbon pool by folate,0.18413027,1,1,1,1,1,1
IK_XZWYZXLIPXDOLR-UHFFFAOYSA-N,Metformin,One carbon pool by folate,0.30235758,1,0,0,0,1,1
NO_INCHIKEY__pc p 42 5 or pc o 42 6 isomer b,PC P-42:5 or PC O-42:6 Isomer B,Linoleic acid metabolism,0.24057111,0,1,0,0,0,0
IK_YALFFHSIVPCNLF-QPSCCSFWSA-N,Cyperolone,Drug metabolism - cytochrome P450,0.12386795,1,1,0,1,1,1
IK_YAMUFBLWGFFICM-PTGWMXDISA-N,LPC 18:1,Glycerophospholipid metabolism,0.78519565,1,1,0,1,1,1
IK_YARKMNAWFIMDKV-UHFFFAOYSA-N,Epanolol,Glycerophospholipid metabolism,0.37473676,1,1,0,1,1,1
IK_YAZBCYAYQHWOBG-UHFFFAOYSA-N,3-Hydroxyheptadecanoylcarnitine,Sphingolipid metabolism,0.35512906,1,1,1,1,1,1
IK_YBAVZMWJCPETFA-QFTUWMPFSA-N,"PC(20:2(11Z,14Z)/22:6(4Z,7Z,10Z,13Z,16Z,19Z))",Linoleic acid metabolism,0.9921576,1,1,0,1,1,1
IK_YBGWTZSEYYMFJI-AXUSBXICSA-N,Silymonin,Retinol metabolism,0.07490919,1,1,0,1,1,1
IK_YBMOTEQVMANKGX-JAMMHHFISA-O,2-(3-Carboxy-3-(methylammonio)propyl)-L-histidine,Pentose phosphate pathway,0.1068862,1,1,0,1,1,1
IK_YBOSYVPZRIDFAY-QSNZGGCFSA-N,"PC(P-16:0/20:5(5Z,8Z,11Z,14Z,16E)-OH(18R))",Linoleic acid metabolism,0.52777314,1,1,0,1,1,1
IK_YBUXFQUGNPBZPS-YNBHEIDWSA-N,LPC 22:5.1,Glycerophospholipid metabolism,0.87596923,1,1,0,1,1,1
IK_YCCILVSKPBXVIP-UHFFFAOYSA-N,Tyrosol,Tyrosine metabolism,0.7515489,1,1,0,1,1,1
IK_YCHOPPKXFCUQHM-OMSIYMKDSA-N,Crassostrea Secocarotenoid,Linoleic acid metabolism,0.25738505,1,1,0,0,0,1
IK_YCIMNLLNPGFGHC-UHFFFAOYSA-N,Pyrocatechol,Tryptophan metabolism,0.24211067,1,1,0,1,1,1
IK_YCPXWRQRBFJBPZ-UHFFFAOYSA-N,5-Sulfosalicylic acid,Tyrosine metabolism,0.6913473,1,1,0,1,1,1
IK_YDCRNMJQROAWFT-RXMQYKEDSA-N,(5R)-5-Hydroxyhexanoic acid,Arachidonic acid metabolism,0.6083875,1,1,1,1,1,1
IK_YDGMGEXADBMOMJ-LURJTMIESA-N,Total DMA,Cysteine and methionine metabolism,0.17630157,1,1,0,0,0,1
IK_YDTWOEYVDRKKCR-KNERPIHHSA-N,"PE(18:0/18:2(9Z,12Z))",Glycerophospholipid metabolism,0.93439823,1,1,0,1,1,1
IK_YEHAZLUVAZKVRO-PDWSRYNESA-N,"PE(18:0/20:4(8Z,11Z,14Z,17Z))",Glycerophospholipid metabolism,0.77822846,1,1,0,1,1,1
IK_YEJRWHAVMIAJKC-UHFFFAOYSA-N,Gamma-Butyrolactone,"Valine, leucine and isoleucine degradation",0.09045932,1,1,0,1,1,1
IK_YFFIQXNTTVSKJC-FVDSYPCUSA-N,TG 18:0_18:0_18:1,Linoleic acid metabolism,0.5186024,1,1,0,0,0,1
IK_YFGHCGITMMYXAQ-UHFFFAOYSA-N,Modafinil,Drug metabolism - cytochrome P450,0.14134182,1,1,0,0,0,1
IK_YFMPSMITLLBENU-UHFFFAOYSA-N,"3,4-Dihydroxybenzylamine",Arginine and proline metabolism,0.51656556,1,1,1,1,1,0
IK_YFXWTVLDSKSYLW-NSCUHMNNSA-N,5-Hydroxyferulic acid,Drug metabolism - cytochrome P450,0.1779232,1,1,0,1,1,1
IK_YGSDEFSMJLZEOE-UHFFFAOYSA-N,Salicylic acid,Tryptophan metabolism,0.14840217,1,1,0,1,1,1
IK_YHFPHRUWZMEOIX-CYDGBPFRSA-N,Ile-Val-Val,Sphingolipid metabolism,0.108832285,1,1,0,1,1,1
IK_YHGXYYIGHBPDMX-BUTFDPNWSA-N,PC(20:3/0:0),Glycerophospholipid metabolism,0.801962,1,1,0,1,1,1
IK_YHMJTZZWEXBHQK-MUDOESHNSA-N,Cer(d18:122:1(13Z)),Glycerophospholipid metabolism,0.9690424,1,1,0,1,1,1
IK_YHWNASRGLKJRJJ-KRWDZBQOSA-N,"(S)-4',5,7-Trihydroxy-6-prenylflavanone",Sphingolipid metabolism,0.08340733,1,1,1,1,1,1
IK_YIAPLDFPUUJILH-UHFFFAOYSA-N,Indan-1-ol,One carbon pool by folate,0.07724798,1,1,0,1,1,1
IK_YIGARKIIFOHVPF-CNUVFPMCSA-N,C22:0 glucosylceramide,Sphingolipid metabolism,0.9834552,1,1,0,0,0,1
IK_YIGARKIIFOHVPF-YAEABVQUSA-N,GlcCer d40:1,Sphingolipid metabolism,0.92455757,1,1,0,0,0,1
IK_YIICVSCAKJMMDJ-SNVBAGLBSA-N,Vasicine,One carbon pool by folate,0.08561366,1,0,0,0,1,1
IK_YIKYNHJUKRTCJL-UHFFFAOYSA-N,Ethyl maltol,One carbon pool by folate,0.14471748,1,1,0,1,1,1
IK_YIQRSAKVWZVLDN-QZTNRIJFSA-N,Fulvic acid,Sphingolipid metabolism,0.14850485,1,1,0,1,1,1
IK_YJAJDSAILYGJQK-AATRIKPKSA-N,2-Hydroxyhept-5-enoylcarnitine,Fatty acid degradation,0.15073073,1,1,1,1,1,1
IK_YJBKIVNOGNRKDV-UHFFFAOYSA-N,Edta citrate,Linoleic acid metabolism,0.07505904,1,1,0,1,1,1
IK_YJCJVMMDTBEITC-UHFFFAOYSA-N,10-Hydroxydecanoic acid,Porphyrin metabolism,0.1886637,1,1,0,0,1,1
IK_YJTVZHOYBAOUTO-URBBEOKESA-N,Fosteabine,Porphyrin metabolism,0.21326548,1,1,0,1,1,1
IK_YKFLAYDHMOASIY-UHFFFAOYSA-N,GAMMA-TERPINENE,Primary bile acid biosynthesis,0.32752165,1,1,0,1,0,1
IK_YKJYKKNCCRKFSL-RDBSUJKOSA-N,Anisomycin,Linoleic acid metabolism,0.46636853,1,0,0,0,1,1
IK_YKPUWZUDDOIDPM-SOFGYWHQSA-N,Capsaicin,Linoleic acid metabolism,0.12896009,1,1,0,1,1,1
IK_YKRGDOXKVOZESV-WRJNSLSBSA-N,Paeoniflorin,Retinol metabolism,0.11082374,1,1,0,1,1,1
IK_YKZFASAFVKFZJE-UHFFFAOYSA-N,Pentadecanedioylcarnitine,Sphingolipid metabolism,0.79750717,1,1,0,1,1,1
IK_YLEIFZAVNWDOBM-UHFFFAOYSA-N,Cimiaserin B,Linoleic acid metabolism,0.26903263,1,1,0,1,1,1
IK_YLFRRPUBVUAHSR-RRPFGEQOSA-N,"3beta-Hydroxypregna-5,16-dien-20-one",Linoleic acid metabolism,0.43937376,1,1,1,1,1,1
IK_YLJOVCWVJCDPLN-UHFFFAOYSA-N,Apomine,Linoleic acid metabolism,0.11709376,1,1,0,1,1,1
IK_YLOIOWBAQMCQNL-ROATZPNCSA-N,"PE-NMe(20:2(11Z,14Z)/22:6(4Z,7Z,10Z,13Z,16Z,19Z))","Alanine, aspartate and glutamate metabolism",0.30539387,1,1,0,1,1,1
IK_YLQQLZOJRAJYEL-QSCHNALKSA-N,TG 48:0,Linoleic acid metabolism,0.60187894,1,1,0,0,0,1
IK_YLWSJLLZUHSIEA-CKSUKHGVSA-N,SM d34:2,Sphingolipid metabolism,0.6278631,1,1,0,1,1,1
NO_INCHIKEY__pe 38 4 isomer a,PE 38:4 Isomer A,Linoleic acid metabolism,0.24057111,0,1,0,0,0,0
NO_INCHIKEY__pe 38 4 isomer b,PE 38:4 Isomer B,Linoleic acid metabolism,0.24057111,0,1,0,0,0,0
NO_INCHIKEY__pe 40 5,PE 40:5,Linoleic acid metabolism,0.24057111,0,1,0,0,0,0
IK_YLZRFVZUZIJABA-UHFFFAOYSA-N,4-Acetamido-2-aminobutanoic acid,"Alanine, aspartate and glutamate metabolism",0.36173964,1,1,1,1,1,1
IK_YMAWOPBAYDPSLA-UHFFFAOYSA-N,glycyl-glycine,Glycerophospholipid metabolism,0.9539932,1,1,0,0,0,1
IK_YMGFTDKNIWPMGF-UCPJVGPRSA-N,Salvianolic acid A,Linoleic acid metabolism,0.2049494,1,1,0,1,1,1
IK_YMGUBTXCNDTFJI-UHFFFAOYSA-N,Cyclopropanecarboxylic acid,"Alanine, aspartate and glutamate metabolism",0.36629388,1,1,0,1,1,1
IK_YMIXNQVKVPYZHL-YWSRBNGNSA-N,Filipin II,Linoleic acid metabolism,0.17592895,1,1,0,1,1,1
IK_YMJBYRVFGYXULK-VFUOTHLCSA-N,alpha-Galactosamine-1-phosphate,Starch and sucrose metabolism,0.45272198,1,1,0,0,0,1
IK_YMJNFVUJNDWLND-ZHACJKMWSA-N,3-Decenoylcarnitine,Fatty acid degradation,0.46654522,1,1,0,1,1,1
IK_YMXANTWTWUQRLJ-XGZMHBGESA-N,"PE(22:6(4Z,7Z,10Z,13Z,16Z,19Z)/24:0)",Glycerophospholipid metabolism,0.82354176,1,1,0,1,1,1
IK_YMYQEDCYNANIPI-PBLJWRMESA-N,C18:0 galactosylceramide,Sphingolipid metabolism,0.9834552,1,1,0,0,0,1
IK_YNAVUWVOSKDBBP-UHFFFAOYSA-N,Morpholine,One carbon pool by folate,0.22125758,1,1,0,1,1,1
IK_YNIJMKWVLKABRN-TWDSNVLRSA-N,"DG(18:2(9Z,12Z)/18:1(11Z)/0:0)",Glycerophospholipid metabolism,0.8129947,1,1,0,1,1,1
IK_YNNMOGWGBFSMGB-UHFFFAOYSA-N,"2,3-Methyleneglutaric acid",One carbon pool by folate,0.11784557,1,1,1,1,1,1
IK_YNXICDMQCQPQEW-UHFFFAOYSA-N,1-Naphthyl phosphate,Galactose metabolism,0.08009246,1,1,1,1,1,1
IK_YNZQCBXDUUGFIX-UHFFFAOYSA-N,8-(Aminomethyl)sulfanyl-6-sulfanyloctanoic acid,"Glycine, serine and threonine metabolism",0.2957593,1,1,0,1,1,1
IK_YODZTKMDCQEPHD-UHFFFAOYSA-N,Thiodiglycol,Arginine and proline metabolism,0.34068853,1,1,1,1,1,1
IK_YOEBAVRJHRCKRE-UHFFFAOYSA-N,2-Methylhippuric Acid,Phenylalanine metabolism,0.071208246,1,1,1,1,1,1
IK_YOSHYTLCDANDAN-UHFFFAOYSA-N,Irbesartan,Linoleic acid metabolism,0.094365746,1,1,0,1,1,1
IK_YPIGGYHFMKJNKV-UHFFFAOYSA-N,N-Ethylglycine,One carbon pool by folate,0.2801096,1,1,0,1,1,1
IK_YPJUNDFVDDCYIH-UHFFFAOYSA-N,Heptafluorobutyric acid,Steroid biosynthesis,0.12401103,1,1,0,1,1,1
IK_YPUCCOVOHHZJPR-GDGIDMNUSA-N,"DG(20:4(8Z,11Z,14Z,17Z)-2OH(5S,6R)/0:0/a-13:0)",Sphingolipid metabolism,0.14659718,1,1,0,1,1,1
IK_YPXHXDXMTWPQTO-SNAWJCMRSA-N,(2E)-3-[3-(sulfooxy)phenyl]prop-2-enoic acid,Drug metabolism - cytochrome P450,0.10475308,1,1,1,1,1,1
NO_INCHIKEY__pe 18 3 0 0,PE(18:3/0:0),Sphingolipid metabolism,0.13789724,0,1,0,1,1,0
IK_YQDZGFAYWGWSJK-SLMGBJJTSA-N,"11beta,17beta-Dihydroxy-4-androsten-3-one",Steroid hormone biosynthesis,0.85497636,1,1,1,1,1,1
IK_YQEZLKZALYSWHR-UHFFFAOYSA-N,Ketamine,Drug metabolism - cytochrome P450,0.12072181,1,1,0,1,1,1
IK_YQGDEPYYFWUPGO-UHFFFAOYSA-N,4-Amino-3-hydroxybutyrate,D-Amino acid metabolism,0.15781105,1,1,1,1,1,1
IK_YQYUWUKDEVZFDB-UHFFFAOYSA-N,"5-Methoxy-3,4-methylenedioxyamphetamine",Cysteine and methionine metabolism,0.109857395,1,1,0,1,1,1
IK_YRCWQPVGYLYSOX-VIFPVBQESA-N,D-synephrine,One carbon pool by folate,0.06198731,1,1,0,1,1,1
IK_YRHWKFMGEDDGIJ-UHFFFAOYSA-N,Phytolaccoside E,Sphingolipid metabolism,0.10925232,1,1,0,1,1,1
IK_YRKLGWOHYXIKSF-LBPRGKRZSA-N,Indole-3-Acetyl-L-Glutamic Acid,Primary bile acid biosynthesis,0.39215213,1,1,1,1,1,1
IK_YRKZDONPVFEWNN-HBCPYPPXSA-N,"(3a,5b)-24-oxo-24-[(2-sulfoethyl)amino]cholan-3-yl-b-D-Glucopyranosiduronic acid",Ascorbate and aldarate metabolism,0.6907283,1,1,1,1,1,1
IK_YRMSRWRIJYGMCI-LWRNEJPJSA-N,SM 41:1;2O|SM 18:1;2O/23:0,Linoleic acid metabolism,0.63670206,1,1,0,0,0,1
IK_YRXIDKUVBPMNRA-YTOKZNHUSA-N,Fasciculol C,Linoleic acid metabolism,0.21914975,1,1,0,1,1,1
IK_YRXOQXUDKDCXME-YIVRLKKSSA-N,Dimethylsphingosine,Glycerophospholipid metabolism,0.22868904,1,1,0,1,1,1
IK_YSLVYCWXAPPBIQ-UHFFFAOYSA-N,7-Methyl-cholic acid,Primary bile acid biosynthesis,0.78858775,1,1,0,1,1,1
IK_YSSSPARMOAYJTE-UHFFFAOYSA-N,Dibenzo-18-crown-6,Steroid biosynthesis,0.055215765,1,1,0,1,1,1
IK_YSSWCDJIKPKJLL-SJCQXOIGSA-N,Cer-NP t42:1,Glycerophospholipid metabolism,0.37662283,1,1,0,0,0,1
IK_YSUPYJPCFRZHTJ-UHFFFAOYSA-N,2-(2-Hydroxyethyl)phenyl hydrogen sulfate,Caffeine metabolism,0.17533329,1,1,1,1,1,1
IK_YTFFUORSCQHTLA-QNPHJADPSA-N,PS(PGJ2/24:0),Linoleic acid metabolism,0.65107876,1,1,0,1,1,1
IK_YTMBNLHIDIKJIU-HCXYKTFWSA-N,Dynorphin B (6-9),Steroid biosynthesis,0.23703468,1,1,0,1,1,1
IK_YTPRLBGPGZHUPD-SSDOTTSWSA-N,Salsoline,Citrate cycle (TCA cycle),0.09212903,1,1,0,1,1,1
IK_YTZASGUOZDZYSL-UHFFFAOYSA-N,Capsicoside A1,Linoleic acid metabolism,0.15178418,1,1,0,1,1,1
IK_YUERBWRPPIZVJK-MPANABRESA-N,HexCer 41:2;2O,Sphingolipid metabolism,0.8480971,1,1,0,0,0,1
IK_YUFFSWGQGVEMMI-JLNKQSITSA-N,FFA 22:5,Biosynthesis of unsaturated fatty acids,0.8847735,1,1,0,1,1,1
IK_YUFFSWGQGVEMMI-RCHUDCCISA-N,"7,10,13,16,19-Docosapentaenoic acid",Sphingolipid metabolism,0.34031248,1,1,0,1,1,1
IK_YUPCLHHTUNDMAN-UHFFFAOYSA-N,Butyl (S)-3-hydroxybutyrate glucoside,Pentose phosphate pathway,0.088286124,1,1,0,1,1,1
IK_YUTNOGOMBNYPFH-XUXIUFHCSA-N,Leu-Pro-Ile,Arachidonic acid metabolism,0.14627434,1,1,0,1,1,1
IK_YUVPOZFUVRRVLD-FCQUAONHSA-N,SM 20:0;2O/21:1,Sphingolipid metabolism,0.84793615,1,1,0,0,0,1
IK_YVUQSNJEYSNKRX-UHFFFAOYSA-N,Pimozide,Ascorbate and aldarate metabolism,0.27581295,1,0,0,0,1,1
IK_YVWPKMWQKWFMBB-UHFFFAOYSA-N,2-Amino-4-[carbamimidoyl(methyl)amino]butanoic acid,Cysteine and methionine metabolism,0.2320515,1,1,1,1,1,1
IK_YVYMBNSKXOXSKW-UHFFFAOYSA-N,[3-[2-Aminoethoxy(hydroxy)phosphoryl]oxy-2-hydroxypropyl] hexadecanoate,Glycerophospholipid metabolism,0.80582255,1,1,0,1,1,1
IK_YWDDIWXKFJEMKF-JTZVLWBESA-N,PC 34:4,Linoleic acid metabolism,0.9769433,1,1,0,1,1,1
IK_YWWVWXASSLXJHU-WAYWQWQTSA-N,Myristoleic acid,Biosynthesis of unsaturated fatty acids,0.66935486,1,1,0,1,1,1
IK_YWZAPMXAANPWLC-DCAQKATOSA-N,"L-Prolinamide, 5-oxo-L-prolyl-L-norvalyl-",Ascorbate and aldarate metabolism,0.11297815,1,1,0,1,1,1
IK_YWZGQPJRQXHVQX-BYCLXTJYSA-N,Cer-AS d34:1,Glycerophospholipid metabolism,0.15123527,1,1,0,0,0,1
IK_YXFNPRHZMOGREC-UHFFFAOYSA-N,"{4-[4-(6-Carbamoyl-3,5-dimethylpyrazin-2-yl)phenyl]cyclohexyl}acetic acid",Steroid biosynthesis,0.07960292,1,1,0,1,1,1
IK_YXIWHUQXZSMYRE-UHFFFAOYSA-N,2-mercaptobenzothiazole,One carbon pool by folate,0.09079309,1,1,1,1,1,1
IK_YYAYRZYQSCUFIG-ZTYLUMCNSA-N,PC(TXB2/18:0),Linoleic acid metabolism,0.89660156,1,1,0,1,1,1
IK_YYIUHLPAZILPSG-SMILAEQMSA-N,(-)-Slaframine,Nicotinate and nicotinamide metabolism,0.097385705,1,1,0,1,1,1
IK_YYIXZLMPKIFFGQ-ONNNWOQGSA-N,12(S)-HETrE,Linoleic acid metabolism,0.18642925,1,1,1,1,1,1
IK_YYMCYJLIYNNOMK-UHFFFAOYSA-N,Nor-psi-tropine,Citrate cycle (TCA cycle),0.09089081,1,1,0,1,1,1
IK_YYNNALSPFZYOOO-RRHRGVEJSA-N,PE 36:0|PE 18:0_18:0,Glycerophospholipid metabolism,0.2484132,1,1,0,0,0,1
IK_YYSFWGQAKJTHRE-MEOKJUQFSA-N,LPC 20:1,Glycerophospholipid metabolism,0.7835349,1,1,0,1,1,1
IK_YYVUMXYSCXRWIL-UHFFFAOYSA-N,Cyclostenol,Primary bile acid biosynthesis,0.20514971,1,1,0,1,1,1
IK_YYZUSRORWSJGET-UHFFFAOYSA-N,Ethyl octanoate,Drug metabolism - cytochrome P450,0.32548428,1,1,0,1,1,1
IK_YZNNBIPIQWYLDM-HSUXUTPPSA-N,Fagomine,Arginine biosynthesis,0.18195078,1,1,0,1,1,1
IK_ZAFDCAVLVDWCPI-UHFFFAOYSA-N,Benzoyl-l-arg,One carbon pool by folate,0.047233123,1,1,0,1,1,1
IK_ZAGRKAFMISFKIO-QMTHXVAHSA-N,(+)-Lysergic acid,Linoleic acid metabolism,0.08391706,1,1,1,1,1,1
IK_ZAIPMKNFIOOWCQ-UEKVPHQBSA-N,Cephalexin,Steroid biosynthesis,0.0633536,1,1,0,1,1,1
IK_ZAVFAQIEEDHGRI-JVYSIHAYSA-N,"PE(20:5(5Z,8Z,11Z,14Z,17Z)/18:0)",Glycerophospholipid metabolism,0.8706758,1,1,0,1,1,1
IK_ZBAYEKZBNZHVGF-ZAQYYTCTSA-N,"(7Z,9Z,12Z,15Z,18Z,21Z)-Tetracosa-7,9,12,15,18,21-hexaenoylcarnitine",Sphingolipid metabolism,0.5467629,1,1,1,1,1,1
IK_ZBBHBTPTTSWHBA-UHFFFAOYSA-N,Nicardipine,Retinol metabolism,0.09351653,1,1,0,1,1,1
IK_ZBCATMYQYDCTIZ-UHFFFAOYSA-N,4-methylcatechol,Lysine degradation,0.39961043,1,1,1,1,1,1
IK_ZBCBWPMODOFKDW-UHFFFAOYSA-N,Diethanolamine,Arginine and proline metabolism,0.6762536,1,1,0,1,1,1
IK_ZBOQHUSCQCEBGK-JLRCLJKCSA-N,PC(18:1(9Z)e/2:0),Glycerophospholipid metabolism,0.2448203,1,1,0,1,1,1
IK_ZBSGKPYXQINNGF-UHFFFAOYSA-N,Nicotinuric acid,Nicotinate and nicotinamide metabolism,0.4779264,1,1,1,1,1,1
IK_ZBXWGKPUSLRPHX-QOIVFALESA-N,Mirificin,Retinol metabolism,0.10261982,1,1,0,1,1,1
IK_ZCDKJIRLFSPIQI-QPJJXVBHSA-N,"3,7-Dimethyl-5-octene-1,7-diol 1-glucoside",Linoleic acid metabolism,0.16400844,1,1,1,1,1,0
IK_ZCGUDUFJPFKWKP-QLXZSTJSSA-N,PE O-20:0_20:4,Glycerophospholipid metabolism,0.5695709,1,1,0,0,0,1
IK_ZCSFFBZXCQGHRG-UHFFFAOYSA-N,polyphenolic compound,One carbon pool by folate,0.037579037,1,1,0,1,1,1
IK_ZCTWMWAMUYXALL-WLGWGOQCSA-N,"DG(a-13:0/20:3(8Z,11Z,14Z)-2OH(5,6)/0:0)",Glycerophospholipid metabolism,0.73093885,1,1,0,1,1,1
IK_ZCXGMSGCBDSEOY-UHFFFAOYSA-N,2-Benzothiazolsulfonic Acid,Cysteine and methionine metabolism,0.082342036,1,1,1,1,1,1
IK_ZDFLHZVTXWIGQV-UHFFFAOYSA-N,Deoxycholylglutamic acid,Primary bile acid biosynthesis,0.9457961,1,1,0,1,1,1
IK_ZDHCVQNIRWDINX-UHFFFAOYSA-N,"6,7-dihydroxybenzofuran-3(2H)-one",Arachidonic acid metabolism,0.0971135,1,0,0,0,1,1
IK_ZDHCZVWCTKTBRY-UHFFFAOYSA-N,12-Hydroxydodecanoic acid,Primary bile acid biosynthesis,0.253031,1,1,1,1,1,1
IK_ZDLDXNCMJBOYJV-YFKPBYRVSA-N,"L-Arginine, methyl ester",Citrate cycle (TCA cycle),0.16496581,1,1,0,0,0,1
IK_ZDXMLEQEMNLCQG-UHFFFAOYSA-N,Sulfometuron methyl,Linoleic acid metabolism,0.15090358,1,1,1,1,1,1
IK_ZDZWIQDJFWTDAM-NQIIRXRSSA-N,Rac S 33138,Linoleic acid metabolism,0.29839453,1,1,0,1,1,1
IK_ZEMGGZBWXRYJHK-UHFFFAOYSA-N,2-Thiouracil,Pantothenate and CoA biosynthesis,0.24627014,1,1,1,1,1,0
IK_ZETVJNVPEVTCFL-GUCXUNSNSA-N,PI(O-16:0/12:0),Linoleic acid metabolism,0.26343986,1,1,0,1,1,1
IK_ZEXLJFNSKAHNFH-SYKYGTKKSA-N,Endomorphin-1,Linoleic acid metabolism,0.3944145,1,1,0,1,1,1
IK_ZFMJJVQJMOVKIB-RQOIEFAZSA-N,PE O-18:1_18:2,Glycerophospholipid metabolism,0.40413973,1,1,0,0,0,1
NO_INCHIKEY__possible bile acid,Possible bile acid,Sphingolipid metabolism,0.14505194,0,1,0,1,1,0
NO_INCHIKEY__possible bile salt,possible bile salt,Sphingolipid metabolism,0.21501604,0,1,0,1,1,0
NO_INCHIKEY__possible flavonoid,Possible flavonoid,Sphingolipid metabolism,0.1440802,0,1,0,1,1,0
NO_INCHIKEY__possible phytochemical,possible phytochemical,Purine metabolism,0.08236034,0,1,0,1,1,0
NO_INCHIKEY__possible prenol lipid,Possible prenol lipid,Purine metabolism,0.08015436,0,1,0,1,1,0
NO_INCHIKEY__possible steroid,Possible steroid,Sphingolipid metabolism,0.13919261,0,1,0,1,1,0
IK_ZFMSMUAANRJZFM-UHFFFAOYSA-N,1-Methoxy-4-(2-propenyl)benzene,Linoleic acid metabolism,0.18379158,1,1,1,1,1,1
IK_ZFOZVQLOBQUTQQ-UHFFFAOYSA-N,Tributyl citrate,Porphyrin metabolism,0.09015045,1,1,0,1,1,1
IK_ZFRKQXVRDFCRJG-UHFFFAOYSA-N,3-Methylindole,Citrate cycle (TCA cycle),0.19313519,1,1,1,1,1,1
IK_ZFTUXXJICSMDGE-ZCXUNETKSA-N,PE-Cer 18:0;2O_22:1,Sphingolipid metabolism,0.63671565,1,1,0,0,0,1
IK_ZFXYFBGIUFBOJW-UHFFFAOYSA-N,Theophylline,Purine metabolism,0.8529859,1,1,0,1,1,1
IK_ZGCHLOWZNKRZSN-NTSWFWBYSA-N,3-Deoxyglucosone,Cysteine and methionine metabolism,0.24525392,1,1,1,1,1,0
IK_ZHQJVZLJDXWFFX-RPDRRWSUSA-N,4a-Carbinolamine tetrahydrobiopterin,Purine metabolism,0.16509937,1,1,1,1,1,1
IK_ZHTQCPCDXKMMLU-UHFFFAOYSA-N,Norathyriol,Pyrimidine metabolism,0.12945323,1,1,0,1,1,1
IK_ZHZKWZJLUNXOSN-LOCIZFEWSA-N,3-epi-6-deoxocathasterone,Glycerophospholipid metabolism,0.45059595,1,1,1,1,1,0
IK_ZIBGPFATKBEMQZ-UHFFFAOYSA-N,TRIETHYLENE GLYCOL,Glycerophospholipid metabolism,0.9554959,1,1,0,1,1,1
IK_ZICVPLGXTMCKHF-ROUYHVFWSA-N,"PE-NMe(16:0/20:3(5Z,8Z,11Z))",Glycerophospholipid metabolism,0.42057234,1,1,0,1,1,1
IK_ZIKZPLSIAVHITA-WNGDLQANSA-N,Nomilinic acid,Ascorbate and aldarate metabolism,0.14676803,1,1,0,1,1,1
IK_ZILZDFSDUXZZAT-UHFFFAOYSA-N,3-hydroxynonanoyl carnitine,Fatty acid degradation,0.22078022,1,1,0,1,1,1
IK_ZIMMPNSGYHHAIF-MNIDJLETSA-N,"PE-NMe(18:2(9Z,12Z)/20:2(11Z,14Z))","Alanine, aspartate and glutamate metabolism",0.33729953,1,1,0,1,1,1
IK_ZIWNJZLXPXFNGN-GXTQQWMXSA-N,Carbocyclic thromboxane A2,Primary bile acid biosynthesis,0.20427199,1,1,0,1,1,1
IK_ZJAZCYLYLVCSNH-JHJVBQTASA-N,Tetranor-PGEM,Sphingolipid metabolism,0.06594582,1,1,0,1,1,1
NO_INCHIKEY__ps 22 6,PS(22:6),Sphingolipid metabolism,0.23403998,0,1,0,1,1,0
IK_ZJDPLLSGJXQZSR-HMPWLZDGSA-N,Leu Ile,Vitamin B6 metabolism,0.113731995,1,1,0,1,1,1
IK_ZJIJDTZEEABZPM-PUFJAHBCSA-N,Cer(d16:1/5-iso PGF2VI),Linoleic acid metabolism,0.76281035,1,1,0,1,1,1
NO_INCHIKEY__ser ser oh,Ser-Ser-OH,Sphingolipid metabolism,0.079799324,0,1,0,1,1,0
IK_ZJKWJHONFFKJHG-UHFFFAOYSA-N,"2-Methoxy-1,4-benzoquinone",Cysteine and methionine metabolism,0.46046472,1,1,1,1,1,1
NO_INCHIKEY__sm 24 1,SM 24:1,Linoleic acid metabolism,0.24057111,0,1,0,0,0,0
IK_ZKLXUUYLEHCAMF-UUWFMWQGSA-N,Oripavine,Linoleic acid metabolism,0.14198494,1,1,0,1,1,1
IK_ZKQOUHVVXABNDG-IUCAKERBSA-N,Pro-leu,Phenylalanine metabolism,0.09102307,1,1,0,1,1,1
IK_ZKQQJUBGJLUJNT-UHFFFAOYSA-N,1-Phenyl-24-pentadiyn-1-one,One carbon pool by folate,0.11171389,1,1,0,1,1,1
IK_ZKTMLINFIQCERN-QGZVFWFLSA-O,Lotusine,Linoleic acid metabolism,0.42073283,1,1,0,1,1,1
IK_ZLBGSRMUSVULIE-GSMJGMFJSA-N,Milbemycin A3,Linoleic acid metabolism,0.19812213,1,1,0,1,1,1
IK_ZLCUIOWQYBYEBG-UHFFFAOYSA-N,1-Amino-2-methylanthraquinone,Vitamin B6 metabolism,0.065155394,1,1,1,1,1,1
IK_ZLIGRGHTISHYNH-WUXMJOGZSA-N,(E)-indol-3-ylacetaldoxime,Pyrimidine metabolism,0.4823434,1,1,1,1,1,1
IK_ZLWYEPMDOUQDBW-UHFFFAOYSA-N,6-Aminonicotinamide,Nicotinate and nicotinamide metabolism,0.2151959,1,0,0,0,1,1
NO_INCHIKEY__sm d38 1 1,SM d38:1.1,Linoleic acid metabolism,0.24057111,0,1,0,0,0,0
IK_ZMCBYSBVJIMENC-UHFFFAOYSA-N,Ethyl 3-aminobenzoate,One carbon pool by folate,0.08598843,1,1,0,1,1,1
NO_INCHIKEY__sm d41 2 isomer b,SM d41:2 Isomer B,Linoleic acid metabolism,0.24057111,0,1,0,0,0,0
IK_ZMXDDKWLCZADIW-UHFFFAOYSA-N,"N,N-Dimethylformamide","Alanine, aspartate and glutamate metabolism",0.2204766,1,1,0,1,1,1
IK_ZNHVWPKMFKADKW-VXBMJZGYSA-N,12-HETE,Sphingolipid metabolism,0.24093124,1,1,0,0,0,1
NO_INCHIKEY__sm d15 0 2 0,SM(d15:0/2:0),Sphingolipid metabolism,0.13155636,0,1,0,1,1,0
IK_ZNJFBWYDHIGLCU-HWKXXFMVSA-N,Jasmonic acid,Vitamin B6 metabolism,0.07088464,1,1,0,1,1,1
IK_ZNOLGFHPUIJIMJ-UHFFFAOYSA-N,Fenitrothion,Sphingolipid metabolism,0.11215336,1,1,0,1,1,1
IK_ZOJBSSVHFSBHMP-JJJSWPRASA-N,PC(22:4/0:0),Glycerophospholipid metabolism,0.8260496,1,1,0,1,1,1
IK_ZOJBYZNEUISWFT-UHFFFAOYSA-N,Allyl isothiocyanate,Linoleic acid metabolism,0.39698738,1,1,0,1,1,1
IK_ZONSVLURFASOJK-LLAGZRPASA-N,Dehydromonocrotaline,Sphingolipid metabolism,0.059177443,1,1,0,1,1,1
IK_ZOTBXTZVPHCKPN-HTXNQAPBSA-N,Kresoxim-Methyl,Sphingolipid metabolism,0.09433645,1,1,0,1,1,1
IK_ZPLOQFLCMVIWRY-UHFFFAOYSA-N,FLESTOLOL,Linoleic acid metabolism,0.23282762,1,1,0,1,1,1
IK_ZPWVTTHIHKYUQK-UHFFFAOYSA-N,"3,4-Methyleneadipic acid",One carbon pool by folate,0.10074974,1,1,1,1,1,0
IK_ZPZUGHMDLKWJOU-LMSYVIICSA-N,Tanacetol A,Glycerophospholipid metabolism,0.16726854,1,1,0,1,1,1
IK_ZQDWXGKKHFNSQK-UHFFFAOYSA-N,Hydroxyzine,Ascorbate and aldarate metabolism,0.10076526,1,1,0,1,1,1
IK_ZQIULKXWJGSFAC-UHFFFAOYSA-N,Manglupenone,Sphingolipid metabolism,0.09447343,1,1,0,1,1,1
IK_ZQTAMPRZFOOEEP-HZJYTTRNSA-N,"LysoPA(18:2(9Z,12Z)/0:0)",Glycerophospholipid metabolism,0.7319037,1,1,0,1,1,1
IK_ZQYUKJFJPJDMMR-ZDWCHQGWSA-N,Glycohyocholic Acid,Ascorbate and aldarate metabolism,0.50112903,1,1,0,1,1,1
IK_ZREXGWPJFRJAJU-SWESGNQDSA-N,"(2S,3R)-2-Amino-4-octadecene-3-ol",Sphingolipid metabolism,0.22465166,1,1,1,1,1,1
IK_ZRQXMKMBBMNNQC-UHFFFAOYSA-N,Isovalerylglycine,"Glycine, serine and threonine metabolism",0.15030766,1,1,0,1,1,1
IK_ZSANYRMTSBBUCA-UHFFFAOYSA-N,"Oxoglutaric acid1,2,3","Alanine, aspartate and glutamate metabolism",0.27421442,1,1,0,1,1,1
IK_ZSIQJIWKELUFRJ-UHFFFAOYSA-N,Hexamethyleneimine,Lysine degradation,0.52697814,1,1,0,1,1,1
NO_INCHIKEY__tag 12 3 20 6 20 6,TAG(12:3/20:6/20:6),Glycerophospholipid metabolism,0.27476346,0,1,0,0,0,0
NO_INCHIKEY__tag 14 3 14 3 14 3,TAG(14:3/14:3/14:3),Glycerophospholipid metabolism,0.27476346,0,1,0,0,0,0
IK_ZSJMELIYGMLDEW-BJPCGIFGSA-N,Cer-NS d38:2,Glycerophospholipid metabolism,0.7169473,1,1,0,0,0,1
IK_ZSYMQFVRTIVMFA-JAHIUHDMSA-N,GPCho(20:4/14:0),Linoleic acid metabolism,0.97566926,1,1,0,1,1,1
IK_ZTFGOPUOTATSAL-CFVDWFIMSA-N,Dihydroouabain,Linoleic acid metabolism,0.27973312,1,1,0,1,1,1
IK_ZTNZTGXTHOFZGC-LNFNTRPGSA-N,PE O-17:1_20:4,Glycerophospholipid metabolism,0.5695709,1,1,0,0,0,1
IK_ZTQGTBHHQGGBSV-ATVZYYHQSA-N,Naringenin 5-O-glucuronide,Steroid biosynthesis,0.14255732,1,1,0,1,1,1
IK_ZTTODOAGUDGDQH-HYVCQBOXSA-N,Ribosyl-5-amino-4-imidazolcarboxamid,Linoleic acid metabolism,0.10004716,1,1,0,1,1,1
IK_ZTZQZGHJLWFLFQ-VZBWJDOASA-N,"PE(P-18:0/20:4(8Z,11Z,14Z,17Z))",Linoleic acid metabolism,0.43418708,1,1,0,1,1,1
IK_ZUILKEWVWUKSAO-ZZXKWVIFSA-N,P-coumaroyltriacetic acid lactone,Drug metabolism - cytochrome P450,0.15339282,1,1,0,1,1,1
IK_ZUXGPPMNMKSOEO-LFYBBSHMSA-N,Merodesmosine,Starch and sucrose metabolism,0.096944764,1,1,0,1,1,1
IK_ZVDPYSVOZFINEE-BQBZGAKWSA-N,Aspartyl-Leucine,Linoleic acid metabolism,0.35358813,1,1,1,1,1,1
IK_ZWCCSIUBHCZKOY-UHFFFAOYSA-N,"Adb-chminaca, (+/-)-",Glutathione metabolism,0.097664565,1,1,0,1,1,1
IK_ZWDYIYOIBZOENK-YZGJGUBNSA-N,12-O-D-Glucuronoside-13-hydroxyoctadec-9Z-enoate,Ascorbate and aldarate metabolism,0.5375453,1,1,1,1,1,1
IK_ZWEHNKRNPOVVGH-UHFFFAOYSA-N,Methyl ethyl ketone,"Valine, leucine and isoleucine biosynthesis",0.7347707,1,0,0,0,1,1
IK_ZWRRJEICIPUPHZ-DAOPMYJZSA-N,Gomisin A,Sphingolipid metabolism,0.056613266,1,1,0,1,1,1
IK_ZWRRJEICIPUPHZ-UHFFFAOYSA-N,Schisandrol B,Sphingolipid metabolism,0.056613274,1,1,0,1,1,1
IK_ZWRUINPWMLAQRD-UHFFFAOYSA-N,1-Nonanol,Tryptophan metabolism,0.17138216,1,1,0,1,1,1
IK_ZXEUFAVXODIPHC-GUBZILKMSA-N,Lys Glu Asn,Linoleic acid metabolism,0.10383552,1,1,0,1,1,1
IK_ZXJIQOBYRBTOLH-UHFFFAOYSA-N,MJDBISSP00000002,Tyrosine metabolism,0.12539189,1,1,0,1,1,1
IK_ZXNAIPHYBVMMPY-DHSLYTQISA-N,MG(22:1(13Z)/0:0/0:0),Glycerophospholipid metabolism,0.8277536,1,1,0,1,1,1
IK_ZXPULTKTJOBQPE-NWGIQDPJSA-N,C16:1 ceramide,Glycerophospholipid metabolism,0.5294318,1,1,0,0,0,1
NO_INCHIKEY__tg 54 5 isomer b,TG 54:5 Isomer B,Linoleic acid metabolism,0.24057111,0,1,0,0,0,0
IK_ZXSWTMLNIIZPET-ZOFHRBRSSA-N,Normethandrone,Steroid hormone biosynthesis,0.13535675,1,1,0,1,1,1
IK_ZXVONLUNISGICL-UHFFFAOYSA-N,DNOC,Citrate cycle (TCA cycle),0.28381428,1,1,0,1,1,1
IK_ZXZKYYHTWHJHFT-UHFFFAOYSA-N,"2,8-Quinolinediol",One carbon pool by folate,0.1013216,1,1,1,1,1,1
IK_ZYEMKIHYSVDTSN-UHFFFAOYSA-N,3-Hydroxyhippuric acid sulfate,Glycerophospholipid metabolism,0.17547427,1,1,1,1,1,1
IK_ZYGHJZDHTFUPRJ-UHFFFAOYSA-N,Coumarin,Citrate cycle (TCA cycle),0.11110888,1,1,0,1,1,1
IK_ZYOPDNLIHHFGEC-FNORWQNLSA-N,"Trans-2, 3, 4-Trimethoxycinnamate",Citrate cycle (TCA cycle),0.15792195,1,1,0,1,1,1
NO_INCHIKEY__tripeptide cys cys cys,"Tripeptide: Cys, Cys, Cys",Sphingolipid metabolism,0.12210766,0,1,0,1,1,0
NO_INCHIKEY__tripeptide cys his lys,"Tripeptide: Cys, His, Lys",Sphingolipid metabolism,0.14593849,0,1,0,1,1,0
NO_INCHIKEY__tripeptide cys his trp,"Tripeptide: Cys, His, Trp",Sphingolipid metabolism,0.07198596,0,1,0,1,0,0
NO_INCHIKEY__tripeptide cys lys his,Tripeptide: Cys-Lys-His,Sphingolipid metabolism,0.14593832,0,1,0,1,1,0
NO_INCHIKEY__tripeptide leu ile tyr lys,"Tripeptide: Leu/Ile, Tyr, Lys",Sphingolipid metabolism,0.16860051,0,1,0,1,1,0
NO_INCHIKEY__tripeptide leu ile asn pro val gln pro,"Tripeptide: Leu/Ile,Asn, Pro; Val, Gln, Pro",Sphingolipid metabolism,0.07198596,0,1,0,1,0,0
NO_INCHIKEY__tripeptide leu ile asp arg gln gln lys arg val glu val val trp,Tripeptide: Leu/Ile-Asp-Arg; Gln-Gln-Lys; Arg-Val-Glu; Val-Val-Trp,Sphingolipid metabolism,0.15284485,0,1,0,1,1,0
NO_INCHIKEY__tripeptide leu ile lys gln,Tripeptide: Leu/Ile-Lys-Gln,Sphingolipid metabolism,0.14642906,0,1,0,1,1,0
NO_INCHIKEY__tripeptide thr pro ala,Tripeptide: Thr-Pro-Ala,Purine metabolism,0.0803687,0,1,0,1,1,0
IK_ZYOUEEMPKPNVQW-UHFFFAOYSA-N,Salfredin B11,Glycerophospholipid metabolism,0.09491022,1,1,0,0,0,1
IK_ZYVXHFWBYUDDBM-UHFFFAOYSA-N,N-Methylnicotinamide; CE10; ZYVXHFWBYUDDBM-UHFFFAOYSA-N,Nicotinate and nicotinamide metabolism,0.48832443,1,0,0,0,1,1
IK_ZZCHHVUQYRMYLW-HKBQPEDESA-N,Farglitazar,Ascorbate and aldarate metabolism,0.07489341,1,1,0,1,1,1
IK_ZZKNRXZVGOYGJT-VKHMYHEASA-N,Sparfosic acid,Riboflavin metabolism,0.09157469,1,1,0,1,1,1
IK_ZZUMXQCSMJCDDC-DFQOQHGMSA-N,"7a,12a-Dihydroxy-3-oxo-4-cholenoic acid",Steroid hormone biosynthesis,0.9095601,1,1,0,1,1,1
IK_ZZVUWRFHKOJYTH-UHFFFAOYSA-N,Diphenhydramine,Pyrimidine metabolism,0.09053423,1,1,0,1,1,1
UNKNOWN_ROW__24167579__unknown_1,unknown_1,"Valine, leucine and isoleucine biosynthesis",0.16767295,0,1,0,1,1,0
UNKNOWN_ROW__24167579__unknown_2,unknown_2,One carbon pool by folate,0.16382076,0,0,0,0,1,0
UNKNOWN_ROW__24167579__unknown_3,unknown_3,One carbon pool by folate,0.15847136,0,0,0,0,1,0
UNKNOWN_ROW__24167579__unknown_4,unknown_4,One carbon pool by folate,0.15844107,0,0,0,0,1,0
UNKNOWN_ROW__24167579__unknown_5,unknown_5,One carbon pool by folate,0.15686905,0,0,0,0,1,0
UNKNOWN_ROW__24167579__unknown_6,unknown_6,One carbon pool by folate,0.14974052,0,0,0,0,1,0
UNKNOWN_ROW__24167579__unknown_7,unknown_7,One carbon pool by folate,0.14879575,0,0,0,0,1,0
UNKNOWN_ROW__24167579__unknown_8,unknown_8,One carbon pool by folate,0.14792532,0,0,0,0,1,0
UNKNOWN_ROW__24167579__unknown_9,unknown_9,One carbon pool by folate,0.14708292,0,0,0,0,1,0
UNKNOWN_ROW__24167579__unknown_10,unknown_10,One carbon pool by folate,0.1450061,0,0,0,0,1,0
UNKNOWN_ROW__24167579__unknown_11,unknown_11,One carbon pool by folate,0.14028253,0,0,0,0,1,0
UNKNOWN_ROW__24167579__unknown_12,unknown_12,One carbon pool by folate,0.13756417,0,0,0,0,1,0
UNKNOWN_ROW__24167579__unknown_13,unknown_13,One carbon pool by folate,0.13483897,0,0,0,0,1,0
UNKNOWN_ROW__24167579__unknown_14,unknown_14,One carbon pool by folate,0.12539463,0,0,0,0,1,0
UNKNOWN_ROW__24167579__unknown_15,unknown_15,One carbon pool by folate,0.12539275,0,0,0,0,1,0
UNKNOWN_ROW__24167579__unknown_16,unknown_16,One carbon pool by folate,0.11596525,0,0,0,0,1,0
UNKNOWN_ROW__24167579__unknown_17,unknown_17,One carbon pool by folate,0.11518301,0,0,0,0,1,0
UNKNOWN_ROW__24167579__unknown_18,unknown_18,One carbon pool by folate,0.11507007,0,0,0,0,1,0
UNKNOWN_ROW__24167579__unknown_19,unknown_19,One carbon pool by folate,0.10971402,0,0,0,0,1,0
UNKNOWN_ROW__24167579__unknown_20,unknown_20,One carbon pool by folate,0.10871052,0,0,0,0,1,0
UNKNOWN_ROW__24167579__unknown_21,unknown_21,One carbon pool by folate,0.102150105,0,0,0,0,1,0
UNKNOWN_ROW__24167579__unknown_22,unknown_22,One carbon pool by folate,0.0933428,0,0,0,0,1,0
UNKNOWN_ROW__24167579__unknown_23,unknown_23,One carbon pool by folate,0.093210645,0,0,0,0,1,0
UNKNOWN_ROW__24167579__unknown_24,unknown_24,One carbon pool by folate,0.091400824,0,0,0,0,1,0
UNKNOWN_ROW__24167579__unknown_25,unknown_25,One carbon pool by folate,0.086256675,0,0,0,0,1,0
UNKNOWN_ROW__24167579__unknown_26,unknown_26,One carbon pool by folate,0.08001276,0,0,0,0,1,0
UNKNOWN_ROW__24167579__unknown_27,unknown_27,One carbon pool by folate,0.07895091,0,0,0,0,1,0
UNKNOWN_ROW__24167579__unknown_28,unknown_28,One carbon pool by folate,0.0760637,0,0,0,0,1,0
UNKNOWN_ROW__24167579__unknown_29,unknown_29,One carbon pool by folate,0.0757913,0,0,0,0,1,0
UNKNOWN_ROW__24167579__unknown_30,unknown_30,One carbon pool by folate,0.075784445,0,0,0,0,1,0
UNKNOWN_ROW__24167579__unknown_31,unknown_31,One carbon pool by folate,0.07553564,0,0,0,0,1,0
UNKNOWN_ROW__24167579__unknown_32,unknown_32,One carbon pool by folate,0.07135441,0,0,0,0,1,0
UNKNOWN_ROW__24167579__unknown_33,unknown_33,One carbon pool by folate,0.07135441,0,0,0,0,1,0
UNKNOWN_ROW__24167579__unknown_34,unknown_34,One carbon pool by folate,0.06748578,0,0,0,0,1,0
UNKNOWN_ROW__24167579__unknown_35,unknown_35,One carbon pool by folate,0.0671904,0,0,0,0,1,0
UNKNOWN_ROW__24167579__unknown_36,unknown_36,One carbon pool by folate,0.067139365,0,0,0,0,1,0
UNKNOWN_ROW__24167579__unknown_37,unknown_37,One carbon pool by folate,0.066767,0,0,0,0,1,0
UNKNOWN_ROW__24167579__unknown_38,unknown_38,One carbon pool by folate,0.063059516,0,0,0,0,1,0
UNKNOWN_ROW__24167579__unknown_39,unknown_39,One carbon pool by folate,0.060288623,0,0,0,0,1,0
UNKNOWN_ROW__24167579__unknown_40,unknown_40,One carbon pool by folate,0.05834021,0,0,0,0,1,0
UNKNOWN_ROW__24167579__unknown_41,unknown_41,One carbon pool by folate,0.051751144,0,0,0,0,1,0
UNKNOWN_ROW__24167579__unknown_42,unknown_42,Arachidonic acid metabolism,0.050539754,0,0,0,0,1,0
UNKNOWN_ROW__24167579__unknown_43,unknown_43,Arachidonic acid metabolism,0.050376367,0,0,0,0,1,0
UNKNOWN_ROW__24167579__unknown_44,unknown_44,Purine metabolism,0.049654678,0,0,0,0,1,0
UNKNOWN_ROW__24167579__unknown_45,unknown_45,Purine metabolism,0.052388262,0,0,0,0,1,0
UNKNOWN_ROW__24167579__unknown_46,unknown_46,Purine metabolism,0.052827187,0,0,0,0,1,0
UNKNOWN_ROW__24167579__unknown_47,unknown_47,Purine metabolism,0.053044196,0,0,0,0,1,0
UNKNOWN_ROW__24167579__unknown_48,unknown_48,Vitamin B6 metabolism,0.054746605,0,0,0,0,1,0
UNKNOWN_ROW__24167579__unknown_49,unknown_49,Vitamin B6 metabolism,0.054746605,0,0,0,0,1,0
UNKNOWN_ROW__24167579__unknown_50,unknown_50,Vitamin B6 metabolism,0.055470258,0,0,0,0,1,0
UNKNOWN_ROW__24167579__unknown_51,unknown_51,Vitamin B6 metabolism,0.057390515,0,0,0,0,1,0
UNKNOWN_ROW__24167579__unknown_52,unknown_52,Vitamin B6 metabolism,0.057390753,0,0,0,0,1,0
UNKNOWN_ROW__24167579__unknown_53,unknown_53,Vitamin B6 metabolism,0.057892326,0,0,0,0,1,0
UNKNOWN_ROW__24167579__unknown_54,unknown_54,Vitamin B6 metabolism,0.064548604,0,0,0,0,1,0
UNKNOWN_ROW__24167579__unknown_55,unknown_55,Vitamin B6 metabolism,0.064571835,0,0,0,0,1,0
UNKNOWN_ROW__24167579__unknown_56,unknown_56,Vitamin B6 metabolism,0.06570231,0,0,0,0,1,0
UNKNOWN_ROW__24167579__unknown_57,unknown_57,Vitamin B6 metabolism,0.06577821,0,0,0,0,1,0
UNKNOWN_ROW__24167579__unknown_58,unknown_58,Sphingolipid metabolism,0.07235583,0,0,0,0,1,0
UNKNOWN_ROW__24167579__unknown_59,unknown_59,Sphingolipid metabolism,0.07943712,0,0,0,0,1,0
UNKNOWN_ROW__24167579__unknown_60,unknown_60,Sphingolipid metabolism,0.093383804,0,0,0,0,1,0
UNKNOWN_ROW__24167579__unknown_61,unknown_61,Sphingolipid metabolism,0.09598622,0,0,0,0,1,0
UNKNOWN_ROW__24167579__unknown_62,unknown_62,Sphingolipid metabolism,0.09913265,0,0,0,0,1,0
UNKNOWN_ROW__24167579__unknown_63,unknown_63,Sphingolipid metabolism,0.09913282,0,0,0,0,1,0
UNKNOWN_ROW__24167579__unknown_64,unknown_64,Sphingolipid metabolism,0.10008524,0,0,0,0,1,0
UNKNOWN_ROW__24167579__unknown_65,unknown_65,Sphingolipid metabolism,0.10436129,0,0,0,0,1,0
UNKNOWN_ROW__24167579__unknown_66,unknown_66,Sphingolipid metabolism,0.10436129,0,0,0,0,1,0
UNKNOWN_ROW__24167579__unknown_67,unknown_67,Sphingolipid metabolism,0.104776055,0,0,0,0,1,0
UNKNOWN_ROW__24167579__unknown_68,unknown_68,Sphingolipid metabolism,0.10480758,0,0,0,0,1,0
UNKNOWN_ROW__24167579__unknown_69,unknown_69,Sphingolipid metabolism,0.105216,0,0,0,0,1,0
UNKNOWN_ROW__24167579__unknown_70,unknown_70,Sphingolipid metabolism,0.107761204,0,0,0,0,1,0
UNKNOWN_ROW__24167579__unknown_71,unknown_71,Sphingolipid metabolism,0.10989329,0,0,0,0,1,0
UNKNOWN_ROW__24167579__unknown_72,unknown_72,Sphingolipid metabolism,0.110883884,0,0,0,0,1,0
UNKNOWN_ROW__24167579__unknown_73,unknown_73,Sphingolipid metabolism,0.11280312,0,0,0,0,1,0
UNKNOWN_ROW__24167579__unknown_74,unknown_74,Sphingolipid metabolism,0.11280327,0,0,0,0,1,0
UNKNOWN_ROW__24167579__unknown_75,unknown_75,Sphingolipid metabolism,0.11386117,0,0,0,0,1,0
UNKNOWN_ROW__24167579__unknown_76,unknown_76,Sphingolipid metabolism,0.11393974,0,0,0,0,1,0
UNKNOWN_ROW__24167579__unknown_77,unknown_77,Sphingolipid metabolism,0.11393984,0,0,0,0,1,0
UNKNOWN_ROW__24167579__unknown_78,unknown_78,Sphingolipid metabolism,0.1144126,0,0,0,0,1,0
UNKNOWN_ROW__24167579__unknown_79,unknown_79,Sphingolipid metabolism,0.11445787,0,0,0,0,1,0
UNKNOWN_ROW__24167579__unknown_80,unknown_80,Sphingolipid metabolism,0.11605394,0,0,0,0,1,0
UNKNOWN_ROW__24167579__unknown_81,unknown_81,Sphingolipid metabolism,0.121233396,0,0,0,0,1,0
UNKNOWN_ROW__24167579__unknown_82,unknown_82,"Valine, leucine and isoleucine biosynthesis",0.15944421,0,1,0,1,1,0
UNKNOWN_ROW__24167579__unknown_83,unknown_83,"Valine, leucine and isoleucine biosynthesis",0.15696697,0,1,0,1,1,0
UNKNOWN_ROW__24167579__unknown_84,unknown_84,Cysteine and methionine metabolism,0.11370674,0,1,0,1,1,0
UNKNOWN_ROW__24167579__unknown_85,unknown_85,One carbon pool by folate,0.08149741,0,1,0,1,1,0
UNKNOWN_ROW__24167579__unknown_86,unknown_86,One carbon pool by folate,0.07831802,0,1,0,1,1,0
UNKNOWN_ROW__24167579__unknown_87,unknown_87,One carbon pool by folate,0.07739203,0,1,0,1,1,0
UNKNOWN_ROW__24167579__unknown_88,unknown_88,One carbon pool by folate,0.07345665,0,1,0,1,1,0
UNKNOWN_ROW__24167579__unknown_89,unknown_89,Purine metabolism,0.08118415,0,1,0,1,1,0
UNKNOWN_ROW__24167579__unknown_90,unknown_90,Purine metabolism,0.081513636,0,1,0,1,1,0
UNKNOWN_ROW__24167579__unknown_91,unknown_91,Purine metabolism,0.08151395,0,1,0,1,1,0
UNKNOWN_ROW__24167579__unknown_92,unknown_92,Purine metabolism,0.08265714,0,1,0,1,1,0
UNKNOWN_ROW__24167579__unknown_93,unknown_93,Purine metabolism,0.082642265,0,1,0,1,1,0
UNKNOWN_ROW__24167579__unknown_94,unknown_94,Purine metabolism,0.08058128,0,1,0,1,1,0
UNKNOWN_ROW__24167579__unknown_95,unknown_95,Sphingolipid metabolism,0.08439154,0,1,0,1,1,0
UNKNOWN_ROW__24167579__unknown_96,unknown_96,Sphingolipid metabolism,0.08439208,0,1,0,1,1,0
UNKNOWN_ROW__24167579__unknown_97,unknown_97,Sphingolipid metabolism,0.087603234,0,1,0,1,1,0
UNKNOWN_ROW__24167579__unknown_98,unknown_98,Sphingolipid metabolism,0.08881653,0,1,0,1,1,0
UNKNOWN_ROW__24167579__unknown_99,unknown_99,Sphingolipid metabolism,0.09014582,0,1,0,1,1,0
UNKNOWN_ROW__24167579__unknown_100,unknown_100,Sphingolipid metabolism,0.090146504,0,1,0,1,1,0
UNKNOWN_ROW__24167579__unknown_101,unknown_101,Sphingolipid metabolism,0.091478735,0,1,0,1,1,0
UNKNOWN_ROW__24167579__unknown_102,unknown_102,Sphingolipid metabolism,0.091478735,0,1,0,1,1,0
UNKNOWN_ROW__24167579__unknown_103,unknown_103,Sphingolipid metabolism,0.098197415,0,1,0,1,1,0
UNKNOWN_ROW__24167579__unknown_104,unknown_104,Sphingolipid metabolism,0.09983445,0,1,0,1,1,0
UNKNOWN_ROW__24167579__unknown_105,unknown_105,Sphingolipid metabolism,0.11764021,0,1,0,1,1,0
UNKNOWN_ROW__24167579__unknown_106,unknown_106,Sphingolipid metabolism,0.13145849,0,1,0,1,1,0
UNKNOWN_ROW__24167579__unknown_107,unknown_107,Sphingolipid metabolism,0.13466533,0,1,0,1,1,0
UNKNOWN_ROW__24167579__unknown_108,unknown_108,Sphingolipid metabolism,0.13787737,0,1,0,1,1,0
UNKNOWN_ROW__24167579__unknown_109,unknown_109,Sphingolipid metabolism,0.13787787,0,1,0,1,1,0
UNKNOWN_ROW__24167579__unknown_110,unknown_110,Sphingolipid metabolism,0.13893558,0,1,0,1,1,0
UNKNOWN_ROW__24167579__unknown_111,unknown_111,Sphingolipid metabolism,0.13994351,0,1,0,1,1,0
UNKNOWN_ROW__24167579__unknown_112,unknown_112,Sphingolipid metabolism,0.13994552,0,1,0,1,1,0
UNKNOWN_ROW__24167579__unknown_113,unknown_113,Sphingolipid metabolism,0.14094292,0,1,0,1,1,0
UNKNOWN_ROW__24167579__unknown_114,unknown_114,Sphingolipid metabolism,0.14193791,0,1,0,1,1,0
UNKNOWN_ROW__24167579__unknown_115,unknown_115,Sphingolipid metabolism,0.14408067,0,1,0,1,1,0
UNKNOWN_ROW__24167579__unknown_116,unknown_116,Sphingolipid metabolism,0.14682466,0,1,0,1,1,0
UNKNOWN_ROW__24167579__unknown_117,unknown_117,Sphingolipid metabolism,0.14839894,0,1,0,1,1,0
UNKNOWN_ROW__24167579__unknown_118,unknown_118,Sphingolipid metabolism,0.16002709,0,1,0,1,1,0
UNKNOWN_ROW__24167579__unknown_119,unknown_119,Sphingolipid metabolism,0.16002709,0,1,0,1,1,0
UNKNOWN_ROW__24167579__unknown_120,unknown_120,Sphingolipid metabolism,0.16094437,0,1,0,1,1,0
UNKNOWN_ROW__24167579__unknown_121,unknown_121,Sphingolipid metabolism,0.16094509,0,1,0,1,1,0
UNKNOWN_ROW__24167579__unknown_122,unknown_122,Sphingolipid metabolism,0.16101614,0,1,0,1,1,0
UNKNOWN_ROW__24167579__unknown_123,unknown_123,Sphingolipid metabolism,0.16145876,0,1,0,1,1,0
UNKNOWN_ROW__24167579__unknown_124,unknown_124,Sphingolipid metabolism,0.16145961,0,1,0,1,1,0
UNKNOWN_ROW__24167579__unknown_125,unknown_125,Sphingolipid metabolism,0.1620125,0,1,0,1,1,0
UNKNOWN_ROW__24167579__unknown_126,unknown_126,Sphingolipid metabolism,0.16201386,0,1,0,1,1,0
UNKNOWN_ROW__24167579__unknown_127,unknown_127,Sphingolipid metabolism,0.16269334,0,1,0,1,1,0
UNKNOWN_ROW__24167579__unknown_128,unknown_128,Sphingolipid metabolism,0.16352715,0,1,0,1,1,0
UNKNOWN_ROW__24167579__unknown_129,unknown_129,Sphingolipid metabolism,0.16352811,0,1,0,1,1,0
UNKNOWN_ROW__24167579__unknown_130,unknown_130,Sphingolipid metabolism,0.16442701,0,1,0,1,1,0
UNKNOWN_ROW__24167579__unknown_131,unknown_131,Sphingolipid metabolism,0.16573803,0,1,0,1,1,0
UNKNOWN_ROW__24167579__unknown_132,unknown_132,Sphingolipid metabolism,0.16595945,0,1,0,1,1,0
UNKNOWN_ROW__24167579__unknown_133,unknown_133,Sphingolipid metabolism,0.16700523,0,1,0,1,1,0
UNKNOWN_ROW__24167579__unknown_134,unknown_134,Sphingolipid metabolism,0.16824225,0,1,0,1,1,0
UNKNOWN_ROW__24167579__unknown_135,unknown_135,Sphingolipid metabolism,0.16943529,0,1,0,1,1,0
UNKNOWN_ROW__24167579__unknown_136,unknown_136,Sphingolipid metabolism,0.16943638,0,1,0,1,1,0
UNKNOWN_ROW__24167579__unknown_137,unknown_137,Sphingolipid metabolism,0.17064324,0,1,0,1,1,0
UNKNOWN_ROW__24167579__unknown_138,unknown_138,Sphingolipid metabolism,0.17179865,0,1,0,1,1,0
UNKNOWN_ROW__24167579__unknown_139,unknown_139,Sphingolipid metabolism,0.17384814,0,1,0,1,1,0
UNKNOWN_ROW__24167579__unknown_140,unknown_140,Sphingolipid metabolism,0.18994935,0,1,0,1,1,0
UNKNOWN_ROW__24167579__unknown_141,unknown_141,Sphingolipid metabolism,0.18995258,0,1,0,1,1,0
UNKNOWN_ROW__24167579__unknown_142,unknown_142,Sphingolipid metabolism,0.19123739,0,1,0,1,1,0
UNKNOWN_ROW__24167579__unknown_143,unknown_143,Sphingolipid metabolism,0.19241895,0,1,0,1,1,0
UNKNOWN_ROW__24167579__unknown_144,unknown_144,Sphingolipid metabolism,0.19371656,0,1,0,1,1,0
UNKNOWN_ROW__24167579__unknown_145,unknown_145,Sphingolipid metabolism,0.19371922,0,1,0,1,1,0
UNKNOWN_ROW__24167579__unknown_146,unknown_146,Sphingolipid metabolism,0.19504026,0,1,0,1,1,0
UNKNOWN_ROW__24167579__unknown_147,unknown_147,Sphingolipid metabolism,0.19631262,0,1,0,1,1,0
UNKNOWN_ROW__24167579__unknown_148,unknown_148,Sphingolipid metabolism,0.19752182,0,1,0,1,1,0
UNKNOWN_ROW__24167579__unknown_149,unknown_149,Sphingolipid metabolism,0.19752361,0,1,0,1,1,0
UNKNOWN_ROW__24167579__unknown_150,unknown_150,Sphingolipid metabolism,0.19866583,0,1,0,1,1,0
UNKNOWN_ROW__24167579__unknown_151,unknown_151,Sphingolipid metabolism,0.19881572,0,1,0,1,1,0
UNKNOWN_ROW__24167579__unknown_152,unknown_152,Sphingolipid metabolism,0.1996412,0,1,0,1,1,0
UNKNOWN_ROW__24167579__unknown_153,unknown_153,Sphingolipid metabolism,0.19980836,0,1,0,1,1,0
UNKNOWN_ROW__24167579__unknown_154,unknown_154,Sphingolipid metabolism,0.19980888,0,1,0,1,1,0
UNKNOWN_ROW__24167579__unknown_155,unknown_155,Sphingolipid metabolism,0.20059685,0,1,0,1,1,0
UNKNOWN_ROW__24167579__unknown_156,unknown_156,Sphingolipid metabolism,0.20075805,0,1,0,1,1,0
UNKNOWN_ROW__24167579__unknown_157,unknown_157,Sphingolipid metabolism,0.20076475,0,1,0,1,1,0
UNKNOWN_ROW__24167579__unknown_158,unknown_158,Sphingolipid metabolism,0.20152895,0,1,0,1,1,0
UNKNOWN_ROW__24167579__unknown_159,unknown_159,Sphingolipid metabolism,0.20248225,0,1,0,1,1,0
UNKNOWN_ROW__24167579__unknown_160,unknown_160,Sphingolipid metabolism,0.20268099,0,1,0,1,1,0
UNKNOWN_ROW__24167579__unknown_161,unknown_161,Sphingolipid metabolism,0.20268433,0,1,0,1,1,0
UNKNOWN_ROW__24167579__unknown_162,unknown_162,Sphingolipid metabolism,0.20343338,0,1,0,1,1,0
UNKNOWN_ROW__24167579__unknown_163,unknown_163,Sphingolipid metabolism,0.20438138,0,1,0,1,1,0
UNKNOWN_ROW__24167579__unknown_164,unknown_164,Sphingolipid metabolism,0.20438275,0,1,0,1,1,0
UNKNOWN_ROW__24167579__unknown_165,unknown_165,Sphingolipid metabolism,0.20458458,0,1,0,1,1,0
UNKNOWN_ROW__24167579__unknown_166,unknown_166,Sphingolipid metabolism,0.20728236,0,1,0,1,1,0
UNKNOWN_ROW__24167579__unknown_167,unknown_167,Sphingolipid metabolism,0.20898084,0,1,0,1,1,0
UNKNOWN_ROW__24167579__unknown_168,unknown_168,Sphingolipid metabolism,0.21767642,0,1,0,1,1,0
UNKNOWN_ROW__24167579__unknown_169,unknown_169,Sphingolipid metabolism,0.21964203,0,1,0,1,1,0
UNKNOWN_ROW__24167579__unknown_170,unknown_170,Sphingolipid metabolism,0.21964242,0,1,0,1,1,0
UNKNOWN_ROW__24167579__unknown_171,unknown_171,Sphingolipid metabolism,0.21971491,0,1,0,1,1,0
UNKNOWN_ROW__24167579__unknown_172,unknown_172,Sphingolipid metabolism,0.22031821,0,1,0,1,1,0
UNKNOWN_ROW__24167579__unknown_173,unknown_173,Sphingolipid metabolism,0.22101226,0,1,0,1,1,0
UNKNOWN_ROW__24167579__unknown_174,unknown_174,Sphingolipid metabolism,0.22101356,0,1,0,1,1,0
UNKNOWN_ROW__24167579__unknown_175,unknown_175,Sphingolipid metabolism,0.22161157,0,1,0,1,1,0
UNKNOWN_ROW__24167579__unknown_176,unknown_176,Sphingolipid metabolism,0.22197941,0,1,0,1,1,0
UNKNOWN_ROW__24167579__unknown_177,unknown_177,Sphingolipid metabolism,0.22216384,0,1,0,1,1,0
UNKNOWN_ROW__24167579__unknown_178,unknown_178,Sphingolipid metabolism,0.22216493,0,1,0,1,1,0
UNKNOWN_ROW__24167579__unknown_179,unknown_179,Sphingolipid metabolism,0.22271413,0,1,0,1,1,0
UNKNOWN_ROW__24167579__unknown_180,unknown_180,Sphingolipid metabolism,0.22381093,0,1,0,1,1,0
UNKNOWN_ROW__24167579__unknown_181,unknown_181,Sphingolipid metabolism,0.2238604,0,1,0,1,1,0
UNKNOWN_ROW__24167579__unknown_182,unknown_182,Sphingolipid metabolism,0.22390409,0,1,0,1,1,0
UNKNOWN_ROW__24167579__unknown_183,unknown_183,Sphingolipid metabolism,0.22390452,0,1,0,1,1,0
UNKNOWN_ROW__24167579__unknown_184,unknown_184,Sphingolipid metabolism,0.22546172,0,1,0,1,1,0
UNKNOWN_ROW__24167579__unknown_185,unknown_185,Sphingolipid metabolism,0.22559977,0,1,0,1,1,0
UNKNOWN_ROW__24167579__unknown_186,unknown_186,Sphingolipid metabolism,0.22560108,0,1,0,1,1,0
UNKNOWN_ROW__24167579__unknown_187,unknown_187,Sphingolipid metabolism,0.22611378,0,1,0,1,1,0
UNKNOWN_ROW__24167579__unknown_188,unknown_188,Sphingolipid metabolism,0.22611505,0,1,0,1,1,0
UNKNOWN_ROW__24167579__unknown_189,unknown_189,Sphingolipid metabolism,0.22623625,0,1,0,1,1,0
UNKNOWN_ROW__24167579__unknown_190,unknown_190,Sphingolipid metabolism,0.22624607,0,1,0,1,1,0
UNKNOWN_ROW__24167579__unknown_191,unknown_191,Sphingolipid metabolism,0.22624639,0,1,0,1,1,0
UNKNOWN_ROW__24167579__unknown_192,unknown_192,Sphingolipid metabolism,0.22669965,0,1,0,1,1,0
UNKNOWN_ROW__24167579__unknown_193,unknown_193,Sphingolipid metabolism,0.22670051,0,1,0,1,1,0
UNKNOWN_ROW__24167579__unknown_194,unknown_194,Sphingolipid metabolism,0.22682168,0,1,0,1,1,0
UNKNOWN_ROW__24167579__unknown_195,unknown_195,Sphingolipid metabolism,0.23639065,0,1,0,1,1,0
UNKNOWN_ROW__24167579__unknown_196,unknown_196,Sphingolipid metabolism,0.23745549,0,1,0,1,1,0
UNKNOWN_ROW__24167579__unknown_197,unknown_197,Sphingolipid metabolism,0.23813504,0,1,0,1,1,0
UNKNOWN_ROW__35829770__unknown_198_carbon_number_5_plasma_id_53,Unknown_198 (carbon number 5); PlaSMA ID-53,One carbon pool by folate,0.13480033,0,0,0,0,1,0
UNKNOWN_ROW__35829770__unknown_199_carbon_number_12_plasma_id_342,Unknown_199 (carbon number 12); PlaSMA ID-342,One carbon pool by folate,0.06517966,0,0,0,0,1,0
UNKNOWN_ROW__35829770__unknown_200_carbon_number_8_plasma_id_119,Unknown_200 (carbon number 8); PlaSMA ID-119,One carbon pool by folate,0.11053411,0,0,0,0,1,0
UNKNOWN_ROW__35829770__unknown_201_carbon_number_8_plasma_id_181,Unknown_201 (carbon number 8); PlaSMA ID-181,One carbon pool by folate,0.093241945,0,0,0,0,1,0
UNKNOWN_ROW__35829770__unknown_202_carbon_number_5_plasma_id_53,Unknown_202 (carbon number 5); PlaSMA ID-53,One carbon pool by folate,0.13480043,0,0,0,0,1,0
UNKNOWN_ROW__35829770__unknown_203_carbon_number_9_plasma_id_161,Unknown_203 (carbon number 9); PlaSMA ID-161,One carbon pool by folate,0.09713223,0,0,0,0,1,0
UNKNOWN_ROW__35829770__unknown_204,unknown_204,Vitamin B6 metabolism,0.054182295,0,0,0,0,1,0
UNKNOWN_ROW__35829770__unknown_205,unknown_205,Sphingolipid metabolism,0.075609416,0,0,0,0,1,0
UNKNOWN_ROW__35829770__unknown_206,unknown_206,One carbon pool by folate,0.0763442,0,0,0,0,1,0
UNKNOWN_ROW__35829770__unknown_207,unknown_207,Vitamin B6 metabolism,0.068344094,0,0,0,0,1,0
UNKNOWN_ROW__35829770__unknown_208,unknown_208,Purine metabolism,0.053469285,0,0,0,0,1,0
UNKNOWN_ROW__35829770__unknown_209,unknown_209,Vitamin B6 metabolism,0.054182295,0,0,0,0,1,0
UNKNOWN_ROW__35829770__unknown_210,unknown_210,Sphingolipid metabolism,0.075609416,0,0,0,0,1,0
UNKNOWN_ROW__35829770__unknown_211,unknown_211,One carbon pool by folate,0.08266342,0,0,0,0,1,0
UNKNOWN_ROW__35829770__unknown_212,unknown_212,Vitamin B6 metabolism,0.06917662,0,0,0,0,1,0
UNKNOWN_ROW__35829770__unknown_213,unknown_213,One carbon pool by folate,0.07316164,0,0,0,0,1,0
UNKNOWN_ROW__35829770__unknown_214,unknown_214,One carbon pool by folate,0.075090215,0,0,0,0,1,0
UNKNOWN_ROW__35829770__unknown_215,unknown_215,One carbon pool by folate,0.057603583,0,0,0,0,1,0
UNKNOWN_ROW__35829770__unknown_216,unknown_216,One carbon pool by folate,0.072275005,0,0,0,0,1,0
UNKNOWN_ROW__35829770__unknown_217,unknown_217,One carbon pool by folate,0.16151607,0,0,0,0,1,0
UNKNOWN_ROW__35829770__unknown_218,unknown_218,One carbon pool by folate,0.06447725,0,0,0,0,1,0
UNKNOWN_ROW__35829770__unknown_219,unknown_219,Purine metabolism,0.053410523,0,0,0,0,1,0
UNKNOWN_ROW__35829770__unknown_220,unknown_220,One carbon pool by folate,0.05703101,0,0,0,0,1,0
UNKNOWN_ROW__35829770__unknown_221,unknown_221,Purine metabolism,0.053034127,0,0,0,0,1,0
UNKNOWN_ROW__35829770__unknown_222,unknown_222,One carbon pool by folate,0.06106932,0,0,0,0,1,0
UNKNOWN_ROW__35829770__unknown_223,unknown_223,Vitamin B6 metabolism,0.054182295,0,0,0,0,1,0
UNKNOWN_ROW__35829770__unknown_224,unknown_224,Sphingolipid metabolism,0.075609416,0,0,0,0,1,0
UNKNOWN_ROW__35829770__unknown_225,unknown_225,Vitamin B6 metabolism,0.06917662,0,0,0,0,1,0
UNKNOWN_ROW__35829770__unknown_226,unknown_226,One carbon pool by folate,0.16600366,0,0,0,0,1,0
UNKNOWN_ROW__35829770__unknown_227,unknown_227,One carbon pool by folate,0.0763442,0,0,0,0,1,0
UNKNOWN_ROW__35829770__unknown_228,unknown_228,One carbon pool by folate,0.1419568,0,0,0,0,1,0
UNKNOWN_ROW__35829770__unknown_229,unknown_229,One carbon pool by folate,0.14540249,0,0,0,0,1,0
UNKNOWN_ROW__35829770__unknown_230,unknown_230,One carbon pool by folate,0.11974151,0,0,0,0,1,0
UNKNOWN_ROW__35829770__unknown_231,unknown_231,One carbon pool by folate,0.10305431,0,0,0,0,1,0
UNKNOWN_ROW__35829770__unknown_232,unknown_232,One carbon pool by folate,0.15292752,0,0,0,0,1,0
UNKNOWN_ROW__35829770__unknown_233,unknown_233,One carbon pool by folate,0.106796525,0,0,0,0,1,0
UNKNOWN_ROW__35829770__unknown_234,unknown_234,One carbon pool by folate,0.080768675,0,0,0,0,1,0
UNKNOWN_ROW__35829770__unknown_235,unknown_235,One carbon pool by folate,0.05812354,0,0,0,0,1,0
UNKNOWN_ROW__35829770__unknown_236,unknown_236,One carbon pool by folate,0.12246149,0,0,0,0,1,0
UNKNOWN_ROW__35829770__unknown_237,unknown_237,One carbon pool by folate,0.14540243,0,0,0,0,1,0
UNKNOWN_ROW__35829770__unknown_238,unknown_238,One carbon pool by folate,0.14195669,0,0,0,0,1,0
UNKNOWN_ROW__35829770__unknown_239,unknown_239,One carbon pool by folate,0.10680005,0,0,0,0,1,0
UNKNOWN_ROW__35829770__unknown_240,unknown_240,One carbon pool by folate,0.14281416,0,0,0,0,1,0
UNKNOWN_ROW__35829770__unknown_241,unknown_241,One carbon pool by folate,0.0852514,0,0,0,0,1,0
UNKNOWN_ROW__35829770__unknown_242,unknown_242,Arachidonic acid metabolism,0.05061569,0,0,0,0,1,0
UNKNOWN_ROW__35829770__unknown_243,unknown_243,Arachidonic acid metabolism,0.05014597,0,0,0,0,1,0
UNKNOWN_ROW__35829770__unknown_244,unknown_244,One carbon pool by folate,0.051710613,0,0,0,0,1,0
UNKNOWN_ROW__35829770__unknown_245,unknown_245,Purine metabolism,0.053206924,0,0,0,0,1,0
UNKNOWN_ROW__35829770__unknown_246,unknown_246,One carbon pool by folate,0.08880435,0,0,0,0,1,0
UNKNOWN_ROW__35829770__unknown_247,unknown_247,One carbon pool by folate,0.06830628,0,0,0,0,1,0
UNKNOWN_ROW__35829770__unknown_248,unknown_248,One carbon pool by folate,0.098138936,0,0,0,0,1,0
UNKNOWN_ROW__35829770__unknown_249,unknown_249,Arachidonic acid metabolism,0.049770065,0,0,0,0,1,0
UNKNOWN_ROW__35829770__unknown_250,unknown_250,One carbon pool by folate,0.0879454,0,0,0,0,1,0
UNKNOWN_ROW__35829770__unknown_251,unknown_251,One carbon pool by folate,0.18735513,0,0,0,0,1,0
UNKNOWN_ROW__35829770__unknown_252,unknown_252,Arachidonic acid metabolism,0.050649203,0,0,0,0,1,0
UNKNOWN_ROW__35829770__unknown_253,unknown_253,One carbon pool by folate,0.13012004,0,0,0,0,1,0
UNKNOWN_ROW__35829770__unknown_254,unknown_254,One carbon pool by folate,0.073613465,0,0,0,0,1,0
UNKNOWN_ROW__35829770__unknown_255,unknown_255,One carbon pool by folate,0.06959941,0,0,0,0,1,0
UNKNOWN_ROW__35829770__unknown_256,unknown_256,One carbon pool by folate,0.14624012,0,0,0,0,1,0
UNKNOWN_ROW__35829770__unknown_257,unknown_257,One carbon pool by folate,0.08614733,0,0,0,0,1,0
UNKNOWN_ROW__35829770__unknown_258,unknown_258,One carbon pool by folate,0.13011228,0,0,0,0,1,0
UNKNOWN_ROW__35829770__unknown_259,unknown_259,One carbon pool by folate,0.0852514,0,0,0,0,1,0
UNKNOWN_ROW__35829770__unknown_260,unknown_260,One carbon pool by folate,0.06830628,0,0,0,0,1,0
UNKNOWN_ROW__35829770__unknown_261,unknown_261,One carbon pool by folate,0.0879454,0,0,0,0,1,0
UNKNOWN_ROW__35829770__unknown_262,unknown_262,One carbon pool by folate,0.15691331,0,0,0,0,1,0
UNKNOWN_ROW__35829770__unknown_263,unknown_263,One carbon pool by folate,0.13012004,0,0,0,0,1,0
UNKNOWN_ROW__35829770__unknown_264,unknown_264,One carbon pool by folate,0.08794255,0,0,0,0,1,0
UNKNOWN_ROW__35829770__unknown_265,unknown_265,Sphingolipid metabolism,0.09340018,0,0,0,0,1,0
UNKNOWN_ROW__35829770__unknown_266,unknown_266,One carbon pool by folate,0.103175,0,0,0,0,1,0
UNKNOWN_ROW__35829770__unknown_267,unknown_267,One carbon pool by folate,0.101178125,0,0,0,0,1,0
UNKNOWN_ROW__35829770__unknown_268,unknown_268,One carbon pool by folate,0.082606114,0,0,0,0,1,0
UNKNOWN_ROW__35829770__unknown_269,unknown_269,One carbon pool by folate,0.1262719,0,0,0,0,1,0
UNKNOWN_ROW__35829770__unknown_270,unknown_270,One carbon pool by folate,0.07453959,0,0,0,0,1,0
UNKNOWN_ROW__35829770__unknown_271,unknown_271,One carbon pool by folate,0.118731886,0,0,0,0,1,0
UNKNOWN_ROW__35829770__unknown_272,unknown_272,One carbon pool by folate,0.104909666,0,0,0,0,1,0
UNKNOWN_ROW__35829770__unknown_273,unknown_273,One carbon pool by folate,0.11606961,0,0,0,0,1,0
UNKNOWN_ROW__35829770__unknown_274,unknown_274,One carbon pool by folate,0.0852514,0,0,0,0,1,0
UNKNOWN_ROW__35829770__unknown_275,unknown_275,One carbon pool by folate,0.09618078,0,0,0,0,1,0
UNKNOWN_ROW__35829770__unknown_276,unknown_276,Sphingolipid metabolism,0.070658565,0,0,0,0,1,0
UNKNOWN_ROW__35829770__unknown_277,unknown_277,One carbon pool by folate,0.1674596,0,0,0,0,1,0
UNKNOWN_ROW__35829770__unknown_278,unknown_278,Sphingolipid metabolism,0.07646239,0,0,0,0,1,0
UNKNOWN_ROW__35829770__unknown_279,unknown_279,Arachidonic acid metabolism,0.05061569,0,0,0,0,1,0
UNKNOWN_ROW__35829770__unknown_280,unknown_280,One carbon pool by folate,0.12241237,0,0,0,0,1,0
UNKNOWN_ROW__35829770__unknown_281,unknown_281,Vitamin B6 metabolism,0.053605456,0,0,0,0,1,0
UNKNOWN_ROW__35829770__unknown_282,unknown_282,One carbon pool by folate,0.16745964,0,0,0,0,1,0
UNKNOWN_ROW__35829770__unknown_283,unknown_283,One carbon pool by folate,0.07224496,0,0,0,0,1,0
UNKNOWN_ROW__35829770__unknown_284,unknown_284,One carbon pool by folate,0.16745964,0,0,0,0,1,0
UNKNOWN_ROW__35829770__unknown_285,unknown_285,Sphingolipid metabolism,0.09810139,0,0,0,0,1,0
UNKNOWN_ROW__35829770__unknown_286,unknown_286,One carbon pool by folate,0.08170383,0,0,0,0,1,0
UNKNOWN_ROW__35829770__unknown_287,unknown_287,One carbon pool by folate,0.06674781,0,0,0,0,1,0
UNKNOWN_ROW__35829770__unknown_288,unknown_288,One carbon pool by folate,0.09235888,0,0,0,0,1,0
UNKNOWN_ROW__35829770__unknown_289,unknown_289,One carbon pool by folate,0.08880435,0,0,0,0,1,0
UNKNOWN_ROW__35829770__unknown_290,unknown_290,One carbon pool by folate,0.06835471,0,0,0,0,1,0
UNKNOWN_ROW__35829770__unknown_291,unknown_291,Sphingolipid metabolism,0.069283195,0,0,0,0,1,0
UNKNOWN_ROW__35829770__unknown_292,unknown_292,One carbon pool by folate,0.11512535,0,0,0,0,1,0
UNKNOWN_ROW__35829770__unknown_293,unknown_293,One carbon pool by folate,0.1488238,0,0,0,0,1,0
UNKNOWN_ROW__35829770__unknown_294,unknown_294,One carbon pool by folate,0.12064553,0,0,0,0,1,0
UNKNOWN_ROW__35829770__unknown_295,unknown_295,Sphingolipid metabolism,0.07038569,0,0,0,0,1,0
UNKNOWN_ROW__35829770__unknown_296,unknown_296,One carbon pool by folate,0.08882519,0,0,0,0,1,0
UNKNOWN_ROW__35829770__unknown_297,unknown_297,One carbon pool by folate,0.07552797,0,0,0,0,1,0
UNKNOWN_ROW__35829770__unknown_298,unknown_298,One carbon pool by folate,0.098138936,0,0,0,0,1,0
UNKNOWN_ROW__35829770__unknown_299,unknown_299,Arachidonic acid metabolism,0.049770065,0,0,0,0,1,0
UNKNOWN_ROW__35829770__unknown_300,unknown_300,One carbon pool by folate,0.1674596,0,0,0,0,1,0
UNKNOWN_ROW__35829770__unknown_301,unknown_301,Vitamin B6 metabolism,0.054171078,0,0,0,0,1,0
UNKNOWN_ROW__35829770__unknown_302,unknown_302,Purine metabolism,0.053272184,0,0,0,0,1,0
UNKNOWN_ROW__35829770__unknown_303,unknown_303,One carbon pool by folate,0.058220014,0,0,0,0,1,0
UNKNOWN_ROW__35829770__unknown_304,unknown_304,One carbon pool by folate,0.1159766,0,0,0,0,1,0
UNKNOWN_ROW__35829770__unknown_305,unknown_305,One carbon pool by folate,0.07223035,0,0,0,0,1,0
UNKNOWN_ROW__35829770__unknown_306,unknown_306,Arachidonic acid metabolism,0.049763344,0,0,0,0,1,0
UNKNOWN_ROW__35829770__unknown_307,unknown_307,One carbon pool by folate,0.10301922,0,0,0,0,1,0
UNKNOWN_ROW__35829770__unknown_308,unknown_308,One carbon pool by folate,0.0879454,0,0,0,0,1,0
UNKNOWN_ROW__35829770__unknown_309,unknown_309,One carbon pool by folate,0.076204285,0,0,0,0,1,0
UNKNOWN_ROW__35829770__unknown_310,unknown_310,One carbon pool by folate,0.08076904,0,0,0,0,1,0
UNKNOWN_ROW__35829770__unknown_311,unknown_311,One carbon pool by folate,0.087938406,0,0,0,0,1,0
UNKNOWN_ROW__35829770__unknown_312,unknown_312,One carbon pool by folate,0.1020222,0,0,0,0,1,0
UNKNOWN_ROW__35829770__unknown_313,unknown_313,One carbon pool by folate,0.18735513,0,0,0,0,1,0
UNKNOWN_ROW__35829770__unknown_314,unknown_314,Arachidonic acid metabolism,0.04989647,0,0,0,0,1,0
UNKNOWN_ROW__35829770__unknown_315,unknown_315,Arachidonic acid metabolism,0.05045391,0,0,0,0,1,0
UNKNOWN_ROW__35829770__unknown_316,unknown_316,Vitamin B6 metabolism,0.05742309,0,0,0,0,1,0
UNKNOWN_ROW__35829770__unknown_317,unknown_317,One carbon pool by folate,0.07268285,0,0,0,0,1,0
UNKNOWN_ROW__35829770__unknown_318,unknown_318,Arachidonic acid metabolism,0.050649203,0,0,0,0,1,0
UNKNOWN_ROW__35829770__unknown_319,unknown_319,One carbon pool by folate,0.073613465,0,0,0,0,1,0
UNKNOWN_ROW__35829770__unknown_320,unknown_320,Vitamin B6 metabolism,0.06018148,0,0,0,0,1,0
UNKNOWN_ROW__35829770__unknown_321,unknown_321,Vitamin B6 metabolism,0.05983501,0,0,0,0,1,0
UNKNOWN_ROW__35829770__unknown_322,unknown_322,One carbon pool by folate,0.07811895,0,0,0,0,1,0
UNKNOWN_ROW__35829770__unknown_323,unknown_323,One carbon pool by folate,0.065190144,0,0,0,0,1,0
UNKNOWN_ROW__35829770__unknown_324,unknown_324,One carbon pool by folate,0.14624012,0,0,0,0,1,0
UNKNOWN_ROW__35829770__unknown_325,unknown_325,One carbon pool by folate,0.113317646,0,0,0,0,1,0
UNKNOWN_ROW__35829770__unknown_326,unknown_326,One carbon pool by folate,0.08614733,0,0,0,0,1,0
UNKNOWN_ROW__35829770__unknown_327,unknown_327,One carbon pool by folate,0.14551225,0,0,0,0,1,0
UNKNOWN_ROW__35829770__unknown_328,unknown_328,One carbon pool by folate,0.07648134,0,0,0,0,1,0
UNKNOWN_ROW__35829770__unknown_329,unknown_329,Sphingolipid metabolism,0.09340018,0,0,0,0,1,0
UNKNOWN_ROW__35829770__unknown_330,unknown_330,One carbon pool by folate,0.13384718,0,0,0,0,1,0
UNKNOWN_ROW__35829770__unknown_331,unknown_331,One carbon pool by folate,0.1584721,0,0,0,0,1,0
UNKNOWN_ROW__35829770__unknown_332,unknown_332,Purine metabolism,0.053206924,0,0,0,0,1,0
UNKNOWN_ROW__35829770__unknown_333,unknown_333,Arachidonic acid metabolism,0.04990279,0,0,0,0,1,0
UNKNOWN_ROW__35829770__unknown_334,unknown_334,One carbon pool by folate,0.13384055,0,0,0,0,1,0
UNKNOWN_ROW__35829770__unknown_335,unknown_335,One carbon pool by folate,0.10301922,0,0,0,0,1,0
UNKNOWN_ROW__35829770__unknown_336,unknown_336,One carbon pool by folate,0.14880864,0,0,0,0,1,0
UNKNOWN_ROW__35829770__unknown_337,unknown_337,One carbon pool by folate,0.059645582,0,0,0,0,1,0
UNKNOWN_ROW__35829770__unknown_338,unknown_338,One carbon pool by folate,0.051181737,0,0,0,0,1,0
UNKNOWN_ROW__35829770__unknown_339,unknown_339,Arachidonic acid metabolism,0.050649203,0,0,0,0,1,0
UNKNOWN_ROW__35829770__unknown_340,unknown_340,One carbon pool by folate,0.13012004,0,0,0,0,1,0
UNKNOWN_ROW__35829770__unknown_341,unknown_341,Purine metabolism,0.05349317,0,0,0,0,1,0
UNKNOWN_ROW__35829770__unknown_342,unknown_342,Vitamin B6 metabolism,0.06673929,0,0,0,0,1,0
UNKNOWN_ROW__35829770__unknown_343,unknown_343,One carbon pool by folate,0.09145068,0,0,0,0,1,0
UNKNOWN_ROW__35829770__unknown_344,unknown_344,One carbon pool by folate,0.10584535,0,0,0,0,1,0
UNKNOWN_ROW__35829770__unknown_345,unknown_345,Purine metabolism,0.052957416,0,0,0,0,1,0
UNKNOWN_ROW__35829770__unknown_346,unknown_346,Purine metabolism,0.0509878,0,0,0,0,1,0
UNKNOWN_ROW__35829770__unknown_347,unknown_347,Purine metabolism,0.05320696,0,0,0,0,1,0
UNKNOWN_ROW__35829770__unknown_348,unknown_348,One carbon pool by folate,0.08614708,0,0,0,0,1,0
UNKNOWN_ROW__35829770__unknown_349,unknown_349,One carbon pool by folate,0.091454156,0,0,0,0,1,0
UNKNOWN_ROW__35829770__unknown_350,unknown_350,One carbon pool by folate,0.0852514,0,0,0,0,1,0
UNKNOWN_ROW__35829770__unknown_351,unknown_351,One carbon pool by folate,0.051710337,0,0,0,0,1,0
UNKNOWN_ROW__35829770__unknown_352,unknown_352,One carbon pool by folate,0.06517162,0,0,0,0,1,0
UNKNOWN_ROW__35829770__unknown_353,unknown_353,One carbon pool by folate,0.14623979,0,0,0,0,1,0
UNKNOWN_ROW__35829770__unknown_354,unknown_354,Purine metabolism,0.0530368,0,0,0,0,1,0
UNKNOWN_ROW__35829770__unknown_355,unknown_355,One carbon pool by folate,0.14965317,0,0,0,0,1,0
UNKNOWN_ROW__35829770__unknown_356,unknown_356,Purine metabolism,0.05348882,0,0,0,0,1,0
UNKNOWN_ROW__35829770__unknown_357,unknown_357,One carbon pool by folate,0.11967066,0,0,0,0,1,0
UNKNOWN_ROW__35829770__unknown_358,unknown_358,One carbon pool by folate,0.08794237,0,0,0,0,1,0
UNKNOWN_ROW__35829770__unknown_359,unknown_359,Vitamin B6 metabolism,0.06397742,0,0,0,0,1,0
UNKNOWN_ROW__35829770__unknown_360,unknown_360,One carbon pool by folate,0.087041706,0,0,0,0,1,0
UNKNOWN_ROW__35829770__unknown_361,unknown_361,One carbon pool by folate,0.060348544,0,0,0,0,1,0
UNKNOWN_ROW__35829770__unknown_362,unknown_362,One carbon pool by folate,0.071353264,0,0,0,0,1,0
UNKNOWN_ROW__35829770__unknown_363,unknown_363,One carbon pool by folate,0.07818187,0,0,0,0,1,0
UNKNOWN_ROW__35829770__unknown_364,unknown_364,One carbon pool by folate,0.10684563,0,0,0,0,1,0
UNKNOWN_ROW__35829770__unknown_365,unknown_365,One carbon pool by folate,0.14624353,0,0,0,0,1,0
UNKNOWN_ROW__35829770__unknown_366,unknown_366,Arachidonic acid metabolism,0.049769986,0,0,0,0,1,0
UNKNOWN_ROW__35829770__unknown_367,unknown_367,Sphingolipid metabolism,0.08915901,0,0,0,0,1,0
UNKNOWN_ROW__35829770__unknown_368,unknown_368,One carbon pool by folate,0.09814356,0,0,0,0,1,0
UNKNOWN_ROW__35829770__unknown_369,unknown_369,One carbon pool by folate,0.0659697,0,0,0,0,1,0
UNKNOWN_ROW__35829770__unknown_370,unknown_370,One carbon pool by folate,0.054623358,0,0,0,0,1,0
UNKNOWN_ROW__35829770__unknown_371,unknown_371,One carbon pool by folate,0.08078242,0,0,0,0,1,0
UNKNOWN_ROW__35829770__unknown_372,unknown_372,One carbon pool by folate,0.13384055,0,0,0,0,1,0
UNKNOWN_ROW__35829770__unknown_373,unknown_373,One carbon pool by folate,0.09145068,0,0,0,0,1,0
UNKNOWN_ROW__35829770__unknown_374,unknown_374,One carbon pool by folate,0.091454156,0,0,0,0,1,0
UNKNOWN_ROW__35829770__unknown_375,unknown_375,One carbon pool by folate,0.0852514,0,0,0,0,1,0
UNKNOWN_ROW__35829770__unknown_376,unknown_376,One carbon pool by folate,0.08794237,0,0,0,0,1,0
UNKNOWN_ROW__35829770__unknown_377,unknown_377,One carbon pool by folate,0.09145609,0,0,0,0,1,0
UNKNOWN_ROW__35829770__unknown_378,unknown_378,One carbon pool by folate,0.15533775,0,0,0,0,1,0
UNKNOWN_ROW__35829770__unknown_379,unknown_379,One carbon pool by folate,0.15534104,0,0,0,0,1,0
UNKNOWN_ROW__35829770__unknown_380,unknown_380,One carbon pool by folate,0.08433673,0,0,0,0,1,0
UNKNOWN_ROW__35829770__unknown_381,unknown_381,One carbon pool by folate,0.07552269,0,0,0,0,1,0
UNKNOWN_ROW__35829770__unknown_382,unknown_382,One carbon pool by folate,0.08086171,0,0,0,0,1,0
UNKNOWN_ROW__35829770__unknown_383,unknown_383,One carbon pool by folate,0.07647819,0,0,0,0,1,0
UNKNOWN_ROW__35829770__unknown_384,unknown_384,One carbon pool by folate,0.1224616,0,0,0,0,1,0
UNKNOWN_ROW__35829770__unknown_385,unknown_385,Purine metabolism,0.052957416,0,0,0,0,1,0
UNKNOWN_ROW__35829770__unknown_386,unknown_386,One carbon pool by folate,0.15686883,0,0,0,0,1,0
UNKNOWN_ROW__35829770__unknown_387,unknown_387,One carbon pool by folate,0.11240758,0,0,0,0,1,0
UNKNOWN_ROW__35829770__unknown_388,unknown_388,One carbon pool by folate,0.07268082,0,0,0,0,1,0
UNKNOWN_ROW__35829770__unknown_389,unknown_389,One carbon pool by folate,0.11873182,0,0,0,0,1,0
UNKNOWN_ROW__35829770__unknown_390,unknown_390,Purine metabolism,0.0509878,0,0,0,0,1,0
UNKNOWN_ROW__35829770__unknown_391,unknown_391,One carbon pool by folate,0.13199605,0,0,0,0,1,0
UNKNOWN_ROW__35829770__unknown_392,unknown_392,One carbon pool by folate,0.07552269,0,0,0,0,1,0
UNKNOWN_ROW__35829770__unknown_393,unknown_393,One carbon pool by folate,0.13660501,0,0,0,0,1,0
UNKNOWN_ROW__35829770__unknown_394,unknown_394,One carbon pool by folate,0.13472457,0,0,0,0,1,0
UNKNOWN_ROW__35829770__unknown_395,unknown_395,One carbon pool by folate,0.065190025,0,0,0,0,1,0
UNKNOWN_ROW__35829770__unknown_396,unknown_396,One carbon pool by folate,0.08614708,0,0,0,0,1,0
UNKNOWN_ROW__35829770__unknown_397,unknown_397,One carbon pool by folate,0.13199988,0,0,0,0,1,0
UNKNOWN_ROW__35829770__unknown_398,unknown_398,One carbon pool by folate,0.0852514,0,0,0,0,1,0
UNKNOWN_ROW__35829770__unknown_399,unknown_399,Vitamin B6 metabolism,0.06519684,0,0,0,0,1,0
UNKNOWN_ROW__35829770__unknown_400,unknown_400,One carbon pool by folate,0.13473566,0,0,0,0,1,0
UNKNOWN_ROW__35829770__unknown_401,unknown_401,One carbon pool by folate,0.08170356,0,0,0,0,1,0
UNKNOWN_ROW__35829770__unknown_402,unknown_402,One carbon pool by folate,0.14623979,0,0,0,0,1,0
UNKNOWN_ROW__35829770__unknown_403,unknown_403,Purine metabolism,0.0530368,0,0,0,0,1,0
UNKNOWN_ROW__35829770__unknown_404,unknown_404,Purine metabolism,0.05348882,0,0,0,0,1,0
UNKNOWN_ROW__35829770__unknown_405,unknown_405,One carbon pool by folate,0.07648132,0,0,0,0,1,0
UNKNOWN_ROW__35829770__unknown_406,unknown_406,One carbon pool by folate,0.14279364,0,0,0,0,1,0
UNKNOWN_ROW__35829770__unknown_407,unknown_407,Arachidonic acid metabolism,0.05058381,0,0,0,0,1,0
UNKNOWN_ROW__35829770__unknown_408,unknown_408,One carbon pool by folate,0.08794237,0,0,0,0,1,0
UNKNOWN_ROW__35829770__unknown_409,unknown_409,One carbon pool by folate,0.080768675,0,0,0,0,1,0
UNKNOWN_ROW__35829770__unknown_410,unknown_410,One carbon pool by folate,0.13199988,0,0,0,0,1,0
UNKNOWN_ROW__35829770__unknown_411,unknown_411,One carbon pool by folate,0.08170356,0,0,0,0,1,0
UNKNOWN_ROW__35829770__unknown_412,unknown_412,One carbon pool by folate,0.15534104,0,0,0,0,1,0
UNKNOWN_ROW__35829770__unknown_413,unknown_413,Arachidonic acid metabolism,0.04990272,0,0,0,0,1,0
UNKNOWN_ROW__35829770__unknown_414,unknown_414,One carbon pool by folate,0.071353264,0,0,0,0,1,0
UNKNOWN_ROW__35829770__unknown_415,unknown_415,One carbon pool by folate,0.1262719,0,0,0,0,1,0
UNKNOWN_ROW__35829770__unknown_416,unknown_416,One carbon pool by folate,0.13670796,0,0,0,0,1,0
UNKNOWN_ROW__35829770__unknown_417,unknown_417,Vitamin B6 metabolism,0.06638308,0,0,0,0,1,0
UNKNOWN_ROW__35829770__unknown_418,unknown_418,Vitamin B6 metabolism,0.06766413,0,0,0,0,1,0
UNKNOWN_ROW__35829770__unknown_419,unknown_419,One carbon pool by folate,0.056995757,0,0,0,0,1,0
UNKNOWN_ROW__35829770__unknown_420,unknown_420,Purine metabolism,0.052841853,0,0,0,0,1,0
UNKNOWN_ROW__35829770__unknown_421,unknown_421,Arachidonic acid metabolism,0.049769986,0,0,0,0,1,0
UNKNOWN_ROW__35829770__unknown_422,unknown_422,One carbon pool by folate,0.056995757,0,0,0,0,1,0
UNKNOWN_ROW__35829770__unknown_423,unknown_423,One carbon pool by folate,0.07090886,0,0,0,0,1,0
UNKNOWN_ROW__35829770__unknown_424,unknown_424,One carbon pool by folate,0.054623358,0,0,0,0,1,0
UNKNOWN_ROW__35829770__unknown_425,unknown_425,One carbon pool by folate,0.13196196,0,0,0,0,1,0
UNKNOWN_ROW__35829770__unknown_426,unknown_426,One carbon pool by folate,0.1262719,0,0,0,0,1,0
UNKNOWN_ROW__35829770__unknown_427,unknown_427,One carbon pool by folate,0.06636323,0,0,0,0,1,0
UNKNOWN_ROW__35829770__unknown_428,unknown_428,One carbon pool by folate,0.113317475,0,0,0,0,1,0
UNKNOWN_ROW__35829770__unknown_429,unknown_429,One carbon pool by folate,0.12719698,0,0,0,0,1,0
UNKNOWN_ROW__35829770__unknown_430,unknown_430,One carbon pool by folate,0.07509624,0,0,0,0,1,0
UNKNOWN_ROW__35829770__unknown_431,unknown_431,Purine metabolism,0.052953325,0,0,0,0,1,0
UNKNOWN_ROW__35829770__unknown_432,unknown_432,One carbon pool by folate,0.11695448,0,0,0,0,1,0
UNKNOWN_ROW__35829770__unknown_433,unknown_433,Purine metabolism,0.049930017,0,0,0,0,1,0
UNKNOWN_ROW__35829770__unknown_434,unknown_434,One carbon pool by folate,0.104909584,0,0,0,0,1,0
UNKNOWN_ROW__35829770__unknown_435,unknown_435,One carbon pool by folate,0.18500066,0,0,0,0,1,0
UNKNOWN_ROW__35829770__unknown_436,unknown_436,Vitamin B6 metabolism,0.06917347,0,0,0,0,1,0
UNKNOWN_ROW__35829770__unknown_437,unknown_437,One carbon pool by folate,0.14108339,0,0,0,0,1,0
UNKNOWN_ROW__35829770__unknown_438,unknown_438,One carbon pool by folate,0.066764005,0,0,0,0,1,0
UNKNOWN_ROW__35829770__unknown_439,unknown_439,Purine metabolism,0.051519204,0,0,0,0,1,0
UNKNOWN_ROW__35829770__unknown_440,unknown_440,One carbon pool by folate,0.060314104,0,0,0,0,1,0
UNKNOWN_ROW__35829770__unknown_441,unknown_441,One carbon pool by folate,0.08967307,0,0,0,0,1,0
UNKNOWN_ROW__35829770__unknown_442,unknown_442,Arachidonic acid metabolism,0.04989646,0,0,0,0,1,0
UNKNOWN_ROW__35829770__unknown_443,unknown_443,One carbon pool by folate,0.062393185,0,0,0,0,1,0
UNKNOWN_ROW__35829770__unknown_444,unknown_444,One carbon pool by folate,0.0991209,0,0,0,0,1,0
UNKNOWN_ROW__35829770__unknown_445,unknown_445,One carbon pool by folate,0.10684563,0,0,0,0,1,0
UNKNOWN_ROW__35829770__unknown_446,unknown_446,Sphingolipid metabolism,0.07709328,0,0,0,0,1,0
UNKNOWN_ROW__35829770__unknown_447,unknown_447,One carbon pool by folate,0.052243285,0,0,0,0,1,0
UNKNOWN_ROW__35829770__unknown_448,unknown_448,Arachidonic acid metabolism,0.05058517,0,0,0,0,1,0
UNKNOWN_ROW__35829770__unknown_449,unknown_449,One carbon pool by folate,0.12354384,0,0,0,0,1,0
UNKNOWN_ROW__35829770__unknown_450,unknown_450,One carbon pool by folate,0.092363074,0,0,0,0,1,0
UNKNOWN_ROW__35829770__unknown_451,unknown_451,One carbon pool by folate,0.115125276,0,0,0,0,1,0
UNKNOWN_ROW__35829770__unknown_452,unknown_452,One carbon pool by folate,0.07566015,0,0,0,0,1,0
UNKNOWN_ROW__35829770__unknown_453,unknown_453,Vitamin B6 metabolism,0.069173716,0,0,0,0,1,0
UNKNOWN_ROW__35829770__unknown_454,unknown_454,One carbon pool by folate,0.09720577,0,0,0,0,1,0
UNKNOWN_ROW__35829770__unknown_455,unknown_455,One carbon pool by folate,0.09814356,0,0,0,0,1,0
UNKNOWN_ROW__35829770__unknown_456,unknown_456,One carbon pool by folate,0.07729102,0,0,0,0,1,0
UNKNOWN_ROW__35829770__unknown_457,unknown_457,Arachidonic acid metabolism,0.050545942,0,0,0,0,1,0
UNKNOWN_ROW__35829770__unknown_458,unknown_458,Purine metabolism,0.050983377,0,0,0,0,1,0
UNKNOWN_ROW__35829770__unknown_459,unknown_459,One carbon pool by folate,0.06916546,0,0,0,0,1,0
UNKNOWN_ROW__35829770__unknown_460,unknown_460,One carbon pool by folate,0.1187337,0,0,0,0,1,0
UNKNOWN_ROW__35829770__unknown_461,unknown_461,One carbon pool by folate,0.09141886,0,0,0,0,1,0
UNKNOWN_ROW__35829770__unknown_462,unknown_462,One carbon pool by folate,0.13011995,0,0,0,0,1,0
UNKNOWN_ROW__35829770__unknown_463,unknown_463,One carbon pool by folate,0.09813119,0,0,0,0,1,0
