MDS1,MDS2,entity_id,canonical_metabolite,study_id,matrix_clean,mode_clean,phase_clean
-0.11226851373196914,-0.42537074659677354,IK_KLSLBUSXWBJMEC-UHFFFAOYSA-N,4-Propylphenol,MTBLS11904,plasma,Positive,Reverse phase/C18
0.22913378717547653,-0.372028025902781,IK_TWDZVGUEYBJLQC-CWMYCXEUSA-N,"DG(i-17:0/0:0/20:4(7E,9E,11Z,13E)-3OH(5S,6R,15S))",MTBLS11904,plasma,Negative,Reverse phase/C18
-1.16155669453147,0.08054589677286235,IK_SPEJHKMQDKKCTG-UHFFFAOYSA-N,"6-Amino-5-chloropyrimidine-2,4(1H,3H)-dione",MTBLS11904,plasma,Positive,Reverse phase/C18
-0.13620385028578477,-0.4913366048233118,IK_VYFYYTLLBUKUHU-UHFFFAOYSA-N,Dopamine,MTBLS11904,plasma,Positive,Reverse phase/C18
-0.1756886211438362,-0.578154828777287,IK_KMTRUDSVKNLOMY-UHFFFAOYSA-N,Ethylene carbonate,MTBLS11904,plasma,Negative,Reverse phase/C18
0.04652550183837859,0.9258912286364833,UNKNOWN_ROW__35829770__unknown_267,unknown_267,35829770,plasma,Positive,Reverse phase/C18
0.11865975682445704,-0.3312164404009642,IK_DPEYXLDDNACOGV-ANVMUZGGSA-N,"PC(18:1(11Z)/18:3(9Z,12Z,15Z))",MTBLS11904,plasma,Positive,Reverse phase/C18
0.02561764280287407,-0.03425980543320539,IK_GWENQMVPLJAMAE-UHFFFAOYSA-N,2-Keto-6-aminocaproate,MTBLS11904,plasma,Positive,Reverse phase/C18
0.24376286091457033,0.0543983153978292,IK_VHMKGBYCXDBNFU-CVWCHQOZSA-N,4'-Methoxymucidin,MTBLS11904,plasma,Negative,Reverse phase/C18
0.23606036680280956,0.1249070276665302,IK_OHZYISZWOVEBCJ-ATLCLBDSSA-N,Tuberoside,MTBLS11904,plasma,Positive,Reverse phase/C18
0.019408192306615866,0.09448453602618752,IK_AWNFWGNFOOJDNO-PTNGSMBKSA-N,Alpha-Amylcinnamyl formate,MTBLS11904,plasma,Negative,Reverse phase/C18
-1.7401439099091531,-0.30585951830446534,IK_ZQYUKJFJPJDMMR-ZDWCHQGWSA-N,Glycohyocholic Acid,MTBLS11904,plasma,Positive,Reverse phase/C18
-0.010702851644620221,-0.5299870563350073,IK_GOWRYACIDZSIHI-KBPBESRZSA-N,Sedamine,24167579,serum,Positive,Reverse phase/C18
0.08172906245667189,1.2431999046973268,UNKNOWN_ROW__35829770__unknown_270,unknown_270,35829770,plasma,Positive,Reverse phase/C18
0.03533262364619669,0.8264325819827566,UNKNOWN_ROW__35829770__unknown_233,unknown_233,35829770,plasma,Positive,Reverse phase/C18
0.09067348242932843,-0.48200000792339714,IK_BUJAGSGYPOAWEI-UHFFFAOYSA-N,Tocainide,MTBLS11904,plasma,Positive,Reverse phase/C18
-0.11083419192065888,-0.5736537319984495,IK_SNDPXSYFESPGGJ-BYPYZUCNSA-N,Norvaline,MTBLS11904,plasma,Positive,Reverse phase/C18
0.06875779124426284,1.006015531997533,IK_XGILAAMKEQUXLS-UHFFFAOYSA-N,Indolelactic acid,ST003159,serum,Negative,Reverse phase/C18
-0.13842483405846037,-0.40806387844872205,IK_CXTATJFJDMJMIY-CYBMUJFWSA-N,L-Octanoylcarnitine,MTBLS11904,plasma,Positive,Reverse phase/C18
0.7971316988595842,0.129243801969042,IK_DYNISIGUMYFVJW-BKXYZSJASA-N,"(1R,4aR)-6-hydroxy-1,4a-dimethyl-7-propan-2-yl-2,3,4,4b,5,6,10,10a-octahydrophenanthrene-1-carboxylic acid",37755270,serum,Not reported,Reverse phase/C18
0.26032277305865853,4.552004600590036,UNKNOWN_ROW__35829770__unknown_340,unknown_340,35829770,plasma,Positive,Reverse phase/C18
0.004678041184209561,-0.35875985054479864,IK_NKRLKOMBOSWILK-PLACYPQZSA-N,Kinetensin 4-7,MTBLS11904,plasma,Negative,Reverse phase/C18
-0.7142798000740954,0.047957400734320504,IK_KUYNOZVWCFXSNE-BYNIDDHOSA-N,Indoxyl glucuronide,MTBLS11904,plasma,Negative,Reverse phase/C18
0.0031585193391921373,-0.35916420890760314,IK_LAXQYRRMGGEGOH-JXRLJXCWSA-N,"LysoPC(20:4(5Z,8Z,11Z,14Z)/0:0)",MTBLS11904,plasma,Negative,Reverse phase/C18
0.0675466920877526,0.08128320144765624,IK_BDQNKCYCTYYMAA-UHFFFAOYSA-N,1-Naphthyl isocyanate,MTBLS11904,plasma,Negative,Reverse phase/C18
-0.42148098058593764,-0.3437137114288115,IK_FVSDTYGQCVACMH-UFEDUZHUSA-N,Methionine Sulfoxide - Isomer,28880465,serum,Positive,LC-MS/unspecified
0.3491484365839882,-0.5426364007177534,IK_RGSJNIATDPJNFP-MHAUTQJVSA-N,PE-Cer 20:1;2O/22:0,37755270,serum,Not reported,Reverse phase/C18
0.07605461386732593,0.892278860420335,UNKNOWN_ROW__35829770__unknown_370,unknown_370,35829770,plasma,Positive,HILIC
0.27845285803931785,-0.3069018233338305,IK_HUGUUANDTOCOMR-VYAVKELMSA-N,"PC(20:3(5Z,8Z,11Z)/PGE1)",MTBLS11904,plasma,Positive,Reverse phase/C18
-0.12200859650517304,-1.052140644729941,IK_KZSNJWFQEVHDMF-BYPYZUCNSA-N,L-Valine,MTBLS11904,plasma,Positive,Reverse phase/C18
-0.08725715863500165,0.1469632405166209,IK_BWCRYQGQPDBOAU-WZBVPYLGSA-N,Milbemycin D,MTBLS11904,plasma,Negative,Reverse phase/C18
-0.08938728414472703,-0.41345231695028967,IK_GQMMRLBWXCGBEV-UHFFFAOYSA-N,3-Nitrobenzaldoxime,MTBLS11904,plasma,Negative,Reverse phase/C18
-1.245607381767792,-0.4159267175647626,IK_UTYVDVLMYQPLQB-UHFFFAOYSA-N,Phenylacetylglycine,MTBLS11904,plasma,Negative,Reverse phase/C18
0.3524931771950648,-0.34099994414629364,IK_PPRBNBYLZZFTRZ-PSALXKTOSA-N,SM(d14:1/18:1),MTBLS11904,plasma,Positive,Reverse phase/C18
0.007266584736289021,-0.05205928182316066,IK_XGNASSAYQHESTL-BYPYZUCNSA-N,S-(6-Purinyl)cysteine,MTBLS11904,plasma,Positive,Reverse phase/C18
0.22751838499831373,-0.08393589291476679,IK_RAGZUCNPTLULOL-KQJPBSFVSA-N,3-Feruloylquinic acid,MTBLS11904,plasma,Negative,Reverse phase/C18
0.11128399902093475,-0.5239007954412437,IK_DWRXFEITVBNRMK-JAGXHNFQSA-N,Spongothymidine,MTBLS11904,plasma,Negative,Reverse phase/C18
0.08843479804392242,1.1164177237888937,UNKNOWN_ROW__35829770__unknown_419,unknown_419,35829770,plasma,Positive,HILIC
0.6624519063612475,2.4393813959902193,UNKNOWN_ROW__24167579__unknown_161,unknown_161,24167579,serum,Positive,Reverse phase/C18
0.2421450296063825,-1.2076498777628637,IK_GMSNIKWWOQHZGF-UHFFFAOYSA-N,3-Methylxanthine,28880465,serum,Positive,LC-MS/unspecified
0.34330914898489456,-0.3195648419974933,IK_BLHQFTDZMFXXHV-LLPREHSBSA-N,GPEtn(22:5/16:0),MTBLS11904,plasma,Negative,Reverse phase/C18
0.026631549823250285,0.05816357885329796,IK_GHBFNMLVSPCDGN-UHFFFAOYSA-N,"2,3-Dihydroxypropyl octanoate",MTBLS11904,plasma,Positive,Reverse phase/C18
-0.35005915569734397,-1.0366019351205473,IK_FZWGECJQACGGTI-UHFFFAOYSA-N,7-Methylguanine,MTBLS11904,plasma,Positive,Reverse phase/C18
-0.03636522323738611,-0.3923360509607175,IK_SZQIFWWUIBRPBZ-UHFFFAOYSA-N,Ethotoin,MTBLS11904,plasma,Negative,Reverse phase/C18
0.19034556408792266,-0.4051475487886442,IK_DLJKPYFALUEJCK-IIELGFQLSA-N,Carboprost,MTBLS11904,plasma,Positive,Reverse phase/C18
0.11483893818021998,0.016385760774319066,IK_QVHPTAJAHUONLV-DYKIIFRCSA-N,"5,16-Androstadien-3beta-ol",MTBLS11904,plasma,Positive,Reverse phase/C18
-0.10044367953298021,2.398417277378183,UNKNOWN_ROW__24167579__unknown_135,unknown_135,24167579,serum,Positive,Reverse phase/C18
0.3435246228451419,0.04765974092947168,IK_SGPLNSURQYXVNX-UHFFFAOYSA-N,N-Nitrosotomatidine,MTBLS11904,plasma,Negative,Reverse phase/C18
0.0644499912115097,1.1947558541834666,UNKNOWN_ROW__35829770__unknown_298,unknown_298,35829770,plasma,Positive,Reverse phase/C18
0.08515690998478616,0.07960222154142418,IK_JXCOSKURGJMQSG-AIEJOZITSA-N,Beta-Cortolone,MTBLS11904,plasma,Negative,Reverse phase/C18
-0.16841844870184197,0.12600827018934896,IK_FYSRHTXDKAIONW-DRTAPUJOSA-N,"(5Z,8Z,13E,15S)-11,12,15-Trihydroxyicosa-5,8,13-trienoylcarnitine",MTBLS11904,plasma,Negative,Reverse phase/C18
-0.049088205243752826,-0.8391025548889243,IK_IPCSVZSSVZVIGE-UHFFFAOYSA-N,Palmitic acid,24167579,serum,Positive,Reverse phase/C18
-0.028545932174784436,0.04919810238255451,IK_UFBJCMHMOXMLKC-UHFFFAOYSA-N,"2,4-Dinitrophenol",MTBLS11904,plasma,Negative,Reverse phase/C18
-0.5224881903171554,-0.4721242047339046,IK_HJSJELVDQOXCHO-JGVFFNPUSA-N,Heliotridine,MTBLS11904,plasma,Positive,Reverse phase/C18
0.12035004736046247,1.319890867192574,UNKNOWN_ROW__35829770__unknown_208,unknown_208,35829770,plasma,Negative,Reverse phase/C18
-0.2561319580565485,-0.8261287496917437,IK_JVTAAEKCZFNVCJ-UHFFFAOYSA-N,Lactic acid,38720721,serum,Not reported,Reverse phase/C18
0.06026159255546333,0.941578985125318,UNKNOWN_ROW__24167579__unknown_30,unknown_30,24167579,serum,Positive,Reverse phase/C18
-0.1949013523490291,-1.2065119409848237,IK_BTCSSZJGUNDROE-UHFFFAOYSA-N,Gamma Aminobutyric acid,28880465,serum,Positive,LC-MS/unspecified
0.645443424418354,-0.9867599525629168,IK_RYYVLZVUVIJVGH-UHFFFAOYSA-N,Caffeine,38720721,serum,Not reported,Reverse phase/C18
0.1912442854913948,1.0751831084437915,UNKNOWN_ROW__24167579__unknown_69,unknown_69,24167579,serum,Positive,Reverse phase/C18
0.08678328999727968,0.042559716795198925,IK_OAORYCZPERQARS-VIFPVBQESA-N,6-Bromo-L-tryptophan,MTBLS11904,plasma,Negative,Reverse phase/C18
0.2214262493783756,0.11112762065976783,IK_DWMJDYZSFOSGLA-WDZFZDKYSA-N,Germacrenone,MTBLS11904,plasma,Negative,Reverse phase/C18
-0.20421906926937564,-0.9867187616869025,IK_QFDRTQONISXGJA-UHFFFAOYSA-N,1-Methyluric acid,MTBLS11904,plasma,Negative,Reverse phase/C18
0.2985329089469398,-0.06733361847889346,IK_ADEORFBTPGKHRP-UHFFFAOYSA-N,"1H-Pyrrole-2,5-dione, 1-[7-(dimethylamino)-4-methyl-2-oxo-2H-1-benzopyran-3-yl]-",MTBLS11904,plasma,Positive,Reverse phase/C18
-0.2590598377214029,-0.3197115086388922,IK_NFXHRONXTSUXIR-PUKZTNJRSA-N,"DG(16:0/0:0/20:3(8Z,11Z,14Z)-2OH(5,6))",MTBLS11904,plasma,Negative,Reverse phase/C18
-0.33871783195992106,-0.5637842235424517,IK_NIXOWILDQLNWCW-UHFFFAOYSA-N,Acrylic acid,MTBLS11904,plasma,Positive,Reverse phase/C18
-0.025399831499133132,-0.5197204366972699,IK_CDAISMWEOUEBRE-GPIVLXJGSA-N,myo-inositol,ST001814,plasma,Positive,GC-MS
-0.1360355909196809,-1.5124151294405581,IK_AGPKZVBTJJNPAG-WHFBIAKZSA-N,L-Isoleucine,MTBLS11904,plasma,Positive,Reverse phase/C18
-0.5444413176976743,0.01751956687735521,IK_OYHQOLUKZRVURQ-HZJYTTRNSA-N,Linoleic acid,ST001814,plasma,Positive,GC-MS
0.11015281208224935,-0.41282497129940743,IK_JWHAUXFOSRPERK-UHFFFAOYSA-N,Propafenone,MTBLS11904,plasma,Positive,Reverse phase/C18
0.6958916920006913,3.2077993455113227,UNKNOWN_ROW__24167579__unknown_94,unknown_94,24167579,serum,Positive,Reverse phase/C18
-0.12493169595933287,0.02681893015188971,IK_DIWVBIXQCNRCFE-UHFFFAOYSA-N,Methoxyphenylacetic acid,MTBLS11904,plasma,Negative,Reverse phase/C18
-0.05550867826019573,-0.3958901458669511,IK_ZYVXHFWBYUDDBM-UHFFFAOYSA-N,N-Methylnicotinamide; CE10; ZYVXHFWBYUDDBM-UHFFFAOYSA-N,35829770,plasma,Positive,HILIC
-0.08224617245379591,0.09014014074346544,IK_UATOAILWGVYRQS-UHFFFAOYSA-N,LPC 20:0,37755270,serum,Not reported,Reverse phase/C18
-1.2727511306193324,0.09896105296492315,IK_GLLFNZDVMSLOCL-UHFFFAOYSA-N,SCD1 Inhibitor,MTBLS11904,plasma,Negative,Reverse phase/C18
0.37838569902222907,0.5942068969471276,IK_YWDDIWXKFJEMKF-JTZVLWBESA-N,PC 34:4,33485385,plasma,Positive,LC-MS/unspecified
0.1862573943682541,-0.4395032373990499,IK_AEFNZGGBWOQYID-KQPZCCJBSA-N,Demethylphylloquinol,MTBLS11904,plasma,Positive,Reverse phase/C18
0.06725224400491943,-0.4760510921638024,IK_IXYVBZOSGGJWCW-UHFFFAOYSA-N,Glycinexylidide,MTBLS11904,plasma,Positive,Reverse phase/C18
-0.24141087403289588,-0.976637346147999,IK_ONIBWKKTOPOVIA-UHFFFAOYNA-N,Proline,33485385,plasma,Positive,LC-MS/unspecified
0.03272073836770011,-0.40276878182687503,IK_CIDUJQMULVCIBT-MQDUPKMGSA-N,Netilmicin,MTBLS11904,plasma,Positive,Reverse phase/C18
-0.08614440227962405,0.11073329179187039,IK_XCLBLPLSYOQBEP-UHFFFAOYSA-N,"9,9-Dimethyl-1-(sulfinylamino)decane",MTBLS11904,plasma,Positive,Reverse phase/C18
0.1422673305763705,0.0810405553148699,IK_XUJWOMMOEOHPFP-UTJQPWESSA-N,"8Z,11Z-eicosadienoic acid",MTBLS11904,plasma,Negative,Reverse phase/C18
-0.0561579502704391,0.06932510363624059,IK_NPDTUDWGJMBVEP-UHFFFAOYSA-N,"N1,N12-Diacetylspermine",MTBLS11904,plasma,Positive,Reverse phase/C18
-0.04073739939974804,-0.42259726325903524,IK_NUJGJRNETVAIRJ-UHFFFAOYSA-N,Octanal,MTBLS11904,plasma,Negative,Reverse phase/C18
0.23261670008538213,-0.3612166027527447,IK_NFZKLQHAALLDRG-UINNZVLTSA-N,DG(PGF1alpha/0:0/12:0),MTBLS11904,plasma,Positive,Reverse phase/C18
0.10781384773115321,1.1682127371228448,UNKNOWN_ROW__35829770__unknown_354,unknown_354,35829770,plasma,Positive,HILIC
0.06671379724488866,-0.054600750794859244,IK_HGJUPYQMZUBYSJ-UHFFFAOYSA-N,Metipranolol or Nadolol,24167579,serum,Positive,Reverse phase/C18
-0.0015680870986038275,-0.550754467741448,IK_ROWKJAVDOGWPAT-GSVOUGTGSA-N,(R)-Acetoin,MTBLS11904,plasma,Positive,Reverse phase/C18
-0.12174645200041445,-1.186098214275951,IK_WVDDGKGOMKODPV-UHFFFAOYSA-N,Benzyl Alcohol,35829770,plasma,Negative,Reverse phase/C18
-3.5045045453183836,-0.4035774834381278,IK_RGHMISIYKIHAJW-SSDOTTSWSA-N,Isovanillymandelic acid,28880465,serum,Positive,LC-MS/unspecified
0.1844809592340923,-0.37342164507816283,IK_JPRQDPHQDRCGNK-SJCQXOIGSA-N,GM3 d34:1,37755270,serum,Not reported,Reverse phase/C18
2.0183335025693223,-0.5498533546595379,IK_ZOTBXTZVPHCKPN-HTXNQAPBSA-N,Kresoxim-Methyl,MTBLS11904,plasma,Positive,Reverse phase/C18
0.06053610851473362,1.06997985523737,UNKNOWN_ROW__35829770__unknown_296,unknown_296,35829770,plasma,Positive,Reverse phase/C18
-0.04845074324881645,-1.4375279467236584,IK_DRTQHJPVMGBUCF-XVFCMESISA-N,Uridine,33485385,plasma,Negative,LC-MS/unspecified
-0.2634224502875074,0.03226248040243416,IK_PITVQFJBUFDJDD-XEGUGMAKSA-N,Tryptophyl-Isoleucine,MTBLS11904,plasma,Negative,Reverse phase/C18
0.020987093794699017,-0.41038236702371705,IK_ASWVTGNCAZCNNR-UHFFFAOYSA-N,Sulfadimidine,MTBLS11904,plasma,Positive,Reverse phase/C18
-0.048009598824221934,-0.5858161829751405,IK_RJZVWDTYEWCUAR-JOCHJYFZSA-N,LPC 15:0,37755270,serum,Not reported,Reverse phase/C18
-0.04002632324490439,0.07497666967560741,IK_FUJLYHJROOYKRA-QGZVFWFLSA-N,Lauroylcarnitine,MTBLS11904,plasma,Positive,Reverse phase/C18
-0.16038776943154792,-0.47765819378095675,IK_LHGVLZHIYVKZBT-UHFFFAOYSA-N,5-(3-Pyridyl)-2-hydroxytetrahydrofuran,MTBLS11904,plasma,Positive,Reverse phase/C18
-0.18364156133645826,-0.9334203797802041,IK_PVNIIMVLHYAWGP-UHFFFAOYSA-N,nicotinic acid,38720721,serum,Not reported,Reverse phase/C18
0.21359805649720298,1.0302533379956202,UNKNOWN_ROW__24167579__unknown_78,unknown_78,24167579,serum,Positive,Reverse phase/C18
-0.26019739033772965,0.022002436844211163,IK_MDWXOTLIYUYWJP-UHFFFAOYSA-N,3-hydroxy-3-(3-hydroxyphenyl)propanoic acid-O-sulphate,MTBLS11904,plasma,Negative,Reverse phase/C18
0.04963474167848054,-0.58796290849478,IK_WOAHJDHKFWSLKE-UHFFFAOYSA-N,"1,2-Benzoquinone",MTBLS11904,plasma,Positive,Reverse phase/C18
-0.37570593673108965,0.01671698319595621,IK_BCWKUTNUIRMUPD-XMRVQXCHSA-N,TG 12:0_12:0_18:3,37755270,serum,Not reported,Reverse phase/C18
-0.022763552468156582,-0.3716830102765809,IK_PXVMEXBCFJTGCL-RCHUDCCISA-N,N-Eicosapentaenoyl Phenylalanine,MTBLS11904,plasma,Positive,Reverse phase/C18
0.18066510063443483,0.05056220318368612,IK_YLJOVCWVJCDPLN-UHFFFAOYSA-N,Apomine,MTBLS11904,plasma,Positive,Reverse phase/C18
-0.14841850048220032,-0.34022607736305005,IK_UVOGHPPAYFAQIT-HWJOWLPRSA-N,TG 50:4|TG 14:0_18:2_18:2,37755270,serum,Not reported,Reverse phase/C18
-0.009579402396620936,-0.5440297878750393,IK_CFYMYCCYMJIYAB-UHFFFAOYSA-N,Laricitrin,MTBLS11904,plasma,Positive,Reverse phase/C18
-0.30276841652333714,-0.4058477629453291,IK_MRBKEAMVRSLQPH-UHFFFAOYSA-N,3-tert-Butyl-4-hydroxyanisole,MTBLS11904,plasma,Negative,Reverse phase/C18
0.32715361355023204,-0.32776879850878377,IK_RAPKGPDUGWBPHR-QWFQJEORSA-N,"PC(18:3(9Z,12Z,15Z)/16:0)",MTBLS11904,plasma,Positive,Reverse phase/C18
0.026302549839619504,0.9221689279993471,UNKNOWN_ROW__35829770__unknown_293,unknown_293,35829770,plasma,Positive,Reverse phase/C18
2.5424400374344684,-1.069588063640289,IK_POQRWMRXUOPCLD-AAAFHMTMSA-N,C24:0 glucosylceramide,24058461,plasma,Not reported,LC-MS/unspecified
-0.010532768069711334,-0.10599255448307833,IK_SRRQPVVYXBTRQK-UHFFFAOYSA-N,LPC 17:0,37755270,serum,Not reported,Reverse phase/C18
-0.28493576462216974,-0.09497698058406878,IK_FSEUPUDHEBLWJY-HWKANZROSA-N,"2,3-Butanedione monoxime",MTBLS11904,plasma,Positive,Reverse phase/C18
-0.0695458412113877,0.045449221906834085,IK_VPZKQTYZIVOJDV-LMVFSUKVSA-N,Thr-Ala,38720721,serum,Not reported,Reverse phase/C18
-0.41971751963019877,-0.40759885869835893,IK_DUIFVCFSAWHIOD-AATRIKPKSA-N,Indolylacryloylglycine,MTBLS11904,plasma,Negative,Reverse phase/C18
0.08305381668041145,-0.3656302512159809,IK_WXURHACBFYSXBI-GQKYHHCASA-N,Flumethasone,MTBLS11904,plasma,Positive,Reverse phase/C18
-0.0638696649369271,-0.10178911975650623,IK_UZTFMUBKZQVKLK-UHFFFAOYSA-N,4-Acetamidobutanoic acid,MTBLS11904,plasma,Positive,Reverse phase/C18
-0.1424309464000873,-0.02910375775441249,IK_YLZRFVZUZIJABA-UHFFFAOYSA-N,4-Acetamido-2-aminobutanoic acid,MTBLS11904,plasma,Positive,Reverse phase/C18
-0.01668214832178558,-0.0013090806134842224,IK_OFRYBPCSEMMZHR-UHFFFAOYSA-N,Alpha-Hydroxymetoprolol,MTBLS11904,plasma,Positive,Reverse phase/C18
-0.05897410121679141,-0.45804261875683694,IK_IJVCSMSMFSCRME-UHFFFAOYSA-N,Hydromorphine,MTBLS11904,plasma,Positive,Reverse phase/C18
0.0536583329937506,-0.3713310397775897,IK_YBDFPZJQBYCWBA-WMTBOZPISA-N,PE(20:3/0:0),MTBLS11904,plasma,Negative,Reverse phase/C18
-0.03607344531090912,-0.4378714028954594,IK_FMINYZXVCTYSNY-UHFFFAOYSA-N,Methyldymron,MTBLS11904,plasma,Positive,Reverse phase/C18
0.28331120200997595,-0.3348398414510379,IK_PEJGMBUENJSLLH-RHAKMSQVSA-N,"SM(d18:2(4E,14Z)/14:0)",MTBLS11904,plasma,Negative,Reverse phase/C18
-0.0891093613611378,0.1113015439817411,IK_MFXYPCMYAZAZDX-UHFFFAOYSA-N,Notoginsenoside R10,MTBLS11904,plasma,Negative,Reverse phase/C18
0.050975268022585125,0.8493327466889028,NO_INCHIKEY__5 hydroxymethyl 4 methoxy 2 5h furanone,5-(Hydroxymethyl)-4-methoxy-2(5H)-furanone,MTBLS11904,plasma,Positive,Reverse phase/C18
0.5839692606552194,-0.03958296241485358,IK_GQIJYUMTOUBHSH-IJIVKGSJSA-N,"(E,E)-Trichostachine",MTBLS11904,plasma,Positive,Reverse phase/C18
0.01547560657455687,0.035073331827751714,IK_IOJNOBYNWXBNBY-ZFORQUDYSA-N,Genistein 5-O-glucuronide,MTBLS11904,plasma,Negative,Reverse phase/C18
0.13440435242208648,0.05681679806020469,IK_NKFNBVMJTSYZDV-UHFFFAOYSA-N,Lauryldiethanolamine,MTBLS11904,plasma,Positive,Reverse phase/C18
0.9604245181262097,-0.0942664521162313,IK_BCTXZWCPBLWCRV-ZYADFMMDSA-N,"16(17)-epoxy-4Z,7Z,10Z,13Z,19Z-docosapentaenoic acid",37755270,serum,Not reported,Reverse phase/C18
-0.04845924313807191,-0.7393257640419523,IK_FAKRSMQSSFJEIM-RQJHMYQMSA-N,Captopril,35829770,plasma,Positive,HILIC
0.09570388147236593,-0.3734650413837331,IK_FGYKUFVNYVMTAM-WAZJVIJMSA-N,Beta-tocotrienol,MTBLS11904,plasma,Negative,Reverse phase/C18
0.12452453249755113,1.2567601151355388,UNKNOWN_ROW__35829770__unknown_320,unknown_320,35829770,plasma,Positive,Reverse phase/C18
0.07580470376724723,1.1607558532889366,UNKNOWN_ROW__35829770__unknown_430,unknown_430,35829770,plasma,Positive,HILIC
0.15022834833496104,-0.42929694674075036,IK_BXNJHAXVSOCGBA-UHFFFAOYSA-N,Harmine,MTBLS11904,plasma,Negative,Reverse phase/C18
0.1978721969341128,-0.026141666707933633,IK_OFCNTYBPPAQCRE-UHFFFAOYSA-N,3h-Serotonin,MTBLS11904,plasma,Positive,Reverse phase/C18
0.5934022768001077,-0.04463708281117143,IK_ZDLDXNCMJBOYJV-YFKPBYRVSA-N,"L-Arginine, methyl ester",38720721,serum,Not reported,Reverse phase/C18
0.03697337986613444,0.8704944147599862,UNKNOWN_ROW__24167579__unknown_16,unknown_16,24167579,serum,Positive,Reverse phase/C18
-0.1441220602556017,-0.36061408670193545,IK_HUQABGDIJUXLRG-QHCPKHFHSA-N,DG(O-18:0/2:0/0:0),MTBLS11904,plasma,Negative,Reverse phase/C18
0.10344672059474894,1.0233544108891452,UNKNOWN_ROW__24167579__unknown_48,unknown_48,24167579,serum,Positive,Reverse phase/C18
0.08855164970919306,0.11519501125382556,IK_GIRXTOSJOKKBHO-BQTUIHPCSA-N,Food orange 7,MTBLS11904,plasma,Negative,Reverse phase/C18
-0.11933450482135018,0.08937274435067458,IK_ZIWNJZLXPXFNGN-GXTQQWMXSA-N,Carbocyclic thromboxane A2,MTBLS11904,plasma,Negative,Reverse phase/C18
-0.21109878231318582,-0.01233555866354529,IK_KDSPLKNONIUZSZ-NGJCXOISSA-N,"(2R,4S,5R)-2,4,5,6-Tetrahydroxyhexanal",MTBLS11904,plasma,Negative,Reverse phase/C18
0.5519334147848727,-0.5986998732499973,IK_MGFYIUFZLHCRTH-UHFFFAOYSA-N,Nitrilotriacetic acid,MTBLS11904,plasma,Negative,Reverse phase/C18
0.110090670842968,0.0765818273541445,IK_ICLWTJIMXVISSR-UHFFFAOYSA-N,Gallamonum,MTBLS11904,plasma,Positive,Reverse phase/C18
0.4023939210943007,0.04353209885458924,IK_PUEDDPCUCPRQNY-ZYUZMQFOSA-N,Nicotinic acid ribonucleoside,MTBLS11904,plasma,Negative,Reverse phase/C18
-0.011217238451473899,-0.8622232724674321,IK_LYSGIJUGUGJIPS-ONEGZZNKSA-N,Cucurbic acid,MTBLS11904,plasma,Positive,Reverse phase/C18
-0.297101215344059,-0.5492740800616864,IK_XHBSBNYEHDQRCP-UHFFFAOYSA-N,3-Methylguanine,MTBLS11904,plasma,Positive,Reverse phase/C18
0.15032243222393235,-0.5404556447746259,IK_QIGBRXMKCJKVMJ-UHFFFAOYSA-N,Hydroquinone,MTBLS11904,plasma,Positive,Reverse phase/C18
-0.12212053908536627,0.06098873779330516,IK_WKZWTZTZWGWEGE-UHFFFAOYSA-N,"1,2-Cyclohexanediol, 1-methyl-4-(1-methylethenyl)-",MTBLS11904,plasma,Negative,Reverse phase/C18
0.2115546600795192,0.060561604579546235,IK_SGTFNLMVIRZWTA-LFCBYZEKSA-N,28-Hydroxywithanolide E,MTBLS11904,plasma,Negative,Reverse phase/C18
0.24174535003926237,0.08549562364853858,IK_KISYRRMFQYIIFQ-UHFFFAOYSA-N,Corchorosol A,MTBLS11904,plasma,Negative,Reverse phase/C18
-0.035382313509009763,-0.338487214029663,IK_MSWZFWKMSRAUBD-HOWGCPQDSA-N,2-Amino-2-deoxy-L-glucopyranose,35829770,plasma,Positive,HILIC
-0.0371098345604,1.341115531520249,IK_YHMJTZZWEXBHQK-MUDOESHNSA-N,Cer(d18:122:1(13Z)),ST003159,serum,Positive,HILIC
-0.017351913259736524,0.01386281816337627,IK_VZJHQHUOVIDRCF-UHFFFAOYSA-N,3-Isolongifolol,MTBLS11904,plasma,Positive,Reverse phase/C18
0.15198136837702295,-0.10858066326518695,IK_YVWPKMWQKWFMBB-UHFFFAOYSA-N,2-Amino-4-[carbamimidoyl(methyl)amino]butanoic acid,MTBLS11904,plasma,Negative,Reverse phase/C18
-0.20186966734558545,-1.0566198331187127,IK_ZMXDDKWLCZADIW-UHFFFAOYSA-N,"N,N-Dimethylformamide",MTBLS11904,plasma,Positive,Reverse phase/C18
-0.00138711093321387,-0.386910272599379,IK_TWSWSIQAPQLDBP-DOFZRALJSA-N,Adrenic acid,MTBLS11904,plasma,Negative,Reverse phase/C18
0.06616682436661656,-0.3970476149057435,IK_DGXRZJSPDXZJFG-UHFFFAOYSA-N,Docosanedioic acid,24167579,serum,Positive,Reverse phase/C18
0.9747851110133355,-0.4652312603249366,IK_NTYJJOPFIAHURM-UHFFFAOYSA-N,nicotine,38516193,plasma,Positive,LC-MS/unspecified
-0.2248632000189729,-0.0037348322136321623,IK_ANQQVTWQIBPDKQ-UHFFFAOYSA-N,11-Oxohexadecanoic acid,MTBLS11904,plasma,Positive,Reverse phase/C18
0.02674249443297734,-0.3674142579984938,IK_NSHPHXHGRHSMIK-JRIKCGFMSA-N,Latrunculin B,MTBLS11904,plasma,Positive,Reverse phase/C18
0.09636097755178143,-0.08048496833669823,IK_VASLEPDZAKCNJX-UHFFFAOYSA-N,"1-Rhamnono-1,4-lactone",MTBLS11904,plasma,Negative,Reverse phase/C18
0.17905080966184747,-0.42743057758700154,IK_FUWUEFKEXZQKKA-UHFFFAOYSA-N,Beta-Thujaplicin,MTBLS11904,plasma,Negative,Reverse phase/C18
-0.18403488564669865,-0.0078741236219942,IK_YPXHXDXMTWPQTO-SNAWJCMRSA-N,(2E)-3-[3-(sulfooxy)phenyl]prop-2-enoic acid,MTBLS11904,plasma,Negative,Reverse phase/C18
0.30257069295514244,0.04899697648435632,IK_JCELSEVNSMXGKA-IOLBBIBUSA-N,SM d36:0,37755270,serum,Not reported,Reverse phase/C18
0.03857403517505428,1.1006187984244604,UNKNOWN_ROW__35829770__unknown_365,unknown_365,35829770,plasma,Positive,HILIC
-0.07671884524119188,-1.014150744333554,IK_YIICVSCAKJMMDJ-SNVBAGLBSA-N,Vasicine,35829770,plasma,Positive,HILIC
-0.09648069872672561,2.41589022183388,UNKNOWN_ROW__24167579__unknown_126,unknown_126,24167579,serum,Positive,Reverse phase/C18
0.09037145381448765,0.10381528683099556,IK_MYWAIWDQTCHPTH-LJAIZBFVSA-N,"4alpha-carboxy-4beta-methyl-5alpha-cholesta-8,24-dien-3beta-ol",MTBLS11904,plasma,Negative,Reverse phase/C18
0.7767735161679049,11.327500781072436,UNKNOWN_ROW__35829770__unknown_224,unknown_224,35829770,plasma,Negative,Reverse phase/C18
0.20192251563309394,-0.34247938773044007,IK_CMEYODOSAQTQFO-SAIUNTKASA-N,PS(14:0/16:0),MTBLS11904,plasma,Positive,Reverse phase/C18
0.11571444496708114,-0.011475182595034864,IK_BUHZTPLXMFRPCK-CKCUUXPSSA-N,Crepidiaside B,MTBLS11904,plasma,Negative,Reverse phase/C18
0.11195295284868133,-0.4615604747470368,IK_RGHMISIYKIHAJW-UHFFFAOYSA-N,"3,4-Dihydroxymandelic acid",MTBLS11904,plasma,Positive,Reverse phase/C18
-0.135468022681949,-0.5737020362324071,IK_BWHGMFYTDQEALD-UHFFFAOYSA-N,5-Amino-2-oxopentanoic acid,MTBLS11904,plasma,Negative,Reverse phase/C18
-0.1954537863449646,-0.5462224630024591,IK_IAVREABSGIHHMO-UHFFFAOYSA-N,3-Hydroxybenzaldehyde,MTBLS11904,plasma,Positive,Reverse phase/C18
-0.6409788371571992,0.023386813766674158,IK_ZKMZBAABQFUXFE-UHFFFAOYSA-O,Apigenidin,MTBLS11904,plasma,Negative,Reverse phase/C18
-0.0824322899429407,-0.07564567616013845,IK_JUSMHIGDXPKSID-PHYPRBDBSA-N,"(2r,3r,4s,5r,6s)-2-(Hydroxymethyl)-6-Sulfanyl-Oxane-3,4,5-Triol",MTBLS11904,plasma,Negative,Reverse phase/C18
0.041518048467508215,0.047978830931696116,IK_ICFXZZFWRWNZMA-UHFFFAOYSA-N,Diethylpropion or Heptopargil,24167579,serum,Positive,Reverse phase/C18
-0.48942026224421054,-0.8579855375077677,IK_NWIUTZDMDHAVTP-UHFFFAOYSA-N,Betaxolol,MTBLS11904,plasma,Positive,Reverse phase/C18
0.031788135276118165,-0.3714498987950632,IK_WKQNRCYKYCKESD-YVHLTTHBSA-N,PC(18:3/0:0),MTBLS11904,plasma,Positive,Reverse phase/C18
-0.029370099878332653,-1.1537970337795909,IK_COLNVLDHVKWLRT-UHFFFAOYNA-N,Phenylalanine,ST001814,plasma,Positive,GC-MS
-0.13538717100274344,-0.4923583239142689,IK_SLXKOJJOQWFEFD-UHFFFAOYSA-N,Aminocaproic acid,MTBLS11904,plasma,Positive,Reverse phase/C18
0.05514721892857439,1.181065922356649,UNKNOWN_ROW__35829770__unknown_389,unknown_389,35829770,plasma,Positive,HILIC
0.3849999665452062,-0.33442422953381495,IK_MAAMGQXOTCBPFS-JPGWWKBXSA-N,"PC(18:0/22:5(7Z,10Z,13Z,16Z,19Z))",MTBLS11904,plasma,Positive,Reverse phase/C18
-0.283911142299024,-0.062385560396469565,IK_DNSSEQBYSHSUGR-UHFFFAOYSA-N,5-Oxo-2(5H)-isoxazolepropanenitrile,MTBLS11904,plasma,Negative,Reverse phase/C18
0.6679326024204248,0.1124774939008493,IK_XZDDLHQSVWZOPD-MYGLTJDJSA-N,Tumonoic Acid H,24167579,serum,Positive,Reverse phase/C18
0.2735228962249133,-0.9465232298343659,IK_PHMBVCPLDPDESM-GHNGIAPOSA-N,Pseudoecgonine,MTBLS11904,plasma,Positive,Reverse phase/C18
-0.1376276848858312,0.07227866090414614,IK_XSCYYIVXGBKTOC-GZZJDILISA-N,Risbitin,MTBLS11904,plasma,Negative,Reverse phase/C18
0.07728241182746326,1.1289973396177129,UNKNOWN_ROW__35829770__unknown_362,unknown_362,35829770,plasma,Positive,HILIC
0.10277897418988477,-0.46451407745637135,IK_SZHOJFHSIKHZHA-UHFFFAOYSA-N,Tridecanoic acid,MTBLS11904,plasma,Positive,Reverse phase/C18
4.018552798247693,-1.1920463923090867,IK_UGAGPNKCDRTDHP-UHFFFAOYSA-N,"l-dopa (3,4-dihydroxy-l-phenylalanine)",38516193,plasma,Positive,LC-MS/unspecified
-0.07248341904421614,2.4728043778324795,UNKNOWN_ROW__24167579__unknown_110,unknown_110,24167579,serum,Positive,Reverse phase/C18
0.30722192436357365,-0.4117906154356082,IK_ZDXMLEQEMNLCQG-UHFFFAOYSA-N,Sulfometuron methyl,24167579,serum,Positive,Reverse phase/C18
0.1961769932288302,0.042016703373639996,IK_ITZMJCSORYKOSI-AJNGGQMLSA-N,APGPR Enterostatin,MTBLS11904,plasma,Positive,Reverse phase/C18
0.02781719595041702,0.022132512022814965,IK_UPABQMWFWCMOFV-UHFFFAOYSA-N,N-Benzyl-2-phenylethylamine,MTBLS11904,plasma,Positive,Reverse phase/C18
0.025436355513598557,0.9018010109753012,UNKNOWN_ROW__24167579__unknown_8,unknown_8,24167579,serum,Positive,Reverse phase/C18
0.04570110804184114,-0.3880556728554067,IK_CXDWHYOBSJTRJU-SRWWVFQWSA-N,Algestone,MTBLS11904,plasma,Negative,Reverse phase/C18
2.796589162829859,-1.0506474316928085,IK_QZZGJDVWLFXDLK-UHFFFAOYSA-N,C24:0 ceramide,24058461,plasma,Not reported,LC-MS/unspecified
-2.553881151662753,0.7855672766620403,IK_JPAUCQAJHLSMQW-XPORZQOISA-N,p-Cresol glucuronide,ST003159,serum,Negative,Reverse phase/C18
0.3020048098234889,0.08360838683619365,IK_VZQRMZUULSWEHB-XCFXQIAYSA-N,PC 32:3,33485385,plasma,Positive,LC-MS/unspecified
-0.2521429766437989,0.10612536241001741,IK_JLZAERUVCODZQO-VWCUIIQSSA-N,Acetylstrophanthidin,MTBLS11904,plasma,Negative,Reverse phase/C18
0.17732963905140509,-0.9061948144710428,IK_DDBREPKUVSBGFI-UHFFFAOYSA-N,Phenobarbital,MTBLS11904,plasma,Negative,Reverse phase/C18
0.026608395588028706,0.8468188471026786,UNKNOWN_ROW__24167579__unknown_12,unknown_12,24167579,serum,Positive,Reverse phase/C18
0.6500568705333045,-0.3446191388348536,IK_URPXXNCTXCOATD-FXMFQVEGSA-N,PE(P-18:0/20:4),MTBLS11904,plasma,Positive,Reverse phase/C18
-0.018860541523490402,-0.36891770846333466,IK_QHKABHOOEWYVLI-UHFFFAOYSA-N,Ketoisovaleric acid,ST001814,plasma,Positive,GC-MS
-0.030683705925662767,-0.5544643003835874,IK_ODBLHEXUDAPZAU-ZAFYKAAXSA-N,D-threo-Isocitric acid,MTBLS11904,plasma,Positive,Reverse phase/C18
0.10388235514281108,0.05407474268380584,IK_VMZVBRIIHDRYGK-UHFFFAOYSA-N,"2,6-Di-tert-butyl-4-[(dimethylamino)methyl]phenol",MTBLS11904,plasma,Positive,Reverse phase/C18
-0.1908826015437529,-0.01225724883521632,IK_DWAKNKKXGALPNW-UHFFFAOYSA-N,1-Pyrroline-5-carboxylic acid,MTBLS11904,plasma,Negative,Reverse phase/C18
-0.11386509798304664,-0.011934376348503547,IK_LCHFAYIGHOVWSA-UHFFFAOYSA-N,"1-(1,2,3,4,5-Pentahydroxypent-1-yl)-1,2,3,4-tetrahydro-beta-carboline-3-carboxylate",MTBLS11904,plasma,Negative,Reverse phase/C18
-0.1675169056992993,-0.8764260431278819,IK_BJEPYKJPYRNKOW-UHFFFAOYSA-N,malic acid,38720721,serum,Not reported,Reverse phase/C18
-0.1957397356045386,0.0658026228810529,IK_TWPMMLHBHPYSMT-UHFFFAOYSA-N,3-Methyl-N-phenylaniline,MTBLS11904,plasma,Positive,Reverse phase/C18
0.05857402037275682,0.06481882631703101,IK_BHWXBRBFQBOUAF-UHFFFAOYSA-N,Deoxycholylproline,MTBLS11904,plasma,Negative,Reverse phase/C18
0.26134217959676714,-0.3129545591032079,IK_XVIHASZHSRQYCV-YWYYGOADSA-N,"PC(15:0/22:6(5Z,7Z,10Z,13Z,16Z,19Z)-OH(4))",MTBLS11904,plasma,Negative,Reverse phase/C18
0.03617224212810516,0.0546264877575617,IK_JDOLBVXUTAGQDQ-LZOINSICSA-N,9-Hydroxylinoleic acid,MTBLS11904,plasma,Positive,Reverse phase/C18
2.3820643953329284,-0.10499892949566013,IK_XAPHYNIJAGNNNA-YFTOQCAPSA-N,"1'H-5alpha-Androst-2-eno[3,2-b]indol-17beta-ol",24167579,serum,Positive,Reverse phase/C18
0.005544908233381816,0.5833501439105063,UNKNOWN_ROW__35829770__unknown_238,unknown_238,35829770,plasma,Positive,HILIC
0.03264189615132767,-0.3706822568384407,IK_NDYMQXYDSVBNLL-MUYMLXPFSA-N,Cucurbitacin E,MTBLS11904,plasma,Negative,Reverse phase/C18
0.16433560460896104,0.0556050825428255,IK_PNQYAMWGTGWJDW-UHFFFAOYSA-N,N-(3-Aminopropyl)-N-methylcarbamic acid tert-butyl ester,MTBLS11904,plasma,Positive,Reverse phase/C18
-0.10278069971480361,-0.8188228632293952,IK_ROHFNLRQFUQHCH-UHFFFAOYNA-N,Leucine,ST001814,plasma,Positive,GC-MS
0.0791686947352544,1.0785693547613258,UNKNOWN_ROW__35829770__unknown_369,unknown_369,35829770,plasma,Positive,HILIC
-0.25621123495537057,-0.5532098895969866,IK_QUCHWTCTBHQQDU-UHFFFAOYSA-N,2-Amino-4-oxopentanoic acid,MTBLS11904,plasma,Negative,Reverse phase/C18
0.08533045136992436,-0.29339338059112685,IK_DJZCTUVALDDONK-HQMSUKCRSA-N,Concanamycin a,MTBLS11904,plasma,Positive,Reverse phase/C18
-0.17050690211143796,-0.4782517867738125,IK_XCGYUJZMCCFSRP-UHFFFAOYSA-N,Oxamniquine,MTBLS11904,plasma,Positive,Reverse phase/C18
0.727850417440739,-0.3319806333827514,IK_FLWFZAGAZMHZQM-IVWGLPAOSA-N,PE(24:1(15Z)/15:0),MTBLS11904,plasma,Negative,Reverse phase/C18
0.08707569511170736,1.3415742681003742,UNKNOWN_ROW__35829770__unknown_214,unknown_214,35829770,plasma,Negative,Reverse phase/C18
1.0896228380437327,-0.34182423233227255,IK_WTNZLKZBPONVPE-RYKNKZFFSA-N,"PE-NMe(20:0/20:2(11Z,14Z))",MTBLS11904,plasma,Negative,Reverse phase/C18
-3.565232953796751,-1.021786599310142,IK_LEOVWDSHDAVANJ-UHFFFAOYSA-N,4-Hydroxy benzenepropanedioate,28880465,serum,Positive,LC-MS/unspecified
-0.04739623156258196,1.2542809550220724,IK_YAMUFBLWGFFICM-PTGWMXDISA-N,LPC 18:1,ST003159,serum,Positive,HILIC
0.05114510550556519,1.024035224992263,UNKNOWN_ROW__35829770__unknown_434,unknown_434,35829770,plasma,Positive,HILIC
0.04043240318508168,0.9887121176238155,UNKNOWN_ROW__24167579__unknown_14,unknown_14,24167579,serum,Positive,Reverse phase/C18
0.16140757217004714,-0.46132219056877705,IK_NHTGHBARYWONDQ-JTQLQIEISA-N,Metyrosine,MTBLS11904,plasma,Negative,Reverse phase/C18
0.7465635149493857,0.06460997141329934,IK_UGGHNDGDVCUWQX-WDSKDSINSA-N,N(alpha)-Phosphorylalanylproline,MTBLS11904,plasma,Negative,Reverse phase/C18
-0.12321782646382544,-0.5629896857182538,IK_RRHGJUQNOFWUDK-UHFFFAOYSA-N,ISOPRENE,MTBLS11904,plasma,Positive,Reverse phase/C18
0.1254246591726989,-0.3293876419104719,IK_APOJPGQGVODAOE-AUPUWKESSA-N,PE(PGJ2/20:0),MTBLS11904,plasma,Positive,Reverse phase/C18
0.9880709480789108,0.46763339690800987,NO_INCHIKEY__tripeptide leu ile asp arg gln gln lys arg val glu val val trp,Tripeptide: Leu/Ile-Asp-Arg; Gln-Gln-Lys; Arg-Val-Glu; Val-Val-Trp,24167579,serum,Positive,Reverse phase/C18
-0.34051877554591375,-0.9011162126508235,IK_LLLPDUXGHXIXIW-UHFFFAOYSA-N,N-formylanthranilic acid,MTBLS11904,plasma,Negative,Reverse phase/C18
1.588664825866572,-0.5602418241010153,IK_HPEUJPJOZXNMSJ-UHFFFAOYSA-N,norepinephrine (noradrenaline),38516193,plasma,Positive,LC-MS/unspecified
0.0564407514159247,0.37900407011071147,NO_INCHIKEY__aromatic phytochemical,Aromatic phytochemical,24167579,serum,Positive,Reverse phase/C18
0.028313185283187898,1.102738660056433,UNKNOWN_ROW__35829770__unknown_300,unknown_300,35829770,plasma,Positive,Reverse phase/C18
0.2377906738889573,0.08957335949739617,IK_CNWPIIOQKZNXBB-WBYPBBSPSA-M,"3alpha,7alpha,12alpha-trihydroxy-5beta-cholestanate",MTBLS11904,plasma,Negative,Reverse phase/C18
0.13860752153115025,-0.33432594087317913,IK_AJMZUFBKADIAKC-SKTOPKGQSA-N,"DG(18:0/18:2(9Z,12Z)/0:0)",MTBLS11904,plasma,Positive,Reverse phase/C18
0.13603682704407635,0.01704302421049731,IK_GUGSXATYPSGVAY-GCXXXECGSA-N,"5-Androstene-3alpha-16beta,17beta-triol",MTBLS11904,plasma,Positive,Reverse phase/C18
0.3558372906525206,0.14772976018754258,IK_YLWSJLLZUHSIEA-CKSUKHGVSA-N,SM d34:2,MTBLS11904,plasma,Negative,Reverse phase/C18
0.7368135879286931,2.4290751743939945,UNKNOWN_ROW__24167579__unknown_190,unknown_190,24167579,serum,Positive,Reverse phase/C18
0.9665399217715858,-0.9181554652600071,IK_FCCZDEAAQZWMGI-NWBJSICCSA-N,Cer 18:1;2O_22:0;(2OH),37755270,serum,Not reported,Reverse phase/C18
0.015006095676559692,-0.568309498846058,IK_NGHVIOIJCVXTGV-ALEPSDHESA-N,6-Aminopenicillanic acid,MTBLS11904,plasma,Positive,Reverse phase/C18
-0.2804137386978567,-0.39272566849956536,IK_RFHSOKOVHMEMLA-JCMJOHBISA-N,TG 46:2,37755270,serum,Not reported,Reverse phase/C18
0.053064599559422734,-0.8715346214591474,IK_ULHWZNASVJIOEM-ZETCQYMHSA-N,S-Prenyl-L-cysteine,MTBLS11904,plasma,Negative,Reverse phase/C18
-4.4182707069906355,-0.27617338191533175,IK_BDIAUFOIMFAIPU-KVJIRVJXSA-N,Valtrate,MTBLS11904,plasma,Negative,Reverse phase/C18
0.050927255465066275,-0.3949926456233248,IK_CVNYHSDFZXHMMJ-VPUMZWJWSA-N,12-Ketodeoxycholic acid,MTBLS11904,plasma,Positive,Reverse phase/C18
-1.0180959654305744e-4,-0.8635876402109264,IK_JVTAAEKCZFNVCJ-UHFFFAOYSA-N,Lactic acid,ST001814,plasma,Positive,GC-MS
-0.20169556328325097,-1.1313775094948006,IK_YKPUWZUDDOIDPM-SOFGYWHQSA-N,Capsaicin,28880465,serum,Positive,LC-MS/unspecified
-0.1315133299508011,-0.3665558737535129,IK_RSEPBGGWRJCQGY-RBRWEJTLSA-N,Estradiol valerate,MTBLS11904,plasma,Negative,Reverse phase/C18
-0.14753663452330704,0.0012041268060656676,IK_DBTMIHPJDPGOCQ-HIFRSBDPSA-N,Enokipodin D,MTBLS11904,plasma,Negative,Reverse phase/C18
0.3692397472011346,-0.3181207776837867,IK_WAZYDHAWJWFGBD-LMJTUUMUSA-N,"PC(18:3(9Z,12Z,15Z)/20:1(11Z))",MTBLS11904,plasma,Positive,Reverse phase/C18
0.5837933403399088,-0.5864614277358302,IK_ARJPPNFIEQKVBB-UHFFFAOYSA-N,Acetamidopropanal,MTBLS11904,plasma,Positive,Reverse phase/C18
0.28768514975533327,0.01259354344412602,IK_BVUMIHICABFWGS-UHFFFAOYSA-N,4-Hydroxyphenylacetic acid sulfate,MTBLS11904,plasma,Negative,Reverse phase/C18
0.035229559624089364,0.93573979538899,UNKNOWN_ROW__35829770__unknown_253,unknown_253,35829770,plasma,Positive,Reverse phase/C18
0.7296284518149149,-0.3309373339289227,IK_GQQALHZKRGXRTO-AEMURDCYSA-N,"PC(20:0/20:5(5Z,8Z,11Z,14Z,17Z))",MTBLS11904,plasma,Positive,Reverse phase/C18
-0.126065756411152,-1.4103684619577952,IK_AGPKZVBTJJNPAG-UHFFFAOYNA-N,Isoleucine,35829770,plasma,Positive,HILIC
0.08081804428613501,-1.077063675028351,IK_AHLPHDHHMVZTML-UHFFFAOYSA-N,Ornithine,ST001814,plasma,Positive,GC-MS
0.3453397730334315,-0.33336575840367855,IK_MUWFEEOSXPAQIY-LQOXNGKESA-N,PE(15:0/22:1(13Z)),MTBLS11904,plasma,Negative,Reverse phase/C18
0.1685298224831074,0.04552710035329457,IK_FQYGGFDZJFIDPU-JRSYHJKYSA-N,Estriol-16-Glucuronide,MTBLS11904,plasma,Positive,Reverse phase/C18
0.222973669521463,0.04728710642051688,IK_DYDZWJOECBIVHD-UHFFFAOYSA-N,N-(3-Methyl-2-pyridyl)-3-phenylsuccinimide,MTBLS11904,plasma,Positive,Reverse phase/C18
0.09152036105865938,0.11357233647728017,IK_AJSJFDUIZFXAQY-UHFFFAOYSA-N,Malathion monocarboxylic acid,MTBLS11904,plasma,Negative,Reverse phase/C18
0.5228684728384405,0.16605998554170057,IK_CKFJQMKKJUVFDF-NTXOZZBFSA-N,"PE(22:6(4Z,7Z,10Z,13E,15E,19Z)-OH(17)/22:2(13Z,16Z))",MTBLS11904,plasma,Negative,Reverse phase/C18
0.005557614861280966,-0.9316690068817784,IK_PZTGRDMCBZUJDL-UHFFFAOYSA-N,"1-Naphthalenesulfonic acid, 3,4-dihydro-3,4-dioxo-",MTBLS11904,plasma,Negative,Reverse phase/C18
0.0563497216850984,-0.43657542061722787,IK_QINFFYRWMCWIQU-HEPLYUHHSA-N,"PE(22:6(4Z,7Z,10Z,13Z,16Z,19Z)/14:1(9Z))",MTBLS11904,plasma,Positive,Reverse phase/C18
0.12860724594865403,-0.017796386377738362,IK_JBCLFWXMTIKCCB-VIFPVBQESA-N,Glycyl-Phenylalanine,MTBLS11904,plasma,Positive,Reverse phase/C18
-0.2054760790977776,-0.5254747435313097,IK_UNXHWFMMPAWVPI-QWWZWVQMSA-N,threitol,38720721,serum,Not reported,Reverse phase/C18
1.0862740523778078,-0.4275543489438676,IK_ROQAUFRWFXOLOE-FEKBJPIOSA-N,Fluoxetine glucuronide,MTBLS11904,plasma,Negative,Reverse phase/C18
-0.03873009757426256,-0.39629140016721043,IK_VEOYBEJCEMJLHN-OAQYLSRUSA-N,Hydroxytetradecadienyl-l-carnitine,MTBLS11904,plasma,Positive,Reverse phase/C18
-0.024433638564446736,-1.0256221221672925,IK_HYBBIBNJHNGZAN-UHFFFAOYSA-N,Furfural,MTBLS11904,plasma,Positive,Reverse phase/C18
0.14688237558564526,-0.3047654938891099,IK_YLOIOWBAQMCQNL-ROATZPNCSA-N,"PE-NMe(20:2(11Z,14Z)/22:6(4Z,7Z,10Z,13Z,16Z,19Z))",MTBLS11904,plasma,Positive,Reverse phase/C18
-0.0680498529950594,-0.8314712394587098,IK_OUYCCCASQSFEME-MRVPVSSYSA-N,D-tyrosine,35829770,plasma,Positive,HILIC
-0.01978972778617587,-0.5014176010132577,IK_NZNMSOFKMUBTKW-UHFFFAOYSA-N,Cyclohexanecarboxylic acid,MTBLS11904,plasma,Positive,Reverse phase/C18
0.06055341506836614,0.8602515028232952,UNKNOWN_ROW__24167579__unknown_33,unknown_33,24167579,serum,Positive,Reverse phase/C18
0.21761256814263358,0.10000217780263082,IK_LITUBCVUXPBCGA-WMZHIEFXSA-N,Ascorbyl stearate,MTBLS11904,plasma,Negative,Reverse phase/C18
0.03742714760444973,0.9955184845703745,UNKNOWN_ROW__35829770__unknown_372,unknown_372,35829770,plasma,Positive,HILIC
0.06539121460425454,-0.12079052809219396,IK_WRUFJWLVOQYPJF-UHFFFAOYSA-N,?Ã‡Ãœ Bis(4-isothiocyanatobutyl) disulfide,24167579,serum,Positive,Reverse phase/C18
0.08561298588827573,0.0297843281667124,IK_YJBKIVNOGNRKDV-UHFFFAOYSA-N,Edta citrate,MTBLS11904,plasma,Negative,Reverse phase/C18
0.11339138576853354,-0.39604275846623516,IK_YOSHYTLCDANDAN-UHFFFAOYSA-N,Irbesartan,MTBLS11904,plasma,Negative,Reverse phase/C18
-0.02993185570676046,1.03827481819924,NO_INCHIKEY__pc 38 5 isomer a,PC 38:5 Isomer A,37755270,serum,Not reported,Reverse phase/C18
0.21150400114742665,0.905488552969601,UNKNOWN_ROW__24167579__unknown_80,unknown_80,24167579,serum,Positive,Reverse phase/C18
0.0033406638847682064,-0.4888205769333257,IK_BBIXOODYWPFNDT-CIUDSAMLSA-N,Isoleucylproline,MTBLS11904,plasma,Positive,Reverse phase/C18
0.05349607487403945,0.048000258980037944,IK_XCLJRCAJSCMIND-JCTYMORFSA-N,Erythromycylamine,MTBLS11904,plasma,Positive,Reverse phase/C18
0.5042338343784712,-0.3319589416300166,IK_VUUOTOOJGWQGRY-OEOQYRPPSA-N,PC(P-18:1(9Z)/PGJ2),MTBLS11904,plasma,Negative,Reverse phase/C18
-0.1497136136952759,2.3730721936397807,UNKNOWN_ROW__24167579__unknown_155,unknown_155,24167579,serum,Positive,Reverse phase/C18
0.05940678061013635,1.0024829704990728,UNKNOWN_ROW__35829770__unknown_411,unknown_411,35829770,plasma,Positive,HILIC
0.07699390635345472,-0.38292887035266093,IK_FKTCHXAVPYGOSM-CUAXAMRHSA-N,11'-Carboxy-alpha-chromanol,MTBLS11904,plasma,Negative,Reverse phase/C18
-0.6447059972287603,-0.38813620880959365,IK_TVIDDXQYHWJXFK-UHFFFAOYSA-N,Dodecanedioic Acid,MTBLS11904,plasma,Negative,Reverse phase/C18
-0.1230072389286816,0.018444147136910186,IK_WZSDNEJJUSYNSG-UHFFFAOYSA-N,Trocimine,MTBLS11904,plasma,Negative,Reverse phase/C18
-0.08546771380091757,-0.3613396248600216,IK_SRRQPVVYXBTRQK-XMMPIXPASA-N,PC(17:0/0:0),MTBLS11904,plasma,Positive,Reverse phase/C18
0.5084590364063905,-0.35020567244328404,IK_KILNVBDSWZSGLL-UHFFFAOYSA-N,"1,2-Dipalmitoylphosphatidylcholine",MTBLS11904,plasma,Positive,Reverse phase/C18
0.008916962574602378,-0.48277940593679636,IK_PTOJXIKSKSASRB-UHFFFAOYSA-O,Candicine,MTBLS11904,plasma,Positive,Reverse phase/C18
0.2017210393627873,-0.3262817463273033,IK_RMIYQXBEQHMQGK-ZMEZPTJQSA-N,"PE(20:0/22:6(5Z,7Z,10Z,13Z,16Z,19Z)-OH(4))",MTBLS11904,plasma,Negative,Reverse phase/C18
-0.09449278299954758,2.3981062750420175,UNKNOWN_ROW__24167579__unknown_120,unknown_120,24167579,serum,Positive,Reverse phase/C18
-4.631679405045414e-4,-0.3741503653991273,IK_YVYMBNSKXOXSKW-HXUWFJFHSA-N,PE(16:0/0:0),MTBLS11904,plasma,Positive,Reverse phase/C18
0.013690852146837018,-0.6256381670917761,IK_MFYSYFVPBJMHGN-ZPOLXVRWSA-N,Cortisone,35829770,plasma,Positive,Reverse phase/C18
-0.02058424331225679,-0.570927542641344,IK_CXKKSSKKIOZUNR-ZLUOBGJFSA-N,Lichenin,MTBLS11904,plasma,Positive,Reverse phase/C18
-0.19300306896086278,-0.92827043308795,IK_FVMDYYGIDFPZAX-UHFFFAOYSA-N,3-Hydroxyphenylacetic Acid,MTBLS11904,plasma,Negative,Reverse phase/C18
0.010078951064012343,-0.08588095080766181,IK_WYVKPHCYMTWUCW-UHFFFAOYSA-N,Cysteinyl-Threonine,MTBLS11904,plasma,Positive,Reverse phase/C18
0.10353539984379029,-0.3763616570037353,IK_HFTWTHSIMCSLFQ-CMLLUXCUSA-N,Glabric acid,MTBLS11904,plasma,Negative,Reverse phase/C18
-0.13232767140360877,-1.0533024761709164,IK_ONIBWKKTOPOVIA-BYPYZUCNSA-N,L-Proline,MTBLS11904,plasma,Positive,Reverse phase/C18
-0.9857067362515473,-0.39019637215475467,IK_FSWXOANXOQPCFF-UHFFFAOYSA-N,4'-Aminopropiophenone,MTBLS11904,plasma,Negative,Reverse phase/C18
0.3481932169892121,-0.46683153605562866,IK_ULSIYEODSMZIPX-UHFFFAOYSA-N,Phenylethanolamine,38720721,serum,Not reported,Reverse phase/C18
0.28340398842522707,-0.35981541861517863,IK_KBJNLOFREYBAHR-UZIPXBRASA-N,DG(15:0/0:0/18:4n3),MTBLS11904,plasma,Positive,Reverse phase/C18
2.011167624233961,8.728486728217312,UNKNOWN_ROW__24167579__unknown_168,unknown_168,24167579,serum,Positive,Reverse phase/C18
0.07695403224522455,-0.576346854267623,IK_GWLHCTMTLJQQKG-UHFFFAOYSA-N,Poloxalene,24167579,serum,Positive,Reverse phase/C18
0.19357628495002707,-0.35485286578623126,IK_SGLDLWSTFXXDDD-LFSNXOCVSA-N,"PA(14:0/18:1(12Z)-O(9S,10R))",MTBLS11904,plasma,Positive,Reverse phase/C18
0.0014076392317706437,0.0638324197490982,IK_AOMXURITGZJPKB-ZETCQYMHSA-N,N-OMEGA-PROPYL-L-ARGININE,MTBLS11904,plasma,Negative,Reverse phase/C18
0.05195014048302028,1.0001202529219777,UNKNOWN_ROW__35829770__unknown_444,unknown_444,35829770,plasma,Positive,HILIC
0.018251765908057053,-0.3793877910228882,IK_SFIBBHUOEANMLY-ONWUZIRBSA-N,DG(PGJ2/0:0/2:0),MTBLS11904,plasma,Negative,Reverse phase/C18
2.517478081967342,-1.1085869437053428,IK_YIGARKIIFOHVPF-CNUVFPMCSA-N,C22:0 glucosylceramide,24058461,plasma,Not reported,LC-MS/unspecified
0.17309955822515555,-0.5344338926954788,IK_ODAIHABQVKJNIY-PEDHHIEDSA-N,Perindoprilat,MTBLS11904,plasma,Negative,Reverse phase/C18
0.10890381542497886,0.92649367683804,UNKNOWN_ROW__24167579__unknown_55,unknown_55,24167579,serum,Positive,Reverse phase/C18
0.5137712883998046,-0.3984931657892432,IK_YRXIDKUVBPMNRA-YTOKZNHUSA-N,Fasciculol C,MTBLS11904,plasma,Positive,Reverse phase/C18
-0.03246738354577712,-0.8440225055971773,IK_SQVRNKJHWKZAKO-LUWBGTNYSA-N,N-Acetylneuraminate,38516193,plasma,Positive,LC-MS/unspecified
0.062133545971411,-0.39341188604509125,IK_MBMBGCFOFBJSGT-KUBAVDMBSA-N,Docosahexaenoic Acid,MTBLS11904,plasma,Negative,Reverse phase/C18
0.2525027172821926,1.050025413378677,NO_INCHIKEY__cer 40 0 2o cer 18 0 2o 22 0,Cer 40:0;2O|Cer 18:0;2O/22:0,37755270,serum,Not reported,Reverse phase/C18
-0.6444925513839288,-0.5141996842980692,IK_QRMZSPFSDQBLIX-UHFFFAOYSA-N,Homovanillic acid,38720721,serum,Not reported,Reverse phase/C18
-0.001514575197247741,-0.8323746092313739,IK_YPJUNDFVDDCYIH-UHFFFAOYSA-N,Heptafluorobutyric acid,MTBLS11904,plasma,Negative,Reverse phase/C18
-0.1471700078462534,-0.4239292245382854,IK_VZFRNCSOCOPNDB-AOKDLOFSSA-N,Domoic acid,MTBLS11904,plasma,Positive,Reverse phase/C18
0.09453164216770717,1.1586330021438207,UNKNOWN_ROW__35829770__unknown_244,unknown_244,35829770,plasma,Positive,Reverse phase/C18
0.37677665067656285,-0.32567909404370105,IK_QOCIXWKQPBGFFQ-XUAUDTQZSA-N,"PE-NMe(22:6(4Z,7Z,10Z,13Z,16Z,19Z)/16:0)",MTBLS11904,plasma,Negative,Reverse phase/C18
0.32791551673989605,-0.31290891833740014,IK_GJRXIEGNAMFGOV-VEOGPPBOSA-N,"PC(22:6(4Z,7Z,10Z,13Z,16Z,19Z)/P-16:0)",MTBLS11904,plasma,Negative,Reverse phase/C18
0.06621030975897091,-0.412977010286036,IK_INWLQCZOYSRPNW-UHFFFAOYSA-N,Mepivacaine,MTBLS11904,plasma,Positive,Reverse phase/C18
-0.1268452851922392,2.4215340932366733,UNKNOWN_ROW__24167579__unknown_134,unknown_134,24167579,serum,Positive,Reverse phase/C18
0.07337366970944989,0.043078399221258994,IK_HHMMIZFWFLNZEU-UHFFFAOYSA-N,Desacetylmetipranolol,MTBLS11904,plasma,Negative,Reverse phase/C18
-0.11583523537429755,-1.0238596364664383,IK_JVTAAEKCZFNVCJ-UHFFFAOYSA-N,Lactic acid,35829770,plasma,Negative,Reverse phase/C18
0.48078547658978343,7.444386055199124,UNKNOWN_ROW__35829770__unknown_337,unknown_337,35829770,plasma,Positive,Reverse phase/C18
0.29711244765833295,-0.247149602636204,IK_LVNITLZCNUEXQK-UTJQPWESSA-N,carnitine 14:2,33485385,plasma,Positive,LC-MS/unspecified
0.30523404828609,-0.3154850198965206,IK_GUARTUJKFNAVIK-QPTWMBCESA-N,Tulathromycin A,MTBLS11904,plasma,Negative,Reverse phase/C18
-2.6322922860643034,0.06251341936401728,IK_IPWKIXLWTCNBKN-UHFFFAOYSA-N,Ornidazole,38720721,serum,Not reported,Reverse phase/C18
0.20484146341219425,-0.3074974127895575,IK_GQQZXRPXBDJABR-XMDONHODSA-N,3-O-Sulfogalactosylceramide (d18:1/18:0),MTBLS11904,plasma,Positive,Reverse phase/C18
0.2689732665485864,-0.30070420526451974,IK_HSHUXNYMVPABPS-FEMAWNSXSA-N,"PS(22:0/20:4(5Z,8Z,11Z,14Z)-OH(20))",MTBLS11904,plasma,Positive,Reverse phase/C18
-0.01498090127349059,-0.42993924439150544,IK_RGIBXDHONMXTLI-UHFFFAOYSA-N,Chavicol,MTBLS11904,plasma,Negative,Reverse phase/C18
0.03266132212201767,-0.3636995170022746,IK_COKMIXFXJJXBQG-NRFANRHFSA-N,Tirofiban,MTBLS11904,plasma,Positive,Reverse phase/C18
0.3077371825303486,-0.3445059356009414,IK_ZFACUKICYTXONE-IWDZABBFSA-N,PC(16:1(9Z)/P-18:1(11Z)),MTBLS11904,plasma,Positive,Reverse phase/C18
0.2034730065314906,7.248360854996838,UNKNOWN_ROW__24167579__unknown_84,unknown_84,24167579,serum,Positive,Reverse phase/C18
-0.007606810164815254,-0.5887590141223554,IK_VIHAEDVKXSOUAT-UHFFFAOYSA-N,2(5H)-Furanone,MTBLS11904,plasma,Positive,Reverse phase/C18
-0.24190527687337665,-0.697359645572334,IK_BFWYTORDSFIVKP-USWFWKISSA-N,15-HPETE,37755270,serum,Not reported,Reverse phase/C18
-0.23528236792920687,-0.5363742627481587,IK_WVMWZWGZRAXUBK-SYTVJDICSA-N,3-Dehydroquinic acid,MTBLS11904,plasma,Negative,Reverse phase/C18
0.1826406535082413,-0.31665421490595963,IK_OZLOIIJWJZXAQV-YUDAYSKTSA-N,"PE(20:4(5Z,8Z,11Z,13E)-OH(15S)/22:1(13Z))",MTBLS11904,plasma,Negative,Reverse phase/C18
2.6878998621769203,-0.47596070298565624,IK_WBOZIXHPUPAOIA-JZZPSRGZSA-N,C24:1 glucosylceramide,24058461,plasma,Not reported,LC-MS/unspecified
-2.0277299587839264,0.041937098379850164,IK_XPBXOWYWJUBGMF-UHFFFAOYSA-N,Benzeneacetamide-4-O-sulphate,MTBLS11904,plasma,Negative,Reverse phase/C18
-0.10424956595753455,2.4007442197180713,UNKNOWN_ROW__24167579__unknown_128,unknown_128,24167579,serum,Positive,Reverse phase/C18
0.494052455157227,-1.3593943670015856,IK_DFPAKSUCGFBDDF-UHFFFAOYSA-N,Nicotinamide,38516193,plasma,Positive,LC-MS/unspecified
0.24557397692731378,0.05838333420036335,IK_UYQGVDXDXBAABN-FQSPHKRJSA-N,13(S)-Hydroperoxylinolenic acid,MTBLS11904,plasma,Positive,Reverse phase/C18
-0.1520413146614526,-0.40656768027329776,IK_UIPSRRAMIULCRE-OZKVUCNRSA-N,"PG(22:5(7Z,10Z,13Z,16Z,19Z)/22:5(4Z,7Z,10Z,13Z,19Z)-O(16,17))",MTBLS11904,plasma,Positive,Reverse phase/C18
0.06632429233909516,1.0825561514607815,UNKNOWN_ROW__35829770__unknown_456,unknown_456,35829770,plasma,Positive,HILIC
-0.25982492742920693,-1.4972089517601148,IK_LRFVTYWOQMYALW-UHFFFAOYSA-N,Xanthine,MTBLS11904,plasma,Negative,Reverse phase/C18
-0.32791222911560736,0.9668920658335501,NO_INCHIKEY__4 acetyl 2 methoxyphenyl 6 o 6 deoxy l mannopyranosyl d glucopyranoside,4-Acetyl-2-methoxyphenyl 6-O-(6-deoxy-?-L-mannopyranosyl)-?-D-glucopyranoside,MTBLS11904,plasma,Negative,Reverse phase/C18
0.17359748377428633,-0.37960415980346096,IK_HNOSJVWYGXOFRP-UNPOXIGHSA-N,Alisol A,MTBLS11904,plasma,Negative,Reverse phase/C18
0.017845029668584755,-0.49355593192267677,IK_CAWXEEYDBZRFPE-UHFFFAOYSA-N,Hexazinone,MTBLS11904,plasma,Positive,Reverse phase/C18
-0.016326467412134133,-0.328332056948532,IK_WGGPVIRCYGIRPH-XHATVUSISA-N,"DG(20:4(8Z,11Z,14Z,17Z)/18:0/0:0)",MTBLS11904,plasma,Positive,Reverse phase/C18
0.12534284323842793,-0.15233585422473397,IK_KZNQNBZMBZJQJO-RXMQYKEDSA-N,Glycylproline [+C2H4],28880465,serum,Positive,LC-MS/unspecified
0.13454710983815504,-0.35881240224310923,IK_SCNLFUNUYBVROO-JNDMGLSPSA-N,"DG(i-13:0/18:3(9,11,15)-OH(13)/0:0)",MTBLS11904,plasma,Negative,Reverse phase/C18
-0.09038523894163561,-0.36949415798198976,IK_GBOGMAARMMDZGR-TYHYBEHESA-N,Cytochalasin B,MTBLS11904,plasma,Positive,Reverse phase/C18
-0.04913004244964115,-0.358374919895701,IK_IGJKYDBBINVMLH-JXRLJXCWSA-N,"LysoPC(0:0/20:4(5Z,8Z,11Z,14Z))",MTBLS11904,plasma,Negative,Reverse phase/C18
-0.6217604642718526,-1.0949334499640673,IK_GSEJCLTVZPLZKY-UHFFFAOYSA-N,Triethanolamine,38720721,serum,Not reported,Reverse phase/C18
1.0710603637464629,9.892065816478803,UNKNOWN_ROW__24167579__unknown_106,unknown_106,24167579,serum,Positive,Reverse phase/C18
0.14084838179069528,-0.007394515908955027,IK_RJTYSXVYCZAUHE-UHFFFAOYSA-N,4-hydroxybenzoic acid-4-O-sulphate,MTBLS11904,plasma,Negative,Reverse phase/C18
0.09971189022733129,1.1549032965276154,UNKNOWN_ROW__35829770__unknown_314,unknown_314,35829770,plasma,Positive,Reverse phase/C18
0.13282316974863292,-0.4967737038648633,IK_ILJSQTXMGCGYMG-UHFFFAOYSA-N,Triacetic acid,MTBLS11904,plasma,Negative,Reverse phase/C18
-0.11445353812596636,0.0816062495316999,IK_LKLLJYJTYPVCID-JVVXYUKTSA-N,"(9Z,12E)-15,16-Dihydroxyoctadeca-9,12-Dienoic Acid",MTBLS11904,plasma,Positive,Reverse phase/C18
2.4874914120469647e-4,1.0931267847096064,NO_INCHIKEY__possible steroid,Possible steroid,24167579,serum,Positive,Reverse phase/C18
0.0860474457802206,1.0780634000973692,UNKNOWN_ROW__35829770__unknown_422,unknown_422,35829770,plasma,Positive,HILIC
0.5858655819120268,-0.4519354829304194,IK_MGRVRXRGTBOSHW-UHFFFAOYSA-N,Aminomethylphosphonic acid,MTBLS11904,plasma,Negative,Reverse phase/C18
-0.1631280874766484,-0.4841673421360651,IK_SWGXDLRCJNEEGZ-UHFFFAOYSA-N,N-Cyclohexylformamide,MTBLS11904,plasma,Negative,Reverse phase/C18
-0.03330308660307974,-0.8133701942094035,IK_ONIBWKKTOPOVIA-UHFFFAOYNA-N,Proline,ST001814,plasma,Positive,GC-MS
0.0905872398906946,0.023793973507884758,IK_CIKNYWFPGZCHDL-ZHFUJENKSA-N,Sisomicin sulfate,MTBLS11904,plasma,Positive,Reverse phase/C18
0.6740917056878949,-0.3694219138386474,IK_NIDNHJFXEWZXLZ-VGVQALKYSA-N,"DG(18:1(12Z)-O(9S,10R)/a-17:0/0:0)",MTBLS11904,plasma,Negative,Reverse phase/C18
0.18232528158896796,4.0192648481890446e-4,IK_CLUWOWRTHNNBBU-UHFFFAOYSA-N,METHIONAL,MTBLS11904,plasma,Positive,Reverse phase/C18
2.162269685336442,-0.49875134748919336,IK_KDEYEEYMIPNKIJ-OGIIFMLESA-N,C24:0 lactosylceramide,24058461,plasma,Not reported,LC-MS/unspecified
0.06291808550081514,-0.37295514991682704,IK_RMRJXGBAOAMLHD-IHFGGWKQSA-N,Buprenorphine,MTBLS11904,plasma,Negative,Reverse phase/C18
-0.13732372952134222,-0.35008686567214276,IK_ZBSGKPYXQINNGF-UHFFFAOYSA-N,Nicotinuric acid,24167579,serum,Positive,Reverse phase/C18
0.056205836210187564,0.07104378815463139,IK_NLPBBNGDXNHAJP-AATRIKPKSA-N,9-Hydroxy-7-megastigmen-3-one glucoside,MTBLS11904,plasma,Positive,Reverse phase/C18
-0.06904700364663194,0.044836200726906576,IK_CLGNQAIRBLDHIN-HWKANZROSA-N,4-Hydroxy-3-methoxy-cinnamoylglycine,MTBLS11904,plasma,Positive,Reverse phase/C18
-0.0061781499895373765,-0.44502130977707366,IK_YFXWTVLDSKSYLW-NSCUHMNNSA-N,5-Hydroxyferulic acid,MTBLS11904,plasma,Negative,Reverse phase/C18
-0.18364566853595404,-1.518054094627644,IK_KDXKERNSBIXSRK-YFKPBYRVSA-N,L-Lysine,MTBLS11904,plasma,Positive,Reverse phase/C18
-2.312145457031683,0.10683856696879575,IK_RHZRNGQIDYHQPV-UHFFFAOYSA-N,4-Hydroxyketamine,MTBLS11904,plasma,Negative,Reverse phase/C18
1.9505572067036019,-0.8539464164260637,IK_XOHUEYCVLUUEJJ-UHFFFAOYSA-N,"2,3-bisphosphoglyceric acid",38720721,serum,Not reported,Reverse phase/C18
0.6257441380205614,-0.33469806040427924,IK_DFELABABMXOKTD-IYFIADHGSA-N,GlcCer(d18:1/20:0),MTBLS11904,plasma,Negative,Reverse phase/C18
-0.3035790316468192,-0.5390422335034929,IK_RFMMMVDNIPUKGG-YFKPBYRVSA-N,N-Acetyl-L-Glutamic Acid,MTBLS11904,plasma,Negative,Reverse phase/C18
0.6789731493273302,8.089316597558607,NO_INCHIKEY__ffa 18 0,FFA 18:0,ST003159,serum,Negative,Reverse phase/C18
2.2191555577800104,-0.47239396085591845,IK_ZKLXUUYLEHCAMF-UUWFMWQGSA-N,Oripavine,MTBLS11904,plasma,Positive,Reverse phase/C18
0.17975031101468938,-0.06107451041214735,IK_DZAUWHJDUNRCTF-UHFFFAOYSA-N,"3,4-Dihydroxyhydrocinnamic acid",MTBLS11904,plasma,Negative,Reverse phase/C18
-0.10229802794588432,0.06009764272010776,IK_HHXMOTDTSDYYEI-UHFFFAOYSA-N,4-Oxododecanedioic acid,MTBLS11904,plasma,Negative,Reverse phase/C18
0.08187625562909086,0.1125643869419533,IK_JEKMKNDURXDJAD-HWUKTEKMSA-N,Kahweol,MTBLS11904,plasma,Negative,Reverse phase/C18
0.33854248365040956,5.182293712394034,IK_DTOSIQBPPRVQHS-PDBXOOCHSA-N,Linolenic Acid,ST003159,serum,Negative,Reverse phase/C18
-0.02479364225676578,-0.3109620221394182,IK_NWGZOALPWZDXNG-UHFFFAOYNA-N,"N,N-Dimethylarginine",35829770,plasma,Positive,HILIC
0.09424357800497622,-0.42484405786183943,IK_LILXPJXZNJTPQZ-UHFFFAOYSA-N,2-Methoxy-4-methylphenol sulfate,MTBLS11904,plasma,Negative,Reverse phase/C18
0.0867245530845975,-0.37030172054125754,IK_NNEIBJNHWVDJBA-GYSLYLNXSA-N,Deoxycholic acid 3-glucuronide,MTBLS11904,plasma,Negative,Reverse phase/C18
0.22910623937803287,-0.35277225516397076,IK_SKZKKFZAGNVIMN-UHFFFAOYSA-N,salicylamide,38720721,serum,Not reported,Reverse phase/C18
0.07322298119861546,-0.04784022550741232,IK_NITMRIAAAKECLS-IZZDOVSWSA-N,Furapyrimidone,MTBLS11904,plasma,Positive,Reverse phase/C18
-0.01246750266018443,0.028301021483548218,IK_ATFNSNUJZOYXFC-RQJHMYQMSA-N,Terreic acid,MTBLS11904,plasma,Negative,Reverse phase/C18
0.2735873329571886,-0.31942962253031465,IK_ZICVPLGXTMCKHF-ROUYHVFWSA-N,"PE-NMe(16:0/20:3(5Z,8Z,11Z))",MTBLS11904,plasma,Negative,Reverse phase/C18
0.01281281547329764,-0.3618517015322791,IK_UJFWRUHMFNKTTC-UHFFFAOYSA-N,Cholylserine,MTBLS11904,plasma,Negative,Reverse phase/C18
-0.24335671816801804,-0.479970162985873,IK_PLSQMGZYOGSOCE-XINAWCOVSA-N,Dihydroneopterin phosphate,MTBLS11904,plasma,Negative,Reverse phase/C18
-0.20075718592526998,-1.0438693338085194,IK_RGHHSNMVTDWUBI-UHFFFAOYSA-N,4-Hydroxybenzaldehyde,MTBLS11904,plasma,Positive,Reverse phase/C18
-0.06724323918997212,-0.7936177899514396,IK_HCAJEUSONLESMK-UHFFFAOYSA-N,Cyclamate,35829770,plasma,Negative,Reverse phase/C18
-0.11126982146925737,0.0660229998856108,IK_JSNQSLSBBZFGBM-UHFFFAOYSA-N,"Exo,exo-1,8-Epoxy-p-menthane-2,6-diol",MTBLS11904,plasma,Negative,Reverse phase/C18
-0.026806028352999323,-0.9983353250865789,IK_LZOSYCMHQXPBFU-UHFFFAOYSA-N,Decanoyl-L-carnitine,35829770,plasma,Positive,HILIC
0.19576596894185477,-0.43270146172961954,IK_OOBHFESNSZDWIU-UHFFFAOYSA-N,Phenmetrazine,MTBLS11904,plasma,Negative,Reverse phase/C18
0.3163879034627009,-0.41071786502437563,IK_UKMSUNONTOPOIO-UHFFFAOYSA-N,Behenic acid,MTBLS11904,plasma,Positive,Reverse phase/C18
0.6845948287057777,0.017966366729747586,IK_PLNJUBIUGVATKW-SNAWJCMRSA-N,Methyl furfuracrylate,MTBLS11904,plasma,Negative,Reverse phase/C18
-0.058261647685944856,-0.33418360777360695,IK_IDAICLIJTRXNER-UHFFFAOYSA-N,Tetrahydropteridine,24167579,serum,Positive,Reverse phase/C18
-0.09414005284149525,-1.169294140865731,IK_SEOVTRFCIGRIMH-UHFFFAOYSA-N,Indole-3-acetic acid,35829770,plasma,Positive,Reverse phase/C18
0.0013461834574805549,0.032578109073275255,IK_CATMPQFFVNKDEY-YPMHNXCESA-N,Golotimod,MTBLS11904,plasma,Negative,Reverse phase/C18
0.001106737270844565,-0.032790858388217756,IK_CZKWVFPVOOTCDG-UHFFFAOYSA-N,"2,2-Dimethyl-5-hydroxy-1-pyrrolidinyloxy",MTBLS11904,plasma,Positive,Reverse phase/C18
0.3374672461806393,-0.05865976219262914,IK_OAMCCJASDLMTOO-UHFFFAOYSA-N,"3,4-Bis(7-chloroindol-3-yl)pyrrole-2,5-dicarboxylate",24167579,serum,Positive,Reverse phase/C18
0.3893326767966188,0.15747493908330004,IK_AQZMUAMGLNHYRT-SESCJMQFSA-N,"PE-NMe2(15:0/20:2(11Z,14Z))",MTBLS11904,plasma,Positive,Reverse phase/C18
0.037691323192418996,0.043058701729983155,IK_KKUOJZVNLJCTPF-UHFFFAOYSA-N,Glucosyl passiflorate,MTBLS11904,plasma,Positive,Reverse phase/C18
-0.09431599473100448,-0.783397154613165,IK_MTCFGRXMJLQNBG-UWTATZPHSA-N,D-serine,35829770,plasma,Positive,HILIC
-0.1718347253734076,-0.5336723545263061,IK_FLCQLSRLQIPNLM-UHFFFAOYSA-N,"2,5-Dioxopyrrolidin-1-yl 2-(acetylthio)acetate",MTBLS11904,plasma,Negative,Reverse phase/C18
-0.043774403898121504,0.039359803026448655,IK_JKIFWWSPZOSHGE-UHFFFAOYSA-N,6-Hydroxyheptanoylcarnitine,MTBLS11904,plasma,Positive,Reverse phase/C18
0.7598499008823095,-0.3472294675535125,IK_RFVFQQWKPSOBED-PSXMRANNSA-N,PC(14:0/16:0),MTBLS11904,plasma,Positive,Reverse phase/C18
-0.5463954540049305,-0.3616588461437832,IK_RIDOSNBWMUADGT-AFSLFLIVSA-N,stearidonic acid (FA 18:4),37755270,serum,Not reported,Reverse phase/C18
0.8674745027224108,2.901046340158658,UNKNOWN_ROW__24167579__unknown_156,unknown_156,24167579,serum,Positive,Reverse phase/C18
0.16932282830006215,-0.5551337785057036,IK_KSMRODHGGIIXDV-YFKPBYRVSA-N,N-Acetylglutamine,MTBLS11904,plasma,Positive,Reverse phase/C18
-0.41264393408443,0.09964954015925477,IK_NCEQLLNVRRTCKJ-UHFFFAOYSA-N,"4-[2-[5,5-Dimethyl-8-(4-methylphenyl)-6H-naphthalen-2-yl]ethynyl]benzoic acid",MTBLS11904,plasma,Negative,Reverse phase/C18
0.4861995106863286,-0.4986570913131089,IK_CZWCKYRVOZZJNM-USOAJAOKSA-N,dehydroepiandrosterone sulfate,38720721,serum,Not reported,Reverse phase/C18
0.03468022592334975,-0.008453899416449905,IK_KQZRTOGFDRQBSR-UHFFFAOYSA-N,"2-Amino-4-oxo-6-(1',2',3'-trihydroxypropyl)-diquinoid-7,8-dihydroxypterin",MTBLS11904,plasma,Positive,Reverse phase/C18
-0.22450846130038657,-0.849597936036609,IK_ZQPPMHVWECSIRJ-KTKRTIGZSA-N,Oleic acid,MTBLS11904,plasma,Negative,Reverse phase/C18
0.13519057136050508,-0.9733845420542832,IK_OLNJUISKUQQNIM-UHFFFAOYSA-N,Indole-3-carboxaldehyde,MTBLS11904,plasma,Positive,Reverse phase/C18
-0.13184511545169816,-0.4013088649712217,IK_KCSKCIQYNAOBNQ-YBSFLMRUSA-N,Biotin sulfoxide,MTBLS11904,plasma,Negative,Reverse phase/C18
-0.057307725729341764,-0.10222259927533961,IK_QMMFVYPAHWMCMS-UHFFFAOYSA-N,Dimethylsulfide,MTBLS11904,plasma,Positive,Reverse phase/C18
0.2815502610901615,-0.4597238038601687,IK_XMLFPUBZFSJWCN-UHFFFAOYSA-N,2-Hydroxy-4-trifluoromethyl benzoic acid,MTBLS11904,plasma,Negative,Reverse phase/C18
-0.11289472682253904,-0.48952400231912135,IK_AGMMTXLNIQSRCG-UHFFFAOYSA-N,Quinethazone,MTBLS11904,plasma,Negative,Reverse phase/C18
0.10059805051813665,1.163240771448211,UNKNOWN_ROW__35829770__unknown_299,unknown_299,35829770,plasma,Positive,Reverse phase/C18
0.04236063894776495,-0.015534838263719902,IK_SGQOVJBGRJMVJR-UHFFFAOYSA-N,"5-Ethyl-5-phenyl-1,3-oxazolidine-2,4-dione",MTBLS11904,plasma,Negative,Reverse phase/C18
-0.40991376032334365,0.06569940776876859,IK_VCRXMIQBQGCAAL-UHFFFAOYSA-N,Tyrosol 4-sulfate,MTBLS11904,plasma,Negative,Reverse phase/C18
0.06595363127622221,-0.4685892700119708,IK_DIRFUJHNVNOBMY-UHFFFAOYSA-N,Fenobucarb,MTBLS11904,plasma,Positive,Reverse phase/C18
-0.036957478555680615,-0.7694715521844288,IK_AYFVYJQAPQTCCC-UHFFFAOYNA-N,Threonine,ST001814,plasma,Positive,GC-MS
-0.0848438589961622,1.0471458934680835,NO_INCHIKEY__dg 36 4 isomer a,DG 36:4 Isomer A,37755270,serum,Not reported,Reverse phase/C18
0.7620453473272932,-0.3486759905725496,IK_LVNGJLRDBYCPGB-LDLOPFEMSA-N,PE(18:0/18:0),MTBLS11904,plasma,Negative,Reverse phase/C18
-0.18543534174990628,-1.0462297425160185,IK_ISAKRJDGNUQOIC-UHFFFAOYSA-N,Uracil,MTBLS11904,plasma,Positive,Reverse phase/C18
0.13172706114924365,-0.4209816644508142,IK_WQLVFSAGQJTQCK-VKROHFNGSA-N,Diosgenin,MTBLS11904,plasma,Positive,Reverse phase/C18
-0.2237288474008985,-0.4074987581477467,IK_HZBABTUFXQLADL-UHFFFAOYSA-N,4-Heptyloxyphenol,MTBLS11904,plasma,Negative,Reverse phase/C18
0.05502924372194947,-0.3971558850791836,IK_UNHCPLSWMNPZTD-HXUWFJFHSA-N,Hexadecanedioic acid mono-L-carnitine ester,MTBLS11904,plasma,Positive,Reverse phase/C18
0.7259890313341794,-0.3707886697149399,IK_OBFSLMQLPNKVRW-RHPAUOISSA-N,Cer(d18:1/18:1(9Z)),MTBLS11904,plasma,Negative,Reverse phase/C18
0.28636527217673696,0.08848040636151716,IK_PZHOVOCGVTXFSM-DOFZRALJSA-N,LPC 42:4,37755270,serum,Not reported,Reverse phase/C18
0.08705841484097512,0.021770331866400542,IK_ANKFPIBCTISOBX-UHFFFAOYSA-N,Petasalbin,MTBLS11904,plasma,Positive,Reverse phase/C18
-0.6303781178141514,-0.42908578185899054,IK_RYFOJXFXERAMLS-UHFFFAOYSA-N,Nicotyrine,MTBLS11904,plasma,Negative,Reverse phase/C18
0.6379364925973446,2.432272102540808,UNKNOWN_ROW__24167579__unknown_186,unknown_186,24167579,serum,Positive,Reverse phase/C18
0.09709202506895641,-0.3815809968537381,IK_IUBMRJVNZLQSHU-FDJBSCRHSA-N,Monic acid,MTBLS11904,plasma,Positive,Reverse phase/C18
0.14490306905324657,1.1208825010389152,UNKNOWN_ROW__35829770__unknown_446,unknown_446,35829770,plasma,Positive,HILIC
2.9339741327931024,-1.5569096800953337,IK_QLQOTPOBMXWKOW-UHFFFAOYSA-N,PS 40:4,37755270,serum,Not reported,Reverse phase/C18
0.061181348383033636,-0.11788784908799159,IK_GMQUMWVEWMCMOQ-UHFFFAOYSA-N,"2,4-Dihydroxy-2,5-dimethyl-3(2H)-furanone",MTBLS11904,plasma,Positive,Reverse phase/C18
0.15758395089546628,0.0784535384057085,IK_NRZWYNLTFLDQQX-UHFFFAOYSA-N,4-Tert-Amylphenol,MTBLS11904,plasma,Positive,Reverse phase/C18
-0.3076207165254152,-0.40782338208236685,IK_OMFXVFTZEKFJBZ-HJTSIMOOSA-N,Corticosterone,33485385,plasma,Positive,LC-MS/unspecified
0.09330797292554885,0.372437862980994,NO_INCHIKEY__12 carbon fatty acid,12-carbon fatty acid,24167579,serum,Positive,Reverse phase/C18
0.4592213088309617,0.050541501691418786,IK_GJUABKCEXOMRPQ-UHFFFAOYSA-N,C.I. Solvent Red 80,MTBLS11904,plasma,Negative,Reverse phase/C18
0.2578501639753321,0.09897993485581294,IK_DYENWMUXSKPFLC-DFLWBBLWSA-N,2-Deoxy-28-homocastasterone,MTBLS11904,plasma,Negative,Reverse phase/C18
-0.11676196708125403,-0.8696757151920416,IK_IPWFJLQDVFKJDU-UHFFFAOYSA-N,Pentanamide,MTBLS11904,plasma,Positive,Reverse phase/C18
-0.0018174877076079544,-0.30903803713983596,IK_JSFATNQSLKRBCI-USWFWKISSA-N,15-HETE,ACS1517,serum,Negative,Reverse phase/C18
-0.019048452192753924,-0.2880464494187066,IK_KDYFGRWQOYBRFD-UHFFFAOYSA-N,Succinic acid,ST001814,plasma,Positive,GC-MS
0.1635990171063836,-0.4148458994061511,IK_VWTPJNGTEYZXFV-ZWKQNVPVSA-N,3-ketosphingosine,MTBLS11904,plasma,Positive,Reverse phase/C18
-0.05840950436529168,-0.09561181195530467,IK_RCCMXKJGURLWPB-UHFFFAOYSA-N,L-2-Amino-4-methylenepentanedioic acid,MTBLS11904,plasma,Positive,Reverse phase/C18
0.5229494582151397,-0.12388222778542225,IK_JEJLGIQLPYYGEE-UHFFFAOYSA-N,DG 16:0_16:0,37755270,serum,Not reported,Reverse phase/C18
-1.9751278428028058,-0.2197371908223527,IK_CQOQDQWUFQDJMK-SSTWWWIQSA-N,2-methoxyestradiol (2-ME2),37589832,plasma,Not reported,LC-MS/unspecified
-0.8310216830469108,-0.9274410237297847,IK_VEYYWZRYIYDQJM-ZETCQYMHSA-N,N-alpha-acetyllysine,MTBLS11904,plasma,Negative,Reverse phase/C18
-0.06293671223163017,-0.8916190064688347,IK_QIVBCDIJIAJPQS-SECBINFHSA-N,D-Tryptophan,35829770,plasma,Positive,HILIC
-0.07367046762911483,-0.36407358494193315,IK_FNRBOAGVUNHDIL-LMZUXBMISA-N,Soyasapogenol E,MTBLS11904,plasma,Positive,Reverse phase/C18
-0.10924487247897774,-0.3998058982420336,IK_YYZUSRORWSJGET-UHFFFAOYSA-N,Ethyl octanoate,MTBLS11904,plasma,Negative,Reverse phase/C18
-0.08800822886859828,-1.1124235767361252,IK_DCXYFEDJOCDNAF-REOHCLBHSA-N,L-Asparagine,ST001814,plasma,Positive,GC-MS
0.06552531489516504,1.1440709080710059,UNKNOWN_ROW__35829770__unknown_308,unknown_308,35829770,plasma,Positive,Reverse phase/C18
0.13027990798942063,0.11386353482002055,IK_MTJZYEYMGZZYQD-OPMFDOCVSA-N,"5-Hydroxycapsanthin-5,6-epoxide",MTBLS11904,plasma,Positive,Reverse phase/C18
-0.8305545604968035,-1.3761024749591033,IK_JFLIEFSWGNOPJJ-UHFFFAOYNA-N,Phenylacetylglutamine,MTBLS11904,plasma,Negative,Reverse phase/C18
0.6368881442611787,0.053572759280738264,IK_ZZUMXQCSMJCDDC-DFQOQHGMSA-N,"7a,12a-Dihydroxy-3-oxo-4-cholenoic acid",MTBLS11904,plasma,Negative,Reverse phase/C18
-2.926288163836033,-0.35305067548595814,IK_YMGFTDKNIWPMGF-UCPJVGPRSA-N,Salvianolic acid A,MTBLS11904,plasma,Negative,Reverse phase/C18
0.04310088194155351,-0.4590375823099472,IK_ZJDPLLSGJXQZSR-HMPWLZDGSA-N,Leu Ile,MTBLS11904,plasma,Positive,Reverse phase/C18
0.21586155777166582,-0.38350078805092663,IK_JXNRXNCCROJZFB-RYUDHWBXSA-N,Kyotorphin,MTBLS11904,plasma,Positive,Reverse phase/C18
0.026522297865378876,0.0245563691203298,IK_HSQVHYANHDSFFI-UHFFFAOYSA-N,"2',3-Dimethyl-4-aminobiphenyl",MTBLS11904,plasma,Positive,Reverse phase/C18
0.3340342130271103,-0.0682132116406183,IK_VMGXLRXDXJZSTP-UHFFFAOYSA-N,Olsalazine-O-sulfate,MTBLS11904,plasma,Negative,Reverse phase/C18
-0.24661941266890725,-0.07772671735774095,IK_QVMUHZHZYCDMAI-RYUDHWBXSA-N,Austdiol,MTBLS11904,plasma,Negative,Reverse phase/C18
-0.17305201919909835,-0.5685405611630213,IK_FQPGMQABJNQLLF-VKHMYHEASA-N,L-Canaline,MTBLS11904,plasma,Positive,Reverse phase/C18
-0.05109836430489104,-1.2013104639501024,IK_KCXVZYZYPLLWCC-UHFFFAOYSA-N,Edetic Acid,35829770,plasma,Positive,HILIC
0.1533186730616459,0.017966828477772853,IK_GMXQUOKWLVCFEG-UHFFFAOYSA-N,N-[2-[2-(2-Aminoethylamino)ethylamino]ethyl]acetamide,MTBLS11904,plasma,Positive,Reverse phase/C18
0.0680704591785605,-0.4067154122791363,IK_AKUJBENLRBOFTD-RPRRAYFGSA-N,Dexamethasone acetate,MTBLS11904,plasma,Positive,Reverse phase/C18
-2.351996175562772,-0.8016371739718677,IK_UGJMXCAKCUNAIE-UHFFFAOYSA-N,Gabapentin,38720721,serum,Not reported,Reverse phase/C18
0.08313114457650306,1.155020630407064,UNKNOWN_ROW__35829770__unknown_438,unknown_438,35829770,plasma,Positive,HILIC
0.11534634851832341,0.04394189934278391,IK_ZXEUFAVXODIPHC-GUBZILKMSA-N,Lys Glu Asn,MTBLS11904,plasma,Positive,Reverse phase/C18
0.016849511577869285,0.06973696871378889,IK_IJJKRFDBPRPLQQ-UHFFFAOYSA-N,"Trans-p-Menthane-7,8-diol 7-glucoside",MTBLS11904,plasma,Positive,Reverse phase/C18
0.2037895943454032,1.0067892701347818,NO_INCHIKEY__pc ae c42 4,PC ae C42:4,34577635,serum,Not reported,LC-MS/unspecified
-0.13629059855226225,0.06180917031932222,IK_OIOFPHGTOUDKAJ-UHFFFAOYSA-N,Oxonorfloxacin,MTBLS11904,plasma,Negative,Reverse phase/C18
-0.06210194663666071,-0.02094415934816098,IK_HTRUBLMPPVBOHG-UHFFFAOYSA-N,"2-Mercapto-3-phenylthieno[3,2-d]pyrimidin-4(3H)-one",MTBLS11904,plasma,Negative,Reverse phase/C18
-1.0873806491859666,0.03567852781246818,IK_CZNJCCVKDVCRKF-UHFFFAOYSA-N,Benzyl sulfate,MTBLS11904,plasma,Negative,Reverse phase/C18
-0.22402430040753138,-0.5586754751288082,IK_VCMMXZQDRFWYSE-UHFFFAOYSA-N,Plumbagin,MTBLS11904,plasma,Negative,Reverse phase/C18
0.04420102692817629,-0.09199595030335275,IK_MSFSPUZXLOGKHJ-GLPGPYIRSA-N,Alpha-Muramic acid,MTBLS11904,plasma,Negative,Reverse phase/C18
-0.8473549294062033,-0.5056179246206849,IK_UZTFMUBKZQVKLK-UHFFFAOYSA-M,4-Acetamidobutanoate,MTBLS11904,plasma,Negative,Reverse phase/C18
0.19206131754011707,-0.4151614159181107,IK_ZEMGGZBWXRYJHK-UHFFFAOYSA-N,2-Thiouracil,MTBLS11904,plasma,Negative,Reverse phase/C18
-0.02545728287165829,-0.002199256140420222,IK_FBTYOQIYBULKEH-ZFWWWQNUSA-N,Histidyltryptophan,MTBLS11904,plasma,Negative,Reverse phase/C18
-0.04760074973118214,0.15086111561390206,IK_HCHGFYPZNIAAGT-MOZMCZEASA-N,Donhexocin,MTBLS11904,plasma,Negative,Reverse phase/C18
0.2031356269330476,-0.3769841395896523,IK_DSDNAKHZNJAGHN-MXTYGGKSSA-N,Resiniferatoxin,MTBLS11904,plasma,Negative,Reverse phase/C18
-0.24571022356824135,-1.3377672465168289,IK_DHMQDGOQFOQNFH-UHFFFAOYSA-N,Glycine,28880465,serum,Positive,LC-MS/unspecified
-0.12562985816699274,-1.496168320328296,IK_KDXKERNSBIXSRK-YFKPBYRVSA-N,L-Lysine,35829770,plasma,Positive,Reverse phase/C18
0.48277143739992256,-0.4096368990643737,IK_GHOKWGTUZJEAQD-ZETCQYMHSA-N,Pantothenic acid,ST003159,serum,Positive,HILIC
-0.037631172334591206,-0.7668647128513062,IK_HVYWMOMLDIMFJA-DPAQBDIFSA-N,Cholesterol,ST001814,plasma,Positive,GC-MS
-1.5290926159594578,0.12267691283026999,IK_RALVCBWUWHJOGL-OPMJLWCUSA-N,Myricatomentoside I,MTBLS11904,plasma,Negative,Reverse phase/C18
-0.20266994149723175,-0.5595032692264599,IK_KBOJOGQFRVVWBH-ZETCQYMHSA-N,N-Acetyl-L-Histidine,24167579,serum,Positive,Reverse phase/C18
2.0657063385705143,-0.487902495642413,IK_HOUYEUYYRCGVGJ-WDTHWMLCSA-N,PS 18:0_22:3,37755270,serum,Not reported,Reverse phase/C18
0.25202148698307064,-0.07879483347460764,IK_QSHBSBLCKIPCKO-UHFFFAOYSA-N,Aflatoxin GM1,MTBLS11904,plasma,Negative,Reverse phase/C18
0.03932960294349754,0.9022218654095455,UNKNOWN_ROW__24167579__unknown_18,unknown_18,24167579,serum,Positive,Reverse phase/C18
-0.27506853567582196,0.06057473842556578,IK_LXYZKMJJLXYZTE-RKQHYHRCSA-N,1-(beta-D-Glucopyranosyloxy)-3-octanone,MTBLS11904,plasma,Negative,Reverse phase/C18
-0.03782509888878136,0.041977942614022344,IK_XUWLAGNFLUARAN-CHQNGUEUSA-N,"N,N-Diallyl-tyrosyl-aminoisobutyryl-aminoisobutyryl-phenylalanyl-leucine",MTBLS11904,plasma,Positive,Reverse phase/C18
0.29189841778142506,-0.4004109371256337,IK_JXCOSKURGJMQSG-AZQJGLEESA-N,Cortolone,MTBLS11904,plasma,Negative,Reverse phase/C18
0.07817112836598758,0.10060148724753687,IK_PADNECYMNLPKRN-UHFFFAOYSA-N,Theasapogenol E,MTBLS11904,plasma,Negative,Reverse phase/C18
0.049815720611844576,1.1820621408867586,UNKNOWN_ROW__35829770__unknown_425,unknown_425,35829770,plasma,Positive,HILIC
-0.2264319018542933,-0.4639662873679463,IK_LOWWYYZBZNSPDT-ZBEGNZNMSA-N,Delgocitinib,MTBLS11904,plasma,Positive,Reverse phase/C18
1.3368040610271095,-0.5220296530844942,IK_SHAQGFGGJSLLHE-BQBZGAKWSA-N,pro-gln,38720721,serum,Not reported,Reverse phase/C18
0.44408474275613663,-1.0151317318477242,IK_ZHRLECIZINSPKL-AKGZTFGVSA-N,L-Cysteinylglycine disulfide,28880465,serum,Positive,LC-MS/unspecified
0.016061824384654963,-0.39237285916661135,IK_HRWWBCRSPUEXDM-XTMWUNHTSA-N,Oryzalexin D,MTBLS11904,plasma,Negative,Reverse phase/C18
-0.24979324263698988,-0.014699385963034309,IK_KHCDPAZLBSPVSE-UHFFFAOYSA-N,9-Oxohexadecanoic acid,MTBLS11904,plasma,Positive,Reverse phase/C18
-0.01013925332679479,0.08066100292113429,IK_RSDDHGSKLOSQFK-RVDMUPIBSA-N,Auraptene,MTBLS11904,plasma,Negative,Reverse phase/C18
0.19269406369604333,0.056024343408114165,IK_JPDVTYPPMALQJO-UZQDAVMLSA-N,N-di-Demethyl roxithromycin,MTBLS11904,plasma,Positive,Reverse phase/C18
0.10225879991864609,0.03412843601108865,IK_ZUXGPPMNMKSOEO-LFYBBSHMSA-N,Merodesmosine,MTBLS11904,plasma,Negative,Reverse phase/C18
-0.1684947769653289,-1.0464284405835926,IK_LHQIJBMDNUYRAM-DZSWIPIPSA-N,Biopterin,28880465,serum,Positive,LC-MS/unspecified
-0.22227694034468898,-0.3965733753201333,IK_JKKCSFJSULZNDN-HGRQIUPRSA-N,Gonyautoxin V,MTBLS11904,plasma,Positive,Reverse phase/C18
1.2115447908558812,0.027820964087661743,IK_BMLMGCPTLHPWPY-REOHCLBHSA-N,Procysteine,38720721,serum,Not reported,Reverse phase/C18
0.06072912411086563,0.08345655283778933,IK_FQJISUPNMFRIFZ-HXUWFJFHSA-N,Ronacaleret,MTBLS11904,plasma,Negative,Reverse phase/C18
-0.028929652130413,-0.7908014064009141,IK_COLNVLDHVKWLRT-QMMMGPOBSA-N,L-Phenylalanine,28880465,serum,Positive,LC-MS/unspecified
-0.027744187786367246,0.04084703175490877,IK_CLVUFWXGNIFGNC-QTSLKERKSA-N,"(2r,3r,5s,6r)-2,6-Bis(hydroxymethyl)piperidine-3,4,5-triol",MTBLS11904,plasma,Positive,Reverse phase/C18
-0.23455059444208706,-0.38283505854471744,IK_DFYHDDCNKMPXMX-UHFFFAOYSA-M,6-isobutyl-4-hydroxy-2-pyrone,MTBLS11904,plasma,Negative,Reverse phase/C18
-0.1337883576292381,-0.09409503122221134,IK_MXNRLFUSFKVQSK-UHFFFAOYSA-N,Laminine,MTBLS11904,plasma,Positive,Reverse phase/C18
1.7860267360794673,-0.4851011758758977,IK_AEMOLEFTQBMNLQ-QIUUJYRFSA-N,Beta-D-Glucopyranuronic acid,24167579,serum,Positive,Reverse phase/C18
-0.0837364414499117,-0.4084950569055177,IK_ZKRFOXLVOKTUTA-KQYNXXCUSA-N,6-Thioinosine-5'-monophosphate,MTBLS11904,plasma,Negative,Reverse phase/C18
0.066244572734572,1.2544068463828166,UNKNOWN_ROW__35829770__unknown_307,unknown_307,35829770,plasma,Positive,Reverse phase/C18
-0.21417833998583383,-0.07905608295650134,IK_WQXXXVRAFAKQJM-WHFBIAKZSA-N,Gamma-Glutamylalanine,MTBLS11904,plasma,Positive,Reverse phase/C18
0.06435474798020732,0.1153835881688545,IK_GOBIDZCUVCOUAI-UHFFFAOYSA-N,Cholylhistidine,MTBLS11904,plasma,Negative,Reverse phase/C18
-0.7152805017231856,-0.5972192016795351,IK_DQXQIWIQYYEGLG-MMWLGPPDSA-N,TG 52:3;2O|TG 16:0_18:1_18:2;2O,37755270,serum,Not reported,Reverse phase/C18
1.823485625893091,-0.9153530966286478,IK_GHCZAUBVMUEKKP-WTFVBUONSA-N,Glycoursodeoxycholic acid,29518718,plasma,Positive,LC-MS/unspecified
-0.31746921241228526,-0.3770723142756647,IK_UPSPUYADGBWSHF-UHFFFAOYSA-N,Tolmetin,MTBLS11904,plasma,Positive,Reverse phase/C18
0.2524139147438742,0.15246253322605385,IK_CHQZBIVWDKADIA-GDWUOILNSA-N,N-Oleoyl Alanine,MTBLS11904,plasma,Positive,Reverse phase/C18
0.043022322287480014,0.06455494171169596,IK_UGRNVLGKAGREKS-UHFFFAOYSA-N,"3-(6-Aminopurin-9-yl)-5-(hydroxymethyl)cyclopentane-1,2-diol",MTBLS11904,plasma,Positive,Reverse phase/C18
-0.268474589014313,-0.47313428763941784,IK_XUYPXLNMDZIRQH-LURJTMIESA-N,N-Acetyl-L-methionine,MTBLS11904,plasma,Negative,Reverse phase/C18
0.25847231849357005,-0.5200326323331764,IK_SXHQUGJSTGOXMD-UHFFFAOYSA-N,6-Thiourate,MTBLS11904,plasma,Negative,Reverse phase/C18
0.20569514600399016,-0.424282584216719,IK_QBILRDAMJUPXCX-PDSBPYSYSA-N,Corchoroside A,MTBLS11904,plasma,Positive,Reverse phase/C18
-0.2657459859703192,-0.3961824647947298,IK_VOXZDWNPVJITMN-ZBRFXRBCSA-N,estradiol (E2),37589832,plasma,Not reported,LC-MS/unspecified
-0.3691515397975189,0.0291804644422931,IK_NFNVDJGXRFEYTK-UHFFFAOYSA-N,Leucyl-Glutamate,MTBLS11904,plasma,Positive,Reverse phase/C18
0.12131468537941346,0.04227072271304977,IK_JGTPDCCLPDSJED-FXJFPKDASA-N,"(5Z,8Z,10E,14Z,17Z)-12-Hydroxyicosa-5,8,10,14,17-pentaenoylcarnitine",MTBLS11904,plasma,Negative,Reverse phase/C18
0.019534743514956855,-0.3733001497526216,IK_VYUIKSFYFRVQLF-YLNAYWRASA-N,Castasterone,MTBLS11904,plasma,Negative,Reverse phase/C18
0.027659641976142343,-0.4452176879325388,IK_MMCQRJPAMIHLQX-ZOWXZIJZSA-N,Sophoramine,MTBLS11904,plasma,Positive,Reverse phase/C18
0.34414249708814587,-0.3085861007821389,IK_GUMSBNXGPBAONF-UBRVPYPMSA-N,"PE(20:3(8Z,11Z,14Z)/24:1(15Z))",MTBLS11904,plasma,Positive,Reverse phase/C18
-0.9004042647090676,0.058676403726763963,IK_UMCDODPBPQMWQP-UHFFFAOYSA-N,Dihydroferulic acid 4-O-sulfate,MTBLS11904,plasma,Negative,Reverse phase/C18
0.04288082052502664,-0.482385506797944,IK_NSVPCFNUUARRKL-CSKARUKUSA-N,11-Hydroxy-9-tridecenoic acid,MTBLS11904,plasma,Positive,Reverse phase/C18
-0.15449957311857695,0.15487336725065756,IK_NLUNAYAEIJYXRB-HEJOTXCHSA-N,"8-hydroxy-5Z,9E,11Z,14Z-eicosatetraenoic acid",MTBLS11904,plasma,Positive,Reverse phase/C18
0.44965510951032683,-0.08617921075418482,IK_OKYHUOHBRKWCQJ-FTJYXMLISA-N,S-(1-Propenyl)-cysteine sulfoxide,MTBLS11904,plasma,Negative,Reverse phase/C18
0.15980932387917535,-0.41496959594248073,IK_ZEZUHTUTOUOANR-JCGOJSMZSA-N,SM 40:1;2O|SM 18:1;2O/22:0,37755270,serum,Not reported,Reverse phase/C18
-0.2274724148427535,-0.08136953392474373,IK_FIXDIFPJOFIIEC-RITPCOANSA-N,(3R)-3-Hydroxy-N-[(3S)-2-oxooxolan-3-yl]butanamide,MTBLS11904,plasma,Positive,Reverse phase/C18
0.5416371309822652,0.07110308149395012,IK_TVLHFFLEOSSHFT-QVLZICSDSA-N,"1b,3a,7b-Trihydroxy-5b-cholanoic acid",MTBLS11904,plasma,Negative,Reverse phase/C18
-3.7658342538779475,-0.5798954364583756,IK_BXJHWYVXLGLDMZ-UHFFFAOYSA-N,Methylguanine,28880465,serum,Positive,LC-MS/unspecified
1.5867304837188143,-0.6165342392756612,IK_GJBXIPOYHVMPQJ-UHFFFAOYSA-N,3-hydroxyanthranilic acid,38516193,plasma,Positive,LC-MS/unspecified
0.27744342952570794,0.24879075816734564,NO_INCHIKEY__flavonoid glucuronide,Flavonoid glucuronide,24167579,serum,Positive,Reverse phase/C18
0.1375226875192715,-0.4103821923004576,IK_UQOQENZZLBSFKO-POPPZSFYSA-N,PI(18:0/PGJ2),MTBLS11904,plasma,Positive,Reverse phase/C18
0.21154122952275203,1.0590702527160039,UNKNOWN_ROW__24167579__unknown_76,unknown_76,24167579,serum,Positive,Reverse phase/C18
-0.1268754915021758,-0.37042864526044467,IK_WYIMORDZGCUBAA-AREMUKBSSA-N,LPC 19:0-SN1,37755270,serum,Not reported,Reverse phase/C18
-54.64987774099046,3.024214252156969,IK_VSTZVCJQGSLNLL-UHFFFAOYSA-N,2-aminophenol sulphate,MTBLS11904,plasma,Negative,Reverse phase/C18
0.12729798518606747,-0.36977574270898955,IK_ASSAYFMXRNLTCY-UHFFFAOYSA-N,22-Acetylpriverogenin B,MTBLS11904,plasma,Negative,Reverse phase/C18
0.029810294335353094,-0.9430136967880752,IK_HPHUVLMMVZITSG-LURJTMIESA-N,Levetiracetam,MTBLS11904,plasma,Positive,Reverse phase/C18
0.04684774422744836,0.10593754038828015,IK_MDZKJHQSJHYOHJ-LLICELPBSA-N,Maslinic acid,MTBLS11904,plasma,Negative,Reverse phase/C18
0.331383125254076,-0.02705724153879236,IK_PQNASZJZHFPQLE-LURJTMIESA-N,N(6)-Methyllysine,28880465,serum,Positive,LC-MS/unspecified
-0.28647907698532277,-0.03430259631881471,IK_VBUYCZFBVCCYFD-JJYYJPOSSA-N,2-Ketogluconic acid,38720721,serum,Not reported,Reverse phase/C18
-0.10097112324197266,-0.355944913210211,IK_VNGUCOGHCJHFID-FLZFTVBESA-N,Soyasapogenol C,MTBLS11904,plasma,Negative,Reverse phase/C18
0.10284481142251357,-0.4380785546499535,IK_VFBPKQSATYZKRX-UHFFFAOYSA-N,Dactimicin,MTBLS11904,plasma,Positive,Reverse phase/C18
-0.08442999701344792,0.027192100063624675,IK_UNUYMBPXEFMLNW-DWVDDHQFSA-N,N6-Threonylcarbamoyladenosine,MTBLS11904,plasma,Positive,Reverse phase/C18
1.0858236221877715,0.11710625888249883,IK_DZMVCVHATYROOS-ZBFGKEHZSA-N,Soblidotin,MTBLS11904,plasma,Negative,Reverse phase/C18
0.9519800898682074,-1.4553182881626285,IK_PHIQHXFUZVPYII-UHFFFAOYNA-N,Carnitine,29518718,plasma,Positive,LC-MS/unspecified
0.006479754295712149,0.09568419469981461,IK_XZBJVIQXJHGUBE-HZMVJJPJSA-N,Fluocortolone Pivalate,MTBLS11904,plasma,Negative,Reverse phase/C18
0.27962284564924406,1.2945705684571003,NO_INCHIKEY__ffa 18 0,FFA 18:0,33485385,plasma,Negative,LC-MS/unspecified
0.12351300377508449,-0.4120263325688934,IK_YUVPOZFUVRRVLD-FCQUAONHSA-N,SM 20:0;2O/21:1,37755270,serum,Not reported,Reverse phase/C18
-2.159300273647326,-0.9417404170173074,IK_RPHLQSHHTJORHI-UHFFFAOYSA-N,Adrenochrome,29518718,plasma,Positive,LC-MS/unspecified
-0.01561374301902112,-0.016359796545416024,IK_GQPDNUJLVOFHSX-UHFFFAOYSA-N,8-Isoquinoline methanamine (hydrochloride),MTBLS11904,plasma,Positive,Reverse phase/C18
-0.27549132353168576,-0.7159534429493242,IK_XQXPVVBIMDBYFF-UHFFFAOYSA-N,p Hydroxyphenylacetic acid,28880465,serum,Positive,LC-MS/unspecified
0.1132869878151839,0.07939508024621211,IK_AHANXAKGNAKFSK-PDBXOOCHSA-N,Dihomo-alpha-linolenic acid,MTBLS11904,plasma,Negative,Reverse phase/C18
-0.17388843327294476,-1.0410636082918843,IK_HXNFUBHNUDHIGC-UHFFFAOYSA-N,Oxypurinol,MTBLS11904,plasma,Positive,Reverse phase/C18
1.3521294059821984,-1.6120653895556134,IK_ZFXYFBGIUFBOJW-UHFFFAOYSA-N,Theophylline,28880465,serum,Positive,LC-MS/unspecified
-0.21700549702785277,2.438523071561749,UNKNOWN_ROW__24167579__unknown_174,unknown_174,24167579,serum,Positive,Reverse phase/C18
0.032501196293410334,0.8919062950375022,UNKNOWN_ROW__35829770__unknown_462,unknown_462,35829770,plasma,Positive,HILIC
0.3918780336417782,-0.3667577518064625,IK_WNFXUXZJJKTDOZ-OAHLLOKOSA-N,Acetylshikonin,MTBLS11904,plasma,Negative,Reverse phase/C18
-0.2585955571731355,-0.5672511247709882,IK_FCXZBWSIAGGPCB-YFKPBYRVSA-N,O-Acetyl-L-homoserine,MTBLS11904,plasma,Positive,Reverse phase/C18
-0.09965816817074225,-0.6909598745720309,IK_KZSNJWFQEVHDMF-BYPYZUCNSA-N,L-Valine,28880465,serum,Positive,LC-MS/unspecified
0.27126010986929894,-0.44109183728425344,IK_PRGQOPPDPVELEG-UHFFFAOYSA-N,Dihydroxycarbazepine,MTBLS11904,plasma,Positive,Reverse phase/C18
0.47658646880678124,7.389344317963311,UNKNOWN_ROW__35829770__unknown_222,unknown_222,35829770,plasma,Negative,Reverse phase/C18
0.04281718564958397,0.11274672103937028,IK_YYQVCMMXPIJVHY-ZOIJLGJPSA-N,LPC 20:2,MTBLS11904,plasma,Positive,Reverse phase/C18
0.10878766767871943,-0.8934248171112747,IK_QBYUNVOYXHFVKC-GBURMNQMSA-N,Lithocholyltaurine,MTBLS11904,plasma,Negative,Reverse phase/C18
0.04060888218513561,0.051124173944179195,IK_YRKLGWOHYXIKSF-LBPRGKRZSA-N,Indole-3-Acetyl-L-Glutamic Acid,MTBLS11904,plasma,Negative,Reverse phase/C18
0.6353699388257941,-0.3518930397914615,IK_LYFMZJCIGLZMJF-IRSYNFPBSA-N,"PE(P-16:0/22:2(13Z,16Z))",MTBLS11904,plasma,Negative,Reverse phase/C18
-3.301735610723959,-0.20503050591241295,IK_OBXKICUTIJDFHI-WMXQMYKUSA-N,"DG(20:4(8Z,11Z,14Z,17Z)-2OH(5S,6R)/8:0/0:0)",MTBLS11904,plasma,Positive,Reverse phase/C18
1.003684149721766,-1.0024903064187307,IK_RHZCEPSTZFIWEU-UHFFFAOYSA-N,Cer d40:0,37755270,serum,Not reported,Reverse phase/C18
0.14794914057690203,-0.38388222499835983,IK_CGIURIOFMWUPSV-RUQPETGGSA-N,Tetrahydroaldosterone-3-glucuronide,MTBLS11904,plasma,Negative,Reverse phase/C18
-0.9633286999473956,0.08543564424078812,IK_LVJJEIJOKPHQOU-UHFFFAOYSA-N,"3-Hydroxy-2-methylpyridine-4,5-dicarboxylate",MTBLS11904,plasma,Negative,Reverse phase/C18
-0.185516103878876,0.08189569028696472,IK_WPJGPAAPSBVXNU-HZJYTTRNSA-N,"7Z,10Z-Hexadecadienoic acid",MTBLS11904,plasma,Negative,Reverse phase/C18
0.3598758779432078,0.19850322717296473,NO_INCHIKEY__flavanoid glucuronide,Flavanoid glucuronide,24167579,serum,Positive,Reverse phase/C18
0.4623640255520956,-0.0528599494382201,IK_RJTCYGBFKSOFPL-UHFFFAOYSA-N,"[(5R)-5-[(1S)-1,2-Dihydroxyethyl]-2,4-dioxooxolan-3-yl] dihydrogen phosphate",MTBLS11904,plasma,Negative,Reverse phase/C18
0.3827587365894999,-0.32007174580800396,IK_NXJDPFSYOMFVES-SUTPNROZSA-N,3-O-Sulfogalactosylceramide (d18:1/18:1(9Z)),MTBLS11904,plasma,Positive,Reverse phase/C18
0.04658816559424227,-0.4582670284889797,IK_MJEQLGCFPLHMNV-UHFFFAOYSA-N,Hydroxymethylcytosine,MTBLS11904,plasma,Negative,Reverse phase/C18
-0.1079168264113911,-0.4043667669882951,IK_VLBPIWYTPAXCFJ-UHFFFAOYSA-N,LPC O-16:0,37755270,serum,Not reported,Reverse phase/C18
-0.020492784846326162,-0.38968497684653514,IK_DZUXGQBLFALXCR-CDIPTNKSSA-N,Prostaglandin F1a,MTBLS11904,plasma,Negative,Reverse phase/C18
0.11792110297948342,0.018880298532834325,IK_XYWRZQQANNOTTD-UHFFFAOYSA-N,Glaucamine,MTBLS11904,plasma,Negative,Reverse phase/C18
0.196405775696908,-0.40202496603620563,IK_RTZKSTLPRTWFEV-QWHCGFSZSA-N,Rubschisandrin,MTBLS11904,plasma,Negative,Reverse phase/C18
0.7296011297467652,0.07343095237204746,IK_IKQCSJBQLWJEPU-UHFFFAOYSA-M,"2,5-dihydroxybenzenesulfonate",37755270,serum,Not reported,Reverse phase/C18
-0.5264583395103047,-0.3704257409790488,IK_ABOLXXZAJIAUGR-JPMMFUSZSA-N,Ibuprofen glucuronide,MTBLS11904,plasma,Negative,Reverse phase/C18
-0.43411404246248264,-0.2581499107878513,IK_FFDGPVCHZBVARC-UHFFFAOYSA-N,"N,N-dimethylglycine",ST003159,serum,Negative,Reverse phase/C18
0.7381730695491588,2.402029515931812,UNKNOWN_ROW__24167579__unknown_191,unknown_191,24167579,serum,Positive,Reverse phase/C18
0.24233990241933226,-0.3123482658483319,IK_SFLDCCXGUXPHRG-VKXIRHRZSA-N,"PG(20:4(5Z,8Z,11Z,14Z)/18:0)",MTBLS11904,plasma,Positive,Reverse phase/C18
-0.5355959406070859,-0.37079251875706243,IK_VUALREFPJJODHZ-JTCHKQLLSA-N,Chitobiose,MTBLS11904,plasma,Negative,Reverse phase/C18
0.21250850549491,-0.34973712579276783,IK_LMKGFPWGPGBBHF-FVQFVYKESA-N,"PG(a-13:0/18:2(9Z,11Z))",MTBLS11904,plasma,Positive,Reverse phase/C18
0.12184556902152606,-0.3546267756661188,IK_FNPHNLNTJNMAEE-UHFFFAOYSA-N,acylcarnitine 18:0,37755270,serum,Not reported,Reverse phase/C18
0.18845595901253118,0.052909697339253804,IK_JLXVRFDTDUGQEE-YFKPBYRVSA-N,Glycyl-Arginine,MTBLS11904,plasma,Positive,Reverse phase/C18
0.6801374968005668,0.024548899446737906,IK_MIAKOEWBCMPCQR-GCHJQGSQSA-N,4-Aminophenylmannoside,MTBLS11904,plasma,Positive,Reverse phase/C18
-0.08910447920298441,-0.522608455619572,IK_UYUXSRADSPPKRZ-SKNVOMKLSA-N,D-Glucuronolactone,38720721,serum,Not reported,Reverse phase/C18
0.14419546481535747,-0.46315067757248013,IK_YMAHRLYIAABQRQ-UHFFFAOYSA-N,"2-(3-fluorophenyl)-4-(4-Methylpiperazin-1-yl)-1H-pyrrolo[3,2-c]pyridine",MTBLS11904,plasma,Positive,Reverse phase/C18
0.1483568248673353,-0.5342913958917648,IK_VGZSUPCWNCWDAN-UHFFFAOYSA-N,Acetohexamide,MTBLS11904,plasma,Negative,Reverse phase/C18
-0.01013746282017442,-0.5403043726639274,IK_BPZXYEUJBFHASJ-UUOKFMHZSA-N,6-Thioguanosine monophosphate,MTBLS11904,plasma,Positive,Reverse phase/C18
0.10649198200911007,-0.4105238360113506,IK_DIFYHTVBKJHYKE-OUNRCAHPSA-N,Gonal,MTBLS11904,plasma,Positive,Reverse phase/C18
0.8355852724389089,2.4349318336406665,UNKNOWN_ROW__24167579__unknown_153,unknown_153,24167579,serum,Positive,Reverse phase/C18
0.19514514930873383,-0.39064554776905985,IK_HMARMWSETGYKDK-AOGVJQIJSA-N,"PE(14:0/18:2(9Z,12Z))",MTBLS11904,plasma,Positive,Reverse phase/C18
0.03439009601118943,0.07952856563748223,IK_MMKRHZKQPFCLLS-UHFFFAOYSA-N,Ethyl Myristate,MTBLS11904,plasma,Negative,Reverse phase/C18
-0.13741433715886112,-0.5376619884142962,IK_QHWZTVCCBMIIKE-SHYZEUOFSA-N,DUDP,MTBLS11904,plasma,Negative,Reverse phase/C18
0.07691762554330696,-0.382723960497119,IK_UBCPEZWGUOSYHO-JAPSQKQGSA-N,"27-Nor-5b-cholestane-3a,7a,12a,24,25-pentol",MTBLS11904,plasma,Negative,Reverse phase/C18
-0.1017062600376969,-0.44862037089469153,IK_DLDJFQGPPSQZKI-UHFFFAOYSA-N,"2-Butyne-1,4-diol",MTBLS11904,plasma,Positive,Reverse phase/C18
-0.0634444944361986,-0.9804034420558977,IK_UFAHZIUFPNSHSL-UHFFFAOYNA-N,Propionylcarnitine,35829770,plasma,Positive,Reverse phase/C18
-0.7372915326433269,0.005618264915408529,IK_HRLQZTOIKWEZBN-UHFFFAOYSA-N,2-Hydroxyacetaminophen sulfate,MTBLS11904,plasma,Negative,Reverse phase/C18
-0.15834965902911097,2.428286506219113,UNKNOWN_ROW__24167579__unknown_149,unknown_149,24167579,serum,Positive,Reverse phase/C18
0.08867302485366241,0.01730493796727615,IK_JNTMAZFVYNDPLB-PEDHHIEDSA-N,Diprotin A,MTBLS11904,plasma,Positive,Reverse phase/C18
-0.8755305734747836,-0.44620994087045396,IK_JVGVDSSUAVXRDY-UHFFFAOYSA-M,3-(4-Hydroxyphenyl)lactate,MTBLS11904,plasma,Negative,Reverse phase/C18
-0.09119087130437328,-0.004615801062472526,IK_XWHHYOYVRVGJJY-QMMMGPOBSA-N,4-Fluoro-L-phenylalanine,MTBLS11904,plasma,Positive,Reverse phase/C18
0.12994637826941677,0.07768602118410738,IK_WKMBZTIVAJAWBA-UHFFFAOYSA-N,"(R)-1-O-[b-D-Apiofuranosyl-(1->2)-b-D-glucopyranoside]-1,3-octanediol",MTBLS11904,plasma,Positive,Reverse phase/C18
0.316328565216441,-0.5395677335837126,IK_ANVLMUZOIWITMQ-UHFFFAOYSA-N,"3-[(1R,2R,3S)-3-Carboxy-1,2,3-trihydroxypropyl]dioxirane-3-carboxylic acid",MTBLS11904,plasma,Negative,Reverse phase/C18
-1.1651152913218739,-0.31151468305779917,IK_DFFOSEJNFZUOSK-UHFFFAOYSA-N,2-(2-(4-Phenoxy-2-propylphenoxy)ethyl)indole-5-acetic acid,MTBLS11904,plasma,Negative,Reverse phase/C18
0.0569295999304996,-0.050850423732524234,IK_LCHFAYIGHOVWSA-LEDUIRAGSA-N,?Ã‡Ãœ Tetrahydropentoxyline,24167579,serum,Positive,Reverse phase/C18
-0.0886003544976714,-0.07839830381941315,IK_SZEOBSAZWJLOGY-VGMNWLOBSA-N,Glycylprolylhydroxyproline,MTBLS11904,plasma,Positive,Reverse phase/C18
0.2875925432650664,0.05052779894531683,IK_TUZHANAISKEZFG-GHDNBGIDSA-N,Menatetrenone Epoxide,MTBLS11904,plasma,Positive,Reverse phase/C18
0.02456379033146841,-0.03302424850194678,IK_CXTXHTVXPMOOSW-JUEJINBGSA-N,Epidermin,MTBLS11904,plasma,Positive,Reverse phase/C18
-0.5640603614752272,-0.5030725223504409,IK_WHPVYXDFIXRKLN-UHFFFAOYSA-N,PBDE 99,24167579,serum,Positive,Reverse phase/C18
-0.06749654549287007,0.018044940876722083,IK_XHHOHZPNYFQJKL-QWRGUYRKSA-N,Gamma-Glutamylphenylalanine,MTBLS11904,plasma,Negative,Reverse phase/C18
0.682448162270633,-0.1260175010477231,IK_IBQZIPBWWJOUDZ-UHFFFAOYSA-N,"2-[(2S)-2,6-Diaminohexanoyl]oxyacetic acid",MTBLS11904,plasma,Positive,Reverse phase/C18
0.022710291496155794,-0.3689109314791357,IK_LSUXCWJOIAWGOU-FTJOPAKQSA-N,"LysoPC(0:0/18:2(9Z,12Z))",MTBLS11904,plasma,Positive,Reverse phase/C18
0.15118530389815557,0.031066870259799026,IK_RPZOFMHRRHHDPZ-UHFFFAOYSA-N,Azimexon,MTBLS11904,plasma,Negative,Reverse phase/C18
1.3132937862179705,9.935502018720946,UNKNOWN_ROW__24167579__unknown_104,unknown_104,24167579,serum,Positive,Reverse phase/C18
-0.14058514872425204,1.0717007968546828,NO_INCHIKEY__lpe n fa 40 6 lpe n fa 18 0 22 6,LPE-N (FA)40:6|LPE-N (FA 18:0)22:6,37755270,serum,Not reported,Reverse phase/C18
0.12371464297232558,0.046777509285003384,IK_VRCGDJCVKWWRME-UHFFFAOYSA-N,Alpha-Campholonic acid,MTBLS11904,plasma,Negative,Reverse phase/C18
-0.8708892475151218,0.1038741118455874,IK_VRBFTYUMFJWSJY-UHFFFAOYSA-N,Parylene C,MTBLS11904,plasma,Negative,Reverse phase/C18
0.019261352502070395,-0.4201214751426051,IK_AXRIHSJZHOTGAE-ATZCPNFKSA-N,Senkyunolide N,MTBLS11904,plasma,Negative,Reverse phase/C18
0.025218443177181443,0.6889497040237087,UNKNOWN_ROW__35829770__unknown_200_carbon_number_8_plasma_id_119,Unknown_200 (carbon number 8); PlaSMA ID-119,35829770,plasma,Negative,Reverse phase/C18
-0.2500123421999878,-1.0464981928466912,IK_CTKINSOISVBQLD-UHFFFAOYSA-N,Glycidol,MTBLS11904,plasma,Negative,Reverse phase/C18
0.38538372442233454,-0.5400889664590782,IK_CIKGWCTVFSRMJU-KVQBGUIXSA-N,DGDP,MTBLS11904,plasma,Negative,Reverse phase/C18
0.04966780957616742,0.8892890378973629,UNKNOWN_ROW__35829770__unknown_376,unknown_376,35829770,plasma,Positive,HILIC
-0.3396818612369173,1.0602583566277557,IK_GOQGGGANVKPMNH-UHFFFAOYSA-N,3-Methoxy-4-hydroxyphenylacetaldehyde,ST003159,serum,Positive,HILIC
0.6216396378779988,-0.03605503441800684,IK_HCFRWBBJISAZNK-UHFFFAOYSA-N,4-Hydroxycyclohexylcarboxylic acid,MTBLS11904,plasma,Negative,Reverse phase/C18
0.013997392599306508,-0.595999856656833,IK_SDBITTRHSROXCY-ORCCYPRRSA-N,Lathyrol,35829770,plasma,Positive,Reverse phase/C18
-0.07501262562948388,-0.5683076349745229,IK_UVZICZIVKIMRNE-UHFFFAOYSA-N,Thiodiacetic acid,MTBLS11904,plasma,Positive,Reverse phase/C18
-0.40331527579668713,-0.9577224036228403,IK_NGSWKAQJJWESNS-ZZXKWVIFSA-N,p-coumaric acid,MTBLS11904,plasma,Positive,Reverse phase/C18
0.018720073357620208,0.0033737990442998613,IK_JXVXYRZQIUPYSA-NHCYSSNCSA-N,Pro Val Gln,MTBLS11904,plasma,Positive,Reverse phase/C18
0.08837043196088605,0.8685696846696456,UNKNOWN_ROW__24167579__unknown_46,unknown_46,24167579,serum,Positive,Reverse phase/C18
0.23082972230153578,-0.39150191725284406,IK_WWZKQHOCKIZLMA-UHFFFAOYSA-M,Octanoate,MTBLS11904,plasma,Positive,Reverse phase/C18
0.8669114974000139,7.675994115447491,IK_QQQYQWNSMUHSCK-UHFFFAOYSA-N,5-Chloro-6-methoxy-2(3H)-benzoxazolone,ST003159,serum,Positive,HILIC
-0.23091620055626033,2.422883590989638,UNKNOWN_ROW__24167579__unknown_187,unknown_187,24167579,serum,Positive,Reverse phase/C18
-0.21301043202744402,-0.3788122747448816,IK_ACSFOIGNUQUIGE-AIPUTVCKSA-N,Dihydrocortisol,MTBLS11904,plasma,Negative,Reverse phase/C18
-0.14518089241929824,0.07405762933392854,IK_PNEJUHLZEPRMHF-UHFFFAOYSA-N,6-Hydroxypentadecanedioic acid,MTBLS11904,plasma,Negative,Reverse phase/C18
0.6871629441372492,0.12951000370463278,IK_JHIWIFRQJXLNEU-GSQAGGHASA-N,"4alpha-carboxy-5alpha-cholesta-8,24-dien-3beta-ol",MTBLS11904,plasma,Negative,Reverse phase/C18
-0.4486850334783485,0.14269721860359352,IK_ZWRRJEICIPUPHZ-UHFFFAOYSA-N,Schisandrol B,MTBLS11904,plasma,Negative,Reverse phase/C18
0.4700740892438686,-0.36874596032298,IK_WFTPSUGFEZHCGU-UHFFFAOYSA-N,Cyclohexaneundecanoic acid,MTBLS11904,plasma,Positive,Reverse phase/C18
0.09205626509502281,0.03769628491050358,IK_VSDWHZGJGWMIRN-UHFFFAOYSA-N,"3-Methyl-1-(2,4,6-trihydroxyphenyl)-1-butanone",MTBLS11904,plasma,Positive,Reverse phase/C18
0.25086498758544745,-0.005373293046864969,IK_ZPWVTTHIHKYUQK-UHFFFAOYSA-N,"3,4-Methyleneadipic acid",MTBLS11904,plasma,Positive,Reverse phase/C18
0.29495257710076156,-0.5602064777344141,IK_FPGSEBKFEJEOSA-UMMCILCDSA-N,8-Oxoguanosine,MTBLS11904,plasma,Positive,Reverse phase/C18
-0.0949895306135112,-1.387093812621869,IK_YGPSJZOEDVAXAB-UHFFFAOYSA-N,Kynurenine,35829770,plasma,Positive,HILIC
-0.2169537239777504,-0.5671484392770842,IK_XFTRTWQBIOMVPK-UHFFFAOYSA-N,Citramalic acid,MTBLS11904,plasma,Negative,Reverse phase/C18
0.10772546345268622,1.1117879338855379,UNKNOWN_ROW__35829770__unknown_356,unknown_356,35829770,plasma,Positive,HILIC
-0.11678829231906472,0.9888552902518697,NO_INCHIKEY__lpe n fa 34 0 lpe n fa 16 0 18 0,LPE-N (FA)34:0|LPE-N (FA 16:0)18:0,37755270,serum,Not reported,Reverse phase/C18
0.11314950537687234,-0.5742021715668787,IK_UHDGCWIWMRVCDJ-XVFCMESISA-N,melatonin,MTBLS11904,plasma,Positive,Reverse phase/C18
0.26115700993760776,0.1556937404084087,IK_BHATUINFZWUDIX-UHFFFAOYSA-N,"N-Tetradecyl-N,N-dimethyl-3-ammonio-1-propanesulfonate",MTBLS11904,plasma,Negative,Reverse phase/C18
-0.14106404693839739,-0.3690950434440292,IK_PALVOIADDFXQGT-HZJYTTRNSA-N,"LysoPA(0:0/18:2(9Z,12Z))",MTBLS11904,plasma,Positive,Reverse phase/C18
0.18901350495905814,1.271823024320463,UNKNOWN_ROW__35829770__unknown_285,unknown_285,35829770,plasma,Positive,Reverse phase/C18
-0.014808920176690584,0.047326645341741566,IK_TVWOTZQAXZHSLO-UHFFFAOYSA-N,"2,4-Dimethylpimelic acid",MTBLS11904,plasma,Negative,Reverse phase/C18
0.023973291059228054,-0.10214923925864555,IK_IXOXBSCIXZEQEQ-UHTZMRCNSA-N,Nelarabine,35829770,plasma,Negative,Reverse phase/C18
-0.018022516165736347,-0.4360707827875026,IK_QNGQIURXCUHNAT-UHFFFAOYSA-N,Eucarvone,MTBLS11904,plasma,Positive,Reverse phase/C18
0.015118787704326968,-0.3570054411191542,IK_XOASTWITKYDKAJ-PPQPEBMASA-N,Penitrem D,MTBLS11904,plasma,Negative,Reverse phase/C18
-0.5596102054394303,-0.4573454461965642,IK_ZQPPMHVWECSIRJ-KTKRTIGZSA-N,Oleic acid,ST001814,plasma,Positive,GC-MS
-0.23425856806935652,-0.47873774697801985,IK_MKYPKZSGLSOGLL-LURJTMIESA-N,4-(Glutamylamino) butanoate,MTBLS11904,plasma,Negative,Reverse phase/C18
-0.019687045682318438,-0.3744031922064934,IK_IVFYLRMMHVYGJH-PVPPCFLZSA-N,Polyporusterone C,MTBLS11904,plasma,Negative,Reverse phase/C18
0.291540964301728,0.08051939991388642,IK_LGHZJDKSVUTELU-UHFFFAOYSA-N,Fipronil Sulfone,MTBLS11904,plasma,Negative,Reverse phase/C18
0.44902476958300785,-0.32516381239669195,IK_OTBMMWCXBVNALT-AMOZBRKMSA-N,"PE-NMe(20:4(8Z,11Z,14Z,17Z)/24:0)",MTBLS11904,plasma,Positive,Reverse phase/C18
-0.11596939233697615,-1.2540922967450896,IK_DCXYFEDJOCDNAF-REOHCLBHSA-N,L-Asparagine,35829770,plasma,Positive,HILIC
-0.09062947877379748,2.4184299355935734,UNKNOWN_ROW__24167579__unknown_136,unknown_136,24167579,serum,Positive,Reverse phase/C18
0.17920461244438848,0.05775222915866009,IK_DEAFEFSHUVGNFC-UHFFFAOYSA-N,(2S)-6-Amino-2-(hexanoylamino)hexanoic Acid,MTBLS11904,plasma,Positive,Reverse phase/C18
0.05920162195666134,-0.38146215931779975,IK_FLKRMXAWABTWSH-UHFFFAOYSA-N,Piperidines,MTBLS11904,plasma,Positive,Reverse phase/C18
-0.6084901504203937,-0.3370093695462295,IK_ATIPDCIQTUXABX-UWVGGRQHSA-N,Lysylleucine,MTBLS11904,plasma,Positive,Reverse phase/C18
0.6605034490956498,0.02294552410849011,IK_KTCOGEGNUCOCON-UHFFFAOYSA-N,Glyzarin,MTBLS11904,plasma,Negative,Reverse phase/C18
0.10733746714784446,-0.4129047103298581,IK_TVZCRIROJQEVOT-LSDHHAIUSA-N,Cromakalim,MTBLS11904,plasma,Negative,Reverse phase/C18
-0.15077656037797554,-0.022436997520723683,IK_JUHFGHWNBYGKCW-UHFFFAOYSA-N,4-(Aminomethyl)-1-methylpiperidin-4-ol,MTBLS11904,plasma,Positive,Reverse phase/C18
0.12412388142572943,1.2566331644830329,UNKNOWN_ROW__35829770__unknown_321,unknown_321,35829770,plasma,Positive,Reverse phase/C18
0.645475919271808,-0.44537832368180097,IK_ZBBHBTPTTSWHBA-UHFFFAOYSA-N,Nicardipine,MTBLS11904,plasma,Negative,Reverse phase/C18
-0.13197491358986158,-0.0037501323309445914,IK_COXWPCPYWFBNJH-UHFFFAOYSA-N,"2,4-Dihydroxyacetophenone 5-sulfate",MTBLS11904,plasma,Negative,Reverse phase/C18
-0.08414435823081207,-1.4481108848260722,IK_AOHCBEAZXHZMOR-ZDUSSCGKSA-N,Lenticin,35829770,plasma,Positive,HILIC
-0.48150348744794447,-0.5957911535756918,IK_ZBCATMYQYDCTIZ-UHFFFAOYSA-N,4-methylcatechol,38720721,serum,Not reported,Reverse phase/C18
-0.18577203581355642,-0.3843853036419181,IK_VFLQJBVJJLGBKM-HZPDHXFCSA-N,Muricatacin,MTBLS11904,plasma,Negative,Reverse phase/C18
-0.1760886043411172,-1.5197812324276478,IK_RHGKLRLOHDJJDR-BYPYZUCNSA-N,Citrulline,MTBLS11904,plasma,Negative,Reverse phase/C18
-0.6487824870720932,0.05871150497350958,IK_NGHNCQYFTPFRAD-UHFFFAOYSA-N,3-Oxobutanoylcarnitine,MTBLS11904,plasma,Negative,Reverse phase/C18
0.2979077201645311,-1.503143029457182,IK_QIVBCDIJIAJPQS-VIFPVBQESA-N,Tryptophan,38720721,serum,Not reported,Reverse phase/C18
-0.12881120504857435,-0.38750147956624253,IK_TYEYBOSBBBHJIV-UHFFFAOYSA-N,2-Ketobutyric acid,MTBLS11904,plasma,Positive,Reverse phase/C18
0.1193234750592741,1.2846532832379816,UNKNOWN_ROW__35829770__unknown_209,unknown_209,35829770,plasma,Negative,Reverse phase/C18
1.8623188665733525,-1.5410442503971649,IK_BROOMPUVDPTGEG-RHNBIRJRSA-N,MGDG 36:4,37755270,serum,Not reported,Reverse phase/C18
-0.08307528131567629,0.07900678995915589,IK_DKLGLHQHLFISGJ-YLBFUXKPSA-N,Ataprost,MTBLS11904,plasma,Positive,Reverse phase/C18
0.04990067230622921,-0.4008736648104246,IK_OVCDSSHSILBFBN-UHFFFAOYSA-N,Amodiaquine,MTBLS11904,plasma,Negative,Reverse phase/C18
0.33106886021580734,-0.35243285283899844,IK_NEGQHKSYEYVFTD-HSZRJFAPSA-N,LysoPC(0:0/16:0),MTBLS11904,plasma,Positive,Reverse phase/C18
0.14716254558778175,0.08777592630399944,IK_PQKFUDVFSOEHDQ-KBBGFLFPSA-N,"24,24-Difluoro-1alpha,25-dihydroxyvitamin D3",MTBLS11904,plasma,Negative,Reverse phase/C18
0.027018098121399547,0.10845989489419032,IK_JADDQZYHOWSFJD-FLNNQWSLSA-N,5'-N-Ethylcarboxamidoadenosine,MTBLS11904,plasma,Positive,Reverse phase/C18
0.08582549914388501,0.10894394851366519,IK_OTKJDMGTUTTYMP-QZTJIDSGSA-N,"(2R,3R)-2-Aminooctadecane-1,3-diol",MTBLS11904,plasma,Positive,Reverse phase/C18
0.10335773934097067,-0.5703706200526851,IK_BPYKTIZUTYGOLE-IFADSCNNSA-N,Bilirubin,35829770,plasma,Positive,Reverse phase/C18
-0.08029874299557019,-0.40955138495855015,IK_BXYPVKMROLGXJI-UHFFFAOYSA-N,N'-nitrosoanabasine,MTBLS11904,plasma,Negative,Reverse phase/C18
0.14151838058655414,-0.36641760729140793,IK_FTBLAVKNEFKBKK-CUGCVFGBSA-N,HexCer 42:2;3O,37755270,serum,Not reported,Reverse phase/C18
0.005246437463138148,0.4301785478245296,UNKNOWN_ROW__35829770__unknown_230,unknown_230,35829770,plasma,Positive,Reverse phase/C18
0.09353258357596604,0.17736101401212737,IK_YAZBCYAYQHWOBG-UHFFFAOYSA-N,3-Hydroxyheptadecanoylcarnitine,MTBLS11904,plasma,Positive,Reverse phase/C18
0.4779544809153793,2.7476522682956936,UNKNOWN_ROW__24167579__unknown_91,unknown_91,24167579,serum,Positive,Reverse phase/C18
-0.23969971827781597,0.006854446229902554,IK_ZRQXMKMBBMNNQC-UHFFFAOYSA-N,Isovalerylglycine,MTBLS11904,plasma,Negative,Reverse phase/C18
-0.0833615919833714,-0.855121863171595,IK_OIPILFWXSMYKGL-UHFFFAOYSA-N,Acetylcholine,35829770,plasma,Positive,HILIC
-0.05869541638250646,-0.4154416037471218,IK_VLSMHEGGTFMBBZ-OOZYFLPDSA-N,Kainic acid,MTBLS11904,plasma,Negative,Reverse phase/C18
-0.05935515825107117,-0.36488220336199406,IK_WEGYGNROSJDEIW-UHFFFAOYSA-N,3-Acetylpyridine,35829770,plasma,Positive,HILIC
0.3020389380991609,-1.4787849495211824,IK_POQOTWQIYYNXAT-UHFFFAOYSA-N,5-Acetylamino-6-amino-3-methyluracil,28880465,serum,Positive,LC-MS/unspecified
-0.03246000964752965,0.08369296859917183,IK_PLOUQIGEQKCKHG-UHFFFAOYSA-N,3-Methylazelaic acid,MTBLS11904,plasma,Positive,Reverse phase/C18
0.6187744660036649,2.2837535647142166,UNKNOWN_ROW__24167579__unknown_92,unknown_92,24167579,serum,Positive,Reverse phase/C18
-0.005340965489646314,0.08979935467964793,IK_JXBLMIJDQFTVIE-UHFFFAOYSA-N,3-Methyl-5-pentyl-2-furantridecanoic acid,MTBLS11904,plasma,Negative,Reverse phase/C18
0.3025642599492042,-0.37220876520409135,IK_VLPFTAMPNXLGLX-UHFFFAOYSA-N,TG(8:0/8:0/8:0),MTBLS11904,plasma,Positive,Reverse phase/C18
-0.3318720282457539,-1.4380080797956623,IK_FJKROLUGYXJWQN-UHFFFAOYSA-N,4-Hydroxybenzoic acid,MTBLS11904,plasma,Negative,Reverse phase/C18
0.14772262388137825,0.41848974255056304,IK_JNDFGLPQDFBGLR-KMCBPMHZSA-N,FFAD 22:1,ST003159,serum,Positive,HILIC
-0.06108606345891256,0.09516516907809962,IK_FCVJYKICQNLXAX-XPTLAUCJSA-N,(2S)-OMPT,MTBLS11904,plasma,Negative,Reverse phase/C18
1.6213723988183586,-1.183544237173729,IK_CKLJMWTZIZZHCS-REOHCLBHSA-N,L-Aspartic Acid,38516193,plasma,Positive,LC-MS/unspecified
-0.35523888469382353,-0.3607454110338324,IK_SRSXLGNVWSONIS-UHFFFAOYSA-N,Benzenesulfonic acid,38720721,serum,Not reported,Reverse phase/C18
0.8097621350302772,-0.24254437768357084,IK_VQAYFKKCNSOZKM-IOSLPCCCSA-N,6-Methyladenosine,38720721,serum,Not reported,Reverse phase/C18
0.018898215600078087,-0.5451668603040387,IK_XWBICGCZKGTPCH-MBNYWOFBSA-N,Prostaglandin M,24167579,serum,Positive,Reverse phase/C18
0.19374009166696077,-1.3491874409039635,IK_AGPKZVBTJJNPAG-UHFFFAOYNA-N,Isoleucine,37755270,serum,Not reported,Reverse phase/C18
0.12636523870556174,-0.551079358256325,IK_MFGALGYVFGDXIX-UHFFFAOYSA-N,"2,3-Dimethylmaleic anhydride",MTBLS11904,plasma,Positive,Reverse phase/C18
-0.25275458101121834,-0.4736678198434802,IK_LOAUVZALPPNFOQ-UHFFFAOYSA-N,2-Quinolinecarboxylic acid,MTBLS11904,plasma,Positive,Reverse phase/C18
0.01843544359959183,-0.4668005093830248,IK_CNUQZHQKEQFDPU-MDWZMJQESA-N,"2-Polyprenyl-6-methoxy-1,4-benzoquinone",MTBLS11904,plasma,Negative,Reverse phase/C18
0.05251138484102996,1.0029836511010417,UNKNOWN_ROW__35829770__unknown_455,unknown_455,35829770,plasma,Positive,HILIC
0.02483906053819802,0.0030116117880995877,IK_ALTAAUJNHYWOGS-UHFFFAOYSA-N,Trans-4-Hydroxycyclohexylacetic acid,MTBLS11904,plasma,Positive,Reverse phase/C18
-0.4307036313162389,0.1244449175586889,NO_INCHIKEY__pl,PL,MTBLS11904,plasma,Negative,Reverse phase/C18
0.23218133979140063,-0.09673282048107035,IK_ZGXJTSGNIOSYLO-UHFFFAOYSA-N,5-Aminolevulinic acid,MTBLS11904,plasma,Positive,Reverse phase/C18
0.037526806005947044,-1.376252287491157,IK_FJKROLUGYXJWQN-UHFFFAOYSA-N,4-Hydroxybenzoic acid,28880465,serum,Positive,LC-MS/unspecified
1.3496690814175665,0.28987228746585264,IK_TYQPBHYPIRLWKU-NKWVEPMBSA-N,"Inosine2,3",ST003159,serum,Negative,Reverse phase/C18
0.5469739160401178,0.06149357953592161,IK_PWFTYELYTFERRB-VPTTUCOCSA-N,Alpha-Trisaccharide,MTBLS11904,plasma,Positive,Reverse phase/C18
0.06790149164658499,-0.032914807919443186,IK_PFDUUKDQEHURQC-UHFFFAOYSA-N,3-Methoxytyrosine,MTBLS11904,plasma,Negative,Reverse phase/C18
1.6352188729690238,-0.050694062557218665,IK_LAGYWHSFHIMTPE-UHFFFAOYSA-N,Desmethylastemizole,24167579,serum,Positive,Reverse phase/C18
0.1348634321364597,0.8859359264717894,UNKNOWN_ROW__24167579__unknown_59,unknown_59,24167579,serum,Positive,Reverse phase/C18
0.10204584923161772,0.951540140340514,UNKNOWN_ROW__35829770__unknown_316,unknown_316,35829770,plasma,Positive,Reverse phase/C18
0.2883733876816236,-0.3222377790195457,IK_BYUOBSUZYQAFJM-UHFFFAOYSA-N,"6,8-Dihydroxypurine",28880465,serum,Positive,LC-MS/unspecified
0.14106153298487087,0.09483145596884898,IK_YVYMBNSKXOXSKW-UHFFFAOYSA-N,[3-[2-Aminoethoxy(hydroxy)phosphoryl]oxy-2-hydroxypropyl] hexadecanoate,MTBLS11904,plasma,Negative,Reverse phase/C18
0.0360299066974954,1.0782435203517473,UNKNOWN_ROW__24167579__unknown_7,unknown_7,24167579,serum,Positive,Reverse phase/C18
0.36785386239286905,-1.0180883349247214,IK_WWNNZCOKKKDOPX-UHFFFAOYSA-N,Trigonelline,33485385,plasma,Positive,LC-MS/unspecified
-0.08890185346891087,-0.8759749828613971,IK_PFWLFWPASULGAN-UHFFFAOYSA-N,7-Methylxanthine,MTBLS11904,plasma,Negative,Reverse phase/C18
0.09691364252813507,0.8699386933181433,UNKNOWN_ROW__24167579__unknown_51,unknown_51,24167579,serum,Positive,Reverse phase/C18
-0.6548434341380819,0.08938089852523319,IK_GRQPGTWGEQWMMM-IUXPMGMMSA-N,(E)-2-hydroxydoxepin,MTBLS11904,plasma,Positive,Reverse phase/C18
0.24227651459992278,0.03784046708304558,IK_REKYPYSUBKSCAT-UHFFFAOYSA-N,3-Hydroxyvaleric acid,38720721,serum,Not reported,Reverse phase/C18
0.19621731703006026,-0.3396920585288753,IK_YBOSYVPZRIDFAY-QSNZGGCFSA-N,"PC(P-16:0/20:5(5Z,8Z,11Z,14Z,16E)-OH(18R))",MTBLS11904,plasma,Positive,Reverse phase/C18
-0.4113418890512048,0.7761994397487,IK_NOOJLZTTWSNHOX-UWVGGRQHSA-N,Melanostatin,ST003159,serum,Positive,HILIC
-0.0782730172616189,-0.4733538619665856,IK_YAICYXFUKKMAKO-DBQWNMKUSA-N,6-allyl-8b-Carboxy-ergoline,MTBLS11904,plasma,Negative,Reverse phase/C18
0.42796718062086986,-0.39701585266987044,IK_VVEULVVIJNQTMD-OJZQPWLLSA-N,"DG(2:0/0:0/20:4(5Z,8Z,11Z,14Z)-OH(20))",MTBLS11904,plasma,Negative,Reverse phase/C18
0.03352430800714042,0.9083438498950438,UNKNOWN_ROW__35829770__unknown_263,unknown_263,35829770,plasma,Positive,Reverse phase/C18
0.08462852820214592,-0.44705854561100183,IK_LEBBDRXHHNYZIA-LDUWYPJVSA-N,Galactocerebroside,MTBLS11904,plasma,Negative,Reverse phase/C18
0.035625058440225954,-0.434033594509116,IK_BJRNKVDFDLYUGJ-RMPHRYRLSA-N,Arbutin,MTBLS11904,plasma,Negative,Reverse phase/C18
0.05387050124614067,1.0500497270486735,UNKNOWN_ROW__24167579__unknown_21,unknown_21,24167579,serum,Positive,Reverse phase/C18
0.17229826729969436,0.03872910760302952,IK_AKASWINDKIEEBO-ZJUUUORDSA-N,(+)-Rotundifolone,MTBLS11904,plasma,Negative,Reverse phase/C18
-0.17147775286894967,-1.0164117286129544,IK_DTERQYGMUDWYAZ-ZETCQYMHSA-N,N-epsilon-Acetyllysine,MTBLS11904,plasma,Positive,Reverse phase/C18
-0.303594674207717,-0.47616604991013506,IK_DYNKRGCMLGUEMN-YFKPBYRVSA-N,Parasorbic acid,MTBLS11904,plasma,Negative,Reverse phase/C18
-0.12605790826120272,-0.4168982441647096,IK_HJZMWAMKWAKZAR-NJSWGWQKSA-N,"PA(22:6(4Z,7Z,10Z,13Z,16Z,19Z)/20:5(5Z,8Z,11Z,14Z,17Z))",MTBLS11904,plasma,Positive,Reverse phase/C18
0.5757044955815639,-0.05334997519796521,IK_DMNOQQUULVKPTE-UHFFFAOYSA-N,"3,5-dihydroxy-4-(sulfooxy)benzoic acid",MTBLS11904,plasma,Negative,Reverse phase/C18
0.073261283305407765,-1.3353053799907835,IK_HNDVDQJCIGZPNO-YFKPBYRVSA-N,Histidine,38720721,serum,Not reported,Reverse phase/C18
0.11002962994819986,-0.44073116878964175,IK_KBUNOSOGGAARKZ-KRWDZBQOSA-N,3-Dehydrosphinganine,MTBLS11904,plasma,Positive,Reverse phase/C18
0.17588610620233955,-0.07408044210686761,IK_DTOSIQBPPRVQHS-PDBXOOCHSA-N,Linolenic Acid,33485385,plasma,Negative,LC-MS/unspecified
0.03975056632029532,0.9586568199324341,UNKNOWN_ROW__35829770__unknown_384,unknown_384,35829770,plasma,Positive,HILIC
0.005442900990059278,0.9209304448317134,UNKNOWN_ROW__35829770__unknown_313,unknown_313,35829770,plasma,Positive,Reverse phase/C18
-0.08484855205958716,-0.8666734503849514,IK_JYGXADMDTFJGBT-VWUMJDOOSA-N,Hydrocortisone,MTBLS11904,plasma,Negative,Reverse phase/C18
-0.03491970749329531,0.05677888940201706,IK_WKBALTUBRZPIPZ-UHFFFAOYSA-N,"2,6-Diisopropylaniline",MTBLS11904,plasma,Positive,Reverse phase/C18
0.9418603883668564,-0.05175241402508201,IK_GHCZAUBVMUEKKP-PNNZQWTHSA-N,chenodeoxycholic acid glycine conjugate,ACS1517,serum,Positive,Reverse phase/C18
0.0503136444865377,-0.2741395855425625,IK_FBUKVWPVBMHYJY-UHFFFAOYSA-N,Nonanoic acid,ST001814,plasma,Positive,GC-MS
0.07360113768864814,-0.3555684111121766,IK_UXFQDXABPXWSTK-ZDUSSCGKSA-N,10-formyldihydrofolate,24167579,serum,Positive,Reverse phase/C18
1.1084543119967618,-0.4144581236026122,IK_HVRNKDVLFAVCJF-VJANTYMQSA-N,5-Methyltetrahydropteroyltri-L-glutamic acid,MTBLS11904,plasma,Negative,Reverse phase/C18
-0.009819406692718843,0.0654617774478007,IK_ZPZUGHMDLKWJOU-LMSYVIICSA-N,Tanacetol A,MTBLS11904,plasma,Positive,Reverse phase/C18
0.003137768334443598,-0.5171070522900802,IK_XURBWYCGQQXTHJ-UHFFFAOYSA-N,MJDBISSN00000009,MTBLS11904,plasma,Negative | Positive,Reverse phase/C18
0.21075295991680293,0.9881447953386261,NO_INCHIKEY__ser ser oh,Ser-Ser-OH,MTBLS11904,plasma,Negative,Reverse phase/C18
0.1849381074097782,0.06504809717942778,IK_CMKQOKAXUWQAHG-UHFFFAOYSA-N,Alpha-Terpineol propanoate,MTBLS11904,plasma,Positive,Reverse phase/C18
0.02362651487154416,0.11236560954308106,IK_LADJWZMBZBVBSB-YEXRKOARSA-N,Dehydrotumulosic acid,MTBLS11904,plasma,Negative,Reverse phase/C18
0.021199498167533803,-0.9025203397423542,IK_SIKJAQJRHWYJAI-UHFFFAOYSA-N,INDOLE,38516193,plasma,Positive,LC-MS/unspecified
0.16417591880834714,-0.34183411993099333,IK_PAHMCFUSNIRFHK-UKPQPXGPSA-N,DG(PGE2/12:0/0:0),MTBLS11904,plasma,Positive,Reverse phase/C18
-0.31389331408103877,2.4468400500770056,UNKNOWN_ROW__24167579__unknown_172,unknown_172,24167579,serum,Positive,Reverse phase/C18
0.08463041376445787,-0.444803756336919,IK_SEEGHKWOBVVBTQ-NFMPGMCNSA-N,Gibberellin A7,MTBLS11904,plasma,Positive,Reverse phase/C18
0.2606192026513289,-0.2660601538116063,IK_FUJLYHJROOYKRA-UHFFFAOYSA-N,carnitine 12:0,33485385,plasma,Positive,LC-MS/unspecified
-0.020195860157148037,-1.053028786082318,IK_PHIQHXFUZVPYII-ZCFIWIBFSA-N,L-Carnitine,MTBLS11904,plasma,Positive,Reverse phase/C18
-0.22108287616841296,-0.7356385674313527,IK_OYIFNHCXNCRBQI-UHFFFAOYSA-N,Aminoadipic acid,28880465,serum,Positive,LC-MS/unspecified
0.13980763833701315,-0.02071171867531199,IK_SLEHROROQDYRAW-KQYNXXCUSA-N,N2-Methylguanosine,MTBLS11904,plasma,Negative,Reverse phase/C18
-0.12013392693983775,-0.5275839839178833,IK_VVQNEPGJFQJSBK-UHFFFAOYSA-N,Methyl methacrylate,MTBLS11904,plasma,Positive,Reverse phase/C18
0.7519650423197822,-0.370150517506912,IK_HBZNVZIRJWODIB-BCTRXSSUSA-N,1-Palmitoyl-2-Linoleoyl PE,MTBLS11904,plasma,Negative,Reverse phase/C18
-0.018986358626869135,-0.46022028557716205,IK_RJWJHRPNHPHBRN-FKVJWERZSA-N,Aucubin,MTBLS11904,plasma,Negative,Reverse phase/C18
0.21793079334531182,-0.9057136762304117,IK_HPHUVLMMVZITSG-LURJTMIESA-N,Levetiracetam,38720721,serum,Not reported,Reverse phase/C18
0.1441286577159349,-0.9357405098807425,IK_CDSMSBUVCWHORP-UHFFFAOYSA-N,Perillic acid,MTBLS11904,plasma,Positive,Reverse phase/C18
0.0349683087903863,0.10090245671369281,IK_CDICDSOGTRCHMG-ONEGZZNKSA-N,Sinapyl aldehyde,38516193,plasma,Positive,LC-MS/unspecified
0.016610433507480697,-0.4383073919222631,IK_LWWIYCLYWKAKRR-HSUXUTPPSA-N,"(2R,3R,4R)-Hexane-1,2,3,4,6-pentol",MTBLS11904,plasma,Positive,Reverse phase/C18
-0.2983659657644798,-0.35717657617513215,IK_JNMDCUOOYCRSIP-WLFVLELZSA-N,TG 42:3,37755270,serum,Not reported,Reverse phase/C18
0.07066311875629978,0.06166164508161463,IK_SKBCVUCDJRKPAH-RTXFEEFZSA-N,"2,2,6,7-Tetramethylbicyclo[4.3.0]nona-1(9),4-diene-7,8-diol",MTBLS11904,plasma,Negative,Reverse phase/C18
-0.010885213067340214,-0.42663710252865517,IK_MOTZDAYCYVMXPC-UHFFFAOYSA-N,C12-AS (TENTATIVE),35829770,plasma,Negative,Reverse phase/C18
-0.6512178504465889,0.05868000671855602,IK_UYKREHOKELZSPB-JTQLQIEISA-N,Tryptophyl-Glycine,MTBLS11904,plasma,Negative,Reverse phase/C18
-0.33662704075319777,0.12722357343527094,IK_XYFFWTYOFPSZRM-TWNAANEASA-N,17-Aminogeldanamycin,MTBLS11904,plasma,Negative,Reverse phase/C18
-0.037731191609642736,0.014872982105589294,IK_KRHRBKYBJXMYBB-WHFBIAKZSA-N,Ala-Cys-Gly,MTBLS11904,plasma,Positive,Reverse phase/C18
-0.07853013933310332,-0.4998649710145833,IK_PAYRUJLWNCNPSJ-PTQBSOBMSA-N,(1-~13~C)Aniline,35829770,plasma,Positive,Reverse phase/C18
0.28531928118727484,0.12351381160907161,IK_BLZVZPYMHLXLHG-JOBMVARSSA-N,DG 36:3,MTBLS11904,plasma,Positive,Reverse phase/C18
-0.07968067383578883,-0.07736678043250068,IK_FKWQEFWENKGUGF-VFUOTHLCSA-N,Beta-D-Glucopyranosylurea,MTBLS11904,plasma,Positive,Reverse phase/C18
-0.09125271095504728,2.4069066899282463,UNKNOWN_ROW__24167579__unknown_112,unknown_112,24167579,serum,Positive,Reverse phase/C18
0.5016462938090954,0.03468381760333175,IK_NDPWMVKNLXIMLF-KIYNQFGBSA-N,Apiforol sulfate,MTBLS11904,plasma,Negative,Reverse phase/C18
0.6383966011738643,-0.7589371405417684,IK_XVZCREABAODILQ-UHFFFAOYSA-N,Cer 18:0;2O_20:0,37755270,serum,Not reported,Reverse phase/C18
0.4538832544042349,0.5105718391828029,IK_VKVSSDKCKXJFIM-AFYHZPHLSA-N,PC 34:3,33485385,plasma,Positive,LC-MS/unspecified
-0.11846528181376904,-1.0508426912378628,IK_ODHCTXKNWHHXJC-VKHMYHEASA-N,L-Pyroglutamic acid,MTBLS11904,plasma,Positive,Reverse phase/C18
0.3229209569447117,0.08379583540430617,IK_YSLVYCWXAPPBIQ-UHFFFAOYSA-N,7-Methyl-cholic acid,MTBLS11904,plasma,Negative,Reverse phase/C18
-0.5010538915871681,-1.0211971380426461,IK_OUYCCCASQSFEME-QMMMGPOBSA-N,L-Tyrosine,MTBLS11904,plasma,Negative,Reverse phase/C18
0.9896397105472128,-0.21200401863473706,IK_BLWYXBNNBYXPPL-YFKPBYRVSA-N,"L-Proline, methyl ester",38720721,serum,Not reported,Reverse phase/C18
-0.0904534528403384,-0.795601075158104,IK_FUSGACRLAFQQRL-UHFFFAOYSA-N,1-Ethyl-1-nitrosourea,35829770,plasma,Positive,HILIC
-0.10680204224452125,-0.8629124444949284,IK_MTCFGRXMJLQNBG-REOHCLBHSA-N,L-Serine,28880465,serum,Positive,LC-MS/unspecified
0.041476988694134395,-0.10673311453488583,IK_PABVKUJVLNMOJP-UHFFFAOYSA-M,Glutamyl-Cysteine,24167579,serum,Positive,Reverse phase/C18
2.2965943893101626,-1.5518850561296706,IK_IPCSVZSSVZVIGE-UHFFFAOYSA-N,Palmitic acid,24058461,plasma,Not reported,LC-MS/unspecified
-0.2154132453325925,0.0743844880984793,IK_FFDNVMGPKVVVOG-JCTPYMPQSA-N,Fuegin,MTBLS11904,plasma,Negative,Reverse phase/C18
-0.15418436418692882,0.10078689505876406,IK_WOODKECARRKLJJ-DIJRFRLPSA-N,"7alpha,12alpha,26-trihydroxycholest-4-en-3-one",MTBLS11904,plasma,Negative,Reverse phase/C18
-0.11988673816977248,-1.4406373143323654,IK_MWOOGOJBHIARFG-UHFFFAOYSA-N,Vanillin,35829770,plasma,Positive,Reverse phase/C18
-0.08962266564819794,-0.8195078873588963,IK_SBAJRGRUGUQKAF-UHFFFAOYSA-N,"3,3'-Iminodipropionitrile",35829770,plasma,Positive,HILIC
-0.17162215283172247,0.08433666186107863,IK_LSVHZFZMMXHHBS-MNBASXMYSA-N,"10,11-dihydro-20-trihydroxy-leukotriene B4",MTBLS11904,plasma,Negative,Reverse phase/C18
0.816154704212354,1.136786294469347,IK_WJXQFVMTIGJBFX-UHFFFAOYSA-N,4-Methoxytyramine,ST003159,serum,Positive,HILIC
0.31280262470059805,-0.4202630409402577,IK_CWLQUGTUXBXTLF-YFKPBYRVSA-N,N-Methylproline,38720721,serum,Not reported,Reverse phase/C18
-0.1148385625352728,2.38434744799376,UNKNOWN_ROW__24167579__unknown_99,unknown_99,24167579,serum,Positive,Reverse phase/C18
-0.4189050682597486,-0.06107037904348318,IK_GUZRMGFLLJQHCW-UHFFFAOYSA-N,Hydroxyprolyl-Asparagine,MTBLS11904,plasma,Negative,Reverse phase/C18
-0.06983177964051689,-0.5173096386122779,IK_DTUQWGWMVIHBKE-UHFFFAOYSA-N,Phenylacetaldehyde,24167579,serum,Positive,Reverse phase/C18
0.0038657030829309515,-0.3923866915743568,IK_LCTONWCANYUPML-UHFFFAOYSA-N,Pyruvic Acid,ST001814,plasma,Positive,GC-MS
-0.01694527882053369,-0.08737701667099611,IK_BIEOSECQPGGZMF-WMPRHZDHSA-N,LPC 22:5,37755270,serum,Not reported,Reverse phase/C18
0.06312981432050453,-0.013610590718735343,IK_GKGOLPMYJJXRGD-UHFFFAOYSA-N,"2-Methyl-4-propyl-1,3-oxathiane",MTBLS11904,plasma,Negative,Reverse phase/C18
0.18387933182068505,0.03375969132297917,IK_FSBLXTAIINGBJY-YBEGLDIGSA-N,Involucrin,MTBLS11904,plasma,Positive,Reverse phase/C18
0.24627331999751462,-0.42786846011355684,IK_YALFFHSIVPCNLF-QPSCCSFWSA-N,Cyperolone,MTBLS11904,plasma,Negative,Reverse phase/C18
-0.08440277786537584,4.701596414731056,IK_UMMADZJLZAPZAW-XOWPVRJPSA-N,Carboprost Tromethamine,ST003159,serum,Negative,Reverse phase/C18
0.2395446512207987,-0.40538757248792756,IK_AFENDNXGAFYKQO-UHFFFAOYSA-N,2-hydroxybutyric acid,38720721,serum,Not reported,Reverse phase/C18
-0.09177847602920508,-0.6088838395300036,IK_NBIIXXVUZAFLBC-UHFFFAOYSA-K,Phosphate,33485385,plasma,Positive,LC-MS/unspecified
-0.07194282811102609,-0.4277085363201416,IK_OECTYKWYRCHAKR-UHFFFAOYSA-N,4-Vinylcyclohexene dioxide,MTBLS11904,plasma,Negative,Reverse phase/C18
-0.37551461129100766,-0.37710986566980115,IK_NZXKDOXHBHYTKP-UHFFFAOYSA-N,Methohexital,MTBLS11904,plasma,Negative,Reverse phase/C18
-0.08803753958350127,0.10151848555567951,IK_NWGKJDSIEKMTRX-MDZDMXLPSA-N,Arlacel,MTBLS11904,plasma,Negative,Reverse phase/C18
2.2020909350140556,-0.9992831197515382,IK_CKHWEVXPLJBEOZ-VQVTYTSYSA-N,Thr-Val,38720721,serum,Not reported,Reverse phase/C18
0.5691120386893694,0.04237536455122516,IK_OVBOQVAIYMSUDT-HRYGCDPOSA-N,"All-trans-13,14-dihydroretinol",MTBLS11904,plasma,Positive,Reverse phase/C18
0.17636664023306292,0.1062207589292965,IK_HXHZGHRLVRFQDR-HZJYTTRNSA-N,Goshuyic acid,MTBLS11904,plasma,Negative,Reverse phase/C18
-0.13063687485462053,2.35904715526319,UNKNOWN_ROW__24167579__unknown_133,unknown_133,24167579,serum,Positive,Reverse phase/C18
0.43598733997462774,-0.090717365781368145,IK_RZTRGWJVDVMYLZ-KBNCVMCFSA-N,Glucose aspartate,MTBLS11904,plasma,Positive,Reverse phase/C18
1.2018338330907263,-0.7161033162340066,IK_OEWWEABZDCFLPH-UHFFFAOYSA-N,Diethyloxalpropionate,38720721,serum,Not reported,Reverse phase/C18
-0.0677418454621819,-0.7212656102822775,IK_QVWAEZJXDYOKEH-UHFFFAOYSA-N,3-(3-Hydroxyphenyl)propionic acid,35829770,plasma,Negative,Reverse phase/C18
0.13085181602208915,-0.08262818169305,IK_VKENMLSUUVOQLD-VQVTYTSYSA-N,Gamma-Glutamylhydroxyproline,MTBLS11904,plasma,Negative,Reverse phase/C18
-0.07861695033868149,-0.5606258135289687,IK_XBDQKXXYIPTUBI-UHFFFAOYSA-N,Propionic Acid,MTBLS11904,plasma,Negative,Reverse phase/C18
1.2786822170199337,-0.43096015922021774,IK_AXQACEQYCPKDMV-RZAWKFBISA-N,Naldemedine,MTBLS11904,plasma,Negative,Reverse phase/C18
-0.6261336686980314,-1.0122390827613548,IK_PTJWIQPHWPFNBW-GBNDHIKLSA-N,Pseudouridine,MTBLS11904,plasma,Negative,Reverse phase/C18
-0.36750455037476043,-0.5138856843317825,IK_FWQWYTQHEPIGFR-XFENYREESA-N,Glucose lactate pyruvate,MTBLS11904,plasma,Negative,Reverse phase/C18
0.46583260305451685,-0.3374975850132278,IK_OUEUPCHAIFZTKH-LSWZYRHBSA-N,GPEtn(14:0/22:2),MTBLS11904,plasma,Positive,Reverse phase/C18
-0.03428331398904176,-0.0010837572408251386,IK_HEGSGKPQLMEBJL-RKQHYHRCSA-N,B-Octylglucoside,MTBLS11904,plasma,Negative,Reverse phase/C18
-0.007409206000021085,0.05910327964501079,IK_VJNXUFOTKNTNPG-IOSLPCCCSA-O,7-Methylinosine,MTBLS11904,plasma,Positive,Reverse phase/C18
-0.07117785271776703,-1.0474677637266356,IK_LEHOTFFKMJEONL-UHFFFAOYSA-N,Uric acid,MTBLS11904,plasma,Negative,Reverse phase/C18
-0.13701247054474894,-0.0010207839727554454,IK_VVLXCWVSSLFQDS-QWRGUYRKSA-N,Gamma-Glutamyltyrosine,MTBLS11904,plasma,Positive,Reverse phase/C18
-0.3735422229549258,0.041830754589279116,IK_SNCKGJWJABDZHI-ZKWXMUAHSA-N,Gamma-Glutamylisoleucine,MTBLS11904,plasma,Negative,Reverse phase/C18
0.8721698533162654,-0.232125362608898,IK_MDIUMSLCYIJBQC-BUHFOSPRSA-N,FA 18:1+3O,38720721,serum,Not reported,Reverse phase/C18
0.04985124248711481,-0.37959191730078495,IK_HBGGXOJOCNVPFY-UHFFFAOYSA-N,Diisononyl phthalate,MTBLS11904,plasma,Negative,Reverse phase/C18
0.045708866648991105,1.1163073564076487,UNKNOWN_ROW__35829770__unknown_391,unknown_391,35829770,plasma,Positive,HILIC
0.07815732203695247,0.1061669169994448,IK_WPTTVJLTNAWYAO-KPOXMGGZSA-N,Bardoxolone methyl,MTBLS11904,plasma,Negative,Reverse phase/C18
0.06514939537098853,1.1439517938785313,UNKNOWN_ROW__35829770__unknown_246,unknown_246,35829770,plasma,Positive,Reverse phase/C18
-0.4521920532155657,-1.5737709039151007,IK_WVDDGKGOMKODPV-UHFFFAOYSA-N,Benzyl Alcohol,38720721,serum,Not reported,Reverse phase/C18
0.6800859528403854,10.058820286379897,UNKNOWN_ROW__35829770__unknown_342,unknown_342,35829770,plasma,Positive,Reverse phase/C18
-0.42721800916479186,4.325663601332326,IK_HAVMVUFJSIMVDG-UHFFFAOYSA-N,Lucidenic acid J,ST003159,serum,Negative,Reverse phase/C18
-0.23420352576408807,2.4115921661694473,UNKNOWN_ROW__24167579__unknown_158,unknown_158,24167579,serum,Positive,Reverse phase/C18
0.8156124634906299,-0.35727018166840235,IK_MKMUWJJSVUOCQC-DTKYWWSASA-N,PE(18:1(11Z)/18:0),MTBLS11904,plasma,Negative,Reverse phase/C18
-0.07607518209036376,0.05984871267400236,IK_XPJVKCRENWUEJH-UHFFFAOYSA-N,Isobutyl 4-hydroxybenzoate,MTBLS11904,plasma,Negative,Reverse phase/C18
-0.16829871730990734,-0.8179392424046732,IK_UKAUYVFTDYCKQA-VKHMYHEASA-N,L-Homoserine,28880465,serum,Positive,LC-MS/unspecified
-0.046105185773861204,0.023245609579946643,IK_TVEOVCYCYGKVPP-HSCHXYMDSA-N,Leu Ile Trp,MTBLS11904,plasma,Positive,Reverse phase/C18
0.03152271508571641,1.0554155221759718,UNKNOWN_ROW__35829770__unknown_379,unknown_379,35829770,plasma,Positive,HILIC
-0.29423166892841035,0.0317338483657612,IK_RDTOURARQPNLFK-UHFFFAOYSA-N,"3h-Indole-3-propanoic acid,a-amino-",MTBLS11904,plasma,Positive,Reverse phase/C18
-0.03889165926093346,-0.08905350927959997,IK_PCXDJQZLDDHMGX-UHFFFAOYSA-N,3-Aminopropionaldehyde,MTBLS11904,plasma,Negative,Reverse phase/C18
-0.3810785663417514,-0.373207147817334,IK_LVHOURKCKUYIGK-RGUJTQARSA-N,Dimethisterone,MTBLS11904,plasma,Negative,Reverse phase/C18
-0.24644924414867778,0.030519437616737723,IK_WXNXCEHXYPACJF-ZETCQYMHSA-N,N-Acetylleucine,MTBLS11904,plasma,Negative,Reverse phase/C18
0.36246581035947245,-0.31501588969816785,IK_PHTAMEFBOLJOPU-VQJSHJPSSA-N,PE(14:0/24:0),MTBLS11904,plasma,Positive,Reverse phase/C18
0.08371629504907525,0.8920209856910852,UNKNOWN_ROW__35829770__unknown_421,unknown_421,35829770,plasma,Positive,HILIC
0.03019564594401131,-0.11268129015270485,IK_VDNMIIDPBBCMTM-UHFFFAOYSA-N,(2-Hydroxyethoxy)acetic acid,MTBLS11904,plasma,Positive,Reverse phase/C18
0.03706507504806944,-0.8734667555333931,IK_ISYWECDDZWTKFF-UHFFFAOYSA-N,Nonadecanoic acid,MTBLS11904,plasma,Negative,Reverse phase/C18
0.2695717948006078,-0.42395656275766685,IK_HWWVPVUGOLNSEB-UHFFFAOYSA-N,1-Benzenesulfonyl-5-ethyl-5-phenylhydantoin,MTBLS11904,plasma,Negative,Reverse phase/C18
-0.15218323889326577,-1.23409454521425,IK_DHMQDGOQFOQNFH-UHFFFAOYSA-N,Glycine,ST001814,plasma,Positive,GC-MS
-0.062082374582210956,-0.3909848161517978,IK_RDOFJDLLWVCMRU-UHFFFAOYSA-N,Diisobutyl adipate,MTBLS11904,plasma,Positive,Reverse phase/C18
0.08175590631474283,-0.36684414570815616,IK_HCOOTBJPHHNRCV-AQTSNUJDSA-N,3beta-hydroxy-4beta-methyl-5alpha-cholest-7-ene-4alpha-carbaldehyde,MTBLS11904,plasma,Negative,Reverse phase/C18
0.07049845825197772,0.08543144666382008,IK_COCMFMBNEAMQMA-VGKGADPCSA-N,"3a,6b,7a,12a-Tetrahydroxy-5b-cholanoic acid",MTBLS11904,plasma,Negative,Reverse phase/C18
-0.9943243160315556,-0.474618146194222,IK_BCNUXXXHEIUHJB-UHFFFAOYSA-N,3-Methylene-indolenine,29518718,plasma,Positive,LC-MS/unspecified
0.520261959038898,-0.01543901721884289,IK_GHOKWGTUZJEAQD-UHFFFAOYSA-N,"3-[[(2S)-2,4-Dihydroxy-3,3-dimethylbutanoyl]amino]propanoic acid",MTBLS11904,plasma,Negative,Reverse phase/C18
0.1720550889638959,-0.036714528684428545,IK_KSPQDMRTZZYQLM-UHFFFAOYSA-N,N-(2-Furoyl)glycine,MTBLS11904,plasma,Negative,Reverse phase/C18
-0.11385918625649687,-0.4549667340843372,IK_IAOZJIPTCAWIRG-QWRGUYRKSA-N,Aspartame,MTBLS11904,plasma,Positive,Reverse phase/C18
0.4561747480825675,-0.129652676724076,IK_MXDRPNGTQDRKQM-UHFFFAOYSA-N,3-Methylpyridazine,MTBLS11904,plasma,Positive,Reverse phase/C18
-0.019009226349381222,-0.5799617851564061,IK_KIWQWJKWBHZMDT-UHFFFAOYSA-N,Homocysteine thiolactone,MTBLS11904,plasma,Positive,Reverse phase/C18
-0.3507106098988809,-0.02608784881259878,IK_UGFILLIGHGZLHE-UHFFFAOYSA-N,"Dopal (3,4-Dihydroxyphenyl)acetaldehyde)",24167579,serum,Positive,Reverse phase/C18
0.4518584789602663,-0.39505445971036546,IK_BYVDUQYJIIPFIB-ZMOGYAJESA-N,Lumirubin,MTBLS11904,plasma,Negative,Reverse phase/C18
-0.14081778324708882,0.008253451995443565,IK_QOEAXNMFJWVZIG-QGZVFWFLSA-N,Decadienyl-l-carnitine,MTBLS11904,plasma,Negative,Reverse phase/C18
0.08230191453893639,-0.39606488574098536,IK_MHMUCYJKZUZMNJ-OWOJBTEDSA-N,Trans-3-Chloroacrylic acid,MTBLS11904,plasma,Negative,Reverse phase/C18
0.6000686464161309,6.789131603351741,IK_SSZWWUDQMAHNAQ-UHFFFAOYSA-N,Glycerol alpha-monochlorohydrin,ST003159,serum,Positive,HILIC
0.8292312551609341,-0.8974543999979361,IK_BHQCQFFYRZLCQQ-OELDTZBJSA-N,Cholic Acid,MTBLS11904,plasma,Positive,Reverse phase/C18
-0.15854458136305416,-0.40678044694356125,IK_BCQTVJKBTWGHCX-UHFFFAOYSA-N,Pilsicainide,MTBLS11904,plasma,Positive,Reverse phase/C18
-0.5623591666646648,-0.32959097333845844,IK_INDBQLZJXZLFIT-UHFFFAOYSA-N,Primaquine,MTBLS11904,plasma,Positive,Reverse phase/C18
0.08127507255253745,0.003404707367790823,IK_OMLWNBVRVJYMBQ-YUMQZZPRSA-N,Arginylarginine,MTBLS11904,plasma,Positive,Reverse phase/C18
-0.10942278648954956,-0.9520031755517733,IK_PAYRUJLWNCNPSJ-UHFFFAOYSA-N,Aniline,35829770,plasma,Positive,Reverse phase/C18
-0.08319149309644686,0.020023874376679324,IK_ZCXGMSGCBDSEOY-UHFFFAOYSA-N,2-Benzothiazolsulfonic Acid,MTBLS11904,plasma,Negative,Reverse phase/C18
0.5803576969298344,-0.33442712313831563,IK_IFBAQPJUVKRGOW-VXPUYCOJSA-N,PE-NMe2(20:1(11Z)/16:0),MTBLS11904,plasma,Negative,Reverse phase/C18
-0.2890598370275731,-1.2387740150699715,IK_AHLPHDHHMVZTML-UHFFFAOYSA-N,Ornithine,28880465,serum,Positive,LC-MS/unspecified
0.42172487019922383,-0.09899771995690886,IK_LZCOQTDXKCNBEE-RUTJIGONSA-N,"3-Oxa-9-azoniatricyclo[3.3.1.02,4]nonane, 9-ethyl-7-hydroxy-9-methyl-",24167579,serum,Positive,Reverse phase/C18
0.5739550397044791,-0.3657864025489668,IK_DRIVXEVMDWCWLI-CAQMIEAISA-N,"PE(16:0/20:4(5Z,8Z,11Z,14Z))",MTBLS11904,plasma,Negative,Reverse phase/C18
0.14654019850352704,0.038082673191234526,IK_JEISZCQAXYJJOO-FQEVSTJZSA-N,N-Stearoyl Arginine,MTBLS11904,plasma,Positive,Reverse phase/C18
0.30904877463680003,0.03233776251417013,IK_RAWJLCORCPFJMI-PXQGODGESA-N,SM 32:2,33485385,plasma,Positive,LC-MS/unspecified
-0.2572677612703693,-0.6856303669294341,IK_AYFVYJQAPQTCCC-GBXIJSLDSA-N,L-Threonine,ST003159,serum,Negative,Reverse phase/C18
0.7220260179850049,10.609221811674423,UNKNOWN_ROW__35829770__unknown_225,unknown_225,35829770,plasma,Negative,Reverse phase/C18
-2.3335620249247966,0.1032486841714545,IK_BEQZHFIKTBVCAU-UHFFFAOYSA-N,Norketamine,MTBLS11904,plasma,Negative,Reverse phase/C18
0.24507063110797958,-0.4676953071684559,IK_LUSZGTFNYDARNI-UHFFFAOYSA-N,Sesamol,MTBLS11904,plasma,Negative,Reverse phase/C18
-0.1224888607056061,0.1407256841685141,IK_WWJIBIGWKGFVAQ-JNSYTQKUSA-N,TG 53:1,37755270,serum,Not reported,Reverse phase/C18
-0.0816591489964603,-0.38745273101696553,IK_DNPZYIPMAWRQQE-BVILWSOJSA-N,"(+/-)-11,12-Dihydroxy-5Z,8Z,14Z,17Z-eicosatetraenoic acid",MTBLS11904,plasma,Negative,Reverse phase/C18
0.3100987993595014,0.0963911174281228,IK_FYIKIBQJAJRKQM-WNCNYDOCSA-N,Linalool (8-hydroxydihydro-),MTBLS11904,plasma,Positive,Reverse phase/C18
-0.060214867446669935,-0.41942763744133954,IK_XINCECQTMHSORG-UHFFFAOYSA-N,Isopentyl isopentanoate,MTBLS11904,plasma,Negative,Reverse phase/C18
-0.5527681903766196,-0.3510636299011149,IK_CNPVJJQCETWNEU-CYFREDJKSA-N,Vicriviroc,MTBLS11904,plasma,Negative,Reverse phase/C18
-0.08589830563736044,-0.0030408776063222983,IK_BIXJFIJYBLJTMK-ZUZCIYMTSA-N,Isolysergol,MTBLS11904,plasma,Negative,Reverse phase/C18
0.33077471142556564,-0.4965516008956352,IK_IFNXFIJXYVEYLF-UHFFFAOYSA-N,2-Propylglutaric Acid,MTBLS11904,plasma,Positive,Reverse phase/C18
0.03911781447301215,0.9235440222747208,UNKNOWN_ROW__35829770__unknown_271,unknown_271,35829770,plasma,Positive,Reverse phase/C18
0.19918425276683066,-0.31450902147258897,IK_SOJVORMOXWNMMG-WITMPDRSSA-N,"PE-NMe2(14:0/20:2(11Z,14Z))",MTBLS11904,plasma,Negative,Reverse phase/C18
0.06994840208193301,-0.06903427807467728,IK_ASWBNKHCZGQVJV-QHCPKHFHSA-N,LPC 16:0,37755270,serum,Not reported,Reverse phase/C18
0.2526296500495,-0.9351597382489054,IK_PAFZNILMFXTMIY-UHFFFAOYSA-N,Cyclohexanamine,28880465,serum,Positive,LC-MS/unspecified
0.10627322806319402,-0.01049207599075423,IK_VAPHLLYHDMUQSW-UHFFFAOYSA-N,Ethyl N2-acetyl-L-argininate,MTBLS11904,plasma,Positive,Reverse phase/C18
-0.17790368370831727,-0.4772669222586235,IK_JFZHPFOXAAIUMB-UHFFFAOYSA-N,Phenylethylmalonamide,MTBLS11904,plasma,Negative,Reverse phase/C18
0.09716250902336067,-0.5862007674400224,IK_DCXJOVUZENRYSH-UHFFFAOYSA-N,Doxyl,MTBLS11904,plasma,Negative,Reverse phase/C18
0.6532242323068093,6.690940213720434,IK_FHKRUUVTZNTHKJ-NRNNPPJOSA-N,dIDP,ST003159,serum,Positive,HILIC
0.21569123418527328,-0.4472673073181375,IK_ZQRJDNRTBNYEER-NWBJSICCSA-N,Cer-NS d39:1,37755270,serum,Not reported,Reverse phase/C18
0.06676288665692631,1.114921866396177,UNKNOWN_ROW__35829770__unknown_382,unknown_382,35829770,plasma,Positive,HILIC
0.124366372635616,-0.03619653193149202,IK_SWGJCIMEBVHMTA-UHFFFAOYSA-K,Cochineal Red A,24167579,serum,Positive,Reverse phase/C18
-0.1002136434353475,0.03138896567272942,IK_SBJCUZQNHOLYMD-UHFFFAOYSA-N,"1,5-Naphthalene diisocyanate",MTBLS11904,plasma,Negative,Reverse phase/C18
-0.010606444415957662,-0.5038759487522559,IK_UDSFAEKRVUSQDD-UHFFFAOYSA-N,Dimethyl adipate,MTBLS11904,plasma,Positive,Reverse phase/C18
-0.08351777973181579,-0.5790196834079601,IK_KOCFTADHOAAXFC-UHFFFAOYSA-N,N-Hydroxymethyl-N-methylformamide,MTBLS11904,plasma,Positive,Reverse phase/C18
0.6007045244244449,2.4084580558092052,UNKNOWN_ROW__24167579__unknown_185,unknown_185,24167579,serum,Positive,Reverse phase/C18
0.012316755113509707,0.4324188549204056,UNKNOWN_ROW__35829770__unknown_231,unknown_231,35829770,plasma,Positive,Reverse phase/C18
-0.12601050746696138,-0.483262164769037,IK_QZNPNKJXABGCRC-FUTKDDECSA-N,L-Rhamnulose,MTBLS11904,plasma,Negative,Reverse phase/C18
0.3654764508630305,-0.4235462437125647,IK_OHLQBKZXSJYBMK-UHFFFAOYSA-N,Avocadyne,MTBLS11904,plasma,Negative,Reverse phase/C18
0.14343661137297656,-0.5099804347091456,IK_KWGRBVOPPLSCSI-WCBMZHEXSA-N,Pseudoephedrine,MTBLS11904,plasma,Positive,Reverse phase/C18
0.12956816247782654,0.06032961880177556,IK_LVCMXFSJTNPFHH-FRCNGJHJSA-N,4-Hydroxyretinoic acid glucuronide,MTBLS11904,plasma,Positive,Reverse phase/C18
0.8149116825671991,-0.44487045111529505,IK_VVOAZFWZEDHOOU-UHFFFAOYSA-N,MAG,37755270,serum,Not reported,Reverse phase/C18
-0.2577522356554458,-1.4747084002447342,IK_DRTQHJPVMGBUCF-XVFCMESISA-N,Uridine,MTBLS11904,plasma,Negative,Reverse phase/C18
0.06683065424213161,0.8866705866299801,UNKNOWN_ROW__35829770__unknown_427,unknown_427,35829770,plasma,Positive,HILIC
-0.19956724296803355,-0.5448285588840753,IK_NUZWLKWWNNJHPT-UHFFFAOYSA-N,Anthralin,MTBLS11904,plasma,Positive,Reverse phase/C18
0.05342043439657911,0.0769754863943324,IK_JXUGDUWBMKIJDC-MMWGEVLESA-N,Kinetensin 1-3,MTBLS11904,plasma,Positive,Reverse phase/C18
0.25501359292663445,-0.06657260550569687,IK_SNGNCYILSHZBLM-UHFFFAOYSA-N,2-Chloro-DG,MTBLS11904,plasma,Negative,Reverse phase/C18
-0.08726753610899426,-0.36380015753501743,IK_PHERGCZDWYMUOF-DEOSSOPVSA-N,DG(8:0/15:0/0:0),MTBLS11904,plasma,Positive,Reverse phase/C18
-1.0148270730199693,-0.3509732166562053,IK_SQOJOAFXDQDRGF-ZMVGXLHTSA-N,Ginkgolide B,MTBLS11904,plasma,Negative,Reverse phase/C18
0.44362125202094066,-0.3530714096241779,IK_MXAFDFDAIFZFET-QIEOIKHQSA-N,LysoPI(18:0/0:0),MTBLS11904,plasma,Negative,Reverse phase/C18
0.012696226801693425,0.0829539123661275,IK_OAQGPAZDRCBBLD-YTCWWFNZSA-N,"17-phenyl-18,19,20-trinor-prostaglandin D2",MTBLS11904,plasma,Negative,Reverse phase/C18
0.11266643940946654,-0.8480592110500432,IK_QFDRTQONISXGJA-UHFFFAOYSA-N,1-Methyluric acid,38720721,serum,Not reported,Reverse phase/C18
-0.07341857137673169,2.4175285613257174,UNKNOWN_ROW__24167579__unknown_143,unknown_143,24167579,serum,Positive,Reverse phase/C18
0.09304909532489813,-0.5094240986804441,IK_VEORPZCZECFIRK-UHFFFAOYSA-N,Tetrabromobisphenol A,24167579,serum,Positive,Reverse phase/C18
-0.38475253012859495,-0.45649031524751654,IK_LNJNFVJKDJYTEU-UHFFFAOYSA-N,Diethofencarb,MTBLS11904,plasma,Positive,Reverse phase/C18
2.0063723898493673,-0.9195780674233779,IK_RBWQERGGVBSKJY-BWFPRIDFSA-N,C26:1 ceramide,24058461,plasma,Not reported,LC-MS/unspecified
0.3226265936376671,-0.39858464348460576,IK_ONYIYPVBLNPMLB-UHFFFAOYSA-N,Palmitoyl glucuronide,MTBLS11904,plasma,Positive,Reverse phase/C18
0.04588883639271051,0.9283750560570468,UNKNOWN_ROW__35829770__unknown_266,unknown_266,35829770,plasma,Positive,Reverse phase/C18
0.10611977155609392,0.13262257096597332,IK_VLTXBOGHSBHSAC-UHFFFAOYSA-N,Perfluoro tert-butylcyclohexane,MTBLS11904,plasma,Negative,Reverse phase/C18
0.2308245579171389,-0.42239374884257586,IK_OLXZPDWKRNYJJZ-RRKCRQDMSA-N,Deoxyadenosine,MTBLS11904,plasma,Positive,Reverse phase/C18
0.2214556173906155,-0.3262228268983617,IK_KVMOASQARMCFEX-OBEJFMRTSA-N,PE(16:1(9Z)/P-18:1(9Z)),MTBLS11904,plasma,Positive,Reverse phase/C18
0.5521719181188636,0.04200174530142332,IK_RHVBIEJVJWNXBU-XZVKZCCLSA-N,17beta-hydroxy-5beta-estran-3-one,MTBLS11904,plasma,Positive,Reverse phase/C18
0.5440349408587798,-0.49144753374067557,IK_OYHQOLUKZRVURQ-HZJYTTRNSA-N,Linoleic acid,38720721,serum,Not reported,Reverse phase/C18
0.2648981705065218,-1.4633380279990436,IK_RZVAJINKPMORJF-UHFFFAOYSA-N,Paracetamol,MTBLS11904,plasma,Positive | Negative,Reverse phase/C18
0.3805750586810685,0.04758350838677134,IK_XMYFJYXXQPMWED-VQHVLOKHSA-N,5-Hydroxydec-6-enoylcarnitine,MTBLS11904,plasma,Positive,Reverse phase/C18
0.2773059667605669,-0.906158728646417,IK_HUTDUHSNJYTCAR-UHFFFAOYSA-N,Ancymidol,MTBLS11904,plasma,Negative,Reverse phase/C18
-0.12889104986584146,-0.5154529237893143,IK_DZGWFCGJZKJUFP-UHFFFAOYSA-N,Tyramine,MTBLS11904,plasma,Positive,Reverse phase/C18
0.24356238904689426,-0.08142753087452838,IK_QKAITYIDZJJULL-UHFFFAOYSA-N,"2-[(5-bromopyridin-2-yl)amino]-4-methyl-N-propyl-1,3-thiazole-5-carboxamide",MTBLS11904,plasma,Positive,Reverse phase/C18
1.5212794117995456,-0.46973853150748646,IK_HHJTWTPUPVQKNA-JIAPQYILSA-N,nadh,38516193,plasma,Positive,LC-MS/unspecified
-0.43681762361588095,0.08308758623736931,IK_CBMYJHIOYJEBSB-JBDJBKRMSA-N,"Androstan-3alpha,17beta-diol",MTBLS11904,plasma,Positive,Reverse phase/C18
-0.055438955737732866,-0.10919360287277069,IK_RTJBLRZRSVEQRH-UHFFFAOYSA-N,Pent-1-en-2-ol,MTBLS11904,plasma,Positive,Reverse phase/C18
0.0709348720024574,0.9336256032273749,UNKNOWN_ROW__35829770__unknown_352,unknown_352,35829770,plasma,Positive,HILIC
0.8639968006909907,-0.37672109271262216,IK_LJOOSFYJELZGMR-UHFFFAOYSA-N,umbelliferone sulfate,38720721,serum,Not reported,Reverse phase/C18
0.4282572284960407,-0.3379355538076911,IK_DZPKSVTWWIZUMS-FPUNCOTOSA-N,"PC(18:2(9Z,12Z)/18:0)",MTBLS11904,plasma,Positive,Reverse phase/C18
0.06298347742997633,-0.020802094275938574,IK_WAAPEIZFCHNLKK-PELKAZGASA-N,"(2R,4S)-2-Aminoformyl-6-fluoro-spiro[chroman-4,4'-imidazolidine]-2',5'-dione",MTBLS11904,plasma,Negative,Reverse phase/C18
0.27737052684798336,0.06063344843330022,IK_NDLCPYLJACQPTP-XBLVEGMJSA-N,"Undeca-5,7-dienoylcarnitine",MTBLS11904,plasma,Positive,Reverse phase/C18
0.11728929543213563,-0.49788613273963056,IK_JLSKPBDKNIXMBS-VIFPVBQESA-N,tryptophanamide,MTBLS11904,plasma,Positive,Reverse phase/C18
-0.1601202288770903,-0.5677257114320441,IK_PDWIQYODPROSQH-PYHARJCCSA-N,Deoxyribose,MTBLS11904,plasma,Negative,Reverse phase/C18
0.07824783482627483,-0.6094943586955698,IK_OZJPLYNZGCXSJM-UHFFFAOYSA-N,Delta-Valerolactone,MTBLS11904,plasma,Positive,Reverse phase/C18
-0.22700953161685128,-0.37293696783295405,IK_RHQQHZQUAMFINJ-DTDWNVJFSA-N,Tetrahydrocorticosterone,MTBLS11904,plasma,Negative,Reverse phase/C18
-0.18934289921614322,-0.4541095943009702,IK_ZKLLSNQJRLJIGT-UYFOZJQFSA-N,Fructose 1-phosphate,MTBLS11904,plasma,Negative,Reverse phase/C18
0.07185900833066983,-0.4177903615928,IK_CGJRRBRZLXHAHM-PCDBCJAOSA-N,"PS(15:0/18:2(9Z,11E)+=O(13))",MTBLS11904,plasma,Positive,Reverse phase/C18
0.18665704817926912,0.05968239065938764,IK_KRBJOAIDSTYRMG-UHFFFAOYSA-N,Deoxycholylasparagine,MTBLS11904,plasma,Negative,Reverse phase/C18
-0.17982620343045136,-0.558911920362398,IK_ZKQOUHVVXABNDG-IUCAKERBSA-N,Pro-leu,MTBLS11904,plasma,Positive,Reverse phase/C18
-0.6724083642692015,-0.6617469024371615,IK_UIHIWMNOFVOPOG-SQUIBIKHSA-N,TG O-56:9|TG O-22:5_16:2_18:2,37755270,serum,Not reported,Reverse phase/C18
0.0017696714530710824,-0.5651851369116605,IK_MSFSPUZXLOGKHJ-PGYHGBPZSA-N,Muramic acid,MTBLS11904,plasma,Positive,Reverse phase/C18
0.17125831587292697,-1.4361258421996335,IK_AOHCBEAZXHZMOR-ZDUSSCGKSA-N,Lenticin,MTBLS11904,plasma,Positive,Reverse phase/C18
0.027024746106105946,0.060054369328085035,IK_BJRMBXPQAMDCMG-CMJQBAFXSA-N,20-Hydroxy-leukotriene E4,MTBLS11904,plasma,Negative,Reverse phase/C18
0.18322635700489684,0.0923635842957565,IK_NHAJHKARKKFXMR-UHFFFAOYSA-N,Adlupone,MTBLS11904,plasma,Positive,Reverse phase/C18
-0.36449640128154537,-0.552308835684663,IK_VQPVVWAFTIFKDD-LURJTMIESA-N,Gamma-Glutamyl-beta-aminopropiononitrile,MTBLS11904,plasma,Positive,Reverse phase/C18
0.2990298059831462,-0.03547561249823248,IK_UOORRWUZONOOLO-UHFFFAOYSA-N,"1,3-Dichloropropene",24167579,serum,Positive,Reverse phase/C18
-0.10962015100975803,0.05572144310918626,IK_IIRQXNVLAXQEKB-KBEZCZBDSA-N,TG 51:4,37755270,serum,Not reported,Reverse phase/C18
0.03464037704814031,-0.4922830275589342,IK_WJAJPNHVVFWKKL-UHFFFAOYSA-N,Methoxamine,MTBLS11904,plasma,Positive,Reverse phase/C18
0.5609724605396528,-0.337865787060149,IK_VGSUMLIRUGDCTF-NSMRCOLJSA-N,"PC(18:0/20:3(8Z,11Z,14Z))",MTBLS11904,plasma,Positive,Reverse phase/C18
0.13848542390695742,0.03541252219234956,IK_MZSJQKKCFOSWBW-VJIACCKLSA-N,N-Oleoyl Asparagine,MTBLS11904,plasma,Positive,Reverse phase/C18
0.13058774664074638,0.06784239839500825,IK_WFUAUEQXPVNAEF-ZJDVBMNYSA-N,Thr Arg Thr,MTBLS11904,plasma,Positive,Reverse phase/C18
0.24719795531606484,1.0346281945512026,NO_INCHIKEY__gln leu glu lys,Gln Leu Glu Lys,MTBLS11904,plasma,Negative,Reverse phase/C18
0.08984439445351898,-0.4969387346780815,IK_PYUSHNKNPOHWEZ-YFKPBYRVSA-N,N-Formyl-L-Methionine,MTBLS11904,plasma,Negative,Reverse phase/C18
0.041920434682473286,0.018493259849808385,IK_TVXJJNJGTDWFLD-TWGQIWQCSA-N,(Z)-[(4-hydroxyphenyl)acetaldehyde oxime],MTBLS11904,plasma,Negative,Reverse phase/C18
-0.0263211130903835,-0.8415340279276788,IK_HMFKFHLTUCJZJO-HHVQYONYSA-N,Polysorbate 80,MTBLS11904,plasma,Negative,Reverse phase/C18
-0.018246357908975438,0.0548100598978059,IK_IMMPMHKLUUZKAZ-UHFFFAOYSA-N,Tryptophyl-Phenylalanine,MTBLS11904,plasma,Negative,Reverse phase/C18
0.17392004517979268,0.11253348245952755,IK_SZQQHKQCCBDXCG-BAHYSTIISA-N,Hexadecatrienoic acid,MTBLS11904,plasma,Negative,Reverse phase/C18
0.6436103943796061,-0.818785019715914,IK_BOWVQLFMWHZBEF-KTKRTIGZSA-N,Oleoylethanolamide,MTBLS11904,plasma,Positive,Reverse phase/C18
-1.4185676251218313,-0.47266713771280017,IK_RTWVXIIKUFSDJB-SSDOTTSWSA-N,Scytalone,MTBLS11904,plasma,Negative,Reverse phase/C18
-0.7113047008967094,-1.1077026289313352,IK_VCKPUUFAIGNJHC-UHFFFAOYSA-N,Hydroxykynurenine,28880465,serum,Positive,LC-MS/unspecified
-0.20313570934128108,-0.8687438242284142,IK_HJOVHMDZYOCNQW-UHFFFAOYSA-N,Isophorone,MTBLS11904,plasma,Positive,Reverse phase/C18
0.09348067568995493,0.08224087433144713,IK_FCHYNXGUKIEWGL-BPVVGZHASA-N,15-HETE-G,24167579,serum,Positive,Reverse phase/C18
0.02943655971038294,1.278924286504473,IK_LFUDDCMNKWEORN-ZXEGGCGDSA-N,LPC 16:1,ST003159,serum,Positive,HILIC
0.042665948599671245,-0.3893381274908937,IK_HYRKAAMZBDSJFJ-LFDBJOOHSA-N,Paramethasone acetate,MTBLS11904,plasma,Negative,Reverse phase/C18
0.08731482887075712,-0.41614372053343274,IK_ZILZDFSDUXZZAT-UHFFFAOYSA-N,3-hydroxynonanoyl carnitine,MTBLS11904,plasma,Positive,Reverse phase/C18
-0.08610996752006421,-0.8371937832995254,IK_LSBDFXRDZJMBSC-UHFFFAOYSA-N,2-Phenylacetamide,35829770,plasma,Positive,HILIC
-0.773437113826728,-0.02486228403670676,IK_WTIIULQJLZEHGZ-AWFVSMACSA-L,"(2R,3S)-2,3-dimethylmalate",MTBLS11904,plasma,Negative,Reverse phase/C18
0.0446472630241819,1.0004918185158083,UNKNOWN_ROW__35829770__unknown_432,unknown_432,35829770,plasma,Positive,HILIC
-0.3140796469470171,-0.777551284590332,IK_CKLJMWTZIZZHCS-REOHCLBHSA-N,L-Aspartic Acid,28880465,serum,Positive,LC-MS/unspecified
0.22562881925685435,0.912009962577137,UNKNOWN_ROW__24167579__unknown_81,unknown_81,24167579,serum,Positive,Reverse phase/C18
-0.12277609487336498,-1.28310469248347,IK_AYFVYJQAPQTCCC-GBXIJSLDSA-N,L-Threonine,35829770,plasma,Positive,HILIC
-0.17058463342092037,-1.3504013201686527,IK_DCXYFEDJOCDNAF-REOHCLBHSA-N,L-Asparagine,28880465,serum,Positive,LC-MS/unspecified
-9.568056404925888e-4,-0.47123453570705565,IK_QNKGXSIDHDDDHD-UHFFFAOYSA-N,"3,7,8,15-Scirpenetetrol",MTBLS11904,plasma,Positive,Reverse phase/C18
0.45195924378064356,-0.3358132683320215,IK_ZSYMQFVRTIVMFA-JAHIUHDMSA-N,GPCho(20:4/14:0),MTBLS11904,plasma,Positive,Reverse phase/C18
-0.00469482067025376,0.0833528538821087,IK_BYWJNFQCWYEWHX-KLMFUOAUSA-N,Melledonal A,MTBLS11904,plasma,Negative,Reverse phase/C18
-0.1364942692072979,-0.43586411592340596,IK_TYFQFVWCELRYAO-UHFFFAOYSA-N,Suberic Acid,MTBLS11904,plasma,Negative,Reverse phase/C18
2.466979254314353,-0.9716121429926093,IK_XMHIUKTWLZUKEX-UHFFFAOYSA-N,C26:0 ceramide,24058461,plasma,Not reported,LC-MS/unspecified
-0.056753676010470204,0.07191393504978431,IK_MEHHPFQKXOUFFV-XDNAFOTISA-N,17alpha-Trenbolone,MTBLS11904,plasma,Positive,Reverse phase/C18
-0.26456687904431975,-1.0104139690053866,IK_VHVGNTVUSQUXPS-YUMQZZPRSA-N,L-Threo-3-Phenylserine,MTBLS11904,plasma,Negative,Reverse phase/C18
0.13509358793371448,-1.3067860812306111,IK_XOAAWQZATWQOTB-UHFFFAOYSA-N,Taurine,37755270,serum,Not reported,Reverse phase/C18
0.1001545811461562,-0.82957411221987,IK_LEVWYRKDKASIDU-UHFFFAOYNA-N,Cystine,38720721,serum,Not reported,Reverse phase/C18
0.22113476357857687,0.01963833113990066,IK_YUTNOGOMBNYPFH-XUXIUFHCSA-N,Leu-Pro-Ile,MTBLS11904,plasma,Positive,Reverse phase/C18
0.13674206879963582,0.07037231085101492,IK_GFNYAPAJUNPMGH-QNEBEIHSSA-N,"5,6-dihydroxy-8Z,11Z,14Z-eicosatrienoic acid",MTBLS11904,plasma,Negative,Reverse phase/C18
0.003141618978767127,-0.5255810137076337,IK_LKDRXBCSQODPBY-VRPWFDPXSA-N,D-Fructose,MTBLS11904,plasma,Positive,Reverse phase/C18
-0.02357161539803143,-0.41402310518302904,IK_ADFXKUOMJKEIND-UHFFFAOYSA-N,"N,N'-Dicyclohexylurea",MTBLS11904,plasma,Positive,Reverse phase/C18
0.19953981782138425,0.020367024105011733,IK_QHVMVGMCKWPDHT-UHFFFAOYSA-N,Fluorescein thiohydantoin,MTBLS11904,plasma,Negative,Reverse phase/C18
0.520843160380861,7.970021071310933,UNKNOWN_ROW__35829770__unknown_339,unknown_339,35829770,plasma,Positive,Reverse phase/C18
0.10139283569692824,-0.08264581847267771,IK_KTOLOIKYVCHRJW-XZMZPDFPSA-N,Azvudine,MTBLS11904,plasma,Positive,Reverse phase/C18
0.4455081414736862,-0.3739068549111122,IK_GKZIWHRNKRBEOH-HOTGVXAUSA-N,Phe-Phe,38720721,serum,Not reported,Reverse phase/C18
-0.25490333068269144,-0.34859974422703355,IK_DKXXSIJHWWVNMO-RJVKTHQKSA-N,Glycochenodeoxycholate-3-sulfate,MTBLS11904,plasma,Negative,Reverse phase/C18
-0.19366138457925058,-1.0134664176545234,IK_PMOWTIHVNWZYFI-AATRIKPKSA-N,2-Hydroxycinnamic acid,MTBLS11904,plasma,Positive,Reverse phase/C18
0.0027474887633089293,-0.39020842024596325,IK_VKYKSIONXSXAKP-UHFFFAOYSA-N,Methenamine,MTBLS11904,plasma,Positive,Reverse phase/C18
-0.2814520710436463,-0.36408793581080945,IK_GLONBVCUAVPJFV-PCDHEYSGSA-N,Dehydroisoandrosterone 3-glucuronide,MTBLS11904,plasma,Negative,Reverse phase/C18
-0.07387194429943467,-1.0051919873983803,IK_RGHNJXZEOKUKBD-UHFFFAOYNA-N,D-Gluconic acid,35829770,plasma,Negative,Reverse phase/C18
-15.816002751538761,0.3966512705828276,IK_ACVGWSKVRYFWRP-UHFFFAOYSA-N,Rutaecarpine,MTBLS11904,plasma,Negative,Reverse phase/C18
0.053854523064552205,-0.5189172079871037,IK_GHCZAUBVMUEKKP-WTFVBUONSA-N,Glycoursodeoxycholic acid,35829770,plasma,Negative,Reverse phase/C18
0.005755715108943413,-0.48519689047364967,IK_ZGKDAEWLTNBSEJ-GHMZBOCLSA-N,"Cyclopropyl-[(3S,4S)-3-(dimethylamino)-4-(hydroxymethyl)piperidin-1-yl]methanone",MTBLS11904,plasma,Positive,Reverse phase/C18
0.005544388218826824,-0.4738148538307609,IK_HZDLKNOGBSMKRN-UHFFFAOYSA-N,Imidazolone A,MTBLS11904,plasma,Positive,Reverse phase/C18
0.15222744623812065,0.09608896945686937,IK_YLKVIMNNMLKUGJ-BQYQJAHWSA-N,Cardanolmonoene,MTBLS11904,plasma,Positive,Reverse phase/C18
0.09686671394535927,0.024966891232333276,IK_QWZIITCYKKSZGN-UHFFFAOYSA-N,Xi-3-Hydroxy-2-oxobutanoic acid,MTBLS11904,plasma,Negative,Reverse phase/C18
-0.1542888581117995,-0.5647556314171822,IK_NWGZOALPWZDXNG-UHFFFAOYNA-N,"N,N-Dimethylarginine",MTBLS11904,plasma,Positive,Reverse phase/C18
-0.13037993718496946,2.4113601640943267,UNKNOWN_ROW__24167579__unknown_114,unknown_114,24167579,serum,Positive,Reverse phase/C18
-0.06996325636969232,-0.3794803735277153,IK_RFDAIACWWDREDC-IFZPJRIXSA-N,"3a,7b,12a-Trihydroxyoxocholanyl-Glycine",MTBLS11904,plasma,Negative,Reverse phase/C18
0.15347783267472426,-0.4130762083783669,IK_WWUZIQQURGPMPG-KRWOKUGFSA-N,Sphingosine,MTBLS11904,plasma,Positive,Reverse phase/C18
0.7077707565723204,1.0241966402992184,NO_INCHIKEY__gly phe asn thr phe,Gly Phe Asn Thr Phe,MTBLS11904,plasma,Positive,Reverse phase/C18
-0.028873971745323416,-0.8497249340893,IK_KZSNJWFQEVHDMF-UHFFFAOYNA-N,Valine,ST001814,plasma,Positive,GC-MS
0.0034754711968513533,-0.09636251951476424,IK_COJBGNAUUSNXHX-UHFFFAOYSA-N,2-Keto-glutaramic acid,MTBLS11904,plasma,Positive,Reverse phase/C18
-0.32221487587494396,0.020247993385861755,IK_GRERMCGRRAMWSD-GRZGAGJTSA-N,Vanillic acid 4-O-glucuronide,MTBLS11904,plasma,Negative,Reverse phase/C18
-0.14533204041134792,-0.4813634588671135,IK_VCCAAURNBULZRR-JGVFFNPUSA-N,Conhydrine,24167579,serum,Positive,Reverse phase/C18
0.14891928292926163,0.10050799366200147,IK_HSUNTEFOMSKZCT-UHFFFAOYSA-N,Deoxycholylhistidine,MTBLS11904,plasma,Positive,Reverse phase/C18
0.1508851312735543,-0.32818630005493454,IK_PNFUIOJRSUFFPH-VYFLHTJVSA-N,"PC(18:2(9Z,12Z)/22:4(7Z,10Z,13Z,16Z))",MTBLS11904,plasma,Positive,Reverse phase/C18
-0.9820073136275015,0.8476508186824744,IK_UFSCUAXLTRFIDC-UHFFFAOYSA-N,"Oxalosuccinate2,3",ST003159,serum,Negative,Reverse phase/C18
0.07545472590037913,-1.4276107538435905,IK_KWIUHFFTVRNATP-UHFFFAOYSA-N,Betaine,MTBLS11904,plasma,Positive,Reverse phase/C18
0.09178175832110899,0.8972621773036858,UNKNOWN_ROW__35829770__unknown_347,unknown_347,35829770,plasma,Positive,HILIC
0.3258862162104785,0.12685190022898069,IK_KGCPGAKRLOCUEV-ZLXBYIIJSA-N,PE O-16:1_22:6,37755270,serum,Not reported,Reverse phase/C18
-0.022996982250907905,-0.38462452901089395,IK_ZWCCSIUBHCZKOY-UHFFFAOYSA-N,"Adb-chminaca, (+/-)-",MTBLS11904,plasma,Negative,Reverse phase/C18
0.05621127837975552,0.04477841958590771,IK_FYYIUODUDSPAJQ-XVBQNVSMSA-N,"2-Propenoic acid, 2-methyl-, 7-oxabicyclo[4.1.0]hept-3-ylmethyl ester",MTBLS11904,plasma,Positive,Reverse phase/C18
0.03710428693962034,0.6819736157928427,UNKNOWN_ROW__35829770__unknown_234,unknown_234,35829770,plasma,Positive,Reverse phase/C18
0.08377517131164798,0.9862871766356401,UNKNOWN_ROW__24167579__unknown_41,unknown_41,24167579,serum,Positive,Reverse phase/C18
0.08788423595305558,0.6061117115780917,NO_INCHIKEY__16 carbon fatty acid,16 carbon fatty acid,24167579,serum,Positive,Reverse phase/C18
0.04976269508917289,-0.38086872170757374,IK_PYLPANOYZCSFOX-UCIVWCSPSA-N,27-Norcholestanehexol,MTBLS11904,plasma,Negative,Reverse phase/C18
1.9081132795165043,-1.5640161757126867,IK_OUYCCCASQSFEME-UHFFFAOYNA-N,Tyrosine,38516193,plasma,Positive,LC-MS/unspecified
0.425578021138252,0.02557118283474367,IK_RWCOTTLHDJWHRS-YUMQZZPRSA-N,Pro-Pro,38720721,serum,Not reported,Reverse phase/C18
0.25211549971315883,4.444667126662903,UNKNOWN_ROW__35829770__unknown_330,unknown_330,35829770,plasma,Positive,Reverse phase/C18
0.16516848378115032,-1.0266951525365273,IK_ZHRLECIZINSPKL-AKGZTFGVSA-N,L-Cysteinylglycine disulfide,24167579,serum,Positive,Reverse phase/C18
0.2501663045718171,-0.310875750947772,IK_PKSATBKOULRIBB-PYCGOTNYSA-N,"PE-NMe2(22:6(4Z,7Z,10Z,13Z,16Z,19Z)/18:3(6Z,9Z,12Z))",MTBLS11904,plasma,Positive,Reverse phase/C18
-0.02588149205798457,-0.38738671523088686,IK_PUYXTUJWRLOUCW-UHFFFAOYSA-N,Spiroxamine,MTBLS11904,plasma,Negative,Reverse phase/C18
0.4785284462207763,2.2032840216865894,UNKNOWN_ROW__24167579__unknown_83,unknown_83,24167579,serum,Positive,Reverse phase/C18
0.7399067764018812,2.7253898197957667,UNKNOWN_ROW__24167579__unknown_85,unknown_85,24167579,serum,Positive,Reverse phase/C18
-0.26921223313431786,-0.8324035217511546,IK_DIJBBUIOWGGQOP-QGVNFLHTSA-N,Pregnenolone sulfate,MTBLS11904,plasma,Negative,Reverse phase/C18
0.03301853645088593,0.8813279727126159,UNKNOWN_ROW__35829770__unknown_429,unknown_429,35829770,plasma,Positive,HILIC
-0.014443594668567702,-0.3660722858784664,IK_GURBRQGDZZKITB-VXBMJZGYSA-N,12-KETE,ACS1517,serum,Positive,Reverse phase/C18
0.025923489801451323,0.9220488187008365,UNKNOWN_ROW__35829770__unknown_355,unknown_355,35829770,plasma,Positive,HILIC
0.23216386366836805,0.5712326011915136,IK_QIVBCDIJIAJPQS-SECBINFHSA-N,D-Tryptophan,ST003159,serum,Positive,HILIC
-0.1066234028616752,-0.10487875674374685,IK_FAXDZWQIWUSWJH-UHFFFAOYSA-N,3-Methoxypropylamine,MTBLS11904,plasma,Positive,Reverse phase/C18
0.0809286649495519,0.08062984042288579,IK_XBGLCVZQMWKHFC-NMQALWILSA-N,Notoginsenoside Fc,MTBLS11904,plasma,Positive,Reverse phase/C18
0.06609937714828115,0.5036120192347063,NO_INCHIKEY__13 carbon fatty acid,13-carbon fatty acid,24167579,serum,Positive,Reverse phase/C18
-0.12249266204825947,-0.46281851776763944,IK_NYPJDWWKZLNGGM-UHFFFAOYSA-N,Fenvalerate,MTBLS11904,plasma,Positive,Reverse phase/C18
0.3769757567721518,0.021098122914968126,IK_SHXWCVYOXRDMCX-UHFFFAOYSA-N,"3,4-Methylenedioxymethamphetamine",MTBLS11904,plasma,Negative,Reverse phase/C18
0.0912464519732971,-0.8347052568703235,IK_ONJQDTZCDSESIW-UHFFFAOYSA-N,Polidocanol,MTBLS11904,plasma,Positive,Reverse phase/C18
0.058752434270039046,-0.37592784899045245,IK_SJWIIOUVFNZHHP-DTSZJMRKSA-N,DG(6 keto-PGF1alpha/0:0/8:0),MTBLS11904,plasma,Positive,Reverse phase/C18
0.05098860584796134,-0.5013517228135477,IK_QIJPWSGHURHDHJ-UHFFFAOYSA-N,2-n-Propylthiazolidine-4-carboxylic acid,MTBLS11904,plasma,Positive,Reverse phase/C18
-0.1872425546100052,-0.5585934583375503,IK_KDYFGRWQOYBRFD-UHFFFAOYSA-N,Succinic acid,MTBLS11904,plasma,Negative,Reverse phase/C18
0.03892492426837221,1.0255342511634886,UNKNOWN_ROW__35829770__unknown_394,unknown_394,35829770,plasma,Positive,HILIC
0.43596463369184296,-0.5441255795088525,IK_CRVXJVHSLVEDRI-UHFFFAOYSA-N,Tecostanine,24167579,serum,Positive,Reverse phase/C18
0.021196797742012954,-0.32108790247954855,IK_RJHNVFKNIJQTQF-LMIBIYGPSA-N,PA(TXB2/i-12:0),MTBLS11904,plasma,Negative,Reverse phase/C18
-0.031768597414553776,-0.41635033930994875,IK_FYVQCLGZFXHEGL-UHFFFAOYSA-N,3-Hydroxydodecanedioic acid,MTBLS11904,plasma,Negative,Reverse phase/C18
-0.29010833496406824,-0.5302485133434308,IK_HQIDPEYTETUCNF-XVFCMESISA-N,Uridine 2'-phosphate,MTBLS11904,plasma,Positive,Reverse phase/C18
-0.022636356495596893,-0.3807798287200771,IK_SATGKQGFUDXGAX-MYWFJNCASA-N,7alpha-Hydroxy-3-oxo-4-cholestenoate,MTBLS11904,plasma,Negative,Reverse phase/C18
-0.09150517889612857,-0.007888552390935314,IK_FVTVMQPGKVHSEY-UHFFFAOYSA-N,1-AMINOCYCLOBUTANE CARBOXYLIC ACID,MTBLS11904,plasma,Positive,Reverse phase/C18
0.18816478926588903,-0.30754496282537275,IK_FVXDQWZBHIXIEJ-LNDKUQBDSA-N,"PC(18:2(9Z,12Z)/18:2(9Z,12Z))",MTBLS11904,plasma,Positive,Reverse phase/C18
-0.3932661308012526,-0.8797242993368793,IK_OPTASPLRGRRNAP-UHFFFAOYSA-N,Cytosine,MTBLS11904,plasma,Negative,Reverse phase/C18
0.46050388174652596,-0.5042111768842167,IK_JMXKCYUTURMERF-UHFFFAOYSA-N,dodemorph,37755270,serum,Not reported,Reverse phase/C18
0.019246111685704857,0.09671285844588202,IK_FERBTPHUEYEGDN-UHFFFAOYSA-N,4-(undecan-5-yl)benzene-1-Sulfonic Acid,MTBLS11904,plasma,Negative,Reverse phase/C18
-0.3874470947448189,-0.8107044352801622,IK_QIAFMBKCNZACKA-UHFFFAOYSA-N,Hippuric acid,38720721,serum,Not reported,Reverse phase/C18
0.22632025751798449,0.08004355815310743,IK_GIVDFJVWLQFBFP-WMPRHZDHSA-N,LPC 44:5,37755270,serum,Not reported,Reverse phase/C18
0.0161641070189661,-0.43163556049494856,IK_RMOGWMIKYWRTKW-UONOGXRCSA-N,Paclobutrazol,MTBLS11904,plasma,Negative,Reverse phase/C18
0.8099185940952149,-0.08656089599459213,IK_UGQMRVRMYYASKQ-UHTZMRCNSA-N,Arabinosylhypoxanthine,MTBLS11904,plasma,Negative,Reverse phase/C18
-1.9532484439051543,-0.3318087960548223,IK_LTCLZQOHPYRNCF-UHFFFAOYSA-N,6-Hydroxyindoxyl sulfate,MTBLS11904,plasma,Negative,Reverse phase/C18
0.29665275343368586,-0.31493701316639666,IK_NBYHNBHEHIKVDS-CNFNJSKASA-N,DG(18:0/0:0/LTE4),MTBLS11904,plasma,Positive,Reverse phase/C18
-0.5021563890367603,0.0805081478417085,IK_OERBUNDZQSEJCT-CJXYNRQTSA-N,TG 14:0_16:0_18:4,37755270,serum,Not reported,Reverse phase/C18
0.07501960808787803,0.1049334546147267,IK_UYHSBQDAYWOYNS-LDQQKAIHSA-N,"(2xi,20beta)-2,20-Dihydroxy-3-oxo-12-ursen-28-oic acid",MTBLS11904,plasma,Negative,Reverse phase/C18
0.0691383900778946,1.0163087840550689,UNKNOWN_ROW__35829770__unknown_388,unknown_388,35829770,plasma,Positive,HILIC
2.4501328758543712,-0.025902073341986145,IK_KKADPXVIOXHVKN-UHFFFAOYSA-N,4-Hydroxyphenylpyruvic acid,38720721,serum,Not reported,Reverse phase/C18
0.6392353151276426,2.232430446160328,UNKNOWN_ROW__24167579__unknown_189,unknown_189,24167579,serum,Positive,Reverse phase/C18
0.01785097794115233,-0.09375340967507494,IK_GXBZQGMJJGJFFX-XDVLZLKUSA-N,MONOSACCHARIDES,ST001814,plasma,Positive,GC-MS
-0.06484581336429256,-0.47349512170684865,IK_XLUAWXQORJEMBD-YUMQZZPRSA-N,CHEBI:69439,MTBLS11904,plasma,Positive,Reverse phase/C18
0.49871262153995644,-0.010952831919937098,IK_KIUOSJFEKWWKSM-UHFFFAOYSA-N,SM 42:0;2O,37755270,serum,Not reported,Reverse phase/C18
0.1084165638652349,0.045323955506230175,IK_CPKWYFUGBHLPGR-SXFWLWNESA-N,Hypochoeroside A,MTBLS11904,plasma,Negative,Reverse phase/C18
0.0544779145199311,0.8372416390024876,UNKNOWN_ROW__24167579__unknown_31,unknown_31,24167579,serum,Positive,Reverse phase/C18
0.006547591718536879,-0.9907859279700629,IK_COLNVLDHVKWLRT-QMMMGPOBSA-N,L-Phenylalanine,MTBLS11904,plasma,Negative,Reverse phase/C18
0.012774946808089651,-0.5469227571347484,IK_UDMBCSSLTHHNCD-KQYNXXCUSA-N,Adenosine 5'-Monophosphate,MTBLS11904,plasma,Negative,Reverse phase/C18
-0.903809483037857,0.041662400194682356,IK_YDCKQKAUVJTIHE-UHFFFAOYSA-N,"2-(2-Phenylimidazo[1,2-a]pyridin-8-yl)acetamide",MTBLS11904,plasma,Negative,Reverse phase/C18
-0.1514218370747355,-0.015644047758377327,IK_KSPIYJQBLVDRRI-UHFFFAOYSA-N,N-Methylisoleucine,MTBLS11904,plasma,Positive,Reverse phase/C18
0.48784971792328846,-0.33039811585407475,IK_RCNSAJSGRJSBKK-NSQVQWHSSA-N,Biliverdin,33485385,plasma,Positive,LC-MS/unspecified
-0.0871339299685482,0.086649018550841575,IK_OXENLKNOBTVOJA-JLNKQSITSA-N,"4,5-dehydro Docosahexaenoic Acid",MTBLS11904,plasma,Negative,Reverse phase/C18
0.15433553240010903,0.11535921782185204,IK_FWNZEKQVBDXWKA-ZCWREFTMSA-N,Campesterol glucoside,MTBLS11904,plasma,Negative,Reverse phase/C18
0.0673161499165987,1.080184870532858,UNKNOWN_ROW__35829770__unknown_206,unknown_206,35829770,plasma,Negative,Reverse phase/C18
-0.2224470793922384,0.04523580334691808,IK_JXDFEUKNHBHUCP-UHFFFAOYSA-N,N-Nonanoylglycine,MTBLS11904,plasma,Positive,Reverse phase/C18
0.576784189750175,-0.33204878644983493,IK_MNNKFDDWOSVWJL-JAWFKQLMSA-N,"PS(20:1(11Z)/20:4(5Z,8Z,11Z,14Z))",MTBLS11904,plasma,Negative,Reverse phase/C18
0.12576747473691932,-0.00983821782024915,IK_WMUMHAZHWIUBPN-UONOGXRCSA-N,Xestoaminol C,MTBLS11904,plasma,Positive,Reverse phase/C18
0.045307186944720454,0.8559613073807433,UNKNOWN_ROW__24167579__unknown_23,unknown_23,24167579,serum,Positive,Reverse phase/C18
-0.12001684115660015,0.04273602203253556,IK_VXUOFDJKYGDUJI-OAQYLSRUSA-N,LPC 14:0,37755270,serum,Not reported,Reverse phase/C18
0.16226461425581287,-0.08751818891339372,IK_DMQQXDPCRUGSQB-UHFFFAOYSA-N,Trimethylenediaminetetraacetic acid,MTBLS11904,plasma,Negative,Reverse phase/C18
0.042129273599893415,0.9352404830578214,UNKNOWN_ROW__35829770__unknown_325,unknown_325,35829770,plasma,Positive,Reverse phase/C18
-0.11653556804192636,0.10703647237995789,IK_SZJNCZMRZAUNQT-IUCAKERBSA-N,Cyclo(Leu-Pro),38720721,serum,Not reported,Reverse phase/C18
0.16817685316623196,-0.4199241495093852,IK_XIVFQYWMMJWUCD-VSTJRZLJSA-N,Dihydrophaseic acid,MTBLS11904,plasma,Negative,Reverse phase/C18
-0.28490318751663607,-1.7689307191487496,IK_IWDCLRJOBJJRNH-UHFFFAOYSA-N,p-cresol,38720721,serum,Not reported,Reverse phase/C18
0.12473722908885575,0.0380604147658572,IK_MXWDHKDTQAPDQD-INBLFIHXSA-N,Adamantylamide-alanyl-isoglutamine,MTBLS11904,plasma,Positive,Reverse phase/C18
0.045438476266620335,1.0007425230426845,UNKNOWN_ROW__35829770__unknown_451,unknown_451,35829770,plasma,Positive,HILIC
2.0048870221752435,-0.4594724023543094,IK_ZXPULTKTJOBQPE-NWGIQDPJSA-N,C16:1 ceramide,24058461,plasma,Not reported,LC-MS/unspecified
0.06635087184049698,-0.34690945051043875,IK_JDPXOFGDHXVNAK-VHUPYEGGSA-N,"PG(i-12:0/18:2(9Z,11Z))",MTBLS11904,plasma,Positive,Reverse phase/C18
0.3400488919683101,-0.38911075719950156,IK_GBJKHDVRXAVITG-UNPOXIGHSA-N,Alisol B,MTBLS11904,plasma,Positive,Reverse phase/C18
-0.02633331339940753,-0.022289608837697327,IK_ZJKWJHONFFKJHG-UHFFFAOYSA-N,"2-Methoxy-1,4-benzoquinone",MTBLS11904,plasma,Positive,Reverse phase/C18
0.009252645283124033,-0.4900607753721464,IK_YYIUHLPAZILPSG-SMILAEQMSA-N,(-)-Slaframine,MTBLS11904,plasma,Positive,Reverse phase/C18
-1.1372676611253258,0.21618844265716383,IK_FRQOZJPRMBMFKX-DKWTVANSSA-N,Cysteine-S-sulfate3,ST003159,serum,Negative,Reverse phase/C18
-0.019907932963212405,-0.39223094143881665,IK_CZWCKYRVOZZJNM-USOAJAOKSA-N,dehydroepiandrosterone sulfate,MTBLS11904,plasma,Negative,Reverse phase/C18
0.142782061695767,0.02538142514361502,IK_NICDFCNOCPZHTJ-LXGSHKTASA-N,Annosquamosin B,MTBLS11904,plasma,Positive,Reverse phase/C18
0.29064405907709495,-0.687004076110679,IK_OOCCDEMITAIZTP-QPJJXVBHSA-N,CINNAMYL ALCOHOL,38516193,plasma,Positive,LC-MS/unspecified
-0.20385840967715657,2.4137300155145693,UNKNOWN_ROW__24167579__unknown_173,unknown_173,24167579,serum,Positive,Reverse phase/C18
0.0968570312899604,-0.37402393664965655,IK_YCXUCEXEMJPDRZ-UHFFFAOYSA-N,Ganoderic acid H,MTBLS11904,plasma,Positive,Reverse phase/C18
0.2207605614885303,-0.4547329202683482,IK_QHKABHOOEWYVLI-UHFFFAOYSA-N,Ketoisovaleric acid,38720721,serum,Not reported,Reverse phase/C18
-0.2585989279065686,-0.6302919661278411,IK_AGBQKNBQESQNJD-SSDOTTSWSA-N,Lipoic acid,38720721,serum,Not reported,Reverse phase/C18
0.1591394594597698,5.458849736682925,IK_YZXBAPSDXZZRGB-DOFZRALJSA-N,Arachidonic acid,ST003159,serum,Negative,Reverse phase/C18
-0.08612874668382407,-0.9177665875630372,IK_WBYWAXJHAXSJNI-VOTSOKGWSA-N,Cinnamic acid,35829770,plasma,Positive,Reverse phase/C18
0.06088820176841575,1.0776798839453912,NO_INCHIKEY__ps 22 6,PS(22:6),24167579,serum,Positive,Reverse phase/C18
-0.25177421812754863,-0.6114316035998887,IK_DRTQHJPVMGBUCF-XVFCMESISA-N,Uridine,ST003159,serum,Negative,Reverse phase/C18
0.06508346876002098,0.04937194921419451,IK_SYRVWXFZYGDVTF-UHFFFAOYSA-N,"(1beta,2beta,5beta)-p-Menth-3-ene-1,2,5-triol",MTBLS11904,plasma,Negative,Reverse phase/C18
-0.08334228142945148,2.4101863694446597,UNKNOWN_ROW__24167579__unknown_117,unknown_117,24167579,serum,Positive,Reverse phase/C18
0.23955115004211777,-0.3727580390361862,IK_GJWSUKYXUMVMGX-UHFFFAOYSA-N,Citronellic acid,MTBLS11904,plasma,Negative,Reverse phase/C18
0.07202552480612012,1.2052129298378067,UNKNOWN_ROW__35829770__unknown_286,unknown_286,35829770,plasma,Positive,Reverse phase/C18
0.09168822414844177,-0.3359663807947667,IK_SPJFYYJXNPEZDW-FTJOPAKQSA-N,LysoPC(18:2),MTBLS11904,plasma,Negative,Reverse phase/C18
0.08439054950997799,0.07008548182824838,IK_FGIJQXGDQVNWKH-UHFFFAOYSA-N,Palmoxiric acid,MTBLS11904,plasma,Negative,Reverse phase/C18
-0.06259592803491668,-0.5415450414470785,IK_GTZCVFVGUGFEME-UHFFFAOYSA-N,aconitic acid,38720721,serum,Not reported,Reverse phase/C18
-0.07217301898895984,-0.996596979035738,IK_WTDRDQBEARUVNC-ZCFIWIBFSA-N,D-Dopa,35829770,plasma,Positive,Reverse phase/C18
0.060764563157840144,0.02310731643569949,IK_HPHXOIULGYVAKW-IOSLPCCCSA-N,2'-O-Methylinosine,MTBLS11904,plasma,Negative,Reverse phase/C18
0.2192795284733603,-0.33865022278969187,IK_XJLATMLVMSFZBN-VYDXJSESSA-N,Actinonin,MTBLS11904,plasma,Positive,Reverse phase/C18
0.5455327175711371,-0.45768877161666555,IK_GINJFDRNADDBIN-FXQIFTODSA-N,Bialaphos,MTBLS11904,plasma,Negative,Reverse phase/C18
-0.3193060334181905,-0.48118515954333524,IK_NGTXCORNXNELNU-BOIFFFMUSA-N,Leukotriene B3,29518718,plasma,Positive,LC-MS/unspecified
1.0929911077003722,2.4247914598142875,UNKNOWN_ROW__24167579__unknown_165,unknown_165,24167579,serum,Positive,Reverse phase/C18
-0.04040324078399494,-0.5020476264994777,IK_AQAKHZVPOOGUCK-XPUUQOCRSA-N,Gamma-Glutamylvaline,MTBLS11904,plasma,Positive,Reverse phase/C18
0.04596080334461146,0.9724223009470413,UNKNOWN_ROW__24167579__unknown_19,unknown_19,24167579,serum,Positive,Reverse phase/C18
-0.01756303680096862,-0.24421744300304898,IK_SZJNCZMRZAUNQT-UHFFFAOYNA-N,Cyclo(proline-leucine),35829770,plasma,Positive,Reverse phase/C18
0.12186739945252931,-0.08134974649268377,IK_SDVXSCSNVVZWDD-LURJTMIESA-N,N-Succinyl-2-amino-6-ketopimelate,MTBLS11904,plasma,Positive,Reverse phase/C18
-0.3880925874050352,-0.4255646843561187,IK_VMEHOTODTPXCKT-RXMQYKEDSA-N,(2R)-2-Hydroxy-2-methylbutanenitrile,MTBLS11904,plasma,Negative,Reverse phase/C18
-0.04698945274151233,-1.0322431616334184,IK_WSWCOQWTEOXDQX-MQQKCMAXSA-N,"(2E,4E)-2,4-Hexadienoic acid",MTBLS11904,plasma,Positive,Reverse phase/C18
-0.6700359079173558,-0.39758058987715633,IK_DWZGLEPNCRFCEP-UHFFFAOYSA-N,4-Ethylphenylsulfate,MTBLS11904,plasma,Negative,Reverse phase/C18
0.45645248419375634,0.03641801982428931,IK_RNKSNIBMTUYWSH-YFKPBYRVSA-N,Pro-Gly,38720721,serum,Not reported,Reverse phase/C18
0.216224402091377,0.12024294233274045,IK_UZUFPBIDKMEQEQ-UHFFFAOYSA-N,Perfluorononanoic Acid,MTBLS11904,plasma,Negative,Reverse phase/C18
0.23945928795001656,-0.3538902298438782,IK_JQXXHWHPUNPDRT-WLSIYKJHSA-N,Rifampicin,MTBLS11904,plasma,Positive,Reverse phase/C18
-0.03906343204172022,-0.42250858529753477,IK_XDSSPSLGNGIIHP-VKHMYHEASA-N,Se-Methylselenocysteine,MTBLS11904,plasma,Positive,Reverse phase/C18
0.40876053013848007,-0.31841379143993687,IK_SIZUKCMURNXUCZ-JWFJDLLSSA-N,"PE(20:0/20:4(5Z,8Z,11Z,14Z)-OH(19S))",MTBLS11904,plasma,Negative,Reverse phase/C18
0.07233263846412888,0.8884139502104414,UNKNOWN_ROW__35829770__unknown_361,unknown_361,35829770,plasma,Positive,HILIC
-0.30609139049183715,0.06929441982001179,IK_RHOQRBVFJSAQTR-UHFFFAOYSA-N,Tetradec-5-Ynoic Acid,MTBLS11904,plasma,Negative,Reverse phase/C18
0.04791806899026973,0.06689575457998648,IK_XEUPFPHHPCQXFV-UHFFFAOYSA-N,Panaquinquecol 7,MTBLS11904,plasma,Negative,Reverse phase/C18
0.5101423759033995,7.82966675969158,UNKNOWN_ROW__35829770__unknown_338,unknown_338,35829770,plasma,Positive,Reverse phase/C18
0.16558920469715518,-0.4259015429683861,IK_HYQNKKAJVPMBDR-HIFRSBDPSA-N,Hernandulcin,MTBLS11904,plasma,Negative,Reverse phase/C18
0.06023317965332204,1.0403426891743683,UNKNOWN_ROW__35829770__unknown_375,unknown_375,35829770,plasma,Positive,HILIC
0.1073546217178496,0.06691508246285333,IK_WJSAFQZKYVRPGM-PABFRNLHSA-N,16-B1-phytoprostane,MTBLS11904,plasma,Negative,Reverse phase/C18
0.059020941387260585,-0.4528168933173752,IK_QWVGKYWNOKOFNN-UHFFFAOYSA-N,O-Cresol,MTBLS11904,plasma,Negative,Reverse phase/C18
-0.3992929463808725,-0.5591519780511228,IK_BBJIPMIXTXKYLZ-UHFFFAOYSA-N,3-Aminopentanedioic Acid,MTBLS11904,plasma,Negative,Reverse phase/C18
0.10169570552484979,-0.38316757277871805,IK_NXJSQJIGCCIMAE-ORIYTCASSA-N,Polyporenic acid C,MTBLS11904,plasma,Positive,Reverse phase/C18
0.3787697638793727,0.1243978223978033,IK_FFXKPSNQCPNORO-MBYQGORISA-N,"19,20-DiHDPA",MTBLS11904,plasma,Positive,Reverse phase/C18
0.4295568257026639,-0.35160046822275925,IK_YNIJMKWVLKABRN-TWDSNVLRSA-N,"DG(18:2(9Z,12Z)/18:1(11Z)/0:0)",MTBLS11904,plasma,Positive,Reverse phase/C18
-0.03454265405877185,0.07195254997478835,IK_JPFXYNDBKFIYLX-UHFFFAOYSA-N,Myrsinone,MTBLS11904,plasma,Negative,Reverse phase/C18
0.4082745222773413,-0.32947442052771375,IK_WMJJBPKYVQALFE-DYYSOKHRSA-N,"PE(DiMe(13,5)/22:6(5Z,7Z,10Z,13Z,16Z,19Z)-OH(4))",MTBLS11904,plasma,Negative,Reverse phase/C18
-0.004175065239550728,0.42719324215618126,UNKNOWN_ROW__35829770__unknown_228,unknown_228,35829770,plasma,Positive,Reverse phase/C18
0.8614461118157054,-0.38109123351044966,IK_YDNKGFDKKRUKPY-TURZORIXSA-N,C16-Ceramide,MTBLS11904,plasma,Negative,Reverse phase/C18
-0.2130592244307322,0.09820327459244599,IK_VYZAGTDAHUIRQA-WHFBIAKZSA-N,Ala-Glu,38720721,serum,Not reported,Reverse phase/C18
-0.014424950323910973,-0.35447355179027035,IK_MYYIAHXIVFADCU-QMMMGPOBSA-N,Anserine,38516193,plasma,Positive,LC-MS/unspecified
0.3529309392074624,-0.41306705374079683,IK_DKZBBWMURDFHNE-NSCUHMNNSA-N,Coniferylaldehyde,38720721,serum,Not reported,Reverse phase/C18
-0.06193290808135417,-1.0121512210207646,IK_TUNFSRHWOTWDNC-UHFFFAOYSA-N,Myristic acid,35829770,plasma,Negative,HILIC
0.37547649830435786,-0.3300900771821604,IK_PCBVVHMKRNVSDR-YJNXUYHJSA-N,"PE(18:1(9Z)/18:3(9Z,12Z,15Z))",MTBLS11904,plasma,Negative,Reverse phase/C18
0.06802619422770663,0.07411909424892538,IK_RGJSGXNKRWWCOQ-QMEIEYGNSA-N,8(R)-Hydroperoxylinoleic acid,MTBLS11904,plasma,Positive,Reverse phase/C18
0.08857068333858335,0.07625471170222556,IK_ASMYXLDPYBVDFS-UHFFFAOYSA-N,Apigenin 7-arabinoside,MTBLS11904,plasma,Negative,Reverse phase/C18
-0.16833128745492737,0.1062509072560357,IK_DZAIOXUZHHTJKN-UHFFFAOYSA-N,2-deoxytetronic acid,38720721,serum,Not reported,Reverse phase/C18
-0.06711852023239576,0.13261820082352296,IK_RLVAVWQAAQFUOP-UHFFFAOYSA-N,3-Epipapyriferic acid,MTBLS11904,plasma,Negative,Reverse phase/C18
-0.9044944474075343,-0.3731597376996349,IK_GOZCEKPKECLKNO-RKQHYHRCSA-N,Picein,MTBLS11904,plasma,Negative,Reverse phase/C18
-0.45279130072428453,-0.36465007230717883,IK_QTXWOOLAHRQMGZ-UHFFFAOYSA-N,11-Oxo-androsterone glucuronide,MTBLS11904,plasma,Negative,Reverse phase/C18
0.504082911411521,-0.4080362817782035,IK_RRKQXBKNDQFCNC-MTGPGUOHSA-N,"1-alpha-methyl-5-alpha-androstan-3-alpha,17-beta-diol glucuronide",38720721,serum,Not reported,Reverse phase/C18
0.22008320439418205,-0.40628767645881436,IK_RZMLVIHXZGQADB-YLUGYNJDSA-N,Neuromedin N,MTBLS11904,plasma,Positive,Reverse phase/C18
0.38931332294763094,0.01257609466651727,IK_CNAWLBRCOTWCNV-UHFFFAOYSA-N,5-Hydroxydodecanoylcarnitine,MTBLS11904,plasma,Negative,Reverse phase/C18
0.10106549645211774,0.9373200152141156,NO_INCHIKEY__mg 10 0 0 0 0 0,MG(10:0/0:0/0:0),MTBLS11904,plasma,Positive,Reverse phase/C18
0.10834279424583382,1.3429418563250846,UNKNOWN_ROW__35829770__unknown_318,unknown_318,35829770,plasma,Positive,Reverse phase/C18
0.1468173823128201,-0.32960991680866153,IK_TZCPCKNHXULUIY-RGULYWFUSA-N,PS(18:0/18:0),MTBLS11904,plasma,Positive,Reverse phase/C18
-0.07808343703637809,-0.566327653091407,IK_VHKNBDIQDAXGBL-UHFFFAOYSA-M,"2,5-Dioxopentanoate",MTBLS11904,plasma,Negative,Reverse phase/C18
0.08469842920059724,1.26025415164286,UNKNOWN_ROW__35829770__unknown_305,unknown_305,35829770,plasma,Positive,Reverse phase/C18
0.5963654736831592,8.960753384785606,UNKNOWN_ROW__35829770__unknown_341,unknown_341,35829770,plasma,Positive,Reverse phase/C18
-0.09564306798222137,-0.4220903981201126,IK_QELSKZZBTMNZEB-UHFFFAOYSA-N,Propylparaben,MTBLS11904,plasma,Negative,Reverse phase/C18
0.25372117452016013,0.07497266880739877,IK_XEKYYIHOWASTHE-UHFFFAOYSA-N,4-Hydroxy-3-(16-methylheptadecyl)-2H-pyran-2-one,MTBLS11904,plasma,Negative,Reverse phase/C18
0.15954483987084803,-0.03728273668385572,IK_CDAISMWEOUEBRE-UHFFFAOYSA-N,Myoinositol,33485385,plasma,Negative,LC-MS/unspecified
-0.011510556569532539,-0.5664844628170278,IK_BQJCRHHNABKAKU-KBQPJGBKSA-N,Morphine,35829770,plasma,Positive,Reverse phase/C18
-0.2194298007032871,-0.019620293996348927,IK_ADQUXZRKOKKULD-CZOXBATISA-N,"15-Hydroxynorandrostene-3,17-dione glucuronide",MTBLS11904,plasma,Positive,Reverse phase/C18
0.056204029844812625,-1.3279290942763493,IK_DRTQHJPVMGBUCF-XVFCMESISA-N,Uridine,38720721,serum,Not reported,Reverse phase/C18
0.3289254057822632,-0.580283257519227,IK_NUJGJRNETVAIRJ-UHFFFAOYSA-N,Octanal,24167579,serum,Positive,Reverse phase/C18
-0.274221578845594,-0.4923138841346042,IK_WHNWPMSKXPGLAX-UHFFFAOYSA-N,N-VINYL-2-PYRROLIDONE,MTBLS11904,plasma,Negative,Reverse phase/C18
-0.054571666511166024,-0.4032521573248827,IK_RSIHSRDYCUFFLA-DYKIIFRCSA-N,Boldenone,MTBLS11904,plasma,Negative,Reverse phase/C18
-0.1057038073693064,-0.354429984810436,IK_XGRLSUFHELJJAB-KVVVOXFISA-M,1-Oleoyl Lysophosphatidic Acid (sodium salt),MTBLS11904,plasma,Negative,Reverse phase/C18
-3.0588951297455402,-0.36637037572172515,IK_XUFQPHANEAPEMJ-UHFFFAOYSA-N,Famotidine,38720721,serum,Not reported,Reverse phase/C18
0.15946770549277706,-0.5520552278376742,IK_ZHTQCPCDXKMMLU-UHFFFAOYSA-N,Norathyriol,MTBLS11904,plasma,Negative,Reverse phase/C18
0.06752072266815289,0.05464550998557687,IK_YVPPHAUZYVAQNM-UHFFFAOYSA-N,"2-Piperidinecarboxamide, 1-butyl-N-(4-hydroxy-2,6-dimethylphenyl)-",MTBLS11904,plasma,Positive,Reverse phase/C18
0.22111079069480225,-0.08458498304268673,IK_GAQNUGISBQJMKO-UHFFFAOYSA-N,Beta-Citryl-L-glutamic acid,MTBLS11904,plasma,Negative,Reverse phase/C18
0.9066576854533948,2.499679618084017,UNKNOWN_ROW__24167579__unknown_194,unknown_194,24167579,serum,Positive,Reverse phase/C18
-0.49831400765159223,-0.3390208078084043,IK_WWSWYXNVCBLWNZ-QIZQQNKQSA-N,Fluprostenol,MTBLS11904,plasma,Negative,Reverse phase/C18
-0.5222482126400995,-0.08270342034990316,IK_HOSWPDPVFBCLSY-VKHMYHEASA-N,L-Aspartate-semialdehyde,MTBLS11904,plasma,Negative,Reverse phase/C18
-0.24166851776413223,-0.41372332755998525,IK_RHWSKVCZXBAWLZ-UHFFFAOYSA-N,Psi-Pelletierine,MTBLS11904,plasma,Negative,Reverse phase/C18
-0.14538904790136215,-0.38622951923366505,IK_RJZVWDTYEWCUAR-JOCHJYFZSA-N,LPC 15:0,38720721,serum,Not reported,Reverse phase/C18
-0.08022107734341591,-0.0862002951586948,IK_XECPAIJNBXCOBO-MMPJQOAZSA-N,"D-Glucaro-1,4-lactone",MTBLS11904,plasma,Positive,Reverse phase/C18
-0.12310931962368202,-1.4738851658907857,IK_FFEARJCKVFRZRR-BYPYZUCNSA-N,L-Methionine,35829770,plasma,Positive,Reverse phase/C18
-0.09301455066560767,-0.4189085658574644,IK_SXKNCCSPZDCRFD-UHFFFAOYSA-N,Betaine aldehyde,24167579,serum,Positive,Reverse phase/C18
0.32579709689371755,0.08474490494210705,IK_UMOAAMQGRRCHPA-GJCOWUBNSA-N,N-Oleoyl Leucine,MTBLS11904,plasma,Negative,Reverse phase/C18
0.06585191519414126,0.01375210920037755,IK_VLULRUCCHYVXOH-UHFFFAOYSA-N,TIC10,MTBLS11904,plasma,Positive,Reverse phase/C18
0.43356574639915985,2.115264329526615,UNKNOWN_ROW__24167579__unknown_89,unknown_89,24167579,serum,Positive,Reverse phase/C18
0.2482733047406011,0.013790132954639706,IK_SGJNQVTUYXCBKH-HNQUOIGGSA-N,Hispidin,MTBLS11904,plasma,Negative,Reverse phase/C18
-0.12573181592715652,2.4261176661481008,UNKNOWN_ROW__24167579__unknown_145,unknown_145,24167579,serum,Positive,Reverse phase/C18
0.4057587294451062,0.03565812778852857,IK_TXTNKDRGVWKECN-UHFFFAOYSA-N,"1,1'-(Tetrahydro-6a-hydroxy-2,3a,5-trimethylfuro[2,3-d]-1,3-dioxole-2,5-diyl)bis-ethanone",MTBLS11904,plasma,Positive,Reverse phase/C18
-4.5899007529899665,-0.7743026922437468,IK_OQZCSNDVOWYALR-UHFFFAOYSA-N,Flurochloridone,MTBLS11904,plasma,Negative,Reverse phase/C18
0.01716846183414991,-1.0419731766591716,IK_QEFRNWWLZKMPFJ-YGVKFDHGSA-N,Methionine Sulfoxide,MTBLS11904,plasma,Positive,Reverse phase/C18
-0.2635913254866621,-0.3297993361551487,IK_ALPFACMJGXQCHP-TUUIQCBBSA-N,DG(PGD2/0:0/18:0),MTBLS11904,plasma,Positive,Reverse phase/C18
-0.1057960775757726,-0.3000499573652926,IK_ZIMMPNSGYHHAIF-MNIDJLETSA-N,"PE-NMe(18:2(9Z,12Z)/20:2(11Z,14Z))",MTBLS11904,plasma,Negative,Reverse phase/C18
0.04028929662646164,0.062427021502092436,IK_WBIICVGYYRRURR-UHFFFAOYSA-N,"3-(Aminomethyl)-2,5,9-trimethyl-7H-furo[3,2-g]chromen-7-one",MTBLS11904,plasma,Positive,Reverse phase/C18
-0.0674980609753394,-0.5554743159895728,IK_ODBLHEXUDAPZAU-UHFFFAOYSA-N,isocitric acid,MTBLS11904,plasma,Negative,Reverse phase/C18
0.05730904559190925,0.013052198388758807,IK_YQDZGFAYWGWSJK-SLMGBJJTSA-N,"11beta,17beta-Dihydroxy-4-androsten-3-one",MTBLS11904,plasma,Positive,Reverse phase/C18
0.9330981779299719,-0.8192123213706374,IK_YWZGQPJRQXHVQX-BYCLXTJYSA-N,Cer-AS d34:1,37755270,serum,Not reported,Reverse phase/C18
0.04489213067407065,-0.03753584623034431,IK_SITLTJHOQZFJGG-XPUUQOCRSA-N,Glutamylvaline,MTBLS11904,plasma,Positive,Reverse phase/C18
0.20873269660648733,-0.30990808153436283,IK_DTTVUTICRKIUMH-NPUXTLKISA-N,"PA(20:5(5Z,8Z,11Z,14Z,17Z)/22:1(13Z))",MTBLS11904,plasma,Positive,Reverse phase/C18
-0.5928399501460159,-1.4919592703288311,IK_BTCSSZJGUNDROE-UHFFFAOYSA-N,Gamma Aminobutyric acid,MTBLS11904,plasma,Positive,Reverse phase/C18
0.08526254160412872,-0.575249560751093,IK_DSLZVSRJTYRBFB-DUHBMQHGSA-N,D-Galactaric acid,MTBLS11904,plasma,Negative,Reverse phase/C18
-0.040158637998678096,-0.889373532894752,IK_MMOXZBCLCQITDF-UHFFFAOYSA-N,Diethyltoluamide,MTBLS11904,plasma,Positive,Reverse phase/C18
0.07184114005559727,-0.38972681769282513,IK_NKDFYOWSKOHCCO-WRDNMVOESA-N,Ecdysterone,MTBLS11904,plasma,Negative,Reverse phase/C18
0.018873693199905055,-1.0336078834948355,IK_BJBUEDPLEOHJGE-BKLSDQPFSA-N,3-Hydroxy-L-proline,MTBLS11904,plasma,Negative,Reverse phase/C18
0.104676801645836,-0.5372357192617869,IK_ZLIGRGHTISHYNH-WUXMJOGZSA-N,(E)-indol-3-ylacetaldoxime,MTBLS11904,plasma,Negative,Reverse phase/C18
0.07344486173554751,-0.09132282963067279,IK_OVRNDRQMDRJTHS-JAJWTYFOSA-N,N-Acetyl-b-D-galactosamine,MTBLS11904,plasma,Negative,Reverse phase/C18
0.1700779767284926,-0.03031213619075875,IK_BXLYSRPHVMCOPS-ACZMJKKPSA-N,Serylisoleucine,MTBLS11904,plasma,Negative,Reverse phase/C18
-3.193662484860597,0.47482917688710025,IK_IDRRCKUGGXLORG-FJXQXJEOSA-N,"3-O-Methyldopa1,2,3",ST003159,serum,Negative,Reverse phase/C18
0.15311948996198102,0.022296435680142675,IK_XZOBJEOEOJXQBF-UHFFFAOYSA-N,3-Methyl-5-propyl-2-furanundecanoic acid,MTBLS11904,plasma,Positive,Reverse phase/C18
0.1303037340726249,0.3577930296757396,IK_HOVAGTYPODGVJG-VOQCIKJUSA-N,methyl-beta-D-galactopyranoside,ST001814,plasma,Positive,GC-MS
0.04759787179462423,0.8805764701954248,UNKNOWN_ROW__35829770__unknown_349,unknown_349,35829770,plasma,Positive,HILIC
1.0400837387439783,-0.46267435870518686,IK_JARYYMUOCXVXNK-CSLFJTBJSA-N,Validamycin A,MTBLS11904,plasma,Positive,Reverse phase/C18
0.07425835486167337,1.0931268309079225,UNKNOWN_ROW__35829770__unknown_216,unknown_216,35829770,plasma,Negative,Reverse phase/C18
0.00493033558426421,0.524073050365256,UNKNOWN_ROW__35829770__unknown_202_carbon_number_5_plasma_id_53,Unknown_202 (carbon number 5); PlaSMA ID-53,35829770,plasma,Negative,Reverse phase/C18
0.022701913943505656,0.8820037833539348,NO_INCHIKEY__pc 18 2 20 4,PC 18:2_20:4,37755270,serum,Not reported,Reverse phase/C18
-0.23032872239590235,-0.6060203223294575,IK_OBMDBUWMBOPDST-JJDRJQAMSA-N,hydroxyproline dipeptide,38720721,serum,Not reported,Reverse phase/C18
0.24559874140821522,-0.3786995176450149,IK_LXWZWRRIEITWMN-ZUTFDUMMSA-N,(3Z)-phytochromobilin,MTBLS11904,plasma,Negative,Reverse phase/C18
-0.11253110495823818,-0.4548050975690393,IK_SJBDVPKAXKLGPV-UKNYEQEFSA-N,Mascaroside,MTBLS11904,plasma,Negative,Reverse phase/C18
0.06766136049684046,-0.42911392113267133,IK_ZFFFJLDTCLJDHL-JQYCEVDMSA-N,Pregnanediol 3-O-glucuronide,MTBLS11904,plasma,Negative,Reverse phase/C18
-0.0902915195746207,-0.4193525819940299,IK_KDPFMRXIVDLQKX-ISGXEFFDSA-N,Curdione,MTBLS11904,plasma,Positive,Reverse phase/C18
0.07795512878646003,0.9782191627911222,UNKNOWN_ROW__24167579__unknown_39,unknown_39,24167579,serum,Positive,Reverse phase/C18
0.14301572032317564,1.4855208783141927,UNKNOWN_ROW__35829770__unknown_359,unknown_359,35829770,plasma,Positive,HILIC
-0.10277573280216225,-1.531243736791819,IK_AYFVYJQAPQTCCC-GBXIJSLDSA-N,L-Threonine,MTBLS11904,plasma,Negative,Reverse phase/C18
-0.09312274819543347,-0.43663019725254343,IK_DWKUKQRKVCMOLP-UHFFFAOYSA-N,1-Piperideine,MTBLS11904,plasma,Positive,Reverse phase/C18
-3.7773117986348916,-0.2819808582793159,IK_BMVUIWJCUQSHLZ-YFZGBAIXSA-N,Glycerophosphoinositol,MTBLS11904,plasma,Negative,Reverse phase/C18
-0.03700643307009948,-0.03703543710797256,IK_YBGWTZSEYYMFJI-AXUSBXICSA-N,Silymonin,MTBLS11904,plasma,Negative,Reverse phase/C18
-0.010407961221919669,-0.8800553622402483,IK_PMTMAFAPLCGXGK-JMTMCXQRSA-N,12-oxo-PDA,MTBLS11904,plasma,Positive,Reverse phase/C18
-0.03648602815929497,-0.7834382348994562,IK_MTCFGRXMJLQNBG-UHFFFAOYNA-N,Serine,ST001814,plasma,Positive,GC-MS
-0.19045385399890044,0.11930915384981171,IK_BWWWIHHYPYDOJQ-BSGVGGAOSA-N,"(3a,5b,7a,12a)-24-[(carboxymethyl)amino]-1,12-dihydroxy-24-oxocholan-3-yl-b-D-Glucopyranosiduronic acid",MTBLS11904,plasma,Negative,Reverse phase/C18
0.3395237388355409,-0.3007784281516824,IK_LXZUEFPJZTWGEL-KAMYIIQDSA-N,"?Ã‡Ãœ alpha,beta-Dihydroxyethyl-TPP",24167579,serum,Positive,Reverse phase/C18
-0.11186249911771,-1.1883374998271543,IK_AHLPHDHHMVZTML-UHFFFAOYSA-N,Ornithine,35829770,plasma,Positive,HILIC
-0.2878606807157618,-0.5480282240062335,IK_WZNJWVWKTVETCG-YFKPBYRVSA-N,Mimosine,MTBLS11904,plasma,Negative,Reverse phase/C18
-0.06763918551287296,-0.8125421824253046,IK_MSWZFWKMSRAUBD-QZABAPFNSA-N,beta-D-Glucosamine,35829770,plasma,Positive,HILIC
0.3725702133765808,-0.3197238577740645,IK_QQZAQKGMSREYHF-KDEBBMLKSA-N,PC(P-18:0/18:3),MTBLS11904,plasma,Positive,Reverse phase/C18
0.32049201869103494,0.13675708457288435,IK_WTJKGGKOPKCXLL-VYOBOKEXSA-N,2-Oleoyl-1-palmitoyl-sn-glycero-3-phosphocholine,MTBLS11904,plasma,Positive,Reverse phase/C18
-0.08421417853541469,-0.8688198234797437,IK_JHPNVNIEXXLNTR-UHFFFAOYSA-N,DEOXYCARNITINE,35829770,plasma,Positive,HILIC
-1.5864877940852111,-0.3394665677847043,IK_DOFAQXCYFQKSHT-SRVKXCTJSA-N,t4-OH-Proline,34577635,serum,Not reported,LC-MS/unspecified
0.48689500203314307,0.044780785951823304,IK_QVZHZVWYFNADIO-BATPLZQESA-N,3'-Ketolactose,MTBLS11904,plasma,Negative,Reverse phase/C18
-0.18726014411016745,0.05485018920358764,IK_AYKQJQVWUYEZNU-UHFFFAOYSA-N,Cysteinyl-Asparagine,MTBLS11904,plasma,Positive,Reverse phase/C18
0.19105118001804838,-0.3747277226980619,IK_BBYWOYAFBUOUFP-JOCHJYFZSA-N,PE(18:0/0:0),MTBLS11904,plasma,Negative,Reverse phase/C18
-3.325792304745622,-0.3090778610888623,IK_VKEQBMCRQDSRET-UHFFFAOYSA-N,Methylone,MTBLS11904,plasma,Negative,Reverse phase/C18
-0.5734410766903402,-0.3468359465348003,IK_REAZZDPREXHWNV-UHFFFAOYSA-N,"Aplysiatoxin, 17-debromo-",MTBLS11904,plasma,Positive,Reverse phase/C18
0.10036687853002066,0.07894160205063994,IK_HAFVWTUQBYRPOB-QGGNSXJXSA-N,"11b,17a,21-Trihydroxypreg-nenolone",MTBLS11904,plasma,Negative,Reverse phase/C18
-0.10766497875757779,-0.3980325139193336,IK_KJUNGQXFZYMUOH-FKWLWHCOSA-N,LPC 18:1.1,37755270,serum,Not reported,Reverse phase/C18
-0.9792973681993531,0.027350902335766328,IK_DREONSBNBZFXLW-UHFFFAOYSA-N,Beta-Hydroxy-gamma-trimethylaminobutyric acid,MTBLS11904,plasma,Positive,Reverse phase/C18
0.2557419584317903,-0.3716634245787355,IK_REDKBACMQCHVMH-LQOXNGKESA-N,PE(22:1(13Z)/15:0),MTBLS11904,plasma,Positive,Reverse phase/C18
-0.08138409102151244,2.4158038243994997,UNKNOWN_ROW__24167579__unknown_129,unknown_129,24167579,serum,Positive,Reverse phase/C18
-0.0583209854549745,-0.7988473621400868,IK_CVXBEEMKQHEXEN-UHFFFAOYSA-N,Carbaryl,35829770,plasma,Positive,Reverse phase/C18
0.2135209864338873,0.0665020434188986,IK_ZIKZPLSIAVHITA-WNGDLQANSA-N,Nomilinic acid,MTBLS11904,plasma,Negative,Reverse phase/C18
-0.5109180652889334,-0.04004581292309149,IK_SMQAUVNNWONFCH-ULUSZKPHSA-N,Methionine glutamate,MTBLS11904,plasma,Positive,Reverse phase/C18
-0.0985920533142797,2.397872487860554,UNKNOWN_ROW__24167579__unknown_125,unknown_125,24167579,serum,Positive,Reverse phase/C18
-0.0853356829415007,-0.36580690989933035,IK_RJZVWDTYEWCUAR-JOCHJYFZSA-N,LPC 15:0,MTBLS11904,plasma,Positive,Reverse phase/C18
0.21130253277284805,-0.37245928461105426,IK_VYYMKBGJOHEYSB-ZKQZXHNPSA-N,"DG(10:0/0:0/20:4(6E,8Z,11Z,14Z)+=O(5))",MTBLS11904,plasma,Positive,Reverse phase/C18
-0.07658928164024423,0.1100337809296781,IK_OTCSBULKTTUVHL-XXSKBKDCSA-N,"2,3-Secoporrigenin",MTBLS11904,plasma,Negative,Reverse phase/C18
0.31771802881536604,0.04838884637561301,IK_SAMRUMKYXPVKPA-UHFFFAOYSA-N,Behenoyl-arabinofuranosyl-cytosine,MTBLS11904,plasma,Positive,Reverse phase/C18
0.4386633761073196,0.02275852360754227,IK_SSBCZTXGVMMZOT-NBBHSKLNSA-N,"16a-Hydroxyandrost-4-ene-3,17-dione",MTBLS11904,plasma,Positive,Reverse phase/C18
0.1307269054822887,0.10212157837342843,IK_RBLDVEUUCHVWMW-SXYQVCRBSA-N,Cholic acid glucuronide,MTBLS11904,plasma,Negative,Reverse phase/C18
0.07593964140503515,-0.049400137392747366,IK_QDMOINLDXCZCEK-JTQLQIEISA-N,L-DOPA n-Butyl Ester,MTBLS11904,plasma,Positive,Reverse phase/C18
0.011663955653269291,0.015707864013719406,IK_VEYJKJORLPYVLO-RYUDHWBXSA-N,Valyltyrosine,MTBLS11904,plasma,Positive,Reverse phase/C18
0.28328896256297814,-0.310784453029561,IK_MEZHYUGWUQWXOK-QPPIDDCLSA-N,PGP(i-12:0/i-22:0),MTBLS11904,plasma,Positive,Reverse phase/C18
-0.11985683770704669,-1.0425624017800463,IK_FONIWJIDLJEJTL-UHFFFAOYSA-N,N8-Acetylspermidine,24167579,serum,Positive,Reverse phase/C18
0.12157003964567277,-0.9176075615575375,IK_GQJQCKUJCHMTNF-UHFFFAOYSA-N,Prenyl glucoside,MTBLS11904,plasma,Negative,Reverse phase/C18
-0.07970131656082229,-0.7465395932266362,IK_QRXWMOHMRWLFEY-UHFFFAOYSA-N,Isoniazid,35829770,plasma,Positive,Reverse phase/C18
0.06425860779595698,0.8885411675172009,UNKNOWN_ROW__35829770__unknown_459,unknown_459,35829770,plasma,Positive,HILIC
0.1846619783132875,-0.4263460362881538,IK_SEALOBQTUQIVGU-QNIJNHAOSA-N,dihydroergocornine,MTBLS11904,plasma,Positive,Reverse phase/C18
0.581008436301374,-0.6481044785058365,IK_HGLVTNLCPFWLTF-UHFFFAOYSA-N,Cer 16:0;2O_23:0,37755270,serum,Not reported,Reverse phase/C18
-0.012262775765116295,-0.9368388981214043,IK_IAIWVQXQOWNYOU-FPYGCLRLSA-N,Nitrofurazone,MTBLS11904,plasma,Negative,Reverse phase/C18
0.1606647086898908,0.09464314543182922,IK_MVVPIAAVGAWJNQ-CGRWFSSPSA-N,"N-[2-(3,4-Dihydroxyphenyl)ethyl]icosa-5,8,11,14-tetraenamide",MTBLS11904,plasma,Negative,Reverse phase/C18
-0.599999017629812,-0.5526400949587371,IK_VZCYOOQTPOCHFL-OWOJBTEDSA-N,fumaric acid,MTBLS11904,plasma,Negative,Reverse phase/C18
0.03700301054970032,-0.038349679254079165,IK_NQOMZUZLRFQVLR-UHFFFAOYSA-N,5'-Hydroxylornoxicam,MTBLS11904,plasma,Negative,Reverse phase/C18
-0.344368105002701,-1.2448416552630155,IK_WHUUTDBJXJRKMK-VKHMYHEASA-N,Glutamic acid,28880465,serum,Positive,LC-MS/unspecified
0.8916432564053579,1.2833980605487596,IK_FJFKQAOJHHCXEK-UHFFFAOYSA-N,4-Methoxyphenylethanol sulfate,ST003159,serum,Negative,Reverse phase/C18
0.13127724813962371,0.09742042688462559,IK_XJZGNVBLVFOSKJ-XZULNKEGSA-N,27-Deoxy-5b-cyprinol,MTBLS11904,plasma,Negative,Reverse phase/C18
-0.030553344350460226,-0.49316525552503254,IK_CBFHOPPJBYHALQ-RLWMBFFFSA-N,S-Butylcysteine sulfoxide,MTBLS11904,plasma,Positive,Reverse phase/C18
-0.10639481906092975,-0.5650056675217057,IK_SXFSQZDSUWACKX-UHFFFAOYSA-N,2-Oxo-4-methylthiobutanoic acid,MTBLS11904,plasma,Positive,Reverse phase/C18
0.321350214627078,5.352840292277332,UNKNOWN_ROW__35829770__unknown_335,unknown_335,35829770,plasma,Positive,Reverse phase/C18
0.14957788560830862,5.736464941482816,IK_IVEOBKYBCRMTLK-ZPMDXPHCSA-N,FFA 20:3,ST003159,serum,Negative,Reverse phase/C18
3.686759738635716,-1.4100509264633316,IK_JZDHUJAFXGNDSB-WHFBIAKZSA-N,Glu-Ala,38720721,serum,Not reported,Reverse phase/C18
-0.00652393459866109,0.10374758318974668,IK_JQNFSWJEERESHM-SRQIZXRXSA-N,Cysteinylhydroxyproline,MTBLS11904,plasma,Positive,Reverse phase/C18
0.08860269478103619,0.021848822551871996,IK_HKJOYARIOKGODS-UHFFFAOYSA-N,6-Amino-N-[6-keto-6-(6-ketohexylamino)hexyl]hexanamide,MTBLS11904,plasma,Positive,Reverse phase/C18
0.02323051929434322,-1.307611659241719,IK_YGPSJZOEDVAXAB-UHFFFAOYSA-N,Kynurenine,38720721,serum,Not reported,Reverse phase/C18
-0.10534064726190137,-0.9668230760865818,IK_MTHSVFCYNBDYFN-UHFFFAOYSA-N,DI(Hydroxyethyl)ether,35829770,plasma,Positive,Reverse phase/C18
-0.09051922286951886,-0.8090497240878265,IK_AYFVYJQAPQTCCC-HRFVKAFMSA-N,L-Allothreonine,35829770,plasma,Positive,HILIC
0.15917562716034472,0.061580618199622246,IK_BHPXBBXWEPCSOK-RMKNXTFCSA-N,"Glucosyl (E)-2,6-Dimethyl-2,5-heptadienoate",MTBLS11904,plasma,Negative,Reverse phase/C18
-0.03749469010522149,-0.409560889685727,IK_CMUNUTVVOOHQPW-LURJTMIESA-N,Proline betaine,MTBLS11904,plasma,Negative,Reverse phase/C18
0.2385048807383996,0.0667621069952687,IK_LBZZFYDZWFULSD-UHFFFAOYSA-N,PC O-37:0,37755270,serum,Not reported,Reverse phase/C18
0.8240950148595361,-0.45554664721938865,IK_XZYNWDWRUDTDCH-UHFFFAOYSA-N,Heptanoylcholine,29518718,plasma,Positive,LC-MS/unspecified
-0.41088683395501746,-0.060493379362413495,IK_LKAFPNQADHUXMM-LURJTMIESA-N,(2S)-2-(4-Chloroanilino)propanoic acid,MTBLS11904,plasma,Negative,Reverse phase/C18
-0.769536925016595,0.04598177056120139,IK_ORVQWHLMVLOZPX-ZZXKWVIFSA-N,Bisnoryangonin,MTBLS11904,plasma,Positive,Reverse phase/C18
0.08907878525661833,-0.36550939116020953,IK_ZQTAMPRZFOOEEP-HZJYTTRNSA-N,"LysoPA(18:2(9Z,12Z)/0:0)",MTBLS11904,plasma,Positive,Reverse phase/C18
0.05230864277417922,0.8820691292490117,UNKNOWN_ROW__35829770__unknown_409,unknown_409,35829770,plasma,Positive,HILIC
-0.12201241483713252,-1.1548380378676733,IK_WHUUTDBJXJRKMK-VKHMYHEASA-N,Glutamic acid,ST001814,plasma,Positive,GC-MS
-0.17316879553553985,-0.39264313176853466,IK_OGQICQVSFDPSEI-UHFFFAOYSA-N,Tazarotene,MTBLS11904,plasma,Positive,Reverse phase/C18
0.06102380484320355,0.12913674261276406,IK_ORTIQSICVORWBJ-UHFFFAOYSA-N,N-[4-Chloro-3-(3-methylbut-2-enoxy)phenyl]-2-methylthiophene-3-carbothioamide,MTBLS11904,plasma,Positive,Reverse phase/C18
0.03956877335036893,-0.3600188838044754,IK_NELZMZLNTYWIPD-MLBSDYKWSA-N,Nuatigenin,MTBLS11904,plasma,Positive,Reverse phase/C18
-0.4241409042528658,-0.009555549648894043,IK_FJIGLGLZNXQEDE-GDVGLLTNSA-N,Epsilon-(Carboxymethyl)lysine,MTBLS11904,plasma,Positive,Reverse phase/C18
-1.0824565859370723,-0.8504606541302272,IK_UXZAXFPFSQRZOZ-UHFFFAOYSA-N,Nopalinic acid,MTBLS11904,plasma,Negative,Reverse phase/C18
0.0898650219217571,-0.1041048797259697,IK_LKAPTZKZHMOIRE-KVTDHHQDSA-N,"2,5-Anhydro-D-mannose",MTBLS11904,plasma,Negative,Reverse phase/C18
0.22710641825707067,-0.3669845053105645,IK_JAQZKPHHLRTVCY-ZHRKTGFNSA-N,Soyasapogenol D,MTBLS11904,plasma,Negative,Reverse phase/C18
0.04286180700898969,-0.08331843399857504,IK_VGRHZPNRCLAHQA-UHFFFAOYSA-N,Aspartyl-Asparagine,MTBLS11904,plasma,Negative,Reverse phase/C18
-0.08591761833474662,-0.8774162623073121,IK_WQXNXVUDBPYKBA-YFKPBYRVSA-N,Ectoine,35829770,plasma,Positive,HILIC
0.01742039194179757,2.1590528027950833,UNKNOWN_ROW__24167579__unknown_141,unknown_141,24167579,serum,Positive,Reverse phase/C18
0.3354536703045738,-0.41929967992127654,IK_UEFRDQSMQXDWTO-UHFFFAOYSA-N,3-hydroxybutyrylcarnitine,38720721,serum,Not reported,Reverse phase/C18
-0.17810058746157245,-0.30195180499216717,IK_KEYXJLUVVQSLGX-JRTZWYSWSA-N,"PC(22:3(10Z,13Z,16Z)/20:4(5Z,8Z,11Z,14Z)-OH(16R))",MTBLS11904,plasma,Negative,Reverse phase/C18
0.37836329838315064,-0.3268654770328918,IK_IPMVHVDAYPUFKH-WYRBGLKBSA-N,PC(16:1(9Z)/16:0),MTBLS11904,plasma,Positive,Reverse phase/C18
-0.308726583731852,-1.0422825143451102,IK_BJEPYKJPYRNKOW-UHFFFAOYSA-N,malic acid,MTBLS11904,plasma,Negative,Reverse phase/C18
-0.09802811743037884,-1.1758972400377437,IK_WKOLLVMJNQIZCI-UHFFFAOYSA-N,Vanillic acid,35829770,plasma,Negative,Reverse phase/C18
0.004213696929369972,0.6420106946336728,UNKNOWN_ROW__35829770__unknown_232,unknown_232,35829770,plasma,Positive,Reverse phase/C18
-0.09089345147843965,-0.41404580715230066,IK_IOQPZZOEVPZRBK-UHFFFAOYSA-N,Octylamine,MTBLS11904,plasma,Positive,Reverse phase/C18
0.09246859173700232,-0.4190954152099054,IK_OJYLAHXKWMRDGS-UHFFFAOYSA-N,Zingerone,MTBLS11904,plasma,Negative,Reverse phase/C18
-0.17053255216776297,1.05113021724503,NO_INCHIKEY__possible phytochemical,possible phytochemical,24167579,serum,Positive,Reverse phase/C18
0.1693375030107993,0.8957011550728201,UNKNOWN_ROW__24167579__unknown_64,unknown_64,24167579,serum,Positive,Reverse phase/C18
0.24619965557139406,-0.47795593903801076,IK_WKZLNEWVIAGNAW-UHFFFAOYSA-N,Tryptamine [+2H],28880465,serum,Positive,LC-MS/unspecified
-0.1114988332790281,0.12202604964347363,IK_DIGMYZZFQSIQBD-PNLKURBTSA-N,TG 49:3,37755270,serum,Not reported,Reverse phase/C18
-3.880327554311857,-0.3050999422293384,IK_GXPIUNZCALHVBA-UHFFFAOYSA-N,Acetyl-sulfamethoxazole,38720721,serum,Not reported,Reverse phase/C18
0.043020487898454675,1.1047132671579718,UNKNOWN_ROW__35829770__unknown_416,unknown_416,35829770,plasma,Positive,HILIC
0.054864563550399474,-0.4043108856964149,IK_PKIYFBICNICNGJ-UHFFFAOYSA-N,Monooctyl phthalate,MTBLS11904,plasma,Negative,Reverse phase/C18
0.07408831872717654,1.0300214367854599,NO_INCHIKEY__possible bile salt,possible bile salt,24167579,serum,Positive,Reverse phase/C18
0.3534147791961212,-0.4601849730949208,IK_KLLGGGQNRTVBSU-FQSPHKRJSA-N,"(9Z,11E,13S,15Z)-13-Hydroxyoctadeca-9,11,15-trienoic acid",MTBLS11904,plasma,Positive,Reverse phase/C18
0.04805581137207641,-0.46517581778843436,IK_FUYLLJCBCKRIAL-UHFFFAOYSA-N,4-Methylumbelliferone sulfate,MTBLS11904,plasma,Negative,Reverse phase/C18
-0.013837823825061756,-0.858628127102433,IK_ZBCBWPMODOFKDW-UHFFFAOYSA-N,Diethanolamine,MTBLS11904,plasma,Positive,Reverse phase/C18
0.035532290104224325,-0.42599943168411597,IK_ZRKZFNZPJKEWPC-UHFFFAOYSA-N,DDAO,MTBLS11904,plasma,Positive,Reverse phase/C18
-0.2716053546138521,-0.38219221244772117,IK_XUSYGBPHQBWGAD-PJSUUKDQSA-N,Carnosol,MTBLS11904,plasma,Negative,Reverse phase/C18
-0.06598216626015738,5.1265537979997875,IK_LFLWRPZTBUUBEQ-ZRJLWMKBSA-N,Daphniphylline,ST003159,serum,Negative,Reverse phase/C18
0.28282250223808575,-0.3407857323908494,IK_BWCRCHWTIDPBOB-NKYRGGHJSA-N,"PA(22:1(13Z)/20:5(5Z,8Z,11Z,14Z,16E)-OH(18R))",MTBLS11904,plasma,Positive,Reverse phase/C18
0.05446227682855663,-0.31298020392328985,IK_MMBIABUYJUHFAK-XRYCYFGJSA-N,"PC(22:6(4Z,7Z,10Z,13E,15E,19Z)-OH(17)/18:3(9Z,12Z,15Z))",MTBLS11904,plasma,Positive,Reverse phase/C18
-0.22714468628355658,0.09014416251000182,IK_JYGXADMDTFJGBT-VWUMJDOOSA-N,Hydrocortisone,ST003159,serum,Positive,HILIC
0.22134338379381924,-0.3035681541226871,IK_DBFYXFUOCIHCAH-YHTHSIKYSA-N,"PS(18:3(9Z,12Z,15Z)/18:0)",MTBLS11904,plasma,Positive,Reverse phase/C18
-0.41270091970266254,-0.8239529606718184,IK_QEFRNWWLZKMPFJ-YGVKFDHGSA-N,Methionine Sulfoxide,28880465,serum,Positive,LC-MS/unspecified
0.01367075640347413,-0.36599007641359027,IK_WDEABJKSGGRCQA-UHFFFAOYSA-N,Docebenone,MTBLS11904,plasma,Negative,Reverse phase/C18
-0.1321066657156073,-0.8013767991265781,IK_QNAYBMKLOCPYGJ-REOHCLBHSA-N,L-Alanine,28880465,serum,Positive,LC-MS/unspecified
0.05416954241595127,1.1780705731172496,UNKNOWN_ROW__35829770__unknown_294,unknown_294,35829770,plasma,Positive,Reverse phase/C18
-0.08047695357323424,-0.8085532835643489,IK_TUHVEAJXIMEOSA-UHFFFAOYSA-N,4-GUANIDINOBUTANOATE,35829770,plasma,Positive,HILIC
0.2745512128623636,0.07426950171598003,IK_BCPDBSZPXWSVHR-BAIOGQDRSA-N,Acetyl-pepstatin,MTBLS11904,plasma,Negative,Reverse phase/C18
-0.059801768100370196,-0.7241371315859446,IK_FFEARJCKVFRZRR-UHFFFAOYNA-N,Methionine,ST001814,plasma,Positive,GC-MS
0.019583023356588142,0.08003075353378672,IK_OISFHODBOQNZAG-IAGOWNOFSA-N,Floionolic acid,MTBLS11904,plasma,Positive,Reverse phase/C18
0.05808779762083571,0.8946425645425711,UNKNOWN_ROW__35829770__unknown_381,unknown_381,35829770,plasma,Positive,HILIC
-11.293226373896076,0.574292112063624,IK_VMOJNRFXEJSJDS-UHFFFAOYSA-N,5-Methylpyrogallol sulfate,MTBLS11904,plasma,Negative,Reverse phase/C18
0.04261626297526784,0.08321349998263146,IK_OWTJVZIKRRJXGS-MAEXYVIMSA-N,3-O-Demethylfortimicin A,MTBLS11904,plasma,Negative,Reverse phase/C18
-0.15013619025312352,-0.3720902001712728,IK_ZWRRJEICIPUPHZ-DAOPMYJZSA-N,Gomisin A,MTBLS11904,plasma,Negative,Reverse phase/C18
0.25392165358758273,-0.3764731196151726,IK_LFULEKSKNZEWOE-UHFFFAOYSA-N,Propanil,38720721,serum,Not reported,Reverse phase/C18
-0.0016931129072003147,-0.17473540179535524,IK_NIXDINZDFZJZHG-LUAWRHEFSA-N,(Z)-2-octylpent-2-enedioic acid,35829770,plasma,Negative,Reverse phase/C18
-0.24767386417827544,-0.5499736218082919,IK_MSYKRHVOOPPJKU-BDAKNGLRSA-N,Brivaracetam,MTBLS11904,plasma,Positive,Reverse phase/C18
0.39137356015030506,-0.49958199610125364,IK_DQJWAJBJWZYKLK-UHFFFAOYSA-N,2-Methoxyhydroquinone sulfate,MTBLS11904,plasma,Negative,Reverse phase/C18
0.12766078888636662,0.5340124932527782,NO_INCHIKEY__tripeptide leu ile tyr lys,"Tripeptide: Leu/Ile, Tyr, Lys",24167579,serum,Positive,Reverse phase/C18
-0.05823399432699595,-0.11697074677664138,IK_DXIHLEIENMRHAA-UHFFFAOYSA-N,"1,2,5-Trihydroxypyrrole-3-sulfonic acid",MTBLS11904,plasma,Positive,Reverse phase/C18
-0.15147461394458164,-0.3938982468527943,IK_RKOUCPMGBBKLNK-UHFFFAOYSA-N,Auxin a,MTBLS11904,plasma,Negative,Reverse phase/C18
-0.49304832534186394,-0.4513202553746957,IK_WWZKQHOCKIZLMA-UHFFFAOYSA-N,Caprylic acid,24167579,serum,Positive,Reverse phase/C18
0.0651493953709893,1.143951793878529,UNKNOWN_ROW__35829770__unknown_289,unknown_289,35829770,plasma,Positive,Reverse phase/C18
0.4061778681630712,-0.048680898855810326,IK_NGCXIFFZXAZRAF-UHFFFAOYSA-M,2-Keto-6-acetamidocaproate,MTBLS11904,plasma,Positive,Reverse phase/C18
0.13434446605049064,-0.3247248092985222,IK_FRFIAHPOPAPQGJ-VLOXYBQLSA-N,"CL(i-12:0/i-24:0/i-24:0/18:2(9Z,11Z))",MTBLS11904,plasma,Positive,Reverse phase/C18
0.0039407485014085536,-0.10254473041272327,IK_WQGWDDDVZFFDIG-UHFFFAOYSA-N,"1,2,3-Trihydroxybenzene",MTBLS11904,plasma,Positive,Reverse phase/C18
0.006248963078163166,0.10798182062470167,IK_LMAFCBRBDQCUTK-HGDYXINXSA-N,Ile-Ile-Ala-Glu-Lys,MTBLS11904,plasma,Positive,Reverse phase/C18
0.08322570415775896,1.2490452555007865,UNKNOWN_ROW__35829770__unknown_213,unknown_213,35829770,plasma,Negative,Reverse phase/C18
0.06164416383136605,-0.022645216012553933,IK_UADPGHINQMWEAG-FROQITRMSA-N,"(S,E)-2-(5-Hydroxy-8,9-dihydro-5H-benzo[7]annulen-6(7H)-ylidene)acetic acid",MTBLS11904,plasma,Positive,Reverse phase/C18
0.06039826445523598,0.8577589101184742,UNKNOWN_ROW__24167579__unknown_32,unknown_32,24167579,serum,Positive,Reverse phase/C18
0.19828089917238884,0.039247852743697915,IK_GGAXPLCKKANQED-UHFFFAOYSA-N,Menthone lactone,MTBLS11904,plasma,Negative,Reverse phase/C18
-0.106931809614926,-0.4276232067915569,IK_DTQVDTLACAAQTR-UHFFFAOYSA-N,Trifluoroacetic acid,MTBLS11904,plasma,Negative,Reverse phase/C18
-0.3269853621493582,-0.5512429381217071,IK_GMXSGLCDVHHWIB-UHFFFAOYSA-N,(+/-)-3-Mercapto-1-butyl acetate,MTBLS11904,plasma,Negative,Reverse phase/C18
0.1268670624121062,-0.2557607586063656,IK_WOMAZEJKVZLLFE-UHFFFAOYSA-N,2-Propanamidoacetic acid,38720721,serum,Not reported,Reverse phase/C18
-0.42027884319013176,0.02960402627098147,IK_XZEUQPYAKYHAIW-SOFGYWHQSA-N,(6Z)-Oct-6-enedioylcarnitine,MTBLS11904,plasma,Positive,Reverse phase/C18
0.7094035097256814,0.5115124435296807,IK_BKASXWPLSXFART-YUMQZZPRSA-N,LL-Cyclo(leucylprolyl),ST003159,serum,Positive,HILIC
0.040206809060103016,0.08451884858927151,IK_ZFOZVQLOBQUTQQ-UHFFFAOYSA-N,Tributyl citrate,MTBLS11904,plasma,Positive,Reverse phase/C18
0.03129809299051994,-0.4105224908292099,IK_YMJNFVUJNDWLND-ZHACJKMWSA-N,3-Decenoylcarnitine,MTBLS11904,plasma,Positive,Reverse phase/C18
0.42749368640270874,-0.331654102038485,IK_FORFDCPQKJHEBF-HUESYALOSA-N,"PC(18:0/18:2(9Z,12Z))",MTBLS11904,plasma,Negative,Reverse phase/C18
-0.2739734873741719,-0.84311488741304,IK_QNJHODONDIDAEE-UHFFFAOYSA-N,Hypoxanthine + H2O,28880465,serum,Positive,LC-MS/unspecified
0.14994575368411367,-0.5773695616661416,IK_CXTATJFJDMJMIY-CYBMUJFWSA-N,L-Octanoylcarnitine,24167579,serum,Positive,Reverse phase/C18
0.03008595704648988,1.081815887714945,UNKNOWN_ROW__35829770__unknown_217,unknown_217,35829770,plasma,Negative,Reverse phase/C18
-0.19435257327145913,0.0036076311049765327,IK_ZVDPYSVOZFINEE-BQBZGAKWSA-N,Aspartyl-Leucine,MTBLS11904,plasma,Negative,Reverse phase/C18
-2.0202751147811546,0.1754922155411511,IK_CZTQZXZIADLWOZ-UHFFFAOYSA-O,Floridin,MTBLS11904,plasma,Negative,Reverse phase/C18
-0.13409647009141598,-0.39183528854123856,IK_IPVQLZZIHOAWMC-QXKUPLGCSA-N,Perindopril,MTBLS11904,plasma,Negative,Reverse phase/C18
-0.0625377062022067,-0.4082519876306539,IK_XXFACTAYGKKOQB-ZETCQYMHSA-N,Dihydrozeatin,MTBLS11904,plasma,Positive,Reverse phase/C18
-0.13039123955725732,1.0201758621394041,NO_INCHIKEY__pc ae c42 1,PC ae C42:1,34577635,serum,Not reported,LC-MS/unspecified
-0.08649042287673027,-0.4050084131354194,IK_DNXHEGUUPJUMQT-CBZIJGRNSA-N,estron (E1),37589832,plasma,Not reported,LC-MS/unspecified
0.33116753269703997,0.09092203239331229,IK_HLPZZZJXJPXFIM-VHEBQXMUSA-N,1-O-Isopentyl-3-O-octadec-2-enoyl glycerol,MTBLS11904,plasma,Negative,Reverse phase/C18
2.9323776149331525e-4,0.03705195455052174,IK_RGJHRVMTLGLFPX-UHFFFAOYSA-N,"1-(3-Pyridinyl)-1,4-butanediol",MTBLS11904,plasma,Positive,Reverse phase/C18
0.025046128731535153,0.05773820451862437,IK_CWLVBFJCJXHUCF-RNPYNJAESA-N,"(3E,7E)-4,8,12-Trimethyl-1,3,7,11-tridecatetraene",MTBLS11904,plasma,Positive,Reverse phase/C18
-0.09029075726196596,-0.37131023338480973,IK_LVGKNOAMLMIIKO-QXMHVHEDSA-N,Ethyl oleate,MTBLS11904,plasma,Negative,Reverse phase/C18
-0.1594550533342589,-0.29092901096007634,IK_JWFBUBZOMPFGDL-YBRFZANVSA-N,"PS(18:1(11Z)/22:5(7Z,10Z,13Z,16Z,19Z))",MTBLS11904,plasma,Positive,Reverse phase/C18
1.0498021928145493,-0.03669119233191308,IK_YXFNPRHZMOGREC-UHFFFAOYSA-N,"{4-[4-(6-Carbamoyl-3,5-dimethylpyrazin-2-yl)phenyl]cyclohexyl}acetic acid",MTBLS11904,plasma,Negative,Reverse phase/C18
0.16873273477234133,-0.25567744866905745,IK_MTCFGRXMJLQNBG-UWTATZPHSA-N,D-serine,ST003159,serum,Negative,Reverse phase/C18
0.031022043118209407,-0.4186033343496603,IK_DFMLULIEUUXXSA-UHFFFAOYSA-N,Pentylone,MTBLS11904,plasma,Positive,Reverse phase/C18
-0.19671584601913317,-0.5463195186336162,IK_CAAULPUQFIIOTL-UHFFFAOYSA-N,methanolphosphate,38720721,serum,Not reported,Reverse phase/C18
-0.03250772884716653,-0.36965116753226857,IK_VHRUMKCAEVRUBK-WKELIDJCSA-N,PA(2:0/PGJ2),MTBLS11904,plasma,Negative,Reverse phase/C18
0.004035977057956583,-0.3550216408644185,IK_OAKGNIRUXAZDQF-TXHRRWQRSA-N,Retaspimycin,MTBLS11904,plasma,Positive,Reverse phase/C18
-0.31461582483677947,-0.39616845037927023,IK_RIJDKRLRDVBUHJ-UHFFFAOYSA-N,3-carboxy-4-methyl-5-pentyl-2-furanpropanoic acid,MTBLS11904,plasma,Positive,Reverse phase/C18
0.1522924336442217,0.028187834248147785,IK_XGILAAMKEQUXLS-UHFFFAOYSA-N,Indolelactic acid,33485385,plasma,Negative,LC-MS/unspecified
-0.06949053930902856,0.11290498705332247,IK_UPLCTTWJNCYYAW-UHFFFAOYSA-N,Arg-Thr-Lys-Arg,MTBLS11904,plasma,Negative,Reverse phase/C18
-0.07871082165458194,-0.6578327729069913,IK_QGNYWQOMJSTUQZ-BQBZGAKWSA-N,Aspartylysine [-H2O],28880465,serum,Positive,LC-MS/unspecified
0.3034533896346497,-0.8620513266236133,IK_KVYNYRIOAYQBFK-AIIPJEMGSA-N,Hordatine A,MTBLS11904,plasma,Negative,Reverse phase/C18
-0.021828591203694913,-0.5558296231167202,IK_AMTPYFGPPVFBBI-UHFFFAOYSA-N,Acedapsone,MTBLS11904,plasma,Positive,Reverse phase/C18
-0.4573100941603019,-0.4511558606370767,IK_SBBDHANTMHIRGW-UHFFFAOYSA-N,"4-[(2,4-Dihydroxy-3,3-dimethylbutanoyl)amino]butanoic acid",MTBLS11904,plasma,Positive,Reverse phase/C18
0.25694162581497204,0.13393708233770946,IK_MDQKYGOECVSPIW-UHFFFAOYSA-N,chlorothalonil-4-hydroxy,38720721,serum,Not reported,Reverse phase/C18
0.012987211769040974,-0.915783902335683,IK_KVBGVZZKJNLNJU-UHFFFAOYSA-N,2-Naphthalenesulfonic acid,MTBLS11904,plasma,Negative,Reverse phase/C18
0.12133186428099138,-0.3860889229806758,IK_BVCXYGDKSPEQAH-IHSNFILASA-N,CL(11:0/12:0/12:0/12:0),MTBLS11904,plasma,Positive,Reverse phase/C18
0.8504027742440257,-0.9940085575013787,IK_RYYVLZVUVIJVGH-UHFFFAOYSA-N,Caffeine,ACS1517,serum,Positive,Reverse phase/C18
0.44792491574495213,-0.31539659855657387,IK_QQQQNYAHSSIZBU-HIQXTUQZSA-N,"PC(O-16:0/22:6(4Z,7Z,10Z,13Z,16Z,19Z))",MTBLS11904,plasma,Negative,Reverse phase/C18
0.30800686999261356,-0.31749171578875085,IK_UJFZXWOEMYBQAZ-FBJUMJHFSA-N,"PS(18:1(11Z)/18:2(9Z,12Z))",MTBLS11904,plasma,Negative,Reverse phase/C18
-0.029848286548834056,-0.34210482095094624,IK_OTSBKHHWSQYEHK-UHFFFAOYSA-N,"1,3-Dimethylurate",35829770,plasma,Negative,Reverse phase/C18
0.22527728176999517,0.07907830119465976,IK_NQAHWJIWYRYXFP-UHFFFAOYSA-N,Melleolide H,MTBLS11904,plasma,Negative,Reverse phase/C18
0.26896376782739057,0.061992110975864184,IK_OMHUCGDTACNQEX-OSHKXICASA-N,Steviobioside,MTBLS11904,plasma,Negative,Reverse phase/C18
-0.03147654068052064,-0.571382425544269,IK_NOKPBJYHPHHWAN-REOHCLBHSA-N,cysteine-S-sulfate,MTBLS11904,plasma,Negative,Reverse phase/C18
0.3197936511964232,-0.3352734440609484,IK_FQVFGIZCMMQDNV-NQQLFREJSA-N,PC(18:1(9Z)/P-16:0),MTBLS11904,plasma,Negative,Reverse phase/C18
0.4168049514527282,-0.3129259869541134,IK_REOMXGUTYIFDDR-MCHXITASSA-N,"PE-NMe(22:2(13Z,16Z)/18:3(6Z,9Z,12Z))",MTBLS11904,plasma,Negative,Reverse phase/C18
-0.2408156221741547,-0.3799638033176516,IK_RPSLZGPKLQLZGH-UHFFFAOYSA-N,Mollicellin C,MTBLS11904,plasma,Negative,Reverse phase/C18
-3.589155873440463,0.15291053668703689,IK_QDPNFTHYUAKYKM-UHFFFAOYSA-N,2-hydroxy-3-(sulfooxy)benzoic acid,MTBLS11904,plasma,Negative,Reverse phase/C18
2.8767035018060505,0.33860932567549373,NO_INCHIKEY__bile acid or lovastatin,bile acid or Lovastatin,24167579,serum,Positive,Reverse phase/C18
-0.01652442205602726,-0.020535169026258668,IK_FMOWGHRAYUFXIG-UHFFFAOYSA-N,Zymonic acid,MTBLS11904,plasma,Negative,Reverse phase/C18
-0.09805228531784768,2.3481124773533355,UNKNOWN_ROW__24167579__unknown_107,unknown_107,24167579,serum,Positive,Reverse phase/C18
0.039858694159576866,0.9794827545512503,UNKNOWN_ROW__24167579__unknown_15,unknown_15,24167579,serum,Positive,Reverse phase/C18
0.13333699526408435,-0.8792413425757707,IK_ROHFNLRQFUQHCH-UHFFFAOYNA-N,Leucine,38720721,serum,Not reported,Reverse phase/C18
-0.11059181664612348,-0.5837450731267164,IK_KAKZBPTYRLMSJV-UHFFFAOYSA-N,"1,3-Butadiene",MTBLS11904,plasma,Positive,Reverse phase/C18
-0.06589036973844434,-0.3930115234986315,IK_QUZSUMLPWDHKCJ-UHFFFAOYSA-N,Bisphenol A dimethacrylate,MTBLS11904,plasma,Positive,Reverse phase/C18
-0.02059529557406162,1.0413706524793636,NO_INCHIKEY__lpc 16 1 1,LPC 16:1.1,37755270,serum,Not reported,Reverse phase/C18
-0.05826164768595675,-0.3341836077736076,IK_NJMGRJLQRLFQQX-HYXAFXHYSA-N,2-Isopropylmaleate,24167579,serum,Positive,Reverse phase/C18
0.11932347505927338,1.2846532832379813,UNKNOWN_ROW__35829770__unknown_204,unknown_204,35829770,plasma,Negative,Reverse phase/C18
0.2981133535456596,-0.376737509387965,IK_HASVPNDDKSXPGU-HYSOADAZSA-O,Pelargonidin 3-sophoroside,MTBLS11904,plasma,Positive,Reverse phase/C18
0.27631415960989575,-0.5362410006387491,IK_URDOHUPGIOGTKV-JTBFTWTJSA-M,Cefuroxime sodium,24167579,serum,Positive,Reverse phase/C18
-0.5377813323421304,-0.5953675315302868,IK_PQPZSPJVMUCVAQ-JTQLQIEISA-N,PMeOH 36:4,37755270,serum,Not reported,Reverse phase/C18
0.007683523192240827,-0.5083727394627302,IK_LEHOTFFKMJEONL-UHFFFAOYSA-N,Uric acid,ST001814,plasma,Positive,GC-MS
0.08094718768537876,1.0551796411956569,NO_INCHIKEY__gpcho 2 0 18 3,GPCho(2:0/18:3),MTBLS11904,plasma,Positive,Reverse phase/C18
0.17158495955995387,0.09281727175026395,IK_DQNLLSNNESIVOE-UHFFFAOYSA-N,2-Chlorooctadecanoic acid,MTBLS11904,plasma,Positive,Reverse phase/C18
0.524919308876149,-0.5822606565875316,IK_MQDDWIVNNZPOCB-HOTGVXAUSA-N,Elaeocarpidine,24167579,serum,Positive,Reverse phase/C18
0.04269014393182909,-0.966843735541586,IK_CTYRPMDGLDAWRQ-UHFFFAOYSA-N,Phenol sulphate,MTBLS11904,plasma,Negative,Reverse phase/C18
0.14366436896829185,0.012975700122570374,IK_CBMYJHIOYJEBSB-ULTMTAQRSA-N,"3a,17a-Dihydroxy-5b-androstane",MTBLS11904,plasma,Positive,Reverse phase/C18
-0.06534582870759623,0.04539037435841592,IK_GOMVPVRDBLLHQC-VEJNOCSESA-N,LPC 20:4,37755270,serum,Not reported,Reverse phase/C18
0.21859843244245428,-0.08140746003765162,IK_BMLMGCPTLHPWPY-REOHCLBHSA-N,Procysteine,MTBLS11904,plasma,Negative,Reverse phase/C18
0.3070007446627774,0.0714882322033295,IK_JDZBITULCWBIMC-AEQQXRABSA-N,"4-Hydroxy-2,5,5,9-Tetramethylcycloundeca-2,9-Dienyl 4-Hydroxybenzoate",MTBLS11904,plasma,Negative,Reverse phase/C18
-0.1777751310295823,-0.049191763690947306,IK_CCCNUHFRBBIFHO-WJWGPLDTSA-N,N-Acetylalliin,MTBLS11904,plasma,Positive,Reverse phase/C18
0.4101261736264917,-0.3391646127186506,IK_SOLWMULEXULIEQ-OUQHJZBVSA-N,"PS(20:0/18:1(12Z)-2OH(9,10))",MTBLS11904,plasma,Negative,Reverse phase/C18
0.001936119236206356,0.0877861830315146,IK_YUFFSWGQGVEMMI-RCHUDCCISA-N,"7,10,13,16,19-Docosapentaenoic acid",MTBLS11904,plasma,Negative,Reverse phase/C18
-0.114977981627187,0.016557936143417513,IK_SRRQPVVYXBTRQK-UHFFFAOYSA-N,LPC 17:0,38720721,serum,Not reported,Reverse phase/C18
0.1943135471729187,0.058668893119841505,IK_GIQXKAXWRLHLDD-VYACWCJYSA-N,Lithocholate 3-O-glucuronide,MTBLS11904,plasma,Positive,Reverse phase/C18
0.1918706997752155,0.8995212327776646,UNKNOWN_ROW__24167579__unknown_72,unknown_72,24167579,serum,Positive,Reverse phase/C18
0.07842376628597247,-0.04562303838432063,IK_TYMABNNERDVXID-DLYFRVTGSA-N,Panipenem,MTBLS11904,plasma,Negative,Reverse phase/C18
0.8965813702256986,1.188424400630488,IK_GPWHCUUIQMGELX-VHQDNGOZSA-N,PC 32:2,ST003159,serum,Positive,HILIC
-0.14204101780793663,-0.38879891482938084,IK_AGSPXMVUFBBBMO-UHFFFAOYSA-N,Beta-Aminopropionitrile,MTBLS11904,plasma,Positive,Reverse phase/C18
0.13273621326800072,-0.8387817540781874,IK_SNGREZUHAYWORS-UHFFFAOYSA-N,Perfluorooctanoic acid,MTBLS11904,plasma,Negative,Reverse phase/C18
-0.44696819982027025,-0.39119644117730845,IK_CZMRCDWAGMRECN-UGDNZRGBSA-N,Sucrose,38720721,serum,Not reported,Reverse phase/C18
0.4352419280168746,0.00918159277000903,IK_GHUJOXJDUAROKJ-UHFFFAOYSA-N,"4-Methyl-1,4-dihydropyridine-3,5-dicarbaldehyde",MTBLS11904,plasma,Negative,Reverse phase/C18
0.07218123118132744,0.8856804133690386,UNKNOWN_ROW__35829770__unknown_440,unknown_440,35829770,plasma,Positive,HILIC
0.059110948590988116,0.9110801318389399,UNKNOWN_ROW__35829770__unknown_392,unknown_392,35829770,plasma,Positive,HILIC
-0.2392583101266649,-1.0616963359531604,IK_FDGQSTZJBFJUBT-UHFFFAOYSA-N,Hypoxanthine,ST001814,plasma,Positive,GC-MS
0.1266936832598775,-0.08383178143484409,IK_NMGVHLDIHNFGQB-ZGLWHBDZSA-N,Rhamnetin 3-rhamninoside,MTBLS11904,plasma,Negative,Reverse phase/C18
0.021756398786614523,0.05422478632359594,IK_GHHURQMJLARIDK-UHFFFAOYSA-N,2-Hydroxypropyl octanoate,MTBLS11904,plasma,Positive,Reverse phase/C18
0.08568474718406416,0.9668944254640535,UNKNOWN_ROW__24167579__unknown_42,unknown_42,24167579,serum,Positive,Reverse phase/C18
1.1411536864509193,0.004036466273761812,IK_YBMOTEQVMANKGX-JAMMHHFISA-O,2-(3-Carboxy-3-(methylammonio)propyl)-L-histidine,MTBLS11904,plasma,Negative,Reverse phase/C18
4.482523149430702,4.17647046081004,IK_MHDVGSVTJDSBDK-UHFFFAOYSA-N,Dibenzyl ether,ST003159,serum,Negative,Reverse phase/C18
-0.22907651284277866,-0.02331337440541731,IK_JFVBCXHSPKJLRP-UHFFFAOYSA-N,4-Oxopentanenitrile,MTBLS11904,plasma,Negative,Reverse phase/C18
0.03791943258066388,-0.5212808530371893,IK_BHQCQFFYRZLCQQ-OELDTZBJSA-N,Cholic Acid,35829770,plasma,Negative,Reverse phase/C18
-0.06304025455052183,0.06523024523383161,IK_HJXMNVQARNZTEE-UHFFFAOYSA-N,(S)-3-Butyl-1(3H)-isobenzofuranone,MTBLS11904,plasma,Negative,Reverse phase/C18
0.1417813138308339,0.055575035912678594,IK_YBGBNHHXOJXFNM-UQCMLMITSA-N,Lucidenic acid N,MTBLS11904,plasma,Positive,Reverse phase/C18
0.15010204630690308,-0.30819308701601045,IK_PXWMAVXORZYSKF-KLMYNGQASA-N,"PC(20:3(5Z,8Z,11Z)/18:4(6Z,9Z,12Z,15Z))",MTBLS11904,plasma,Positive,Reverse phase/C18
0.01908614686984677,0.9338603800981421,NO_INCHIKEY__cer 43 2 2o cer 19 1 2o 24 1,Cer 43:2;2O|Cer 19:1;2O/24:1,37755270,serum,Not reported,Reverse phase/C18
-0.13200232980024348,0.09561231830074449,IK_MEJPFLKDAHVOFR-CGEJCFONSA-N,3-O-Methylniveusin A,MTBLS11904,plasma,Negative,Reverse phase/C18
0.08748542671893948,0.09861883300855613,IK_ITZYGDKGRKKBSN-HKFUITGCSA-N,"3alpha,7alpha-Dihydroxycoprostanic acid",MTBLS11904,plasma,Negative,Reverse phase/C18
1.0018506784307712,-1.0960700363678653,IK_PVNIIMVLHYAWGP-UHFFFAOYSA-N,nicotinic acid,MTBLS11904,plasma,Positive,Reverse phase/C18
0.6443636201647704,2.2267206933081702,UNKNOWN_ROW__24167579__unknown_151,unknown_151,24167579,serum,Positive,Reverse phase/C18
-0.01576055943774663,-0.5430195138781401,IK_HJJVPARKXDDIQD-UHFFFAOYSA-N,Bromuconazole,24167579,serum,Positive,Reverse phase/C18
-0.09285608302417489,-0.41707698558227296,IK_YARKMNAWFIMDKV-UHFFFAOYSA-N,Epanolol,MTBLS11904,plasma,Positive,Reverse phase/C18
0.23103663010121625,-1.2750008682957197,IK_QIVBCDIJIAJPQS-VIFPVBQESA-N,Tryptophan,28880465,serum,Positive,LC-MS/unspecified
-0.019955281140600273,-0.052514695206845464,IK_XGWNSZFVLRVRKZ-UHFFFAOYSA-N,"3-(3,5-Dichlorophenyl)-4-hydroxy-1,3-thiazol-2-one",MTBLS11904,plasma,Negative,Reverse phase/C18
0.42689623083759815,-0.4418872371337927,IK_JJMPYAHUHHQAJB-FYOCAXJLSA-N,PE P-38:5 or PE O-38:6,37755270,serum,Not reported,Reverse phase/C18
-0.21193479855023664,0.1055087918066265,IK_FOBVMYJQWZOGGJ-XYRJXBATSA-N,"17-phenyl-18,19,20-trinor-prostaglandin E2",MTBLS11904,plasma,Negative,Reverse phase/C18
-0.2857738389365581,-0.15409858424177494,IK_YZQCXOFQZKCETR-UWVGGRQHSA-N,L-Aspartyl-L phenylalanine,28880465,serum,Positive,LC-MS/unspecified
0.6217041205174194,-0.600550493458966,IK_BXRLWGXPSRYJDZ-UHFFFAOYSA-N,3-Cyanoalanine,MTBLS11904,plasma,Positive,Reverse phase/C18
0.5579371329851873,0.3317330861868033,IK_OHYPPUOVSUINHM-UHFFFAOYSA-N,Phenol sulphate3,ST003159,serum,Negative,Reverse phase/C18
0.6604735671274459,-0.8703566721601925,IK_ZAGRKAFMISFKIO-QMTHXVAHSA-N,(+)-Lysergic acid,MTBLS11904,plasma,Negative,Reverse phase/C18
0.0071864341078963145,0.06100252095896044,IK_QVRLHIRFLRXFIW-MLDHBKOMSA-N,Vertilmicin,MTBLS11904,plasma,Positive,Reverse phase/C18
-0.029484357318739243,-0.865880956096327,IK_XOMRRQXKHMYMOC-UHFFFAOYSA-N,Palmitoylcarnitine,MTBLS11904,plasma,Positive,Reverse phase/C18
0.12342844551537324,0.9502587632980328,UNKNOWN_ROW__35829770__unknown_276,unknown_276,35829770,plasma,Positive,Reverse phase/C18
-0.07962389459882338,-0.006745136497424828,IK_BKAJNAXTPSGJCU-UHFFFAOYSA-N,4-Methyl-2-oxovaleric Acid,MTBLS11904,plasma,Negative,Reverse phase/C18
0.12185033126910776,-0.4178860039609866,IK_HZCBCWUIZCCMEB-HUSZLGJPSA-N,Polypodine B,MTBLS11904,plasma,Negative,Reverse phase/C18
0.35425994279377,-0.08337302306025049,IK_WYKHFQKONWMWQM-UHFFFAOYSA-N,2-Mercaptonicotinic acid,MTBLS11904,plasma,Negative,Reverse phase/C18
0.05247725896374292,0.9653749728009082,UNKNOWN_ROW__35829770__unknown_450,unknown_450,35829770,plasma,Positive,HILIC
-0.1381558497774754,0.08385664949835181,IK_NPDSHTNEKLQQIJ-UHFFFAOYSA-N,"9-Hydroxy-10,12-Octadecadienoic Acid",MTBLS11904,plasma,Negative,Reverse phase/C18
0.39602862983858705,0.3906853282928011,NO_INCHIKEY__brompheniramine didemethylated,Brompheniramine (didemethylated),24167579,serum,Positive,Reverse phase/C18
-0.34961199510625246,-0.5251717651564664,IK_BIUULCNWWFDCPG-UHFFFAOYSA-N,Coixinden B,MTBLS11904,plasma,Negative,Reverse phase/C18
0.18203953509280962,0.018841717647537615,IK_WRDTXMBPHMBGIB-STECZYCISA-N,Ile Tyr Val,MTBLS11904,plasma,Positive,Reverse phase/C18
0.3273994040982485,-0.3332139588168967,IK_LGOGXWQIQWFWBX-BEEAGPBQSA-N,"PE(20:3(6,8,11)-OH(5)/22:1(13Z))",MTBLS11904,plasma,Negative,Reverse phase/C18
0.0011364049980225142,0.07958828326784866,IK_WBBQTNCISCKUMU-IUQGRGSQSA-N,"13,16,19-Docosatrienoic acid",MTBLS11904,plasma,Positive,Reverse phase/C18
0.027316722018993062,0.9258711600925708,UNKNOWN_ROW__24167579__unknown_9,unknown_9,24167579,serum,Positive,Reverse phase/C18
0.04772196760391062,0.03328526842459777,IK_LFTRJWKKLPVMNE-RCBQFDQVSA-N,Valyl-prolyl-glycyl-valyl-glycine,MTBLS11904,plasma,Negative,Reverse phase/C18
0.1545272011506534,1.330720270331074,UNKNOWN_ROW__35829770__unknown_205,unknown_205,35829770,plasma,Negative,Reverse phase/C18
-0.06322584472658475,0.1248284396358698,IK_FHENRYRLCPXONH-LDLOPFEMSA-N,PC 33:0,37755270,serum,Not reported,Reverse phase/C18
-0.3115238303337195,-1.0442105302415234,IK_JVTAAEKCZFNVCJ-UWTATZPHSA-N,D-Lactic acid,MTBLS11904,plasma,Negative,Reverse phase/C18
-0.11905712982111603,-0.5438276414583362,IK_SJZRECIVHVDYJC-UHFFFAOYSA-N,4-Hydroxybutyric acid,MTBLS11904,plasma,Negative,Reverse phase/C18
-0.022005478758870246,-0.4851651878631816,IK_YNLRDTBLEOQPQL-UHFFFAOYSA-N,MJDBISSN00000001,MTBLS11904,plasma,Negative | Positive,Reverse phase/C18
0.35161708449663204,-0.4225690021316601,IK_SRSXLGNVWSONIS-UHFFFAOYSA-N,Benzenesulfonic acid,37755270,serum,Not reported,Reverse phase/C18
0.44544078370447454,-0.31516121443764156,IK_BETFSIOJEATXGY-WOCLASLBSA-N,"PC(22:6(4Z,7Z,10Z,13Z,16Z,19Z)/P-18:1(9Z))",MTBLS11904,plasma,Negative,Reverse phase/C18
0.41720857077692663,-0.06907077251619728,IK_BITHHVVYSMSWAG-KTKRTIGZSA-N,FFAD 20:1,33485385,plasma,Positive,LC-MS/unspecified
0.34014235352916766,-1.0594256654744119,IK_LEHOTFFKMJEONL-UHFFFAOYSA-N,Uric acid,38720721,serum,Not reported,Reverse phase/C18
0.05639556013691726,-1.0612188893952563,IK_SUMDYPCJJOFFON-UHFFFAOYSA-M,2-Hydroxyethanesulfonate,MTBLS11904,plasma,Negative,Reverse phase/C18
0.47063348671400723,-0.4466753709299386,IK_QUZSUMLPWDHKCJ-UHFFFAOYSA-N,Bisphenol A dimethacrylate,24167579,serum,Positive,Reverse phase/C18
-0.04281313269429196,-0.4791241599202468,IK_SZVNKXCDJUBPQO-HWKANZROSA-N,"12-Oxo-2,3-dinor-10,15-phytodienoic acid",MTBLS11904,plasma,Negative,Reverse phase/C18
0.4029872412398379,0.074105564938670307,IK_JFIWEPHGRUDAJN-DYUFWOLASA-N,3'-C-Ethynylcytidine,MTBLS11904,plasma,Negative,Reverse phase/C18
0.6095664945016441,0.011746114457981096,IK_CGFRVKXGZRODPA-UHFFFAOYSA-N,3-Acetylphenol sulfate,MTBLS11904,plasma,Negative,Reverse phase/C18
0.059610755719251,0.9810631078640291,UNKNOWN_ROW__35829770__unknown_363,unknown_363,35829770,plasma,Positive,HILIC
0.14745124788475283,-0.8894633032251993,IK_KMAKOBLIOCQGJP-UHFFFAOYSA-N,Indole-3-carboxylic acid,28880465,serum,Positive,LC-MS/unspecified
0.899436553469812,0.3041437253583676,IK_KTLRWTOPTKGYQY-UHFFFAOYSA-N,N1-Methyl-4-pyridone-5-carboxamide3,ST003159,serum,Negative,Reverse phase/C18
1.8697644528461064,-0.4182062218821108,IK_RGHMISIYKIHAJW-UHFFFAOYSA-N,"3,4-Dihydroxymandelic acid",38516193,plasma,Positive,LC-MS/unspecified
0.5984189593884579,0.14207344621451978,IK_FHUAYOMRHXZKHT-JUGJLYODSA-N,PC 40:4,MTBLS11904,plasma,Positive,Reverse phase/C18
0.0326129496430596,-0.8417434481634818,IK_LRKCBIUDWAXNEG-CSMHCCOUSA-N,Leu-Thr,38720721,serum,Not reported,Reverse phase/C18
-0.15673621365745402,-0.3719396744942261,IK_DSLZVSRJTYRBFB-LLEIAEIESA-N,saccharic acid,38720721,serum,Not reported,Reverse phase/C18
-0.042203780029701626,-0.5745481517939595,IK_KHPXUQMNIQBQEV-UHFFFAOYSA-N,Oxaloacetate,MTBLS11904,plasma,Negative,Reverse phase/C18
-0.1979768485193922,-0.07592302313903086,IK_CWWWTTYMUOYSQA-LLVKDONJSA-N,Etamicastat,MTBLS11904,plasma,Negative,Reverse phase/C18
0.04762971262269673,0.08863447129949924,IK_PQMUUZGBMZBJSD-KNFYMXGFSA-N,Biotripyrrin-b,MTBLS11904,plasma,Negative,Reverse phase/C18
-0.8065715074259302,-0.3650121728406436,IK_VWWQXMAJTJZDQX-UYBVJOGSSA-N,FAD,MTBLS11904,plasma,Negative,Reverse phase/C18
0.08475957854311993,0.8896659996244963,UNKNOWN_ROW__35829770__unknown_433,unknown_433,35829770,plasma,Positive,HILIC
-0.2650231916425154,-0.40404503885469367,IK_INMKWUNQKOWGEZ-VQHVLOKHSA-N,Traumatin,MTBLS11904,plasma,Negative,Reverse phase/C18
-1.4633562532335607,0.09360730838165815,IK_KVNPSKDDJARYKK-JTQLQIEISA-N,5-Methoxytryptophan,MTBLS11904,plasma,Positive,Reverse phase/C18
-0.8220429678198319,-0.45950235218383745,IK_GLUJNGJDHCTUJY-UHFFFAOYSA-N,3-Amino-4-methylpentanoic acid,MTBLS11904,plasma,Positive,Reverse phase/C18
-0.06564697906370759,-0.04325786937925347,IK_GJSURZIOUXUGAL-UHFFFAOYSA-N,Clonidine Metabolite VI,24167579,serum,Positive,Reverse phase/C18
0.09349291518315898,0.10426895919123845,IK_PMIHTPDPPVPUIV-UHFFFAOYSA-N,9-Hydroxyoctadecanoylcarnitine,MTBLS11904,plasma,Positive,Reverse phase/C18
0.05223067482214017,0.06207385989449446,IK_VTSFZGCXFALJSV-FYAZAUILSA-N,PC ae C40:1,34577635,serum,Not reported,LC-MS/unspecified
-0.21670698265301025,4.064298302093596,IK_UCDCOJNNUVYFKJ-UHFFFAOYSA-N,N-Undecylbenzenesulfonic acid,ST003159,serum,Negative,Reverse phase/C18
-0.20843338750974014,-0.47356993107510564,IK_IYJILWQAFPUBHP-UHFFFAOYSA-N,L-beta-aspartyl-L-leucine,MTBLS11904,plasma,Positive,Reverse phase/C18
-0.35781063214278686,-0.14217483972013334,IK_VVQVMHASNBSOOC-UHFFFAOYSA-N,4-(Hydroxymethyl)benzenesulfonic acid,38720721,serum,Not reported,Reverse phase/C18
0.13722927029729692,0.023776354580942387,IK_GTEPPJFJSNSNIH-UHFFFAOYSA-N,BIDISOMIDE,MTBLS11904,plasma,Positive,Reverse phase/C18
-4.3961018145871105,-0.23251449706404018,IK_JMFRWRFFLBVWSI-NSCUHMNNSA-N,Coniferyl alcohol,MTBLS11904,plasma,Negative,Reverse phase/C18
0.01293590129953024,-0.3759460145007811,IK_XKXOQMAKWNRIFD-MHDFSROXSA-N,"16,17-Dihydro-16alpha,17-dihydroxygibberellin A4 17-glucoside",MTBLS11904,plasma,Positive,Reverse phase/C18
0.04377265395568886,0.10196482475955403,IK_QMGGUIASDZZMHS-UHFFFAOYSA-N,Stearoyllactic acid,MTBLS11904,plasma,Negative,Reverse phase/C18
-0.12187950252414535,-0.5507542304007585,IK_NISGSNTVMOOSJQ-UHFFFAOYSA-N,Cyclopentylamine,MTBLS11904,plasma,Positive,Reverse phase/C18
0.09384896262277691,-0.4139374394182989,IK_QBMYYTXUDRARHD-SFYZADRCSA-N,Arginine ornithine,MTBLS11904,plasma,Positive,Reverse phase/C18
0.11577977399444857,-0.38626353233591176,IK_APZFKAJBLBCEFG-YIAAKVKQSA-N,"MG(0:0/20:3(6,8,11)-OH(5)/0:0)",MTBLS11904,plasma,Positive,Reverse phase/C18
-0.4651296991099314,-0.9022179714143163,IK_IUBSYMUCCVWXPE-UHFFFAOYSA-N,Metoprolol,MTBLS11904,plasma,Positive,Reverse phase/C18
-0.04384126796848052,-3.671901386389426e-4,IK_JVQYSWDUAOAHFM-UHFFFAOYSA-N,3-Methyl-2-Oxovaleric Acid,MTBLS11904,plasma,Negative,Reverse phase/C18
-0.011322186364320435,0.0020724226371906197,IK_SNFUTDLOCQQRQD-ZKWXMUAHSA-N,Glutamylisoleucine,MTBLS11904,plasma,Positive,Reverse phase/C18
-0.3430540961043056,3.7975657178036815,IK_KQXKVJAGOJTNJS-HNNXBMFYSA-N,Penbutolol,ST003159,serum,Negative,Reverse phase/C18
0.21252562480836795,-0.08790170016593848,IK_VOBYAKCXGQQFLR-LSJOCFKGSA-N,Ile Gly Val,MTBLS11904,plasma,Positive,Reverse phase/C18
0.33489054937227625,-0.3522841339407413,IK_IQGPMZRCLCCXAG-RUZDIDTESA-N,LysoPC(0:0/18:0),MTBLS11904,plasma,Positive,Reverse phase/C18
0.5600273074411416,-0.3894742912100773,IK_WHBMMWSBFZVSSR-UHFFFAOYSA-N,3-Hydroxybutyric acid,38720721,serum,Not reported,Reverse phase/C18
0.039583928579054024,-0.3797752089845942,IK_BJPPZTDOLXZUSK-FRVQLJSFSA-N,"N-[(3a,5b,7a,12a)-3,12-dihydroxy-24-oxo-7-(sulfooxy)cholan-24-yl]-Glycine",MTBLS11904,plasma,Negative,Reverse phase/C18
0.4773596851688845,0.051821325209843665,IK_JLIPBVWMWUWERT-HNQUOIGGSA-N,Hydroxydesmethylpiperine sulfate,MTBLS11904,plasma,Negative,Reverse phase/C18
0.4350944419032437,-0.19154011325919076,IK_YZXBAPSDXZZRGB-DOFZRALJSA-N,Arachidonic acid,33485385,plasma,Negative,LC-MS/unspecified
-0.04470776063576309,-0.9011975186501656,IK_GFFGJBXGBJISGV-UHFFFAOYSA-N,Adenine,MTBLS11904,plasma,Positive,Reverse phase/C18
0.13871473908858223,-0.44348056540068775,IK_BTIHMVBBUGXLCJ-UHFFFAOYSA-N,2-[[9-(1-Methylethyl)-6-[(phenylmethyl)amino]-9H-purin-2-yl]amino]-1-butanol,MTBLS11904,plasma,Positive,Reverse phase/C18
0.0682814507597346,-0.44219910047617955,IK_VDYDCVUWILIYQF-CSMHCCOUSA-N,S-Lactoylglutathione,MTBLS11904,plasma,Negative,Reverse phase/C18
-0.4569258170677298,-1.026717624461465,IK_MSWZFWKMSRAUBD-IVMDWMLBSA-N,D-Glucosamine,MTBLS11904,plasma,Negative,Reverse phase/C18
0.06450823152958553,1.0040994207435046,UNKNOWN_ROW__35829770__unknown_452,unknown_452,35829770,plasma,Positive,HILIC
-0.4725292869308721,-0.3889665938626917,IK_IZGYIFFQBZWOLJ-UUZREKTLSA-N,Phaseic acid,MTBLS11904,plasma,Negative,Reverse phase/C18
-0.021871888438813096,-0.3645472700915367,IK_KGQYREIAHMZYSA-UHFFFAOYSA-N,Dehydrocarpaine I,MTBLS11904,plasma,Positive,Reverse phase/C18
0.4981980962842652,6.9022575321619035,IK_FBJYDOQUXQMQSS-TXUJEBAWSA-N,Asparagoside B,ST003159,serum,Positive,HILIC
0.0739312491397345,1.1494199816167059,UNKNOWN_ROW__35829770__unknown_297,unknown_297,35829770,plasma,Positive,Reverse phase/C18
0.292494156443874,-0.31499968963320724,IK_QNLZRVLANLZEAS-FRJJSQGGSA-N,"PS(18:1(12Z)-2OH(9,10)/22:0)",MTBLS11904,plasma,Negative,Reverse phase/C18
0.05110054385053256,0.013552279973481136,IK_ADVNUIUADIXWMI-OLZOCXBDSA-N,"(2-((3,5-Di-t-butyl-4-hydroxyphenyl)thio)-1-methylpropoxy)acetic acid",MTBLS11904,plasma,Positive,Reverse phase/C18
-0.366566681895846,-0.524386546948512,IK_QCCRPLPTELVLHD-LCYFTJDESA-N,1-[2-Bromo-1-(4-chlorophenyl)ethenyl]-2-chlorobenzene,24167579,serum,Positive,Reverse phase/C18
1.4789505370011315,-0.5041914678229091,IK_BDCFJMBXZCIVRH-CGRWFSSPSA-N,1-lyso-2-arachidonoyl-phosphatidate (LPA),ACS1517,serum,Positive,Reverse phase/C18
-0.1757762900876128,-0.4225466313485968,IK_LGHBWDKMGOIZKH-CBZIJGRNSA-N,3-Deoxyestrone,MTBLS11904,plasma,Positive,Reverse phase/C18
-1.8164104054290917,0.18781101099847997,IK_JYFOSWJYZIVJPO-YGEZULPYSA-N,Vanillic acid [-CO],28880465,serum,Positive,LC-MS/unspecified
-0.4928652943175923,0.007032242317600827,IK_JPAUCQAJHLSMQW-XPORZQOISA-N,p-Cresol glucuronide,33485385,plasma,Negative,LC-MS/unspecified
0.01731220262622717,-0.5299207076026973,IK_JIJYZALGIIQXKE-UHFFFAOYSA-N,5-Deoxykievitone,MTBLS11904,plasma,Negative,Reverse phase/C18
0.03958695236851605,-0.9526672297464336,IK_IGQBPDJNUXPEMT-SNVBAGLBSA-N,Isovalerylcarnitine,MTBLS11904,plasma,Positive,Reverse phase/C18
0.030105965850539772,0.08147607010511981,IK_WTOYNGQRGOLPNU-UHFFFAOYSA-N,"6,18,19-Trihydroxytrachyloban-2-one",MTBLS11904,plasma,Negative,Reverse phase/C18
0.23132687493362517,0.07465317785518637,IK_CQZWLVDDIOZTJI-RYUDHWBXSA-N,Arginylphenylalaninamide,MTBLS11904,plasma,Positive,Reverse phase/C18
0.3291105738852438,-0.306799550474232,IK_FMBYBTSZVHUJMV-DIVFMYBRSA-N,"PC(22:6(4Z,7Z,10Z,13Z,16Z,19Z)/P-18:0)",MTBLS11904,plasma,Negative,Reverse phase/C18
0.03220291404452506,-0.3991056737179291,IK_CIMMACURCPXICP-PNQRDDRVSA-N,Prostaglandin D1,MTBLS11904,plasma,Negative,Reverse phase/C18
0.07938313266811675,1.1565185938392082,UNKNOWN_ROW__35829770__unknown_423,unknown_423,35829770,plasma,Positive,HILIC
-0.008955380219820659,-0.42913120341986777,IK_PJANXHGTPQOBST-UHFFFAOYSA-N,Stilbene,MTBLS11904,plasma,Positive,Reverse phase/C18
0.4077325123009638,-0.5305935687300141,IK_JWLAAGBRLDQPSL-UHFFFAOYSA-N,Cer-NDS d36:0,37755270,serum,Not reported,Reverse phase/C18
0.36017673133786704,1.0603481243771953,NO_INCHIKEY__5 alpha androstan 3 beta ol 17 one sulfate,5-alpha-androstan-3-beta-ol-17-one sulfate,37755270,serum,Not reported,Reverse phase/C18
-0.07172930396870197,0.06224851171941595,IK_VSOJKDUWYQCWFM-UHFFFAOYSA-N,Noroxyhydrastinine,MTBLS11904,plasma,Positive,Reverse phase/C18
0.0800353724908434,0.10940874791325901,IK_LSOWKZULVQWMLY-APPDJCNMSA-N,LPC 22:6,MTBLS11904,plasma,Positive,Reverse phase/C18
-0.045177880495062744,-0.4261548170996221,IK_BDJRBEYXGGNYIS-UHFFFAOYSA-N,Azelaic Acid,MTBLS11904,plasma,Negative,Reverse phase/C18
0.2579869451666186,-0.41231087339372946,IK_BAQMYDQNMFBZNA-MNXVOIDGSA-N,Biocytin,MTBLS11904,plasma,Negative,Reverse phase/C18
0.038553670683240976,0.5257651472372243,IK_PETYOUXDCHQKTQ-QXPKXGMISA-N,carnitine 12:1,ST003159,serum,Positive,HILIC
-0.1459885751819579,2.400481622949879,UNKNOWN_ROW__24167579__unknown_103,unknown_103,24167579,serum,Positive,Reverse phase/C18
-0.12568425659665175,0.14932772389506427,IK_RGCBYGZECVEZKC-UHFFFAOYSA-N,3-Benzoyloxy-11-oxo-12-ursen-28-oic acid,MTBLS11904,plasma,Negative,Reverse phase/C18
-1.097240936405233,-0.29658183278272054,IK_FHXBAFXQVZOILS-OETIFKLTSA-N,Sulfolithocholylglycine,MTBLS11904,plasma,Negative,Reverse phase/C18
-0.18699308797226574,-1.365682285089231,IK_NUCLJNSWZCHRKL-UHFFFAOYSA-N,allantoic acid,38720721,serum,Not reported,Reverse phase/C18
-0.06402623732168808,0.004817308794937166,IK_PSLSTUMPZILTAH-BYULHYEWSA-N,Asp Gly Ile,MTBLS11904,plasma,Positive,Reverse phase/C18
0.06659695811013713,0.11419096328052424,IK_KWABLUYIOFEZOY-UHFFFAOYSA-N,Dioctyl succinate,MTBLS11904,plasma,Positive,Reverse phase/C18
-0.8597921177371025,-0.42449076981102274,IK_AIQDYKMWENWVQJ-QIUUJYRFSA-K,Alpha-D-glucuronate 1-phosphate,MTBLS11904,plasma,Negative,Reverse phase/C18
0.7574126154307033,-0.4086200947381691,IK_LUHMMHZLDLBAKX-DBIGVJDZSA-N,Artemisin,MTBLS11904,plasma,Negative,Reverse phase/C18
-0.10521614267421636,-1.0016959288014289,IK_ISAKRJDGNUQOIC-UHFFFAOYSA-N,Uracil,35829770,plasma,Positive,Reverse phase/C18
-0.2748274094757151,-0.08525399742228651,IK_SRXKAYJJGAAOBP-UHFFFAOYSA-N,N(5)-Acetylornithine,MTBLS11904,plasma,Positive,Reverse phase/C18
0.04841964800375585,-0.37286936830035744,IK_MCKLJFJEQRYRQT-APGJSSKUSA-N,20alpha-Hydroxycholesterol,MTBLS11904,plasma,Negative,Reverse phase/C18
-0.009682869688382566,0.0451585780189734,IK_KKADPXVIOXHVKN-UHFFFAOYSA-N,4-Hydroxyphenylpyruvic acid,MTBLS11904,plasma,Negative,Reverse phase/C18
-0.23278439711945215,-0.484751335923562,IK_DEFJQIDDEAULHB-IMJSIDKUSA-N,Ala-Ala,38720721,serum,Not reported,Reverse phase/C18
0.07442294280768576,1.1012356677779844,UNKNOWN_ROW__35829770__unknown_317,unknown_317,35829770,plasma,Positive,Reverse phase/C18
-1.6984127226728072,0.08423865319148736,IK_UKDKTHYZLXZOSS-UHFFFAOYSA-N,N-Acetylvanilalanine,MTBLS11904,plasma,Positive,Reverse phase/C18
0.14752645127224118,0.05184410480740398,IK_VMJGIIURAHPLEX-AVQMFFATSA-N,N-Linoleoyl Tryptophan,MTBLS11904,plasma,Negative,Reverse phase/C18
0.14911918976254152,0.061291293471581035,IK_CBVKLEOGWBFWFG-AXDSSHIGSA-N,Epsilon-(Hexanoyl)lysine,MTBLS11904,plasma,Positive,Reverse phase/C18
0.04030070726383511,-0.48760522140282786,IK_KVXSPXCUAWCXEI-UHFFFAOYSA-N,(2S)-2-Amino-6-[(3-formylpiperidin-1-yl)amino]hexanoic acid,MTBLS11904,plasma,Positive,Reverse phase/C18
-0.40268639912705817,-0.40326156290227627,IK_FICLVQOYKYBXFN-UHFFFAOYSA-N,(+/-)-6-Chlorotryptophan,MTBLS11904,plasma,Positive,Reverse phase/C18
0.5929472137981618,0.0906904518374267,IK_RPSBVJXBTXEJJG-LURNZOHQSA-N,(N-acetylneuraminosyl(a2-6)lactosamine),MTBLS11904,plasma,Negative,Reverse phase/C18
-0.3035220438551461,-0.39347932617945613,IK_MXVGMMSYPKQPGC-VGWLKTBOSA-N,TG 48:3|TG 12:0_18:1_18:2,37755270,serum,Not reported,Reverse phase/C18
-0.13157178490590976,0.0022756896580983475,IK_SSYGGPAGDDGXAF-ZXXIGWHRSA-N,"Estra-1,3,5(10)-triene-3,17-diol, 16-iodo-, (16alpha,17beta)-",MTBLS11904,plasma,Negative,Reverse phase/C18
-3.661154681754715,0.10424157390555398,IK_PZSJOBKRSVRODF-UHFFFAOYSA-N,Vanillin Acetate,MTBLS11904,plasma,Positive,Reverse phase/C18
0.03125028065369719,-0.9600430556698428,IK_HXEACLLIILLPRG-YFKPBYRVSA-N,L-Pipecolic acid,MTBLS11904,plasma,Positive,Reverse phase/C18
0.1327201880144593,-0.4176108817713285,IK_YZXBAPSDXZZRGB-DOFZRALJSA-N,Arachidonic acid,MTBLS11904,plasma,Positive,Reverse phase/C18
2.4857517342603037,-1.5097034039847095,IK_ZDXPYRJPNDTMRX-VKHMYHEASA-N,Glutamine,38516193,plasma,Positive,LC-MS/unspecified
0.05067468956689355,0.053888659015596696,IK_MQEBEBZYRKXMDL-UHFFFAOYSA-N,Gamma-Glutamyl-S-methylcysteine sulfoxide,MTBLS11904,plasma,Positive,Reverse phase/C18
0.009681138177291469,-0.46709881320400715,IK_AOQMRUTZEYVDIL-UHFFFAOYSA-N,Flupoxam,MTBLS11904,plasma,Negative,Reverse phase/C18
-0.5819307991507651,-0.5496103974887168,IK_MQTAVJHICJWXBR-UHFFFAOYSA-N,N1-Acetylspermidine,MTBLS11904,plasma,Positive,Reverse phase/C18
1.452191340461106,0.009836922031207436,IK_RZBILUATLYXZLI-SLDNWHAHSA-N,Ganoderic acid L,MTBLS11904,plasma,Negative,Reverse phase/C18
-0.7250872302002812,-0.8827839098440656,IK_GYDJEQRTZSCIOI-UHFFFAOYSA-N,Tranexamic Acid,MTBLS11904,plasma,Positive,Reverse phase/C18
-0.24747964186616309,-0.004369918291457496,IK_KTSUCMSACGPDKE-UHFFFAOYSA-N,"[(2R,3S,4R,5R)-3,4,5,6-Tetrahydroxy-1-oxohexan-2-yl] (2S)-2-aminopropanoate",MTBLS11904,plasma,Negative,Reverse phase/C18
-0.2126659001089875,2.3776574074663106,UNKNOWN_ROW__24167579__unknown_150,unknown_150,24167579,serum,Positive,Reverse phase/C18
0.1180466382288858,0.01343575355466231,IK_RKQUHHNIJVGMIG-UHFFFAOYSA-N,N-Lauroyl Phenylalanine,MTBLS11904,plasma,Negative,Reverse phase/C18
-0.14690367135224838,-0.433802598974409,IK_CBQJSKKFNMDLON-SNVBAGLBSA-N,N-Acetyl-D-phenylalanine,MTBLS11904,plasma,Negative,Reverse phase/C18
0.30530068653655573,0.07227699069610488,IK_DIVLBIVDYADZPL-UHFFFAOYSA-N,Carboxyibuprofen,38720721,serum,Not reported,Reverse phase/C18
-0.13590405588292967,0.012069784768418884,IK_KDGAYJIGGCDHPH-UWVGGRQHSA-N,L-beta-aspartyl-L-phenylalanine,MTBLS11904,plasma,Negative,Reverse phase/C18
-0.3078655501280628,-0.45239318992597044,IK_ZKTMLINFIQCERN-QGZVFWFLSA-O,Lotusine,MTBLS11904,plasma,Negative,Reverse phase/C18
-0.07671443301607639,-0.41546681750894443,IK_PZPIQUZUJADGQZ-NSCUHMNNSA-N,Polyanethole-sulfate,MTBLS11904,plasma,Negative,Reverse phase/C18
0.14913720444155693,0.03390468595471435,IK_KCEGBPIYGIWCDH-UHFFFAOYSA-N,"7,8-diaminopelargonate",MTBLS11904,plasma,Positive,Reverse phase/C18
0.047597946820935176,-0.44432592134484356,IK_YSSSPARMOAYJTE-UHFFFAOYSA-N,Dibenzo-18-crown-6,MTBLS11904,plasma,Positive,Reverse phase/C18
0.05853503947134597,1.0317479295882366,UNKNOWN_ROW__35829770__unknown_264,unknown_264,35829770,plasma,Positive,Reverse phase/C18
0.36623472022929915,-0.26018369130839314,IK_XALSUNLRNHITKL-FVGYRXGTSA-N,L-beta-homotryptophan-HCl,38516193,plasma,Positive,LC-MS/unspecified
2.204988351504618,0.0014597086555224726,IK_SSZYARBRHYOZQM-OWOJBTEDSA-N,"3,4,5-trihydroxy-6-{3-[(E)-2-(4-hydroxyphenyl)ethenyl]-5-{[3,4,5-trihydroxy-6-(hydroxymethyl)oxan-2-yl]oxy}phenoxy}oxane-2-carboxylic acid",MTBLS11904,plasma,Negative,Reverse phase/C18
-0.2847896208039205,0.011010532388928511,IK_SOKKQMPCIJPSGH-UHFFFAOYSA-N,"6-[4-(carboxymethyl)-2-hydroxyphenoxy]-3,4,5-trihydroxyoxane-2-carboxylic acid",MTBLS11904,plasma,Negative,Reverse phase/C18
-0.0691171655511963,-0.07509775784765348,IK_RXACEEPNTRHYBQ-UHFFFAOYSA-N,Mertiatide,MTBLS11904,plasma,Positive,Reverse phase/C18
0.1243285346545521,0.01269996708254948,IK_PTGGMPLMNDBPGB-CXISOLTFSA-N,N-methylsphingosine,MTBLS11904,plasma,Positive,Reverse phase/C18
-0.3671901731064175,-0.40183459057094295,IK_BAZVSMNPJJMILC-STQMWFEESA-N,TG 46:4 Isomer A,37755270,serum,Not reported,Reverse phase/C18
-0.065095446746055885,0.08712423448777563,IK_RUDATBOHQWOJDD-GCJQIVLTSA-N,"3,7-Dihydroxycholan-24-oic acid",MTBLS11904,plasma,Negative,Reverse phase/C18
-0.15782611833460217,-0.48551785852383555,IK_CMHMMKSPYOOVGI-UHFFFAOYSA-N,Isopropyl 4-hydroxybenzoate,MTBLS11904,plasma,Negative,Reverse phase/C18
-0.017022704057538696,0.03800263881060122,IK_QAIPRVGONGVQAS-UHFFFAOYSA-N,"3-(3,4-Dihydroxyphenyl)prop-2-enoic Acid",MTBLS11904,plasma,Negative,Reverse phase/C18
-0.012830928421504318,0.051994610944431224,IK_MFNAKLLYSPINFZ-UHFFFAOYSA-N,"6-Methylpteridine-2,4-diamine",MTBLS11904,plasma,Positive,Reverse phase/C18
0.08905940557161758,0.18188562347198933,IK_KRNYOVHEKOBTEF-YUMQZZPRSA-N,Valyl-Valine,28880465,serum,Positive,LC-MS/unspecified
-0.19343399350165977,-0.38297293996356996,IK_BWRPYSJNBVBIRP-FLFBIERCSA-N,Ineketone,MTBLS11904,plasma,Negative,Reverse phase/C18
0.7185044973902447,-0.8806364044422921,IK_YSSWCDJIKPKJLL-SJCQXOIGSA-N,Cer-NP t42:1,37755270,serum,Not reported,Reverse phase/C18
-3.9291459212381583,0.22316042568584557,IK_JQXBETDGCMQLMK-UHFFFAOYSA-N,"3,4-Dihydroxyphenylacetone",28880465,serum,Positive,LC-MS/unspecified
0.282756012372916,-0.31151878969182234,IK_NDBRCNIXDRLLSE-GSUBHOBPSA-N,GPCho(22:6/18:1),MTBLS11904,plasma,Positive,Reverse phase/C18
0.5664262226403579,-0.6921139662321522,IK_RFPFIJOZVJJSSN-UHFFFAOYSA-N,Cer 41:0;2O,37755270,serum,Not reported,Reverse phase/C18
-0.034066994740640275,-1.5045181760410935,IK_GUBGYTABKSRVRQ-QKKXKWKRSA-N,lactose,MTBLS11904,plasma,Positive,Reverse phase/C18
-0.6136553004252456,0.1435862233352196,IK_MUMXFARPYQTTSL-BQBZGAKWSA-N,Met-Gln,38720721,serum,Not reported,Reverse phase/C18
-0.34538158515904327,-0.3788362550180474,IK_IVFYLRMMHVYGJH-VLOLGRDOSA-N,Bolasterone,MTBLS11904,plasma,Negative,Reverse phase/C18
0.28090691295497006,-1.3876982043252482,IK_MVOYJPOZRLFTCP-UHFFFAOYSA-N,1-Methylxanthine,38720721,serum,Not reported,Reverse phase/C18
0.4217852826813721,-0.33441409375334297,IK_WZCLAXMADUBPSG-RIXBAXMTSA-N,"PC(18:0/18:3(9Z,12Z,15Z))",MTBLS11904,plasma,Positive,Reverse phase/C18
0.3844386342592159,-0.4111215678824701,IK_UWHZIFQPPBDJPM-BQYQJAHWSA-N,Vaccenic acid,38720721,serum,Not reported,Reverse phase/C18
0.15042834291389248,0.03854501623280346,IK_BQJRUJTZSGYBEZ-YVQNUNKESA-N,"Phorbol-12,13-dibutyrate",MTBLS11904,plasma,Positive,Reverse phase/C18
1.1156700767889582,0.03257309504342722,IK_KJABUVRFCPPJPD-UHFFFAOYSA-N,Benzylpenicilloyl G,MTBLS11904,plasma,Negative,Reverse phase/C18
-0.023886491735706634,-0.00890428923274551,IK_FEFCOLGURZACFM-UHFFFAOYSA-N,(2S)-2-Amino-3-[4-[(2S)-2-amino-3-phenylpropanoyl]oxyphenyl]propanoic acid,MTBLS11904,plasma,Negative,Reverse phase/C18
0.24231001327722743,0.023280405356645214,IK_MIKWCKCBCDZUNB-JRQMLGJJSA-N,PC O-34:3,37755270,serum,Not reported,Reverse phase/C18
0.3036347520164087,0.5848335624738512,IK_JLPULHDHAOZNQI-ZTIMHPMXSA-N,PC 34:2,33485385,plasma,Positive,LC-MS/unspecified
0.22232582041009405,0.06583906049096197,IK_OLAOWMDKXPIITQ-UHFFFAOYSA-N,Tridecanoylcarnitine,MTBLS11904,plasma,Positive,Reverse phase/C18
0.7209384180359811,0.06231730029955306,IK_UOFYCFMTERCNEW-ADEYADIWSA-N,Ezetimibe-glucuronide,MTBLS11904,plasma,Negative,Reverse phase/C18
-0.0984679404077877,-0.037517037532036626,IK_CZGFLAQOJPXVRV-GITAKMRZSA-N,Estriol-17-glucuronide,MTBLS11904,plasma,Positive,Reverse phase/C18
-1.060356906843312,-0.43281475120615526,IK_QGZDXQHLEQAGJB-INIZCTEOSA-N,Gly Phe,MTBLS11904,plasma,Positive,Reverse phase/C18
0.4488005888615126,-0.054684460605619156,IK_CKDDRHZIAZRDBW-UHFFFAOYSA-N,FA 21:0,37755270,serum,Not reported,Reverse phase/C18
-0.009044404750112789,-0.5335895555336544,IK_ADUKCCWBEDSMEB-NSHDSACASA-N,Prenalterol,MTBLS11904,plasma,Positive,Reverse phase/C18
-0.07004022931043562,-0.3585229272354617,IK_MULVVBYNDZRKPA-XCZWIQLXSA-N,PC(P-16:0/2:0),MTBLS11904,plasma,Positive,Reverse phase/C18
-0.15417499226245635,0.042711900543364906,IK_JYEFAZDBHWGXHI-HWKANZROSA-N,3-(5-Methoxy-4-oxocyclohex-2-en-1-yl)prop-2-enoic acid,MTBLS11904,plasma,Negative,Reverse phase/C18
0.2982162056919545,-0.4505993852495214,IK_WLJVXDMOQOGPHL-UHFFFAOYSA-N,phenylacetic acid,MTBLS11904,plasma,Positive,Reverse phase/C18
0.12378580464751479,0.06956702930025406,IK_URVGHNOQCRQJTD-MELXFHLESA-N,"2,3-Dinor-TXB1",MTBLS11904,plasma,Positive,Reverse phase/C18
0.09373763454930577,0.8563485768613095,UNKNOWN_ROW__24167579__unknown_50,unknown_50,24167579,serum,Positive,Reverse phase/C18
1.9627482009794448,-0.5532693794951441,IK_JMIAZDVHNCCPDM-DAFCLMLCSA-N,Mitraphylline,MTBLS11904,plasma,Positive,Reverse phase/C18
1.8797915092162167,-1.1457209534569337,IK_COLNVLDHVKWLRT-QMMMGPOBSA-N,L-Phenylalanine,38516193,plasma,Positive,LC-MS/unspecified
-0.018394882308304557,-0.35014625690417284,IK_DTBNBXWJWCWCIK-UHFFFAOYSA-N,Phosphoenolpyruvate,38516193,plasma,Positive,LC-MS/unspecified
-0.07134499583965107,-0.8781698918636527,IK_YAPQBXQYLJRXSA-UHFFFAOYSA-N,Theobromine,35829770,plasma,Positive,Reverse phase/C18
0.0627761814422865,1.1244008826445728,UNKNOWN_ROW__35829770__unknown_343,unknown_343,35829770,plasma,Positive,HILIC
-1.3507036367783651,-0.2686726846076584,IK_WHBMMWSBFZVSSR-UHFFFAOYSA-N,3-Hydroxybutyric acid,ST001814,plasma,Positive,GC-MS
0.2017366041851461,-0.10294145197843425,IK_OUDSFQBUEBFSPS-UHFFFAOYSA-N,N-(Carboxymethyl)-N-(2-((carboxymethyl)amino)ethyl)glycine,MTBLS11904,plasma,Negative,Reverse phase/C18
0.4383606132784203,-0.3972820667011844,IK_HGXBRUKMWQGOIE-NSMLZSOPSA-N,(-)-Pinoresinol,MTBLS11904,plasma,Negative,Reverse phase/C18
-0.15918069490472334,-1.2467501805815129,IK_PEDCQBHIVMGVHV-UHFFFAOYSA-N,glycerol,ST001814,plasma,Positive,GC-MS
0.05177897162782022,-0.3867548426821103,IK_FJKKCRCBBAXLQZ-UHFFFAOYSA-N,PGP(i-24:0/PGD2),MTBLS11904,plasma,Positive,Reverse phase/C18
-0.0910502187619917,0.18534775294054417,IK_LBGFKUUHOPIEMA-PEARBKPGSA-N,Sapacitabine,MTBLS11904,plasma,Negative,Reverse phase/C18
0.05465018818054977,-0.11643610840767067,IK_SRPXSILJHWNFMK-ZBEGNZNMSA-N,Desmethylsertraline,24167579,serum,Positive,Reverse phase/C18
0.05672938417399979,-0.071296624817027,IK_CRIZPXKICGBNKG-UHFFFAOYSA-N,2-Hydroxypurine,MTBLS11904,plasma,Positive,Reverse phase/C18
-0.3152774364176387,-0.7061243639436964,IK_BDKXLTOHYQEAIO-RSLHMRQOSA-N,L-Cystathionine - Isomer,28880465,serum,Positive,LC-MS/unspecified
0.030598798340648832,1.0652647395115344,UNKNOWN_ROW__24167579__unknown_3,unknown_3,24167579,serum,Positive,Reverse phase/C18
-0.2809175182410593,-0.07911392358416598,IK_QHZLMUACJMDIAE-UHFFFAOYSA-N,1-Monopalmitin,MTBLS11904,plasma,Positive,Reverse phase/C18
-0.27736140521311414,0.07624845295051084,IK_DKQLZKCYTLXNBN-UHFFFAOYSA-N,5-Nonyltetrahydro-2-oxo-3-furancarboxylic acid,MTBLS11904,plasma,Negative,Reverse phase/C18
0.22461381183044063,-1.3936752268336718,IK_QZAYGJVTTNCVMB-UHFFFAOYSA-N,Serotonin,38720721,serum,Not reported,Reverse phase/C18
0.031929379600367916,-0.37579265270284223,IK_QDAOSMKOZCCWLJ-MQLLGTBWSA-N,Phaseolotoxin,MTBLS11904,plasma,Negative,Reverse phase/C18
0.08986083208818697,0.020124378023874203,IK_QBSJMKIUCUGGNG-UHFFFAOYSA-N,2-Isopropylphenyl methylcarbamate,MTBLS11904,plasma,Positive,Reverse phase/C18
-0.1773532145671667,-0.4401468551895161,IK_JVJFIQYAHPMBBX-FNORWQNLSA-N,4-Hydroxynonenal,MTBLS11904,plasma,Negative,Reverse phase/C18
0.05800260030456758,0.10769237623491477,IK_GOMVPVRDBLLHQC-VEJNOCSESA-N,LPC 20:4,MTBLS11904,plasma,Positive,Reverse phase/C18
0.26513573515868444,-0.3086485459339238,IK_YMXANTWTWUQRLJ-XGZMHBGESA-N,"PE(22:6(4Z,7Z,10Z,13Z,16Z,19Z)/24:0)",MTBLS11904,plasma,Positive,Reverse phase/C18
0.35224757954937846,-0.3208004241219509,IK_CEJUIQBITPKHHY-OWEZASBCSA-N,"PC(20:4(8Z,11Z,14Z,17Z)/18:2(9Z,12Z))",MTBLS11904,plasma,Positive,Reverse phase/C18
0.12601300943814892,-1.0625981682054446,IK_CVSVTCORWBXHQV-UHFFFAOYSA-N,Creatine,MTBLS11904,plasma,Positive,Reverse phase/C18
0.1360765953221456,1.195967028861155,UNKNOWN_ROW__35829770__unknown_436,unknown_436,35829770,plasma,Positive,HILIC
0.03772534508011224,0.9257883649889618,UNKNOWN_ROW__35829770__unknown_280,unknown_280,35829770,plasma,Positive,Reverse phase/C18
-0.052664838357867415,-0.40871304820026344,IK_QQONPFPTGQHPMA-UHFFFAOYSA-N,Propylene,MTBLS11904,plasma,Positive,Reverse phase/C18
-0.7764510677370263,-0.48321609666975684,IK_IAHCDPVIVIKDFJ-DIACKHNESA-N,Dihyroxy-1H-indole glucuronide I,MTBLS11904,plasma,Negative,Reverse phase/C18
-0.12304463008817963,-0.435328136392914,IK_XVOHELPNOXGRBQ-NXAIOARDSA-N,Furanodienone,MTBLS11904,plasma,Negative,Reverse phase/C18
0.15248866491601837,-0.8236232330555034,IK_XUIIKFGFIJCVMT-LBPRGKRZSA-N,Thyroxine,MTBLS11904,plasma,Positive,Reverse phase/C18
-0.019757476574966654,0.09297209205236319,IK_JATNWMBUDXLMEO-UHFFFAOYSA-N,Isoamyl isothiocyanate,MTBLS11904,plasma,Positive,Reverse phase/C18
-0.4628700511428475,-0.3632561623749212,IK_OJXQLGQIDIPMTE-UHFFFAOYSA-N,Gartanin,MTBLS11904,plasma,Negative,Reverse phase/C18
0.15431975260613184,-0.41830242851415256,IK_BZUIJMCJNWUGKQ-BDAKNGLRSA-N,Hypusine,MTBLS11904,plasma,Positive,Reverse phase/C18
-0.5374741216675811,-0.48958800485448156,IK_XJMMNTGIMDZPMU-UHFFFAOYSA-N,3-Methylglutaric acid,MTBLS11904,plasma,Negative,Reverse phase/C18
0.3771321351752141,-0.43884422530547107,IK_PYGSKMBEVAICCR-UHFFFAOYSA-N,"1,5-Hexadiene",MTBLS11904,plasma,Positive,Reverse phase/C18
0.06918466680520238,1.1532870989376227,UNKNOWN_ROW__35829770__unknown_371,unknown_371,35829770,plasma,Positive,HILIC
0.11862973223430198,-0.5925047664305673,IK_NBIIXXVUZAFLBC-UHFFFAOYSA-K,Phosphate,MTBLS11904,plasma,Positive,Reverse phase/C18
-0.022772618448957425,-0.3610342425737319,IK_VLBPIWYTPAXCFJ-XMMPIXPASA-N,1-O-Hexadecyl-sn-glycero-3-phosphocholine,MTBLS11904,plasma,Negative,Reverse phase/C18
-0.21903469401542838,-0.39531200045691295,IK_DZTHIGRZJZPRDV-LBPRGKRZSA-N,N-acetyl-tryptophan,38720721,serum,Not reported,Reverse phase/C18
0.040522117014258986,0.06828976800973122,IK_FPUYBGZEWPJSDX-MRXNPFEDSA-N,Undecanoylcarnitine,MTBLS11904,plasma,Positive,Reverse phase/C18
0.5651213901684065,-1.4647721859026464,IK_ZFXYFBGIUFBOJW-UHFFFAOYSA-N,Theophylline,MTBLS11904,plasma,Negative,Reverse phase/C18
-0.22415642554829407,-0.36931818788251153,IK_IRHVLQMEQPABHG-QUZWXNHXSA-N,Contignasterol,MTBLS11904,plasma,Positive,Reverse phase/C18
0.16428275437819398,-0.3820898716068027,IK_UPEZCKBFRMILAV-JMZLNJERSA-N,Ecdysone,MTBLS11904,plasma,Negative,Reverse phase/C18
0.05324164802391807,0.928019312649186,UNKNOWN_ROW__35829770__unknown_241,unknown_241,35829770,plasma,Positive,Reverse phase/C18
0.1320908049587227,0.0428056423763967,IK_VEESGYSTEQKVJL-KVKKDTSVSA-N,Corchoroside B,MTBLS11904,plasma,Positive,Reverse phase/C18
1.932701371098686,-0.8901746139113298,IK_PMTMAFAPLCGXGK-JMTMCXQRSA-N,12-oxo-PDA,38516193,plasma,Positive,LC-MS/unspecified
0.12700651911608737,0.05313287171016786,IK_DXHYQIJBUNRPJT-UHFFFAOYSA-N,Parsalmide,MTBLS11904,plasma,Positive,Reverse phase/C18
-0.16549198103332788,-0.5796001852878435,IK_AOXITOVWUAKZHT-CCKFTAQKSA-N,Glycyl Phenylalanine,28880465,serum,Positive,LC-MS/unspecified
-0.047308601970634995,-0.41579662841156534,IK_FLKPEMZONWLCSK-UHFFFAOYSA-N,Diethyl Phthalate,MTBLS11904,plasma,Negative,Reverse phase/C18
0.025213284103078236,0.954050523848366,UNKNOWN_ROW__35829770__unknown_412,unknown_412,35829770,plasma,Positive,HILIC
0.10341767503733337,-0.4964872470971323,IK_RDQUQBHPMYFYMX-XIWVQZPPSA-N,Imidazoleacetic acid ribotide,MTBLS11904,plasma,Negative,Reverse phase/C18
0.2816153383894316,-0.3389745309656898,IK_XMZFUVYOYPLVOA-VLHUWQDUSA-N,GPCho(16:0/20:3),MTBLS11904,plasma,Positive,Reverse phase/C18
-0.18127685028260793,0.02022573612096207,IK_YBAFDPFAUTYYRW-YUMQZZPRSA-N,Glutamylleucine,MTBLS11904,plasma,Negative,Reverse phase/C18
0.24938813585555902,-1.6237067225727804,IK_ODKSFYDXXFIFQN-BYPYZUCNSA-N,L-Arginine,28880465,serum,Positive,LC-MS/unspecified
0.020312368920085644,-0.23340014126395092,IK_XFTRTWQBIOMVPK-UHFFFAOYSA-N,Citramalic acid,ST001814,plasma,Positive,GC-MS
0.17093694863594214,-0.43664623548833836,IK_PKSJDCCFDXWPLW-UHFFFAOYSA-N,"Cyclopropanecarboxamide, 1,2,2,3,3-pentamethyl-",MTBLS11904,plasma,Negative,Reverse phase/C18
0.3164536540525057,-0.34971802228865756,IK_FSQQTNAZHBEJLS-UPHRSURJSA-N,Maleamic acid,38720721,serum,Not reported,Reverse phase/C18
-0.612172843161273,-0.8730298210949592,IK_BXZSKDOPGDPDEG-UHFFFAOYSA-N,8-Methoxykynurenate,MTBLS11904,plasma,Negative,Reverse phase/C18
0.07352906244503288,1.803163079577643,IK_ONIBWKKTOPOVIA-UHFFFAOYNA-N,Proline,ST003159,serum,Positive,HILIC
-0.09719281702492044,-0.5389181583518582,IK_WHBMMWSBFZVSSR-UHFFFAOYSA-N,3-Hydroxybutyric acid,MTBLS11904,plasma,Positive,Reverse phase/C18
0.08910358169820984,-0.01666580988142134,IK_SCIFESDRCALIIM-VIFPVBQESA-N,N-Methylphenylalanine,MTBLS11904,plasma,Positive,Reverse phase/C18
-0.2658346068206996,-0.33066529045380977,IK_RQXNAJITDPUZBL-ROQBABNZSA-N,"DG(20:2(11Z,14Z)/18:4(6Z,9Z,12Z,15Z)/0:0)",MTBLS11904,plasma,Positive,Reverse phase/C18
0.012863983492262974,-0.4880205695520055,IK_ABDMBNAKYBUEEX-QCLAVDOMSA-N,Ecgonine Ethyl Ester,MTBLS11904,plasma,Positive,Reverse phase/C18
0.01132896189643984,-1.0782185396892254,IK_HNDVDQJCIGZPNO-YFKPBYRVSA-N,Histidine,ST001814,plasma,Positive,GC-MS
-0.13381325242607653,-0.9264369969386159,IK_PLHJDBGFXBMTGZ-WEVVVXLNSA-N,Furazolidone,MTBLS11904,plasma,Positive,Reverse phase/C18
-0.11027064702427089,0.050630450099834905,IK_DZTHIGRZJZPRDV-UHFFFAOYSA-N,N-Acetyl-DL-tryptophan,MTBLS11904,plasma,Positive,Reverse phase/C18
-0.005324308268025164,0.08797233172524517,IK_IPOLTUVFXFHAHI-WHIOSMTNSA-N,Oleoyl-L-Carnitine,MTBLS11904,plasma,Positive,Reverse phase/C18
0.45766360286175684,-0.3132439027000992,IK_YBAVZMWJCPETFA-QFTUWMPFSA-N,"PC(20:2(11Z,14Z)/22:6(4Z,7Z,10Z,13Z,16Z,19Z))",MTBLS11904,plasma,Negative,Reverse phase/C18
0.17639356069932213,0.04672279139059491,IK_AVTUTJYTKKMVGB-BGXVWEPQSA-O,Pinotin A,MTBLS11904,plasma,Positive,Reverse phase/C18
-0.7134905645983298,-0.05370011144670429,IK_JBFYFLXEJFQWMU-WDSKDSINSA-N,N2-gamma-Glutamylglutamine,MTBLS11904,plasma,Positive,Reverse phase/C18
0.2282190652644887,1.0474932534241121,NO_INCHIKEY__16 23 24 25 tetrahydroxydammar 13 17 en 3 one,"16,23,24,25-Tetrahydroxydammar-13(17)-en-3-one",MTBLS11904,plasma,Negative,Reverse phase/C18
0.09218786800902824,1.0961224304848214,UNKNOWN_ROW__35829770__unknown_407,unknown_407,35829770,plasma,Positive,HILIC
0.4576857672999621,-0.3419163628804727,IK_KYICBZWZQPCUMO-PSALXKTOSA-N,SM(d18:1/14:0),MTBLS11904,plasma,Positive,Reverse phase/C18
0.16778181764455927,0.055493795791692946,IK_NZNWCYFBFHHMLM-UHFFFAOYSA-N,(S)-alpha-Terpinyl glucoside,MTBLS11904,plasma,Positive,Reverse phase/C18
0.09801332292309661,0.10284121939177525,IK_AYSGOPOJGPEGSU-UHFFFAOYSA-N,"(5alpha,6beta,14alpha,20R,22R)-5,6,14,20,27-Pentahydroxy-1-oxowith-24-enolide",MTBLS11904,plasma,Negative,Reverse phase/C18
0.009032987673398224,-0.3705508481558185,IK_GYPQKMKDLBCBMB-XTVBGRGASA-N,"PC(17:2(9Z,12Z)/0:0)",MTBLS11904,plasma,Negative,Reverse phase/C18
0.45075743976051436,-0.33515704228688653,IK_XGLZBINKZRQAPD-OTMYLMJASA-N,GPCho(22:5/14:1),MTBLS11904,plasma,Positive,Reverse phase/C18
0.15798101471453388,-0.09169357495241795,IK_AGGWFDNPHKLBBV-YUMQZZPRSA-N,Val-Cit,MTBLS11904,plasma,Positive,Reverse phase/C18
0.17106144859137012,-0.3718669139795271,IK_VGSSUFQMXBFFTM-METNKUIYSA-N,"(3beta,5alpha,6beta,24R)-Stigmastane-3,5,6-triol",MTBLS11904,plasma,Negative,Reverse phase/C18
0.07569206809755387,-0.013662746517778072,IK_HYXQKVOADYPQEA-CIUDSAMLSA-N,Isoleucyl-Arginine,MTBLS11904,plasma,Positive,Reverse phase/C18
0.49583178790161864,0.05323147938592839,IK_ZDZWIQDJFWTDAM-NQIIRXRSSA-N,Rac S 33138,MTBLS11904,plasma,Negative,Reverse phase/C18
-0.023609199828082593,0.054551454600752586,IK_QWURLWZAOBRLES-JEGFTUTRSA-N,N-Palmitoyl Cysteine,MTBLS11904,plasma,Negative,Reverse phase/C18
0.32831926575105747,-0.3726688892332002,IK_WMOFTJILTZIKIH-DIPNUNPCSA-N,PC 31:0,37755270,serum,Not reported,Reverse phase/C18
-0.5514259350375723,-0.40296527691107015,IK_PEHSVUKQDJULKE-UHFFFAOYSA-N,Imetit,MTBLS11904,plasma,Positive,Reverse phase/C18
-0.1976280381825515,-0.3972074658613107,IK_WEQJQNWXCSUVMA-NEPJUHHUSA-N,Phenylalanylproline,MTBLS11904,plasma,Negative,Reverse phase/C18
0.015167365849046825,0.6078836186983798,UNKNOWN_ROW__35829770__unknown_236,unknown_236,35829770,plasma,Positive,Reverse phase/C18
-0.08144027564967884,-0.4403766456205727,IK_BQMFWUKNOCJDNV-HJWJTTGWSA-N,Phe Val Ile,MTBLS11904,plasma,Positive,Reverse phase/C18
0.10753082122607414,0.0356406515273284,IK_IULKWYSYZSURJK-AVGNSLFASA-N,Gln Leu Lys,MTBLS11904,plasma,Positive,Reverse phase/C18
-0.3737111427221316,-0.4834258645171383,IK_LZFOPEXOUVTGJS-ONEGZZNKSA-N,Sinapyl alcohol,MTBLS11904,plasma,Positive,Reverse phase/C18
-0.3910274306865527,0.03560849294234432,IK_BCPQOBQIVJZOFL-UHFFFAOYSA-N,Recoflavone,MTBLS11904,plasma,Negative,Reverse phase/C18
0.06763260258717983,-0.3711797286877311,IK_XEVRBOQZSXWGQO-PAUXXPOVSA-N,PE(22:6/0:0),MTBLS11904,plasma,Negative,Reverse phase/C18
0.06114586415152295,0.2768147202054888,IK_BITHHVVYSMSWAG-KTKRTIGZSA-N,FFAD 20:1,ST003159,serum,Positive,HILIC
-1.6378987219324215,0.02530330697337259,IK_SNVAIAITQIIEMQ-DUXPYHPUSA-N,Caffeic acid 4-O-sulfate,MTBLS11904,plasma,Positive,Reverse phase/C18
0.2069053315623389,1.0585640918972794,UNKNOWN_ROW__24167579__unknown_73,unknown_73,24167579,serum,Positive,Reverse phase/C18
0.0794598986805236,-0.001177977759997482,IK_OBSIPTVJSOCDLZ-UHFFFAOYSA-N,Hydroxyprolyl-Valine,MTBLS11904,plasma,Negative,Reverse phase/C18
0.08878741664997371,7.636034129270569e-4,IK_SLNYBUIEAMRFSZ-UHFFFAOYSA-N,"2,5,8,11,14-Pentaoxahexadecan-16-ol",MTBLS11904,plasma,Positive,Reverse phase/C18
0.21509252005991375,0.0600571809496823,IK_ICSANXSPLDFBSA-ZUYRUSJRSA-N,Pressinoic acid,MTBLS11904,plasma,Negative,Reverse phase/C18
-0.14477205670123186,-0.39084401618162357,IK_YZNNBIPIQWYLDM-HSUXUTPPSA-N,Fagomine,MTBLS11904,plasma,Positive,Reverse phase/C18
0.1069710902411666,0.05283972991833757,IK_SXSVOVSEOKWUNE-CMDGGOBGSA-N,3-Octenoylcarnitine,MTBLS11904,plasma,Positive,Reverse phase/C18
-0.5317031321660631,0.16007315240333914,IK_NGEWQZIDQIYUNV-UHFFFAOYSA-N,2-Hydroxy-3-methylbutyric acid,ST001814,plasma,Positive,GC-MS
-0.302993622884511,-0.38719875920166,IK_NNNVXFKZMRGJPM-KHPPLWFESA-N,Sapienic acid,MTBLS11904,plasma,Negative,Reverse phase/C18
-0.1079132772549323,-0.37963928203264247,IK_ODBLHEXUDAPZAU-UHFFFAOYSA-N,isocitric acid,38720721,serum,Not reported,Reverse phase/C18
0.018092755450572942,1.0995002056320085,UNKNOWN_ROW__35829770__unknown_435,unknown_435,35829770,plasma,Positive,HILIC
-0.21025824616010974,0.11228896523189018,IK_LSOWKZULVQWMLY-APPDJCNMSA-N,LPC 22:6,38720721,serum,Not reported,Reverse phase/C18
-0.31414501930262195,-0.408065154446568,IK_ZDHCZVWCTKTBRY-UHFFFAOYSA-N,12-Hydroxydodecanoic acid,MTBLS11904,plasma,Positive,Reverse phase/C18
0.05682080149121239,0.05497580258291585,IK_VUWCGGOBVYCOMA-UHFFFAOYSA-N,"3,9-Dimethyl-6-(1-methylethyl)-1,4-dioxaspiro[4.5]decan-2-one",MTBLS11904,plasma,Positive,Reverse phase/C18
0.32045224515344384,-0.5705374951063972,IK_HDFGOPSGAURCEO-UHFFFAOYSA-N,N-ethylmaleimide,MTBLS11904,plasma,Positive,Reverse phase/C18
0.7729952452096582,-1.4329478537400195,IK_WKOLLVMJNQIZCI-UHFFFAOYSA-N,Vanillic acid,38720721,serum,Not reported,Reverse phase/C18
0.12706598736083252,-0.41428883016355333,IK_JHJOJVDYHODVHT-OKPMZCSGSA-N,"PG(20:4(8Z,11Z,14Z,17Z)/20:5(7Z,9Z,11E,13E,17Z)-3OH(5,6,15))",MTBLS11904,plasma,Positive,Reverse phase/C18
0.34371492755102984,0.15920122215842983,IK_FMCBSYMIXJRNHE-QXNXUSMZSA-N,"PE-NMe(20:3(8Z,11Z,14Z)/22:5(7Z,10Z,13Z,16Z,19Z))",MTBLS11904,plasma,Negative,Reverse phase/C18
1.0146718554946468,-0.4639621326117103,IK_IMWZZHHPURKASS-UHFFFAOYSA-N,Metaxalone,MTBLS11904,plasma,Negative,Reverse phase/C18
0.5451295937905624,-0.3775381767571752,IK_ZCTWMWAMUYXALL-WLGWGOQCSA-N,"DG(a-13:0/20:3(8Z,11Z,14Z)-2OH(5,6)/0:0)",MTBLS11904,plasma,Negative,Reverse phase/C18
-8.067443079873799,0.4227443035999989,IK_DCXMBZPFKOPATQ-UHFFFAOYSA-N,Hydroxymethoxyphenylcarboxylic acid-O-sulphate,MTBLS11904,plasma,Negative,Reverse phase/C18
0.10155644801164632,-0.4452793632070085,IK_AERBNCYCJBRYDG-RGBJRUIASA-N,4-hydroxysphinganine,MTBLS11904,plasma,Positive,Reverse phase/C18
2.327893245575043,0.6261640289427084,IK_UGQMRVRMYYASKQ-KQYNXXCUSA-N,Inosine,ST003159,serum,Positive,HILIC
0.6337123220841342,-0.33725902102557603,IK_ZAVFAQIEEDHGRI-JVYSIHAYSA-N,"PE(20:5(5Z,8Z,11Z,14Z,17Z)/18:0)",MTBLS11904,plasma,Positive,Reverse phase/C18
0.030560922832471332,0.9718583521559283,UNKNOWN_ROW__35829770__unknown_324,unknown_324,35829770,plasma,Positive,Reverse phase/C18
1.0187137049870476,5.155705751300637,IK_USYNZBLVOOXNSN-ARRWHRBTSA-N,"(23S)-23,25-dihdroxy-24-oxovitamine D3 23-(beta-glucuronide)",ST003159,serum,Negative,Reverse phase/C18
-0.8000086884151993,-0.29301173778112444,IK_PWAKELUEEHWVFQ-UHFFFAOYSA-L,2-(7'-methylthio)heptylmalate,MTBLS11904,plasma,Positive,Reverse phase/C18
-0.091097361768014945,0.09329265541944985,IK_WGNAKZGUSRVWRH-UHFFFAOYSA-N,p-Cresol sulfate,33485385,plasma,Positive,LC-MS/unspecified
0.6955121242289201,-0.3352132077705314,IK_AZYMCYXTLDIFNX-IRSOEJBUSA-N,"SM(d19:1/20:3(8Z,11Z,14Z)-2OH(5,6))",MTBLS11904,plasma,Negative,Reverse phase/C18
-0.15553027027292465,0.005399013748753704,IK_SKMHHHHLLBKNKR-UHFFFAOYSA-M,Acrylamide-sodium acrylate resin,MTBLS11904,plasma,Negative,Reverse phase/C18
-0.05147100253427857,0.042317268212222356,IK_TTZIHUKKIDPTQT-UHFFFAOYSA-N,"3,3',5,6-Tetrahydroxy-4',7-dimethoxyflavone 3-glucuronide",MTBLS11904,plasma,Negative,Reverse phase/C18
-0.1856972520857622,-0.24157668852085876,IK_QCHPKSFMDHPSNR-UHFFFAOYSA-N,3-Aminoisobutanoic Acid,28880465,serum,Positive,LC-MS/unspecified
-0.03865728820686773,-0.37606612014603946,IK_PBBWIAQSYZNWPA-UHFFFAOYSA-N,(2S)-2-Amino-5-(diaminomethylideneamino)-4-methylpentanoic acid,MTBLS11904,plasma,Positive,Reverse phase/C18
-0.13201745615144533,-0.4103420558390277,IK_PVMBAGXWHHZKFP-JMPJWMFJSA-N,TG 50:4|TG 16:1_16:1_18:2,37755270,serum,Not reported,Reverse phase/C18
0.345640274027175,-0.32307418654029885,IK_HJKVPZJVBHWFCQ-BDXSIMOUSA-N,17-Deoxyestradiol,MTBLS11904,plasma,Negative,Reverse phase/C18
0.12295673747623205,0.1261136581370475,IK_MBMQEIFVQACCCH-XVNBXDOJSA-N,"(S,E)-Zearalenone",MTBLS11904,plasma,Negative,Reverse phase/C18
1.144571945289333,-0.7252024126524048,IK_NSYSSMYQPLSPOD-UHFFFAOYSA-N,4-Hydroxy-6-methyl-2-pyrone,38720721,serum,Not reported,Reverse phase/C18
0.08383335910546705,1.24655223578822,UNKNOWN_ROW__35829770__unknown_283,unknown_283,35829770,plasma,Positive,Reverse phase/C18
-0.01630482473037677,-0.3351278658802299,IK_ONPXCLZMBSJLSP-UHFFFAOYNA-N,Proline-hydroxyproline,35829770,plasma,Positive,HILIC
0.03471700201799241,-0.42477256801531244,IK_DCZDUZNVOVFUCD-HTXNQAPBSA-M,16-feruloyloxypalmitate,MTBLS11904,plasma,Positive,Reverse phase/C18
0.5937720784350644,-0.4127037713639466,IK_LTINZAODLRIQIX-FBXRGJNPSA-N,Cefpodoxime proxetil,MTBLS11904,plasma,Negative,Reverse phase/C18
1.2377205893541567,-1.6539440506115526,IK_GOUHYARYYWKXHS-UHFFFAOYSA-N,Benzaldehyde-4-carboxylic acid,38720721,serum,Not reported,Reverse phase/C18
2.245222823282857,-0.9407795808622434,IK_QIQXTHQIDYTFRH-UHFFFAOYSA-N,Stearic acid,24058461,plasma,Not reported,LC-MS/unspecified
0.20601501786530116,0.9039818785299744,UNKNOWN_ROW__24167579__unknown_79,unknown_79,24167579,serum,Positive,Reverse phase/C18
0.6166858836851644,0.06434704757202062,IK_LSFLNLHTOKKPHT-UHFFFAOYSA-N,"(+)-15,16-Dihydroxyoctadecanoic acid",MTBLS11904,plasma,Positive,Reverse phase/C18
-0.16645236229104005,2.4027406615329885,UNKNOWN_ROW__24167579__unknown_170,unknown_170,24167579,serum,Positive,Reverse phase/C18
0.06552531489515563,1.1440709080710059,UNKNOWN_ROW__35829770__unknown_250,unknown_250,35829770,plasma,Positive,Reverse phase/C18
1.283992675154008,-0.01805279666656348,IK_RJDBNSZFZDWPFL-WEDYNZIRSA-N,2-(?Ã„??-D-Mannosyl)-3-phosphoglycerate,24167579,serum,Positive,Reverse phase/C18
-1.1934050083109276,-0.9134274083374431,IK_BRMWTNUJHUMWMS-LURJTMIESA-N,1-Methylhistidine,MTBLS11904,plasma,Positive,Reverse phase/C18
-0.28176725042082834,-0.9741537453472071,IK_FERIUCNNQQJTOY-UHFFFAOYSA-N,Butyric acid,MTBLS11904,plasma,Negative,Reverse phase/C18
-0.26727385808200543,-1.5071575728778073,IK_KRKNYBCHXYNGOX-UHFFFAOYSA-N,Citric Acid,MTBLS11904,plasma,Negative,Reverse phase/C18
0.04671096021572734,0.07774864302042377,IK_NTVFQBIHLSPEGQ-BUHFOSPRSA-N,"9,10,13-TriHOME",MTBLS11904,plasma,Negative,Reverse phase/C18
0.07829382408180166,-0.463871419046477,IK_SVEBYYWCXTVYCR-LBPRGKRZSA-N,Methyldopate,MTBLS11904,plasma,Positive,Reverse phase/C18
-1.0747243466375074,-0.4048817916337427,IK_IWYDHOAUDWTVEP-UHFFFAOYSA-N,p-Hydroxyphenylacetic acid [+C2H4],28880465,serum,Positive,LC-MS/unspecified
-0.03322163404943295,0.07549457409976867,IK_JCGMJARSAZGXHM-UHFFFAOYSA-N,"3-Hydroxy-6,8-dimethoxy-7(11)-eremophilen-12,8-olide",MTBLS11904,plasma,Negative,Reverse phase/C18
-0.041861110043749365,-1.0513371917413843,IK_SIOXPEMLGUPBBT-UHFFFAOYSA-N,Picolinic Acid,MTBLS11904,plasma,Positive,Reverse phase/C18
-1.0501844982673536,0.10150912191108144,IK_WTJKGGKOPKCXLL-VYOBOKEXSA-N,2-Oleoyl-1-palmitoyl-sn-glycero-3-phosphocholine,38720721,serum,Not reported,Reverse phase/C18
0.33163631245596964,0.08462276737921645,IK_NQDAYVPCMIYPCA-UHFFFAOYSA-N,Simonin V,MTBLS11904,plasma,Positive,Reverse phase/C18
0.11154840388369217,-0.39444412410104596,IK_GNQHFHGLDGEOOU-ZIJFCRNMSA-N,Desoxycortisone acetate,MTBLS11904,plasma,Negative,Reverse phase/C18
-0.23945209386128394,-0.37790290258160514,IK_HQUSKUTUDDZKOD-UTOMUYHSSA-N,Cinncassiol D3,MTBLS11904,plasma,Negative,Reverse phase/C18
0.006187322298129938,-0.3324732117618646,IK_OFOBLEOULBTSOW-UHFFFAOYSA-N,Malonic acid,ST001814,plasma,Positive,GC-MS
-0.06302786629843497,-0.7877378140958025,IK_XSQUKJJJFZCRTK-UHFFFAOYSA-N,Urea,ST001814,plasma,Positive,GC-MS
0.40289513700557156,-0.3054762144868658,IK_OXUGTFWFXADACU-PXNASSMWSA-N,PA(20:0/LTE4),MTBLS11904,plasma,Negative,Reverse phase/C18
-0.12019157117710733,-0.5713878552983995,IK_OSCCDBFHNMXNME-UHFFFAOYSA-N,"(2R,3R,4R)-2-Amino-4-hydroxy-3-methylpentanoic acid",MTBLS11904,plasma,Positive,Reverse phase/C18
-0.18297226185412585,-0.440409177598283,IK_GUBGYTABKSRVRQ-CUHNMECISA-N,Cellobiose,38720721,serum,Not reported,Reverse phase/C18
-0.12503450983356776,-0.02315719793433407,IK_YNNMOGWGBFSMGB-UHFFFAOYSA-N,"2,3-Methyleneglutaric acid",MTBLS11904,plasma,Positive,Reverse phase/C18
-0.29626624092113946,-0.40842073069886925,IK_SWPMTVXRLXPNDP-MRVPVSSYSA-N,(3S)-3-hydroxycyclocitral,MTBLS11904,plasma,Negative,Reverse phase/C18
0.07255676668364874,0.9912317958637598,UNKNOWN_ROW__24167579__unknown_36,unknown_36,24167579,serum,Positive,Reverse phase/C18
0.0586867857893487,0.0653653839327646,IK_IQZZFVDIZRWADY-UHFFFAOYSA-N,Isocoumarin,MTBLS11904,plasma,Negative,Reverse phase/C18
0.07321558973107735,-0.33136956290369024,IK_LJHGATIVGCLEDO-DCLYHHALSA-N,"DG(20:5(7Z,9Z,11E,13E,17Z)-3OH(5,6,15)/0:0/18:0)",MTBLS11904,plasma,Positive,Reverse phase/C18
-0.11083317056898691,-1.6026531584424613,IK_BCDGQXUMWHRQCB-UHFFFAOYSA-N,Aminoacetone,28880465,serum,Positive,LC-MS/unspecified
0.017418489085369283,-0.5279870312945589,IK_QYIYFLOTGYLRGG-GPCCPHFNSA-N,Cefaclor,MTBLS11904,plasma,Negative,Reverse phase/C18
0.01757009224524148,0.9301442009568024,UNKNOWN_ROW__35829770__unknown_282,unknown_282,35829770,plasma,Positive,Reverse phase/C18
-0.5180302738238287,0.0475483965546222,IK_LPIOYESQKJFWPQ-UHFFFAOYSA-N,2-Hydroxydecanedioic acid,MTBLS11904,plasma,Negative,Reverse phase/C18
0.06394718539157018,-0.027529535802109612,IK_CYIQBIVJURIZDH-FEBNUDBRSA-N,Fructose-6-phosphate lactate,MTBLS11904,plasma,Negative,Reverse phase/C18
-0.5052173154228322,0.12375408734429541,IK_KOAPDMKKECXPHX-UHFFFAOYSA-N,Malabaricone B,MTBLS11904,plasma,Negative,Reverse phase/C18
-0.6855923153152086,0.045593554602532387,IK_HKVGJQVJNQRJPO-VTDDDATNSA-N,Demethyloleuropein,MTBLS11904,plasma,Positive,Reverse phase/C18
0.40237399896502435,0.8765775083924705,IK_JJJPNTQYUJPWGQ-UHFFFAOYSA-N,2-(3-Phenylpropyl)pyridine,ST003159,serum,Positive,HILIC
0.28898675768981763,0.087499267227484,IK_PGFGQERXTDRVHO-SVHMSXJUSA-N,Milbemycin beta2,MTBLS11904,plasma,Positive,Reverse phase/C18
0.3311538454330263,-0.42339026039199296,IK_VTXNIAJKDLEHGX-UHFFFAOYSA-N,2-Hydroxyfelbamate,MTBLS11904,plasma,Negative,Reverse phase/C18
-0.06254471553377193,-8.212388702703348e-4,IK_BOEPTPMIIFGHTH-YDFGWWAZSA-N,"Octa-3,5-dienedioylcarnitine",MTBLS11904,plasma,Positive,Reverse phase/C18
-0.09459984470616874,0.08377863277965966,IK_LSOWKZULVQWMLY-APPDJCNMSA-N,LPC 22:6,37755270,serum,Not reported,Reverse phase/C18
0.16710400809603343,0.8907739469185924,UNKNOWN_ROW__24167579__unknown_62,unknown_62,24167579,serum,Positive,Reverse phase/C18
0.028888218265203647,0.9203026633845576,UNKNOWN_ROW__35829770__unknown_240,unknown_240,35829770,plasma,Positive,Reverse phase/C18
-0.5639029012825025,-0.43046839152449606,IK_ZUILKEWVWUKSAO-ZZXKWVIFSA-N,P-coumaroyltriacetic acid lactone,MTBLS11904,plasma,Negative,Reverse phase/C18
-0.3419296451615636,0.06886584613978088,IK_CJUFNYIRKDOQMC-SNVBAGLBSA-N,(S)-9-Hydroxy-10-undecenoic acid,MTBLS11904,plasma,Negative,Reverse phase/C18
0.01115722565988323,-0.5354973731016206,IK_JFCQEDHGNNZCLN-UHFFFAOYSA-N,Glutaric Acid,MTBLS11904,plasma,Negative,Reverse phase/C18
-1.0721463107702018,0.10968203334622438,IK_WRNKIDLXXXIELU-IEBWSBKVSA-N,Indolophenanthridine,MTBLS11904,plasma,Positive,Reverse phase/C18
0.09598869855452666,-0.041822677989874824,IK_VAOOAPRSEDZAEV-JFECCKQBSA-N,Isoscoparin 4'-glucoside,MTBLS11904,plasma,Negative,Reverse phase/C18
0.3383045189333545,-0.5596735474134493,IK_YIQRSAKVWZVLDN-QZTNRIJFSA-N,Fulvic acid,MTBLS11904,plasma,Negative,Reverse phase/C18
0.37235337443543687,-0.40044619863010167,IK_BOTWFXYSPFMFNR-PYDDKJGSSA-N,Phytol,MTBLS11904,plasma,Negative,Reverse phase/C18
0.09031134943066148,-0.35165548773703953,IK_MBWDCAVWOVBITA-RRQLROBKSA-N,"DG(18:3(9,11,15)-OH(13)/0:0/a-15:0)",MTBLS11904,plasma,Positive,Reverse phase/C18
-0.016535895406858042,-0.5909363877487522,IK_ROWKJAVDOGWPAT-UHFFFAOYSA-N,Acetoin,MTBLS11904,plasma,Positive,Reverse phase/C18
-0.6898703408460057,-0.3923639236496359,IK_SPJFYYJXNPEZDW-FTJOPAKQSA-N,LysoPC(18:2),29518718,plasma,Positive,LC-MS/unspecified
-0.021213679540665262,-0.728007148898544,IK_VEVZSMAEJFVWIL-UHFFFAOYSA-O,Cyanidin,35829770,plasma,Positive,HILIC
0.38636872744393824,6.2059662724504,UNKNOWN_ROW__35829770__unknown_227,unknown_227,35829770,plasma,Negative,Reverse phase/C18
-0.10915667283772103,-0.9975734050776205,IK_BMVXCPBXGZKUPN-UHFFFAOYSA-N,1-Hexylamine,35829770,plasma,Positive,HILIC
0.0352758781563796,1.1156871122544978,UNKNOWN_ROW__35829770__unknown_378,unknown_378,35829770,plasma,Positive,HILIC
-0.13935185064928585,0.05927767482964815,IK_WLGDDELKYAWBBL-UHFFFAOYSA-N,9-Oxo-nonanoic acid,MTBLS11904,plasma,Negative,Reverse phase/C18
0.07170693994267376,-0.43433771838384017,IK_YMGUBTXCNDTFJI-UHFFFAOYSA-N,Cyclopropanecarboxylic acid,MTBLS11904,plasma,Negative,Reverse phase/C18
0.12486667872804276,0.08467011924287152,IK_HLAWVOWADPNAGN-BAHZUFOISA-N,"Delta8,14-Sterol",MTBLS11904,plasma,Negative,Reverse phase/C18
0.14243923448327478,-1.0586647575991017,IK_BEJNERDRQOWKJM-UHFFFAOYSA-N,Kojic acid,MTBLS11904,plasma,Positive,Reverse phase/C18
0.12321522308724181,-0.04935823334896777,IK_ODVPGHBKUZXZJN-PWWCDPQYSA-N,Luteolin 3'-(3''-acetylglucuronide),MTBLS11904,plasma,Positive,Reverse phase/C18
-0.303478121596771,2.4500057011382714,UNKNOWN_ROW__24167579__unknown_193,unknown_193,24167579,serum,Positive,Reverse phase/C18
0.2093083770589424,1.0086597887629671,NO_INCHIKEY__sm d15 0 2 0,SM(d15:0/2:0),MTBLS11904,plasma,Positive,Reverse phase/C18
-0.19889314513579034,-0.4436532242289317,IK_HCRKCZRJWPKOAR-JTQLQIEISA-N,Brinzolamide,MTBLS11904,plasma,Negative,Reverse phase/C18
0.16952827365098616,0.08883254724088938,IK_FAYYTQMQTAKHRM-QDVPYJSNSA-N,Varanic acid,MTBLS11904,plasma,Negative,Reverse phase/C18
0.06137149473063253,1.064873432859562,UNKNOWN_ROW__35829770__unknown_348,unknown_348,35829770,plasma,Positive,HILIC
-0.155727897795274,-0.5342029351553701,IK_IANQTJSKSUMEQM-UHFFFAOYSA-N,Benzofuran,MTBLS11904,plasma,Positive,Reverse phase/C18
-0.5094745600603517,-0.4761865075491587,IK_XPQULTFBJPGINB-UHFFFAOYSA-N,5-Ethyl-4-methylthiazole,MTBLS11904,plasma,Positive,Reverse phase/C18
0.8564172849426016,2.397704278226642,UNKNOWN_ROW__24167579__unknown_182,unknown_182,24167579,serum,Positive,Reverse phase/C18
-0.08210900883659977,-0.07612428810508662,IK_JMTMSDXUXJISAY-UHFFFAOYSA-N,4-Hydroxybenzotriazole,MTBLS11904,plasma,Positive,Reverse phase/C18
0.6448110677296982,-0.7555186473329161,IK_RCFDOSNHHZGBOY-ACZMJKKPSA-N,Isoleucyl-Alanine,28880465,serum,Positive,LC-MS/unspecified
0.4124366791020092,-0.40984388300015434,IK_HQRWPYNQQYEQRQ-ORWZVCRDSA-N,Curcumin diglucoside,MTBLS11904,plasma,Negative,Reverse phase/C18
0.8730760811905295,6.9354424773487295,IK_PJZFULXMEGMUDK-QGOAFFKASA-N,4-Phenylbutyl glucosinolate,ST003159,serum,Negative,Reverse phase/C18
0.03892017424097153,1.02553274606561,UNKNOWN_ROW__35829770__unknown_400,unknown_400,35829770,plasma,Positive,HILIC
-0.6774928350644891,-0.4724275541315627,IK_SONNWYBIRXJNDC-VIFPVBQESA-N,phenylephrine,MTBLS11904,plasma,Negative,Reverse phase/C18
0.34787536481641085,-0.5425927453558276,IK_IHCPDBBYTYJYIL-UHFFFAOYSA-N,2-Methylbutyroylcarnitine,29518718,plasma,Positive,LC-MS/unspecified
-0.12426181062686004,-0.4184404731039056,IK_WXAADESEYPIPOB-GLRKTWBISA-N,"PE(14:0/20:5(5Z,8Z,11Z,14Z,17Z))",MTBLS11904,plasma,Positive,Reverse phase/C18
-0.1536838021706159,0.0812554548606663,IK_ATMSEJBABXCWDW-UHFFFAOYSA-N,3-hydroxypentadecanoic acid,MTBLS11904,plasma,Negative,Reverse phase/C18
-0.348005155030372,-0.5703225996639859,IK_KECVAQLNZFMLLN-DUXPYHPUSA-N,2-Chloro-5-methylmaleylacetate,24167579,serum,Positive,Reverse phase/C18
0.02768582037001544,-0.45029660565706847,IK_KMUIHDBETHWZBC-UHFFFAOYSA-N,"N-[2-(2,5-dimethylimidazol-1-yl)ethyl]-1-methylpyrrole-2-carboxamide",MTBLS11904,plasma,Positive,Reverse phase/C18
0.01783472009591272,0.40460604923640897,IK_IOFRHEYTWVCPIG-UHFFFAOYSA-N,"3-Oxa-9-azoniatricyclo[3.3.1.02,4]nonane, 9-ethyl-7-hydroxy-9-methyl-",24167579,serum,Positive,Reverse phase/C18
-0.03951114091087887,-0.5315367120790162,IK_JYGLAHSAISAEAL-UHFFFAOYSA-N,Diphacinone,MTBLS11904,plasma,Positive,Reverse phase/C18
0.6064525115381174,-0.5885658021047508,IK_PRDZVHCOEWJPOB-IVMDWMLBSA-N,N-Sulfo-D-glucosamine,MTBLS11904,plasma,Negative,Reverse phase/C18
0.30441585477082206,-0.5605367592971264,IK_RJPPRBMGVWEZRR-WTZPKTTFSA-N,Palatinose,MTBLS11904,plasma,Negative,Reverse phase/C18
0.0324057930894527,1.1684889304857895,UNKNOWN_ROW__35829770__unknown_277,unknown_277,35829770,plasma,Positive,Reverse phase/C18
-0.12833361961789921,-0.3551749107609592,IK_AFENDNXGAFYKQO-UHFFFAOYSA-N,2-hydroxybutyric acid,ST001814,plasma,Positive,GC-MS
-0.056252176880316244,-0.339728933779679,IK_MGBKJKDRMRAZKC-UHFFFAOYSA-N,"3-Aminobenzene-1,2-diol",35829770,plasma,Positive,HILIC
0.07177539809433546,0.8620660994311604,UNKNOWN_ROW__24167579__unknown_40,unknown_40,24167579,serum,Positive,Reverse phase/C18
0.01891284924440153,-0.8642887660965384,IK_BHQCQFFYRZLCQQ-PGHAKIONSA-N,Allocholic acid,MTBLS11904,plasma,Negative,Reverse phase/C18
0.5124045739167233,-0.3234147158288456,IK_WDNOQSUMHJTAOV-RAUWIWGKSA-N,"PC(20:5(5Z,8Z,11Z,14Z,17Z)/P-18:1(11Z))",MTBLS11904,plasma,Negative,Reverse phase/C18
0.578799817097527,-1.0356720347718167,IK_YJCJVMMDTBEITC-UHFFFAOYSA-N,10-Hydroxydecanoic acid,38720721,serum,Not reported,Reverse phase/C18
0.07728241182744996,1.1289973396177135,UNKNOWN_ROW__35829770__unknown_414,unknown_414,35829770,plasma,Positive,HILIC
0.36216528187996005,-0.4284400612111649,IK_NGPDZEACIWDCKX-WUDKWMPASA-N,Vulgarin,MTBLS11904,plasma,Negative,Reverse phase/C18
-0.15533987453695522,-1.5182273319996036,IK_NQRYJNQNLNOLGT-UHFFFAOYSA-N,Piperidine,MTBLS11904,plasma,Positive,Reverse phase/C18
0.010502188327263066,-0.11447439015737525,IK_NPTOZJLCWXEGKK-UHFFFAOYSA-N,methyl 2-((4-methyl-2-oxo-2H-chromen-7-yl)oxy)propanoate,35829770,plasma,Positive,Reverse phase/C18
-4.126011112218728,-0.7782506407088544,IK_AJOQSQHYDOFIOX-UHFFFAOYSA-N,Pheneturide,MTBLS11904,plasma,Negative,Reverse phase/C18
0.17422565802904316,0.06380522085498021,IK_VACHUYIREGFMSP-IRXDYDNUSA-N,"(9S,10S)-9,10-dihydroxyoctadecanoate",MTBLS11904,plasma,Positive,Reverse phase/C18
0.43038324890570556,0.01658508034038664,IK_KEFJLCGVTHRGAH-UHFFFAOYSA-N,2-Acetyl-5-methylfuran,MTBLS11904,plasma,Negative,Reverse phase/C18
-0.30978850788548457,-1.0363188733873971,IK_JRLGPAXAGHMNOL-LURJTMIESA-N,N2-Acetylornithine,MTBLS11904,plasma,Positive,Reverse phase/C18
0.028487475246228487,0.12841249280354494,IK_UWNSWIXIVDMCHZ-UHFFFAOYSA-N,Mono-isopropyl-disopyramide,MTBLS11904,plasma,Positive,Reverse phase/C18
-0.11274418612623509,2.3753841101841866,UNKNOWN_ROW__24167579__unknown_98,unknown_98,24167579,serum,Positive,Reverse phase/C18
-0.28456537521668557,-0.8664217066915956,IK_QQHJDPROMQRDLA-UHFFFAOYSA-N,Hexadecanedioic acid,MTBLS11904,plasma,Negative,Reverse phase/C18
0.3397190168659719,5.581556754499124,IK_YUFFSWGQGVEMMI-JLNKQSITSA-N,FFA 22:5,ST003159,serum,Negative,Reverse phase/C18
-0.11539631212773947,-0.4092692482253629,IK_RYZWCKUTHDRXFD-FTZNQNEXSA-N,Cer 18:2;2O/24:1,37755270,serum,Not reported,Reverse phase/C18
0.10279420812592766,1.0994831647827978,UNKNOWN_ROW__35829770__unknown_420,unknown_420,35829770,plasma,Positive,HILIC
-2.35161974819464,-1.3437660833750622,IK_HVYWMOMLDIMFJA-DPAQBDIFSA-N,Cholesterol,38720721,serum,Not reported,Reverse phase/C18
0.11524173288169066,-2.6271085814834523e-5,IK_ZXZKYYHTWHJHFT-UHFFFAOYSA-N,"2,8-Quinolinediol",MTBLS11904,plasma,Negative,Reverse phase/C18
-0.061116114159315886,-0.5480583835370137,IK_KDXKERNSBIXSRK-UHFFFAOYSA-N,DL-Lysine,35829770,plasma,Positive,Reverse phase/C18
-1.0774495614356696,-0.7664527621166168,IK_AWDRATDZQPNJFN-VAYUFCLWSA-N,Taurodeoxycholic acid,MTBLS11904,plasma,Positive,Reverse phase/C18
-0.11276158785915996,-0.8329722256943854,IK_DVXZVCNEGRKLMW-RPGUUIFVSA-N,Gymnodimine,MTBLS11904,plasma,Negative,Reverse phase/C18
0.15709295670113446,-0.09626733429748216,IK_QJPWUUJVYOJNMH-UHFFFAOYSA-N,L-3-Aminodihydro-2(3H)-furanone,MTBLS11904,plasma,Negative,Reverse phase/C18
0.0643920939288771,0.06359810788551729,IK_XHMGEKKHSKIGMI-BDBJOHPESA-N,"(11R,12S,13S)-Epoxy-hydroxyoctadeca-cis-9-cis-15-dien-1-oic acid",MTBLS11904,plasma,Negative,Reverse phase/C18
0.20584836544960067,-0.4218361004499291,IK_NIDVTARKFBZMOT-PEBGCTIMSA-N,N-Acetylcytidine,38720721,serum,Not reported,Reverse phase/C18
-0.1089439776113261,2.4167055115817813,UNKNOWN_ROW__24167579__unknown_127,unknown_127,24167579,serum,Positive,Reverse phase/C18
0.043740579549329126,-0.3964498831104706,IK_PNKLMTPXERFKEN-MLXHEQMXSA-N,HT-2 Toxin,MTBLS11904,plasma,Negative,Reverse phase/C18
0.0012275499446453113,2.3486416884980303,UNKNOWN_ROW__24167579__unknown_119,unknown_119,24167579,serum,Positive,Reverse phase/C18
0.08891189903307488,-1.0015885575630559,IK_NQPDZGIKBAWPEJ-UHFFFAOYSA-N,Valeric acid,29518718,plasma,Positive,LC-MS/unspecified
-0.4407553667163206,-0.5459576621571476,IK_HEBKCHPVOIAQTA-QWWZWVQMSA-N,lyxitol,MTBLS11904,plasma,Negative,Reverse phase/C18
-0.12136305564583248,-0.9576106250459723,IK_VQASKUSHBVDKGU-UHFFFAOYSA-N,Paramethadione,MTBLS11904,plasma,Negative,Reverse phase/C18
-0.09416469017264112,-0.6759267402756907,IK_FERIUCNNQQJTOY-UHFFFAOYSA-N,Butyric acid,35829770,plasma,Positive,Reverse phase/C18
0.7739193174413858,-1.0803054599762152,IK_UIKROCXWUNQSPJ-UHFFFAOYNA-N,Cotinine,MTBLS11904,plasma,Positive,Reverse phase/C18
0.1346954366666455,0.004479876580476891,IK_JWDFQMWEFLOOED-UHFFFAOYSA-N,N-Succinimidyl 3-(2-pyridyldithio)propionate,MTBLS11904,plasma,Negative,Reverse phase/C18
-0.15107696611682395,-0.44802824724372103,IK_AEMOLEFTQBMNLQ-AQKNRBDQSA-N,D-Glucuronic Acid,MTBLS11904,plasma,Negative,Reverse phase/C18
0.15165544007633594,-0.0058401106882553875,IK_YOILXOMTHPUMRG-TZMCWYRMSA-N,"(4Ar,10bR)-rel-4-Propyl-2,3,4,4a,5,10b-hexahydrochromeno[4,3-b][1,4]oxazin-9-ol",MTBLS11904,plasma,Positive,Reverse phase/C18
0.09114127597935409,1.3267491208689932,UNKNOWN_ROW__35829770__unknown_255,unknown_255,35829770,plasma,Positive,Reverse phase/C18
-0.00980408655201181,-0.3899387688409089,IK_ASCFNMCAHFUBCO-UHFFFAOYSA-N,Phosphoglycolic acid,MTBLS11904,plasma,Negative,Reverse phase/C18
-0.04223563645308045,-0.007553400063228608,IK_CPXSBHKDEPPWIX-UHFFFAOYSA-N,2-(beta-D-Mannopyranosyl)-L-tryptophan,MTBLS11904,plasma,Negative,Reverse phase/C18
-0.1030807567084118,0.13835028560979032,IK_XUUMFDUVFVNHSM-CMDGGOBGSA-N,"(3b,5a,22E,24S)-Stigmasta-7,22,25-trien-3-ol 3-glucoside",MTBLS11904,plasma,Negative,Reverse phase/C18
0.2935647984787045,-0.4260696575391551,IK_WHEUWNKSCXYKBU-QPWUGHHJSA-N,2-methoxyestrone (2-ME1),37589832,plasma,Not reported,LC-MS/unspecified
0.017348003840569528,-0.4408309496122559,IK_YAADMLWHGMUGQL-VOTSOKGWSA-N,Cinnamoylglycine,MTBLS11904,plasma,Positive,Reverse phase/C18
-0.05658889313787133,-1.418582773413984,IK_ISWSIDIOOBJBQZ-UHFFFAOYSA-N,Phenol,MTBLS11904,plasma,Positive,Reverse phase/C18
-0.05259716745991245,0.11924393477300417,IK_WXHUQVMHWUQNTG-JSWHPQHOSA-N,Alisol A 24-acetate,MTBLS11904,plasma,Negative,Reverse phase/C18
-0.6411152902411491,0.09131353066541129,IK_WSDKRPCAPHRNNZ-MGBGTMOVSA-N,lysoPC a C26:0,34577635,serum,Not reported,LC-MS/unspecified
0.25092311469910267,5.080564811625033,IK_JAZBEHYOTPTENJ-JLNKQSITSA-N,FFA 20:5,ST003159,serum,Negative,Reverse phase/C18
0.6682253720586117,-0.3403593335476498,IK_LJARBVLDSOWRJT-PSXMRANNSA-N,PC(15:0/15:0),MTBLS11904,plasma,Positive,Reverse phase/C18
-0.0736874280563419,-0.8807200254975648,IK_KTJAFMBXBPVGGI-LTEAFHAISA-N,PE 36:3;O|PE 18:2_18:1;O,37755270,serum,Not reported,Reverse phase/C18
-0.1757998826345735,-0.8649010770895437,IK_UGAGPNKCDRTDHP-UHFFFAOYSA-N,"l-dopa (3,4-dihydroxy-l-phenylalanine)",MTBLS11904,plasma,Negative,Reverse phase/C18
0.0685085084712661,1.2228974575076335,UNKNOWN_ROW__35829770__unknown_288,unknown_288,35829770,plasma,Positive,Reverse phase/C18
0.07769128767247542,-0.47928795430791665,IK_GVEZIHKRYBHEFX-NQQPLRFYSA-N,Cerulenin,MTBLS11904,plasma,Positive,Reverse phase/C18
-0.09286975766805897,0.09878321853876262,IK_AEESIZVTDUAOEG-MWQVBOBVSA-N,"Pentadeca-3,6,9-trienedioylcarnitine",MTBLS11904,plasma,Negative,Reverse phase/C18
0.05400965734436667,-0.013321353443088609,IK_WILFXLMJFSKQRP-ZDUSSCGKSA-N,"8,14-Dihydroxyefavirenz",MTBLS11904,plasma,Negative,Reverse phase/C18
0.41978379897972473,-0.08113610809614326,IK_DFSPELNJAJEWOM-UHFFFAOYSA-N,5-hydroxyindole thiazolidine carboxylate,MTBLS11904,plasma,Positive,Reverse phase/C18
-0.2009201133105995,-0.3629469044044159,IK_PPFRJNLKWADOTL-WOGJWQOOSA-N,Dolicholide,MTBLS11904,plasma,Negative,Reverse phase/C18
0.14144254468676684,1.3373165017104502,UNKNOWN_ROW__35829770__unknown_207,unknown_207,35829770,plasma,Negative,Reverse phase/C18
-0.09337298616315572,-1.0221133519326557,IK_KDXKERNSBIXSRK-RXMQYKEDSA-N,D-Lysine,35829770,plasma,Positive,Reverse phase/C18
-0.018805367508205675,0.09478480881934914,IK_OWFJMIVZYSDULZ-PXOLEDIWSA-N,Oxyterracin,MTBLS11904,plasma,Negative,Reverse phase/C18
-0.05592733528091022,0.06719601292363862,IK_XMWINMVFKPHMJB-UHFFFAOYSA-N,"2-Methyl-1,3-cyclohexadiene",MTBLS11904,plasma,Negative,Reverse phase/C18
0.2182813558461067,0.10758459119771416,IK_KHAVLLBUVKBTBG-UHFFFAOYSA-N,9-Decenoic acid,MTBLS11904,plasma,Negative,Reverse phase/C18
0.029374344354995113,-0.4410548492030067,IK_QCYVUUAIJUUUPI-BBVRLYRLSA-N,7-Hydroxy-6-methyl-8-ribityl lumazine,MTBLS11904,plasma,Positive,Reverse phase/C18
0.03974199984904666,0.8968861842439465,UNKNOWN_ROW__35829770__unknown_428,unknown_428,35829770,plasma,Positive,HILIC
-0.1840646825662752,-0.5411202421628933,IK_GAGWJHPBXLXJQN-UORFTKCHSA-N,Capecitabine,24167579,serum,Positive,Reverse phase/C18
0.21200054508292432,0.03746472766990757,IK_SFUVCMKSYKHYLD-FNORWQNLSA-N,Subaphylline,MTBLS11904,plasma,Positive,Reverse phase/C18
0.015264659580627334,0.0278875498354456,IK_ARFRZOLTIRQFCI-NGQYDJQZSA-N,8-O-Acetyl shanzhiside methyl ester,MTBLS11904,plasma,Negative,Reverse phase/C18
-0.1616420817918495,-0.38580171143911896,IK_NIOYUNMRJMEDGI-UHFFFAOYSA-N,Palmitaldehyde,MTBLS11904,plasma,Negative,Reverse phase/C18
0.05214092459554375,0.8740769281373444,UNKNOWN_ROW__24167579__unknown_26,unknown_26,24167579,serum,Positive,Reverse phase/C18
0.04761291583622688,-0.27991097180517877,IK_VYFLJWHRKHRHBR-CGLJIMKOSA-N,"PS(22:1(13Z)/22:6(5Z,8E,10Z,13Z,15E,19Z)-2OH(7S, 17S))",MTBLS11904,plasma,Positive,Reverse phase/C18
0.2961466723438603,-0.47174720984345003,IK_HWDMHJDYMFRXOX-XVFCMESISA-N,"Uridine 2',3'-cyclic phosphate",MTBLS11904,plasma,Negative,Reverse phase/C18
-0.11782088362170764,-0.487075493332014,IK_MVPPADPHJFYWMZ-UHFFFAOYSA-N,Chlorobenzene,MTBLS11904,plasma,Positive,Reverse phase/C18
-0.14907574689009417,-0.6180165614915085,IK_KVBGVZZKJNLNJU-UHFFFAOYSA-M,2-naphthalenesulfonate,38720721,serum,Not reported,Reverse phase/C18
0.1581214176742638,-0.5311486298349984,IK_MZWRIOUCMXPLKV-RFOVXIPZSA-N,16-Dehydropregnenolone acetate,24167579,serum,Positive,Reverse phase/C18
0.1819242186632919,-0.30731931944467095,IK_LJTSIMVOOOLKOL-FNRDIUJOSA-N,Antroquinonol,MTBLS11904,plasma,Positive,Reverse phase/C18
0.0159774428659295,-0.5814125605959928,IK_SZBGXBOFCGNPEU-UHFFFAOYSA-N,5-Aminopentanal,MTBLS11904,plasma,Negative,Reverse phase/C18
0.8566521149299242,-1.0904628916352235,IK_LOIYMIARKYCTBW-OWOJBTEDSA-N,Urocanic acid,MTBLS11904,plasma,Positive,Reverse phase/C18
0.07757082654029504,0.08708199637907604,IK_WMUMZOAFCDOTRW-OVEHVULHSA-N,12alpha-hydroxy-3-oxo-5beta-cholan-24-oic Acid,MTBLS11904,plasma,Negative,Reverse phase/C18
0.04615911801356475,-0.4906835762297075,IK_UEJJHQNACJXSKW-UHFFFAOYSA-N,Thalidomide,MTBLS11904,plasma,Negative,Reverse phase/C18
-0.010847069436088704,0.09876716006751059,IK_JWICNZAGYSIBAR-UHFFFAOYSA-N,Fibrinopeptide A human,MTBLS11904,plasma,Negative,Reverse phase/C18
0.12127225237956048,-0.37197552732972544,IK_VXBLCLVRWCLEOX-BFYSZXNBSA-N,6-Deoxocastasterone,MTBLS11904,plasma,Negative,Reverse phase/C18
0.7072926984421652,0.02360515189488963,IK_SPJAGILXQBHHSZ-UHFFFAOYSA-N,5-Benzylacyclouridine,MTBLS11904,plasma,Negative,Reverse phase/C18
-0.3825930240466742,0.13887379698622102,IK_YACHGFWEQXFSBS-XYERBDPFSA-N,Leptomycin B,MTBLS11904,plasma,Negative,Reverse phase/C18
-0.15726724082124705,0.1402825366492489,IK_METKIMKYRPQLGS-UHFFFAOYSA-N,Atenolol,24167579,serum,Positive,Reverse phase/C18
0.26976540762919854,-0.9264854814029331,IK_KXSPLNAXPMVUEC-NCOIDOBVSA-N,Uridine - H2O,28880465,serum,Positive,LC-MS/unspecified
0.4738440753371145,0.007133408669751634,IK_RZGFUGXQKMEMOO-SZXTZRQCSA-N,7-Epi-12-hydroxyjasmonic acid,MTBLS11904,plasma,Positive,Reverse phase/C18
0.6364851532960549,0.052707062251123954,IK_KUHFPGIVBOCRMV-MNXVOIDGSA-N,Ile Gln Leu,MTBLS11904,plasma,Positive,Reverse phase/C18
-0.03721720414808907,0.09641328198795128,IK_BMUFUJMVNODTAD-UHFFFAOYSA-N,4-Fluoro-2-(trifluoromethyl)phenylacetic acid,MTBLS11904,plasma,Negative,Reverse phase/C18
2.4328909780282735,-1.5228429987625949,IK_VJSBNBBOSZJDKB-KPEYJIHVSA-N,C24:1 ceramide,24058461,plasma,Not reported,LC-MS/unspecified
0.1592605774899335,-0.3977953151766327,IK_DTOSIQBPPRVQHS-PDBXOOCHSA-N,Linolenic Acid,MTBLS11904,plasma,Positive,Reverse phase/C18
-0.08134440719107819,-0.717519044618672,IK_DPBWFNDFMCCGGJ-UHFFFAOYSA-N,4-Piperidinecarboxamide,35829770,plasma,Positive,HILIC
0.07856100481266085,0.08718541732884727,IK_GNWBLLYJQXKPIP-ZOGIJGBBSA-N,"17-N,N-Diethylcarbamoyl-4-methyl-4-azaandrostane-3-one",MTBLS11904,plasma,Positive,Reverse phase/C18
0.5878450550114613,0.1155883067303498,IK_ZTZQZGHJLWFLFQ-VZBWJDOASA-N,"PE(P-18:0/20:4(8Z,11Z,14Z,17Z))",MTBLS11904,plasma,Positive,Reverse phase/C18
0.14036283927431276,-0.36733321143915787,IK_YYELLDKEOUKVIQ-UHFFFAOYSA-N,Octaethyleneglycol monododecyl ether,MTBLS11904,plasma,Positive,Reverse phase/C18
-0.3898470986764393,-0.05929771197174831,IK_GIUIHRRGPBPUAO-UHFFFAOYSA-N,Fenuron or kynuramine,24167579,serum,Positive,Reverse phase/C18
-0.17017859892061374,0.12052643427792002,IK_MSUMOHDXPKCNSB-CUOJZFFHSA-N,"11beta-Hydroxy-3,20-dioxopregn-4-en-21-oic acid",MTBLS11904,plasma,Negative,Reverse phase/C18
-0.4820320451811401,-0.033555203605086535,IK_KWBQPGIYEZKDEG-FSPLSTOPSA-N,Asparaginyl-Valine,MTBLS11904,plasma,Negative,Reverse phase/C18
0.0011399095421588759,0.04237629447339705,IK_OLBNOBQOQZRLMP-UHFFFAOYSA-N,"2,6-Dimethoxy-1,4-benzoquinone",MTBLS11904,plasma,Positive,Reverse phase/C18
0.008992097323092998,-0.0686169663798309,IK_UEFRDQSMQXDWTO-YGPZHTELSA-N,(R)-3-hydroxybutyrylcarnitine,MTBLS11904,plasma,Positive,Reverse phase/C18
0.08741247050826091,-0.3437518992462646,IK_MPSATYYKSWVJNQ-NSZXNXEKSA-N,PA(6 keto-PGF1alpha/14:1(9Z)),MTBLS11904,plasma,Positive,Reverse phase/C18
0.20085227709445275,0.01452421559496499,IK_SXGAGTVDWKQYCX-BQBZGAKWSA-N,Glutamylmethionine,MTBLS11904,plasma,Negative,Reverse phase/C18
0.013252194001512937,-0.5531611448362556,IK_ZCSFFBZXCQGHRG-UHFFFAOYSA-N,polyphenolic compound,24167579,serum,Positive,Reverse phase/C18
0.16067145576830566,0.37149401440563207,NO_INCHIKEY__flower extract,flower extract,24167579,serum,Positive,Reverse phase/C18
1.5360481782493995,0.2561048613266902,IK_IXELFRRANAOWSF-FNORWQNLSA-N,Ajoene,ST003159,serum,Negative,Reverse phase/C18
-0.6400803005675488,-0.4324982796934512,IK_ZFRKQXVRDFCRJG-UHFFFAOYSA-N,3-Methylindole,MTBLS11904,plasma,Negative,Reverse phase/C18
0.19127126313163828,3.646575047265617,UNKNOWN_ROW__35829770__unknown_331,unknown_331,35829770,plasma,Positive,Reverse phase/C18
0.28557963734425773,0.12125147563965002,IK_ASWBNKHCZGQVJV-HSZRJFAPSA-N,LysoPC(16:0),MTBLS11904,plasma,Positive,Reverse phase/C18
0.06277618144228647,1.124400882644572,UNKNOWN_ROW__35829770__unknown_373,unknown_373,35829770,plasma,Positive,HILIC
-0.03126016126351986,-0.43678889276933275,IK_CFSOJZTUTOQNIA-UHFFFAOYSA-N,"Ethyl 8-azido-5-methyl-6-oxo-4H-imidazo[1,5-a][1,4]benzodiazepine-3-carboxylate",MTBLS11904,plasma,Positive,Reverse phase/C18
0.2800938479660516,-0.09449985158126475,IK_YFMPSMITLLBENU-UHFFFAOYSA-N,"3,4-Dihydroxybenzylamine",24167579,serum,Positive,Reverse phase/C18
0.6322472128447321,-0.5897165203486873,IK_LXNHXLLTXMVWPM-UHFFFAOYSA-N,Pyridoxine,MTBLS11904,plasma,Positive,Reverse phase/C18
0.017772113045631747,0.8464910881557378,UNKNOWN_ROW__24167579__unknown_5,unknown_5,24167579,serum,Positive,Reverse phase/C18
-0.0955318104790177,-0.4919159849381025,IK_OSWPMRLSEDHDFF-UHFFFAOYSA-N,Methyl Salicylate,MTBLS11904,plasma,Negative,Reverse phase/C18
0.3898616049173424,-0.34684111989718663,IK_YEHAZLUVAZKVRO-PDWSRYNESA-N,"PE(18:0/20:4(8Z,11Z,14Z,17Z))",MTBLS11904,plasma,Positive,Reverse phase/C18
0.48203684090633564,-0.4269218803551871,IK_CZZZOTXCAIDYOZ-UHFFFAOYSA-N,Koenigine,MTBLS11904,plasma,Positive,Reverse phase/C18
-0.04776761559913191,-0.4049812310733871,IK_OENIAPNUBVAGPG-YKEUAMLNSA-N,"PE(20:4(8Z,11Z,14Z,17Z)-2OH(5S,6R)/DiMe(13,5))",MTBLS11904,plasma,Positive,Reverse phase/C18
-0.02691760171635553,-0.40659714599627395,IK_JQVDAXLFBXTEQA-UHFFFAOYSA-N,Dibutylamine,MTBLS11904,plasma,Positive,Reverse phase/C18
-0.12097749686271116,-0.40094247788593895,IK_IKXILDNPCZPPRV-RFMGOVQKSA-N,Drostanolone,MTBLS11904,plasma,Negative,Reverse phase/C18
1.3883380540999843,7.0217115230094835,IK_KOCKWDDTAHPJSX-UHFFFAOYSA-N,Hexacosanoyl carnitine,ST003159,serum,Negative,Reverse phase/C18
0.3385802771390956,0.17036507514075094,IK_PGFGQDBBWSVMED-AVQMFFATSA-N,N-Linoleoyl Histidine,MTBLS11904,plasma,Negative,Reverse phase/C18
0.18980435915201108,0.025434442401045892,IK_OZIOWHWTZWIMCZ-MPUPURDASA-N,Blood group B trisaccharide,MTBLS11904,plasma,Negative,Reverse phase/C18
1.6476746785830212,8.793776503148734,UNKNOWN_ROW__24167579__unknown_105,unknown_105,24167579,serum,Positive,Reverse phase/C18
0.0026185587076492886,-0.4223372979934931,IK_VHVOLFRBFDOUSH-NSCUHMNNSA-N,ISOSAFROLE,MTBLS11904,plasma,Negative,Reverse phase/C18
0.4240632722414417,-0.48937831751022914,IK_CZWCKYRVOZZJNM-USOAJAOKSA-N,dehydroepiandrosterone sulfate,37755270,serum,Not reported,Reverse phase/C18
0.07605461386731438,0.8922788604203341,UNKNOWN_ROW__35829770__unknown_424,unknown_424,35829770,plasma,Positive,HILIC
-0.005104120927298817,-0.3470390563405971,IK_JEVKBGCAIMLFMA-KZXHGTAESA-N,"PC(2:0/20:5(7Z,9Z,11E,13E,17Z)-3OH(5,6,15))",MTBLS11904,plasma,Positive,Reverse phase/C18
0.3844709247137355,-0.345322937203907,IK_OJMNTWPPFNMOCJ-CFOLLTDRSA-M,"Cefamandole sodium; alpha,beta-Dihydroxyethyl-TPP; Chloramphenicol Monoglucuronide",24167579,serum,Positive,Reverse phase/C18
0.2387551731580707,-0.419826226967833,IK_CUZKLRTTYZOCSD-CIUDSAMLSA-N,2'-Deoxymugineic acid,MTBLS11904,plasma,Negative,Reverse phase/C18
-0.19829430690481525,-0.4921569355163074,IK_LOHIEGDVOARVPJ-NSCUHMNNSA-N,Xenognosin A,MTBLS11904,plasma,Negative,Reverse phase/C18
0.18143388957265827,0.06656274740472923,IK_WVTMNZAPPOMZST-JZCVQVRRSA-N,11-Hydroxyprogesterone 11-glucuronide,MTBLS11904,plasma,Positive,Reverse phase/C18
-0.24720332676547518,-0.8841118243840836,IK_GOLXRNDWAUTYKT-UHFFFAOYSA-N,3-Indolepropionic acid,MTBLS11904,plasma,Positive,Reverse phase/C18
-0.12261201064163738,-1.0340636168516517,IK_ZWEHNKRNPOVVGH-UHFFFAOYSA-N,Methyl ethyl ketone,35829770,plasma,Positive,HILIC
0.4353020628645542,-0.33112797274793127,IK_NDEFPWCNVUSOMM-ARZPVTGOSA-N,"PC(P-18:1(11Z)/20:4(5Z,8Z,11Z,14Z)-OH(20))",MTBLS11904,plasma,Positive,Reverse phase/C18
-0.31969851344468386,-0.40097030416821766,IK_RSMGIILCLKIXNG-JASYKLOUSA-N,TG 46:3 Isomer A,37755270,serum,Not reported,Reverse phase/C18
-0.25472205865698727,-0.32855565087345034,IK_RRMWQDBJZKKUGJ-HZNABPJSSA-N,"DG(18:4(6Z,9Z,12Z,15Z)/20:3(8Z,11Z,14Z)/0:0)",MTBLS11904,plasma,Positive,Reverse phase/C18
0.3279906380105741,-0.4358545412548347,IK_QPXTXCACGFCAKL-HNHHUQGDSA-N,Ganglioside GT3 (d18:1/26:1(17Z)),MTBLS11904,plasma,Positive,Reverse phase/C18
0.17318316007589016,-0.374718713020574,IK_DWHIUNMOTRUVPG-UHFFFAOYSA-N,Heptaethylene glycol monododecyl ether,MTBLS11904,plasma,Positive,Reverse phase/C18
0.13234367340720563,-0.016698537288858957,IK_SXOUIMVOMIGLHO-AATRIKPKSA-N,Indoleacrylic acid,MTBLS11904,plasma,Negative,Reverse phase/C18
-7.1261372567769135,0.3207521628991214,IK_QQOGTJREOAHYMT-UHFFFAOYSA-N,Resorcinol sulfate,MTBLS11904,plasma,Negative,Reverse phase/C18
-0.0011785567540530915,-0.44316086862287674,IK_CXWXQJXEFPUFDZ-UHFFFAOYSA-N,Tetralin,MTBLS11904,plasma,Positive,Reverse phase/C18
-0.6819116480235451,0.025408674008508065,IK_ODHCTXKNWHHXJC-GSVOUGTGSA-N,(R)-(+)-2-Pyrrolidone-5-carboxylic acid,MTBLS11904,plasma,Positive,Reverse phase/C18
0.046381920552664394,-0.3780058283720503,IK_UCYPOAPUDLUXQX-VXOKBQSKSA-N,"MG(22:2(13Z,16Z)/0:0/0:0)",MTBLS11904,plasma,Negative,Reverse phase/C18
0.08091017662787946,0.07851021348615496,IK_FPPVBAMKHUAIOP-OYQCQVHHSA-N,4'-Hydroxyfenoprofen glucuronide,MTBLS11904,plasma,Negative,Reverse phase/C18
0.36341883468132513,-0.1170655694170841,IK_CCAIIPMIAFGKSI-DMTCNVIQSA-N,N-Methyl-L-Threonine,MTBLS11904,plasma,Positive,Reverse phase/C18
0.07976929161587983,-0.44123069485040084,IK_CAHPJJJZLQXPKS-UHFFFAOYSA-N,Alpha-Methyl-m-tyrosine,MTBLS11904,plasma,Negative,Reverse phase/C18
0.0710650223052081,0.010191161189887504,IK_YNXICDMQCQPQEW-UHFFFAOYSA-N,1-Naphthyl phosphate,MTBLS11904,plasma,Negative,Reverse phase/C18
0.06722953343622898,0.008863055500844281,IK_IXORZMNAPKEEDV-UHFFFAOYSA-N,Gibberellins,MTBLS11904,plasma,Positive,Reverse phase/C18
-1.5388058929655275,0.1970676415593046,IK_HSMHKPFJPOTDCW-MFDWXRHISA-N,Vitamin D3 glucosiduronate,MTBLS11904,plasma,Negative,Reverse phase/C18
0.8637336211503307,-0.35725194470933763,IK_VIVOIHQVZSMABQ-OWRFCLNLSA-N,"PE(18:3(9Z,12Z,15Z)/18:2(9Z,12Z))",MTBLS11904,plasma,Negative,Reverse phase/C18
-0.5781470742699167,-0.3898504747089527,IK_FZAYDNUFXQMOCM-SSTSLOEUSA-N,PA(18:2/15:0),29518718,plasma,Positive,LC-MS/unspecified
-1.0605072718239517,0.03263954939839823,IK_NGBBVGZWCFBOGO-UHFFFAOYSA-N,"3,4-Methylenedioxyamphetamine",MTBLS11904,plasma,Negative,Reverse phase/C18
0.05930164526200691,-0.3454596382535088,IK_FERDPPIQANTDTF-VHDCWOTASA-N,"DG(14:1(9Z)/20:5(5Z,8Z,11Z,14Z,17Z)/0:0)",MTBLS11904,plasma,Positive,Reverse phase/C18
-0.8554744325338723,0.680460705182352,IK_HTZINLFNXLXRBC-CQLBIITFSA-N,PC(P-16:0/0:0),ST003159,serum,Positive,HILIC
-0.2856677417563005,-0.369529275296546,IK_SCULJPGYOQQXTK-OLRINKBESA-N,Cinobufagin,MTBLS11904,plasma,Positive,Reverse phase/C18
0.210003031164875,-0.4348696309169862,IK_KGPNNIOVWVIXOR-UHFFFAOYSA-N,3-Methylbut-2-enoylcarnitine,MTBLS11904,plasma,Positive,Reverse phase/C18
0.15681902676992235,0.05200435138596888,IK_NPDLYUOYAGBHFB-WDSKDSINSA-N,Asparaginylarginine,MTBLS11904,plasma,Positive,Reverse phase/C18
0.43081999203868643,-0.48315118918963484,IK_JMCOUWKXLXDERB-WMZOPIPTSA-N,Phe-Trp,38720721,serum,Not reported,Reverse phase/C18
-0.01748896220980038,-0.7429403024512804,IK_OQDPVLVUJFGPGQ-UHFFFAOYSA-N,Piribedil,35829770,plasma,Positive,Reverse phase/C18
-0.21833345828555434,-0.4208149225666433,IK_JUAPMRSLDANLAS-HOTGVXAUSA-N,Phe Phe,MTBLS11904,plasma,Positive,Reverse phase/C18
-0.1560803776783635,0.011337172255971141,IK_DQBQWWSFRPLIAX-UHFFFAOYSA-N,"5-Acetyl-3,4-dihydro-2H-pyrrole",MTBLS11904,plasma,Negative,Reverse phase/C18
-0.22942927458071855,-0.07044644446021402,IK_SWTKBYSXMULFHZ-SMILAEQMSA-N,Delta-Hydroxylysylnorleucine,MTBLS11904,plasma,Positive,Reverse phase/C18
-3.8719282165164888,0.20065380424255952,IK_BPHPUYQFMNQIOC-NXRLNHOXSA-N,Isopropyl-beta-D-thiogalactopyranoside,MTBLS11904,plasma,Negative,Reverse phase/C18
0.07559363615545939,-0.09129253354445976,IK_MCFZBCCYOPSZLG-UHFFFAOYSA-N,"2-Cyclopentene-1,4-dione",MTBLS11904,plasma,Positive,Reverse phase/C18
-0.07173307628488532,-0.8165249380674785,IK_JDHILDINMRGULE-UHFFFAOYNA-N,3-Methylhistidine,35829770,plasma,Positive,HILIC
-0.4772926646150016,0.03734122333161705,IK_FFVIWPKOCWPZMF-UHFFFAOYSA-N,3-methylheptanedioylcarnitine,MTBLS11904,plasma,Positive,Reverse phase/C18
-0.08447846346368572,0.04861411977841491,IK_ZHQJVZLJDXWFFX-RPDRRWSUSA-N,4a-Carbinolamine tetrahydrobiopterin,MTBLS11904,plasma,Negative,Reverse phase/C18
1.5144821467140968,0.10437484176807875,IK_GMBQZIIUCVWOCD-WWASVFFGSA-N,tryptamine (3-(2-aminoethyl)indole),38516193,plasma,Positive,LC-MS/unspecified
0.2532640907340446,3.1920370167037198,IK_XUYPXLNMDZIRQH-LURJTMIESA-N,N-Acetyl-L-methionine,ST003159,serum,Positive,HILIC
-0.026702100742382637,-0.0034256130101730274,IK_RHYWBMKYLKNBET-UHFFFAOYSA-N,"Thiazole, 4,5-dihydro-2,4,4-trimethyl-",MTBLS11904,plasma,Positive,Reverse phase/C18
0.09481125356657057,0.046950893961027494,IK_MNBHSIWWHUIFNM-UHFFFAOYSA-N,6-Hydroxyoctanoylcarnitine,MTBLS11904,plasma,Positive,Reverse phase/C18
-0.23953949347981007,-0.5066883162753976,IK_IVOMOUWHDPKRLL-KQYNXXCUSA-N,"3',5'-Cyclic AMP",MTBLS11904,plasma,Negative,Reverse phase/C18
-0.18432773165425542,0.11060111804323451,IK_ZBAYEKZBNZHVGF-ZAQYYTCTSA-N,"(7Z,9Z,12Z,15Z,18Z,21Z)-Tetracosa-7,9,12,15,18,21-hexaenoylcarnitine",MTBLS11904,plasma,Negative,Reverse phase/C18
0.06007698841514986,-0.4776611885381438,IK_UTSVPXMQSFGQTM-DCXZOGHSSA-N,Sterigmatocystin,MTBLS11904,plasma,Positive,Reverse phase/C18
0.6216969214013126,-0.34101682692256857,IK_AEAMHDRXCYEOCU-HTDYWKJCSA-N,PC(18:0/18:1(11Z)),MTBLS11904,plasma,Positive,Reverse phase/C18
-0.020691763998666218,-0.04559484596831162,IK_ILGMGHZPXRDCCS-UHFFFAOYSA-N,"(2-oxo-2,3-Dihydro-1H-Indol-3-yl)acetic Acid",MTBLS11904,plasma,Positive,Reverse phase/C18
-0.7895703764389571,-0.9141114778281754,IK_QIAFMBKCNZACKA-UHFFFAOYSA-N,Hippuric acid,MTBLS11904,plasma,Positive,Reverse phase/C18
0.46236893559692455,5.287580234454902,IK_MBMBGCFOFBJSGT-KUBAVDMBSA-N,Docosahexaenoic Acid,ST003159,serum,Negative,Reverse phase/C18
-0.02993648215093492,-0.7388277492265598,IK_YKJYKKNCCRKFSL-RDBSUJKOSA-N,Anisomycin,35829770,plasma,Positive,Reverse phase/C18
0.14837033225485513,-0.0032409507900689376,IK_GFZHNFOGCMEYTA-UHFFFAOYSA-N,Gabazine,MTBLS11904,plasma,Negative,Reverse phase/C18
-0.15265365788176566,-0.47421481832682544,IK_KEECCEWTUVWFCV-UHFFFAOYSA-N,N-Acetylprocainamide,MTBLS11904,plasma,Negative,Reverse phase/C18
0.6272844069858307,2.1075305444212207,UNKNOWN_ROW__24167579__unknown_88,unknown_88,24167579,serum,Positive,Reverse phase/C18
0.1273619414351268,0.0043021769360343555,IK_PIXFHVWJOVNKQK-CJWOFWMHSA-N,11-Hydroxyandrosterone,MTBLS11904,plasma,Positive,Reverse phase/C18
0.06476188486128974,0.8599556987931721,UNKNOWN_ROW__24167579__unknown_37,unknown_37,24167579,serum,Positive,Reverse phase/C18
-0.17858374531134275,-0.35754444254982237,IK_XBGIMYLOTRDXPK-AGXIJRPPSA-N,PC(17:1/0:0),MTBLS11904,plasma,Positive,Reverse phase/C18
0.026015596244832732,0.10852451693303342,IK_BUTLOLBCWDNVGA-UHFFFAOYSA-N,Physapruin B,MTBLS11904,plasma,Negative,Reverse phase/C18
-0.11020243729863928,-0.37780302054213644,IK_KJHYUSLWTPMFTN-AQWUKCDYSA-N,MG(18:1(11Z)/0:0/0:0),MTBLS11904,plasma,Positive,Reverse phase/C18
0.08988187659722738,1.0900206284171303,UNKNOWN_ROW__35829770__unknown_447,unknown_447,35829770,plasma,Positive,HILIC
-0.02566354110086952,-0.41713419378462685,IK_HEUQYIQQCNOXOG-UHFFFAOYSA-N,N-Undecanoylglycine,MTBLS11904,plasma,Positive,Reverse phase/C18
-0.13953988820506777,0.1085887489771236,IK_IXVMHGVQKLDRKH-QHBHMFGVSA-N,24-Epibrassinolide,MTBLS11904,plasma,Negative,Reverse phase/C18
-0.06271919186737929,-0.3625335116339875,IK_KHYYDOVNIFQNTL-DXKRBAIRSA-N,"MG(20:3(6,8,11)-OH(5)/0:0/0:0)",MTBLS11904,plasma,Negative,Reverse phase/C18
-0.572395536546259,0.06103177103572182,IK_DHUAGGSHTKPOHU-UHFFFAOYSA-N,"3,4-Dihydro-9-hydroxy-[1]benzothieno[2,3-f]-1,4-thiazepin-5(2H)-one",MTBLS11904,plasma,Negative,Reverse phase/C18
0.006455166127038204,-0.3941989685560323,IK_KJPVZTMEFPUZPC-UYQAEJRRSA-N,"SM(d20:1/22:6(5Z,7Z,10Z,13Z,16Z,19Z)-OH(4))",MTBLS11904,plasma,Positive,Reverse phase/C18
-0.23708513169626869,-0.3797899713593586,IK_IJPNDQQOKFKBRG-ZPZYUIKSSA-N,Cinncassiol C3,MTBLS11904,plasma,Negative,Reverse phase/C18
-0.3952839873386565,-0.04006754388311136,IK_IWJBVMJWSPZNJH-UQGZVRACSA-N,ethyl-beta-glucuronide,38720721,serum,Not reported,Reverse phase/C18
0.6415351474212234,-1.578696982876295,IK_YKFLAYDHMOASIY-UHFFFAOYSA-N,GAMMA-TERPINENE,38516193,plasma,Positive,LC-MS/unspecified
-0.00465360833424185,-0.4805891791716908,IK_JWBXCSQZLLIOCI-GUBZILKMSA-N,Isoleucyl-Leucine,MTBLS11904,plasma,Negative,Reverse phase/C18
0.02480072326584564,-0.5154635749484223,IK_DLRVVLDZNNYCBX-CQUJWQHSSA-N,?-Gentiobiose,35829770,plasma,Positive,Reverse phase/C18
-0.11424468215852787,2.3964120228215697,UNKNOWN_ROW__24167579__unknown_100,unknown_100,24167579,serum,Positive,Reverse phase/C18
0.08690635797367789,-0.3809363222258607,IK_GYJSAWZGYQXRBS-GRJZKGIBSA-N,"3beta,7alpha-Dihydroxy-5-cholestenoate",MTBLS11904,plasma,Negative,Reverse phase/C18
-0.18962299985338535,-0.06234300584629403,IK_NJCXGFKPQSFZIB-RRKCRQDMSA-N,5-Chloro-2'-deoxyuridine,MTBLS11904,plasma,Negative,Reverse phase/C18
0.07784172856228394,0.03041950866292029,IK_DNGCQXLPUZWYNB-UHFFFAOYSA-N,Trisjuglone,MTBLS11904,plasma,Negative,Reverse phase/C18
0.2481549085328447,0.06149781080108276,IK_WRADPCFZZWXOTI-BMRADRMJSA-N,(9E)-10-nitrooctadecenoic Acid,MTBLS11904,plasma,Positive,Reverse phase/C18
-0.5358376656035168,0.013889424514454829,IK_RXNXODTWPQTIHO-ZETCQYMHSA-N,N-(2-Cyanoethyl)valine,MTBLS11904,plasma,Positive,Reverse phase/C18
-0.6712542764585916,-0.022317979157799782,IK_SECPZKHBENQXJG-FPLPWBNLSA-N,Palmitoleic acid,ST001814,plasma,Positive,GC-MS
-0.35785179300197895,0.12547776977815345,IK_OUKDNADVOQVFAR-NBTXLFQMSA-N,TG 44:1,37755270,serum,Not reported,Reverse phase/C18
0.19396898388224076,-0.29510746636963714,IK_GXQHCJRGIJYVTF-TWHMOVIGSA-N,"PS(20:0/20:3(8Z,11Z,14Z)-2OH(5,6))",MTBLS11904,plasma,Negative,Reverse phase/C18
0.46627402913397575,-0.3484614170871951,IK_RVOLLAQWKVFTGE-UHFFFAOYSA-N,Pyridostigmine,24167579,serum,Positive,Reverse phase/C18
0.2983827414603912,-0.4225964209011617,IK_GIPZQCAVEQRWOM-IKJFKDIMSA-N,PC aa C38:1,34577635,serum,Not reported,LC-MS/unspecified
0.40048082195443313,-0.11610755143773065,IK_IVEOBKYBCRMTLK-ZPMDXPHCSA-N,FFA 20:3,33485385,plasma,Negative,LC-MS/unspecified
-0.6835243550859442,5.472243074081067,NO_INCHIKEY__lpa 0 018 1 9z lpa 18 1 9z 0 0 dhap 18 0 3,LPA(0:018:1(9Z)); LPA(18:1(9Z)0:0); DHAP(18:0)3,ST003159,serum,Negative,Reverse phase/C18
0.8990069698485251,0.4531090024611136,NO_INCHIKEY__possible prenol lipid,Possible prenol lipid,24167579,serum,Positive,Reverse phase/C18
-0.01615688974803067,-0.9462582743654323,IK_LYRFLYHAGKPMFH-UHFFFAOYSA-N,Octadecanamide,MTBLS11904,plasma,Positive,Reverse phase/C18
-0.08573695216122257,2.415464124548173,UNKNOWN_ROW__24167579__unknown_124,unknown_124,24167579,serum,Positive,Reverse phase/C18
-0.009911340732457405,-0.07809484536354581,IK_ADHNYKZHPOEULM-BQBZGAKWSA-N,Met-Glu,MTBLS11904,plasma,Negative,Reverse phase/C18
0.0672795879141888,1.270197625415048,IK_ASWBNKHCZGQVJV-HSZRJFAPSA-N,LysoPC(16:0),ST003159,serum,Positive,HILIC
0.558767016755652,-0.3471097839419065,IK_DLZPSAPMHALIOA-YNCVDBFYSA-N,GPCho(20:0/18:3),MTBLS11904,plasma,Positive,Reverse phase/C18
0.13881894681242174,0.05869697135359172,IK_GBNPCIWXLWZJGA-IGBSIYCFSA-N,PC ae C38:4,34577635,serum,Not reported,LC-MS/unspecified
0.8379273814960908,-0.42162576784410494,IK_OPQNCARIZFLNLF-JBHFWYGFSA-N,Ansamitocin P-3,MTBLS11904,plasma,Negative,Reverse phase/C18
0.2712779890295483,0.07264783011338981,IK_FGMAOXGOTRUOKJ-UHFFFAOYSA-N,"2-Cyclohexen-1-one, 3-(15-hydroxypentadecyl)-2,4,4-trimethyl-",MTBLS11904,plasma,Positive,Reverse phase/C18
-0.11563242164821222,-0.42733535819634993,IK_GLACGTLACKLUJX-QNAXTHAFSA-N,Agnuside,24167579,serum,Positive,Reverse phase/C18
-0.35892113288646366,-0.5115867204449246,IK_IPCSVZSSVZVIGE-UHFFFAOYSA-N,Palmitic acid,ST001814,plasma,Positive,GC-MS
0.06693246482146477,0.0030914589442959926,IK_HNGIZKAMDMBRKJ-LBPRGKRZSA-N,ACETYLTRYPTOPHANAMIDE,MTBLS11904,plasma,Positive,Reverse phase/C18
-0.22943654707274758,-0.8382383003544432,IK_XBSQTYHEGZTYJE-OETIFKLTSA-N,Lithocholic acid glycine conjugate,MTBLS11904,plasma,Negative,Reverse phase/C18
0.061297580058898155,-0.009567220445550043,IK_JXZJRYDTSDCGLO-UHFFFAOYSA-N,Alpha-Furyl methyl diketone,MTBLS11904,plasma,Negative,Reverse phase/C18
-0.36438118443977263,-0.4624329112560738,IK_UILPJVPSNHJFIK-UHFFFAOYSA-N,Paeonol,MTBLS11904,plasma,Negative,Reverse phase/C18
0.7917267066674222,-0.9175622277148471,IK_MXXWOMGUGJBKIW-YPCIICBESA-N,Piperine,MTBLS11904,plasma,Positive,Reverse phase/C18
0.2227638732717481,-0.3571297618193063,IK_AIUFHSHETJXZFR-ATCSHJOVSA-N,"DG(18:3(9,11,15)-OH(13)/i-15:0/0:0)",MTBLS11904,plasma,Negative,Reverse phase/C18
0.3361987913537296,7.004867056712675,NO_INCHIKEY__ffa 18 2,FFA 18:2,ST003159,serum,Negative,Reverse phase/C18
-0.29018860904870114,-0.7400169199922547,IK_LOIYMIARKYCTBW-OWOJBTEDSA-N,Urocanic acid,28880465,serum,Positive,LC-MS/unspecified
-0.9005654222230306,0.3654899535653393,IK_VQZRLBWPEHFGCD-UHFFFAOYSA-N,p-Cresol3,ST003159,serum,Negative,Reverse phase/C18
-0.6924443541427977,-0.4121475117269256,IK_DUAGQYUORDTXOR-GPQRQXLASA-N,Gentiopicroside,MTBLS11904,plasma,Negative,Reverse phase/C18
-0.15654510579872258,-0.46180194945561304,IK_QWXGXDFYLSOKRF-UHFFFAOYSA-N,PC O-30:0 or PC 30:0e,37755270,serum,Not reported,Reverse phase/C18
0.11632807589018579,-0.40388705786012086,IK_YEFJYYIIBNWRQV-UHFFFAOYSA-N,3-Diphosphoglyceric acid,MTBLS11904,plasma,Negative,Reverse phase/C18
-0.1428073721778032,0.09888915963969037,IK_XCRLPASVMPBQHF-FQEVSTJZSA-N,"1-[(2R)-2-(1,3-Benzodioxol-4-yl)heptyl]-3-[2,6-di(propan-2-yl)phenyl]urea",MTBLS11904,plasma,Negative,Reverse phase/C18
-2.4302992345412155,-0.4915045549691373,IK_SVYIZYRTOYHQRE-UHFFFAOYSA-N,Vanillactic acid,ACS1517,serum,Negative,Reverse phase/C18
0.4922297868002597,-0.5561988261405837,IK_FUGYGGDSWSUORM-UHFFFAOYSA-N,4-Hydroxystyrene,24167579,serum,Positive,Reverse phase/C18
-0.0665071347116198,-0.5417099016829738,IK_KMXXSJLYVJEBHI-UHFFFAOYSA-N,3-Guanidinopropionic acid,35829770,plasma,Positive,Reverse phase/C18
0.041458179252829123,0.11865743509959435,IK_YTZASGUOZDZYSL-UHFFFAOYSA-N,Capsicoside A1,MTBLS11904,plasma,Negative,Reverse phase/C18
0.057024168758482784,0.06767727939424947,IK_RFAKHEWADWLSJX-ZIQRGBBDSA-N,"12R-hydroxy-5Z,8Z,12Z-eicosatrienoic acid",MTBLS11904,plasma,Negative,Reverse phase/C18
-0.11461036060891307,-1.0375312604129017,IK_IBAQFPQHRJAVAV-ULAWRXDQSA-N,Miglitol,MTBLS11904,plasma,Negative,Reverse phase/C18
-0.03602642242743431,-0.38843882429066356,IK_PRXCKJGVECBOID-WXGDJGGUSA-N,"(12Z,15Z)-10-Hydroxyoctadeca-12,15-dienoylcarnitine",MTBLS11904,plasma,Positive,Reverse phase/C18
0.0032693980075547487,-0.4059464328669455,IK_KWXICGTUELOLSQ-UHFFFAOYSA-N,Dodecylbenzenesulfonic Acid,MTBLS11904,plasma,Negative,Reverse phase/C18
0.5817003123261423,8.768117243081784,UNKNOWN_ROW__35829770__unknown_332,unknown_332,35829770,plasma,Positive,Reverse phase/C18
-0.613271164383655,-0.006623094695049576,IK_XZAFZXJXZHRNAQ-STQMWFEESA-N,Voreloxin,MTBLS11904,plasma,Negative,Reverse phase/C18
-0.06796432355827735,-0.3966939314844515,IK_DYUGTPXLDJQBRB-UHFFFAOYSA-N,Myristoylglycine,MTBLS11904,plasma,Negative,Reverse phase/C18
-0.37901100684611466,-0.6734837403830645,IK_FUOOLUPWFVMBKG-UHFFFAOYSA-N,2-Aminoisobutyric acid,28880465,serum,Positive,LC-MS/unspecified
-0.2320811923290925,-1.3579538917595155,IK_RXVWSYJTUUKTEA-CGQAXDJHSA-N,maltotriose,38720721,serum,Not reported,Reverse phase/C18
0.3529852409209715,0.163615866122415,IK_CZAMIXFITRFMDC-HTAQTPCSSA-N,"PE-NMe(22:6(4Z,7Z,10Z,13Z,16Z,19Z)/20:1(11Z))",MTBLS11904,plasma,Negative,Reverse phase/C18
-0.4085589944415651,-0.854833215668473,IK_BOJKULTULYSRAS-OTESTREVSA-N,Andrographolide,MTBLS11904,plasma,Negative,Reverse phase/C18
-0.04767451665273533,0.07134164095603597,IK_JYZJYKOZGGEXSX-UHFFFAOYSA-N,2-Hydroxymyristic Acid,MTBLS11904,plasma,Negative,Reverse phase/C18
-0.1266314818290367,-1.0506531446101728,IK_WWNNZCOKKKDOPX-UHFFFAOYSA-N,Trigonelline,MTBLS11904,plasma,Positive,Reverse phase/C18
-0.05780442333445463,-0.35557687209750183,IK_IHNKQIMGVNPMTC-RUZDIDTESA-N,PC(18:0/0:0),MTBLS11904,plasma,Positive,Reverse phase/C18
-0.1800258608271232,2.418251386987874,UNKNOWN_ROW__24167579__unknown_175,unknown_175,24167579,serum,Positive,Reverse phase/C18
-0.1329832825672462,-1.0192258179640121,IK_ROHFNLRQFUQHCH-YFKPBYRVSA-N,L-leucine,MTBLS11904,plasma,Positive,Reverse phase/C18
-0.2445134318781052,-0.3238544451029768,IK_RPVCUZZJCXVVDW-WDSKDSINSA-N,Norophthalmic acid [-CO2],28880465,serum,Positive,LC-MS/unspecified
-0.02960892247717908,0.04095884831404957,IK_CMGDVUCDZOBDNL-UHFFFAOYSA-N,4-Methyl-1H-Benzotriazole,MTBLS11904,plasma,Positive,Reverse phase/C18
0.019488173161588317,-0.3582531864872208,IK_RGZSQWQPBWRIAQ-CABCVRRESA-N,(-)-alpha-Bisabolol,MTBLS11904,plasma,Negative,Reverse phase/C18
0.45021275718529236,-0.4541395065034972,IK_RGHNJXZEOKUKBD-SQOUGZDYSA-N,gluconic acid,37755270,serum,Not reported,Reverse phase/C18
-0.06564354176794014,-0.44744159999875177,IK_VEXDRERIMPLZLU-UHFFFAOYNA-N,Methyl-3-hydroxybutyric acid,35829770,plasma,Positive,Reverse phase/C18
-0.04416039179732454,-0.9366951991156672,IK_OFZCIYFFPZCNJE-UHFFFAOYSA-N,Carisoprodol,35829770,plasma,Positive,HILIC
-0.08777280613309907,-0.8329841139209342,IK_HVLXXQDJGPKVMK-NCVKUBNTSA-N,Janthitrem C,MTBLS11904,plasma,Negative,Reverse phase/C18
-0.03218571725977654,-0.262278607429562,IK_VVHOUVWJCQOYGG-UHFFFAOYSA-N,N-amidinoaspartic acid,35829770,plasma,Positive,HILIC
0.3078529577243493,-1.1180030149441655,IK_MCMLHDBHZRLOED-SFYZADRCSA-N,Ornithine [+CO2],28880465,serum,Positive,LC-MS/unspecified
-0.2034103428420243,-0.5649605502108247,IK_PQNASZJZHFPQLE-LURJTMIESA-N,N(6)-Methyllysine,MTBLS11904,plasma,Positive,Reverse phase/C18
0.30797850249359376,0.09429828240649449,IK_IQYIDEWXVLGTDZ-AWQFTUOYSA-N,"(3b,16a,21b,22a)-12-Oleanene-3,16,21,23,28-pentol-22-angeloyloxy-23-al",MTBLS11904,plasma,Positive,Reverse phase/C18
0.3727672925036617,-0.3344932801746825,IK_QQFVICUNTBNUKN-QQRIYSRRSA-N,SM(d16:1/18:1),MTBLS11904,plasma,Positive,Reverse phase/C18
0.46336156427905395,-0.5137816790432107,IK_NSYSSMYQPLSPOD-UHFFFAOYSA-N,4-Hydroxy-6-methyl-2-pyrone,MTBLS11904,plasma,Negative,Reverse phase/C18
-0.04580110297647604,-0.878479712665787,IK_TUNFSRHWOTWDNC-UHFFFAOYSA-N,Myristic acid,MTBLS11904,plasma,Positive,Reverse phase/C18
-1.4112976415719378,-0.2834106264945739,IK_BJMQRSXLHPCXDU-OOKGOBCESA-N,"PA(18:3(10,12,15)-OH(9)/a-17:0)",MTBLS11904,plasma,Positive,Reverse phase/C18
-0.06557939635885268,0.053004173335182,IK_QIOYMVALOOEDDF-UHFFFAOYSA-N,3-Methylsuberic acid,MTBLS11904,plasma,Negative,Reverse phase/C18
0.14068485133397918,1.2511384408522486,UNKNOWN_ROW__35829770__unknown_291,unknown_291,35829770,plasma,Positive,Reverse phase/C18
-0.12996615947672338,-0.4404640221445601,IK_OZOMQRBLCMDCEG-VIZOYTHASA-N,Dantrolene,MTBLS11904,plasma,Negative,Reverse phase/C18
0.0934265636275335,0.011893709267645618,IK_KEYDJKSQFDUAGF-YIRKRNQHSA-N,PGD2 ethanolamide,MTBLS11904,plasma,Negative,Reverse phase/C18
0.03895975488886543,-0.4196308296857888,IK_KUAZQDVKQLNFPE-UHFFFAOYSA-N,Thiram,MTBLS11904,plasma,Positive,Reverse phase/C18
-0.4612983638735733,-0.4102833778288557,IK_VXIXUWQIVKSKSA-UHFFFAOYSA-N,4-Hydroxycoumarin,MTBLS11904,plasma,Negative,Reverse phase/C18
-0.18447587481990801,-0.06943354529478146,IK_KABXUUFDPUOJMW-BYPYZUCNSA-N,L-Glutamic gamma-semialdehyde,MTBLS11904,plasma,Negative,Reverse phase/C18
-0.016831333239912597,-0.365047586493283,IK_DTOSIQBPPRVQHS-PDBXOOCHSA-N,Linolenic Acid,24167579,serum,Positive,Reverse phase/C18
-0.2616754512874945,-0.4731335242261217,IK_DSPWIGNSRMCMGP-UHFFFAOYSA-N,"(S)-2,3-Dihydro-6-hydroxy-5-(hydroxyacetyl)-2-isopropenylbenzofuran",MTBLS11904,plasma,Negative,Reverse phase/C18
0.08606763002406546,-0.4945628672027896,IK_XGYIMTFOTBMPFP-KQYNXXCUSA-N,5'-Deoxyadenosine,MTBLS11904,plasma,Positive,Reverse phase/C18
-0.0690316108316035,2.3838117894449673,UNKNOWN_ROW__24167579__unknown_113,unknown_113,24167579,serum,Positive,Reverse phase/C18
0.9623997429874529,0.10360613898997617,IK_ZZKNRXZVGOYGJT-VKHMYHEASA-N,Sparfosic acid,MTBLS11904,plasma,Negative,Reverse phase/C18
0.11627892957549145,0.14055380953864854,IK_OUICDHFBMJCDTL-GHRIWEEISA-N,Notoginsenoside T1,MTBLS11904,plasma,Negative,Reverse phase/C18
0.12222789864290504,0.058170034459408236,IK_FYYSIASRLDJUNP-WHFBIAKZSA-N,Glutamylaspartic acid,MTBLS11904,plasma,Negative,Reverse phase/C18
0.11590634026113611,-0.5904027318169237,IK_OTTXIFWBPRRYOG-UHFFFAOYSA-N,2-Hydroxyadipic acid,MTBLS11904,plasma,Positive,Reverse phase/C18
0.014640191392560339,-0.4013244168775312,IK_GHVNFZFCNZKVNT-UHFFFAOYSA-N,Capric acid,MTBLS11904,plasma,Negative,Reverse phase/C18
0.26935155655352777,-0.36498279506370457,IK_DUVAQXIRJZDZGR-HXMIUARJSA-N,"DG(a-13:0/0:0/20:4(5E,8Z,12Z,14Z)-OH(11R))",MTBLS11904,plasma,Negative,Reverse phase/C18
0.08551428163720429,-0.4306727239222554,IK_LTEJTIXDTAJBOQ-JHHXISLPSA-N,"SM(d17:2(4E,8Z)/PGJ2)",MTBLS11904,plasma,Positive,Reverse phase/C18
-0.06564893465324045,0.0287484316857007,IK_GOVYBPLHWIEHEJ-UHFFFAOYSA-N,Tubastatin A,MTBLS11904,plasma,Negative,Reverse phase/C18
0.30752036704110586,-0.5885197781214038,IK_OSJPPGNTCRNQQC-UHFFFAOYSA-N,3-phosphoglycerate,MTBLS11904,plasma,Negative,Reverse phase/C18
-0.056537124581450306,0.10353729865629961,IK_DZRWKHUQGYJQQB-TXINJWPOSA-N,N-Docosahexaenoyl Tyrosine,MTBLS11904,plasma,Positive,Reverse phase/C18
0.47342219520205203,-0.4859504728543935,IK_SPURMHFLEKVAAS-UHFFFAOYSA-N,Docosene,29518718,plasma,Positive,LC-MS/unspecified
0.001572025949922033,-0.39757039151390566,IK_CHNXZKVNWQUJIB-CEGNMAFCSA-N,Ethisterone,MTBLS11904,plasma,Negative,Reverse phase/C18
1.2256388826992937,-0.1338045496288808,IK_BFBJRMADQFCOCV-UHFFFAOYSA-N,3-Butyl-1-(hydroxymethyl)-1-(4-methylphenyl)sulfonylurea,MTBLS11904,plasma,Positive,Reverse phase/C18
0.10031505987154223,1.3135425633600162,UNKNOWN_ROW__35829770__unknown_215,unknown_215,35829770,plasma,Negative,Reverse phase/C18
0.07328176399320013,-0.005483030073308043,IK_CNWSDOLXOOXOCZ-UHFFFAOYSA-N,Artonol E,MTBLS11904,plasma,Negative,Reverse phase/C18
0.37662497975715703,-0.9112706446695634,IK_QUOGESRFPZDMMT-YFKPBYRVSA-N,Homoarginine,MTBLS11904,plasma,Negative,Reverse phase/C18
0.1379019803522261,0.6120101496907411,NO_INCHIKEY__8 10 dihydroxydihydroergotamine,"8',10'-Dihydroxydihydroergotamine",24167579,serum,Positive,Reverse phase/C18
3.1048112687602996,-1.8799784979492686,IK_QLWKTGDEPLRFAT-UHFFFAOYSA-N,5-Methoxytryptophol,38720721,serum,Not reported,Reverse phase/C18
0.006278343971029469,-0.4131168010245715,IK_CNJGWCQEGROXEE-UHFFFAOYSA-N,"3,5-dichlorosalicylic acid",MTBLS11904,plasma,Negative,Reverse phase/C18
0.32306258704966623,-0.3137736402558776,IK_IESVDEZGAHUQJU-ZLBXKVHBSA-N,"PC(16:0/22:6(4Z,7Z,10Z,13Z,16Z,19Z))",MTBLS11904,plasma,Negative,Reverse phase/C18
-0.13999457102148447,-1.0491643651751656,IK_JHPNVNIEXXLNTR-UHFFFAOYSA-N,DEOXYCARNITINE,MTBLS11904,plasma,Positive,Reverse phase/C18
0.9561274432789577,-0.3385549324805877,IK_AXLAMFZYXNDEGQ-MLWYYCKJSA-N,"PE-NMe(20:2(11Z,14Z)/20:0)",MTBLS11904,plasma,Negative,Reverse phase/C18
0.05793048462827363,-0.558740807494074,IK_AVGPOAXYRRIZMM-BYPYZUCNSA-N,D-Apiose,MTBLS11904,plasma,Negative,Reverse phase/C18
0.08388690352446689,0.8821343572884087,UNKNOWN_ROW__24167579__unknown_44,unknown_44,24167579,serum,Positive,Reverse phase/C18
-0.0041332918406503626,-0.4067428400564188,IK_XNGIFLGASWRNHJ-UHFFFAOYSA-N,Phthalic Acid,MTBLS11904,plasma,Negative,Reverse phase/C18
0.685116047637362,-0.3411687179957217,IK_FXGOEHDEIHUMCP-XNGCGXPYSA-N,"PE(22:6(4Z,7Z,10Z,13Z,16Z,19Z)/18:1(9Z))",MTBLS11904,plasma,Negative,Reverse phase/C18
0.09098139037081272,-0.0043972409942474545,IK_CVFXMLXLNNEEJM-MQWKRIRWSA-N,1-Hydroxy-2-(N-acetylcysteinyl)-3-butene,MTBLS11904,plasma,Positive,Reverse phase/C18
0.4278961098838722,2.690500480900686,UNKNOWN_ROW__24167579__unknown_116,unknown_116,24167579,serum,Positive,Reverse phase/C18
-1.077568660997057,-0.42252619640596134,IK_ZBCATMYQYDCTIZ-UHFFFAOYSA-N,4-methylcatechol,MTBLS11904,plasma,Negative,Reverse phase/C18
0.5264678642416025,-0.330434391784033,IK_BNLANPMAYYCMLY-LCXZALMSSA-N,PC(18:1(9Z)/P-18:1(9Z)),MTBLS11904,plasma,Negative,Reverse phase/C18
0.09758824722218412,-0.5383253878077537,IK_XBVUKAHAVXVVAD-UHFFFAOYSA-N,5-(3-Aminopropylphosphanyloxy)-2-(hydroxymethyl)pyran-4-one,MTBLS11904,plasma,Negative,Reverse phase/C18
-0.016625070904408446,-0.41013768522914695,IK_KLXACYSQYFWVLM-UHFFFAOYSA-N,"3,5-Dichloro-2,6-dihydroxybenzoic acid",MTBLS11904,plasma,Negative,Reverse phase/C18
-0.06137806699752227,4.9231334926709085,IK_SHGAZHPCJJPHSC-YCNIQYBTSA-N,"all-trans-Retinoic acid1,3",ST003159,serum,Negative,Reverse phase/C18
0.017909511847190904,-0.5229543715495295,IK_OROAFUQRIXKEMV-LDADJPATSA-N,Eprosartan,MTBLS11904,plasma,Negative,Reverse phase/C18
0.23779554810407302,-0.548160277185118,IK_HXACOUQIXZGNBF-UHFFFAOYSA-N,4-Pyridoxic Acid,MTBLS11904,plasma,Positive,Reverse phase/C18
-0.14674791817638083,2.372579234562303,UNKNOWN_ROW__24167579__unknown_152,unknown_152,24167579,serum,Positive,Reverse phase/C18
0.01634554006289054,0.11489543705197369,IK_AEAPORIZZWBIEX-DTBDINHYSA-N,Rostafuroxin,MTBLS11904,plasma,Positive,Reverse phase/C18
-0.008142686032840097,0.04905667475233822,IK_DVBUFRRUKPQWBU-UHFFFAOYSA-N,"5-Butyl-1,4-dioxan-2-one",MTBLS11904,plasma,Negative,Reverse phase/C18
-0.24091151368983094,-0.4245362933482556,IK_BTJIUGUIPKRLHP-UHFFFAOYSA-N,4-Nitrophenol,MTBLS11904,plasma,Negative,Reverse phase/C18
0.05251138484102986,1.0029836511010413,UNKNOWN_ROW__35829770__unknown_368,unknown_368,35829770,plasma,Positive,HILIC
-0.432151907065073,0.06710502665965627,IK_NNLLMULULOBXBY-PLNGDYQASA-N,Cis-3-Hexenyl lactate,MTBLS11904,plasma,Negative,Reverse phase/C18
0.1799154136242242,-1.3010620577924379,IK_LRFVTYWOQMYALW-UHFFFAOYSA-N,Xanthine,28880465,serum,Positive,LC-MS/unspecified
0.040243447804817374,-0.4544844795026569,IK_GUAHPAJOXVYFON-ZETCQYMHSA-N,KAPA,MTBLS11904,plasma,Positive,Reverse phase/C18
0.03291957106705354,-0.08859949023928272,IK_FBPFZTCFMRRESA-KVTDHHQDSA-N,Mannitol,ST001814,plasma,Positive,GC-MS
-0.13823119128723402,0.04357292596161653,IK_XULZWQRXYTVUTE-UHFFFAOYSA-N,HBOA trihexose,MTBLS11904,plasma,Negative,Reverse phase/C18
0.1888338881647753,0.6647315082159514,IK_YNZQCBXDUUGFIX-UHFFFAOYSA-N,8-(Aminomethyl)sulfanyl-6-sulfanyloctanoic acid,ST003159,serum,Positive,HILIC
0.06382312527936508,1.1166759328054425,UNKNOWN_ROW__35829770__unknown_311,unknown_311,35829770,plasma,Positive,Reverse phase/C18
0.12699217232519966,-0.010791852317059158,IK_YWZAPMXAANPWLC-DCAQKATOSA-N,"L-Prolinamide, 5-oxo-L-prolyl-L-norvalyl-",MTBLS11904,plasma,Positive,Reverse phase/C18
0.45593633111863135,-0.10066122829583281,IK_QWRYPHZJTWQLFX-UHFFFAOYSA-N,"2,3',4,6-Tetrahydroxybenzophenone",24167579,serum,Positive,Reverse phase/C18
0.11675782486176521,1.2435569021096204,UNKNOWN_ROW__35829770__unknown_301,unknown_301,35829770,plasma,Positive,Reverse phase/C18
0.02124523830234272,-0.44206440602639685,IK_GBXSMTUPTTWBMN-XIRDDKMYSA-N,Enalapril,MTBLS11904,plasma,Positive,Reverse phase/C18
0.006873765988670406,0.0073039361763342055,IK_HHTOWVWIVBSOKC-UHFFFAOYSA-N,"Cis,trans-5'-Hydroxythalidomide",MTBLS11904,plasma,Negative,Reverse phase/C18
-0.05919249105520873,-0.76958232841797,IK_RYYVLZVUVIJVGH-UHFFFAOYSA-N,Caffeine,35829770,plasma,Positive,Reverse phase/C18
0.0586922273719051,0.08953909314563027,IK_BLERHOKJGPAHCL-UHFFFAOYSA-N,15-hydroxyicosanoic acid,MTBLS11904,plasma,Negative,Reverse phase/C18
-0.016447397592399708,-1.2911026868039808,IK_AGPKZVBTJJNPAG-UHFFFAOYNA-N,Isoleucine,ST001814,plasma,Positive,GC-MS
0.12845818684888546,0.024843275842178682,IK_VFYGOZNDDVMNNT-UHFFFAOYSA-N,Dodecenoylcarnitine,MTBLS11904,plasma,Positive,Reverse phase/C18
0.0039766533178512775,0.5828532252727436,UNKNOWN_ROW__35829770__unknown_237,unknown_237,35829770,plasma,Positive,HILIC
0.02194721716436661,0.046556729052749476,IK_NTNWOCRCBQPEKQ-YFKPBYRVSA-N,L-Targinine,MTBLS11904,plasma,Positive,Reverse phase/C18
0.10568878070063077,0.8752748793781039,UNKNOWN_ROW__24167579__unknown_54,unknown_54,24167579,serum,Positive,Reverse phase/C18
-0.1215927309914705,-0.49382992288312844,IK_XZOSNHNAQRVGSZ-UHFFFAOYSA-N,Stizolamine,MTBLS11904,plasma,Positive,Reverse phase/C18
-0.1902783662325691,0.039169028761642966,IK_DWHJJLTXBKSHJG-HWKANZROSA-N,Hydroxyethyl methacrylic acid,MTBLS11904,plasma,Negative,Reverse phase/C18
0.0370420612173158,-0.9863908457215275,IK_NMDWGEGFJUBKLB-UHFFFAOYSA-N,2-Acetolactate,MTBLS11904,plasma,Negative,Reverse phase/C18
0.15297015101192973,-0.49633358630468705,IK_PRJJVJQUMHDYMQ-UHFFFAOYSA-N,3 Hydroxymandelic acid - COOH,28880465,serum,Positive,LC-MS/unspecified
0.505237222034249,-0.48182236101427545,IK_ORQXBVXKBGUSBA-UHFFFAOYSA-N,2-Amino-3-cyclohexylpropanoic acid,MTBLS11904,plasma,Negative,Reverse phase/C18
0.005207150269224075,-0.052466860762836326,IK_LRCNOZRCYBNMEP-UHFFFAOYNA-N,Butyryl carnitine,35829770,plasma,Positive,HILIC
0.32251090404678834,-0.3364412789921277,IK_PDLAMJKMOKWLAJ-PVPULFMTSA-N,PI(16:0/18:1(9Z)),MTBLS11904,plasma,Positive,Reverse phase/C18
0.7148024361476822,-0.5219393370285823,IK_JZKXXXDKRQWDET-UHFFFAOYSA-N,DL-m-Tyrosine,MTBLS11904,plasma,Negative,Reverse phase/C18
-0.5724765555126295,0.22575659485714158,IK_WHUUTDBJXJRKMK-UXXIZXEISA-N,"Glutamic acid2,3",ST003159,serum,Negative,Reverse phase/C18
0.056273890236154873,-0.432903434129453,IK_PYZZIILDSAJNLZ-QZNPSGCDSA-N,Melibiitol,MTBLS11904,plasma,Positive,Reverse phase/C18
-0.1844733357604173,-0.40375121072213,IK_YDGMGEXADBMOMJ-LURJTMIESA-N,Total DMA,34577635,serum,Not reported,LC-MS/unspecified
-0.11570443889393349,-1.0473048682466841,IK_KPGXRSRHYNQIFN-UHFFFAOYSA-N,Oxoglutaric acid,MTBLS11904,plasma,Negative,Reverse phase/C18
0.17870795063696285,-0.38003051134912447,IK_ZXNAIPHYBVMMPY-DHSLYTQISA-N,MG(22:1(13Z)/0:0/0:0),MTBLS11904,plasma,Negative,Reverse phase/C18
-0.013463029339923114,-0.002794725173884888,IK_ORDAZKGHSNRHTD-UXHICEINSA-N,Legumelin,MTBLS11904,plasma,Negative,Reverse phase/C18
-0.021612752537943865,0.08861510647453555,IK_NRBFOSKZAWRBJI-KRWDZBQOSA-N,N-Palmitoyl Alanine,MTBLS11904,plasma,Negative,Reverse phase/C18
-0.09705470859173913,0.040821135590872665,IK_OQYZCCKCJQWHIE-UHFFFAOYSA-N,3-Hydroxysebacic Acid,MTBLS11904,plasma,Negative,Reverse phase/C18
-7.361352659670006e-4,0.0785579860057323,IK_DTOSIQBPPRVQHS-IUQGRGSQSA-N,Linolenelaidic acid,MTBLS11904,plasma,Negative,Reverse phase/C18
0.15632048820652908,-0.8282291543289649,IK_UNBDIKFARPKNLC-NOZLCFKKSA-N,PS 17:0-18:1-d5,37755270,serum,Not reported,Reverse phase/C18
-0.46437631790652106,0.09841705678840319,IK_MBJLYSAPIVPYNP-CLFYSBASSA-N,Methyl helianthenoate A glucoside,MTBLS11904,plasma,Negative,Reverse phase/C18
-0.22929426474956163,-0.38785360135133495,IK_CJGVDSGIQZDLDO-BMYWYRRPSA-N,3-O-Sulfogalactosylceramide (d18:1/16:0),MTBLS11904,plasma,Positive,Reverse phase/C18
-0.07084480699352458,-1.023651893329774,IK_UFAHZIUFPNSHSL-UHFFFAOYNA-N,Propionylcarnitine,MTBLS11904,plasma,Positive,Reverse phase/C18
-0.411766937133073,0.0471141122308413,IK_JTUPDNHGJNUOCW-UHFFFAOYSA-N,Dimethyl-3-hydroxypyrid-4-one,MTBLS11904,plasma,Negative,Reverse phase/C18
0.04024850965089637,-0.8730174167118506,IK_MFYSYFVPBJMHGN-ZPOLXVRWSA-N,Cortisone,MTBLS11904,plasma,Negative,Reverse phase/C18
2.2292732865423095,-1.0475458496306456,IK_QYWVASPEUXEHSY-NNRNTGNWSA-N,C22:0 lactosylceramide,24058461,plasma,Not reported,LC-MS/unspecified
0.03327838333742309,0.7317870107227419,UNKNOWN_ROW__35829770__unknown_203_carbon_number_9_plasma_id_161,Unknown_203 (carbon number 9); PlaSMA ID-161,35829770,plasma,Negative,Reverse phase/C18
0.030825104238901873,-0.08115652740837118,IK_KVUAQCKXYIJBCP-BUFOXMIFSA-N,Fructosyl valine,MTBLS11904,plasma,Positive,Reverse phase/C18
0.0602331796533225,1.040342689174368,UNKNOWN_ROW__35829770__unknown_398,unknown_398,35829770,plasma,Positive,HILIC
0.10239325504683026,1.1369539835805051,UNKNOWN_ROW__35829770__unknown_439,unknown_439,35829770,plasma,Positive,HILIC
0.28979448348974807,1.3723918748886599,NO_INCHIKEY__ffa 19 1,FFA 19:1,33485385,plasma,Negative,LC-MS/unspecified
0.27410680700179,0.07792392903205922,IK_MSRVZJWXQUEINS-WAAHFECUSA-N,"Glucosyl (2E,6E,10x)-10,11-dihydroxy-2,6-farnesadienoate",MTBLS11904,plasma,Negative,Reverse phase/C18
0.49924438858118514,-0.39689142529741184,IK_BPYKTIZUTYGOLE-KDUUSRDASA-N,"(4E,15Z)-Bilirubin",MTBLS11904,plasma,Positive,Reverse phase/C18
0.25845287617117507,0.08542924296344609,IK_GUJNNQFVFGFZPK-UHFFFAOYSA-N,Hydroxymatairesinol glucuronide 1,MTBLS11904,plasma,Negative,Reverse phase/C18
0.018628730167476973,-0.016597214704864926,IK_FDMKIGKOMRSCAW-NEPJUHHUSA-N,5-hydroxycalamenene,MTBLS11904,plasma,Negative,Reverse phase/C18
-0.2512695233244199,0.02708296291897064,IK_MYVYPSWUSKCCHG-UHFFFAOYSA-N,Tryptophyl-Serine,MTBLS11904,plasma,Negative,Reverse phase/C18
-0.012353389886463862,0.10524120585555892,IK_BRENMGSWNOZDLU-LEAZDLGRSA-N,Gly-Pro-Gly-Arg-Ala-Phe,MTBLS11904,plasma,Negative,Reverse phase/C18
-0.10680166789815582,0.12536244268019378,IK_CPHVNLRAJPTYSD-UHFFFAOYSA-N,Cyclotricuspidogenin C,MTBLS11904,plasma,Negative,Reverse phase/C18
0.005481842401596829,-0.4429414049237514,IK_FHSUFDYFOHSYHI-UHFFFAOYSA-N,3-Oxopentanoic acid,MTBLS11904,plasma,Positive,Reverse phase/C18
0.1221526311721196,1.360745462431903,UNKNOWN_ROW__35829770__unknown_219,unknown_219,35829770,plasma,Negative,Reverse phase/C18
0.2569572706049083,0.06608544689936943,IK_DPUOLQHDNGRHBS-MDZDMXLPSA-N,Brassidic acid,MTBLS11904,plasma,Positive,Reverse phase/C18
0.2698658612577805,-0.31648084424221873,IK_PXGPLTODNUVGFL-NAPLMKITSA-N,PA(i-22:0/5-iso PGF2VI),MTBLS11904,plasma,Positive,Reverse phase/C18
-0.029228187314452463,-0.34459389755584635,IK_UARKDOLETOEBCU-UHFFFAOYSA-N,"1,9-Dimethyluric acid",35829770,plasma,Positive,Reverse phase/C18
-1.6019535188666851,-0.3470819080248527,IK_YXIWHUQXZSMYRE-UHFFFAOYSA-N,2-mercaptobenzothiazole,38720721,serum,Not reported,Reverse phase/C18
0.13184594387316959,-0.9043346753792247,IK_TXBBUSUXYMIVOS-UHFFFAOYSA-N,2-Thenoyltrifluoroacetone,MTBLS11904,plasma,Negative,Reverse phase/C18
-0.5052989367938682,0.03284543095462765,IK_COZMNNJEGNPDED-HOCLYGCPSA-N,Gly Val Trp,MTBLS11904,plasma,Positive,Reverse phase/C18
-1.0322542961794352,0.18890973573346526,IK_QTENRWWVYAAPBI-YCRXJPFRSA-N,Streptomycin sulfate,MTBLS11904,plasma,Negative,Reverse phase/C18
-0.08049174580139967,0.08156370942479947,IK_ASJJOPLGTKDUEX-UWDAMKIQSA-N,TG 18:1_18:1_19:1,37755270,serum,Not reported,Reverse phase/C18
0.09500636544265964,0.010034946393302399,IK_DPSCUTCAFODJSS-UIITUPLWSA-N,Propafenone glucuronide,MTBLS11904,plasma,Negative,Reverse phase/C18
-0.09290408310093723,2.3946356057493765,UNKNOWN_ROW__24167579__unknown_111,unknown_111,24167579,serum,Positive,Reverse phase/C18
0.03915961781253672,-0.3785061471432475,IK_JKEJEOJPJVRHMQ-JTQLQIEISA-N,N-OCTANOYL-L-HOMOSERINE LACTONE,MTBLS11904,plasma,Positive,Reverse phase/C18
-4.088118580767445,-0.1798144817019372,IK_CJCSPKMFHVPWAR-JTQLQIEISA-N,a-Methyldopa,28880465,serum,Positive,LC-MS/unspecified
0.2248212203707117,-0.5989776161469003,IK_KDXKERNSBIXSRK-UHFFFAOYNA-N,Lysine,ST001814,plasma,Positive,GC-MS
-0.19604681378063707,0.08213089290033193,IK_IXRPKRWXUJOOBZ-AVMVYAPKSA-N,Alpha-Santalyl acetate,MTBLS11904,plasma,Negative,Reverse phase/C18
0.10781384773113946,1.1682127371228448,UNKNOWN_ROW__35829770__unknown_403,unknown_403,35829770,plasma,Positive,HILIC
0.09021989217164078,0.015969929715227534,IK_JGUNZIWGNMQSBM-UINYOVNOSA-M,"(9S,10E,12Z)-9-hydroperoxy-10,12-octadecadienoate",MTBLS11904,plasma,Positive,Reverse phase/C18
1.1397721351976287,1.6578900630441598,IK_XTSSAALSNSPVIH-OCFMFRIESA-N,Austalide L,ST003159,serum,Negative,Reverse phase/C18
-0.14179535678028113,-0.41485475305017794,IK_KZAUOCCYDRDERY-UHFFFAOYSA-N,Oxamyl,MTBLS11904,plasma,Negative,Reverse phase/C18
0.054426736979995324,0.8605802767231201,UNKNOWN_ROW__24167579__unknown_28,unknown_28,24167579,serum,Positive,Reverse phase/C18
0.06861809109587717,0.9463193149630958,UNKNOWN_ROW__35829770__unknown_260,unknown_260,35829770,plasma,Positive,Reverse phase/C18
1.1090050326221141,0.037822512751523846,IK_KCPRJVDBLLJBMF-LGPQXENESA-N,Dihydroisomorphine-3-glucuronide,MTBLS11904,plasma,Positive,Reverse phase/C18
2.9392482532769684,-1.0534430434081177,IK_BAGQGBPETWVHAA-BHYOAKPMSA-N,PS 16:0_22:4,37755270,serum,Not reported,Reverse phase/C18
-0.10269683378298718,-1.4056493262881953,IK_DUUGKQCEGZLZNO-UHFFFAOYSA-N,5-Hydroxyindole-3-acetic acid,35829770,plasma,Positive,Reverse phase/C18
-0.06982563864664071,-0.5437167900162626,IK_GJRJTYFSORWKBE-UHFFFAOYSA-N,Aspidinol,24167579,serum,Positive,Reverse phase/C18
-0.14067088762150556,-0.07143003386521216,IK_JIQLAAKADXSVTE-HTQZYQBOSA-N,"3',5'-Dideoxythymidine",MTBLS11904,plasma,Positive,Reverse phase/C18
-0.029461493349605496,0.7978001122685239,IK_NKDFYOWSKOHCCO-YPVLXUMRSA-N,Crustecdysone,ST003159,serum,Positive,HILIC
0.34183655554598724,-0.44088908525424614,IK_SGZFJWQQBHYNNF-UHFFFAOYSA-N,3-Hydroxy-2-oxoindole,MTBLS11904,plasma,Negative,Reverse phase/C18
0.7011902864728955,0.03265730436370484,IK_CULUWZNBISUWAS-UHFFFAOYSA-N,Benznidazole,MTBLS11904,plasma,Negative,Reverse phase/C18
0.08631790158315747,0.8901597712394231,UNKNOWN_ROW__35829770__unknown_346,unknown_346,35829770,plasma,Positive,HILIC
0.08276122603781534,0.08635786630364452,IK_WPOCIZJTELRQMF-LFRCEIEQSA-N,16b-Hydroxyestrone,MTBLS11904,plasma,Negative,Reverse phase/C18
-0.0778596180846754,2.4176461246514127,UNKNOWN_ROW__24167579__unknown_137,unknown_137,24167579,serum,Positive,Reverse phase/C18
0.04773476621830821,0.08003678107156294,IK_QVVXWHIDRKRPMO-LXCOYWBSSA-N,19-Hydroxyprostaglandin E1,MTBLS11904,plasma,Positive,Reverse phase/C18
-0.5453753887289553,-0.5554504207329308,IK_OPKOKAMJFNKNAS-UHFFFAOYSA-N,2-(Methylamino)ethanol,MTBLS11904,plasma,Positive,Reverse phase/C18
0.044921596022801186,-0.361650159883481,IK_WVALHIPEZZNFKT-VYPHAONASA-N,"DG(20:3(6,8,11)-OH(5)/8:0/0:0)",MTBLS11904,plasma,Negative,Reverse phase/C18
0.09468914882744821,0.02783482887109934,IK_PKXWXXPNHIWQHW-RCBQFDQVSA-N,Semagacestat,MTBLS11904,plasma,Positive,Reverse phase/C18
0.00929907928729573,-1.4392313149960594,IK_GHOKWGTUZJEAQD-ZETCQYMHSA-N,Pantothenic acid,33485385,plasma,Positive,LC-MS/unspecified
-0.1592469130079247,0.08429525321518981,IK_BCIWKKMTBRYQJU-UHFFFAOYSA-N,(S)-[8]-Gingerol,MTBLS11904,plasma,Negative,Reverse phase/C18
0.026293337588747086,0.681233610628295,UNKNOWN_ROW__35829770__unknown_239,unknown_239,35829770,plasma,Positive,HILIC
0.14490476631844174,-0.35498574527084875,IK_DLCUCFRSAVONGT-AEQSUFNNSA-N,"DG(20:5(5Z,8Z,11Z,14Z,17Z)/14:0/0:0)",MTBLS11904,plasma,Positive,Reverse phase/C18
-0.22326059737208193,-0.6643400340947629,IK_ONIBWKKTOPOVIA-BYPYZUCNSA-N,L-Proline,28880465,serum,Positive,LC-MS/unspecified
1.0493388669308792,-0.5168101335266493,IK_RYCNUMLMNKHWPZ-SNVBAGLBSA-N,Lysophosphatidylcholine,MTBLS11904,plasma,Positive,Reverse phase/C18
-0.68746960023691,-0.49346684049023887,IK_ZAIPMKNFIOOWCQ-UEKVPHQBSA-N,Cephalexin,MTBLS11904,plasma,Negative,Reverse phase/C18
-0.4395393894575921,-0.3933825288455342,IK_WSVLPVUVIUVCRA-HPKHWNBYSA-N,lactose / maltose,38720721,serum,Not reported,Reverse phase/C18
0.10524352601907973,1.1271148757742582,UNKNOWN_ROW__35829770__unknown_221,unknown_221,35829770,plasma,Negative,Reverse phase/C18
-0.2800088887153127,-0.376122358553978,IK_BRTSNYPDACNMIP-FAWZKKEFSA-N,Dihydroetorphine,MTBLS11904,plasma,Negative,Reverse phase/C18
-0.05243016821191181,0.02785153052525339,IK_ZONSVLURFASOJK-LLAGZRPASA-N,Dehydromonocrotaline,MTBLS11904,plasma,Negative,Reverse phase/C18
0.0032748424276973047,-0.5293530984348069,IK_PUQIRTNPJRFRCZ-UHFFFAOYSA-N,Metoprolol acid,MTBLS11904,plasma,Positive,Reverse phase/C18
0.15982811678080694,0.0925183760499882,IK_KXLSJQTXSAYFDL-VAWYXSNFSA-N,Acetolein,MTBLS11904,plasma,Positive,Reverse phase/C18
0.12855627271158132,1.0002620601595358,UNKNOWN_ROW__24167579__unknown_58,unknown_58,24167579,serum,Positive,Reverse phase/C18
0.016677301224024936,0.05603642883976401,IK_SYELZBGXAIXKHU-UHFFFAOYSA-N,Lauramine Oxide,MTBLS11904,plasma,Positive,Reverse phase/C18
0.2989929032349541,-0.3184285585344618,IK_AYHSDYHVIFMJHB-NFPJMEHBSA-N,"PE-NMe(22:5(4Z,7Z,10Z,13Z,16Z)/18:2(9Z,12Z))",MTBLS11904,plasma,Negative,Reverse phase/C18
0.3560353031374826,-0.323905925177203,IK_QKSASIXPZVMNOQ-FRDLTTBHSA-N,"PC(22:6(4Z,7Z,10Z,13Z,16Z,19Z)/18:4(6Z,9Z,12Z,15Z))",MTBLS11904,plasma,Positive,Reverse phase/C18
0.20107384338609324,-0.011538767432512967,IK_ILNJBIQQAIIMEY-UHFFFAOYSA-N,"4-Oxo-1,4-dihydroquinoline-3-carboxylic acid",MTBLS11904,plasma,Negative,Reverse phase/C18
0.1581273420201336,0.06838648398665689,IK_WSOXREPRCVQMSJ-UHFFFAOYSA-N,Glycylalanylprolylmethionylphenylalanylvalinamide,MTBLS11904,plasma,Positive,Reverse phase/C18
-0.08705864606217165,-0.05686062601849091,IK_QMPHZIPNNJOWQI-DUXPYHPUSA-N,Caffeoylshikimate,MTBLS11904,plasma,Negative,Reverse phase/C18
0.044214202903566945,-0.013585330382026866,IK_ISSKMEQROMFEHL-UHFFFAOYSA-N,Linotroban,MTBLS11904,plasma,Negative,Reverse phase/C18
-0.04908126351098325,0.05364284141224419,IK_IQBBLPBSHOILKP-UHFFFAOYSA-N,Dimethyltriazenoimidazole carboxamide,MTBLS11904,plasma,Positive,Reverse phase/C18
0.15970193286258505,-0.04184724267437504,IK_DMAOYRIREVHKFQ-UHFFFAOYSA-N,Gossypetin 8-glucoside 3-sulfate,MTBLS11904,plasma,Negative,Reverse phase/C18
-0.22847730825387416,-1.0245744969321549,IK_GFYLSDSUCHVORB-IOSLPCCCSA-N,1-Methyladenosine,MTBLS11904,plasma,Positive,Reverse phase/C18
-0.06357170585242614,0.07013656506236685,IK_LGVYUZVANMHKHV-UHFFFAOYSA-N,Dihydrogeranylacetone,MTBLS11904,plasma,Negative,Reverse phase/C18
0.26388516854770333,-0.2782557806496389,IK_SOECUQMRSRVZQQ-UHFFFAOYSA-N,Ubiquinone 1,33485385,plasma,Positive,LC-MS/unspecified
0.0754114586936285,-0.4140600947185552,IK_RYIGNEOBDRVTHA-UHFFFAOYSA-N,8-chlortheophylline,38720721,serum,Not reported,Reverse phase/C18
0.04351718316277361,-0.8843945619108595,IK_NESRXFGQJARQNM-OWYFMNJBSA-N,Ovalicin,MTBLS11904,plasma,Negative,Reverse phase/C18
0.08813182495218673,1.333852228946398,UNKNOWN_ROW__35829770__unknown_319,unknown_319,35829770,plasma,Positive,Reverse phase/C18
0.006977276375286703,-0.35540877352397143,IK_IHNKQIMGVNPMTC-UHFFFAOYSA-N,2-Lysophosphatidylcholine,MTBLS11904,plasma,Negative,Reverse phase/C18
-0.08466269013507315,-0.31135762398377237,IK_LRTCKJJOUNZFDD-DBHIXKHWSA-N,"PA(20:2(11Z,14Z)/18:1(9Z))",MTBLS11904,plasma,Positive,Reverse phase/C18
0.08361673380875381,0.9403295509571895,UNKNOWN_ROW__35829770__unknown_242,unknown_242,35829770,plasma,Positive,Reverse phase/C18
0.6197667445868643,0.12924452104601425,IK_FIJFPUAJUDAZEY-MNDXXDKYSA-N,"PE(P-18:0/22:6(4Z,7Z,10Z,13Z,16Z,19Z))",MTBLS11904,plasma,Positive,Reverse phase/C18
0.21644501425792295,3.9768190398077436,UNKNOWN_ROW__35829770__unknown_336,unknown_336,35829770,plasma,Positive,Reverse phase/C18
0.17255038367155157,0.06391160406786003,IK_RZHVUADUVVHWMD-SOFGYWHQSA-N,Dec-7-enedioylcarnitine,MTBLS11904,plasma,Positive,Reverse phase/C18
0.050933136908615506,-0.37161533469521624,IK_DFNZHOWEYYDHLO-XMMPIXPASA-N,PA(10:0/i-13:0),MTBLS11904,plasma,Positive,Reverse phase/C18
0.07318883842860908,-0.1720418647883067,IK_JPIJQSOTBSSVTP-GBXIJSLDSA-N,isothreonic acid,38720721,serum,Not reported,Reverse phase/C18
-0.32679179720933116,2.430937311568435,UNKNOWN_ROW__24167579__unknown_192,unknown_192,24167579,serum,Positive,Reverse phase/C18
-0.13078453260603234,-0.4184376578422474,IK_PANDRCFROUDETH-YLSOAJEOSA-N,Lipoteichoic acid,MTBLS11904,plasma,Positive,Reverse phase/C18
-0.05568865727318073,-0.47576592568751197,IK_IJFXRHURBJZNAO-UHFFFAOYSA-N,3-Hydroxybenzoic Acid,MTBLS11904,plasma,Negative,Reverse phase/C18
0.09615771176061666,-0.5766159223856506,IK_SEALOBQTUQIVGU-QNIJNHAOSA-N,dihydroergocornine,24167579,serum,Positive,Reverse phase/C18
-0.20847052878398048,-0.06026388314849884,IK_QPHPUQJVKQXISS-UHFFFAOYSA-N,Thioapfelsaure,MTBLS11904,plasma,Negative,Reverse phase/C18
-0.22974569512032256,2.443438226605844,UNKNOWN_ROW__24167579__unknown_188,unknown_188,24167579,serum,Positive,Reverse phase/C18
-0.5773991001376304,0.15073534684901507,IK_AGPIOXWTGKGPPK-UHFFFAOYSA-N,Cyclo(glycylleucylvalylleucylprolylseryl),MTBLS11904,plasma,Negative,Reverse phase/C18
0.17981661678431565,0.10287613713502479,IK_SMVMSLPPAGGLDL-ZZTDLJEGSA-N,Isovaleryl-Val-Val-Sta-OEt,MTBLS11904,plasma,Negative,Reverse phase/C18
0.3433467417057659,-0.3668806399398036,IK_MJEVTNQRFPLLCH-QECOYPFHSA-N,"DG(18:3(9Z,12Z,15Z)/15:0/0:0)",MTBLS11904,plasma,Positive,Reverse phase/C18
0.06475909491945432,-0.3700631025903438,IK_CAULGCQHVOVVRN-SWZPTJTJSA-N,Germacrone,MTBLS11904,plasma,Negative,Reverse phase/C18
0.2454068113709387,-0.31422659603447584,IK_MRRFMOUCAPXWJC-SSCJOAGESA-N,"PC(18:1(11Z)/18:3(6Z,9Z,12Z))",MTBLS11904,plasma,Negative,Reverse phase/C18
-0.07527991429621782,-0.3227481317748526,IK_VOCBWIIFXDYGNZ-IXKNJLPQSA-N,Testosterone enanthate,MTBLS11904,plasma,Negative,Reverse phase/C18
0.18764355342769504,-0.38195171200172573,IK_CLCDCPXFUKRPLP-GYXKVCTLSA-N,"DG(20:5(6E,8Z,11Z,14Z,17Z)-OH(5)/8:0/0:0)",MTBLS11904,plasma,Positive,Reverse phase/C18
-0.0141101375700994,0.12767216046366686,IK_HJIKODJJEORHMZ-NNPZUXBVSA-N,28-Homobrassinolide,MTBLS11904,plasma,Positive,Reverse phase/C18
0.0018609219302133796,0.4747603609149784,UNKNOWN_ROW__35829770__unknown_198_carbon_number_5_plasma_id_53,Unknown_198 (carbon number 5); PlaSMA ID-53,35829770,plasma,Negative,Reverse phase/C18
-0.27973179742739146,-0.5574959164744481,IK_GBDRMPRTNVKBAD-BYPYZUCNSA-N,"(S)-Methyl 2,5-diamino-5-oxopentanoate",MTBLS11904,plasma,Positive,Reverse phase/C18
-0.8155479348913702,-0.3371822900008585,IK_SVBMASFUJDIDJC-XFJIFGBKSA-N,3-Dehydroteasterone,MTBLS11904,plasma,Negative,Reverse phase/C18
0.31552817333479966,-0.34900493867149235,IK_HLVIBBYTXSJPBE-VXKURYGYSA-N,DG(TXB2/0:0/19:0),MTBLS11904,plasma,Positive,Reverse phase/C18
0.18719782790127334,-0.14118457490208325,IK_YWWVWXASSLXJHU-WAYWQWQTSA-N,Myristoleic acid,33485385,plasma,Negative,LC-MS/unspecified
0.3618402885899073,-0.08219225093132333,IK_VTJXFTPMFYAJJU-UHFFFAOYSA-N,Tyrphostin 23,MTBLS11904,plasma,Negative,Reverse phase/C18
-0.3556429656989571,-0.4136386061207896,IK_OALYTRUKMRCXNH-UHFFFAOYSA-N,Dihydro-5-pentyl-2(3H)-furanone,MTBLS11904,plasma,Positive,Reverse phase/C18
0.3982311619575831,-0.3145984849804489,IK_SUHVYZXHTHHCTK-GFZABIRZSA-N,"SM(d19:0/22:6(4Z,7Z,11E,13Z,15E,19Z)-2OH(10S,17))",MTBLS11904,plasma,Positive,Reverse phase/C18
0.29507011494837876,-0.45459409509152215,IK_UUEPXFWSBUIUAZ-NSCUHMNNSA-N,Coumaryl acetate,MTBLS11904,plasma,Positive,Reverse phase/C18
0.04478851534866373,-0.8583919395571685,IK_RUDATBOHQWOJDD-BSWAIDMHSA-N,Chenodeoxycholic Acid,MTBLS11904,plasma,Negative,Reverse phase/C18
1.158765616955366,10.406664955349525,UNKNOWN_ROW__24167579__unknown_82,unknown_82,24167579,serum,Positive,Reverse phase/C18
-0.059816649746210246,-0.08759003004215873,IK_XZUDOWCTKOXYCZ-UHFFFAOYSA-N,3-Hydroxy-4-oxo-4H-pyran-2-carboxylic acid,MTBLS11904,plasma,Positive,Reverse phase/C18
-0.22157732262596005,-0.49497519367205495,IK_JBKVHLHDHHXQEQ-UHFFFAOYSA-N,Epsilon-caprolactam,MTBLS11904,plasma,Negative,Reverse phase/C18
-0.03668565340176018,0.049716612259966105,IK_POUITAHNNRJWMA-UHFFFAOYSA-N,5-Hydroxybenzofuran-2(3H)-one,MTBLS11904,plasma,Negative,Reverse phase/C18
0.09023298408784201,0.8914003077400341,UNKNOWN_ROW__35829770__unknown_385,unknown_385,35829770,plasma,Positive,HILIC
0.16048819994845592,-0.33918607032028886,IK_IHTMGUFGDQUBIO-QGEKYMHSSA-N,"DG(18:0/0:0/20:4(8Z,11Z,14Z,17Z)-2OH(5S,6R))",MTBLS11904,plasma,Positive,Reverse phase/C18
0.4998664670013549,-0.35390275592155046,IK_CGVOQSQIYSUXAT-PPLFXBRHSA-N,SM(d18:0/16:1(9Z)),MTBLS11904,plasma,Negative,Reverse phase/C18
-0.058156284733110006,-0.33272649801444176,IK_HCHPJRWDAXBWHL-DDCHMOMFSA-N,Cer(d17:1/LTE4),MTBLS11904,plasma,Positive,Reverse phase/C18
0.07134941508653876,-0.47934876096304485,IK_XQSPYNMVSIKCOC-NTSWFWBYSA-N,Emtricitabine,MTBLS11904,plasma,Negative,Reverse phase/C18
-0.34631615740554106,-0.4328782453750178,IK_VCWMRQDBPZKXKG-ZNVDUFQESA-N,Galactinol,38720721,serum,Not reported,Reverse phase/C18
0.4326378049014144,-0.09269777093084602,IK_LMOUVAHDYFZTCE-UHFFFAOYSA-N,Tetrahydrothiophene sulfoxide,MTBLS11904,plasma,Positive,Reverse phase/C18
0.13318791461827736,0.10927800466848134,IK_MJZYBROJFJAPOE-UHFFFAOYSA-N,Stigmastanediol,MTBLS11904,plasma,Negative,Reverse phase/C18
0.0677638106435577,-0.4780539450155708,IK_PXWLVJLKJGVOKE-UHFFFAOYSA-N,Propyphenazone,MTBLS11904,plasma,Positive,Reverse phase/C18
0.16581473835269425,-0.3679485797976391,IK_NFJTYOOTXIAZGM-CPRJBALCSA-N,DG(10:0/a-17:0/0:0),MTBLS11904,plasma,Negative,Reverse phase/C18
0.04489102562154069,-0.39051104426991884,IK_ISRLGZXSKRDKID-JXBDSQKUSA-N,phospholipid,24167579,serum,Positive,Reverse phase/C18
-0.1417584210896796,0.11809050595164301,IK_GTPATKZCXDKGQS-UHFFFAOYSA-N,DHAP(18:0),MTBLS11904,plasma,Negative,Reverse phase/C18
2.8345884097599585,-0.4632393741757917,IK_SNICXCGAKADSCV-JTQLQIEISA-N,pyridoxal 5-phosphate,38516193,plasma,Positive,LC-MS/unspecified
-0.8196725010383821,0.13508555761752333,IK_GMKMEZVLHJARHF-UHFFFAOYSA-N,"2,6-Diaminopimelic acid",38720721,serum,Not reported,Reverse phase/C18
0.11018573839651116,0.9222971374321309,UNKNOWN_ROW__24167579__unknown_56,unknown_56,24167579,serum,Positive,Reverse phase/C18
0.06975925579908893,1.1131857367732085,UNKNOWN_ROW__35829770__unknown_309,unknown_309,35829770,plasma,Positive,Reverse phase/C18
0.30923990124892925,0.0013606889775320493,IK_KBDSLGBFQAGHBE-MSGMIQHVSA-N,Linonin,MTBLS11904,plasma,Negative,Reverse phase/C18
0.057486544895705614,-0.3248560949512899,IK_VEBOFLQVSWXAKE-FWGBWITRSA-N,"PC(20:4(8Z,11Z,14Z,17Z)-2OH(5S,6R)/P-18:0)",MTBLS11904,plasma,Positive,Reverse phase/C18
0.37953068844348475,-1.0952447608557496,IK_BHYOQNUELFTYRT-DPAQBDIFSA-N,cholesterol 3-sulfate,37755270,serum,Not reported,Reverse phase/C18
0.8349889546186067,2.422617138031284,UNKNOWN_ROW__24167579__unknown_157,unknown_157,24167579,serum,Positive,Reverse phase/C18
0.06323907803567323,1.1997432867570514,UNKNOWN_ROW__35829770__unknown_312,unknown_312,35829770,plasma,Positive,Reverse phase/C18
0.30291416374737945,-1.3745286213005292,IK_ZFXYFBGIUFBOJW-UHFFFAOYSA-N,Theophylline,38720721,serum,Not reported,Reverse phase/C18
-0.21709485343395588,0.023660337921366237,IK_FCEJNLVNFSUDTK-AATRIKPKSA-N,"3b,6a-Dihydroxy-alpha-ionol 9-[apiosyl-(1->6)-glucoside]",MTBLS11904,plasma,Positive,Reverse phase/C18
0.3209949041363722,-0.3079944891597149,IK_UTQBHMSOMGCBHH-QYPJFMAQSA-N,"PE-NMe(18:0/22:5(4Z,7Z,10Z,13Z,16Z))",MTBLS11904,plasma,Negative,Reverse phase/C18
0.37642340579353345,-0.3229553885635441,IK_CGGKIILOLKTYHS-LJGQSTEHSA-N,GPEtn(16:1/22:5),MTBLS11904,plasma,Positive,Reverse phase/C18
1.027624410058608,0.486322317610843,NO_INCHIKEY__possible bile acid,Possible bile acid,24167579,serum,Positive,Reverse phase/C18
0.20592923622226317,-0.3839582056115494,IK_XOMRRQXKHMYMOC-OAQYLSRUSA-N,L-Palmitoylcarnitine,MTBLS11904,plasma,Negative,Reverse phase/C18
-0.03500174672729431,0.060594520427013215,IK_KEQHJBNSCLWCAE-UHFFFAOYSA-N,Thymoquinone,MTBLS11904,plasma,Negative,Reverse phase/C18
0.06297988294398567,-0.4718810053935558,IK_IYMMESGOJVNCKV-JOYOIKCWSA-N,Rimiterol,MTBLS11904,plasma,Positive,Reverse phase/C18
0.020048476315149243,0.8282923809339968,UNKNOWN_ROW__24167579__unknown_6,unknown_6,24167579,serum,Positive,Reverse phase/C18
-0.05062806385809348,-0.030177852066812585,IK_UPISBTVRUJGIRH-HNANJHLJSA-N,"3,4'-Dimethyquercetin 7-[alpha-L-arabinofuranosyl-(1->6)-glucoside]",MTBLS11904,plasma,Negative,Reverse phase/C18
-0.047448579305129975,-0.48244334969902986,IK_DFVFTMTWCUHJBL-BQBZGAKWSA-N,Statine,MTBLS11904,plasma,Positive,Reverse phase/C18
0.23356506099234467,0.12177671108289632,IK_XOEUHCONYHZURQ-HNUBZJOYSA-N,Flurithromycin,MTBLS11904,plasma,Positive,Reverse phase/C18
0.462170322669666,0.07735849402497157,IK_JLVSPVFPBBFMBE-HXSWCURESA-N,Sphingosylphosphorylcholine,MTBLS11904,plasma,Positive,Reverse phase/C18
0.030525482155069776,0.121598953787088,IK_SHLWEZVZPAYIHX-UHFFFAOYSA-N,"3-Oxo-12,18-ursadien-28-oic acid",MTBLS11904,plasma,Negative,Reverse phase/C18
0.04567847013206223,1.0786998597959312,UNKNOWN_ROW__35829770__unknown_426,unknown_426,35829770,plasma,Positive,HILIC
-0.29919810044067136,-0.6710190173543488,IK_QWCKQJZIFLGMSD-UHFFFAOYSA-N,2-Aminobutanoic acid,28880465,serum,Positive,LC-MS/unspecified
-8.58365163332531,0.8120869578950641,IK_PFDUUKDQEHURQC-ZETCQYMHSA-N,3-O-Methyl-a-methyldopa,ST003159,serum,Positive,HILIC
-0.5250220738249893,-0.8751233233093642,IK_QUNWUDVFRNGTCO-UHFFFAOYSA-N,para-xanthine,ACS1517,serum,Positive,Reverse phase/C18
0.6471151940902162,2.463272957114014,UNKNOWN_ROW__24167579__unknown_160,unknown_160,24167579,serum,Positive,Reverse phase/C18
0.4007431368806772,-0.9587200256191374,IK_CXMXRPHRNRROMY-UHFFFAOYSA-N,Sebacic acid,24167579,serum,Positive,Reverse phase/C18
0.322794830706947,0.16586585057815603,IK_IJBIDDAZNYQSCP-VEHBBKSSSA-N,"PE(22:6(4Z,7Z,10Z,13Z,16Z,19Z)/20:0)",MTBLS11904,plasma,Negative,Reverse phase/C18
0.8704607396855097,0.06457852667304333,IK_RTLULCVBFCRQKI-UHFFFAOYSA-N,Procion blue MX-R,MTBLS11904,plasma,Negative,Reverse phase/C18
0.8107423902987011,-0.42480159736050743,IK_XJZNMEMKZBFUIZ-GWDFKZQESA-N,Etodolac acyl glucuronide,MTBLS11904,plasma,Negative,Reverse phase/C18
0.07246319684516352,-0.01615945509941378,IK_SENJXOPIZNYLHU-IUCAKERBSA-N,Leucyl-Arginine,MTBLS11904,plasma,Positive,Reverse phase/C18
0.06772185139942634,0.9326075226810513,UNKNOWN_ROW__35829770__unknown_290,unknown_290,35829770,plasma,Positive,Reverse phase/C18
-0.22724352382999916,-1.5073920117582793,IK_FDGQSTZJBFJUBT-UHFFFAOYSA-N,Hypoxanthine,MTBLS11904,plasma,Negative,Reverse phase/C18
-0.09530616724646646,-1.0518065491541024,IK_HXEACLLIILLPRG-UHFFFAOYSA-N,Pipecolic acid,MTBLS11904,plasma,Positive,Reverse phase/C18
0.6024917647814145,-0.3314550580932654,IK_GVZYULOAWBVSSF-LKECMMOOSA-N,"PC(18:1(12Z)-2OH(9,10)/P-16:0)",MTBLS11904,plasma,Positive,Reverse phase/C18
-0.2188166393613265,-0.9196365907626585,IK_ZYGHJZDHTFUPRJ-UHFFFAOYSA-N,Coumarin,MTBLS11904,plasma,Positive,Reverse phase/C18
-0.34278327366718647,0.104908327322425,IK_UTIRJVJBKWSIOX-SRMFCGEKSA-N,Glucosylgalactosyl hydroxylysine,MTBLS11904,plasma,Negative,Reverse phase/C18
0.25505996949769016,-0.08719140596567304,IK_QTAGQHZOLRFCBU-UHFFFAOYSA-N,(R)-Oxypeucedanin,MTBLS11904,plasma,Positive,Reverse phase/C18
0.2491156509998855,-0.4408057837855355,IK_DQUHYEDEGRNAFO-QMMMGPOBSA-N,N.alpha.-(tert-Butoxycarbonyl)-L-aspartamide,38720721,serum,Not reported,Reverse phase/C18
-0.050011019646083246,-0.5532757710391785,IK_BNIXVQGCZULYKV-UHFFFAOYSA-N,Pentachloroethane,24167579,serum,Positive,Reverse phase/C18
0.03056092283247234,0.9718583521559274,UNKNOWN_ROW__35829770__unknown_256,unknown_256,35829770,plasma,Positive,Reverse phase/C18
0.4426335206591962,-0.47070478568606877,IK_DWTTZBARDOXEAM-GXTWGEPZSA-N,Zeranol,38720721,serum,Not reported,Reverse phase/C18
-0.08601937628591078,-1.2806821918417601,IK_DCXYFEDJOCDNAF-REOHCLBHSA-N,L-Asparagine,24167579,serum,Positive,Reverse phase/C18
0.25178076031376523,-0.09376579123805837,IK_XTKGXPFBKPYFDW-UHFFFAOYSA-N,4-(4-Guanidinobenzoyloxy)phenylacetate,MTBLS11904,plasma,Negative,Reverse phase/C18
-0.2451123884945983,-1.327681871124996,IK_XOAAWQZATWQOTB-UHFFFAOYSA-N,Taurine,28880465,serum,Positive,LC-MS/unspecified
0.1969607291513224,0.028393132869404654,IK_RSTMEZAVUUMLEO-OTPBFAOLSA-N,Serofendic acid,MTBLS11904,plasma,Positive,Reverse phase/C18
0.47121263795419044,-0.4963638760916009,IK_QZPQTZZNNJUOLS-UHFFFAOYSA-N,Beta-Lapachone,MTBLS11904,plasma,Negative,Reverse phase/C18
0.10219160136838282,-0.2916615780190507,IK_XPEZGWHLHCVJMV-SYESHANZSA-N,"PE(22:6(4Z,7Z,10Z,13E,15E,19Z)-OH(17)/22:1(13Z))",MTBLS11904,plasma,Positive,Reverse phase/C18
-0.04307254953249645,0.058953896487029686,IK_VXQBJTKSVGFQOL-UHFFFAOYSA-N,2-(2-Butoxyethoxy)ethyl acetate,MTBLS11904,plasma,Positive,Reverse phase/C18
-0.09442600749694571,-0.4113168856756359,IK_DZHSPYMHDVROSM-UHFFFAOYSA-N,3-Oxododecanoic acid,MTBLS11904,plasma,Negative,Reverse phase/C18
-0.4973839776624581,-0.3391817149561152,IK_CVVRPLLCUNBBAA-VOXCOYEFSA-N,TG 44:2,37755270,serum,Not reported,Reverse phase/C18
0.14451918733032096,0.05951283072868078,IK_DWYRIWUZIJHQKQ-SANMLTNESA-N,Avapritinib,MTBLS11904,plasma,Positive,Reverse phase/C18
0.31025504416369554,-0.48403582670118783,IK_OUYCCCASQSFEME-QMMMGPOBSA-N,L-Tyrosine,28880465,serum,Positive,LC-MS/unspecified
0.28931108497486574,0.09670529840518889,IK_OCALSPDXYQHUHA-FNORWQNLSA-N,8-Methylnonenoate,MTBLS11904,plasma,Negative,Reverse phase/C18
0.9084248310327182,-0.4116321248767953,IK_HZACOPMRVHUEFI-ISIOAQNYSA-N,Dmg-mino,MTBLS11904,plasma,Positive,Reverse phase/C18
0.08306829412019172,-0.3781879140231577,IK_QYTPGOPLNFESQC-NUTQULCTSA-N,PE(P-16:0/0:0),MTBLS11904,plasma,Positive,Reverse phase/C18
0.12192656409173275,0.05624867785907049,IK_BLGXFZZNTVWLAY-DKJBZYCGSA-N,Corynanthine,MTBLS11904,plasma,Positive,Reverse phase/C18
-0.0717388922503129,-0.5725589053663216,IK_NAYOYSKSFGMFOB-LURJTMIESA-N,S-(2-Hydroxyethyl)-N-acetyl-L-cysteine,24167579,serum,Positive,Reverse phase/C18
-0.13759634780544455,-0.4957769829566453,IK_AGPKZVBTJJNPAG-UHFFFAOYSA-N,(+/-)-erythro-Isoleucine,MTBLS11904,plasma,Positive,Reverse phase/C18
0.131917886320748,-0.823297949658486,IK_BHYOQNUELFTYRT-DPAQBDIFSA-N,cholesterol 3-sulfate,38720721,serum,Not reported,Reverse phase/C18
0.026103001385139945,0.09046491611348426,IK_WCQFXNQALHURHS-BUHFOSPRSA-N,[12]-Shogaol,MTBLS11904,plasma,Negative,Reverse phase/C18
0.18476847319451153,-0.34250153040982845,IK_NUDXOGPEQRPSKT-MVOZTAHOSA-N,FA 18:3 (y-linolenic acid),37755270,serum,Not reported,Reverse phase/C18
-0.06984232268259148,-0.10584650634482642,IK_YQGDEPYYFWUPGO-UHFFFAOYSA-N,4-Amino-3-hydroxybutyrate,MTBLS11904,plasma,Positive,Reverse phase/C18
-0.03673582185310417,-0.4440901639750371,IK_SGFJJNBUMXQSMU-PDBXOOCHSA-N,Glycidyl,MTBLS11904,plasma,Negative,Reverse phase/C18
-0.3260063172161487,-0.34245697806718656,IK_LPEPZZAVFJPLNZ-SFHVURJKSA-N,8-Prenylnaringenin,MTBLS11904,plasma,Positive,Reverse phase/C18
0.43471755673844725,-0.32300384146099287,IK_ROARNVGCLDIFFV-PEZBUJJGSA-N,PE-NMe(16:0/18:1(11Z)),MTBLS11904,plasma,Negative,Reverse phase/C18
-0.12754695857597045,2.4110627290633064,UNKNOWN_ROW__24167579__unknown_163,unknown_163,24167579,serum,Positive,Reverse phase/C18
-0.08680731236604129,-0.44502139452583,IK_ONJSZLXSECQROL-UHFFFAOYSA-N,o-Hydroxyhippuric acid,MTBLS11904,plasma,Negative,Reverse phase/C18
0.04247772989348282,-0.363950973485067,IK_ZMITXKRGXGRMKS-LUJOEAJASA-N,Epiandrosterone sulfate,MTBLS11904,plasma,Negative,Reverse phase/C18
-0.10032027996459116,2.1898532973492904,NO_INCHIKEY__lysopc 17 0 lysope 0 020 0 lysope 20 00 0,LysoPC(17:0); LysoPE(0:020:0); LysoPE(20:00:0),ST003159,serum,Positive,HILIC
-0.4169591821908233,-1.1738497525811122,IK_FDGQSTZJBFJUBT-UHFFFAOYSA-N,Hypoxanthine,28880465,serum,Positive,LC-MS/unspecified
0.28570126148394354,1.0541686824026746,NO_INCHIKEY__fahfa 38 4,FAHFA 38:4,37755270,serum,Not reported,Reverse phase/C18
-0.0745662232544071,-1.0397038209853955,IK_HYBBIBNJHNGZAN-UHFFFAOYSA-N,Furfural,24167579,serum,Positive,Reverse phase/C18
0.1807744071157923,-0.9875233928907816,IK_MXRPNYMMDLFYDL-YFKPBYRVSA-N,N-Acetyl-S-(N-methylcarbamoyl)cysteine,MTBLS11904,plasma,Positive,Reverse phase/C18
0.19918267462008213,-0.433147891928593,IK_XJMMNTGIMDZPMU-UHFFFAOYSA-N,3-Methylglutaric acid,38720721,serum,Not reported,Reverse phase/C18
-0.04539162011971955,-0.08902207322560496,IK_RDHQFKQIGNGIED-UHFFFAOYSA-N,DL-Acetylcarnitine,MTBLS11904,plasma,Positive,Reverse phase/C18
0.048285083414801505,0.9818763164359153,NO_INCHIKEY__glu trp,Glu Trp,MTBLS11904,plasma,Positive,Reverse phase/C18
0.09096823562979893,0.897031420536805,UNKNOWN_ROW__24167579__unknown_47,unknown_47,24167579,serum,Positive,Reverse phase/C18
-1.2063405667076503,-0.793360203169257,IK_DEEUSUJLZQQESV-BQUSTMGCSA-N,Stercobilin,MTBLS11904,plasma,Positive,Reverse phase/C18
0.899470363718959,7.471308177353869,IK_UYWXWYBEHLAUEW-UHFFFAOYSA-N,Antibiotic GR 95647X,ST003159,serum,Negative,Reverse phase/C18
-0.3509686534050073,-0.3416221503861149,IK_IECPWNUMDGFDKC-MZJAQBGESA-N,Fusidic Acid,MTBLS11904,plasma,Negative,Reverse phase/C18
0.11880530933679759,0.04413518334115371,IK_WLRVSRJKZYZCJY-UHFFFAOYSA-N,"N,n-Diethyl-4-Hydroxybenzamide",MTBLS11904,plasma,Positive,Reverse phase/C18
0.1077254634526872,1.1117879338855368,UNKNOWN_ROW__35829770__unknown_404,unknown_404,35829770,plasma,Positive,HILIC
0.030844691450671324,-0.9746969434948743,IK_YVUQSNJEYSNKRX-UHFFFAOYSA-N,Pimozide,35829770,plasma,Positive,HILIC
-7.117556764068,0.0641064381366317,IK_NZKRYJGNYPYXJZ-UHFFFAOYSA-N,Dopamine 3-O-sulfate,ST003159,serum,Negative,Reverse phase/C18
0.32093813602165305,-0.31968672618570665,IK_GJGMABPPERWSNB-CDMLTSFUSA-N,"PE-NMe2(20:5(5Z,8Z,11Z,14Z,17Z)/18:2(9Z,12Z))",MTBLS11904,plasma,Positive,Reverse phase/C18
-7.783164741654894,-0.5841678173073291,IK_PFDUUKDQEHURQC-ZETCQYMHSA-N,3-O-Methyl-a-methyldopa,MTBLS11904,plasma,Positive,Reverse phase/C18
0.06216226864534359,-0.018493368953790366,IK_YJAJDSAILYGJQK-AATRIKPKSA-N,2-Hydroxyhept-5-enoylcarnitine,MTBLS11904,plasma,Positive,Reverse phase/C18
0.3013828423216324,-0.3187922774502834,IK_JUCWIWDODRNWRN-REKGFNPQSA-N,PC(P-18:0/20:5),MTBLS11904,plasma,Positive,Reverse phase/C18
