MDS1,MDS2,entity_id,canonical_metabolite,study_id,matrix_clean,mode_clean,phase_clean
0.4713713610830888,8.919820901291736,IK_ZXPULTKTJOBQPE-NWGIQDPJSA-N,C16:1 ceramide,24058461,plasma,Not reported,LC-MS/unspecified
-0.2698911237665223,0.376395035137647,IK_LFULEKSKNZEWOE-UHFFFAOYSA-N,Propanil,38720721,serum,Not reported,Reverse phase/C18
-0.08902751870717325,0.05270449593007569,IK_DEKASDKLVVYODQ-UKHRKFAVSA-N,3-keto Fusidic acid,MTBLS11904,plasma,Positive,Reverse phase/C18
-4.39565315286838,-7.0556065455356425,IK_VISAJVAPYPFKCL-UHFFFAOYSA-N,3-Methoxy-4-hydroxyphenylglycolaldehyde,MTBLS11904,plasma,Negative,Reverse phase/C18
-0.05910947452032949,0.1021819527249815,IK_NSVPCFNUUARRKL-CSKARUKUSA-N,11-Hydroxy-9-tridecenoic acid,MTBLS11904,plasma,Positive,Reverse phase/C18
-0.05537256694528445,0.10829001373437293,IK_RDQUQBHPMYFYMX-XIWVQZPPSA-N,Imidazoleacetic acid ribotide,MTBLS11904,plasma,Negative,Reverse phase/C18
-0.8616135013297913,-1.2224595869822992,IK_UTYVDVLMYQPLQB-UHFFFAOYSA-N,Phenylacetylglycine,MTBLS11904,plasma,Negative,Reverse phase/C18
0.01567063953216945,0.22555113804110388,IK_KSPQDMRTZZYQLM-UHFFFAOYSA-N,N-(2-Furoyl)glycine,MTBLS11904,plasma,Negative,Reverse phase/C18
0.03325965991015933,0.2545828840144953,IK_XSXIVVZCUAHUJO-AVQMFFATSA-N,"11,14-Eicosadienoic acid",MTBLS11904,plasma,Negative,Reverse phase/C18
-0.24347833135592906,-0.2021899688796393,IK_WHNWPMSKXPGLAX-UHFFFAOYSA-N,N-VINYL-2-PYRROLIDONE,MTBLS11904,plasma,Negative,Reverse phase/C18
-0.15563733965085927,-0.057203079855849645,IK_LGVYUZVANMHKHV-UHFFFAOYSA-N,Dihydrogeranylacetone,MTBLS11904,plasma,Negative,Reverse phase/C18
-0.4155480763562379,0.35406154728016775,IK_QUOGESRFPZDMMT-YFKPBYRVSA-N,Homoarginine,38720721,serum,Not reported,Reverse phase/C18
-2.390663080505978,-2.7852914230695403,IK_IDRRCKUGGXLORG-FJXQXJEOSA-N,"3-O-Methyldopa1,2,3",ST003159,serum,Negative,Reverse phase/C18
-0.11448702440585164,0.010600420021434154,IK_KZSNJWFQEVHDMF-BYPYZUCNSA-N,L-Valine,MTBLS11904,plasma,Positive,Reverse phase/C18
-0.0015546901237434372,0.19711968682485004,IK_DUVAQXIRJZDZGR-HXMIUARJSA-N,"DG(a-13:0/0:0/20:4(5E,8Z,12Z,14Z)-OH(11R))",MTBLS11904,plasma,Negative,Reverse phase/C18
-0.08116604559494779,0.06570553629332031,IK_YJTVZHOYBAOUTO-URBBEOKESA-N,Fosteabine,MTBLS11904,plasma,Positive,Reverse phase/C18
-0.7341248955525174,-0.4187819621100075,IK_BWKILASWCLJPBO-UHFFFAOYSA-N,LPC 12:0,38720721,serum,Not reported,Reverse phase/C18
-0.1615646632858141,-0.06698648769866465,IK_HMFKFHLTUCJZJO-HHVQYONYSA-N,Polysorbate 80,MTBLS11904,plasma,Negative,Reverse phase/C18
0.044353623024840215,0.2732857497015252,IK_WWZKQHOCKIZLMA-UHFFFAOYSA-M,Octanoate,MTBLS11904,plasma,Positive,Reverse phase/C18
-0.06685241829106277,0.08934182210528187,IK_PKIYFBICNICNGJ-UHFFFAOYSA-N,Monooctyl phthalate,MTBLS11904,plasma,Negative,Reverse phase/C18
-0.46655114030482786,-0.5703851803643077,IK_ZUILKEWVWUKSAO-ZZXKWVIFSA-N,P-coumaroyltriacetic acid lactone,MTBLS11904,plasma,Negative,Reverse phase/C18
-0.1357037645626049,-0.02430150385824681,IK_BKAJNAXTPSGJCU-UHFFFAOYSA-N,4-Methyl-2-oxovaleric Acid,MTBLS11904,plasma,Negative,Reverse phase/C18
-0.05395667219890974,0.11062703387683895,IK_AYHSDYHVIFMJHB-NFPJMEHBSA-N,"PE-NMe(22:5(4Z,7Z,10Z,13Z,16Z)/18:2(9Z,12Z))",MTBLS11904,plasma,Negative,Reverse phase/C18
-3.216326762361134,-5.109056754219746,IK_QQOGTJREOAHYMT-UHFFFAOYSA-N,Resorcinol sulfate,MTBLS11904,plasma,Negative,Reverse phase/C18
-0.307679435436605,-0.30815778722668935,IK_ZBAYEKZBNZHVGF-ZAQYYTCTSA-N,"(7Z,9Z,12Z,15Z,18Z,21Z)-Tetracosa-7,9,12,15,18,21-hexaenoylcarnitine",MTBLS11904,plasma,Negative,Reverse phase/C18
-0.030372040343650156,0.14970695609793108,IK_HBNPJJILLOYFJU-VMPREFPWSA-N,Mibefradil,MTBLS11904,plasma,Positive,Reverse phase/C18
-0.17372469926033995,-0.08705736459493199,IK_BYUOBSUZYQAFJM-UHFFFAOYSA-N,"6,8-Dihydroxypurine",MTBLS11904,plasma,Negative,Reverse phase/C18
-0.3668555014818928,-0.4058314767305814,IK_RDJGLLICXDHJDY-UHFFFAOYSA-N,Fenoprofen,MTBLS11904,plasma,Negative,Reverse phase/C18
-0.2386892760148224,-0.19428534242272097,IK_UQZHJQWIISKTJN-QUBZPPHQSA-N,Sulfosuccinimidyl 6-(biotinamido)hexanoate,MTBLS11904,plasma,Negative,Reverse phase/C18
-0.4514362623913455,-0.15667560238630032,IK_MXVGMMSYPKQPGC-VGWLKTBOSA-N,TG 48:3|TG 12:0_18:1_18:2,37755270,serum,Not reported,Reverse phase/C18
-0.5986914181673696,0.23105883404339098,IK_JSFATNQSLKRBCI-USWFWKISSA-N,15-HETE,ACS1517,serum,Negative,Reverse phase/C18
-0.16623940740940607,-0.0749859329058583,IK_YYQVCMMXPIJVHY-ZOIJLGJPSA-N,LPC 20:2,MTBLS11904,plasma,Positive,Reverse phase/C18
-0.10612552837478133,0.024428381186479844,IK_DBFYXFUOCIHCAH-YHTHSIKYSA-N,"PS(18:3(9Z,12Z,15Z)/18:0)",MTBLS11904,plasma,Positive,Reverse phase/C18
-0.12115614125427443,-2.8976887950788144e-4,IK_FERBTPHUEYEGDN-UHFFFAOYSA-N,4-(undecan-5-yl)benzene-1-Sulfonic Acid,MTBLS11904,plasma,Negative,Reverse phase/C18
0.05753478558502307,0.2950843132385205,IK_ONYIYPVBLNPMLB-UHFFFAOYSA-N,Palmitoyl glucuronide,MTBLS11904,plasma,Positive,Reverse phase/C18
0.008092827321852987,0.21304349935751346,IK_DCXJOVUZENRYSH-UHFFFAOYSA-N,Doxyl,MTBLS11904,plasma,Negative,Reverse phase/C18
-0.6397374378024958,0.10045822158009149,IK_JYGXADMDTFJGBT-VWUMJDOOSA-N,Hydrocortisone,33485385,plasma,Positive,LC-MS/unspecified
-0.38938857149100736,-0.44402252731159014,IK_BTCSSZJGUNDROE-UHFFFAOYSA-N,Gamma Aminobutyric acid,MTBLS11904,plasma,Positive,Reverse phase/C18
-0.19046557103887296,-0.1146891898860663,IK_LRFVTYWOQMYALW-UHFFFAOYSA-N,Xanthine,MTBLS11904,plasma,Negative,Reverse phase/C18
-0.09151709548009196,0.048597641442851676,IK_OMLWNBVRVJYMBQ-YUMQZZPRSA-N,Arginylarginine,MTBLS11904,plasma,Positive,Reverse phase/C18
0.2220701395405479,0.5671873570328706,IK_FOULCGVQZYQEQM-DNXGLLHMSA-N,SM(d16:1/24:1),MTBLS11904,plasma,Positive,Reverse phase/C18
-0.13841062210718097,-0.028769337067618243,IK_QELSKZZBTMNZEB-UHFFFAOYSA-N,Propylparaben,MTBLS11904,plasma,Negative,Reverse phase/C18
-0.3885413099437353,-0.4426213548764112,IK_LYMVXFSTACVOLP-UHFFFAOYSA-N,Tryptophyl-Leucine,MTBLS11904,plasma,Positive,Reverse phase/C18
-0.08062268765108548,0.06661315661799466,IK_BHATUINFZWUDIX-UHFFFAOYSA-N,"N-Tetradecyl-N,N-dimethyl-3-ammonio-1-propanesulfonate",MTBLS11904,plasma,Negative,Reverse phase/C18
-0.10726446961893038,0.02254483879390422,IK_RLKNMGYLNXTJGA-UHFFFAOYSA-N,[(3-Hexyl-4-methyl-2-oxo-2H-chromen-7-yl)oxy]acetic acid,MTBLS11904,plasma,Positive,Reverse phase/C18
0.6140282702740449,1.6891698953992682,IK_GHCZAUBVMUEKKP-WTFVBUONSA-N,Glycoursodeoxycholic acid,29518718,plasma,Positive,LC-MS/unspecified
-0.19665886982588449,-0.07552954557814583,IK_SOECUQMRSRVZQQ-UHFFFAOYSA-N,Ubiquinone 1,ST003159,serum,Negative,Reverse phase/C18
-0.17250358482059733,-0.08534541895285977,IK_IHNHFVFOGDZMEW-UHFFFAOYSA-N,FAHFA(16:0/13-O-16:0),MTBLS11904,plasma,Positive,Reverse phase/C18
0.4791236422033289,0.9922938080224979,IK_LVQDKIWDGQRHTE-UHFFFAOYSA-N,Cyromazine,MTBLS11904,plasma,Positive,Reverse phase/C18
-0.02599969410057808,0.15677172312689844,IK_CAHPJJJZLQXPKS-UHFFFAOYSA-N,Alpha-Methyl-m-tyrosine,MTBLS11904,plasma,Negative,Reverse phase/C18
-0.03298199828841231,0.14524700596037107,IK_CAAKRPRWCVWYAO-UHFFFAOYSA-N,P-O-Desmethyl Verapamil,MTBLS11904,plasma,Negative,Reverse phase/C18
-0.09990384073920588,0.03478844303628444,IK_HCOOTBJPHHNRCV-AQTSNUJDSA-N,3beta-hydroxy-4beta-methyl-5alpha-cholest-7-ene-4alpha-carbaldehyde,MTBLS11904,plasma,Negative,Reverse phase/C18
0.3226435334444873,0.7322285327748997,IK_CULUWZNBISUWAS-UHFFFAOYSA-N,Benznidazole,MTBLS11904,plasma,Negative,Reverse phase/C18
-0.3978907838892345,-0.32406624672999756,IK_WHUUTDBJXJRKMK-VKHMYHEASA-N,Glutamic acid,ST003159,serum,Positive,HILIC
-0.11881019843176416,0.003582352038205941,IK_QYIYFLOTGYLRGG-GPCCPHFNSA-N,Cefaclor,MTBLS11904,plasma,Negative,Reverse phase/C18
-0.0963056315205757,0.040668197351654875,IK_PMTMAFAPLCGXGK-JMTMCXQRSA-N,12-oxo-PDA,MTBLS11904,plasma,Positive,Reverse phase/C18
-0.19630960693285873,-0.12433512566669698,IK_WLGDDELKYAWBBL-UHFFFAOYSA-N,9-Oxo-nonanoic acid,MTBLS11904,plasma,Negative,Reverse phase/C18
0.04231433812031503,0.3509397577733469,IK_MDSIZRKJVDMQOQ-GORDUTHDSA-N,(2E)-4-hydroxy-3-methylbut-2-en-1-yl trihydrogen diphosphate,24167579,serum,Positive,Reverse phase/C18
0.013398230799241653,-0.165466543269219,IK_YYSFWGQAKJTHRE-MEOKJUQFSA-N,LPC 20:1,37755270,serum,Not reported,Reverse phase/C18
-0.4016113564509794,-0.46423615880159524,IK_SGJCXOWLBVNALR-UHFFFAOYSA-N,N-[(4-fluorophenyl)methyl]-1-propyl-4-pyridin-4-ylpyrrole-2-carboxamide,MTBLS11904,plasma,Positive,Reverse phase/C18
-0.17894832587572645,-0.09600351534544503,IK_SZEOBSAZWJLOGY-VGMNWLOBSA-N,Glycylprolylhydroxyproline,MTBLS11904,plasma,Positive,Reverse phase/C18
-2.1386871747925773,-3.336953817232737,IK_OBXKICUTIJDFHI-WMXQMYKUSA-N,"DG(20:4(8Z,11Z,14Z,17Z)-2OH(5S,6R)/8:0/0:0)",MTBLS11904,plasma,Positive,Reverse phase/C18
-0.23031180216542882,-0.18094670815848674,IK_FCXZBWSIAGGPCB-YFKPBYRVSA-N,O-Acetyl-L-homoserine,MTBLS11904,plasma,Positive,Reverse phase/C18
-0.1005701443179312,0.03368866845829745,IK_CIMMACURCPXICP-PNQRDDRVSA-N,Prostaglandin D1,MTBLS11904,plasma,Negative,Reverse phase/C18
-0.19203416028960044,-0.11727824170954088,IK_COXWPCPYWFBNJH-UHFFFAOYSA-N,"2,4-Dihydroxyacetophenone 5-sulfate",MTBLS11904,plasma,Negative,Reverse phase/C18
1.74764086161061,-1.0873329017301308,IK_AGBQKNBQESQNJD-SSDOTTSWSA-N,Lipoic acid,38720721,serum,Not reported,Reverse phase/C18
-0.1397848724943064,-0.031037621121016136,IK_GXQHCJRGIJYVTF-TWHMOVIGSA-N,"PS(20:0/20:3(8Z,11Z,14Z)-2OH(5,6))",MTBLS11904,plasma,Negative,Reverse phase/C18
1.8690729500985106,-0.26190378222033966,IK_BPLYVSYSBPLDOA-UHFFFAOYSA-N,Cer 18:0;2O/24:0,37755270,serum,Not reported,Reverse phase/C18
7.7136591941247135,-2.062787899793379,IK_GOUHYARYYWKXHS-UHFFFAOYSA-N,Benzaldehyde-4-carboxylic acid,38720721,serum,Not reported,Reverse phase/C18
-0.1178482902638739,0.0050416715739226145,IK_IJJKRFDBPRPLQQ-UHFFFAOYSA-N,"Trans-p-Menthane-7,8-diol 7-glucoside",MTBLS11904,plasma,Positive,Reverse phase/C18
-0.05428980799121711,0.11015255509693066,IK_QBMYYTXUDRARHD-SFYZADRCSA-N,Arginine ornithine,MTBLS11904,plasma,Positive,Reverse phase/C18
-0.03174656082704715,0.147286170494852,IK_GJRXIEGNAMFGOV-VEOGPPBOSA-N,"PC(22:6(4Z,7Z,10Z,13Z,16Z,19Z)/P-16:0)",MTBLS11904,plasma,Negative,Reverse phase/C18
1.4672454925537173,-0.7304099194142027,IK_RJZVWDTYEWCUAR-JOCHJYFZSA-N,LPC 15:0,37755270,serum,Not reported,Reverse phase/C18
-0.053720337481382927,0.11109432663245768,IK_VFYGOZNDDVMNNT-UHFFFAOYSA-N,Dodecenoylcarnitine,MTBLS11904,plasma,Positive,Reverse phase/C18
-0.20856080057669518,-0.14497563193361113,IK_PQNASZJZHFPQLE-LURJTMIESA-N,N(6)-Methyllysine,MTBLS11904,plasma,Positive,Reverse phase/C18
0.15265017455459154,0.4913790576350619,IK_DRTQHJPVMGBUCF-XVFCMESISA-N,Uridine,28880465,serum,Positive,LC-MS/unspecified
-0.5124691578001749,-0.6461756553086968,IK_SAAVELCIPHKGJE-UHFFFAOYSA-N,"12-[Methyl-(4-nitro-2,1,3-benzoxadiazol-7-yl)amino]octadecanoic acid",MTBLS11904,plasma,Negative,Reverse phase/C18
0.07641668294043048,0.3258161702619725,IK_RJPPRBMGVWEZRR-WTZPKTTFSA-N,Palatinose,MTBLS11904,plasma,Negative,Reverse phase/C18
5.129502471070469,-1.2452350651335482,IK_FCCZDEAAQZWMGI-NWBJSICCSA-N,Cer 18:1;2O_22:0;(2OH),37755270,serum,Not reported,Reverse phase/C18
-0.24860431110364303,-0.21119824510051996,IK_UKAUYVFTDYCKQA-UHFFFAOYSA-N,DL-Homoserine,MTBLS11904,plasma,Positive,Reverse phase/C18
-0.08274652958238524,0.06310762660290349,IK_VMJGIIURAHPLEX-AVQMFFATSA-N,N-Linoleoyl Tryptophan,MTBLS11904,plasma,Negative,Reverse phase/C18
-0.35695812058890886,-0.38949524868984425,IK_GENAHGKEFJLNJB-QMTHXVAHSA-N,LYSERGAMIDE,MTBLS11904,plasma,Negative,Reverse phase/C18
-0.23321471371859825,-0.18574744575797533,IK_KQXKVJAGOJTNJS-HNNXBMFYSA-N,Penbutolol,MTBLS11904,plasma,Positive,Reverse phase/C18
-0.06694542349836675,0.08918831123998759,IK_YOSHYTLCDANDAN-UHFFFAOYSA-N,Irbesartan,MTBLS11904,plasma,Negative,Reverse phase/C18
-0.043400417708342756,0.12816106359938703,IK_GIUNBNKDUHWVHI-LJQANCHMSA-N,LysoPE(0:0/15:0),MTBLS11904,plasma,Positive,Reverse phase/C18
-0.16009324357912824,-0.06455781942098916,IK_JEKMKNDURXDJAD-HWUKTEKMSA-N,Kahweol,MTBLS11904,plasma,Negative,Reverse phase/C18
-0.046358887440025906,0.12326844511830035,IK_PNQYAMWGTGWJDW-UHFFFAOYSA-N,N-(3-Aminopropyl)-N-methylcarbamic acid tert-butyl ester,MTBLS11904,plasma,Positive,Reverse phase/C18
-0.3098849103594333,-0.31254204236547145,IK_JITCCUITUOPXAR-XSBOKVBDSA-N,Bolton-Hunter reagent,MTBLS11904,plasma,Positive,Reverse phase/C18
-0.007147152299968192,-0.13251694090861535,IK_VPZKQTYZIVOJDV-LMVFSUKVSA-N,Thr-Ala,38720721,serum,Not reported,Reverse phase/C18
-0.6758719725128183,-0.06868962115858099,IK_HXEACLLIILLPRG-UHFFFAOYSA-N,Pipecolic acid,38720721,serum,Not reported,Reverse phase/C18
-0.17497401845234098,-0.08911944236719874,IK_IHNKQIMGVNPMTC-UHFFFAOYSA-N,2-Lysophosphatidylcholine,MTBLS11904,plasma,Negative,Reverse phase/C18
-0.07488797877127067,0.07608799219249486,IK_KMUIHDBETHWZBC-UHFFFAOYSA-N,"N-[2-(2,5-dimethylimidazol-1-yl)ethyl]-1-methylpyrrole-2-carboxamide",MTBLS11904,plasma,Positive,Reverse phase/C18
-0.12204454572421021,-0.001756134360117219,IK_YPJUNDFVDDCYIH-UHFFFAOYSA-N,Heptafluorobutyric acid,MTBLS11904,plasma,Negative,Reverse phase/C18
0.0041921764506818865,0.2066052383812047,IK_BXLYSRPHVMCOPS-ACZMJKKPSA-N,Serylisoleucine,MTBLS11904,plasma,Negative,Reverse phase/C18
0.10470681267607984,0.372510745725333,IK_BNLANPMAYYCMLY-LCXZALMSSA-N,PC(18:1(9Z)/P-18:1(9Z)),MTBLS11904,plasma,Negative,Reverse phase/C18
-0.09325468871725896,0.04576327251660388,IK_UBCPEZWGUOSYHO-JAPSQKQGSA-N,"27-Nor-5b-cholestane-3a,7a,12a,24,25-pentol",MTBLS11904,plasma,Negative,Reverse phase/C18
-0.20044623989730725,-0.13116288931050885,IK_KABXUUFDPUOJMW-BYPYZUCNSA-N,L-Glutamic gamma-semialdehyde,MTBLS11904,plasma,Negative,Reverse phase/C18
0.2954346287263553,0.6885150853959765,IK_PDNJLMZEGXHSCU-UHFFFAOYSA-N,Homocysteinesulfinic acid,MTBLS11904,plasma,Positive,Reverse phase/C18
-0.12394011825598342,-0.013909318751265642,IK_ROHFNLRQFUQHCH-UHFFFAOYNA-N,Leucine,ST001814,plasma,Positive,GC-MS
-0.04642549119774146,0.12919545705429233,IK_AHLPHDHHMVZTML-UHFFFAOYSA-N,Ornithine,ST001814,plasma,Positive,GC-MS
0.03643659173409064,0.2601928284566372,IK_QTAGQHZOLRFCBU-UHFFFAOYSA-N,(R)-Oxypeucedanin,MTBLS11904,plasma,Positive,Reverse phase/C18
-0.1505151328969148,-0.04874856650715247,IK_JPFXYNDBKFIYLX-UHFFFAOYSA-N,Myrsinone,MTBLS11904,plasma,Negative,Reverse phase/C18
-0.3586516415633297,-0.3922905082673557,IK_DUIFVCFSAWHIOD-AATRIKPKSA-N,Indolylacryloylglycine,MTBLS11904,plasma,Negative,Reverse phase/C18
-0.2114541266800065,-0.14933207520738254,IK_FCVJYKICQNLXAX-XPTLAUCJSA-N,(2S)-OMPT,MTBLS11904,plasma,Negative,Reverse phase/C18
-0.127237611486156,-0.01048607237188487,IK_RJMIEHBSYVWVIN-UHFFFAOYSA-N,Indoprofen,MTBLS11904,plasma,Positive,Reverse phase/C18
0.05364571745462551,0.2886527028120019,IK_ADEORFBTPGKHRP-UHFFFAOYSA-N,"1H-Pyrrole-2,5-dione, 1-[7-(dimethylamino)-4-methyl-2-oxo-2H-1-benzopyran-3-yl]-",MTBLS11904,plasma,Positive,Reverse phase/C18
-0.10002061795288353,0.04382603694775713,IK_XGILAAMKEQUXLS-UHFFFAOYSA-N,Indolelactic acid,ST003159,serum,Negative,Reverse phase/C18
0.01863021645426867,0.230745243539877,IK_OGGVRVMISBQNMQ-YPBSLCSMSA-N,Sordarin,MTBLS11904,plasma,Positive,Reverse phase/C18
-0.10401766365437783,0.03888938204335511,IK_ONIBWKKTOPOVIA-UHFFFAOYNA-N,Proline,ST003159,serum,Positive,HILIC
-0.0351613654045035,0.14164982848854618,IK_CHFOVLMTXSAFKC-UHFFFAOYSA-N,Chenodeoxycholylasparagine,MTBLS11904,plasma,Negative,Reverse phase/C18
-0.1599405486982508,-0.0643057873427654,IK_AGVRWBBFKKEVAX-QIEOIKHQSA-N,LysoPI(0:0/18:0),MTBLS11904,plasma,Negative,Reverse phase/C18
-0.3985661395851682,0.4441924626528698,NO_INCHIKEY__5 alpha androstan 3 beta ol 17 one sulfate,5-alpha-androstan-3-beta-ol-17-one sulfate,37755270,serum,Not reported,Reverse phase/C18
-0.1168806949875408,0.006767114680434536,IK_KPGXRSRHYNQIFN-UHFFFAOYSA-N,Oxoglutaric acid,MTBLS11904,plasma,Negative,Reverse phase/C18
-0.028260831782714994,0.15319840254105366,IK_DQNLLSNNESIVOE-UHFFFAOYSA-N,2-Chlorooctadecanoic acid,MTBLS11904,plasma,Positive,Reverse phase/C18
-0.11907394330569905,0.0031470254437296753,IK_VLSMHEGGTFMBBZ-OOZYFLPDSA-N,Kainic acid,MTBLS11904,plasma,Negative,Reverse phase/C18
-0.039400233525006885,0.13477643363771943,IK_GVEZIHKRYBHEFX-NQQPLRFYSA-N,Cerulenin,MTBLS11904,plasma,Positive,Reverse phase/C18
-0.031205411725387495,0.14832875430935366,IK_AEFNZGGBWOQYID-KQPZCCJBSA-N,Demethylphylloquinol,MTBLS11904,plasma,Positive,Reverse phase/C18
-0.07847147688721205,0.07016172344566579,IK_JNWLVTSZGQYXIA-AATRIKPKSA-N,(4E)-3-Hydroxyhex-4-enoylcarnitine,MTBLS11904,plasma,Positive,Reverse phase/C18
-0.2599937243053522,-0.23003367440473163,IK_ZSIQJIWKELUFRJ-UHFFFAOYSA-N,Hexamethyleneimine,MTBLS11904,plasma,Positive,Reverse phase/C18
0.009213115878445872,0.21517155841681818,IK_CMKQOKAXUWQAHG-UHFFFAOYSA-N,Alpha-Terpineol propanoate,MTBLS11904,plasma,Positive,Reverse phase/C18
-0.507803971788053,0.35987388742249365,IK_YWDDIWXKFJEMKF-JTZVLWBESA-N,PC 34:4,33485385,plasma,Positive,LC-MS/unspecified
0.045159215429561014,0.2746180107100656,IK_OTBMMWCXBVNALT-AMOZBRKMSA-N,"PE-NMe(20:4(8Z,11Z,14Z,17Z)/24:0)",MTBLS11904,plasma,Positive,Reverse phase/C18
-0.06650538529963373,0.08991462115915476,IK_OVRNDRQMDRJTHS-JAJWTYFOSA-N,N-Acetyl-b-D-galactosamine,MTBLS11904,plasma,Negative,Reverse phase/C18
-0.23788159505221962,-0.1934653770914744,IK_OGQICQVSFDPSEI-UHFFFAOYSA-N,Tazarotene,MTBLS11904,plasma,Positive,Reverse phase/C18
-0.1681561623853482,-0.07815579767831811,IK_HVDGDHBAMCBBLR-PBHICJAKSA-N,Enterolactone,MTBLS11904,plasma,Positive,Reverse phase/C18
0.08874329514994429,0.34616199207703346,IK_SXHQUGJSTGOXMD-UHFFFAOYSA-N,6-Thiourate,MTBLS11904,plasma,Negative,Reverse phase/C18
-0.07040603632284963,0.08347635910715498,IK_YNXICDMQCQPQEW-UHFFFAOYSA-N,1-Naphthyl phosphate,MTBLS11904,plasma,Negative,Reverse phase/C18
-0.1283904422948353,-0.012392585692324772,IK_SNDPXSYFESPGGJ-BYPYZUCNSA-N,Norvaline,MTBLS11904,plasma,Positive,Reverse phase/C18
-0.029349885601258056,0.2932545457896927,IK_KIDHWZJUCRJVML-UHFFFAOYSA-N,"1,4-diaminobutane",28880465,serum,Positive,LC-MS/unspecified
-0.2618016734352114,-0.23243375668343863,IK_DYNKRGCMLGUEMN-YFKPBYRVSA-N,Parasorbic acid,MTBLS11904,plasma,Negative,Reverse phase/C18
-0.2683814189182555,-0.24329402586645466,IK_QQHJDPROMQRDLA-UHFFFAOYSA-N,Hexadecanedioic acid,MTBLS11904,plasma,Negative,Reverse phase/C18
-0.07531855425115026,0.07537592104881885,IK_AUGHPTXZMAWCOH-XGKJNDTMSA-N,"PA(15:0/22:2(13Z,16Z))",MTBLS11904,plasma,Positive,Reverse phase/C18
0.04953336250854354,0.22853656466358127,IK_SSZWWUDQMAHNAQ-UHFFFAOYSA-N,Glycerol alpha-monochlorohydrin,ST003159,serum,Positive,HILIC
-0.0844300848125183,0.06030757760544926,IK_GFFGJBXGBJISGV-UHFFFAOYSA-N,Adenine,MTBLS11904,plasma,Positive,Reverse phase/C18
-0.2414933027269133,-0.19891355878067948,IK_MEJPFLKDAHVOFR-CGEJCFONSA-N,3-O-Methylniveusin A,MTBLS11904,plasma,Negative,Reverse phase/C18
-0.12894602361666335,-0.013311386697200858,IK_RDHQFKQIGNGIED-UHFFFAOYSA-N,DL-Acetylcarnitine,MTBLS11904,plasma,Positive,Reverse phase/C18
0.6328668325164315,1.246549133074033,IK_NFOMHWALMFWNAQ-UHFFFAOYSA-N,Acetoxyacetylaminofluorene,MTBLS11904,plasma,Positive,Reverse phase/C18
-0.526155745353589,0.30758015403564426,IK_YGPSJZOEDVAXAB-UHFFFAOYSA-N,Kynurenine,38720721,serum,Not reported,Reverse phase/C18
-0.8375699568074783,0.3127118308144794,IK_BFWYTORDSFIVKP-USWFWKISSA-N,15-HPETE,ACS1517,serum,Negative,Reverse phase/C18
0.31688054141633276,0.5367477470524816,IK_REFJWTPEDVJJIY-UHFFFAOYSA-N,rosmarinic acid,38516193,plasma,Positive,LC-MS/unspecified
-0.06035953196946025,0.10011464964490088,IK_WJAJPNHVVFWKKL-UHFFFAOYSA-N,Methoxamine,MTBLS11904,plasma,Positive,Reverse phase/C18
10.949799302063527,-2.514017520167229,IK_CKHWEVXPLJBEOZ-VQVTYTSYSA-N,Thr-Val,38720721,serum,Not reported,Reverse phase/C18
-0.4468868285709221,-0.3845800840358211,IK_NOOJLZTTWSNHOX-UWVGGRQHSA-N,Melanostatin,ST003159,serum,Positive,HILIC
-0.6654865511778562,-0.65456734906976,IK_SGNZYJXNUURYCH-UHFFFAOYSA-N,Dopamine [-NH3],ST003159,serum,Negative,Reverse phase/C18
-0.14440735212899333,-0.03866730413204599,IK_QWUWMCYKGHVNAV-UHFFFAOYSA-N,"1,2-Diphenylethane",MTBLS11904,plasma,Negative,Reverse phase/C18
-0.18743482790078994,-0.11003820744738223,IK_UWNSWIXIVDMCHZ-UHFFFAOYSA-N,Mono-isopropyl-disopyramide,MTBLS11904,plasma,Positive,Reverse phase/C18
-0.23699266526748775,-0.19199529509977573,IK_GEAXLHPORCRESC-UHFFFAOYSA-N,4-Chlorophenyl,MTBLS11904,plasma,Positive,Reverse phase/C18
0.21674703759727185,0.09920732692587257,IK_XJMMNTGIMDZPMU-UHFFFAOYSA-N,3-Methylglutaric acid,38720721,serum,Not reported,Reverse phase/C18
-0.053109911863743045,0.11202466258990325,IK_FAYYTQMQTAKHRM-QDVPYJSNSA-N,Varanic acid,MTBLS11904,plasma,Negative,Reverse phase/C18
0.03774332624256216,0.26198344710939336,IK_YSLVYCWXAPPBIQ-UHFFFAOYSA-N,7-Methyl-cholic acid,MTBLS11904,plasma,Negative,Reverse phase/C18
-0.2633008559225555,-0.23490824888808742,IK_WOODKECARRKLJJ-DIJRFRLPSA-N,"7alpha,12alpha,26-trihydroxycholest-4-en-3-one",MTBLS11904,plasma,Negative,Reverse phase/C18
0.2448248545805773,0.6037840788674067,IK_PIUZYOCNZPYXOA-ZHHJOTBYSA-N,5-Cholesten-3beta-25-diol-3-sulfate,MTBLS11904,plasma,Negative,Reverse phase/C18
-0.39697935360649367,-0.45555272258108653,IK_IZGYIFFQBZWOLJ-UUZREKTLSA-N,Phaseic acid,MTBLS11904,plasma,Negative,Reverse phase/C18
-0.10430421910615789,0.027525351325091534,IK_FWWQKRXKHIRPJY-UHFFFAOYSA-N,Stearaldehyde,MTBLS11904,plasma,Negative,Reverse phase/C18
-0.010273892482430437,0.18294459820061146,IK_QKSASIXPZVMNOQ-FRDLTTBHSA-N,"PC(22:6(4Z,7Z,10Z,13Z,16Z,19Z)/18:4(6Z,9Z,12Z,15Z))",MTBLS11904,plasma,Positive,Reverse phase/C18
-0.3041624248575836,-0.30307838747117344,IK_NGSWKAQJJWESNS-ZZXKWVIFSA-N,p-coumaric acid,MTBLS11904,plasma,Positive,Reverse phase/C18
-0.2418678898230687,-0.2000577772776328,IK_HCHPJRWDAXBWHL-DDCHMOMFSA-N,Cer(d17:1/LTE4),MTBLS11904,plasma,Positive,Reverse phase/C18
-0.17115630020244446,-0.08311732464023497,IK_JDPXOFGDHXVNAK-VHUPYEGGSA-N,"PG(i-12:0/18:2(9Z,11Z))",MTBLS11904,plasma,Positive,Reverse phase/C18
-1.1721247432789705,-1.7349772395072467,IK_ONWMQORSVZYVNH-UHFFFAOYSA-N,Tyrosyl-Asparagine,MTBLS11904,plasma,Negative,Reverse phase/C18
0.5918038307933152,1.178640520136545,IK_BFBJRMADQFCOCV-UHFFFAOYSA-N,3-Butyl-1-(hydroxymethyl)-1-(4-methylphenyl)sulfonylurea,MTBLS11904,plasma,Positive,Reverse phase/C18
-0.06741541252493073,0.08844587136584177,IK_FHSUFDYFOHSYHI-UHFFFAOYSA-N,3-Oxopentanoic acid,MTBLS11904,plasma,Positive,Reverse phase/C18
-0.12605624749353297,-0.00837769172279647,IK_FQJISUPNMFRIFZ-HXUWFJFHSA-N,Ronacaleret,MTBLS11904,plasma,Negative,Reverse phase/C18
0.2722845005280559,1.0812772528504124,NO_INCHIKEY__tripeptide leu ile lys gln,Tripeptide: Leu/Ile-Lys-Gln,24167579,serum,Positive,Reverse phase/C18
-0.046761683718408026,0.1226023140761854,IK_CBMYJHIOYJEBSB-ULTMTAQRSA-N,"3a,17a-Dihydroxy-5b-androstane",MTBLS11904,plasma,Positive,Reverse phase/C18
-1.0286335407797416,-1.4981363000507217,IK_PHYYADMVYQURSX-GHXNOFRVSA-M,3-methylsulfinylpropyl-glucosinolate,MTBLS11904,plasma,Negative,Reverse phase/C18
-0.09233322653873635,0.047237627288426245,IK_ZPLOQFLCMVIWRY-UHFFFAOYSA-N,FLESTOLOL,MTBLS11904,plasma,Positive,Reverse phase/C18
-0.05491483690404457,0.1091189033582841,IK_GSEOJHIBPQRSNH-XZOQPEGZSA-N,LysoSM(d18:0),MTBLS11904,plasma,Positive,Reverse phase/C18
-0.0037458140472912595,0.1937405155763546,IK_KWIUHFFTVRNATP-UHFFFAOYSA-N,Betaine,MTBLS11904,plasma,Positive,Reverse phase/C18
0.02093304770064583,0.23423706219943322,IK_NHTGHBARYWONDQ-JTQLQIEISA-N,Metyrosine,MTBLS11904,plasma,Negative,Reverse phase/C18
-1.7153074020617036,-2.193872847876258,IK_IPWKIXLWTCNBKN-UHFFFAOYSA-N,Ornidazole,38720721,serum,Not reported,Reverse phase/C18
-0.12972383697193143,-0.014597708679872217,IK_RCCMXKJGURLWPB-UHFFFAOYSA-N,L-2-Amino-4-methylenepentanedioic acid,MTBLS11904,plasma,Positive,Reverse phase/C18
0.059215418514034446,0.29786368746227637,IK_MXRPNYMMDLFYDL-YFKPBYRVSA-N,N-Acetyl-S-(N-methylcarbamoyl)cysteine,MTBLS11904,plasma,Positive,Reverse phase/C18
-1.2999325525555947,0.013376618800624074,IK_YZQCXOFQZKCETR-UWVGGRQHSA-N,L-Aspartyl-L phenylalanine,28880465,serum,Positive,LC-MS/unspecified
-0.24395029629553155,-0.2029689750090733,IK_RLVAVWQAAQFUOP-UHFFFAOYSA-N,3-Epipapyriferic acid,MTBLS11904,plasma,Negative,Reverse phase/C18
-0.09765506708421126,0.038500180805412225,IK_YCIMNLLNPGFGHC-UHFFFAOYSA-N,Pyrocatechol,MTBLS11904,plasma,Negative,Reverse phase/C18
-1.1534793098879192,-1.707650132546455,IK_UKDKTHYZLXZOSS-UHFFFAOYSA-N,N-Acetylvanilalanine,MTBLS11904,plasma,Positive,Reverse phase/C18
-0.18825430987004166,-0.11139343938378646,IK_LDKDGDIWEUUXSH-UHFFFAOYSA-N,THYMOLPHTHALEIN,MTBLS11904,plasma,Positive,Reverse phase/C18
-0.17761563341822617,-0.09347958756255863,IK_NRBFOSKZAWRBJI-KRWDZBQOSA-N,N-Palmitoyl Alanine,MTBLS11904,plasma,Negative,Reverse phase/C18
-0.05026424139340619,0.11672161531819118,IK_XUJWOMMOEOHPFP-UTJQPWESSA-N,"8Z,11Z-eicosadienoic acid",MTBLS11904,plasma,Negative,Reverse phase/C18
-1.2127594793029401,-1.3304909907530542,IK_VJNCICVKUHKIIV-ZCFIWIBFSA-N,"Dopachrome2,3",ST003159,serum,Negative,Reverse phase/C18
-0.18133166251560467,-0.0996131191746875,IK_DNPZYIPMAWRQQE-BVILWSOJSA-N,"(+/-)-11,12-Dihydroxy-5Z,8Z,14Z,17Z-eicosatetraenoic acid",MTBLS11904,plasma,Negative,Reverse phase/C18
-0.10023699252856841,0.034238555747290456,IK_OVCDSSHSILBFBN-UHFFFAOYSA-N,Amodiaquine,MTBLS11904,plasma,Negative,Reverse phase/C18
-0.1492241702507576,-0.04661775451593751,IK_AOQMRUTZEYVDIL-UHFFFAOYSA-N,Flupoxam,MTBLS11904,plasma,Negative,Reverse phase/C18
-0.1500986931421023,-0.04806120783445313,IK_OUICDHFBMJCDTL-GHRIWEEISA-N,Notoginsenoside T1,MTBLS11904,plasma,Negative,Reverse phase/C18
-0.11231374053764392,0.014305150234730557,IK_WQXXBAWHDQWCKL-XVFCMESISA-N,Phosphoribosylformylglycinamidine,MTBLS11904,plasma,Negative,Reverse phase/C18
0.03459226669108581,0.2567824327732534,IK_GGAXPLCKKANQED-UHFFFAOYSA-N,Menthone lactone,MTBLS11904,plasma,Negative,Reverse phase/C18
-0.33473412763845384,-0.3528131999097363,IK_JTUPDNHGJNUOCW-UHFFFAOYSA-N,Dimethyl-3-hydroxypyrid-4-one,MTBLS11904,plasma,Negative,Reverse phase/C18
-0.12501528687228206,-0.0068108663169488695,IK_ZFOZVQLOBQUTQQ-UHFFFAOYSA-N,Tributyl citrate,MTBLS11904,plasma,Positive,Reverse phase/C18
0.28731557456069273,0.673917592009802,IK_OBFSLMQLPNKVRW-RHPAUOISSA-N,Cer(d18:1/18:1(9Z)),MTBLS11904,plasma,Negative,Reverse phase/C18
0.39054583490911626,0.6497128739889997,IK_COVZYZSDYWQREU-UHFFFAOYSA-N,Busulfan,ST003159,serum,Positive,HILIC
-0.13775819973052145,-0.027692474254511632,IK_BXZVVICBKDXVGW-NKWVEPMBSA-N,Didanosine,MTBLS11904,plasma,Negative,Reverse phase/C18
-0.4253207812531115,-0.5034460093554506,IK_SNDPXSYFESPGGJ-UHFFFAOYSA-N,DL-Norvaline,MTBLS11904,plasma,Positive,Reverse phase/C18
-0.1970324919685069,-0.12591050184033417,IK_ZYGHJZDHTFUPRJ-UHFFFAOYSA-N,Coumarin,MTBLS11904,plasma,Positive,Reverse phase/C18
-0.22268158205847582,-0.19620249269448053,IK_IPCSVZSSVZVIGE-UHFFFAOYSA-N,Palmitic acid,ST001814,plasma,Positive,GC-MS
-0.11597320390191436,0.008142626392649854,IK_KKUOJZVNLJCTPF-UHFFFAOYSA-N,Glucosyl passiflorate,MTBLS11904,plasma,Positive,Reverse phase/C18
-0.10976458451719211,0.01841023263374416,IK_IPWFJLQDVFKJDU-UHFFFAOYSA-N,Pentanamide,MTBLS11904,plasma,Positive,Reverse phase/C18
0.37859123541282746,0.8260366887470028,IK_OXVFDZYQLGRLCD-UHFFFAOYSA-N,Hydroxypioglitazone,MTBLS11904,plasma,Positive,Reverse phase/C18
-0.1071950218034498,0.022659688849197397,IK_YBOSYVPZRIDFAY-QSNZGGCFSA-N,"PC(P-16:0/20:5(5Z,8Z,11Z,14Z,16E)-OH(18R))",MTBLS11904,plasma,Positive,Reverse phase/C18
-1.066792545758907,-0.09593459107795974,IK_CVVRPLLCUNBBAA-VOXCOYEFSA-N,TG 44:2,37755270,serum,Not reported,Reverse phase/C18
-0.08708298490626992,0.05592030040683783,IK_UPWPIFMHSFSVLE-UHFFFAOYSA-N,"N-Cyclohexyl-1,3-Benzothiazol-2-Amine",MTBLS11904,plasma,Positive,Reverse phase/C18
-0.14089537823197648,-0.03287057790146279,IK_ZJAZCYLYLVCSNH-JHJVBQTASA-N,Tetranor-PGEM,MTBLS11904,plasma,Negative,Reverse phase/C18
2.4135269789932083,-0.6386897677696457,IK_MZJVEEJEYSKNPH-OSTDEYQUSA-N,MGDG 34:2,37755270,serum,Not reported,Reverse phase/C18
-0.5992883875311069,0.4295702292955804,IK_DTOSIQBPPRVQHS-PDBXOOCHSA-N,Linolenic Acid,33485385,plasma,Negative,LC-MS/unspecified
0.024644381877473698,0.24069126771309526,IK_QPXTXCACGFCAKL-HNHHUQGDSA-N,Ganglioside GT3 (d18:1/26:1(17Z)),MTBLS11904,plasma,Positive,Reverse phase/C18
-0.5413431344977703,0.45023911081964724,IK_ZFMJJVQJMOVKIB-RQOIEFAZSA-N,PE O-18:1_18:2,37755270,serum,Not reported,Reverse phase/C18
-0.23631557025960812,-0.19036739650234324,IK_VFLQJBVJJLGBKM-HZPDHXFCSA-N,Muricatacin,MTBLS11904,plasma,Negative,Reverse phase/C18
-0.286546457076409,9.905061021527537,IK_VQFKFAKEUMHBLV-BYSUZVQFSA-N,C26:0 galactosylceramide,24058461,plasma,Not reported,LC-MS/unspecified
-0.13127946443551822,-0.01717035343964141,IK_JJPSZKIOGBRMHK-UHFFFAOYSA-N,"2,6-Dimethylquinoline",MTBLS11904,plasma,Positive,Reverse phase/C18
-0.1443925682047359,-0.0388563642689895,IK_WBBQTNCISCKUMU-IUQGRGSQSA-N,"13,16,19-Docosatrienoic acid",MTBLS11904,plasma,Positive,Reverse phase/C18
-0.07559634453553914,0.07491652094359418,IK_DAFOCGYVTAOKAJ-UHFFFAOYSA-N,4-Amino-3-phenylbutanoic acid,MTBLS11904,plasma,Positive,Reverse phase/C18
-0.14404643778345308,-0.03807159223760294,IK_SGFJJNBUMXQSMU-PDBXOOCHSA-N,Glycidyl,MTBLS11904,plasma,Negative,Reverse phase/C18
-0.03624410836151521,0.13986269563507386,IK_KGFGBSRVWKBWIC-UHFFFAOYSA-N,"1H-Imidazole-1-acetamide, N,N-bis(2-hydroxyethyl)-2-nitro-",MTBLS11904,plasma,Negative,Reverse phase/C18
-0.1912012810044558,-0.11590352368566514,IK_XULZWQRXYTVUTE-UHFFFAOYSA-N,HBOA trihexose,MTBLS11904,plasma,Negative,Reverse phase/C18
0.00995292385064901,0.2161137013052237,IK_KDCCOOGTVSRCHX-RWPZCVJISA-N,Urobilin,MTBLS11904,plasma,Negative,Reverse phase/C18
-0.026235060030194848,0.2888583503194137,IK_DIVLBIVDYADZPL-UHFFFAOYSA-N,Carboxyibuprofen,38720721,serum,Not reported,Reverse phase/C18
-0.08227720763759881,0.06386793400230423,IK_WGFOBBZOWHGYQH-MXHNKVEKSA-N,Lubiprostone,MTBLS11904,plasma,Positive,Reverse phase/C18
-0.10522270902551847,0.025921434106041114,IK_RJYQLMILDVERHH-UHFFFAOYSA-N,4-Ipomeanol,MTBLS11904,plasma,Positive,Reverse phase/C18
-3.8602219997301948,-6.183970303706213,IK_PFDUUKDQEHURQC-ZETCQYMHSA-N,3-O-Methyl-a-methyldopa,MTBLS11904,plasma,Positive,Reverse phase/C18
0.06492401460339788,0.3073043725044003,IK_XGLZBINKZRQAPD-OTMYLMJASA-N,GPCho(22:5/14:1),MTBLS11904,plasma,Positive,Reverse phase/C18
-0.5613466731129834,-0.7268509604762711,IK_FCCFXOHVERVHQR-KDXRDGMUSA-N,Corchorifatty acid A,MTBLS11904,plasma,Negative,Reverse phase/C18
-0.3338721263510485,-0.3522112948946705,IK_LZFOPEXOUVTGJS-ONEGZZNKSA-N,Sinapyl alcohol,MTBLS11904,plasma,Positive,Reverse phase/C18
0.9301853955735201,0.8607438374118956,IK_BMLMGCPTLHPWPY-REOHCLBHSA-N,Procysteine,38720721,serum,Not reported,Reverse phase/C18
1.305446867157158,9.57618868038969,IK_VJLLLMIZEJJZTE-LKPYDFSUSA-N,C16:0 glucosylceramide,24058461,plasma,Not reported,LC-MS/unspecified
-0.07194686264087392,0.08093313228634258,IK_BJRNKVDFDLYUGJ-RMPHRYRLSA-N,Arbutin,MTBLS11904,plasma,Negative,Reverse phase/C18
-0.2106628915296317,-0.1480260939510502,IK_JVGVDSSUAVXRDY-UHFFFAOYSA-N,Hydroxyphenyllactic acid,MTBLS11904,plasma,Negative,Reverse phase/C18
-0.17847608178186358,-0.09522253424803566,IK_OENIAPNUBVAGPG-YKEUAMLNSA-N,"PE(20:4(8Z,11Z,14Z,17Z)-2OH(5S,6R)/DiMe(13,5))",MTBLS11904,plasma,Positive,Reverse phase/C18
-0.0997414617890713,0.030765450061126586,IK_QWCKQJZIFLGMSD-UHFFFAOYSA-N,2-Aminobutanoic acid,ST001814,plasma,Positive,GC-MS
0.0331663657362957,0.8563658962096549,IK_SWINWPBPEKHUOD-JPVZDGGYSA-N,2-hydroxyestrone (2-OH-E1),37589832,plasma,Not reported,LC-MS/unspecified
0.25689852852741063,0.2666222385962696,IK_ZFXYFBGIUFBOJW-UHFFFAOYSA-N,Theophylline,38720721,serum,Not reported,Reverse phase/C18
0.18798523641033685,0.5108188882332741,IK_RZGFUGXQKMEMOO-SZXTZRQCSA-N,7-Epi-12-hydroxyjasmonic acid,MTBLS11904,plasma,Positive,Reverse phase/C18
0.3172125838443247,0.10942719961646723,IK_DQUHYEDEGRNAFO-QMMMGPOBSA-N,N.alpha.-(tert-Butoxycarbonyl)-L-aspartamide,38720721,serum,Not reported,Reverse phase/C18
0.09635601733576753,0.35928556195400557,IK_FWMYJLDHIVCJCT-RRHRGVEJSA-N,"PC(18:2(9Z,12Z)/16:0)",MTBLS11904,plasma,Positive,Reverse phase/C18
-0.09116650609309083,0.049167109782561676,IK_YMJNFVUJNDWLND-ZHACJKMWSA-N,3-Decenoylcarnitine,MTBLS11904,plasma,Positive,Reverse phase/C18
-0.07480641453775705,0.0762132684716531,IK_MBMBGCFOFBJSGT-KUBAVDMBSA-N,Docosahexaenoic Acid,MTBLS11904,plasma,Negative,Reverse phase/C18
0.09596711062191528,0.3586424018397536,IK_ZYOPDNLIHHFGEC-FNORWQNLSA-N,"Trans-2, 3, 4-Trimethoxycinnamate",MTBLS11904,plasma,Positive,Reverse phase/C18
0.040478444683454004,0.2668771095243937,IK_OLNJUISKUQQNIM-UHFFFAOYSA-N,Indole-3-carboxaldehyde,MTBLS11904,plasma,Positive,Reverse phase/C18
-0.6827665771661092,-0.9272618828336988,IK_VRBFTYUMFJWSJY-UHFFFAOYSA-N,Parylene C,MTBLS11904,plasma,Negative,Reverse phase/C18
-0.6004324995835346,0.08015663180729703,IK_SZJNCZMRZAUNQT-IUCAKERBSA-N,Cyclo(Leu-Pro),38720721,serum,Not reported,Reverse phase/C18
0.31938017557542,0.7281154264985359,IK_ARJPPNFIEQKVBB-UHFFFAOYSA-N,Acetamidopropanal,MTBLS11904,plasma,Positive,Reverse phase/C18
0.3112886138224044,0.7134865488998454,IK_MKMUWJJSVUOCQC-DTKYWWSASA-N,PE(18:1(11Z)/18:0),MTBLS11904,plasma,Negative,Reverse phase/C18
-0.12640328048496177,-0.008950490776669803,IK_IBRQTOKMQLIMRF-KACBBQTFSA-N,Candidin,MTBLS11904,plasma,Negative,Reverse phase/C18
-0.08245777165806142,0.06356932325950716,IK_YYELLDKEOUKVIQ-UHFFFAOYSA-N,Octaethyleneglycol monododecyl ether,MTBLS11904,plasma,Positive,Reverse phase/C18
-0.07440184526492158,0.07689194314207788,IK_CQZWLVDDIOZTJI-RYUDHWBXSA-N,Arginylphenylalaninamide,MTBLS11904,plasma,Positive,Reverse phase/C18
0.006343780786115779,0.2101565919260548,IK_AKASWINDKIEEBO-ZJUUUORDSA-N,(+)-Rotundifolone,MTBLS11904,plasma,Negative,Reverse phase/C18
-0.39322208106636564,-0.45036225645929756,IK_HJSJELVDQOXCHO-JGVFFNPUSA-N,Heliotridine,MTBLS11904,plasma,Positive,Reverse phase/C18
-0.13146141695192556,-0.017471260057180273,IK_FJKKCRCBBAXLQZ-UHFFFAOYSA-N,PGP(i-24:0/PGD2),MTBLS11904,plasma,Positive,Reverse phase/C18
-0.13083499939110746,-0.016435311368101613,IK_OISFHODBOQNZAG-IAGOWNOFSA-N,Floionolic acid,MTBLS11904,plasma,Positive,Reverse phase/C18
-0.26398104070334627,-0.23603093523095328,IK_SLWSQPYUSBXANQ-BAJZRUMYSA-N,"2'-Fluoro-2',3'-dideoxyinosine",MTBLS11904,plasma,Negative,Reverse phase/C18
-0.01282215375560432,-0.18557791564582227,IK_VXUOFDJKYGDUJI-OAQYLSRUSA-N,LPC 14:0,37755270,serum,Not reported,Reverse phase/C18
-0.10442915120637696,0.027319143173840862,IK_BGKHCLZFGPIKKU-LDDQNKHRSA-N,PGA1,MTBLS11904,plasma,Negative,Reverse phase/C18
-0.22500600235444718,-0.17217215415847723,IK_CZGFLAQOJPXVRV-GITAKMRZSA-N,Estriol-17-glucuronide,MTBLS11904,plasma,Positive,Reverse phase/C18
-0.06398469869938464,0.09411947094433806,IK_KMDRUUGMNYPPJH-UHFFFAOYSA-N,"Acetamide, 2-(diethylamino)-N-(2-(octyloxy)phenyl)-",MTBLS11904,plasma,Positive,Reverse phase/C18
-0.30152341432836105,-0.2987140812004255,IK_TUZYXOIXSAXUGO-PZAWKZKUSA-N,Pravastatin,MTBLS11904,plasma,Positive,Reverse phase/C18
-0.3068569407168289,-0.10630117191865983,IK_DHMQDGOQFOQNFH-UHFFFAOYSA-N,Glycine,28880465,serum,Positive,LC-MS/unspecified
-0.3000724723333836,-0.2956020337226248,IK_XUSYGBPHQBWGAD-PJSUUKDQSA-N,Carnosol,MTBLS11904,plasma,Negative,Reverse phase/C18
-0.19343544592398634,-0.07154837226281192,IK_ASWBNKHCZGQVJV-HSZRJFAPSA-N,LysoPC(16:0),ST003159,serum,Positive,HILIC
-0.053178645796520777,0.11199015846363784,IK_BZUIJMCJNWUGKQ-BDAKNGLRSA-N,Hypusine,MTBLS11904,plasma,Positive,Reverse phase/C18
0.11077334770811507,0.38312845939738416,IK_YRCWQPVGYLYSOX-VIFPVBQESA-N,D-synephrine,MTBLS11904,plasma,Positive,Reverse phase/C18
-0.0022596345512289075,0.19619830920513853,IK_HCZHHEIFKROPDY-UHFFFAOYSA-N,Kynurenic Acid,MTBLS11904,plasma,Positive,Reverse phase/C18
-0.10647276647464991,0.02385413102596207,IK_AGPKZVBTJJNPAG-WHFBIAKZSA-N,L-Isoleucine,MTBLS11904,plasma,Positive,Reverse phase/C18
-0.6486185305588874,-0.8708984591463504,IK_AIQDYKMWENWVQJ-QIUUJYRFSA-K,Alpha-D-glucuronate 1-phosphate,MTBLS11904,plasma,Negative,Reverse phase/C18
-0.2295414862894865,-0.1791863599464636,IK_NWGKJDSIEKMTRX-MDZDMXLPSA-N,Arlacel,MTBLS11904,plasma,Negative,Reverse phase/C18
-0.07602692001541823,0.07420444979991812,IK_GCIVSXAHMONYLO-HMAFJQTKSA-N,6-Dehydrotestosterone glucuronide,MTBLS11904,plasma,Positive,Reverse phase/C18
-0.09822420096685039,0.037560790848916156,IK_FDMKIGKOMRSCAW-NEPJUHHUSA-N,5-hydroxycalamenene,MTBLS11904,plasma,Negative,Reverse phase/C18
-0.08280500990997547,0.06299507202329885,IK_ALTAAUJNHYWOGS-UHFFFAOYSA-N,Trans-4-Hydroxycyclohexylacetic acid,MTBLS11904,plasma,Positive,Reverse phase/C18
-0.14121047719061716,-0.0335939281409385,IK_COCNDHOPIHDTHK-UHFFFAOYSA-N,Methoxyindoleacetic acid,MTBLS11904,plasma,Positive,Reverse phase/C18
1.091195505339222,1.5494935595800634,IK_RGHMISIYKIHAJW-UHFFFAOYSA-N,"3,4-Dihydroxymandelic acid",38516193,plasma,Positive,LC-MS/unspecified
-0.08935403784608731,0.05220153349291368,IK_RMOGWMIKYWRTKW-UONOGXRCSA-N,Paclobutrazol,MTBLS11904,plasma,Negative,Reverse phase/C18
-0.11171684387434627,0.015290364118199153,IK_JRJGKUTZNBZHNK-UHFFFAOYSA-N,3-Phenylpropyl acetate,MTBLS11904,plasma,Negative,Reverse phase/C18
-0.1948101675066779,-0.12223529686108951,IK_VZFRNCSOCOPNDB-AOKDLOFSSA-N,Domoic acid,MTBLS11904,plasma,Positive,Reverse phase/C18
-0.0029567034435705425,0.19480557776878726,IK_SXGAGTVDWKQYCX-BQBZGAKWSA-N,Glutamylmethionine,MTBLS11904,plasma,Negative,Reverse phase/C18
-0.057276056772351924,0.10521399758997405,IK_WTSNEXSNFSFTFK-DJGAMQLYSA-N,Ginsenoside Rh5,MTBLS11904,plasma,Positive,Reverse phase/C18
7.117586397817433,-2.997459378657151,IK_ILHLUZUMRJQEAH-UHFFFAOYSA-N,3-Isochromanone,38720721,serum,Not reported,Reverse phase/C18
-0.05569265048379314,0.10783258205409038,IK_QADHLRWLCPCEKT-LOVVWNRFSA-N,"Androst-5-ene-3beta,17beta-diol",MTBLS11904,plasma,Positive,Reverse phase/C18
-0.2799445582294824,-0.26237968887925356,IK_PAPBSGBWRJIAAV-UHFFFAOYSA-N,Epsilon-Caprolactone,MTBLS11904,plasma,Negative,Reverse phase/C18
-0.2503079405108402,-0.21346265289225308,IK_MFXYPCMYAZAZDX-UHFFFAOYSA-N,Notoginsenoside R10,MTBLS11904,plasma,Negative,Reverse phase/C18
-0.040178047256800055,0.13349011125783453,IK_BCXBIONYYJCSDF-CIUDSAMLSA-N,Isoleucyl-Valine,MTBLS11904,plasma,Positive,Reverse phase/C18
-0.06827656310816513,0.08702172947570457,IK_XOAAWQZATWQOTB-UHFFFAOYSA-N,Taurine,MTBLS11904,plasma,Positive,Reverse phase/C18
0.053340147968740086,0.2881473626052177,IK_ZPWVTTHIHKYUQK-UHFFFAOYSA-N,"3,4-Methyleneadipic acid",MTBLS11904,plasma,Positive,Reverse phase/C18
0.02712411658606164,0.24445579703393758,IK_FVEFRICMTUKAML-UHFFFAOYSA-M,Sodium Tetradecyl Sulfate,MTBLS11904,plasma,Negative,Reverse phase/C18
-0.08230232727139475,0.06384080988105342,IK_VHVOLFRBFDOUSH-NSCUHMNNSA-N,ISOSAFROLE,MTBLS11904,plasma,Negative,Reverse phase/C18
-0.22793669273258946,-0.17701883146231254,IK_UXDLYVBMRUIQCX-UHFFFAOYSA-N,"1-Hydroxy-2,2,5,5-tetramethylpyrrolidine-3-carboxamide",MTBLS11904,plasma,Positive,Reverse phase/C18
-0.09482239482859933,0.039846940670235906,IK_LCTONWCANYUPML-UHFFFAOYSA-N,Pyruvic Acid,ST001814,plasma,Positive,GC-MS
0.26659886800752824,9.149235678190433,IK_RBWQERGGVBSKJY-BWFPRIDFSA-N,C26:1 ceramide,24058461,plasma,Not reported,LC-MS/unspecified
-0.061067897733728574,0.09894317839600178,IK_SUZYROYNFNQALJ-MHEIZRSESA-N,"PC(20:5(5Z,8Z,11Z,14Z,17Z)/16:0)",MTBLS11904,plasma,Positive,Reverse phase/C18
-0.06069288080888773,0.09956336826086523,IK_NHAJHKARKKFXMR-UHFFFAOYSA-N,Adlupone,MTBLS11904,plasma,Positive,Reverse phase/C18
-0.40195640343877737,0.5071831658058975,IK_DAUHTFNYHSOVRQ-ZETCQYMHSA-N,L-.beta.-Homoglutamine,38720721,serum,Not reported,Reverse phase/C18
-0.09507314179189837,0.042761804787842625,IK_GHBNZZJYBXQAHG-KUVSNLSMSA-N,Mogroside V,MTBLS11904,plasma,Negative,Reverse phase/C18
-0.2296525366590694,-0.17936965485992923,IK_HUQABGDIJUXLRG-QHCPKHFHSA-N,DG(O-18:0/2:0/0:0),MTBLS11904,plasma,Negative,Reverse phase/C18
-0.28864814579587195,-0.27674548915305136,IK_PPFRJNLKWADOTL-WOGJWQOOSA-N,Dolicholide,MTBLS11904,plasma,Negative,Reverse phase/C18
0.3562357005697509,0.05521974579509685,IK_ZQRJDNRTBNYEER-NWBJSICCSA-N,Cer-NS d39:1,37755270,serum,Not reported,Reverse phase/C18
-0.25027105462016713,-0.21395464947210274,IK_VYFLJWHRKHRHBR-CGLJIMKOSA-N,"PS(22:1(13Z)/22:6(5Z,8E,10Z,13Z,15E,19Z)-2OH(7S, 17S))",MTBLS11904,plasma,Positive,Reverse phase/C18
6.029537865785169,-2.9106871272485453,IK_KVBGVZZKJNLNJU-UHFFFAOYSA-M,2-naphthalenesulfonate,38720721,serum,Not reported,Reverse phase/C18
-0.5146221507764233,-0.6497293012199543,IK_HMNKTRSOROOSPP-UHFFFAOYSA-N,3-Ethylphenol,MTBLS11904,plasma,Negative,Reverse phase/C18
-0.03822913699053005,0.1365862855361129,IK_UJFZXWOEMYBQAZ-FBJUMJHFSA-N,"PS(18:1(11Z)/18:2(9Z,12Z))",MTBLS11904,plasma,Negative,Reverse phase/C18
-0.6464252822407286,-0.8672783699096459,IK_AQTYXAPIHMXAAV-UHFFFAOYSA-N,2-methoxyphenol sulfate,MTBLS11904,plasma,Negative,Reverse phase/C18
-0.5469301151744871,0.02015919565282479,NO_INCHIKEY__dg 36 4 isomer a,DG 36:4 Isomer A,37755270,serum,Not reported,Reverse phase/C18
0.43756617335534786,0.9235674615224592,IK_UIKROCXWUNQSPJ-UHFFFAOYNA-N,Cotinine,MTBLS11904,plasma,Positive,Reverse phase/C18
-0.06363195220068268,0.09465739673872499,IK_PFDUUKDQEHURQC-UHFFFAOYSA-N,3-Methoxytyrosine,MTBLS11904,plasma,Negative,Reverse phase/C18
0.3547926698441047,0.7852926342011953,IK_UWHZIFQPPBDJPM-BQYQJAHWSA-N,Vaccenic acid,MTBLS11904,plasma,Negative,Reverse phase/C18
-0.04490048661688996,0.12568030011842998,IK_NBSCHQHZLSJFNQ-QTVWNMPRSA-N,D-Mannose 6-Phosphate,MTBLS11904,plasma,Positive,Reverse phase/C18
0.5803644151346259,1.1597223989441046,IK_RYCNUMLMNKHWPZ-SNVBAGLBSA-N,Lysophosphatidylcholine,MTBLS11904,plasma,Positive,Reverse phase/C18
-0.10979236371868835,0.018364292532184176,IK_XUIIKFGFIJCVMT-LBPRGKRZSA-N,Thyroxine,MTBLS11904,plasma,Positive,Reverse phase/C18
0.05352638663573223,0.28803434622540214,IK_YPUCCOVOHHZJPR-GDGIDMNUSA-N,"DG(20:4(8Z,11Z,14Z,17Z)-2OH(5S,6R)/0:0/a-13:0)",MTBLS11904,plasma,Negative,Reverse phase/C18
-0.39252864880118005,-0.20074822124771052,IK_RSMGIILCLKIXNG-JASYKLOUSA-N,TG 46:3 Isomer A,37755270,serum,Not reported,Reverse phase/C18
1.0523904220690399,-0.5615732792478065,IK_GTZCVFVGUGFEME-UHFFFAOYSA-N,aconitic acid,38720721,serum,Not reported,Reverse phase/C18
0.17685437120923977,0.6314295075180695,IK_JDHILDINMRGULE-UHFFFAOYNA-N,3-Methylhistidine,38720721,serum,Not reported,Reverse phase/C18
-0.09964115703670857,0.030950925020899214,IK_HVYWMOMLDIMFJA-DPAQBDIFSA-N,Cholesterol,ST001814,plasma,Positive,GC-MS
-0.16285562593196953,-0.06911729968987994,IK_KMTRUDSVKNLOMY-UHFFFAOYSA-N,Ethylene carbonate,MTBLS11904,plasma,Negative,Reverse phase/C18
-0.07452685110687035,0.07668521328087691,IK_ZCDKJIRLFSPIQI-QPJJXVBHSA-N,"3,7-Dimethyl-5-octene-1,7-diol 1-glucoside",MTBLS11904,plasma,Positive,Reverse phase/C18
-0.021474384161975123,0.16424102151643655,IK_MUZOGCSYWJPGRB-UHFFFAOYSA-N,Ichangin 4-glucoside,MTBLS11904,plasma,Negative,Reverse phase/C18
-0.0039006330982972017,0.1932475648314454,IK_HIMXGTXNXJYFGB-UHFFFAOYSA-N,Alloxan,MTBLS11904,plasma,Negative,Reverse phase/C18
-0.6026852432206594,-0.7950827800706747,IK_JFLIEFSWGNOPJJ-UHFFFAOYNA-N,Phenylacetylglutamine,MTBLS11904,plasma,Negative,Reverse phase/C18
-0.055053296734513056,0.10881698886127306,IK_HDAGCVMZABLHLE-UHFFFAOYSA-N,Momordol,MTBLS11904,plasma,Negative,Reverse phase/C18
-0.04448380092602126,0.12636940101271774,IK_IGQBPDJNUXPEMT-SNVBAGLBSA-N,Isovalerylcarnitine,MTBLS11904,plasma,Positive,Reverse phase/C18
2.088377141933968,2.167733322849418,IK_SNICXCGAKADSCV-JTQLQIEISA-N,pyridoxal 5-phosphate,38516193,plasma,Positive,LC-MS/unspecified
0.036480126000539535,0.25989845864793937,IK_CUZKLRTTYZOCSD-CIUDSAMLSA-N,2'-Deoxymugineic acid,MTBLS11904,plasma,Negative,Reverse phase/C18
-0.24642117121826096,-0.2070473040780371,IK_WXNXCEHXYPACJF-ZETCQYMHSA-N,N-Acetylleucine,MTBLS11904,plasma,Negative,Reverse phase/C18
2.070059368674897,-0.49265132277334245,IK_BHYOQNUELFTYRT-DPAQBDIFSA-N,cholesterol 3-sulfate,37755270,serum,Not reported,Reverse phase/C18
-0.5880129949696714,-0.7725009293998809,IK_QGZDXQHLEQAGJB-INIZCTEOSA-N,Gly Phe,MTBLS11904,plasma,Positive,Reverse phase/C18
-0.2503079405108402,-0.2134626528922527,IK_XUYPXLNMDZIRQH-LURJTMIESA-N,N-Acetyl-L-methionine,MTBLS11904,plasma,Negative,Reverse phase/C18
-0.08087255132295293,0.06620074178839913,IK_DMAOYRIREVHKFQ-UHFFFAOYSA-N,Gossypetin 8-glucoside 3-sulfate,MTBLS11904,plasma,Negative,Reverse phase/C18
-0.03826129212881278,0.1366599771059854,IK_WMUMHAZHWIUBPN-UONOGXRCSA-N,Xestoaminol C,MTBLS11904,plasma,Positive,Reverse phase/C18
-0.11294528673127577,0.013150094531816665,IK_VVPRQWTYSNDTEA-LLVKDONJSA-N,L-Hexanoylcarnitine,MTBLS11904,plasma,Positive,Reverse phase/C18
0.42602428720173396,-0.30055866260276903,NO_INCHIKEY__lpc 17 1 sn1,LPC 17:1-SN1,37755270,serum,Not reported,Reverse phase/C18
0.08686931689051287,0.3430688768915384,IK_MPWUZHVZZKSTPV-MADBQMNMSA-N,"PE(16:0/22:6(4Z,7Z,10Z,13Z,16Z,19Z))",MTBLS11904,plasma,Negative,Reverse phase/C18
-0.16882285953563358,-0.07925835897348593,IK_IANQTJSKSUMEQM-UHFFFAOYSA-N,Benzofuran,MTBLS11904,plasma,Positive,Reverse phase/C18
-0.012899013374686191,0.17860326110356092,IK_CEJUIQBITPKHHY-OWEZASBCSA-N,"PC(20:4(8Z,11Z,14Z,17Z)/18:2(9Z,12Z))",MTBLS11904,plasma,Positive,Reverse phase/C18
0.09267689929573915,0.22319649448135653,IK_LVNITLZCNUEXQK-UTJQPWESSA-N,carnitine 14:2,33485385,plasma,Positive,LC-MS/unspecified
-0.19618467483263963,-0.124128917515446,IK_UGAGPNKCDRTDHP-UHFFFAOYSA-N,"l-dopa (3,4-dihydroxy-l-phenylalanine)",MTBLS11904,plasma,Negative,Reverse phase/C18
-0.17742770390786403,0.546203112358627,IK_GKZIWHRNKRBEOH-HOTGVXAUSA-N,Phe-Phe,38720721,serum,Not reported,Reverse phase/C18
-0.7187430601474195,-0.036052730478633624,IK_ITPJUJKUKRFQHQ-UHFFFAOYSA-N,guanidinobutyric acid methyl ester,38720721,serum,Not reported,Reverse phase/C18
-0.14039565073619484,-0.03204574716657927,IK_HEGSGKPQLMEBJL-RKQHYHRCSA-N,B-Octylglucoside,MTBLS11904,plasma,Negative,Reverse phase/C18
0.14494158806629234,0.4396347481044488,IK_SSBCZTXGVMMZOT-NBBHSKLNSA-N,"16a-Hydroxyandrost-4-ene-3,17-dione",MTBLS11904,plasma,Positive,Reverse phase/C18
-0.03803905987089296,0.137027497405303,IK_JAVWFBAAZSHHAD-HCYAGMRRSA-N,"PC(16:0/20:4(8Z,11Z,14Z,17Z))",MTBLS11904,plasma,Positive,Reverse phase/C18
0.04497865193766887,0.2743194014401718,IK_MJEVTNQRFPLLCH-QECOYPFHSA-N,"DG(18:3(9Z,12Z,15Z)/15:0/0:0)",MTBLS11904,plasma,Positive,Reverse phase/C18
-0.137349188037236,-0.027208258494457058,IK_ZTQSAGDEMFDKMZ-UHFFFAOYSA-N,Butanal,MTBLS11904,plasma,Positive,Reverse phase/C18
-0.052067483377343744,0.11382776115186705,IK_NICDFCNOCPZHTJ-LXGSHKTASA-N,Annosquamosin B,MTBLS11904,plasma,Positive,Reverse phase/C18
3.2940904358051273,-3.2653922278192393,IK_VCKPUUFAIGNJHC-UHFFFAOYSA-N,Hydroxykynurenine,28880465,serum,Positive,LC-MS/unspecified
-0.06733826458477729,0.08853990313527803,IK_PQKFUDVFSOEHDQ-KBBGFLFPSA-N,"24,24-Difluoro-1alpha,25-dihydroxyvitamin D3",MTBLS11904,plasma,Negative,Reverse phase/C18
-0.13502357978181248,-0.023178817515381138,IK_CNAKQRUFJWYXIC-PPOCGGKUSA-N,Ponasteroside A,MTBLS11904,plasma,Negative,Reverse phase/C18
0.042631321329802616,0.2704374644483451,IK_OLXZPDWKRNYJJZ-RRKCRQDMSA-N,Deoxyadenosine,MTBLS11904,plasma,Positive,Reverse phase/C18
0.007426523743128689,0.2119437247795279,IK_COUYJEVMBVSIHV-SFHVURJKSA-N,Olodaterol,MTBLS11904,plasma,Negative,Reverse phase/C18
-0.39747769299002966,-0.45637526242246623,IK_KWBQPGIYEZKDEG-FSPLSTOPSA-N,Asparaginyl-Valine,MTBLS11904,plasma,Negative,Reverse phase/C18
-0.14987659225089148,-0.04769461693183015,IK_SVURIXNDRWRAFU-OGMFBOKVSA-N,Cedorol,MTBLS11904,plasma,Negative,Reverse phase/C18
-0.2737534898726366,-0.25216095551765305,IK_OPEGYZAATHKDEM-HCWXCVPCSA-N,Penicilloic acid,MTBLS11904,plasma,Negative,Reverse phase/C18
-1.1433296858876267,0.6191670735400131,IK_COLNVLDHVKWLRT-QMMMGPOBSA-N,L-Phenylalanine,28880465,serum,Positive,LC-MS/unspecified
-0.036032576772884496,-0.252031255731244,IK_KXGVEGMKQFWNSR-LLQZFEROSA-N,deoxycholic acid,38720721,serum,Not reported,Reverse phase/C18
0.17922786240684446,0.41112797413463725,IK_SPURMHFLEKVAAS-UHFFFAOYSA-N,Docosene,29518718,plasma,Positive,LC-MS/unspecified
0.12566939462480936,0.3091441457599185,IK_DKZBBWMURDFHNE-NSCUHMNNSA-N,Coniferylaldehyde,38720721,serum,Not reported,Reverse phase/C18
-0.16157252569925912,-0.06726800117514657,IK_SLXKOJJOQWFEFD-UHFFFAOYSA-N,Aminocaproic acid,MTBLS11904,plasma,Positive,Reverse phase/C18
-0.2600803896801305,-0.22959267317895304,IK_FFDNVMGPKVVVOG-JCTPYMPQSA-N,Fuegin,MTBLS11904,plasma,Negative,Reverse phase/C18
0.07605576874693565,0.3252204594432194,IK_HWDMHJDYMFRXOX-XVFCMESISA-N,"Uridine 2',3'-cyclic phosphate",MTBLS11904,plasma,Negative,Reverse phase/C18
-0.07239106479981854,0.0801999500838834,IK_JVZRCNQLWOELDU-UHFFFAOYSA-N,4-Phenylpyridine,MTBLS11904,plasma,Negative,Reverse phase/C18
-0.1814345513615021,-0.1001151516534307,IK_DZTHIGRZJZPRDV-GFCCVEGCSA-N,N-Acetyl-D-tryptophan,MTBLS11904,plasma,Positive,Reverse phase/C18
0.0040117190136274225,0.2063073816975303,IK_OXUGTFWFXADACU-PXNASSMWSA-N,PA(20:0/LTE4),MTBLS11904,plasma,Negative,Reverse phase/C18
-0.08086047610906114,0.0662108765001057,IK_MFOCDFTXLCYLKU-CMPLNLGQSA-N,Phendimetrazine,MTBLS11904,plasma,Positive,Reverse phase/C18
-0.16987957395048423,-0.08071075147256965,IK_ORDAZKGHSNRHTD-UXHICEINSA-N,Legumelin,MTBLS11904,plasma,Negative,Reverse phase/C18
-0.24551888516973416,-0.20555802643533447,IK_UPLCTTWJNCYYAW-UHFFFAOYSA-N,Arg-Thr-Lys-Arg,MTBLS11904,plasma,Negative,Reverse phase/C18
-0.1207373120280322,2.6390422382067144e-4,IK_ONIBWKKTOPOVIA-BYPYZUCNSA-N,L-Proline,MTBLS11904,plasma,Positive,Reverse phase/C18
0.578960105375301,9.430287264606335,IK_AURCBSWGPREGRQ-AQNFZCBMSA-M,C20:0 galactosylceramide,24058461,plasma,Not reported,LC-MS/unspecified
1.539072775739166,-1.1391769321688061,IK_VVQVMHASNBSOOC-UHFFFAOYSA-N,4-(Hydroxymethyl)benzenesulfonic acid,38720721,serum,Not reported,Reverse phase/C18
-0.4469229542252766,-0.537987667728725,IK_QTXWOOLAHRQMGZ-UHFFFAOYSA-N,11-Oxo-androsterone glucuronide,MTBLS11904,plasma,Negative,Reverse phase/C18
-0.3699649172026883,-0.41096375645055744,IK_SMYALUSCZJXWHG-UHFFFAOYSA-N,Altanserin,MTBLS11904,plasma,Negative,Reverse phase/C18
-0.2863421597887508,-0.2736078323050256,IK_HQIDPEYTETUCNF-XVFCMESISA-N,Uridine 2'-phosphate,MTBLS11904,plasma,Positive,Reverse phase/C18
-0.13327955641494602,-0.02047803879804496,IK_KJPVZTMEFPUZPC-UYQAEJRRSA-N,"SM(d20:1/22:6(5Z,7Z,10Z,13Z,16Z,19Z)-OH(4))",MTBLS11904,plasma,Positive,Reverse phase/C18
-0.2911329022971927,-0.2808467303841097,IK_MYVYPSWUSKCCHG-UHFFFAOYSA-N,Tryptophyl-Serine,MTBLS11904,plasma,Negative,Reverse phase/C18
-0.16322537965125317,-0.070001434618865,IK_PRXCKJGVECBOID-WXGDJGGUSA-N,"(12Z,15Z)-10-Hydroxyoctadeca-12,15-dienoylcarnitine",MTBLS11904,plasma,Positive,Reverse phase/C18
-0.06761589103730374,0.08808166437870865,IK_VXBLCLVRWCLEOX-BFYSZXNBSA-N,6-Deoxocastasterone,MTBLS11904,plasma,Negative,Reverse phase/C18
-2.595445867236504,-4.0842551500785484,IK_ZMCBYSBVJIMENC-UHFFFAOYSA-N,Ethyl 3-aminobenzoate,MTBLS11904,plasma,Negative,Reverse phase/C18
-0.08370782910719243,0.06150202017942695,IK_IQVQXVFMNOFTMU-FLIBITNWSA-N,Ligusticide,MTBLS11904,plasma,Positive,Reverse phase/C18
-0.15303046587220615,-0.05314142858882606,IK_UHWVSEOVJBQKBE-UHFFFAOYSA-N,TRIMETAZIDINE,MTBLS11904,plasma,Positive,Reverse phase/C18
0.04083886038476715,0.2670928146672768,IK_CDSQRAACZGXZNE-UHFFFAOYSA-N,Perilloside B,MTBLS11904,plasma,Negative,Reverse phase/C18
0.28532351129305467,0.9149419827512995,NO_INCHIKEY__tripeptide cys lys his,Tripeptide: Cys-Lys-His,24167579,serum,Positive,Reverse phase/C18
-0.11168908147021267,0.015336187647958558,IK_PDLPZZHYCMXDCF-UHFFFAOYSA-N,"2,4(1H,3H)-Pyrimidinedione, 1-(2,3-dihydro-2-furanyl)-5-fluoro-",MTBLS11904,plasma,Negative,Reverse phase/C18
-0.13616857840358487,-0.0252558054696713,IK_ASPCIAWQVXVATP-VWXYMJEFSA-N,Lucidenic acid E2,MTBLS11904,plasma,Positive,Reverse phase/C18
-0.12258591720271522,-0.0026497007868529674,IK_LFTRJWKKLPVMNE-RCBQFDQVSA-N,Valyl-prolyl-glycyl-valyl-glycine,MTBLS11904,plasma,Negative,Reverse phase/C18
0.9805949677460543,0.6130302843100438,IK_NTYJJOPFIAHURM-UHFFFAOYSA-N,nicotine,38516193,plasma,Positive,LC-MS/unspecified
-0.1390020421412744,-0.029941693013866955,IK_FVTVMQPGKVHSEY-UHFFFAOYSA-N,1-AMINOCYCLOBUTANE CARBOXYLIC ACID,MTBLS11904,plasma,Positive,Reverse phase/C18
-0.20358341839876104,-0.13634099295745988,IK_JZWNYZVVZXZRRH-MDZDMXLPSA-N,1-Oleoylglycerophosphoserine,MTBLS11904,plasma,Negative,Reverse phase/C18
-0.45708613297695355,-0.5559784812647806,IK_SMQAUVNNWONFCH-ULUSZKPHSA-N,Methionine glutamate,MTBLS11904,plasma,Positive,Reverse phase/C18
-0.08604127030257248,0.05764305303977266,IK_SQMGCPHFHQGPIF-JIOYIOPFSA-N,Aconine,MTBLS11904,plasma,Positive,Reverse phase/C18
-0.10978160141798249,0.01222991877687945,IK_XSQUKJJJFZCRTK-UHFFFAOYSA-N,Urea,ST001814,plasma,Positive,GC-MS
-0.33916403659749766,-0.3609628779668153,IK_LNJNFVJKDJYTEU-UHFFFAOYSA-N,Diethofencarb,MTBLS11904,plasma,Positive,Reverse phase/C18
-0.11926502232098124,0.0026987276032175733,IK_ODHCTXKNWHHXJC-VKHMYHEASA-N,L-Pyroglutamic acid,MTBLS11904,plasma,Positive,Reverse phase/C18
-0.13669638029943607,-0.02612866705146314,IK_DFNZHOWEYYDHLO-XMMPIXPASA-N,PA(10:0/i-13:0),MTBLS11904,plasma,Positive,Reverse phase/C18
-0.1200983940792432,0.0013205254174259932,IK_LJTSIMVOOOLKOL-FNRDIUJOSA-N,Antroquinonol,MTBLS11904,plasma,Positive,Reverse phase/C18
-0.1435855866234554,-0.0375218048371117,IK_PNFUIOJRSUFFPH-VYFLHTJVSA-N,"PC(18:2(9Z,12Z)/22:4(7Z,10Z,13Z,16Z))",MTBLS11904,plasma,Positive,Reverse phase/C18
-0.06791543544376472,0.08761895056408613,IK_KVXSPXCUAWCXEI-UHFFFAOYSA-N,(2S)-2-Amino-6-[(3-formylpiperidin-1-yl)amino]hexanoic acid,MTBLS11904,plasma,Positive,Reverse phase/C18
-0.10007041682214896,0.03451349919318036,IK_RRCGNPRHZQPOOT-FFBSXHGNSA-N,"20,26-Dihydroxyecdysone",MTBLS11904,plasma,Negative,Reverse phase/C18
-0.18048490218043864,-0.09821549046162249,IK_AGMMTXLNIQSRCG-UHFFFAOYSA-N,Quinethazone,MTBLS11904,plasma,Negative,Reverse phase/C18
-1.5813936327971827,0.7226371583467815,IK_UKAUYVFTDYCKQA-VKHMYHEASA-N,L-Homoserine,28880465,serum,Positive,LC-MS/unspecified
-0.03226101611809439,0.14658303142703058,IK_WRDTXMBPHMBGIB-STECZYCISA-N,Ile Tyr Val,MTBLS11904,plasma,Positive,Reverse phase/C18
-0.19210356667645714,-0.11739280093115373,IK_DQBQWWSFRPLIAX-UHFFFAOYSA-N,"5-Acetyl-3,4-dihydro-2H-pyrrole",MTBLS11904,plasma,Negative,Reverse phase/C18
-0.41335668025602135,-0.24377389397806246,IK_BAZVSMNPJJMILC-STQMWFEESA-N,TG 46:4 Isomer A,37755270,serum,Not reported,Reverse phase/C18
-1.236630714205868,-0.18383069250244044,IK_MUMXFARPYQTTSL-BQBZGAKWSA-N,Met-Gln,38720721,serum,Not reported,Reverse phase/C18
0.18051269997827427,0.4976329645312011,IK_JHIWIFRQJXLNEU-GSQAGGHASA-N,"4alpha-carboxy-5alpha-cholesta-8,24-dien-3beta-ol",MTBLS11904,plasma,Negative,Reverse phase/C18
-0.5384509906814762,-0.69053695078024,IK_INDBQLZJXZLFIT-UHFFFAOYSA-N,Primaquine,MTBLS11904,plasma,Positive,Reverse phase/C18
-0.5778626030794449,-0.03621704342712595,IK_VYZAGTDAHUIRQA-WHFBIAKZSA-N,Ala-Glu,38720721,serum,Not reported,Reverse phase/C18
-0.16175900177289093,-0.06730725507152863,IK_PDWIQYODPROSQH-PYHARJCCSA-N,Deoxyribose,MTBLS11904,plasma,Negative,Reverse phase/C18
-0.1672672326006164,-0.07668571568662141,IK_RGHHSNMVTDWUBI-UHFFFAOYSA-N,4-Hydroxybenzaldehyde,MTBLS11904,plasma,Positive,Reverse phase/C18
-0.10666404350726,0.02363031824528373,IK_AOPMSFXOYJXDNJ-IRFSQMTFSA-N,Plumieride,MTBLS11904,plasma,Negative,Reverse phase/C18
-0.1529471286442404,-0.05300360868135886,IK_UATOAILWGVYRQS-HHHXNRCGSA-N,PC(20:0/0:0),MTBLS11904,plasma,Positive,Reverse phase/C18
-0.232498207505931,-0.1840666079854314,IK_XVTARERDLIZSBS-KSCSMHSMSA-N,DN-isobutylamide,MTBLS11904,plasma,Negative,Reverse phase/C18
-0.14833580533708776,-0.04537755715376806,IK_JKIFWWSPZOSHGE-UHFFFAOYSA-N,6-Hydroxyheptanoylcarnitine,MTBLS11904,plasma,Positive,Reverse phase/C18
-0.6690531325744034,0.033050223054818015,IK_RPVCUZZJCXVVDW-WDSKDSINSA-N,Norophthalmic acid [-CO2],28880465,serum,Positive,LC-MS/unspecified
-1.5240113502220123,-0.6252283112659347,IK_GXPIUNZCALHVBA-UHFFFAOYSA-N,Acetyl-sulfamethoxazole,37755270,serum,Not reported,Reverse phase/C18
0.07868853746242581,0.33006767782630997,IK_OUEUPCHAIFZTKH-LSWZYRHBSA-N,GPEtn(14:0/22:2),MTBLS11904,plasma,Positive,Reverse phase/C18
-0.062151281103452354,0.0971515147336411,IK_PNZJCTOIJIYXNH-QVLAUCSVSA-N,"Cer(d16:1/20:4(8Z,11Z,14Z,17Z)-2OH(5S,6R))",MTBLS11904,plasma,Positive,Reverse phase/C18
-0.04737282269018002,0.12159163366261558,IK_GUAHPAJOXVYFON-ZETCQYMHSA-N,KAPA,MTBLS11904,plasma,Positive,Reverse phase/C18
-0.37095360812653977,0.41521460751360895,IK_FDRCXEWKDMDDQD-UHFFFAOYSA-N,2-hydroxyacetophenone sulfate,38720721,serum,Not reported,Reverse phase/C18
-0.20077681395851094,-0.24720370847982395,IK_JFLIEFSWGNOPJJ-JTQLQIEISA-N,Phenylacetyl-L-glutamine,33485385,plasma,Positive,LC-MS/unspecified
-0.09947352000680737,0.03549871415234049,IK_KJNZIEGLNLCWTQ-KRWDZBQOSA-N,AB-Chminaca,MTBLS11904,plasma,Negative,Reverse phase/C18
0.6231013433090181,0.4155879529078104,IK_KXSPLNAXPMVUEC-NCOIDOBVSA-N,Uridine - H2O,28880465,serum,Positive,LC-MS/unspecified
-0.15941305879833578,-0.06343513307812296,IK_SHLWEZVZPAYIHX-UHFFFAOYSA-N,"3-Oxo-12,18-ursadien-28-oic acid",MTBLS11904,plasma,Negative,Reverse phase/C18
-0.2335809503108986,-0.1858537397632128,IK_JVTAAEKCZFNVCJ-UWTATZPHSA-N,D-Lactic acid,MTBLS11904,plasma,Negative,Reverse phase/C18
-0.0884997164348071,0.0535773579090374,IK_CXTATJFJDMJMIY-UHFFFAOYSA-N,Octanoylcarnitine,MTBLS11904,plasma,Positive,Reverse phase/C18
-0.0365389905858195,0.13950826128347577,IK_WVBBZEILYLXGFN-RBUKOAKNSA-N,Sphingosine 1-phosphate (d19:1-P),MTBLS11904,plasma,Positive,Reverse phase/C18
0.05431762193815206,0.28934032855742403,IK_ROARNVGCLDIFFV-PEZBUJJGSA-N,PE-NMe(16:0/18:1(11Z)),MTBLS11904,plasma,Negative,Reverse phase/C18
-0.1266681405997955,-0.009544300439144317,IK_FYPMFJGVHOHGLL-UHFFFAOYSA-N,Probucol,MTBLS11904,plasma,Positive,Reverse phase/C18
-0.03410832327855663,0.14352801670986465,IK_DIFYHTVBKJHYKE-OUNRCAHPSA-N,Gonal,MTBLS11904,plasma,Positive,Reverse phase/C18
-0.623324454125964,0.4577541287047059,IK_NUDXOGPEQRPSKT-MVOZTAHOSA-N,FA 18:3 (y-linolenic acid),37755270,serum,Not reported,Reverse phase/C18
-0.0686932491755585,0.08633262818420244,IK_JWYOAMOZLZXDER-UHNVWZDZSA-N,"(1r,2s)-2-Aminocyclopentanecarboxylic acid",MTBLS11904,plasma,Positive,Reverse phase/C18
-0.08447175342649968,0.060238667651716066,IK_KRHHFPJGGBLAAH-MYBCZMNMSA-N,Physagulin D,MTBLS11904,plasma,Positive,Reverse phase/C18
-0.1405899892232714,-0.03236651453944286,IK_IGRHJCFWWOQYQE-SYQHCUMBSA-N,Tetranor-PGFM,MTBLS11904,plasma,Negative,Reverse phase/C18
0.02039418623472142,0.2336624372738864,IK_SAMRUMKYXPVKPA-UHFFFAOYSA-N,Behenoyl-arabinofuranosyl-cytosine,MTBLS11904,plasma,Positive,Reverse phase/C18
-0.21529722170522358,-0.15611609868080753,IK_GBOGMAARMMDZGR-TYHYBEHESA-N,Cytochalasin B,MTBLS11904,plasma,Positive,Reverse phase/C18
0.032121391616311876,0.25270410262859955,IK_KVYNYRIOAYQBFK-AIIPJEMGSA-N,Hordatine A,MTBLS11904,plasma,Negative,Reverse phase/C18
-1.1849233476198775,-0.035321141817859336,IK_GXRODSBSDBCXSO-YJMJMZFLSA-N,TG 10:0_12:0_18:2,37755270,serum,Not reported,Reverse phase/C18
-0.09533336473235778,0.042276099929295985,IK_AMXYRHBJZOVHOL-UHFFFAOYSA-N,"2,6-Nonadien-1-ol",MTBLS11904,plasma,Positive,Reverse phase/C18
-0.10227812885836576,0.030791081659265376,IK_VSDWHZGJGWMIRN-UHFFFAOYSA-N,"3-Methyl-1-(2,4,6-trihydroxyphenyl)-1-butanone",MTBLS11904,plasma,Positive,Reverse phase/C18
0.2620390793385248,0.6321972029356442,IK_ZZUMXQCSMJCDDC-DFQOQHGMSA-N,"7a,12a-Dihydroxy-3-oxo-4-cholenoic acid",MTBLS11904,plasma,Negative,Reverse phase/C18
-0.2672709135571082,-0.24146106948322288,IK_IXVMHGVQKLDRKH-QHBHMFGVSA-N,24-Epibrassinolide,MTBLS11904,plasma,Negative,Reverse phase/C18
-0.1035420760965083,0.028700808329797815,IK_XDSSPSLGNGIIHP-VKHMYHEASA-N,Se-Methylselenocysteine,MTBLS11904,plasma,Positive,Reverse phase/C18
-0.08933308819306965,0.052199155723246085,IK_PKXWXXPNHIWQHW-RCBQFDQVSA-N,Semagacestat,MTBLS11904,plasma,Positive,Reverse phase/C18
-1.1467913349842433,-1.693162911404375,IK_IGTYILLPRJOVFY-UHFFFAOYSA-N,Paracetamol sulfate,MTBLS11904,plasma,Negative,Reverse phase/C18
0.17584857673738624,0.4899345462255336,IK_DFELABABMXOKTD-IYFIADHGSA-N,GlcCer(d18:1/20:0),MTBLS11904,plasma,Negative,Reverse phase/C18
0.020060837771818177,0.23311115628706472,IK_WRADPCFZZWXOTI-BMRADRMJSA-N,(9E)-10-nitrooctadecenoic Acid,MTBLS11904,plasma,Positive,Reverse phase/C18
-0.0041486103256737385,0.1930743845342396,IK_NQDAYVPCMIYPCA-UHFFFAOYSA-N,Simonin V,MTBLS11904,plasma,Positive,Reverse phase/C18
2.874258857325081,-1.2004352073702198,IK_WOMAZEJKVZLLFE-UHFFFAOYSA-N,2-Propanamidoacetic acid,38720721,serum,Not reported,Reverse phase/C18
-0.17505925789737223,-0.08957190599461655,IK_FIZFZQIBGCHOJY-UHFFFAOYSA-N,Santalyl phenylacetate,MTBLS11904,plasma,Positive,Reverse phase/C18
-0.2888702470636066,-0.27711208045288815,IK_HQUSKUTUDDZKOD-UTOMUYHSSA-N,Cinncassiol D3,MTBLS11904,plasma,Negative,Reverse phase/C18
-0.07713808243459483,0.07236684711168871,IK_DYSDOYRQWBDGQQ-XLPZGREQSA-N,N6-Methyl-2'-deoxyadenosine,MTBLS11904,plasma,Positive,Reverse phase/C18
-0.129432480700593,-0.04393048737447059,IK_DNXHEGUUPJUMQT-CBZIJGRNSA-N,estron (E1),37589832,plasma,Not reported,LC-MS/unspecified
-0.5741036060548951,-0.7479070534073874,IK_KXIAPDOVNFLKOS-FSBLEZRJSA-N,DG(PGD2/8:0/0:0),MTBLS11904,plasma,Negative,Reverse phase/C18
-0.14344954112015473,-0.03708637835413256,IK_GQMMRLBWXCGBEV-UHFFFAOYSA-N,3-Nitrobenzaldoxime,MTBLS11904,plasma,Negative,Reverse phase/C18
-0.2032641478114652,-0.13581401743334592,IK_IIRJJZHHNGABMQ-WPRPVWTQSA-N,N-lactoyl-phenylalanine,MTBLS11904,plasma,Negative,Reverse phase/C18
-0.07883260492813628,0.06956450196006991,IK_SGLDLWSTFXXDDD-LFSNXOCVSA-N,"PA(14:0/18:1(12Z)-O(9S,10R))",MTBLS11904,plasma,Positive,Reverse phase/C18
-0.05427594278620495,0.11010005835272485,IK_KVBGVZZKJNLNJU-UHFFFAOYSA-N,2-Naphthalenesulfonic acid,MTBLS11904,plasma,Negative,Reverse phase/C18
0.34402019892831154,0.7688642700735147,IK_IBQZIPBWWJOUDZ-UHFFFAOYSA-N,"2-[(2S)-2,6-Diaminohexanoyl]oxyacetic acid",MTBLS11904,plasma,Positive,Reverse phase/C18
1.2361151231892802,0.1719254349744425,IK_RYYVLZVUVIJVGH-UHFFFAOYSA-N,Caffeine,38720721,serum,Not reported,Reverse phase/C18
-0.060359609022060334,0.09281039604043732,IK_XUYPXLNMDZIRQH-LURJTMIESA-N,N-Acetyl-L-methionine,ST003159,serum,Positive,HILIC
-0.07584635614700094,0.07450305946702658,IK_MVYUVUOSXNYQLL-UHFFFAOYSA-N,FAPy-adenine,MTBLS11904,plasma,Positive,Reverse phase/C18
-0.5458072649091174,-0.506754338695858,IK_KQXKVJAGOJTNJS-HNNXBMFYSA-N,Penbutolol,ST003159,serum,Negative,Reverse phase/C18
-0.042421295668338625,0.12966687296266338,IK_QHVMVGMCKWPDHT-UHFFFAOYSA-N,Fluorescein thiohydantoin,MTBLS11904,plasma,Negative,Reverse phase/C18
0.04453129156679548,0.27318739650584367,IK_XTKGXPFBKPYFDW-UHFFFAOYSA-N,4-(4-Guanidinobenzoyloxy)phenylacetate,MTBLS11904,plasma,Negative,Reverse phase/C18
-0.18783762417917232,-0.11070433848949705,IK_MNLRQHMNZILYPY-MKFCKLDKSA-N,N-Acetylmuramate,MTBLS11904,plasma,Positive,Reverse phase/C18
0.7628747316659273,10.724315988700054,IK_UKMSUNONTOPOIO-UHFFFAOYSA-N,Behenic acid,24058461,plasma,Not reported,LC-MS/unspecified
-0.2079496614528777,-0.14396495044435012,IK_IFZSZULHIWFRSB-KZVJFYERSA-N,Isoleucylhydroxyproline,MTBLS11904,plasma,Positive,Reverse phase/C18
-0.372421910771307,-0.4150191726789512,IK_LBGFKUUHOPIEMA-PEARBKPGSA-N,Sapacitabine,MTBLS11904,plasma,Negative,Reverse phase/C18
0.012866061961913233,0.2212126782946322,IK_TUZHANAISKEZFG-GHDNBGIDSA-N,Menatetrenone Epoxide,MTBLS11904,plasma,Positive,Reverse phase/C18
0.04756210406389757,0.2785918275077986,IK_KGPNNIOVWVIXOR-UHFFFAOYSA-N,3-Methylbut-2-enoylcarnitine,MTBLS11904,plasma,Positive,Reverse phase/C18
-0.06366523980101173,0.09464778100329652,IK_MEZHYUGWUQWXOK-QPPIDDCLSA-N,PGP(i-12:0/i-22:0),MTBLS11904,plasma,Positive,Reverse phase/C18
-0.1850518564782899,-0.10575352494022855,IK_ZNJFBWYDHIGLCU-HWKXXFMVSA-N,Jasmonic acid,MTBLS11904,plasma,Negative,Reverse phase/C18
-0.0776798473326174,0.07147049504346381,IK_BQYSFFVQHVEQKA-WWNHDLEVSA-N,"PE-NMe(16:0/22:5(4Z,7Z,10Z,13Z,16Z))",MTBLS11904,plasma,Negative,Reverse phase/C18
-0.25538240084615454,-0.22240762180144974,IK_GBDRMPRTNVKBAD-BYPYZUCNSA-N,"(S)-Methyl 2,5-diamino-5-oxopentanoate",MTBLS11904,plasma,Positive,Reverse phase/C18
0.045770354929903306,0.27562869259653844,IK_CVSVTCORWBXHQV-UHFFFAOYSA-N,Creatine,MTBLS11904,plasma,Positive,Reverse phase/C18
-0.34832393956141994,-0.37524400871334873,IK_COVOPZQGJGUPEY-UHFFFAOYSA-N,"2,4-Dihydroxy-2H-1,4-benzoxazin-3(4H)-one",MTBLS11904,plasma,Negative,Reverse phase/C18
-0.018184511156167787,0.16967115684439596,IK_DMQQXDPCRUGSQB-UHFFFAOYSA-N,Trimethylenediaminetetraacetic acid,MTBLS11904,plasma,Negative,Reverse phase/C18
-0.0187326151539531,0.1689558472759261,IK_NZNWCYFBFHHMLM-UHFFFAOYSA-N,(S)-alpha-Terpinyl glucoside,MTBLS11904,plasma,Positive,Reverse phase/C18
0.7083326267970537,1.9070289025138516,IK_AEMOLEFTQBMNLQ-QIUUJYRFSA-N,Beta-D-Glucopyranuronic acid,24167579,serum,Positive,Reverse phase/C18
-0.11609820974386234,0.007935896531449039,IK_GYSZYWSJZCKCBD-LXGUAGHKSA-N,Dehydroxypaxilline,MTBLS11904,plasma,Positive,Reverse phase/C18
0.7085938008026944,0.1481337633985558,IK_DWTTZBARDOXEAM-GXTWGEPZSA-N,Zeranol,38720721,serum,Not reported,Reverse phase/C18
0.13998924178111552,0.20907770101019665,IK_GPSDUZXPYCFOSQ-UHFFFAOYSA-N,3-methylbenzoic acid 01,38720721,serum,Not reported,Reverse phase/C18
-0.13879929908133418,-0.02941087181334465,IK_WCQFXNQALHURHS-BUHFOSPRSA-N,[12]-Shogaol,MTBLS11904,plasma,Negative,Reverse phase/C18
-0.09740290415074038,0.03885356491281253,IK_CMEYODOSAQTQFO-SAIUNTKASA-N,PS(14:0/16:0),MTBLS11904,plasma,Positive,Reverse phase/C18
0.07629175121673724,0.32560996250793606,IK_VTCHIESVVACVBD-DMKRFUROSA-N,Genistein sulfate,MTBLS11904,plasma,Negative,Reverse phase/C18
-0.077082950973409,0.07245570677555137,IK_VDYDCVUWILIYQF-CSMHCCOUSA-N,S-Lactoylglutathione,MTBLS11904,plasma,Negative,Reverse phase/C18
-0.0862446222773353,0.05733381213720059,IK_RGIBXDHONMXTLI-UHFFFAOYSA-N,Chavicol,MTBLS11904,plasma,Negative,Reverse phase/C18
0.08938183579596777,0.34721594165235553,IK_OFPGGYKTROURFO-UCCAZXFESA-N,"Cer(d16:1/20:4(5Z,8Z,11Z,14Z)-OH(20))",MTBLS11904,plasma,Negative,Reverse phase/C18
-0.05985950905062456,0.10094157044665694,IK_JXGLGTFMAQOJBB-HEDKFQSOSA-N,LysoPC(14:1(9Z)/0:0),MTBLS11904,plasma,Positive,Reverse phase/C18
-0.18190079677476848,-0.10055250952839714,IK_NLLMJANWPUQQTA-SPUZQDLCSA-N,"Estra-1,3,5(10),7-tetraene-3,17alpha-diol",MTBLS11904,plasma,Negative,Reverse phase/C18
-0.09093038427063983,0.04955760100974405,IK_HKJOYARIOKGODS-UHFFFAOYSA-N,6-Amino-N-[6-keto-6-(6-ketohexylamino)hexyl]hexanamide,MTBLS11904,plasma,Positive,Reverse phase/C18
5.98989054510496,-3.3422602582875016,IK_VYFYYTLLBUKUHU-UHFFFAOYSA-N,Dopamine,38720721,serum,Not reported,Reverse phase/C18
-0.36559230161639394,-0.4037464886663386,IK_OUYCCCASQSFEME-QMMMGPOBSA-N,L-Tyrosine,MTBLS11904,plasma,Negative,Reverse phase/C18
0.33927335432486977,0.7596770616796651,IK_OPQNCARIZFLNLF-JBHFWYGFSA-N,Ansamitocin P-3,MTBLS11904,plasma,Negative,Reverse phase/C18
-0.020100133398324907,0.16650930596704916,IK_ZXNAIPHYBVMMPY-DHSLYTQISA-N,MG(22:1(13Z)/0:0/0:0),MTBLS11904,plasma,Negative,Reverse phase/C18
-0.4774088175973781,0.5377611690083719,IK_FSQQTNAZHBEJLS-UPHRSURJSA-N,Maleamic acid,38720721,serum,Not reported,Reverse phase/C18
-0.0908192678411772,0.0497413610187706,IK_VIDLVGFSJZUUCT-KRXZEVONSA-N,"SM(d18:2(4E,14Z)/20:5(7Z,9Z,11E,13E,17Z)-3OH(5,6,15))",MTBLS11904,plasma,Positive,Reverse phase/C18
-0.033733305825146095,0.1441482080476342,IK_CBMYJHIOYJEBSB-CAHXEBCQSA-N,Androstanediol,MTBLS11904,plasma,Positive,Reverse phase/C18
-0.24169111949966962,-0.23129718801592067,IK_GTZCVFVGUGFEME-HNQUOIGGSA-N,Trans-Aconitic Acid,ST001814,plasma,Positive,GC-MS
-0.2764742284672346,-0.25665169941621296,IK_WZNJWVWKTVETCG-YFKPBYRVSA-N,Mimosine,MTBLS11904,plasma,Negative,Reverse phase/C18
-0.15814985855631272,-0.061350144616667344,IK_WDLWHQDACQUCJR-PBFPGSCMSA-N,Cefprozil,MTBLS11904,plasma,Negative,Reverse phase/C18
-0.09464282068297512,0.04347207630111285,IK_YGPSJZOEDVAXAB-UHFFFAOYSA-N,Kynurenine,MTBLS11904,plasma,Negative,Reverse phase/C18
0.7107056069929537,0.00581600302811712,IK_ATRNZOYKSNPPBF-UHFFFAOYSA-N,beta-Hydroxymyristic acid,38720721,serum,Not reported,Reverse phase/C18
-0.00932940451918551,0.1845065610739069,IK_IBZYPBGPOGJMBF-QRHMYKSGSA-N,N-Jasmonoylisoleucine,MTBLS11904,plasma,Positive,Reverse phase/C18
-0.37328255246058345,-0.4164397142325879,IK_NFXHRONXTSUXIR-PUKZTNJRSA-N,"DG(16:0/0:0/20:3(8Z,11Z,14Z)-2OH(5,6))",MTBLS11904,plasma,Negative,Reverse phase/C18
-1.0675752835558265e-4,0.19975866452630398,IK_QZAYGJVTTNCVMB-UHFFFAOYSA-N,Serotonin,MTBLS11904,plasma,Positive,Reverse phase/C18
-0.43183395928639606,-0.5130823652475587,IK_VZCYOOQTPOCHFL-OWOJBTEDSA-N,fumaric acid,MTBLS11904,plasma,Negative,Reverse phase/C18
-0.1340226100382545,0.21910672462325378,IK_FFEARJCKVFRZRR-UHFFFAOYNA-N,Methionine,38720721,serum,Not reported,Reverse phase/C18
-0.09561451289388005,0.041868238758320235,IK_QONRXIIWERLIJA-CCZSOTCQSA-N,DG(15:0/14:1(9Z)/0:0),MTBLS11904,plasma,Negative,Reverse phase/C18
0.02754941718089989,-0.12496360821888715,IK_SXKNCCSPZDCRFD-UHFFFAOYSA-N,Betaine aldehyde,24167579,serum,Positive,Reverse phase/C18
-0.2522652067357222,-0.2166932394614539,IK_HCRKCZRJWPKOAR-JTQLQIEISA-N,Brinzolamide,MTBLS11904,plasma,Negative,Reverse phase/C18
-0.09950128256298509,0.03545288954689061,IK_ZMITXKRGXGRMKS-LUJOEAJASA-N,Epiandrosterone sulfate,MTBLS11904,plasma,Negative,Reverse phase/C18
-0.018545425726188582,0.16907544562843002,IK_ILCLBYYAGZLAGC-UHFFFAOYSA-N,"8-Chloro-2,3,4,9-Tetrahydro-1h-Beta-Carbolin-1-one",MTBLS11904,plasma,Negative,Reverse phase/C18
-0.27132425893263235,-0.24815136214054265,IK_XUUMFDUVFVNHSM-CMDGGOBGSA-N,"(3b,5a,22E,24S)-Stigmasta-7,22,25-trien-3-ol 3-glucoside",MTBLS11904,plasma,Negative,Reverse phase/C18
0.442062362182388,0.035192427370931235,NO_INCHIKEY__sm d41 2 isomer b,SM d41:2 Isomer B,37755270,serum,Not reported,Reverse phase/C18
-0.08821576970428359,0.05408031380311949,IK_FKTCHXAVPYGOSM-CUAXAMRHSA-N,11'-Carboxy-alpha-chromanol,MTBLS11904,plasma,Negative,Reverse phase/C18
-0.1611759861596151,-0.06634495187724818,IK_LVRFTAZAXQPQHI-UHFFFAOYSA-N,Leucinic Acid,MTBLS11904,plasma,Negative,Reverse phase/C18
0.19996042914933837,0.5297326219560161,IK_QZPQTZZNNJUOLS-UHFFFAOYSA-N,Beta-Lapachone,MTBLS11904,plasma,Negative,Reverse phase/C18
-0.01563525031988011,0.17407816439469564,IK_YOILXOMTHPUMRG-TZMCWYRMSA-N,"(4Ar,10bR)-rel-4-Propyl-2,3,4,4a,5,10b-hexahydrochromeno[4,3-b][1,4]oxazin-9-ol",MTBLS11904,plasma,Positive,Reverse phase/C18
1.3116974018389984,-0.2236392108547456,IK_RGSJNIATDPJNFP-MHAUTQJVSA-N,PE-Cer 20:1;2O/22:0,37755270,serum,Not reported,Reverse phase/C18
1.0858357787307333,0.405543624903259,IK_MWOOGOJBHIARFG-UHFFFAOYSA-N,Vanillin,38720721,serum,Not reported,Reverse phase/C18
-0.08628626626006024,0.0572650764453469,IK_PETDNGRBYPTDNI-QSNWBFGMSA-N,5'-O-Methylmelledonal,MTBLS11904,plasma,Negative,Reverse phase/C18
-0.30354681893527935,0.004591011878964123,IK_SPJFYYJXNPEZDW-FTJOPAKQSA-N,LysoPC(18:2),37755270,serum,Not reported,Reverse phase/C18
-0.0974306835042824,0.038807623735561354,IK_CKTSBUTUHBMZGZ-SHYZEUOFSA-N,Deoxycytidine,MTBLS11904,plasma,Positive,Reverse phase/C18
-0.2197002023189873,-0.16339760083694452,IK_MULVVBYNDZRKPA-XCZWIQLXSA-N,PC(P-16:0/2:0),MTBLS11904,plasma,Positive,Reverse phase/C18
0.048839940714524736,0.2807050706894393,IK_WZCLAXMADUBPSG-RIXBAXMTSA-N,"PC(18:0/18:3(9Z,12Z,15Z))",MTBLS11904,plasma,Positive,Reverse phase/C18
-0.26671625602139476,-0.24115117129975447,IK_SRXKAYJJGAAOBP-UHFFFAOYSA-N,N(5)-Acetylornithine,MTBLS11904,plasma,Positive,Reverse phase/C18
-0.08425959364832089,0.0606102222361619,IK_OYPPJMLKAYYWHH-NXJDUNGTSA-N,Thromboxane B3,MTBLS11904,plasma,Negative,Reverse phase/C18
-0.06924883027290675,0.085413826500849,IK_NITMRIAAAKECLS-IZZDOVSWSA-N,Furapyrimidone,MTBLS11904,plasma,Positive,Reverse phase/C18
0.4940917140420476,1.0152141614814874,IK_FHFZEKYDSVTYLL-UHFFFAOYSA-N,Metomidate,MTBLS11904,plasma,Negative,Reverse phase/C18
-0.1292489508032537,-0.01364744242926715,IK_TWSWSIQAPQLDBP-DOFZRALJSA-N,Adrenic acid,MTBLS11904,plasma,Negative,Reverse phase/C18
-0.1151953901701206,0.00942894877253489,IK_JADDQZYHOWSFJD-FLNNQWSLSA-N,5'-N-Ethylcarboxamidoadenosine,MTBLS11904,plasma,Positive,Reverse phase/C18
-0.4641219092127764,-0.5663755859115067,IK_ABOLXXZAJIAUGR-JPMMFUSZSA-N,Ibuprofen glucuronide,MTBLS11904,plasma,Negative,Reverse phase/C18
-0.20736630115403218,-0.1430002086594365,IK_FNRBOAGVUNHDIL-LMZUXBMISA-N,Soyasapogenol E,MTBLS11904,plasma,Positive,Reverse phase/C18
0.3725619063874276,1.119150135493175,IK_XWXLDVGDOHFZSG-KPRBQMARSA-N,Musca-aurin-II,24167579,serum,Positive,Reverse phase/C18
0.4174819149066146,0.8903527892719492,IK_UIKROCXWUNQSPJ-VIFPVBQESA-N,(-)-Cotinine,MTBLS11904,plasma,Positive,Reverse phase/C18
0.39257762229651827,0.8476589911946876,IK_MMAFNNBLJJXUCU-UHFFFAOYSA-N,"(3b,16b,20R)-Pregn-5-ene-3,16,20-triol 3-glucoside",MTBLS11904,plasma,Negative,Reverse phase/C18
-0.011898967232927436,0.1802571048584534,IK_FYIKIBQJAJRKQM-WNCNYDOCSA-N,Linalool (8-hydroxydihydro-),MTBLS11904,plasma,Positive,Reverse phase/C18
-0.1940053077165475,-0.12053174004362263,IK_KCSKCIQYNAOBNQ-YBSFLMRUSA-N,Biotin sulfoxide,MTBLS11904,plasma,Negative,Reverse phase/C18
-0.20939969113556414,-0.14594110441390287,IK_NIOYUNMRJMEDGI-UHFFFAOYSA-N,Palmitaldehyde,MTBLS11904,plasma,Negative,Reverse phase/C18
-0.08670270563834727,0.056577718169861055,IK_BUHZTPLXMFRPCK-CKCUUXPSSA-N,Crepidiaside B,MTBLS11904,plasma,Negative,Reverse phase/C18
0.08897517836493715,0.27725020275246665,IK_DPRVTGUHOBXEIW-UHFFFAOYSA-N,Lucidenic acid M,ST003159,serum,Negative,Reverse phase/C18
-0.14387986170050918,-0.03779664839449824,IK_XRIOEAXABJXXOB-CCZSOTCQSA-N,DG(14:1(9Z)/15:0/0:0),MTBLS11904,plasma,Negative,Reverse phase/C18
17.67847204330085,-4.828661386927844,IK_HYVABZIGRDEKCD-UHFFFAOYSA-N,Isopentenyladenine,38720721,serum,Not reported,Reverse phase/C18
-0.14600370363180862,-0.0413021784095892,IK_NLRKCXQQSUWLCH-UHFFFAOYSA-N,Nitrosobenzene,MTBLS11904,plasma,Negative,Reverse phase/C18
-0.42218197158351006,0.004458297165434245,IK_RJZVWDTYEWCUAR-JOCHJYFZSA-N,LPC 15:0,38720721,serum,Not reported,Reverse phase/C18
-0.3413693983062892,-0.3637651165494855,IK_VMEHOTODTPXCKT-RXMQYKEDSA-N,(2R)-2-Hydroxy-2-methylbutanenitrile,MTBLS11904,plasma,Negative,Reverse phase/C18
-0.26115313724063915,-0.15518486525520458,IK_DRTQHJPVMGBUCF-XVFCMESISA-N,Uridine,ST003159,serum,Negative,Reverse phase/C18
-0.23281747756465673,-0.18459358203663978,IK_VPKCCODFKUZEMT-KZVLABISSA-N,Glu-Ile-Leu-Asp-Val,MTBLS11904,plasma,Negative,Reverse phase/C18
0.13889964291302223,0.42964278235676484,IK_IFNXFIJXYVEYLF-UHFFFAOYSA-N,2-Propylglutaric Acid,MTBLS11904,plasma,Positive,Reverse phase/C18
-0.3837494229926426,-0.43469669300323655,IK_XPQULTFBJPGINB-UHFFFAOYSA-N,5-Ethyl-4-methylthiazole,MTBLS11904,plasma,Positive,Reverse phase/C18
0.18671765021780104,0.507874612206277,IK_KEFJLCGVTHRGAH-UHFFFAOYSA-N,2-Acetyl-5-methylfuran,MTBLS11904,plasma,Negative,Reverse phase/C18
-0.5041577448578749,-0.633823932609188,IK_KLJFYXOVGVXZKT-CCEZHUSRSA-N,Hexadecenal,MTBLS11904,plasma,Positive,Reverse phase/C18
-0.4204373960581117,-0.49427164607786356,IK_AORCXYMSPVAQIZ-UHFFFAOYSA-N,"1,4-Ipomeadiol",MTBLS11904,plasma,Negative,Reverse phase/C18
-0.09815293905756162,0.03761318223727353,IK_DLCUCFRSAVONGT-AEQSUFNNSA-N,"DG(20:5(5Z,8Z,11Z,14Z,17Z)/14:0/0:0)",MTBLS11904,plasma,Positive,Reverse phase/C18
0.0853057732426999,0.4544164210334339,IK_LZCOQTDXKCNBEE-RUTJIGONSA-N,"3-Oxa-9-azoniatricyclo[3.3.1.02,4]nonane, 9-ethyl-7-hydroxy-9-methyl-",24167579,serum,Positive,Reverse phase/C18
-0.08109659815599211,0.06582038595140081,IK_VFBPKQSATYZKRX-UHFFFAOYSA-N,Dactimicin,MTBLS11904,plasma,Positive,Reverse phase/C18
0.025916441528830273,0.24246245602921554,IK_VHMKGBYCXDBNFU-CVWCHQOZSA-N,4'-Methoxymucidin,MTBLS11904,plasma,Negative,Reverse phase/C18
-0.20834471095920928,-0.14419979548740464,IK_DBTMIHPJDPGOCQ-HIFRSBDPSA-N,Enokipodin D,MTBLS11904,plasma,Negative,Reverse phase/C18
-0.33834327070298603,-0.3587703092889057,IK_IPOLTUVFXFHAHI-OUKQBFOZSA-N,Elaidic carnitine,MTBLS11904,plasma,Negative,Reverse phase/C18
-0.18351102978374023,-0.10321029772220208,IK_MRTUWVDDQVMUCR-ACHCNROVSA-N,"LysoPC(18:3(6Z,9Z,12Z)/0:0)",MTBLS11904,plasma,Negative,Reverse phase/C18
-0.06874027812908544,0.08622579475769285,IK_SYRVWXFZYGDVTF-UHFFFAOYSA-N,"(1beta,2beta,5beta)-p-Menth-3-ene-1,2,5-triol",MTBLS11904,plasma,Negative,Reverse phase/C18
-0.09429578769154541,0.04404487535498572,IK_XHMGEKKHSKIGMI-BDBJOHPESA-N,"(11R,12S,13S)-Epoxy-hydroxyoctadeca-cis-9-cis-15-dien-1-oic acid",MTBLS11904,plasma,Negative,Reverse phase/C18
-0.20481062785277623,-0.1387737222961561,IK_XCGYUJZMCCFSRP-UHFFFAOYSA-N,Oxamniquine,MTBLS11904,plasma,Positive,Reverse phase/C18
0.29085531086184374,0.6797601417701449,IK_AZKVWQKMDGGDSV-BCMRRPTOSA-N,Genipin,MTBLS11904,plasma,Negative,Reverse phase/C18
-0.8058798162705852,0.07417885423960616,NO_INCHIKEY__lpe n fa 40 6 lpe n fa 18 0 22 6,LPE-N (FA)40:6|LPE-N (FA 18:0)22:6,37755270,serum,Not reported,Reverse phase/C18
-0.06116512452622461,0.0987823875606693,IK_CYHOMWAPJJPNMW-DHBOJHSNSA-N,Tropine,MTBLS11904,plasma,Positive,Reverse phase/C18
-0.1389936371918857,-0.029731638788994427,IK_CMUNUTVVOOHQPW-LURJTMIESA-N,Proline betaine,MTBLS11904,plasma,Negative,Reverse phase/C18
3.107798022610865,-0.894510862637008,IK_ZHRLECIZINSPKL-AKGZTFGVSA-N,L-Cysteinylglycine disulfide,28880465,serum,Positive,LC-MS/unspecified
-0.41087316657796397,-0.4784853049289076,IK_HAVMVUFJSIMVDG-UHFFFAOYSA-N,Lucidenic acid J,MTBLS11904,plasma,Negative,Reverse phase/C18
-0.14969613481383662,-0.04739676024815582,IK_HQUQLFOMPYWACS-UHFFFAOYSA-N,Tris(2-chloroethyl) phosphate,MTBLS11904,plasma,Negative,Reverse phase/C18
-0.08540235197725855,0.05869967463059402,IK_UGCOPUIBNABIEP-UHFFFAOYSA-N,2-Ethylsulfanyl-1H-benzoimidazole,MTBLS11904,plasma,Positive,Reverse phase/C18
0.21654860642352006,0.5571124155661392,IK_OKKOTEXYXPSGMF-VDRIIYAVSA-N,"PE(20:3(5Z,8Z,11Z)/16:0)",MTBLS11904,plasma,Negative,Reverse phase/C18
-0.07654083249878328,0.07335455807029952,IK_KRVDMABBKYMBHG-UHFFFAOYSA-N,Isoguvacine,MTBLS11904,plasma,Positive,Reverse phase/C18
-0.18082341223768433,-0.09910447016417118,IK_YARKMNAWFIMDKV-UHFFFAOYSA-N,Epanolol,MTBLS11904,plasma,Positive,Reverse phase/C18
0.1304844238103664,0.4150582585792589,IK_RWVIMCIPOAXUDG-UHFFFAOYSA-N,"6,7-Dinitro-1,4-dihydroquinoxaline-2,3-dione",MTBLS11904,plasma,Negative,Reverse phase/C18
3.4705847819403903,-0.8672765066990993,IK_XVZCREABAODILQ-UHFFFAOYSA-N,Cer 18:0;2O_20:0,37755270,serum,Not reported,Reverse phase/C18
-0.256762754422235,-0.2241167153969225,IK_ACSFOIGNUQUIGE-AIPUTVCKSA-N,Dihydrocortisol,MTBLS11904,plasma,Negative,Reverse phase/C18
0.5120737704823217,1.0467856239238607,IK_QVUWNEQTPVMHQT-RLSIPVDZSA-N,GPEtn(16:1/18:1),MTBLS11904,plasma,Positive,Reverse phase/C18
-0.11509816352966847,0.009589738532174747,IK_JXUGDUWBMKIJDC-MMWGEVLESA-N,Kinetensin 1-3,MTBLS11904,plasma,Positive,Reverse phase/C18
-0.06034564255697336,0.10013761949707405,IK_WSWCOQWTEOXDQX-MQQKCMAXSA-N,"(2E,4E)-2,4-Hexadienoic acid",MTBLS11904,plasma,Positive,Reverse phase/C18
-0.2480036416710542,-0.2096592676663915,IK_WPJGPAAPSBVXNU-HZJYTTRNSA-N,"7Z,10Z-Hexadecadienoic acid",MTBLS11904,plasma,Negative,Reverse phase/C18
-0.26752184895468417,-0.2424834337812005,IK_FZWGECJQACGGTI-UHFFFAOYSA-N,7-Methylguanine,MTBLS11904,plasma,Positive,Reverse phase/C18
-0.097666805551212793,0.03841713318685676,IK_ZEXLJFNSKAHNFH-SYKYGTKKSA-N,Endomorphin-1,MTBLS11904,plasma,Positive,Reverse phase/C18
-0.07892916667666239,0.06940841619550686,IK_XBVUKAHAVXVVAD-UHFFFAOYSA-N,5-(3-Aminopropylphosphanyloxy)-2-(hydroxymethyl)pyran-4-one,MTBLS11904,plasma,Negative,Reverse phase/C18
-0.09361106318936435,0.04512438410678569,IK_VTDZILAWJJXPEL-UHFFFAOYSA-N,Lupeoside,MTBLS11904,plasma,Positive,Reverse phase/C18
-0.17618169298100197,-0.09111278189901695,IK_BIXJFIJYBLJTMK-ZUZCIYMTSA-N,Isolysergol,MTBLS11904,plasma,Negative,Reverse phase/C18
-0.5654661233151617,-0.7352136699756996,IK_QIAFMBKCNZACKA-UHFFFAOYSA-N,Hippuric acid,MTBLS11904,plasma,Positive,Reverse phase/C18
-0.07631947845164747,0.07371586518060134,IK_YVYMBNSKXOXSKW-UHFFFAOYSA-N,[3-[2-Aminoethoxy(hydroxy)phosphoryl]oxy-2-hydroxypropyl] hexadecanoate,MTBLS11904,plasma,Negative,Reverse phase/C18
-0.051748024326926254,0.11435607228651606,IK_VIHAEDVKXSOUAT-UHFFFAOYSA-N,2(5H)-Furanone,MTBLS11904,plasma,Positive,Reverse phase/C18
-0.781257510385714,-0.0039939525727962335,IK_JNMDCUOOYCRSIP-WLFVLELZSA-N,TG 42:3,37755270,serum,Not reported,Reverse phase/C18
0.06392349540102368,0.3051954053982353,IK_RRTYEHFGQWNQKK-KIQAWMAPSA-N,12-Keto-tetrahydro-leukotriene B4,MTBLS11904,plasma,Negative,Reverse phase/C18
-0.2395948775673577,-0.12855877792491952,IK_NKDFYOWSKOHCCO-YPVLXUMRSA-N,Crustecdysone,ST003159,serum,Positive,HILIC
-0.2987259839738659,-0.29337957280177146,IK_JLPUXFOGCDVKGO-TUAOUCFPSA-N,Geosmin,MTBLS11904,plasma,Negative,Reverse phase/C18
-0.6210175419538986,0.5006909742797905,IK_MDQKYGOECVSPIW-UHFFFAOYSA-N,chlorothalonil-4-hydroxy,38720721,serum,Not reported,Reverse phase/C18
-0.14539122501788942,-0.04050790852485421,IK_PXWMAVXORZYSKF-KLMYNGQASA-N,"PC(20:3(5Z,8Z,11Z)/18:4(6Z,9Z,12Z,15Z))",MTBLS11904,plasma,Positive,Reverse phase/C18
1.3485762534828982,2.987999863819504,IK_DILDHNKDVHLEQB-XSSYPUMDSA-N,2-hydroxyestradiol (2-OH-E2),37589832,plasma,Not reported,LC-MS/unspecified
4.917038421531417,-2.3675362862112284,IK_XNZFLHDUNBGYBT-ACNMEUTMSA-N,PC 37:7,37755270,serum,Not reported,Reverse phase/C18
-0.4612207134852136,-0.5615869874806532,IK_DKEXFJVMVGETOO-UHFFFAOYSA-N,Glycylleucine,MTBLS11904,plasma,Negative,Reverse phase/C18
-0.12083453866848379,1.031144641800684e-4,IK_FVXDQWZBHIXIEJ-LNDKUQBDSA-N,"PC(18:2(9Z,12Z)/18:2(9Z,12Z))",MTBLS11904,plasma,Positive,Reverse phase/C18
-0.11962919636279552,0.002230546854900401,IK_AURFZBICLPNKBZ-FZCSVUEKSA-N,Alloepipregnanolone,MTBLS11904,plasma,Negative,Reverse phase/C18
-1.3222117782459002,0.10311790313101443,IK_LOIYMIARKYCTBW-OWOJBTEDSA-N,Urocanic acid,28880465,serum,Positive,LC-MS/unspecified
-0.03044148778260421,0.1495921064398509,IK_VIMPHGVJPCSNPE-ZCLMWFBCSA-N,"PC(22:6(4Z,7Z,10Z,13Z,16Z,19Z)/18:3(6Z,9Z,12Z))",MTBLS11904,plasma,Positive,Reverse phase/C18
-0.1875782567378557,-0.10992350254161652,IK_KKEYFWRCBNTPAC-UHFFFAOYSA-N,Terephthalic Acid,MTBLS11904,plasma,Negative,Reverse phase/C18
-0.5529068307246182,-0.71292048894833,IK_ZAIPMKNFIOOWCQ-UEKVPHQBSA-N,Cephalexin,MTBLS11904,plasma,Negative,Reverse phase/C18
0.0068518960101393595,0.21126665264850952,IK_WAZYDHAWJWFGBD-LMJTUUMUSA-N,"PC(18:3(9Z,12Z,15Z)/20:1(11Z))",MTBLS11904,plasma,Positive,Reverse phase/C18
-0.10150031512657212,0.0320774040391498,IK_CWLVBFJCJXHUCF-RNPYNJAESA-N,"(3E,7E)-4,8,12-Trimethyl-1,3,7,11-tridecatetraene",MTBLS11904,plasma,Positive,Reverse phase/C18
-0.33204115167246867,-0.3483682788624586,IK_AQPJRTNUBAWORL-RXMQYKEDSA-N,2-Hydroxy-L-methionine,MTBLS11904,plasma,Negative,Reverse phase/C18
0.19076919077466506,0.23182972828805437,IK_WBHHMMIMDMUBKC-QJWNTBNXSA-N,Ricinoleic acid,37755270,serum,Not reported,Reverse phase/C18
-0.10463737089552007,0.026975464036098948,IK_SOJVORMOXWNMMG-WITMPDRSSA-N,"PE-NMe2(14:0/20:2(11Z,14Z))",MTBLS11904,plasma,Negative,Reverse phase/C18
-0.2253215652075443,-0.1722211238432543,IK_OIOFPHGTOUDKAJ-UHFFFAOYSA-N,Oxonorfloxacin,MTBLS11904,plasma,Negative,Reverse phase/C18
-1.1656982218600287,0.642428519984156,IK_ROHFNLRQFUQHCH-YFKPBYRVSA-N,L-leucine,28880465,serum,Positive,LC-MS/unspecified
-0.03925635476275064,0.13489080013937396,IK_VKENMLSUUVOQLD-VQVTYTSYSA-N,Gamma-Glutamylhydroxyproline,MTBLS11904,plasma,Negative,Reverse phase/C18
-0.15305824484922292,-0.0531873693688626,IK_YLOIOWBAQMCQNL-ROATZPNCSA-N,"PE-NMe(20:2(11Z,14Z)/22:6(4Z,7Z,10Z,13Z,16Z,19Z))",MTBLS11904,plasma,Positive,Reverse phase/C18
-0.14200588359312116,-0.0347035342846929,IK_BWHGMFYTDQEALD-UHFFFAOYSA-N,5-Amino-2-oxopentanoic acid,MTBLS11904,plasma,Negative,Reverse phase/C18
0.07575784670775888,0.32522100012525934,IK_DREVJBVJBRSSDL-UHFFFAOYSA-N,Tazolol,MTBLS11904,plasma,Positive,Reverse phase/C18
-0.10637553983419773,0.02401492078560174,IK_QCDYOIZVELGOLZ-UHFFFAOYSA-N,Salvigenin,MTBLS11904,plasma,Positive,Reverse phase/C18
-0.590614365973437,-0.3489542308358758,IK_OERBUNDZQSEJCT-CJXYNRQTSA-N,TG 14:0_16:0_18:4,37755270,serum,Not reported,Reverse phase/C18
-0.08976366382499375,0.05148708350387928,IK_QYTPGOPLNFESQC-NUTQULCTSA-N,PE(P-16:0/0:0),MTBLS11904,plasma,Positive,Reverse phase/C18
-0.1897437426518801,-0.11349776824856074,IK_JPIJQSOTBSSVTP-GBXIJSLDSA-N,isothreonic acid,MTBLS11904,plasma,Negative,Reverse phase/C18
-0.016615922281964915,0.1722602082706574,IK_PYUSHNKNPOHWEZ-YFKPBYRVSA-N,N-Formyl-L-Methionine,MTBLS11904,plasma,Negative,Reverse phase/C18
0.12738888929163592,0.40994889062416145,IK_BTNMPGBKDVTSJY-UHFFFAOYSA-N,Phenylpyruvic Acid,MTBLS11904,plasma,Negative,Reverse phase/C18
-0.08934697775759991,0.05217618479538311,IK_CBVKLEOGWBFWFG-AXDSSHIGSA-N,Epsilon-(Hexanoyl)lysine,MTBLS11904,plasma,Positive,Reverse phase/C18
-0.009036721430832948,0.18477013932065356,IK_GEPIUXLNBAZTAN-IAHWHINTSA-N,SM(d16:1/TXB2),MTBLS11904,plasma,Negative,Reverse phase/C18
-0.15961410233381396,-0.0640292257704756,IK_YNNMOGWGBFSMGB-UHFFFAOYSA-N,"2,3-Methyleneglutaric acid",MTBLS11904,plasma,Positive,Reverse phase/C18
-0.15889184678053403,-0.06283478427218817,IK_PLHJDBGFXBMTGZ-WEVVVXLNSA-N,Furazolidone,MTBLS11904,plasma,Positive,Reverse phase/C18
-0.13055379502800116,-0.015801166582575278,IK_QWURLWZAOBRLES-JEGFTUTRSA-N,N-Palmitoyl Cysteine,MTBLS11904,plasma,Negative,Reverse phase/C18
-0.8620715848428461,-1.2232156820253304,IK_QTENRWWVYAAPBI-YCRXJPFRSA-N,Streptomycin sulfate,MTBLS11904,plasma,Negative,Reverse phase/C18
-0.11782051106237626,0.005087611675482889,IK_YHHSONZFOIEMCP-UHFFFAOYSA-N,Choline Phosphate,MTBLS11904,plasma,Positive,Reverse phase/C18
-0.07272121218386571,0.0796713184415234,IK_KQBKJSVYIBRYNQ-KKMFPEKASA-N,Tangeraxanthin,MTBLS11904,plasma,Positive,Reverse phase/C18
-0.12095998024873957,0.01796433354164587,IK_FUJLYHJROOYKRA-UHFFFAOYSA-N,carnitine 12:0,ST003159,serum,Positive,HILIC
-1.2510489635427495,0.6467338513834096,IK_KDXKERNSBIXSRK-YFKPBYRVSA-N,L-Lysine,28880465,serum,Positive,LC-MS/unspecified
-0.16874130580868005,-0.07883197116236422,IK_FKSLBYVOWOXWMB-YTBCMDLOSA-N,1-Linoleoyl-sn-Glycero-3-Phosphocholine,MTBLS11904,plasma,Negative,Reverse phase/C18
-0.12443192657343577,-0.005846124532035387,IK_COKMIXFXJJXBQG-NRFANRHFSA-N,Tirofiban,MTBLS11904,plasma,Positive,Reverse phase/C18
-0.03675771705936299,0.1390149531353115,IK_UYEMZAOCHUCHMG-GVTGRELXSA-N,Schleicherastatin 3,MTBLS11904,plasma,Negative,Reverse phase/C18
-1.4128670896453273,0.6835389764046313,IK_AGPKZVBTJJNPAG-WHFBIAKZSA-N,L-Isoleucine,28880465,serum,Positive,LC-MS/unspecified
-0.5007043361791839,0.29197489124582154,IK_NGEWQZIDQIYUNV-UHFFFAOYSA-N,2-Hydroxy-3-methylbutyric acid,38720721,serum,Not reported,Reverse phase/C18
-0.07747143089749772,0.0718155661248672,IK_MMFKFJORZBJVNF-UHFFFAOYSA-N,Histidinyl-Leucine,MTBLS11904,plasma,Positive,Reverse phase/C18
-0.8014012022234243,-2.4886954881259418,IK_CQOQDQWUFQDJMK-SSTWWWIQSA-N,2-methoxyestradiol (2-ME2),37589832,plasma,Not reported,LC-MS/unspecified
-0.03923355929355459,0.1350520741311299,IK_ANKFOZDLPDQNEO-UHFFFAOYSA-N,N-Myristoyl Arginine,MTBLS11904,plasma,Positive,Reverse phase/C18
0.023834243732299577,0.23902566278166795,IK_XEKYYIHOWASTHE-UHFFFAOYSA-N,4-Hydroxy-3-(16-methylheptadecyl)-2H-pyran-2-one,MTBLS11904,plasma,Negative,Reverse phase/C18
-1.5232249530517812,0.29270319383212434,IK_WHUUTDBJXJRKMK-VKHMYHEASA-N,Glutamic acid,28880465,serum,Positive,LC-MS/unspecified
0.19231342407146476,0.1491961383860894,IK_FUJLYHJROOYKRA-UHFFFAOYSA-N,carnitine 12:0,33485385,plasma,Positive,LC-MS/unspecified
0.369330011116526,0.050743874070151795,IK_VKVSSDKCKXJFIM-AFYHZPHLSA-N,PC 34:3,33485385,plasma,Positive,LC-MS/unspecified
-0.13851590848288098,-0.029137740988592578,IK_RDOFJDLLWVCMRU-UHFFFAOYSA-N,Diisobutyl adipate,MTBLS11904,plasma,Positive,Reverse phase/C18
-0.19643453865655233,-0.12454133342073329,IK_QMPHZIPNNJOWQI-DUXPYHPUSA-N,Caffeoylshikimate,MTBLS11904,plasma,Negative,Reverse phase/C18
0.18355270931221312,0.5026506850295666,IK_LYFMZJCIGLZMJF-IRSYNFPBSA-N,"PE(P-16:0/22:2(13Z,16Z))",MTBLS11904,plasma,Negative,Reverse phase/C18
-0.23358973064343802,-0.1863676356228407,IK_YBUXFQUGNPBZPS-YNBHEIDWSA-N,LPC 22:5.1,MTBLS11904,plasma,Positive,Reverse phase/C18
-0.23493701488506522,-0.18859572953825116,IK_CCGRBSFMPVMVTE-SGTVZEORSA-N,"PE(20:4(6Z,8E,10E,14Z)-2OH(5S,12R)/20:0)",MTBLS11904,plasma,Positive,Reverse phase/C18
-0.29193963967313097,-0.28286475665964633,IK_VVUVJGRVEYHIHC-UHFFFAOYSA-N,2-(4-Morpholinyl)benzothiazole,MTBLS11904,plasma,Positive,Reverse phase/C18
-0.2535839323145802,-0.218869876455334,IK_ZFFFJLDTCLJDHL-UHFFFAOYSA-N,"3-alpha,20-alpha-Dihydroxy-5-beta-pregnane 3-glucuronide",MTBLS11904,plasma,Negative,Reverse phase/C18
-0.07101681441269343,0.08246823413728212,IK_QNLZRVLANLZEAS-FRJJSQGGSA-N,"PS(18:1(12Z)-2OH(9,10)/22:0)",MTBLS11904,plasma,Negative,Reverse phase/C18
-0.12537606271274085,-0.007255005379930547,IK_YBDFPZJQBYCWBA-WMTBOZPISA-N,PE(20:3/0:0),MTBLS11904,plasma,Negative,Reverse phase/C18
-0.008675807237337138,0.18536585013940757,IK_HDOVUKNUBWVHOX-QMMMGPOBSA-N,Valaciclovir,MTBLS11904,plasma,Negative,Reverse phase/C18
0.2782159553238039,0.5109769391911125,IK_SKOPRFQCOBOZFB-UHFFFAOYSA-N,3-(Dichloromethylene)-25-pyrrolidinedione,ST003159,serum,Positive,HILIC
-0.09818071788253378,0.0375672425329279,IK_OSCJFAHVJDDMFL-UHFFFAOYSA-N,"3,4-Dimethyl-5-pentyl-2-furanpropanoic acid",MTBLS11904,plasma,Positive,Reverse phase/C18
1.0449969204735015,1.9281160342541204,IK_MADRIHWFJGRSBP-ROUUACIJSA-N,Benazeprilat,MTBLS11904,plasma,Positive,Reverse phase/C18
-2.1586784691572984,-3.3633440473220144,IK_BMVUIWJCUQSHLZ-YFZGBAIXSA-N,Glycerophosphoinositol,MTBLS11904,plasma,Negative,Reverse phase/C18
-0.06016507853651045,0.10043623023987246,IK_XYJOGTQLTFNMQG-KJHBSLKPSA-N,Leucomycin,MTBLS11904,plasma,Positive,Reverse phase/C18
-0.12057063779658066,5.395447172322102e-4,IK_AMTPYFGPPVFBBI-UHFFFAOYSA-N,Acedapsone,MTBLS11904,plasma,Positive,Reverse phase/C18
-0.14747512371501964,-0.04373084708447868,IK_DZHSPYMHDVROSM-UHFFFAOYSA-N,3-Oxododecanoic acid,MTBLS11904,plasma,Negative,Reverse phase/C18
-0.15237765775788084,-0.0520618367486183,IK_FERDPPIQANTDTF-VHDCWOTASA-N,"DG(14:1(9Z)/20:5(5Z,8Z,11Z,14Z,17Z)/0:0)",MTBLS11904,plasma,Positive,Reverse phase/C18
0.1791725976924963,1.1596413306774394,IK_HXEACLLIILLPRG-YFKPBYRVSA-N,L-Pipecolic acid,28880465,serum,Positive,LC-MS/unspecified
-0.6762212393292656,0.2575599264941155,IK_DTBNBXWJWCWCIK-UHFFFAOYSA-N,Phosphoenolpyruvate,38516193,plasma,Positive,LC-MS/unspecified
0.0015720793234271994,0.23410355791029838,IK_HZPUWSUHFOTSAY-AKTWBEBISA-N,Cer 18:1;2O/24:1,37755270,serum,Not reported,Reverse phase/C18
-0.07280454956387643,0.07953349745836603,IK_KVMOASQARMCFEX-OBEJFMRTSA-N,PE(16:1(9Z)/P-18:1(9Z)),MTBLS11904,plasma,Positive,Reverse phase/C18
-0.1849069334245056,-0.10585766078844765,IK_DZTHIGRZJZPRDV-UHFFFAOYSA-N,N-Acetyl-DL-tryptophan,MTBLS11904,plasma,Positive,Reverse phase/C18
-0.050664641109246886,0.11614773487318357,IK_ZILZDFSDUXZZAT-UHFFFAOYSA-N,3-hydroxynonanoyl carnitine,MTBLS11904,plasma,Positive,Reverse phase/C18
-0.16396152476906337,-0.07121884704501613,IK_YZNNBIPIQWYLDM-HSUXUTPPSA-N,Fagomine,MTBLS11904,plasma,Positive,Reverse phase/C18
0.045881471134886484,0.2758124532840431,IK_KSMRODHGGIIXDV-YFKPBYRVSA-N,N-Acetylglutamine,MTBLS11904,plasma,Positive,Reverse phase/C18
-0.6665809582201939,-0.9005465368098723,IK_GOZCEKPKECLKNO-RKQHYHRCSA-N,Picein,MTBLS11904,plasma,Negative,Reverse phase/C18
0.46413015849083056,0.740595104191075,IK_FJFKQAOJHHCXEK-UHFFFAOYSA-N,4-Methoxyphenylethanol sulfate,ST003159,serum,Negative,Reverse phase/C18
-0.09807150661454253,0.03781282145423496,IK_IIPZYDQGBIWLBU-UHFFFAOYSA-N,Dinoterb,MTBLS11904,plasma,Negative,Reverse phase/C18
-0.08076324946860937,0.0663716662597453,IK_WPMWEFXCIYCJSA-UHFFFAOYSA-N,Tetraethylene glycol monododecyl ether,MTBLS11904,plasma,Positive,Reverse phase/C18
-0.05216471016983975,0.1136669703165365,IK_VMZVBRIIHDRYGK-UHFFFAOYSA-N,"2,6-Di-tert-butyl-4-[(dimethylamino)methyl]phenol",MTBLS11904,plasma,Positive,Reverse phase/C18
0.3144840283347379,0.3683932207812872,IK_CPAGZVLINCPJEH-UHFFFAOYSA-N,3-methylhistamine,38720721,serum,Not reported,Reverse phase/C18
0.035339319103925904,0.25837819601779555,IK_LYCIFUKTLFWAKN-BKQFRBNDSA-N,"DG(22:6(4Z,7Z,10Z,13Z,16Z,19Z)/22:5(4Z,7Z,10Z,13Z,16Z)/0:0)",MTBLS11904,plasma,Positive,Reverse phase/C18
-0.6585020300977606,-0.8872117743465171,IK_UMCDODPBPQMWQP-UHFFFAOYSA-N,Dihydroferulic acid 4-O-sulfate,MTBLS11904,plasma,Negative,Reverse phase/C18
-0.3104960498597728,-0.3135527242519448,IK_QHZLMUACJMDIAE-UHFFFAOYSA-N,1-Monopalmitin,MTBLS11904,plasma,Positive,Reverse phase/C18
-0.04130309908846204,0.1316295387174323,IK_YLKVIMNNMLKUGJ-BQYQJAHWSA-N,Cardanolmonoene,MTBLS11904,plasma,Positive,Reverse phase/C18
3.7370368992394267,0.3842932694111878,IK_UHDGCWIWMRVCDJ-XVFCMESISA-N,melatonin,38516193,plasma,Positive,LC-MS/unspecified
-0.11430683304158343,0.026181476021799363,IK_GFRUPHOKLBPHTQ-UHFFFAOYSA-N,Oxyphenonium,ST003159,serum,Negative,Reverse phase/C18
-0.26359236357714794,-0.23538939940953646,IK_QPHPUQJVKQXISS-UHFFFAOYSA-N,Thioapfelsaure,MTBLS11904,plasma,Negative,Reverse phase/C18
-0.35852886006001333,0.2958470136943205,IK_QFDRTQONISXGJA-UHFFFAOYSA-N,1-Methyluric acid,38720721,serum,Not reported,Reverse phase/C18
-0.3606089077882093,-0.39552109483655723,IK_UPMLOUAZCHDJJD-UHFFFAOYSA-N,"4,4'-Diphenylmethane diisocyanate",MTBLS11904,plasma,Negative,Reverse phase/C18
-0.04469631084499875,0.12601795852263603,IK_HPWLZTZUPVOGKR-VAWYXSNFSA-N,(4E)-3-Hydroxydodec-4-enoylcarnitine,MTBLS11904,plasma,Positive,Reverse phase/C18
-0.15455831413429577,-0.05566813324703524,IK_SSQHYGLFYWZWDV-UVBJJODRSA-N,Ala Val Trp,MTBLS11904,plasma,Positive,Reverse phase/C18
-0.09319437712197047,0.045813485398288736,IK_ICLWTJIMXVISSR-UHFFFAOYSA-N,Gallamonum,MTBLS11904,plasma,Positive,Reverse phase/C18
-0.19029607046345146,-0.11477003469592378,IK_CHTHALBTIRVDBM-UHFFFAOYSA-N,"2,5-Furandicarboxylic acid",MTBLS11904,plasma,Positive,Reverse phase/C18
-0.07967986609888394,0.06816332992210578,IK_CHQZBIVWDKADIA-GDWUOILNSA-N,N-Oleoyl Alanine,MTBLS11904,plasma,Positive,Reverse phase/C18
-0.15115367369498103,-0.049802517158164784,IK_MVOYJPOZRLFTCP-UHFFFAOYSA-N,1-Methylxanthine,MTBLS11904,plasma,Negative,Reverse phase/C18
-0.10596512539335338,0.019275499059930416,IK_KDYFGRWQOYBRFD-UHFFFAOYSA-N,Succinic acid,ST001814,plasma,Positive,GC-MS
1.9668286627986218,-0.8685077686699707,IK_UNXHWFMMPAWVPI-ZXZARUISSA-N,erythritol,38720721,serum,Not reported,Reverse phase/C18
-0.08718021154672129,0.055759510647197134,IK_NNAIYOXJNVGUOM-UHFFFAOYSA-N,Amperozide,MTBLS11904,plasma,Positive,Reverse phase/C18
-0.06715151150098159,0.08888230269458398,IK_LKDRXBCSQODPBY-VRPWFDPXSA-N,D-Fructose,MTBLS11904,plasma,Positive,Reverse phase/C18
-0.04055306433368503,0.13286992031727965,IK_QIJPWSGHURHDHJ-UHFFFAOYSA-N,2-n-Propylthiazolidine-4-carboxylic acid,MTBLS11904,plasma,Positive,Reverse phase/C18
-0.1335295677223178,-0.020891498123232845,IK_BPZXYEUJBFHASJ-UUOKFMHZSA-N,6-Thioguanosine monophosphate,MTBLS11904,plasma,Positive,Reverse phase/C18
-0.1683109846997561,-0.07812169964909421,IK_FVMDYYGIDFPZAX-UHFFFAOYSA-N,3-Hydroxyphenylacetic Acid,MTBLS11904,plasma,Negative,Reverse phase/C18
-0.4001290251977688,-0.46075144709941496,IK_XJMMNTGIMDZPMU-UHFFFAOYSA-N,3-Methylglutaric acid,MTBLS11904,plasma,Negative,Reverse phase/C18
-0.20669283396751187,-0.1414732716017463,IK_OEDAQCLCHGASNH-UHFFFAOYSA-N,Dehydrocarpaine II,MTBLS11904,plasma,Negative,Reverse phase/C18
-0.14188095186942698,-0.03449732653065781,IK_PFTAWBLQPZVEMU-AFYYWNPRSA-N,L-Epicatechol,MTBLS11904,plasma,Negative,Reverse phase/C18
-0.09451388253862575,0.043631331187223406,IK_VSLCIGXQLCYQTD-NPJQDHAYSA-N,Dynorphin B (10-13),MTBLS11904,plasma,Positive,Reverse phase/C18
-0.10787171856449068,0.02163697724056197,IK_QAIPRVGONGVQAS-UHFFFAOYSA-N,"3-(3,4-Dihydroxyphenyl)prop-2-enoic Acid",MTBLS11904,plasma,Negative,Reverse phase/C18
0.14920567327357678,0.44668654947152187,IK_BPYKTIZUTYGOLE-KDUUSRDASA-N,"(4E,15Z)-Bilirubin",MTBLS11904,plasma,Positive,Reverse phase/C18
-0.03897872815817954,0.1353490399716341,IK_GFZHNFOGCMEYTA-UHFFFAOYSA-N,Gabazine,MTBLS11904,plasma,Negative,Reverse phase/C18
-0.013787943159417067,0.17713317911186308,IK_NTFDCJZOSZKJBK-MINGAGCFSA-N,"PE-NMe(18:4(6Z,9Z,12Z,15Z)/22:4(7Z,10Z,13Z,16Z))",MTBLS11904,plasma,Positive,Reverse phase/C18
0.4277743222598628,0.02891822657950108,IK_QHKABHOOEWYVLI-UHFFFAOYSA-N,Ketoisovaleric acid,38720721,serum,Not reported,Reverse phase/C18
1.9045774649841525,-0.3319869360124064,IK_JEJLGIQLPYYGEE-UHFFFAOYSA-N,DG 16:0_16:0,37755270,serum,Not reported,Reverse phase/C18
-0.2942145550852854,-0.2859331851014221,IK_FOBVMYJQWZOGGJ-XYRJXBATSA-N,"17-phenyl-18,19,20-trinor-prostaglandin E2",MTBLS11904,plasma,Negative,Reverse phase/C18
0.06839639651435708,0.31304688056372537,IK_NYRDUZVMRXFKRA-KCHFORSBSA-N,"PE(20:0/18:4(6Z,9Z,12Z,15Z))",MTBLS11904,plasma,Positive,Reverse phase/C18
-0.19311690324661215,-0.11906537456301343,IK_UEJJHQNACJXSKW-UHFFFAOYSA-N,Thalidomide,MTBLS11904,plasma,Negative,Reverse phase/C18
-0.08248555101160242,0.0635233820822563,IK_MRUAUOIMASANKQ-UHFFFAOYSA-N,Cocamidopropyl Betaine,MTBLS11904,plasma,Positive,Reverse phase/C18
0.8686105149116486,0.05635985106491454,IK_CZWCKYRVOZZJNM-USOAJAOKSA-N,dehydroepiandrosterone sulfate,37755270,serum,Not reported,Reverse phase/C18
-0.07297122379532735,0.07925785696495577,IK_YJAJDSAILYGJQK-AATRIKPKSA-N,2-Hydroxyhept-5-enoylcarnitine,MTBLS11904,plasma,Positive,Reverse phase/C18
-0.6246910727170997,-0.833157903152031,IK_HKVGJQVJNQRJPO-VTDDDATNSA-N,Demethyloleuropein,MTBLS11904,plasma,Positive,Reverse phase/C18
0.18315015098394796,0.5019862374432696,IK_FAUYAENFVCNTAL-PFFNLMTBSA-N,"PC(18:0/22:6(4Z,7Z,10Z,13Z,16Z,19Z))",MTBLS11904,plasma,Negative,Reverse phase/C18
-0.38447089652829364,-0.43490675573744414,IK_LZRYNUIYHHQTRL-NBZVOYHKSA-N,"Lisinopril, epsilon-biotinamidocaproyl-",MTBLS11904,plasma,Negative,Reverse phase/C18
0.13957668819886443,0.4300655925230934,IK_BKNQGBKAJUUPBQ-SPMSPBIZSA-N,Alongside,MTBLS11904,plasma,Negative,Reverse phase/C18
0.10176608077761262,-0.30325971343534686,IK_GUBGYTABKSRVRQ-QKKXKWKRSA-N,lactose,38720721,serum,Not reported,Reverse phase/C18
0.8228888850711227,0.060404320115750205,IK_GDXFUCUOFXIMJG-METRJLLLSA-N,SM 36:4;3O,37755270,serum,Not reported,Reverse phase/C18
-0.10984792174515681,0.018272412726276638,IK_VEYJKJORLPYVLO-RYUDHWBXSA-N,Valyltyrosine,MTBLS11904,plasma,Positive,Reverse phase/C18
-0.0134130683784918,0.246246509361604,IK_AFENDNXGAFYKQO-UHFFFAOYSA-N,2-hydroxybutyric acid,38720721,serum,Not reported,Reverse phase/C18
-0.01095234367298955,0.1816082884433055,IK_ODAIHABQVKJNIY-PEDHHIEDSA-N,Perindoprilat,MTBLS11904,plasma,Negative,Reverse phase/C18
-0.2093802825459463,-0.14633086387001393,IK_PHERGCZDWYMUOF-DEOSSOPVSA-N,DG(8:0/15:0/0:0),MTBLS11904,plasma,Positive,Reverse phase/C18
-0.10195827628364679,0.03139747224280636,IK_PCXDJQZLDDHMGX-UHFFFAOYSA-N,3-Aminopropionaldehyde,MTBLS11904,plasma,Negative,Reverse phase/C18
-0.19097918011324522,-0.11553693278304217,IK_OXENLKNOBTVOJA-JLNKQSITSA-N,"4,5-dehydro Docosahexaenoic Acid",MTBLS11904,plasma,Negative,Reverse phase/C18
0.005705239988049112,0.20910264127504224,IK_COHZAFUKYUCIND-SHDWVJIKSA-N,"3-Icosa-5,8,11,14-tetraen-2-yloxypropane-1,2-diol",MTBLS11904,plasma,Negative,Reverse phase/C18
-0.07275197936983886,0.07960423886791745,IK_QBYUNVOYXHFVKC-GBURMNQMSA-N,Lithocholyltaurine,MTBLS11904,plasma,Negative,Reverse phase/C18
0.2200817246459298,0.6464118573264424,IK_IKQCSJBQLWJEPU-UHFFFAOYSA-M,"2,5-dihydroxybenzenesulfonate",37755270,serum,Not reported,Reverse phase/C18
-0.05358144207490226,0.11132402742152132,IK_XMZFUVYOYPLVOA-VLHUWQDUSA-N,GPCho(16:0/20:3),MTBLS11904,plasma,Positive,Reverse phase/C18
0.04906772891845966,0.2810817793036496,IK_UDBXKKKIEXMSEA-XKKGNKCGSA-N,"PE(16:0/20:2(11Z,14Z))",MTBLS11904,plasma,Positive,Reverse phase/C18
-0.5063329980232749,0.03018159933732418,IK_PHYFQTYBJUILEZ-IUPFWZBJSA-N,TG 54:3|TG 18:1_18:1_18:1,37755270,serum,Not reported,Reverse phase/C18
-0.1719617718990592,-0.08414754579580688,IK_SBJCUZQNHOLYMD-UHFFFAOYSA-N,"1,5-Naphthalene diisocyanate",MTBLS11904,plasma,Negative,Reverse phase/C18
-0.12282189982456133,-0.00303920492726054,IK_AYSGOPOJGPEGSU-UHFFFAOYSA-N,"(5alpha,6beta,14alpha,20R,22R)-5,6,14,20,27-Pentahydroxy-1-oxowith-24-enolide",MTBLS11904,plasma,Negative,Reverse phase/C18
-0.11631156072837523,0.007706505034144435,IK_RBLDVEUUCHVWMW-SXYQVCRBSA-N,Cholic acid glucuronide,MTBLS11904,plasma,Negative,Reverse phase/C18
2.948249653761871,-0.9963746569910011,IK_GHOKWGTUZJEAQD-ZETCQYMHSA-N,Pantothenic acid,38720721,serum,Not reported,Reverse phase/C18
-0.15590559822387812,-0.05789622608675544,IK_PZRFVAHZNWPPAC-VBKSFVIKSA-N,PC(18:1/0:0),MTBLS11904,plasma,Positive,Reverse phase/C18
0.1761930270822897,0.49131732896263575,IK_HUGUGFBIYQBLCS-UHFFFAOYSA-N,Melanettin,MTBLS11904,plasma,Positive,Reverse phase/C18
-0.19956038622030925,-0.13009104917774433,IK_MALNXHYEPCSPPU-UWVGGRQHSA-N,Seryltyrosine,MTBLS11904,plasma,Positive,Reverse phase/C18
-0.4367618279297873,-0.521216111620607,IK_UQWLOWFDKAFKAP-WXHSDQCUSA-N,Zofenoprilat,MTBLS11904,plasma,Negative,Reverse phase/C18
-0.16075954678132678,-0.06565759360176222,IK_NDYMQXYDSVBNLL-MUYMLXPFSA-N,Cucurbitacin E,MTBLS11904,plasma,Negative,Reverse phase/C18
-0.09411533040653497,0.04434273096296869,IK_HPHXOIULGYVAKW-IOSLPCCCSA-N,2'-O-Methylinosine,MTBLS11904,plasma,Negative,Reverse phase/C18
-0.1061671969887633,0.024359471232746458,IK_YQDZGFAYWGWSJK-SLMGBJJTSA-N,"11beta,17beta-Dihydroxy-4-androsten-3-one",MTBLS11904,plasma,Positive,Reverse phase/C18
-0.06772694155893083,0.08789836838955273,IK_VBOQYPQEPHKASR-UHFFFAOYSA-N,DL-Homocysteic acid,MTBLS11904,plasma,Negative,Reverse phase/C18
-0.079290959232988,0.0688064911120478,IK_HPHUVLMMVZITSG-UHFFFAOYSA-N,Etiracetam,MTBLS11904,plasma,Positive,Reverse phase/C18
0.30911685193535027,0.970503792217833,NO_INCHIKEY__possible bile acid,Possible bile acid,24167579,serum,Positive,Reverse phase/C18
-0.05603887014748359,0.10719023955360127,IK_NJHKGJJIKOCCMZ-YMIVKDKMSA-N,PE(22:4/0:0),MTBLS11904,plasma,Negative,Reverse phase/C18
-0.08478708339618997,0.05973956904721024,IK_ZHZKWZJLUNXOSN-LOCIZFEWSA-N,3-epi-6-deoxocathasterone,MTBLS11904,plasma,Negative,Reverse phase/C18
-0.13126174221292589,-0.01696967645520131,IK_SJZRECIVHVDYJC-UHFFFAOYSA-N,4-Hydroxybutyric acid,MTBLS11904,plasma,Negative,Reverse phase/C18
-0.13814089118151474,-0.028517550726515333,IK_QIVBCDIJIAJPQS-VIFPVBQESA-N,Tryptophan,MTBLS11904,plasma,Positive,Reverse phase/C18
-0.10814934479253754,0.021178737805515574,IK_MUFCQFFNARPCRX-DAZBTBHLSA-N,DG(PGE2/16:0/0:0),MTBLS11904,plasma,Negative,Reverse phase/C18
-0.21153741464545558,-0.14946954659108852,IK_QPYQKHOKNCVKGE-DUXPYHPUSA-N,3-(2-propenoic acid)-o-benzoquinone,MTBLS11904,plasma,Negative,Reverse phase/C18
0.07216045880280623,0.31927176112904343,IK_ZSYMQFVRTIVMFA-JAHIUHDMSA-N,GPCho(20:4/14:0),MTBLS11904,plasma,Positive,Reverse phase/C18
0.14360576871823358,0.3447231321855605,IK_JJJPNTQYUJPWGQ-UHFFFAOYSA-N,2-(3-Phenylpropyl)pyridine,ST003159,serum,Positive,HILIC
-0.09961233293256681,0.03526959463342411,IK_IJFXRHURBJZNAO-UHFFFAOYSA-N,3-Hydroxybenzoic Acid,MTBLS11904,plasma,Negative,Reverse phase/C18
-0.26942251789254185,-0.24501242302807408,IK_DNSSEQBYSHSUGR-UHFFFAOYSA-N,5-Oxo-2(5H)-isoxazolepropanenitrile,MTBLS11904,plasma,Negative,Reverse phase/C18
-0.059300980220587836,0.10180592922830513,IK_SJPUNFPTIDJEOK-ROXLFADRSA-N,"PE-NMe(20:3(5Z,8Z,11Z)/18:1(11Z))",MTBLS11904,plasma,Negative,Reverse phase/C18
-0.11027318672383761,0.017673207790424614,IK_HRWWBCRSPUEXDM-XTMWUNHTSA-N,Oryzalexin D,MTBLS11904,plasma,Negative,Reverse phase/C18
-0.016851904375242116,0.17187070560315623,IK_CTNFAVGEWRZODU-SESCJMQFSA-N,"PE-NMe2(15:0/18:2(9Z,12Z))",MTBLS11904,plasma,Negative,Reverse phase/C18
-0.06411779849439739,0.09385547776872218,IK_BDQNKCYCTYYMAA-UHFFFAOYSA-N,1-Naphthyl isocyanate,MTBLS11904,plasma,Negative,Reverse phase/C18
0.2563217167501683,0.6238314652501895,IK_GQIJYUMTOUBHSH-IJIVKGSJSA-N,"(E,E)-Trichostachine",MTBLS11904,plasma,Positive,Reverse phase/C18
-0.22662640905576625,-0.1743748475993503,IK_LOHIEGDVOARVPJ-NSCUHMNNSA-N,Xenognosin A,MTBLS11904,plasma,Negative,Reverse phase/C18
-0.4945156586928747,-0.09272302597822618,IK_IOUPEELXVYPCPG-LURJTMIESA-N,Val-Gly,38720721,serum,Not reported,Reverse phase/C18
-0.0783881398837256,0.07029954403160996,IK_NZNMSOFKMUBTKW-UHFFFAOYSA-N,Cyclohexanecarboxylic acid,MTBLS11904,plasma,Positive,Reverse phase/C18
5.885982028934682,-2.656067499343262,IK_LEEDEKWKJVUWGA-AVFOEOQDSA-N,N-cis-p-Coumaroyltyrosine,38720721,serum,Not reported,Reverse phase/C18
-0.03712443483772741,0.32064516318138725,IK_CCNIABLYZAMGDC-UHFFFAOYSA-N,SM 40:0;3O,37755270,serum,Not reported,Reverse phase/C18
-0.0359695200759844,0.1404500328190019,IK_RSRDWHPVTMQUGZ-OZIWPBGVSA-N,Pregnan-20-one,MTBLS11904,plasma,Positive,Reverse phase/C18
-0.25442402362246747,-0.22082269015167114,IK_NIGWMJHCCYYCSF-UHFFFAOYSA-N,P-CHLOROPHENYLALANINE,MTBLS11904,plasma,Positive,Reverse phase/C18
-0.24075759260928467,-0.19769922390538944,IK_BJEPYKJPYRNKOW-UHFFFAOYSA-N,malic acid,MTBLS11904,plasma,Negative,Reverse phase/C18
0.03750734377276105,0.26159394404467845,IK_BETFSIOJEATXGY-WOCLASLBSA-N,"PC(22:6(4Z,7Z,10Z,13Z,16Z,19Z)/P-18:1(9Z))",MTBLS11904,plasma,Negative,Reverse phase/C18
0.13979878909007432,0.4304321834257163,IK_JBVCSNJKVNKDHK-UHFFFAOYSA-N,Mopidralazine,MTBLS11904,plasma,Negative,Reverse phase/C18
-0.1167974068700454,0.0069045871398315155,IK_PORXCRSLPBANJT-UHFFFAOYSA-N,Hydroxybuprenorphine,MTBLS11904,plasma,Negative,Reverse phase/C18
-0.08974977441250795,0.05151005335605289,IK_QINFFYRWMCWIQU-HEPLYUHHSA-N,"PE(22:6(4Z,7Z,10Z,13Z,16Z,19Z)/14:1(9Z))",MTBLS11904,plasma,Positive,Reverse phase/C18
-0.15175262922157734,-0.051028185407185754,IK_WQZRAWSNEARGPQ-UHFFFAOYSA-N,"3,5-Dihydroxydecanoic Acid",MTBLS11904,plasma,Positive,Reverse phase/C18
-0.07666583849277699,0.07314782713340862,IK_ISWSIDIOOBJBQZ-UHFFFAOYSA-N,Phenol,MTBLS11904,plasma,Positive,Reverse phase/C18
-0.04294878594477833,0.12879621830080723,IK_AIUFHSHETJXZFR-ATCSHJOVSA-N,"DG(18:3(9,11,15)-OH(13)/i-15:0/0:0)",MTBLS11904,plasma,Negative,Reverse phase/C18
0.3115467422753227,0.02558640130109111,NO_INCHIKEY__ffa 18 0,FFA 18:0,33485385,plasma,Negative,LC-MS/unspecified
0.01610232220246587,0.2265646962024666,IK_DYDZWJOECBIVHD-UHFFFAOYSA-N,N-(3-Methyl-2-pyridyl)-3-phenylsuccinimide,MTBLS11904,plasma,Positive,Reverse phase/C18
-0.08408724129724077,0.05966596470269599,IK_JVTAAEKCZFNVCJ-UHFFFAOYSA-N,Lactic acid,ST001814,plasma,Positive,GC-MS
-0.06955927568359277,0.08487398997160117,IK_SGQOVJBGRJMVJR-UHFFFAOYSA-N,"5-Ethyl-5-phenyl-1,3-oxazolidine-2,4-dione",MTBLS11904,plasma,Negative,Reverse phase/C18
-0.09988995953713821,0.03481135480116375,IK_BAQAVOSOZGMPRM-QBMZZYIRSA-N,Sucralose,MTBLS11904,plasma,Negative,Reverse phase/C18
-0.1023608344598676,0.030733025732199257,IK_BHQCQFFYRZLCQQ-PGHAKIONSA-N,Allocholic acid,MTBLS11904,plasma,Negative,Reverse phase/C18
-0.0756254126208335,0.07486146221265634,IK_MTCFGRXMJLQNBG-REOHCLBHSA-N,L-Serine,MTBLS11904,plasma,Negative,Reverse phase/C18
-0.1111865586531041,0.030035251610997477,IK_DTOSIQBPPRVQHS-PDBXOOCHSA-N,Linolenic Acid,ST003159,serum,Negative,Reverse phase/C18
-0.0757907979684864,0.07459494034862299,IK_GIQXKAXWRLHLDD-VYACWCJYSA-N,Lithocholate 3-O-glucuronide,MTBLS11904,plasma,Positive,Reverse phase/C18
-0.23220669969929297,-0.18358545638829032,IK_UPISBTVRUJGIRH-HNANJHLJSA-N,"3,4'-Dimethyquercetin 7-[alpha-L-arabinofuranosyl-(1->6)-glucoside]",MTBLS11904,plasma,Negative,Reverse phase/C18
-0.07806868060882845,0.07082785448778042,IK_CQLRIUYMQWJYSR-UHFFFAOYSA-N,Ethyl 3-hydroxydodecanoate,MTBLS11904,plasma,Positive,Reverse phase/C18
2.995333806986583,-0.3041138812926085,IK_BLWYXBNNBYXPPL-YFKPBYRVSA-N,"L-Proline, methyl ester",38720721,serum,Not reported,Reverse phase/C18
0.035750274774131695,0.502761100033348,IK_ISWSIDIOOBJBQZ-UHFFFAOYSA-N,Phenol,28880465,serum,Positive,LC-MS/unspecified
-0.2080347319924682,0.09752532652767004,IK_XJLSEXAGTJCILF-YFKPBYRVSA-N,L-beta-Homoproline,38516193,plasma,Positive,LC-MS/unspecified
-0.38509555559572367,-0.4359377931506713,IK_ATXHVCQZZJYMCF-XUDSTZEESA-N,Allylestrenol,MTBLS11904,plasma,Negative,Reverse phase/C18
-0.21858912484362228,-0.16110882258201434,IK_QHWZTVCCBMIIKE-SHYZEUOFSA-N,DUDP,MTBLS11904,plasma,Negative,Reverse phase/C18
0.05716329263296881,0.29403728060723455,IK_JXCOSKURGJMQSG-AZQJGLEESA-N,Cortolone,MTBLS11904,plasma,Negative,Reverse phase/C18
-0.48767850909620125,-0.6052571845260635,IK_DHUAGGSHTKPOHU-UHFFFAOYSA-N,"3,4-Dihydro-9-hydroxy-[1]benzothieno[2,3-f]-1,4-thiazepin-5(2H)-one",MTBLS11904,plasma,Negative,Reverse phase/C18
-0.0495007686471642,0.11798177304476427,IK_FQTLNSKVFLETSS-QBCIWLIXSA-N,Gibberellin A43,MTBLS11904,plasma,Negative,Reverse phase/C18
-0.6072041561836053,-0.8042386272185366,IK_WPYMKLBDIGXBTP-UHFFFAOYSA-N,Benzoic Acid,MTBLS11904,plasma,Positive,Reverse phase/C18
-0.4750020876707662,-0.5843339818701248,IK_VPGRYOFKCNULNK-ACXQXYJUSA-N,Deoxycorticosterone acetate,MTBLS11904,plasma,Negative,Reverse phase/C18
-0.0878607981094927,0.05463397949985719,IK_UEWPEVNSKXXUGP-UHFFFAOYSA-N,"10H-Pyrido(3,2-b)(1,4)benzothiazine, 10-(2-(dibutylamino)ethyl)-",MTBLS11904,plasma,Positive,Reverse phase/C18
0.17479018443766875,0.4889973548441045,IK_LHTZUHRNOLWZNI-UHFFFAOYSA-N,5-Methyltricosanoylcarnitine,MTBLS11904,plasma,Positive,Reverse phase/C18
-0.09232823451013139,0.044451612883931686,IK_XFTRTWQBIOMVPK-UHFFFAOYSA-N,Citramalic acid,ST001814,plasma,Positive,GC-MS
-0.08244388239761939,0.0635922920359894,IK_SFLDCCXGUXPHRG-VKXIRHRZSA-N,"PG(20:4(5Z,8Z,11Z,14Z)/18:0)",MTBLS11904,plasma,Positive,Reverse phase/C18
0.14612003924831132,0.34782844792920353,IK_PJZFULXMEGMUDK-QGOAFFKASA-N,4-Phenylbutyl glucosinolate,ST003159,serum,Negative,Reverse phase/C18
-0.8087645404946638,-1.1352291696476098,IK_LUINDDOUWHRIPW-UHFFFAOYSA-N,6-Chloromelatonin,MTBLS11904,plasma,Negative,Reverse phase/C18
-1.0942496116757807,0.6052823727665205,IK_MTCFGRXMJLQNBG-REOHCLBHSA-N,L-Serine,28880465,serum,Positive,LC-MS/unspecified
-0.06929049888688926,0.085344916547116,IK_DYENWMUXSKPFLC-UHFFFAOYSA-N,"(3beta,22R,23R,24S)-3,22,23-Trihydroxystigmastan-6-one",MTBLS11904,plasma,Positive,Reverse phase/C18
-0.15054289530104703,-0.048794390036912105,IK_ZWCCSIUBHCZKOY-UHFFFAOYSA-N,"Adb-chminaca, (+/-)-",MTBLS11904,plasma,Negative,Reverse phase/C18
-0.1104173926315161,0.017330640793537598,IK_OXBFEJBBKCRANO-SANMLTNESA-N,TG(8:0/8:0/10:0),MTBLS11904,plasma,Positive,Reverse phase/C18
-0.9576785989509822,0.5043393723090881,IK_KRNYOVHEKOBTEF-YUMQZZPRSA-N,Valyl-Valine,28880465,serum,Positive,LC-MS/unspecified
-0.1117168438743456,0.015290364118199342,IK_QOLYAJSZHIJCTO-VQVTYTSYSA-N,Threonylproline,MTBLS11904,plasma,Negative,Reverse phase/C18
-5.140501635673614,-6.181550942327272,IK_NZKRYJGNYPYXJZ-UHFFFAOYSA-N,Dopamine 3-O-sulfate,ST003159,serum,Negative,Reverse phase/C18
-0.34185553403550073,0.2938399318094847,IK_PDNJLMZEGXHSCU-UHFFFAOYSA-N,Homocysteinesulfinic acid,28880465,serum,Positive,LC-MS/unspecified
-0.13879929908133365,-0.02941087181334477,IK_RJNRORZRFGUAKL-ADMBVFOFSA-N,Therafectin,MTBLS11904,plasma,Negative,Reverse phase/C18
-0.008051147793381624,0.18639688794984888,IK_XOMRRQXKHMYMOC-OAQYLSRUSA-N,L-Palmitoylcarnitine,MTBLS11904,plasma,Negative,Reverse phase/C18
-0.07883260492813608,0.06956450196007008,IK_MMCQRJPAMIHLQX-ZOWXZIJZSA-N,Sophoramine,MTBLS11904,plasma,Positive,Reverse phase/C18
-0.38860732251855185,-0.31260046698270844,IK_SHGAZHPCJJPHSC-YCNIQYBTSA-N,"all-trans-Retinoic acid1,3",ST003159,serum,Negative,Reverse phase/C18
-0.005301895365068844,0.3979577548724815,IK_PRJJVJQUMHDYMQ-UHFFFAOYSA-N,3 Hydroxymandelic acid - COOH,28880465,serum,Positive,LC-MS/unspecified
-0.006232694718740942,0.18939835567861188,IK_YSUPYJPCFRZHTJ-UHFFFAOYSA-N,2-(2-Hydroxyethyl)phenyl hydrogen sulfate,MTBLS11904,plasma,Negative,Reverse phase/C18
-0.17597347329185817,-0.09076910276127347,IK_ZQDWXGKKHFNSQK-UHFFFAOYSA-N,Hydroxyzine,MTBLS11904,plasma,Negative,Reverse phase/C18
-0.1472524219673629,-0.04358589349140726,IK_LSOWKZULVQWMLY-APPDJCNMSA-N,LPC 22:6,MTBLS11904,plasma,Positive,Reverse phase/C18
-0.8792722396831156,-1.2541756880830575,IK_SPEJHKMQDKKCTG-UHFFFAOYSA-N,"6-Amino-5-chloropyrimidine-2,4(1H,3H)-dione",MTBLS11904,plasma,Positive,Reverse phase/C18
-0.18359431774919022,-0.10334776910590873,IK_QFDRTQONISXGJA-UHFFFAOYSA-N,1-Methyluric acid,MTBLS11904,plasma,Negative,Reverse phase/C18
-0.1049844038869495,0.02640266498222567,IK_UDMBCSSLTHHNCD-KQYNXXCUSA-N,Adenosine 5'-Monophosphate,MTBLS11904,plasma,Negative,Reverse phase/C18
-0.682794339946767,-0.9273077067606719,IK_USHMBEFGKMCIBD-BQYQJAHWSA-N,"(3beta,5alpha,6alpha,7alpha,22E,24R)-5,6-Epoxyergosta-8,14,22-triene-3,7-diol",MTBLS11904,plasma,Negative,Reverse phase/C18
-0.03583062482155015,0.1406797325323747,IK_IHTCCHVMPGDDSL-IVNGUWCNSA-N,Cucurbitacin A,MTBLS11904,plasma,Positive,Reverse phase/C18
-0.9717451924331858,1.9179061965379058,IK_FFEARJCKVFRZRR-BYPYZUCNSA-N,L-Methionine,28880465,serum,Positive,LC-MS/unspecified
-2.09975463719586,-1.368944115099537,IK_RPHLQSHHTJORHI-UHFFFAOYSA-N,Adrenochrome,29518718,plasma,Positive,LC-MS/unspecified
-0.0922552335012148,0.0474129333078938,IK_HVUMOYIDDBPOLL-XWVZOOPGSA-N,Sorbitan stearate,MTBLS11904,plasma,Negative,Reverse phase/C18
-0.13540465408427732,-0.023992452941959036,IK_CFSOJZTUTOQNIA-UHFFFAOYSA-N,"Ethyl 8-azido-5-methyl-6-oxo-4H-imidazo[1,5-a][1,4]benzodiazepine-3-carboxylate",MTBLS11904,plasma,Positive,Reverse phase/C18
-0.045600117775993224,0.12442003402107345,IK_TVZCRIROJQEVOT-LSDHHAIUSA-N,Cromakalim,MTBLS11904,plasma,Negative,Reverse phase/C18
0.16246698435151832,0.46784741548397285,IK_ZDZWIQDJFWTDAM-NQIIRXRSSA-N,Rac S 33138,MTBLS11904,plasma,Negative,Reverse phase/C18
0.08706392290598285,0.34391860884352754,IK_MHDRTPJQGBFRLF-HKBYYINESA-N,"DG(22:6(4Z,7Z,10Z,13Z,16Z,19Z)/22:2(13Z,16Z)/0:0)",MTBLS11904,plasma,Positive,Reverse phase/C18
-0.4346128758349402,-0.5188129635416185,IK_FFVIWPKOCWPZMF-UHFFFAOYSA-N,3-methylheptanedioylcarnitine,MTBLS11904,plasma,Positive,Reverse phase/C18
-0.12382135466407986,-0.004688865321335254,IK_OECTYKWYRCHAKR-UHFFFAOYSA-N,4-Vinylcyclohexene dioxide,MTBLS11904,plasma,Negative,Reverse phase/C18
-0.044469911513535576,0.12639237086489097,IK_KBUNOSOGGAARKZ-KRWDZBQOSA-N,3-Dehydrosphinganine,MTBLS11904,plasma,Positive,Reverse phase/C18
-0.0010843397011092507,0.15907446144368445,IK_QJXKIQOLZYQDJN-UHFFFAOYSA-N,FFAD 22:0,33485385,plasma,Positive,LC-MS/unspecified
0.6367183966759349,-0.35443968929505315,IK_QGNYWQOMJSTUQZ-BQBZGAKWSA-N,Aspartylysine [-H2O],28880465,serum,Positive,LC-MS/unspecified
5.4198854877598865,-0.9734310901622263,IK_SONNWYBIRXJNDC-VIFPVBQESA-N,phenylephrine,38720721,serum,Not reported,Reverse phase/C18
-0.16477124817412575,-0.07227915056722856,IK_XVOHELPNOXGRBQ-NXAIOARDSA-N,Furanodienone,MTBLS11904,plasma,Negative,Reverse phase/C18
-0.0520535939648572,0.11385073100404017,IK_CLCDCPXFUKRPLP-GYXKVCTLSA-N,"DG(20:5(6E,8Z,11Z,14Z,17Z)-OH(5)/8:0/0:0)",MTBLS11904,plasma,Positive,Reverse phase/C18
-0.3658144025076035,-0.40411307956896153,IK_LKAFPNQADHUXMM-LURJTMIESA-N,(2S)-2-(4-Chloroanilino)propanoic acid,MTBLS11904,plasma,Negative,Reverse phase/C18
-0.08333281218235099,0.0621222100442915,IK_ZXJIQOBYRBTOLH-UHFFFAOYSA-N,MJDBISSP00000002,MTBLS11904,plasma,Positive,Reverse phase/C18
-0.11583959601325186,0.008485511842052647,IK_NQOMZUZLRFQVLR-UHFFFAOYSA-N,5'-Hydroxylornoxicam,MTBLS11904,plasma,Negative,Reverse phase/C18
-0.1170843663210904,0.006305023704420657,IK_AQAKHZVPOOGUCK-XPUUQOCRSA-N,Gamma-Glutamylvaline,MTBLS11904,plasma,Positive,Reverse phase/C18
-0.13401024374022702,-0.02150624535642626,IK_BMUFUJMVNODTAD-UHFFFAOYSA-N,4-Fluoro-2-(trifluoromethyl)phenylacetic acid,MTBLS11904,plasma,Negative,Reverse phase/C18
0.0016016543776721868,0.2025839795300968,IK_OLAOWMDKXPIITQ-UHFFFAOYSA-N,Tridecanoylcarnitine,MTBLS11904,plasma,Positive,Reverse phase/C18
0.9676160945270394,1.362438484123794,IK_IXELFRRANAOWSF-FNORWQNLSA-N,Ajoene,ST003159,serum,Negative,Reverse phase/C18
-0.904387674509582,0.13067152204777244,IK_OBXDTEXUNVDKII-FNMRUBLUSA-N,TG 47:3,37755270,serum,Not reported,Reverse phase/C18
1.1034597130498363,2.7530530233683934,IK_XAPHYNIJAGNNNA-YFTOQCAPSA-N,"1'H-5alpha-Androst-2-eno[3,2-b]indol-17beta-ol",24167579,serum,Positive,Reverse phase/C18
-0.2694780430773325,-0.24510407048480667,IK_RFMMMVDNIPUKGG-YFKPBYRVSA-N,N-Acetyl-L-Glutamic Acid,MTBLS11904,plasma,Negative,Reverse phase/C18
-0.06444305353280548,0.0933614586234117,IK_HYXQKVOADYPQEA-CIUDSAMLSA-N,Isoleucyl-Arginine,MTBLS11904,plasma,Positive,Reverse phase/C18
-0.031038737493934734,0.14860439480276388,IK_JBCLFWXMTIKCCB-VIFPVBQESA-N,Glycyl-Phenylalanine,MTBLS11904,plasma,Positive,Reverse phase/C18
-0.034011096486059315,0.14368880754519525,IK_BTIHMVBBUGXLCJ-UHFFFAOYSA-N,2-[[9-(1-Methylethyl)-6-[(phenylmethyl)amino]-9H-purin-2-yl]amino]-1-butanol,MTBLS11904,plasma,Positive,Reverse phase/C18
-0.10874068907928741,0.020202689250222824,IK_TWLCFFLQLXBKAP-UHFFFAOYSA-N,8-Hydroxythioguanine,MTBLS11904,plasma,Negative,Reverse phase/C18
-0.0996807867910817,0.03508647905197021,IK_HXEACLLIILLPRG-UHFFFAOYSA-N,Pipecolic acid,MTBLS11904,plasma,Positive,Reverse phase/C18
-2.1497583330762464,-3.3486208214737725,IK_FKENQMMABCRJMK-RITPCOANSA-N,Sulbactam,MTBLS11904,plasma,Negative,Reverse phase/C18
-0.08295779472894041,0.0627424013820604,IK_MDDUIRLQCYVRDO-NHCYSSNCSA-N,Lys Val Asn,MTBLS11904,plasma,Positive,Reverse phase/C18
-0.10506769185239853,0.02626519359851828,IK_ILUZPRRJJSFYEH-OBNQGTFASA-N,3-O-beta-D-glucosyl-brassicasterol,MTBLS11904,plasma,Negative,Reverse phase/C18
-0.05633037795412167,0.10670908795646085,IK_WJSDHUCWMSHDCR-VMPITWQZSA-N,Cinnamyl acetate,MTBLS11904,plasma,Negative,Reverse phase/C18
-0.44822461387500245,-0.5413235982222886,IK_MQTAVJHICJWXBR-UHFFFAOYSA-N,N1-Acetylspermidine,MTBLS11904,plasma,Positive,Reverse phase/C18
-0.02920627898888939,0.15147906025833452,IK_ZXZKYYHTWHJHFT-UHFFFAOYSA-N,"2,8-Quinolinediol",MTBLS11904,plasma,Negative,Reverse phase/C18
-0.09177764544138792,0.048156428971779304,IK_COJBGNAUUSNXHX-UHFFFAOYSA-N,2-Keto-glutaramic acid,MTBLS11904,plasma,Positive,Reverse phase/C18
0.12182248000222134,0.40076119467578986,IK_YGSDEFSMJLZEOE-UHFFFAOYSA-N,Salicylic acid,MTBLS11904,plasma,Negative,Reverse phase/C18
-0.3174796471620723,-0.3243336321188402,IK_BATTZJIKLZSIAU-UHFFFAOYSA-N,Dukunolide A,MTBLS11904,plasma,Negative,Reverse phase/C18
-0.28877307789609036,-0.2769516973043025,IK_DIJBBUIOWGGQOP-QGVNFLHTSA-N,Pregnenolone sulfate,MTBLS11904,plasma,Negative,Reverse phase/C18
-0.07311011904976225,0.07902815725158138,IK_RSAHICAPUYTWHW-UHFFFAOYSA-N,Hexahydrocurcumin,MTBLS11904,plasma,Positive,Reverse phase/C18
0.00553866428163083,0.20882769782915214,IK_CCVYRRGZDBSHFU-UHFFFAOYSA-N,2-Hydroxyphenylacetic Acid,MTBLS11904,plasma,Negative,Reverse phase/C18
0.20468044979955116,0.5384288719347088,IK_URPXXNCTXCOATD-FXMFQVEGSA-N,PE(P-18:0/20:4),MTBLS11904,plasma,Positive,Reverse phase/C18
-0.052511948269709126,0.11309272015601755,IK_NFZKLQHAALLDRG-UINNZVLTSA-N,DG(PGF1alpha/0:0/12:0),MTBLS11904,plasma,Positive,Reverse phase/C18
-0.3916197758939769,-0.4467064148769548,IK_UTIRJVJBKWSIOX-SRMFCGEKSA-N,Glucosylgalactosyl hydroxylysine,MTBLS11904,plasma,Negative,Reverse phase/C18
-0.0398948955608177,0.1338368494883602,IK_MCBZSKZRUIWKPM-ANMDKAQQSA-N,Cerivastatin lactone,MTBLS11904,plasma,Negative,Reverse phase/C18
-0.26958909397548536,-0.24528736687117692,IK_GMXSGLCDVHHWIB-UHFFFAOYSA-N,(+/-)-3-Mercapto-1-butyl acetate,MTBLS11904,plasma,Negative,Reverse phase/C18
0.38498808181378025,0.03619472761756555,IK_MIKWCKCBCDZUNB-JRQMLGJJSA-N,PC O-34:3,37755270,serum,Not reported,Reverse phase/C18
-0.10472268573015878,0.026748355305011566,IK_ADFXKUOMJKEIND-UHFFFAOYSA-N,"N,N'-Dicyclohexylurea",MTBLS11904,plasma,Positive,Reverse phase/C18
-0.36599860521072014,-0.40534098641947763,IK_ZSTCZWJCLIRCOJ-DGCLKSJQSA-N,Zilpaterol,MTBLS11904,plasma,Positive,Reverse phase/C18
-0.16997925841701025,-0.028094597389576974,IK_ZCGUDUFJPFKWKP-QLXZSTJSSA-N,PE O-20:0_20:4,37755270,serum,Not reported,Reverse phase/C18
-0.3615944814256607,-0.3971478434657533,IK_LOODYTDRRBLQNH-UHFFFAOYSA-N,Vanilloylglycine,MTBLS11904,plasma,Negative,Reverse phase/C18
-1.5496086167933134,0.2861061293307322,IK_GUKOKXKMWGOHJJ-NSHDSACASA-N,Phenyl-Leucine,28880465,serum,Positive,LC-MS/unspecified
0.15778897953203924,0.4601260850162111,IK_DRIVXEVMDWCWLI-CAQMIEAISA-N,"PE(16:0/20:4(5Z,8Z,11Z,14Z))",MTBLS11904,plasma,Negative,Reverse phase/C18
-0.16723945339911897,-0.07663977558506098,IK_QUZSUMLPWDHKCJ-UHFFFAOYSA-N,Bisphenol A dimethacrylate,MTBLS11904,plasma,Positive,Reverse phase/C18
-0.14357169683444418,-0.03749883458772464,IK_GVQAYSKPEXYNSE-PEHNEXDUSA-N,"PE(20:3(5Z,8Z,11Z)/20:4(5E,8Z,12Z,14Z)-OH(11R))",MTBLS11904,plasma,Positive,Reverse phase/C18
-0.029858701365547715,0.15040219744522756,IK_SNGREZUHAYWORS-UHFFFAOYSA-N,Perfluorooctanoic acid,MTBLS11904,plasma,Negative,Reverse phase/C18
-3.7847071177543152,-6.047203030973614,IK_ACVGWSKVRYFWRP-UHFFFAOYSA-N,Rutaecarpine,MTBLS11904,plasma,Negative,Reverse phase/C18
0.33429063900982614,0.5802334332817775,IK_GPWHCUUIQMGELX-VHQDNGOZSA-N,PC 32:2,ST003159,serum,Positive,HILIC
-0.1948796149456318,-0.12235014651916865,IK_ZXSWTMLNIIZPET-ZOFHRBRSSA-N,Normethandrone,MTBLS11904,plasma,Positive,Reverse phase/C18
-0.26571620550844727,-0.2388949294246276,IK_INMKWUNQKOWGEZ-VQHVLOKHSA-N,Traumatin,MTBLS11904,plasma,Negative,Reverse phase/C18
0.07472316196601035,0.32302091068446015,IK_VMGXLRXDXJZSTP-UHFFFAOYSA-N,Olsalazine-O-sulfate,MTBLS11904,plasma,Negative,Reverse phase/C18
-0.06129013052021736,0.0985756566237784,IK_SEALOBQTUQIVGU-QNIJNHAOSA-N,dihydroergocornine,MTBLS11904,plasma,Positive,Reverse phase/C18
-0.08806307519993042,0.05433234548412862,IK_OXSYGCRLQCGSAQ-UHFFFAOYSA-N,Sabine,MTBLS11904,plasma,Negative,Reverse phase/C18
-0.05697048728646548,0.10571933779675861,IK_SLNYBUIEAMRFSZ-UHFFFAOYSA-N,"2,5,8,11,14-Pentaoxahexadecan-16-ol",MTBLS11904,plasma,Positive,Reverse phase/C18
-2.2765518355701055,-1.5639396682946836,IK_UGJMXCAKCUNAIE-UHFFFAOYSA-N,Gabapentin,38720721,serum,Not reported,Reverse phase/C18
-0.09589213934640622,0.0414100000017509,IK_XBDQKXXYIPTUBI-UHFFFAOYSA-N,Propionic Acid,MTBLS11904,plasma,Negative,Reverse phase/C18
2.531590079543046,-0.8389278900893522,IK_LXJXRIRHZLFYRP-UHFFFAOYSA-N,DL-Glyceraldehyde 3-phosphate,38516193,plasma,Positive,LC-MS/unspecified
-0.1472946664300098,-0.043432991476495486,IK_ZXVONLUNISGICL-UHFFFAOYSA-N,DNOC,MTBLS11904,plasma,Negative,Reverse phase/C18
0.15001126583034227,0.44801881155575224,IK_HDFGOPSGAURCEO-UHFFFAOYSA-N,N-ethylmaleimide,MTBLS11904,plasma,Positive,Reverse phase/C18
-0.19986322443607496,-0.13020058719191974,IK_IGTMFIJOUADBDC-UHFFFAOYSA-N,Sulfuric acid 4-methoxyphenyl ester,MTBLS11904,plasma,Negative,Reverse phase/C18
-0.11643155820676539,0.0073846155446273525,IK_QVVXWHIDRKRPMO-LXCOYWBSSA-N,19-Hydroxyprostaglandin E1,MTBLS11904,plasma,Positive,Reverse phase/C18
-0.12622282319995118,-0.008652635168686558,IK_LULOGYYPGZOKQW-DUXPYHPUSA-N,Trans-Caffeic acid [apiosyl-(1->6)-glucosyl] ester,MTBLS11904,plasma,Negative,Reverse phase/C18
-0.197282503579968,-0.12632396331690166,IK_XPEZGWHLHCVJMV-SYESHANZSA-N,"PE(22:6(4Z,7Z,10Z,13E,15E,19Z)-OH(17)/22:1(13Z))",MTBLS11904,plasma,Positive,Reverse phase/C18
0.09648907155545186,0.3589468654972286,IK_KZTYPOGXRFTJBN-QUPJTARXSA-N,Phaeophorbide b,MTBLS11904,plasma,Negative,Reverse phase/C18
-0.3727134185779432,-0.41550032427609157,IK_GIXWDMTZECRIJT-UHFFFAOYSA-N,Aurintricarboxylic acid,MTBLS11904,plasma,Negative,Reverse phase/C18
0.19970799845147474,0.5302055989215211,IK_YODZTKMDCQEPHD-UHFFFAOYSA-N,Thiodiglycol,MTBLS11904,plasma,Positive,Reverse phase/C18
0.05923160937947806,0.2974511631655929,IK_YALFFHSIVPCNLF-QPSCCSFWSA-N,Cyperolone,MTBLS11904,plasma,Negative,Reverse phase/C18
-0.021529909346765675,0.16414937405970267,IK_WWEKVOUOQUHVHS-UHFFFAOYSA-N,Phenytoin catechol,MTBLS11904,plasma,Negative,Reverse phase/C18
-0.44435694994802105,-0.13437866579416682,IK_RFHSOKOVHMEMLA-JCMJOHBISA-N,TG 46:2,37755270,serum,Not reported,Reverse phase/C18
-0.04627555006001421,0.12340626610145813,IK_ZTFGOPUOTATSAL-CFVDWFIMSA-N,Dihydroouabain,MTBLS11904,plasma,Positive,Reverse phase/C18
1.2962624160259568,-1.1316658959035502,IK_ZBCATMYQYDCTIZ-UHFFFAOYSA-N,4-methylcatechol,38720721,serum,Not reported,Reverse phase/C18
-0.10708048326207156,0.022942959572585034,IK_WILFXLMJFSKQRP-ZDUSSCGKSA-N,"8,14-Dihydroxyefavirenz",MTBLS11904,plasma,Negative,Reverse phase/C18
0.449278734653207,-0.933683324696603,IK_QRMZSPFSDQBLIX-UHFFFAOYSA-N,Homovanillic acid,38720721,serum,Not reported,Reverse phase/C18
0.06179887079230732,0.3021361146055927,IK_RCNSAJSGRJSBKK-NSQVQWHSSA-N,Biliverdin,MTBLS11904,plasma,Positive,Reverse phase/C18
-0.037275135551584265,0.1382908499330149,IK_WTJKGGKOPKCXLL-VYOBOKEXSA-N,2-Oleoyl-1-palmitoyl-sn-glycero-3-phosphocholine,MTBLS11904,plasma,Positive,Reverse phase/C18
-0.0189757464585874,0.1683651745123735,IK_VLIUMVVQGMLOJG-SEBNEYGDSA-N,Daucol,MTBLS11904,plasma,Negative,Reverse phase/C18
0.02507495750939878,0.24140333993246257,IK_DPUOLQHDNGRHBS-MDZDMXLPSA-N,Brassidic acid,MTBLS11904,plasma,Positive,Reverse phase/C18
-0.05079173129332036,0.11585096105354899,IK_HKVFKEJBSWJQMU-UHFFFAOYSA-N,Xi-3-Methyl-3-cyclohexen-1-ol,MTBLS11904,plasma,Negative,Reverse phase/C18
0.058789753320190784,0.3886999662780624,IK_ZETVJNVPEVTCFL-GUCXUNSNSA-N,PI(O-16:0/12:0),24167579,serum,Positive,Reverse phase/C18
0.3959392565398411,0.8547262638914315,IK_RNYZJZKPGHQTJR-UHFFFAOYSA-N,Protoanemonin,MTBLS11904,plasma,Positive,Reverse phase/C18
-0.8779101707973356,-1.2493582289952816,IK_FHXBAFXQVZOILS-OETIFKLTSA-N,Sulfolithocholylglycine,MTBLS11904,plasma,Negative,Reverse phase/C18
-0.06698483704505008,0.08915794250951824,IK_WVTMNZAPPOMZST-JZCVQVRRSA-N,11-Hydroxyprogesterone 11-glucuronide,MTBLS11904,plasma,Positive,Reverse phase/C18
-0.26922611853038647,0.5060243848082961,IK_PAFZNILMFXTMIY-UHFFFAOYSA-N,Cyclohexanamine,28880465,serum,Positive,LC-MS/unspecified
0.2089614902711454,0.28183979574998647,IK_PQNASZJZHFPQLE-LURJTMIESA-N,N(6)-Methyllysine,28880465,serum,Positive,LC-MS/unspecified
0.024033242905702405,0.23968058729952585,IK_RMMXLENWKUUMAY-UHFFFAOYSA-N,Telmisartan,MTBLS11904,plasma,Positive,Reverse phase/C18
-0.06535976229455322,0.09184543585167645,IK_KXLSJQTXSAYFDL-VAWYXSNFSA-N,Acetolein,MTBLS11904,plasma,Positive,Reverse phase/C18
-0.09673620700045385,0.03995612620797859,IK_ZJKWJHONFFKJHG-UHFFFAOYSA-N,"2-Methoxy-1,4-benzoquinone",MTBLS11904,plasma,Positive,Reverse phase/C18
-0.07567968191554918,0.0747786999604373,IK_CXWXQJXEFPUFDZ-UHFFFAOYSA-N,Tetralin,MTBLS11904,plasma,Positive,Reverse phase/C18
-0.25827961515060516,-0.12581854426060426,IK_SRRQPVVYXBTRQK-XMMPIXPASA-N,PC(17:0/0:0),38720721,serum,Not reported,Reverse phase/C18
-0.14528458861385019,0.25492765255997896,IK_GIVDFJVWLQFBFP-WMPRHZDHSA-N,LPC 44:5,37755270,serum,Not reported,Reverse phase/C18
-0.3984771479815925,-0.4580249238922321,IK_IECPWNUMDGFDKC-MZJAQBGESA-N,Fusidic Acid,MTBLS11904,plasma,Negative,Reverse phase/C18
-0.09536114370937437,0.042230159149258914,IK_GHHURQMJLARIDK-UHFFFAOYSA-N,2-Hydroxypropyl octanoate,MTBLS11904,plasma,Positive,Reverse phase/C18
0.20805323869831868,0.5430902955057743,IK_GHOKWGTUZJEAQD-UHFFFAOYSA-N,"3-[[(2S)-2,4-Dihydroxy-3,3-dimethylbutanoyl]amino]propanoic acid",MTBLS11904,plasma,Negative,Reverse phase/C18
-0.06401247805292577,0.09407352976708673,IK_PTGGMPLMNDBPGB-CXISOLTFSA-N,N-methylsphingosine,MTBLS11904,plasma,Positive,Reverse phase/C18
-0.0018801404825543086,0.2114337800318077,IK_KDXKERNSBIXSRK-UHFFFAOYNA-N,Lysine,ST001814,plasma,Positive,GC-MS
-0.052471371065675294,0.11307861324091698,IK_FMCBSYMIXJRNHE-QXNXUSMZSA-N,"PE-NMe(20:3(8Z,11Z,14Z)/22:5(7Z,10Z,13Z,16Z,19Z))",MTBLS11904,plasma,Negative,Reverse phase/C18
-0.0648673896620468,0.09261823220424195,IK_RLKGCXCVPAYULW-QTZWXKQRSA-N,"MG(18:1(12Z)-2OH(9,10)/0:0/0:0)",MTBLS11904,plasma,Negative,Reverse phase/C18
-0.06051231678842495,0.09986197900366373,IK_GTEPPJFJSNSNIH-UHFFFAOYSA-N,BIDISOMIDE,MTBLS11904,plasma,Positive,Reverse phase/C18
-0.05469260426959887,0.10948642405481591,IK_MSCFBKZUOGKJNH-DOWYPDBQSA-N,"PC(22:5(4Z,7Z,10Z,13Z,16Z)/P-18:1(9Z))",MTBLS11904,plasma,Positive,Reverse phase/C18
-0.0994724439456476,0.03543102949911372,IK_ODBLHEXUDAPZAU-ZAFYKAAXSA-N,D-threo-Isocitric acid,MTBLS11904,plasma,Positive,Reverse phase/C18
-0.003801372073759392,0.19364863577044794,IK_PHTAMEFBOLJOPU-VQJSHJPSSA-N,PE(14:0/24:0),MTBLS11904,plasma,Positive,Reverse phase/C18
-0.01840661242390247,0.16930456554455955,IK_VWEHHIHNZFXYIU-NAJHMEIQSA-N,3-epi-2-Deoxy-25-methyldolichosterone,MTBLS11904,plasma,Negative,Reverse phase/C18
-0.04733115445272235,0.1216605432191351,IK_LFLJTCVAAOWHTD-BHPNAFPPSA-N,3alpha-Acetomethoxy-11alpha-oxo-12-ursen-24-oic acid,MTBLS11904,plasma,Positive,Reverse phase/C18
0.023598261110452958,0.23863615864126095,IK_HMXRXOXNFHVCIP-KEKNWZKVSA-N,DG(8:0/a-13:0/0:0),MTBLS11904,plasma,Negative,Reverse phase/C18
-0.0769019605397084,0.07275733658470362,IK_URKOMYMAXPYINW-UHFFFAOYSA-N,Quetiapine,MTBLS11904,plasma,Positive,Reverse phase/C18
-0.09700264508407672,0.03957704322130515,IK_LEBBDRXHHNYZIA-LDUWYPJVSA-N,Galactocerebroside,MTBLS11904,plasma,Negative,Reverse phase/C18
-0.07131837006781366,0.08199129108714998,IK_CXKKSSKKIOZUNR-ZLUOBGJFSA-N,Lichenin,MTBLS11904,plasma,Positive,Reverse phase/C18
-0.0031766336475435183,-0.6659888305704351,IK_WHPVYXDFIXRKLN-UHFFFAOYSA-N,PBDE 99,24167579,serum,Positive,Reverse phase/C18
-0.0934068868889033,0.04546204398389721,IK_CVNYHSDFZXHMMJ-VPUMZWJWSA-N,12-Ketodeoxycholic acid,MTBLS11904,plasma,Positive,Reverse phase/C18
-0.19957171700596163,-0.12971943599199334,IK_VHRUMKCAEVRUBK-WKELIDJCSA-N,PA(2:0/PGJ2),MTBLS11904,plasma,Negative,Reverse phase/C18
-0.23086738311073057,-0.18186550876614888,IK_LOAUVZALPPNFOQ-UHFFFAOYSA-N,2-Quinolinecarboxylic acid,MTBLS11904,plasma,Positive,Reverse phase/C18
0.08556974613697112,-0.0028339842800652717,IK_SIKJAQJRHWYJAI-UHFFFAOYSA-N,INDOLE,38516193,plasma,Positive,LC-MS/unspecified
-0.0587900150933865,0.10271026425684386,IK_QDMOINLDXCZCEK-JTQLQIEISA-N,L-DOPA n-Butyl Ester,MTBLS11904,plasma,Positive,Reverse phase/C18
-0.46355316568675814,0.308175403892201,IK_GHOKWGTUZJEAQD-ZETCQYMHSA-N,Pantothenic acid,33485385,plasma,Positive,LC-MS/unspecified
-0.13977099114019362,-0.03101470828044601,IK_YLFRRPUBVUAHSR-RRPFGEQOSA-N,"3beta-Hydroxypregna-5,16-dien-20-one",MTBLS11904,plasma,Negative,Reverse phase/C18
-0.10481991237061067,0.026587565545370725,IK_KQZRTOGFDRQBSR-UHFFFAOYSA-N,"2-Amino-4-oxo-6-(1',2',3'-trihydroxypropyl)-diquinoid-7,8-dihydroxypterin",MTBLS11904,plasma,Positive,Reverse phase/C18
-1.2647352709097448,1.1973754229876572,IK_NMHMNPHRMNGLLB-UHFFFAOYSA-N,Desaminotyrosine,28880465,serum,Positive,LC-MS/unspecified
0.05028445159660501,0.2830939543644903,IK_TXHCDEYHZPHRAC-UHFFFAOYSA-N,"Polypropylene glycol (m w 1,200-3,000)",MTBLS11904,plasma,Positive,Reverse phase/C18
-0.16153085730975594,-0.06719909054293648,IK_DTERQYGMUDWYAZ-ZETCQYMHSA-N,N-epsilon-Acetyllysine,MTBLS11904,plasma,Positive,Reverse phase/C18
-0.06468693237703668,0.09291608781222614,NO_INCHIKEY__gln leu glu lys,Gln Leu Glu Lys,MTBLS11904,plasma,Negative,Reverse phase/C18
-0.2510991758132595,-0.21476863522427492,IK_UPJFTVFLSIQQAV-KOLCDFICSA-N,Neocnidilide,MTBLS11904,plasma,Negative,Reverse phase/C18
0.8155906826535325,0.08743305515329787,IK_JMCOUWKXLXDERB-WMZOPIPTSA-N,Phe-Trp,38720721,serum,Not reported,Reverse phase/C18
-0.3483378207634873,-0.375266920478228,IK_NZXKDOXHBHYTKP-UHFFFAOYSA-N,Methohexital,MTBLS11904,plasma,Negative,Reverse phase/C18
-0.4252137398137669,0.3602780706761514,NO_INCHIKEY__ffa 19 1,FFA 19:1,33485385,plasma,Negative,LC-MS/unspecified
0.4573062164291536,0.9544974648820695,IK_WTNZLKZBPONVPE-RYKNKZFFSA-N,"PE-NMe(20:0/20:2(11Z,14Z))",MTBLS11904,plasma,Negative,Reverse phase/C18
-0.19519910119518682,-0.12250216888625083,IK_JVJFIQYAHPMBBX-FNORWQNLSA-N,4-Hydroxynonenal,MTBLS11904,plasma,Negative,Reverse phase/C18
-0.0819830572126681,0.06436778393226228,IK_GKKWUSPPIQURFM-IGDGGSTLSA-N,Prostaglandin E2 ethanolamide,MTBLS11904,plasma,Negative,Reverse phase/C18
-0.10463934872667327,0.026886175890955526,IK_WKWLFVVHPPHSPJ-QNBJRWHPSA-N,"PE(15:0/20:4(5Z,8Z,11Z,14Z)-OH(20))",MTBLS11904,plasma,Positive,Reverse phase/C18
-0.3885658858865413,-0.44166578408661605,IK_YCPXWRQRBFJBPZ-UHFFFAOYSA-N,5-Sulfosalicylic acid,MTBLS11904,plasma,Negative,Reverse phase/C18
0.010643737348040062,0.2175374722396959,IK_GDNGOAUIUTXUES-RWDHRDFGSA-N,"(3a,5b,7a)-23-Carboxy-7-hydroxy-24-norcholan-3-yl-b-D-Glucopyranosiduronic acid",MTBLS11904,plasma,Positive,Reverse phase/C18
-0.14601758536244494,-0.04132509164737367,IK_DFMCTODOEICLEB-UHFFFAOYSA-N,6-Hydroxy-4-methoxy-3-(3-methyl-2-butenyl)-2-(2-phenylethenyl)benzoic acid,MTBLS11904,plasma,Negative,Reverse phase/C18
-0.08558291562119621,0.0584010642850096,IK_OLVZVPBWPSBRNF-UHFFFAOYSA-N,(+/-)-2-(2-Methylpropyl)thiazolidine,MTBLS11904,plasma,Positive,Reverse phase/C18
-0.06492918703915372,0.09255750767382906,IK_PSBIAPQFYNFRKH-FXJJMODTSA-N,"PA(18:3(10,12,15)-OH(9)/i-12:0)",MTBLS11904,plasma,Positive,Reverse phase/C18
-0.2178112263924962,-0.1602736750903544,IK_RJZVWDTYEWCUAR-JOCHJYFZSA-N,LPC 15:0,MTBLS11904,plasma,Positive,Reverse phase/C18
-0.8993910910100458,-0.9434572251012776,NO_INCHIKEY__lpa 0 018 1 9z lpa 18 1 9z 0 0 dhap 18 0 3,LPA(0:018:1(9Z)); LPA(18:1(9Z)0:0); DHAP(18:0)3,ST003159,serum,Negative,Reverse phase/C18
0.8410979958339369,10.506527311029604,IK_VJSBNBBOSZJDKB-KPEYJIHVSA-N,C24:1 ceramide,24058461,plasma,Not reported,LC-MS/unspecified
-0.20584607363234644,-0.14007564288868118,IK_SUWZHLCNFQWNPE-LATRNWQMSA-N,Ethylhydrocupreine,MTBLS11904,plasma,Negative,Reverse phase/C18
1.0772970997184872,0.41872954475739554,IK_WKOLLVMJNQIZCI-UHFFFAOYSA-N,Vanillic acid,38720721,serum,Not reported,Reverse phase/C18
0.05966192995983188,0.2981614332059592,IK_DYLPGCSNPAWWBL-QARITTFUSA-N,"DG(18:1(12Z)-O(9S,10R)/0:0/a-15:0)",MTBLS11904,plasma,Negative,Reverse phase/C18
0.38309668093386595,0.8320101225051272,IK_XJZNMEMKZBFUIZ-GWDFKZQESA-N,Etodolac acyl glucuronide,MTBLS11904,plasma,Negative,Reverse phase/C18
-0.05029200379753901,0.11667579178843274,IK_GUARTUJKFNAVIK-QPTWMBCESA-N,Tulathromycin A,MTBLS11904,plasma,Negative,Reverse phase/C18
-0.01984377772517433,0.1671182435120063,IK_YWDDIWXKFJEMKF-JTZVLWBESA-N,PC 34:4,MTBLS11904,plasma,Positive,Reverse phase/C18
-0.26142687766312234,-0.23181513370259152,IK_FPUXKXIZEIDQKW-VKMVSBOZSA-N,Ginkgolide A,MTBLS11904,plasma,Negative,Reverse phase/C18
-0.12383523624267134,-0.004711777483428899,IK_HHTOWVWIVBSOKC-UHFFFAOYSA-N,"Cis,trans-5'-Hydroxythalidomide",MTBLS11904,plasma,Negative,Reverse phase/C18
-0.1828651728310947,-0.10248106547630985,IK_WBOMIOWRFSPZMC-AYICAFKVSA-N,LysoPC(P-18:0/0:0),MTBLS11904,plasma,Positive,Reverse phase/C18
-0.10708048326207156,0.022942959572585377,IK_ICSANXSPLDFBSA-ZUYRUSJRSA-N,Pressinoic acid,MTBLS11904,plasma,Negative,Reverse phase/C18
-0.20856188207997037,0.30593113928133964,IK_XSXIVVZCUAHUJO-HZJYTTRNSA-N,FA 20:2,33485385,plasma,Negative,LC-MS/unspecified
-0.03640009533138411,0.13973796099684863,IK_GSBJTPGARMFLIJ-YYBQYWACSA-N,DG(PGE2/0:0/a-17:0),MTBLS11904,plasma,Positive,Reverse phase/C18
0.19243675401156807,0.5173143398356572,IK_OKYHUOHBRKWCQJ-FTJYXMLISA-N,S-(1-Propenyl)-cysteine sulfoxide,MTBLS11904,plasma,Negative,Reverse phase/C18
-2.368349024401608,-2.337154753575119,IK_XUFQPHANEAPEMJ-UHFFFAOYSA-N,Famotidine,38720721,serum,Not reported,Reverse phase/C18
-0.0788875226939373,0.0694771518873604,IK_ASBJGPTTYPEMLP-UWTATZPHSA-N,3-Chloro-D-alanine,MTBLS11904,plasma,Negative,Reverse phase/C18
-0.12389076157950697,-0.004803426015851604,IK_XINCECQTMHSORG-UHFFFAOYSA-N,Isopentyl isopentanoate,MTBLS11904,plasma,Negative,Reverse phase/C18
-0.22890294549141876,-0.1781324092954508,IK_UHISGSDYAIIBMO-UMLSMIIMSA-N,Gingerglycolipid B,MTBLS11904,plasma,Negative,Reverse phase/C18
-0.16740614787626765,-0.09415467721719219,IK_FDGQSTZJBFJUBT-UHFFFAOYSA-N,Hypoxanthine,ST001814,plasma,Positive,GC-MS
-0.06317910629466324,0.09545173195287837,IK_KIWQWJKWBHZMDT-UHFFFAOYSA-N,Homocysteine thiolactone,MTBLS11904,plasma,Positive,Reverse phase/C18
0.6158905723454752,0.08543242808396183,IK_ULSIYEODSMZIPX-UHFFFAOYSA-N,Phenylethanolamine,38720721,serum,Not reported,Reverse phase/C18
-0.07899927915958765,0.06928886146665904,IK_TYLFLHPQWQQWRD-UHNVWZDZSA-N,2R-Hydroxymethyl-3S-hydroxypyrolidine,MTBLS11904,plasma,Positive,Reverse phase/C18
0.335693362153241,0.7537680671209707,IK_VIVOIHQVZSMABQ-OWRFCLNLSA-N,"PE(18:3(9Z,12Z,15Z)/18:2(9Z,12Z))",MTBLS11904,plasma,Negative,Reverse phase/C18
-0.09504471092321744,0.5406094758213904,IK_WWNNZCOKKKDOPX-UHFFFAOYSA-N,Trigonelline,33485385,plasma,Positive,LC-MS/unspecified
-0.039747471776919834,0.1342021824015114,IK_ILNUTMKQMUMBTE-OFSUYRCTSA-N,"5-Oxoicosa-3,6,8-trienoic acid",MTBLS11904,plasma,Positive,Reverse phase/C18
-0.11600775064067363,-0.35331214529091903,IK_VCWMRQDBPZKXKG-ZNVDUFQESA-N,Galactinol,38720721,serum,Not reported,Reverse phase/C18
-0.12894356179454922,-0.013143379067245988,IK_SZVNKXCDJUBPQO-HWKANZROSA-N,"12-Oxo-2,3-dinor-10,15-phytodienoic acid",MTBLS11904,plasma,Negative,Reverse phase/C18
2.9210729928943056,-0.6452088752072557,IK_SDFGVADIYWFGIV-LAPDZXRHSA-N,Cer 18:1;2O/23:0;(2OH),37755270,serum,Not reported,Reverse phase/C18
1.9135435304807857,0.6848813470219284,IK_BDCFJMBXZCIVRH-CGRWFSSPSA-N,1-lyso-2-arachidonoyl-phosphatidate (LPA),ACS1517,serum,Positive,Reverse phase/C18
-0.059759064110169784,0.10104983378806093,IK_OZIOWHWTZWIMCZ-MPUPURDASA-N,Blood group B trisaccharide,MTBLS11904,plasma,Negative,Reverse phase/C18
-0.10907939324519703,0.019643636633053827,IK_FPPVBAMKHUAIOP-OYQCQVHHSA-N,4'-Hydroxyfenoprofen glucuronide,MTBLS11904,plasma,Negative,Reverse phase/C18
-0.17932334332913616,-0.09662370668321359,IK_KGQYREIAHMZYSA-UHFFFAOYSA-N,Dehydrocarpaine I,MTBLS11904,plasma,Positive,Reverse phase/C18
-0.031148271656728708,0.3296790647235534,IK_WKZLNEWVIAGNAW-UHFFFAOYSA-N,Tryptamine [+2H],28880465,serum,Positive,LC-MS/unspecified
-0.5418955935429834,-0.6962335198136939,IK_YRKZDONPVFEWNN-HBCPYPPXSA-N,"(3a,5b)-24-oxo-24-[(2-sulfoethyl)amino]cholan-3-yl-b-D-Glucopyranosiduronic acid",MTBLS11904,plasma,Positive,Reverse phase/C18
-0.11239702865513772,0.014167677775333903,IK_WQZGKKKJIJFFOK-SVZMEOIVSA-N,D-Galactose,MTBLS11904,plasma,Negative,Reverse phase/C18
-0.5519351381371883,-0.7113166510083221,IK_OBHRVMZSZIDDEK-UHFFFAOYSA-N,Mesobilirubinogen,MTBLS11904,plasma,Negative,Reverse phase/C18
-0.02188553831858442,0.16374164819986833,IK_DRNGLYHKYPNTEA-UHFFFAOYSA-N,Trans-4-Aminocyclohexanecarboxylic acid,MTBLS11904,plasma,Positive,Reverse phase/C18
0.03942470442951318,0.21605160338846693,IK_QIVBCDIJIAJPQS-SECBINFHSA-N,D-Tryptophan,ST003159,serum,Positive,HILIC
-0.5725636724846149,-0.7469513582084919,IK_ATIPDCIQTUXABX-UWVGGRQHSA-N,Lysylleucine,MTBLS11904,plasma,Positive,Reverse phase/C18
-0.3696406957711084,-0.28917524213510726,IK_FFDGPVCHZBVARC-UHFFFAOYSA-N,"N,N-dimethylglycine",ST003159,serum,Negative,Reverse phase/C18
0.2800834067009908,0.6619804600136795,IK_HBZNVZIRJWODIB-BCTRXSSUSA-N,1-Palmitoyl-2-Linoleoyl PE,MTBLS11904,plasma,Negative,Reverse phase/C18
0.8786003699450275,1.6529350058904322,IK_RZCJYMOBWVJQGV-UHFFFAOYSA-N,(2-Naphthalenyloxy)acetic acid,MTBLS11904,plasma,Positive,Reverse phase/C18
-0.039636355571937405,0.13438594308901552,IK_CPTJXGLQLVPIGP-UHFFFAOYSA-N,Precocene I,MTBLS11904,plasma,Positive,Reverse phase/C18
0.7935260170295603,0.08202508787533234,IK_YZXBAPSDXZZRGB-DOFZRALJSA-N,Arachidonic acid,33485385,plasma,Negative,LC-MS/unspecified
-0.06651259332771282,0.08993892320971403,IK_SENJXOPIZNYLHU-IUCAKERBSA-N,Leucyl-Arginine,MTBLS11904,plasma,Positive,Reverse phase/C18
-0.44054699440815626,-0.02381240032169883,IK_YYQVCMMXPIJVHY-ZOIJLGJPSA-N,LPC 20:2,38720721,serum,Not reported,Reverse phase/C18
-0.15845524756501703,-0.06185420797868673,IK_ZCXGMSGCBDSEOY-UHFFFAOYSA-N,2-Benzothiazolsulfonic Acid,MTBLS11904,plasma,Negative,Reverse phase/C18
0.4244771744492812,1.3610765696087614,IK_RJDBNSZFZDWPFL-WEDYNZIRSA-N,2-(?Ã„??-D-Mannosyl)-3-phosphoglycerate,24167579,serum,Positive,Reverse phase/C18
-0.1513896557882573,-0.050192019825667365,IK_ULTTYPMRMMDONC-UHFFFAOYSA-N,Lavendustin A,MTBLS11904,plasma,Negative,Reverse phase/C18
-0.11027318672383758,0.01767320779042489,IK_CHNXZKVNWQUJIB-CEGNMAFCSA-N,Ethisterone,MTBLS11904,plasma,Negative,Reverse phase/C18
-0.027344122796485168,0.15471442463431187,IK_BUJAGSGYPOAWEI-UHFFFAOYSA-N,Tocainide,MTBLS11904,plasma,Positive,Reverse phase/C18
-0.3009817226434987,-0.29781824936924606,IK_ADQUXZRKOKKULD-CZOXBATISA-N,"15-Hydroxynorandrostene-3,17-dione glucuronide",MTBLS11904,plasma,Positive,Reverse phase/C18
-0.06708206368550233,0.08899715274987811,IK_DYQXERDJEYZBKH-KVQBGUIXSA-N,"7,8-Dihydro-2'-deoxyguanosine",MTBLS11904,plasma,Positive,Reverse phase/C18
-0.1911873998023888,-0.11588061192078485,IK_OWFJMIVZYSDULZ-PXOLEDIWSA-N,Oxyterracin,MTBLS11904,plasma,Negative,Reverse phase/C18
-0.2925405398810913,-0.3251735474380459,IK_SXQFCVDSOLSHOQ-UHFFFAOYSA-N,Lactamide,ST001814,plasma,Positive,GC-MS
-0.19603182066436722,-0.1470023825556519,IK_UNXHWFMMPAWVPI-QWWZWVQMSA-N,threitol,ST001814,plasma,Positive,GC-MS
0.6970619055176541,0.5633124323696495,IK_VVOAZFWZEDHOOU-UHFFFAOYSA-N,MAG,37755270,serum,Not reported,Reverse phase/C18
-0.1983918048814334,-0.12777191998993548,IK_GJZJZRWFRZFTEE-ONEGZZNKSA-N,6-Epi-7-isocucurbic acid glucoside,MTBLS11904,plasma,Negative,Reverse phase/C18
-0.07327679328121413,0.07875251675817076,IK_XXEWFEBMSGLYBY-UHFFFAOYSA-N,"Ne,Ne dimethyllysine",MTBLS11904,plasma,Positive,Reverse phase/C18
0.26679343125813604,0.6400445481682182,IK_UGGHNDGDVCUWQX-WDSKDSINSA-N,N(alpha)-Phosphorylalanylproline,MTBLS11904,plasma,Negative,Reverse phase/C18
-0.6697320177716705,-0.9057475511460107,IK_IBLCRTNVHXHBPT-UHFFFAOYSA-N,4-Methoxyindoxyl sulfate,MTBLS11904,plasma,Negative,Reverse phase/C18
-0.028219163168731035,0.15326731249478748,IK_FONAXCRWZQFJHY-JCGOJSMZSA-N,SM(d18:0/22:0),MTBLS11904,plasma,Positive,Reverse phase/C18
0.027068591401270718,0.24436414957720534,IK_SIZUKCMURNXUCZ-JWFJDLLSSA-N,"PE(20:0/20:4(5Z,8Z,11Z,14Z)-OH(19S))",MTBLS11904,plasma,Negative,Reverse phase/C18
-0.1522943209064397,-0.051924017238365386,IK_XZOSNHNAQRVGSZ-UHFFFAOYSA-N,Stizolamine,MTBLS11904,plasma,Positive,Reverse phase/C18
-0.789179425689324,0.3931630916911218,IK_XOMRRQXKHMYMOC-UHFFFAOYSA-N,Palmitoylcarnitine,37755270,serum,Not reported,Reverse phase/C18
-0.13563435779922065,-0.02418694423941995,IK_PUYXTUJWRLOUCW-UHFFFAOYSA-N,Spiroxamine,MTBLS11904,plasma,Negative,Reverse phase/C18
-0.03832630631009055,0.13642590131183618,IK_RINCXYDBBGOEEQ-UHFFFAOYSA-N,Succinic anhydride,MTBLS11904,plasma,Negative,Reverse phase/C18
-0.13877980950682928,-0.029574172317334748,IK_ANGCIHCSPJLGME-UHFFFAOYSA-N,Physalolactone B,MTBLS11904,plasma,Positive,Reverse phase/C18
0.4313801703986659,0.7001463808181985,IK_WJXQFVMTIGJBFX-UHFFFAOYSA-N,4-Methoxytyramine,ST003159,serum,Positive,HILIC
-1.1572779053552882,-1.2619670327105874,IK_SUHOQUVVVLNYQR-QMMMGPOBSA-N,Glycerophosphocholine3,ST003159,serum,Negative,Reverse phase/C18
4.78394686060305,-5.055008449039879,IK_PFDUUKDQEHURQC-UHFFFAOYSA-N,3-Methoxytyrosine,38720721,serum,Not reported,Reverse phase/C18
-0.03633064774038464,0.13985281173061953,IK_YTPRLBGPGZHUPD-SSDOTTSWSA-N,Salsoline,MTBLS11904,plasma,Positive,Reverse phase/C18
-0.05036141071296682,0.11656123109391453,IK_XQSPYNMVSIKCOC-NTSWFWBYSA-N,Emtricitabine,MTBLS11904,plasma,Negative,Reverse phase/C18
-0.3505256705977099,-0.3797523671694665,IK_FAASBXNEOGMQHS-BYPYZUCNSA-N,(S)-5-Amino-3-oxohexanoate,MTBLS11904,plasma,Positive,Reverse phase/C18
-0.08702742672775632,0.05601218128843509,IK_BXJHWYVXLGLDMZ-UHFFFAOYSA-N,Methylguanine,MTBLS11904,plasma,Positive,Reverse phase/C18
-0.14798873278939248,-0.044578589981454024,IK_DYUGTPXLDJQBRB-UHFFFAOYSA-N,Myristoylglycine,MTBLS11904,plasma,Negative,Reverse phase/C18
-0.017185056164605025,0.17132081831416196,IK_NMDWGEGFJUBKLB-UHFFFAOYSA-N,2-Acetolactate,MTBLS11904,plasma,Negative,Reverse phase/C18
-1.9673849551667588,-1.4669687309670272,IK_ONJSZLXSECQROL-UHFFFAOYSA-N,o-Hydroxyhippuric acid,38720721,serum,Not reported,Reverse phase/C18
-0.029274767184914008,0.15152159000967796,IK_BLZVZPYMHLXLHG-JOBMVARSSA-N,DG 36:3,MTBLS11904,plasma,Positive,Reverse phase/C18
-0.003636888072317386,0.1936828925016132,IK_WMJJBPKYVQALFE-DYYSOKHRSA-N,"PE(DiMe(13,5)/22:6(5Z,7Z,10Z,13Z,16Z,19Z)-OH(4))",MTBLS11904,plasma,Negative,Reverse phase/C18
-0.18874044337639015,-0.11219739033336769,IK_QCHPKSFMDHPSNR-UHFFFAOYSA-N,3-Aminoisobutanoic Acid,MTBLS11904,plasma,Positive,Reverse phase/C18
-0.3951527254547938,-0.4535550910839308,IK_CBMYJHIOYJEBSB-JBDJBKRMSA-N,"Androstan-3alpha,17beta-diol",MTBLS11904,plasma,Positive,Reverse phase/C18
-0.2921549273370484,-0.28322079169363823,IK_IRHVLQMEQPABHG-QUZWXNHXSA-N,Contignasterol,MTBLS11904,plasma,Positive,Reverse phase/C18
-0.052623064851216504,0.11290895907130045,IK_VDNMIIDPBBCMTM-UHFFFAOYSA-N,(2-Hydroxyethoxy)acetic acid,MTBLS11904,plasma,Positive,Reverse phase/C18
-0.12040396356512909,8.151852106427712e-4,IK_IBRKLUSXDYATLG-ZCFIWIBFSA-N,(R)-Salsolinol,MTBLS11904,plasma,Positive,Reverse phase/C18
0.033311447923001294,0.25502457055783107,IK_ZWRUINPWMLAQRD-UHFFFAOYSA-N,1-Nonanol,MTBLS11904,plasma,Positive,Reverse phase/C18
-0.15443330814030282,-0.055461402310143695,IK_JPNPIRVRGLGTRE-YSKCIPFOSA-N,PE(20:4/0:0),MTBLS11904,plasma,Positive,Reverse phase/C18
1.4439504255508688,-0.8471101899844704,IK_YKPUWZUDDOIDPM-SOFGYWHQSA-N,Capsaicin,28880465,serum,Positive,LC-MS/unspecified
-0.11350086782862376,0.012231292848464366,IK_XCLJRCAJSCMIND-JCTYMORFSA-N,Erythromycylamine,MTBLS11904,plasma,Positive,Reverse phase/C18
-0.28776599357985183,0.2698196227133536,IK_PEDCQBHIVMGVHV-UHFFFAOYSA-N,glycerol,38720721,serum,Not reported,Reverse phase/C18
-0.06021714762322645,0.10029373874503132,IK_MVVPIAAVGAWJNQ-CGRWFSSPSA-N,"N-[2-(3,4-Dihydroxyphenyl)ethyl]icosa-5,8,11,14-tetraenamide",MTBLS11904,plasma,Negative,Reverse phase/C18
-0.12695982082524015,-0.010026671869446136,IK_WHBMMWSBFZVSSR-UHFFFAOYSA-N,3-Hydroxybutyric acid,MTBLS11904,plasma,Positive,Reverse phase/C18
0.020963657121080607,0.23460420920662725,IK_KWGRBVOPPLSCSI-WCBMZHEXSA-N,Pseudoephedrine,MTBLS11904,plasma,Positive,Reverse phase/C18
-0.06738763332343303,0.08849181146740265,IK_YAADMLWHGMUGQL-VOTSOKGWSA-N,Cinnamoylglycine,MTBLS11904,plasma,Positive,Reverse phase/C18
-0.01966321370471188,0.16741685425480435,IK_ZFACUKICYTXONE-IWDZABBFSA-N,PC(16:1(9Z)/P-18:1(11Z)),MTBLS11904,plasma,Positive,Reverse phase/C18
11.892840478147033,-2.1224063339161323,IK_BAGQGBPETWVHAA-BHYOAKPMSA-N,PS 16:0_22:4,37755270,serum,Not reported,Reverse phase/C18
0.06766025154859147,0.3118294692132649,IK_FCLOZPWDDCBDAQ-BELBSWHZSA-N,DG(i-18:0/PGJ2/0:0),MTBLS11904,plasma,Positive,Reverse phase/C18
-0.3517417905198523,0.7193110326914557,IK_BRMWTNUJHUMWMS-LURJTMIESA-N,1-Methylhistidine,28880465,serum,Positive,LC-MS/unspecified
-0.09637507933605391,0.04055334729636025,IK_VGHLCDUMOBMFJC-WNDXKNNZSA-N,"DG(14:0/22:6(4Z,7Z,11E,13Z,15E,19Z)-2OH(10S,17)/0:0)",MTBLS11904,plasma,Positive,Reverse phase/C18
-0.06092900270377334,0.09917287878785218,IK_QVHPTAJAHUONLV-DYKIIFRCSA-N,"5,16-Androstadien-3beta-ol",MTBLS11904,plasma,Positive,Reverse phase/C18
-0.09705566605087045,0.03942781507333046,IK_NTNWOCRCBQPEKQ-YFKPBYRVSA-N,L-Targinine,MTBLS11904,plasma,Positive,Reverse phase/C18
-0.18306682747275002,-0.10247711444405261,IK_CAWZRIXWFRFUQB-IOSLPCCCSA-N,"Alpha,beta-Methylene ATP",MTBLS11904,plasma,Negative,Reverse phase/C18
-0.13715473498081213,-0.026886678296698566,IK_MWBWWFOAEOYUST-UHFFFAOYSA-N,2-Aminopurine,MTBLS11904,plasma,Positive,Reverse phase/C18
-0.10583384814933522,0.02491075261678292,IK_AJMZUFBKADIAKC-SKTOPKGQSA-N,"DG(18:0/18:2(9Z,12Z)/0:0)",MTBLS11904,plasma,Positive,Reverse phase/C18
-0.10429033790409055,0.027548263089972196,IK_NSTCJQZTKVQBIU-UHFFFAOYSA-N,"4-Methoxy-4-oxo-2,2-bis(sulfanyl)butanoic acid",MTBLS11904,plasma,Negative,Reverse phase/C18
-0.11654754319817674,0.007317001969428043,IK_SZQIFWWUIBRPBZ-UHFFFAOYSA-N,Ethotoin,MTBLS11904,plasma,Negative,Reverse phase/C18
-1.4437400027558307,-1.3507973971417429,IK_JYFOSWJYZIVJPO-YGEZULPYSA-N,Vanillic acid [-CO],28880465,serum,Positive,LC-MS/unspecified
3.5800408931385848,-0.37877357676985324,IK_DTSWLLBBGHRXQH-UHFFFAOYSA-N,pyroGlu-Val,37755270,serum,Not reported,Reverse phase/C18
-0.060178967948996596,0.10041326038769978,IK_BBZCPUCZKLTAJQ-UHFFFAOYSA-N,3-Methyloxindole,MTBLS11904,plasma,Positive,Reverse phase/C18
-0.043559563810142324,0.12778809265245852,IK_BDENGJXHUIIQRH-IQAJSEAWSA-N,Torvoside G,MTBLS11904,plasma,Negative,Reverse phase/C18
0.9357341577469057,0.33119986192304524,IK_UPUWBGZZDIUZQD-UHFFFAOYSA-N,2-hydroxypyridine sulfate,38720721,serum,Not reported,Reverse phase/C18
-0.06522339910058386,0.09449153730348332,IK_HOVAGTYPODGVJG-VOQCIKJUSA-N,methyl-beta-D-galactopyranoside,ST001814,plasma,Positive,GC-MS
-1.724420571310183,0.5789354650137016,IK_LEVWYRKDKASIDU-IMJSIDKUSA-N,L-Cystine,28880465,serum,Positive,LC-MS/unspecified
-0.5214517599313363,-0.6610019852325657,IK_DWZGLEPNCRFCEP-UHFFFAOYSA-N,4-Ethylphenylsulfate,MTBLS11904,plasma,Negative,Reverse phase/C18
-0.07337402007371016,0.07859172592284001,IK_CZKWVFPVOOTCDG-UHFFFAOYSA-N,"2,2-Dimethyl-5-hydroxy-1-pyrrolidinyloxy",MTBLS11904,plasma,Positive,Reverse phase/C18
-0.07030886700328724,0.08363674333143127,IK_WJSAFQZKYVRPGM-PABFRNLHSA-N,16-B1-phytoprostane,MTBLS11904,plasma,Negative,Reverse phase/C18
-0.1560260166250117,-0.05784461460157592,IK_SATGKQGFUDXGAX-MYWFJNCASA-N,7alpha-Hydroxy-3-oxo-4-cholestenoate,MTBLS11904,plasma,Negative,Reverse phase/C18
2.7901502767957496,-0.5522671024654653,IK_PYGVPCBXCGQXNA-SZHIUZGGSA-N,Cer 18:1;2O/24:1;(2OH),37755270,serum,Not reported,Reverse phase/C18
-1.446183639781139,-2.1873280831189827,IK_RHZRNGQIDYHQPV-UHFFFAOYSA-N,4-Hydroxyketamine,MTBLS11904,plasma,Negative,Reverse phase/C18
-0.29641716097467835,-0.3323303475764104,IK_NGEWQZIDQIYUNV-UHFFFAOYSA-N,2-Hydroxy-3-methylbutyric acid,ST001814,plasma,Positive,GC-MS
-0.03899260951229102,0.13532612713106482,IK_FYYSIASRLDJUNP-WHFBIAKZSA-N,Glutamylaspartic acid,MTBLS11904,plasma,Negative,Reverse phase/C18
-0.08449953225147137,0.06019272794736947,IK_HCJXCECWFHKWJZ-PVXQIPPMSA-N,PS(15:0/22:0),MTBLS11904,plasma,Positive,Reverse phase/C18
-0.1597462102111731,-0.06398501996990154,NO_INCHIKEY__pe 18 3 0 0,PE(18:3/0:0),MTBLS11904,plasma,Negative,Reverse phase/C18
0.0012354552342388227,0.20172499034223734,IK_HVFNSJGQAVFVAX-LDOBPFQESA-N,"PS(20:5(6E,8Z,11Z,14Z,17Z)-OH(5)/24:0)",MTBLS11904,plasma,Negative,Reverse phase/C18
-0.12491806023182978,-0.006650076557308677,IK_IOQPZZOEVPZRBK-UHFFFAOYSA-N,Octylamine,MTBLS11904,plasma,Positive,Reverse phase/C18
-0.09316659829699789,0.045859425102635354,IK_NXJSQJIGCCIMAE-ORIYTCASSA-N,Polyporenic acid C,MTBLS11904,plasma,Positive,Reverse phase/C18
0.3912742180483346,-0.37552021878194425,IK_WLJVXDMOQOGPHL-UHFFFAOYSA-N,phenylacetic acid,38720721,serum,Not reported,Reverse phase/C18
-0.0017457216913377655,0.19704820133197332,IK_OTKJDMGTUTTYMP-ZWKOTPCHSA-N,Sphinganine,MTBLS11904,plasma,Positive,Reverse phase/C18
-0.03473335219138424,0.14249436497121742,IK_FTTDBZNMICPROO-UHFFFAOYSA-N,Dmap-ethyl-paf,MTBLS11904,plasma,Positive,Reverse phase/C18
-0.5214934039140596,-0.6610707209244203,IK_UQDJGEHQDNVPGU-UHFFFAOYSA-N,L-2-Aminoethyl seryl phosphate,MTBLS11904,plasma,Negative,Reverse phase/C18
-0.18355267376646486,-0.10327903341405495,IK_CFFZDZCDUFSOFZ-UHFFFAOYSA-N,"3,4-dihydroxyphenylacetic Acid",MTBLS11904,plasma,Negative,Reverse phase/C18
0.017463495856579834,0.22881575997005024,IK_ZBXWGKPUSLRPHX-QOIVFALESA-N,Mirificin,MTBLS11904,plasma,Positive,Reverse phase/C18
0.16754754749926304,0.4762331935380324,IK_JLIPBVWMWUWERT-HNQUOIGGSA-N,Hydroxydesmethylpiperine sulfate,MTBLS11904,plasma,Negative,Reverse phase/C18
0.5365927297419582,0.8300918840467971,IK_KTLRWTOPTKGYQY-UHFFFAOYSA-N,N1-Methyl-4-pyridone-5-carboxamide3,ST003159,serum,Negative,Reverse phase/C18
-0.17436324005840562,-0.08811131524594502,IK_KIHBGTRZFAVZRV-UHFFFAOYSA-N,2-Hydroxyoctadecanoic acid,MTBLS11904,plasma,Negative,Reverse phase/C18
-0.06760200945871118,0.08810457654080356,IK_HXHZGHRLVRFQDR-HZJYTTRNSA-N,Goshuyic acid,MTBLS11904,plasma,Negative,Reverse phase/C18
-0.017601495694936416,0.17063345896298648,IK_RTZKSTLPRTWFEV-QWHCGFSZSA-N,Rubschisandrin,MTBLS11904,plasma,Negative,Reverse phase/C18
-0.12085668481544573,-0.10461006068300274,IK_NUCLJNSWZCHRKL-UHFFFAOYSA-N,allantoic acid,38720721,serum,Not reported,Reverse phase/C18
-1.6783352238530402,0.6840580201532851,IK_BAVYZALUXZFZLV-UHFFFAOYSA-N,Methylamine,28880465,serum,Positive,LC-MS/unspecified
-0.2030281653416624,-0.13542451436862982,IK_BJBUEDPLEOHJGE-IMJSIDKUSA-N,Trans-3-hydroxy-L-proline,MTBLS11904,plasma,Negative,Reverse phase/C18
-0.264772275853721,-0.237336916487285,IK_CPHVNLRAJPTYSD-UHFFFAOYSA-N,Cyclotricuspidogenin C,MTBLS11904,plasma,Negative,Reverse phase/C18
-0.10200033819745162,0.031250482161703924,IK_LYRFLYHAGKPMFH-UHFFFAOYSA-N,Octadecanamide,MTBLS11904,plasma,Positive,Reverse phase/C18
-0.19899091533395044,-0.12914927724500466,IK_VEBOFLQVSWXAKE-FWGBWITRSA-N,"PC(20:4(8Z,11Z,14Z,17Z)-2OH(5S,6R)/P-18:0)",MTBLS11904,plasma,Positive,Reverse phase/C18
0.31808844951230636,0.7259792134647224,IK_MIAKOEWBCMPCQR-GCHJQGSQSA-N,4-Aminophenylmannoside,MTBLS11904,plasma,Positive,Reverse phase/C18
0.1629007483171246,0.4693350047381372,IK_PWFTYELYTFERRB-VPTTUCOCSA-N,Alpha-Trisaccharide,MTBLS11904,plasma,Positive,Reverse phase/C18
-0.07613803622040051,0.07402068911241498,IK_WQGWDDDVZFFDIG-UHFFFAOYSA-N,"1,2,3-Trihydroxybenzene",MTBLS11904,plasma,Positive,Reverse phase/C18
1.2159092376754785,2.2066177980433728,IK_SSZYARBRHYOZQM-OWOJBTEDSA-N,"3,4,5-trihydroxy-6-{3-[(E)-2-(4-hydroxyphenyl)ethenyl]-5-{[3,4,5-trihydroxy-6-(hydroxymethyl)oxan-2-yl]oxy}phenoxy}oxane-2-carboxylic acid",MTBLS11904,plasma,Negative,Reverse phase/C18
-0.08727743833921742,0.05559871981186711,IK_PJANXHGTPQOBST-UHFFFAOYSA-N,Stilbene,MTBLS11904,plasma,Positive,Reverse phase/C18
-0.6921525123805944,-0.9447233658780403,IK_PWAKELUEEHWVFQ-UHFFFAOYSA-L,2-(7'-methylthio)heptylmalate,MTBLS11904,plasma,Positive,Reverse phase/C18
3.418886211661013,-0.22364679474288174,IK_OEWWEABZDCFLPH-UHFFFAOYSA-N,Diethyloxalpropionate,38720721,serum,Not reported,Reverse phase/C18
0.14000115284712275,0.5830797136471424,IK_FUGYGGDSWSUORM-UHFFFAOYSA-N,4-Hydroxystyrene,24167579,serum,Positive,Reverse phase/C18
-0.19346393623804134,-0.11963817361688589,IK_RUDATBOHQWOJDD-GCJQIVLTSA-N,"3,7-Dihydroxycholan-24-oic acid",MTBLS11904,plasma,Negative,Reverse phase/C18
-0.12982106361238244,-0.014758498439512475,IK_MICNQLKUSOVNNG-UHFFFAOYSA-N,9-Carboxymethoxymethylguanine,MTBLS11904,plasma,Positive,Reverse phase/C18
-0.10215312324089729,0.030997812198942633,IK_JPMYFOBNRRGFNO-UHFFFAOYSA-N,Genkwanin,MTBLS11904,plasma,Positive,Reverse phase/C18
-0.18054562157677012,-0.09864506966173284,IK_SEDMBVOYVWZBEK-UHFFFAOYSA-N,(5R)-5-Hydroxyhexanoylcarnitine,MTBLS11904,plasma,Positive,Reverse phase/C18
-0.029955354276254974,0.15039605738943393,IK_UARHXHPRJDJCKE-QECOYPFHSA-N,"DG(15:0/18:3(9Z,12Z,15Z)/0:0)",MTBLS11904,plasma,Positive,Reverse phase/C18
-0.1849685685128402,-0.1056160535565207,IK_XOFYZVNMUHMLCC-ZPOLXVRWSA-N,Prednisone,MTBLS11904,plasma,Negative,Reverse phase/C18
-0.09540165477289095,0.0387773339470913,IK_KZSNJWFQEVHDMF-UHFFFAOYNA-N,Valine,ST001814,plasma,Positive,GC-MS
-0.05326260621605006,0.11177263198458534,IK_JFCQEDHGNNZCLN-UHFFFAOYSA-N,Glutaric Acid,MTBLS11904,plasma,Negative,Reverse phase/C18
0.007606980876094146,0.2122415793118213,IK_BMLMGCPTLHPWPY-REOHCLBHSA-N,Procysteine,MTBLS11904,plasma,Negative,Reverse phase/C18
-0.007327837024666148,0.15830866343232716,IK_YNZQCBXDUUGFIX-UHFFFAOYSA-N,8-(Aminomethyl)sulfanyl-6-sulfanyloctanoic acid,ST003159,serum,Positive,HILIC
-0.1344822083033052,-0.02228525108864394,IK_JDWYRSDDJVCWPB-LURJTMIESA-N,Leucodopachrome,MTBLS11904,plasma,Negative,Reverse phase/C18
-0.11416756535543411,0.01112873115608299,IK_PMIHTPDPPVPUIV-UHFFFAOYSA-N,9-Hydroxyoctadecanoylcarnitine,MTBLS11904,plasma,Positive,Reverse phase/C18
-0.24449166777403694,-0.20386254143580768,IK_SJBDVPKAXKLGPV-UKNYEQEFSA-N,Mascaroside,MTBLS11904,plasma,Negative,Reverse phase/C18
-0.704088284596606,-0.9624546554440073,IK_YDCKQKAUVJTIHE-UHFFFAOYSA-N,"2-(2-Phenylimidazo[1,2-a]pyridin-8-yl)acetamide",MTBLS11904,plasma,Negative,Reverse phase/C18
-0.113743516486085,0.011945218327385163,IK_TVWOTZQAXZHSLO-UHFFFAOYSA-N,"2,4-Dimethylpimelic acid",MTBLS11904,plasma,Negative,Reverse phase/C18
-0.12998466076883666,-0.014861776228865444,IK_DPSCUTCAFODJSS-UIITUPLWSA-N,Propafenone glucuronide,MTBLS11904,plasma,Negative,Reverse phase/C18
-0.24187657412912716,0.23598130199538703,IK_HNDVDQJCIGZPNO-YFKPBYRVSA-N,Histidine,38720721,serum,Not reported,Reverse phase/C18
0.00949090653936139,0.2156309589192564,IK_QQZAQKGMSREYHF-KDEBBMLKSA-N,PC(P-18:0/18:3),MTBLS11904,plasma,Positive,Reverse phase/C18
-0.023830072119498825,0.16052584372306183,IK_XEVQXKKKAVVSMW-WRWORJQWSA-N,Loliolide,MTBLS11904,plasma,Positive,Reverse phase/C18
0.056314702225313165,-0.14370975620268053,IK_LFUDDCMNKWEORN-ZXEGGCGDSA-N,LPC 16:1,37755270,serum,Not reported,Reverse phase/C18
0.12090131055752419,0.5363370877677328,IK_GGJFWMOVUFBSIN-AIRLBKTGSA-O,Se-Adenosylselenomethionine,24167579,serum,Positive,Reverse phase/C18
-0.25752138808001607,-0.22594500687322805,IK_UVZTZBRGZXIBLZ-UHFFFAOYSA-N,11-Maleimidoundecanoic acid,MTBLS11904,plasma,Positive,Reverse phase/C18
-0.5116654295599772,-0.6448490531809863,IK_UYKREHOKELZSPB-JTQLQIEISA-N,Tryptophyl-Glycine,MTBLS11904,plasma,Negative,Reverse phase/C18
-0.11529822453474546,0.009379078268790222,IK_MCKLJFJEQRYRQT-APGJSSKUSA-N,20alpha-Hydroxycholesterol,MTBLS11904,plasma,Negative,Reverse phase/C18
0.0010133539665036096,0.2013583990424005,IK_BZWQQOVSUSJJJO-QAGDRQIHSA-N,Isatoribine,MTBLS11904,plasma,Negative,Reverse phase/C18
-0.1803460888781522,-0.09798637054549261,IK_NKRLKOMBOSWILK-PLACYPQZSA-N,Kinetensin 4-7,MTBLS11904,plasma,Negative,Reverse phase/C18
-0.1834068645159575,-0.1033768973074889,IK_KSPIYJQBLVDRRI-UHFFFAOYSA-N,N-Methylisoleucine,MTBLS11904,plasma,Positive,Reverse phase/C18
-0.07891594177957692,0.0694266824498171,IK_DGBYUHHIADYUMU-UESLNCBNSA-N,GPCho(15:0/18:2),MTBLS11904,plasma,Positive,Reverse phase/C18
-0.6534492298827188,-0.8788718212951219,IK_SVBMASFUJDIDJC-XFJIFGBKSA-N,3-Dehydroteasterone,MTBLS11904,plasma,Negative,Reverse phase/C18
0.5198554434456972,1.0577387610976283,IK_YXFNPRHZMOGREC-UHFFFAOYSA-N,"{4-[4-(6-Carbamoyl-3,5-dimethylpyrazin-2-yl)phenyl]cyclohexyl}acetic acid",MTBLS11904,plasma,Negative,Reverse phase/C18
-1.6618577053159609,-2.543311220237328,IK_BDTIGNGBIBFXSE-UHFFFAOYSA-N,2-(4-Nitrobenzylidene)malononitrile,MTBLS11904,plasma,Negative,Reverse phase/C18
0.03749346257069507,0.2615710322797986,IK_FORFDCPQKJHEBF-HUESYALOSA-N,"PC(18:0/18:2(9Z,12Z))",MTBLS11904,plasma,Negative,Reverse phase/C18
0.32598893163508763,0.7377503155595957,IK_PLNJUBIUGVATKW-SNAWJCMRSA-N,Methyl furfuracrylate,MTBLS11904,plasma,Negative,Reverse phase/C18
-0.05837093214445234,0.103341030003553,IK_ZICVPLGXTMCKHF-ROUYHVFWSA-N,"PE-NMe(16:0/20:3(5Z,8Z,11Z))",MTBLS11904,plasma,Negative,Reverse phase/C18
-0.1927182868611694,-0.06477959787750774,IK_RYZWCKUTHDRXFD-FTZNQNEXSA-N,Cer 18:2;2O/24:1,37755270,serum,Not reported,Reverse phase/C18
-0.5440921924121204,-0.6983713933638501,IK_QCPDBEXGCHOIDE-ZPUAQPQFSA-N,Pleurotin,MTBLS11904,plasma,Negative,Reverse phase/C18
-0.5346780929167881,-0.26938817847765834,IK_WSVLPVUVIUVCRA-HPKHWNBYSA-N,lactose / maltose,38720721,serum,Not reported,Reverse phase/C18
-0.0971275768077703,0.03937083546726873,IK_MDIUMSLCYIJBQC-MVFSOIOZSA-N,"9,12,13-TriHOME",MTBLS11904,plasma,Negative,Reverse phase/C18
-0.09794419456567001,0.03408366588490174,IK_ONIBWKKTOPOVIA-UHFFFAOYNA-N,Proline,ST001814,plasma,Positive,GC-MS
0.2238612856476566,0.5691824367617518,IK_NSYSSMYQPLSPOD-UHFFFAOYSA-N,4-Hydroxy-6-methyl-2-pyrone,MTBLS11904,plasma,Negative,Reverse phase/C18
-0.2372178559316096,-0.1918566737478324,IK_DWHJJLTXBKSHJG-HWKANZROSA-N,Hydroxyethyl methacrylic acid,MTBLS11904,plasma,Negative,Reverse phase/C18
-0.08381539133733,0.061343405514311375,IK_SCNLFUNUYBVROO-JNDMGLSPSA-N,"DG(i-13:0/18:3(9,11,15)-OH(13)/0:0)",MTBLS11904,plasma,Negative,Reverse phase/C18
-0.36520362464223916,-0.40310495392061163,IK_FDLBWFQZCBIUPV-UHFFFAOYSA-N,Chenodeoxycholylthreonine,MTBLS11904,plasma,Negative,Reverse phase/C18
-0.7923741699057595,0.525722926981998,IK_UGQMRVRMYYASKQ-KQYNXXCUSA-N,Inosine,28880465,serum,Positive,LC-MS/unspecified
-0.18323653215464872,-0.05895193949155997,IK_YWWVWXASSLXJHU-WAYWQWQTSA-N,Myristoleic acid,ST003159,serum,Negative,Reverse phase/C18
0.2889435101792563,0.5242262846716648,IK_OHYPPUOVSUINHM-UHFFFAOYSA-N,Phenol sulphate3,ST003159,serum,Negative,Reverse phase/C18
-0.09328744718308794,0.04268084512586303,IK_GDFAOVXKHJXLEI-VKHMYHEASA-N,N-methylalanine,ST001814,plasma,Positive,GC-MS
-0.06908215604145486,0.08568946699425987,IK_UADPGHINQMWEAG-FROQITRMSA-N,"(S,E)-2-(5-Hydroxy-8,9-dihydro-5H-benzo[7]annulen-6(7H)-ylidene)acetic acid",MTBLS11904,plasma,Positive,Reverse phase/C18
0.9757505583031855,10.201729705085581,IK_MKOKWBRPIBQYJJ-WZBOJYASSA-N,C24:1 lactosylceramide,24058461,plasma,Not reported,LC-MS/unspecified
-0.17044793443817477,-0.08194585339133609,IK_YLZRFVZUZIJABA-UHFFFAOYSA-N,4-Acetamido-2-aminobutanoic acid,MTBLS11904,plasma,Positive,Reverse phase/C18
-0.2848976489066709,-0.27121894862997487,IK_RDTOURARQPNLFK-UHFFFAOYSA-N,"3h-Indole-3-propanoic acid,a-amino-",MTBLS11904,plasma,Positive,Reverse phase/C18
-0.5445614476251783,0.04873144724502651,IK_WHBHBVVOGNECLV-OBQKJFGGSA-N,Cortodoxone,38720721,serum,Not reported,Reverse phase/C18
-0.22938120361466813,-0.17940771513736448,IK_GOLXRNDWAUTYKT-UHFFFAOYSA-N,3-Indolepropionic acid,MTBLS11904,plasma,Positive,Reverse phase/C18
-0.12132271733721713,-5.6471272261192e-4,IK_DZTWAOVNNLDWNH-XYXZLXRDSA-N,Heliangin,MTBLS11904,plasma,Negative,Reverse phase/C18
-0.5003103453414588,-0.6274612321364036,IK_GYDJEQRTZSCIOI-UHFFFAOYSA-N,Tranexamic Acid,MTBLS11904,plasma,Positive,Reverse phase/C18
0.12240549546345253,0.40172349679438013,IK_BOTWFXYSPFMFNR-PYDDKJGSSA-N,Phytol,MTBLS11904,plasma,Negative,Reverse phase/C18
0.03468341116714668,0.5777993884252547,IK_WHBMMWSBFZVSSR-UHFFFAOYSA-N,3-Hydroxybutyric acid,38720721,serum,Not reported,Reverse phase/C18
-0.438455348904209,-0.5240113711981191,IK_VNRLQDGXGABKPC-UHFFFAOYSA-N,10-Hydroxymelleolide,MTBLS11904,plasma,Negative,Reverse phase/C18
-0.924883765198699,-0.38242543692365033,IK_FZAYDNUFXQMOCM-SSTSLOEUSA-N,PA(18:2/15:0),29518718,plasma,Positive,LC-MS/unspecified
-0.14911311935260502,-0.046434458129567445,IK_DBHKHNGBVGWQJE-USWSLJGRSA-N,PE(18:2/0:0),MTBLS11904,plasma,Negative,Reverse phase/C18
-0.028664907510382667,0.15237262668507034,IK_YMGUBTXCNDTFJI-UHFFFAOYSA-N,Cyclopropanecarboxylic acid,MTBLS11904,plasma,Negative,Reverse phase/C18
-0.26370222841528584,-0.23616667408845246,IK_WSGVTKZFVJSJOG-RCOVLWMOSA-N,Asp Gly Val,MTBLS11904,plasma,Positive,Reverse phase/C18
-0.8783127289735534,-1.2500226755058887,IK_DFFOSEJNFZUOSK-UHFFFAOYSA-N,2-(2-(4-Phenoxy-2-propylphenoxy)ethyl)indole-5-acetic acid,MTBLS11904,plasma,Negative,Reverse phase/C18
-0.3906574203902928,-0.31513249403442967,IK_JFLIEFSWGNOPJJ-JTQLQIEISA-N,Phenylacetyl-L-glutamine,ST003159,serum,Positive,HILIC
-0.022487720203559217,0.1625684493574813,IK_VASLEPDZAKCNJX-UHFFFAOYSA-N,"1-Rhamnono-1,4-lactone",MTBLS11904,plasma,Negative,Reverse phase/C18
-0.2607466932588556,-0.23069244775694028,IK_XCRLPASVMPBQHF-FQEVSTJZSA-N,"1-[(2R)-2-(1,3-Benzodioxol-4-yl)heptyl]-3-[2,6-di(propan-2-yl)phenyl]urea",MTBLS11904,plasma,Negative,Reverse phase/C18
-0.1305537950280012,-0.0158011665825755,IK_DTQVDTLACAAQTR-UHFFFAOYSA-N,Trifluoroacetic acid,MTBLS11904,plasma,Negative,Reverse phase/C18
-0.16468796043315687,-0.07214167850504576,IK_HYHZGBOWRWIEGW-UHFFFAOYSA-N,5-(Methoxycarbonyl)thiophene-2-carboxylic acid,MTBLS11904,plasma,Negative,Reverse phase/C18
0.991330319045722,0.07010197255294856,IK_CZWCKYRVOZZJNM-USOAJAOKSA-N,dehydroepiandrosterone sulfate,38720721,serum,Not reported,Reverse phase/C18
0.05778532791955955,0.2387283681092488,IK_MTCFGRXMJLQNBG-UWTATZPHSA-N,D-serine,ST003159,serum,Negative,Reverse phase/C18
-0.1060699701962667,0.02452026206807706,IK_KORLZEIJSHHTDW-YFKPBYRVSA-N,N5-formyl-N5-hydroxy-L-ornithine,MTBLS11904,plasma,Positive,Reverse phase/C18
-0.3628715630217951,-0.39925574476777903,IK_VXIXUWQIVKSKSA-UHFFFAOYSA-N,4-Hydroxycoumarin,MTBLS11904,plasma,Negative,Reverse phase/C18
-0.10630312931376334,0.024226029064037122,IK_NTVFQBIHLSPEGQ-BUHFOSPRSA-N,"9,10,13-TriHOME",MTBLS11904,plasma,Negative,Reverse phase/C18
-0.005787574640701142,0.19036392026421664,IK_DLJKPYFALUEJCK-IIELGFQLSA-N,Carboprost,MTBLS11904,plasma,Positive,Reverse phase/C18
-0.4524449923198898,0.18106916563078257,IK_CDICDSOGTRCHMG-ONEGZZNKSA-N,Sinapyl aldehyde,38516193,plasma,Positive,LC-MS/unspecified
-0.1980047587567224,-0.12751840441797566,IK_SEQMDCPPEHGVOY-ZMPDJGPBSA-N,"PS(22:2(13Z,16Z)/PGJ2)",MTBLS11904,plasma,Positive,Reverse phase/C18
-0.2550629419477811,-0.22187931174249248,IK_PDIGSOAOQOXRDU-WJPZTBRDSA-N,"LysoPC(20:5(5Z,8Z,11Z,14Z,17Z)/0:0)",MTBLS11904,plasma,Positive,Reverse phase/C18
-0.09618062605515086,0.040874926815640464,IK_UNHCPLSWMNPZTD-HXUWFJFHSA-N,Hexadecanedioic acid mono-L-carnitine ester,MTBLS11904,plasma,Positive,Reverse phase/C18
-0.055150958950975,0.10872841280957957,IK_ROWKJAVDOGWPAT-GSVOUGTGSA-N,(R)-Acetoin,MTBLS11904,plasma,Positive,Reverse phase/C18
-1.2183661960024414,-1.811301564807635,IK_LTCLZQOHPYRNCF-UHFFFAOYSA-N,6-Hydroxyindoxyl sulfate,MTBLS11904,plasma,Negative,Reverse phase/C18
0.10839924401015355,0.3786053286395909,IK_ANVLMUZOIWITMQ-UHFFFAOYSA-N,"3-[(1R,2R,3S)-3-Carboxy-1,2,3-trihydroxypropyl]dioxirane-3-carboxylic acid",MTBLS11904,plasma,Negative,Reverse phase/C18
-0.06622775922363057,0.09037285951851,IK_NESRXFGQJARQNM-OWYFMNJBSA-N,Ovalicin,MTBLS11904,plasma,Negative,Reverse phase/C18
-0.20030742659502027,-0.13093376939437926,IK_LRNNBJBAUXSVMH-NHNZYLEHSA-N,4R-Hydroxy solifenacin,MTBLS11904,plasma,Negative,Reverse phase/C18
-0.17032377626147369,-0.08144393475072012,IK_BYWJNFQCWYEWHX-KLMFUOAUSA-N,Melledonal A,MTBLS11904,plasma,Negative,Reverse phase/C18
-0.014242216302271845,0.1761781535125594,IK_RJTYSXVYCZAUHE-UHFFFAOYSA-N,4-hydroxybenzoic acid-4-O-sulphate,MTBLS11904,plasma,Negative,Reverse phase/C18
-0.13242777313538823,-0.01889428069238054,IK_PYVRVRFVLRNJLY-MZMPXXGTSA-N,PE(18:1/0:0),MTBLS11904,plasma,Negative,Reverse phase/C18
0.11168911648739069,0.38403546249464643,IK_OTDJZUJMXXNTKV-FENLDCAOSA-N,"PA(22:2(13Z,16Z)/LTE4)",MTBLS11904,plasma,Negative,Reverse phase/C18
0.291753531202413,0.30173000653467325,IK_POQOTWQIYYNXAT-UHFFFAOYSA-N,5-Acetylamino-6-amino-3-methyluracil,28880465,serum,Positive,LC-MS/unspecified
-0.13740474644022893,-0.027300138697577764,IK_OSCCDBFHNMXNME-UHFFFAOYSA-N,"(2R,3R,4R)-2-Amino-4-hydroxy-3-methylpentanoic acid",MTBLS11904,plasma,Positive,Reverse phase/C18
0.5462480255450852,-0.018926832233551887,IK_GCGTXOVNNFGTPQ-JHOUSYSJSA-N,Cer d34:0,37755270,serum,Not reported,Reverse phase/C18
-0.007593213563705723,0.1873778151035698,IK_WWUZIQQURGPMPG-KRWOKUGFSA-N,Sphingosine,MTBLS11904,plasma,Positive,Reverse phase/C18
0.21564632037499276,0.5556231379234373,IK_FXGOEHDEIHUMCP-XNGCGXPYSA-N,"PE(22:6(4Z,7Z,10Z,13Z,16Z,19Z)/18:1(9Z))",MTBLS11904,plasma,Negative,Reverse phase/C18
-0.227209424669042,-0.17533715079363002,IK_WVMWZWGZRAXUBK-SYTVJDICSA-N,3-Dehydroquinic acid,MTBLS11904,plasma,Negative,Reverse phase/C18
-0.07305456102329336,0.0791200370574879,IK_RKDOXCGYGLYOBV-BNFZFUHLSA-N,"Propyl 2,4-decadienoate",MTBLS11904,plasma,Positive,Reverse phase/C18
-0.27559970519936533,-0.2552082457004841,IK_KUVXQAWMEHTXOV-UHFFFAOYSA-N,3-Carboxyoxy-2-hydroxypropanoic acid,MTBLS11904,plasma,Negative,Reverse phase/C18
-0.20249107659845123,-0.134937726481581,IK_XBKGKVBBQAVORB-DVCDPERKSA-N,PS(22:1(13Z)/PGJ2),MTBLS11904,plasma,Positive,Reverse phase/C18
-0.1352179184209332,-0.023499585963934966,IK_ONJSZLXSECQROL-UHFFFAOYSA-N,o-Hydroxyhippuric acid,MTBLS11904,plasma,Negative,Reverse phase/C18
0.24607417339605472,0.605846156242461,IK_YKZFASAFVKFZJE-UHFFFAOYSA-N,Pentadecanedioylcarnitine,MTBLS11904,plasma,Negative,Reverse phase/C18
-0.07956874989390192,0.06834709060960946,IK_HPHUVLMMVZITSG-LURJTMIESA-N,Levetiracetam,MTBLS11904,plasma,Positive,Reverse phase/C18
-0.3345259077972644,-0.3524695196963031,IK_MAZWDMBCPDUFDJ-VQHVLOKHSA-N,trans-traumatic acid,MTBLS11904,plasma,Negative,Reverse phase/C18
-0.28480042211417383,-0.27105815779464376,IK_XBGIMYLOTRDXPK-AGXIJRPPSA-N,PC(17:1/0:0),MTBLS11904,plasma,Positive,Reverse phase/C18
-0.11377865848953739,0.011771892346025539,IK_DWKUKQRKVCMOLP-UHFFFAOYSA-N,1-Piperideine,MTBLS11904,plasma,Positive,Reverse phase/C18
-0.3028903800954963,-0.3002531607697705,IK_NNNVXFKZMRGJPM-KHPPLWFESA-N,Sapienic acid,MTBLS11904,plasma,Negative,Reverse phase/C18
-0.06924000562486649,0.08540096402280938,IK_CYIDZMCFTVVTJO-UHFFFAOYSA-N,PYROMELLITIC ACID,MTBLS11904,plasma,Negative,Reverse phase/C18
-0.07215174182607598,0.0806130889013598,IK_CFTUMAOURLALGM-UHFFFAOYSA-N,7-Hydroxyoctanoylcarnitine,MTBLS11904,plasma,Positive,Reverse phase/C18
0.005851850020425738,0.20961280996930595,IK_HASVPNDDKSXPGU-HYSOADAZSA-O,Pelargonidin 3-sophoroside,MTBLS11904,plasma,Positive,Reverse phase/C18
-0.17922611668868424,-0.09646291692357305,IK_BQMFWUKNOCJDNV-HJWJTTGWSA-N,Phe Val Ile,MTBLS11904,plasma,Positive,Reverse phase/C18
-0.3336652657314629,-0.35104897774545335,IK_JVSRRTLCKOVNHJ-UHFFFAOYSA-N,3-Hydroxyindolin-2-one-sulfate,MTBLS11904,plasma,Negative,Reverse phase/C18
-0.08643017679194437,0.056999892247045145,IK_CGJRRBRZLXHAHM-PCDBCJAOSA-N,"PS(15:0/18:2(9Z,11E)+=O(13))",MTBLS11904,plasma,Positive,Reverse phase/C18
0.12716678824838148,0.40958229864584755,IK_VVEULVVIJNQTMD-OJZQPWLLSA-N,"DG(2:0/0:0/20:4(5Z,8Z,11Z,14Z)-OH(20))",MTBLS11904,plasma,Negative,Reverse phase/C18
1.4609550551948522,-1.3240247383107708,IK_GSEJCLTVZPLZKY-UHFFFAOYSA-N,Triethanolamine,38720721,serum,Not reported,Reverse phase/C18
-0.13173370730457384,-0.017748683660324595,IK_ZFMSMUAANRJZFM-UHFFFAOYSA-N,1-Methoxy-4-(2-propenyl)benzene,MTBLS11904,plasma,Negative,Reverse phase/C18
-0.10547272048493589,0.025507973705163757,IK_HCENGXRZXKAJLN-VOTSOKGWSA-N,Nalpha-Cinnamoylhistamine,MTBLS11904,plasma,Positive,Reverse phase/C18
-0.26386890287121784,-0.23644231390338635,IK_AHLPHDHHMVZTML-SCSAIBSYSA-N,D-Ornithine,MTBLS11904,plasma,Positive,Reverse phase/C18
-1.1900504385039061,-1.7681302376540364,IK_DEKNNWJXAQTLFA-UHFFFAOYSA-N,Dopamine 4-sulfate,MTBLS11904,plasma,Positive,Reverse phase/C18
-0.061286009378171906,0.09852951765643807,IK_GRJFTUSJGMRSSJ-KICRZJJPSA-N,Abscisic alcohol,MTBLS11904,plasma,Negative,Reverse phase/C18
-0.4199099057816718,-0.49340099141600835,NO_INCHIKEY__4 acetyl 2 methoxyphenyl 6 o 6 deoxy l mannopyranosyl d glucopyranoside,4-Acetyl-2-methoxyphenyl 6-O-(6-deoxy-?-L-mannopyranosyl)-?-D-glucopyranoside,MTBLS11904,plasma,Negative,Reverse phase/C18
-0.31803806354506786,-0.3260254530833721,IK_ZJIJDTZEEABZPM-PUFJAHBCSA-N,Cer(d16:1/5-iso PGF2VI),MTBLS11904,plasma,Positive,Reverse phase/C18
-0.04567830034868336,0.12439397773854442,IK_FKXCBKCOSVIGCT-AVGNSLFASA-N,Gln Lys Leu,MTBLS11904,plasma,Positive,Reverse phase/C18
-0.13920456032981904,-0.004569108977169708,IK_OQWOHRPOYAVIOK-UHFFFAOYSA-N,carnitine 10:1,ST003159,serum,Positive,HILIC
0.6015886423248206,-0.028646318837383354,IK_GPWHCUUIQMGELX-VHQDNGOZSA-N,PC 32:2,33485385,plasma,Positive,LC-MS/unspecified
-0.0767914431667706,0.07293685837269147,IK_XNGIFLGASWRNHJ-UHFFFAOYSA-N,Phthalic Acid,MTBLS11904,plasma,Negative,Reverse phase/C18
0.11703916466269068,0.15098930598290863,IK_NIDVTARKFBZMOT-PEBGCTIMSA-N,N-Acetylcytidine,38720721,serum,Not reported,Reverse phase/C18
-0.10190275094681073,0.03148912077522857,IK_JXCOSKURGJMQSG-AIEJOZITSA-N,Beta-Cortolone,MTBLS11904,plasma,Negative,Reverse phase/C18
-0.2680102801678863,-0.05310019715133116,IK_BJEPYKJPYRNKOW-UHFFFAOYSA-N,malic acid,38720721,serum,Not reported,Reverse phase/C18
-0.05274807031664026,0.11270222960731284,IK_HXEACLLIILLPRG-YFKPBYRVSA-N,L-Pipecolic acid,MTBLS11904,plasma,Positive,Reverse phase/C18
0.47494150639260935,0.19795928411940628,IK_RWCOTTLHDJWHRS-YUMQZZPRSA-N,Pro-Pro,38720721,serum,Not reported,Reverse phase/C18
-0.7527423101529094,-1.0427610780210292,IK_NGBBVGZWCFBOGO-UHFFFAOYSA-N,"3,4-Methylenedioxyamphetamine",MTBLS11904,plasma,Negative,Reverse phase/C18
-0.13315455079747665,-0.020271308258368488,IK_JKEJEOJPJVRHMQ-JTQLQIEISA-N,N-OCTANOYL-L-HOMOSERINE LACTONE,MTBLS11904,plasma,Positive,Reverse phase/C18
-0.2721016125044143,-0.24943443123478054,IK_XRHGYUZYPHTUJZ-UHFFFAOYSA-N,4-Chlorobenzoic acid,MTBLS11904,plasma,Negative,Reverse phase/C18
-0.07827702383078745,0.070483303643423,IK_HXBKNURIXGGFCX-VIFPVBQESA-N,Homoanserine,MTBLS11904,plasma,Positive,Reverse phase/C18
-0.18333057272321057,-0.1029124414357434,IK_YTZASGUOZDZYSL-UHFFFAOYSA-N,Capsicoside A1,MTBLS11904,plasma,Negative,Reverse phase/C18
0.8184957637247794,-0.6146982270063637,IK_UNXHWFMMPAWVPI-QWWZWVQMSA-N,threitol,38720721,serum,Not reported,Reverse phase/C18
15.615989021649094,-2.958495160222826,IK_JZDHUJAFXGNDSB-WHFBIAKZSA-N,Glu-Ala,38720721,serum,Not reported,Reverse phase/C18
-0.2982123752760186,-0.29253183030200924,IK_FYSRHTXDKAIONW-DRTAPUJOSA-N,"(5Z,8Z,13E,15S)-11,12,15-Trihydroxyicosa-5,8,13-trienoylcarnitine",MTBLS11904,plasma,Negative,Reverse phase/C18
-0.06062343284136269,0.0996782193918499,IK_WQLVFSAGQJTQCK-VKROHFNGSA-N,Diosgenin,MTBLS11904,plasma,Positive,Reverse phase/C18
-2.6711684666456854,-4.209239895746551,IK_CBQJSKKFNMDLON-JTQLQIEISA-N,N-Acetyl-L-phenylalanine,MTBLS11904,plasma,Negative,Reverse phase/C18
-0.23190909771442825,-0.18358826139908488,IK_PKDTXFWHZWYNAH-UHFFFAOYSA-N,"7,8-Dihydro-3b,6a-dihydroxy-alpha-ionol 9-glucoside",MTBLS11904,plasma,Positive,Reverse phase/C18
-0.2466991898523687,0.3090488765466946,IK_YWWVWXASSLXJHU-WAYWQWQTSA-N,Myristoleic acid,33485385,plasma,Negative,LC-MS/unspecified
0.11014831917181094,0.3820948080559501,IK_UUEPXFWSBUIUAZ-NSCUHMNNSA-N,Coumaryl acetate,MTBLS11904,plasma,Positive,Reverse phase/C18
-0.16425320484246447,-0.07170121739962831,IK_BOEPTPMIIFGHTH-YDFGWWAZSA-N,"Octa-3,5-dienedioylcarnitine",MTBLS11904,plasma,Positive,Reverse phase/C18
-0.1416827210599994,-0.03437490991682442,IK_INHVGPIPHZJQOP-ZNMIVQPWSA-N,Koninginin E,MTBLS11904,plasma,Positive,Reverse phase/C18
-0.01831592946308485,0.16964494817021442,IK_WEWBWVMTOYUPHH-QHAQEBJBSA-N,Lotaustralin,MTBLS11904,plasma,Positive,Reverse phase/C18
-0.1281662078462417,-0.011860309575794332,IK_OSWPMRLSEDHDFF-UHFFFAOYSA-N,Methyl Salicylate,MTBLS11904,plasma,Negative,Reverse phase/C18
-0.11187925546850788,0.015022294031292065,IK_BLQCWBCWZFDGBW-AATRIKPKSA-N,Sonchuionoside C,MTBLS11904,plasma,Negative,Reverse phase/C18
-0.46678180176461204,-0.40915188745890696,IK_UCDCOJNNUVYFKJ-UHFFFAOYSA-N,N-Undecylbenzenesulfonic acid,ST003159,serum,Negative,Reverse phase/C18
-0.07545744965762906,0.0751462202597546,IK_ZXEUFAVXODIPHC-GUBZILKMSA-N,Lys Glu Asn,MTBLS11904,plasma,Positive,Reverse phase/C18
-0.00921828846624781,0.18469032068572042,IK_YHFPHRUWZMEOIX-CYDGBPFRSA-N,Ile-Val-Val,MTBLS11904,plasma,Positive,Reverse phase/C18
-0.08886084447573209,0.052980136423441244,IK_MCYHPZGUONZRGO-VKHMYHEASA-N,Mecysteine,MTBLS11904,plasma,Positive,Reverse phase/C18
-0.16987846370386192,-0.08100408253428479,IK_YLEIFZAVNWDOBM-UHFFFAOYSA-N,Cimiaserin B,MTBLS11904,plasma,Positive,Reverse phase/C18
-0.2909812622974004,-0.2812798239341782,IK_FQKKPLXFGDCBJT-UHFFFAOYSA-N,N-(5-acetamidopentyl)acetamide,MTBLS11904,plasma,Positive,Reverse phase/C18
1.168706909921472,0.3221546443041597,IK_KNHXCLGABLNNRN-FFSDQCCLSA-N,PC O-34:4|PC O-16:2_18:2,37755270,serum,Not reported,Reverse phase/C18
0.027700078249609142,0.2457446759538231,IK_QKAITYIDZJJULL-UHFFFAOYSA-N,"2-[(5-bromopyridin-2-yl)amino]-4-methyl-N-propyl-1,3-thiazole-5-carboxamide",MTBLS11904,plasma,Positive,Reverse phase/C18
-0.19331260208802006,-0.13662493131855055,IK_VOXZDWNPVJITMN-ZBRFXRBCSA-N,estradiol (E2),37589832,plasma,Not reported,LC-MS/unspecified
0.042546262785735166,0.2699109853311923,IK_WNFXUXZJJKTDOZ-OAHLLOKOSA-N,Acetylshikonin,MTBLS11904,plasma,Negative,Reverse phase/C18
-0.6008390278939293,-0.7920354898878443,IK_BHQCQFFYRZLCQQ-UMZBRFQRSA-N,Bile acid,MTBLS11904,plasma,Negative,Reverse phase/C18
-0.004081090383308351,0.192949709223462,IK_BLHQFTDZMFXXHV-LLPREHSBSA-N,GPEtn(22:5/16:0),MTBLS11904,plasma,Negative,Reverse phase/C18
-0.02780247747786318,0.15395641338907615,IK_MBDKGXAMSZIDKF-VJIACCKLSA-N,N-Oleoyl-L-Serine,MTBLS11904,plasma,Positive,Reverse phase/C18
0.3850893064565122,0.12324465505011849,IK_QZAYGJVTTNCVMB-UHFFFAOYSA-N,Serotonin,38720721,serum,Not reported,Reverse phase/C18
-0.13208074029600456,-0.018321482714197566,IK_JWGGSJFIGIGFSQ-UHFFFAOYSA-N,N-Lauroylglycine,MTBLS11904,plasma,Negative,Reverse phase/C18
-1.4391158016749306,0.2529644989678039,IK_CKLJMWTZIZZHCS-REOHCLBHSA-N,L-Aspartic Acid,28880465,serum,Positive,LC-MS/unspecified
-0.14687740466599758,-0.042965703229329924,IK_RGJHRVMTLGLFPX-UHFFFAOYSA-N,"1-(3-Pyridinyl)-1,4-butanediol",MTBLS11904,plasma,Positive,Reverse phase/C18
-0.031802086011838766,0.14719452303811953,IK_LGOGXWQIQWFWBX-BEEAGPBQSA-N,"PE(20:3(6,8,11)-OH(5)/22:1(13Z))",MTBLS11904,plasma,Negative,Reverse phase/C18
-0.043198649616647516,0.12838380347121142,IK_LOMQONAZKMLAOB-UHFFFAOYSA-N,Iodopindolol,MTBLS11904,plasma,Negative,Reverse phase/C18
-0.06404025725442308,0.0940275896655264,IK_FQYGGFDZJFIDPU-JRSYHJKYSA-N,Estriol-16-Glucuronide,MTBLS11904,plasma,Positive,Reverse phase/C18
-0.09597228268114735,0.041219478735690596,IK_MQEBEBZYRKXMDL-UHFFFAOYSA-N,Gamma-Glutamyl-S-methylcysteine sulfoxide,MTBLS11904,plasma,Positive,Reverse phase/C18
-0.6245884748345296,0.03387360968740719,IK_DZAIOXUZHHTJKN-UHFFFAOYSA-N,2-deoxytetronic acid,38720721,serum,Not reported,Reverse phase/C18
-0.23531611526804527,-0.18871773503257705,IK_LCAFGJGYCUMTGS-UHFFFAOYSA-N,Nebracetam,MTBLS11904,plasma,Negative,Reverse phase/C18
0.4924423111454778,1.014319775000912,IK_DAELTTGCCPRYTP-ZLQZEYEISA-N,Lusitanicoside,MTBLS11904,plasma,Positive,Reverse phase/C18
-0.06849041392864781,0.08663821106019366,IK_XURBWYCGQQXTHJ-UHFFFAOYSA-N,MJDBISSN00000009,MTBLS11904,plasma,Negative | Positive,Reverse phase/C18
-0.38084787173312473,-0.4289267331204896,IK_ZYEMKIHYSVDTSN-UHFFFAOYSA-N,3-Hydroxyhippuric acid sulfate,MTBLS11904,plasma,Negative,Reverse phase/C18
-0.14704480260609712,-0.043020575571208836,IK_JCGMJARSAZGXHM-UHFFFAOYSA-N,"3-Hydroxy-6,8-dimethoxy-7(11)-eremophilen-12,8-olide",MTBLS11904,plasma,Negative,Reverse phase/C18
-0.37384671768637634,0.003327182448443911,IK_LSOWKZULVQWMLY-APPDJCNMSA-N,LPC 22:6,37755270,serum,Not reported,Reverse phase/C18
-0.37242191092335136,-0.4150191737546424,IK_GVQOVMKBYJKZSY-UHFFFAOYSA-N,8-Desoxygartanin,MTBLS11904,plasma,Negative,Reverse phase/C18
-0.10144466720927448,0.03224521513978203,IK_GUAHPAJOXVYFON-UHFFFAOYSA-N,8-Amino-7-oxononanoic acid,MTBLS11904,plasma,Negative,Reverse phase/C18
0.09250861812344123,0.3529228636326009,IK_SNPLKNRPJHDVJA-UHFFFAOYSA-N,Panthenol,MTBLS11904,plasma,Positive,Reverse phase/C18
-0.13684203285645272,-0.026180285244142787,IK_WPTTVJLTNAWYAO-KPOXMGGZSA-N,Bardoxolone methyl,MTBLS11904,plasma,Negative,Reverse phase/C18
0.5552418860794307,1.5536317970356717,IK_JOATXPAWOHTVSZ-UHFFFAOYSA-N,Celiprolol,24167579,serum,Positive,Reverse phase/C18
0.3312291296239318,0.7463995804406504,IK_SPJAGILXQBHHSZ-UHFFFAOYSA-N,5-Benzylacyclouridine,MTBLS11904,plasma,Negative,Reverse phase/C18
-0.23486756744611148,-0.18848087988017173,IK_HFXAFXVXPMUQCQ-BYPYZUCNSA-N,4-Oxo-L-proline,MTBLS11904,plasma,Positive,Reverse phase/C18
-0.20220916763511088,-0.13407270850684783,IK_KDGAYJIGGCDHPH-UWVGGRQHSA-N,L-beta-aspartyl-L-phenylalanine,MTBLS11904,plasma,Negative,Reverse phase/C18
-0.15297212624105214,-0.05280398341402253,IK_UQWJOPVYLXZYCS-UHFFFAOYSA-N,Elatoside G,MTBLS11904,plasma,Negative,Reverse phase/C18
-0.13216839422024987,-0.018640435431340044,IK_OMYMRCXOJJZYKE-UHFFFAOYSA-N,6-Hydroxymelatonin,MTBLS11904,plasma,Positive,Reverse phase/C18
-0.08994422769341177,0.05118847383677224,IK_ARSJQOAYGVNWEK-MLCWLASSSA-N,N-Ethyl trans-2-cis-6-nonadienamide,MTBLS11904,plasma,Positive,Reverse phase/C18
-0.27673060615650497,-0.25771256698421036,IK_JKKCSFJSULZNDN-HGRQIUPRSA-N,Gonyautoxin V,MTBLS11904,plasma,Positive,Reverse phase/C18
-0.09893214868034579,0.03639227950338598,IK_KLXACYSQYFWVLM-UHFFFAOYSA-N,"3,5-Dichloro-2,6-dihydroxybenzoic acid",MTBLS11904,plasma,Negative,Reverse phase/C18
-0.340383824516794,-0.3621383668446003,IK_LJOQGZACKSYWCH-LHHVKLHASA-N,Hydroquinidine,MTBLS11904,plasma,Negative,Reverse phase/C18
-0.18355267376646592,-0.10327903341405559,IK_SKHXRNHSZTXSLP-UHFFFAOYSA-N,Ranitidine-S-Oxide,MTBLS11904,plasma,Negative,Reverse phase/C18
-0.19664275834569667,-0.12488501255847594,IK_JFZHPFOXAAIUMB-UHFFFAOYSA-N,Phenylethylmalonamide,MTBLS11904,plasma,Negative,Reverse phase/C18
-0.07366570014711128,0.07810935556822825,IK_SXIILERIAIKHJG-UHFFFAOYSA-N,Tert-butyl N-[2-(prop-2-enamido)ethyl]carbamate,MTBLS11904,plasma,Positive,Reverse phase/C18
0.11476252347169749,-0.22918866149593947,IK_BMSDHYZLQWTKSQ-LSJAAEOESA-N,TG 53:4,37755270,serum,Not reported,Reverse phase/C18
0.03131627526387024,0.251375209607387,IK_KBDSLGBFQAGHBE-MSGMIQHVSA-N,Linonin,MTBLS11904,plasma,Negative,Reverse phase/C18
-0.03255167717948838,0.14595727747364104,IK_YIAPLDFPUUJILH-UHFFFAOYSA-N,Indan-1-ol,MTBLS11904,plasma,Negative,Reverse phase/C18
-0.05588710391674152,0.10751100145911864,IK_GMXQUOKWLVCFEG-UHFFFAOYSA-N,N-[2-[2-(2-Aminoethylamino)ethylamino]ethyl]acetamide,MTBLS11904,plasma,Positive,Reverse phase/C18
1.7772873408646763e-8,0.1996858258077551,IK_BXNJHAXVSOCGBA-UHFFFAOYSA-N,Harmine,MTBLS11904,plasma,Negative,Reverse phase/C18
-0.05001183337144739,0.11722732631617762,IK_NRZWYNLTFLDQQX-UHFFFAOYSA-N,4-Tert-Amylphenol,MTBLS11904,plasma,Positive,Reverse phase/C18
-1.951596568571903,-1.7830360525289968,IK_SVYIZYRTOYHQRE-UHFFFAOYSA-N,Vanillactic acid,ACS1517,serum,Negative,Reverse phase/C18
-0.34476013994335936,-0.43652888920545485,IK_JPAUCQAJHLSMQW-XPORZQOISA-N,p-Cresol glucuronide,33485385,plasma,Negative,LC-MS/unspecified
-0.1724480264176031,-0.08525353874973828,IK_LAEIZWJAQRGPDA-CIRFHOKZSA-N,Sclareol oxide,MTBLS11904,plasma,Positive,Reverse phase/C18
-0.11545091903909885,0.00912704658777931,IK_FIMSWIYKMHXCEM-CDSYOESZSA-N,"2-Hexadec-7-enylicosa-8,11-dienedioic acid",MTBLS11904,plasma,Negative,Reverse phase/C18
-1.6631184681041726,-1.0467574447779096,IK_YXIWHUQXZSMYRE-UHFFFAOYSA-N,2-mercaptobenzothiazole,38720721,serum,Not reported,Reverse phase/C18
-0.10612552822273626,0.024428382262171203,IK_ADVNUIUADIXWMI-OLZOCXBDSA-N,"(2-((3,5-Di-t-butyl-4-hydroxyphenyl)thio)-1-methylpropoxy)acetic acid",MTBLS11904,plasma,Positive,Reverse phase/C18
-0.14965531037721905,-0.04755971096761815,IK_BFYYUELWUKXHLB-UHFFFAOYSA-N,(2S)-2-Amino-4-sulfanylbutanal,MTBLS11904,plasma,Positive,Reverse phase/C18
-0.09331021405409488,0.045671623984179684,IK_MDQKYGOECVSPIW-UHFFFAOYSA-N,chlorothalonil-4-hydroxy,MTBLS11904,plasma,Negative,Reverse phase/C18
-0.11800508192727817,0.0049112461351080204,IK_KSEGSVAXULZZCC-UHFFFAOYSA-N,3-Hydroxymethyl-picumast,MTBLS11904,plasma,Negative,Reverse phase/C18
-0.2472709162745008,-0.20899312103728215,IK_KGNGTSCIQCLKEH-SYCVNHKBSA-N,Vicine,MTBLS11904,plasma,Positive,Reverse phase/C18
-0.14708574751143175,-0.0433102536764736,IK_JYGLAHSAISAEAL-UHFFFAOYSA-N,Diphacinone,MTBLS11904,plasma,Positive,Reverse phase/C18
-0.05985950905062536,0.1009415704466567,IK_ITZMJCSORYKOSI-AJNGGQMLSA-N,APGPR Enterostatin,MTBLS11904,plasma,Positive,Reverse phase/C18
-0.10698667880597096,0.023004240372032254,IK_CXTXHTVXPMOOSW-JUEJINBGSA-N,Epidermin,MTBLS11904,plasma,Positive,Reverse phase/C18
-0.09147787977738729,0.04869600347782279,IK_FWNZEKQVBDXWKA-ZCWREFTMSA-N,Campesterol glucoside,MTBLS11904,plasma,Negative,Reverse phase/C18
0.11306336725103988,0.3863037469452589,IK_CNAWLBRCOTWCNV-UHFFFAOYSA-N,5-Hydroxydodecanoylcarnitine,MTBLS11904,plasma,Negative,Reverse phase/C18
-0.16922715172587077,-0.07963388973515391,IK_ZTTODOAGUDGDQH-HYVCQBOXSA-N,Ribosyl-5-amino-4-imidazolcarboxamid,MTBLS11904,plasma,Negative,Reverse phase/C18
-0.21246746309811618,-0.15100464776355116,IK_KPUXJBYSYFEKKB-UHFFFAOYSA-N,Thiopalmitic Acid,MTBLS11904,plasma,Negative,Reverse phase/C18
-0.12095954466247791,-1.0361647271144726e-4,IK_WWNNZCOKKKDOPX-UHFFFAOYSA-N,Trigonelline,MTBLS11904,plasma,Positive,Reverse phase/C18
0.058620830985543264,0.2964430360443392,IK_SNGNCYILSHZBLM-UHFFFAOYSA-N,2-Chloro-DG,MTBLS11904,plasma,Negative,Reverse phase/C18
-0.6593349095349489,-0.8885864934460842,IK_MROJXXOCABQVEF-UHFFFAOYSA-N,Actarit,MTBLS11904,plasma,Negative,Reverse phase/C18
-0.5039057718003609,-0.6320412669202204,IK_BGSCNPOVJFBBAQ-UHFFFAOYSA-N,"1-[(2R,3R,4S,5R)-3,4-Dihydroxy-5-(hydroxymethyl)oxolan-2-yl]oxypyrimidin-2-one",MTBLS11904,plasma,Negative,Reverse phase/C18
0.3422006711213904,0.7658551965335988,IK_BCPSFKBPHHBDAI-LURJTMIESA-N,N-Acetyl-L-glutamate 5-semialdehyde,MTBLS11904,plasma,Positive,Reverse phase/C18
-0.16900505068261615,-0.07926729775684019,IK_XHHOHZPNYFQJKL-QWRGUYRKSA-N,Gamma-Glutamylphenylalanine,MTBLS11904,plasma,Negative,Reverse phase/C18
-0.06669315681960594,0.08964031393982061,IK_FQYQMFCIJNWDQZ-CYDGBPFRSA-N,Isoleucyl-prolyl-proline,MTBLS11904,plasma,Positive,Reverse phase/C18
0.08092475148878431,0.3337658537334172,IK_OVMSOCFBDVBLFW-VHLOTGQHSA-N,Baccatin III,MTBLS11904,plasma,Positive,Reverse phase/C18
-0.07487408935878423,0.07611096204466797,IK_LTEJTIXDTAJBOQ-JHHXISLPSA-N,"SM(d17:2(4E,8Z)/PGJ2)",MTBLS11904,plasma,Positive,Reverse phase/C18
-0.08295474927152884,0.06276394746516098,IK_AJSJFDUIZFXAQY-UHFFFAOYSA-N,Malathion monocarboxylic acid,MTBLS11904,plasma,Negative,Reverse phase/C18
0.002776281704307348,0.20426821823873917,IK_MSRVZJWXQUEINS-WAAHFECUSA-N,"Glucosyl (2E,6E,10x)-10,11-dihydroxy-2,6-farnesadienoate",MTBLS11904,plasma,Negative,Reverse phase/C18
-0.05819276538205574,0.10369797589393044,IK_JHJOJVDYHODVHT-OKPMZCSGSA-N,"PG(20:4(8Z,11Z,14Z,17Z)/20:5(7Z,9Z,11E,13E,17Z)-3OH(5,6,15))",MTBLS11904,plasma,Positive,Reverse phase/C18
-0.12801351334188976,-0.011608277894784556,IK_QSBYPNXLFMSGKH-HJWRWDBZSA-N,9Z-Heptadecenoic acid,MTBLS11904,plasma,Negative,Reverse phase/C18
0.04439529163882357,0.27335465965525824,IK_NDEFPWCNVUSOMM-ARZPVTGOSA-N,"PC(P-18:1(11Z)/20:4(5Z,8Z,11Z,14Z)-OH(20))",MTBLS11904,plasma,Positive,Reverse phase/C18
-0.535636603896533,0.36100365444516863,IK_LEVWYRKDKASIDU-UHFFFAOYNA-N,Cystine,38720721,serum,Not reported,Reverse phase/C18
-0.19999096170018985,-0.13080312032142075,IK_DKLGLHQHLFISGJ-YLBFUXKPSA-N,Ataprost,MTBLS11904,plasma,Positive,Reverse phase/C18
-0.25856150453928045,-0.15198400209404328,IK_YZXBAPSDXZZRGB-DOFZRALJSA-N,Arachidonic acid,ST003159,serum,Negative,Reverse phase/C18
-0.12228807267240296,-0.010859334275381615,IK_WHUUTDBJXJRKMK-VKHMYHEASA-N,Glutamic acid,ST001814,plasma,Positive,GC-MS
-0.10186110696408673,0.031557856467082236,IK_SJFTVAAHLRFBST-NSHQGHFVSA-N,Apigenin 7-O-diglucuronide,MTBLS11904,plasma,Negative,Reverse phase/C18
0.2860940183013946,0.6719013392401996,IK_CGFRVKXGZRODPA-UHFFFAOYSA-N,3-Acetylphenol sulfate,MTBLS11904,plasma,Negative,Reverse phase/C18
-0.25076602424837713,-0.2142187472568054,IK_LSVHZFZMMXHHBS-MNBASXMYSA-N,"10,11-dihydro-20-trihydroxy-leukotriene B4",MTBLS11904,plasma,Negative,Reverse phase/C18
-0.14957197337373365,-0.047421890381674305,IK_FRFIAHPOPAPQGJ-VLOXYBQLSA-N,"CL(i-12:0/i-24:0/i-24:0/18:2(9Z,11Z))",MTBLS11904,plasma,Positive,Reverse phase/C18
-0.1002919262914248,0.03407579716549554,IK_NZUPCNDJBJXXRF-UHFFFAOYSA-O,Bethanechol,MTBLS11904,plasma,Positive,Reverse phase/C18
-0.20946909789894747,-0.14605566403272985,IK_XSCYYIVXGBKTOC-GZZJDILISA-N,Risbitin,MTBLS11904,plasma,Negative,Reverse phase/C18
-0.11651978079404468,0.00736282549918648,IK_IJVRPNIWWODHHA-UHFFFAOYSA-N,2-Cyanoacrylic acid,MTBLS11904,plasma,Negative,Reverse phase/C18
-0.22540485279646919,-0.1723585948297479,IK_VZCYOOQTPOCHFL-UPHRSURJSA-N,Maleic Acid,MTBLS11904,plasma,Negative,Reverse phase/C18
-0.0034124653599086536,0.19429179588469847,IK_YRXOQXUDKDCXME-YIVRLKKSSA-N,Dimethylsphingosine,MTBLS11904,plasma,Positive,Reverse phase/C18
-2.6974041611409847,-4.252543502567815,IK_NNULBSISHYWZJU-LLKWHZGFSA-N,Ceftizoxime,MTBLS11904,plasma,Negative,Reverse phase/C18
-0.0018707276853326116,0.19684147039508185,IK_AQZMUAMGLNHYRT-SESCJMQFSA-N,"PE-NMe2(15:0/20:2(11Z,14Z))",MTBLS11904,plasma,Positive,Reverse phase/C18
-0.09652448343952384,0.040370854375305264,IK_NOKPBJYHPHHWAN-REOHCLBHSA-N,cysteine-S-sulfate,MTBLS11904,plasma,Negative,Reverse phase/C18
-0.0769719004517821,0.07263900276470846,IK_PZTGRDMCBZUJDL-UHFFFAOYSA-N,"1-Naphthalenesulfonic acid, 3,4-dihydro-3,4-dioxo-",MTBLS11904,plasma,Negative,Reverse phase/C18
-0.06919327224643783,0.08550570630675494,IK_HNGIZKAMDMBRKJ-LBPRGKRZSA-N,ACETYLTRYPTOPHANAMIDE,MTBLS11904,plasma,Positive,Reverse phase/C18
-0.25500738339274387,-0.22178743046368093,IK_LOWWYYZBZNSPDT-ZBEGNZNMSA-N,Delgocitinib,MTBLS11904,plasma,Positive,Reverse phase/C18
-0.1267375885673209,-0.009659151570129526,IK_CFYMYCCYMJIYAB-UHFFFAOYSA-N,Laricitrin,MTBLS11904,plasma,Positive,Reverse phase/C18
0.17067084442212502,0.4813883850228882,IK_DQJWAJBJWZYKLK-UHFFFAOYSA-N,2-Methoxyhydroquinone sulfate,MTBLS11904,plasma,Negative,Reverse phase/C18
0.1985134990288113,0.5282301756473478,IK_KWDXKYNWAKMLKK-YQMRQDNGSA-N,"(4E,14Z)-2-Aminooctadeca-4,14-diene-1,3-diol",MTBLS11904,plasma,Positive,Reverse phase/C18
-0.9614885251033612,-1.3901422202065143,IK_KVNPSKDDJARYKK-JTQLQIEISA-N,5-Methoxytryptophan,MTBLS11904,plasma,Positive,Reverse phase/C18
-3.7910036844082793,-6.057595896071892,IK_VSTZVCJQGSLNLL-UHFFFAOYSA-N,2-aminophenol sulphate,MTBLS11904,plasma,Negative,Reverse phase/C18
-0.09483334143699888,0.043103021128265855,IK_YSSSPARMOAYJTE-UHFFFAOYSA-N,Dibenzo-18-crown-6,MTBLS11904,plasma,Positive,Reverse phase/C18
-0.055914882893758865,0.10746506067908088,IK_SCBBSJMAPKXHAH-QTSLKERKSA-N,3-O-Methyl-D-glucopyranose,MTBLS11904,plasma,Positive,Reverse phase/C18
-0.07238786349648342,0.0802225987498683,IK_QNAYBMKLOCPYGJ-REOHCLBHSA-N,L-Alanine,MTBLS11904,plasma,Positive,Reverse phase/C18
0.0596896927404884,0.29820725713293206,IK_WSFWBZJRQNTKQQ-SNAWJCMRSA-N,Furanone A,MTBLS11904,plasma,Negative,Reverse phase/C18
0.0070239654148625845,0.2112792771932305,IK_PYINVOHSOZSEPB-DKGLCQEFSA-N,Hymenoxon,MTBLS11904,plasma,Negative,Reverse phase/C18
0.07099460160253747,-0.5045593621193288,IK_BCWKUTNUIRMUPD-XMRVQXCHSA-N,TG 12:0_12:0_18:3,37755270,serum,Not reported,Reverse phase/C18
-0.06499863447810947,0.09244265801574938,IK_PXGPLTODNUVGFL-NAPLMKITSA-N,PA(i-22:0/5-iso PGF2VI),MTBLS11904,plasma,Positive,Reverse phase/C18
-0.46443369375786925,-0.5681296309741425,IK_COZMNNJEGNPDED-HOCLYGCPSA-N,Gly Val Trp,MTBLS11904,plasma,Positive,Reverse phase/C18
-0.08188830130027266,0.06451109371934244,IK_NGHVIOIJCVXTGV-ALEPSDHESA-N,6-Aminopenicillanic acid,MTBLS11904,plasma,Positive,Reverse phase/C18
-0.21026921233067788,-0.1478009458617132,IK_LKLLJYJTYPVCID-JVVXYUKTSA-N,"(9Z,12E)-15,16-Dihydroxyoctadeca-9,12-Dienoic Acid",MTBLS11904,plasma,Positive,Reverse phase/C18
-0.11261912992287364,0.013801086475496344,IK_CAULGCQHVOVVRN-SWZPTJTJSA-N,Germacrone,MTBLS11904,plasma,Negative,Reverse phase/C18
0.8541944944708032,0.10947753203811765,IK_KIUOSJFEKWWKSM-UHFFFAOYSA-N,SM 42:0;2O,37755270,serum,Not reported,Reverse phase/C18
-0.07376292693960775,0.07794856473289702,IK_ODXVXZSLYPJSLI-AATRIKPKSA-N,(5E)-3-Hydroxyhept-5-enoylcarnitine,MTBLS11904,plasma,Positive,Reverse phase/C18
-0.279550180481709,-0.2623754846762322,IK_CWERGRDVMFNCDR-UHFFFAOYSA-N,Mercaptoacetic acid,MTBLS11904,plasma,Positive,Reverse phase/C18
-0.004011683619925501,0.19306426884228842,IK_HJKVPZJVBHWFCQ-BDXSIMOUSA-N,17-Deoxyestradiol,MTBLS11904,plasma,Negative,Reverse phase/C18
-0.21908906319517002,-0.1623869193476856,IK_NUZWLKWWNNJHPT-UHFFFAOYSA-N,Anthralin,MTBLS11904,plasma,Positive,Reverse phase/C18
-0.00670428362693031,0.1888478981709573,IK_JLSKPBDKNIXMBS-VIFPVBQESA-N,tryptophanamide,MTBLS11904,plasma,Positive,Reverse phase/C18
-0.2506460716970525,-0.21457484041265815,IK_NXJAXUYOQLTISD-UHFFFAOYSA-N,O-Glutarylcarnitine,MTBLS11904,plasma,Positive,Reverse phase/C18
-0.23630168905754156,-0.1903444847374646,IK_AEURJYQWJBBJDQ-RRSKNPHNSA-N,PC(22:1(13Z)/LTE4),MTBLS11904,plasma,Negative,Reverse phase/C18
-0.14156168128213212,-0.03397035100654445,IK_UDYIPZFWVJJQJF-KQPZCCJBSA-N,Demethylphylloquinone,MTBLS11904,plasma,Negative,Reverse phase/C18
-0.06715151165302753,0.0888823016188926,IK_YHEDRJPUIRMZMP-ZWKOTPCHSA-N,Sphinganine 1-phosphate,MTBLS11904,plasma,Positive,Reverse phase/C18
-0.0015824526799213556,0.19707386221939913,IK_BUQYQSMGNYBXDM-QOCHGBHMSA-N,Epoxymurin A,MTBLS11904,plasma,Negative,Reverse phase/C18
-0.0884101081913606,0.0537595464302557,IK_MJZYBROJFJAPOE-UHFFFAOYSA-N,Stigmastanediol,MTBLS11904,plasma,Negative,Reverse phase/C18
-0.5825641329827593,-0.7634897847192502,IK_GLUJNGJDHCTUJY-UHFFFAOYSA-N,3-Amino-4-methylpentanoic acid,MTBLS11904,plasma,Positive,Reverse phase/C18
-0.33269357367260344,-0.34944514127835186,IK_JLZAERUVCODZQO-VWCUIIQSSA-N,Acetylstrophanthidin,MTBLS11904,plasma,Negative,Reverse phase/C18
-0.09347678976051345,0.04539668053829077,IK_LEHOTFFKMJEONL-UHFFFAOYSA-N,Uric acid,MTBLS11904,plasma,Negative,Reverse phase/C18
-0.1203622949511469,8.840951643751743e-4,IK_XZUDOWCTKOXYCZ-UHFFFAOYSA-N,3-Hydroxy-4-oxo-4H-pyran-2-carboxylic acid,MTBLS11904,plasma,Positive,Reverse phase/C18
-0.03828466232736707,0.13649463700368883,IK_FMBYBTSZVHUJMV-DIVFMYBRSA-N,"PC(22:6(4Z,7Z,10Z,13Z,16Z,19Z)/P-18:0)",MTBLS11904,plasma,Negative,Reverse phase/C18
-0.5600446051127275,-0.7247018181099667,IK_HRLQZTOIKWEZBN-UHFFFAOYSA-N,2-Hydroxyacetaminophen sulfate,MTBLS11904,plasma,Negative,Reverse phase/C18
-0.1285293375492692,-0.012622285405699128,IK_NISGSNTVMOOSJQ-UHFFFAOYSA-N,Cyclopentylamine,MTBLS11904,plasma,Positive,Reverse phase/C18
0.005935187248390102,0.20975062987677384,IK_KBJNLOFREYBAHR-UZIPXBRASA-N,DG(15:0/0:0/18:4n3),MTBLS11904,plasma,Positive,Reverse phase/C18
0.028255659346957035,0.2466634776371758,IK_AAOVKJBEBIDNHE-UHFFFAOYSA-N,Diazepam,MTBLS11904,plasma,Positive,Reverse phase/C18
-0.06003310844204266,0.1855735223926477,IK_ROHFNLRQFUQHCH-UHFFFAOYNA-N,Leucine,38720721,serum,Not reported,Reverse phase/C18
-0.21858912484362353,-0.16110882258201484,IK_DDUHZTYCFQRHIY-UHFFFAOYSA-N,Gris-PEG,MTBLS11904,plasma,Negative,Reverse phase/C18
-0.24814245497334145,-0.2098883875825231,IK_BWRPYSJNBVBIRP-FLFBIERCSA-N,Ineketone,MTBLS11904,plasma,Negative,Reverse phase/C18
-0.2608577437804838,-0.23087574374609668,IK_XBSQTYHEGZTYJE-OETIFKLTSA-N,Lithocholic acid glycine conjugate,MTBLS11904,plasma,Negative,Reverse phase/C18
-0.11002332289992497,0.018085623695711154,IK_COCMFMBNEAMQMA-VGKGADPCSA-N,"3a,6b,7a,12a-Tetrahydroxy-5b-cholanoic acid",MTBLS11904,plasma,Negative,Reverse phase/C18
-0.12824949581169134,-0.011997780959501745,IK_UYHSBQDAYWOYNS-LDQQKAIHSA-N,"(2xi,20beta)-2,20-Dihydroxy-3-oxo-12-ursen-28-oic acid",MTBLS11904,plasma,Negative,Reverse phase/C18
-0.09475000458555836,0.043240840638518505,IK_VXUOFDJKYGDUJI-OAQYLSRUSA-N,LPC 14:0,MTBLS11904,plasma,Positive,Reverse phase/C18
-0.08562458423517978,0.058332154331276004,IK_ADUKCCWBEDSMEB-NSHDSACASA-N,Prenalterol,MTBLS11904,plasma,Positive,Reverse phase/C18
-0.19035162886644647,-0.11486191489904446,IK_NURCPIMQAUMKKZ-FZOQRHEPSA-N,Ganglioside GM3 (d18:1/16:0),MTBLS11904,plasma,Positive,Reverse phase/C18
0.058573450180746466,0.369097694810178,IK_KSEBMYQBYZTDHS-HWKANZROSA-N,trans-Ferulic acid,38720721,serum,Not reported,Reverse phase/C18
0.1940716948278334,0.4070523852520002,IK_WURBQCVBQNMUQT-OLKPEBQYSA-N,Tiglylcarnitine,ST003159,serum,Positive,HILIC
-0.1587946199880383,-0.06267399343685796,IK_VSOJKDUWYQCWFM-UHFFFAOYSA-N,Noroxyhydrastinine,MTBLS11904,plasma,Positive,Reverse phase/C18
-0.03205267327266064,0.14692758187417507,IK_JPDVTYPPMALQJO-UZQDAVMLSA-N,N-di-Demethyl roxithromycin,MTBLS11904,plasma,Positive,Reverse phase/C18
-0.06242427751997708,0.09665073734623252,IK_RPZOFMHRRHHDPZ-UHFFFAOYSA-N,Azimexon,MTBLS11904,plasma,Negative,Reverse phase/C18
0.5069228551648396,-0.34006677388879786,IK_ISSGPXMQOMAFMJ-DMGKHJLRSA-N,TG 51:3,37755270,serum,Not reported,Reverse phase/C18
0.035216926135041134,0.25781347058369636,IK_YBAVZMWJCPETFA-QFTUWMPFSA-N,"PC(20:2(11Z,14Z)/22:6(4Z,7Z,10Z,13Z,16Z,19Z))",MTBLS11904,plasma,Negative,Reverse phase/C18
-0.14618292816217035,-0.041817200756911664,IK_KDPFMRXIVDLQKX-ISGXEFFDSA-N,Curdione,MTBLS11904,plasma,Positive,Reverse phase/C18
-0.034900026270792105,0.14221872555349638,IK_CVVKIXNPXDBREE-UHFFFAOYSA-N,3-Methyl-2-(3-pyridyl)-1-indoleoctanoic acid,MTBLS11904,plasma,Positive,Reverse phase/C18
-0.012326594284596197,0.17934000506838374,IK_NZSAHCYFUVNLPX-UHFFFAOYSA-N,Stigmastentriol,MTBLS11904,plasma,Negative,Reverse phase/C18
0.24493841423504278,-0.29948358146116033,IK_PVNIIMVLHYAWGP-UHFFFAOYSA-N,nicotinic acid,38720721,serum,Not reported,Reverse phase/C18
-0.14355780726991457,-0.03747586365986034,IK_DZGWFCGJZKJUFP-UHFFFAOYSA-N,Tyramine,MTBLS11904,plasma,Positive,Reverse phase/C18
-0.5575534219011231,-0.5212617342480321,IK_WGOIHPRRFBCVBZ-GSVOUGTGSA-N,"Pyroglutamic acid/ Pyrrolidonecarboxylic acid1,3",ST003159,serum,Negative,Reverse phase/C18
-0.06010952051004265,0.10052811004577805,IK_FSBLXTAIINGBJY-YBEGLDIGSA-N,Involucrin,MTBLS11904,plasma,Positive,Reverse phase/C18
-0.09707528718343567,-1.1770152717023818,IK_RGHPCLZJAFCTIK-UHFFFAOYSA-N,2-Methylpyrrolidine,38720721,serum,Not reported,Reverse phase/C18
-0.18175401063639962,-0.10064346210960404,IK_ZDFLHZVTXWIGQV-UHFFFAOYSA-N,Deoxycholylglutamic acid,MTBLS11904,plasma,Positive,Reverse phase/C18
-0.13884925732230974,-0.029689022372628892,IK_VXQBJTKSVGFQOL-UHFFFAOYSA-N,2-(2-Butoxyethoxy)ethyl acetate,MTBLS11904,plasma,Positive,Reverse phase/C18
-0.09795848562461387,0.03793476283224469,IK_KVUAQCKXYIJBCP-BUFOXMIFSA-N,Fructosyl valine,MTBLS11904,plasma,Positive,Reverse phase/C18
-0.039191890679572794,0.13512098408486287,IK_PDLAMJKMOKWLAJ-PVPULFMTSA-N,PI(16:0/18:1(9Z)),MTBLS11904,plasma,Positive,Reverse phase/C18
-0.3890968914176075,-0.44354015695697924,IK_ALPFACMJGXQCHP-TUUIQCBBSA-N,DG(PGD2/0:0/18:0),MTBLS11904,plasma,Positive,Reverse phase/C18
-0.08137227881873463,0.06537591105351545,IK_FGIJQXGDQVNWKH-UHFFFAOYSA-N,Palmoxiric acid,MTBLS11904,plasma,Negative,Reverse phase/C18
-0.22225379362151798,-0.16715758089082194,IK_HVLXXQDJGPKVMK-NCVKUBNTSA-N,Janthitrem C,MTBLS11904,plasma,Negative,Reverse phase/C18
-0.02208516202733939,0.16323289586808654,IK_AVGPOAXYRRIZMM-BYPYZUCNSA-N,D-Apiose,MTBLS11904,plasma,Negative,Reverse phase/C18
-0.28138334638915863,-0.1801707104111492,IK_YAMUFBLWGFFICM-PTGWMXDISA-N,LPC 18:1,ST003159,serum,Positive,HILIC
-0.09826584510162048,0.03749205408137258,IK_CYIQBIVJURIZDH-FEBNUDBRSA-N,Fructose-6-phosphate lactate,MTBLS11904,plasma,Negative,Reverse phase/C18
-0.167225563986634,-0.07661680573288825,IK_FUJLYHJROOYKRA-QGZVFWFLSA-N,Lauroylcarnitine,MTBLS11904,plasma,Positive,Reverse phase/C18
-0.038326306310091596,0.13642590131183546,IK_IESVDEZGAHUQJU-ZLBXKVHBSA-N,"PC(16:0/22:6(4Z,7Z,10Z,13Z,16Z,19Z))",MTBLS11904,plasma,Negative,Reverse phase/C18
-0.09995857760404142,0.034627077473840494,IK_IXORZMNAPKEEDV-UHFFFAOYSA-N,Gibberellins,MTBLS11904,plasma,Positive,Reverse phase/C18
8.191408844096934,-3.6741236003203284,IK_LRKCBIUDWAXNEG-CSMHCCOUSA-N,Leu-Thr,38720721,serum,Not reported,Reverse phase/C18
-0.11812608092478777,0.004582271071484208,IK_LYMVXFSTACVOLP-ZFWWWQNUSA-N,Trp Leu,MTBLS11904,plasma,Positive,Reverse phase/C18
-0.04915068241168819,0.11865146860352895,IK_IYMMESGOJVNCKV-JOYOIKCWSA-N,Rimiterol,MTBLS11904,plasma,Positive,Reverse phase/C18
-0.07161005014121488,0.0815089207325385,IK_QPRBHGIRKWZUFJ-PPMYXAGCSA-N,Amafolone,MTBLS11904,plasma,Positive,Reverse phase/C18
-0.11213969417451033,0.014482356616046719,IK_CXWTUGHAWQYVJV-VZNRCSAUSA-N,"CDP-DG(i-22:0/18:3(10,12,15)-OH(9))",MTBLS11904,plasma,Positive,Reverse phase/C18
-0.3098310399240823,-0.31170914184723136,IK_BGSZAXLLHYERSY-XQIGCQGXSA-N,Vecuronium,MTBLS11904,plasma,Negative,Reverse phase/C18
-0.39595831816360566,-0.45488735424385224,IK_XZEUQPYAKYHAIW-SOFGYWHQSA-N,(6Z)-Oct-6-enedioylcarnitine,MTBLS11904,plasma,Positive,Reverse phase/C18
0.16893984395376116,0.4785312635097209,IK_ZOJBYZNEUISWFT-UHFFFAOYSA-N,Allyl isothiocyanate,MTBLS11904,plasma,Negative,Reverse phase/C18
-0.1537666109900173,-0.05435884101497726,IK_ISAKRJDGNUQOIC-UHFFFAOYSA-N,Uracil,MTBLS11904,plasma,Positive,Reverse phase/C18
-0.10531993581801642,0.025760643270710867,IK_DRHKJLXJIQTDTD-OAHLLOKOSA-N,Tamsulosin,MTBLS11904,plasma,Positive,Reverse phase/C18
-0.11528434333268021,0.009401990033669101,IK_CNWSDOLXOOXOCZ-UHFFFAOYSA-N,Artonol E,MTBLS11904,plasma,Negative,Reverse phase/C18
-0.09876407818137989,0.0366025007480138,IK_LLCPFVIBUZJITJ-GVEMAFOVSA-N,2-Methoxy-estradiol-17b 3-glucuronide,MTBLS11904,plasma,Positive,Reverse phase/C18
-1.5090629258769377,0.19301279315679945,IK_BTNKSMIZKSHDNT-UHFFFAOYSA-N,Trans-4-Hydroxyl L-Proline,28880465,serum,Positive,LC-MS/unspecified
-0.40019843173667324,-0.4608660073967179,IK_BRRVXFOKWJKTGG-UHFFFAOYSA-N,Dihydroisophorol,MTBLS11904,plasma,Negative,Reverse phase/C18
-0.1333906724678847,-0.02066179840985891,IK_KLSLBUSXWBJMEC-UHFFFAOYSA-N,4-Propylphenol,MTBLS11904,plasma,Positive,Reverse phase/C18
-0.07041555071855295,0.08348434400671212,IK_HASACTZYOHWROP-UHFFFAOYSA-N,"10-Hydroxy-2-oxabicyclo[6.2.2]dodeca-1(10),8,11-trien-3-one",MTBLS11904,plasma,Positive,Reverse phase/C18
0.018616326513213023,0.23072227221479957,IK_VOBYAKCXGQQFLR-LSJOCFKGSA-N,Ile Gly Val,MTBLS11904,plasma,Positive,Reverse phase/C18
0.11565917427398847,0.39058828416547364,IK_CIKGWCTVFSRMJU-KVQBGUIXSA-N,DGDP,MTBLS11904,plasma,Negative,Reverse phase/C18
-0.16037086980717474,-0.06501605885603598,IK_CZIIGGQJILPHEU-HCHVXQBBSA-N,Piriprost,MTBLS11904,plasma,Negative,Reverse phase/C18
-0.042261476464193655,0.130044605991963,IK_ZGCHLOWZNKRZSN-NTSWFWBYSA-N,3-Deoxyglucosone,MTBLS11904,plasma,Positive,Reverse phase/C18
-0.16711426763717,-0.09422011481978461,IK_HEBKCHPVOIAQTA-QWWZWVQMSA-N,lyxitol,38720721,serum,Not reported,Reverse phase/C18
0.011046533626421969,0.21820360328181201,IK_YUTNOGOMBNYPFH-XUXIUFHCSA-N,Leu-Pro-Ile,MTBLS11904,plasma,Positive,Reverse phase/C18
-0.25514627879922347,-0.2220171312527449,IK_ORXKASWXOVPKDV-UBWBUNFISA-N,Yuccagenin,MTBLS11904,plasma,Positive,Reverse phase/C18
0.012866061961912445,0.2212126782946318,IK_CGGKIILOLKTYHS-LJGQSTEHSA-N,GPEtn(16:1/22:5),MTBLS11904,plasma,Positive,Reverse phase/C18
-0.15248072772283472,-0.05199290019153501,IK_IOJNOBYNWXBNBY-ZFORQUDYSA-N,Genistein 5-O-glucuronide,MTBLS11904,plasma,Negative,Reverse phase/C18
-0.1752238821242091,-0.08953185719679513,IK_UYXTWWCETRIEDR-UHFFFAOYSA-N,Tributyrylglycerol,MTBLS11904,plasma,Negative,Reverse phase/C18
-0.021752010237977067,0.16378278315707945,IK_LITUBCVUXPBCGA-WMZHIEFXSA-N,Ascorbyl stearate,MTBLS11904,plasma,Negative,Reverse phase/C18
0.01575531576190994,0.22569090139400258,IK_SOLWMULEXULIEQ-OUQHJZBVSA-N,"PS(20:0/18:1(12Z)-2OH(9,10))",MTBLS11904,plasma,Negative,Reverse phase/C18
-0.08272167252996476,0.06313289300645628,IK_JPQGSGTYJWWXTH-UHFFFAOYSA-N,"3,3-Bis(carboxymethyl)hexadecanedioic acid",MTBLS11904,plasma,Positive,Reverse phase/C18
-0.1018766171750887,0.026823854495654515,IK_CDAISMWEOUEBRE-GPIVLXJGSA-N,myo-inositol,ST001814,plasma,Positive,GC-MS
-0.0407277746939183,0.132462132540175,IK_RAQNTCRNSXYLAH-RFCGZQMISA-N,Ginsenoside Rh1,MTBLS11904,plasma,Negative,Reverse phase/C18
12.178920625139554,-2.2201936925111494,IK_QLQOTPOBMXWKOW-UHFFFAOYSA-N,PS 40:4,37755270,serum,Not reported,Reverse phase/C18
0.028651061854063735,0.24697611316555887,IK_PKSJDCCFDXWPLW-UHFFFAOYSA-N,"Cyclopropanecarboxamide, 1,2,2,3,3-pentamethyl-",MTBLS11904,plasma,Negative,Reverse phase/C18
0.14539994237114381,0.4403927589524698,IK_RZTRGWJVDVMYLZ-KBNCVMCFSA-N,Glucose aspartate,MTBLS11904,plasma,Positive,Reverse phase/C18
-0.07233553961502774,0.080291597540617,IK_JYLWKPPSBSYYNP-YMGFZKSCSA-N,"DG(18:3(10,12,15)-OH(9)/0:0/i-13:0)",MTBLS11904,plasma,Negative,Reverse phase/C18
-0.23315178397666597,-0.03852009410442585,IK_VLBPIWYTPAXCFJ-UHFFFAOYSA-N,LPC O-16:0,37755270,serum,Not reported,Reverse phase/C18
-0.07673528593173308,0.07303297747532729,IK_DFMLULIEUUXXSA-UHFFFAOYSA-N,Pentylone,MTBLS11904,plasma,Positive,Reverse phase/C18
-0.17452981614135035,-0.08838625908904874,IK_ZHQJVZLJDXWFFX-RPDRRWSUSA-N,4a-Carbinolamine tetrahydrobiopterin,MTBLS11904,plasma,Negative,Reverse phase/C18
-0.09095816324765697,0.049511660229706045,IK_OCKPCBLVNKHBMX-UHFFFAOYSA-N,Butylbenzene,MTBLS11904,plasma,Positive,Reverse phase/C18
-0.0881741257215589,0.05414904949497157,IK_HFTWTHSIMCSLFQ-CMLLUXCUSA-N,Glabric acid,MTBLS11904,plasma,Negative,Reverse phase/C18
-0.45847221233443713,-0.5570504189766431,IK_DJXRIQMCROIRCZ-XOEOCAAJSA-N,VIBEGRON,MTBLS11904,plasma,Negative,Reverse phase/C18
0.12150320963940545,0.4002342184731997,IK_SHXWCVYOXRDMCX-UHFFFAOYSA-N,"3,4-Methylenedioxymethamphetamine",MTBLS11904,plasma,Negative,Reverse phase/C18
-0.13448794547457413,-0.02247643124591574,IK_GFCQEPZCMASXHO-SGIBUEGPSA-N,"Cer(t18:0/20:3(6,8,11)-OH(5))",MTBLS11904,plasma,Positive,Reverse phase/C18
0.020366407409749238,0.23361649756954014,IK_FGMAOXGOTRUOKJ-UHFFFAOYSA-N,"2-Cyclohexen-1-one, 3-(15-hydroxypentadecyl)-2,4,4-trimethyl-",MTBLS11904,plasma,Positive,Reverse phase/C18
0.01354818571311581,0.2220478989195142,IK_YHWNASRGLKJRJJ-KRWDZBQOSA-N,"(S)-4',5,7-Trihydroxy-6-prenylflavanone",MTBLS11904,plasma,Negative,Reverse phase/C18
0.10176374705724738,0.8827029742682795,IK_LJOOSFYJELZGMR-UHFFFAOYSA-N,umbelliferone sulfate,38720721,serum,Not reported,Reverse phase/C18
0.2577149784961913,0.48565667524399464,IK_GHOKWGTUZJEAQD-ZETCQYMHSA-N,Pantothenic acid,ST003159,serum,Positive,HILIC
0.10697502028621395,0.37625456098473126,IK_FXYSHYMHTAACSV-FTHMGGAWSA-N,Azukisaponin III,MTBLS11904,plasma,Negative,Reverse phase/C18
5.182711599919933e-4,0.20079231694342764,IK_GAWUJFVQGSLSSZ-SZRCHTAPSA-N,5-hydroxy saxagliptin,MTBLS11904,plasma,Positive,Reverse phase/C18
-0.11520927995913163,0.009405978523147788,IK_QQUHMASGPODSIW-ICECTASOSA-N,Albiflorin,MTBLS11904,plasma,Positive,Reverse phase/C18
-0.0791798431800508,0.06899025072386111,IK_JGUNZIWGNMQSBM-UINYOVNOSA-M,"(9S,10E,12Z)-9-hydroperoxy-10,12-octadecadienoate",MTBLS11904,plasma,Positive,Reverse phase/C18
-0.21000217624699255,0.32665766650067024,IK_ROLYKLIDKNENPU-YHTMAJSVSA-O,carnitine 14:3,33485385,plasma,Positive,LC-MS/unspecified
-0.39451380712948014,-0.4524984694931111,IK_YPIGGYHFMKJNKV-UHFFFAOYSA-N,N-Ethylglycine,MTBLS11904,plasma,Positive,Reverse phase/C18
-0.03013632759359528,0.14994395801018068,IK_SBJVDTBACUMFFD-KQYNXXCUSA-N,"Inosine 2',3'-cyclic phosphate",MTBLS11904,plasma,Negative,Reverse phase/C18
0.8264430167087022,1.188079008285604,IK_TYQPBHYPIRLWKU-NKWVEPMBSA-N,"Inosine2,3",ST003159,serum,Negative,Reverse phase/C18
-0.049220130227167515,0.11853661854823591,IK_DWHIUNMOTRUVPG-UHFFFAOYSA-N,Heptaethylene glycol monododecyl ether,MTBLS11904,plasma,Positive,Reverse phase/C18
-0.04324763304142095,0.12841373316493365,IK_CUIDBUWFCFYEPL-PIFFKTMJSA-N,Nepetaside,MTBLS11904,plasma,Positive,Reverse phase/C18
-1.0917162149792212,-0.14917494162409012,IK_FDGQSTZJBFJUBT-UHFFFAOYSA-N,Hypoxanthine,28880465,serum,Positive,LC-MS/unspecified
-1.570754603385745,-2.3929400198125528,IK_KWNPSWVOZWAPLW-UHFFFAOYSA-N,3-Methoxycatechol sulfate,MTBLS11904,plasma,Negative,Reverse phase/C18
-0.16368850521711417,-0.07049201771375638,IK_ARFRZOLTIRQFCI-NGQYDJQZSA-N,8-O-Acetyl shanzhiside methyl ester,MTBLS11904,plasma,Negative,Reverse phase/C18
-0.12990440099239356,-0.014896319422670863,IK_KRHRBKYBJXMYBB-WHFBIAKZSA-N,Ala-Cys-Gly,MTBLS11904,plasma,Positive,Reverse phase/C18
-0.004662522809039637,0.1922244928046192,IK_FVWJYYTZTCVBKE-ROUWMTJPSA-N,Betulin,MTBLS11904,plasma,Positive,Reverse phase/C18
-0.08340225962130662,0.06200736038621048,IK_WKMBZTIVAJAWBA-UHFFFAOYSA-N,"(R)-1-O-[b-D-Apiofuranosyl-(1->2)-b-D-glucopyranoside]-1,3-octanediol",MTBLS11904,plasma,Positive,Reverse phase/C18
-0.047710078505227314,0.12093741577086164,IK_HNDVDQJCIGZPNO-YFKPBYRVSA-N,Histidine,MTBLS11904,plasma,Negative,Reverse phase/C18
-0.04908432926887748,0.1186691313202495,IK_ZQIULKXWJGSFAC-UHFFFAOYSA-N,Manglupenone,MTBLS11904,plasma,Negative,Reverse phase/C18
-0.14915528715429435,-0.04673278801448133,IK_YVYMBNSKXOXSKW-HXUWFJFHSA-N,PE(16:0/0:0),MTBLS11904,plasma,Positive,Reverse phase/C18
-0.14239456056727617,-0.03534506903042043,IK_RHGKLRLOHDJJDR-BYPYZUCNSA-N,Citrulline,MTBLS11904,plasma,Negative,Reverse phase/C18
-0.21735368738225888,-0.15906965804753237,IK_ATMSEJBABXCWDW-UHFFFAOYSA-N,3-hydroxypentadecanoic acid,MTBLS11904,plasma,Negative,Reverse phase/C18
-0.261507683002911,-0.23253740813507678,IK_JXDFEUKNHBHUCP-UHFFFAOYSA-N,N-Nonanoylglycine,MTBLS11904,plasma,Positive,Reverse phase/C18
0.0389371197212018,0.263953875952022,IK_WQXXXHMEBYGSBG-OLQVQODUSA-N,"Cis-3,5-Diethyl-1,2,4-trithiolane",MTBLS11904,plasma,Negative,Reverse phase/C18
-0.4573822973614897,-0.3975427859068641,IK_UMMADZJLZAPZAW-XOWPVRJPSA-N,Carboprost Tromethamine,ST003159,serum,Negative,Reverse phase/C18
-0.3404254686515622,-0.36220710361214375,IK_HEBKCHPVOIAQTA-QWWZWVQMSA-N,lyxitol,MTBLS11904,plasma,Negative,Reverse phase/C18
-0.00237368798234006,0.1957678798873765,IK_XIVFQYWMMJWUCD-VSTJRZLJSA-N,Dihydrophaseic acid,MTBLS11904,plasma,Negative,Reverse phase/C18
-0.0768325125721835,0.07287218771568817,IK_GECFTYLLVUKXOY-UHFFFAOYSA-N,"Menthone 1,3-glyceryl ketal",MTBLS11904,plasma,Positive,Reverse phase/C18
-0.1136185847623913,0.012151426081420823,IK_RWGFKTVRMDUZSP-UHFFFAOYSA-N,Isopropylbenzene,MTBLS11904,plasma,Negative,Reverse phase/C18
0.16272018429666174,0.4690363939953396,IK_CCAIIPMIAFGKSI-DMTCNVIQSA-N,N-Methyl-L-Threonine,MTBLS11904,plasma,Positive,Reverse phase/C18
-1.1682240924078,-1.728538978530936,IK_RALVCBWUWHJOGL-OPMJLWCUSA-N,Myricatomentoside I,MTBLS11904,plasma,Negative,Reverse phase/C18
-0.5998673353064994,-0.7904316519478382,IK_JVGVDSSUAVXRDY-UHFFFAOYSA-M,3-(4-Hydroxyphenyl)lactate,MTBLS11904,plasma,Negative,Reverse phase/C18
-0.13005406753222043,-0.014976335847693109,IK_DNGCQXLPUZWYNB-UHFFFAOYSA-N,Trisjuglone,MTBLS11904,plasma,Negative,Reverse phase/C18
-0.10994514853765437,0.018111621890945256,IK_YMGXOQLWSYJFSD-FALRGZJFSA-N,"LysoPC(22:2(13Z,16Z)/0:0)",MTBLS11904,plasma,Positive,Reverse phase/C18
-0.22532156520754462,-0.1722211238432548,IK_AEESIZVTDUAOEG-MWQVBOBVSA-N,"Pentadeca-3,6,9-trienedioylcarnitine",MTBLS11904,plasma,Negative,Reverse phase/C18
-0.13710577773038765,-0.02661561183861919,IK_QIOYMVALOOEDDF-UHFFFAOYSA-N,3-Methylsuberic acid,MTBLS11904,plasma,Negative,Reverse phase/C18
-0.1785970427189405,-0.09509946351124753,IK_CBQJSKKFNMDLON-SNVBAGLBSA-N,N-Acetyl-D-phenylalanine,MTBLS11904,plasma,Negative,Reverse phase/C18
-0.2570959062115984,-0.22466660268591732,IK_PTBQWWHUOMDVFS-UHFFFAOYSA-N,Phomalone,MTBLS11904,plasma,Negative,Reverse phase/C18
-0.07899927915958835,0.06928886146665832,IK_ABDMBNAKYBUEEX-QCLAVDOMSA-N,Ecgonine Ethyl Ester,MTBLS11904,plasma,Positive,Reverse phase/C18
-0.11663990142872524,0.007040064700268288,IK_HZDLKNOGBSMKRN-UHFFFAOYSA-N,Imidazolone A,MTBLS11904,plasma,Positive,Reverse phase/C18
-1.082329744753777,0.04452259196098679,IK_GTDWNYZZRCJYOX-HBZIWDQGSA-N,TG 10:0_18:2_18:2,37755270,serum,Not reported,Reverse phase/C18
6.0488658370319515,-1.2827069909716673,IK_SHAQGFGGJSLLHE-BQBZGAKWSA-N,pro-gln,38720721,serum,Not reported,Reverse phase/C18
-0.41008193127554543,-0.4771793225968839,IK_WHMOBEGYTDWMIG-BSWAIDMHSA-N,Chenodeoxycholic acid 3-sulfate,MTBLS11904,plasma,Negative,Reverse phase/C18
-0.07438997515947014,0.07690062674713731,IK_FGYKUFVNYVMTAM-WAZJVIJMSA-N,Beta-tocotrienol,MTBLS11904,plasma,Negative,Reverse phase/C18
0.07165539037998217,0.31795736773202676,IK_JFIWEPHGRUDAJN-DYUFWOLASA-N,3'-C-Ethynylcytidine,MTBLS11904,plasma,Negative,Reverse phase/C18
-0.3807090588073639,-0.42869761360157443,IK_NNLLMULULOBXBY-PLNGDYQASA-N,Cis-3-Hexenyl lactate,MTBLS11904,plasma,Negative,Reverse phase/C18
-0.4850511550765956,0.053880273747539696,IK_ZSJMELIYGMLDEW-BJPCGIFGSA-N,Cer-NS d38:2,37755270,serum,Not reported,Reverse phase/C18
-0.21267210096501307,-0.1517747626594466,IK_IHNKQIMGVNPMTC-RUZDIDTESA-N,PC(18:0/0:0),MTBLS11904,plasma,Positive,Reverse phase/C18
-0.08006743497051237,0.0675296348096107,IK_AYFVYJQAPQTCCC-GBXIJSLDSA-N,L-Threonine,MTBLS11904,plasma,Negative,Reverse phase/C18
-0.11541762280456591,0.009061428076002926,IK_ILGMGHZPXRDCCS-UHFFFAOYSA-N,"(2-oxo-2,3-Dihydro-1H-Indol-3-yl)acetic Acid",MTBLS11904,plasma,Positive,Reverse phase/C18
-0.3220188388313109,-0.3318258437461623,IK_RINHYCZCUGCZAJ-IPXOVKFZSA-N,Rosavin,MTBLS11904,plasma,Negative,Reverse phase/C18
-0.25061829287208126,-0.21452890070831213,IK_JRLGPAXAGHMNOL-LURJTMIESA-N,N2-Acetylornithine,MTBLS11904,plasma,Positive,Reverse phase/C18
-0.10955624167175747,0.01875478308088828,IK_WVVVLOJZCPRPQC-UHFFFAOYSA-N,4-Methyl-1H-pyrrole-3-carboxamide,MTBLS11904,plasma,Positive,Reverse phase/C18
-0.12218335902649557,-0.001985254276246672,IK_XEVRBOQZSXWGQO-PAUXXPOVSA-N,PE(22:6/0:0),MTBLS11904,plasma,Negative,Reverse phase/C18
0.4684011600668071,8.871893225647392,IK_YMYQEDCYNANIPI-PBLJWRMESA-N,C18:0 galactosylceramide,24058461,plasma,Not reported,LC-MS/unspecified
-1.5491895142750403,0.5722466188039204,IK_ZDXPYRJPNDTMRX-VKHMYHEASA-N,Glutamine,28880465,serum,Positive,LC-MS/unspecified
-0.14567055237101667,-0.04075229259350028,IK_SFIBBHUOEANMLY-ONWUZIRBSA-N,DG(PGJ2/0:0/2:0),MTBLS11904,plasma,Negative,Reverse phase/C18
-0.5563823717308112,-0.7201912673123675,IK_IHFRBIZNQISAFK-JTQLQIEISA-N,Phenylacetyl glutaminate,MTBLS11904,plasma,Positive,Reverse phase/C18
0.2699639249167959,0.6452776410703202,IK_LVNGJLRDBYCPGB-LDLOPFEMSA-N,PE(18:0/18:0),MTBLS11904,plasma,Negative,Reverse phase/C18
-3.1350288854935235,-4.984670282507467,IK_DCMKMHVTKFJMAU-HWKANZROSA-N,Isoferulic acid 3-sulfate,MTBLS11904,plasma,Positive,Reverse phase/C18
2.7839324883618897,-1.2226402533802347,IK_BCDGQXUMWHRQCB-UHFFFAOYSA-N,Aminoacetone,28880465,serum,Positive,LC-MS/unspecified
-0.7693443686291562,-1.0701637833960327,IK_GRXIELRCPYIEQI-UHFFFAOYSA-M,"2-(3,4-Dihydroxybenzoyloxy)-4,6-dihydroxybenzoate",MTBLS11904,plasma,Negative,Reverse phase/C18
-0.21192609161960965,-0.15011108133681436,IK_HOOOPXDSCKBLFG-MRVPVSSYSA-N,(S)-4-Hydroxymandelonitrile,MTBLS11904,plasma,Negative,Reverse phase/C18
-0.1869119531591305,-0.10882372796362903,IK_GOVYBPLHWIEHEJ-UHFFFAOYSA-N,Tubastatin A,MTBLS11904,plasma,Negative,Reverse phase/C18
-0.20906082349552932,-0.14580255273536635,IK_UNUYMBPXEFMLNW-DWVDDHQFSA-N,N6-Threonylcarbamoyladenosine,MTBLS11904,plasma,Positive,Reverse phase/C18
-0.018579830487032822,0.16920851684147367,IK_AGGWFDNPHKLBBV-YUMQZZPRSA-N,Val-Cit,MTBLS11904,plasma,Positive,Reverse phase/C18
-0.06340133892910943,0.09508421125634785,IK_SEEGHKWOBVVBTQ-NFMPGMCNSA-N,Gibberellin A7,MTBLS11904,plasma,Positive,Reverse phase/C18
-0.15241687356047925,-0.051887505222406476,IK_IMMPMHKLUUZKAZ-UHFFFAOYSA-N,Tryptophyl-Phenylalanine,MTBLS11904,plasma,Negative,Reverse phase/C18
-0.6857649423652789,-0.9322108665645196,IK_UOXRPRZMAROFPH-IESLQMLBSA-N,LysoPI(16:0/0:0),MTBLS11904,plasma,Negative,Reverse phase/C18
-0.26764570895267137,-0.24207969206685484,IK_ONFOSYPQQXJWGS-UHFFFAOYSA-N,(+/-)-2-Hydroxy-4-(methylthio)butanoic acid,MTBLS11904,plasma,Negative,Reverse phase/C18
0.006010628996753544,0.2096067046370624,IK_TXBBUSUXYMIVOS-UHFFFAOYSA-N,2-Thenoyltrifluoroacetone,MTBLS11904,plasma,Negative,Reverse phase/C18
0.5952984611488675,0.4682403542356253,IK_AWDRATDZQPNJFN-VAYUFCLWSA-N,Taurodeoxycholic acid,ACS1517,serum,Negative,Reverse phase/C18
-0.13302954480348392,-0.020064577321476866,IK_JHPNVNIEXXLNTR-UHFFFAOYSA-N,DEOXYCARNITINE,MTBLS11904,plasma,Positive,Reverse phase/C18
0.013103983554170624,0.22131471671705588,IK_ZEMGGZBWXRYJHK-UHFFFAOYSA-N,2-Thiouracil,MTBLS11904,plasma,Negative,Reverse phase/C18
-0.11718608399624428,0.00626305131841514,IK_UFBJCMHMOXMLKC-UHFFFAOYSA-N,"2,4-Dinitrophenol",MTBLS11904,plasma,Negative,Reverse phase/C18
-0.46110966296358513,-0.5614036914914963,IK_YOEBAVRJHRCKRE-UHFFFAOYSA-N,2-Methylhippuric Acid,MTBLS11904,plasma,Negative,Reverse phase/C18
-0.4417698508566402,0.4835459754299693,IK_RRTPYUGIBQLEDN-FPLPWBNLSA-N,LPE O-16:1,38720721,serum,Not reported,Reverse phase/C18
0.06028552952941341,0.6544520204480975,IK_OUYCCCASQSFEME-QMMMGPOBSA-N,L-Tyrosine,28880465,serum,Positive,LC-MS/unspecified
-0.18424673974932432,-0.1044246315218014,IK_BUTLOLBCWDNVGA-UHFFFAOYSA-N,Physapruin B,MTBLS11904,plasma,Negative,Reverse phase/C18
0.9964790948027773,-0.5362587586493193,IK_GXEIJYZRCDTJTE-DOFZRALJSA-N,LPC 22:4,37755270,serum,Not reported,Reverse phase/C18
-0.17114241078995854,-0.08309435478806157,IK_PXVMEXBCFJTGCL-RCHUDCCISA-N,N-Eicosapentaenoyl Phenylalanine,MTBLS11904,plasma,Positive,Reverse phase/C18
-0.08761078680212103,0.05504743882504542,IK_JLFNLZLINWHATN-UHFFFAOYSA-N,Pentaethylene glycol,MTBLS11904,plasma,Positive,Reverse phase/C18
-0.06362357118702965,0.09471669095703011,IK_MXWDHKDTQAPDQD-INBLFIHXSA-N,Adamantylamide-alanyl-isoglutamine,MTBLS11904,plasma,Positive,Reverse phase/C18
-0.10998681715163751,0.018042711937212935,IK_VLULRUCCHYVXOH-UHFFFAOYSA-N,TIC10,MTBLS11904,plasma,Positive,Reverse phase/C18
0.05077058525499786,0.2838979063897631,IK_BEJNERDRQOWKJM-UHFFFAOYSA-N,Kojic acid,MTBLS11904,plasma,Positive,Reverse phase/C18
-0.1396131812650918,-0.030952374503126195,IK_SXFSQZDSUWACKX-UHFFFAOYSA-N,2-Oxo-4-methylthiobutanoic acid,MTBLS11904,plasma,Positive,Reverse phase/C18
-1.6923249107820184,0.46386140889773736,IK_QCHPKSFMDHPSNR-UHFFFAOYSA-N,3-Aminoisobutanoic Acid,28880465,serum,Positive,LC-MS/unspecified
-0.05413702317225125,0.11040522573816791,IK_BLGXFZZNTVWLAY-DKJBZYCGSA-N,Corynanthine,MTBLS11904,plasma,Positive,Reverse phase/C18
-0.2440902144369411,-0.20373298333256806,IK_SERHXTVXHNVDKA-BYPYZUCNSA-N,Pantolactone,MTBLS11904,plasma,Positive,Reverse phase/C18
-0.22533544640961098,-0.17224403560813445,IK_QOEAXNMFJWVZIG-QGZVFWFLSA-N,Decadienyl-l-carnitine,MTBLS11904,plasma,Negative,Reverse phase/C18
-0.08766051664718559,0.05499679239194879,IK_YFXWTVLDSKSYLW-NSCUHMNNSA-N,5-Hydroxyferulic acid,MTBLS11904,plasma,Negative,Reverse phase/C18
-0.14957109188830786,-0.01737256241624279,IK_LVNITLZCNUEXQK-UTJQPWESSA-N,carnitine 14:2,ST003159,serum,Positive,HILIC
-0.3198394715631741,-0.3282286651986468,IK_CJUFNYIRKDOQMC-SNVBAGLBSA-N,(S)-9-Hydroxy-10-undecenoic acid,MTBLS11904,plasma,Negative,Reverse phase/C18
-0.12068417653915083,4.892379284022472e-4,IK_QMGGUIASDZZMHS-UHFFFAOYSA-N,Stearoyllactic acid,MTBLS11904,plasma,Negative,Reverse phase/C18
0.05284012489786027,0.2873204407277714,IK_IQGPMZRCLCCXAG-RUZDIDTESA-N,LysoPC(0:0/18:0),MTBLS11904,plasma,Positive,Reverse phase/C18
-0.11169522928214505,0.015217397611896876,IK_RGKQMGOWKQNPHC-ZXKRFNDTSA-N,"SM(d18:2(4E,14Z)/PGJ2)",MTBLS11904,plasma,Positive,Reverse phase/C18
0.4011437850493917,0.8617979628430726,IK_UGQMRVRMYYASKQ-UHTZMRCNSA-N,Arabinosylhypoxanthine,MTBLS11904,plasma,Negative,Reverse phase/C18
-0.08144168573416223,0.06526135035899945,IK_QXGVRGZJILVMDF-UHFFFAOYSA-N,Tetracosanedioic acid,MTBLS11904,plasma,Negative,Reverse phase/C18
0.5685433088444349,0.8695532765976777,IK_XTSSAALSNSPVIH-OCFMFRIESA-N,Austalide L,ST003159,serum,Negative,Reverse phase/C18
-0.08110853394479996,0.06581123764799213,IK_MSFSPUZXLOGKHJ-GLPGPYIRSA-N,Alpha-Muramic acid,MTBLS11904,plasma,Negative,Reverse phase/C18
0.04869568731190086,0.2800609840766302,IK_ZZCHHVUQYRMYLW-HKBQPEDESA-N,Farglitazar,MTBLS11904,plasma,Negative,Reverse phase/C18
-0.08395420411104676,0.06111428707108572,IK_MRRFMOUCAPXWJC-SSCJOAGESA-N,"PC(18:1(11Z)/18:3(6Z,9Z,12Z))",MTBLS11904,plasma,Negative,Reverse phase/C18
-0.23659319686417932,-0.19082563633460323,IK_WEQJQNWXCSUVMA-NEPJUHHUSA-N,Phenylalanylproline,MTBLS11904,plasma,Negative,Reverse phase/C18
-0.26288441639222293,-0.23422088953690973,IK_GTPATKZCXDKGQS-UHFFFAOYSA-N,DHAP(18:0),MTBLS11904,plasma,Negative,Reverse phase/C18
-0.705482594784581,-0.15486877081005998,IK_VVHOUVWJCQOYGG-REOHCLBHSA-N,guanidinosuccinate,38720721,serum,Not reported,Reverse phase/C18
-1.1225684316741398,-1.6531815392875195,IK_HSMHKPFJPOTDCW-MFDWXRHISA-N,Vitamin D3 glucosiduronate,MTBLS11904,plasma,Negative,Reverse phase/C18
-0.10621984134831443,0.024363500447743394,IK_AYIZHKDZYOSOGY-IUCAKERBSA-N,Histidylmethionine,MTBLS11904,plasma,Negative,Reverse phase/C18
-1.118991610631369,-1.6506155337804271,IK_SNVAIAITQIIEMQ-DUXPYHPUSA-N,Caffeic acid 4-O-sulfate,MTBLS11904,plasma,Positive,Reverse phase/C18
-0.12489028103033344,-0.0066041364557489785,IK_JXVXYRZQIUPYSA-NHCYSSNCSA-N,Pro Val Gln,MTBLS11904,plasma,Positive,Reverse phase/C18
-0.03473104444762428,0.14236009892612658,IK_SLEHROROQDYRAW-KQYNXXCUSA-N,N2-Methylguanosine,MTBLS11904,plasma,Negative,Reverse phase/C18
-0.3566527315802024,-0.388991185327823,IK_FWQWYTQHEPIGFR-XFENYREESA-N,Glucose lactate pyruvate,MTBLS11904,plasma,Negative,Reverse phase/C18
-0.21062124739486196,-0.14795735718350525,IK_JBKVHLHDHHXQEQ-UHFFFAOYSA-N,Epsilon-caprolactam,MTBLS11904,plasma,Negative,Reverse phase/C18
-0.3980329456706027,-0.4572917406140827,IK_PRFXRIUZNKLRHM-HKVRTXJWSA-N,Prostaglandin B2,MTBLS11904,plasma,Negative,Reverse phase/C18
-0.09203313261000506,0.047779524210516594,IK_DHWUVPPRBIJJKS-VUEDXXQZSA-N,Sesartemin,MTBLS11904,plasma,Negative,Reverse phase/C18
-0.054081465145782215,0.11049710554407606,IK_AERBNCYCJBRYDG-RGBJRUIASA-N,4-hydroxysphinganine,MTBLS11904,plasma,Positive,Reverse phase/C18
-0.08190219071275837,0.06448812386717011,IK_CYZWCBZIBJLKCV-RMKNXTFCSA-N,Cropropamide,MTBLS11904,plasma,Positive,Reverse phase/C18
-0.23506625159617645,-0.18830532020298107,IK_RHWSKVCZXBAWLZ-UHFFFAOYSA-N,Psi-Pelletierine,MTBLS11904,plasma,Negative,Reverse phase/C18
0.07678567189896915,0.32692078290602283,IK_PRGQOPPDPVELEG-UHFFFAOYSA-N,Dihydroxycarbazepine,MTBLS11904,plasma,Positive,Reverse phase/C18
0.03245029696324151,0.2536004282704799,IK_YEHAZLUVAZKVRO-PDWSRYNESA-N,"PE(18:0/20:4(8Z,11Z,14Z,17Z))",MTBLS11904,plasma,Positive,Reverse phase/C18
-0.2228114567175907,-0.1685428888835783,IK_YAZBCYAYQHWOBG-UHFFFAOYSA-N,3-Hydroxyheptadecanoylcarnitine,MTBLS11904,plasma,Positive,Reverse phase/C18
0.20046696787491988,0.41495103301960123,IK_QQQYQWNSMUHSCK-UHFFFAOYSA-N,5-Chloro-6-methoxy-2(3H)-benzoxazolone,ST003159,serum,Positive,HILIC
3.166518312794519,-0.5785342769629555,IK_VQAYFKKCNSOZKM-IOSLPCCCSA-N,6-Methyladenosine,38720721,serum,Not reported,Reverse phase/C18
-0.1291126978481142,-0.013587027190612019,IK_RRHGJUQNOFWUDK-UHFFFAOYSA-N,ISOPRENE,MTBLS11904,plasma,Positive,Reverse phase/C18
-0.1311405690290383,-0.01694065265057654,IK_OFRYBPCSEMMZHR-UHFFFAOYSA-N,Alpha-Hydroxymetoprolol,MTBLS11904,plasma,Positive,Reverse phase/C18
2.1195621076124076,-0.45722474904547983,IK_BKAJNAXTPSGJCU-UHFFFAOYSA-N,4-Methyl-2-oxovaleric Acid,38720721,serum,Not reported,Reverse phase/C18
-0.10430600003929053,0.027437456199299763,IK_DXHYQIJBUNRPJT-UHFFFAOYSA-N,Parsalmide,MTBLS11904,plasma,Positive,Reverse phase/C18
-1.4955939731585552,-0.36823785362480654,IK_BCNUXXXHEIUHJB-UHFFFAOYSA-N,3-Methylene-indolenine,29518718,plasma,Positive,LC-MS/unspecified
0.16056524383999785,0.4647084778444095,IK_ZCTWMWAMUYXALL-WLGWGOQCSA-N,"DG(a-13:0/20:3(8Z,11Z,14Z)-2OH(5,6)/0:0)",MTBLS11904,plasma,Negative,Reverse phase/C18
-0.1571087595820253,-0.059631747455049254,IK_QZNPNKJXABGCRC-FUTKDDECSA-N,L-Rhamnulose,MTBLS11904,plasma,Negative,Reverse phase/C18
-0.32639955972818396,-0.3398534153241089,IK_UCPOMLWZWRTIAA-UHFFFAOYSA-N,Atevirdine,MTBLS11904,plasma,Positive,Reverse phase/C18
-0.30504198458297554,-0.3038045153903116,IK_ATROHALUCMTWTB-UHFFFAOYSA-N,Phoxim,MTBLS11904,plasma,Negative,Reverse phase/C18
-0.13872425132831623,-0.029482291435736944,IK_ZPZUGHMDLKWJOU-LMSYVIICSA-N,Tanacetol A,MTBLS11904,plasma,Positive,Reverse phase/C18
-0.15758072467367323,-0.06041075466017151,IK_VBCLPDSIELLWDI-UHFFFAOYSA-N,2-[3-(sulfooxy)phenyl]acetic acid,MTBLS11904,plasma,Negative,Reverse phase/C18
-0.2919067223882416,0.1261942869121296,IK_HXEACLLIILLPRG-UHFFFAOYSA-N,Pipecolic acid,ACS1517,serum,Positive,Reverse phase/C18
-0.42267228851103944,-0.49796047208211125,IK_NCEQLLNVRRTCKJ-UHFFFAOYSA-N,"4-[2-[5,5-Dimethyl-8-(4-methylphenyl)-6H-naphthalen-2-yl]ethynyl]benzoic acid",MTBLS11904,plasma,Negative,Reverse phase/C18
-0.11627877338780035,0.007637286185866093,IK_KAKZBPTYRLMSJV-UHFFFAOYSA-N,"1,3-Butadiene",MTBLS11904,plasma,Positive,Reverse phase/C18
-0.5093472491416012,-0.6410227557930316,IK_TVIDDXQYHWJXFK-UHFFFAOYSA-N,Dodecanedioic Acid,MTBLS11904,plasma,Negative,Reverse phase/C18
-0.09801327908640528,0.03395585963035347,IK_QHZLMUACJMDIAE-UHFFFAOYSA-N,1-Monopalmitin,ST001814,plasma,Positive,GC-MS
-1.2739490106628237,0.6106068243270282,IK_DCXYFEDJOCDNAF-REOHCLBHSA-N,L-Asparagine,28880465,serum,Positive,LC-MS/unspecified
-0.06225770143703285,0.09692568118933738,IK_OUAPULXYUWUOHW-UHFFFAOYSA-N,1-Ethoxymethyl-5-fluorouracil,MTBLS11904,plasma,Negative,Reverse phase/C18
-0.04058084353518288,0.13282398021572,IK_AERBNCYCJBRYDG-KSZLIROESA-N,Phytosphingosine,MTBLS11904,plasma,Positive,Reverse phase/C18
-0.04373376654776996,0.12760978221535169,IK_DIRFUJHNVNOBMY-UHFFFAOYSA-N,Fenobucarb,MTBLS11904,plasma,Positive,Reverse phase/C18
-0.25833134367296295,-0.22670576722039795,IK_IXRPKRWXUJOOBZ-AVMVYAPKSA-N,Alpha-Santalyl acetate,MTBLS11904,plasma,Negative,Reverse phase/C18
-0.07885975991328,0.06952297581433389,IK_NIDVTARKFBZMOT-PEBGCTIMSA-N,N-Acetylcytidine,MTBLS11904,plasma,Negative,Reverse phase/C18
-0.08808303089598413,0.05426645772763592,IK_MSFSPUZXLOGKHJ-PGYHGBPZSA-N,Muramic acid,MTBLS11904,plasma,Positive,Reverse phase/C18
-0.6853686307004782,-0.6791232273385363,IK_HAVMVUFJSIMVDG-UHFFFAOYSA-N,Lucidenic acid J,ST003159,serum,Negative,Reverse phase/C18
-0.2224481321085942,-0.16747834826368438,IK_TTZIHUKKIDPTQT-UHFFFAOYSA-N,"3,3',5,6-Tetrahydroxy-4',7-dimethoxyflavone 3-glucuronide",MTBLS11904,plasma,Negative,Reverse phase/C18
5.874156775077782,-2.6361848002349753,IK_CUZUEIFJLWAMHR-VKMQJZFUSA-N,PE O-40:8|PE O-22:6_18:2,37755270,serum,Not reported,Reverse phase/C18
-2.8516950305817175,-4.507209947707782,IK_BDIAUFOIMFAIPU-KVJIRVJXSA-N,Valtrate,MTBLS11904,plasma,Negative,Reverse phase/C18
-0.28533051038593205,-0.27126953029533124,IK_MRBKEAMVRSLQPH-UHFFFAOYSA-N,3-tert-Butyl-4-hydroxyanisole,MTBLS11904,plasma,Negative,Reverse phase/C18
-0.230429890759423,-0.18065272542707217,IK_UTTULGRFBPONAA-VPENINKCSA-N,Difluorodeoxyuridine,MTBLS11904,plasma,Negative,Reverse phase/C18
-0.12119566670940946,-4.941070214157517e-4,IK_XLUAWXQORJEMBD-YUMQZZPRSA-N,CHEBI:69439,MTBLS11904,plasma,Positive,Reverse phase/C18
-0.03620564227496171,0.1400595411946065,IK_QBILRDAMJUPXCX-PDSBPYSYSA-N,Corchoroside A,MTBLS11904,plasma,Positive,Reverse phase/C18
-0.17983192411133905,-0.09750124275842591,IK_PMOWTIHVNWZYFI-AATRIKPKSA-N,2-Hydroxycinnamic acid,MTBLS11904,plasma,Positive,Reverse phase/C18
-0.24959999332591526,-0.2122941430196264,IK_BWCRYQGQPDBOAU-WZBVPYLGSA-N,Milbemycin D,MTBLS11904,plasma,Negative,Reverse phase/C18
-0.14004861774476557,-0.03147294811270607,IK_FMOWGHRAYUFXIG-UHFFFAOYSA-N,Zymonic acid,MTBLS11904,plasma,Negative,Reverse phase/C18
-0.15796525901331848,-0.07672534787231088,IK_LKDRXBCSQODPBY-VRPWFDPXSA-N,D-Fructose,ST001814,plasma,Positive,GC-MS
-0.17151742824336907,-0.08371454612583014,IK_QVRLHIRFLRXFIW-MLDHBKOMSA-N,Vertilmicin,MTBLS11904,plasma,Positive,Reverse phase/C18
0.4705722976742846,-0.1344348065075456,IK_HSHNITRMYYLLCV-UHFFFAOYSA-N,7-HYDROXY-4-METHYLCOUMARIN,38516193,plasma,Positive,LC-MS/unspecified
-0.2931873374651104,-0.2842377007803737,IK_UGQMRVRMYYASKQ-KQYNXXCUSA-N,Inosine,MTBLS11904,plasma,Negative,Reverse phase/C18
-0.1274582606613171,-0.010691799703168312,IK_JNBVGGPMMKHWRO-VIFPVBQESA-N,3-Hydroxyphenylacetylglutamine sulfate,MTBLS11904,plasma,Negative,Reverse phase/C18
-0.25089608315646994,-0.21498830081353523,IK_JUAPMRSLDANLAS-HOTGVXAUSA-N,Phe Phe,MTBLS11904,plasma,Positive,Reverse phase/C18
-0.10815339940366078,0.02107475680220696,IK_JAXWMXMFLOWKCW-UHFFFAOYSA-N,4-Hydroxyhexanoycarnitine,MTBLS11904,plasma,Positive,Reverse phase/C18
-1.7230882067536466,-2.644375879459007,IK_SBKADJXSGGTEPN-UHFFFAOYSA-N,3-Methoxy-4-Hydroxyphenylglycol sulfate,MTBLS11904,plasma,Negative,Reverse phase/C18
-0.16403111336674492,-0.08792379236117663,IK_QIVBCDIJIAJPQS-VIFPVBQESA-N,Tryptophan,ST001814,plasma,Positive,GC-MS
-0.37975124757404494,-0.42711668850213774,IK_UDTWZFJEMMUFLC-NSHDSACASA-N,S-nirvanol,MTBLS11904,plasma,Negative,Reverse phase/C18
-0.08548568882870011,0.05856185512034051,IK_QCYVUUAIJUUUPI-BBVRLYRLSA-N,7-Hydroxy-6-methyl-8-ribityl lumazine,MTBLS11904,plasma,Positive,Reverse phase/C18
-0.12329373931859863,0.015081963620133178,IK_CDAISMWEOUEBRE-UHFFFAOYSA-N,Myoinositol,ST003159,serum,Negative,Reverse phase/C18
-0.15881616213503802,-0.06244991919465391,IK_UJFWRUHMFNKTTC-UHFFFAOYSA-N,Cholylserine,MTBLS11904,plasma,Negative,Reverse phase/C18
0.02205743464038329,0.23609293074476,IK_GYNWSIBKBBWJJW-ZQMNIGHUSA-N,17-Hydroxyandrostane-3-glucuronide,MTBLS11904,plasma,Negative,Reverse phase/C18
-0.03055276734840723,0.14925659933748198,IK_PEJGMBUENJSLLH-RHAKMSQVSA-N,"SM(d18:2(4E,14Z)/14:0)",MTBLS11904,plasma,Negative,Reverse phase/C18
-0.16131479946190028,-0.06657407179337722,IK_YGNHGXTZNFXTBH-GQCTYLIASA-N,5'-((Z)-Feruloyl) 3-(2'-methylarabinosylxylose),MTBLS11904,plasma,Negative,Reverse phase/C18
0.12690366108368167,0.3432975933810299,IK_UWHZIFQPPBDJPM-BQYQJAHWSA-N,Vaccenic acid,38720721,serum,Not reported,Reverse phase/C18
-0.3425354293807961,-0.3656897218623551,IK_UYUXSRADSPPKRZ-SKNVOMKLSA-N,D-Glucuronolactone,MTBLS11904,plasma,Negative,Reverse phase/C18
-0.12230829112671383,-0.002191462427496841,IK_POUITAHNNRJWMA-UHFFFAOYSA-N,5-Hydroxybenzofuran-2(3H)-one,MTBLS11904,plasma,Negative,Reverse phase/C18
-0.13432127086659718,-0.02220079035528921,IK_VJNXUFOTKNTNPG-IOSLPCCCSA-O,7-Methylinosine,MTBLS11904,plasma,Positive,Reverse phase/C18
-0.19710193955950556,-0.1260253525741042,IK_HJIKODJJEORHMZ-NNPZUXBVSA-N,28-Homobrassinolide,MTBLS11904,plasma,Positive,Reverse phase/C18
-0.10610879082668707,0.02454679643690104,IK_VOZHMAYHYHEWBW-NVOOAVKYSA-N,Bufotalin,MTBLS11904,plasma,Negative,Reverse phase/C18
-0.09473611479654671,0.0432638108879057,IK_AJWIFVNLXHFTFD-NSCUHMNNSA-N,Methyl 7-epi-12-hydroxyjasmonate glucoside,MTBLS11904,plasma,Positive,Reverse phase/C18
-0.18744871731327675,-0.11006117729955454,IK_LHGVLZHIYVKZBT-UHFFFAOYSA-N,5-(3-Pyridyl)-2-hydroxytetrahydrofuran,MTBLS11904,plasma,Positive,Reverse phase/C18
0.6070337365951782,-0.31306474902961895,NO_INCHIKEY__lpc 16 0 1,LPC 16:0.1,37755270,serum,Not reported,Reverse phase/C18
-0.26320368660299426,-0.23474786466380937,IK_JGUNZIWGNMQSBM-SIGMCMEVSA-N,(+/-)9-HpODE,MTBLS11904,plasma,Negative,Reverse phase/C18
-0.5255640235016179,0.4142881937797627,IK_CDAISMWEOUEBRE-UHFFFAOYSA-N,Myoinositol,33485385,plasma,Negative,LC-MS/unspecified
-0.08745229680599695,0.05534047260538254,IK_MFYSYFVPBJMHGN-ZPOLXVRWSA-N,Cortisone,MTBLS11904,plasma,Negative,Reverse phase/C18
-0.10839920846440597,0.020766322975920046,IK_BDJRBEYXGGNYIS-UHFFFAOYSA-N,Azelaic Acid,MTBLS11904,plasma,Negative,Reverse phase/C18
-0.21903540832744953,-0.11051288475011246,IK_RXVWSYJTUUKTEA-CGQAXDJHSA-N,maltotriose,38720721,serum,Not reported,Reverse phase/C18
0.035286332521899,0.25792802980531004,IK_OOBHFESNSZDWIU-UHFFFAOYSA-N,Phenmetrazine,MTBLS11904,plasma,Negative,Reverse phase/C18
0.4284752435180298,-0.4709428382916933,IK_DEFJQIDDEAULHB-IMJSIDKUSA-N,Ala-Ala,38720721,serum,Not reported,Reverse phase/C18
-0.07673528593173297,0.073032977475328,IK_YVPPHAUZYVAQNM-UHFFFAOYSA-N,"2-Piperidinecarboxamide, 1-butyl-N-(4-hydroxy-2,6-dimethylphenyl)-",MTBLS11904,plasma,Positive,Reverse phase/C18
-0.0780407622067277,0.07087478167611694,IK_MOTZDAYCYVMXPC-UHFFFAOYSA-N,C12-AS (TENTATIVE),MTBLS11904,plasma,Negative,Reverse phase/C18
-0.1313211330495011,-0.017239263393373613,IK_DCZDUZNVOVFUCD-HTXNQAPBSA-M,16-feruloyloxypalmitate,MTBLS11904,plasma,Positive,Reverse phase/C18
0.637696886986121,-0.4248612897507242,IK_LHQIJBMDNUYRAM-DZSWIPIPSA-N,Biopterin,28880465,serum,Positive,LC-MS/unspecified
-0.1562945050897755,-0.058539387276696955,IK_HXNFUBHNUDHIGC-UHFFFAOYSA-N,Oxypurinol,MTBLS11904,plasma,Positive,Reverse phase/C18
-0.09451388238658172,0.04363133226291524,IK_JYPCXBJRLBHWME-IUCAKERBSA-N,Glycylprolylarginine,MTBLS11904,plasma,Positive,Reverse phase/C18
-0.22356149109584283,-0.1697832700862119,IK_AYKQJQVWUYEZNU-UHFFFAOYSA-N,Cysteinyl-Asparagine,MTBLS11904,plasma,Positive,Reverse phase/C18
0.2260842131363697,0.5738256969233768,IK_GQQALHZKRGXRTO-AEMURDCYSA-N,"PC(20:0/20:5(5Z,8Z,11Z,14Z,17Z))",MTBLS11904,plasma,Positive,Reverse phase/C18
-0.6496318667525183,-0.872571032380997,IK_HOSGXJWQVBHGLT-UHFFFAOYSA-N,"6-Hydroxy-3,4-dihydro-2(1H)-quinolinone",MTBLS11904,plasma,Negative,Reverse phase/C18
1.167815090479042,-1.3319057804447803,IK_DQXQIWIQYYEGLG-MMWLGPPDSA-N,TG 52:3;2O|TG 16:0_18:1_18:2;2O,37755270,serum,Not reported,Reverse phase/C18
2.793199265135406,-0.6684902702594971,IK_YRMSRWRIJYGMCI-LWRNEJPJSA-N,SM 41:1;2O|SM 18:1;2O/23:0,37755270,serum,Not reported,Reverse phase/C18
-0.12508455490610312,-0.006773853782790514,IK_BSFUDCIRZBAPDS-UHFFFAOYSA-N,Isokobusone,MTBLS11904,plasma,Negative,Reverse phase/C18
-0.15979466597775185,-0.0643278361160598,IK_MRPDHXXPDCVBPQ-AATRIKPKSA-N,"(3S,5R,6S,7E,9x)-7-Megastigmene-3,6,9-triol 9-glucoside",MTBLS11904,plasma,Positive,Reverse phase/C18
-0.006793190801975126,0.20236329549553958,IK_IWDCLRJOBJJRNH-UHFFFAOYSA-N,p-cresol,ST001814,plasma,Positive,GC-MS
-0.014162960460783502,0.17651298884978453,IK_YZXBAPSDXZZRGB-DOFZRALJSA-N,Arachidonic acid,MTBLS11904,plasma,Positive,Reverse phase/C18
10.159764918275636,-1.7143422841460374,IK_CBQJSKKFNMDLON-JTQLQIEISA-N,N-Acetyl-L-phenylalanine,38720721,serum,Not reported,Reverse phase/C18
-0.14499036759022438,-0.03962960625063402,IK_XXEPPPIWZFICOJ-UHFFFAOYSA-N,Diethylpropion,MTBLS11904,plasma,Negative,Reverse phase/C18
-0.21750638226313504,-0.15932169012575517,IK_WXHUQVMHWUQNTG-JSWHPQHOSA-N,Alisol A 24-acetate,MTBLS11904,plasma,Negative,Reverse phase/C18
-0.01096836883421375,0.18179609680388492,IK_RAPKGPDUGWBPHR-QWFQJEORSA-N,"PC(18:3(9Z,12Z,15Z)/16:0)",MTBLS11904,plasma,Positive,Reverse phase/C18
-0.8014811576035471,-1.1255274084295022,IK_WRNKIDLXXXIELU-IEBWSBKVSA-N,Indolophenanthridine,MTBLS11904,plasma,Positive,Reverse phase/C18
-0.012035086630002736,0.17982115558983364,IK_CNWPIIOQKZNXBB-WBYPBBSPSA-M,"3alpha,7alpha,12alpha-trihydroxy-5beta-cholestanate",MTBLS11904,plasma,Negative,Reverse phase/C18
-0.052901692022554896,0.11236834280333756,IK_JWDFQMWEFLOOED-UHFFFAOYSA-N,N-Succinimidyl 3-(2-pyridyldithio)propionate,MTBLS11904,plasma,Negative,Reverse phase/C18
-0.17064304647224646,-0.08197090987761856,IK_UDTWZFJEMMUFLC-UHFFFAOYSA-N,Nirvanol,MTBLS11904,plasma,Negative,Reverse phase/C18
-0.6243539836425832,-0.8308483517348574,IK_YPIQXPKZXKWWSZ-UHFFFAOYSA-N,"5-Phenyl-1,3-oxazinane-2,4-dione",MTBLS11904,plasma,Negative,Reverse phase/C18
-0.08663852001390403,0.05665534140268679,IK_VLDVBZICYBVQHB-IUCAKERBSA-N,Histidylvaline,MTBLS11904,plasma,Positive,Reverse phase/C18
0.5242784993327894,1.0669693939159683,IK_JARYYMUOCXVXNK-CSLFJTBJSA-N,Validamycin A,MTBLS11904,plasma,Positive,Reverse phase/C18
0.21201903239953138,0.26921066325441245,IK_SRSXLGNVWSONIS-UHFFFAOYSA-N,Benzenesulfonic acid,37755270,serum,Not reported,Reverse phase/C18
-0.041306933367275575,0.1386452896276298,IK_BTCSSZJGUNDROE-UHFFFAOYSA-N,Gamma Aminobutyric acid,ST001814,plasma,Positive,GC-MS
-0.1682672785903305,-0.0783395583658232,IK_GKUMMDFLKGFCKH-URYVQPGZSA-N,Glucoerucin,MTBLS11904,plasma,Positive,Reverse phase/C18
-0.055567644641844716,0.10803931191529055,IK_NCGLTZSBTFVVAW-KNXRZYMVSA-N,Minaxolone,MTBLS11904,plasma,Positive,Reverse phase/C18
0.2863200638696256,0.9219924194251083,NO_INCHIKEY__tripeptide leu ile asp arg gln gln lys arg val glu val val trp,Tripeptide: Leu/Ile-Asp-Arg; Gln-Gln-Lys; Arg-Val-Glu; Val-Val-Trp,24167579,serum,Positive,Reverse phase/C18
-0.19803089031141288,-0.12717620877396768,IK_NXYCBMGKNCJXIC-CNEMSGBDSA-N,Bz-Camp,MTBLS11904,plasma,Negative,Reverse phase/C18
-0.17873585602122596,-0.0953285834273779,IK_ZONSVLURFASOJK-LLAGZRPASA-N,Dehydromonocrotaline,MTBLS11904,plasma,Negative,Reverse phase/C18
-0.027734859434247926,0.15390772746031897,IK_USFJGINJGUIFSY-XZULNKEGSA-N,"3a,7a,12a-Trihydroxy-5b-cholestan-26-al",MTBLS11904,plasma,Negative,Reverse phase/C18
-1.2930198038656986,-1.952342370764728,IK_SVYIZYRTOYHQRE-UHFFFAOYSA-N,Vanillactic acid,29518718,plasma,Positive,LC-MS/unspecified
0.006524238071126184,0.21045444753403963,IK_OCALSPDXYQHUHA-FNORWQNLSA-N,8-Methylnonenoate,MTBLS11904,plasma,Negative,Reverse phase/C18
0.08607776648079903,0.3422877370921905,IK_YNIJMKWVLKABRN-TWDSNVLRSA-N,"DG(18:2(9Z,12Z)/18:1(11Z)/0:0)",MTBLS11904,plasma,Positive,Reverse phase/C18
-0.4162035933975771,-0.48728349781256,IK_UMLOUOBDBGOHHR-UHFFFAOYSA-N,6-Hydroxypseudooxynicotine,MTBLS11904,plasma,Negative,Reverse phase/C18
11.3845617817512,-3.0464997046405213,IK_BROOMPUVDPTGEG-RHNBIRJRSA-N,MGDG 36:4,37755270,serum,Not reported,Reverse phase/C18
-0.11582041908294931,0.008395297033887493,IK_ZPVOLGVTNLDBFI-UHFFFAOYSA-N,"(+/-)-2,2,6-Trimethylcyclohexanone",MTBLS11904,plasma,Positive,Reverse phase/C18
-0.15208597806100627,-0.05157946679122055,IK_VEOYBEJCEMJLHN-OAQYLSRUSA-N,Hydroxytetradecadienyl-l-carnitine,MTBLS11904,plasma,Positive,Reverse phase/C18
-0.2394943927437879,-0.1956142358411469,IK_ZWRRJEICIPUPHZ-DAOPMYJZSA-N,Gomisin A,MTBLS11904,plasma,Negative,Reverse phase/C18
0.960226838202172,0.14766667134229894,IK_OYHQOLUKZRVURQ-HZJYTTRNSA-N,Linoleic acid,38720721,serum,Not reported,Reverse phase/C18
4.156347367987303,-1.957235210784928,IK_KTJAFMBXBPVGGI-LTEAFHAISA-N,PE 36:3;O|PE 18:2_18:1;O,37755270,serum,Not reported,Reverse phase/C18
0.12640331550213948,0.40832214091927654,IK_OSJPPGNTCRNQQC-UHFFFAOYSA-N,3-phosphoglycerate,MTBLS11904,plasma,Negative,Reverse phase/C18
-0.03208045209763293,0.1468816421698303,IK_RZHVUADUVVHWMD-SOFGYWHQSA-N,Dec-7-enedioylcarnitine,MTBLS11904,plasma,Positive,Reverse phase/C18
-0.2197954063268324,0.3614056993858289,IK_GHNXVMPBTBKJRP-CLFAGFIQSA-N,PE O-18:1_18:1,37755270,serum,Not reported,Reverse phase/C18
-0.07158594844737784,0.08152884310509664,IK_AXRIHSJZHOTGAE-ATZCPNFKSA-N,Senkyunolide N,MTBLS11904,plasma,Negative,Reverse phase/C18
-0.029150753804098054,0.1515707077150671,IK_HXZFYDGMORCWCA-KTKRTIGZSA-N,MG(0:0/24:1(15Z)/0:0),MTBLS11904,plasma,Negative,Reverse phase/C18
-0.033009760692545076,0.14520118243061206,IK_DWRXFEITVBNRMK-JAGXHNFQSA-N,Spongothymidine,MTBLS11904,plasma,Negative,Reverse phase/C18
-0.09690288123190616,0.03968048571456887,IK_QKDHBVNJCZBTMR-UHFFFAOYSA-N,Temafloxacin,MTBLS11904,plasma,Positive,Reverse phase/C18
-0.04111645144359173,0.13182059711597235,IK_BHPXBBXWEPCSOK-RMKNXTFCSA-N,"Glucosyl (E)-2,6-Dimethyl-2,5-heptadienoate",MTBLS11904,plasma,Negative,Reverse phase/C18
-0.1533469220131393,-0.053422606394868365,IK_QDAOSMKOZCCWLJ-MQLLGTBWSA-N,Phaseolotoxin,MTBLS11904,plasma,Negative,Reverse phase/C18
-0.06411779849439829,0.09385547776872238,IK_KRBJOAIDSTYRMG-UHFFFAOYSA-N,Deoxycholylasparagine,MTBLS11904,plasma,Negative,Reverse phase/C18
0.22689018947544884,0.5741818258093362,IK_WVGALBKSWOUIEZ-XNHMFJFDSA-N,"PE(P-16:0/22:6(4Z,7Z,10Z,13Z,16Z,19Z))",MTBLS11904,plasma,Negative,Reverse phase/C18
-0.41770277588492305,-0.48975799001720927,IK_HRYLQFBHBWLLLL-AHNJNIBGSA-N,Costunolide,MTBLS11904,plasma,Negative,Reverse phase/C18
0.03378369179238313,0.25580555233371693,IK_QQFVICUNTBNUKN-QQRIYSRRSA-N,SM(d16:1/18:1),MTBLS11904,plasma,Positive,Reverse phase/C18
-0.3538313784292643,-0.3852192358110727,IK_FICLVQOYKYBXFN-UHFFFAOYSA-N,(+/-)-6-Chlorotryptophan,MTBLS11904,plasma,Positive,Reverse phase/C18
-0.15327751562628159,-0.05330804717325704,IK_WPOCIZJTELRQMF-LFRCEIEQSA-N,16b-Hydroxyestrone,MTBLS11904,plasma,Negative,Reverse phase/C18
-0.2589103409356278,-0.2282420107423715,IK_UYPYRKYUKCHHIB-UHFFFAOYSA-N,Trimethylamine N-oxide,MTBLS11904,plasma,Positive,Reverse phase/C18
-0.11148688606018563,0.015561948456255404,IK_PFBSCCSBALRLEC-CDJQDVQCSA-N,"Deca-2,7-dienedioyl-CoA",MTBLS11904,plasma,Positive,Reverse phase/C18
-0.11933446975993596,0.0025838779451389416,IK_DIVQKHQLANKJQO-UHFFFAOYSA-N,3-Methoxytyramine,MTBLS11904,plasma,Positive,Reverse phase/C18
-0.5170655138683145,0.274714709257655,IK_POULHZVOKOAJMA-UHFFFAOYSA-N,lauric acid,33485385,plasma,Negative,LC-MS/unspecified
-0.48741476369369646,-0.6048218564586829,IK_SONNWYBIRXJNDC-VIFPVBQESA-N,phenylephrine,MTBLS11904,plasma,Negative,Reverse phase/C18
-0.5508523951801766,-0.7095295181548503,IK_ZDXPYRJPNDTMRX-VKHMYHEASA-N,Glutamine,MTBLS11904,plasma,Negative,Reverse phase/C18
-0.0551648483634624,0.10870544295740664,IK_OHZYISZWOVEBCJ-ATLCLBDSSA-N,Tuberoside,MTBLS11904,plasma,Positive,Reverse phase/C18
0.03131135571909274,0.25171688587790275,IK_IORKBJYFXXCDMP-GMGFYYQASA-N,"PC(18:2(9Z,12Z)/14:0)",MTBLS11904,plasma,Positive,Reverse phase/C18
0.007079490751699216,0.21137092572565547,IK_HYQNKKAJVPMBDR-HIFRSBDPSA-N,Hernandulcin,MTBLS11904,plasma,Negative,Reverse phase/C18
-0.07922151179403357,0.06892134077012746,IK_UVTLONZTPXCUPU-ZNMIVQPWSA-N,Ciramadol,MTBLS11904,plasma,Positive,Reverse phase/C18
-0.22919445329805782,-0.17861356089259,IK_KDSPLKNONIUZSZ-NGJCXOISSA-N,"(2R,4S,5R)-2,4,5,6-Tetrahydroxyhexanal",MTBLS11904,plasma,Negative,Reverse phase/C18
-0.13731399757157603,-0.026959292052051942,IK_OZLOIIJWJZXAQV-YUDAYSKTSA-N,"PE(20:4(5Z,8Z,11Z,13E)-OH(15S)/22:1(13Z))",MTBLS11904,plasma,Negative,Reverse phase/C18
-0.13824404602423668,-0.028494393224513838,IK_RJWJHRPNHPHBRN-FKVJWERZSA-N,Aucubin,MTBLS11904,plasma,Negative,Reverse phase/C18
0.12504294646912503,0.4060767697064474,IK_HGXBRUKMWQGOIE-NSMLZSOPSA-N,(-)-Pinoresinol,MTBLS11904,plasma,Negative,Reverse phase/C18
-0.5214517599313363,-0.661001985232566,IK_ITCNXQGVIXCKSL-XXXOFKRQSA-N,DG(10:0/LTE4/0:0),MTBLS11904,plasma,Negative,Reverse phase/C18
-0.5261714088855837,-0.6687920524678714,IK_LILYSWSASVONIC-UHFFFAOYSA-N,N-[4-[Acetyl(3-aminopropyl)amino]butyl]-N-(3-aminopropyl)acetamide,MTBLS11904,plasma,Negative,Reverse phase/C18
-0.06733207529696493,0.08858369127331021,IK_KUAZQDVKQLNFPE-UHFFFAOYSA-N,Thiram,MTBLS11904,plasma,Positive,Reverse phase/C18
0.03640881253259337,0.26014688835507754,IK_CLUWOWRTHNNBBU-UHFFFAOYSA-N,METHIONAL,MTBLS11904,plasma,Positive,Reverse phase/C18
-0.10220095855847508,0.026224767282146448,IK_OUYCCCASQSFEME-UHFFFAOYNA-N,Tyrosine,ST001814,plasma,Positive,GC-MS
0.2582897347074152,0.6260086816711521,IK_IEFQLTYCECVOLL-UHFFFAOYSA-N,Gamma-Glutamyl-Se-methylselenocysteine,MTBLS11904,plasma,Negative,Reverse phase/C18
-0.39429887088237486,-0.4511284234808764,IK_BCPQOBQIVJZOFL-UHFFFAOYSA-N,Recoflavone,MTBLS11904,plasma,Negative,Reverse phase/C18
-0.17396068173014095,-0.08744686765964799,IK_ZKRFOXLVOKTUTA-KQYNXXCUSA-N,6-Thioinosine-5'-monophosphate,MTBLS11904,plasma,Negative,Reverse phase/C18
1.032751701408489,-0.5654567004651263,NO_INCHIKEY__pc 18 2 20 4,PC 18:2_20:4,37755270,serum,Not reported,Reverse phase/C18
2.2236486781163425,0.7351429199604419,IK_HPEUJPJOZXNMSJ-UHFFFAOYSA-N,norepinephrine (noradrenaline),38516193,plasma,Positive,LC-MS/unspecified
-0.08831915294291527,0.053875967178930825,IK_PUQIRTNPJRFRCZ-UHFFFAOYSA-N,Metoprolol acid,MTBLS11904,plasma,Positive,Reverse phase/C18
-0.2779536232359437,-0.1759347423220189,IK_IVEOBKYBCRMTLK-ZPMDXPHCSA-N,FFA 20:3,ST003159,serum,Negative,Reverse phase/C18
0.48992731814489765,1.0083405728350108,IK_HVRNKDVLFAVCJF-VJANTYMQSA-N,5-Methyltetrahydropteroyltri-L-glutamic acid,MTBLS11904,plasma,Negative,Reverse phase/C18
0.7195864304032019,-1.0901300078593323,IK_IGTYILLPRJOVFY-UHFFFAOYSA-N,Paracetamol sulfate,38720721,serum,Not reported,Reverse phase/C18
0.2809024047840676,0.6633322662726754,IK_MGFYIUFZLHCRTH-UHFFFAOYSA-N,Nitrilotriacetic acid,MTBLS11904,plasma,Negative,Reverse phase/C18
-0.011523949931561838,0.18087729512053283,IK_PGFGQERXTDRVHO-SVHMSXJUSA-N,Milbemycin beta2,MTBLS11904,plasma,Positive,Reverse phase/C18
-0.0682683130374375,0.08700480196281689,IK_AUVVAXYIELKVAI-CKBKHPSWSA-N,Emetine,MTBLS11904,plasma,Negative,Reverse phase/C18
0.09646713369279411,0.3594693237171999,IK_KYICBZWZQPCUMO-PSALXKTOSA-N,SM(d18:1/14:0),MTBLS11904,plasma,Positive,Reverse phase/C18
0.07577814214236384,0.32476221961095897,IK_BVUMIHICABFWGS-UHFFFAOYSA-N,4-Hydroxyphenylacetic acid sulfate,MTBLS11904,plasma,Negative,Reverse phase/C18
3.631774284551912,0.179089866610903,IK_CKLJMWTZIZZHCS-REOHCLBHSA-N,L-Aspartic Acid,38516193,plasma,Positive,LC-MS/unspecified
0.12459874431017993,0.4053435875039885,IK_MFYFKAXYRXODPL-UHFFFAOYSA-N,"3,4-Dihydroxyphenylglycol O-sulfate",MTBLS11904,plasma,Negative,Reverse phase/C18
-0.17897610470069772,-0.09604945504979129,IK_IAOZJIPTCAWIRG-QWRGUYRKSA-N,Aspartame,MTBLS11904,plasma,Positive,Reverse phase/C18
-0.07121115305181515,0.08214746568872883,IK_LGZSMXJRMTYABD-MDZDMXLPSA-N,[8]-Shogaol,MTBLS11904,plasma,Negative,Reverse phase/C18
-0.10937567802782049,0.019053393426472737,IK_JDOLBVXUTAGQDQ-LZOINSICSA-N,9-Hydroxylinoleic acid,MTBLS11904,plasma,Positive,Reverse phase/C18
-0.30301531181919106,-0.30045936852380634,IK_KSGZCKSNTAJOJS-DZBMUNJRSA-N,Cortistatin A,MTBLS11904,plasma,Negative,Reverse phase/C18
1.2428888656517252,-0.6317268325305644,IK_BIEOSECQPGGZMF-WMPRHZDHSA-N,LPC 22:5,37755270,serum,Not reported,Reverse phase/C18
-0.09727789868531683,0.03906029437679886,IK_WSOXREPRCVQMSJ-UHFFFAOYSA-N,Glycylalanylprolylmethionylphenylalanylvalinamide,MTBLS11904,plasma,Positive,Reverse phase/C18
-0.13192804541512768,-0.018069450635973042,IK_BHWXBRBFQBOUAF-UHFFFAOYSA-N,Deoxycholylproline,MTBLS11904,plasma,Negative,Reverse phase/C18
-0.08808303089598418,0.054266457727636025,IK_MDSUKZSLOATHMH-UHFFFAOYSA-N,Leucyl-Valine,MTBLS11904,plasma,Positive,Reverse phase/C18
-0.11004237517810618,0.017950832131306712,IK_REKYPYSUBKSCAT-UHFFFAOYSA-N,3-Hydroxyvaleric acid,MTBLS11904,plasma,Positive,Reverse phase/C18
-0.15190541404054375,-0.05128085604842366,IK_LSUXCWJOIAWGOU-FTJOPAKQSA-N,"LysoPC(0:0/18:2(9Z,12Z))",MTBLS11904,plasma,Positive,Reverse phase/C18
2.0739481007569736,-0.9028565439160485,IK_JPIJQSOTBSSVTP-GBXIJSLDSA-N,isothreonic acid,38720721,serum,Not reported,Reverse phase/C18
-0.5619158071476679,-0.7277903515084555,IK_SKLQABVRGGRTIT-UHFFFAOYSA-N,Gamma-Glutaminyl-4-hydroxybenzene,MTBLS11904,plasma,Negative,Reverse phase/C18
-0.14506460627108675,-0.052908373131030216,IK_AFENDNXGAFYKQO-UHFFFAOYSA-N,2-hydroxybutyric acid,ST001814,plasma,Positive,GC-MS
-0.15001540540113292,-0.04792373577226941,IK_YAICYXFUKKMAKO-DBQWNMKUSA-N,6-allyl-8b-Carboxy-ergoline,MTBLS11904,plasma,Negative,Reverse phase/C18
-1.0727630933762213,-1.574164363903952,IK_BJMQRSXLHPCXDU-OOKGOBCESA-N,"PA(18:3(10,12,15)-OH(9)/a-17:0)",MTBLS11904,plasma,Positive,Reverse phase/C18
1.1991290176525018,2.1830145204955986,IK_ZOTBXTZVPHCKPN-HTXNQAPBSA-N,Kresoxim-Methyl,MTBLS11904,plasma,Positive,Reverse phase/C18
-0.1533777041241197,-0.053715679825035,IK_TYEYBOSBBBHJIV-UHFFFAOYSA-N,2-Ketobutyric acid,MTBLS11904,plasma,Positive,Reverse phase/C18
0.18981865415831256,0.5138509330982668,IK_ZAVFAQIEEDHGRI-JVYSIHAYSA-N,"PE(20:5(5Z,8Z,11Z,14Z,17Z)/18:0)",MTBLS11904,plasma,Positive,Reverse phase/C18
-0.0767491757207436,0.07301000722594171,IK_VLJNHYLEOZPXFW-BYPYZUCNSA-N,L-prolinamide,MTBLS11904,plasma,Positive,Reverse phase/C18
0.038131114075587336,0.26299517253256666,IK_VLPFTAMPNXLGLX-UHFFFAOYSA-N,TG(8:0/8:0/8:0),MTBLS11904,plasma,Positive,Reverse phase/C18
-0.4701675767545518,0.35643452435634854,IK_ZQPPMHVWECSIRJ-KTKRTIGZSA-N,Oleic acid,33485385,plasma,Negative,LC-MS/unspecified
-0.059078879329378414,0.10217252013092847,IK_MHMUCYJKZUZMNJ-OWOJBTEDSA-N,Trans-3-Chloroacrylic acid,MTBLS11904,plasma,Negative,Reverse phase/C18
-0.09743068350428254,0.03880762373556159,IK_AKUJBENLRBOFTD-RPRRAYFGSA-N,Dexamethasone acetate,MTBLS11904,plasma,Positive,Reverse phase/C18
1.4334274575078383,-0.263275429767605,IK_QIVBCDIJIAJPQS-VIFPVBQESA-N,Tryptophan,38720721,serum,Not reported,Reverse phase/C18
-0.45448651068515494,0.027788093011033473,IK_MAZWDMBCPDUFDJ-VQHVLOKHSA-N,trans-traumatic acid,38720721,serum,Not reported,Reverse phase/C18
0.23031555585999036,-0.28839535854719633,IK_SRRQPVVYXBTRQK-UHFFFAOYSA-N,LPC 17:0,38720721,serum,Not reported,Reverse phase/C18
-0.3296308137393264,0.2896613017301422,IK_KZNQNBZMBZJQJO-RXMQYKEDSA-N,Glycylproline [+C2H4],28880465,serum,Positive,LC-MS/unspecified
-0.19642135246816478,-0.12489981995385983,IK_KJHYUSLWTPMFTN-AQWUKCDYSA-N,MG(18:1(11Z)/0:0/0:0),MTBLS11904,plasma,Positive,Reverse phase/C18
-0.10895446114497914,0.01984984478430426,IK_FAYYTQMQTAKHRM-UHFFFAOYSA-N,TetraHCA,MTBLS11904,plasma,Negative,Reverse phase/C18
-0.17368305565413963,-0.08698862930029205,IK_YCCILVSKPBXVIP-UHFFFAOYSA-N,Tyrosol,MTBLS11904,plasma,Negative,Reverse phase/C18
-0.9679860549553315,-1.3980339440233203,IK_RTWVXIIKUFSDJB-SSDOTTSWSA-N,Scytalone,MTBLS11904,plasma,Negative,Reverse phase/C18
-0.12166975032864714,-0.0011375117764845925,IK_NDAUXUAQIAJITI-UHFFFAOYSA-N,Salbutamol,MTBLS11904,plasma,Negative,Reverse phase/C18
1.5421552415673165,-0.964609487868482,IK_OBMDBUWMBOPDST-JJDRJQAMSA-N,hydroxyproline dipeptide,38720721,serum,Not reported,Reverse phase/C18
0.02970285796711021,0.20404438457939658,IK_RCNSAJSGRJSBKK-NSQVQWHSSA-N,Biliverdin,ST003159,serum,Negative,Reverse phase/C18
-2.477095812444409,-3.8966026595313736,IK_PZSJOBKRSVRODF-UHFFFAOYSA-N,Vanillin Acetate,MTBLS11904,plasma,Positive,Reverse phase/C18
3.290058042937357,-0.24073403986404604,IK_VVYXIRKYWOEDRA-UHFFFAOYSA-N,Methyl morpholine-3-carboxylate,38720721,serum,Not reported,Reverse phase/C18
-0.0812493829749583,0.06556771531016285,IK_YYIUHLPAZILPSG-SMILAEQMSA-N,(-)-Slaframine,MTBLS11904,plasma,Positive,Reverse phase/C18
-0.1381052327219512,-0.02826527330838404,IK_QFXOXDSHNXAFEY-SREVYHEPSA-N,(Z)-4-Hydroxy-6-dodecenoic acid lactone,MTBLS11904,plasma,Negative,Reverse phase/C18
0.26381284593962945,0.8717699296246909,IK_HMVMFGNKDHVMJV-UHFFFAOYSA-N,"2-Naphthalenepropanol, 6-hydroxy-a-methyl-",24167579,serum,Positive,Reverse phase/C18
-0.07718012014092572,0.0722953236269656,IK_XAUDJQYHKZQPEU-KVQBGUIXSA-N,"1,3,5-Triazin-2(1H)-one, 4-amino-1-(2-deoxy-beta-D-erythro-pentofuranosyl)-",MTBLS11904,plasma,Negative,Reverse phase/C18
-0.12562037220144956,-0.12385208002913868,IK_IIRQXNVLAXQEKB-KBEZCZBDSA-N,TG 51:4,37755270,serum,Not reported,Reverse phase/C18
-0.43232347211146954,0.0295603843711442,NO_INCHIKEY__pc 38 5 isomer a,PC 38:5 Isomer A,37755270,serum,Not reported,Reverse phase/C18
-0.29661602362115785,-0.28989695494877327,IK_KXGVEGMKQFWNSR-LLQZFEROSA-N,deoxycholic acid,MTBLS11904,plasma,Negative,Reverse phase/C18
-0.5872693971482164,-0.17181106102887073,IK_AYFVYJQAPQTCCC-GBXIJSLDSA-N,L-Threonine,28880465,serum,Positive,LC-MS/unspecified
-0.07987333316203513,0.06744543903899683,IK_FBUKVWPVBMHYJY-UHFFFAOYSA-N,Nonanoic acid,ST001814,plasma,Positive,GC-MS
-0.12120955627394016,-5.170779492789121e-4,IK_NSHPHXHGRHSMIK-JRIKCGFMSA-N,Latrunculin B,MTBLS11904,plasma,Positive,Reverse phase/C18
-0.08699964752625951,0.05605812138999627,IK_UPABQMWFWCMOFV-UHFFFAOYSA-N,N-Benzyl-2-phenylethylamine,MTBLS11904,plasma,Positive,Reverse phase/C18
2.967166595204703,-1.347265296951876,IK_VMUXSMXIQBNMGZ-UHFFFAOYSA-N,Dihydrocoumarin,38720721,serum,Not reported,Reverse phase/C18
1.3528169686442757,1.0490555104354047,IK_HHJTWTPUPVQKNA-JIAPQYILSA-N,nadh,38516193,plasma,Positive,LC-MS/unspecified
-0.13947948348560138,-0.030533557758996292,IK_VQDBNKDJNJQRDG-UHFFFAOYSA-N,Pirbuterol,MTBLS11904,plasma,Negative,Reverse phase/C18
-0.0795965288709196,0.0683011498295727,IK_UDSFAEKRVUSQDD-UHFFFAOYSA-N,Dimethyl adipate,MTBLS11904,plasma,Positive,Reverse phase/C18
-0.8118323120806911,-1.1402927126000424,IK_BFZKMNSQCNVFGM-UCEYFQQTSA-N,Sagopilone,MTBLS11904,plasma,Negative,Reverse phase/C18
-0.27167129192406214,-0.24872416119441515,IK_MDWXOTLIYUYWJP-UHFFFAOYSA-N,3-hydroxy-3-(3-hydroxyphenyl)propanoic acid-O-sulphate,MTBLS11904,plasma,Negative,Reverse phase/C18
-0.3690866624423516,0.3124578069467037,NO_INCHIKEY__cer 40 0 2o cer 18 0 2o 22 0,Cer 40:0;2O|Cer 18:0;2O/22:0,37755270,serum,Not reported,Reverse phase/C18
-0.10658388267963302,0.023670370338457602,IK_PWKSKIMOESPYIA-BYPYZUCNSA-N,Acetylcysteine,MTBLS11904,plasma,Positive,Reverse phase/C18
-0.04684502094637382,0.12246449416871823,IK_ZDHRSPRSUBAAIO-FNORWQNLSA-N,"2-Nonene-1,4-diol",MTBLS11904,plasma,Positive,Reverse phase/C18
-0.10857966574941659,0.02046846736793659,IK_NCVXEYAKRVJMTQ-UHFFFAOYSA-N,"1-(3,4-Diethoxybenzyl)-6,7-diethoxy-3,4-dihydroisoquinoline",MTBLS11904,plasma,Negative,Reverse phase/C18
0.02143277557295237,0.23506189333153102,IK_QSHBSBLCKIPCKO-UHFFFAOYSA-N,Aflatoxin GM1,MTBLS11904,plasma,Negative,Reverse phase/C18
-0.1627114669434081,-0.06915154356772214,IK_XKXOQMAKWNRIFD-MHDFSROXSA-N,"16,17-Dihydro-16alpha,17-dihydroxygibberellin A4 17-glucoside",MTBLS11904,plasma,Positive,Reverse phase/C18
-0.1641559782020121,-0.07154042763998694,IK_HTZINLFNXLXRBC-CQLBIITFSA-N,PC(P-16:0/0:0),MTBLS11904,plasma,Positive,Reverse phase/C18
-0.19941902212508517,-0.1294674039137694,IK_SMNDYUVBFMFKNZ-UHFFFAOYSA-N,2-Furoic Acid,MTBLS11904,plasma,Negative,Reverse phase/C18
-0.28820394348488154,-0.2760123058749006,IK_FMXVFWDIAZJILA-UHFFFAOYSA-N,2-Carboxy-4-dodecanolide,MTBLS11904,plasma,Negative,Reverse phase/C18
-0.08081880749507846,0.0662797864538394,IK_KOGRJTUIKPMZEJ-KTKRTIGZSA-N,Oleoyltaurine,MTBLS11904,plasma,Positive,Reverse phase/C18
-0.1748768491327798,-0.08895905814292099,IK_AEMOLEFTQBMNLQ-AQKNRBDQSA-N,D-Glucuronic Acid,MTBLS11904,plasma,Negative,Reverse phase/C18
-0.5254226127882157,-0.668991056808791,IK_ODHCTXKNWHHXJC-GSVOUGTGSA-N,(R)-(+)-2-Pyrrolidone-5-carboxylic acid,MTBLS11904,plasma,Positive,Reverse phase/C18
-0.10169453125766773,0.031832799912972484,IK_YRKLGWOHYXIKSF-LBPRGKRZSA-N,Indole-3-Acetyl-L-Glutamic Acid,MTBLS11904,plasma,Negative,Reverse phase/C18
-0.08906918732116681,0.05263558597629739,IK_ASWVTGNCAZCNNR-UHFFFAOYSA-N,Sulfadimidine,MTBLS11904,plasma,Positive,Reverse phase/C18
0.22089765924896973,0.4343393941186623,IK_CXMXRPHRNRROMY-UHFFFAOYSA-N,Sebacic acid,24167579,serum,Positive,Reverse phase/C18
-0.07994376697078864,0.0677268996690553,IK_UYNVMODNBIQBMV-UHFFFAOYSA-N,Ifenprodil,MTBLS11904,plasma,Positive,Reverse phase/C18
-0.06919327224643777,0.08550570630675544,IK_MYEJFUXQJGHEQK-ALRJYLEOSA-N,Proscillaridin,MTBLS11904,plasma,Positive,Reverse phase/C18
-0.06331800154909874,0.09522203223950558,IK_UTSVPXMQSFGQTM-DCXZOGHSSA-N,Sterigmatocystin,MTBLS11904,plasma,Positive,Reverse phase/C18
-0.10129197228113873,0.03242195448629404,IK_VEESGYSTEQKVJL-KVKKDTSVSA-N,Corchoroside B,MTBLS11904,plasma,Positive,Reverse phase/C18
-0.20144936199475508,-0.1332149738486443,IK_XWHHYOYVRVGJJY-QMMMGPOBSA-N,4-Fluoro-L-phenylalanine,MTBLS11904,plasma,Positive,Reverse phase/C18
1.3330917432801224,-0.21098424502746832,NO_INCHIKEY__cer 41 2 2o cer 18 2 2o 23 0,Cer 41:2;2O|Cer 18:2;2O/23:0,37755270,serum,Not reported,Reverse phase/C18
-0.0967500964129405,0.03993315635580566,IK_UGRNVLGKAGREKS-UHFFFAOYSA-N,"3-(6-Aminopurin-9-yl)-5-(hydroxymethyl)cyclopentane-1,2-diol",MTBLS11904,plasma,Positive,Reverse phase/C18
-0.10212485199006634,0.031122528796916776,IK_NUJGJRNETVAIRJ-UHFFFAOYSA-N,Octanal,MTBLS11904,plasma,Negative,Reverse phase/C18
-0.28403954773977524,-0.2691387183041158,IK_MDCGEAGEQVMWPE-AATRIKPKSA-N,3-Oxo-alpha-ionol,MTBLS11904,plasma,Negative,Reverse phase/C18
-0.08297168451795187,0.06271943113267399,IK_JQVDAXLFBXTEQA-UHFFFAOYSA-N,Dibutylamine,MTBLS11904,plasma,Positive,Reverse phase/C18
-0.04884511277375723,0.11915680988600535,IK_LOJUQFSPYHMHEO-SGHXUWJISA-N,Ubiquinol-8,MTBLS11904,plasma,Positive,Reverse phase/C18
2.8182628753667243,1.529258271780779,IK_ZDXPYRJPNDTMRX-VKHMYHEASA-N,Glutamine,38516193,plasma,Positive,LC-MS/unspecified
-0.049972733738813,0.11720276583964098,IK_ZIKZPLSIAVHITA-WNGDLQANSA-N,Nomilinic acid,MTBLS11904,plasma,Negative,Reverse phase/C18
-0.08121958431438214,0.06562794273452582,IK_HLAWVOWADPNAGN-BAHZUFOISA-N,"Delta8,14-Sterol",MTBLS11904,plasma,Negative,Reverse phase/C18
0.16138424154655046,0.46606028370619157,IK_QUOGESRFPZDMMT-YFKPBYRVSA-N,Homoarginine,MTBLS11904,plasma,Negative,Reverse phase/C18
-0.2647995010454532,-0.23798130652729396,IK_SWTKBYSXMULFHZ-SMILAEQMSA-N,Delta-Hydroxylysylnorleucine,MTBLS11904,plasma,Positive,Reverse phase/C18
-0.15598893560388952,-0.058034047069912595,IK_DMBHHRLKUKUOEG-UHFFFAOYSA-N,Diphenylamine,MTBLS11904,plasma,Positive,Reverse phase/C18
-0.17383697964973874,-0.08755054301609662,IK_NPDTUDWGJMBVEP-UHFFFAOYSA-N,"N1,N12-Diacetylspermine",MTBLS11904,plasma,Positive,Reverse phase/C18
-0.1434773035242886,-0.037132201883892046,IK_NAIPAPCKKRCMBL-JYJNAYRXSA-N,Pro-Pro-Phe,MTBLS11904,plasma,Negative,Reverse phase/C18
-0.08087436552154743,0.06618790664793274,IK_YLJOVCWVJCDPLN-UHFFFAOYSA-N,Apomine,MTBLS11904,plasma,Positive,Reverse phase/C18
-0.11491759988573186,0.009888348877759027,IK_ORTIQSICVORWBJ-UHFFFAOYSA-N,N-[4-Chloro-3-(3-methylbut-2-enoxy)phenyl]-2-methylthiophene-3-carbothioamide,MTBLS11904,plasma,Positive,Reverse phase/C18
-0.3775795531516078,-0.012005492726534924,IK_DLQYHMAWCJLUJE-DLZQOPQVSA-N,Maltose B,38720721,serum,Not reported,Reverse phase/C18
-0.05313697718253756,0.1120590684173715,IK_YYMCYJLIYNNOMK-UHFFFAOYSA-N,Nor-psi-tropine,MTBLS11904,plasma,Positive,Reverse phase/C18
-0.2912439528188203,-0.2810300263732662,IK_XUWHAWMETYGRKB-UHFFFAOYSA-N,2-Piperidinone,MTBLS11904,plasma,Negative,Reverse phase/C18
-0.18216454180074848,-0.10098783719856382,IK_LAXQYRRMGGEGOH-JXRLJXCWSA-N,"LysoPC(20:4(5Z,8Z,11Z,14Z)/0:0)",MTBLS11904,plasma,Negative,Reverse phase/C18
-3.1316396065840744,-4.969275462394787,IK_NHKZSTHOYNWEEZ-AFCXAGJDSA-N,Taribavirin,MTBLS11904,plasma,Negative,Reverse phase/C18
-0.6138850196621911,-0.8152872145570437,IK_ORVQWHLMVLOZPX-ZZXKWVIFSA-N,Bisnoryangonin,MTBLS11904,plasma,Positive,Reverse phase/C18
0.15512376612223294,0.4557269885743838,IK_GJUABKCEXOMRPQ-UHFFFAOYSA-N,C.I. Solvent Red 80,MTBLS11904,plasma,Negative,Reverse phase/C18
-0.04271983076904525,0.1292865951439416,IK_SCIFESDRCALIIM-VIFPVBQESA-N,N-Methylphenylalanine,MTBLS11904,plasma,Positive,Reverse phase/C18
-0.17657036995515676,-0.091754316644742,IK_XZBJVIQXJHGUBE-HZMVJJPJSA-N,Fluocortolone Pivalate,MTBLS11904,plasma,Negative,Reverse phase/C18
0.006574105725748846,0.21080725254328456,IK_ASWBNKHCZGQVJV-HSZRJFAPSA-N,LysoPC(16:0),MTBLS11904,plasma,Positive,Reverse phase/C18
-0.6371382094670993,0.6445355758459269,IK_BYUOBSUZYQAFJM-UHFFFAOYSA-N,"6,8-Dihydroxypurine",28880465,serum,Positive,LC-MS/unspecified
-0.25419471017994555,-0.21987800210368294,IK_UUILWXIBBZVJDU-UHFFFAOYSA-N,"2-Propyl-2,4-pentadienoic acid",MTBLS11904,plasma,Negative,Reverse phase/C18
-0.15127860526663114,-0.05000872383651127,IK_RSIHSRDYCUFFLA-DYKIIFRCSA-N,Boldenone,MTBLS11904,plasma,Negative,Reverse phase/C18
-0.22088081232916282,-0.1653500542589441,IK_SRRQPVVYXBTRQK-XMMPIXPASA-N,PC(17:0/0:0),MTBLS11904,plasma,Positive,Reverse phase/C18
-1.0404604254934746,-1.517657291130897,IK_IITQLVPAMWYCDQ-UHFFFAOYSA-N,"6-[3-(2-carboxyethyl)-5-hydroxyphenoxy]-3,4,5-trihydroxyoxane-2-carboxylic acid",MTBLS11904,plasma,Negative,Reverse phase/C18
-0.09311587556701752,0.0459923913570434,IK_RUDATBOHQWOJDD-BSWAIDMHSA-N,Chenodeoxycholic Acid,MTBLS11904,plasma,Negative,Reverse phase/C18
-0.031163545213771054,0.1482484736891324,IK_UZUFPBIDKMEQEQ-UHFFFAOYSA-N,Perfluorononanoic Acid,MTBLS11904,plasma,Negative,Reverse phase/C18
-0.10334813605300737,0.02410690760841255,IK_WDJHALXBUFZDSR-UHFFFAOYSA-M,Acetoacetate,ST001814,plasma,Positive,GC-MS
0.14728891814558961,0.4435166836233703,IK_TXTNKDRGVWKECN-UHFFFAOYSA-N,"1,1'-(Tetrahydro-6a-hydroxy-2,3a,5-trimethylfuro[2,3-d]-1,3-dioxole-2,5-diyl)bis-ethanone",MTBLS11904,plasma,Positive,Reverse phase/C18
0.5612577853991906,0.22214999445058012,IK_RGHNJXZEOKUKBD-SQOUGZDYSA-N,gluconic acid,37755270,serum,Not reported,Reverse phase/C18
-0.27687678664345594,-0.25731614592681934,IK_KPQMCAKZRXOZLB-KOIHBYQTSA-N,Vomifoliol,MTBLS11904,plasma,Negative,Reverse phase/C18
-0.10918122459487162,0.019374974021443565,IK_RTJBLRZRSVEQRH-UHFFFAOYSA-N,Pent-1-en-2-ol,MTBLS11904,plasma,Positive,Reverse phase/C18
-0.7918737505883173,-1.1073498955381613,IK_SQOJOAFXDQDRGF-ZMVGXLHTSA-N,Ginkgolide B,MTBLS11904,plasma,Negative,Reverse phase/C18
0.2680299354500153,0.49839643089569297,IK_JOUIQRNQJGXQDC-ZYUZMQFOSA-N,Nicotinic acid mononucleotide,ST003159,serum,Negative,Reverse phase/C18
-0.15311380287569193,-0.0532792491747699,IK_XECPAIJNBXCOBO-MMPJQOAZSA-N,"D-Glucaro-1,4-lactone",MTBLS11904,plasma,Positive,Reverse phase/C18
-0.11044517145648909,0.017284701089190318,IK_VUNOFAIHSALQQH-UHFFFAOYSA-N,Ethyl menthane carboxamide,MTBLS11904,plasma,Positive,Reverse phase/C18
-0.4213258005280462,-0.49573801155847286,IK_LPIOYESQKJFWPQ-UHFFFAOYSA-N,2-Hydroxydecanedioic acid,MTBLS11904,plasma,Negative,Reverse phase/C18
-0.7938933082307275,-1.1129788776014036,IK_BRMWTNUJHUMWMS-LURJTMIESA-N,1-Methylhistidine,MTBLS11904,plasma,Positive,Reverse phase/C18
-0.09383770433053436,0.04480096932232404,IK_YNLRDTBLEOQPQL-UHFFFAOYSA-N,MJDBISSN00000001,MTBLS11904,plasma,Negative | Positive,Reverse phase/C18
0.03598146557155674,-2.5491050531327284,IK_LYCVKHSJGDMDLM-LURJTMIESA-N,Histidinyl-Glycine,28880465,serum,Positive,LC-MS/unspecified
-0.21604725623552037,-0.15735648095913032,IK_DZRWKHUQGYJQQB-TXINJWPOSA-N,N-Docosahexaenoyl Tyrosine,MTBLS11904,plasma,Positive,Reverse phase/C18
-0.005676458587764528,0.19054767987602958,IK_ZLCUIOWQYBYEBG-UHFFFAOYSA-N,1-Amino-2-methylanthraquinone,MTBLS11904,plasma,Positive,Reverse phase/C18
-0.15530418823802103,-0.05665319296407061,IK_GYPQKMKDLBCBMB-XTVBGRGASA-N,"PC(17:2(9Z,12Z)/0:0)",MTBLS11904,plasma,Negative,Reverse phase/C18
-0.5697587528727333,-0.7407356091529286,IK_YTMBNLHIDIKJIU-HCXYKTFWSA-N,Dynorphin B (6-9),MTBLS11904,plasma,Negative,Reverse phase/C18
0.09137780997502266,10.773277387172012,IK_XMHIUKTWLZUKEX-UHFFFAOYSA-N,C26:0 ceramide,24058461,plasma,Not reported,LC-MS/unspecified
4.356169964685627,-1.976281264546008,IK_YMAWOPBAYDPSLA-UHFFFAOYSA-N,glycyl-glycine,38720721,serum,Not reported,Reverse phase/C18
-0.08811080972095595,0.05422051802329027,IK_GSLDEZOOOSBFGP-UHFFFAOYSA-N,Alpha-Methylene-Gamma-Butyrolactone,MTBLS11904,plasma,Positive,Reverse phase/C18
0.25143323598143724,0.09568373338539791,IK_REKYPYSUBKSCAT-UHFFFAOYSA-N,3-Hydroxyvaleric acid,38720721,serum,Not reported,Reverse phase/C18
-0.16865618545622713,-0.07898271955576477,IK_RXACEEPNTRHYBQ-UHFFFAOYSA-N,Mertiatide,MTBLS11904,plasma,Positive,Reverse phase/C18
0.26416014983886865,-0.31373462682326764,IK_QWXGXDFYLSOKRF-UHFFFAOYSA-N,PC O-30:0 or PC 30:0e,37755270,serum,Not reported,Reverse phase/C18
-0.1074552786576346,0.02232433698895211,IK_WDEABJKSGGRCQA-UHFFFAOYSA-N,Docebenone,MTBLS11904,plasma,Negative,Reverse phase/C18
-0.04061672394781003,0.13264542785085565,IK_UTQBHMSOMGCBHH-QYPJFMAQSA-N,"PE-NMe(18:0/22:5(4Z,7Z,10Z,13Z,16Z))",MTBLS11904,plasma,Negative,Reverse phase/C18
0.18561980321020327,0.19142693210699527,IK_JCELSEVNSMXGKA-IOLBBIBUSA-N,SM d36:0,37755270,serum,Not reported,Reverse phase/C18
3.0597521832720167,-1.0194632315892687,IK_XALSUNLRNHITKL-FVGYRXGTSA-N,L-beta-homotryptophan-HCl,38516193,plasma,Positive,LC-MS/unspecified
-0.15594726698990707,-0.05796513711617912,IK_GOMVPVRDBLLHQC-VEJNOCSESA-N,LPC 20:4,MTBLS11904,plasma,Positive,Reverse phase/C18
0.6720164503705824,1.7662386987567922,IK_LAGYWHSFHIMTPE-UHFFFAOYSA-N,Desmethylastemizole,24167579,serum,Positive,Reverse phase/C18
-0.065970901642851,0.09083475504089356,IK_HPMRFMKYPGXPEP-UHFFFAOYSA-N,Idazoxan,MTBLS11904,plasma,Positive,Reverse phase/C18
-0.049954396225887,0.10566162426396256,IK_JNDFGLPQDFBGLR-KMCBPMHZSA-N,FFAD 22:1,ST003159,serum,Positive,HILIC
0.019670399337998138,0.2196431695566489,IK_WHEUWNKSCXYKBU-QPWUGHHJSA-N,2-methoxyestrone (2-ME1),37589832,plasma,Not reported,LC-MS/unspecified
2.4193595177770644,-0.4619505392070632,IK_HGLVTNLCPFWLTF-UHFFFAOYSA-N,Cer 16:0;2O_23:0,37755270,serum,Not reported,Reverse phase/C18
-0.035091958489075925,0.1417643891830647,IK_NMGVHLDIHNFGQB-ZGLWHBDZSA-N,Rhamnetin 3-rhamninoside,MTBLS11904,plasma,Negative,Reverse phase/C18
0.05169405251106902,0.28500996780745075,IK_SGJNQVTUYXCBKH-HNQUOIGGSA-N,Hispidin,MTBLS11904,plasma,Negative,Reverse phase/C18
1.1328359155106795,1.5664975148786762,IK_ZMJBYMUCKBYSCP-CVYQJGLWSA-N,Garcinia acid,ST003159,serum,Negative,Reverse phase/C18
-0.659668061172269,-0.8891363796593866,IK_LVJJEIJOKPHQOU-UHFFFAOYSA-N,"3-Hydroxy-2-methylpyridine-4,5-dicarboxylate",MTBLS11904,plasma,Negative,Reverse phase/C18
-0.5590748780857452,-0.5231408488717163,IK_ZKQQJUBGJLUJNT-UHFFFAOYSA-N,1-Phenyl-24-pentadiyn-1-one,ST003159,serum,Negative,Reverse phase/C18
-0.1464607189751291,-0.04227660233503964,IK_MVPPADPHJFYWMZ-UHFFFAOYSA-N,Chlorobenzene,MTBLS11904,plasma,Positive,Reverse phase/C18
-0.08286056808848918,0.06290319114170247,IK_ZGKDAEWLTNBSEJ-GHMZBOCLSA-N,"Cyclopropyl-[(3S,4S)-3-(dimethylamino)-4-(hydroxymethyl)piperidin-1-yl]methanone",MTBLS11904,plasma,Positive,Reverse phase/C18
-0.08345781764777561,0.06191548058030569,IK_VUWCGGOBVYCOMA-UHFFFAOYSA-N,"3,9-Dimethyl-6-(1-methylethyl)-1,4-dioxaspiro[4.5]decan-2-one",MTBLS11904,plasma,Positive,Reverse phase/C18
-0.10509770318357033,0.026128163967243784,IK_ONJQDTZCDSESIW-UHFFFAOYSA-N,Polidocanol,MTBLS11904,plasma,Positive,Reverse phase/C18
-0.02540279743727937,0.15775693701036742,IK_GUJNNQFVFGFZPK-UHFFFAOYSA-N,Hydroxymatairesinol glucuronide 1,MTBLS11904,plasma,Negative,Reverse phase/C18
-0.06640147674620621,0.09012268429443261,IK_NDBRCNIXDRLLSE-GSUBHOBPSA-N,GPCho(22:6/18:1),MTBLS11904,plasma,Positive,Reverse phase/C18
-0.07341568868769392,0.07852281596910715,IK_HDHQZCHIXUUSMK-UHFFFAOYSA-N,"2,4-Quinolinediol",MTBLS11904,plasma,Positive,Reverse phase/C18
-0.003970039861680926,0.19313300521261909,IK_CJSQSNMTJVQLJE-NQPCQEITSA-N,"DG(20:3(8Z,11Z,14Z)-2OH(5,6)/0:0/i-13:0)",MTBLS11904,plasma,Negative,Reverse phase/C18
-0.11944873907778539,0.0025284024628839134,IK_ODBLHEXUDAPZAU-UHFFFAOYSA-N,isocitric acid,MTBLS11904,plasma,Negative,Reverse phase/C18
-0.35481753485444545,-0.38685010756241023,IK_JWFBUBZOMPFGDL-YBRFZANVSA-N,"PS(18:1(11Z)/22:5(7Z,10Z,13Z,16Z,19Z))",MTBLS11904,plasma,Positive,Reverse phase/C18
-0.23370588203459353,-0.1860599475172487,IK_WWZKQHOCKIZLMA-UHFFFAOYSA-N,Caprylic acid,MTBLS11904,plasma,Negative,Reverse phase/C18
-0.11283417067833816,0.013333854143630532,IK_RWCOTTLHDJWHRS-YUMQZZPRSA-N,Pro-Pro,MTBLS11904,plasma,Positive,Reverse phase/C18
-0.050761867901743946,0.1159869440378534,IK_QFRLEUJNZXTNTR-YYOLRRQBSA-N,Gluten exorphin C,MTBLS11904,plasma,Positive,Reverse phase/C18
-1.584497110117151,-2.415622862448555,IK_YQEZLKZALYSWHR-UHFFFAOYSA-N,Ketamine,MTBLS11904,plasma,Negative,Reverse phase/C18
-0.973607989053014,-1.40731328703121,IK_DFNZYFAJQPLJFI-UHFFFAOYSA-N,Gentianine,MTBLS11904,plasma,Negative,Reverse phase/C18
0.11559301423722632,0.39109906176933446,IK_KILNVBDSWZSGLL-UHFFFAOYSA-N,"1,2-Dipalmitoylphosphatidylcholine",MTBLS11904,plasma,Positive,Reverse phase/C18
-0.061050026908371156,0.09891902072115588,IK_JALVTHFTYRPDMB-HRRTYWNUSA-N,Demissidine,MTBLS11904,plasma,Negative,Reverse phase/C18
-0.12515418227876218,-0.007040567106013359,IK_LIFAQMGORKPVDH-UHFFFAOYSA-N,7-Ethoxycoumarin,MTBLS11904,plasma,Positive,Reverse phase/C18
-0.18392746953855316,-0.10389765639490153,IK_LCTONWCANYUPML-UHFFFAOYSA-N,Pyruvic Acid,MTBLS11904,plasma,Negative,Reverse phase/C18
-0.13013735527319015,-0.01511380790987454,IK_PADNECYMNLPKRN-UHFFFAOYSA-N,Theasapogenol E,MTBLS11904,plasma,Negative,Reverse phase/C18
0.13773047234356595,0.4270183008673579,IK_LJIFHMULTXIFNU-KAMIUYGRSA-N,"PE(18:1(11Z)/20:4(5Z,8Z,11Z,14Z))",MTBLS11904,plasma,Negative,Reverse phase/C18
-0.15660903223828887,-0.05880691779585536,IK_XIFCIPQKMAMFGE-QIAWJANFSA-N,"PE-NMe2(22:6(4Z,7Z,10Z,13Z,16Z,19Z)/16:0)",MTBLS11904,plasma,Negative,Reverse phase/C18
4.201818216241376,-0.8685964547341389,IK_YWZGQPJRQXHVQX-BYCLXTJYSA-N,Cer-AS d34:1,37755270,serum,Not reported,Reverse phase/C18
-0.10009747285847627,0.03439737776046777,IK_GQPDNUJLVOFHSX-UHFFFAOYSA-N,8-Isoquinoline methanamine (hydrochloride),MTBLS11904,plasma,Positive,Reverse phase/C18
-0.14207162792589656,-0.03501807110676586,IK_DNKGWNLXBRCUCF-NLOSNHEGSA-N,"2,3-dinor-6-oxoprostaglandin F1alpha",MTBLS11904,plasma,Positive,Reverse phase/C18
-0.5750058917268989,-0.7493963306528775,IK_VEYYWZRYIYDQJM-ZETCQYMHSA-N,N-alpha-acetyllysine,MTBLS11904,plasma,Negative,Reverse phase/C18
0.13530225538459356,0.4236935437577628,IK_ZTZQZGHJLWFLFQ-VZBWJDOASA-N,"PE(P-18:0/20:4(8Z,11Z,14Z,17Z))",MTBLS11904,plasma,Positive,Reverse phase/C18
0.13794543585653324,0.33773219082536443,IK_UYWXWYBEHLAUEW-UHFFFAOYSA-N,Antibiotic GR 95647X,ST003159,serum,Negative,Reverse phase/C18
-0.08910417417421944,0.05261394832251033,IK_JWBXCSQZLLIOCI-GUBZILKMSA-N,Isoleucyl-Leucine,MTBLS11904,plasma,Negative,Reverse phase/C18
-0.09659731174602008,0.040185825921353245,IK_NYLNHNDMNOPWAZ-ZLEFDVGRSA-N,Blumenol C glucoside,MTBLS11904,plasma,Positive,Reverse phase/C18
-0.21269988016650987,-0.15182070276100537,IK_ULCCGBCYWCYNIC-UHFFFAOYSA-N,O-(17-Carboxyheptadecanoyl)carnitine,MTBLS11904,plasma,Positive,Reverse phase/C18
-0.0981510319178865,0.04613511778013435,IK_HAEJPQIATWHALX-KQYNXXCUSA-N,Inosine triphosphate,ST003159,serum,Positive,HILIC
1.0146855104158174,0.030141268167272695,IK_YUFFSWGQGVEMMI-JLNKQSITSA-N,FFA 22:5,33485385,plasma,Negative,LC-MS/unspecified
-0.06449861155927503,0.09326957881750622,IK_KTOLOIKYVCHRJW-XZMZPDFPSA-N,Azvudine,MTBLS11904,plasma,Positive,Reverse phase/C18
-0.31363508308334925,-0.3187439520029248,IK_UPSPUYADGBWSHF-UHFFFAOYSA-N,Tolmetin,MTBLS11904,plasma,Positive,Reverse phase/C18
-0.0966528697724889,0.04009394611544734,IK_ZREXGWPJFRJAJU-SWESGNQDSA-N,"(2S,3R)-2-Amino-4-octadecene-3-ol",MTBLS11904,plasma,Positive,Reverse phase/C18
0.11013440881525358,0.3814693228332664,IK_RJTCYGBFKSOFPL-UHFFFAOYSA-N,"[(5R)-5-[(1S)-1,2-Dihydroxyethyl]-2,4-dioxooxolan-3-yl] dihydrogen phosphate",MTBLS11904,plasma,Negative,Reverse phase/C18
-0.06259085322639567,0.09637579390034495,IK_OBSIPTVJSOCDLZ-UHFFFAOYSA-N,Hydroxyprolyl-Valine,MTBLS11904,plasma,Negative,Reverse phase/C18
-0.4275307502390056,-0.5059796577606418,IK_OJXQLGQIDIPMTE-UHFFFAOYSA-N,Gartanin,MTBLS11904,plasma,Negative,Reverse phase/C18
-0.008259367482525813,0.18605320881210774,IK_AVFZOVWCLRSYKC-UHFFFAOYSA-N,1-Methylpyrrolidine,MTBLS11904,plasma,Negative,Reverse phase/C18
0.4367317654771629,-0.2674983841255566,IK_YAMUFBLWGFFICM-PTGWMXDISA-N,LPC 18:1,37755270,serum,Not reported,Reverse phase/C18
-0.29153546047341344,-0.2815111768947148,IK_RGCBYGZECVEZKC-UHFFFAOYSA-N,3-Benzoyloxy-11-oxo-12-ursen-28-oic acid,MTBLS11904,plasma,Negative,Reverse phase/C18
-0.08820188812569164,0.054103225965213095,IK_TYMABNNERDVXID-DLYFRVTGSA-N,Panipenem,MTBLS11904,plasma,Negative,Reverse phase/C18
-0.05984235169909497,0.10091236280156936,IK_GAGYTXTVUMXAOC-RRKCRQDMSA-N,5-Carboxy-2'-deoxyuridine,MTBLS11904,plasma,Negative,Reverse phase/C18
-0.05867632115315772,0.1028369666415341,IK_FUYLLJCBCKRIAL-UHFFFAOYSA-N,4-Methylumbelliferone sulfate,MTBLS11904,plasma,Negative,Reverse phase/C18
-0.3468310562767863,-0.3736423377351323,IK_NFNVDJGXRFEYTK-UHFFFAOYSA-N,Leucyl-Glutamate,MTBLS11904,plasma,Positive,Reverse phase/C18
-0.43687287845141576,-0.521399407609764,IK_YACHGFWEQXFSBS-XYERBDPFSA-N,Leptomycin B,MTBLS11904,plasma,Negative,Reverse phase/C18
-0.4550632861082309,0.049979186432665024,NO_INCHIKEY__lpc 16 1 1,LPC 16:1.1,37755270,serum,Not reported,Reverse phase/C18
0.03161692520497887,0.2522222260846884,IK_CDSMSBUVCWHORP-UHFFFAOYSA-N,Perillic acid,MTBLS11904,plasma,Positive,Reverse phase/C18
0.2953945025310811,0.6872523533974679,IK_YDTWOEYVDRKKCR-KNERPIHHSA-N,"PE(18:0/18:2(9Z,12Z))",MTBLS11904,plasma,Negative,Reverse phase/C18
0.3656352141018564,0.6189463649114137,IK_UKAUDTTVOAAZHC-UHFFFAOYSA-N,"Itaconate (Itaconic acid)1,3",ST003159,serum,Negative,Reverse phase/C18
-0.11183412431209953,0.0149876972200472,IK_GNWBLLYJQXKPIP-ZOGIJGBBSA-N,"17-N,N-Diethylcarbamoyl-4-methyl-4-azaandrostane-3-one",MTBLS11904,plasma,Positive,Reverse phase/C18
0.4347712597480571,0.2528439651446625,IK_JJMPYAHUHHQAJB-FYOCAXJLSA-N,PE P-38:5 or PE O-38:6,37755270,serum,Not reported,Reverse phase/C18
0.28520001768673714,0.061217300049119884,IK_JNDFGLPQDFBGLR-KMCBPMHZSA-N,FFAD 22:1,33485385,plasma,Positive,LC-MS/unspecified
-0.110236828611055,0.017629251536335204,IK_IGQGIACCENRGLM-SOFGYWHQSA-N,"(E)-2,6-Dimethyl-2,5-heptadienoic acid",MTBLS11904,plasma,Positive,Reverse phase/C18
-0.05780179788528875,0.10428042035726327,IK_PGFGQDBBWSVMED-AVQMFFATSA-N,N-Linoleoyl Histidine,MTBLS11904,plasma,Negative,Reverse phase/C18
-0.12184847444720918,-0.0015736984644079712,IK_YCXUCEXEMJPDRZ-UHFFFAOYSA-N,Ganoderic acid H,MTBLS11904,plasma,Positive,Reverse phase/C18
2.738751619146794,0.5034290366863142,IK_GJBXIPOYHVMPQJ-UHFFFAOYSA-N,3-hydroxyanthranilic acid,38516193,plasma,Positive,LC-MS/unspecified
-0.1361479668735945,-0.025034687136395832,IK_YUFFSWGQGVEMMI-RCHUDCCISA-N,"7,10,13,16,19-Docosapentaenoic acid",MTBLS11904,plasma,Negative,Reverse phase/C18
-0.12018173093068461,0.001182705907174676,IK_FMINYZXVCTYSNY-UHFFFAOYSA-N,Methyldymron,MTBLS11904,plasma,Positive,Reverse phase/C18
-0.8138929926471747,-0.8378605786792066,IK_HTZINLFNXLXRBC-CQLBIITFSA-N,PC(P-16:0/0:0),ST003159,serum,Positive,HILIC
0.09538045140519029,0.3504220847712238,IK_IHCPDBBYTYJYIL-UHFFFAOYSA-N,2-Methylbutyroylcarnitine,29518718,plasma,Positive,LC-MS/unspecified
1.5058470210854387,-0.061809493716723014,IK_QEDPUVGSSDPBMD-XTAIVQBESA-N,SM d42:1,37755270,serum,Not reported,Reverse phase/C18
-0.11842152145760954,0.004223886783933366,IK_FLKPEMZONWLCSK-UHFFFAOYSA-N,Diethyl Phthalate,MTBLS11904,plasma,Negative,Reverse phase/C18
0.29983652488075824,0.69458418080051465,IK_PEYTUVXFLCCGCC-FENHPFPBSA-N,Teleocidin B 2,MTBLS11904,plasma,Negative,Reverse phase/C18
0.6065063951241767,9.435590924382403,IK_KDEYEEYMIPNKIJ-OGIIFMLESA-N,C24:0 lactosylceramide,24058461,plasma,Not reported,LC-MS/unspecified
0.13295529858105046,0.41913658657253305,IK_OHLQBKZXSJYBMK-UHFFFAOYSA-N,Avocadyne,MTBLS11904,plasma,Negative,Reverse phase/C18
-0.32079728241996774,-0.3298095899008682,IK_BBJIPMIXTXKYLZ-UHFFFAOYSA-N,3-Aminopentanedioic Acid,MTBLS11904,plasma,Negative,Reverse phase/C18
2.1728197634778876,1.67111679428123,IK_KKADPXVIOXHVKN-UHFFFAOYSA-N,4-Hydroxyphenylpyruvic acid,38720721,serum,Not reported,Reverse phase/C18
-0.268256487346606,-0.24308781918810834,IK_QVWAEZJXDYOKEH-UHFFFAOYSA-N,3-(3-Hydroxyphenyl)propionic acid,MTBLS11904,plasma,Negative,Reverse phase/C18
-0.7326884950794631,-0.7375668545071586,IK_VQZRLBWPEHFGCD-UHFFFAOYSA-N,p-Cresol3,ST003159,serum,Negative,Reverse phase/C18
-0.22072684835351505,-0.16463726475919835,IK_BTJIUGUIPKRLHP-UHFFFAOYSA-N,4-Nitrophenol,MTBLS11904,plasma,Negative,Reverse phase/C18
-0.15660903223828881,-0.05880691779585503,IK_JUSMHIGDXPKSID-PHYPRBDBSA-N,"(2r,3r,4s,5r,6s)-2-(Hydroxymethyl)-6-Sulfanyl-Oxane-3,4,5-Triol",MTBLS11904,plasma,Negative,Reverse phase/C18
-0.18309459025340885,-0.10252293837102522,IK_LEILBPMISZFZQK-GFCCVEGCSA-N,Olamufloxacin,MTBLS11904,plasma,Negative,Reverse phase/C18
-0.24768760196536938,-0.20968222193157007,IK_CEIZFXOZIQNICU-XNCJUZBTSA-N,Tenuazonic Acid,MTBLS11904,plasma,Positive,Reverse phase/C18
0.08329986076957756,0.3376937293539012,IK_FPGSEBKFEJEOSA-UMMCILCDSA-N,8-Oxoguanosine,MTBLS11904,plasma,Positive,Reverse phase/C18
2.3378998766796526,-0.18353929435826505,IK_WHUUTDBJXJRKMK-VKHMYHEASA-N,Glutamic acid,37755270,serum,Not reported,Reverse phase/C18
-0.07076278897046649,0.08291009277050494,IK_OEBGQVIRXPDBGY-UHFFFAOYSA-N,"(1a,5b,6a)-7-Protoilludene-1,5,6,14-tetrol 14-(2,4-dihydroxy-6-methylbenzoic acid)",MTBLS11904,plasma,Positive,Reverse phase/C18
-0.1117924556981165,0.015056607173780791,IK_RHYWBMKYLKNBET-UHFFFAOYSA-N,"Thiazole, 4,5-dihydro-2,4,4-trimethyl-",MTBLS11904,plasma,Positive,Reverse phase/C18
-0.022598771101712694,0.16238515297111097,IK_CTYRPMDGLDAWRQ-UHFFFAOYSA-N,Phenol sulphate,MTBLS11904,plasma,Negative,Reverse phase/C18
-0.10312430682958473,0.02947286840284148,IK_QMGUAHPNVSCSPM-UHFFFAOYSA-N,Formyl 3-hydroxybutanoate,MTBLS11904,plasma,Negative,Reverse phase/C18
0.12230165669282768,0.40219358988787557,IK_JLVSPVFPBBFMBE-HXSWCURESA-N,Sphingosylphosphorylcholine,MTBLS11904,plasma,Positive,Reverse phase/C18
-0.08835458300656907,0.05385119388698934,IK_WAAPEIZFCHNLKK-PELKAZGASA-N,"(2R,4S)-2-Aminoformyl-6-fluoro-spiro[chroman-4,4'-imidazolidine]-2',5'-dione",MTBLS11904,plasma,Negative,Reverse phase/C18
-0.7829613878828254,-0.0658761469776642,IK_SRSXLGNVWSONIS-UHFFFAOYSA-N,Benzenesulfonic acid,38720721,serum,Not reported,Reverse phase/C18
0.17956818235279667,0.4968990472623218,IK_AEAMHDRXCYEOCU-HTDYWKJCSA-N,PC(18:0/18:1(11Z)),MTBLS11904,plasma,Positive,Reverse phase/C18
-0.12670980936582354,-0.009613211468568339,IK_NELZMZLNTYWIPD-MLBSDYKWSA-N,Nuatigenin,MTBLS11904,plasma,Positive,Reverse phase/C18
0.08291095390368104,0.33705056816396,IK_CLPMFZLTACEARJ-YCMZWWCJSA-N,"PE-NMe(22:6(4Z,7Z,10Z,13Z,16Z,19Z)/15:0)",MTBLS11904,plasma,Positive,Reverse phase/C18
-0.10463934872667427,0.026886175890956744,IK_OQZSGNGSHMDCAR-UHFFFAOYSA-N,Solutol HS 15,MTBLS11904,plasma,Positive,Reverse phase/C18
-0.45212844894467236,-0.5465796524611278,IK_NMHMNPHRMNGLLB-UHFFFAOYSA-N,Desaminotyrosine,MTBLS11904,plasma,Negative,Reverse phase/C18
-0.26013591501696737,-0.2296843217113758,IK_IVOMOUWHDPKRLL-KQYNXXCUSA-N,"3',5'-Cyclic AMP",MTBLS11904,plasma,Negative,Reverse phase/C18
0.16817876915108704,0.47806361795810925,IK_GCSLDHTZSDNYEC-CPNJWEJPSA-N,Fluvoxamino acid,MTBLS11904,plasma,Positive,Reverse phase/C18
0.02069706560736907,0.23384755953193226,IK_GAQNUGISBQJMKO-UHFFFAOYSA-N,Beta-Citryl-L-glutamic acid,MTBLS11904,plasma,Negative,Reverse phase/C18
-0.21775624593500423,-0.15973410495535187,IK_XVOUMQNXTGKGMA-OWOJBTEDSA-N,Glutaconic Acid,MTBLS11904,plasma,Negative,Reverse phase/C18
-0.059119135199856954,0.10210607533257733,IK_INVGWHRKADIJHF-UHFFFAOYSA-N,Sanguinarine,MTBLS11904,plasma,Negative,Reverse phase/C18
-0.45993259598914255,0.06256088467332113,IK_ODBLHEXUDAPZAU-UHFFFAOYSA-N,isocitric acid,38720721,serum,Not reported,Reverse phase/C18
-0.16310548975588332,-0.06952971559516628,IK_GOBIDZCUVCOUAI-UHFFFAOYSA-N,Cholylhistidine,MTBLS11904,plasma,Negative,Reverse phase/C18
-0.11623710477381785,0.0077061961396001,IK_RDFIICFCNKXLHC-UHFFFAOYSA-N,2-Hydroxydodecyl methacrylate,MTBLS11904,plasma,Positive,Reverse phase/C18
0.018390673589511394,0.9260032073974863,IK_XZYNWDWRUDTDCH-UHFFFAOYSA-N,Heptanoylcholine,29518718,plasma,Positive,LC-MS/unspecified
0.11799123589443306,0.3944374933183085,IK_BYVDUQYJIIPFIB-ZMOGYAJESA-N,Lumirubin,MTBLS11904,plasma,Negative,Reverse phase/C18
-0.23460468430552342,1.5277123741409373,IK_QZAYGJVTTNCVMB-UHFFFAOYSA-N,Serotonin,28880465,serum,Positive,LC-MS/unspecified
-0.10590329558829159,0.024795902958702678,IK_MFNAKLLYSPINFZ-UHFFFAOYSA-N,"6-Methylpteridine-2,4-diamine",MTBLS11904,plasma,Positive,Reverse phase/C18
-0.08544402059124183,0.058630764676860535,IK_QNGQIURXCUHNAT-UHFFFAOYSA-N,Eucarvone,MTBLS11904,plasma,Positive,Reverse phase/C18
-0.196948147354401,-0.12538907592049553,IK_CTKINSOISVBQLD-UHFFFAOYSA-N,Glycidol,MTBLS11904,plasma,Negative,Reverse phase/C18
-0.16205865920560752,-0.0680719521247282,IK_HUMNYLRZRPPJDN-UHFFFAOYSA-N,Benzaldehyde,MTBLS11904,plasma,Positive,Reverse phase/C18
-0.48000213907755174,-0.5925868703274807,IK_VUALREFPJJODHZ-JTCHKQLLSA-N,Chitobiose,MTBLS11904,plasma,Negative,Reverse phase/C18
0.10234698842702336,0.3686157137212176,IK_JNUGGJHCMRWUDV-FMMPLYQGSA-N,Cystathionine sulfoxide,MTBLS11904,plasma,Negative,Reverse phase/C18
-0.15140539112170928,-0.050453935246667275,IK_DPEYXLDDNACOGV-ANVMUZGGSA-N,"PC(18:1(11Z)/18:3(9Z,12Z,15Z))",MTBLS11904,plasma,Positive,Reverse phase/C18
-0.9458790788859421,0.11087501871858829,IK_SAWKFRBJGLMMES-UHFFFAOYSA-N,PC 16:0/9:0 CHO,37755270,serum,Not reported,Reverse phase/C18
0.10824545360835573,0.3789479131356652,IK_PHMBVCPLDPDESM-GHNGIAPOSA-N,Pseudoecgonine,MTBLS11904,plasma,Positive,Reverse phase/C18
-0.13881318028340126,-0.0294337835782224,IK_JFDNMLUPLXZXGV-RKAGECJXSA-N,12-Hydroxyjasmonic acid glucoside,MTBLS11904,plasma,Negative,Reverse phase/C18
-0.22590882155166422,-0.17366520600234706,IK_IYJILWQAFPUBHP-UHFFFAOYSA-N,L-beta-aspartyl-L-leucine,MTBLS11904,plasma,Positive,Reverse phase/C18
0.3768398362642441,0.6327849243541488,IK_BKASXWPLSXFART-YUMQZZPRSA-N,LL-Cyclo(leucylprolyl),ST003159,serum,Positive,HILIC
-0.1800684626501066,-0.0975281311104456,IK_XOASTWITKYDKAJ-PPQPEBMASA-N,Penitrem D,MTBLS11904,plasma,Negative,Reverse phase/C18
-0.11932058034745008,0.0026068477973125908,IK_JMTMSDXUXJISAY-UHFFFAOYSA-N,4-Hydroxybenzotriazole,MTBLS11904,plasma,Positive,Reverse phase/C18
0.2435200105078734,0.6016303557897911,IK_KVTFEOAKFFQCCX-UHFFFAOYSA-N,Palmitoylglycine,MTBLS11904,plasma,Negative,Reverse phase/C18
0.46679915351551665,0.7438915158454465,IK_KOCKWDDTAHPJSX-UHFFFAOYSA-N,Hexacosanoyl carnitine,ST003159,serum,Negative,Reverse phase/C18
-0.05548430763835919,0.10817713250123508,IK_SRVFFFJZQVENJC-IHRRRGAJSA-N,Aloxistatin,MTBLS11904,plasma,Positive,Reverse phase/C18
-0.11763994741843942,0.0053862220210682535,IK_GSDSWSVVBLHKDQ-JTQLQIEISA-N,Levofloxacin,MTBLS11904,plasma,Positive,Reverse phase/C18
-0.07229389563230292,0.08036033323247209,IK_ULHWZNASVJIOEM-ZETCQYMHSA-N,S-Prenyl-L-cysteine,MTBLS11904,plasma,Negative,Reverse phase/C18
-0.054303705190338364,0.1100542348229667,IK_DSDNAKHZNJAGHN-MXTYGGKSSA-N,Resiniferatoxin,MTBLS11904,plasma,Negative,Reverse phase/C18
0.13848917872603175,0.5723827589216159,IK_XZDDLHQSVWZOPD-MYGLTJDJSA-N,Tumonoic Acid H,24167579,serum,Positive,Reverse phase/C18
-0.5129412332559413,-0.4661622920453211,IK_ZSANYRMTSBBUCA-UHFFFAOYSA-N,"Oxoglutaric acid1,2,3",ST003159,serum,Negative,Reverse phase/C18
0.5821422747040889,1.1626625629275018,IK_PVNIIMVLHYAWGP-UHFFFAOYSA-N,nicotinic acid,MTBLS11904,plasma,Positive,Reverse phase/C18
-0.10955135818480116,0.01886463050362087,IK_FYVQCLGZFXHEGL-UHFFFAOYSA-N,3-Hydroxydodecanedioic acid,MTBLS11904,plasma,Negative,Reverse phase/C18
-0.0431986496166475,0.12838380347121273,IK_HNOSJVWYGXOFRP-UNPOXIGHSA-N,Alisol A,MTBLS11904,plasma,Negative,Reverse phase/C18
0.4450665184266597,0.9359712804001525,IK_FERWCFYKULABCE-UHFFFAOYSA-N,Amotosalen,MTBLS11904,plasma,Positive,Reverse phase/C18
-0.46250536650486423,0.5489656625749443,IK_DTERQYGMUDWYAZ-ZETCQYMHSA-N,N-epsilon-Acetyllysine,28880465,serum,Positive,LC-MS/unspecified
-0.09022856073743082,0.05075808017439948,IK_UBQKCCHYAOITMY-UHFFFAOYSA-N,2-Hydroxypyridine,MTBLS11904,plasma,Negative,Reverse phase/C18
0.023639905093176844,0.2387048943331163,IK_REOMXGUTYIFDDR-MCHXITASSA-N,"PE-NMe(22:2(13Z,16Z)/18:3(6Z,9Z,12Z))",MTBLS11904,plasma,Negative,Reverse phase/C18
-0.09973634534612083,0.034994597773160156,IK_QFAADIRHLBXJJS-ZAZJUGBXSA-N,Amastatin,MTBLS11904,plasma,Positive,Reverse phase/C18
-0.10204200681143523,0.03118157220797006,IK_RQHPADKWNYTHOH-VIFPVBQESA-N,L-Alanine 2-naphthylamide,MTBLS11904,plasma,Positive,Reverse phase/C18
-0.08988152774600229,0.05133087922827257,IK_HNEGQIOMVPPMNR-NSCUHMNNSA-N,Mesaconic Acid,MTBLS11904,plasma,Negative,Reverse phase/C18
-0.025469036434527248,0.15781537945303972,IK_LZLVZIFMYXDKCN-QJWFYWCHSA-N,GPCho(20:4/20:4),MTBLS11904,plasma,Positive,Reverse phase/C18
-0.09050618734200282,0.05029984034213952,IK_WXTMDXOMEHJXQO-UHFFFAOYSA-N,Gentisic acid,MTBLS11904,plasma,Negative,Reverse phase/C18
-0.2457584111075494,0.15736717205574444,IK_JLPULHDHAOZNQI-ZTIMHPMXSA-N,PC 34:2,33485385,plasma,Positive,LC-MS/unspecified
-0.20047400267796453,-0.13120871323748043,IK_XFTRTWQBIOMVPK-UHFFFAOYSA-N,Citramalic acid,MTBLS11904,plasma,Negative,Reverse phase/C18
-0.0187326153059983,0.16895584620023607,IK_NPDLYUOYAGBHFB-WDSKDSINSA-N,Asparaginylarginine,MTBLS11904,plasma,Positive,Reverse phase/C18
-0.133441109481063,-0.02056685500271565,IK_ADHNYKZHPOEULM-BQBZGAKWSA-N,Met-Glu,MTBLS11904,plasma,Negative,Reverse phase/C18
-0.3488375486357946,-0.37609175161032415,IK_ATTZFSUZZUNHBP-UHFFFAOYSA-N,Piperonyl sulfoxide,MTBLS11904,plasma,Negative,Reverse phase/C18
-0.022806990790856255,0.16204147383336873,IK_DSLZVSRJTYRBFB-DUHBMQHGSA-N,D-Galactaric acid,MTBLS11904,plasma,Negative,Reverse phase/C18
-0.29091181485844547,-0.28116497427609755,IK_NDSZHILVESJDPU-NZRYSPDRSA-N,1-arachidonoyl-2-hydroxy-sn-glycero-3-phosphate,MTBLS11904,plasma,Positive,Reverse phase/C18
-0.27439203051865974,-0.253214905092974,IK_RHQQHZQUAMFINJ-DTDWNVJFSA-N,Tetrahydrocorticosterone,MTBLS11904,plasma,Negative,Reverse phase/C18
-0.11020904940955724,0.01767519163789607,IK_FPUYBGZEWPJSDX-MRXNPFEDSA-N,Undecanoylcarnitine,MTBLS11904,plasma,Positive,Reverse phase/C18
-0.37859909823017524,-0.4252149964270502,IK_GUZRMGFLLJQHCW-UHFFFAOYSA-N,Hydroxyprolyl-Asparagine,MTBLS11904,plasma,Negative,Reverse phase/C18
0.18544056862166627,0.5057667109042516,IK_JEIZLWNUBXHADF-UHFFFAOYSA-N,(+/-)-Pelletierine,MTBLS11904,plasma,Negative,Reverse phase/C18
-0.07834615121543231,0.07037071831409747,IK_IAIWVQXQOWNYOU-FPYGCLRLSA-N,Nitrofurazone,MTBLS11904,plasma,Negative,Reverse phase/C18
-0.19053219251038325,-0.1151605252446275,IK_TVEOVCYCYGKVPP-HSCHXYMDSA-N,Leu Ile Trp,MTBLS11904,plasma,Positive,Reverse phase/C18
0.1879018995588947,0.5106810687230209,IK_AJTJVNKPLZTLHV-RJJHQZCFSA-N,"PE(18:2(9Z,12Z)/20:5(5Z,8Z,11Z,14Z,17Z))",MTBLS11904,plasma,Positive,Reverse phase/C18
-0.13487685196394564,-0.023119592038642126,IK_FAXDZWQIWUSWJH-UHFFFAOYSA-N,3-Methoxypropylamine,MTBLS11904,plasma,Positive,Reverse phase/C18
-0.2564157214308064,-0.2235439163430496,IK_VYIRVAXUEZSDNC-RDJLEWNRSA-N,Capsanthin,MTBLS11904,plasma,Negative,Reverse phase/C18
-0.10366567830809133,0.02857930197610658,IK_KKADPXVIOXHVKN-UHFFFAOYSA-N,4-Hydroxyphenylpyruvic acid,MTBLS11904,plasma,Negative,Reverse phase/C18
-0.18610143307164817,-0.10783308338414266,IK_RRVPPYNAZJRZFR-VYOBOKEXSA-N,GPCho(18:1/16:0),MTBLS11904,plasma,Positive,Reverse phase/C18
-0.5102217724094712,-0.6424662095087602,IK_ZKMZBAABQFUXFE-UHFFFAOYSA-O,Apigenidin,MTBLS11904,plasma,Negative,Reverse phase/C18
-0.12944080296719576,0.3305208648654188,IK_OQWOHRPOYAVIOK-UHFFFAOYSA-N,carnitine 10:1,33485385,plasma,Positive,LC-MS/unspecified
1.4616593671979974,9.525545055500768,IK_IPCSVZSSVZVIGE-UHFFFAOYSA-N,Palmitic acid,24058461,plasma,Not reported,LC-MS/unspecified
-0.04867843869435058,0.11943244930372694,IK_ZBCBWPMODOFKDW-UHFFFAOYSA-N,Diethanolamine,MTBLS11904,plasma,Positive,Reverse phase/C18
-0.36981222269833564,-0.4107117247695457,IK_VCRXMIQBQGCAAL-UHFFFAOYSA-N,Tyrosol 4-sulfate,MTBLS11904,plasma,Negative,Reverse phase/C18
-0.08744411257066967,0.055323079318457195,IK_FEZNRZLARONEKO-VHGXFIKMSA-N,"DG(i-18:0/18:1(12Z)-O(9S,10R)/0:0)",MTBLS11904,plasma,Positive,Reverse phase/C18
-0.22392261913676648,-0.17038049157180657,IK_GFYLSDSUCHVORB-IOSLPCCCSA-N,1-Methyladenosine,MTBLS11904,plasma,Positive,Reverse phase/C18
-0.14279388347917604,-0.036212512605051685,IK_DDRJAANPRJIHGJ-UHFFFAOYSA-N,Creatinine,MTBLS11904,plasma,Positive,Reverse phase/C18
-0.005732967222960129,0.1902231864134969,IK_QJPWUUJVYOJNMH-UHFFFAOYSA-N,L-3-Aminodihydro-2(3H)-furanone,MTBLS11904,plasma,Negative,Reverse phase/C18
-0.09212488369330205,0.047582177735572516,IK_WYVKPHCYMTWUCW-UHFFFAOYSA-N,Cysteinyl-Threonine,MTBLS11904,plasma,Positive,Reverse phase/C18
-0.8615216569757513,-1.4337092117748274,IK_RGHHSNMVTDWUBI-UHFFFAOYSA-N,4-Hydroxybenzaldehyde,29518718,plasma,Positive,LC-MS/unspecified
-0.08652224835333722,0.05687557377784556,IK_ZUXGPPMNMKSOEO-LFYBBSHMSA-N,Merodesmosine,MTBLS11904,plasma,Negative,Reverse phase/C18
0.3467613648695604,0.1261612836670138,IK_PETYOUXDCHQKTQ-QXPKXGMISA-N,carnitine 12:1,33485385,plasma,Positive,LC-MS/unspecified
-0.18081805381775654,-0.0987653766749242,IK_IIODELUADFSHIZ-UHFFFAOYSA-N,2-[4-(sulfooxy)phenyl]acetic acid,MTBLS11904,plasma,Negative,Reverse phase/C18
0.05664690733410388,0.29318495592325566,IK_XRHMVNYIWRBFDB-UHFFFAOYSA-N,Methylgallic acid-O-sulphate,MTBLS11904,plasma,Negative,Reverse phase/C18
-0.09462893948090823,0.04349498806599343,IK_JGTPDCCLPDSJED-FXJFPKDASA-N,"(5Z,8Z,10E,14Z,17Z)-12-Hydroxyicosa-5,8,10,14,17-pentaenoylcarnitine",MTBLS11904,plasma,Negative,Reverse phase/C18
-0.15355826776805703,-0.05401429017061658,IK_BMOVQUBVGICXQN-UHFFFAOYSA-N,Clinofibrate,MTBLS11904,plasma,Positive,Reverse phase/C18
3.019998675794608,0.42850051575595494,IK_NOIIUHRQUVNIDD-UHFFFAOYSA-N,Nialamide,38720721,serum,Not reported,Reverse phase/C18
-0.05369255827988571,0.11114026673401946,IK_YWZAPMXAANPWLC-DCAQKATOSA-N,"L-Prolinamide, 5-oxo-L-prolyl-L-norvalyl-",MTBLS11904,plasma,Positive,Reverse phase/C18
-0.08494399729588273,0.05945768587583121,IK_OTKJDMGTUTTYMP-QZTJIDSGSA-N,"(2R,3R)-2-Aminooctadecane-1,3-diol",MTBLS11904,plasma,Positive,Reverse phase/C18
3.9446916587382495,-2.058518232383214,IK_DZTHIGRZJZPRDV-LBPRGKRZSA-N,N-acetyl-tryptophan,38720721,serum,Not reported,Reverse phase/C18
-0.023542700756438977,0.16082714003376966,IK_DZAUWHJDUNRCTF-UHFFFAOYSA-N,"3,4-Dihydroxyhydrocinnamic acid",MTBLS11904,plasma,Negative,Reverse phase/C18
-0.07048932428829927,0.08333888772344965,IK_PVKSNHVPLWYQGJ-CPTYKQRNSA-N,Phosphoaminophosphonic acid-adenylate ester,MTBLS11904,plasma,Negative,Reverse phase/C18
1.6270152594730491,-1.175741696987391,IK_WVDDGKGOMKODPV-UHFFFAOYSA-N,Benzyl Alcohol,38720721,serum,Not reported,Reverse phase/C18
0.39518731052153144,0.851966440179782,IK_LEQAKWQJCITZNK-AXHKHJLKSA-N,Thiocolchicoside,MTBLS11904,plasma,Negative,Reverse phase/C18
-0.5875573810521123,-0.770113325157564,IK_GIYMZAJHBZLOGR-UHFFFAOYSA-N,4-Hydroxy-5-(4'-hydroxyphenyl)-valeric acid-4'-O-sulphate,MTBLS11904,plasma,Negative,Reverse phase/C18
-0.915672121850513,-0.04513313974827043,IK_OUKDNADVOQVFAR-NBTXLFQMSA-N,TG 44:1,37755270,serum,Not reported,Reverse phase/C18
-0.5343633021966337,-0.6837768687915018,IK_GRQPGTWGEQWMMM-IUXPMGMMSA-N,(E)-2-hydroxydoxepin,MTBLS11904,plasma,Positive,Reverse phase/C18
-0.08080901071643874,0.06755383135360458,IK_FBJYDOQUXQMQSS-TXUJEBAWSA-N,Asparagoside B,ST003159,serum,Positive,HILIC
-0.11735265955061897,0.005988108948216763,IK_HBGGXOJOCNVPFY-UHFFFAOYSA-N,Diisononyl phthalate,MTBLS11904,plasma,Negative,Reverse phase/C18
1.8492269708967728e-4,0.2002410359566082,IK_FFXKPSNQCPNORO-MBYQGORISA-N,"19,20-DiHDPA",MTBLS11904,plasma,Positive,Reverse phase/C18
-0.14590513787778034,-0.04135780065168519,NO_INCHIKEY__glu trp,Glu Trp,MTBLS11904,plasma,Positive,Reverse phase/C18
-0.1220151486786602,-0.0018493389578183605,IK_CLVUFWXGNIFGNC-QTSLKERKSA-N,"(2r,3r,5s,6r)-2,6-Bis(hydroxymethyl)piperidine-3,4,5-triol",MTBLS11904,plasma,Positive,Reverse phase/C18
-0.16743390683206788,-0.07696135618003092,IK_MPSATYYKSWVJNQ-NSZXNXEKSA-N,PA(6 keto-PGF1alpha/14:1(9Z)),MTBLS11904,plasma,Positive,Reverse phase/C18
-0.047247817224756905,0.1217983631266042,IK_CRIZPXKICGBNKG-UHFFFAOYSA-N,2-Hydroxypurine,MTBLS11904,plasma,Positive,Reverse phase/C18
-0.20222717557450404,-0.13450129515283643,IK_ZKQOUHVVXABNDG-IUCAKERBSA-N,Pro-leu,MTBLS11904,plasma,Positive,Reverse phase/C18
-0.007898783049592267,0.18687247489678654,IK_NGSWBLPYWNRZHV-FUJSRDAWSA-N,"PE-NMe2(14:1(9Z)/22:5(7Z,10Z,13Z,16Z,19Z))",MTBLS11904,plasma,Positive,Reverse phase/C18
-0.16919938932173728,-0.07958806620539201,IK_CPXSBHKDEPPWIX-UHFFFAOYSA-N,2-(beta-D-Mannopyranosyl)-L-tryptophan,MTBLS11904,plasma,Negative,Reverse phase/C18
-0.11178625063772897,0.015175804499374479,IK_ISSKMEQROMFEHL-UHFFFAOYSA-N,Linotroban,MTBLS11904,plasma,Negative,Reverse phase/C18
-0.1989331763599399,-0.12866548641666958,IK_JYEFAZDBHWGXHI-HWKANZROSA-N,3-(5-Methoxy-4-oxocyclohex-2-en-1-yl)prop-2-enoic acid,MTBLS11904,plasma,Negative,Reverse phase/C18
-0.25942425379551753,-0.22909190286920378,IK_XHBSBNYEHDQRCP-UHFFFAOYSA-N,3-Methylguanine,MTBLS11904,plasma,Positive,Reverse phase/C18
0.11617637468811676,0.392063804629939,IK_AXZGUCXCTZMPTR-UVGACIQRSA-N,"PC(18:0/22:4(7Z,10Z,13Z,16Z))",MTBLS11904,plasma,Positive,Reverse phase/C18
0.13676065552711406,0.42610539620929794,IK_MFPOOPOMQXUMBS-RWMKFOTHSA-N,"PE(18:1(11Z)/20:4(8Z,11Z,14Z,17Z))",MTBLS11904,plasma,Positive,Reverse phase/C18
-0.07580586990584526,0.07456360660467509,IK_GHVNFZFCNZKVNT-UHFFFAOYSA-N,Capric acid,MTBLS11904,plasma,Negative,Reverse phase/C18
-0.30533349223756895,-0.3042856659117593,IK_CZBPKFICAYVHHM-UHFFFAOYSA-N,ortho-hydroxyatorvastatin,MTBLS11904,plasma,Negative,Reverse phase/C18
0.41491266576859787,0.8845243359639543,IK_QQCSUWGQBREWRO-XDJHFCHBSA-N,Alilusem,MTBLS11904,plasma,Negative,Reverse phase/C18
0.10899614067345083,0.3795905425230615,IK_YTFFUORSCQHTLA-QNPHJADPSA-N,PS(PGJ2/24:0),MTBLS11904,plasma,Negative,Reverse phase/C18
-0.30479212075906215,-0.303392099485024,IK_BRTSNYPDACNMIP-FAWZKKEFSA-N,Dihydroetorphine,MTBLS11904,plasma,Negative,Reverse phase/C18
-0.20032067957255142,-0.08005215874968723,NO_INCHIKEY__ffa 18 2,FFA 18:2,ST003159,serum,Negative,Reverse phase/C18
-0.09865296197639685,0.036786261435519496,IK_IJKKTQLUXOILBQ-ZBHICJROSA-N,N-Lactoylvaline,MTBLS11904,plasma,Positive,Reverse phase/C18
-0.14936363015177392,-0.04707733953731414,IK_AEAPORIZZWBIEX-DTBDINHYSA-N,Rostafuroxin,MTBLS11904,plasma,Positive,Reverse phase/C18
0.22848654128235402,0.5768167022382633,IK_FBUBVLUPUDBFME-UHFFFAOYSA-N,Xanthoxylin,MTBLS11904,plasma,Negative,Reverse phase/C18
0.33879773649734113,0.7602275370566643,IK_BXRLWGXPSRYJDZ-UHFFFAOYSA-N,3-Cyanoalanine,MTBLS11904,plasma,Positive,Reverse phase/C18
0.33381799578156157,0.7506726610419762,IK_ZFXYFBGIUFBOJW-UHFFFAOYSA-N,Theophylline,MTBLS11904,plasma,Negative,Reverse phase/C18
-1.130926455162363,-0.3406313414580262,IK_HIAJCGFYHIANNA-QIZZZRFXSA-N,3b ?Ã³?Ã³?Ã‡Ãœ?Â¼?Ã³?Ã©Â¼?Ã´Hydroxy-5-cholenoic acid,29518718,plasma,Positive,LC-MS/unspecified
-0.25374343668317123,-0.21969715860711683,IK_FIXDIFPJOFIIEC-RITPCOANSA-N,(3R)-3-Hydroxy-N-[(3S)-2-oxooxolan-3-yl]butanamide,MTBLS11904,plasma,Positive,Reverse phase/C18
-0.15842748516088426,-0.06180838444892604,IK_NANHIUZYPFDGJS-UHFFFAOYSA-N,4-Decan-4-Ylbenzenesulfonic Acid,MTBLS11904,plasma,Negative,Reverse phase/C18
-0.06850429550723969,0.08661529889810157,IK_VPAOSFFTKWUGAD-TVKJYDDYSA-N,Skimmin,MTBLS11904,plasma,Negative,Reverse phase/C18
-0.044428242899552745,0.12646128081862715,IK_VWYVABSAUVXYNS-UHFFFAOYSA-N,N-Stearoyl Lysine,MTBLS11904,plasma,Positive,Reverse phase/C18
-0.17053127181818575,-0.0820836743744912,IK_OMMZVRQHBRAUHL-UHFFFAOYSA-N,16-Hydroxyhexadecanoylcarnitine,MTBLS11904,plasma,Positive,Reverse phase/C18
-0.22727883105590227,-0.17545171001524112,IK_GKZIWHRNKRBEOH-UHFFFAOYSA-N,Phenylalanylphenylalanine,MTBLS11904,plasma,Negative,Reverse phase/C18
-1.6324675109662277,-1.8150671583117406,IK_HVYWMOMLDIMFJA-DPAQBDIFSA-N,Cholesterol,38720721,serum,Not reported,Reverse phase/C18
0.23612634209645222,0.5904330323121779,IK_BOWVQLFMWHZBEF-KTKRTIGZSA-N,Oleoylethanolamide,MTBLS11904,plasma,Positive,Reverse phase/C18
-0.16253090329947018,-0.0688529332221357,IK_AGPKZVBTJJNPAG-UHFFFAOYSA-N,(+/-)-erythro-Isoleucine,MTBLS11904,plasma,Positive,Reverse phase/C18
0.00467802221582754,0.20740715587830502,IK_SECPZKHBENQXJG-FPLPWBNLSA-N,Palmitoleic acid,MTBLS11904,plasma,Negative,Reverse phase/C18
-0.1265848037483553,-0.009406480928890371,IK_ROHFNLRQFUQHCH-YFKPBYRVSA-N,L-leucine,MTBLS11904,plasma,Positive,Reverse phase/C18
-0.20242162900745314,-0.1348228757478083,IK_KCEQGTJBAICOKH-UHFFFAOYSA-N,Glycerol 1-(5-hydroxydodecanoate),MTBLS11904,plasma,Positive,Reverse phase/C18
-0.18470482348686126,-0.10518072588635392,IK_KHYYDOVNIFQNTL-DXKRBAIRSA-N,"MG(20:3(6,8,11)-OH(5)/0:0/0:0)",MTBLS11904,plasma,Negative,Reverse phase/C18
-0.1722255169250402,-0.0845828734659728,IK_FCDLCPWAQCPTKC-UHFFFAOYSA-N,Rhein,MTBLS11904,plasma,Negative,Reverse phase/C18
-0.20293256096833812,-0.2603538735923476,IK_JXOHGGNKMLTUBP-HSUXUTPPSA-N,shikimic acid,38720721,serum,Not reported,Reverse phase/C18
3.165612316156538,-0.717033217137778,IK_JZHBSOAJXNHZEG-UHFFFAOYSA-N,Cer-NDS d41:0,37755270,serum,Not reported,Reverse phase/C18
-0.10176421637500072,0.03164097338888586,IK_LZPZPHGJDAGEJZ-AKAIJSEGSA-N,Regadenoson,MTBLS11904,plasma,Positive,Reverse phase/C18
-0.2839948295574092,-0.2697258957104105,IK_LRTCKJJOUNZFDD-DBHIXKHWSA-N,"PA(20:2(11Z,14Z)/18:1(9Z))",MTBLS11904,plasma,Positive,Reverse phase/C18
-0.26728479475917616,-0.24148398124810078,IK_UIERETOOQGIECD-ONEGZZNKSA-N,Tiglic acid,MTBLS11904,plasma,Negative,Reverse phase/C18
-0.3152169919284869,-0.32059898218761645,IK_SOKKQMPCIJPSGH-UHFFFAOYSA-N,"6-[4-(carboxymethyl)-2-hydroxyphenoxy]-3,4,5-trihydroxyoxane-2-carboxylic acid",MTBLS11904,plasma,Negative,Reverse phase/C18
0.021283116019452084,0.23513251926558573,IK_PPRBNBYLZZFTRZ-PSALXKTOSA-N,SM(d14:1/18:1),MTBLS11904,plasma,Positive,Reverse phase/C18
0.05003444013718663,0.28268049396361367,IK_DZPKSVTWWIZUMS-FPUNCOTOSA-N,"PC(18:2(9Z,12Z)/18:0)",MTBLS11904,plasma,Positive,Reverse phase/C18
-0.22047801589873572,-0.16468392214113722,IK_RMZIOVJHUJAAEY-UHFFFAOYSA-N,Allyl butyrate,MTBLS11904,plasma,Positive,Reverse phase/C18
-0.5198554082764748,-0.6583671098793302,IK_CNPVJJQCETWNEU-CYFREDJKSA-N,Vicriviroc,MTBLS11904,plasma,Negative,Reverse phase/C18
-0.1293044759880459,-0.013739089885998108,IK_WTOYNGQRGOLPNU-UHFFFAOYSA-N,"6,18,19-Trihydroxytrachyloban-2-one",MTBLS11904,plasma,Negative,Reverse phase/C18
0.0080880640467835,0.21331098587641736,IK_MALFODICFSIXPO-KFKQDBFTSA-N,VERATRAMINE,MTBLS11904,plasma,Positive,Reverse phase/C18
-0.08541174299219108,0.058708530161077833,IK_YKRGDOXKVOZESV-WRJNSLSBSA-N,Paeoniflorin,MTBLS11904,plasma,Negative,Reverse phase/C18
-0.07098905163203567,0.08251405806425818,NO_INCHIKEY__16 23 24 25 tetrahydroxydammar 13 17 en 3 one,"16,23,24,25-Tetrahydroxydammar-13(17)-en-3-one",MTBLS11904,plasma,Negative,Reverse phase/C18
0.09460121186947291,0.3558308392253326,IK_WYKHFQKONWMWQM-UHFFFAOYSA-N,2-Mercaptonicotinic acid,MTBLS11904,plasma,Negative,Reverse phase/C18
-0.09247212194521583,0.047007926499362654,IK_BTSTZWOTLKSKHV-ODYTWBPASA-N,N-Cyclopropyl-trans-2-cis-6-nonadienamide,MTBLS11904,plasma,Positive,Reverse phase/C18
-0.15108426677955342,-0.04968795646364669,IK_HJXMNVQARNZTEE-UHFFFAOYSA-N,(S)-3-Butyl-1(3H)-isobenzofuranone,MTBLS11904,plasma,Negative,Reverse phase/C18
-0.07770755446487743,0.07142506481925844,IK_FLKRMXAWABTWSH-UHFFFAOYSA-N,Piperidines,MTBLS11904,plasma,Positive,Reverse phase/C18
0.12722231358521652,0.4096739471782722,IK_NGPDZEACIWDCKX-WUDKWMPASA-N,Vulgarin,MTBLS11904,plasma,Negative,Reverse phase/C18
-0.09562839447247196,0.04184532659622747,IK_CXDWHYOBSJTRJU-SRWWVFQWSA-N,Algestone,MTBLS11904,plasma,Negative,Reverse phase/C18
-0.024306173126155507,0.1595669827044107,IK_FQVFGIZCMMQDNV-NQQLFREJSA-N,PC(18:1(9Z)/P-16:0),MTBLS11904,plasma,Negative,Reverse phase/C18
-0.05358144207490288,0.11132402742152293,IK_XWTYSIMOBUGWOL-UHFFFAOYSA-N,Terbutaline,MTBLS11904,plasma,Positive,Reverse phase/C18
-0.22590458029225144,-0.17318342556462865,IK_DVXZVCNEGRKLMW-RPGUUIFVSA-N,Gymnodimine,MTBLS11904,plasma,Negative,Reverse phase/C18
2.9666398351019247,0.8268969614597756,IK_OUYCCCASQSFEME-UHFFFAOYNA-N,Tyrosine,38516193,plasma,Positive,LC-MS/unspecified
-0.552340519157974,-0.7135069866418237,IK_REAZZDPREXHWNV-UHFFFAOYSA-N,"Aplysiatoxin, 17-debromo-",MTBLS11904,plasma,Positive,Reverse phase/C18
-0.16575327390305736,-0.0741819819562745,IK_KZXGPOLABXFBDK-SCFYABBUSA-N,"LysoPE(0:0/22:5(7Z,10Z,13Z,16Z,19Z))",MTBLS11904,plasma,Positive,Reverse phase/C18
0.5154406190929521,-0.781731289601768,IK_CWMPPVPFLSZGCY-SREVYHEPSA-N,2-Octenoic acid,29518718,plasma,Positive,LC-MS/unspecified
-0.13718906584788235,-0.02675308429801361,IK_ATFNSNUJZOYXFC-RQJHMYQMSA-N,Terreic acid,MTBLS11904,plasma,Negative,Reverse phase/C18
-0.09683606900113377,0.03985198706440952,IK_DVBUFRRUKPQWBU-UHFFFAOYSA-N,"5-Butyl-1,4-dioxan-2-one",MTBLS11904,plasma,Negative,Reverse phase/C18
8.142366208960263,-3.516009743313737,IK_UNBDIKFARPKNLC-NOZLCFKKSA-N,PS 17:0-18:1-d5,37755270,serum,Not reported,Reverse phase/C18
-0.07972040197908263,0.0681024338634856,IK_CNJGWCQEGROXEE-UHFFFAOYSA-N,"3,5-dichlorosalicylic acid",MTBLS11904,plasma,Negative,Reverse phase/C18
-0.16439209987241915,-0.07193091779147631,IK_JNNQVGBQCBFXRU-ZZTWLFPRSA-N,"PS(22:6(4Z,7Z,10Z,13Z,16Z,19Z)/19:0)",MTBLS11904,plasma,Positive,Reverse phase/C18
0.024000819815242498,0.23930060662477357,IK_XMWHRVNVKDKBRG-UHNVWZDZSA-N,2-C-methyl-D-erythritol-4-phosphate,MTBLS11904,plasma,Negative,Reverse phase/C18
0.002046119270036911,0.20331902052594694,IK_ULGZDMOVFRHVEP-RWJQBGPGSA-N,Erythromycin,MTBLS11904,plasma,Positive,Reverse phase/C18
-0.5454525619737053,-0.7006167660495816,IK_UAKTZILOYPPNCD-UHFFFAOYSA-N,Annohexocin,MTBLS11904,plasma,Negative,Reverse phase/C18
-0.03260720251632444,0.14586562894121932,IK_BCPDBSZPXWSVHR-BAIOGQDRSA-N,Acetyl-pepstatin,MTBLS11904,plasma,Negative,Reverse phase/C18
0.029061252280247925,0.24799574011862208,IK_FBCNXALHPSQUQY-WKABSKOFSA-N,"PC(20:4(8Z,11Z,14Z,17Z)/18:0)",MTBLS11904,plasma,Positive,Reverse phase/C18
-0.21426897299026923,0.2410316068094904,IK_GTZCVFVGUGFEME-IWQZZHSRSA-N,cis-Aconitic acid,33485385,plasma,Negative,LC-MS/unspecified
-0.1856765156977659,-0.10678456342914511,IK_KZAUOCCYDRDERY-UHFFFAOYSA-N,Oxamyl,MTBLS11904,plasma,Negative,Reverse phase/C18
-0.08680519409331108,0.056379701984968056,IK_CYYZDBDROVLTJU-UHFFFAOYSA-N,4-Butylphenol,MTBLS11904,plasma,Positive,Reverse phase/C18
0.6627557560159759,-0.4278272963526318,IK_WYIMORDZGCUBAA-UHFFFAOYSA-N,LPC 19:0,37755270,serum,Not reported,Reverse phase/C18
1.5115535588911884,-0.06774297653179587,IK_TZBJGXHYKVUXJN-UHFFFAOYSA-N,"4,5,7-Trihydroxyisoflavone",38720721,serum,Not reported,Reverse phase/C18
-0.47185380434378166,-0.5791375493209878,IK_KOAPDMKKECXPHX-UHFFFAOYSA-N,Malabaricone B,MTBLS11904,plasma,Negative,Reverse phase/C18
-0.08408284656060346,0.06088182884165952,IK_OKRJGUKZYSEUOY-UHFFFAOYSA-N,Butylisopropylamine,MTBLS11904,plasma,Positive,Reverse phase/C18
-0.07879093631415408,0.06963341191380508,IK_KVCPIDDKLUDCQJ-UHFFFAOYSA-N,L-alpha-Amino-1H-pyrrole-1-hexanoic acid,MTBLS11904,plasma,Positive,Reverse phase/C18
-0.3500313421144343,-0.37806218045295253,IK_SNCKGJWJABDZHI-ZKWXMUAHSA-N,Gamma-Glutamylisoleucine,MTBLS11904,plasma,Negative,Reverse phase/C18
-0.023820326984485655,0.16036890059872294,IK_YEFJYYIIBNWRQV-UHFFFAOYSA-N,3-Diphosphoglyceric acid,MTBLS11904,plasma,Negative,Reverse phase/C18
-1.6458724114726937,0.17962824163826357,IK_BDKXLTOHYQEAIO-RSLHMRQOSA-N,L-Cystathionine - Isomer,28880465,serum,Positive,LC-MS/unspecified
-0.2911983881535972,-0.32269585415622154,IK_ZQPPMHVWECSIRJ-KTKRTIGZSA-N,Oleic acid,ST001814,plasma,Positive,GC-MS
-0.22539097174644793,-0.17233568414055642,IK_DRTQHJPVMGBUCF-XVFCMESISA-N,Uridine,MTBLS11904,plasma,Negative,Reverse phase/C18
-0.08586070628211115,0.05794166378257321,IK_PYZZIILDSAJNLZ-QZNPSGCDSA-N,Melibiitol,MTBLS11904,plasma,Positive,Reverse phase/C18
0.016574313468463022,0.22704270725578726,IK_NODSEPOUFZPJEQ-UHFFFAOYSA-N,Thymol Sulfate,MTBLS11904,plasma,Negative,Reverse phase/C18
0.03135791887007002,0.251443944902028,IK_SAWAIULJDYFLPD-CTTWBBHYSA-N,Nicotine glucuronide,MTBLS11904,plasma,Negative,Reverse phase/C18
-0.13348789910833553,-0.020822588169496593,IK_YMIXNQVKVPYZHL-YWSRBNGNSA-N,Filipin II,MTBLS11904,plasma,Positive,Reverse phase/C18
-0.361066991149224,-0.39627718880389445,IK_PIJVFDBKTWXHHD-HIFRSBDPSA-N,Physostigmine,MTBLS11904,plasma,Negative,Reverse phase/C18
0.008189996489369373,0.21320388250610284,IK_YVWPKMWQKWFMBB-UHFFFAOYSA-N,2-Amino-4-[carbamimidoyl(methyl)amino]butanoic acid,MTBLS11904,plasma,Negative,Reverse phase/C18
-0.033622189620163646,0.1443319687351391,IK_NKFNBVMJTSYZDV-UHFFFAOYSA-N,Lauryldiethanolamine,MTBLS11904,plasma,Positive,Reverse phase/C18
-0.08016599960523364,0.06735937897252495,IK_BBIXOODYWPFNDT-CIUDSAMLSA-N,Isoleucylproline,MTBLS11904,plasma,Positive,Reverse phase/C18
0.1264958339581944,0.3235910626188146,IK_VKOBVWXKNCXXDE-UHFFFAOYSA-N,arachidic acid,ST003159,serum,Negative,Reverse phase/C18
-0.10644194261604961,0.02399690914790801,IK_UCYPOAPUDLUXQX-VXOKBQSKSA-N,"MG(22:2(13Z,16Z)/0:0/0:0)",MTBLS11904,plasma,Negative,Reverse phase/C18
9.911437868722456e-4,0.20132173976512793,IK_JITASQOSGITBPR-FMCGBTBPSA-N,Vdavp,MTBLS11904,plasma,Negative,Reverse phase/C18
-0.23130441402729132,-0.1820961791428004,IK_JFVBCXHSPKJLRP-UHFFFAOYSA-N,4-Oxopentanenitrile,MTBLS11904,plasma,Negative,Reverse phase/C18
-0.5601086358283381,0.05343461076997453,IK_DSLZVSRJTYRBFB-LLEIAEIESA-N,saccharic acid,38720721,serum,Not reported,Reverse phase/C18
-0.21549359070141877,-0.15599945502412926,IK_LCHFAYIGHOVWSA-UHFFFAOYSA-N,"1-(1,2,3,4,5-Pentahydroxypent-1-yl)-1,2,3,4-tetrahydro-beta-carboline-3-carboxylate",MTBLS11904,plasma,Negative,Reverse phase/C18
-0.18630607759364018,0.33934655100981137,IK_PZHOVOCGVTXFSM-DOFZRALJSA-N,LPC 42:4,37755270,serum,Not reported,Reverse phase/C18
-0.08136049902789601,0.06538395569835168,IK_JTSDBFGMPLKDCD-XVFHVFLVSA-N,Tilmicosin,MTBLS11904,plasma,Positive,Reverse phase/C18
-0.38305500178192015,-0.4325697355949761,IK_ZAFDCAVLVDWCPI-UHFFFAOYSA-N,Benzoyl-l-arg,MTBLS11904,plasma,Negative,Reverse phase/C18
-0.03431460491729266,0.14304745827730367,IK_IWBHCLOBTQKEFG-UHFFFAOYSA-N,Reticulatamol,MTBLS11904,plasma,Negative,Reverse phase/C18
-0.10505603441754287,0.026197074996667638,IK_NDQCVBYVTMEEQZ-RXQYGXENSA-N,"DG(15:0/0:0/18:3(9,11,15)-OH(13))",MTBLS11904,plasma,Positive,Reverse phase/C18
-0.10170841245973491,0.03180988814809413,IK_WMUMZOAFCDOTRW-OVEHVULHSA-N,12alpha-hydroxy-3-oxo-5beta-cholan-24-oic Acid,MTBLS11904,plasma,Negative,Reverse phase/C18
-0.37575342738331274,-0.4205180433015495,IK_ZBXYMKUZCWCGPC-BDWKERMESA-N,"(2E,4E)-2,7-Dimethyl-2,4-octadienedioic acid",MTBLS11904,plasma,Negative,Reverse phase/C18
-0.41029231138042194,-0.4785924300255961,IK_OPKOKAMJFNKNAS-UHFFFAOYSA-N,2-(Methylamino)ethanol,MTBLS11904,plasma,Positive,Reverse phase/C18
0.023820362378187437,0.23900274994109968,IK_VJDOAZKNBQCAGE-UHFFFAOYSA-N,Polyribosylribitolphosphate,MTBLS11904,plasma,Negative,Reverse phase/C18
-0.10440138827367386,0.027364968176507184,IK_XWYBFXIUISNTQG-XPYNSANSSA-N,"3a,21-Dihydroxy-5b-pregnane-11,20-dione",MTBLS11904,plasma,Negative,Reverse phase/C18
-0.30705477599264885,-0.3071267494162446,IK_ZIMMPNSGYHHAIF-MNIDJLETSA-N,"PE-NMe(18:2(9Z,12Z)/20:2(11Z,14Z))",MTBLS11904,plasma,Negative,Reverse phase/C18
-0.027983041121800105,0.15365780304349386,IK_IXSYVBCFIGEECR-JLNKQSITSA-N,"MG(0:0/20:5(5Z,8Z,11Z,14Z,17Z)/0:0)",MTBLS11904,plasma,Positive,Reverse phase/C18
2.956702411504596,0.5772146297689271,IK_PVNIIMVLHYAWGP-UHFFFAOYSA-N,nicotinic acid,38516193,plasma,Positive,LC-MS/unspecified
-0.20087656100623016,-0.13187316082377656,IK_ZJUKTBDSGOFHSH-WFMPWKQPSA-N,S-Adenosylhomocysteine,MTBLS11904,plasma,Negative,Reverse phase/C18
-0.0626602596132536,0.09626123467873317,IK_TVXJJNJGTDWFLD-TWGQIWQCSA-N,(Z)-[(4-hydroxyphenyl)acetaldehyde oxime],MTBLS11904,plasma,Negative,Reverse phase/C18
-0.5742424192051366,-0.7481361722478251,IK_AGPIOXWTGKGPPK-UHFFFAOYSA-N,Cyclo(glycylleucylvalylleucylprolylseryl),MTBLS11904,plasma,Negative,Reverse phase/C18
-0.1128412309661285,0.013434494497184892,IK_KWXICGTUELOLSQ-UHFFFAOYSA-N,Dodecylbenzenesulfonic Acid,MTBLS11904,plasma,Negative,Reverse phase/C18
0.09192211710555442,0.3514088299429344,IK_WXNXCEHXYPACJF-UHFFFAOYSA-N,Acetyl-DL-Leucine,MTBLS11904,plasma,Negative,Reverse phase/C18
-0.04379554643198995,0.12739858851205346,IK_COLNVLDHVKWLRT-QMMMGPOBSA-N,L-Phenylalanine,MTBLS11904,plasma,Negative,Reverse phase/C18
-0.05985027550797005,-0.1643510879236851,IK_HWXBTNAVRSUOJR-UHFFFAOYSA-N,2-hydroxyglutaric acid,38720721,serum,Not reported,Reverse phase/C18
-0.12476528469533246,-0.006246878655889465,IK_YJBKIVNOGNRKDV-UHFFFAOYSA-N,Edta citrate,MTBLS11904,plasma,Negative,Reverse phase/C18
-0.06096673879087689,0.09905649318055379,IK_GKGOLPMYJJXRGD-UHFFFAOYSA-N,"2-Methyl-4-propyl-1,3-oxathiane",MTBLS11904,plasma,Negative,Reverse phase/C18
-0.2584146312618884,-0.22684323820688965,IK_QVMUHZHZYCDMAI-RYUDHWBXSA-N,Austdiol,MTBLS11904,plasma,Negative,Reverse phase/C18
-0.11828270815532371,0.004453006700063532,IK_HYRKAAMZBDSJFJ-LFDBJOOHSA-N,Paramethasone acetate,MTBLS11904,plasma,Negative,Reverse phase/C18
-0.7469121558375156,-1.033138054402491,IK_VWWQXMAJTJZDQX-UYBVJOGSSA-N,FAD,MTBLS11904,plasma,Negative,Reverse phase/C18
-0.19810029707479637,-0.12729076839279324,IK_SNIXRMIHFOIVBB-UHFFFAOYSA-N,N-hydroxyl-tryptamine,MTBLS11904,plasma,Negative,Reverse phase/C18
-0.09377773742081626,0.0448487436133771,IK_JJCQSGDBDPYCEO-XVZSLQNASA-N,Dibekacin,MTBLS11904,plasma,Positive,Reverse phase/C18
-0.1307099935491596,-0.01622858150689866,IK_TZCPCKNHXULUIY-RGULYWFUSA-N,PS(18:0/18:0),MTBLS11904,plasma,Positive,Reverse phase/C18
-0.7128473971957431,-0.9769121020988497,IK_PWSKCIUNCJJBIX-RXDOKCLVSA-N,PG(5-iso PGF2VI/a-13:0),MTBLS11904,plasma,Negative,Reverse phase/C18
-0.045094940049838814,0.1253587195234597,IK_XZOBJEOEOJXQBF-UHFFFAOYSA-N,3-Methyl-5-propyl-2-furanundecanoic acid,MTBLS11904,plasma,Positive,Reverse phase/C18
0.26489724297111744,0.6369147747811422,IK_KTCOGEGNUCOCON-UHFFFAOYSA-N,Glyzarin,MTBLS11904,plasma,Negative,Reverse phase/C18
3.518170683106825,-1.8343796446135148,IK_IWDCLRJOBJJRNH-UHFFFAOYSA-N,p-cresol,38720721,serum,Not reported,Reverse phase/C18
-0.14472452786760417,-0.03940534722968528,IK_CLKPVQZFNYXFCY-UHFFFAOYSA-N,"1-Hydroxy-2,2,5,5-tetramethylpyrrolidine-3-carboxylic acid",MTBLS11904,plasma,Positive,Reverse phase/C18
-0.5490617050382396,-0.7065738754287516,IK_HQXMTDSLKXAPTA-NRFANRHFSA-N,N-Palmitoyl Asparagine,MTBLS11904,plasma,Negative,Reverse phase/C18
-0.4982408044199962,1.0290666397876091,IK_LRFVTYWOQMYALW-UHFFFAOYSA-N,Xanthine,28880465,serum,Positive,LC-MS/unspecified
-0.1132508563692067,0.012644753249343334,IK_KOCFTADHOAAXFC-UHFFFAOYSA-N,N-Hydroxymethyl-N-methylformamide,MTBLS11904,plasma,Positive,Reverse phase/C18
-0.1404743322248519,-0.032376516790476075,IK_LKICWTKOZJNCQH-AATRIKPKSA-N,(12E)-10-Hydroxytetradec-12-enoylcarnitine,MTBLS11904,plasma,Positive,Reverse phase/C18
-0.041643941567986675,0.13094994352980818,IK_YYAYRZYQSCUFIG-ZTYLUMCNSA-N,PC(TXB2/18:0),MTBLS11904,plasma,Negative,Reverse phase/C18
0.20327760753145435,0.5361088982133938,IK_LMOUVAHDYFZTCE-UHFFFAOYSA-N,Tetrahydrothiophene sulfoxide,MTBLS11904,plasma,Positive,Reverse phase/C18
-0.09152763398197114,0.048569889372659,IK_WXURHACBFYSXBI-GQKYHHCASA-N,Flumethasone,MTBLS11904,plasma,Positive,Reverse phase/C18
0.025635226439509298,0.3098841300055431,IK_GXOMMGAFBINOJY-SLINCCQESA-M,Dicloxacillin sodium,24167579,serum,Positive,Reverse phase/C18
-0.37371287356950755,-0.4171499857458561,IK_VDYXBEFIBYPOSV-UHFFFAOYSA-N,5-Hydroxyindolin-2-one sulfate,MTBLS11904,plasma,Negative,Reverse phase/C18
-0.3812076391038738,-0.43049317649212687,IK_SBBDHANTMHIRGW-UHFFFAOYSA-N,"4-[(2,4-Dihydroxy-3,3-dimethylbutanoyl)amino]butanoic acid",MTBLS11904,plasma,Positive,Reverse phase/C18
-0.18485137539803748,-0.10576578098253818,NO_INCHIKEY__gpcho 2 0 18 3,GPCho(2:0/18:3),MTBLS11904,plasma,Positive,Reverse phase/C18
0.040547352578128915,0.2666116630701393,IK_JDZBITULCWBIMC-AEQQXRABSA-N,"4-Hydroxy-2,5,5,9-Tetramethylcycloundeca-2,9-Dienyl 4-Hydroxybenzoate",MTBLS11904,plasma,Negative,Reverse phase/C18
0.013588317515192447,0.22240711979292105,IK_FKEIHZHIVAFDLO-RYPYTVSESA-N,"PC(22:1(13Z)/22:5(4Z,7Z,10Z,13Z,16Z))",MTBLS11904,plasma,Positive,Reverse phase/C18
-0.14844692139002494,-0.04556131676557864,IK_VYFYYTLLBUKUHU-UHFFFAOYSA-N,Dopamine,MTBLS11904,plasma,Positive,Reverse phase/C18
0.058484340227065355,1.1476247532534116,IK_PHIQHXFUZVPYII-UHFFFAOYNA-N,Carnitine,29518718,plasma,Positive,LC-MS/unspecified
0.26424636961510317,0.8748370344542802,NO_INCHIKEY__possible prenol lipid,Possible prenol lipid,24167579,serum,Positive,Reverse phase/C18
0.9273027182415039,1.7302552198501076,IK_MINDHVHHQZYEEK-HBBNESRFSA-N,Mupirocin,MTBLS11904,plasma,Negative,Reverse phase/C18
0.2406604589875155,0.5969104923723139,IK_DMNOQQUULVKPTE-UHFFFAOYSA-N,"3,5-dihydroxy-4-(sulfooxy)benzoic acid",MTBLS11904,plasma,Negative,Reverse phase/C18
0.05322099777907232,0.2875302839390739,IK_SGPLNSURQYXVNX-UHFFFAOYSA-N,N-Nitrosotomatidine,MTBLS11904,plasma,Negative,Reverse phase/C18
-0.02527786571358581,0.15796314476440493,IK_LKAPTZKZHMOIRE-KVTDHHQDSA-N,"2,5-Anhydro-D-mannose",MTBLS11904,plasma,Negative,Reverse phase/C18
1.1296956466991517,1.6371833305629013,IK_PMTMAFAPLCGXGK-JMTMCXQRSA-N,12-oxo-PDA,38516193,plasma,Positive,LC-MS/unspecified
-0.20165391495453816,-0.13315623031522966,IK_NWVJXHCRPZDUPG-WYGAFBEVSA-N,"(6E,8R,10Z)-8-hydroxy-3-oxohexadecadienoic acid",MTBLS11904,plasma,Negative,Reverse phase/C18
-0.04348375508835297,0.1280232426162312,IK_OEHVJXBNLPHFCT-UHFFFAOYSA-N,Glutamine lactate,MTBLS11904,plasma,Positive,Reverse phase/C18
-0.0908671015354981,0.049704129523386535,IK_DBDTUXMDTSTPQZ-UHFFFAOYSA-N,Fenquizone,MTBLS11904,plasma,Negative,Reverse phase/C18
-0.06965644500315489,0.08471360574732573,IK_YYVUMXYSCXRWIL-UHFFFAOYSA-N,Cyclostenol,MTBLS11904,plasma,Negative,Reverse phase/C18
-0.005648679234222457,0.19059362105328323,IK_UFGLFVVFQFFPSV-LKBCLYITSA-N,"5alpha-Androstane-3beta,7alpha,17beta-triol",MTBLS11904,plasma,Positive,Reverse phase/C18
1.7177036662869078,-0.37898859647237904,IK_LEHOTFFKMJEONL-UHFFFAOYSA-N,Uric acid,38720721,serum,Not reported,Reverse phase/C18
-0.15954465451833505,-0.06391437571518081,IK_FKWQEFWENKGUGF-VFUOTHLCSA-N,Beta-D-Glucopyranosylurea,MTBLS11904,plasma,Positive,Reverse phase/C18
-0.09434720830717472,0.043906971680636134,IK_IJTJDJOOHZVSAC-NDRUHXFFSA-N,PC 40:5,MTBLS11904,plasma,Positive,Reverse phase/C18
-0.0883747109693838,0.05378408737302617,IK_HMARMWSETGYKDK-AOGVJQIJSA-N,"PE(14:0/18:2(9Z,12Z))",MTBLS11904,plasma,Positive,Reverse phase/C18
5.925451463710204,-1.5590807363347834,IK_RHZCEPSTZFIWEU-UHFFFAOYSA-N,Cer d40:0,37755270,serum,Not reported,Reverse phase/C18
-0.3628040139606768,-0.40005787886259003,IK_RRMWQDBJZKKUGJ-HZNABPJSSA-N,"DG(18:4(6Z,9Z,12Z,15Z)/20:3(8Z,11Z,14Z)/0:0)",MTBLS11904,plasma,Positive,Reverse phase/C18
-0.5633297974187402,-0.5283959970157667,IK_NOSWATRCDIPOON-UHFFFAOYSA-N,135-Trichloro-(2-methylsulfonyl)benzene,ST003159,serum,Negative,Reverse phase/C18
-0.6341306940116096,0.2431726182809922,IK_MYYIAHXIVFADCU-QMMMGPOBSA-N,Anserine,38516193,plasma,Positive,LC-MS/unspecified
-0.07604080957995019,0.07418147887205713,IK_MVFGUOIZUNYYSO-UHFFFAOYSA-N,Prilocaine,MTBLS11904,plasma,Positive,Reverse phase/C18
-0.1802095943134731,-0.05158358510204856,IK_VFRROHXSMXFLSN-SLPGGIOYSA-N,glucose-6-phosphate,38720721,serum,Not reported,Reverse phase/C18
1.7370334975312893,0.5069849506297358,IK_FDGQSTZJBFJUBT-UHFFFAOYSA-N,Hypoxanthine,ACS1517,serum,Positive,Reverse phase/C18
-0.7348566961476266,0.14561762484817403,IK_DIGMYZZFQSIQBD-PNLKURBTSA-N,TG 49:3,37755270,serum,Not reported,Reverse phase/C18
-0.9388422237151081,-1.3499302810766214,IK_OMISYDASOKPVDK-UHFFFAOYSA-N,"5-(3',4',5'-Trihydroxyphenyl)-gamma-valerolactone-3'-O-sulphate",MTBLS11904,plasma,Negative,Reverse phase/C18
-0.10693112077950201,0.023096120177941784,IK_UTBVIMLZIRIFFR-UHFFFAOYSA-N,2-(Methylthio)benzothiazole,MTBLS11904,plasma,Positive,Reverse phase/C18
0.0425185000050769,0.269865161404221,IK_RPTUKVYGSPDHGQ-PSALXKTOSA-N,SM(d16:1/16:0),MTBLS11904,plasma,Negative,Reverse phase/C18
-0.13084530283464044,-0.016282318179714064,IK_OROAFUQRIXKEMV-LDADJPATSA-N,Eprosartan,MTBLS11904,plasma,Negative,Reverse phase/C18
-0.11005727804126415,0.011720916439224825,IK_FFEARJCKVFRZRR-UHFFFAOYNA-N,Methionine,ST001814,plasma,Positive,GC-MS
-0.017101768199155886,0.17145828969787089,IK_CZKPOZZJODAYPZ-LROMGURASA-N,Eptifibatide,MTBLS11904,plasma,Negative,Reverse phase/C18
-0.16500723064392914,-0.07266865363194237,IK_FDGQSTZJBFJUBT-UHFFFAOYSA-N,Hypoxanthine,MTBLS11904,plasma,Negative,Reverse phase/C18
-0.08159662107482736,0.06499346514964731,IK_IMOKOCYUKGZZAG-CSMHCCOUSA-N,Valylhydroxyproline,MTBLS11904,plasma,Positive,Reverse phase/C18
0.027762657232083137,0.24550974660926192,IK_XUVJDFTVUZWJIR-UHFFFAOYSA-N,"1-3-(4,5-dihydrofuranone)-5-(hydroxymethyl)-pyrrole-2-carboxyaldehyde",MTBLS11904,plasma,Negative,Reverse phase/C18
-2.0865192045656262,-3.244240800906661,IK_BPHPUYQFMNQIOC-NXRLNHOXSA-N,Isopropyl-beta-D-thiogalactopyranoside,MTBLS11904,plasma,Negative,Reverse phase/C18
-0.058095538741604266,0.10385876565357179,IK_ZIBGPFATKBEMQZ-UHFFFAOYSA-N,TRIETHYLENE GLYCOL,MTBLS11904,plasma,Positive,Reverse phase/C18
-0.16190587438664236,-0.0678192814834891,IK_AGSPXMVUFBBBMO-UHFFFAOYSA-N,Beta-Aminopropionitrile,MTBLS11904,plasma,Positive,Reverse phase/C18
-0.10824002792820693,0.015075943357742407,IK_BKAJNAXTPSGJCU-UHFFFAOYSA-N,4-Methyl-2-oxovaleric Acid,ST001814,plasma,Positive,GC-MS
-0.32788573960077244,-0.342311209350106,IK_YSMODUONRAFBET-UHNVWZDZSA-N,5-Hydroxylysine,MTBLS11904,plasma,Positive,Reverse phase/C18
0.02551942240176373,0.2421383809283137,IK_MFGALGYVFGDXIX-UHFFFAOYSA-N,"2,3-Dimethylmaleic anhydride",MTBLS11904,plasma,Positive,Reverse phase/C18
-0.1347949163501731,8.77136153301801e-4,IK_PETYOUXDCHQKTQ-QXPKXGMISA-N,carnitine 12:1,ST003159,serum,Positive,HILIC
0.9232502603611963,10.75177838000295,IK_POQRWMRXUOPCLD-AAAFHMTMSA-N,C24:0 glucosylceramide,24058461,plasma,Not reported,LC-MS/unspecified
0.25772060082477544,0.6250692917146591,IK_XTWYTFMLZFPYCI-KQYNXXCUSA-N,ADP,MTBLS11904,plasma,Negative,Reverse phase/C18
0.10484562613041049,0.3727398667171567,IK_LFPLDCZTCJLLHS-KZJYDNEQSA-N,DG(LTE4/a-21:0/0:0),MTBLS11904,plasma,Negative,Reverse phase/C18
-0.99816877718006,0.002509717293194998,IK_KLAONOISLHWJEE-QWRGUYRKSA-N,Phe-Gln,38720721,serum,Not reported,Reverse phase/C18
-0.2091220649075174,-0.1454828649788539,IK_FLCQLSRLQIPNLM-UHFFFAOYSA-N,"2,5-Dioxopyrrolidin-1-yl 2-(acetylthio)acetate",MTBLS11904,plasma,Negative,Reverse phase/C18
0.01826783429083925,0.22983796575760942,IK_ILJSQTXMGCGYMG-UHFFFAOYSA-N,Triacetic acid,MTBLS11904,plasma,Negative,Reverse phase/C18
-2.0308370665020257,-3.1523340527907564,IK_VKEQBMCRQDSRET-UHFFFAOYSA-N,Methylone,MTBLS11904,plasma,Negative,Reverse phase/C18
-0.46609843595941236,-0.40830787951735475,IK_LFLWRPZTBUUBEQ-ZRJLWMKBSA-N,Daphniphylline,ST003159,serum,Negative,Reverse phase/C18
0.08331569901077018,0.3372034149691054,IK_VTJXFTPMFYAJJU-UHFFFAOYSA-N,Tyrphostin 23,MTBLS11904,plasma,Negative,Reverse phase/C18
0.031260749702553214,0.25128356175344246,IK_OUDSFQBUEBFSPS-UHFFFAOYSA-N,N-(Carboxymethyl)-N-(2-((carboxymethyl)amino)ethyl)glycine,MTBLS11904,plasma,Negative,Reverse phase/C18
-0.7316682971793907,0.21811947677462348,IK_WGNAKZGUSRVWRH-UHFFFAOYSA-N,p-Cresol sulfate,33485385,plasma,Positive,LC-MS/unspecified
-0.1934639362380419,-0.11963817361688414,IK_DKHSNOLJPXJJMD-GQDNDFQBSA-N,Quercetin 3-O-xylosyl-glucuronide,MTBLS11904,plasma,Negative,Reverse phase/C18
0.0017127704306092336,0.2027677391419135,IK_OZJPLYNZGCXSJM-UHFFFAOYSA-N,Delta-Valerolactone,MTBLS11904,plasma,Positive,Reverse phase/C18
-0.19224237997874383,-0.11762192084728143,IK_PAJPWUMXBYXFCZ-UHFFFAOYSA-N,1-aminocyclopropane-1-carboxylic acid,MTBLS11904,plasma,Negative,Reverse phase/C18
-0.084227771109024,0.05940654277024782,IK_UCMIRNVEIXFBKS-UHFFFAOYSA-N,Beta-alanine,ST001814,plasma,Positive,GC-MS
-0.08020624827279808,0.06730051489348297,IK_XYWRZQQANNOTTD-UHFFFAOYSA-N,Glaucamine,MTBLS11904,plasma,Negative,Reverse phase/C18
-0.33731564570431644,11.434863512607318,IK_WBOZIXHPUPAOIA-JZZPSRGZSA-N,C24:1 glucosylceramide,24058461,plasma,Not reported,LC-MS/unspecified
-0.1407260163623964,-0.006448222525162224,IK_GTZCVFVGUGFEME-IWQZZHSRSA-N,cis-Aconitic acid,ST003159,serum,Negative,Reverse phase/C18
-0.28353647487603273,-0.268967884465175,IK_VLFJNHPNIOTOOA-YMIVKDKMSA-N,"LysoPE(0:0/22:4(7Z,10Z,13Z,16Z))",MTBLS11904,plasma,Positive,Reverse phase/C18
-0.049275688405681674,0.11844473766664061,IK_PXWLVJLKJGVOKE-UHFFFAOYSA-N,Propyphenazone,MTBLS11904,plasma,Positive,Reverse phase/C18
-0.31778503617077775,-0.32483769548085717,IK_ZKTMLINFIQCERN-QGZVFWFLSA-O,Lotusine,MTBLS11904,plasma,Negative,Reverse phase/C18
0.1666925896550243,0.4756058243293268,IK_YRXIDKUVBPMNRA-YTOKZNHUSA-N,Fasciculol C,MTBLS11904,plasma,Positive,Reverse phase/C18
-0.05762134060027886,0.10457827596524764,IK_KGQZGCIVHYLPBH-UHFFFAOYSA-N,Furafylline,MTBLS11904,plasma,Negative,Reverse phase/C18
0.008606435867656389,0.2138912407815881,IK_RAGZUCNPTLULOL-KQJPBSFVSA-N,3-Feruloylquinic acid,MTBLS11904,plasma,Negative,Reverse phase/C18
-0.041400325880959654,0.13146874788210328,IK_NBYHNBHEHIKVDS-CNFNJSKASA-N,DG(18:0/0:0/LTE4),MTBLS11904,plasma,Positive,Reverse phase/C18
0.04672453988495283,0.27680748574255093,IK_VFLYULAVOFVIAM-RRDRPCBCSA-N,"1-(4-O-beta-D-glucopyranosyl-3-methoxyphenyl)-3,5-dihydroxydecane",MTBLS11904,plasma,Negative,Reverse phase/C18
2.6003128721946505,-0.8624185812097269,IK_OOCCDEMITAIZTP-QPJJXVBHSA-N,CINNAMYL ALCOHOL,38516193,plasma,Positive,LC-MS/unspecified
-0.09702788722590022,0.03947375477767803,IK_LVCMXFSJTNPFHH-FRCNGJHJSA-N,4-Hydroxyretinoic acid glucuronide,MTBLS11904,plasma,Positive,Reverse phase/C18
-0.07977709289138202,0.06800253908677702,IK_YBGBNHHXOJXFNM-UQCMLMITSA-N,Lucidenic acid N,MTBLS11904,plasma,Positive,Reverse phase/C18
-0.2967795190277522,-0.33299946948883286,IK_OYHQOLUKZRVURQ-HZJYTTRNSA-N,Linoleic acid,ST001814,plasma,Positive,GC-MS
-0.21960246141377693,-0.1627813962138711,IK_IPVQLZZIHOAWMC-QXKUPLGCSA-N,Perindopril,MTBLS11904,plasma,Negative,Reverse phase/C18
-0.310802732511512,-0.31331297978723466,IK_UILPJVPSNHJFIK-UHFFFAOYSA-N,Paeonol,MTBLS11904,plasma,Negative,Reverse phase/C18
-0.20878891327020002,-0.14493297876555294,IK_MPDGHEJMBKOTSU-YKLVYJNSSA-N,Glycyrrhetinic acid,MTBLS11904,plasma,Negative,Reverse phase/C18
-0.2800417275490425,-0.26254007310352795,IK_ZBHYMNYETSSWIX-RMKNXTFCSA-N,6-Hydroxynon-4-enoylcarnitine,MTBLS11904,plasma,Negative,Reverse phase/C18
-0.05942893341870101,0.10165364266602471,IK_SKGLAZSLOGYCCA-PEFXOJROSA-N,Neuromedin N (1-4),MTBLS11904,plasma,Positive,Reverse phase/C18
-0.17100396066574194,-0.08256662069637,IK_JYGXADMDTFJGBT-VWUMJDOOSA-N,Hydrocortisone,MTBLS11904,plasma,Negative,Reverse phase/C18
-0.1123341472309339,0.014160776418292834,IK_QYYHPAUOLCHORH-UHFFFAOYSA-N,N-(1-Adamantyl)urea,MTBLS11904,plasma,Positive,Reverse phase/C18
-0.342748785624819,0.2580080576664275,IK_YGPSJZOEDVAXAB-UHFFFAOYSA-N,Kynurenine,33485385,plasma,Positive,LC-MS/unspecified
-0.25186264855950186,-0.21602879295084637,IK_XMIFBEZRFMTGRL-TURQNECASA-N,5-Taurinomethyl-2-thiouridine,MTBLS11904,plasma,Negative,Reverse phase/C18
4.0715495500934744e-4,0.20060855625592583,IK_DTOSIQBPPRVQHS-PDBXOOCHSA-N,Linolenic Acid,MTBLS11904,plasma,Positive,Reverse phase/C18
-0.13143224910243867,-0.017423023005185827,IK_IJVCSMSMFSCRME-UHFFFAOYSA-N,Hydromorphine,MTBLS11904,plasma,Positive,Reverse phase/C18
-0.13643247927548838,-0.025692235722719566,IK_YHGXYYIGHBPDMX-BUTFDPNWSA-N,PC(20:3/0:0),MTBLS11904,plasma,Positive,Reverse phase/C18
-0.2436549846589836,0.2419894868045314,IK_RDKCYWXIOLUDKK-KDPMOZFYSA-N,PC P-36:4 or PC O-36:5,37755270,serum,Not reported,Reverse phase/C18
-0.05170635571294416,0.1144249822402505,IK_INWLQCZOYSRPNW-UHFFFAOYSA-N,Mepivacaine,MTBLS11904,plasma,Positive,Reverse phase/C18
-0.07022557926231886,0.08377421539361596,IK_BJBUEDPLEOHJGE-BKLSDQPFSA-N,3-Hydroxy-L-proline,MTBLS11904,plasma,Negative,Reverse phase/C18
1.897839471795894,0.15286498363575968,IK_BCTXZWCPBLWCRV-ZYADFMMDSA-N,"16(17)-epoxy-4Z,7Z,10Z,13Z,19Z-docosapentaenoic acid",37755270,serum,Not reported,Reverse phase/C18
-0.052152100854904904,0.11360558836781912,IK_SSYFPKXWJHNROG-ZFDJEVKPSA-N,PA(10:0/PGD1),MTBLS11904,plasma,Negative,Reverse phase/C18
-0.21781122654454213,-0.1602736761660423,IK_HHDMMUWDSFASNB-JZYAIQKZSA-N,4-O-(Indole-3-acetyl)-D-glucopyranose,MTBLS11904,plasma,Positive,Reverse phase/C18
-0.018406612423903245,0.16930456554456183,IK_HZCLJRFPXMKWHR-FEBLJDHQSA-N,SM(d18:1/12:0),MTBLS11904,plasma,Negative,Reverse phase/C18
-0.31199652583810833,-0.3152834075541726,IK_PITVQFJBUFDJDD-XEGUGMAKSA-N,Tryptophyl-Isoleucine,MTBLS11904,plasma,Negative,Reverse phase/C18
-0.07069754382539767,0.08299520966139791,IK_MJEQLGCFPLHMNV-UHFFFAOYSA-N,Hydroxymethylcytosine,MTBLS11904,plasma,Negative,Reverse phase/C18
0.2339711580309205,0.1477089696708344,IK_HPHUVLMMVZITSG-LURJTMIESA-N,Levetiracetam,38720721,serum,Not reported,Reverse phase/C18
0.05609027432641883,0.292695429166256,IK_PHMBVCPLDPDESM-FKSUSPILSA-N,Ecgonine,MTBLS11904,plasma,Positive,Reverse phase/C18
-0.09509327109649422,0.0393467743706958,IK_GVJHHUAWPYXKBD-IEOSBIPESA-N,alpha tocophereol,ST001814,plasma,Positive,GC-MS
-0.12754318112408652,-0.010991413654358377,IK_JDJSHLXEHWCLEP-SYHAXYEDSA-N,Miserotoxin,MTBLS11904,plasma,Positive,Reverse phase/C18
8.467782600839813e-4,0.20108345559651325,IK_SUMDYPCJJOFFON-UHFFFAOYSA-M,2-Hydroxyethanesulfonate,MTBLS11904,plasma,Negative,Reverse phase/C18
0.4589964228194824,0.24456336709131446,IK_JAZBEHYOTPTENJ-JLNKQSITSA-N,FFA 20:5,33485385,plasma,Negative,LC-MS/unspecified
-0.11609820989590826,0.007935895455760702,IK_RDHQFKQIGNGIED-MRVPVSSYSA-N,O-Acetylcarnitine,MTBLS11904,plasma,Positive,Reverse phase/C18
-1.2178904814734843,-0.3384989757480953,IK_SPJFYYJXNPEZDW-FTJOPAKQSA-N,LysoPC(18:2),29518718,plasma,Positive,LC-MS/unspecified
0.9361337203766561,-0.05478914976501108,IK_WCRMUYBCGFGNRR-LTFXTMEVSA-N,PC O-42:4,37755270,serum,Not reported,Reverse phase/C18
-0.01895484794044347,0.16858832550370503,IK_YMAHRLYIAABQRQ-UHFFFAOYSA-N,"2-(3-fluorophenyl)-4-(4-Methylpiperazin-1-yl)-1H-pyrrolo[3,2-c]pyridine",MTBLS11904,plasma,Positive,Reverse phase/C18
-0.08637461861343161,0.05709177312864474,IK_AFWVBXLXFDAISA-GPRPIQDKSA-N,Eriojaposide B,MTBLS11904,plasma,Positive,Reverse phase/C18
-0.177514299761928,-0.09331233065777358,IK_DGAUETYRWFLGRT-OPSAWKISSA-N,LysoPE(0:0/20:1(11Z)),MTBLS11904,plasma,Negative,Reverse phase/C18
-0.20542176697659514,-0.13978440378541362,IK_NYPJDWWKZLNGGM-UHFFFAOYSA-N,Fenvalerate,MTBLS11904,plasma,Positive,Reverse phase/C18
-0.14975253701767086,-0.04772050072725704,IK_UXFQFBNBSPQBJW-UHFFFAOYSA-N,"2-Amino-2-methyl-1,3-propanediol",MTBLS11904,plasma,Positive,Reverse phase/C18
-0.16625654930736028,-0.07473072993130339,IK_IVFYLRMMHVYGJH-PVPPCFLZSA-N,Polyporusterone C,MTBLS11904,plasma,Negative,Reverse phase/C18
-0.31985424870179396,0.25194885318085225,IK_DRTQHJPVMGBUCF-XVFCMESISA-N,Uridine,38720721,serum,Not reported,Reverse phase/C18
-0.28723363969031324,-0.2744107613769902,IK_CWJQQASJVVAXKL-UHFFFAOYSA-N,"4-(3-Methyl-5-oxo-4,5-dihydro-1H-pyrazol-1-yl)benzenesulfonic acid",MTBLS11904,plasma,Negative,Reverse phase/C18
-0.153724942376034,-0.0542899310612419,IK_AUDMGMSPKITTQO-DEKGSFKZSA-N,"Cer(d16:1/20:4(6E,8Z,11Z,13E)-2OH(5S,15S))",MTBLS11904,plasma,Positive,Reverse phase/C18
0.16447977591323493,0.4711696505856008,IK_KHLRCNXJXSYNCK-ZIEHFRHMSA-N,GPEtn(16:0/20:5),MTBLS11904,plasma,Negative,Reverse phase/C18
-0.259735495974815,0.453812499836378,IK_WMOFTJILTZIKIH-DIPNUNPCSA-N,PC 31:0,37755270,serum,Not reported,Reverse phase/C18
-0.09022856088947573,0.050758079098709497,IK_XGILAAMKEQUXLS-UHFFFAOYSA-N,Indolelactic acid,MTBLS11904,plasma,Negative,Reverse phase/C18
-0.02383007211949997,0.16052584372306342,IK_MCFZBCCYOPSZLG-UHFFFAOYSA-N,"2-Cyclopentene-1,4-dione",MTBLS11904,plasma,Positive,Reverse phase/C18
-0.23666260325103824,-0.19094019555621453,IK_BCIWKKMTBRYQJU-UHFFFAOYSA-N,(S)-[8]-Gingerol,MTBLS11904,plasma,Negative,Reverse phase/C18
-0.06624869192724078,0.09037535493567095,IK_LCJRHAPPMIUHLH-UHFFFAOYSA-N,Policapram,MTBLS11904,plasma,Positive,Reverse phase/C18
-0.0500837841083959,0.11701947092617634,IK_RBNPOMFGQQGHHO-UHFFFAOYSA-N,glyceric acid,MTBLS11904,plasma,Negative,Reverse phase/C18
-0.10644194261604975,0.02399690914790827,IK_JIJYZALGIIQXKE-UHFFFAOYSA-N,5-Deoxykievitone,MTBLS11904,plasma,Negative,Reverse phase/C18
-0.029997022890239203,0.1503271474357021,IK_GUMSBNXGPBAONF-UBRVPYPMSA-N,"PE(20:3(8Z,11Z,14Z)/24:1(15Z))",MTBLS11904,plasma,Positive,Reverse phase/C18
-0.3399211642346226,0.3311235286314449,IK_JPRQDPHQDRCGNK-SJCQXOIGSA-N,GM3 d34:1,37755270,serum,Not reported,Reverse phase/C18
-0.07917984318005111,0.0689902507238636,IK_BPSLZWSRHTULGU-ZCFIWIBFSA-N,(R)-1-Methylpiperidine-2-carboxylic acid,MTBLS11904,plasma,Positive,Reverse phase/C18
0.3432646516157726,0.5913170205291359,IK_WWNNZCOKKKDOPX-UHFFFAOYSA-N,Trigonelline,ST003159,serum,Positive,HILIC
-2.248718261781559,-3.5119601902322057,IK_QDPNFTHYUAKYKM-UHFFFAOYSA-N,2-hydroxy-3-(sulfooxy)benzoic acid,MTBLS11904,plasma,Negative,Reverse phase/C18
0.435432073145834,-0.58094064381477,IK_OMFXVFTZEKFJBZ-HJTSIMOOSA-N,Corticosterone,33485385,plasma,Positive,LC-MS/unspecified
0.13693737732642416,0.21839058747736093,IK_SOECUQMRSRVZQQ-UHFFFAOYSA-N,Ubiquinone 1,33485385,plasma,Positive,LC-MS/unspecified
-0.10127809150285612,0.032520158585674135,IK_FZERHIULMFGESH-UHFFFAOYSA-N,N-Acetylarylamine,MTBLS11904,plasma,Negative,Reverse phase/C18
-0.309914327889533,-0.3118466132309344,IK_BIUULCNWWFDCPG-UHFFFAOYSA-N,Coixinden B,MTBLS11904,plasma,Negative,Reverse phase/C18
-0.1820318010728334,-0.10110286329051707,IK_AURCBSWGPREGRQ-VGNRXBDKSA-N,3-O-Sulfogalactosylceramide (d18:1/20:0),MTBLS11904,plasma,Positive,Reverse phase/C18
1.4148265234348414,10.327332703512374,IK_YIGARKIIFOHVPF-CNUVFPMCSA-N,C22:0 glucosylceramide,24058461,plasma,Not reported,LC-MS/unspecified
-0.04370369612514744,0.13422050015045997,IK_QNAYBMKLOCPYGJ-REOHCLBHSA-N,L-Alanine,ST001814,plasma,Positive,GC-MS
2.694222158474984,-2.811551798863726,IK_IACOAKYXFIWAQN-UHFFFAOYSA-N,homovanillic acid sulfate,38720721,serum,Not reported,Reverse phase/C18
-0.1264320189293901,-0.009153810287652265,IK_KWABLUYIOFEZOY-UHFFFAOYSA-N,Dioctyl succinate,MTBLS11904,plasma,Positive,Reverse phase/C18
-0.09695843925837508,0.03958860590866252,IK_BVCXYGDKSPEQAH-IHSNFILASA-N,CL(11:0/12:0/12:0/12:0),MTBLS11904,plasma,Positive,Reverse phase/C18
-0.04609984527177575,0.12359520328619171,IK_VGSSUFQMXBFFTM-METNKUIYSA-N,"(3beta,5alpha,6beta,24R)-Stigmastane-3,5,6-triol",MTBLS11904,plasma,Negative,Reverse phase/C18
0.1073026196990287,0.37679528294554987,IK_HUTDUHSNJYTCAR-UHFFFAOYSA-N,Ancymidol,MTBLS11904,plasma,Negative,Reverse phase/C18
-0.16726988587751443,-0.07640330356316417,IK_GMSNIKWWOQHZGF-UHFFFAOYSA-N,3-Methylxanthine,MTBLS11904,plasma,Negative,Reverse phase/C18
-0.11121711637856496,0.01611519485308441,IK_QBMSTEZXAMABFF-UEARNRKISA-N,Mycophenolic acid O-acyl-glucuronide,MTBLS11904,plasma,Negative,Reverse phase/C18
0.142663705425951,0.4358676622436079,IK_KSUBHIPBMPOXPG-FEBLJDHQSA-N,SM(d14:1/16:0),MTBLS11904,plasma,Positive,Reverse phase/C18
0.4109287273085011,0.8779486040011508,IK_IDYRXWOMWZHWEO-UHFFFAOYSA-N,"4-(8-Amino-1,2,3,4-tetrahydro-2-methyl-4-isoquinolinyl)phenol",MTBLS11904,plasma,Negative,Reverse phase/C18
0.180734801398053,0.49799955690673114,IK_SEHFUALWMUWDKS-UHFFFAOYSA-N,5-Fluoroorotic acid,MTBLS11904,plasma,Negative,Reverse phase/C18
-0.2438679818024964,-0.2033654626360353,IK_JJMDCOVWQOJGCB-UHFFFAOYSA-N,5-Aminopentanoic acid,MTBLS11904,plasma,Positive,Reverse phase/C18
-0.18628729393965512,-0.10779268947470785,IK_GKCNNWJPOJGTLV-UKTHLTGXSA-N,"2-Polyprenyl-3-methyl-6-methoxy-1,4-benzoquinone",MTBLS11904,plasma,Negative,Reverse phase/C18
0.5799281531375374,-0.7529568596752945,IK_IWJBVMJWSPZNJH-UQGZVRACSA-N,ethyl-beta-glucuronide,38720721,serum,Not reported,Reverse phase/C18
0.2690445246289728,0.6448720175419497,IK_LSFLNLHTOKKPHT-UHFFFAOYSA-N,"(+)-15,16-Dihydroxyoctadecanoic acid",MTBLS11904,plasma,Positive,Reverse phase/C18
-0.26528563455180143,-0.23878525747687598,IK_ACXPNSWGVZLPRG-UHFFFAOYSA-N,3-Hydroxyeicosanoylcarnitine,MTBLS11904,plasma,Positive,Reverse phase/C18
0.030122481408705052,0.24940478036754687,IK_CICRQSYFFGMUEH-MVKOLZDDSA-N,N-Linoleoyl Leucine,MTBLS11904,plasma,Negative,Reverse phase/C18
-1.4121863446241871,0.7451898416187398,IK_GKZIWHRNKRBEOH-UHFFFAOYSA-N,Phenylalanylphenylalanine,28880465,serum,Positive,LC-MS/unspecified
-0.14065939561013013,-0.03248107376105402,IK_IWHLYPDWHHPVAA-UHFFFAOYSA-N,6-Hydroxycaproic acid,MTBLS11904,plasma,Negative,Reverse phase/C18
-0.2822210948171798,-0.26613725165104324,IK_XJODGRWDFZVTKW-UHFFFAOYSA-N,N-Methyl-dl-Leucine,MTBLS11904,plasma,Negative,Reverse phase/C18
-0.12389023504062,-0.004950293776544671,IK_SNFUTDLOCQQRQD-ZKWXMUAHSA-N,Glutamylisoleucine,MTBLS11904,plasma,Positive,Reverse phase/C18
0.6782314899204244,-0.4431668365255448,IK_SHZGCJCMOBCMKK-DHVFOXMCSA-N,fucose,38720721,serum,Not reported,Reverse phase/C18
-0.6908052279144881,-0.9424952726411041,IK_DREONSBNBZFXLW-UHFFFAOYSA-N,Beta-Hydroxy-gamma-trimethylaminobutyric acid,MTBLS11904,plasma,Positive,Reverse phase/C18
-0.28208228151489423,-0.26590813173491185,IK_WJHRAVIQWFQMKF-UHFFFAOYSA-N,Alpha-Bisabolol oxide A,MTBLS11904,plasma,Negative,Reverse phase/C18
-0.09394441165226793,0.04457310311996526,IK_OLBNOBQOQZRLMP-UHFFFAOYSA-N,"2,6-Dimethoxy-1,4-benzoquinone",MTBLS11904,plasma,Positive,Reverse phase/C18
1.2583028522982898,-1.176733359961327,IK_PQPZSPJVMUCVAQ-JTQLQIEISA-N,PMeOH 36:4,37755270,serum,Not reported,Reverse phase/C18
-0.15179221434100443,-0.05085646673348607,IK_GLXUWZBUPATPBR-MLWJPKLSSA-N,"N-Succinyl-L,L-2,6-diaminopimelate",MTBLS11904,plasma,Negative,Reverse phase/C18
0.11210555639424642,0.3847228222430385,IK_QYIXCDOBOSTCEI-KKFSNPNRSA-N,Epi-coprostanol,MTBLS11904,plasma,Negative,Reverse phase/C18
-0.046442224667991826,0.12313062521083568,IK_QBSJMKIUCUGGNG-UHFFFAOYSA-N,2-Isopropylphenyl methylcarbamate,MTBLS11904,plasma,Positive,Reverse phase/C18
-0.17718435571874966,-0.0930863212142198,IK_DQKSVFVIWBOSPM-UHFFFAOYSA-N,[2-Amino-2-(hydroxymethyl)-5-(4-octylphenyl)pentyl] dihydrogen phosphate,MTBLS11904,plasma,Positive,Reverse phase/C18
6.177202340004757,-0.5370711973465897,IK_HOUYEUYYRCGVGJ-WDTHWMLCSA-N,PS 18:0_22:3,37755270,serum,Not reported,Reverse phase/C18
0.08450381195655188,0.32438167692278475,IK_GMSNIKWWOQHZGF-UHFFFAOYSA-N,3-Methylxanthine,28880465,serum,Positive,LC-MS/unspecified
-0.1143897976133552,0.010761210856766686,IK_MMFKFJORZBJVNF-UWVGGRQHSA-N,Histidylleucine,MTBLS11904,plasma,Positive,Reverse phase/C18
-0.10693112077950183,0.023096120177941784,IK_HOMAGVUCNZNWBC-UHFFFAOYSA-N,2-Propenyl 3-methylbutanoate,MTBLS11904,plasma,Positive,Reverse phase/C18
-0.249947026317345,-0.21286694207349796,IK_HCHGFYPZNIAAGT-MOZMCZEASA-N,Donhexocin,MTBLS11904,plasma,Negative,Reverse phase/C18
-0.17559057060203692,-0.04950859589144652,IK_JAZBEHYOTPTENJ-JLNKQSITSA-N,FFA 20:5,ST003159,serum,Negative,Reverse phase/C18
0.41069797996764196,-0.2911262666029498,IK_DUYSYHSSBDVJSM-KRWOKUGFSA-N,Sphingosine-1-phosphate,38720721,serum,Not reported,Reverse phase/C18
-0.6610667941906876,0.3239369464001479,IK_DRTQHJPVMGBUCF-XVFCMESISA-N,Uridine,33485385,plasma,Negative,LC-MS/unspecified
-0.11018989860634379,0.017810680249822824,IK_PNKLMTPXERFKEN-MLXHEQMXSA-N,HT-2 Toxin,MTBLS11904,plasma,Negative,Reverse phase/C18
-0.31526015798589224,-0.32143144642077115,IK_VQPVVWAFTIFKDD-LURJTMIESA-N,Gamma-Glutamyl-beta-aminopropiononitrile,MTBLS11904,plasma,Positive,Reverse phase/C18
0.22415556967878428,0.5696681701458968,IK_GINJFDRNADDBIN-FXQIFTODSA-N,Bialaphos,MTBLS11904,plasma,Negative,Reverse phase/C18
-0.11054180300442405,0.01082625643420859,IK_DCXYFEDJOCDNAF-REOHCLBHSA-N,L-Asparagine,ST001814,plasma,Positive,GC-MS
-0.03212135622260941,0.14666754791122166,IK_LILXPJXZNJTPQZ-UHFFFAOYSA-N,2-Methoxy-4-methylphenol sulfate,MTBLS11904,plasma,Negative,Reverse phase/C18
0.9846673942729142,0.13248307865528372,IK_STKYPAFSDFAEPH-LURJTMIESA-N,Glycyl-Valine,38720721,serum,Not reported,Reverse phase/C18
-0.09784940557128811,0.0381794134325504,IK_KBOVKDIBOBQLRS-QCNAHCIUSA-N,Tetranor-12(R)-HETE,MTBLS11904,plasma,Negative,Reverse phase/C18
-0.013367693410928323,0.1776216068310766,IK_ISIJQGZVIFYXMD-QMUWONGRSA-M,Adenosyl cobinamide,MTBLS11904,plasma,Negative,Reverse phase/C18
-0.09600006203468912,0.041173537558440734,IK_MMOXZBCLCQITDF-UHFFFAOYSA-N,Diethyltoluamide,MTBLS11904,plasma,Positive,Reverse phase/C18
0.082316244019208007,0.33555375349933875,IK_VUUOTOOJGWQGRY-OEOQYRPPSA-N,PC(P-18:1(9Z)/PGJ2),MTBLS11904,plasma,Negative,Reverse phase/C18
-0.12361313497493678,-0.004345186183591044,IK_RMIYQXBEQHMQGK-ZMEZPTJQSA-N,"PE(20:0/22:6(5Z,7Z,10Z,13Z,16Z,19Z)-OH(4))",MTBLS11904,plasma,Negative,Reverse phase/C18
0.21549362587063955,0.555371106242429,IK_OIFXLYCBBBXCIB-UHFFFAOYSA-N,8-Nonen-2-one,MTBLS11904,plasma,Negative,Reverse phase/C18
-0.053373099229468694,0.11166857786866795,IK_VAPHLLYHDMUQSW-UHFFFAOYSA-N,Ethyl N2-acetyl-L-argininate,MTBLS11904,plasma,Positive,Reverse phase/C18
-0.13650888106709066,-0.025630397955147953,IK_GHOKWGTUZJEAQD-ZETCQYMHSA-N,Pantothenic acid,MTBLS11904,plasma,Negative,Reverse phase/C18
-0.2801805408513296,-0.262769193019658,IK_RPSLZGPKLQLZGH-UHFFFAOYSA-N,Mollicellin C,MTBLS11904,plasma,Negative,Reverse phase/C18
-0.29446753414941695,-0.2870453033185791,IK_OALYTRUKMRCXNH-UHFFFAOYSA-N,Dihydro-5-pentyl-2(3H)-furanone,MTBLS11904,plasma,Positive,Reverse phase/C18
1.7894403752455355,0.30337313865823157,IK_CTYRPMDGLDAWRQ-UHFFFAOYSA-N,Phenol sulphate,37755270,serum,Not reported,Reverse phase/C18
-0.117528831213457,0.0055699827085724535,IK_KACDZDULGKPXHT-HIVNOOBXSA-N,PE(P-18:0/0:0),MTBLS11904,plasma,Positive,Reverse phase/C18
-0.10601162150712606,0.02470718066117792,IK_KVCSJPATKXABRQ-UHFFFAOYSA-N,Piboserod,MTBLS11904,plasma,Negative,Reverse phase/C18
-0.44286960869770847,-0.5312973739957131,IK_BXZSKDOPGDPDEG-UHFFFAOYSA-N,8-Methoxykynurenate,MTBLS11904,plasma,Negative,Reverse phase/C18
1.1152469629444024,0.42142376573364304,IK_GHCZAUBVMUEKKP-PNNZQWTHSA-N,chenodeoxycholic acid glycine conjugate,ACS1517,serum,Positive,Reverse phase/C18
-0.22531157199237872,-0.17267749544095062,IK_TWPMMLHBHPYSMT-UHFFFAOYSA-N,3-Methyl-N-phenylaniline,MTBLS11904,plasma,Positive,Reverse phase/C18
0.0017405496321064198,0.20281367924347293,IK_NXJDPFSYOMFVES-SUTPNROZSA-N,3-O-Sulfogalactosylceramide (d18:1/18:1(9Z)),MTBLS11904,plasma,Positive,Reverse phase/C18
0.21581985138979803,0.5568508397623538,IK_LJARBVLDSOWRJT-PSXMRANNSA-N,PC(15:0/15:0),MTBLS11904,plasma,Positive,Reverse phase/C18
-0.049778395251736,0.11752353321250551,IK_OCEZPDBEDULORM-UHFFFAOYSA-N,Ile-Ile-Ile-Pro,MTBLS11904,plasma,Negative,Reverse phase/C18
-0.14833576578082325,-0.0451513890353262,IK_OAQGPAZDRCBBLD-YTCWWFNZSA-N,"17-phenyl-18,19,20-trinor-prostaglandin D2",MTBLS11904,plasma,Negative,Reverse phase/C18
-0.1137712792667441,0.011899394400412702,IK_WQZGKKKJIJFFOK-GASJEMHNSA-N,glucose,MTBLS11904,plasma,Negative,Reverse phase/C18
2.3728455304992915,-1.3476020867434204,IK_BFWYTORDSFIVKP-USWFWKISSA-N,15-HPETE,37755270,serum,Not reported,Reverse phase/C18
-0.09174578929214965,0.04825380205146049,IK_CNUQZHQKEQFDPU-MDWZMJQESA-N,"2-Polyprenyl-6-methoxy-1,4-benzoquinone",MTBLS11904,plasma,Negative,Reverse phase/C18
-0.3065411672948006,-0.3062790069164825,IK_PWGFIVDGCMQGCD-CCMQFXHASA-N,"9,10,11-Trihydroxyumbelliprenin",MTBLS11904,plasma,Negative,Reverse phase/C18
-0.08437452678604897,0.060399457411357854,IK_HSQVHYANHDSFFI-UHFFFAOYSA-N,"2',3-Dimethyl-4-aminobiphenyl",MTBLS11904,plasma,Positive,Reverse phase/C18
-0.05201328755261898,0.11383470828394832,IK_SZBGXBOFCGNPEU-UHFFFAOYSA-N,5-Aminopentanal,MTBLS11904,plasma,Negative,Reverse phase/C18
-0.2852888664032071,-0.27120079460347635,IK_AFKRZUUZFWTBCC-WSTZPKSXSA-N,Penethamate,MTBLS11904,plasma,Negative,Reverse phase/C18
-0.09846018358869704,0.037171286708511275,IK_BLERHOKJGPAHCL-UHFFFAOYSA-N,15-hydroxyicosanoic acid,MTBLS11904,plasma,Negative,Reverse phase/C18
-0.08531457367263047,0.058868914385354944,IK_GYJSAWZGYQXRBS-GRJZKGIBSA-N,"3beta,7alpha-Dihydroxy-5-cholestenoate",MTBLS11904,plasma,Negative,Reverse phase/C18
-0.06954051034630694,0.08493145614623969,IK_DEAFEFSHUVGNFC-UHFFFAOYSA-N,(2S)-6-Amino-2-(hexanoylamino)hexanoic Acid,MTBLS11904,plasma,Positive,Reverse phase/C18
-0.10920900341984391,0.01932903431709953,IK_QNKGXSIDHDDDHD-UHFFFAOYSA-N,"3,7,8,15-Scirpenetetrol",MTBLS11904,plasma,Positive,Reverse phase/C18
-0.10725058020644342,0.022567808646079237,IK_NQRYJNQNLNOLGT-UHFFFAOYSA-N,Piperidine,MTBLS11904,plasma,Positive,Reverse phase/C18
0.22329241763613808,0.569208718935701,IK_RHVBIEJVJWNXBU-XZVKZCCLSA-N,17beta-hydroxy-5beta-estran-3-one,MTBLS11904,plasma,Positive,Reverse phase/C18
-0.2175612149330803,-0.15986021468947473,IK_VVLXCWVSSLFQDS-QWRGUYRKSA-N,Gamma-Glutamyltyrosine,MTBLS11904,plasma,Positive,Reverse phase/C18
0.02606913603318182,0.24271448771022716,IK_CHHHXKFHOYLYRE-STWYSWDKSA-M,Polysorbate 20,MTBLS11904,plasma,Negative,Reverse phase/C18
-0.05327648779464217,0.11174971982249203,IK_VEBVPUXQAPLADL-POYOOMFHSA-N,Ingenol,MTBLS11904,plasma,Negative,Reverse phase/C18
0.007268582077532117,0.2119557539400132,IK_MAAMGQXOTCBPFS-JPGWWKBXSA-N,"PC(18:0/22:5(7Z,10Z,13Z,16Z,19Z))",MTBLS11904,plasma,Positive,Reverse phase/C18
-0.2111348564692344,-0.14880510008048092,IK_XGRLSUFHELJJAB-KVVVOXFISA-M,1-Oleoyl Lysophosphatidic Acid (sodium salt),MTBLS11904,plasma,Negative,Reverse phase/C18
-0.004064473489506844,-0.12926487688910385,IK_GOMVPVRDBLLHQC-VEJNOCSESA-N,LPC 20:4,37755270,serum,Not reported,Reverse phase/C18
-0.03934467549853752,0.13486831344362807,IK_IXYVBZOSGGJWCW-UHFFFAOYSA-N,Glycinexylidide,MTBLS11904,plasma,Positive,Reverse phase/C18
0.18412460245960807,-0.10883725476628973,IK_NBIIXXVUZAFLBC-UHFFFAOYSA-K,Phosphate,33485385,plasma,Positive,LC-MS/unspecified
4.635226871854786,-1.2981285587384574,IK_YSSWCDJIKPKJLL-SJCQXOIGSA-N,Cer-NP t42:1,37755270,serum,Not reported,Reverse phase/C18
-0.34499101647112596,0.006005189989848507,IK_ASJJOPLGTKDUEX-UWDAMKIQSA-N,TG 18:1_18:1_19:1,37755270,serum,Not reported,Reverse phase/C18
-0.13846614729197165,-0.028860984524349063,IK_XGWNSZFVLRVRKZ-UHFFFAOYSA-N,"3-(3,5-Dichlorophenyl)-4-hydroxy-1,3-thiazol-2-one",MTBLS11904,plasma,Negative,Reverse phase/C18
-0.273813805190849,-0.25288885953254536,IK_NIXOWILDQLNWCW-UHFFFAOYSA-N,Acrylic acid,MTBLS11904,plasma,Positive,Reverse phase/C18
-0.047039474379322654,0.12214291357374904,IK_JWHAUXFOSRPERK-UHFFFAOYSA-N,Propafenone,MTBLS11904,plasma,Positive,Reverse phase/C18
-0.019103454783298605,0.16815438457412063,IK_NQAHWJIWYRYXFP-UHFFFAOYSA-N,Melleolide H,MTBLS11904,plasma,Negative,Reverse phase/C18
4.0580781857004125,0.18146958139213437,IK_AFWBWPCXSWUCLB-WDSKDSINSA-N,Pro-Ser,38720721,serum,Not reported,Reverse phase/C18
-0.14932196176227105,-0.047008428905104066,IK_QRRSWTCVSAQEPQ-UHFFFAOYSA-N,Vulgarole,MTBLS11904,plasma,Positive,Reverse phase/C18
-0.30759614747115627,-0.30802031584298106,IK_QEFNQQRVZDFDIJ-UHFFFAOYSA-N,"(1S,2S,4R,8R)-p-Menthane-1,2,8,9-tetrol",MTBLS11904,plasma,Negative,Reverse phase/C18
0.02888068825978523,0.24769712937582467,IK_IPMVHVDAYPUFKH-WYRBGLKBSA-N,PC(16:1(9Z)/16:0),MTBLS11904,plasma,Positive,Reverse phase/C18
0.41150620932836796,1.4255858394741523,IK_GMBQZIIUCVWOCD-WWASVFFGSA-N,tryptamine (3-(2-aminoethyl)indole),38516193,plasma,Positive,LC-MS/unspecified
-0.015200027535590514,0.17459722841312475,IK_QWZIITCYKKSZGN-UHFFFAOYSA-N,Xi-3-Hydroxy-2-oxobutanoic acid,MTBLS11904,plasma,Negative,Reverse phase/C18
-0.6035875292691857,-0.7965720577133781,IK_UZTFMUBKZQVKLK-UHFFFAOYSA-M,4-Acetamidobutanoate,MTBLS11904,plasma,Negative,Reverse phase/C18
0.04407583221188145,0.2728263481233972,IK_XYYHNDVKALDFHQ-OXHZBIAZSA-N,"PE(18:0/22:6(4Z,7Z,10Z,13Z,16Z,19Z))",MTBLS11904,plasma,Positive,Reverse phase/C18
-0.4768371981719641,-0.5873629431507694,IK_XZZMJRBYVRSAOS-UHFFFAOYSA-N,"4-Hydroxy-5-phenyltetrahydro-1,3-oxazin-2-one",MTBLS11904,plasma,Negative,Reverse phase/C18
-0.2910925767610177,-0.012418269684134843,IK_KJUNGQXFZYMUOH-FKWLWHCOSA-N,LPC 18:1.1,37755270,serum,Not reported,Reverse phase/C18
-0.11622321536133219,0.007729165991774174,IK_GQQZXRPXBDJABR-XMDONHODSA-N,3-O-Sulfogalactosylceramide (d18:1/18:0),MTBLS11904,plasma,Positive,Reverse phase/C18
-0.5260881207680912,-0.6686545800084733,IK_NGHNCQYFTPFRAD-UHFFFAOYSA-N,3-Oxobutanoylcarnitine,MTBLS11904,plasma,Negative,Reverse phase/C18
-0.025652661109148222,0.1573445221807728,IK_DBHPURNMQZJCPT-HRLVBISOSA-N,"PE(20:4(5Z,8Z,11Z,14Z)/6 keto-PGF1alpha)",MTBLS11904,plasma,Negative,Reverse phase/C18
-0.010869055707541235,0.18174575982701474,IK_YLWSJLLZUHSIEA-CKSUKHGVSA-N,SM d34:2,MTBLS11904,plasma,Negative,Reverse phase/C18
-0.17076797857246434,-0.08217711802886711,IK_CMHMMKSPYOOVGI-UHFFFAOYSA-N,Isopropyl 4-hydroxybenzoate,MTBLS11904,plasma,Negative,Reverse phase/C18
-0.784114092828696,-1.0945421092773955,IK_CZNJCCVKDVCRKF-UHFFFAOYSA-N,Benzyl sulfate,MTBLS11904,plasma,Negative,Reverse phase/C18
-0.4154731057259786,-0.4871602545616181,IK_LPEPZZAVFJPLNZ-SFHVURJKSA-N,8-Prenylnaringenin,MTBLS11904,plasma,Positive,Reverse phase/C18
-0.35492865143595487,-0.3870338686471271,IK_KHCDPAZLBSPVSE-UHFFFAOYSA-N,9-Oxohexadecanoic acid,MTBLS11904,plasma,Positive,Reverse phase/C18
-0.10809784137719175,0.021166636608114762,IK_BDHRPSJHSJIYMM-XGRKIXBHSA-N,"PS(18:3(9,11,15)-OH(13)/22:1(13Z))",MTBLS11904,plasma,Positive,Reverse phase/C18
-0.7829549250511112,0.07880918599460116,IK_JVTAAEKCZFNVCJ-UHFFFAOYSA-N,Lactic acid,38720721,serum,Not reported,Reverse phase/C18
-0.06948495231983817,0.0850233359521463,IK_NPQJTPHMCZYCNP-UHFFFAOYSA-N,Permetin A,MTBLS11904,plasma,Positive,Reverse phase/C18
-0.04070001191325982,0.13250795646715105,IK_KHAVLLBUVKBTBG-UHFFFAOYSA-N,9-Decenoic acid,MTBLS11904,plasma,Negative,Reverse phase/C18
-0.14768334340416484,-0.04407452622221924,IK_XVQDCCGQSOTQBN-RXCALXPUSA-N,"12'-Apo-b-carotene-3,12'-diol",MTBLS11904,plasma,Negative,Reverse phase/C18
-0.4085272237554556,-0.4746131840111909,IK_HOSWPDPVFBCLSY-VKHMYHEASA-N,L-Aspartate-semialdehyde,MTBLS11904,plasma,Negative,Reverse phase/C18
-0.07908931030915649,0.06889280008051761,IK_AGPKZVBTJJNPAG-UHFFFAOYNA-N,Isoleucine,ST001814,plasma,Positive,GC-MS
-0.021343846633723136,0.16463748003105005,IK_DPZVDLFOAZNCBU-UHFFFAOYSA-N,Tetrahydrofurfuryl butyrate,MTBLS11904,plasma,Positive,Reverse phase/C18
2.2581909416585226,0.26789609498693306,IK_OTCCIMWXFLJLIA-BYPYZUCNSA-N,N-Acetylaspartic acid,38720721,serum,Not reported,Reverse phase/C18
-0.1566090322382891,-0.05880691779585443,IK_YYZUSRORWSJGET-UHFFFAOYSA-N,Ethyl octanoate,MTBLS11904,plasma,Negative,Reverse phase/C18
0.34657380852390973,0.848219505709146,IK_RYYVLZVUVIJVGH-UHFFFAOYSA-N,Caffeine,ACS1517,serum,Positive,Reverse phase/C18
-0.47494933871046796,-0.5842469162003942,IK_IZEZNNYKKNVXNA-UHFFFAOYSA-N,"3-(3,5-dihydroxyphenyl)-1-propanoic acid sulphate",MTBLS11904,plasma,Negative,Reverse phase/C18
-0.14408808191822262,-0.038140329005144344,IK_MBMQEIFVQACCCH-XVNBXDOJSA-N,"(S,E)-Zearalenone",MTBLS11904,plasma,Negative,Reverse phase/C18
-0.24017457714805496,-0.19673692178679753,IK_SSYGGPAGDDGXAF-ZXXIGWHRSA-N,"Estra-1,3,5(10)-triene-3,17-diol, 16-iodo-, (16alpha,17beta)-",MTBLS11904,plasma,Negative,Reverse phase/C18
-0.10930623021234051,0.019168243481768016,IK_QQQYTWIFVNKMRW-UHFFFAOYSA-N,Diflubenzuron,MTBLS11904,plasma,Positive,Reverse phase/C18
-0.30660698172937645,-0.3071211138254257,IK_MQIUGAXCHLFZKX-UHFFFAOYSA-N,Dioctyl phthalate,MTBLS11904,plasma,Positive,Reverse phase/C18
-0.42612873707121923,-0.5036655497802702,IK_JEKNPVYFNMZRJG-STHMYGMFSA-N,16(R)-HETE,MTBLS11904,plasma,Negative,Reverse phase/C18
0.2975738696471729,0.6908495308692937,IK_HCFRWBBJISAZNK-UHFFFAOYSA-N,4-Hydroxycyclohexylcarboxylic acid,MTBLS11904,plasma,Negative,Reverse phase/C18
-0.2507243804176977,-0.21415001264064118,IK_JWICNZAGYSIBAR-UHFFFAOYSA-N,Fibrinopeptide A human,MTBLS11904,plasma,Negative,Reverse phase/C18
-0.023750920445583263,0.16048346089602766,IK_VGZSUPCWNCWDAN-UHFFFAOYSA-N,Acetohexamide,MTBLS11904,plasma,Negative,Reverse phase/C18
-0.04387266195424947,0.127380081426289,IK_SVEBYYWCXTVYCR-LBPRGKRZSA-N,Methyldopate,MTBLS11904,plasma,Positive,Reverse phase/C18
0.28198514774107697,0.6651193991261505,IK_MGRVRXRGTBOSHW-UHFFFAOYSA-N,Aminomethylphosphonic acid,MTBLS11904,plasma,Negative,Reverse phase/C18
-0.21552135310555218,-0.15604527855388883,IK_PNEJUHLZEPRMHF-UHFFFAOYSA-N,6-Hydroxypentadecanedioic acid,MTBLS11904,plasma,Negative,Reverse phase/C18
-0.031163743335884734,0.1483976649415661,IK_LZOSYCMHQXPBFU-UHFFFAOYSA-N,Decanoyl-L-carnitine,MTBLS11904,plasma,Positive,Reverse phase/C18
5.161164702754389,2.1377645245310473,IK_UGAGPNKCDRTDHP-UHFFFAOYSA-N,"l-dopa (3,4-dihydroxy-l-phenylalanine)",38516193,plasma,Positive,LC-MS/unspecified
0.2279312886017806,0.5759002240466463,IK_ORQXBVXKBGUSBA-UHFFFAOYSA-N,2-Amino-3-cyclohexylpropanoic acid,MTBLS11904,plasma,Negative,Reverse phase/C18
