entity_id,canonical_metabolite,all_metabolite_names,InChIKey,formula,n_studies_with_log2fc,n_effect_observations,n_up,n_down,mean_log2fc,median_log2fc,max_abs_log2fc,min_p_value,studies,dominant_direction,consistency_score,discordant,recurrent
IK_YGPSJZOEDVAXAB-UHFFFAOYSA-N,Kynurenine,Kynurenine,YGPSJZOEDVAXAB-UHFFFAOYSA-N,C10H12N2O3,4,4,1,3,-0.12455029225,-0.160452361,0.217591435,0.0113,33485385 | 38720721 | MTBLS11904 | ST003159,Down in PD,0.75,TRUE,TRUE
IK_OUYCCCASQSFEME-UHFFFAOYNA-N,Tyrosine,Tyrosine,OUYCCCASQSFEME-UHFFFAOYNA-N,C9H11NO3,4,4,2,2,-0.76743481125,-0.055112869999999994,3.450226358,9.3e-6,34577635 | 38516193 | 38720721 | ST001814,Discordant/tie,0.5,TRUE,TRUE
IK_VKOBVWXKNCXXDE-UHFFFAOYSA-N,arachidic acid,arachidic acid | C20:0 ceramide | FFA 20:0 | FFAD 20:0,VKOBVWXKNCXXDE-UHFFFAOYSA-N,C20H40O2,4,4,2,2,0.26637458849999995,0.2594639305,1.07293,0.006,24058461 | 33485385 | 38720721 | ST003159,Discordant/tie,0.5,TRUE,TRUE
IK_XUYPXLNMDZIRQH-LURJTMIESA-N,N-Acetyl-L-methionine,N-Acetyl-L-methionine | N-Acetylmethionine,XUYPXLNMDZIRQH-LURJTMIESA-N,C7H13NO3S,4,4,2,2,0.2565947195,0.1839351585,0.892973815,0.0035,33485385 | 38720721 | MTBLS11904 | ST003159,Discordant/tie,0.5,TRUE,TRUE
IK_GHOKWGTUZJEAQD-ZETCQYMHSA-N,Pantothenic acid,Pantothenic acid,GHOKWGTUZJEAQD-ZETCQYMHSA-N,C9H17NO5,4,4,2,2,-0.232460973,-0.10294805100000001,0.864432129,1.16e-7,33485385 | 38720721 | MTBLS11904 | ST003159,Discordant/tie,0.5,TRUE,TRUE
IK_YZXBAPSDXZZRGB-DOFZRALJSA-N,Arachidonic acid,Arachidonic acid | FFA 20:4,YZXBAPSDXZZRGB-DOFZRALJSA-N,C20H32O2,4,4,2,2,-0.06310306000000002,-0.048312481500000004,0.621488377,4e-4,33485385 | MTBLS11904 | ST001814 | ST003159,Discordant/tie,0.5,TRUE,TRUE
IK_DRTQHJPVMGBUCF-XVFCMESISA-N,Uridine,Uridine,DRTQHJPVMGBUCF-XVFCMESISA-N,C9H12N2O6,4,4,2,2,0.11713839325,0.1085629225,0.472378175,0.0105,33485385 | 38720721 | MTBLS11904 | ST003159,Discordant/tie,0.5,TRUE,TRUE
IK_PFDUUKDQEHURQC-ZETCQYMHSA-N,3-O-Methyl-a-methyldopa,3-O-Methyl-a-methyldopa | 3-O-Methyldopa,PFDUUKDQEHURQC-ZETCQYMHSA-N,C10H13NO4,3,3,3,0,9.833279423,9.046324417,15.80151503,0.0164,ACS1517 | MTBLS11904 | ST003159,Up in PD,1,FALSE,TRUE
IK_SPJFYYJXNPEZDW-FTJOPAKQSA-N,LysoPC(18:2),"LysoPC(18:2) | LPC 18:2 | LysoPC(18:2(9Z,12Z)/0:0)",SPJFYYJXNPEZDW-FTJOPAKQSA-N,C26H50NO7P,3,3,3,0,0.6062851393333333,0.23878686,1.485426827,0.00552,29518718 | 37755270 | MTBLS11904,Up in PD,1,FALSE,TRUE
IK_MBMBGCFOFBJSGT-KUBAVDMBSA-N,Docosahexaenoic Acid,Docosahexaenoic Acid | FFA 22:6,MBMBGCFOFBJSGT-KUBAVDMBSA-N,C22H32O2,3,3,0,3,-0.2793838413333333,-0.094010565,0.736965594,0,33485385 | MTBLS11904 | ST003159,Down in PD,1,FALSE,TRUE
IK_JYGXADMDTFJGBT-VWUMJDOOSA-N,Hydrocortisone,Hydrocortisone | Cortisol,JYGXADMDTFJGBT-VWUMJDOOSA-N,C21H30O5,3,3,3,0,0.36466506666666665,0.275007048,0.5959539,0.0165,33485385 | MTBLS11904 | ST003159,Up in PD,1,FALSE,TRUE
IK_YAMUFBLWGFFICM-PTGWMXDISA-N,LPC 18:1,LPC 18:1 | LysoPC(18:1(9Z)); LysoPC(18:1(11Z)),YAMUFBLWGFFICM-PTGWMXDISA-N,C26H52NO7P,3,3,3,0,0.37649697466666665,0.32998465,0.524499227,4.27e-4,37755270 | 38720721 | ST003159,Up in PD,1,FALSE,TRUE
IK_RCNSAJSGRJSBKK-NSQVQWHSSA-N,Biliverdin,Biliverdin,RCNSAJSGRJSBKK-NSQVQWHSSA-N,C33H34N4O6,3,3,0,3,-0.3751475103333334,-0.333886993,0.514573173,3e-4,33485385 | MTBLS11904 | ST003159,Down in PD,1,FALSE,TRUE
IK_RJZVWDTYEWCUAR-JOCHJYFZSA-N,LPC 15:0,LPC 15:0 | PC(15:0/0:0) | LysoPC(15:0/0:0),RJZVWDTYEWCUAR-JOCHJYFZSA-N,C23H48NO7P,3,3,3,0,0.37880764033333336,0.334850352,0.485426827,9.87e-6,37755270 | 38720721 | MTBLS11904,Up in PD,1,FALSE,TRUE
IK_LSOWKZULVQWMLY-APPDJCNMSA-N,LPC 22:6,"LPC 22:6 | LysoPC(22:6(4Z,7Z,10Z,13Z,16Z,19Z)/0:0)",LSOWKZULVQWMLY-APPDJCNMSA-N,C30H50NO7P,3,3,3,0,0.30553333666666666,0.286881148,0.463622457,0.00659,37755270 | 38720721 | MTBLS11904,Up in PD,1,FALSE,TRUE
IK_YYQVCMMXPIJVHY-ZOIJLGJPSA-N,LPC 20:2,"LPC 20:2 | LysoPC(20:2(11Z,14Z)/0:0)",YYQVCMMXPIJVHY-ZOIJLGJPSA-N,C28H54NO7P,3,3,3,0,0.2854595506666667,0.263034406,0.381837084,0.00732,37755270 | 38720721 | MTBLS11904,Up in PD,1,FALSE,TRUE
IK_HNDVDQJCIGZPNO-YFKPBYRVSA-N,Histidine,Histidine | L-Histidine,HNDVDQJCIGZPNO-YFKPBYRVSA-N,C6H9N3O2,3,3,0,3,-0.10774753766666667,-0.072019401,0.241270432,0.00827,38720721 | MTBLS11904 | ST001814,Down in PD,1,FALSE,TRUE
IK_ONIBWKKTOPOVIA-UHFFFAOYNA-N,Proline,Proline,ONIBWKKTOPOVIA-UHFFFAOYNA-N,C5H9NO2,3,3,3,0,0.10100871833333333,0.067534798,0.189033824,0.0401,33485385 | ST001814 | ST003159,Up in PD,1,FALSE,TRUE
IK_MWOOGOJBHIARFG-UHFFFAOYSA-N,Vanillin,Vanillin,MWOOGOJBHIARFG-UHFFFAOYSA-N,C8H8O3,3,3,2,1,1.316088848,0.344828497,5.030063521,4.15e-4,28880465 | 38720721 | MTBLS11904,Up in PD,0.6666666666666666,TRUE,TRUE
IK_ZDXPYRJPNDTMRX-VKHMYHEASA-N,Glutamine,Glutamine | L-Glutamine,ZDXPYRJPNDTMRX-VKHMYHEASA-N,C5H10N2O3,3,3,2,1,-1.1620393693333333,0.071122855,4.689287619,7.5e-5,38516193 | MTBLS11904 | ST001814,Up in PD,0.6666666666666666,TRUE,TRUE
IK_UGQMRVRMYYASKQ-KQYNXXCUSA-N,Inosine,Inosine,UGQMRVRMYYASKQ-KQYNXXCUSA-N,C10H12N4O5,3,3,1,2,-1.325148432,-0.434402824,4.056472835,0.0686,28880465 | MTBLS11904 | ST003159,Down in PD,0.6666666666666666,TRUE,TRUE
IK_PVNIIMVLHYAWGP-UHFFFAOYSA-N,nicotinic acid,nicotinic acid | Niacin,PVNIIMVLHYAWGP-UHFFFAOYSA-N,C6H5NO2,3,3,1,2,-1.3623039526666667,-1.578380915,2.969011413,5.2e-6,38516193 | 38720721 | MTBLS11904,Down in PD,0.6666666666666666,TRUE,TRUE
IK_COLNVLDHVKWLRT-UHFFFAOYNA-N,Phenylalanine,Phenylalanine,COLNVLDHVKWLRT-UHFFFAOYNA-N,C9H11NO3,3,3,2,1,0.62232946199999994,0.021960072,2.201633861,6.74e-5,29518718 | 38720721 | ST001814,Up in PD,0.6666666666666666,TRUE,TRUE
IK_FDGQSTZJBFJUBT-UHFFFAOYSA-N,Hypoxanthine,Hypoxanthine,FDGQSTZJBFJUBT-UHFFFAOYSA-N,C5H4N4O,3,3,2,1,-0.5424594943333334,0.20669198,2.042753986,1e-4,ACS1517 | MTBLS11904 | ST001814,Up in PD,0.6666666666666666,TRUE,TRUE
IK_WHUUTDBJXJRKMK-VKHMYHEASA-N,Glutamic acid,Glutamic acid | L-Glutamic Acid | L-Glutamate | L-Glutamic Acid - H2O,WHUUTDBJXJRKMK-VKHMYHEASA-N,C5H9NO4,3,3,2,1,-0.06433726399999998,0.102613792,1.120294234,4e-6,37755270 | ST001814 | ST003159,Up in PD,0.6666666666666666,TRUE,TRUE
IK_WWNNZCOKKKDOPX-UHFFFAOYSA-N,Trigonelline,Trigonelline,WWNNZCOKKKDOPX-UHFFFAOYSA-N,C7H7NO2,3,3,1,2,-0.632521829,-0.915935735,1.084842058,0.0119,33485385 | MTBLS11904 | ST003159,Down in PD,0.6666666666666666,TRUE,TRUE
IK_WHBMMWSBFZVSSR-UHFFFAOYSA-N,3-Hydroxybutyric acid,3-Hydroxybutyric acid,WHBMMWSBFZVSSR-UHFFFAOYSA-N,C4H8O3,3,3,2,1,0.027905745000000023,0.117563035,1.070966521,0.00934,38720721 | MTBLS11904 | ST001814,Up in PD,0.6666666666666666,TRUE,TRUE
IK_UKMSUNONTOPOIO-UHFFFAOYSA-N,Behenic acid,Behenic acid | C22:0 ceramide,UKMSUNONTOPOIO-UHFFFAOYSA-N,C22H44O2,3,3,1,2,0.08788454733333333,-0.388100859,1.066792,0.01,24058461 | 37755270 | MTBLS11904,Down in PD,0.6666666666666666,TRUE,TRUE
IK_OYHQOLUKZRVURQ-HZJYTTRNSA-N,Linoleic acid,Linoleic acid | C18:2,OYHQOLUKZRVURQ-HZJYTTRNSA-N,C18H32O2,3,3,2,1,-0.009196920333333322,0.321928095,0.854648614,3.06e-4,34577635 | 38720721 | ST001814,Up in PD,0.6666666666666666,TRUE,TRUE
IK_CZWCKYRVOZZJNM-USOAJAOKSA-N,dehydroepiandrosterone sulfate,dehydroepiandrosterone sulfate,CZWCKYRVOZZJNM-USOAJAOKSA-N,C19H28O5S,3,3,1,2,-0.40052454333333337,-0.621488377,0.727379545,2.34e-4,37755270 | 38720721 | MTBLS11904,Down in PD,0.6666666666666666,TRUE,TRUE
IK_SECPZKHBENQXJG-FPLPWBNLSA-N,Palmitoleic acid,Palmitoleic acid | FA 16:1,SECPZKHBENQXJG-FPLPWBNLSA-N,C16H30O2,3,3,1,2,-0.052348211333333346,-0.197388967,0.596737682,0.00633,37755270 | MTBLS11904 | ST001814,Down in PD,0.6666666666666666,TRUE,TRUE
IK_ZQPPMHVWECSIRJ-KTKRTIGZSA-N,Oleic acid,Oleic acid | FFA 18:1,ZQPPMHVWECSIRJ-KTKRTIGZSA-N,C18H34O2,3,3,2,1,0.185467196,0.386074483,0.4922552,0.0199,33485385 | MTBLS11904 | ST001814,Up in PD,0.6666666666666666,TRUE,TRUE
IK_BKAJNAXTPSGJCU-UHFFFAOYSA-N,4-Methyl-2-oxovaleric Acid,4-Methyl-2-oxovaleric Acid | Ketoleucine | 2-ketoisocaproic acid,BKAJNAXTPSGJCU-UHFFFAOYSA-N,C6H10O3,3,3,2,1,-0.08307469166666667,0.070207949,0.457989645,3.6e-6,38720721 | MTBLS11904 | ST001814,Up in PD,0.6666666666666666,TRUE,TRUE
IK_AHLPHDHHMVZTML-UHFFFAOYSA-N,Ornithine,Ornithine,AHLPHDHHMVZTML-UHFFFAOYSA-N,C5H12N2O2,3,3,2,1,0.21936549833333335,0.325117103,0.405365059,NA,34577635 | MTBLS11904 | ST001814,Up in PD,0.6666666666666666,TRUE,TRUE
IK_QIVBCDIJIAJPQS-VIFPVBQESA-N,Tryptophan,Tryptophan | L-Tryptophan,QIVBCDIJIAJPQS-VIFPVBQESA-N,C11H12N2O2,3,3,2,1,-0.012536918333333332,0.144304556,0.380821784,3.35e-5,38720721 | MTBLS11904 | ST001814,Up in PD,0.6666666666666666,TRUE,TRUE
IK_DTOSIQBPPRVQHS-PDBXOOCHSA-N,Linolenic Acid,Linolenic Acid | FFA 18:3,DTOSIQBPPRVQHS-PDBXOOCHSA-N,C18H30O2,3,3,1,2,-0.159374234,-0.187057771,0.377069649,0.0331,33485385 | MTBLS11904 | ST003159,Down in PD,0.6666666666666666,TRUE,TRUE
IK_BHYOQNUELFTYRT-DPAQBDIFSA-N,cholesterol 3-sulfate,cholesterol 3-sulfate | Cholesterol sulfate,BHYOQNUELFTYRT-DPAQBDIFSA-N,C27H46O4S,3,3,1,2,-0.23833261766666666,-0.358453971,0.36215794,3.75e-6,37755270 | 38720721 | MTBLS11904,Down in PD,0.6666666666666666,TRUE,TRUE
IK_LEHOTFFKMJEONL-UHFFFAOYSA-N,Uric acid,Uric acid,LEHOTFFKMJEONL-UHFFFAOYSA-N,C5H4N4O3,3,3,2,1,-0.09364141499999999,0.027135646,0.345564459,1.22e-5,38720721 | MTBLS11904 | ST001814,Up in PD,0.6666666666666666,TRUE,TRUE
IK_XGILAAMKEQUXLS-UHFFFAOYSA-N,Indolelactic acid,Indolelactic acid,XGILAAMKEQUXLS-UHFFFAOYSA-N,C11H11NO3,3,3,2,1,-0.07234603666666665,0.029731256,0.304006187,0.0109,33485385 | MTBLS11904 | ST003159,Up in PD,0.6666666666666666,TRUE,TRUE
IK_NZKRYJGNYPYXJZ-UHFFFAOYSA-N,Dopamine 3-O-sulfate,"Dopamine 3-O-sulfate | Dopamine 3-O-sulfate2,3",NZKRYJGNYPYXJZ-UHFFFAOYSA-N,C8H11NO5S,2,2,2,0,9.12759539,9.12759539,13.04351745,NA,MTBLS11904 | ST003159,Up in PD,1,FALSE,TRUE
IK_BXJHWYVXLGLDMZ-UHFFFAOYSA-N,Methylguanine,Methylguanine | 2-Amino-6-methoxypurine,BXJHWYVXLGLDMZ-UHFFFAOYSA-N,C9H11NO2 | C6H7N5O,2,2,2,0,3.9662752175000002,3.9662752175000002,7.910492832,6.28e-8,28880465 | MTBLS11904,Up in PD,1,FALSE,TRUE
IK_JQXBETDGCMQLMK-UHFFFAOYSA-N,"3,4-Dihydroxyphenylacetone","3,4-Dihydroxyphenylacetone | 3,4 Dihydroxyphenylacetone",JQXBETDGCMQLMK-UHFFFAOYSA-N,C9H10O3,2,2,2,0,4.054399643,4.054399643,7.702726796,0,28880465 | MTBLS11904,Up in PD,1,FALSE,TRUE
IK_GXPIUNZCALHVBA-UHFFFAOYSA-N,Acetyl-sulfamethoxazole,Acetyl-sulfamethoxazole | N4-acetylsulfamethoxazole,GXPIUNZCALHVBA-UHFFFAOYSA-N,C12H13N3O4S,2,2,2,0,4.88708302,4.88708302,7.544578117,0.0196,37755270 | 38720721,Up in PD,1,FALSE,TRUE
IK_JPAUCQAJHLSMQW-XPORZQOISA-N,p-Cresol glucuronide,p-Cresol glucuronide | p-Cresol glucuronide3,JPAUCQAJHLSMQW-XPORZQOISA-N,C13H16O7,2,2,2,0,2.9829892135,2.9829892135,4.861641767,0.0021,33485385 | ST003159,Up in PD,1,FALSE,TRUE
IK_SVYIZYRTOYHQRE-UHFFFAOYSA-N,Vanillactic acid,Vanillactic acid,SVYIZYRTOYHQRE-UHFFFAOYSA-N,C10H12O5,2,2,2,0,4.655941363,4.655941363,4.708998317,6e-4,29518718 | ACS1517,Up in PD,1,FALSE,TRUE
IK_HVYWMOMLDIMFJA-DPAQBDIFSA-N,Cholesterol,Cholesterol,HVYWMOMLDIMFJA-DPAQBDIFSA-N,C27H46O,2,2,2,0,2.3064294025,2.3064294025,4.562486669,0.002,38720721 | ST001814,Up in PD,1,FALSE,TRUE
IK_ONJSZLXSECQROL-UHFFFAOYSA-N,o-Hydroxyhippuric acid,o-Hydroxyhippuric acid | Salicyluric Acid,ONJSZLXSECQROL-UHFFFAOYSA-N,C9H9NO4,2,2,2,0,2.1278358015,2.1278358015,4.118276657,0.011,38720721 | MTBLS11904,Up in PD,1,FALSE,TRUE
IK_RGHMISIYKIHAJW-UHFFFAOYSA-N,"3,4-Dihydroxymandelic acid","3,4-Dihydroxymandelic acid | 3,4-dihydroxymandelate",RGHMISIYKIHAJW-UHFFFAOYSA-N,C8H8O5,2,2,0,2,-1.888486222,-1.888486222,3.605261981,0.0066,38516193 | MTBLS11904,Down in PD,1,FALSE,TRUE
IK_RGHHSNMVTDWUBI-UHFFFAOYSA-N,4-Hydroxybenzaldehyde,4-Hydroxybenzaldehyde | p-Hydroxybenzaldehyde,RGHHSNMVTDWUBI-UHFFFAOYSA-N,C7H6O2,2,2,2,0,1.7751243885,1.7751243885,3.336283388,7e-4,29518718 | MTBLS11904,Up in PD,1,FALSE,TRUE
IK_COLNVLDHVKWLRT-QMMMGPOBSA-N,L-Phenylalanine,L-Phenylalanine,COLNVLDHVKWLRT-QMMMGPOBSA-N,C9H11NO2,2,2,0,2,-1.655486282,-1.655486282,3.229585326,1.4e-6,38516193 | MTBLS11904,Down in PD,1,FALSE,TRUE
IK_UHDGCWIWMRVCDJ-XVFCMESISA-N,melatonin,melatonin | Cytidine,UHDGCWIWMRVCDJ-XVFCMESISA-N,C9H13N3O5,2,2,0,2,-1.6304691674999998,-1.6304691674999998,3.109358756,4.4e-7,38516193 | MTBLS11904,Down in PD,1,FALSE,TRUE
IK_IGTYILLPRJOVFY-UHFFFAOYSA-N,Paracetamol sulfate,Paracetamol sulfate | acetaminophen sulfate,IGTYILLPRJOVFY-UHFFFAOYSA-N,C8H9NO5S,2,2,2,0,2.106767718,2.106767718,2.558183607,2.8e-5,38720721 | MTBLS11904,Up in PD,1,FALSE,TRUE
IK_VYFYYTLLBUKUHU-UHFFFAOYSA-N,Dopamine,Dopamine,VYFYYTLLBUKUHU-UHFFFAOYSA-N,C8H11NO2,2,2,2,0,1.3405900750000002,1.3405900750000002,2.512226887,1.59e-13,38720721 | MTBLS11904,Up in PD,1,FALSE,TRUE
IK_BMLMGCPTLHPWPY-REOHCLBHSA-N,Procysteine,Procysteine | 2-Oxothiazolidine-4-carboxylic acid,BMLMGCPTLHPWPY-REOHCLBHSA-N,C4H5NO3S,2,2,0,2,-1.1976977304999998,-1.1976977304999998,2.190997225,0.00187,38720721 | MTBLS11904,Down in PD,1,FALSE,TRUE
IK_HTZINLFNXLXRBC-CQLBIITFSA-N,PC(P-16:0/0:0),PC(P-16:0/0:0) | LysoPC(P-16:0),HTZINLFNXLXRBC-CQLBIITFSA-N,C24H50NO6P,2,2,2,0,1.0514899,1.0514899,1.89645553,NA,MTBLS11904 | ST003159,Up in PD,1,FALSE,TRUE
IK_RYYVLZVUVIJVGH-UHFFFAOYSA-N,Caffeine,Caffeine | Caffine,RYYVLZVUVIJVGH-UHFFFAOYSA-N,C8H10N4O2,2,2,0,2,-1.4339772014999999,-1.4339772014999999,1.787866492,1.6e-4,38720721 | ACS1517,Down in PD,1,FALSE,TRUE
IK_CTYRPMDGLDAWRQ-UHFFFAOYSA-N,Phenol sulphate,Phenol sulphate | Phenol sulfate,CTYRPMDGLDAWRQ-UHFFFAOYSA-N,C6H6O4S,2,2,0,2,-0.9108864795,-0.9108864795,1.689659879,5.33e-5,37755270 | MTBLS11904,Down in PD,1,FALSE,TRUE
IK_AEMOLEFTQBMNLQ-QIUUJYRFSA-N,Beta-D-Glucopyranuronic acid,Beta-D-Glucopyranuronic acid | b-D-Glucopyranuronic acid,AEMOLEFTQBMNLQ-QIUUJYRFSA-N,C6H10O7,2,2,0,2,-0.980898964,-0.980898964,1.64385619,NA,24167579 | MTBLS11904,Down in PD,1,FALSE,TRUE
IK_NSYSSMYQPLSPOD-UHFFFAOYSA-N,4-Hydroxy-6-methyl-2-pyrone,4-Hydroxy-6-methyl-2-pyrone,NSYSSMYQPLSPOD-UHFFFAOYSA-N,C6H6O3,2,2,0,2,-1.16948545,-1.16948545,1.61705613,1.63e-7,38720721 | MTBLS11904,Down in PD,1,FALSE,TRUE
IK_HAVMVUFJSIMVDG-UHFFFAOYSA-N,Lucidenic acid J,Lucidenic acid J,HAVMVUFJSIMVDG-UHFFFAOYSA-N,C27H38O8,2,2,2,0,1.1811945825,1.1811945825,1.565325738,NA,MTBLS11904 | ST003159,Up in PD,1,FALSE,TRUE
IK_ZBCATMYQYDCTIZ-UHFFFAOYSA-N,4-methylcatechol,4-methylcatechol,ZBCATMYQYDCTIZ-UHFFFAOYSA-N,C7H8O2,2,2,2,0,1.4485876235,1.4485876235,1.537654077,5.77e-6,38720721 | MTBLS11904,Up in PD,1,FALSE,TRUE
IK_COKMIXFXJJXBQG-NRFANRHFSA-N,Tirofiban,Tirofiban,COKMIXFXJJXBQG-NRFANRHFSA-N,C22H36N2O5S,2,2,2,0,0.794671639,0.794671639,1.477826152,NA,MTBLS11904 | ST003159,Up in PD,1,FALSE,TRUE
IK_AQTYXAPIHMXAAV-UHFFFAOYSA-N,2-methoxyphenol sulfate,2-methoxyphenol sulfate | O-methoxycatechol-O-sulphate,AQTYXAPIHMXAAV-UHFFFAOYSA-N,C7H8O5S,2,2,2,0,1.4163645969999998,1.4163645969999998,1.471967788,1.58e-6,38720721 | MTBLS11904,Up in PD,1,FALSE,TRUE
IK_JFLIEFSWGNOPJJ-UHFFFAOYNA-N,Phenylacetylglutamine,Phenylacetylglutamine,JFLIEFSWGNOPJJ-UHFFFAOYNA-N,C13H16N2O4,2,2,2,0,1.2023481105,1.2023481105,1.256087451,NA,38720721 | MTBLS11904,Up in PD,1,FALSE,TRUE
IK_KQXKVJAGOJTNJS-HNNXBMFYSA-N,Penbutolol,Penbutolol,KQXKVJAGOJTNJS-HNNXBMFYSA-N,C18H29NO2,2,2,2,0,0.7887253879999999,0.7887253879999999,1.205760241,NA,MTBLS11904 | ST003159,Up in PD,1,FALSE,TRUE
IK_VEYYWZRYIYDQJM-ZETCQYMHSA-N,N-alpha-acetyllysine,N-alpha-acetyllysine | N-alpha-Acetyl-L-lysine | Acetyl-L-lysine,VEYYWZRYIYDQJM-ZETCQYMHSA-N,C8H16N2O3,2,2,2,0,1.0909457405,1.0909457405,1.189848205,NA,38720721 | MTBLS11904,Up in PD,1,FALSE,TRUE
IK_QIAFMBKCNZACKA-UHFFFAOYSA-N,Hippuric acid,Hippuric acid,QIAFMBKCNZACKA-UHFFFAOYSA-N,C9H9NO3,2,2,2,0,0.903474941,0.903474941,1.166328954,0.0356,38720721 | MTBLS11904,Up in PD,1,FALSE,TRUE
IK_NOKPBJYHPHHWAN-REOHCLBHSA-N,cysteine-S-sulfate,cysteine-S-sulfate | S-Sulfo-L-Cysteine,NOKPBJYHPHHWAN-REOHCLBHSA-N,C3H7NO5S2,2,2,2,0,0.5918072345,0.5918072345,1.138814469,NA,38720721 | MTBLS11904,Up in PD,1,FALSE,TRUE
IK_IPCSVZSSVZVIGE-UHFFFAOYSA-N,Palmitic acid,Palmitic acid | C16:0 ceramide,IPCSVZSSVZVIGE-UHFFFAOYSA-N,C16H32O2,2,2,2,0,0.7013874885,0.7013874885,1.068574,6e-4,24058461 | ST001814,Up in PD,1,FALSE,TRUE
IK_GPWHCUUIQMGELX-VHQDNGOZSA-N,PC 32:2,PC 32:2,GPWHCUUIQMGELX-VHQDNGOZSA-N,C40H76NO8P,2,2,0,2,-0.6740128114999999,-0.6740128114999999,1.061721438,5e-4,33485385 | ST003159,Down in PD,1,FALSE,TRUE
IK_QIQXTHQIDYTFRH-UHFFFAOYSA-N,Stearic acid,Stearic acid | C18:0 ceramide,QIQXTHQIDYTFRH-UHFFFAOYSA-N,C18H36O2,2,2,2,0,0.661187232,0.661187232,1.047005,0.067,24058461 | ST001814,Up in PD,1,FALSE,TRUE
IK_UWHZIFQPPBDJPM-BQYQJAHWSA-N,Vaccenic acid,Vaccenic acid,UWHZIFQPPBDJPM-BQYQJAHWSA-N,C18H34O2,2,2,0,2,-0.8601295929999999,-0.8601295929999999,1.035245671,0.00417,38720721 | MTBLS11904,Down in PD,1,FALSE,TRUE
IK_ZFXYFBGIUFBOJW-UHFFFAOYSA-N,Theophylline,Theophylline,ZFXYFBGIUFBOJW-UHFFFAOYSA-N,C7H8N4O2,2,2,0,2,-0.8043804775000001,-0.8043804775000001,0.985051338,0.00248,38720721 | MTBLS11904,Down in PD,1,FALSE,TRUE
IK_USYNZBLVOOXNSN-ARRWHRBTSA-N,"(23S)-23,25-dihdroxy-24-oxovitamine D3 23-(beta-glucuronide)","(23S)-23,25-dihdroxy-24-oxovitamine D3 23-(beta-glucuronide) | (23S)-2325-dihdroxy-24-oxovitamine D3 23-(beta-glucuronide)",USYNZBLVOOXNSN-ARRWHRBTSA-N,C33H50O10,2,2,0,2,-0.4907816565,-0.4907816565,0.938112494,NA,MTBLS11904 | ST003159,Down in PD,1,FALSE,TRUE
IK_WWZKQHOCKIZLMA-UHFFFAOYSA-N,Caprylic acid,Caprylic acid,WWZKQHOCKIZLMA-UHFFFAOYSA-N,C8H16O2,2,2,2,0,0.643059372,0.643059372,0.913033,NA,24167579 | MTBLS11904,Up in PD,1,FALSE,TRUE
IK_PDNJLMZEGXHSCU-UHFFFAOYSA-N,Homocysteinesulfinic acid,Homocysteinesulfinic acid | L-Homocysteine sulfonic acid [+NH3],PDNJLMZEGXHSCU-UHFFFAOYSA-N,C4H9NO4S,2,2,0,2,-0.5894863515,-0.5894863515,0.892668518,0.0123,28880465 | MTBLS11904,Down in PD,1,FALSE,TRUE
IK_VZCYOOQTPOCHFL-OWOJBTEDSA-N,fumaric acid,fumaric acid,VZCYOOQTPOCHFL-OWOJBTEDSA-N,C4H4O4,2,2,2,0,0.6821241065,0.6821241065,0.847224541,NA,38720721 | MTBLS11904,Up in PD,1,FALSE,TRUE
IK_JFLIEFSWGNOPJJ-JTQLQIEISA-N,Phenylacetyl-L-glutamine,Phenylacetyl-L-glutamine,JFLIEFSWGNOPJJ-JTQLQIEISA-N,C13H16N2O4,2,2,2,0,0.728398596,0.728398596,0.806032633,0.0023,33485385 | ST003159,Up in PD,1,FALSE,TRUE
IK_POQOTWQIYYNXAT-UHFFFAOYSA-N,5-Acetylamino-6-amino-3-methyluracil,5-Acetylamino-6-amino-3-methyluracil | 5-Acetylamino-6 amino-3-methyluracil,POQOTWQIYYNXAT-UHFFFAOYSA-N,C7H8N4O2 | C7H10N4O3,2,2,0,2,-0.6087118444999999,-0.6087118444999999,0.713118852,0.00247,28880465 | 38720721,Down in PD,1,FALSE,TRUE
IK_UNXHWFMMPAWVPI-QWWZWVQMSA-N,threitol,threitol,UNXHWFMMPAWVPI-QWWZWVQMSA-N,C4H10O4,2,2,2,0,0.479893118,0.479893118,0.687060688,6.9e-5,38720721 | ST001814,Up in PD,1,FALSE,TRUE
IK_UYUXSRADSPPKRZ-SKNVOMKLSA-N,D-Glucuronolactone,D-Glucuronolactone | Glucuronic acid A,UYUXSRADSPPKRZ-SKNVOMKLSA-N,C6H8O6,2,2,2,0,0.5427965685,0.5427965685,0.633524907,8.02e-5,38720721 | MTBLS11904,Up in PD,1,FALSE,TRUE
IK_HEBKCHPVOIAQTA-QWWZWVQMSA-N,lyxitol,lyxitol | D-Arabitol,HEBKCHPVOIAQTA-QWWZWVQMSA-N,C5H12O5,2,2,2,0,0.48323602,0.48323602,0.628475576,0.00306,38720721 | MTBLS11904,Up in PD,1,FALSE,TRUE
IK_HXEACLLIILLPRG-UHFFFAOYSA-N,Pipecolic acid,Pipecolic acid | pipecolinic acid,HXEACLLIILLPRG-UHFFFAOYSA-N,C6H11NO2,2,2,2,0,0.336218766,0.336218766,0.620117165,0.012,38720721 | MTBLS11904,Up in PD,1,FALSE,TRUE
IK_MAZWDMBCPDUFDJ-VQHVLOKHSA-N,trans-traumatic acid,trans-traumatic acid | Traumatic Acid,MAZWDMBCPDUFDJ-VQHVLOKHSA-N,C12H20O4,2,2,2,0,0.4535695655,0.4535695655,0.614357382,0.0086,38720721 | MTBLS11904,Up in PD,1,FALSE,TRUE
IK_QUOGESRFPZDMMT-YFKPBYRVSA-N,Homoarginine,Homoarginine | Homo-L-arginine | H-HoArg-OH,QUOGESRFPZDMMT-YFKPBYRVSA-N,C7H16N4O2,2,2,0,2,-0.46265860849999996,-0.46265860849999996,0.57240143,0.0172,38720721 | MTBLS11904,Down in PD,1,FALSE,TRUE
IK_GUBGYTABKSRVRQ-QKKXKWKRSA-N,lactose,lactose,GUBGYTABKSRVRQ-QKKXKWKRSA-N,C12H22O11,2,2,2,0,0.2929641945,0.2929641945,0.560714955,9.24e-4,38720721 | MTBLS11904,Up in PD,1,FALSE,TRUE
IK_QHZLMUACJMDIAE-UHFFFAOYSA-N,1-Monopalmitin,1-Monopalmitin,QHZLMUACJMDIAE-UHFFFAOYSA-N,C19H38O4,2,2,2,0,0.301569697,0.301569697,0.556522614,NA,MTBLS11904 | ST001814,Up in PD,1,FALSE,TRUE
IK_KXGVEGMKQFWNSR-LLQZFEROSA-N,deoxycholic acid,deoxycholic acid,KXGVEGMKQFWNSR-LLQZFEROSA-N,C24H40O4,2,2,2,0,0.5382521985,0.5382521985,0.552868871,0.00149,38720721 | MTBLS11904,Up in PD,1,FALSE,TRUE
IK_CWLQUGTUXBXTLF-YFKPBYRVSA-N,N-Methylproline,N-Methylproline | N-Methyl-L-proline,CWLQUGTUXBXTLF-YFKPBYRVSA-N,C6H11NO2,2,2,0,2,-0.3146539085,-0.3146539085,0.526992432,0.00297,38720721 | MTBLS11904,Down in PD,1,FALSE,TRUE
IK_CXWXQJXEFPUFDZ-UHFFFAOYSA-N,Tetralin,"Tetralin | 1,2,3,4-Tetrahydronaphthalene",CXWXQJXEFPUFDZ-UHFFFAOYSA-N,C10H12,2,2,0,2,-0.2587981005,-0.2587981005,0.512513651,NA,24167579 | MTBLS11904,Down in PD,1,FALSE,TRUE
IK_ZIYVHBGGAOATLY-UHFFFAOYSA-N,Methylmalonic Acid,Methylmalonic Acid,ZIYVHBGGAOATLY-UHFFFAOYSA-N,C4H6O4,2,2,2,0,0.3105328575,0.3105328575,0.49978212,NA,38720721 | MTBLS11904,Up in PD,1,FALSE,TRUE
IK_YBUXFQUGNPBZPS-YNBHEIDWSA-N,LPC 22:5.1,"LPC 22:5.1 | LysoPC(22:5(4Z,7Z,10Z,13Z,16Z)/0:0)",YBUXFQUGNPBZPS-YNBHEIDWSA-N,C30H52NO7P,2,2,2,0,0.42900714100000004,0.42900714100000004,0.485426827,NA,37755270 | MTBLS11904,Up in PD,1,FALSE,TRUE
IK_SRRQPVVYXBTRQK-UHFFFAOYSA-N,LPC 17:0,LPC 17:0,SRRQPVVYXBTRQK-UHFFFAOYSA-N,C25H52NO7P,2,2,2,0,0.456784609,0.456784609,0.464668267,1.2e-5,37755270 | 38720721,Up in PD,1,FALSE,TRUE
IK_SRRQPVVYXBTRQK-XMMPIXPASA-N,PC(17:0/0:0),PC(17:0/0:0) | 1-Heptadecanoyl-sn-glycero-3-phosphocholine | LysoPC(17:0/0:0),SRRQPVVYXBTRQK-XMMPIXPASA-N,C25H52NO7P,2,2,2,0,0.3997617195,0.3997617195,0.457331626,0.00358,38720721 | MTBLS11904,Up in PD,1,FALSE,TRUE
IK_QZAYGJVTTNCVMB-UHFFFAOYSA-N,Serotonin,Serotonin,QZAYGJVTTNCVMB-UHFFFAOYSA-N,C10H12N2O,2,2,0,2,-0.310115741,-0.310115741,0.434402824,0.00126,38720721 | MTBLS11904,Down in PD,1,FALSE,TRUE
IK_JPIJQSOTBSSVTP-GBXIJSLDSA-N,isothreonic acid,isothreonic acid | Threonic Acid,JPIJQSOTBSSVTP-GBXIJSLDSA-N,C4H8O5,2,2,2,0,0.34343987350000005,0.34343987350000005,0.418999465,1.37e-6,38720721 | MTBLS11904,Up in PD,1,FALSE,TRUE
IK_XOAAWQZATWQOTB-UHFFFAOYSA-N,Taurine,Taurine,XOAAWQZATWQOTB-UHFFFAOYSA-N,C2H7NO3S,2,2,0,2,-0.218912963,-0.218912963,0.415037499,0.0221,37755270 | MTBLS11904,Down in PD,1,FALSE,TRUE
IK_VXUOFDJKYGDUJI-OAQYLSRUSA-N,LPC 14:0,LPC 14:0 | LysoPC(14:0/0:0),VXUOFDJKYGDUJI-OAQYLSRUSA-N,C22H46NO7P,2,2,2,0,0.2259768845,0.2259768845,0.411426246,0.00165,37755270 | MTBLS11904,Up in PD,1,FALSE,TRUE
IK_JVTAAEKCZFNVCJ-UHFFFAOYSA-N,Lactic acid,Lactic acid,JVTAAEKCZFNVCJ-UHFFFAOYSA-N,C3H6O3,2,2,2,0,0.2118737805,0.2118737805,0.409255147,0.0226,38720721 | ST001814,Up in PD,1,FALSE,TRUE
IK_BJEPYKJPYRNKOW-UHFFFAOYSA-N,malic acid,malic acid,BJEPYKJPYRNKOW-UHFFFAOYSA-N,C4H6O5,2,2,2,0,0.357673777,0.357673777,0.389961139,0.00438,38720721 | MTBLS11904,Up in PD,1,FALSE,TRUE
IK_AYFVYJQAPQTCCC-GBXIJSLDSA-N,L-Threonine,L-Threonine,AYFVYJQAPQTCCC-GBXIJSLDSA-N,C4H9NO3,2,2,2,0,0.195744613,0.195744613,0.386074483,NA,MTBLS11904 | ST003159,Up in PD,1,FALSE,TRUE
IK_RHGKLRLOHDJJDR-BYPYZUCNSA-N,Citrulline,Citrulline | L-citrulline,RHGKLRLOHDJJDR-BYPYZUCNSA-N,C6H13N3O3,2,2,2,0,0.26041078900000003,0.26041078900000003,0.366252264,NA,24167579 | MTBLS11904,Up in PD,1,FALSE,TRUE
IK_LFUDDCMNKWEORN-ZXEGGCGDSA-N,LPC 16:1,LPC 16:1 | LysoPC(16:1(9Z)),LFUDDCMNKWEORN-ZXEGGCGDSA-N,C24H48NO7P,2,2,2,0,0.326345935,0.326345935,0.365810722,0.00153,37755270 | ST003159,Up in PD,1,FALSE,TRUE
IK_YYSFWGQAKJTHRE-MEOKJUQFSA-N,LPC 20:1,LPC 20:1 | LysoPC(20:1(11Z)/0:0),YYSFWGQAKJTHRE-MEOKJUQFSA-N,C28H56NO7P,2,2,2,0,0.3350330075,0.3350330075,0.35614381,0.00162,37755270 | MTBLS11904,Up in PD,1,FALSE,TRUE
IK_HXEACLLIILLPRG-YFKPBYRVSA-N,L-Pipecolic acid,L-Pipecolic acid,HXEACLLIILLPRG-YFKPBYRVSA-N,C6H11NO2,2,2,0,2,-0.19092783900000002,-0.19092783900000002,0.321928095,NA,28880465 | MTBLS11904,Down in PD,1,FALSE,TRUE
IK_ZHRLECIZINSPKL-AKGZTFGVSA-N,L-Cysteinylglycine disulfide,L-Cysteinylglycine disulfide,ZHRLECIZINSPKL-AKGZTFGVSA-N,C6H11NO2,2,2,0,2,-0.290878035,-0.290878035,0.312939312,9.87e-8,24167579 | 28880465,Down in PD,1,FALSE,TRUE
IK_GHVNFZFCNZKVNT-UHFFFAOYSA-N,Capric acid,Capric acid | FFA 10:0,GHVNFZFCNZKVNT-UHFFFAOYSA-N,C10H20O2,2,2,0,2,-0.1543948815,-0.1543948815,0.304006187,0.0021,33485385 | MTBLS11904,Down in PD,1,FALSE,TRUE
IK_YLWSJLLZUHSIEA-CKSUKHGVSA-N,SM d34:2,"SM d34:2 | SM(d18:2(4E,14Z)/16:0)",YLWSJLLZUHSIEA-CKSUKHGVSA-N,C39H77N2O6P,2,2,0,2,-0.23209478,-0.23209478,0.304006187,6.03e-4,37755270 | MTBLS11904,Down in PD,1,FALSE,TRUE
IK_YWDDIWXKFJEMKF-JTZVLWBESA-N,PC 34:4,PC 34:4 | GPCho(18:4/16:0),YWDDIWXKFJEMKF-JTZVLWBESA-N,C42H76NO8P,2,2,0,2,-0.221315123,-0.221315123,0.304006187,0.0221,33485385 | MTBLS11904,Down in PD,1,FALSE,TRUE
IK_GOMVPVRDBLLHQC-VEJNOCSESA-N,LPC 20:4,"LPC 20:4 | LysoPC(20:4(8Z,11Z,14Z,17Z)/0:0)",GOMVPVRDBLLHQC-VEJNOCSESA-N,C28H50NO7P,2,2,2,0,0.24277499549999998,0.24277499549999998,0.298658316,0.00185,37755270 | MTBLS11904,Up in PD,1,FALSE,TRUE
IK_XFTRTWQBIOMVPK-UHFFFAOYSA-N,Citramalic acid,Citramalic acid,XFTRTWQBIOMVPK-UHFFFAOYSA-N,C5H8O5,2,2,2,0,0.1635307155,0.1635307155,0.293558786,NA,MTBLS11904 | ST001814,Up in PD,1,FALSE,TRUE
IK_KJUNGQXFZYMUOH-FKWLWHCOSA-N,LPC 18:1.1,LPC 18:1.1 | LysoPC(P-18:1(9Z)/0:0),KJUNGQXFZYMUOH-FKWLWHCOSA-N,C26H52NO6P,2,2,2,0,0.26054089,0.26054089,0.263034406,0.00513,37755270 | MTBLS11904,Up in PD,1,FALSE,TRUE
IK_WQZGKKKJIJFFOK-GASJEMHNSA-N,glucose,glucose | D-Glucose,WQZGKKKJIJFFOK-GASJEMHNSA-N,C6H12O6,2,2,2,0,0.170936997,0.170936997,0.255802837,NA,38720721 | MTBLS11904,Up in PD,1,FALSE,TRUE
IK_LCTONWCANYUPML-UHFFFAOYSA-N,Pyruvic Acid,Pyruvic Acid,LCTONWCANYUPML-UHFFFAOYSA-N,C3H4O3,2,2,2,0,0.14660877349999998,0.14660877349999998,0.253961403,NA,MTBLS11904 | ST001814,Up in PD,1,FALSE,TRUE
IK_JNDFGLPQDFBGLR-KMCBPMHZSA-N,FFAD 22:1,FFAD 22:1,JNDFGLPQDFBGLR-KMCBPMHZSA-N,C66H125NO5,2,2,0,2,-0.161646207,-0.161646207,0.251538767,0.0014,33485385 | ST003159,Down in PD,1,FALSE,TRUE
IK_KDYFGRWQOYBRFD-UHFFFAOYSA-N,Succinic acid,Succinic acid,KDYFGRWQOYBRFD-UHFFFAOYSA-N,C4H6O4,2,2,2,0,0.1521358935,0.1521358935,0.2393117,NA,MTBLS11904 | ST001814,Up in PD,1,FALSE,TRUE
IK_ODBLHEXUDAPZAU-UHFFFAOYSA-N,isocitric acid,isocitric acid,ODBLHEXUDAPZAU-UHFFFAOYSA-N,C6H8O7,2,2,2,0,0.16493042800000002,0.16493042800000002,0.230203013,0.00949,38720721 | MTBLS11904,Up in PD,1,FALSE,TRUE
NO_INCHIKEY__ffa 18 0,FFA 18:0,FFA 18:0,NA,NA,2,2,0,2,-0.1941679385,-0.1941679385,0.200912694,0.0012,33485385 | ST003159,Down in PD,1,FALSE,TRUE
IK_ISWSIDIOOBJBQZ-UHFFFAOYSA-N,Phenol,Phenol,ISWSIDIOOBJBQZ-UHFFFAOYSA-N,C6H6O,2,2,0,2,-0.0833967205,-0.0833967205,0.16406946,NA,28880465 | MTBLS11904,Down in PD,1,FALSE,TRUE
IK_POULHZVOKOAJMA-UHFFFAOYSA-N,lauric acid,lauric acid | Dodecanoic acid | FFA 12:0,POULHZVOKOAJMA-UHFFFAOYSA-N,C12H24O2,2,2,0,2,-0.09782847,-0.09782847,0.13606155,0.0184,33485385 | MTBLS11904,Down in PD,1,FALSE,TRUE
IK_SEALOBQTUQIVGU-QNIJNHAOSA-N,dihydroergocornine,dihydroergocornine,SEALOBQTUQIVGU-QNIJNHAOSA-N,C31H41N5O5,2,2,0,2,-0.08540548,-0.08540548,0.131313235,NA,24167579 | MTBLS11904,Down in PD,1,FALSE,TRUE
IK_QNAYBMKLOCPYGJ-REOHCLBHSA-N,L-Alanine,L-Alanine | Alanine,QNAYBMKLOCPYGJ-REOHCLBHSA-N,C3H7NO2,2,2,0,2,-0.04580987,-0.04580987,0.078664220000000007,NA,MTBLS11904 | ST001814,Down in PD,1,FALSE,TRUE
IK_UGAGPNKCDRTDHP-UHFFFAOYSA-N,"l-dopa (3,4-dihydroxy-l-phenylalanine)","l-dopa (3,4-dihydroxy-l-phenylalanine) | 16-Hydroxyhexadecanoic acid | Juniperic acid",UGAGPNKCDRTDHP-UHFFFAOYSA-N,C16H32O3,2,2,1,1,-3.5428967979999997,-3.5428967979999997,7.369087624,8.1e-7,38516193 | MTBLS11904,Discordant/tie,0.5,TRUE,TRUE
IK_PFDUUKDQEHURQC-UHFFFAOYSA-N,3-Methoxytyrosine,3-Methoxytyrosine,PFDUUKDQEHURQC-UHFFFAOYSA-N,C10H13NO4,2,2,1,1,3.259399158,3.259399158,6.552715202,5.45e-14,38720721 | MTBLS11904,Discordant/tie,0.5,TRUE,TRUE
IK_CBQJSKKFNMDLON-JTQLQIEISA-N,N-Acetyl-L-phenylalanine,N-Acetyl-L-phenylalanine | N-Acetylphenylalanine,CBQJSKKFNMDLON-JTQLQIEISA-N,C11H13NO3,2,2,1,1,1.4564000005000002,1.4564000005000002,6.206158944,1.89e-16,38720721 | MTBLS11904,Discordant/tie,0.5,TRUE,TRUE
IK_KKADPXVIOXHVKN-UHFFFAOYSA-N,4-Hydroxyphenylpyruvic acid,4-Hydroxyphenylpyruvic acid,KKADPXVIOXHVKN-UHFFFAOYSA-N,C9H8O4,2,2,1,1,-2.238816005,-2.238816005,4.53951953,5.54e-4,38720721 | MTBLS11904,Discordant/tie,0.5,TRUE,TRUE
IK_KSEBMYQBYZTDHS-HWKANZROSA-N,trans-Ferulic acid,trans-Ferulic acid | Ferulic acid,KSEBMYQBYZTDHS-HWKANZROSA-N,C10H10O4,2,2,1,1,1.6091681795,1.6091681795,3.907996238,0.00529,38720721 | ACS1517,Discordant/tie,0.5,TRUE,TRUE
IK_PMTMAFAPLCGXGK-JMTMCXQRSA-N,12-oxo-PDA,12-oxo-PDA | glucose 6-phosphate,PMTMAFAPLCGXGK-JMTMCXQRSA-N,C18H28O3,2,2,1,1,-1.8763869204999999,-1.8763869204999999,3.797021923,0.0074,38516193 | MTBLS11904,Discordant/tie,0.5,TRUE,TRUE
IK_WTJKGGKOPKCXLL-VYOBOKEXSA-N,2-Oleoyl-1-palmitoyl-sn-glycero-3-phosphocholine,2-Oleoyl-1-palmitoyl-sn-glycero-3-phosphocholine | PC(16:0/18:1(9Z)),WTJKGGKOPKCXLL-VYOBOKEXSA-N,C42H82NO8P,2,2,1,1,1.0224129425,1.0224129425,2.141759747,0.00762,38720721 | MTBLS11904,Discordant/tie,0.5,TRUE,TRUE
IK_AWDRATDZQPNJFN-VAYUFCLWSA-N,Taurodeoxycholic acid,Taurodeoxycholic acid,AWDRATDZQPNJFN-VAYUFCLWSA-N,C26H45NO6S,2,2,1,1,0.2751573705,0.2751573705,1.777331189,0.0017,ACS1517 | MTBLS11904,Discordant/tie,0.5,TRUE,TRUE
IK_SONNWYBIRXJNDC-VIFPVBQESA-N,phenylephrine,phenylephrine,SONNWYBIRXJNDC-VIFPVBQESA-N,C9H13NO2,2,2,1,1,-0.32062691749999994,-0.32062691749999994,1.621488377,2.17e-10,38720721 | MTBLS11904,Discordant/tie,0.5,TRUE,TRUE
IK_IWDCLRJOBJJRNH-UHFFFAOYSA-N,p-cresol,p-cresol,IWDCLRJOBJJRNH-UHFFFAOYSA-N,C7H8O,2,2,1,1,0.5438791935,0.5438791935,1.251567621,3.51e-9,38720721 | ST001814,Discordant/tie,0.5,TRUE,TRUE
IK_UAUDZVJPLUQNMU-KTKRTIGZSA-N,Erucamide,Erucamide,UAUDZVJPLUQNMU-KTKRTIGZSA-N,C22H43NO,2,2,1,1,0.11718957399999996,0.11718957399999996,0.99566541,0.0059,38720721 | MTBLS11904,Discordant/tie,0.5,TRUE,TRUE
IK_ZFRKQXVRDFCRJG-UHFFFAOYSA-N,3-Methylindole,3-Methylindole,ZFRKQXVRDFCRJG-UHFFFAOYSA-N,C9H9N,2,2,1,1,0.214307704,0.214307704,0.959771465,NA,24167579 | MTBLS11904,Discordant/tie,0.5,TRUE,TRUE
IK_KIDHWZJUCRJVML-UHFFFAOYSA-N,"1,4-diaminobutane","1,4-diaminobutane | Putrescine",KIDHWZJUCRJVML-UHFFFAOYSA-N,C4H12N2,2,2,1,1,0.4045965255,0.4045965255,0.862496621,NA,28880465 | 34577635,Discordant/tie,0.5,TRUE,TRUE
IK_XSXIVVZCUAHUJO-HZJYTTRNSA-N,FA 20:2,FA 20:2 | FFA 20:2,XSXIVVZCUAHUJO-HZJYTTRNSA-N,C20H36O2,2,2,1,1,0.22338902150000003,0.22338902150000003,0.842706719,0.009,33485385 | ST003159,Discordant/tie,0.5,TRUE,TRUE
IK_QUZSUMLPWDHKCJ-UHFFFAOYSA-N,Bisphenol A dimethacrylate,Bisphenol A dimethacrylate,QUZSUMLPWDHKCJ-UHFFFAOYSA-N,C23H24O4,2,2,1,1,-0.29223359449999997,-0.29223359449999997,0.798366139,NA,24167579 | MTBLS11904,Discordant/tie,0.5,TRUE,TRUE
IK_XJMMNTGIMDZPMU-UHFFFAOYSA-N,3-Methylglutaric acid,3-Methylglutaric acid | 3-Methyglutaric Acid,XJMMNTGIMDZPMU-UHFFFAOYSA-N,C6H10O4,2,2,1,1,0.246033973,0.246033973,0.771351704,0.00183,38720721 | MTBLS11904,Discordant/tie,0.5,TRUE,TRUE
IK_BYUOBSUZYQAFJM-UHFFFAOYSA-N,"6,8-Dihydroxypurine","6,8-Dihydroxypurine",BYUOBSUZYQAFJM-UHFFFAOYSA-N,C5H4N4O2,2,2,1,1,-0.26583395449999997,-0.26583395449999997,0.76121314,0.0615,28880465 | MTBLS11904,Discordant/tie,0.5,TRUE,TRUE
IK_BTCSSZJGUNDROE-UHFFFAOYSA-N,Gamma Aminobutyric acid,Gamma Aminobutyric acid | gamma-Aminobutyric acid | 4-aminobutanoic acid,BTCSSZJGUNDROE-UHFFFAOYSA-N,C4H9NO2,2,2,1,1,0.330507528,0.330507528,0.74520813,NA,MTBLS11904 | ST001814,Discordant/tie,0.5,TRUE,TRUE
IK_RGHNJXZEOKUKBD-SQOUGZDYSA-N,gluconic acid,gluconic acid,RGHNJXZEOKUKBD-SQOUGZDYSA-N,C6H12O7,2,2,1,1,-0.021376992999999955,-0.021376992999999955,0.736965594,0.00102,37755270 | 38720721,Discordant/tie,0.5,TRUE,TRUE
IK_NUJGJRNETVAIRJ-UHFFFAOYSA-N,Octanal,Octanal,NUJGJRNETVAIRJ-UHFFFAOYSA-N,C8H16O,2,2,1,1,-0.3286428435,-0.3286428435,0.715485867,NA,24167579 | MTBLS11904,Discordant/tie,0.5,TRUE,TRUE
IK_JAZBEHYOTPTENJ-JLNKQSITSA-N,FFA 20:5,FFA 20:5,JAZBEHYOTPTENJ-JLNKQSITSA-N,C20H30O2,2,2,1,1,-0.23059191250000002,-0.23059191250000002,0.713118852,0.0014,33485385 | ST003159,Discordant/tie,0.5,TRUE,TRUE
IK_BITHHVVYSMSWAG-KTKRTIGZSA-N,FFAD 20:1,FFAD 20:1,BITHHVVYSMSWAG-KTKRTIGZSA-N,C20H38O2,2,2,1,1,-0.318337563,-0.318337563,0.689659879,0,33485385 | ST003159,Discordant/tie,0.5,TRUE,TRUE
IK_OUYCCCASQSFEME-QMMMGPOBSA-N,L-Tyrosine,L-Tyrosine,OUYCCCASQSFEME-QMMMGPOBSA-N,C9H11NO3,2,2,1,1,0.257487205,0.257487205,0.688702133,NA,28880465 | MTBLS11904,Discordant/tie,0.5,TRUE,TRUE
IK_SRSXLGNVWSONIS-UHFFFAOYSA-N,Benzenesulfonic acid,Benzenesulfonic acid,SRSXLGNVWSONIS-UHFFFAOYSA-N,C6H6O3S,2,2,1,1,0.04245392950000004,0.04245392950000004,0.684369929,0.0028,37755270 | 38720721,Discordant/tie,0.5,TRUE,TRUE
IK_QUNWUDVFRNGTCO-UHFFFAOYSA-N,para-xanthine,para-xanthine | paraxanthine,QUNWUDVFRNGTCO-UHFFFAOYSA-N,C7H8N4O2,2,2,1,1,0.20423854950000003,0.20423854950000003,0.680774426,0.3292,38720721 | ACS1517,Discordant/tie,0.5,TRUE,TRUE
IK_IVEOBKYBCRMTLK-ZPMDXPHCSA-N,FFA 20:3,FFA 20:3,IVEOBKYBCRMTLK-ZPMDXPHCSA-N,C70H129N2O7P,2,2,1,1,-0.075456684,-0.075456684,0.666576266,0,33485385 | ST003159,Discordant/tie,0.5,TRUE,TRUE
IK_YUFFSWGQGVEMMI-JLNKQSITSA-N,FFA 22:5,FFA 22:5,YUFFSWGQGVEMMI-JLNKQSITSA-N,C22H34O2,2,2,1,1,-0.25025653999999997,-0.25025653999999997,0.666576266,2e-4,33485385 | ST003159,Discordant/tie,0.5,TRUE,TRUE
IK_RWCOTTLHDJWHRS-YUMQZZPRSA-N,Pro-Pro,Pro-Pro | Prolylproline,RWCOTTLHDJWHRS-YUMQZZPRSA-N,C10H16N2O3,2,2,1,1,-0.27554418999999997,-0.27554418999999997,0.634867407,0.0012,38720721 | MTBLS11904,Discordant/tie,0.5,TRUE,TRUE
IK_GMSNIKWWOQHZGF-UHFFFAOYSA-N,3-Methylxanthine,"3-Methylxanthine | 3-methyl-7H-purine-2,6-dione | Methylxanthine",GMSNIKWWOQHZGF-UHFFFAOYSA-N,C6H6N4O2,2,2,1,1,-0.2036950555,-0.2036950555,0.621488377,0.00444,28880465 | MTBLS11904,Discordant/tie,0.5,TRUE,TRUE
IK_PQNASZJZHFPQLE-LURJTMIESA-N,N(6)-Methyllysine,N(6)-Methyllysine,PQNASZJZHFPQLE-LURJTMIESA-N,C11H12N2O2,2,2,1,1,-0.15438103300000003,-0.15438103300000003,0.621488377,0.00291,28880465 | MTBLS11904,Discordant/tie,0.5,TRUE,TRUE
IK_MVOYJPOZRLFTCP-UHFFFAOYSA-N,1-Methylxanthine,1-Methylxanthine,MVOYJPOZRLFTCP-UHFFFAOYSA-N,C6H6N4O2,2,2,1,1,-0.190431334,-0.190431334,0.556393349,0.00158,38720721 | MTBLS11904,Discordant/tie,0.5,TRUE,TRUE
IK_WLJVXDMOQOGPHL-UHFFFAOYSA-N,phenylacetic acid,phenylacetic acid,WLJVXDMOQOGPHL-UHFFFAOYSA-N,C8H8O2,2,2,1,1,0.02738927899999999,0.02738927899999999,0.509949146,3.69e-4,38720721 | MTBLS11904,Discordant/tie,0.5,TRUE,TRUE
IK_NGEWQZIDQIYUNV-UHFFFAOYSA-N,2-Hydroxy-3-methylbutyric acid,2-Hydroxy-3-methylbutyric acid,NGEWQZIDQIYUNV-UHFFFAOYSA-N,C5H10O3,2,2,1,1,0.1623896405,0.1623896405,0.504293938,0.0184,38720721 | ST001814,Discordant/tie,0.5,TRUE,TRUE
IK_MDQKYGOECVSPIW-UHFFFAOYSA-N,chlorothalonil-4-hydroxy,"chlorothalonil-4-hydroxy | 2,4,5-Trichloro-6-Hydroxybenzene-1,3-Dicarbonitrile",MDQKYGOECVSPIW-UHFFFAOYSA-N,C8HCl3N2O,2,2,1,1,-0.230536399,-0.230536399,0.498178735,0.0416,38720721 | MTBLS11904,Discordant/tie,0.5,TRUE,TRUE
IK_OQWOHRPOYAVIOK-UHFFFAOYSA-N,carnitine 10:1,carnitine 10:1,OQWOHRPOYAVIOK-UHFFFAOYSA-N,C17H31NO4,2,2,1,1,-0.167959427,-0.167959427,0.49410907,0.0078,33485385 | ST003159,Discordant/tie,0.5,TRUE,TRUE
IK_AGPKZVBTJJNPAG-UHFFFAOYNA-N,Isoleucine,Isoleucine,AGPKZVBTJJNPAG-UHFFFAOYNA-N,C6H13NO2,2,2,1,1,-0.2255342475,-0.2255342475,0.454031631,0.0055,37755270 | ST001814,Discordant/tie,0.5,TRUE,TRUE
IK_SOECUQMRSRVZQQ-UHFFFAOYSA-N,Ubiquinone 1,Ubiquinone 1,SOECUQMRSRVZQQ-UHFFFAOYSA-N,C14H18O4,2,2,1,1,-0.07390814949999999,-0.07390814949999999,0.454031631,0.003,33485385 | ST003159,Discordant/tie,0.5,TRUE,TRUE
NO_INCHIKEY__ffa 18 2,FFA 18:2,FFA 18:2,NA,NA,2,2,1,1,-0.06919101149999998,-0.06919101149999998,0.454031631,0.0106,33485385 | ST003159,Discordant/tie,0.5,TRUE,TRUE
IK_LVNITLZCNUEXQK-UTJQPWESSA-N,carnitine 14:2,carnitine 14:2,LVNITLZCNUEXQK-UTJQPWESSA-N,C21H37NO5,2,2,1,1,-0.124752153,-0.124752153,0.434402824,0.0034,33485385 | ST003159,Discordant/tie,0.5,TRUE,TRUE
IK_PETYOUXDCHQKTQ-QXPKXGMISA-N,carnitine 12:1,carnitine 12:1,PETYOUXDCHQKTQ-QXPKXGMISA-N,C19H35NO4,2,2,1,1,-0.13410413849999997,-0.13410413849999997,0.415037499,0.0014,33485385 | ST003159,Discordant/tie,0.5,TRUE,TRUE
IK_AFENDNXGAFYKQO-UHFFFAOYSA-N,2-hydroxybutyric acid,2-hydroxybutyric acid,AFENDNXGAFYKQO-UHFFFAOYSA-N,C4H8O3,2,2,1,1,-0.12706177600000002,-0.12706177600000002,0.40927823,0.00472,38720721 | ST001814,Discordant/tie,0.5,TRUE,TRUE
IK_CDAISMWEOUEBRE-UHFFFAOYSA-N,Myoinositol,Myoinositol,CDAISMWEOUEBRE-UHFFFAOYSA-N,C6H12O6,2,2,1,1,-0.1393655265,-0.1393655265,0.395928676,0.0264,33485385 | ST003159,Discordant/tie,0.5,TRUE,TRUE
IK_HPHUVLMMVZITSG-LURJTMIESA-N,Levetiracetam,Levetiracetam,HPHUVLMMVZITSG-LURJTMIESA-N,C8H14N2O2,2,2,1,1,-0.18924133399999998,-0.18924133399999998,0.382701517,0.00197,38720721 | MTBLS11904,Discordant/tie,0.5,TRUE,TRUE
IK_GTZCVFVGUGFEME-HNQUOIGGSA-N,Trans-Aconitic Acid,Trans-Aconitic Acid,GTZCVFVGUGFEME-HNQUOIGGSA-N,C6H6O6,2,2,1,1,0.16457666250000003,0.16457666250000003,0.378052107,NA,MTBLS11904 | ST001814,Discordant/tie,0.5,TRUE,TRUE
IK_YWWVWXASSLXJHU-WAYWQWQTSA-N,Myristoleic acid,Myristoleic acid | 9-Tetradecenoic acid | FFA 14:1,YWWVWXASSLXJHU-WAYWQWQTSA-N,C14H26O2,2,2,1,1,-0.0527177945,-0.0527177945,0.377069649,0.01,33485385 | ST003159,Discordant/tie,0.5,TRUE,TRUE
IK_FUJLYHJROOYKRA-UHFFFAOYSA-N,carnitine 12:0,carnitine 12:0,FUJLYHJROOYKRA-UHFFFAOYSA-N,C19H37NO4,2,2,1,1,-0.123634519,-0.123634519,0.358453971,0.0022,33485385 | ST003159,Discordant/tie,0.5,TRUE,TRUE
NO_INCHIKEY__ffa 19 1,FFA 19:1,FFA 19:1,NA,NA,2,2,1,1,-0.15550841899999998,-0.15550841899999998,0.358453971,0.0179,33485385 | ST003159,Discordant/tie,0.5,TRUE,TRUE
IK_NIDVTARKFBZMOT-PEBGCTIMSA-N,N-Acetylcytidine,N-Acetylcytidine | N4-Acetylcytidine,NIDVTARKFBZMOT-PEBGCTIMSA-N,C11H15N3O6,2,2,1,1,-0.15520732350000002,-0.15520732350000002,0.312939312,0.00268,38720721 | MTBLS11904,Discordant/tie,0.5,TRUE,TRUE
IK_ASWBNKHCZGQVJV-HSZRJFAPSA-N,LysoPC(16:0),LysoPC(16:0) | LysoPC(16:0/0:0) | PC(16:0/0:0),ASWBNKHCZGQVJV-HSZRJFAPSA-N,C24H50NO7P,2,2,1,1,0.04805169000000001,0.04805169000000001,0.297910512,NA,MTBLS11904 | ST003159,Discordant/tie,0.5,TRUE,TRUE
IK_REKYPYSUBKSCAT-UHFFFAOYSA-N,3-Hydroxyvaleric acid,3-Hydroxyvaleric acid,REKYPYSUBKSCAT-UHFFFAOYSA-N,C5H10O3,2,2,1,1,-0.10901304249999999,-0.10901304249999999,0.295128036,0.00166,38720721 | MTBLS11904,Discordant/tie,0.5,TRUE,TRUE
IK_CXTATJFJDMJMIY-CYBMUJFWSA-N,L-Octanoylcarnitine,L-Octanoylcarnitine,CXTATJFJDMJMIY-CYBMUJFWSA-N,C15H29NO4,2,2,1,1,0.02399709400000001,0.02399709400000001,0.284157729,NA,24167579 | MTBLS11904,Discordant/tie,0.5,TRUE,TRUE
IK_QHKABHOOEWYVLI-UHFFFAOYSA-N,Ketoisovaleric acid,Ketoisovaleric acid | 3-methyl-2-oxobutanoic acid,QHKABHOOEWYVLI-UHFFFAOYSA-N,C5H8O3,2,2,1,1,-0.1111892015,-0.1111892015,0.282789701,8.98e-4,38720721 | ST001814,Discordant/tie,0.5,TRUE,TRUE
IK_FFEARJCKVFRZRR-UHFFFAOYNA-N,Methionine,Methionine,FFEARJCKVFRZRR-UHFFFAOYNA-N,C5H11NO2S,2,2,1,1,-0.102441911,-0.102441911,0.279283758,0.00602,38720721 | ST001814,Discordant/tie,0.5,TRUE,TRUE
IK_QFDRTQONISXGJA-UHFFFAOYSA-N,1-Methyluric acid,1-Methyluric acid,QFDRTQONISXGJA-UHFFFAOYSA-N,C6H6N4O3,2,2,1,1,-0.013059809000000006,-0.013059809000000006,0.279283758,0.0129,38720721 | MTBLS11904,Discordant/tie,0.5,TRUE,TRUE
IK_PEDCQBHIVMGVHV-UHFFFAOYSA-N,glycerol,glycerol,PEDCQBHIVMGVHV-UHFFFAOYSA-N,C3H8O3,2,2,1,1,-0.07311843750000001,-0.07311843750000001,0.275786313,0.0101,38720721 | ST001814,Discordant/tie,0.5,TRUE,TRUE
IK_GTZCVFVGUGFEME-IWQZZHSRSA-N,cis-Aconitic acid,cis-Aconitic acid,GTZCVFVGUGFEME-IWQZZHSRSA-N,C6H6O6,2,2,1,1,-0.05335333349999999,-0.05335333349999999,0.268816758,0.0078,33485385 | ST003159,Discordant/tie,0.5,TRUE,TRUE
IK_ROHFNLRQFUQHCH-UHFFFAOYNA-N,Leucine,Leucine,ROHFNLRQFUQHCH-UHFFFAOYNA-N,C6H13NO2,2,2,1,1,-0.07859344599999998,-0.07859344599999998,0.263611599,0.00459,38720721 | ST001814,Discordant/tie,0.5,TRUE,TRUE
IK_NBIIXXVUZAFLBC-UHFFFAOYSA-K,Phosphate,Phosphate,NBIIXXVUZAFLBC-UHFFFAOYSA-K,O4P-3,2,2,1,1,-0.056684242999999995,-0.056684242999999995,0.25087201,0.0012,33485385 | MTBLS11904,Discordant/tie,0.5,TRUE,TRUE
IK_BLZVZPYMHLXLHG-JOBMVARSSA-N,DG 36:3,"DG 36:3 | DG(18:1(9Z)/18:2(9Z,12Z)/0:0)",BLZVZPYMHLXLHG-JOBMVARSSA-N,C39H70O5,2,2,1,1,0.061359345999999995,0.061359345999999995,0.23878686,0.0374,37755270 | MTBLS11904,Discordant/tie,0.5,TRUE,TRUE
IK_IWHLYPDWHHPVAA-UHFFFAOYSA-N,6-Hydroxycaproic acid,6-Hydroxycaproic acid | 6-Hydroxyhexanoic Acid,IWHLYPDWHHPVAA-UHFFFAOYSA-N,C6H12O3,2,2,1,1,-0.017824013,-0.017824013,0.18606493,0.0127,38720721 | MTBLS11904,Discordant/tie,0.5,TRUE,TRUE
IK_LKDRXBCSQODPBY-VRPWFDPXSA-N,D-Fructose,D-Fructose | Fructose,LKDRXBCSQODPBY-VRPWFDPXSA-N,C6H12O6,2,2,1,1,0.07971727349999999,0.07971727349999999,0.184913735,NA,MTBLS11904 | ST001814,Discordant/tie,0.5,TRUE,TRUE
IK_XOMRRQXKHMYMOC-UHFFFAOYSA-N,Palmitoylcarnitine,Palmitoylcarnitine | acylcarnitine 16:0,XOMRRQXKHMYMOC-UHFFFAOYSA-N,C23H45NO4,2,2,1,1,-0.026687254000000007,-0.026687254000000007,0.184424571,0.0493,37755270 | MTBLS11904,Discordant/tie,0.5,TRUE,TRUE
IK_DDRJAANPRJIHGJ-UHFFFAOYSA-N,Creatinine,Creatinine,DDRJAANPRJIHGJ-UHFFFAOYSA-N,C4H7N3O,2,2,1,1,0.0390293305,0.0390293305,0.155433016,NA,MTBLS11904 | ST001814,Discordant/tie,0.5,TRUE,TRUE
IK_PMMYEEVYMWASQN-DMTCNVIQSA-N,4-Hydroxy-L-Proline,4-Hydroxy-L-Proline | trans-4-hydroxy-L-proline,PMMYEEVYMWASQN-DMTCNVIQSA-N,C5H9NO3,2,2,1,1,0.028247926,0.028247926,0.084898337,NA,MTBLS11904 | ST001814,Discordant/tie,0.5,TRUE,TRUE
IK_VMOJNRFXEJSJDS-UHFFFAOYSA-N,5-Methylpyrogallol sulfate,5-Methylpyrogallol sulfate,VMOJNRFXEJSJDS-UHFFFAOYSA-N,C7H8O6S,1,1,1,0,11.04367687,11.04367687,11.04367687,NA,MTBLS11904,Up in PD,1,FALSE,FALSE
IK_VISAJVAPYPFKCL-UHFFFAOYSA-N,3-Methoxy-4-hydroxyphenylglycolaldehyde,3-Methoxy-4-hydroxyphenylglycolaldehyde,VISAJVAPYPFKCL-UHFFFAOYSA-N,C9H10O4,1,1,1,0,10.33301015,10.33301015,10.33301015,NA,MTBLS11904,Up in PD,1,FALSE,FALSE
IK_VSTZVCJQGSLNLL-UHFFFAOYSA-N,2-aminophenol sulphate,2-aminophenol sulphate,VSTZVCJQGSLNLL-UHFFFAOYSA-N,C6H7NO4S,1,1,1,0,8.886028099,8.886028099,8.886028099,NA,MTBLS11904,Up in PD,1,FALSE,FALSE
IK_ACVGWSKVRYFWRP-UHFFFAOYSA-N,Rutaecarpine,Rutaecarpine,ACVGWSKVRYFWRP-UHFFFAOYSA-N,C18H13N3O,1,1,1,0,8.870959833,8.870959833,8.870959833,NA,MTBLS11904,Up in PD,1,FALSE,FALSE
IK_CJCSPKMFHVPWAR-JTQLQIEISA-N,a-Methyldopa,a-Methyldopa,CJCSPKMFHVPWAR-JTQLQIEISA-N,C10H13NO4,1,1,1,0,7.854369742,7.854369742,7.854369742,0.0364,28880465,Up in PD,1,FALSE,FALSE
IK_MHDVGSVTJDSBDK-UHFFFAOYSA-N,Dibenzyl ether,Dibenzyl ether,MHDVGSVTJDSBDK-UHFFFAOYSA-N,C14H14O,1,1,0,1,-7.667774086,-7.667774086,7.667774086,NA,ST003159,Down in PD,1,FALSE,FALSE
IK_QQOGTJREOAHYMT-UHFFFAOYSA-N,Resorcinol sulfate,Resorcinol sulfate,QQOGTJREOAHYMT-UHFFFAOYSA-N,C6H6O5S,1,1,1,0,7.510773121,7.510773121,7.510773121,NA,MTBLS11904,Up in PD,1,FALSE,FALSE
IK_LEOVWDSHDAVANJ-UHFFFAOYSA-N,4-Hydroxy benzenepropanedioate,4-Hydroxy benzenepropanedioate,LEOVWDSHDAVANJ-UHFFFAOYSA-N,C9H8O5,1,1,1,0,7.489446599,7.489446599,7.489446599,6.28e-8,28880465,Up in PD,1,FALSE,FALSE
IK_RGHMISIYKIHAJW-SSDOTTSWSA-N,Isovanillymandelic acid,Isovanillymandelic acid,RGHMISIYKIHAJW-SSDOTTSWSA-N,C9H11NO3,1,1,1,0,7.357991784,7.357991784,7.357991784,3.25e-7,28880465,Up in PD,1,FALSE,FALSE
IK_DCMKMHVTKFJMAU-HWKANZROSA-N,Isoferulic acid 3-sulfate,Isoferulic acid 3-sulfate,DCMKMHVTKFJMAU-HWKANZROSA-N,C10H10O7S,1,1,1,0,7.31189593,7.31189593,7.31189593,NA,MTBLS11904,Up in PD,1,FALSE,FALSE
IK_NHKZSTHOYNWEEZ-AFCXAGJDSA-N,Taribavirin,Taribavirin,NHKZSTHOYNWEEZ-AFCXAGJDSA-N,C8H13N5O4,1,1,1,0,7.308108932,7.308108932,7.308108932,NA,MTBLS11904,Up in PD,1,FALSE,FALSE
IK_BDIAUFOIMFAIPU-KVJIRVJXSA-N,Valtrate,Valtrate,BDIAUFOIMFAIPU-KVJIRVJXSA-N,C22H30O8,1,1,1,0,6.638175693,6.638175693,6.638175693,NA,MTBLS11904,Up in PD,1,FALSE,FALSE
IK_DCXMBZPFKOPATQ-UHFFFAOYSA-N,Hydroxymethoxyphenylcarboxylic acid-O-sulphate,Hydroxymethoxyphenylcarboxylic acid-O-sulphate,DCXMBZPFKOPATQ-UHFFFAOYSA-N,C8H10O7S,1,1,1,0,6.455313517,6.455313517,6.455313517,NA,MTBLS11904,Up in PD,1,FALSE,FALSE
IK_OQZCSNDVOWYALR-UHFFFAOYSA-N,Flurochloridone,Flurochloridone,OQZCSNDVOWYALR-UHFFFAOYSA-N,C12H10Cl2F3NO,1,1,1,0,6.423147287,6.423147287,6.423147287,NA,MTBLS11904,Up in PD,1,FALSE,FALSE
IK_NNULBSISHYWZJU-LLKWHZGFSA-N,Ceftizoxime,Ceftizoxime,NNULBSISHYWZJU-LLKWHZGFSA-N,C13H13N5O5S2,1,1,1,0,6.268943385,6.268943385,6.268943385,NA,MTBLS11904,Up in PD,1,FALSE,FALSE
IK_IULJSGIJJZZUMF-UHFFFAOYSA-N,O-Phenolsulfonic acid,O-Phenolsulfonic acid,IULJSGIJJZZUMF-UHFFFAOYSA-N,C6H6O4S,1,1,1,0,6.181403936,6.181403936,6.181403936,NA,MTBLS11904,Up in PD,1,FALSE,FALSE
IK_XUFQPHANEAPEMJ-UHFFFAOYSA-N,Famotidine,Famotidine,XUFQPHANEAPEMJ-UHFFFAOYSA-N,C8H15N7O2S3,1,1,1,0,6.033489078,6.033489078,6.033489078,0.00371,38720721,Up in PD,1,FALSE,FALSE
IK_ZMCBYSBVJIMENC-UHFFFAOYSA-N,Ethyl 3-aminobenzoate,Ethyl 3-aminobenzoate,ZMCBYSBVJIMENC-UHFFFAOYSA-N,C9H11NO2,1,1,1,0,6.024947766,6.024947766,6.024947766,NA,MTBLS11904,Up in PD,1,FALSE,FALSE
IK_IDRRCKUGGXLORG-FJXQXJEOSA-N,"3-O-Methyldopa1,2,3","3-O-Methyldopa1,2,3",IDRRCKUGGXLORG-FJXQXJEOSA-N,C10H15NO5,1,1,1,0,5.958841397,5.958841397,5.958841397,NA,ST003159,Up in PD,1,FALSE,FALSE
IK_CFBVGSWSOJBYGC-UHFFFAOYSA-N,6-Hydroxynorketamine,6-Hydroxynorketamine,CFBVGSWSOJBYGC-UHFFFAOYSA-N,C12H14ClNO2,1,1,1,0,5.852815418,5.852815418,5.852815418,NA,MTBLS11904,Up in PD,1,FALSE,FALSE
IK_DWHSGRLKLUGKOU-UHFFFAOYSA-N,"1,2-Dehydrosalsolinol","1,2-Dehydrosalsolinol",DWHSGRLKLUGKOU-UHFFFAOYSA-N,C10H11NO2,1,1,1,0,5.773630618,5.773630618,5.773630618,NA,MTBLS11904,Up in PD,1,FALSE,FALSE
IK_PZSJOBKRSVRODF-UHFFFAOYSA-N,Vanillin Acetate,Vanillin Acetate,PZSJOBKRSVRODF-UHFFFAOYSA-N,C10H10O4,1,1,1,0,5.73833181,5.73833181,5.73833181,NA,MTBLS11904,Up in PD,1,FALSE,FALSE
IK_AJOQSQHYDOFIOX-UHFFFAOYSA-N,Pheneturide,Pheneturide,AJOQSQHYDOFIOX-UHFFFAOYSA-N,C11H14N2O2,1,1,1,0,5.662691508,5.662691508,5.662691508,NA,MTBLS11904,Up in PD,1,FALSE,FALSE
IK_NIVZHWNOUVJHKV-UHFFFAOYSA-N,Bethanidine,Bethanidine,NIVZHWNOUVJHKV-UHFFFAOYSA-N,C10H15N3,1,1,0,1,-5.492077281,-5.492077281,5.492077281,NA,ST003159,Down in PD,1,FALSE,FALSE
IK_SNICXCGAKADSCV-JTQLQIEISA-N,pyridoxal 5-phosphate,pyridoxal 5-phosphate,SNICXCGAKADSCV-JTQLQIEISA-N,C10H14N2,1,1,0,1,-5.428923204,-5.428923204,5.428923204,0.0023,38516193,Down in PD,1,FALSE,FALSE
IK_IPWKIXLWTCNBKN-UHFFFAOYSA-N,Ornidazole,Ornidazole,IPWKIXLWTCNBKN-UHFFFAOYSA-N,C7H10ClN3O3,1,1,1,0,5.336604745,5.336604745,5.336604745,9.85e-4,38720721,Up in PD,1,FALSE,FALSE
IK_QDPNFTHYUAKYKM-UHFFFAOYSA-N,2-hydroxy-3-(sulfooxy)benzoic acid,2-hydroxy-3-(sulfooxy)benzoic acid,QDPNFTHYUAKYKM-UHFFFAOYSA-N,C7H6O7S,1,1,1,0,5.195196567,5.195196567,5.195196567,NA,MTBLS11904,Up in PD,1,FALSE,FALSE
IK_JMFRWRFFLBVWSI-NSCUHMNNSA-N,Coniferyl alcohol,Coniferyl alcohol,JMFRWRFFLBVWSI-NSCUHMNNSA-N,C10H12O3,1,1,1,0,5.178590248,5.178590248,5.178590248,NA,MTBLS11904,Up in PD,1,FALSE,FALSE
IK_BMVUIWJCUQSHLZ-YFZGBAIXSA-N,Glycerophosphoinositol,Glycerophosphoinositol,BMVUIWJCUQSHLZ-YFZGBAIXSA-N,C9H19O11P,1,1,1,0,4.979723023,4.979723023,4.979723023,NA,MTBLS11904,Up in PD,1,FALSE,FALSE
IK_FKENQMMABCRJMK-RITPCOANSA-N,Sulbactam,Sulbactam,FKENQMMABCRJMK-RITPCOANSA-N,C8H11NO5S,1,1,1,0,4.958376313,4.958376313,4.958376313,NA,MTBLS11904,Up in PD,1,FALSE,FALSE
IK_OBXKICUTIJDFHI-WMXQMYKUSA-N,"DG(20:4(8Z,11Z,14Z,17Z)-2OH(5S,6R)/8:0/0:0)","DG(20:4(8Z,11Z,14Z,17Z)-2OH(5S,6R)/8:0/0:0)",OBXKICUTIJDFHI-WMXQMYKUSA-N,C31H52O7,1,1,1,0,4.928967284,4.928967284,4.928967284,NA,MTBLS11904,Up in PD,1,FALSE,FALSE
IK_LYCVKHSJGDMDLM-LURJTMIESA-N,Histidinyl-Glycine,Histidinyl-Glycine,LYCVKHSJGDMDLM-LURJTMIESA-N,C6H14N4O2,1,1,1,0,4.873813198,4.873813198,4.873813198,4.66e-6,28880465,Up in PD,1,FALSE,FALSE
IK_BPHPUYQFMNQIOC-NXRLNHOXSA-N,Isopropyl-beta-D-thiogalactopyranoside,Isopropyl-beta-D-thiogalactopyranoside,BPHPUYQFMNQIOC-NXRLNHOXSA-N,C9H18O5S,1,1,1,0,4.807039235,4.807039235,4.807039235,NA,MTBLS11904,Up in PD,1,FALSE,FALSE
IK_VKEQBMCRQDSRET-UHFFFAOYSA-N,Methylone,Methylone,VKEQBMCRQDSRET-UHFFFAOYSA-N,C11H13NO3,1,1,1,0,4.673786733,4.673786733,4.673786733,NA,MTBLS11904,Up in PD,1,FALSE,FALSE
IK_UGJMXCAKCUNAIE-UHFFFAOYSA-N,Gabapentin,Gabapentin,UGJMXCAKCUNAIE-UHFFFAOYSA-N,C9H17NO2,1,1,1,0,4.503603156,4.503603156,4.503603156,0.0192,38720721,Up in PD,1,FALSE,FALSE
IK_JZDHUJAFXGNDSB-WHFBIAKZSA-N,Glu-Ala,Glu-Ala,JZDHUJAFXGNDSB-WHFBIAKZSA-N,C8H14N2O5,1,1,0,1,-4.473931188,-4.473931188,4.473931188,7.72e-24,38720721,Down in PD,1,FALSE,FALSE
IK_YMGFTDKNIWPMGF-UCPJVGPRSA-N,Salvianolic acid A,Salvianolic acid A,YMGFTDKNIWPMGF-UCPJVGPRSA-N,C26H22O10,1,1,1,0,4.391356406,4.391356406,4.391356406,NA,MTBLS11904,Up in PD,1,FALSE,FALSE
IK_RPHLQSHHTJORHI-UHFFFAOYSA-N,Adrenochrome,Adrenochrome,RPHLQSHHTJORHI-UHFFFAOYSA-N,C9H9NO3,1,1,1,0,4.017921908,4.017921908,4.017921908,0.0196,29518718,Up in PD,1,FALSE,FALSE
IK_SBKADJXSGGTEPN-UHFFFAOYSA-N,3-Methoxy-4-Hydroxyphenylglycol sulfate,3-Methoxy-4-Hydroxyphenylglycol sulfate | 3-Methoxy-4-hydroxyphenylethyleneglycol sulfate,SBKADJXSGGTEPN-UHFFFAOYSA-N,C9H12O7S,1,1,1,0,3.937315274,3.937315274,3.937315274,NA,MTBLS11904,Up in PD,1,FALSE,FALSE
IK_BDTIGNGBIBFXSE-UHFFFAOYSA-N,2-(4-Nitrobenzylidene)malononitrile,2-(4-Nitrobenzylidene)malononitrile,BDTIGNGBIBFXSE-UHFFFAOYSA-N,C10H5N3O2,1,1,1,0,3.790785026,3.790785026,3.790785026,NA,MTBLS11904,Up in PD,1,FALSE,FALSE
IK_IACOAKYXFIWAQN-UHFFFAOYSA-N,homovanillic acid sulfate,homovanillic acid sulfate,IACOAKYXFIWAQN-UHFFFAOYSA-N,C9H10O7S,1,1,1,0,3.645125203,3.645125203,3.645125203,2.7e-9,38720721,Up in PD,1,FALSE,FALSE
IK_BAGQGBPETWVHAA-BHYOAKPMSA-N,PS 16:0_22:4,PS 16:0_22:4,BAGQGBPETWVHAA-BHYOAKPMSA-N,C44H78NO10P,1,1,0,1,-3.64385619,-3.64385619,3.64385619,8.24e-19,37755270,Down in PD,1,FALSE,FALSE
IK_QLQOTPOBMXWKOW-UHFFFAOYSA-N,PS 40:4,PS 40:4,QLQOTPOBMXWKOW-UHFFFAOYSA-N,H3PS,1,1,0,1,-3.64385619,-3.64385619,3.64385619,3.12e-19,37755270,Down in PD,1,FALSE,FALSE
IK_YQEZLKZALYSWHR-UHFFFAOYSA-N,Ketamine,Ketamine,YQEZLKZALYSWHR-UHFFFAOYSA-N,C13H16ClNO,1,1,1,0,3.605653973,3.605653973,3.605653973,NA,MTBLS11904,Up in PD,1,FALSE,FALSE
IK_KWNPSWVOZWAPLW-UHFFFAOYSA-N,3-Methoxycatechol sulfate,3-Methoxycatechol sulfate,KWNPSWVOZWAPLW-UHFFFAOYSA-N,C7H6O7S,1,1,1,0,3.572766885,3.572766885,3.572766885,NA,MTBLS11904,Up in PD,1,FALSE,FALSE
IK_GHCZAUBVMUEKKP-WTFVBUONSA-N,Glycoursodeoxycholic acid,Glycoursodeoxycholic acid,GHCZAUBVMUEKKP-WTFVBUONSA-N,C26H43NO5,1,1,0,1,-3.560714954,-3.560714954,3.560714954,0.0315,29518718,Down in PD,1,FALSE,FALSE
IK_JYFOSWJYZIVJPO-YGEZULPYSA-N,Vanillic acid [-CO],Vanillic acid [-CO],JYFOSWJYZIVJPO-YGEZULPYSA-N,C18H20N2O3,1,1,1,0,3.557042415,3.557042415,3.557042415,0.00381,28880465,Up in PD,1,FALSE,FALSE
IK_SWJDFMNJUOJVPA-LURJTMIESA-N,DOPA sulfate,DOPA sulfate,SWJDFMNJUOJVPA-LURJTMIESA-N,C9H11NO7S,1,1,1,0,3.454938096,3.454938096,3.454938096,NA,MTBLS11904,Up in PD,1,FALSE,FALSE
IK_QLWKTGDEPLRFAT-UHFFFAOYSA-N,5-Methoxytryptophol,5-Methoxytryptophol,QLWKTGDEPLRFAT-UHFFFAOYSA-N,C11H13NO2,1,1,0,1,-3.395928676,-3.395928676,3.395928676,6.85e-24,38720721,Down in PD,1,FALSE,FALSE
IK_RHZRNGQIDYHQPV-UHFFFAOYSA-N,4-Hydroxyketamine,4-Hydroxyketamine,RHZRNGQIDYHQPV-UHFFFAOYSA-N,C13H16ClNO2,1,1,1,0,3.274657058,3.274657058,3.274657058,NA,MTBLS11904,Up in PD,1,FALSE,FALSE
IK_ZKLXUUYLEHCAMF-UUWFMWQGSA-N,Oripavine,Oripavine,ZKLXUUYLEHCAMF-UUWFMWQGSA-N,C18H19NO3,1,1,0,1,-3.185064657,-3.185064657,3.185064657,NA,MTBLS11904,Down in PD,1,FALSE,FALSE
IK_DILDHNKDVHLEQB-XSSYPUMDSA-N,2-hydroxyestradiol (2-OH-E2),2-hydroxyestradiol (2-OH-E2),DILDHNKDVHLEQB-XSSYPUMDSA-N,C18H24O3,1,1,0,1,-3.16533732,-3.16533732,3.16533732,NA,37589832,Down in PD,1,FALSE,FALSE
IK_CZTQZXZIADLWOZ-UHFFFAOYSA-O,Floridin,Floridin,CZTQZXZIADLWOZ-UHFFFAOYSA-O,C19H18N3O4S2+,1,1,1,0,3.157326558,3.157326558,3.157326558,NA,MTBLS11904,Up in PD,1,FALSE,FALSE
IK_XPBXOWYWJUBGMF-UHFFFAOYSA-N,Benzeneacetamide-4-O-sulphate,Benzeneacetamide-4-O-sulphate,XPBXOWYWJUBGMF-UHFFFAOYSA-N,C8H9NO5S,1,1,1,0,3.133906965,3.133906965,3.133906965,NA,MTBLS11904,Up in PD,1,FALSE,FALSE
IK_YXIWHUQXZSMYRE-UHFFFAOYSA-N,2-mercaptobenzothiazole,2-mercaptobenzothiazole | 2(3H)-Benzothiazolethione,YXIWHUQXZSMYRE-UHFFFAOYSA-N,C7H5NS2,1,1,1,0,3.121512796,3.121512796,3.121512796,0.014,38720721,Up in PD,1,FALSE,FALSE
IK_ZMJBYMUCKBYSCP-CVYQJGLWSA-N,Garcinia acid,Garcinia acid,ZMJBYMUCKBYSCP-CVYQJGLWSA-N,C6H8O8,1,1,0,1,-3.119091165,-3.119091165,3.119091165,NA,ST003159,Down in PD,1,FALSE,FALSE
IK_SSZYARBRHYOZQM-OWOJBTEDSA-N,"3,4,5-trihydroxy-6-{3-[(E)-2-(4-hydroxyphenyl)ethenyl]-5-{[3,4,5-trihydroxy-6-(hydroxymethyl)oxan-2-yl]oxy}phenoxy}oxane-2-carboxylic acid","3,4,5-trihydroxy-6-{3-[(E)-2-(4-hydroxyphenyl)ethenyl]-5-{[3,4,5-trihydroxy-6-(hydroxymethyl)oxan-2-yl]oxy}phenoxy}oxane-2-carboxylic acid",SSZYARBRHYOZQM-OWOJBTEDSA-N,C26H30O14,1,1,0,1,-3.09597719,-3.09597719,3.09597719,NA,MTBLS11904,Down in PD,1,FALSE,FALSE
IK_ZOTBXTZVPHCKPN-HTXNQAPBSA-N,Kresoxim-Methyl,Kresoxim-Methyl,ZOTBXTZVPHCKPN-HTXNQAPBSA-N,C18H19NO4,1,1,0,1,-3.054014594,-3.054014594,3.054014594,NA,MTBLS11904,Down in PD,1,FALSE,FALSE
IK_NZKKXAGORRATJB-UHFFFAOYSA-N,2-Methoxyacetaminophen sulfate,2-Methoxyacetaminophen sulfate,NZKKXAGORRATJB-UHFFFAOYSA-N,C9H11NO6S,1,1,1,0,2.961764651,2.961764651,2.961764651,NA,MTBLS11904,Up in PD,1,FALSE,FALSE
IK_HOUYEUYYRCGVGJ-WDTHWMLCSA-N,PS 18:0_22:3,PS 18:0_22:3,HOUYEUYYRCGVGJ-WDTHWMLCSA-N,C46H84NO10P,1,1,0,1,-2.943416472,-2.943416472,2.943416472,8.99e-11,37755270,Down in PD,1,FALSE,FALSE
NO_INCHIKEY__bile acid or lovastatin,bile acid or Lovastatin,bile acid or Lovastatin,NA,C24H36O5,1,1,0,1,-2.943416472,-2.943416472,2.943416472,NA,24167579,Down in PD,1,FALSE,FALSE
IK_AFWBWPCXSWUCLB-WDSKDSINSA-N,Pro-Ser,Pro-Ser,AFWBWPCXSWUCLB-WDSKDSINSA-N,C8H14N2O4,1,1,0,1,-2.932361283,-2.932361283,2.932361283,1.18e-7,38720721,Down in PD,1,FALSE,FALSE
IK_GMBQZIIUCVWOCD-WWASVFFGSA-N,tryptamine (3-(2-aminoethyl)indole),tryptamine (3-(2-aminoethyl)indole),GMBQZIIUCVWOCD-WWASVFFGSA-N,C27H44O3,1,1,0,1,-2.927896944,-2.927896944,2.927896944,0.0279,38516193,Down in PD,1,FALSE,FALSE
IK_BEQZHFIKTBVCAU-UHFFFAOYSA-N,Norketamine,Norketamine,BEQZHFIKTBVCAU-UHFFFAOYSA-N,C12H14ClNO,1,1,1,0,2.926841221,2.926841221,2.926841221,NA,MTBLS11904,Up in PD,1,FALSE,FALSE
IK_JMIAZDVHNCCPDM-DAFCLMLCSA-N,Mitraphylline,Mitraphylline,JMIAZDVHNCCPDM-DAFCLMLCSA-N,C21H24N2O4,1,1,0,1,-2.925422757,-2.925422757,2.925422757,NA,MTBLS11904,Down in PD,1,FALSE,FALSE
IK_VJNCICVKUHKIIV-ZCFIWIBFSA-N,"Dopachrome2,3","Dopachrome2,3",VJNCICVKUHKIIV-ZCFIWIBFSA-N,C9H7NO4,1,1,1,0,2.924093986,2.924093986,2.924093986,NA,ST003159,Up in PD,1,FALSE,FALSE
IK_FOCVUCIESVLUNU-UHFFFAOYSA-N,Thiotepa,Thiotepa,FOCVUCIESVLUNU-UHFFFAOYSA-N,C6H12N3PS,1,1,1,0,2.857821521,2.857821521,2.857821521,NA,MTBLS11904,Up in PD,1,FALSE,FALSE
IK_HHJTWTPUPVQKNA-JIAPQYILSA-N,nadh,nadh,HHJTWTPUPVQKNA-JIAPQYILSA-N,C24H47NO7,1,1,0,1,-2.823748726,-2.823748726,2.823748726,0.001,38516193,Down in PD,1,FALSE,FALSE
IK_HPEUJPJOZXNMSJ-UHFFFAOYSA-N,norepinephrine (noradrenaline),norepinephrine (noradrenaline),HPEUJPJOZXNMSJ-UHFFFAOYSA-N,C19H38O2,1,1,0,1,-2.792856795,-2.792856795,2.792856795,5e-5,38516193,Down in PD,1,FALSE,FALSE
IK_SUHOQUVVVLNYQR-QMMMGPOBSA-N,Glycerophosphocholine3,Glycerophosphocholine3,SUHOQUVVVLNYQR-QMMMGPOBSA-N,C8H20NO6P,1,1,1,0,2.78115142,2.78115142,2.78115142,NA,ST003159,Up in PD,1,FALSE,FALSE
IK_LTCLZQOHPYRNCF-UHFFFAOYSA-N,6-Hydroxyindoxyl sulfate,6-Hydroxyindoxyl sulfate,LTCLZQOHPYRNCF-UHFFFAOYSA-N,C9H9NO4S,1,1,1,0,2.729468863,2.729468863,2.729468863,NA,MTBLS11904,Up in PD,1,FALSE,FALSE
IK_NOIIUHRQUVNIDD-UHFFFAOYSA-N,Nialamide,Nialamide,NOIIUHRQUVNIDD-UHFFFAOYSA-N,C16H18N4O2,1,1,0,1,-2.727379545,-2.727379545,2.727379545,3.08e-6,38720721,Down in PD,1,FALSE,FALSE
IK_ZQYUKJFJPJDMMR-ZDWCHQGWSA-N,Glycohyocholic Acid,Glycohyocholic Acid,ZQYUKJFJPJDMMR-ZDWCHQGWSA-N,C26H43NO6,1,1,1,0,2.719944895,2.719944895,2.719944895,NA,MTBLS11904,Up in PD,1,FALSE,FALSE
IK_IXELFRRANAOWSF-FNORWQNLSA-N,Ajoene,Ajoene,IXELFRRANAOWSF-FNORWQNLSA-N,C9H14OS3,1,1,0,1,-2.693419299,-2.693419299,2.693419299,NA,ST003159,Down in PD,1,FALSE,FALSE
IK_GJBXIPOYHVMPQJ-UHFFFAOYSA-N,3-hydroxyanthranilic acid,3-hydroxyanthranilic acid,GJBXIPOYHVMPQJ-UHFFFAOYSA-N,C16H34O2,1,1,0,1,-2.687056072,-2.687056072,2.687056072,7.6e-6,38516193,Down in PD,1,FALSE,FALSE
IK_MADRIHWFJGRSBP-ROUUACIJSA-N,Benazeprilat,Benazeprilat,MADRIHWFJGRSBP-ROUUACIJSA-N,C22H24N2O5,1,1,0,1,-2.685380233,-2.685380233,2.685380233,NA,MTBLS11904,Down in PD,1,FALSE,FALSE
IK_DEKNNWJXAQTLFA-UHFFFAOYSA-N,Dopamine 4-sulfate,Dopamine 4-sulfate,DEKNNWJXAQTLFA-UHFFFAOYSA-N,C8H11NO5S,1,1,1,0,2.66013358,2.66013358,2.66013358,NA,MTBLS11904,Up in PD,1,FALSE,FALSE
IK_CKLJMWTZIZZHCS-REOHCLBHSA-N,L-Aspartic Acid,L-Aspartic Acid,CKLJMWTZIZZHCS-REOHCLBHSA-N,C4H7NO4,1,1,0,1,-2.650761558,-2.650761558,2.650761558,3.5e-7,38516193,Down in PD,1,FALSE,FALSE
IK_ONWMQORSVZYVNH-UHFFFAOYSA-N,Tyrosyl-Asparagine,Tyrosyl-Asparagine,ONWMQORSVZYVNH-UHFFFAOYSA-N,C13H17N3O5,1,1,1,0,2.618808794,2.618808794,2.618808794,NA,MTBLS11904,Up in PD,1,FALSE,FALSE
IK_RALVCBWUWHJOGL-OPMJLWCUSA-N,Myricatomentoside I,Myricatomentoside I,RALVCBWUWHJOGL-OPMJLWCUSA-N,C26H32O10,1,1,1,0,2.609474176,2.609474176,2.609474176,NA,MTBLS11904,Up in PD,1,FALSE,FALSE
IK_UKDKTHYZLXZOSS-UHFFFAOYSA-N,N-Acetylvanilalanine,N-Acetylvanilalanine,UKDKTHYZLXZOSS-UHFFFAOYSA-N,C12H15NO5,1,1,1,0,2.572667213,2.572667213,2.572667213,NA,MTBLS11904,Up in PD,1,FALSE,FALSE
IK_HSMHKPFJPOTDCW-MFDWXRHISA-N,Vitamin D3 glucosiduronate,Vitamin D3 glucosiduronate,HSMHKPFJPOTDCW-MFDWXRHISA-N,C33H52O7,1,1,1,0,2.500215961,2.500215961,2.500215961,NA,MTBLS11904,Up in PD,1,FALSE,FALSE
IK_BDCFJMBXZCIVRH-CGRWFSSPSA-N,1-lyso-2-arachidonoyl-phosphatidate (LPA),1-lyso-2-arachidonoyl-phosphatidate (LPA),BDCFJMBXZCIVRH-CGRWFSSPSA-N,C23H39O7P,1,1,0,1,-2.495735559,-2.495735559,2.495735559,9.8e-5,ACS1517,Down in PD,1,FALSE,FALSE
IK_SNVAIAITQIIEMQ-DUXPYHPUSA-N,Caffeic acid 4-O-sulfate,Caffeic acid 4-O-sulfate,SNVAIAITQIIEMQ-DUXPYHPUSA-N,C9H8O7S,1,1,1,0,2.490183738,2.490183738,2.490183738,NA,MTBLS11904,Up in PD,1,FALSE,FALSE
IK_CFORBWCMGILWNN-RRHRGVEJSA-O,1-Hexadecanoyl-2-octadecadienoyl-sn-glycero-3-phosphocholine,1-Hexadecanoyl-2-octadecadienoyl-sn-glycero-3-phosphocholine,CFORBWCMGILWNN-RRHRGVEJSA-O,C42H81NO8P+,1,1,1,0,2.478195258,2.478195258,2.478195258,3.66e-4,38720721,Up in PD,1,FALSE,FALSE
IK_MINDHVHHQZYEEK-HBBNESRFSA-N,Mupirocin,Mupirocin,MINDHVHHQZYEEK-HBBNESRFSA-N,C26H44O9,1,1,0,1,-2.40531512,-2.40531512,2.40531512,NA,MTBLS11904,Down in PD,1,FALSE,FALSE
IK_DRBBFCLWYRJSJZ-UHFFFAOYSA-N,Phosphocreatine,Phosphocreatine,DRBBFCLWYRJSJZ-UHFFFAOYSA-N,C4H10N3O5P,1,1,1,0,2.397435506,2.397435506,2.397435506,NA,ST003159,Up in PD,1,FALSE,FALSE
IK_XAPHYNIJAGNNNA-YFTOQCAPSA-N,"1'H-5alpha-Androst-2-eno[3,2-b]indol-17beta-ol","1'H-5alpha-Androst-2-eno[3,2-b]indol-17beta-ol | ?Ã‡Ãœ 1'H-5alpha-Androst-2-eno[3,2-b]indol-17beta-ol",XAPHYNIJAGNNNA-YFTOQCAPSA-N,C25H33NO,1,1,0,1,-2.395928676,-2.395928676,2.395928676,0.003138,24167579,Down in PD,1,FALSE,FALSE
IK_BJMQRSXLHPCXDU-OOKGOBCESA-N,"PA(18:3(10,12,15)-OH(9)/a-17:0)","PA(18:3(10,12,15)-OH(9)/a-17:0)",BJMQRSXLHPCXDU-OOKGOBCESA-N,C38H69O9P,1,1,1,0,2.379620006,2.379620006,2.379620006,NA,MTBLS11904,Up in PD,1,FALSE,FALSE
IK_RGHPCLZJAFCTIK-UHFFFAOYSA-N,2-Methylpyrrolidine,2-Methylpyrrolidine,RGHPCLZJAFCTIK-UHFFFAOYSA-N,C5H11N,1,1,1,0,2.351345642,2.351345642,2.351345642,1.84e-4,38720721,Up in PD,1,FALSE,FALSE
IK_TYQPBHYPIRLWKU-NKWVEPMBSA-N,"Inosine2,3","Inosine2,3",TYQPBHYPIRLWKU-NKWVEPMBSA-N,C10H10N4O3,1,1,0,1,-2.329701392,-2.329701392,2.329701392,NA,ST003159,Down in PD,1,FALSE,FALSE
IK_IITQLVPAMWYCDQ-UHFFFAOYSA-N,"6-[3-(2-carboxyethyl)-5-hydroxyphenoxy]-3,4,5-trihydroxyoxane-2-carboxylic acid","6-[3-(2-carboxyethyl)-5-hydroxyphenoxy]-3,4,5-trihydroxyoxane-2-carboxylic acid",IITQLVPAMWYCDQ-UHFFFAOYSA-N,C15H18O10,1,1,1,0,2.303723915,2.303723915,2.303723915,NA,MTBLS11904,Up in PD,1,FALSE,FALSE
IK_RZCJYMOBWVJQGV-UHFFFAOYSA-N,(2-Naphthalenyloxy)acetic acid,(2-Naphthalenyloxy)acetic acid,RZCJYMOBWVJQGV-UHFFFAOYSA-N,C12H10O3,1,1,0,1,-2.287413248,-2.287413248,2.287413248,NA,MTBLS11904,Down in PD,1,FALSE,FALSE
IK_CKHWEVXPLJBEOZ-VQVTYTSYSA-N,Thr-Val,Thr-Val,CKHWEVXPLJBEOZ-VQVTYTSYSA-N,C9H18N2O4,1,1,0,1,-2.286304185,-2.286304185,2.286304185,3.57e-18,38720721,Down in PD,1,FALSE,FALSE
IK_PHYYADMVYQURSX-GHXNOFRVSA-M,3-methylsulfinylpropyl-glucosinolate,3-methylsulfinylpropyl-glucosinolate,PHYYADMVYQURSX-GHXNOFRVSA-M,C11H20NO10S3-,1,1,1,0,2.275421087,2.275421087,2.275421087,NA,MTBLS11904,Up in PD,1,FALSE,FALSE
IK_HYVABZIGRDEKCD-UHFFFAOYSA-N,Isopentenyladenine,Isopentenyladenine | N6-(Delta2-Isopentenyl)-adenine,HYVABZIGRDEKCD-UHFFFAOYSA-N,C10H13N5,1,1,0,1,-2.258425153,-2.258425153,2.258425153,4.14e-28,38720721,Down in PD,1,FALSE,FALSE
IK_PHIQHXFUZVPYII-UHFFFAOYNA-N,Carnitine,Carnitine,PHIQHXFUZVPYII-UHFFFAOYNA-N,C7H15NO3,1,1,0,1,-2.169925001,-2.169925001,2.169925001,0.0351,29518718,Down in PD,1,FALSE,FALSE
IK_FRQOZJPRMBMFKX-DKWTVANSSA-N,Cysteine-S-sulfate3,Cysteine-S-sulfate3,FRQOZJPRMBMFKX-DKWTVANSSA-N,C3H9NO6S2,1,1,1,0,2.166827258,2.166827258,2.166827258,NA,ST003159,Up in PD,1,FALSE,FALSE
IK_GLLFNZDVMSLOCL-UHFFFAOYSA-N,SCD1 Inhibitor,SCD1 Inhibitor,GLLFNZDVMSLOCL-UHFFFAOYSA-N,C21H20F3N3O3,1,1,1,0,2.162276216,2.162276216,2.162276216,NA,MTBLS11904,Up in PD,1,FALSE,FALSE
IK_DFNZYFAJQPLJFI-UHFFFAOYSA-N,Gentianine,Gentianine,DFNZYFAJQPLJFI-UHFFFAOYSA-N,C10H9NO2,1,1,1,0,2.143739857,2.143739857,2.143739857,NA,MTBLS11904,Up in PD,1,FALSE,FALSE
IK_RTWVXIIKUFSDJB-SSDOTTSWSA-N,Scytalone,Scytalone,RTWVXIIKUFSDJB-SSDOTTSWSA-N,C10H10O4,1,1,1,0,2.130286049,2.130286049,2.130286049,NA,MTBLS11904,Up in PD,1,FALSE,FALSE
NO_INCHIKEY__lpa 0 018 1 9z lpa 18 1 9z 0 0 dhap 18 0 3,LPA(0:018:1(9Z)); LPA(18:1(9Z)0:0); DHAP(18:0)3,LPA(0:018:1(9Z)); LPA(18:1(9Z)0:0); DHAP(18:0)3,NA,NA,1,1,1,0,2.116732582,2.116732582,2.116732582,NA,ST003159,Up in PD,1,FALSE,FALSE
IK_KVNPSKDDJARYKK-JTQLQIEISA-N,5-Methoxytryptophan,5-Methoxytryptophan,KVNPSKDDJARYKK-JTQLQIEISA-N,C12H14N2O3,1,1,1,0,2.113487058,2.113487058,2.113487058,NA,MTBLS11904,Up in PD,1,FALSE,FALSE
IK_OMISYDASOKPVDK-UHFFFAOYSA-N,"5-(3',4',5'-Trihydroxyphenyl)-gamma-valerolactone-3'-O-sulphate","5-(3',4',5'-Trihydroxyphenyl)-gamma-valerolactone-3'-O-sulphate",OMISYDASOKPVDK-UHFFFAOYSA-N,C11H12O8S,1,1,1,0,2.060542168,2.060542168,2.060542168,NA,MTBLS11904,Up in PD,1,FALSE,FALSE
IK_XOHUEYCVLUUEJJ-UHFFFAOYSA-N,"2,3-bisphosphoglyceric acid","2,3-bisphosphoglyceric acid",XOHUEYCVLUUEJJ-UHFFFAOYSA-N,C3H8O10P2,1,1,0,1,-2.052894948,-2.052894948,2.052894948,4.1e-16,38720721,Down in PD,1,FALSE,FALSE
IK_DEEUSUJLZQQESV-BQUSTMGCSA-N,Stercobilin,Stercobilin,DEEUSUJLZQQESV-BQUSTMGCSA-N,C33H46N4O6,1,1,1,0,2.033584722,2.033584722,2.033584722,NA,MTBLS11904,Up in PD,1,FALSE,FALSE
IK_JWARBUNVUNGRQE-UHFFFAOYSA-N,N-BENZYL-3-CYANOAZETIDINE,N-BENZYL-3-CYANOAZETIDINE,JWARBUNVUNGRQE-UHFFFAOYSA-N,C11H12N2,1,1,1,0,1.988154033,1.988154033,1.988154033,NA,MTBLS11904,Up in PD,1,FALSE,FALSE
IK_RZBILUATLYXZLI-SLDNWHAHSA-N,Ganoderic acid L,Ganoderic acid L,RZBILUATLYXZLI-SLDNWHAHSA-N,C30H46O8,1,1,0,1,-1.975284884,-1.975284884,1.975284884,NA,MTBLS11904,Down in PD,1,FALSE,FALSE
IK_UFSCUAXLTRFIDC-UHFFFAOYSA-N,"Oxalosuccinate2,3","Oxalosuccinate2,3",UFSCUAXLTRFIDC-UHFFFAOYSA-N,C6H6O7,1,1,1,0,1.95605092,1.95605092,1.95605092,NA,ST003159,Up in PD,1,FALSE,FALSE
IK_OTCCIMWXFLJLIA-BYPYZUCNSA-N,N-Acetylaspartic acid,N-Acetylaspartic acid,OTCCIMWXFLJLIA-BYPYZUCNSA-N,C6H9NO5,1,1,0,1,-1.926865295,-1.926865295,1.926865295,1.47e-5,38720721,Down in PD,1,FALSE,FALSE
IK_NMPZCCZXCOMSDQ-ZRTZXPPTSA-N,"Cytidine 2 ?Ã³?Ã³?Ã‡Ãœ?Â¼?Ã©??,3 ?Ã³?Ã³?Ã‡Ãœ?Â¼?Ã©??-cyclic phosphate","Cytidine 2 ?Ã³?Ã³?Ã‡Ãœ?Â¼?Ã©??,3 ?Ã³?Ã³?Ã‡Ãœ?Â¼?Ã©??-cyclic phosphate",NMPZCCZXCOMSDQ-ZRTZXPPTSA-N,C9H12N3O7P,1,1,1,0,1.925999419,1.925999419,1.925999419,0.0441,29518718,Up in PD,1,FALSE,FALSE
IK_SPEJHKMQDKKCTG-UHFFFAOYSA-N,"6-Amino-5-chloropyrimidine-2,4(1H,3H)-dione","6-Amino-5-chloropyrimidine-2,4(1H,3H)-dione",SPEJHKMQDKKCTG-UHFFFAOYSA-N,C4H4ClN3O2,1,1,1,0,1.916852169,1.916852169,1.916852169,NA,MTBLS11904,Up in PD,1,FALSE,FALSE
IK_DFFOSEJNFZUOSK-UHFFFAOYSA-N,2-(2-(4-Phenoxy-2-propylphenoxy)ethyl)indole-5-acetic acid,2-(2-(4-Phenoxy-2-propylphenoxy)ethyl)indole-5-acetic acid,DFFOSEJNFZUOSK-UHFFFAOYSA-N,C27H27NO4,1,1,1,0,1.915689494,1.915689494,1.915689494,NA,MTBLS11904,Up in PD,1,FALSE,FALSE
IK_FHXBAFXQVZOILS-OETIFKLTSA-N,Sulfolithocholylglycine,Sulfolithocholylglycine,FHXBAFXQVZOILS-OETIFKLTSA-N,C26H43NO7S,1,1,1,0,1.914726135,1.914726135,1.914726135,NA,MTBLS11904,Up in PD,1,FALSE,FALSE
IK_IWYDHOAUDWTVEP-UHFFFAOYSA-N,p-Hydroxyphenylacetic acid [+C2H4],p-Hydroxyphenylacetic acid [+C2H4],IWYDHOAUDWTVEP-UHFFFAOYSA-N,C6H13N3O3,1,1,1,0,1.906890596,1.906890596,1.906890596,0.0591,28880465,Up in PD,1,FALSE,FALSE
IK_RDZNZFGKEVDNPK-UHFFFAOYSA-N,5-acetylamino-6-formylamino-3-methyluracil,5-acetylamino-6-formylamino-3-methyluracil,RDZNZFGKEVDNPK-UHFFFAOYSA-N,C8H10N4O4,1,1,0,1,-1.905088353,-1.905088353,1.905088353,2.75e-4,38720721,Down in PD,1,FALSE,FALSE
IK_QTENRWWVYAAPBI-YCRXJPFRSA-N,Streptomycin sulfate,Streptomycin sulfate,QTENRWWVYAAPBI-YCRXJPFRSA-N,C42H84N14O36S3,1,1,1,0,1.876822935,1.876822935,1.876822935,NA,MTBLS11904,Up in PD,1,FALSE,FALSE
IK_UTYVDVLMYQPLQB-UHFFFAOYSA-N,Phenylacetylglycine,Phenylacetylglycine,UTYVDVLMYQPLQB-UHFFFAOYSA-N,C10H11NO3,1,1,1,0,1.875726699,1.875726699,1.875726699,NA,MTBLS11904,Up in PD,1,FALSE,FALSE
IK_UIHIWMNOFVOPOG-SQUIBIKHSA-N,TG O-56:9|TG O-22:5_16:2_18:2,TG O-56:9|TG O-22:5_16:2_18:2 | TG O-56:9 | TG O-22:5_16:2_18:2,UIHIWMNOFVOPOG-SQUIBIKHSA-N,C59H98O5,1,1,1,0,1.855989697,1.855989697,1.855989697,5.81e-7,37755270,Up in PD,1,FALSE,FALSE
IK_OCAPBUJLXMYKEJ-UHFFFAOYSA-N,Bifonazole,Bifonazole,OCAPBUJLXMYKEJ-UHFFFAOYSA-N,C22H18N2,1,1,0,1,-1.836501268,-1.836501268,1.836501268,0.0271,38720721,Down in PD,1,FALSE,FALSE
IK_DQXQIWIQYYEGLG-MMWLGPPDSA-N,TG 52:3;2O|TG 16:0_18:1_18:2;2O,TG 52:3;2O|TG 16:0_18:1_18:2;2O | TG 52:3;2O | TG 16:0_18:1_18:2;2O,DQXQIWIQYYEGLG-MMWLGPPDSA-N,C55H100O6,1,1,1,0,1.82374936,1.82374936,1.82374936,4.93e-6,37755270,Up in PD,1,FALSE,FALSE
IK_GGPJLVOSJQOJSN-UHFFFAOYSA-N,p-Cresol sulfate3,p-Cresol sulfate3,GGPJLVOSJQOJSN-UHFFFAOYSA-N,C18H28N2O6S,1,1,1,0,1.822775165,1.822775165,1.822775165,NA,ST003159,Up in PD,1,FALSE,FALSE
IK_PYUXYCIEXJYNLI-AMHUYZMWSA-O,P-Coumaroyl vitisin A,P-Coumaroyl vitisin A,PYUXYCIEXJYNLI-AMHUYZMWSA-O,C35H31O16+,1,1,1,0,1.786699026,1.786699026,1.786699026,NA,MTBLS11904,Up in PD,1,FALSE,FALSE
IK_BFZKMNSQCNVFGM-UCEYFQQTSA-N,Sagopilone,Sagopilone,BFZKMNSQCNVFGM-UCEYFQQTSA-N,C30H41NO6S,1,1,1,0,1.756595713,1.756595713,1.756595713,NA,MTBLS11904,Up in PD,1,FALSE,FALSE
IK_NTYJJOPFIAHURM-UHFFFAOYSA-N,nicotine,nicotine,NTYJJOPFIAHURM-UHFFFAOYSA-N,C5H9N3,1,1,0,1,-1.75274813,-1.75274813,1.75274813,9e-4,38516193,Down in PD,1,FALSE,FALSE
IK_LUINDDOUWHRIPW-UHFFFAOYSA-N,6-Chloromelatonin,6-Chloromelatonin,LUINDDOUWHRIPW-UHFFFAOYSA-N,C13H15ClN2O2,1,1,1,0,1.749254252,1.749254252,1.749254252,NA,MTBLS11904,Up in PD,1,FALSE,FALSE
IK_OEWWEABZDCFLPH-UHFFFAOYSA-N,Diethyloxalpropionate,Diethyloxalpropionate,OEWWEABZDCFLPH-UHFFFAOYSA-N,C7H12O6,1,1,0,1,-1.746615764,-1.746615764,1.746615764,2.27e-7,38720721,Down in PD,1,FALSE,FALSE
IK_WRNKIDLXXXIELU-IEBWSBKVSA-N,Indolophenanthridine,Indolophenanthridine,WRNKIDLXXXIELU-IEBWSBKVSA-N,C19H18N2,1,1,1,0,1.730800942,1.730800942,1.730800942,NA,MTBLS11904,Up in PD,1,FALSE,FALSE
IK_BCNUXXXHEIUHJB-UHFFFAOYSA-N,3-Methylene-indolenine,3-Methylene-indolenine,BCNUXXXHEIUHJB-UHFFFAOYSA-N,C9H7N,1,1,1,0,1.722466024,1.722466024,1.722466024,0.0474,29518718,Up in PD,1,FALSE,FALSE
IK_XZYNWDWRUDTDCH-UHFFFAOYSA-N,Heptanoylcholine,Heptanoylcholine,XZYNWDWRUDTDCH-UHFFFAOYSA-N,C12H26NO2,1,1,0,1,-1.722466024,-1.722466024,1.722466024,0.0227,29518718,Down in PD,1,FALSE,FALSE
IK_AXQACEQYCPKDMV-RZAWKFBISA-N,Naldemedine,Naldemedine,AXQACEQYCPKDMV-RZAWKFBISA-N,C32H34N4O6,1,1,0,1,-1.716805659,-1.716805659,1.716805659,NA,MTBLS11904,Down in PD,1,FALSE,FALSE
IK_BRMWTNUJHUMWMS-LURJTMIESA-N,1-Methylhistidine,1-Methylhistidine | 1-Methyl-L-histidine,BRMWTNUJHUMWMS-LURJTMIESA-N,C7H11N3O2,1,1,1,0,1.712653249,1.712653249,1.712653249,NA,MTBLS11904,Up in PD,1,FALSE,FALSE
IK_LRKCBIUDWAXNEG-CSMHCCOUSA-N,Leu-Thr,Leu-Thr,LRKCBIUDWAXNEG-CSMHCCOUSA-N,C10H20N2O4,1,1,1,0,1.712375673,1.712375673,1.712375673,2.51e-16,38720721,Up in PD,1,FALSE,FALSE
IK_SQOJOAFXDQDRGF-ZMVGXLHTSA-N,Ginkgolide B,Ginkgolide B,SQOJOAFXDQDRGF-ZMVGXLHTSA-N,C20H24O10,1,1,1,0,1.708833031,1.708833031,1.708833031,NA,MTBLS11904,Up in PD,1,FALSE,FALSE
IK_NFOMHWALMFWNAQ-UHFFFAOYSA-N,Acetoxyacetylaminofluorene,Acetoxyacetylaminofluorene,NFOMHWALMFWNAQ-UHFFFAOYSA-N,C17H15NO3,1,1,0,1,-1.699697729,-1.699697729,1.699697729,NA,MTBLS11904,Down in PD,1,FALSE,FALSE
IK_LJOOSFYJELZGMR-UHFFFAOYSA-N,umbelliferone sulfate,umbelliferone sulfate,LJOOSFYJELZGMR-UHFFFAOYSA-N,C9H6O6S,1,1,0,1,-1.694321257,-1.694321257,1.694321257,0.0165,38720721,Down in PD,1,FALSE,FALSE
IK_CZNJCCVKDVCRKF-UHFFFAOYSA-N,Benzyl sulfate,Benzyl sulfate,CZNJCCVKDVCRKF-UHFFFAOYSA-N,C7H8O4S,1,1,1,0,1.690263453,1.690263453,1.690263453,NA,MTBLS11904,Up in PD,1,FALSE,FALSE
IK_VQZRLBWPEHFGCD-UHFFFAOYSA-N,p-Cresol3,p-Cresol3,VQZRLBWPEHFGCD-UHFFFAOYSA-N,C7H7ClO,1,1,1,0,1.687240499,1.687240499,1.687240499,NA,ST003159,Up in PD,1,FALSE,FALSE
IK_GMZVRMREEHBGGF-UHFFFAOYSA-N,PIRACETAM,PIRACETAM,GMZVRMREEHBGGF-UHFFFAOYSA-N,C6H10N2O2,1,1,0,1,-1.668903456,-1.668903456,1.668903456,NA,MTBLS11904,Down in PD,1,FALSE,FALSE
IK_KVBGVZZKJNLNJU-UHFFFAOYSA-M,2-naphthalenesulfonate,2-naphthalenesulfonate,KVBGVZZKJNLNJU-UHFFFAOYSA-M,C10H7O3S-,1,1,1,0,1.665847521,1.665847521,1.665847521,4.1e-13,38720721,Up in PD,1,FALSE,FALSE
IK_XTSSAALSNSPVIH-OCFMFRIESA-N,Austalide L,Austalide L,XTSSAALSNSPVIH-OCFMFRIESA-N,C25H32O6,1,1,0,1,-1.665249335,-1.665249335,1.665249335,NA,ST003159,Down in PD,1,FALSE,FALSE
IK_GRXIELRCPYIEQI-UHFFFAOYSA-M,"2-(3,4-Dihydroxybenzoyloxy)-4,6-dihydroxybenzoate","2-(3,4-Dihydroxybenzoyloxy)-4,6-dihydroxybenzoate",GRXIELRCPYIEQI-UHFFFAOYSA-M,C14H9O8-,1,1,1,0,1.654918138,1.654918138,1.654918138,NA,MTBLS11904,Up in PD,1,FALSE,FALSE
IK_VYMDGNCVAMGZFE-UHFFFAOYSA-N,Phenylbutazone,Phenylbutazone,VYMDGNCVAMGZFE-UHFFFAOYSA-N,C19H20N2O2,1,1,1,0,1.637650756,1.637650756,1.637650756,NA,MTBLS11904,Up in PD,1,FALSE,FALSE
IK_VVYXIRKYWOEDRA-UHFFFAOYSA-N,Methyl morpholine-3-carboxylate,Methyl morpholine-3-carboxylate,VVYXIRKYWOEDRA-UHFFFAOYSA-N,C6H11NO3,1,1,0,1,-1.63039393,-1.63039393,1.63039393,3.03e-7,38720721,Down in PD,1,FALSE,FALSE
IK_GMKMEZVLHJARHF-UHFFFAOYSA-N,"2,6-Diaminopimelic acid","2,6-Diaminopimelic acid",GMKMEZVLHJARHF-UHFFFAOYSA-N,C7H14N2O4,1,1,1,0,1.625738062,1.625738062,1.625738062,0.0261,38720721,Up in PD,1,FALSE,FALSE
IK_GSEJCLTVZPLZKY-UHFFFAOYSA-N,Triethanolamine,Triethanolamine,GSEJCLTVZPLZKY-UHFFFAOYSA-N,C6H15NO3,1,1,1,0,1.618238656,1.618238656,1.618238656,2.37e-6,38720721,Up in PD,1,FALSE,FALSE
IK_NGBBVGZWCFBOGO-UHFFFAOYSA-N,"3,4-Methylenedioxyamphetamine","3,4-Methylenedioxyamphetamine",NGBBVGZWCFBOGO-UHFFFAOYSA-N,C10H13NO2,1,1,1,0,1.615187878,1.615187878,1.615187878,NA,MTBLS11904,Up in PD,1,FALSE,FALSE
IK_BFBJRMADQFCOCV-UHFFFAOYSA-N,3-Butyl-1-(hydroxymethyl)-1-(4-methylphenyl)sulfonylurea,3-Butyl-1-(hydroxymethyl)-1-(4-methylphenyl)sulfonylurea,BFBJRMADQFCOCV-UHFFFAOYSA-N,C13H20N2O4S,1,1,0,1,-1.601488247,-1.601488247,1.601488247,NA,MTBLS11904,Down in PD,1,FALSE,FALSE
IK_VWWQXMAJTJZDQX-UYBVJOGSSA-N,FAD,FAD,VWWQXMAJTJZDQX-UYBVJOGSSA-N,C27H33N9O15P2,1,1,1,0,1.60123578,1.60123578,1.60123578,NA,MTBLS11904,Up in PD,1,FALSE,FALSE
UNKNOWN_ROW__24167579__unknown_168,unknown_168,unknown_168,NA,NA,1,1,0,1,-1.59946207,-1.59946207,1.59946207,NA,24167579,Down in PD,1,FALSE,FALSE
IK_KTLRWTOPTKGYQY-UHFFFAOYSA-N,N1-Methyl-4-pyridone-5-carboxamide3,N1-Methyl-4-pyridone-5-carboxamide3,KTLRWTOPTKGYQY-UHFFFAOYSA-N,C7H8N2O2,1,1,0,1,-1.582931956,-1.582931956,1.582931956,NA,ST003159,Down in PD,1,FALSE,FALSE
IK_YBMOTEQVMANKGX-JAMMHHFISA-O,2-(3-Carboxy-3-(methylammonio)propyl)-L-histidine,2-(3-Carboxy-3-(methylammonio)propyl)-L-histidine,YBMOTEQVMANKGX-JAMMHHFISA-O,C11H19N4O4+,1,1,0,1,-1.581470308,-1.581470308,1.581470308,NA,MTBLS11904,Down in PD,1,FALSE,FALSE
IK_UXZAXFPFSQRZOZ-UHFFFAOYSA-N,Nopalinic acid,Nopalinic acid,UXZAXFPFSQRZOZ-UHFFFAOYSA-N,C10H18N2O6,1,1,1,0,1.579244616,1.579244616,1.579244616,NA,MTBLS11904,Up in PD,1,FALSE,FALSE
IK_RYCNUMLMNKHWPZ-SNVBAGLBSA-N,Lysophosphatidylcholine,Lysophosphatidylcholine,RYCNUMLMNKHWPZ-SNVBAGLBSA-N,C10H22NO7P,1,1,0,1,-1.574128847,-1.574128847,1.574128847,NA,MTBLS11904,Down in PD,1,FALSE,FALSE
IK_BROOMPUVDPTGEG-RHNBIRJRSA-N,MGDG 36:4,MGDG 36:4,BROOMPUVDPTGEG-RHNBIRJRSA-N,C45H78O10,1,1,0,1,-1.556393349,-1.556393349,1.556393349,3.21e-19,37755270,Down in PD,1,FALSE,FALSE
IK_DTSWLLBBGHRXQH-UHFFFAOYSA-N,pyroGlu-Val,pyroGlu-Val,DTSWLLBBGHRXQH-UHFFFAOYSA-N,C10H16N2O4,1,1,0,1,-1.556393349,-1.556393349,1.556393349,1.03e-7,37755270,Down in PD,1,FALSE,FALSE
IK_DYNISIGUMYFVJW-BKXYZSJASA-N,"(1R,4aR)-6-hydroxy-1,4a-dimethyl-7-propan-2-yl-2,3,4,4b,5,6,10,10a-octahydrophenanthrene-1-carboxylic acid","(1R,4aR)-6-hydroxy-1,4a-dimethyl-7-propan-2-yl-2,3,4,4b,5,6,10,10a-octahydrophenanthrene-1-carboxylic acid",DYNISIGUMYFVJW-BKXYZSJASA-N,C20H30O3,1,1,0,1,-1.556393349,-1.556393349,1.556393349,0.0458,37755270,Down in PD,1,FALSE,FALSE
IK_QRMZSPFSDQBLIX-UHFFFAOYSA-N,Homovanillic acid,Homovanillic acid,QRMZSPFSDQBLIX-UHFFFAOYSA-N,C9H10O4,1,1,1,0,1.533563348,1.533563348,1.533563348,8.19e-5,38720721,Up in PD,1,FALSE,FALSE
IK_PWSKCIUNCJJBIX-RXDOKCLVSA-N,PG(5-iso PGF2VI/a-13:0),PG(5-iso PGF2VI/a-13:0),PWSKCIUNCJJBIX-RXDOKCLVSA-N,C37H67O13P,1,1,1,0,1.519715665,1.519715665,1.519715665,NA,MTBLS11904,Up in PD,1,FALSE,FALSE
IK_KCPRJVDBLLJBMF-LGPQXENESA-N,Dihydroisomorphine-3-glucuronide,Dihydroisomorphine-3-glucuronide,KCPRJVDBLLJBMF-LGPQXENESA-N,C23H29NO9,1,1,0,1,-1.518187578,-1.518187578,1.518187578,NA,MTBLS11904,Down in PD,1,FALSE,FALSE
IK_LAGYWHSFHIMTPE-UHFFFAOYSA-N,Desmethylastemizole,Desmethylastemizole,LAGYWHSFHIMTPE-UHFFFAOYSA-N,C27H29FN4O,1,1,0,1,-1.514573173,-1.514573173,1.514573173,0.003237,24167579,Down in PD,1,FALSE,FALSE
UNKNOWN_ROW__24167579__unknown_86,unknown_86,unknown_86,NA,NA,1,1,0,1,-1.514573173,-1.514573173,1.514573173,NA,24167579,Down in PD,1,FALSE,FALSE
IK_SGNZYJXNUURYCH-UHFFFAOYSA-N,Dopamine [-NH3],"Dopamine [-NH3] | 5,6-Dihydroxyindole2,3",SGNZYJXNUURYCH-UHFFFAOYSA-N,C7H11N3O2,1,1,1,0,1.514101606,1.514101606,1.514101606,NA,ST003159,Up in PD,1,FALSE,FALSE
IK_YDCKQKAUVJTIHE-UHFFFAOYSA-N,"2-(2-Phenylimidazo[1,2-a]pyridin-8-yl)acetamide","2-(2-Phenylimidazo[1,2-a]pyridin-8-yl)acetamide",YDCKQKAUVJTIHE-UHFFFAOYSA-N,C15H13N3O,1,1,1,0,1.498754299,1.498754299,1.498754299,NA,MTBLS11904,Up in PD,1,FALSE,FALSE
IK_GHCZAUBVMUEKKP-PNNZQWTHSA-N,chenodeoxycholic acid glycine conjugate,chenodeoxycholic acid glycine conjugate,GHCZAUBVMUEKKP-PNNZQWTHSA-N,C26H43NO5,1,1,0,1,-1.475936324,-1.475936324,1.475936324,4e-4,ACS1517,Down in PD,1,FALSE,FALSE
IK_QQXLDOJGLXJCSE-KNVOCYPGSA-N,Tropinone,Tropinone,QQXLDOJGLXJCSE-KNVOCYPGSA-N,C8H13NO,1,1,1,0,1.475766556,1.475766556,1.475766556,NA,MTBLS11904,Up in PD,1,FALSE,FALSE
IK_ROQAUFRWFXOLOE-FEKBJPIOSA-N,Fluoxetine glucuronide,Fluoxetine glucuronide,ROQAUFRWFXOLOE-FEKBJPIOSA-N,C23H26F3NO7,1,1,0,1,-1.473972715,-1.473972715,1.473972715,NA,MTBLS11904,Down in PD,1,FALSE,FALSE
IK_BCTXZWCPBLWCRV-ZYADFMMDSA-N,"16(17)-epoxy-4Z,7Z,10Z,13Z,19Z-docosapentaenoic acid","16(17)-epoxy-4Z,7Z,10Z,13Z,19Z-docosapentaenoic acid",BCTXZWCPBLWCRV-ZYADFMMDSA-N,C22H32O3,1,1,0,1,-1.473931188,-1.473931188,1.473931188,2.8e-5,37755270,Down in PD,1,FALSE,FALSE
IK_VVOAZFWZEDHOOU-UHFFFAOYSA-N,MAG,MAG,VVOAZFWZEDHOOU-UHFFFAOYSA-N,Mg,1,1,0,1,-1.473931188,-1.473931188,1.473931188,0.00165,37755270,Down in PD,1,FALSE,FALSE
IK_PQPZSPJVMUCVAQ-JTQLQIEISA-N,PMeOH 36:4,PMeOH 36:4,PQPZSPJVMUCVAQ-JTQLQIEISA-N,C11H15NO3S,1,1,1,0,1.469885976,1.469885976,1.469885976,5.7e-6,37755270,Up in PD,1,FALSE,FALSE
IK_PWAKELUEEHWVFQ-UHFFFAOYSA-L,2-(7'-methylthio)heptylmalate,2-(7'-methylthio)heptylmalate,PWAKELUEEHWVFQ-UHFFFAOYSA-L,C12H20O5S-2,1,1,1,0,1.469322016,1.469322016,1.469322016,NA,MTBLS11904,Up in PD,1,FALSE,FALSE
IK_KJABUVRFCPPJPD-UHFFFAOYSA-N,Benzylpenicilloyl G,Benzylpenicilloyl G,KJABUVRFCPPJPD-UHFFFAOYSA-N,C22H31N3O6S,1,1,0,1,-1.466498377,-1.466498377,1.466498377,NA,MTBLS11904,Down in PD,1,FALSE,FALSE
IK_DREONSBNBZFXLW-UHFFFAOYSA-N,Beta-Hydroxy-gamma-trimethylaminobutyric acid,Beta-Hydroxy-gamma-trimethylaminobutyric acid,DREONSBNBZFXLW-UHFFFAOYSA-N,C7H15NO3,1,1,1,0,1.466099745,1.466099745,1.466099745,NA,MTBLS11904,Up in PD,1,FALSE,FALSE
IK_HCAJEUSONLESMK-UHFFFAOYSA-N,Cyclamate,Cyclamate,HCAJEUSONLESMK-UHFFFAOYSA-N,C6H13NO3S,1,1,1,0,1.456499373,1.456499373,1.456499373,NA,MTBLS11904,Up in PD,1,FALSE,FALSE
IK_UOXRPRZMAROFPH-IESLQMLBSA-N,LysoPI(16:0/0:0),LysoPI(16:0/0:0),UOXRPRZMAROFPH-IESLQMLBSA-N,C25H49O12P,1,1,1,0,1.454904848,1.454904848,1.454904848,NA,MTBLS11904,Up in PD,1,FALSE,FALSE
IK_FSWXOANXOQPCFF-UHFFFAOYSA-N,4'-Aminopropiophenone,4'-Aminopropiophenone,FSWXOANXOQPCFF-UHFFFAOYSA-N,C9H11NO,1,1,1,0,1.447829141,1.447829141,1.447829141,NA,MTBLS11904,Up in PD,1,FALSE,FALSE
IK_USHMBEFGKMCIBD-BQYQJAHWSA-N,"(3beta,5alpha,6alpha,7alpha,22E,24R)-5,6-Epoxyergosta-8,14,22-triene-3,7-diol","(3beta,5alpha,6alpha,7alpha,22E,24R)-5,6-Epoxyergosta-8,14,22-triene-3,7-diol",USHMBEFGKMCIBD-BQYQJAHWSA-N,C28H42O3,1,1,1,0,1.447795922,1.447795922,1.447795922,NA,MTBLS11904,Up in PD,1,FALSE,FALSE
IK_VRBFTYUMFJWSJY-UHFFFAOYSA-N,Parylene C,Parylene C,VRBFTYUMFJWSJY-UHFFFAOYSA-N,C16H14Cl2,1,1,1,0,1.447729483,1.447729483,1.447729483,NA,MTBLS11904,Up in PD,1,FALSE,FALSE
IK_WKOLLVMJNQIZCI-UHFFFAOYSA-N,Vanillic acid,Vanillic acid,WKOLLVMJNQIZCI-UHFFFAOYSA-N,C8H8O4,1,1,0,1,-1.446148032,-1.446148032,1.446148032,4.38e-4,38720721,Down in PD,1,FALSE,FALSE
IK_UNBDIKFARPKNLC-NOZLCFKKSA-N,PS 17:0-18:1-d5,PS 17:0-18:1-d5,UNBDIKFARPKNLC-NOZLCFKKSA-N,C41H78NO10P,1,1,1,0,1.443606651,1.443606651,1.443606651,4.18e-16,37755270,Up in PD,1,FALSE,FALSE
IK_SHAQGFGGJSLLHE-BQBZGAKWSA-N,pro-gln,pro-gln,SHAQGFGGJSLLHE-BQBZGAKWSA-N,C10H17N3O4,1,1,0,1,-1.442222329,-1.442222329,1.442222329,2.04e-11,38720721,Down in PD,1,FALSE,FALSE
IK_JARYYMUOCXVXNK-CSLFJTBJSA-N,Validamycin A,Validamycin A,JARYYMUOCXVXNK-CSLFJTBJSA-N,C20H35NO13,1,1,0,1,-1.439989391,-1.439989391,1.439989391,NA,MTBLS11904,Down in PD,1,FALSE,FALSE
IK_HIAJCGFYHIANNA-QIZZZRFXSA-N,3b ?Ã³?Ã³?Ã‡Ãœ?Â¼?Ã³?Ã©Â¼?Ã´Hydroxy-5-cholenoic acid,3b ?Ã³?Ã³?Ã‡Ãœ?Â¼?Ã³?Ã©Â¼?Ã´Hydroxy-5-cholenoic acid,HIAJCGFYHIANNA-QIZZZRFXSA-N,C24H38O3,1,1,1,0,1.432959407,1.432959407,1.432959407,0.0199,29518718,Up in PD,1,FALSE,FALSE
IK_YXFNPRHZMOGREC-UHFFFAOYSA-N,"{4-[4-(6-Carbamoyl-3,5-dimethylpyrazin-2-yl)phenyl]cyclohexyl}acetic acid","{4-[4-(6-Carbamoyl-3,5-dimethylpyrazin-2-yl)phenyl]cyclohexyl}acetic acid",YXFNPRHZMOGREC-UHFFFAOYSA-N,C21H25N3O3,1,1,0,1,-1.430256141,-1.430256141,1.430256141,NA,MTBLS11904,Down in PD,1,FALSE,FALSE
IK_ZLBGSRMUSVULIE-GSMJGMFJSA-N,Milbemycin A3,Milbemycin A3,ZLBGSRMUSVULIE-GSMJGMFJSA-N,C31H44O7,1,1,0,1,-1.4239478,-1.4239478,1.4239478,NA,MTBLS11904,Down in PD,1,FALSE,FALSE
IK_IBLCRTNVHXHBPT-UHFFFAOYSA-N,4-Methoxyindoxyl sulfate,4-Methoxyindoxyl sulfate,IBLCRTNVHXHBPT-UHFFFAOYSA-N,C9H11NO5S,1,1,1,0,1.416536578,1.416536578,1.416536578,NA,MTBLS11904,Up in PD,1,FALSE,FALSE
IK_QVUWNEQTPVMHQT-RLSIPVDZSA-N,GPEtn(16:1/18:1),GPEtn(16:1/18:1),QVUWNEQTPVMHQT-RLSIPVDZSA-N,C39H74NO8P,1,1,0,1,-1.410799608,-1.410799608,1.410799608,NA,MTBLS11904,Down in PD,1,FALSE,FALSE
IK_LOIYMIARKYCTBW-OWOJBTEDSA-N,Urocanic acid,Urocanic acid,LOIYMIARKYCTBW-OWOJBTEDSA-N,C6H6N2O2,1,1,0,1,-1.410058818,-1.410058818,1.410058818,NA,MTBLS11904,Down in PD,1,FALSE,FALSE
IK_IMWZZHHPURKASS-UHFFFAOYSA-N,Metaxalone,Metaxalone,IMWZZHHPURKASS-UHFFFAOYSA-N,C12H15NO3,1,1,0,1,-1.409005767,-1.409005767,1.409005767,NA,MTBLS11904,Down in PD,1,FALSE,FALSE
IK_GOZCEKPKECLKNO-RKQHYHRCSA-N,Picein,Picein,GOZCEKPKECLKNO-RKQHYHRCSA-N,C14H18O7,1,1,1,0,1.408995801,1.408995801,1.408995801,NA,MTBLS11904,Up in PD,1,FALSE,FALSE
IK_KOCKWDDTAHPJSX-UHFFFAOYSA-N,Hexacosanoyl carnitine,Hexacosanoyl carnitine,KOCKWDDTAHPJSX-UHFFFAOYSA-N,C33H65NO4,1,1,0,1,-1.403115989,-1.403115989,1.403115989,NA,ST003159,Down in PD,1,FALSE,FALSE
IK_DZTHIGRZJZPRDV-LBPRGKRZSA-N,N-acetyl-tryptophan,N-acetyl-tryptophan,DZTHIGRZJZPRDV-LBPRGKRZSA-N,C13H14N2O3,1,1,1,0,1.40053793,1.40053793,1.40053793,6.82e-10,38720721,Up in PD,1,FALSE,FALSE
IK_FJFKQAOJHHCXEK-UHFFFAOYSA-N,4-Methoxyphenylethanol sulfate,4-Methoxyphenylethanol sulfate,FJFKQAOJHHCXEK-UHFFFAOYSA-N,C9H14O6S,1,1,0,1,-1.396239598,-1.396239598,1.396239598,NA,ST003159,Down in PD,1,FALSE,FALSE
IK_GNWHRHGTIBRNSM-UHFFFAOYSA-N,2-((6-Amino-9H-purin-9-yl)methyl)-5-methyl-3-o-tolylquinazolin-4(3H)-one,2-((6-Amino-9H-purin-9-yl)methyl)-5-methyl-3-o-tolylquinazolin-4(3H)-one,GNWHRHGTIBRNSM-UHFFFAOYSA-N,C22H19N7O,1,1,0,1,-1.393847809,-1.393847809,1.393847809,NA,MTBLS11904,Down in PD,1,FALSE,FALSE
IK_LVJJEIJOKPHQOU-UHFFFAOYSA-N,"3-Hydroxy-2-methylpyridine-4,5-dicarboxylate","3-Hydroxy-2-methylpyridine-4,5-dicarboxylate",LVJJEIJOKPHQOU-UHFFFAOYSA-N,C8H7NO5,1,1,1,0,1.3924526,1.3924526,1.3924526,NA,MTBLS11904,Up in PD,1,FALSE,FALSE
IK_MROJXXOCABQVEF-UHFFFAOYSA-N,Actarit,Actarit,MROJXXOCABQVEF-UHFFFAOYSA-N,C10H11NO3,1,1,1,0,1.391655337,1.391655337,1.391655337,NA,MTBLS11904,Up in PD,1,FALSE,FALSE
IK_UMCDODPBPQMWQP-UHFFFAOYSA-N,Dihydroferulic acid 4-O-sulfate,Dihydroferulic acid 4-O-sulfate,UMCDODPBPQMWQP-UHFFFAOYSA-N,C10H12O7S,1,1,1,0,1.38966218,1.38966218,1.38966218,NA,MTBLS11904,Up in PD,1,FALSE,FALSE
IK_GLVWZDCWCRWVFM-RZGYGYJVSA-N,Taurochenodeoxycholate-3-sulfate,Taurochenodeoxycholate-3-sulfate,GLVWZDCWCRWVFM-RZGYGYJVSA-N,C26H45NO9S2,1,1,1,0,1.382121403,1.382121403,1.382121403,NA,MTBLS11904,Up in PD,1,FALSE,FALSE
IK_FZAYDNUFXQMOCM-SSTSLOEUSA-N,PA(18:2/15:0),PA(18:2/15:0),FZAYDNUFXQMOCM-SSTSLOEUSA-N,C31H60NO8P,1,1,1,0,1.378511623,1.378511623,1.378511623,0.0106,29518718,Up in PD,1,FALSE,FALSE
IK_SVBMASFUJDIDJC-XFJIFGBKSA-N,3-Dehydroteasterone,3-Dehydroteasterone,SVBMASFUJDIDJC-XFJIFGBKSA-N,C28H46O4,1,1,1,0,1.377570362,1.377570362,1.377570362,NA,MTBLS11904,Up in PD,1,FALSE,FALSE
IK_HZMSBMNSIHSLPJ-KUBAVDMBSA-N,N-docosahexaenoyl GABA,N-docosahexaenoyl GABA,HZMSBMNSIHSLPJ-KUBAVDMBSA-N,C26H39NO3,1,1,0,1,-1.371833001,-1.371833001,1.371833001,9.5e-5,ACS1517,Down in PD,1,FALSE,FALSE
IK_FHFZEKYDSVTYLL-UHFFFAOYSA-N,Metomidate,Metomidate,FHFZEKYDSVTYLL-UHFFFAOYSA-N,C13H14N2O2,1,1,0,1,-1.368601156,-1.368601156,1.368601156,NA,MTBLS11904,Down in PD,1,FALSE,FALSE
IK_HOSGXJWQVBHGLT-UHFFFAOYSA-N,"6-Hydroxy-3,4-dihydro-2(1H)-quinolinone","6-Hydroxy-3,4-dihydro-2(1H)-quinolinone",HOSGXJWQVBHGLT-UHFFFAOYSA-N,C9H9NO2,1,1,1,0,1.368435059,1.368435059,1.368435059,NA,MTBLS11904,Up in PD,1,FALSE,FALSE
IK_AIQDYKMWENWVQJ-QIUUJYRFSA-K,Alpha-D-glucuronate 1-phosphate,Alpha-D-glucuronate 1-phosphate,AIQDYKMWENWVQJ-QIUUJYRFSA-K,C6H8O10P-3,1,1,1,0,1.366010052,1.366010052,1.366010052,NA,MTBLS11904,Up in PD,1,FALSE,FALSE
IK_DAELTTGCCPRYTP-ZLQZEYEISA-N,Lusitanicoside,Lusitanicoside,DAELTTGCCPRYTP-ZLQZEYEISA-N,C21H30O10,1,1,0,1,-1.363847477,-1.363847477,1.363847477,NA,MTBLS11904,Down in PD,1,FALSE,FALSE
IK_HVRNKDVLFAVCJF-VJANTYMQSA-N,5-Methyltetrahydropteroyltri-L-glutamic acid,5-Methyltetrahydropteroyltri-L-glutamic acid,HVRNKDVLFAVCJF-VJANTYMQSA-N,C30H39N9O12,1,1,0,1,-1.358635372,-1.358635372,1.358635372,NA,MTBLS11904,Down in PD,1,FALSE,FALSE
IK_XNZFLHDUNBGYBT-ACNMEUTMSA-N,PC 37:7,PC 37:7,XNZFLHDUNBGYBT-ACNMEUTMSA-N,C45H76NO8P,1,1,1,0,1.35614381,1.35614381,1.35614381,2.66e-11,37755270,Up in PD,1,FALSE,FALSE
IK_LVQDKIWDGQRHTE-UHFFFAOYSA-N,Cyromazine,Cyromazine,LVQDKIWDGQRHTE-UHFFFAOYSA-N,C6H10N6,1,1,0,1,-1.331993508,-1.331993508,1.331993508,NA,MTBLS11904,Down in PD,1,FALSE,FALSE
IK_BWKILASWCLJPBO-UHFFFAOYSA-N,LPC 12:0,LPC 12:0,BWKILASWCLJPBO-UHFFFAOYSA-N,C20H42NO7P,1,1,1,0,1.323658291,1.323658291,1.323658291,0.00595,38720721,Up in PD,1,FALSE,FALSE
IK_IKQCSJBQLWJEPU-UHFFFAOYSA-M,"2,5-dihydroxybenzenesulfonate","2,5-dihydroxybenzenesulfonate",IKQCSJBQLWJEPU-UHFFFAOYSA-M,C6H5O5S-,1,1,0,1,-1.321928095,-1.321928095,1.321928095,0.00686,37755270,Down in PD,1,FALSE,FALSE
IK_JOATXPAWOHTVSZ-UHFFFAOYSA-N,Celiprolol,Celiprolol,JOATXPAWOHTVSZ-UHFFFAOYSA-N,C20H33N3O4,1,1,0,1,-1.321928095,-1.321928095,1.321928095,NA,24167579,Down in PD,1,FALSE,FALSE
IK_KNHXCLGABLNNRN-FFSDQCCLSA-N,PC O-34:4|PC O-16:2_18:2,PC O-34:4|PC O-16:2_18:2 | PC O-34:4 | PC O-16:2_18:2,KNHXCLGABLNNRN-FFSDQCCLSA-N,C42H78NO7P,1,1,0,1,-1.321928095,-1.321928095,1.321928095,2.74e-4,37755270,Down in PD,1,FALSE,FALSE
IK_BLWYXBNNBYXPPL-YFKPBYRVSA-N,"L-Proline, methyl ester","L-Proline, methyl ester",BLWYXBNNBYXPPL-YFKPBYRVSA-N,C6H11NO2,1,1,0,1,-1.318325858,-1.318325858,1.318325858,5.53e-7,38720721,Down in PD,1,FALSE,FALSE
IK_MGXAKXRVQRODDX-LRSNRTHXSA-N,Ginkgolide K,Ginkgolide K,MGXAKXRVQRODDX-LRSNRTHXSA-N,C20H22O9,1,1,1,0,1.317642779,1.317642779,1.317642779,NA,MTBLS11904,Up in PD,1,FALSE,FALSE
IK_WJXQFVMTIGJBFX-UHFFFAOYSA-N,4-Methoxytyramine,4-Methoxytyramine,WJXQFVMTIGJBFX-UHFFFAOYSA-N,C9H13NO2,1,1,0,1,-1.311862624,-1.311862624,1.311862624,NA,ST003159,Down in PD,1,FALSE,FALSE
IK_HKVGJQVJNQRJPO-VTDDDATNSA-N,Demethyloleuropein,Demethyloleuropein,HKVGJQVJNQRJPO-VTDDDATNSA-N,C24H30O13,1,1,1,0,1.307975968,1.307975968,1.307975968,NA,MTBLS11904,Up in PD,1,FALSE,FALSE
IK_YPIQXPKZXKWWSZ-UHFFFAOYSA-N,"5-Phenyl-1,3-oxazinane-2,4-dione","5-Phenyl-1,3-oxazinane-2,4-dione",YPIQXPKZXKWWSZ-UHFFFAOYSA-N,C10H9NO3,1,1,1,0,1.307942749,1.307942749,1.307942749,NA,MTBLS11904,Up in PD,1,FALSE,FALSE
IK_DZMVCVHATYROOS-ZBFGKEHZSA-N,Soblidotin,Soblidotin,DZMVCVHATYROOS-ZBFGKEHZSA-N,C39H67N5O6,1,1,0,1,-1.296614974,-1.296614974,1.296614974,NA,MTBLS11904,Down in PD,1,FALSE,FALSE
IK_PWHROYKAGRUWDQ-UHFFFAOYSA-N,Difenpiramide,Difenpiramide,PWHROYKAGRUWDQ-UHFFFAOYSA-N,C19H16N2O,1,1,0,1,-1.293358943,-1.293358943,1.293358943,NA,24167579,Down in PD,1,FALSE,FALSE
IK_ORVQWHLMVLOZPX-ZZXKWVIFSA-N,Bisnoryangonin,Bisnoryangonin,ORVQWHLMVLOZPX-ZZXKWVIFSA-N,C13H10O4,1,1,1,0,1.282131368,1.282131368,1.282131368,NA,MTBLS11904,Up in PD,1,FALSE,FALSE
IK_WTNZLKZBPONVPE-RYKNKZFFSA-N,"PE-NMe(20:0/20:2(11Z,14Z))","PE-NMe(20:0/20:2(11Z,14Z))",WTNZLKZBPONVPE-RYKNKZFFSA-N,C46H88NO8P,1,1,0,1,-1.280570061,-1.280570061,1.280570061,NA,MTBLS11904,Down in PD,1,FALSE,FALSE
IK_LEEDEKWKJVUWGA-AVFOEOQDSA-N,N-cis-p-Coumaroyltyrosine,N-cis-p-Coumaroyltyrosine,LEEDEKWKJVUWGA-AVFOEOQDSA-N,C18H17NO5,1,1,1,0,1.275007047,1.275007047,1.275007047,1.1e-12,38720721,Up in PD,1,FALSE,FALSE
IK_IAHCDPVIVIKDFJ-DIACKHNESA-N,Dihyroxy-1H-indole glucuronide I,Dihyroxy-1H-indole glucuronide I,IAHCDPVIVIKDFJ-DIACKHNESA-N,C14H15NO8,1,1,1,0,1.26721591,1.26721591,1.26721591,NA,MTBLS11904,Up in PD,1,FALSE,FALSE
IK_WPYMKLBDIGXBTP-UHFFFAOYSA-N,Benzoic Acid,Benzoic Acid,WPYMKLBDIGXBTP-UHFFFAOYSA-N,C7H6O2,1,1,1,0,1.266152893,1.266152893,1.266152893,NA,MTBLS11904,Up in PD,1,FALSE,FALSE
IK_JDHILDINMRGULE-UHFFFAOYNA-N,3-Methylhistidine,3-Methylhistidine,JDHILDINMRGULE-UHFFFAOYNA-N,C7H11N3O2,1,1,0,1,-1.265344567,-1.265344567,1.265344567,0.00739,38720721,Down in PD,1,FALSE,FALSE
IK_UZTFMUBKZQVKLK-UHFFFAOYSA-M,4-Acetamidobutanoate,4-Acetamidobutanoate,UZTFMUBKZQVKLK-UHFFFAOYSA-M,C6H10NO3-,1,1,1,0,1.258246705,1.258246705,1.258246705,NA,MTBLS11904,Up in PD,1,FALSE,FALSE
IK_BHQCQFFYRZLCQQ-UMZBRFQRSA-N,Bile acid,Bile acid,BHQCQFFYRZLCQQ-UMZBRFQRSA-N,C24H40O5,1,1,1,0,1.251669287,1.251669287,1.251669287,NA,MTBLS11904,Up in PD,1,FALSE,FALSE
UNKNOWN_ROW__24167579__unknown_176,unknown_176,unknown_176,NA,NA,1,1,0,1,-1.251538767,-1.251538767,1.251538767,NA,24167579,Down in PD,1,FALSE,FALSE
UNKNOWN_ROW__24167579__unknown_196,unknown_196,unknown_196,NA,NA,1,1,0,1,-1.251538767,-1.251538767,1.251538767,NA,24167579,Down in PD,1,FALSE,FALSE
IK_DOFAQXCYFQKSHT-SRVKXCTJSA-N,t4-OH-Proline,t4-OH-Proline,DOFAQXCYFQKSHT-SRVKXCTJSA-N,C15H25N3O4,1,1,1,0,1.251357351,1.251357351,1.251357351,NA,34577635,Up in PD,1,FALSE,FALSE
IK_NOSWATRCDIPOON-UHFFFAOYSA-N,135-Trichloro-(2-methylsulfonyl)benzene,135-Trichloro-(2-methylsulfonyl)benzene,NOSWATRCDIPOON-UHFFFAOYSA-N,C7H5Cl3O2S,1,1,1,0,1.250905243,1.250905243,1.250905243,NA,ST003159,Up in PD,1,FALSE,FALSE
IK_FERWCFYKULABCE-UHFFFAOYSA-N,Amotosalen,Amotosalen,FERWCFYKULABCE-UHFFFAOYSA-N,C17H19NO4,1,1,0,1,-1.250539831,-1.250539831,1.250539831,NA,MTBLS11904,Down in PD,1,FALSE,FALSE
IK_JVGVDSSUAVXRDY-UHFFFAOYSA-M,3-(4-Hydroxyphenyl)lactate,3-(4-Hydroxyphenyl)lactate,JVGVDSSUAVXRDY-UHFFFAOYSA-M,C9H9O4-,1,1,1,0,1.249343937,1.249343937,1.249343937,NA,MTBLS11904,Up in PD,1,FALSE,FALSE
IK_WTIIULQJLZEHGZ-AWFVSMACSA-L,"(2R,3S)-2,3-dimethylmalate","(2R,3S)-2,3-dimethylmalate",WTIIULQJLZEHGZ-AWFVSMACSA-L,C6H8O5-2,1,1,1,0,1.249011744,1.249011744,1.249011744,NA,MTBLS11904,Up in PD,1,FALSE,FALSE
IK_CUZUEIFJLWAMHR-VKMQJZFUSA-N,PE O-40:8|PE O-22:6_18:2,PE O-40:8|PE O-22:6_18:2 | PE O-40:8 | PE O-22:6_18:2,CUZUEIFJLWAMHR-VKMQJZFUSA-N,C45H76NO7P,1,1,1,0,1.244887059,1.244887059,1.244887059,1.19e-12,37755270,Up in PD,1,FALSE,FALSE
IK_VNKBTWQZTQIWDV-UHFFFAOYSA-N,Azamethiphos,Azamethiphos,VNKBTWQZTQIWDV-UHFFFAOYSA-N,C9H10ClN2O5PS,1,1,0,1,-1.240108977,-1.240108977,1.240108977,NA,MTBLS11904,Down in PD,1,FALSE,FALSE
IK_ZKQQJUBGJLUJNT-UHFFFAOYSA-N,1-Phenyl-24-pentadiyn-1-one,1-Phenyl-24-pentadiyn-1-one,ZKQQJUBGJLUJNT-UHFFFAOYSA-N,C11H6O,1,1,1,0,1.239942881,1.239942881,1.239942881,NA,ST003159,Up in PD,1,FALSE,FALSE
IK_MXXWOMGUGJBKIW-YPCIICBESA-N,Piperine,Piperine,MXXWOMGUGJBKIW-YPCIICBESA-N,C17H19NO3,1,1,0,1,-1.238281917,-1.238281917,1.238281917,NA,MTBLS11904,Down in PD,1,FALSE,FALSE
IK_WGOIHPRRFBCVBZ-GSVOUGTGSA-N,"Pyroglutamic acid/ Pyrrolidonecarboxylic acid1,3","Pyroglutamic acid/ Pyrrolidonecarboxylic acid1,3",WGOIHPRRFBCVBZ-GSVOUGTGSA-N,C5H8N2O2,1,1,1,0,1.236023006,1.236023006,1.236023006,NA,ST003159,Up in PD,1,FALSE,FALSE
IK_UIKROCXWUNQSPJ-UHFFFAOYNA-N,Cotinine,Cotinine,UIKROCXWUNQSPJ-UHFFFAOYNA-N,C10H12N2O,1,1,0,1,-1.23260142,-1.23260142,1.23260142,NA,MTBLS11904,Down in PD,1,FALSE,FALSE
IK_WVDDGKGOMKODPV-UHFFFAOYSA-N,Benzyl Alcohol,Benzyl Alcohol,WVDDGKGOMKODPV-UHFFFAOYSA-N,C7H8O,1,1,1,0,1.228356954,1.228356954,1.228356954,2.22e-6,38720721,Up in PD,1,FALSE,FALSE
IK_QGZDXQHLEQAGJB-INIZCTEOSA-N,Gly Phe,Gly Phe,QGZDXQHLEQAGJB-INIZCTEOSA-N,C15H18N2O6S,1,1,1,0,1.220253813,1.220253813,1.220253813,NA,MTBLS11904,Up in PD,1,FALSE,FALSE
IK_GIYMZAJHBZLOGR-UHFFFAOYSA-N,4-Hydroxy-5-(4'-hydroxyphenyl)-valeric acid-4'-O-sulphate,4-Hydroxy-5-(4'-hydroxyphenyl)-valeric acid-4'-O-sulphate,GIYMZAJHBZLOGR-UHFFFAOYSA-N,C11H14O7S,1,1,1,0,1.219885079,1.219885079,1.219885079,NA,MTBLS11904,Up in PD,1,FALSE,FALSE
IK_VVQVMHASNBSOOC-UHFFFAOYSA-N,4-(Hydroxymethyl)benzenesulfonic acid,4-(Hydroxymethyl)benzenesulfonic acid,VVQVMHASNBSOOC-UHFFFAOYSA-N,C7H8O4S,1,1,1,0,1.215989154,1.215989154,1.215989154,3.04e-6,38720721,Up in PD,1,FALSE,FALSE
IK_GLUJNGJDHCTUJY-UHFFFAOYSA-N,3-Amino-4-methylpentanoic acid,3-Amino-4-methylpentanoic acid,GLUJNGJDHCTUJY-UHFFFAOYSA-N,C6H13NO2,1,1,1,0,1.207221889,1.207221889,1.207221889,NA,MTBLS11904,Up in PD,1,FALSE,FALSE
IK_COVZYZSDYWQREU-UHFFFAOYSA-N,Busulfan,Busulfan,COVZYZSDYWQREU-UHFFFAOYSA-N,C6H14O6S2,1,1,0,1,-1.206657161,-1.206657161,1.206657161,NA,ST003159,Down in PD,1,FALSE,FALSE
IK_KUYNOZVWCFXSNE-BYNIDDHOSA-N,Indoxyl glucuronide,Indoxyl glucuronide,KUYNOZVWCFXSNE-BYNIDDHOSA-N,C14H15NO7,1,1,1,0,1.203534549,1.203534549,1.203534549,NA,MTBLS11904,Up in PD,1,FALSE,FALSE
IK_MUMXFARPYQTTSL-BQBZGAKWSA-N,Met-Gln,Met-Gln,MUMXFARPYQTTSL-BQBZGAKWSA-N,C10H19N3O4S,1,1,1,0,1.203514411,1.203514411,1.203514411,0.0382,38720721,Up in PD,1,FALSE,FALSE
IK_CWMPPVPFLSZGCY-SREVYHEPSA-N,2-Octenoic acid,2-Octenoic acid,CWMPPVPFLSZGCY-SREVYHEPSA-N,C8H14O2,1,1,1,0,1.201633861,1.201633861,1.201633861,1e-4,29518718,Up in PD,1,FALSE,FALSE
IK_JBFYFLXEJFQWMU-WDSKDSINSA-N,N2-gamma-Glutamylglutamine,N2-gamma-Glutamylglutamine,JBFYFLXEJFQWMU-WDSKDSINSA-N,C10H17N3O6,1,1,1,0,1.200345498,1.200345498,1.200345498,NA,MTBLS11904,Up in PD,1,FALSE,FALSE
IK_IZZIWIAOVZOBLF-UHFFFAOYSA-N,5-methoxysalicylic acid,5-methoxysalicylic acid,IZZIWIAOVZOBLF-UHFFFAOYSA-N,C8H8O4,1,1,1,0,1.197236355,1.197236355,1.197236355,0.00698,38720721,Up in PD,1,FALSE,FALSE
IK_ZZKNRXZVGOYGJT-VKHMYHEASA-N,Sparfosic acid,Sparfosic acid,ZZKNRXZVGOYGJT-VKHMYHEASA-N,C6H10NO8P,1,1,0,1,-1.196890693,-1.196890693,1.196890693,NA,MTBLS11904,Down in PD,1,FALSE,FALSE
IK_BHQCQFFYRZLCQQ-OELDTZBJSA-N,Cholic Acid,Cholic Acid,BHQCQFFYRZLCQQ-OELDTZBJSA-N,C24H40O5,1,1,0,1,-1.188991148,-1.188991148,1.188991148,NA,MTBLS11904,Down in PD,1,FALSE,FALSE
IK_AGPIOXWTGKGPPK-UHFFFAOYSA-N,Cyclo(glycylleucylvalylleucylprolylseryl),Cyclo(glycylleucylvalylleucylprolylseryl),AGPIOXWTGKGPPK-UHFFFAOYSA-N,C27H46N6O7,1,1,1,0,1.188021145,1.188021145,1.188021145,NA,MTBLS11904,Up in PD,1,FALSE,FALSE
IK_UPUWBGZZDIUZQD-UHFFFAOYSA-N,2-hydroxypyridine sulfate,2-hydroxypyridine sulfate,UPUWBGZZDIUZQD-UHFFFAOYSA-N,C5H5NO4S,1,1,0,1,-1.187707155,-1.187707155,1.187707155,5.09e-4,38720721,Down in PD,1,FALSE,FALSE
IK_KXIAPDOVNFLKOS-FSBLEZRJSA-N,DG(PGD2/8:0/0:0),DG(PGD2/8:0/0:0),KXIAPDOVNFLKOS-FSBLEZRJSA-N,C31H52O8,1,1,1,0,1.187688952,1.187688952,1.187688952,NA,MTBLS11904,Up in PD,1,FALSE,FALSE
IK_UIKROCXWUNQSPJ-VIFPVBQESA-N,(-)-Cotinine,(-)-Cotinine,UIKROCXWUNQSPJ-VIFPVBQESA-N,C10H12N2O,1,1,0,1,-1.184566339,-1.184566339,1.184566339,NA,MTBLS11904,Down in PD,1,FALSE,FALSE
UNKNOWN_ROW__24167579__unknown_105,unknown_105,unknown_105,NA,NA,1,1,0,1,-1.184424571,-1.184424571,1.184424571,NA,24167579,Down in PD,1,FALSE,FALSE
IK_ATIPDCIQTUXABX-UWVGGRQHSA-N,Lysylleucine,Lysylleucine,ATIPDCIQTUXABX-UWVGGRQHSA-N,C12H25N3O3,1,1,1,0,1.183304007,1.183304007,1.183304007,NA,MTBLS11904,Up in PD,1,FALSE,FALSE
IK_DUAGQYUORDTXOR-GPQRQXLASA-N,Gentiopicroside,Gentiopicroside,DUAGQYUORDTXOR-GPQRQXLASA-N,C16H20O9,1,1,1,0,1.18177592,1.18177592,1.18177592,NA,MTBLS11904,Up in PD,1,FALSE,FALSE
IK_QQCSUWGQBREWRO-XDJHFCHBSA-N,Alilusem,Alilusem,QQCSUWGQBREWRO-XDJHFCHBSA-N,C17H15ClN2O5S,1,1,0,1,-1.179118377,-1.179118377,1.179118377,NA,MTBLS11904,Down in PD,1,FALSE,FALSE
IK_YTMBNLHIDIKJIU-HCXYKTFWSA-N,Dynorphin B (6-9),Dynorphin B (6-9),YTMBNLHIDIKJIU-HCXYKTFWSA-N,C26H43N11O6,1,1,1,0,1.177291317,1.177291317,1.177291317,NA,MTBLS11904,Up in PD,1,FALSE,FALSE
IK_REFJWTPEDVJJIY-UHFFFAOYSA-N,rosmarinic acid,rosmarinic acid,REFJWTPEDVJJIY-UHFFFAOYSA-N,C15H10O7,1,1,0,1,-1.176322369,-1.176322369,1.176322369,0.0041,38516193,Down in PD,1,FALSE,FALSE
IK_BKASXWPLSXFART-YUMQZZPRSA-N,LL-Cyclo(leucylprolyl),LL-Cyclo(leucylprolyl),BKASXWPLSXFART-YUMQZZPRSA-N,C10H14N2O2,1,1,0,1,-1.171345066,-1.171345066,1.171345066,NA,ST003159,Down in PD,1,FALSE,FALSE
IK_IDYRXWOMWZHWEO-UHFFFAOYSA-N,"4-(8-Amino-1,2,3,4-tetrahydro-2-methyl-4-isoquinolinyl)phenol","4-(8-Amino-1,2,3,4-tetrahydro-2-methyl-4-isoquinolinyl)phenol",IDYRXWOMWZHWEO-UHFFFAOYSA-N,C16H18N2O,1,1,0,1,-1.169584444,-1.169584444,1.169584444,NA,MTBLS11904,Down in PD,1,FALSE,FALSE
IK_WDZVGELJXXEGPV-YIXHJXPBSA-N,Guanabenz,Guanabenz,WDZVGELJXXEGPV-YIXHJXPBSA-N,C8H8Cl2N4,1,1,0,1,-1.164501894,-1.164501894,1.164501894,NA,ST003159,Down in PD,1,FALSE,FALSE
IK_SKLQABVRGGRTIT-UHFFFAOYSA-N,Gamma-Glutaminyl-4-hydroxybenzene,Gamma-Glutaminyl-4-hydroxybenzene,SKLQABVRGGRTIT-UHFFFAOYSA-N,C11H14N2O4,1,1,1,0,1.158522423,1.158522423,1.158522423,NA,MTBLS11904,Up in PD,1,FALSE,FALSE
IK_FCCFXOHVERVHQR-KDXRDGMUSA-N,Corchorifatty acid A,Corchorifatty acid A,FCCFXOHVERVHQR-KDXRDGMUSA-N,C18H28O4,1,1,1,0,1.157160433,1.157160433,1.157160433,NA,MTBLS11904,Up in PD,1,FALSE,FALSE
IK_HZACOPMRVHUEFI-ISIOAQNYSA-N,Dmg-mino,Dmg-mino,HZACOPMRVHUEFI-ISIOAQNYSA-N,C27H35N5O8,1,1,0,1,-1.154934741,-1.154934741,1.154934741,NA,MTBLS11904,Down in PD,1,FALSE,FALSE
IK_BWEICTHJUIJQPH-UHFFFAOYSA-N,"3-Hydroxyadipic acid 3,6-lactone","3-Hydroxyadipic acid 3,6-lactone",BWEICTHJUIJQPH-UHFFFAOYSA-N,C6H8O4,1,1,1,0,1.154569329,1.154569329,1.154569329,NA,MTBLS11904,Up in PD,1,FALSE,FALSE
IK_HRLQZTOIKWEZBN-UHFFFAOYSA-N,2-Hydroxyacetaminophen sulfate,2-Hydroxyacetaminophen sulfate,HRLQZTOIKWEZBN-UHFFFAOYSA-N,C8H9NO6S,1,1,1,0,1.154044464,1.154044464,1.154044464,NA,MTBLS11904,Up in PD,1,FALSE,FALSE
IK_RJDBNSZFZDWPFL-WEDYNZIRSA-N,2-(?Ã„??-D-Mannosyl)-3-phosphoglycerate,2-(?Ã„??-D-Mannosyl)-3-phosphoglycerate | 2-( ???Ã©??-D-Mannosyl)-3-phosphoglycerate,RJDBNSZFZDWPFL-WEDYNZIRSA-N,C9H17O12P,1,1,0,1,-1.152003093,-1.152003093,1.152003093,0.004115,24167579,Down in PD,1,FALSE,FALSE
IK_JGSUNMCABQUBOY-UHFFFAOYSA-N,3-Succinoylpyridine,3-Succinoylpyridine,JGSUNMCABQUBOY-UHFFFAOYSA-N,C9H9NO3,1,1,1,0,1.146397386,1.146397386,1.146397386,NA,MTBLS11904,Up in PD,1,FALSE,FALSE
IK_UGQMRVRMYYASKQ-UHTZMRCNSA-N,Arabinosylhypoxanthine,Arabinosylhypoxanthine,UGQMRVRMYYASKQ-UHTZMRCNSA-N,C10H12N4O5,1,1,0,1,-1.146168173,-1.146168173,1.146168173,NA,MTBLS11904,Down in PD,1,FALSE,FALSE
IK_IHFRBIZNQISAFK-JTQLQIEISA-N,Phenylacetyl glutaminate,Phenylacetyl glutaminate,IHFRBIZNQISAFK-JTQLQIEISA-N,C13H16N2O4,1,1,1,0,1.144603544,1.144603544,1.144603544,NA,MTBLS11904,Up in PD,1,FALSE,FALSE
IK_UKAUDTTVOAAZHC-UHFFFAOYSA-N,"Itaconate (Itaconic acid)1,3","Itaconate (Itaconic acid)1,3",UKAUDTTVOAAZHC-UHFFFAOYSA-N,C9H14BNO3,1,1,0,1,-1.14247751,-1.14247751,1.14247751,NA,ST003159,Down in PD,1,FALSE,FALSE
IK_ZAIPMKNFIOOWCQ-UEKVPHQBSA-N,Cephalexin,Cephalexin,ZAIPMKNFIOOWCQ-UEKVPHQBSA-N,C16H17N3O4S,1,1,1,0,1.13696311,1.13696311,1.13696311,NA,MTBLS11904,Up in PD,1,FALSE,FALSE
IK_JZKXXXDKRQWDET-UHFFFAOYSA-N,DL-m-Tyrosine,DL-m-Tyrosine,JZKXXXDKRQWDET-UHFFFAOYSA-N,C9H11NO3,1,1,0,1,-1.135003172,-1.135003172,1.135003172,NA,MTBLS11904,Down in PD,1,FALSE,FALSE
IK_REAZZDPREXHWNV-UHFFFAOYSA-N,"Aplysiatoxin, 17-debromo-","Aplysiatoxin, 17-debromo-",REAZZDPREXHWNV-UHFFFAOYSA-N,C32H48O10,1,1,1,0,1.134936734,1.134936734,1.134936734,NA,MTBLS11904,Up in PD,1,FALSE,FALSE
IK_OBHRVMZSZIDDEK-UHFFFAOYSA-N,Mesobilirubinogen,Mesobilirubinogen,OBHRVMZSZIDDEK-UHFFFAOYSA-N,C33H44N4O6,1,1,1,0,1.13463776,1.13463776,1.13463776,NA,MTBLS11904,Up in PD,1,FALSE,FALSE
IK_RNYZJZKPGHQTJR-UHFFFAOYSA-N,Protoanemonin,Protoanemonin,RNYZJZKPGHQTJR-UHFFFAOYSA-N,C5H4O2,1,1,0,1,-1.133043235,-1.133043235,1.133043235,NA,MTBLS11904,Down in PD,1,FALSE,FALSE
IK_LEQAKWQJCITZNK-AXHKHJLKSA-N,Thiocolchicoside,Thiocolchicoside,LEQAKWQJCITZNK-AXHKHJLKSA-N,C27H33NO10S,1,1,0,1,-1.131913779,-1.131913779,1.131913779,NA,MTBLS11904,Down in PD,1,FALSE,FALSE
IK_CQOQDQWUFQDJMK-SSTWWWIQSA-N,2-methoxyestradiol (2-ME2),2-methoxyestradiol (2-ME2),CQOQDQWUFQDJMK-SSTWWWIQSA-N,C19H26O3,1,1,1,0,1.129145171,1.129145171,1.129145171,NA,37589832,Up in PD,1,FALSE,FALSE
IK_HQXMTDSLKXAPTA-NRFANRHFSA-N,N-Palmitoyl Asparagine,N-Palmitoyl Asparagine,HQXMTDSLKXAPTA-NRFANRHFSA-N,C24H45NO5,1,1,1,0,1.127761369,1.127761369,1.127761369,NA,MTBLS11904,Up in PD,1,FALSE,FALSE
IK_MMAFNNBLJJXUCU-UHFFFAOYSA-N,"(3b,16b,20R)-Pregn-5-ene-3,16,20-triol 3-glucoside","(3b,16b,20R)-Pregn-5-ene-3,16,20-triol 3-glucoside",MMAFNNBLJJXUCU-UHFFFAOYSA-N,C27H44O8,1,1,0,1,-1.125668554,-1.125668554,1.125668554,NA,MTBLS11904,Down in PD,1,FALSE,FALSE
IK_ILHLUZUMRJQEAH-UHFFFAOYSA-N,3-Isochromanone,3-Isochromanone,ILHLUZUMRJQEAH-UHFFFAOYSA-N,C9H8O2,1,1,1,0,1.123666196,1.123666196,1.123666196,2.04e-14,38720721,Up in PD,1,FALSE,FALSE
IK_ZSANYRMTSBBUCA-UHFFFAOYSA-N,"Oxoglutaric acid1,2,3","Oxoglutaric acid1,2,3",ZSANYRMTSBBUCA-UHFFFAOYSA-N,C9H14O5,1,1,1,0,1.121084293,1.121084293,1.121084293,NA,ST003159,Up in PD,1,FALSE,FALSE
IK_UAKTZILOYPPNCD-UHFFFAOYSA-N,Annohexocin,Annohexocin,UAKTZILOYPPNCD-UHFFFAOYSA-N,C35H64O9,1,1,1,0,1.119124356,1.119124356,1.119124356,NA,MTBLS11904,Up in PD,1,FALSE,FALSE
IK_QCPDBEXGCHOIDE-ZPUAQPQFSA-N,Pleurotin,Pleurotin,QCPDBEXGCHOIDE-ZPUAQPQFSA-N,C21H22O5,1,1,1,0,1.115868866,1.115868866,1.115868866,NA,MTBLS11904,Up in PD,1,FALSE,FALSE
IK_RTGHRDFWYQHVFW-UHFFFAOYSA-N,3-Oxoadipic acid,3-Oxoadipic acid | 3-oxo-adipic acid,RTGHRDFWYQHVFW-UHFFFAOYSA-N,C6H8O5,1,1,1,0,1.111151728,1.111151728,1.111151728,NA,MTBLS11904,Up in PD,1,FALSE,FALSE
IK_YRKZDONPVFEWNN-HBCPYPPXSA-N,"(3a,5b)-24-oxo-24-[(2-sulfoethyl)amino]cholan-3-yl-b-D-Glucopyranosiduronic acid","(3a,5b)-24-oxo-24-[(2-sulfoethyl)amino]cholan-3-yl-b-D-Glucopyranosiduronic acid",YRKZDONPVFEWNN-HBCPYPPXSA-N,C32H53NO11S,1,1,1,0,1.109955834,1.109955834,1.109955834,NA,MTBLS11904,Up in PD,1,FALSE,FALSE
IK_YDNKGFDKKRUKPY-TURZORIXSA-N,C16-Ceramide,C16-Ceramide | Cer(d18:1/16:0) | Cer d34:1,YDNKGFDKKRUKPY-TURZORIXSA-N,C34H67NO3,1,1,0,1,-1.107497608,-1.107497608,1.107497608,NA,MTBLS11904,Down in PD,1,FALSE,FALSE
IK_IWJBVMJWSPZNJH-UQGZVRACSA-N,ethyl-beta-glucuronide,ethyl-beta-glucuronide,IWJBVMJWSPZNJH-UQGZVRACSA-N,C8H14O7,1,1,1,0,1.105007525,1.105007525,1.105007525,9.09e-5,38720721,Up in PD,1,FALSE,FALSE
IK_WSPOMRSOLSGNFJ-AUWJEWJLSA-N,Chlorprothixene,Chlorprothixene,WSPOMRSOLSGNFJ-AUWJEWJLSA-N,C18H18ClNS,1,1,0,1,-1.103976364,-1.103976364,1.103976364,NA,ST003159,Down in PD,1,FALSE,FALSE
IK_XJZNMEMKZBFUIZ-GWDFKZQESA-N,Etodolac acyl glucuronide,Etodolac acyl glucuronide,XJZNMEMKZBFUIZ-GWDFKZQESA-N,C23H29NO9,1,1,0,1,-1.102979785,-1.102979785,1.102979785,NA,MTBLS11904,Down in PD,1,FALSE,FALSE
IK_INDBQLZJXZLFIT-UHFFFAOYSA-N,Primaquine,Primaquine,INDBQLZJXZLFIT-UHFFFAOYSA-N,C15H21N3O,1,1,1,0,1.101717453,1.101717453,1.101717453,NA,MTBLS11904,Up in PD,1,FALSE,FALSE
IK_WHUUTDBJXJRKMK-UXXIZXEISA-N,"Glutamic acid2,3","Glutamic acid2,3",WHUUTDBJXJRKMK-UXXIZXEISA-N,C5H9NO4,1,1,1,0,1.098893814,1.098893814,1.098893814,NA,ST003159,Up in PD,1,FALSE,FALSE
IK_OERBUNDZQSEJCT-CJXYNRQTSA-N,TG 14:0_16:0_18:4,TG 14:0_16:0_18:4,OERBUNDZQSEJCT-CJXYNRQTSA-N,C51H90O6,1,1,1,0,1.097610797,1.097610797,1.097610797,0.00488,37755270,Up in PD,1,FALSE,FALSE
IK_GRQPGTWGEQWMMM-IUXPMGMMSA-N,(E)-2-hydroxydoxepin,(E)-2-hydroxydoxepin,GRQPGTWGEQWMMM-IUXPMGMMSA-N,C19H21NO2,1,1,1,0,1.091941018,1.091941018,1.091941018,NA,MTBLS11904,Up in PD,1,FALSE,FALSE
IK_OXVFDZYQLGRLCD-UHFFFAOYSA-N,Hydroxypioglitazone,Hydroxypioglitazone,OXVFDZYQLGRLCD-UHFFFAOYSA-N,C19H20N2O4S,1,1,0,1,-1.091552353,-1.091552353,1.091552353,NA,MTBLS11904,Down in PD,1,FALSE,FALSE
IK_ZXPULTKTJOBQPE-NWGIQDPJSA-N,C16:1 ceramide,C16:1 ceramide,ZXPULTKTJOBQPE-NWGIQDPJSA-N,C34H65NO3,1,1,1,0,1.08868,1.08868,1.08868,0.011,24058461,Up in PD,1,FALSE,FALSE
IK_KDEYEEYMIPNKIJ-OGIIFMLESA-N,C24:0 lactosylceramide,C24:0 lactosylceramide,KDEYEEYMIPNKIJ-OGIIFMLESA-N,C54H103NO13,1,1,1,0,1.087854,1.087854,1.087854,0.009,24058461,Up in PD,1,FALSE,FALSE
IK_QYWVASPEUXEHSY-NNRNTGNWSA-N,C22:0 lactosylceramide,C22:0 lactosylceramide,QYWVASPEUXEHSY-NNRNTGNWSA-N,C52H99NO13,1,1,1,0,1.086903,1.086903,1.086903,0.001,24058461,Up in PD,1,FALSE,FALSE
IK_VJLLLMIZEJJZTE-LKPYDFSUSA-N,C16:0 glucosylceramide,C16:0 glucosylceramide,VJLLLMIZEJJZTE-LKPYDFSUSA-N,C40H77NO8,1,1,1,0,1.086131,1.086131,1.086131,0.001,24058461,Up in PD,1,FALSE,FALSE
IK_XZAFZXJXZHRNAQ-STQMWFEESA-N,Voreloxin,Voreloxin,XZAFZXJXZHRNAQ-STQMWFEESA-N,C18H19N5O4S,1,1,1,0,1.080888964,1.080888964,1.080888964,NA,MTBLS11904,Up in PD,1,FALSE,FALSE
IK_RBWQERGGVBSKJY-BWFPRIDFSA-N,C26:1 ceramide,C26:1 ceramide,RBWQERGGVBSKJY-BWFPRIDFSA-N,C44H85NO3,1,1,1,0,1.077075,1.077075,1.077075,0.024,24058461,Up in PD,1,FALSE,FALSE
IK_YMYQEDCYNANIPI-PBLJWRMESA-N,C18:0 galactosylceramide,C18:0 galactosylceramide,YMYQEDCYNANIPI-PBLJWRMESA-N,C42H81NO8,1,1,1,0,1.076806,1.076806,1.076806,0.011,24058461,Up in PD,1,FALSE,FALSE
IK_YIGARKIIFOHVPF-CNUVFPMCSA-N,C22:0 glucosylceramide,C22:0 glucosylceramide,YIGARKIIFOHVPF-CNUVFPMCSA-N,C46H89NO8,1,1,1,0,1.076117,1.076117,1.076117,0.001,24058461,Up in PD,1,FALSE,FALSE
IK_AXLAMFZYXNDEGQ-MLWYYCKJSA-N,"PE-NMe(20:2(11Z,14Z)/20:0)","PE-NMe(20:2(11Z,14Z)/20:0)",AXLAMFZYXNDEGQ-MLWYYCKJSA-N,C46H88NO8P,1,1,0,1,-1.073381406,-1.073381406,1.073381406,NA,MTBLS11904,Down in PD,1,FALSE,FALSE
IK_LILYSWSASVONIC-UHFFFAOYSA-N,N-[4-[Acetyl(3-aminopropyl)amino]butyl]-N-(3-aminopropyl)acetamide,N-[4-[Acetyl(3-aminopropyl)amino]butyl]-N-(3-aminopropyl)acetamide,LILYSWSASVONIC-UHFFFAOYSA-N,C14H30N4O2,1,1,1,0,1.072982775,1.072982775,1.072982775,NA,MTBLS11904,Up in PD,1,FALSE,FALSE
IK_NGHNCQYFTPFRAD-UHFFFAOYSA-N,3-Oxobutanoylcarnitine,3-Oxobutanoylcarnitine,NGHNCQYFTPFRAD-UHFFFAOYSA-N,C11H19NO5,1,1,1,0,1.072783459,1.072783459,1.072783459,NA,MTBLS11904,Up in PD,1,FALSE,FALSE
IK_POQRWMRXUOPCLD-AAAFHMTMSA-N,C24:0 glucosylceramide,C24:0 glucosylceramide,POQRWMRXUOPCLD-AAAFHMTMSA-N,C48H93NO8,1,1,1,0,1.0707,1.0707,1.0707,0.006,24058461,Up in PD,1,FALSE,FALSE
IK_ODHCTXKNWHHXJC-GSVOUGTGSA-N,(R)-(+)-2-Pyrrolidone-5-carboxylic acid,(R)-(+)-2-Pyrrolidone-5-carboxylic acid,ODHCTXKNWHHXJC-GSVOUGTGSA-N,C5H7NO3,1,1,1,0,1.070557767,1.070557767,1.070557767,NA,MTBLS11904,Up in PD,1,FALSE,FALSE
IK_BFWYTORDSFIVKP-USWFWKISSA-N,15-HPETE,"15-HPETE | 15-hydroperoxy-5Z,8Z,11Z,13E-eicosatetraenoic acid",BFWYTORDSFIVKP-USWFWKISSA-N,C20H32O4,1,1,1,0,1.070389328,1.070389328,1.070389328,2.16e-7,37755270,Up in PD,1,FALSE,FALSE
IK_KTJAFMBXBPVGGI-LTEAFHAISA-N,PE 36:3;O|PE 18:2_18:1;O,PE 36:3;O|PE 18:2_18:1;O | PE 36:3;O | PE 18:2_18:1;O,KTJAFMBXBPVGGI-LTEAFHAISA-N,C41H78NO7P,1,1,1,0,1.070389328,1.070389328,1.070389328,5.07e-10,37755270,Up in PD,1,FALSE,FALSE
IK_VJSBNBBOSZJDKB-KPEYJIHVSA-N,C24:1 ceramide,C24:1 ceramide | Cer(d18:1/24:1),VJSBNBBOSZJDKB-KPEYJIHVSA-N,C42H81NO3,1,1,1,0,1.070339,1.070339,1.070339,0.007,24058461,Up in PD,1,FALSE,FALSE
IK_AURCBSWGPREGRQ-AQNFZCBMSA-M,C20:0 galactosylceramide,C20:0 galactosylceramide,AURCBSWGPREGRQ-AQNFZCBMSA-M,C44H84NO11S-,1,1,1,0,1.06994,1.06994,1.06994,0.01,24058461,Up in PD,1,FALSE,FALSE
IK_RIDOSNBWMUADGT-AFSLFLIVSA-N,stearidonic acid (FA 18:4),stearidonic acid (FA 18:4),RIDOSNBWMUADGT-AFSLFLIVSA-N,C20H32O2,1,1,1,0,1.063502942,1.063502942,1.063502942,0.0141,37755270,Up in PD,1,FALSE,FALSE
IK_VOZHMDQUIRUFQW-LOTHNZFDSA-N,C18:0 lactosylceramide,C18:0 lactosylceramide,VOZHMDQUIRUFQW-LOTHNZFDSA-N,C48H91NO13,1,1,1,0,1.062933,1.062933,1.062933,0.006,24058461,Up in PD,1,FALSE,FALSE
IK_UQDJGEHQDNVPGU-UHFFFAOYSA-N,L-2-Aminoethyl seryl phosphate,L-2-Aminoethyl seryl phosphate,UQDJGEHQDNVPGU-UHFFFAOYSA-N,C5H13N2O6P,1,1,1,0,1.061787877,1.061787877,1.061787877,NA,MTBLS11904,Up in PD,1,FALSE,FALSE
IK_DWZGLEPNCRFCEP-UHFFFAOYSA-N,4-Ethylphenylsulfate,4-Ethylphenylsulfate,DWZGLEPNCRFCEP-UHFFFAOYSA-N,C8H10O4S,1,1,1,0,1.061688219,1.061688219,1.061688219,NA,MTBLS11904,Up in PD,1,FALSE,FALSE
IK_ITCNXQGVIXCKSL-XXXOFKRQSA-N,DG(10:0/LTE4/0:0),DG(10:0/LTE4/0:0),ITCNXQGVIXCKSL-XXXOFKRQSA-N,C36H61NO8S,1,1,1,0,1.061688219,1.061688219,1.061688219,NA,MTBLS11904,Up in PD,1,FALSE,FALSE
IK_VMYXUZSZMNBRCN-UHFFFAOYSA-N,alpha-curcumene,alpha-curcumene,VMYXUZSZMNBRCN-UHFFFAOYSA-N,C15H22,1,1,0,1,-1.058893689,-1.058893689,1.058893689,NA,24167579,Down in PD,1,FALSE,FALSE
IK_CNPVJJQCETWNEU-CYFREDJKSA-N,Vicriviroc,Vicriviroc,CNPVJJQCETWNEU-CYFREDJKSA-N,C28H38F3N5O2,1,1,1,0,1.057868002,1.057868002,1.057868002,NA,MTBLS11904,Up in PD,1,FALSE,FALSE
IK_CDAWCLOXVUBKRW-UHFFFAOYSA-N,2-aminophenol,2-aminophenol,CDAWCLOXVUBKRW-UHFFFAOYSA-N,C6H7NO,1,1,1,0,1.055889758,1.055889758,1.055889758,NA,38720721,Up in PD,1,FALSE,FALSE
IK_MKOKWBRPIBQYJJ-WZBOJYASSA-N,C24:1 lactosylceramide,C24:1 lactosylceramide,MKOKWBRPIBQYJJ-WZBOJYASSA-N,C54H101NO13,1,1,1,0,1.054976,1.054976,1.054976,0.004,24058461,Up in PD,1,FALSE,FALSE
IK_MDIUMSLCYIJBQC-BUHFOSPRSA-N,FA 18:1+3O,FA 18:1+3O,MDIUMSLCYIJBQC-BUHFOSPRSA-N,C18H34O5,1,1,0,1,-1.049904906,-1.049904906,1.049904906,2.67e-7,38720721,Down in PD,1,FALSE,FALSE
IK_KKCIOUWDFWQUBT-AWEZNQCLSA-N,L-Thyronine,L-Thyronine,KKCIOUWDFWQUBT-AWEZNQCLSA-N,C15H15NO4,1,1,0,1,-1.04640735,-1.04640735,1.04640735,NA,MTBLS11904,Down in PD,1,FALSE,FALSE
IK_HMNKTRSOROOSPP-UHFFFAOYSA-N,3-Ethylphenol,3-Ethylphenol,HMNKTRSOROOSPP-UHFFFAOYSA-N,C8H10O,1,1,1,0,1.045344333,1.045344333,1.045344333,NA,MTBLS11904,Up in PD,1,FALSE,FALSE
IK_GOUHYARYYWKXHS-UHFFFAOYSA-N,Benzaldehyde-4-carboxylic acid,Benzaldehyde-4-carboxylic acid | 4-Formylbenzoic acid,GOUHYARYYWKXHS-UHFFFAOYSA-N,C8H6O3,1,1,0,1,-1.040971781,-1.040971781,1.040971781,4.29e-14,38720721,Down in PD,1,FALSE,FALSE
IK_SAAVELCIPHKGJE-UHFFFAOYSA-N,"12-[Methyl-(4-nitro-2,1,3-benzoxadiazol-7-yl)amino]octadecanoic acid","12-[Methyl-(4-nitro-2,1,3-benzoxadiazol-7-yl)amino]octadecanoic acid",SAAVELCIPHKGJE-UHFFFAOYSA-N,C25H40N4O5,1,1,1,0,1.040192022,1.040192022,1.040192022,NA,MTBLS11904,Up in PD,1,FALSE,FALSE
IK_HLIJNIKSBCIDGO-QKLMXXKVSA-N,C16:0 lactosylceramide,C16:0 lactosylceramide | C16 Lactosyl Ceramide (d18:1/16:0),HLIJNIKSBCIDGO-QKLMXXKVSA-N,C46H87NO13,1,1,1,0,1.039348,1.039348,1.039348,0.006,24058461,Up in PD,1,FALSE,FALSE
IK_UYKREHOKELZSPB-JTQLQIEISA-N,Tryptophyl-Glycine,Tryptophyl-Glycine,UYKREHOKELZSPB-JTQLQIEISA-N,C13H15N3O3,1,1,1,0,1.038268626,1.038268626,1.038268626,NA,MTBLS11904,Up in PD,1,FALSE,FALSE
IK_ZKMZBAABQFUXFE-UHFFFAOYSA-O,Apigenidin,Apigenidin,ZKMZBAABQFUXFE-UHFFFAOYSA-O,C15H11O4+,1,1,1,0,1.034813821,1.034813821,1.034813821,NA,MTBLS11904,Up in PD,1,FALSE,FALSE
IK_QZZGJDVWLFXDLK-UHFFFAOYSA-N,C24:0 ceramide,C24:0 ceramide,QZZGJDVWLFXDLK-UHFFFAOYSA-N,C24H48O2,1,1,1,0,1.034629,1.034629,1.034629,0.096,24058461,Up in PD,1,FALSE,FALSE
IK_TVIDDXQYHWJXFK-UHFFFAOYSA-N,Dodecanedioic Acid,Dodecanedioic Acid,TVIDDXQYHWJXFK-UHFFFAOYSA-N,C12H22O4,1,1,1,0,1.032721006,1.032721006,1.032721006,NA,MTBLS11904,Up in PD,1,FALSE,FALSE
IK_YWZGQPJRQXHVQX-BYCLXTJYSA-N,Cer-AS d34:1,Cer-AS d34:1 | Cer 18:1;2O/16:0;(2OH),YWZGQPJRQXHVQX-BYCLXTJYSA-N,C34H67NO4,1,1,0,1,-1.029146346,-1.029146346,1.029146346,6.36e-9,37755270,Down in PD,1,FALSE,FALSE
IK_DFPAKSUCGFBDDF-UHFFFAOYSA-N,Nicotinamide,Nicotinamide,DFPAKSUCGFBDDF-UHFFFAOYSA-N,C6H6N2O,1,1,0,1,-1.028569383,-1.028569383,1.028569383,0.0045,38516193,Down in PD,1,FALSE,FALSE
IK_VQFKFAKEUMHBLV-BYSUZVQFSA-N,C26:0 galactosylceramide,C26:0 galactosylceramide,VQFKFAKEUMHBLV-BYSUZVQFSA-N,C50H99NO9,1,1,1,0,1.023688,1.023688,1.023688,0.215,24058461,Up in PD,1,FALSE,FALSE
IK_BGSCNPOVJFBBAQ-UHFFFAOYSA-N,"1-[(2R,3R,4S,5R)-3,4-Dihydroxy-5-(hydroxymethyl)oxolan-2-yl]oxypyrimidin-2-one","1-[(2R,3R,4S,5R)-3,4-Dihydroxy-5-(hydroxymethyl)oxolan-2-yl]oxypyrimidin-2-one",BGSCNPOVJFBBAQ-UHFFFAOYSA-N,C9H12N2O6,1,1,1,0,1.019699048,1.019699048,1.019699048,NA,MTBLS11904,Up in PD,1,FALSE,FALSE
IK_KLJFYXOVGVXZKT-CCEZHUSRSA-N,Hexadecenal,Hexadecenal,KLJFYXOVGVXZKT-CCEZHUSRSA-N,C16H30O,1,1,1,0,1.019699048,1.019699048,1.019699048,NA,MTBLS11904,Up in PD,1,FALSE,FALSE
IK_SVXOFPLAAYAGIG-NDDGLTBUSA-N,Diosbulbinoside F,Diosbulbinoside F,SVXOFPLAAYAGIG-NDDGLTBUSA-N,C26H34O12,1,1,1,0,1.017778974,1.017778974,1.017778974,NA,MTBLS11904,Up in PD,1,FALSE,FALSE
IK_CLGNQAIRBLDHIN-UHFFFAOYSA-N,"Glycine, N-[3-(4-hydroxy-3-methoxyphenyl)-1-oxo-2-propenyl]-","Glycine, N-[3-(4-hydroxy-3-methoxyphenyl)-1-oxo-2-propenyl]-",CLGNQAIRBLDHIN-UHFFFAOYSA-N,C12H13NO5,1,1,1,0,1.01727404,1.01727404,1.01727404,NA,MTBLS11904,Up in PD,1,FALSE,FALSE
IK_GYDJEQRTZSCIOI-UHFFFAOYSA-N,Tranexamic Acid,Tranexamic Acid,GYDJEQRTZSCIOI-UHFFFAOYSA-N,C8H15NO2,1,1,1,0,1.010497307,1.010497307,1.010497307,NA,MTBLS11904,Up in PD,1,FALSE,FALSE
IK_IBQZIPBWWJOUDZ-UHFFFAOYSA-N,"2-[(2S)-2,6-Diaminohexanoyl]oxyacetic acid","2-[(2S)-2,6-Diaminohexanoyl]oxyacetic acid",IBQZIPBWWJOUDZ-UHFFFAOYSA-N,C8H16N2O4,1,1,0,1,-1.008869562,-1.008869562,1.008869562,NA,MTBLS11904,Down in PD,1,FALSE,FALSE
IK_BCPSFKBPHHBDAI-LURJTMIESA-N,N-Acetyl-L-glutamate 5-semialdehyde,N-Acetyl-L-glutamate 5-semialdehyde,BCPSFKBPHHBDAI-LURJTMIESA-N,C7H11NO4,1,1,0,1,-1.004517837,-1.004517837,1.004517837,NA,MTBLS11904,Down in PD,1,FALSE,FALSE
IK_XMHIUKTWLZUKEX-UHFFFAOYSA-N,C26:0 ceramide,C26:0 ceramide,XMHIUKTWLZUKEX-UHFFFAOYSA-N,C26H52O2,1,1,1,0,1.004279,1.004279,1.004279,0.096,24058461,Up in PD,1,FALSE,FALSE
IK_UCDCOJNNUVYFKJ-UHFFFAOYSA-N,N-Undecylbenzenesulfonic acid,N-Undecylbenzenesulfonic acid,UCDCOJNNUVYFKJ-UHFFFAOYSA-N,C17H28O3S,1,1,1,0,1.002159268,1.002159268,1.002159268,NA,ST003159,Up in PD,1,FALSE,FALSE
IK_LFLWRPZTBUUBEQ-ZRJLWMKBSA-N,Daphniphylline,Daphniphylline,LFLWRPZTBUUBEQ-ZRJLWMKBSA-N,C32H49NO5,1,1,1,0,1.000398646,1.000398646,1.000398646,NA,ST003159,Up in PD,1,FALSE,FALSE
IK_OPQNCARIZFLNLF-JBHFWYGFSA-N,Ansamitocin P-3,Ansamitocin P-3,OPQNCARIZFLNLF-JBHFWYGFSA-N,C32H43ClN2O9,1,1,0,1,-0.998106515,-0.998106515,0.998106515,NA,MTBLS11904,Down in PD,1,FALSE,FALSE
IK_BXRLWGXPSRYJDZ-UHFFFAOYSA-N,3-Cyanoalanine,3-Cyanoalanine,BXRLWGXPSRYJDZ-UHFFFAOYSA-N,C4H6N2O2,1,1,0,1,-0.996379113,-0.996379113,0.996379113,NA,MTBLS11904,Down in PD,1,FALSE,FALSE
IK_IIBOGKHTXBPGEI-UHFFFAOYSA-N,N-benzylformamide,N-benzylformamide,IIBOGKHTXBPGEI-UHFFFAOYSA-N,C8H9NO,1,1,0,1,-0.990233546,-0.990233546,0.990233546,NA,MTBLS11904,Down in PD,1,FALSE,FALSE
IK_VIVOIHQVZSMABQ-OWRFCLNLSA-N,"PE(18:3(9Z,12Z,15Z)/18:2(9Z,12Z))","PE(18:3(9Z,12Z,15Z)/18:2(9Z,12Z))",VIVOIHQVZSMABQ-OWRFCLNLSA-N,C41H72NO8P,1,1,0,1,-0.989539263,-0.989539263,0.989539263,NA,MTBLS11904,Down in PD,1,FALSE,FALSE
IK_AGBQKNBQESQNJD-SSDOTTSWSA-N,Lipoic acid,Lipoic acid,AGBQKNBQESQNJD-SSDOTTSWSA-N,C8H14O2S2,1,1,1,0,0.981852653,0.981852653,0.981852653,2.02e-6,38720721,Up in PD,1,FALSE,FALSE
IK_DHUAGGSHTKPOHU-UHFFFAOYSA-N,"3,4-Dihydro-9-hydroxy-[1]benzothieno[2,3-f]-1,4-thiazepin-5(2H)-one","3,4-Dihydro-9-hydroxy-[1]benzothieno[2,3-f]-1,4-thiazepin-5(2H)-one",DHUAGGSHTKPOHU-UHFFFAOYSA-N,C11H9NO2S2,1,1,1,0,0.980865709,0.980865709,0.980865709,NA,MTBLS11904,Up in PD,1,FALSE,FALSE
IK_SPJAGILXQBHHSZ-UHFFFAOYSA-N,5-Benzylacyclouridine,5-Benzylacyclouridine,SPJAGILXQBHHSZ-UHFFFAOYSA-N,C14H16N2O4,1,1,0,1,-0.978855942,-0.978855942,0.978855942,NA,MTBLS11904,Down in PD,1,FALSE,FALSE
IK_UMMADZJLZAPZAW-XOWPVRJPSA-N,Carboprost Tromethamine,Carboprost Tromethamine,UMMADZJLZAPZAW-XOWPVRJPSA-N,C25H47NO8,1,1,1,0,0.977942412,0.977942412,0.977942412,NA,ST003159,Up in PD,1,FALSE,FALSE
IK_HNICUWMFWZBIFP-BSZOFBHHSA-N,13-HODE,13-HODE,HNICUWMFWZBIFP-BSZOFBHHSA-N,C18H32O3,1,1,0,1,-0.977099598,-0.977099598,0.977099598,NA,38720721,Down in PD,1,FALSE,FALSE
IK_YMAWOPBAYDPSLA-UHFFFAOYSA-N,glycyl-glycine,glycyl-glycine,YMAWOPBAYDPSLA-UHFFFAOYSA-N,C4H8N2O3,1,1,1,0,0.976730221,0.976730221,0.976730221,2.9e-10,38720721,Up in PD,1,FALSE,FALSE
IK_RTLULCVBFCRQKI-UHFFFAOYSA-N,Procion blue MX-R,Procion blue MX-R,RTLULCVBFCRQKI-UHFFFAOYSA-N,C23H14Cl2N6O8S2,1,1,0,1,-0.975617062,-0.975617062,0.975617062,NA,MTBLS11904,Down in PD,1,FALSE,FALSE
IK_PLNJUBIUGVATKW-SNAWJCMRSA-N,Methyl furfuracrylate,Methyl furfuracrylate,PLNJUBIUGVATKW-SNAWJCMRSA-N,C8H8O3,1,1,0,1,-0.966315664,-0.966315664,0.966315664,NA,MTBLS11904,Down in PD,1,FALSE,FALSE
IK_BCWKUTNUIRMUPD-XMRVQXCHSA-N,TG 12:0_12:0_18:3,TG 12:0_12:0_18:3,BCWKUTNUIRMUPD-XMRVQXCHSA-N,C45H80O6,1,1,1,0,0.963474124,0.963474124,0.963474124,6.13e-4,37755270,Up in PD,1,FALSE,FALSE
IK_VUALREFPJJODHZ-JTCHKQLLSA-N,Chitobiose,Chitobiose,VUALREFPJJODHZ-JTCHKQLLSA-N,C12H24N2O9,1,1,1,0,0.962495446,0.962495446,0.962495446,NA,MTBLS11904,Up in PD,1,FALSE,FALSE
IK_CULUWZNBISUWAS-UHFFFAOYSA-N,Benznidazole,Benznidazole,CULUWZNBISUWAS-UHFFFAOYSA-N,C12H12N4O3,1,1,0,1,-0.958309817,-0.958309817,0.958309817,NA,MTBLS11904,Down in PD,1,FALSE,FALSE
IK_XZZMJRBYVRSAOS-UHFFFAOYSA-N,"4-Hydroxy-5-phenyltetrahydro-1,3-oxazin-2-one","4-Hydroxy-5-phenyltetrahydro-1,3-oxazin-2-one",XZZMJRBYVRSAOS-UHFFFAOYSA-N,C10H11NO3,1,1,1,0,0.95492145,0.95492145,0.95492145,NA,MTBLS11904,Up in PD,1,FALSE,FALSE
IK_LXNHXLLTXMVWPM-UHFFFAOYSA-N,Pyridoxine,Pyridoxine,LXNHXLLTXMVWPM-UHFFFAOYSA-N,C8H11NO3,1,1,0,1,-0.954556038,-0.954556038,0.954556038,NA,MTBLS11904,Down in PD,1,FALSE,FALSE
IK_NOOJLZTTWSNHOX-UWVGGRQHSA-N,Melanostatin,Melanostatin,NOOJLZTTWSNHOX-UWVGGRQHSA-N,C13H24N4O3,1,1,1,0,0.950901917,0.950901917,0.950901917,NA,ST003159,Up in PD,1,FALSE,FALSE
IK_OPXYKICHKIQGOV-UPHRSURJSA-N,(E)-Resveratrol 3-glucoside 4'-sulfate,(E)-Resveratrol 3-glucoside 4'-sulfate,OPXYKICHKIQGOV-UPHRSURJSA-N,C20H22O11S,1,1,0,1,-0.950669382,-0.950669382,0.950669382,NA,MTBLS11904,Down in PD,1,FALSE,FALSE
IK_VPGRYOFKCNULNK-ACXQXYJUSA-N,Deoxycorticosterone acetate,Deoxycorticosterone acetate,VPGRYOFKCNULNK-ACXQXYJUSA-N,C23H32O4,1,1,1,0,0.950529861,0.950529861,0.950529861,NA,MTBLS11904,Up in PD,1,FALSE,FALSE
IK_IZEZNNYKKNVXNA-UHFFFAOYSA-N,"3-(3,5-dihydroxyphenyl)-1-propanoic acid sulphate","3-(3,5-dihydroxyphenyl)-1-propanoic acid sulphate",IZEZNNYKKNVXNA-UHFFFAOYSA-N,C9H10O7S,1,1,1,0,0.950403628,0.950403628,0.950403628,NA,MTBLS11904,Up in PD,1,FALSE,FALSE
IK_ARJPPNFIEQKVBB-UHFFFAOYSA-N,Acetamidopropanal,Acetamidopropanal,ARJPPNFIEQKVBB-UHFFFAOYSA-N,C5H9NO2,1,1,0,1,-0.949938558,-0.949938558,0.949938558,NA,MTBLS11904,Down in PD,1,FALSE,FALSE
IK_RYFOJXFXERAMLS-UHFFFAOYSA-N,Nicotyrine,Nicotyrine,RYFOJXFXERAMLS-UHFFFAOYSA-N,C10H10N2,1,1,1,0,0.949473488,0.949473488,0.949473488,NA,MTBLS11904,Up in PD,1,FALSE,FALSE
IK_MIAKOEWBCMPCQR-GCHJQGSQSA-N,4-Aminophenylmannoside,4-Aminophenylmannoside,MIAKOEWBCMPCQR-GCHJQGSQSA-N,C12H17NO6,1,1,0,1,-0.946849165,-0.946849165,0.946849165,NA,MTBLS11904,Down in PD,1,FALSE,FALSE
IK_OHYPPUOVSUINHM-UHFFFAOYSA-N,Phenol sulphate3,Phenol sulphate3,OHYPPUOVSUINHM-UHFFFAOYSA-N,C7H11NO5S,1,1,0,1,-0.944889227,-0.944889227,0.944889227,NA,ST003159,Down in PD,1,FALSE,FALSE
IK_XWXLDVGDOHFZSG-KPRBQMARSA-N,Musca-aurin-II,Musca-aurin-II,XWXLDVGDOHFZSG-KPRBQMARSA-N,C18H16N2O10,1,1,0,1,-0.943416472,-0.943416472,0.943416472,NA,24167579,Down in PD,1,FALSE,FALSE
IK_KOAPDMKKECXPHX-UHFFFAOYSA-N,Malabaricone B,Malabaricone B,KOAPDMKKECXPHX-UHFFFAOYSA-N,C21H26O4,1,1,1,0,0.942995728,0.942995728,0.942995728,NA,MTBLS11904,Up in PD,1,FALSE,FALSE
IK_LUHMMHZLDLBAKX-DBIGVJDZSA-N,Artemisin,Artemisin,LUHMMHZLDLBAKX-DBIGVJDZSA-N,C15H18O4,1,1,0,1,-0.94246422,-0.94246422,0.94246422,NA,MTBLS11904,Down in PD,1,FALSE,FALSE
IK_PTJWIQPHWPFNBW-GBNDHIKLSA-N,Pseudouridine,Pseudouridine,PTJWIQPHWPFNBW-GBNDHIKLSA-N,C9H12N2O6,1,1,1,0,0.940936133,0.940936133,0.940936133,NA,MTBLS11904,Up in PD,1,FALSE,FALSE
IK_MKMUWJJSVUOCQC-DTKYWWSASA-N,PE(18:1(11Z)/18:0),PE(18:1(11Z)/18:0),MKMUWJJSVUOCQC-DTKYWWSASA-N,C41H80NO8P,1,1,0,1,-0.931136445,-0.931136445,0.931136445,NA,MTBLS11904,Down in PD,1,FALSE,FALSE
IK_ZUILKEWVWUKSAO-ZZXKWVIFSA-N,P-coumaroyltriacetic acid lactone,P-coumaroyltriacetic acid lactone,ZUILKEWVWUKSAO-ZZXKWVIFSA-N,C15H12O5,1,1,1,0,0.930305963,0.930305963,0.930305963,NA,MTBLS11904,Up in PD,1,FALSE,FALSE
IK_RRKQXBKNDQFCNC-MTGPGUOHSA-N,"1-alpha-methyl-5-alpha-androstan-3-alpha,17-beta-diol glucuronide","1-alpha-methyl-5-alpha-androstan-3-alpha,17-beta-diol glucuronide",RRKQXBKNDQFCNC-MTGPGUOHSA-N,C26H40O8,1,1,0,1,-0.926865295,-0.926865295,0.926865295,0.00489,38720721,Down in PD,1,FALSE,FALSE
NO_INCHIKEY__pl,PL,PL,NA,C8H10NO6P,1,1,1,0,0.926452526,0.926452526,0.926452526,NA,MTBLS11904,Up in PD,1,FALSE,FALSE
IK_CVVRPLLCUNBBAA-VOXCOYEFSA-N,TG 44:2,TG 44:2,CVVRPLLCUNBBAA-VOXCOYEFSA-N,C47H86O6,1,1,1,0,0.925999419,0.925999419,0.925999419,0.0306,37755270,Up in PD,1,FALSE,FALSE
IK_HXKKHQJGJAFBHI-UHFFFAOYSA-N,1-Amino-propan-2-ol,1-Amino-propan-2-ol,HXKKHQJGJAFBHI-UHFFFAOYSA-N,C3H9NO,1,1,1,0,0.925999419,0.925999419,0.925999419,5.32e-6,28880465,Up in PD,1,FALSE,FALSE
IK_QZIYZVFIROFZCV-UHFFFAOYSA-N,3-[4-methoxy-3-(sulfooxy)phenyl]propanoic acid,3-[4-methoxy-3-(sulfooxy)phenyl]propanoic acid,QZIYZVFIROFZCV-UHFFFAOYSA-N,C10H12O7S,1,1,1,0,0.92489122,0.92489122,0.92489122,NA,MTBLS11904,Up in PD,1,FALSE,FALSE
IK_COZMNNJEGNPDED-HOCLYGCPSA-N,Gly Val Trp,Gly Val Trp,COZMNNJEGNPDED-HOCLYGCPSA-N,C18H24N4O4,1,1,1,0,0.924691905,0.924691905,0.924691905,NA,MTBLS11904,Up in PD,1,FALSE,FALSE
IK_ABOLXXZAJIAUGR-JPMMFUSZSA-N,Ibuprofen glucuronide,Ibuprofen glucuronide,ABOLXXZAJIAUGR-JPMMFUSZSA-N,C19H26O8,1,1,1,0,0.924492589,0.924492589,0.924492589,NA,MTBLS11904,Up in PD,1,FALSE,FALSE
IK_CZMRCDWAGMRECN-UGDNZRGBSA-N,Sucrose,Sucrose,CZMRCDWAGMRECN-UGDNZRGBSA-N,C12H22O11,1,1,1,0,0.920674411,0.920674411,0.920674411,0.0055,38720721,Up in PD,1,FALSE,FALSE
IK_DKEXFJVMVGETOO-UHFFFAOYSA-N,Glycylleucine,Glycylleucine,DKEXFJVMVGETOO-UHFFFAOYSA-N,C8H16N2O3,1,1,1,0,0.917549759,0.917549759,0.917549759,NA,MTBLS11904,Up in PD,1,FALSE,FALSE
IK_YOEBAVRJHRCKRE-UHFFFAOYSA-N,2-Methylhippuric Acid,2-Methylhippuric Acid,YOEBAVRJHRCKRE-UHFFFAOYSA-N,C10H11NO3,1,1,1,0,0.917284005,0.917284005,0.917284005,NA,MTBLS11904,Up in PD,1,FALSE,FALSE
IK_SKOPRFQCOBOZFB-UHFFFAOYSA-N,3-(Dichloromethylene)-25-pyrrolidinedione,3-(Dichloromethylene)-25-pyrrolidinedione,SKOPRFQCOBOZFB-UHFFFAOYSA-N,C5H3Cl2NO2,1,1,0,1,-0.917250786,-0.917250786,0.917250786,NA,ST003159,Down in PD,1,FALSE,FALSE
IK_FCCZDEAAQZWMGI-NWBJSICCSA-N,Cer 18:1;2O_22:0;(2OH),Cer 18:1;2O_22:0;(2OH),FCCZDEAAQZWMGI-NWBJSICCSA-N,C40H79NO4,1,1,0,1,-0.915935735,-0.915935735,0.915935735,2.36e-10,37755270,Down in PD,1,FALSE,FALSE
IK_RVOLLAQWKVFTGE-UHFFFAOYSA-N,Pyridostigmine,Pyridostigmine,RVOLLAQWKVFTGE-UHFFFAOYSA-N,C9H13N2O2+,1,1,0,1,-0.915935735,-0.915935735,0.915935735,NA,24167579,Down in PD,1,FALSE,FALSE
IK_MBJLYSAPIVPYNP-CLFYSBASSA-N,Methyl helianthenoate A glucoside,Methyl helianthenoate A glucoside,MBJLYSAPIVPYNP-CLFYSBASSA-N,C19H24O8,1,1,1,0,0.915456944,0.915456944,0.915456944,NA,MTBLS11904,Up in PD,1,FALSE,FALSE
IK_WBOZIXHPUPAOIA-JZZPSRGZSA-N,C24:1 glucosylceramide,C24:1 glucosylceramide,WBOZIXHPUPAOIA-JZZPSRGZSA-N,C48H91NO8,1,1,1,0,0.912242,0.912242,0.912242,0.573,24058461,Up in PD,1,FALSE,FALSE
IK_DJXRIQMCROIRCZ-XOEOCAAJSA-N,VIBEGRON,VIBEGRON,DJXRIQMCROIRCZ-XOEOCAAJSA-N,C26H28N4O3,1,1,1,0,0.910972342,0.910972342,0.910972342,NA,MTBLS11904,Up in PD,1,FALSE,FALSE
IK_WWSWYXNVCBLWNZ-QIZQQNKQSA-N,Fluprostenol,Fluprostenol,WWSWYXNVCBLWNZ-QIZQQNKQSA-N,C23H29F3O6,1,1,1,0,0.910440833,0.910440833,0.910440833,NA,MTBLS11904,Up in PD,1,FALSE,FALSE
IK_WSVLPVUVIUVCRA-HPKHWNBYSA-N,lactose / maltose,lactose / maltose,WSVLPVUVIUVCRA-HPKHWNBYSA-N,C12H24O12,1,1,1,0,0.909965067,0.909965067,0.909965067,0.00513,38720721,Up in PD,1,FALSE,FALSE
IK_VQAYFKKCNSOZKM-IOSLPCCCSA-N,6-Methyladenosine,6-Methyladenosine,VQAYFKKCNSOZKM-IOSLPCCCSA-N,C11H15N5O4,1,1,0,1,-0.907792562,-0.907792562,0.907792562,1.83e-7,38720721,Down in PD,1,FALSE,FALSE
IK_SMQAUVNNWONFCH-ULUSZKPHSA-N,Methionine glutamate,Methionine glutamate,SMQAUVNNWONFCH-ULUSZKPHSA-N,C10H18N2O6S,1,1,1,0,0.907118905,0.907118905,0.907118905,NA,MTBLS11904,Up in PD,1,FALSE,FALSE
IK_PRDZVHCOEWJPOB-IVMDWMLBSA-N,N-Sulfo-D-glucosamine,N-Sulfo-D-glucosamine,PRDZVHCOEWJPOB-IVMDWMLBSA-N,C6H13NO8S,1,1,0,1,-0.905258625,-0.905258625,0.905258625,NA,MTBLS11904,Down in PD,1,FALSE,FALSE
IK_PEYTUVXFLCCGCC-FENHPFPBSA-N,Teleocidin B 2,Teleocidin B 2,PEYTUVXFLCCGCC-FENHPFPBSA-N,C28H41N3O2,1,1,0,1,-0.903730538,-0.903730538,0.903730538,NA,MTBLS11904,Down in PD,1,FALSE,FALSE
IK_HCFRWBBJISAZNK-UHFFFAOYSA-N,4-Hydroxycyclohexylcarboxylic acid,4-Hydroxycyclohexylcarboxylic acid,HCFRWBBJISAZNK-UHFFFAOYSA-N,C7H12O3,1,1,0,1,-0.898315795,-0.898315795,0.898315795,NA,MTBLS11904,Down in PD,1,FALSE,FALSE
IK_ZWRRJEICIPUPHZ-UHFFFAOYSA-N,Schisandrol B,Schisandrol B,ZWRRJEICIPUPHZ-UHFFFAOYSA-N,C23H28O7,1,1,1,0,0.898083261,0.898083261,0.898083261,NA,MTBLS11904,Up in PD,1,FALSE,FALSE
IK_CBDKQYKMCICBOF-UHFFFAOYSA-N,Thiazoline,Thiazoline,CBDKQYKMCICBOF-UHFFFAOYSA-N,C3H5NS,1,1,1,0,0.895990446,0.895990446,0.895990446,NA,MTBLS11904,Up in PD,1,FALSE,FALSE
IK_NMHMNPHRMNGLLB-UHFFFAOYSA-N,Desaminotyrosine,Desaminotyrosine,NMHMNPHRMNGLLB-UHFFFAOYSA-N,C9H10O3,1,1,1,0,0.89579113,0.89579113,0.89579113,NA,MTBLS11904,Up in PD,1,FALSE,FALSE
IK_WHSXTWFYRGOBGO-UHFFFAOYSA-N,3-Cresotinic acid,3-Cresotinic acid,WHSXTWFYRGOBGO-UHFFFAOYSA-N,C8H8O3,1,1,0,1,-0.893997289,-0.893997289,0.893997289,NA,MTBLS11904,Down in PD,1,FALSE,FALSE
IK_YDTWOEYVDRKKCR-KNERPIHHSA-N,"PE(18:0/18:2(9Z,12Z))","PE(18:0/18:2(9Z,12Z))",YDTWOEYVDRKKCR-KNERPIHHSA-N,C41H78NO8P,1,1,0,1,-0.893100368,-0.893100368,0.893100368,NA,MTBLS11904,Down in PD,1,FALSE,FALSE
IK_GGNQRNBDZQJCCN-UHFFFAOYSA-N,"benzene-1,2,4-triol","benzene-1,2,4-triol",GGNQRNBDZQJCCN-UHFFFAOYSA-N,C6H6O3,1,1,0,1,-0.891642822,-0.891642822,0.891642822,NA,38720721,Down in PD,1,FALSE,FALSE
IK_JOUIQRNQJGXQDC-ZYUZMQFOSA-N,Nicotinic acid mononucleotide,Nicotinic acid mononucleotide,JOUIQRNQJGXQDC-ZYUZMQFOSA-N,C11H14NO9P,1,1,0,1,-0.891007554,-0.891007554,0.891007554,NA,ST003159,Down in PD,1,FALSE,FALSE
IK_ZNOLGFHPUIJIMJ-UHFFFAOYSA-N,Fenitrothion,Fenitrothion,ZNOLGFHPUIJIMJ-UHFFFAOYSA-N,C9H12NO5PS,1,1,1,0,0.890874677,0.890874677,0.890874677,NA,MTBLS11904,Up in PD,1,FALSE,FALSE
NO_INCHIKEY__tripeptide leu ile lys gln,Tripeptide: Leu/Ile-Lys-Gln,"Tripeptide: Leu/Ile-Lys-Gln | Tripeptide: Leu/Ile, Lys, Gln",NA,C17H33N5O5,1,1,0,1,-0.888968688,-0.888968688,0.888968688,0.004511,24167579,Down in PD,1,FALSE,FALSE
UNKNOWN_ROW__24167579__unknown_165,unknown_165,unknown_165,NA,NA,1,1,0,1,-0.888968688,-0.888968688,0.888968688,NA,24167579,Down in PD,1,FALSE,FALSE
IK_GXRODSBSDBCXSO-YJMJMZFLSA-N,TG 10:0_12:0_18:2,TG 10:0_12:0_18:2,GXRODSBSDBCXSO-YJMJMZFLSA-N,C43H78O6,1,1,1,0,0.887525271,0.887525271,0.887525271,0.048,37755270,Up in PD,1,FALSE,FALSE
IK_MQTAVJHICJWXBR-UHFFFAOYSA-N,N1-Acetylspermidine,N1-Acetylspermidine,MQTAVJHICJWXBR-UHFFFAOYSA-N,C9H21N3O,1,1,1,0,0.885925004,0.885925004,0.885925004,NA,MTBLS11904,Up in PD,1,FALSE,FALSE
IK_QTXWOOLAHRQMGZ-UHFFFAOYSA-N,11-Oxo-androsterone glucuronide,11-Oxo-androsterone glucuronide,QTXWOOLAHRQMGZ-UHFFFAOYSA-N,C25H36O9,1,1,1,0,0.8833339,0.8833339,0.8833339,NA,MTBLS11904,Up in PD,1,FALSE,FALSE
IK_AZKVWQKMDGGDSV-BCMRRPTOSA-N,Genipin,Genipin,AZKVWQKMDGGDSV-BCMRRPTOSA-N,C11H14O5,1,1,0,1,-0.882237663,-0.882237663,0.882237663,NA,MTBLS11904,Down in PD,1,FALSE,FALSE
IK_OBMDBUWMBOPDST-JJDRJQAMSA-N,hydroxyproline dipeptide,hydroxyproline dipeptide,OBMDBUWMBOPDST-JJDRJQAMSA-N,C40H50N8O11,1,1,1,0,0.882056071,0.882056071,0.882056071,4.61e-6,38720721,Up in PD,1,FALSE,FALSE
IK_VBUYCZFBVCCYFD-JJYYJPOSSA-N,2-Ketogluconic acid,2-Ketogluconic acid,VBUYCZFBVCCYFD-JJYYJPOSSA-N,C6H10O7,1,1,1,0,0.879705766,0.879705766,0.879705766,1.16e-4,38720721,Up in PD,1,FALSE,FALSE
IK_CRVXJVHSLVEDRI-UHFFFAOYSA-N,Tecostanine,Tecostanine,CRVXJVHSLVEDRI-UHFFFAOYSA-N,C11H21NO,1,1,0,1,-0.878321443,-0.878321443,0.878321443,NA,24167579,Down in PD,1,FALSE,FALSE
IK_OBFSLMQLPNKVRW-RHPAUOISSA-N,Cer(d18:1/18:1(9Z)),Cer(d18:1/18:1(9Z)),OBFSLMQLPNKVRW-RHPAUOISSA-N,C36H69NO3,1,1,0,1,-0.873766747,-0.873766747,0.873766747,NA,MTBLS11904,Down in PD,1,FALSE,FALSE
IK_BXZSKDOPGDPDEG-UHFFFAOYSA-N,8-Methoxykynurenate,8-Methoxykynurenate,BXZSKDOPGDPDEG-UHFFFAOYSA-N,C11H9NO4,1,1,1,0,0.87363387,0.87363387,0.87363387,NA,MTBLS11904,Up in PD,1,FALSE,FALSE
IK_GKZIWHRNKRBEOH-HOTGVXAUSA-N,Phe-Phe,Phe-Phe,GKZIWHRNKRBEOH-HOTGVXAUSA-N,C18H20N2O3,1,1,0,1,-0.873027144,-0.873027144,0.873027144,0.0149,38720721,Down in PD,1,FALSE,FALSE
IK_AFWKBSMFXWNGRE-ONEGZZNKSA-N,Dehydrozingerone,Dehydrozingerone,AFWKBSMFXWNGRE-ONEGZZNKSA-N,C11H12O3,1,1,0,1,-0.872271879,-0.872271879,0.872271879,NA,MTBLS11904,Down in PD,1,FALSE,FALSE
IK_OMFXVFTZEKFJBZ-HJTSIMOOSA-N,Corticosterone,Corticosterone,OMFXVFTZEKFJBZ-HJTSIMOOSA-N,C21H30O4,1,1,1,0,0.871843649,0.871843649,0.871843649,2e-4,33485385,Up in PD,1,FALSE,FALSE
IK_IPRPPFIAVHPVJH-UHFFFAOYSA-N,4-Hydroxyphenylacetaldehyde,4-Hydroxyphenylacetaldehyde,IPRPPFIAVHPVJH-UHFFFAOYSA-N,C8H8O2,1,1,1,0,0.87130852,0.87130852,0.87130852,NA,MTBLS11904,Up in PD,1,FALSE,FALSE
IK_CGFRVKXGZRODPA-UHFFFAOYSA-N,3-Acetylphenol sulfate,3-Acetylphenol sulfate,CGFRVKXGZRODPA-UHFFFAOYSA-N,C8H8O5S,1,1,0,1,-0.87084345,-0.87084345,0.87084345,NA,MTBLS11904,Down in PD,1,FALSE,FALSE
IK_BYXCFUMGEBZDDI-UHFFFAOYSA-N,"1,3,7-Trimethyluric acid","1,3,7-Trimethyluric acid",BYXCFUMGEBZDDI-UHFFFAOYSA-N,C8H10N4O3,1,1,0,1,-0.870387262,-0.870387262,0.870387262,NA,38720721,Down in PD,1,FALSE,FALSE
IK_RFVFQQWKPSOBED-PSXMRANNSA-N,PC(14:0/16:0),PC(14:0/16:0),RFVFQQWKPSOBED-PSXMRANNSA-N,C38H76NO8P,1,1,0,1,-0.86994653,-0.86994653,0.86994653,NA,MTBLS11904,Down in PD,1,FALSE,FALSE
IK_VNRLQDGXGABKPC-UHFFFAOYSA-N,10-Hydroxymelleolide,10-Hydroxymelleolide,VNRLQDGXGABKPC-UHFFFAOYSA-N,C23H28O7,1,1,1,0,0.863070138,0.863070138,0.863070138,NA,MTBLS11904,Up in PD,1,FALSE,FALSE
IK_LGOQXEQWOCSLEC-CYZBKYQRSA-N,Chrysoeriol 7-O-neohesperidoside,Chrysoeriol 7-O-neohesperidoside,LGOQXEQWOCSLEC-CYZBKYQRSA-N,C28H32O15,1,1,0,1,-0.861575271,-0.861575271,0.861575271,NA,MTBLS11904,Down in PD,1,FALSE,FALSE
IK_MGRVRXRGTBOSHW-UHFFFAOYSA-N,Aminomethylphosphonic acid,Aminomethylphosphonic acid,MGRVRXRGTBOSHW-UHFFFAOYSA-N,CH6NO3P,1,1,0,1,-0.861010543,-0.861010543,0.861010543,NA,MTBLS11904,Down in PD,1,FALSE,FALSE
IK_YJCJVMMDTBEITC-UHFFFAOYSA-N,10-Hydroxydecanoic acid,10-Hydroxydecanoic acid,YJCJVMMDTBEITC-UHFFFAOYSA-N,C10H20O3,1,1,0,1,-0.859875776,-0.859875776,0.859875776,3.02e-5,38720721,Down in PD,1,FALSE,FALSE
IK_YACHGFWEQXFSBS-XYERBDPFSA-N,Leptomycin B,Leptomycin B,YACHGFWEQXFSBS-XYERBDPFSA-N,C33H48O6,1,1,1,0,0.85928314,0.85928314,0.85928314,NA,MTBLS11904,Up in PD,1,FALSE,FALSE
IK_UQWLOWFDKAFKAP-WXHSDQCUSA-N,Zofenoprilat,Zofenoprilat,UQWLOWFDKAFKAP-WXHSDQCUSA-N,C15H19NO3S2,1,1,1,0,0.859017386,0.859017386,0.859017386,NA,MTBLS11904,Up in PD,1,FALSE,FALSE
IK_MGFYIUFZLHCRTH-UHFFFAOYSA-N,Nitrilotriacetic acid,Nitrilotriacetic acid,MGFYIUFZLHCRTH-UHFFFAOYSA-N,C6H9NO6,1,1,0,1,-0.858419439,-0.858419439,0.858419439,NA,MTBLS11904,Down in PD,1,FALSE,FALSE
IK_HBZNVZIRJWODIB-BCTRXSSUSA-N,1-Palmitoyl-2-Linoleoyl PE,1-Palmitoyl-2-Linoleoyl PE,HBZNVZIRJWODIB-BCTRXSSUSA-N,C39H74NO8P,1,1,0,1,-0.856459501,-0.856459501,0.856459501,NA,MTBLS11904,Down in PD,1,FALSE,FALSE
IK_CPAGZVLINCPJEH-UHFFFAOYSA-N,3-methylhistamine,3-methylhistamine,CPAGZVLINCPJEH-UHFFFAOYSA-N,C6H11N3,1,1,0,1,-0.854648614,-0.854648614,0.854648614,0.00274,38720721,Down in PD,1,FALSE,FALSE
IK_FFVIWPKOCWPZMF-UHFFFAOYSA-N,3-methylheptanedioylcarnitine,3-methylheptanedioylcarnitine,FFVIWPKOCWPZMF-UHFFFAOYSA-N,C15H27NO6,1,1,1,0,0.853370108,0.853370108,0.853370108,NA,MTBLS11904,Up in PD,1,FALSE,FALSE
IK_BWUHENPAEMNGQJ-ZDLURKLDSA-N,Thr-Gln,Thr-Gln,BWUHENPAEMNGQJ-ZDLURKLDSA-N,C9H17N3O5,1,1,1,0,0.852797893,0.852797893,0.852797893,0.00953,38720721,Up in PD,1,FALSE,FALSE
IK_CGMZWBZSOINWHL-YPDYIYJKSA-N,SM(d16:1/17:0),SM(d16:1/17:0),CGMZWBZSOINWHL-YPDYIYJKSA-N,C38H77N2O6P,1,1,0,1,-0.851875241,-0.851875241,0.851875241,NA,MTBLS11904,Down in PD,1,FALSE,FALSE
IK_INIIAIIRDKMVMR-UHFFFAOYSA-N,4-Methylpropranolol,4-Methylpropranolol,INIIAIIRDKMVMR-UHFFFAOYSA-N,C17H23NO2,1,1,1,0,0.849044958,0.849044958,0.849044958,NA,MTBLS11904,Up in PD,1,FALSE,FALSE
IK_SPURMHFLEKVAAS-UHFFFAOYSA-N,Docosene,Docosene,SPURMHFLEKVAAS-UHFFFAOYSA-N,C22H44,1,1,0,1,-0.847996907,-0.847996907,0.847996907,0.0043,29518718,Down in PD,1,FALSE,FALSE
IK_PEHSVUKQDJULKE-UHFFFAOYSA-N,Imetit,Imetit,PEHSVUKQDJULKE-UHFFFAOYSA-N,C6H10N4S,1,1,1,0,0.846294402,0.846294402,0.846294402,NA,MTBLS11904,Up in PD,1,FALSE,FALSE
IK_STKYPAFSDFAEPH-LURJTMIESA-N,Glycyl-Valine,Glycyl-Valine | Gly-Val,STKYPAFSDFAEPH-LURJTMIESA-N,C7H14N2O3,1,1,0,1,-0.841662973,-0.841662973,0.841662973,2.77e-4,38720721,Down in PD,1,FALSE,FALSE
IK_VCSCPMNEABGTIT-MDTVQASCSA-L,Fe(II)-nicotianamine,Fe(II)-nicotianamine,VCSCPMNEABGTIT-MDTVQASCSA-L,C12H16FeN6O4,1,1,1,0,0.839384791,0.839384791,0.839384791,NA,MTBLS11904,Up in PD,1,FALSE,FALSE
IK_ZDLDXNCMJBOYJV-YFKPBYRVSA-N,"L-Arginine, methyl ester","L-Arginine, methyl ester",ZDLDXNCMJBOYJV-YFKPBYRVSA-N,C7H16N4O2,1,1,0,1,-0.839079812,-0.839079812,0.839079812,1.24e-4,38720721,Down in PD,1,FALSE,FALSE
IK_OJXQLGQIDIPMTE-UHFFFAOYSA-N,Gartanin,Gartanin,OJXQLGQIDIPMTE-UHFFFAOYSA-N,C23H24O6,1,1,1,0,0.836926564,0.836926564,0.836926564,NA,MTBLS11904,Up in PD,1,FALSE,FALSE
IK_RHZCEPSTZFIWEU-UHFFFAOYSA-N,Cer d40:0,Cer d40:0,RHZCEPSTZFIWEU-UHFFFAOYSA-N,C40H79NO5,1,1,0,1,-0.836501268,-0.836501268,0.836501268,1.43e-11,37755270,Down in PD,1,FALSE,FALSE
IK_RXNXODTWPQTIHO-ZETCQYMHSA-N,N-(2-Cyanoethyl)valine,N-(2-Cyanoethyl)valine,RXNXODTWPQTIHO-ZETCQYMHSA-N,C8H14N2O2,1,1,1,0,0.836428275,0.836428275,0.836428275,NA,MTBLS11904,Up in PD,1,FALSE,FALSE
IK_JEKNPVYFNMZRJG-STHMYGMFSA-N,16(R)-HETE,16(R)-HETE,JEKNPVYFNMZRJG-STHMYGMFSA-N,C20H32O3,1,1,1,0,0.833571417,0.833571417,0.833571417,NA,MTBLS11904,Up in PD,1,FALSE,FALSE
IK_LVNGJLRDBYCPGB-LDLOPFEMSA-N,PE(18:0/18:0),PE(18:0/18:0),LVNGJLRDBYCPGB-LDLOPFEMSA-N,C41H82NO8P,1,1,0,1,-0.832242646,-0.832242646,0.832242646,NA,MTBLS11904,Down in PD,1,FALSE,FALSE
IK_IIRDTKBZINWQAW-UHFFFAOYSA-N,Hexaethylene glycol,Hexaethylene glycol,IIRDTKBZINWQAW-UHFFFAOYSA-N,C12H26O7,1,1,1,0,0.831877241,0.831877241,0.831877241,0.00848,38720721,Up in PD,1,FALSE,FALSE
IK_SNDPXSYFESPGGJ-UHFFFAOYSA-N,DL-Norvaline,DL-Norvaline,SNDPXSYFESPGGJ-UHFFFAOYSA-N,C5H11NO2,1,1,1,0,0.831146409,0.831146409,0.831146409,NA,MTBLS11904,Up in PD,1,FALSE,FALSE
IK_LSFLNLHTOKKPHT-UHFFFAOYSA-N,"(+)-15,16-Dihydroxyoctadecanoic acid","(+)-15,16-Dihydroxyoctadecanoic acid",LSFLNLHTOKKPHT-UHFFFAOYSA-N,C18H36O4,1,1,0,1,-0.829551884,-0.829551884,0.829551884,NA,MTBLS11904,Down in PD,1,FALSE,FALSE
IK_ZBBHBTPTTSWHBA-UHFFFAOYSA-N,Nicardipine,Nicardipine,ZBBHBTPTTSWHBA-UHFFFAOYSA-N,C26H29N3O6,1,1,0,1,-0.826229956,-0.826229956,0.826229956,NA,MTBLS11904,Down in PD,1,FALSE,FALSE
IK_NCEQLLNVRRTCKJ-UHFFFAOYSA-N,"4-[2-[5,5-Dimethyl-8-(4-methylphenyl)-6H-naphthalen-2-yl]ethynyl]benzoic acid","4-[2-[5,5-Dimethyl-8-(4-methylphenyl)-6H-naphthalen-2-yl]ethynyl]benzoic acid",NCEQLLNVRRTCKJ-UHFFFAOYSA-N,C28H24O2,1,1,1,0,0.825299816,0.825299816,0.825299816,NA,MTBLS11904,Up in PD,1,FALSE,FALSE
IK_UGGHNDGDVCUWQX-WDSKDSINSA-N,N(alpha)-Phosphorylalanylproline,N(alpha)-Phosphorylalanylproline,UGGHNDGDVCUWQX-WDSKDSINSA-N,C8H15N2O6P,1,1,0,1,-0.824655362,-0.824655362,0.824655362,NA,MTBLS11904,Down in PD,1,FALSE,FALSE
IK_LPIOYESQKJFWPQ-UHFFFAOYSA-N,2-Hydroxydecanedioic acid,2-Hydroxydecanedioic acid,LPIOYESQKJFWPQ-UHFFFAOYSA-N,C10H18O5,1,1,1,0,0.822077546,0.822077546,0.822077546,NA,MTBLS11904,Up in PD,1,FALSE,FALSE
IK_XKBJVQHMEXMFDZ-AREMUKBSSA-N,PC(O-18:0/0:0),PC(O-18:0/0:0) | LysoPC(O-18:0/0:0),XKBJVQHMEXMFDZ-AREMUKBSSA-N,C26H56NO6P,1,1,1,0,0.820516239,0.820516239,0.820516239,NA,MTBLS11904,Up in PD,1,FALSE,FALSE
IK_KTCOGEGNUCOCON-UHFFFAOYSA-N,Glyzarin,Glyzarin,KTCOGEGNUCOCON-UHFFFAOYSA-N,C18H14O4,1,1,0,1,-0.820117608,-0.820117608,0.820117608,NA,MTBLS11904,Down in PD,1,FALSE,FALSE
IK_ZAGRKAFMISFKIO-QMTHXVAHSA-N,(+)-Lysergic acid,(+)-Lysergic acid,ZAGRKAFMISFKIO-QMTHXVAHSA-N,C16H16N2O2,1,1,0,1,-0.819984731,-0.819984731,0.819984731,NA,MTBLS11904,Down in PD,1,FALSE,FALSE
IK_AORCXYMSPVAQIZ-UHFFFAOYSA-N,"1,4-Ipomeadiol","1,4-Ipomeadiol",AORCXYMSPVAQIZ-UHFFFAOYSA-N,C9H14O3,1,1,1,0,0.819951512,0.819951512,0.819951512,NA,MTBLS11904,Up in PD,1,FALSE,FALSE
NO_INCHIKEY__4 acetyl 2 methoxyphenyl 6 o 6 deoxy l mannopyranosyl d glucopyranoside,4-Acetyl-2-methoxyphenyl 6-O-(6-deoxy-?-L-mannopyranosyl)-?-D-glucopyranoside,4-Acetyl-2-methoxyphenyl 6-O-(6-deoxy-?-L-mannopyranosyl)-?-D-glucopyranoside,NA,NA,1,1,1,0,0.818689179,0.818689179,0.818689179,NA,MTBLS11904,Up in PD,1,FALSE,FALSE
IK_KUHFPGIVBOCRMV-MNXVOIDGSA-N,Ile Gln Leu,Ile Gln Leu,KUHFPGIVBOCRMV-MNXVOIDGSA-N,C17H32N4O5,1,1,0,1,-0.816363829,-0.816363829,0.816363829,NA,MTBLS11904,Down in PD,1,FALSE,FALSE
IK_AOCBVTCNGCHPPQ-UHFFFAOYSA-N,4-Amino-3-hydroxybutanoylcarnitine,4-Amino-3-hydroxybutanoylcarnitine,AOCBVTCNGCHPPQ-UHFFFAOYSA-N,C11H22N2O5,1,1,0,1,-0.814769304,-0.814769304,0.814769304,NA,MTBLS11904,Down in PD,1,FALSE,FALSE
IK_HRYLQFBHBWLLLL-AHNJNIBGSA-N,Costunolide,Costunolide,HRYLQFBHBWLLLL-AHNJNIBGSA-N,C15H20O2,1,1,1,0,0.813407313,0.813407313,0.813407313,NA,MTBLS11904,Up in PD,1,FALSE,FALSE
IK_ZZUMXQCSMJCDDC-DFQOQHGMSA-N,"7a,12a-Dihydroxy-3-oxo-4-cholenoic acid","7a,12a-Dihydroxy-3-oxo-4-cholenoic acid",ZZUMXQCSMJCDDC-DFQOQHGMSA-N,C24H36O5,1,1,0,1,-0.813277758,-0.813277758,0.813277758,NA,MTBLS11904,Down in PD,1,FALSE,FALSE
IK_QEDPUVGSSDPBMD-XTAIVQBESA-N,SM d42:1,SM d42:1 | SM(d18:1/24:0),QEDPUVGSSDPBMD-XTAIVQBESA-N,C47H95N2O6P,1,1,0,1,-0.810966176,-0.810966176,0.810966176,4.54e-5,37755270,Down in PD,1,FALSE,FALSE
IK_QWRYPHZJTWQLFX-UHFFFAOYSA-N,"2,3',4,6-Tetrahydroxybenzophenone","2,3',4,6-Tetrahydroxybenzophenone",QWRYPHZJTWQLFX-UHFFFAOYSA-N,C13H10O5,1,1,0,1,-0.810966176,-0.810966176,0.810966176,NA,24167579,Down in PD,1,FALSE,FALSE
NO_INCHIKEY__possible bile acid,Possible bile acid,Possible bile acid,NA,C24H32O4,1,1,0,1,-0.810966176,-0.810966176,0.810966176,NA,24167579,Down in PD,1,FALSE,FALSE
IK_UMLOUOBDBGOHHR-UHFFFAOYSA-N,6-Hydroxypseudooxynicotine,6-Hydroxypseudooxynicotine,UMLOUOBDBGOHHR-UHFFFAOYSA-N,C10H14N2O2,1,1,1,0,0.809819631,0.809819631,0.809819631,NA,MTBLS11904,Up in PD,1,FALSE,FALSE
IK_ZBOQHUSCQCEBGK-JLRCLJKCSA-N,PC(18:1(9Z)e/2:0),PC(18:1(9Z)e/2:0),ZBOQHUSCQCEBGK-JLRCLJKCSA-N,C28H56NO7P,1,1,1,0,0.809786412,0.809786412,0.809786412,NA,MTBLS11904,Up in PD,1,FALSE,FALSE
IK_LPEPZZAVFJPLNZ-SFHVURJKSA-N,8-Prenylnaringenin,8-Prenylnaringenin,LPEPZZAVFJPLNZ-SFHVURJKSA-N,C20H20O5,1,1,1,0,0.807593939,0.807593939,0.807593939,NA,MTBLS11904,Up in PD,1,FALSE,FALSE
IK_IEFQLTYCECVOLL-UHFFFAOYSA-N,Gamma-Glutamyl-Se-methylselenocysteine,Gamma-Glutamyl-Se-methylselenocysteine,IEFQLTYCECVOLL-UHFFFAOYSA-N,C9H16N2O5Se,1,1,0,1,-0.80430523,-0.80430523,0.80430523,NA,MTBLS11904,Down in PD,1,FALSE,FALSE
IK_TZBJGXHYKVUXJN-UHFFFAOYSA-N,"4,5,7-Trihydroxyisoflavone","4,5,7-Trihydroxyisoflavone",TZBJGXHYKVUXJN-UHFFFAOYSA-N,C15H10O5,1,1,0,1,-0.803392956,-0.803392956,0.803392956,4.41e-5,38720721,Down in PD,1,FALSE,FALSE
IK_VVHOUVWJCQOYGG-REOHCLBHSA-N,guanidinosuccinate,guanidinosuccinate,VVHOUVWJCQOYGG-REOHCLBHSA-N,C5H9N3O4,1,1,1,0,0.803227036,0.803227036,0.803227036,0.0105,38720721,Up in PD,1,FALSE,FALSE
IK_XTWYTFMLZFPYCI-KQYNXXCUSA-N,ADP,ADP | Adenosine 5''-Diphosphate,XTWYTFMLZFPYCI-KQYNXXCUSA-N,C10H15N5O10P2,1,1,0,1,-0.80294324,-0.80294324,0.80294324,NA,MTBLS11904,Down in PD,1,FALSE,FALSE
IK_SHGAZHPCJJPHSC-YCNIQYBTSA-N,"all-trans-Retinoic acid1,3","all-trans-Retinoic acid1,3",SHGAZHPCJJPHSC-YCNIQYBTSA-N,C20H28O2,1,1,1,0,0.800750767,0.800750767,0.800750767,NA,ST003159,Up in PD,1,FALSE,FALSE
IK_NWIUTZDMDHAVTP-UHFFFAOYSA-N,Betaxolol,Betaxolol,NWIUTZDMDHAVTP-UHFFFAOYSA-N,C18H29NO3,1,1,1,0,0.80035878,0.80035878,0.80035878,NA,MTBLS11904,Up in PD,1,FALSE,FALSE
IK_GQIJYUMTOUBHSH-IJIVKGSJSA-N,"(E,E)-Trichostachine","(E,E)-Trichostachine",GQIJYUMTOUBHSH-IJIVKGSJSA-N,C16H17NO3,1,1,0,1,-0.799123023,-0.799123023,0.799123023,NA,MTBLS11904,Down in PD,1,FALSE,FALSE
IK_VCWMRQDBPZKXKG-ZNVDUFQESA-N,Galactinol,Galactinol,VCWMRQDBPZKXKG-ZNVDUFQESA-N,C12H22O11,1,1,1,0,0.797428082,0.797428082,0.797428082,0.00143,38720721,Up in PD,1,FALSE,FALSE
IK_DCICDMMXFIELDF-UHFFFAOYSA-N,N-Isobutyrylglycine,N-Isobutyrylglycine | Isobutyrylglycine,DCICDMMXFIELDF-UHFFFAOYSA-N,C6H11NO3,1,1,1,0,0.796597754,0.796597754,0.796597754,8.71e-8,38720721,Up in PD,1,FALSE,FALSE
IK_OPKOKAMJFNKNAS-UHFFFAOYSA-N,2-(Methylamino)ethanol,2-(Methylamino)ethanol,OPKOKAMJFNKNAS-UHFFFAOYSA-N,C3H9NO,1,1,1,0,0.795203147,0.795203147,0.795203147,NA,MTBLS11904,Up in PD,1,FALSE,FALSE
IK_WHMOBEGYTDWMIG-BSWAIDMHSA-N,Chenodeoxycholic acid 3-sulfate,Chenodeoxycholic acid 3-sulfate,WHMOBEGYTDWMIG-BSWAIDMHSA-N,C24H40O7S,1,1,1,0,0.795169928,0.795169928,0.795169928,NA,MTBLS11904,Up in PD,1,FALSE,FALSE
IK_UOFYCFMTERCNEW-ADEYADIWSA-N,Ezetimibe-glucuronide,Ezetimibe-glucuronide,UOFYCFMTERCNEW-ADEYADIWSA-N,C30H29F2NO9,1,1,0,1,-0.794538762,-0.794538762,0.794538762,NA,MTBLS11904,Down in PD,1,FALSE,FALSE
IK_QCCRPLPTELVLHD-LCYFTJDESA-N,1-[2-Bromo-1-(4-chlorophenyl)ethenyl]-2-chlorobenzene,1-[2-Bromo-1-(4-chlorophenyl)ethenyl]-2-chlorobenzene,QCCRPLPTELVLHD-LCYFTJDESA-N,C14H9BrCl2,1,1,1,0,0.794103899,0.794103899,0.794103899,NA,24167579,Up in PD,1,FALSE,FALSE
IK_HOSWPDPVFBCLSY-VKHMYHEASA-N,L-Aspartate-semialdehyde,L-Aspartate-semialdehyde,HOSWPDPVFBCLSY-VKHMYHEASA-N,C4H7NO3,1,1,1,0,0.791449369,0.791449369,0.791449369,NA,MTBLS11904,Up in PD,1,FALSE,FALSE
IK_XYFFWTYOFPSZRM-TWNAANEASA-N,17-Aminogeldanamycin,17-Aminogeldanamycin,XYFFWTYOFPSZRM-TWNAANEASA-N,C28H39N3O8,1,1,1,0,0.789821624,0.789821624,0.789821624,NA,MTBLS11904,Up in PD,1,FALSE,FALSE
IK_NMEZJSDUZQOPFE-UHFFFAOYSA-N,1-Cyclohexene-1-carboxylic acid,1-Cyclohexene-1-carboxylic acid,NMEZJSDUZQOPFE-UHFFFAOYSA-N,C7H10O2,1,1,1,0,0.788991142,0.788991142,0.788991142,NA,MTBLS11904,Up in PD,1,FALSE,FALSE
IK_HPYDSVWYXXKHRD-VIFPVBQESA-N,Tyr-Gly,Tyr-Gly,HPYDSVWYXXKHRD-VIFPVBQESA-N,C11H14N2O4,1,1,0,1,-0.785875195,-0.785875195,0.785875195,0.00928,38720721,Down in PD,1,FALSE,FALSE
IK_OVBOQVAIYMSUDT-HRYGCDPOSA-N,"All-trans-13,14-dihydroretinol","All-trans-13,14-dihydroretinol",OVBOQVAIYMSUDT-HRYGCDPOSA-N,C20H32O,1,1,0,1,-0.783177768,-0.783177768,0.783177768,NA,MTBLS11904,Down in PD,1,FALSE,FALSE
IK_BAZVSMNPJJMILC-STQMWFEESA-N,TG 46:4 Isomer A,TG 46:4 Isomer A | TG 48:4 Isomer A,BAZVSMNPJJMILC-STQMWFEESA-N,C14H18ClN3O2,1,1,1,0,0.782408565,0.782408565,0.782408565,0.004,37755270,Up in PD,1,FALSE,FALSE
IK_GIUIHRRGPBPUAO-UHFFFAOYSA-N,Fenuron or kynuramine,Fenuron or kynuramine,GIUIHRRGPBPUAO-UHFFFAOYSA-N,C9H12N2O,1,1,1,0,0.779890039,0.779890039,0.779890039,NA,24167579,Up in PD,1,FALSE,FALSE
IK_YKZFASAFVKFZJE-UHFFFAOYSA-N,Pentadecanedioylcarnitine,Pentadecanedioylcarnitine,YKZFASAFVKFZJE-UHFFFAOYSA-N,C22H41NO6,1,1,0,1,-0.775072263,-0.775072263,0.775072263,NA,MTBLS11904,Down in PD,1,FALSE,FALSE
IK_NIDNHJFXEWZXLZ-VGVQALKYSA-N,"DG(18:1(12Z)-O(9S,10R)/a-17:0/0:0)","DG(18:1(12Z)-O(9S,10R)/a-17:0/0:0)",NIDNHJFXEWZXLZ-VGVQALKYSA-N,C38H70O6,1,1,0,1,-0.774872947,-0.774872947,0.774872947,NA,MTBLS11904,Down in PD,1,FALSE,FALSE
IK_SGJCXOWLBVNALR-UHFFFAOYSA-N,N-[(4-fluorophenyl)methyl]-1-propyl-4-pyridin-4-ylpyrrole-2-carboxamide,N-[(4-fluorophenyl)methyl]-1-propyl-4-pyridin-4-ylpyrrole-2-carboxamide,SGJCXOWLBVNALR-UHFFFAOYSA-N,C12H9F2N,1,1,1,0,0.774441097,0.774441097,0.774441097,NA,MTBLS11904,Up in PD,1,FALSE,FALSE
IK_PIUZYOCNZPYXOA-ZHHJOTBYSA-N,5-Cholesten-3beta-25-diol-3-sulfate,5-Cholesten-3beta-25-diol-3-sulfate,PIUZYOCNZPYXOA-ZHHJOTBYSA-N,C27H46O5S,1,1,0,1,-0.772082528,-0.772082528,0.772082528,NA,MTBLS11904,Down in PD,1,FALSE,FALSE
IK_BRRVXFOKWJKTGG-UHFFFAOYSA-N,Dihydroisophorol,Dihydroisophorol,BRRVXFOKWJKTGG-UHFFFAOYSA-N,C9H18O,1,1,1,0,0.7715178,0.7715178,0.7715178,NA,MTBLS11904,Up in PD,1,FALSE,FALSE
IK_XXZPYJHULCBZPT-UHFFFAOYSA-N,Gamma-Glutamyl-beta-(isoxazolin-5-on-2-yl)alanine,Gamma-Glutamyl-beta-(isoxazolin-5-on-2-yl)alanine,XXZPYJHULCBZPT-UHFFFAOYSA-N,C11H15N3O7,1,1,0,1,-0.768993135,-0.768993135,0.768993135,NA,MTBLS11904,Down in PD,1,FALSE,FALSE
IK_KVTFEOAKFFQCCX-UHFFFAOYSA-N,Palmitoylglycine,Palmitoylglycine | N-palmitoyl glycine,KVTFEOAKFFQCCX-UHFFFAOYSA-N,C18H35NO3,1,1,0,1,-0.768959915,-0.768959915,0.768959915,NA,MTBLS11904,Down in PD,1,FALSE,FALSE
IK_GOQGGGANVKPMNH-UHFFFAOYSA-N,3-Methoxy-4-hydroxyphenylacetaldehyde,3-Methoxy-4-hydroxyphenylacetaldehyde,GOQGGGANVKPMNH-UHFFFAOYSA-N,C9H10O3,1,1,1,0,0.767764021,0.767764021,0.767764021,NA,ST003159,Up in PD,1,FALSE,FALSE
IK_IECPWNUMDGFDKC-MZJAQBGESA-N,Fusidic Acid,Fusidic Acid,IECPWNUMDGFDKC-MZJAQBGESA-N,C31H48O6,1,1,1,0,0.767398609,0.767398609,0.767398609,NA,MTBLS11904,Up in PD,1,FALSE,FALSE
IK_PRFXRIUZNKLRHM-HKVRTXJWSA-N,Prostaglandin B2,Prostaglandin B2,PRFXRIUZNKLRHM-HKVRTXJWSA-N,C20H30O4,1,1,1,0,0.766335592,0.766335592,0.766335592,NA,MTBLS11904,Up in PD,1,FALSE,FALSE
IK_NGTXCORNXNELNU-BOIFFFMUSA-N,Leukotriene B3,Leukotriene B3,NGTXCORNXNELNU-BOIFFFMUSA-N,C20H34O4,1,1,1,0,0.765534746,0.765534746,0.765534746,0.0018,29518718,Up in PD,1,FALSE,FALSE
IK_KWBQPGIYEZKDEG-FSPLSTOPSA-N,Asparaginyl-Valine,Asparaginyl-Valine,KWBQPGIYEZKDEG-FSPLSTOPSA-N,C9H17N3O4,1,1,1,0,0.765006821,0.765006821,0.765006821,NA,MTBLS11904,Up in PD,1,FALSE,FALSE
IK_IZGYIFFQBZWOLJ-UUZREKTLSA-N,Phaseic acid,Phaseic acid,IZGYIFFQBZWOLJ-UUZREKTLSA-N,C15H20O5,1,1,1,0,0.763814249,0.763814249,0.763814249,NA,MTBLS11904,Up in PD,1,FALSE,FALSE
IK_DMNOQQUULVKPTE-UHFFFAOYSA-N,"3,5-dihydroxy-4-(sulfooxy)benzoic acid","3,5-dihydroxy-4-(sulfooxy)benzoic acid",DMNOQQUULVKPTE-UHFFFAOYSA-N,C7H6O8S,1,1,0,1,-0.762116744,-0.762116744,0.762116744,NA,MTBLS11904,Down in PD,1,FALSE,FALSE
IK_RVEKLXYYCHAMDF-UTOQUPLUSA-N,FFA 16:2,FFA 16:2,RVEKLXYYCHAMDF-UTOQUPLUSA-N,C16H28O2,1,1,0,1,-0.76121314,-0.76121314,0.76121314,0,33485385,Down in PD,1,FALSE,FALSE
NO_INCHIKEY__tripeptide cys lys his,Tripeptide: Cys-Lys-His,Tripeptide: Cys-Lys-His,NA,C15H26N6O4S1,1,1,0,1,-0.76121314,-0.76121314,0.76121314,NA,24167579,Down in PD,1,FALSE,FALSE
NO_INCHIKEY__tripeptide leu ile asp arg gln gln lys arg val glu val val trp,Tripeptide: Leu/Ile-Asp-Arg; Gln-Gln-Lys; Arg-Val-Glu; Val-Val-Trp,Tripeptide: Leu/Ile-Asp-Arg; Gln-Gln-Lys; Arg-Val-Glu; Val-Val-Trp,NA,C16H30N6O6; C21H30N4O4,1,1,0,1,-0.76121314,-0.76121314,0.76121314,NA,24167579,Down in PD,1,FALSE,FALSE
IK_XZEUQPYAKYHAIW-SOFGYWHQSA-N,(6Z)-Oct-6-enedioylcarnitine,(6Z)-Oct-6-enedioylcarnitine,XZEUQPYAKYHAIW-SOFGYWHQSA-N,C15H25NO6,1,1,1,0,0.760920849,0.760920849,0.760920849,NA,MTBLS11904,Up in PD,1,FALSE,FALSE
IK_CBMYJHIOYJEBSB-JBDJBKRMSA-N,"Androstan-3alpha,17beta-diol","Androstan-3alpha,17beta-diol",CBMYJHIOYJEBSB-JBDJBKRMSA-N,C19H32O2,1,1,1,0,0.758994131,0.758994131,0.758994131,NA,MTBLS11904,Up in PD,1,FALSE,FALSE
IK_HSMNQINEKMPTIC-UHFFFAOYSA-N,2-[(4-aminobenzoyl)amino]acetic acid],2-[(4-aminobenzoyl)amino]acetic acid],HSMNQINEKMPTIC-UHFFFAOYSA-N,C9H10N2O3,1,1,1,0,0.758729569,0.758729569,0.758729569,NA,38720721,Up in PD,1,FALSE,FALSE
IK_YPIGGYHFMKJNKV-UHFFFAOYSA-N,N-Ethylglycine,N-Ethylglycine,YPIGGYHFMKJNKV-UHFFFAOYSA-N,C4H9NO2,1,1,1,0,0.757466044,0.757466044,0.757466044,NA,MTBLS11904,Up in PD,1,FALSE,FALSE
IK_BCPQOBQIVJZOFL-UHFFFAOYSA-N,Recoflavone,Recoflavone,BCPQOBQIVJZOFL-UHFFFAOYSA-N,C20H18O8,1,1,1,0,0.757399606,0.757399606,0.757399606,NA,MTBLS11904,Up in PD,1,FALSE,FALSE
IK_QJGJXKFJFRSERW-QMMMGPOBSA-N,Hydroxypropionylcarnitine,Hydroxypropionylcarnitine,QJGJXKFJFRSERW-QMMMGPOBSA-N,C10H19NO5,1,1,1,0,0.755306791,0.755306791,0.755306791,NA,MTBLS11904,Up in PD,1,FALSE,FALSE
IK_HJSJELVDQOXCHO-JGVFFNPUSA-N,Heliotridine,Heliotridine,HJSJELVDQOXCHO-JGVFFNPUSA-N,C8H13NO2,1,1,1,0,0.754376651,0.754376651,0.754376651,NA,MTBLS11904,Up in PD,1,FALSE,FALSE
IK_FFDGPVCHZBVARC-UHFFFAOYSA-N,"N,N-dimethylglycine","N,N-dimethylglycine | Dimethylglycine",FFDGPVCHZBVARC-UHFFFAOYSA-N,C4H9NO2,1,1,1,0,0.751885205,0.751885205,0.751885205,NA,ST003159,Up in PD,1,FALSE,FALSE
IK_UTIRJVJBKWSIOX-SRMFCGEKSA-N,Glucosylgalactosyl hydroxylysine,Glucosylgalactosyl hydroxylysine,UTIRJVJBKWSIOX-SRMFCGEKSA-N,C18H34N2O13,1,1,1,0,0.750988284,0.750988284,0.750988284,NA,MTBLS11904,Up in PD,1,FALSE,FALSE
IK_BOWVQLFMWHZBEF-KTKRTIGZSA-N,Oleoylethanolamide,Oleoylethanolamide | N-Oleoylethanolamine,BOWVQLFMWHZBEF-KTKRTIGZSA-N,C20H39NO2,1,1,0,1,-0.750822188,-0.750822188,0.750822188,NA,MTBLS11904,Down in PD,1,FALSE,FALSE
IK_ZNHVWPKMFKADKW-VXBMJZGYSA-N,12-HETE,12-HETE,ZNHVWPKMFKADKW-VXBMJZGYSA-N,C20H32O3,1,1,1,0,0.748461233,0.748461233,0.748461233,NA,37755270,Up in PD,1,FALSE,FALSE
IK_FLWFZAGAZMHZQM-IVWGLPAOSA-N,PE(24:1(15Z)/15:0),PE(24:1(15Z)/15:0),FLWFZAGAZMHZQM-IVWGLPAOSA-N,C44H86NO8P,1,1,0,1,-0.747267725,-0.747267725,0.747267725,NA,MTBLS11904,Down in PD,1,FALSE,FALSE
IK_ALPFACMJGXQCHP-TUUIQCBBSA-N,DG(PGD2/0:0/18:0),DG(PGD2/0:0/18:0),ALPFACMJGXQCHP-TUUIQCBBSA-N,C41H72O8,1,1,1,0,0.744510525,0.744510525,0.744510525,NA,MTBLS11904,Up in PD,1,FALSE,FALSE
IK_YCPXWRQRBFJBPZ-UHFFFAOYSA-N,5-Sulfosalicylic acid,5-Sulfosalicylic acid,YCPXWRQRBFJBPZ-UHFFFAOYSA-N,C7H6O6S,1,1,1,0,0.743680043,0.743680043,0.743680043,NA,MTBLS11904,Up in PD,1,FALSE,FALSE
IK_LYMVXFSTACVOLP-UHFFFAOYSA-N,Tryptophyl-Leucine,Tryptophyl-Leucine,LYMVXFSTACVOLP-UHFFFAOYSA-N,C17H23N3O3,1,1,1,0,0.743181753,0.743181753,0.743181753,NA,MTBLS11904,Up in PD,1,FALSE,FALSE
IK_NTBDNAWCQLUDHG-CEGBOXLASA-N,PE P-36:4 or PE O-36:5,PE P-36:4 or PE O-36:5,NTBDNAWCQLUDHG-CEGBOXLASA-N,C41H74NO7P,1,1,0,1,-0.736965594,-0.736965594,0.736965594,NA,37755270,Down in PD,1,FALSE,FALSE
IK_PAFZNILMFXTMIY-UHFFFAOYSA-N,Cyclohexanamine,Cyclohexanamine | Cyclohexylamine,PAFZNILMFXTMIY-UHFFFAOYSA-N,C8H15N3O5S2 | C6H13N,1,1,0,1,-0.736965594,-0.736965594,0.736965594,0.0171,28880465,Down in PD,1,FALSE,FALSE
IK_PVWHKAOMCLSWPF-BNFZFUHLSA-O,CAR 14:2,CAR 14:2,PVWHKAOMCLSWPF-BNFZFUHLSA-O,C21H38NO4+,1,1,0,1,-0.736965594,-0.736965594,0.736965594,0.0387,37755270,Down in PD,1,FALSE,FALSE
NO_INCHIKEY__pc 36 6e,PC 36:6e,PC 36:6e,NA,NA,1,1,0,1,-0.736965594,-0.736965594,0.736965594,NA,37755270,Down in PD,1,FALSE,FALSE
IK_ATXHVCQZZJYMCF-XUDSTZEESA-N,Allylestrenol,Allylestrenol,ATXHVCQZZJYMCF-XUDSTZEESA-N,C21H32O,1,1,1,0,0.735375222,0.735375222,0.735375222,NA,MTBLS11904,Up in PD,1,FALSE,FALSE
IK_BTLNRJMECFTISR-UHFFFAOYSA-N,"N-(2-Hydroxy-3,3,3-trifluoropropyl)-2-(2-nitro-1-imidazolyl)acetamide","N-(2-Hydroxy-3,3,3-trifluoropropyl)-2-(2-nitro-1-imidazolyl)acetamide",BTLNRJMECFTISR-UHFFFAOYSA-N,C8H9F3N4O4,1,1,1,0,0.735209126,0.735209126,0.735209126,NA,MTBLS11904,Up in PD,1,FALSE,FALSE
IK_VGJDUVKGGZDWPB-WRPJNQIKSA-N,"PE-NMe(22:0/22:5(7Z,10Z,13Z,16Z,19Z))","PE-NMe(22:0/22:5(7Z,10Z,13Z,16Z,19Z))",VGJDUVKGGZDWPB-WRPJNQIKSA-N,C50H90NO8P,1,1,0,1,-0.735209126,-0.735209126,0.735209126,NA,MTBLS11904,Down in PD,1,FALSE,FALSE
IK_OLNTVTPDXPETLC-XPWALMASSA-N,Ezetimibe,Ezetimibe,OLNTVTPDXPETLC-XPWALMASSA-N,C24H21F2NO3,1,1,0,1,-0.734563104,-0.734563104,0.734563104,0.00513,38720721,Down in PD,1,FALSE,FALSE
IK_LZRYNUIYHHQTRL-NBZVOYHKSA-N,"Lisinopril, epsilon-biotinamidocaproyl-","Lisinopril, epsilon-biotinamidocaproyl-",LZRYNUIYHHQTRL-NBZVOYHKSA-N,C37H56N6O8S,1,1,1,0,0.733880355,0.733880355,0.733880355,NA,MTBLS11904,Up in PD,1,FALSE,FALSE
IK_KEYXJLUVVQSLGX-JRTZWYSWSA-N,"PC(22:3(10Z,13Z,16Z)/20:4(5Z,8Z,11Z,14Z)-OH(16R))","PC(22:3(10Z,13Z,16Z)/20:4(5Z,8Z,11Z,14Z)-OH(16R))",KEYXJLUVVQSLGX-JRTZWYSWSA-N,C51H88NO9P,1,1,1,0,0.733747478,0.733747478,0.733747478,NA,MTBLS11904,Up in PD,1,FALSE,FALSE
IK_FBUBVLUPUDBFME-UHFFFAOYSA-N,Xanthoxylin,Xanthoxylin,FBUBVLUPUDBFME-UHFFFAOYSA-N,C10H12O4,1,1,0,1,-0.732983434,-0.732983434,0.732983434,NA,MTBLS11904,Down in PD,1,FALSE,FALSE
IK_XPQULTFBJPGINB-UHFFFAOYSA-N,5-Ethyl-4-methylthiazole,5-Ethyl-4-methylthiazole,XPQULTFBJPGINB-UHFFFAOYSA-N,C6H9NS,1,1,1,0,0.731721102,0.731721102,0.731721102,NA,MTBLS11904,Up in PD,1,FALSE,FALSE
IK_ORQXBVXKBGUSBA-UHFFFAOYSA-N,2-Amino-3-cyclohexylpropanoic acid,2-Amino-3-cyclohexylpropanoic acid,ORQXBVXKBGUSBA-UHFFFAOYSA-N,C9H17NO2,1,1,0,1,-0.731654663,-0.731654663,0.731654663,NA,MTBLS11904,Down in PD,1,FALSE,FALSE
IK_OUKDNADVOQVFAR-NBTXLFQMSA-N,TG 44:1,TG 44:1,OUKDNADVOQVFAR-NBTXLFQMSA-N,C47H88O6,1,1,1,0,0.731183242,0.731183242,0.731183242,0.0235,37755270,Up in PD,1,FALSE,FALSE
IK_ZAFDCAVLVDWCPI-UHFFFAOYSA-N,Benzoyl-l-arg,Benzoyl-l-arg,ZAFDCAVLVDWCPI-UHFFFAOYSA-N,C13H18N4O3,1,1,1,0,0.730491988,0.730491988,0.730491988,NA,MTBLS11904,Up in PD,1,FALSE,FALSE
IK_WVGALBKSWOUIEZ-XNHMFJFDSA-N,"PE(P-16:0/22:6(4Z,7Z,10Z,13Z,16Z,19Z))","PE(P-16:0/22:6(4Z,7Z,10Z,13Z,16Z,19Z)) | PE(P-16:0/22:6)",WVGALBKSWOUIEZ-XNHMFJFDSA-N,C43H74NO7P,1,1,0,1,-0.729163217,-0.729163217,0.729163217,NA,MTBLS11904,Down in PD,1,FALSE,FALSE
NO_INCHIKEY__lysopc 17 0 lysope 0 020 0 lysope 20 00 0,LysoPC(17:0); LysoPE(0:020:0); LysoPE(20:00:0),LysoPC(17:0); LysoPE(0:020:0); LysoPE(20:00:0),NA,NA,1,1,1,0,0.729129998,0.729129998,0.729129998,NA,ST003159,Up in PD,1,FALSE,FALSE
IK_GQQALHZKRGXRTO-AEMURDCYSA-N,"PC(20:0/20:5(5Z,8Z,11Z,14Z,17Z))","PC(20:0/20:5(5Z,8Z,11Z,14Z,17Z))",GQQALHZKRGXRTO-AEMURDCYSA-N,C48H86NO8P,1,1,0,1,-0.726804648,-0.726804648,0.726804648,NA,MTBLS11904,Down in PD,1,FALSE,FALSE
IK_SBBDHANTMHIRGW-UHFFFAOYSA-N,"4-[(2,4-Dihydroxy-3,3-dimethylbutanoyl)amino]butanoic acid","4-[(2,4-Dihydroxy-3,3-dimethylbutanoyl)amino]butanoic acid",SBBDHANTMHIRGW-UHFFFAOYSA-N,C10H19NO5,1,1,1,0,0.725641973,0.725641973,0.725641973,NA,MTBLS11904,Up in PD,1,FALSE,FALSE
IK_ZYEMKIHYSVDTSN-UHFFFAOYSA-N,3-Hydroxyhippuric acid sulfate,3-Hydroxyhippuric acid sulfate,ZYEMKIHYSVDTSN-UHFFFAOYSA-N,C9H9NO7S,1,1,1,0,0.725210122,0.725210122,0.725210122,NA,MTBLS11904,Up in PD,1,FALSE,FALSE
NO_INCHIKEY__flavanoid,Flavanoid,Flavanoid,NA,C24H24O13,1,1,0,1,-0.724992953,-0.724992953,0.724992953,NA,24167579,Down in PD,1,FALSE,FALSE
IK_NNLLMULULOBXBY-PLNGDYQASA-N,Cis-3-Hexenyl lactate,Cis-3-Hexenyl lactate,NNLLMULULOBXBY-PLNGDYQASA-N,C9H16O3,1,1,1,0,0.72487793,0.72487793,0.72487793,NA,MTBLS11904,Up in PD,1,FALSE,FALSE
IK_GINJFDRNADDBIN-FXQIFTODSA-N,Bialaphos,Bialaphos,GINJFDRNADDBIN-FXQIFTODSA-N,C11H22N3O6P,1,1,0,1,-0.722619019,-0.722619019,0.722619019,NA,MTBLS11904,Down in PD,1,FALSE,FALSE
IK_UDTWZFJEMMUFLC-NSHDSACASA-N,S-nirvanol,S-nirvanol,UDTWZFJEMMUFLC-NSHDSACASA-N,C11H12N2O2,1,1,1,0,0.722585799,0.722585799,0.722585799,NA,MTBLS11904,Up in PD,1,FALSE,FALSE
IK_YKPUWZUDDOIDPM-SOFGYWHQSA-N,Capsaicin,Capsaicin,YKPUWZUDDOIDPM-SOFGYWHQSA-N,C18H27NO3,1,1,1,0,0.722466025,0.722466025,0.722466025,7.89e-6,28880465,Up in PD,1,FALSE,FALSE
NO_INCHIKEY__gly phe asn thr phe,Gly Phe Asn Thr Phe,Gly Phe Asn Thr Phe,NA,NA,1,1,0,1,-0.722054291,-0.722054291,0.722054291,NA,MTBLS11904,Down in PD,1,FALSE,FALSE
IK_NGZXDRGWBULKFA-WUFINQPMSA-N,Chondrocurine,Chondrocurine,NGZXDRGWBULKFA-WUFINQPMSA-N,C36H38N2O6,1,1,0,1,-0.720625862,-0.720625862,0.720625862,NA,MTBLS11904,Down in PD,1,FALSE,FALSE
IK_RHVBIEJVJWNXBU-XZVKZCCLSA-N,17beta-hydroxy-5beta-estran-3-one,17beta-hydroxy-5beta-estran-3-one,RHVBIEJVJWNXBU-XZVKZCCLSA-N,C18H28O2,1,1,0,1,-0.720127572,-0.720127572,0.720127572,NA,MTBLS11904,Down in PD,1,FALSE,FALSE
IK_GUZRMGFLLJQHCW-UHFFFAOYSA-N,Hydroxyprolyl-Asparagine,Hydroxyprolyl-Asparagine,GUZRMGFLLJQHCW-UHFFFAOYSA-N,C9H15N3O5,1,1,1,0,0.719828599,0.719828599,0.719828599,NA,MTBLS11904,Up in PD,1,FALSE,FALSE
IK_FOULCGVQZYQEQM-DNXGLLHMSA-N,SM(d16:1/24:1),SM(d16:1/24:1),FOULCGVQZYQEQM-DNXGLLHMSA-N,C45H89N2O6P,1,1,0,1,-0.717204276,-0.717204276,0.717204276,NA,MTBLS11904,Down in PD,1,FALSE,FALSE
IK_QQQYQWNSMUHSCK-UHFFFAOYSA-N,5-Chloro-6-methoxy-2(3H)-benzoxazolone,5-Chloro-6-methoxy-2(3H)-benzoxazolone,QQQYQWNSMUHSCK-UHFFFAOYSA-N,C8H6ClNO3,1,1,0,1,-0.716938521,-0.716938521,0.716938521,NA,ST003159,Down in PD,1,FALSE,FALSE
IK_RNKSNIBMTUYWSH-YFKPBYRVSA-N,Pro-Gly,Pro-Gly,RNKSNIBMTUYWSH-YFKPBYRVSA-N,C7H12N2O3,1,1,0,1,-0.715485867,-0.715485867,0.715485867,0.00175,38720721,Down in PD,1,FALSE,FALSE
IK_IFRKCNPQVIJFAQ-PQVBWYSWSA-N,"4-Hydroxy-5E,7Z,10Z,13Z,16Z,19Z-docosahexaenoic acid","4-Hydroxy-5E,7Z,10Z,13Z,16Z,19Z-docosahexaenoic acid",IFRKCNPQVIJFAQ-PQVBWYSWSA-N,C22H32O3,1,1,1,0,0.713695815,0.713695815,0.713695815,NA,37755270,Up in PD,1,FALSE,FALSE
IK_CFYLSUZUMMPFNC-NHQGMKOOSA-N,Cer 18:1;2O/20:0;(2OH),Cer 18:1;2O/20:0;(2OH),CFYLSUZUMMPFNC-NHQGMKOOSA-N,C38H75NO4,1,1,0,1,-0.713118852,-0.713118852,0.713118852,1.66e-6,37755270,Down in PD,1,FALSE,FALSE
IK_DUUGKQCEGZLZNO-UHFFFAOYSA-N,5-Hydroxyindole-3-acetic acid,5-Hydroxyindole-3-acetic acid | 5-Hydroxy-3-indoleacetic acid | 5-hydroxyindoleacetate | 5-Hydroxyindoleacetic acid | 5-Hydroxyindoleacetic acid [+NH3],DUUGKQCEGZLZNO-UHFFFAOYSA-N,C10H9NO3,1,1,0,1,-0.713118852,-0.713118852,0.713118852,0,28880465,Down in PD,1,FALSE,FALSE
IK_HMVMFGNKDHVMJV-UHFFFAOYSA-N,"2-Naphthalenepropanol, 6-hydroxy-a-methyl-","2-Naphthalenepropanol, 6-hydroxy-a-methyl-",HMVMFGNKDHVMJV-UHFFFAOYSA-N,C14H16O2,1,1,0,1,-0.713118852,-0.713118852,0.713118852,NA,24167579,Down in PD,1,FALSE,FALSE
IK_JJMPYAHUHHQAJB-FYOCAXJLSA-N,PE P-38:5 or PE O-38:6,PE P-38:5 or PE O-38:6,JJMPYAHUHHQAJB-FYOCAXJLSA-N,C43H76NO7P,1,1,0,1,-0.713118852,-0.713118852,0.713118852,0.00152,37755270,Down in PD,1,FALSE,FALSE
IK_KIUOSJFEKWWKSM-UHFFFAOYSA-N,SM 42:0;2O,SM 42:0;2O,KIUOSJFEKWWKSM-UHFFFAOYSA-N,C47H97N2O6P,1,1,0,1,-0.713118852,-0.713118852,0.713118852,3.66e-4,37755270,Down in PD,1,FALSE,FALSE
IK_PYGVPCBXCGQXNA-SZHIUZGGSA-N,Cer 18:1;2O/24:1;(2OH),Cer 18:1;2O/24:1;(2OH),PYGVPCBXCGQXNA-SZHIUZGGSA-N,C42H81NO4,1,1,0,1,-0.713118852,-0.713118852,0.713118852,5.12e-7,37755270,Down in PD,1,FALSE,FALSE
NO_INCHIKEY__possible prenol lipid,Possible prenol lipid,Possible prenol lipid,NA,C20H32O,1,1,0,1,-0.713118852,-0.713118852,0.713118852,NA,24167579,Down in PD,1,FALSE,FALSE
IK_ZBXYMKUZCWCGPC-BDWKERMESA-N,"(2E,4E)-2,7-Dimethyl-2,4-octadienedioic acid","(2E,4E)-2,7-Dimethyl-2,4-octadienedioic acid",ZBXYMKUZCWCGPC-BDWKERMESA-N,C10H14O4,1,1,1,0,0.713018646,0.713018646,0.713018646,NA,MTBLS11904,Up in PD,1,FALSE,FALSE
IK_MXDRPNGTQDRKQM-UHFFFAOYSA-N,3-Methylpyridazine,3-Methylpyridazine,MXDRPNGTQDRKQM-UHFFFAOYSA-N,C5H6N2,1,1,0,1,-0.712420699,-0.712420699,0.712420699,NA,MTBLS11904,Down in PD,1,FALSE,FALSE
IK_VDYXBEFIBYPOSV-UHFFFAOYSA-N,5-Hydroxyindolin-2-one sulfate,5-Hydroxyindolin-2-one sulfate,VDYXBEFIBYPOSV-UHFFFAOYSA-N,C8H7NO5S,1,1,1,0,0.708135412,0.708135412,0.708135412,NA,MTBLS11904,Up in PD,1,FALSE,FALSE
IK_CAAULPUQFIIOTL-UHFFFAOYSA-N,methanolphosphate,methanolphosphate,CAAULPUQFIIOTL-UHFFFAOYSA-N,CH5O4P,1,1,1,0,0.707524791,0.707524791,0.707524791,3.45e-5,38720721,Up in PD,1,FALSE,FALSE
IK_NFXHRONXTSUXIR-PUKZTNJRSA-N,"DG(16:0/0:0/20:3(8Z,11Z,14Z)-2OH(5,6))","DG(16:0/0:0/20:3(8Z,11Z,14Z)-2OH(5,6))",NFXHRONXTSUXIR-PUKZTNJRSA-N,C39H70O7,1,1,1,0,0.707105614,0.707105614,0.707105614,NA,MTBLS11904,Up in PD,1,FALSE,FALSE
IK_GIXWDMTZECRIJT-UHFFFAOYSA-N,Aurintricarboxylic acid,Aurintricarboxylic acid,GIXWDMTZECRIJT-UHFFFAOYSA-N,C22H14O9,1,1,1,0,0.705743624,0.705743624,0.705743624,NA,MTBLS11904,Up in PD,1,FALSE,FALSE
IK_GVQOVMKBYJKZSY-UHFFFAOYSA-N,8-Desoxygartanin,8-Desoxygartanin,GVQOVMKBYJKZSY-UHFFFAOYSA-N,C23H24O5,1,1,1,0,0.705046019,0.705046019,0.705046019,NA,MTBLS11904,Up in PD,1,FALSE,FALSE
IK_LBGFKUUHOPIEMA-PEARBKPGSA-N,Sapacitabine,Sapacitabine,LBGFKUUHOPIEMA-PEARBKPGSA-N,C26H42N4O5,1,1,1,0,0.705046019,0.705046019,0.705046019,NA,MTBLS11904,Up in PD,1,FALSE,FALSE
IK_OKKOTEXYXPSGMF-VDRIIYAVSA-N,"PE(20:3(5Z,8Z,11Z)/16:0)","PE(20:3(5Z,8Z,11Z)/16:0)",OKKOTEXYXPSGMF-VDRIIYAVSA-N,C41H76NO8P,1,1,0,1,-0.704414853,-0.704414853,0.704414853,NA,MTBLS11904,Down in PD,1,FALSE,FALSE
IK_ZWDYIYOIBZOENK-YZGJGUBNSA-N,12-O-D-Glucuronoside-13-hydroxyoctadec-9Z-enoate,12-O-D-Glucuronoside-13-hydroxyoctadec-9Z-enoate,ZWDYIYOIBZOENK-YZGJGUBNSA-N,C24H42O10,1,1,1,0,0.704149098,0.704149098,0.704149098,NA,MTBLS11904,Up in PD,1,FALSE,FALSE
IK_RQXNAJITDPUZBL-ROQBABNZSA-N,"DG(20:2(11Z,14Z)/18:4(6Z,9Z,12Z,15Z)/0:0)","DG(20:2(11Z,14Z)/18:4(6Z,9Z,12Z,15Z)/0:0)",RQXNAJITDPUZBL-ROQBABNZSA-N,C41H68O5,1,1,1,0,0.702953204,0.702953204,0.702953204,NA,MTBLS11904,Up in PD,1,FALSE,FALSE
IK_FXGOEHDEIHUMCP-XNGCGXPYSA-N,"PE(22:6(4Z,7Z,10Z,13Z,16Z,19Z)/18:1(9Z))","PE(22:6(4Z,7Z,10Z,13Z,16Z,19Z)/18:1(9Z))",FXGOEHDEIHUMCP-XNGCGXPYSA-N,C45H76NO8P,1,1,0,1,-0.702255599,-0.702255599,0.702255599,NA,MTBLS11904,Down in PD,1,FALSE,FALSE
IK_LJARBVLDSOWRJT-PSXMRANNSA-N,PC(15:0/15:0),PC(15:0/15:0),LJARBVLDSOWRJT-PSXMRANNSA-N,C38H76NO8P,1,1,0,1,-0.702255599,-0.702255599,0.702255599,NA,MTBLS11904,Down in PD,1,FALSE,FALSE
IK_OIFXLYCBBBXCIB-UHFFFAOYSA-N,8-Nonen-2-one,8-Nonen-2-one,OIFXLYCBBBXCIB-UHFFFAOYSA-N,C9H16O,1,1,0,1,-0.701890187,-0.701890187,0.701890187,NA,MTBLS11904,Down in PD,1,FALSE,FALSE
IK_WURBQCVBQNMUQT-OLKPEBQYSA-N,Tiglylcarnitine,Tiglylcarnitine,WURBQCVBQNMUQT-OLKPEBQYSA-N,C12H21NO4,1,1,0,1,-0.700461758,-0.700461758,0.700461758,NA,ST003159,Down in PD,1,FALSE,FALSE
IK_SMYALUSCZJXWHG-UHFFFAOYSA-N,Altanserin,Altanserin,SMYALUSCZJXWHG-UHFFFAOYSA-N,C22H22FN3O2S,1,1,1,0,0.699166206,0.699166206,0.699166206,NA,MTBLS11904,Up in PD,1,FALSE,FALSE
IK_VCRXMIQBQGCAAL-UHFFFAOYSA-N,Tyrosol 4-sulfate,Tyrosol 4-sulfate,VCRXMIQBQGCAAL-UHFFFAOYSA-N,C8H10O5S,1,1,1,0,0.698800794,0.698800794,0.698800794,NA,MTBLS11904,Up in PD,1,FALSE,FALSE
IK_UGFILLIGHGZLHE-UHFFFAOYSA-N,"Dopal (3,4-Dihydroxyphenyl)acetaldehyde)","Dopal (3,4-Dihydroxyphenyl)acetaldehyde)",UGFILLIGHGZLHE-UHFFFAOYSA-N,C8H8O3,1,1,1,0,0.698663,0.698663,0.698663,NA,24167579,Up in PD,1,FALSE,FALSE
IK_KLAONOISLHWJEE-QWRGUYRKSA-N,Phe-Gln,Phe-Gln | Phenylalanylglutamine,KLAONOISLHWJEE-QWRGUYRKSA-N,C14H19N3O4,1,1,1,0,0.694211608,0.694211608,0.694211608,0.0326,38720721,Up in PD,1,FALSE,FALSE
IK_LVHOURKCKUYIGK-RGUJTQARSA-N,Dimethisterone,Dimethisterone,LVHOURKCKUYIGK-RGUJTQARSA-N,C23H32O2,1,1,1,0,0.692422692,0.692422692,0.692422692,NA,MTBLS11904,Up in PD,1,FALSE,FALSE
IK_DWTTZBARDOXEAM-GXTWGEPZSA-N,Zeranol,Zeranol,DWTTZBARDOXEAM-GXTWGEPZSA-N,C18H26O5,1,1,0,1,-0.691988685,-0.691988685,0.691988685,5.84e-4,38720721,Down in PD,1,FALSE,FALSE
IK_RDJGLLICXDHJDY-UHFFFAOYSA-N,Fenoprofen,Fenoprofen,RDJGLLICXDHJDY-UHFFFAOYSA-N,C15H14O3,1,1,1,0,0.691725087,0.691725087,0.691725087,NA,MTBLS11904,Up in PD,1,FALSE,FALSE
IK_AXCLECQLCBWNLZ-KZZBVOOISA-N,PC(O-16:1),PC(O-16:1),AXCLECQLCBWNLZ-KZZBVOOISA-N,C42H80NO7P,1,1,1,0,0.690640579,0.690640579,0.690640579,NA,24167579,Up in PD,1,FALSE,FALSE
IK_FJIGLGLZNXQEDE-GDVGLLTNSA-N,Epsilon-(Carboxymethyl)lysine,Epsilon-(Carboxymethyl)lysine,FJIGLGLZNXQEDE-GDVGLLTNSA-N,C8H16N2O4,1,1,1,0,0.690197,0.690197,0.690197,NA,MTBLS11904,Up in PD,1,FALSE,FALSE
IK_QDRJMAHGAQYRIN-PKKQLAOCSA-N,Phosphatidylethanolamine alkenyl 16:0-20:4,Phosphatidylethanolamine alkenyl 16:0-20:4,QDRJMAHGAQYRIN-PKKQLAOCSA-N,C41H74NO7P,1,1,0,1,-0.689659879,-0.689659879,0.689659879,NA,37755270,Down in PD,1,FALSE,FALSE
IK_ZSTCZWJCLIRCOJ-DGCLKSJQSA-N,Zilpaterol,Zilpaterol,ZSTCZWJCLIRCOJ-DGCLKSJQSA-N,C14H19N3O2,1,1,1,0,0.68926686,0.68926686,0.68926686,NA,MTBLS11904,Up in PD,1,FALSE,FALSE
IK_LKAFPNQADHUXMM-LURJTMIESA-N,(2S)-2-(4-Chloroanilino)propanoic acid,(2S)-2-(4-Chloroanilino)propanoic acid,LKAFPNQADHUXMM-LURJTMIESA-N,C9H10ClNO2,1,1,1,0,0.689233641,0.689233641,0.689233641,NA,MTBLS11904,Up in PD,1,FALSE,FALSE
IK_LTINZAODLRIQIX-FBXRGJNPSA-N,Cefpodoxime proxetil,Cefpodoxime proxetil,LTINZAODLRIQIX-FBXRGJNPSA-N,C21H27N5O9S2,1,1,0,1,-0.688436378,-0.688436378,0.688436378,NA,MTBLS11904,Down in PD,1,FALSE,FALSE
IK_FDLBWFQZCBIUPV-UHFFFAOYSA-N,Chenodeoxycholylthreonine,Chenodeoxycholylthreonine,FDLBWFQZCBIUPV-UHFFFAOYSA-N,C28H47NO6,1,1,1,0,0.687771993,0.687771993,0.687771993,NA,MTBLS11904,Up in PD,1,FALSE,FALSE
IK_RSMGIILCLKIXNG-JASYKLOUSA-N,TG 46:3 Isomer A,TG 46:3 Isomer A,RSMGIILCLKIXNG-JASYKLOUSA-N,C22H30O,1,1,1,0,0.687060688,0.687060688,0.687060688,0.00421,37755270,Up in PD,1,FALSE,FALSE
IK_AZYMCYXTLDIFNX-IRSOEJBUSA-N,"SM(d19:1/20:3(8Z,11Z,14Z)-2OH(5,6))","SM(d19:1/20:3(8Z,11Z,14Z)-2OH(5,6))",AZYMCYXTLDIFNX-IRSOEJBUSA-N,C44H83N2O8P,1,1,0,1,-0.68557952,-0.68557952,0.68557952,NA,MTBLS11904,Down in PD,1,FALSE,FALSE
IK_GHOKWGTUZJEAQD-UHFFFAOYSA-N,"3-[[(2S)-2,4-Dihydroxy-3,3-dimethylbutanoyl]amino]propanoic acid","3-[[(2S)-2,4-Dihydroxy-3,3-dimethylbutanoyl]amino]propanoic acid",GHOKWGTUZJEAQD-UHFFFAOYSA-N,C9H17NO5,1,1,0,1,-0.684084653,-0.684084653,0.684084653,NA,MTBLS11904,Down in PD,1,FALSE,FALSE
IK_RXFPYNAVFFDUJE-UHFFFAOYSA-N,3-hydroxychlorpropamide,3-hydroxychlorpropamide,RXFPYNAVFFDUJE-UHFFFAOYSA-N,C10H13ClN2O4S,1,1,1,0,0.683471893,0.683471893,0.683471893,NA,24167579,Up in PD,1,FALSE,FALSE
IK_VMUXSMXIQBNMGZ-UHFFFAOYSA-N,Dihydrocoumarin,Dihydrocoumarin,VMUXSMXIQBNMGZ-UHFFFAOYSA-N,C9H8O2,1,1,1,0,0.683471893,0.683471893,0.683471893,4.71e-8,38720721,Up in PD,1,FALSE,FALSE
IK_VXIXUWQIVKSKSA-UHFFFAOYSA-N,4-Hydroxycoumarin,4-Hydroxycoumarin,VXIXUWQIVKSKSA-UHFFFAOYSA-N,C9H6O3,1,1,1,0,0.682191154,0.682191154,0.682191154,NA,MTBLS11904,Up in PD,1,FALSE,FALSE
IK_RRMWQDBJZKKUGJ-HZNABPJSSA-N,"DG(18:4(6Z,9Z,12Z,15Z)/20:3(8Z,11Z,14Z)/0:0)","DG(18:4(6Z,9Z,12Z,15Z)/20:3(8Z,11Z,14Z)/0:0)",RRMWQDBJZKKUGJ-HZNABPJSSA-N,C41H66O5,1,1,1,0,0.681626426,0.681626426,0.681626426,NA,MTBLS11904,Up in PD,1,FALSE,FALSE
IK_WTFXTQVDAKGDEY-HTQZYQBOSA-N,Chorismic acid,Chorismic acid,WTFXTQVDAKGDEY-HTQZYQBOSA-N,C10H10O6,1,1,1,0,0.680774426,0.680774426,0.680774426,NA,24167579,Up in PD,1,FALSE,FALSE
IK_LOODYTDRRBLQNH-UHFFFAOYSA-N,Vanilloylglycine,Vanilloylglycine,LOODYTDRRBLQNH-UHFFFAOYSA-N,C10H11NO5,1,1,1,0,0.67913498,0.67913498,0.67913498,NA,MTBLS11904,Up in PD,1,FALSE,FALSE
IK_KECVAQLNZFMLLN-DUXPYHPUSA-N,2-Chloro-5-methylmaleylacetate,2-Chloro-5-methylmaleylacetate,KECVAQLNZFMLLN-DUXPYHPUSA-N,C7H7ClO5,1,1,1,0,0.678973308,0.678973308,0.678973308,NA,24167579,Up in PD,1,FALSE,FALSE
IK_MNEBDCWSYIPUDZ-UHFFFAOYSA-N,Gamma-L-Glutamyl-L-pipecolic acid,Gamma-L-Glutamyl-L-pipecolic acid,MNEBDCWSYIPUDZ-UHFFFAOYSA-N,C11H18N2O5,1,1,1,0,0.67807196300000006,0.67807196300000006,0.67807196300000006,NA,MTBLS11904,Up in PD,1,FALSE,FALSE
IK_IHCPDBBYTYJYIL-UHFFFAOYSA-N,2-Methylbutyroylcarnitine,2-Methylbutyroylcarnitine,IHCPDBBYTYJYIL-UHFFFAOYSA-N,C12H23NO4,1,1,0,1,-0.678071905,-0.678071905,0.678071905,0.0046,29518718,Down in PD,1,FALSE,FALSE
IK_PIJVFDBKTWXHHD-HIFRSBDPSA-N,Physostigmine,Physostigmine,PIJVFDBKTWXHHD-HIFRSBDPSA-N,C15H21N3O2,1,1,1,0,0.677872647,0.677872647,0.677872647,NA,MTBLS11904,Up in PD,1,FALSE,FALSE
IK_JXOHGGNKMLTUBP-HSUXUTPPSA-N,shikimic acid,shikimic acid,JXOHGGNKMLTUBP-HSUXUTPPSA-N,C7H10O5,1,1,1,0,0.677169939,0.677169939,0.677169939,0.00224,38720721,Up in PD,1,FALSE,FALSE
IK_UPMLOUAZCHDJJD-UHFFFAOYSA-N,"4,4'-Diphenylmethane diisocyanate","4,4'-Diphenylmethane diisocyanate",UPMLOUAZCHDJJD-UHFFFAOYSA-N,C15H10N2O2,1,1,1,0,0.676776411,0.676776411,0.676776411,NA,MTBLS11904,Up in PD,1,FALSE,FALSE
IK_URPXXNCTXCOATD-FXMFQVEGSA-N,PE(P-18:0/20:4),PE(P-18:0/20:4),URPXXNCTXCOATD-FXMFQVEGSA-N,C43H78NO7P,1,1,0,1,-0.675613736,-0.675613736,0.675613736,NA,MTBLS11904,Down in PD,1,FALSE,FALSE
IK_BOJKULTULYSRAS-OTESTREVSA-N,Andrographolide,Andrographolide,BOJKULTULYSRAS-OTESTREVSA-N,C20H30O5,1,1,1,0,0.674251745,0.674251745,0.674251745,NA,MTBLS11904,Up in PD,1,FALSE,FALSE
IK_LMOUVAHDYFZTCE-UHFFFAOYSA-N,Tetrahydrothiophene sulfoxide,Tetrahydrothiophene sulfoxide,LMOUVAHDYFZTCE-UHFFFAOYSA-N,C4H8OS2,1,1,0,1,-0.672258589,-0.672258589,0.672258589,NA,MTBLS11904,Down in PD,1,FALSE,FALSE
IK_DUIFVCFSAWHIOD-AATRIKPKSA-N,Indolylacryloylglycine,Indolylacryloylglycine,DUIFVCFSAWHIOD-AATRIKPKSA-N,C13H12N2O3,1,1,1,0,0.672092492,0.672092492,0.672092492,NA,MTBLS11904,Up in PD,1,FALSE,FALSE
IK_GTDWNYZZRCJYOX-HBZIWDQGSA-N,TG 10:0_18:2_18:2,TG 10:0_18:2_18:2,GTDWNYZZRCJYOX-HBZIWDQGSA-N,C49H86O6,1,1,1,0,0.669026766,0.669026766,0.669026766,0.0448,37755270,Up in PD,1,FALSE,FALSE
IK_GENAHGKEFJLNJB-QMTHXVAHSA-N,LYSERGAMIDE,LYSERGAMIDE,GENAHGKEFJLNJB-QMTHXVAHSA-N,C16H17N3O,1,1,1,0,0.66803974,0.66803974,0.66803974,NA,MTBLS11904,Up in PD,1,FALSE,FALSE
IK_FWQWYTQHEPIGFR-XFENYREESA-N,Glucose lactate pyruvate,Glucose lactate pyruvate,FWQWYTQHEPIGFR-XFENYREESA-N,C12H18O12,1,1,1,0,0.667308916,0.667308916,0.667308916,NA,MTBLS11904,Up in PD,1,FALSE,FALSE
IK_DEFJQIDDEAULHB-IMJSIDKUSA-N,Ala-Ala,Ala-Ala,DEFJQIDDEAULHB-IMJSIDKUSA-N,C6H12N2O3,1,1,1,0,0.667210913,0.667210913,0.667210913,2.66e-4,38720721,Up in PD,1,FALSE,FALSE
IK_BPLYVSYSBPLDOA-UHFFFAOYSA-N,Cer 18:0;2O/24:0,Cer 18:0;2O/24:0,BPLYVSYSBPLDOA-UHFFFAOYSA-N,C42H85NO3,1,1,0,1,-0.666576266,-0.666576266,0.666576266,1.1e-5,37755270,Down in PD,1,FALSE,FALSE
IK_JMXKCYUTURMERF-UHFFFAOYSA-N,dodemorph,dodemorph,JMXKCYUTURMERF-UHFFFAOYSA-N,C18H35NO,1,1,0,1,-0.666576266,-0.666576266,0.666576266,1.92e-4,37755270,Down in PD,1,FALSE,FALSE
IK_VLIJZYIABFUKFN-JZELYBSLSA-N,PE O-18:1_20:4,PE O-18:1_20:4,VLIJZYIABFUKFN-JZELYBSLSA-N,C43H78NO7P,1,1,0,1,-0.666576266,-0.666576266,0.666576266,NA,37755270,Down in PD,1,FALSE,FALSE
UNKNOWN_ROW__24167579__unknown_104,unknown_104,unknown_104,NA,NA,1,1,0,1,-0.666576266,-0.666576266,0.666576266,NA,24167579,Down in PD,1,FALSE,FALSE
UNKNOWN_ROW__24167579__unknown_132,unknown_132,unknown_132,NA,NA,1,1,0,1,-0.666576266,-0.666576266,0.666576266,NA,24167579,Down in PD,1,FALSE,FALSE
IK_QZPQTZZNNJUOLS-UHFFFAOYSA-N,Beta-Lapachone,Beta-Lapachone,QZPQTZZNNJUOLS-UHFFFAOYSA-N,C15H14O3,1,1,0,1,-0.664717812,-0.664717812,0.664717812,NA,MTBLS11904,Down in PD,1,FALSE,FALSE
IK_YODZTKMDCQEPHD-UHFFFAOYSA-N,Thiodiglycol,Thiodiglycol,YODZTKMDCQEPHD-UHFFFAOYSA-N,C4H10O2S,1,1,0,1,-0.663721233,-0.663721233,0.663721233,NA,MTBLS11904,Down in PD,1,FALSE,FALSE
IK_KHCDPAZLBSPVSE-UHFFFAOYSA-N,9-Oxohexadecanoic acid,9-Oxohexadecanoic acid,KHCDPAZLBSPVSE-UHFFFAOYSA-N,C16H30O3,1,1,1,0,0.662791094,0.662791094,0.662791094,NA,MTBLS11904,Up in PD,1,FALSE,FALSE
IK_JWFBUBZOMPFGDL-YBRFZANVSA-N,"PS(18:1(11Z)/22:5(7Z,10Z,13Z,16Z,19Z))","PS(18:1(11Z)/22:5(7Z,10Z,13Z,16Z,19Z))",JWFBUBZOMPFGDL-YBRFZANVSA-N,C46H78NO10P,1,1,1,0,0.662525339,0.662525339,0.662525339,NA,MTBLS11904,Up in PD,1,FALSE,FALSE
IK_IUBSYMUCCVWXPE-UHFFFAOYSA-N,Metoprolol,Metoprolol | 1-[4-(2-methoxyethyl)phenoxy]-3-(propan-2-ylamino)propan-2-ol,IUBSYMUCCVWXPE-UHFFFAOYSA-N,C15H25NO3,1,1,1,0,0.662110098,0.662110098,0.662110098,NA,MTBLS11904,Up in PD,1,FALSE,FALSE
IK_FSQQTNAZHBEJLS-UPHRSURJSA-N,Maleamic acid,Maleamic acid,FSQQTNAZHBEJLS-UPHRSURJSA-N,C4H5NO3,1,1,0,1,-0.662003537,-0.662003537,0.662003537,0.0315,38720721,Down in PD,1,FALSE,FALSE
IK_MJLXQSQYKZWZCB-AKNKGCNLSA-N,Linoelaidylcarnitine,Linoelaidylcarnitine,MJLXQSQYKZWZCB-AKNKGCNLSA-N,C25H45NO4,1,1,1,0,0.661761296,0.661761296,0.661761296,NA,MTBLS11904,Up in PD,1,FALSE,FALSE
IK_KWDXKYNWAKMLKK-YQMRQDNGSA-N,"(4E,14Z)-2-Aminooctadeca-4,14-diene-1,3-diol","(4E,14Z)-2-Aminooctadeca-4,14-diene-1,3-diol",KWDXKYNWAKMLKK-YQMRQDNGSA-N,C18H35NO2,1,1,0,1,-0.660864375,-0.660864375,0.660864375,NA,MTBLS11904,Down in PD,1,FALSE,FALSE
IK_FICLVQOYKYBXFN-UHFFFAOYSA-N,(+/-)-6-Chlorotryptophan,(+/-)-6-Chlorotryptophan,FICLVQOYKYBXFN-UHFFFAOYSA-N,C11H11ClN2O2,1,1,1,0,0.66016677,0.66016677,0.66016677,NA,MTBLS11904,Up in PD,1,FALSE,FALSE
IK_DAUHTFNYHSOVRQ-ZETCQYMHSA-N,L-.beta.-Homoglutamine,L-.beta.-Homoglutamine,DAUHTFNYHSOVRQ-ZETCQYMHSA-N,C11H20N2O5,1,1,0,1,-0.652901329,-0.652901329,0.652901329,0.0241,38720721,Down in PD,1,FALSE,FALSE
IK_FAASBXNEOGMQHS-BYPYZUCNSA-N,(S)-5-Amino-3-oxohexanoate,(S)-5-Amino-3-oxohexanoate,FAASBXNEOGMQHS-BYPYZUCNSA-N,C6H11NO3,1,1,1,0,0.652260581,0.652260581,0.652260581,NA,MTBLS11904,Up in PD,1,FALSE,FALSE
IK_SNCKGJWJABDZHI-ZKWXMUAHSA-N,Gamma-Glutamylisoleucine,Gamma-Glutamylisoleucine,SNCKGJWJABDZHI-ZKWXMUAHSA-N,C11H20N2O5,1,1,1,0,0.651463319,0.651463319,0.651463319,NA,MTBLS11904,Up in PD,1,FALSE,FALSE
IK_ATTZFSUZZUNHBP-UHFFFAOYSA-N,Piperonyl sulfoxide,Piperonyl sulfoxide,ATTZFSUZZUNHBP-UHFFFAOYSA-N,C18H28O3S,1,1,1,0,0.648606461,0.648606461,0.648606461,NA,MTBLS11904,Up in PD,1,FALSE,FALSE
IK_QQBKLRXLVRDKEB-UHFFFAOYSA-N,"3-(Hydroxymethyl)-5,5-diphenylimidazolidine-2,4-dione","3-(Hydroxymethyl)-5,5-diphenylimidazolidine-2,4-dione",QQBKLRXLVRDKEB-UHFFFAOYSA-N,C16H14N2O3,1,1,1,0,0.647543444,0.647543444,0.647543444,NA,MTBLS11904,Up in PD,1,FALSE,FALSE
IK_NZXKDOXHBHYTKP-UHFFFAOYSA-N,Methohexital,Methohexital,NZXKDOXHBHYTKP-UHFFFAOYSA-N,C14H18N2O3,1,1,1,0,0.647410566,0.647410566,0.647410566,NA,MTBLS11904,Up in PD,1,FALSE,FALSE
IK_COVOPZQGJGUPEY-UHFFFAOYSA-N,"2,4-Dihydroxy-2H-1,4-benzoxazin-3(4H)-one","2,4-Dihydroxy-2H-1,4-benzoxazin-3(4H)-one",COVOPZQGJGUPEY-UHFFFAOYSA-N,C8H7NO4,1,1,1,0,0.647377347,0.647377347,0.647377347,NA,MTBLS11904,Up in PD,1,FALSE,FALSE
IK_OKYHUOHBRKWCQJ-FTJYXMLISA-N,S-(1-Propenyl)-cysteine sulfoxide,S-(1-Propenyl)-cysteine sulfoxide,OKYHUOHBRKWCQJ-FTJYXMLISA-N,C6H11NO3S,1,1,0,1,-0.646712962,-0.646712962,0.646712962,NA,MTBLS11904,Down in PD,1,FALSE,FALSE
IK_JMCOUWKXLXDERB-WMZOPIPTSA-N,Phe-Trp,Phe-Trp | H-Phe-Trp-OH,JMCOUWKXLXDERB-WMZOPIPTSA-N,C20H21N3O3,1,1,0,1,-0.646112164,-0.646112164,0.646112164,3.83e-4,38720721,Down in PD,1,FALSE,FALSE
IK_CZZZOTXCAIDYOZ-UHFFFAOYSA-N,Koenigine,Koenigine,CZZZOTXCAIDYOZ-UHFFFAOYSA-N,C19H19NO3,1,1,0,1,-0.644221515,-0.644221515,0.644221515,NA,MTBLS11904,Down in PD,1,FALSE,FALSE
IK_HGLVTNLCPFWLTF-UHFFFAOYSA-N,Cer 16:0;2O_23:0,Cer 16:0;2O_23:0,HGLVTNLCPFWLTF-UHFFFAOYSA-N,C55H109NO5,1,1,0,1,-0.64385619,-0.64385619,0.64385619,1.65e-6,37755270,Down in PD,1,FALSE,FALSE
IK_JZHBSOAJXNHZEG-UHFFFAOYSA-N,Cer-NDS d41:0,Cer-NDS d41:0,JZHBSOAJXNHZEG-UHFFFAOYSA-N,C41H83NO3,1,1,0,1,-0.64385619,-0.64385619,0.64385619,1.31e-7,37755270,Down in PD,1,FALSE,FALSE
IK_WMOFTJILTZIKIH-DIPNUNPCSA-N,PC 31:0,PC 31:0,WMOFTJILTZIKIH-DIPNUNPCSA-N,C39H78NO8P,1,1,0,1,-0.64385619,-0.64385619,0.64385619,0.0147,37755270,Down in PD,1,FALSE,FALSE
IK_NFNVDJGXRFEYTK-UHFFFAOYSA-N,Leucyl-Glutamate,Leucyl-Glutamate,NFNVDJGXRFEYTK-UHFFFAOYSA-N,C11H20N2O5,1,1,1,0,0.643424253,0.643424253,0.643424253,NA,MTBLS11904,Up in PD,1,FALSE,FALSE
IK_LFUCRBSGQMAKCO-UHFFFAOYSA-N,5-Hydroxyindoleacetylglycine,5-Hydroxyindoleacetylglycine,LFUCRBSGQMAKCO-UHFFFAOYSA-N,C12H12N2O4,1,1,1,0,0.641630412,0.641630412,0.641630412,NA,MTBLS11904,Up in PD,1,FALSE,FALSE
IK_MXVGMMSYPKQPGC-VGWLKTBOSA-N,TG 48:3|TG 12:0_18:1_18:2,TG 48:3|TG 12:0_18:1_18:2 | TG 48:3 | TG 12:0_18:1_18:2,MXVGMMSYPKQPGC-VGWLKTBOSA-N,C51H92O6,1,1,1,0,0.641546029,0.641546029,0.641546029,0.00545,37755270,Up in PD,1,FALSE,FALSE
IK_ZAVFAQIEEDHGRI-JVYSIHAYSA-N,"PE(20:5(5Z,8Z,11Z,14Z,17Z)/18:0)","PE(20:5(5Z,8Z,11Z,14Z,17Z)/18:0)",ZAVFAQIEEDHGRI-JVYSIHAYSA-N,C43H76NO8P,1,1,0,1,-0.640069105,-0.640069105,0.640069105,NA,MTBLS11904,Down in PD,1,FALSE,FALSE
IK_IVFYLRMMHVYGJH-VLOLGRDOSA-N,Bolasterone,Bolasterone,IVFYLRMMHVYGJH-VLOLGRDOSA-N,C21H32O2,1,1,1,0,0.638972869,0.638972869,0.638972869,NA,MTBLS11904,Up in PD,1,FALSE,FALSE
IK_RZGFUGXQKMEMOO-SZXTZRQCSA-N,7-Epi-12-hydroxyjasmonic acid,7-Epi-12-hydroxyjasmonic acid,RZGFUGXQKMEMOO-SZXTZRQCSA-N,C12H18O4,1,1,0,1,-0.63568416,-0.63568416,0.63568416,NA,MTBLS11904,Down in PD,1,FALSE,FALSE
IK_AJTJVNKPLZTLHV-RJJHQZCFSA-N,"PE(18:2(9Z,12Z)/20:5(5Z,8Z,11Z,14Z,17Z))","PE(18:2(9Z,12Z)/20:5(5Z,8Z,11Z,14Z,17Z))",AJTJVNKPLZTLHV-RJJHQZCFSA-N,C43H72NO8P,1,1,0,1,-0.635484845,-0.635484845,0.635484845,NA,MTBLS11904,Down in PD,1,FALSE,FALSE
IK_KEFJLCGVTHRGAH-UHFFFAOYSA-N,2-Acetyl-5-methylfuran,2-Acetyl-5-methylfuran,KEFJLCGVTHRGAH-UHFFFAOYSA-N,C7H8O2,1,1,0,1,-0.633026618,-0.633026618,0.633026618,NA,MTBLS11904,Down in PD,1,FALSE,FALSE
UNKNOWN_ROW__24167579__unknown_197,unknown_197,unknown_197,NA,NA,1,1,1,0,0.632268216,0.632268216,0.632268216,NA,24167579,Up in PD,1,FALSE,FALSE
IK_GLONBVCUAVPJFV-PCDHEYSGSA-N,Dehydroisoandrosterone 3-glucuronide,Dehydroisoandrosterone 3-glucuronide,GLONBVCUAVPJFV-PCDHEYSGSA-N,C25H36O8,1,1,1,0,0.631199557,0.631199557,0.631199557,NA,MTBLS11904,Up in PD,1,FALSE,FALSE
IK_WSDKRPCAPHRNNZ-MGBGTMOVSA-N,lysoPC a C26:0,lysoPC a C26:0,WSDKRPCAPHRNNZ-MGBGTMOVSA-N,C34H70NO7P,1,1,1,0,0.6307661,0.6307661,0.6307661,NA,34577635,Up in PD,1,FALSE,FALSE
IK_VMEHOTODTPXCKT-RXMQYKEDSA-N,(2R)-2-Hydroxy-2-methylbutanenitrile,(2R)-2-Hydroxy-2-methylbutanenitrile,VMEHOTODTPXCKT-RXMQYKEDSA-N,C5H9NO,1,1,1,0,0.630734487,0.630734487,0.630734487,NA,MTBLS11904,Up in PD,1,FALSE,FALSE
IK_JEIZLWNUBXHADF-UHFFFAOYSA-N,(+/-)-Pelletierine,(+/-)-Pelletierine,JEIZLWNUBXHADF-UHFFFAOYSA-N,C8H15NO,1,1,0,1,-0.629970444,-0.629970444,0.629970444,NA,MTBLS11904,Down in PD,1,FALSE,FALSE
IK_MSWZFWKMSRAUBD-IVMDWMLBSA-N,D-Glucosamine,D-Glucosamine | Glucosamine,MSWZFWKMSRAUBD-IVMDWMLBSA-N,C6H13NO5,1,1,1,0,0.62967147,0.62967147,0.62967147,NA,MTBLS11904,Up in PD,1,FALSE,FALSE
IK_PBGMJEFISXYLCY-UHFFFAOYSA-N,(His(1-ME)2)-trh,(His(1-ME)2)-trh,PBGMJEFISXYLCY-UHFFFAOYSA-N,C17H24N6O4,1,1,1,0,0.628674892,0.628674892,0.628674892,NA,MTBLS11904,Up in PD,1,FALSE,FALSE
IK_NDPWMVKNLXIMLF-KIYNQFGBSA-N,Apiforol sulfate,Apiforol sulfate,NDPWMVKNLXIMLF-KIYNQFGBSA-N,C15H14O8S,1,1,0,1,-0.628641673,-0.628641673,0.628641673,NA,MTBLS11904,Down in PD,1,FALSE,FALSE
IK_LJOQGZACKSYWCH-LHHVKLHASA-N,Hydroquinidine,Hydroquinidine,LJOQGZACKSYWCH-LHHVKLHASA-N,C20H26N2O2,1,1,1,0,0.628375918,0.628375918,0.628375918,NA,MTBLS11904,Up in PD,1,FALSE,FALSE
IK_GRERMCGRRAMWSD-GRZGAGJTSA-N,Vanillic acid 4-O-glucuronide,Vanillic acid 4-O-glucuronide,GRERMCGRRAMWSD-GRZGAGJTSA-N,C14H16O10,1,1,1,0,0.626117007,0.626117007,0.626117007,NA,MTBLS11904,Up in PD,1,FALSE,FALSE
IK_GHUJOXJDUAROKJ-UHFFFAOYSA-N,"4-Methyl-1,4-dihydropyridine-3,5-dicarbaldehyde","4-Methyl-1,4-dihydropyridine-3,5-dicarbaldehyde",GHUJOXJDUAROKJ-UHFFFAOYSA-N,C8H9NO2,1,1,0,1,-0.625884472,-0.625884472,0.625884472,NA,MTBLS11904,Down in PD,1,FALSE,FALSE
IK_LYFMZJCIGLZMJF-IRSYNFPBSA-N,"PE(P-16:0/22:2(13Z,16Z))","PE(P-16:0/22:2(13Z,16Z))",LYFMZJCIGLZMJF-IRSYNFPBSA-N,C43H82NO7P,1,1,0,1,-0.625452622,-0.625452622,0.625452622,NA,MTBLS11904,Down in PD,1,FALSE,FALSE
IK_LNJNFVJKDJYTEU-UHFFFAOYSA-N,Diethofencarb,Diethofencarb,LNJNFVJKDJYTEU-UHFFFAOYSA-N,C14H21NO4,1,1,1,0,0.62508721,0.62508721,0.62508721,NA,MTBLS11904,Up in PD,1,FALSE,FALSE
IK_FAUYAENFVCNTAL-PFFNLMTBSA-N,"PC(18:0/22:6(4Z,7Z,10Z,13Z,16Z,19Z))","PC(18:0/22:6(4Z,7Z,10Z,13Z,16Z,19Z))",FAUYAENFVCNTAL-PFFNLMTBSA-N,C48H84NO8P,1,1,0,1,-0.624489263,-0.624489263,0.624489263,NA,MTBLS11904,Down in PD,1,FALSE,FALSE
IK_IPOLTUVFXFHAHI-OUKQBFOZSA-N,Elaidic carnitine,Elaidic carnitine,IPOLTUVFXFHAHI-OUKQBFOZSA-N,C25H47NO4,1,1,1,0,0.623492684,0.623492684,0.623492684,NA,MTBLS11904,Up in PD,1,FALSE,FALSE
IK_KGCPGAKRLOCUEV-ZLXBYIIJSA-N,PE O-16:1_22:6,PE O-16:1_22:6,KGCPGAKRLOCUEV-ZLXBYIIJSA-N,C43H74NO7P,1,1,0,1,-0.621488377,-0.621488377,0.621488377,0.0339,37755270,Down in PD,1,FALSE,FALSE
IK_SDFGVADIYWFGIV-LAPDZXRHSA-N,Cer 18:1;2O/23:0;(2OH),Cer 18:1;2O/23:0;(2OH),SDFGVADIYWFGIV-LAPDZXRHSA-N,C41H81NO4,1,1,0,1,-0.621488377,-0.621488377,0.621488377,2.92e-7,37755270,Down in PD,1,FALSE,FALSE
UNKNOWN_ROW__24167579__unknown_194,unknown_194,unknown_194,NA,NA,1,1,0,1,-0.621488377,-0.621488377,0.621488377,NA,24167579,Down in PD,1,FALSE,FALSE
IK_QVZHZVWYFNADIO-BATPLZQESA-N,3'-Ketolactose,3'-Ketolactose,QVZHZVWYFNADIO-BATPLZQESA-N,C12H20O11,1,1,0,1,-0.620071098,-0.620071098,0.620071098,NA,MTBLS11904,Down in PD,1,FALSE,FALSE
IK_ANQQVTWQIBPDKQ-UHFFFAOYSA-N,11-Oxohexadecanoic acid,11-Oxohexadecanoic acid,ANQQVTWQIBPDKQ-UHFFFAOYSA-N,C16H30O3,1,1,1,0,0.619838563,0.619838563,0.619838563,NA,MTBLS11904,Up in PD,1,FALSE,FALSE
IK_DKZBBWMURDFHNE-NSCUHMNNSA-N,Coniferylaldehyde,Coniferylaldehyde | Coniferaldehyde | Coniferyl Aldehyde,DKZBBWMURDFHNE-NSCUHMNNSA-N,C10H10O3,1,1,0,1,-0.619270552,-0.619270552,0.619270552,0.00385,38720721,Down in PD,1,FALSE,FALSE
IK_SEHFUALWMUWDKS-UHFFFAOYSA-N,5-Fluoroorotic acid,5-Fluoroorotic acid,SEHFUALWMUWDKS-UHFFFAOYSA-N,C5H3FN2O4,1,1,0,1,-0.618709108,-0.618709108,0.618709108,NA,MTBLS11904,Down in PD,1,FALSE,FALSE
IK_JHIWIFRQJXLNEU-GSQAGGHASA-N,"4alpha-carboxy-5alpha-cholesta-8,24-dien-3beta-ol","4alpha-carboxy-5alpha-cholesta-8,24-dien-3beta-ol",JHIWIFRQJXLNEU-GSQAGGHASA-N,C28H44O3,1,1,0,1,-0.618177599,-0.618177599,0.618177599,NA,MTBLS11904,Down in PD,1,FALSE,FALSE
IK_BWWWIHHYPYDOJQ-BSGVGGAOSA-N,"(3a,5b,7a,12a)-24-[(carboxymethyl)amino]-1,12-dihydroxy-24-oxocholan-3-yl-b-D-Glucopyranosiduronic acid","(3a,5b,7a,12a)-24-[(carboxymethyl)amino]-1,12-dihydroxy-24-oxocholan-3-yl-b-D-Glucopyranosiduronic acid",BWWWIHHYPYDOJQ-BSGVGGAOSA-N,C32H51NO12,1,1,1,0,0.617812187,0.617812187,0.617812187,NA,MTBLS11904,Up in PD,1,FALSE,FALSE
IK_SCULJPGYOQQXTK-OLRINKBESA-N,Cinobufagin,Cinobufagin,SCULJPGYOQQXTK-OLRINKBESA-N,C26H34O6,1,1,1,0,0.615918688,0.615918688,0.615918688,NA,MTBLS11904,Up in PD,1,FALSE,FALSE
IK_AEAMHDRXCYEOCU-HTDYWKJCSA-N,PC(18:0/18:1(11Z)),PC(18:0/18:1(11Z)),AEAMHDRXCYEOCU-HTDYWKJCSA-N,C44H86NO8P,1,1,0,1,-0.615553276,-0.615553276,0.615553276,NA,MTBLS11904,Down in PD,1,FALSE,FALSE
IK_JTUPDNHGJNUOCW-UHFFFAOYSA-N,Dimethyl-3-hydroxypyrid-4-one,Dimethyl-3-hydroxypyrid-4-one,JTUPDNHGJNUOCW-UHFFFAOYSA-N,C7H9NO2,1,1,1,0,0.614855671,0.614855671,0.614855671,NA,MTBLS11904,Up in PD,1,FALSE,FALSE
IK_NNPWRKSGORGTIM-RCDCWWQHSA-N,"8,15-DiHETE","8,15-DiHETE",NNPWRKSGORGTIM-RCDCWWQHSA-N,C20H32O4,1,1,1,0,0.613531653,0.613531653,0.613531653,NA,37755270,Up in PD,1,FALSE,FALSE
IK_LZFOPEXOUVTGJS-ONEGZZNKSA-N,Sinapyl alcohol,Sinapyl alcohol,LZFOPEXOUVTGJS-ONEGZZNKSA-N,C11H14O4,1,1,1,0,0.612430664,0.612430664,0.612430664,NA,MTBLS11904,Up in PD,1,FALSE,FALSE
IK_JVSRRTLCKOVNHJ-UHFFFAOYSA-N,3-Hydroxyindolin-2-one-sulfate,3-Hydroxyindolin-2-one-sulfate,JVSRRTLCKOVNHJ-UHFFFAOYSA-N,C8H5NO6S,1,1,1,0,0.612297786,0.612297786,0.612297786,NA,MTBLS11904,Up in PD,1,FALSE,FALSE
IK_DKXXSIJHWWVNMO-RJVKTHQKSA-N,Glycochenodeoxycholate-3-sulfate,Glycochenodeoxycholate-3-sulfate,DKXXSIJHWWVNMO-RJVKTHQKSA-N,C26H43NO8S,1,1,1,0,0.611932374,0.611932374,0.611932374,NA,MTBLS11904,Up in PD,1,FALSE,FALSE
IK_JLZAERUVCODZQO-VWCUIIQSSA-N,Acetylstrophanthidin,Acetylstrophanthidin,JLZAERUVCODZQO-VWCUIIQSSA-N,C25H34O7,1,1,1,0,0.609972437,0.609972437,0.609972437,NA,MTBLS11904,Up in PD,1,FALSE,FALSE
IK_TVLHFFLEOSSHFT-QVLZICSDSA-N,"1b,3a,7b-Trihydroxy-5b-cholanoic acid","1b,3a,7b-Trihydroxy-5b-cholanoic acid",TVLHFFLEOSSHFT-QVLZICSDSA-N,C24H40O6,1,1,0,1,-0.60980634,-0.60980634,0.60980634,NA,MTBLS11904,Down in PD,1,FALSE,FALSE
IK_FCEJNLVNFSUDTK-AATRIKPKSA-N,"3b,6a-Dihydroxy-alpha-ionol 9-[apiosyl-(1->6)-glucoside]","3b,6a-Dihydroxy-alpha-ionol 9-[apiosyl-(1->6)-glucoside]",FCEJNLVNFSUDTK-AATRIKPKSA-N,C24H40O12,1,1,1,0,0.608842981,0.608842981,0.608842981,NA,MTBLS11904,Up in PD,1,FALSE,FALSE
IK_AQPJRTNUBAWORL-RXMQYKEDSA-N,2-Hydroxy-L-methionine,2-Hydroxy-L-methionine,AQPJRTNUBAWORL-RXMQYKEDSA-N,C5H11NO3S,1,1,1,0,0.608411131,0.608411131,0.608411131,NA,MTBLS11904,Up in PD,1,FALSE,FALSE
IK_HUGUGFBIYQBLCS-UHFFFAOYSA-N,Melanettin,Melanettin,HUGUGFBIYQBLCS-UHFFFAOYSA-N,C16H12O5,1,1,0,1,-0.607480991,-0.607480991,0.607480991,NA,MTBLS11904,Down in PD,1,FALSE,FALSE
IK_DFELABABMXOKTD-IYFIADHGSA-N,GlcCer(d18:1/20:0),GlcCer(d18:1/20:0),DFELABABMXOKTD-IYFIADHGSA-N,C44H85NO8,1,1,0,1,-0.607015921,-0.607015921,0.607015921,NA,MTBLS11904,Down in PD,1,FALSE,FALSE
IK_LHTZUHRNOLWZNI-UHFFFAOYSA-N,5-Methyltricosanoylcarnitine,5-Methyltricosanoylcarnitine,LHTZUHRNOLWZNI-UHFFFAOYSA-N,C31H61NO4,1,1,0,1,-0.604125843,-0.604125843,0.604125843,NA,MTBLS11904,Down in PD,1,FALSE,FALSE
IK_JBNUARFQOCGDRK-UHFFFAOYSA-N,"(+)-threo-2-Amino-3,4-dihydroxybutanoic acid","(+)-threo-2-Amino-3,4-dihydroxybutanoic acid",JBNUARFQOCGDRK-UHFFFAOYSA-N,C4H9NO4,1,1,1,0,0.603062826,0.603062826,0.603062826,NA,MTBLS11904,Up in PD,1,FALSE,FALSE
IK_GDXFUCUOFXIMJG-METRJLLLSA-N,SM 36:4;3O,SM 36:4;3O,GDXFUCUOFXIMJG-METRJLLLSA-N,C41H77N2O7P,1,1,0,1,-0.59946207,-0.59946207,0.59946207,3.52e-4,37755270,Down in PD,1,FALSE,FALSE
IK_RCFDOSNHHZGBOY-ACZMJKKPSA-N,Isoleucyl-Alanine,Isoleucyl-Alanine,RCFDOSNHHZGBOY-ACZMJKKPSA-N,C9H18N2O3,1,1,0,1,-0.59946207,-0.59946207,0.59946207,1.92e-8,28880465,Down in PD,1,FALSE,FALSE
IK_UOORRWUZONOOLO-UHFFFAOYSA-N,"1,3-Dichloropropene","1,3-Dichloropropene",UOORRWUZONOOLO-UHFFFAOYSA-N,C3H4Cl2,1,1,0,1,-0.59946207,-0.59946207,0.59946207,NA,24167579,Down in PD,1,FALSE,FALSE
IK_ZFTUXXJICSMDGE-ZCXUNETKSA-N,PE-Cer 18:0;2O_22:1,PE-Cer 18:0;2O_22:1,ZFTUXXJICSMDGE-ZCXUNETKSA-N,C42H85N2O6P,1,1,0,1,-0.59946207,-0.59946207,0.59946207,9.4e-6,37755270,Down in PD,1,FALSE,FALSE
IK_YSMODUONRAFBET-UHNVWZDZSA-N,5-Hydroxylysine,5-Hydroxylysine,YSMODUONRAFBET-UHNVWZDZSA-N,C6H14N2O3,1,1,1,0,0.598113154,0.598113154,0.598113154,NA,MTBLS11904,Up in PD,1,FALSE,FALSE
IK_RBKMMJSQKNKNEV-RITPCOANSA-N,Penicillanic acid,Penicillanic acid,RBKMMJSQKNKNEV-RITPCOANSA-N,C8H11NO3S,1,1,0,1,-0.595555269,-0.595555269,0.595555269,NA,MTBLS11904,Down in PD,1,FALSE,FALSE
IK_DQJWAJBJWZYKLK-UHFFFAOYSA-N,2-Methoxyhydroquinone sulfate,2-Methoxyhydroquinone sulfate,DQJWAJBJWZYKLK-UHFFFAOYSA-N,C7H8O6S,1,1,0,1,-0.594625129,-0.594625129,0.594625129,NA,MTBLS11904,Down in PD,1,FALSE,FALSE
IK_UCPOMLWZWRTIAA-UHFFFAOYSA-N,Atevirdine,Atevirdine,UCPOMLWZWRTIAA-UHFFFAOYSA-N,C21H25N5O2,1,1,1,0,0.59455869,0.59455869,0.59455869,NA,MTBLS11904,Up in PD,1,FALSE,FALSE
IK_RFHSOKOVHMEMLA-JCMJOHBISA-N,TG 46:2,TG 46:2,RFHSOKOVHMEMLA-JCMJOHBISA-N,C49H90O6,1,1,1,0,0.59454855,0.59454855,0.59454855,0.00565,37755270,Up in PD,1,FALSE,FALSE
IK_ZOJBYZNEUISWFT-UHFFFAOYSA-N,Allyl isothiocyanate,Allyl isothiocyanate,ZOJBYZNEUISWFT-UHFFFAOYSA-N,C4H5NS,1,1,0,1,-0.590482685,-0.590482685,0.590482685,NA,MTBLS11904,Down in PD,1,FALSE,FALSE
IK_MNMKDPGRWWQDGI-UHFFFAOYSA-N,Dillanoside,Dillanoside,MNMKDPGRWWQDGI-UHFFFAOYSA-N,C24H22O10,1,1,0,1,-0.589841553,-0.589841553,0.589841553,NA,MTBLS11904,Down in PD,1,FALSE,FALSE
IK_GCSLDHTZSDNYEC-CPNJWEJPSA-N,Fluvoxamino acid,Fluvoxamino acid,GCSLDHTZSDNYEC-CPNJWEJPSA-N,C14H19F3N2O2,1,1,0,1,-0.588313466,-0.588313466,0.588313466,NA,MTBLS11904,Down in PD,1,FALSE,FALSE
IK_JLIPBVWMWUWERT-HNQUOIGGSA-N,Hydroxydesmethylpiperine sulfate,Hydroxydesmethylpiperine sulfate,JLIPBVWMWUWERT-HNQUOIGGSA-N,C16H21NO7S,1,1,0,1,-0.587150791,-0.587150791,0.587150791,NA,MTBLS11904,Down in PD,1,FALSE,FALSE
IK_ITPJUJKUKRFQHQ-UHFFFAOYSA-N,guanidinobutyric acid methyl ester,guanidinobutyric acid methyl ester,ITPJUJKUKRFQHQ-UHFFFAOYSA-N,C6H13N3O2,1,1,1,0,0.585923977,0.585923977,0.585923977,0.0145,38720721,Up in PD,1,FALSE,FALSE
IK_YYNNALSPFZYOOO-RRHRGVEJSA-N,PE 36:0|PE 18:0_18:0,PE 36:0|PE 18:0_18:0 | PE 36:0 | PE 18:0_18:0,YYNNALSPFZYOOO-RRHRGVEJSA-N,C42H84NO8P,1,1,1,0,0.584962501,0.584962501,0.584962501,NA,37755270,Up in PD,1,FALSE,FALSE
UNKNOWN_ROW__24167579__unknown_192,unknown_192,unknown_192,NA,NA,1,1,1,0,0.584962501,0.584962501,0.584962501,NA,24167579,Up in PD,1,FALSE,FALSE
IK_YRXIDKUVBPMNRA-YTOKZNHUSA-N,Fasciculol C,Fasciculol C,YRXIDKUVBPMNRA-YTOKZNHUSA-N,C30H52O6,1,1,0,1,-0.584759003,-0.584759003,0.584759003,NA,MTBLS11904,Down in PD,1,FALSE,FALSE
IK_RINHYCZCUGCZAJ-IPXOVKFZSA-N,Rosavin,Rosavin,RINHYCZCUGCZAJ-IPXOVKFZSA-N,C20H28O10,1,1,1,0,0.58442681,0.58442681,0.58442681,NA,MTBLS11904,Up in PD,1,FALSE,FALSE
IK_NGCXIFFZXAZRAF-UHFFFAOYSA-M,2-Keto-6-acetamidocaproate,2-Keto-6-acetamidocaproate,NGCXIFFZXAZRAF-UHFFFAOYSA-M,C8H12NO4-,1,1,0,1,-0.583762424,-0.583762424,0.583762424,NA,MTBLS11904,Down in PD,1,FALSE,FALSE
IK_RRTPYUGIBQLEDN-FPLPWBNLSA-N,LPE O-16:1,LPE O-16:1,RRTPYUGIBQLEDN-FPLPWBNLSA-N,C21H44NO6P,1,1,0,1,-0.582079992,-0.582079992,0.582079992,0.0252,38720721,Down in PD,1,FALSE,FALSE
NO_INCHIKEY__possible phytochemical,possible phytochemical,possible phytochemical,NA,NA,1,1,1,0,0.582074221,0.582074221,0.582074221,NA,24167579,Up in PD,1,FALSE,FALSE
IK_BBJIPMIXTXKYLZ-UHFFFAOYSA-N,3-Aminopentanedioic Acid,3-Aminopentanedioic Acid,BBJIPMIXTXKYLZ-UHFFFAOYSA-N,C5H9NO4,1,1,1,0,0.581503513,0.581503513,0.581503513,NA,MTBLS11904,Up in PD,1,FALSE,FALSE
NO_INCHIKEY__brompheniramine didemethylated,Brompheniramine (didemethylated),Brompheniramine (didemethylated),NA,C14H15BrN2,1,1,0,1,-0.579921884,-0.579921884,0.579921884,NA,24167579,Down in PD,1,FALSE,FALSE
IK_KHLRCNXJXSYNCK-ZIEHFRHMSA-N,GPEtn(16:0/20:5),GPEtn(16:0/20:5),KHLRCNXJXSYNCK-ZIEHFRHMSA-N,C41H72NO8P,1,1,0,1,-0.57980933,-0.57980933,0.57980933,NA,MTBLS11904,Down in PD,1,FALSE,FALSE
IK_CJUFNYIRKDOQMC-SNVBAGLBSA-N,(S)-9-Hydroxy-10-undecenoic acid,(S)-9-Hydroxy-10-undecenoic acid,CJUFNYIRKDOQMC-SNVBAGLBSA-N,C11H20O3,1,1,1,0,0.579211383,0.579211383,0.579211383,NA,MTBLS11904,Up in PD,1,FALSE,FALSE
IK_NLUNAYAEIJYXRB-HEJOTXCHSA-N,"8-hydroxy-5Z,9E,11Z,14Z-eicosatetraenoic acid","8-hydroxy-5Z,9E,11Z,14Z-eicosatetraenoic acid",NLUNAYAEIJYXRB-HEJOTXCHSA-N,C20H32O3,1,1,1,0,0.578314462,0.578314462,0.578314462,NA,MTBLS11904,Up in PD,1,FALSE,FALSE
IK_YHMJTZZWEXBHQK-MUDOESHNSA-N,Cer(d18:122:1(13Z)),Cer(d18:122:1(13Z)),YHMJTZZWEXBHQK-MUDOESHNSA-N,C40H77NO3,1,1,1,0,0.577982269,0.577982269,0.577982269,NA,ST003159,Up in PD,1,FALSE,FALSE
IK_XEZVDURJDFGERA-UHFFFAOYSA-N,FA 23:0,FA 23:0,XEZVDURJDFGERA-UHFFFAOYSA-N,C23H46O2,1,1,0,1,-0.577766999,-0.577766999,0.577766999,NA,37755270,Down in PD,1,FALSE,FALSE
UNKNOWN_ROW__24167579__unknown_153,unknown_153,unknown_153,NA,NA,1,1,0,1,-0.577766999,-0.577766999,0.577766999,NA,24167579,Down in PD,1,FALSE,FALSE
UNKNOWN_ROW__24167579__unknown_154,unknown_154,unknown_154,NA,NA,1,1,0,1,-0.577766999,-0.577766999,0.577766999,NA,24167579,Down in PD,1,FALSE,FALSE
UNKNOWN_ROW__24167579__unknown_156,unknown_156,unknown_156,NA,NA,1,1,0,1,-0.577766999,-0.577766999,0.577766999,NA,24167579,Down in PD,1,FALSE,FALSE
UNKNOWN_ROW__24167579__unknown_157,unknown_157,unknown_157,NA,NA,1,1,0,1,-0.577766999,-0.577766999,0.577766999,NA,24167579,Down in PD,1,FALSE,FALSE
UNKNOWN_ROW__24167579__unknown_171,unknown_171,unknown_171,NA,NA,1,1,0,1,-0.577766999,-0.577766999,0.577766999,NA,24167579,Down in PD,1,FALSE,FALSE
UNKNOWN_ROW__24167579__unknown_182,unknown_182,unknown_182,NA,NA,1,1,0,1,-0.577766999,-0.577766999,0.577766999,NA,24167579,Down in PD,1,FALSE,FALSE
UNKNOWN_ROW__24167579__unknown_85,unknown_85,unknown_85,NA,NA,1,1,0,1,-0.577766999,-0.577766999,0.577766999,NA,24167579,Down in PD,1,FALSE,FALSE
IK_RPSBVJXBTXEJJG-LURNZOHQSA-N,(N-acetylneuraminosyl(a2-6)lactosamine),(N-acetylneuraminosyl(a2-6)lactosamine),RPSBVJXBTXEJJG-LURNZOHQSA-N,C25H42N2O19,1,1,0,1,-0.577185007,-0.577185007,0.577185007,NA,MTBLS11904,Down in PD,1,FALSE,FALSE
IK_PJZFULXMEGMUDK-QGOAFFKASA-N,4-Phenylbutyl glucosinolate,4-Phenylbutyl glucosinolate,PJZFULXMEGMUDK-QGOAFFKASA-N,C17H25NO9S2,1,1,0,1,-0.576919252,-0.576919252,0.576919252,NA,ST003159,Down in PD,1,FALSE,FALSE
IK_PWFTYELYTFERRB-VPTTUCOCSA-N,Alpha-Trisaccharide,Alpha-Trisaccharide,PWFTYELYTFERRB-VPTTUCOCSA-N,C20H37NO14,1,1,0,1,-0.575690139,-0.575690139,0.575690139,NA,MTBLS11904,Down in PD,1,FALSE,FALSE
IK_CCAIIPMIAFGKSI-DMTCNVIQSA-N,N-Methyl-L-Threonine,N-Methyl-L-Threonine,CCAIIPMIAFGKSI-DMTCNVIQSA-N,C5H11NO3,1,1,0,1,-0.575258288,-0.575258288,0.575258288,NA,MTBLS11904,Down in PD,1,FALSE,FALSE
IK_ZDZWIQDJFWTDAM-NQIIRXRSSA-N,Rac S 33138,Rac S 33138,ZDZWIQDJFWTDAM-NQIIRXRSSA-N,C22H23N3O2,1,1,0,1,-0.574992534,-0.574992534,0.574992534,NA,MTBLS11904,Down in PD,1,FALSE,FALSE
IK_RXKSKZZAOIRFLK-UQYDIMRYSA-N,"PE(14:0/20:2(11Z,14Z))","PE(14:0/20:2(11Z,14Z))",RXKSKZZAOIRFLK-UQYDIMRYSA-N,C39H74NO8P,1,1,0,1,-0.574826438,-0.574826438,0.574826438,NA,MTBLS11904,Down in PD,1,FALSE,FALSE
IK_GVZYULOAWBVSSF-LKECMMOOSA-N,"PC(18:1(12Z)-2OH(9,10)/P-16:0)","PC(18:1(12Z)-2OH(9,10)/P-16:0)",GVZYULOAWBVSSF-LKECMMOOSA-N,C42H82NO9P,1,1,0,1,-0.574660341,-0.574660341,0.574660341,NA,MTBLS11904,Down in PD,1,FALSE,FALSE
IK_ZJIJDTZEEABZPM-PUFJAHBCSA-N,Cer(d16:1/5-iso PGF2VI),Cer(d16:1/5-iso PGF2VI),ZJIJDTZEEABZPM-PUFJAHBCSA-N,C34H61NO6,1,1,1,0,0.574560683,0.574560683,0.574560683,NA,MTBLS11904,Up in PD,1,FALSE,FALSE
IK_ZKTMLINFIQCERN-QGZVFWFLSA-O,Lotusine,Lotusine,ZKTMLINFIQCERN-QGZVFWFLSA-O,C19H24NO3+,1,1,1,0,0.574294929,0.574294929,0.574294929,NA,MTBLS11904,Up in PD,1,FALSE,FALSE
IK_BATTZJIKLZSIAU-UHFFFAOYSA-N,Dukunolide A,Dukunolide A,BATTZJIKLZSIAU-UHFFFAOYSA-N,C26H26O9,1,1,1,0,0.573564105,0.573564105,0.573564105,NA,MTBLS11904,Up in PD,1,FALSE,FALSE
IK_UEFRDQSMQXDWTO-UHFFFAOYSA-N,3-hydroxybutyrylcarnitine,3-hydroxybutyrylcarnitine,UEFRDQSMQXDWTO-UHFFFAOYSA-N,C11H21NO5,1,1,0,1,-0.573466862,-0.573466862,0.573466862,0.0031,38720721,Down in PD,1,FALSE,FALSE
IK_PYGSKMBEVAICCR-UHFFFAOYSA-N,"1,5-Hexadiene","1,5-Hexadiene",PYGSKMBEVAICCR-UHFFFAOYSA-N,C6H10,1,1,0,1,-0.571770264,-0.571770264,0.571770264,NA,MTBLS11904,Down in PD,1,FALSE,FALSE
IK_UZWWTCBNUQJEPB-WLMOLUCVSA-N,20-Trihydroxy-leukotriene-B4,20-Trihydroxy-leukotriene-B4,UZWWTCBNUQJEPB-WLMOLUCVSA-N,C20H32O7,1,1,1,0,0.571172317,0.571172317,0.571172317,NA,MTBLS11904,Up in PD,1,FALSE,FALSE
IK_JJJPNTQYUJPWGQ-UHFFFAOYSA-N,2-(3-Phenylpropyl)pyridine,2-(3-Phenylpropyl)pyridine,JJJPNTQYUJPWGQ-UHFFFAOYSA-N,C14H15N,1,1,0,1,-0.570441493,-0.570441493,0.570441493,NA,ST003159,Down in PD,1,FALSE,FALSE
IK_ZCTWMWAMUYXALL-WLGWGOQCSA-N,"DG(a-13:0/20:3(8Z,11Z,14Z)-2OH(5,6)/0:0)","DG(a-13:0/20:3(8Z,11Z,14Z)-2OH(5,6)/0:0)",ZCTWMWAMUYXALL-WLGWGOQCSA-N,C36H64O7,1,1,0,1,-0.570441493,-0.570441493,0.570441493,NA,MTBLS11904,Down in PD,1,FALSE,FALSE
IK_SOKKQMPCIJPSGH-UHFFFAOYSA-N,"6-[4-(carboxymethyl)-2-hydroxyphenoxy]-3,4,5-trihydroxyoxane-2-carboxylic acid","6-[4-(carboxymethyl)-2-hydroxyphenoxy]-3,4,5-trihydroxyoxane-2-carboxylic acid",SOKKQMPCIJPSGH-UHFFFAOYSA-N,C14H16O10,1,1,1,0,0.568149362,0.568149362,0.568149362,NA,MTBLS11904,Up in PD,1,FALSE,FALSE
IK_VQPVVWAFTIFKDD-LURJTMIESA-N,Gamma-Glutamyl-beta-aminopropiononitrile,Gamma-Glutamyl-beta-aminopropiononitrile,VQPVVWAFTIFKDD-LURJTMIESA-N,C8H13N3O3,1,1,1,0,0.567916827,0.567916827,0.567916827,NA,MTBLS11904,Up in PD,1,FALSE,FALSE
IK_OPTASPLRGRRNAP-UHFFFAOYSA-N,Cytosine,Cytosine,OPTASPLRGRRNAP-UHFFFAOYSA-N,C4H5N3O,1,1,1,0,0.567418538,0.567418538,0.567418538,NA,MTBLS11904,Up in PD,1,FALSE,FALSE
IK_BCDGQXUMWHRQCB-UHFFFAOYSA-N,Aminoacetone,Aminoacetone,BCDGQXUMWHRQCB-UHFFFAOYSA-N,C9H17NO5,1,1,1,0,0.565597176,0.565597176,0.565597176,1.02e-7,28880465,Up in PD,1,FALSE,FALSE
IK_JNMDCUOOYCRSIP-WLFVLELZSA-N,TG 42:3,TG 42:3,JNMDCUOOYCRSIP-WLFVLELZSA-N,C45H80O6,1,1,1,0,0.565597176,0.565597176,0.565597176,0.0184,37755270,Up in PD,1,FALSE,FALSE
IK_PGYNJJCWPCAGLG-GYHWCHFESA-N,TG 14:0_16:0_17:1,TG 14:0_16:0_17:1,PGYNJJCWPCAGLG-GYHWCHFESA-N,C50H94O6,1,1,1,0,0.565597176,0.565597176,0.565597176,NA,37755270,Up in PD,1,FALSE,FALSE
UNKNOWN_ROW__24167579__unknown_172,unknown_172,unknown_172,NA,NA,1,1,1,0,0.565597176,0.565597176,0.565597176,NA,24167579,Up in PD,1,FALSE,FALSE
UNKNOWN_ROW__24167579__unknown_193,unknown_193,unknown_193,NA,NA,1,1,1,0,0.565597176,0.565597176,0.565597176,NA,24167579,Up in PD,1,FALSE,FALSE
IK_UPSPUYADGBWSHF-UHFFFAOYSA-N,Tolmetin,Tolmetin,UPSPUYADGBWSHF-UHFFFAOYSA-N,C15H15NO3,1,1,1,0,0.564030171,0.564030171,0.564030171,NA,MTBLS11904,Up in PD,1,FALSE,FALSE
IK_DRIVXEVMDWCWLI-CAQMIEAISA-N,"PE(16:0/20:4(5Z,8Z,11Z,14Z))","PE(16:0/20:4(5Z,8Z,11Z,14Z))",DRIVXEVMDWCWLI-CAQMIEAISA-N,C41H74NO8P,1,1,0,1,-0.563797636,-0.563797636,0.563797636,NA,MTBLS11904,Down in PD,1,FALSE,FALSE
IK_DOVMKWVMZQLOPP-CRYQCFGISA-N,"PE(22:0/20:3(8Z,11Z,14Z)-2OH(5,6))","PE(22:0/20:3(8Z,11Z,14Z)-2OH(5,6))",DOVMKWVMZQLOPP-CRYQCFGISA-N,C47H88NO10P,1,1,0,1,-0.563664759,-0.563664759,0.563664759,NA,MTBLS11904,Down in PD,1,FALSE,FALSE
IK_PITVQFJBUFDJDD-XEGUGMAKSA-N,Tryptophyl-Isoleucine,Tryptophyl-Isoleucine,PITVQFJBUFDJDD-XEGUGMAKSA-N,C17H23N3O3,1,1,1,0,0.560442489,0.560442489,0.560442489,NA,MTBLS11904,Up in PD,1,FALSE,FALSE
IK_FIJFPUAJUDAZEY-MNDXXDKYSA-N,"PE(P-18:0/22:6(4Z,7Z,10Z,13Z,16Z,19Z))","PE(P-18:0/22:6(4Z,7Z,10Z,13Z,16Z,19Z))",FIJFPUAJUDAZEY-MNDXXDKYSA-N,C45H78NO7P,1,1,0,1,-0.558648648,-0.558648648,0.558648648,NA,MTBLS11904,Down in PD,1,FALSE,FALSE
IK_UILPJVPSNHJFIK-UHFFFAOYSA-N,Paeonol,Paeonol,UILPJVPSNHJFIK-UHFFFAOYSA-N,C9H10O3,1,1,1,0,0.557585631,0.557585631,0.557585631,NA,MTBLS11904,Up in PD,1,FALSE,FALSE
IK_GJUABKCEXOMRPQ-UHFFFAOYSA-N,C.I. Solvent Red 80,C.I. Solvent Red 80,GJUABKCEXOMRPQ-UHFFFAOYSA-N,C18H16N2O3,1,1,0,1,-0.557419534,-0.557419534,0.557419534,NA,MTBLS11904,Down in PD,1,FALSE,FALSE
IK_DHHREGPDDQTYPB-UNRGBGOYSA-N,PE P-38:4 or PE O-38:5,PE P-38:4 or PE O-38:5,DHHREGPDDQTYPB-UNRGBGOYSA-N,C43H78NO7P,1,1,0,1,-0.556393349,-0.556393349,0.556393349,NA,37755270,Down in PD,1,FALSE,FALSE
IK_JEJLGIQLPYYGEE-UHFFFAOYSA-N,DG 16:0_16:0,DG 16:0_16:0,JEJLGIQLPYYGEE-UHFFFAOYSA-N,C35H68O5,1,1,0,1,-0.556393349,-0.556393349,0.556393349,8.47e-6,37755270,Down in PD,1,FALSE,FALSE
IK_JTMOPWCKHAGCNW-UHFFFAOYSA-N,Cer-NP t40:0,Cer-NP t40:0,JTMOPWCKHAGCNW-UHFFFAOYSA-N,C40H81NO4,1,1,0,1,-0.556393349,-0.556393349,0.556393349,2.61e-10,37755270,Down in PD,1,FALSE,FALSE
IK_WKZLNEWVIAGNAW-UHFFFAOYSA-N,Tryptamine [+2H],Tryptamine [+2H],WKZLNEWVIAGNAW-UHFFFAOYSA-N,C5H4N4O2,1,1,0,1,-0.556393349,-0.556393349,0.556393349,0.00605,28880465,Down in PD,1,FALSE,FALSE
IK_XVZCREABAODILQ-UHFFFAOYSA-N,Cer 18:0;2O_20:0,Cer 18:0;2O_20:0,XVZCREABAODILQ-UHFFFAOYSA-N,C56H111NO5,1,1,0,1,-0.556393349,-0.556393349,0.556393349,4.16e-8,37755270,Down in PD,1,FALSE,FALSE
UNKNOWN_ROW__24167579__unknown_183,unknown_183,unknown_183,NA,NA,1,1,0,1,-0.556393349,-0.556393349,0.556393349,NA,24167579,Down in PD,1,FALSE,FALSE
UNKNOWN_ROW__24167579__unknown_82,unknown_82,unknown_82,NA,NA,1,1,0,1,-0.556393349,-0.556393349,0.556393349,NA,24167579,Down in PD,1,FALSE,FALSE
IK_UYWXWYBEHLAUEW-UHFFFAOYSA-N,Antibiotic GR 95647X,Antibiotic GR 95647X,UYWXWYBEHLAUEW-UHFFFAOYSA-N,C26H36O6,1,1,0,1,-0.555858228,-0.555858228,0.555858228,NA,ST003159,Down in PD,1,FALSE,FALSE
IK_WHPVYXDFIXRKLN-UHFFFAOYSA-N,PBDE 99,"PBDE 99 | 2,2',4,4',5-Pentabromodiphenyl ether (PBDE99)",WHPVYXDFIXRKLN-UHFFFAOYSA-N,C12H5Br5O,1,1,1,0,0.555816155,0.555816155,0.555816155,0.001105,24167579,Up in PD,1,FALSE,FALSE
IK_BIUULCNWWFDCPG-UHFFFAOYSA-N,Coixinden B,Coixinden B,BIUULCNWWFDCPG-UHFFFAOYSA-N,C13H14O4,1,1,1,0,0.555459597,0.555459597,0.555459597,NA,MTBLS11904,Up in PD,1,FALSE,FALSE
IK_BGSZAXLLHYERSY-XQIGCQGXSA-N,Vecuronium,Vecuronium,BGSZAXLLHYERSY-XQIGCQGXSA-N,C34H57N2O4+,1,1,1,0,0.555260281,0.555260281,0.555260281,NA,MTBLS11904,Up in PD,1,FALSE,FALSE
IK_JITCCUITUOPXAR-XSBOKVBDSA-N,Bolton-Hunter reagent,Bolton-Hunter reagent,JITCCUITUOPXAR-XSBOKVBDSA-N,C13H12INO5,1,1,1,0,0.555060965,0.555060965,0.555060965,NA,MTBLS11904,Up in PD,1,FALSE,FALSE
IK_QASOACWKTAXFSE-AATRIKPKSA-N,"(3S,5R,6R,7E)-3,5,6-Trihydroxy-7-megastigmen-9-one","(3S,5R,6R,7E)-3,5,6-Trihydroxy-7-megastigmen-9-one",QASOACWKTAXFSE-AATRIKPKSA-N,C13H22O4,1,1,1,0,0.553831852,0.553831852,0.553831852,NA,MTBLS11904,Up in PD,1,FALSE,FALSE
IK_XTFQIRIHLGODFV-UHFFFAOYSA-N,phenylalanine betaine,phenylalanine betaine,XTFQIRIHLGODFV-UHFFFAOYSA-N,C12H17NO2,1,1,0,1,-0.552156356,-0.552156356,0.552156356,0.0131,38720721,Down in PD,1,FALSE,FALSE
IK_ZBAYEKZBNZHVGF-ZAQYYTCTSA-N,"(7Z,9Z,12Z,15Z,18Z,21Z)-Tetracosa-7,9,12,15,18,21-hexaenoylcarnitine","(7Z,9Z,12Z,15Z,18Z,21Z)-Tetracosa-7,9,12,15,18,21-hexaenoylcarnitine",ZBAYEKZBNZHVGF-ZAQYYTCTSA-N,C31H49NO4,1,1,1,0,0.550111293,0.550111293,0.550111293,NA,MTBLS11904,Up in PD,1,FALSE,FALSE
IK_QEFNQQRVZDFDIJ-UHFFFAOYSA-N,"(1S,2S,4R,8R)-p-Menthane-1,2,8,9-tetrol","(1S,2S,4R,8R)-p-Menthane-1,2,8,9-tetrol",QEFNQQRVZDFDIJ-UHFFFAOYSA-N,C10H20O4,1,1,1,0,0.549911977,0.549911977,0.549911977,NA,MTBLS11904,Up in PD,1,FALSE,FALSE
IK_ZIMMPNSGYHHAIF-MNIDJLETSA-N,"PE-NMe(18:2(9Z,12Z)/20:2(11Z,14Z))","PE-NMe(18:2(9Z,12Z)/20:2(11Z,14Z))",ZIMMPNSGYHHAIF-MNIDJLETSA-N,C44H80NO8P,1,1,1,0,0.548616425,0.548616425,0.548616425,NA,MTBLS11904,Up in PD,1,FALSE,FALSE
IK_IOUPEELXVYPCPG-LURJTMIESA-N,Val-Gly,Val-Gly,IOUPEELXVYPCPG-LURJTMIESA-N,C7H14N2O3,1,1,1,0,0.547943311,0.547943311,0.547943311,0.00711,38720721,Up in PD,1,FALSE,FALSE
IK_KFEUJDWYNGMDBV-LODBTCKLSA-N,N-acetyl-lactosamine,N-acetyl-lactosamine,KFEUJDWYNGMDBV-LODBTCKLSA-N,C14H25NO11,1,1,1,0,0.547943311,0.547943311,0.547943311,NA,38720721,Up in PD,1,FALSE,FALSE
IK_PBLNHHSDYFYZNC-UHFFFAOYSA-N,1-Naphthylmethanol,1-Naphthylmethanol,PBLNHHSDYFYZNC-UHFFFAOYSA-N,C11H10O,1,1,1,0,0.547943311,0.547943311,0.547943311,NA,24167579,Up in PD,1,FALSE,FALSE
IK_YFMPSMITLLBENU-UHFFFAOYSA-N,"3,4-Dihydroxybenzylamine","3,4-Dihydroxybenzylamine",YFMPSMITLLBENU-UHFFFAOYSA-N,C7H9NO2,1,1,0,1,-0.54793177,-0.54793177,0.54793177,NA,24167579,Down in PD,1,FALSE,FALSE
IK_PWGFIVDGCMQGCD-CCMQFXHASA-N,"9,10,11-Trihydroxyumbelliprenin","9,10,11-Trihydroxyumbelliprenin",PWGFIVDGCMQGCD-CCMQFXHASA-N,C24H32O6,1,1,1,0,0.547387312,0.547387312,0.547387312,NA,MTBLS11904,Up in PD,1,FALSE,FALSE
IK_MQIUGAXCHLFZKX-UHFFFAOYSA-N,Dioctyl phthalate,Dioctyl phthalate,MQIUGAXCHLFZKX-UHFFFAOYSA-N,C24H38O4,1,1,1,0,0.547221215,0.547221215,0.547221215,NA,MTBLS11904,Up in PD,1,FALSE,FALSE
IK_HDFGOPSGAURCEO-UHFFFAOYSA-N,N-ethylmaleimide,N-ethylmaleimide,HDFGOPSGAURCEO-UHFFFAOYSA-N,C6H7NO2,1,1,0,1,-0.544862646,-0.544862646,0.544862646,NA,MTBLS11904,Down in PD,1,FALSE,FALSE
IK_RHOQRBVFJSAQTR-UHFFFAOYSA-N,Tetradec-5-Ynoic Acid,Tetradec-5-Ynoic Acid,RHOQRBVFJSAQTR-UHFFFAOYSA-N,C14H24O2,1,1,1,0,0.54469655,0.54469655,0.54469655,NA,MTBLS11904,Up in PD,1,FALSE,FALSE
IK_CZBPKFICAYVHHM-UHFFFAOYSA-N,ortho-hydroxyatorvastatin,ortho-hydroxyatorvastatin,CZBPKFICAYVHHM-UHFFFAOYSA-N,C33H35FN2O6,1,1,1,0,0.544497234,0.544497234,0.544497234,NA,MTBLS11904,Up in PD,1,FALSE,FALSE
IK_ATROHALUCMTWTB-UHFFFAOYSA-N,Phoxim,Phoxim,ATROHALUCMTWTB-UHFFFAOYSA-N,C12H15N2O3PS,1,1,1,0,0.543799629,0.543799629,0.543799629,NA,MTBLS11904,Up in PD,1,FALSE,FALSE
IK_BRTSNYPDACNMIP-FAWZKKEFSA-N,Dihydroetorphine,Dihydroetorphine,BRTSNYPDACNMIP-FAWZKKEFSA-N,C25H35NO4,1,1,1,0,0.543201682,0.543201682,0.543201682,NA,MTBLS11904,Up in PD,1,FALSE,FALSE
IK_BPYKTIZUTYGOLE-KDUUSRDASA-N,"(4E,15Z)-Bilirubin","(4E,15Z)-Bilirubin",BPYKTIZUTYGOLE-KDUUSRDASA-N,C33H36N4O6,1,1,0,1,-0.542935928,-0.542935928,0.542935928,NA,MTBLS11904,Down in PD,1,FALSE,FALSE
IK_NGSWKAQJJWESNS-ZZXKWVIFSA-N,p-coumaric acid,p-coumaric acid,NGSWKAQJJWESNS-ZZXKWVIFSA-N,C9H8O3,1,1,1,0,0.541374622,0.541374622,0.541374622,NA,MTBLS11904,Up in PD,1,FALSE,FALSE
IK_KSGZCKSNTAJOJS-DZBMUNJRSA-N,Cortistatin A,Cortistatin A,KSGZCKSNTAJOJS-DZBMUNJRSA-N,C30H36N2O3,1,1,1,0,0.538949614,0.538949614,0.538949614,NA,MTBLS11904,Up in PD,1,FALSE,FALSE
IK_NNNVXFKZMRGJPM-KHPPLWFESA-N,Sapienic acid,Sapienic acid,NNNVXFKZMRGJPM-KHPPLWFESA-N,C16H30O2,1,1,1,0,0.538650641,0.538650641,0.538650641,NA,MTBLS11904,Up in PD,1,FALSE,FALSE
IK_TXTNKDRGVWKECN-UHFFFAOYSA-N,"1,1'-(Tetrahydro-6a-hydroxy-2,3a,5-trimethylfuro[2,3-d]-1,3-dioxole-2,5-diyl)bis-ethanone","1,1'-(Tetrahydro-6a-hydroxy-2,3a,5-trimethylfuro[2,3-d]-1,3-dioxole-2,5-diyl)bis-ethanone",TXTNKDRGVWKECN-UHFFFAOYSA-N,C12H18O6,1,1,0,1,-0.538351667,-0.538351667,0.538351667,NA,MTBLS11904,Down in PD,1,FALSE,FALSE
IK_PTKSEFOSCHHMPD-UHFFFAOYSA-N,Midodrine,Midodrine,PTKSEFOSCHHMPD-UHFFFAOYSA-N,C12H18N2O4,1,1,1,0,0.538285229,0.538285229,0.538285229,NA,MTBLS11904,Up in PD,1,FALSE,FALSE
IK_DFSPELNJAJEWOM-UHFFFAOYSA-N,5-hydroxyindole thiazolidine carboxylate,5-hydroxyindole thiazolidine carboxylate,DFSPELNJAJEWOM-UHFFFAOYSA-N,C13H14N2O3S,1,1,0,1,-0.536225633,-0.536225633,0.536225633,NA,MTBLS11904,Down in PD,1,FALSE,FALSE
IK_JHXAZBBVQSRKJR-BSZOFBHHSA-N,13-KODE,13-KODE,JHXAZBBVQSRKJR-BSZOFBHHSA-N,C18H30O3,1,1,1,0,0.5360529,0.5360529,0.5360529,NA,37755270,Up in PD,1,FALSE,FALSE
IK_JRLGPAXAGHMNOL-UHFFFAOYSA-N,N-2-acetyl-ornithine,N-2-acetyl-ornithine,JRLGPAXAGHMNOL-UHFFFAOYSA-N,C7H14N2O3,1,1,1,0,0.5360529,0.5360529,0.5360529,0.0143,38720721,Up in PD,1,FALSE,FALSE
NO_INCHIKEY__lpe n fa 34 0 lpe n fa 16 0 18 0,LPE-N (FA)34:0|LPE-N (FA 16:0)18:0,LPE-N (FA)34:0|LPE-N (FA 16:0)18:0 | LPE-N (FA)34:0 | LPE-N (FA 16:0)18:0,NA,NA,1,1,1,0,0.5360529,0.5360529,0.5360529,0.0015,37755270,Up in PD,1,FALSE,FALSE
IK_CCNIABLYZAMGDC-UHFFFAOYSA-N,SM 40:0;3O,SM 40:0;3O,CCNIABLYZAMGDC-UHFFFAOYSA-N,C45H93N2O7P,1,1,0,1,-0.535331733,-0.535331733,0.535331733,0.00601,37755270,Down in PD,1,FALSE,FALSE
IK_CKDDRHZIAZRDBW-UHFFFAOYSA-N,FA 21:0,FA 21:0,CKDDRHZIAZRDBW-UHFFFAOYSA-N,C21H42O2,1,1,0,1,-0.535331733,-0.535331733,0.535331733,8.28e-5,37755270,Down in PD,1,FALSE,FALSE
IK_RFPFIJOZVJJSSN-UHFFFAOYSA-N,Cer 41:0;2O,Cer 41:0;2O,RFPFIJOZVJJSSN-UHFFFAOYSA-N,C55H111NO3,1,1,0,1,-0.535331733,-0.535331733,0.535331733,3.76e-7,37755270,Down in PD,1,FALSE,FALSE
NO_INCHIKEY__5 alpha androstan 3 beta ol 17 one sulfate,5-alpha-androstan-3-beta-ol-17-one sulfate,5-alpha-androstan-3-beta-ol-17-one sulfate,NA,NA,1,1,0,1,-0.535331733,-0.535331733,0.535331733,0.0205,37755270,Down in PD,1,FALSE,FALSE
IK_TUZYXOIXSAXUGO-PZAWKZKUSA-N,Pravastatin,Pravastatin,TUZYXOIXSAXUGO-PZAWKZKUSA-N,C23H36O7,1,1,1,0,0.535062958,0.535062958,0.535062958,NA,MTBLS11904,Up in PD,1,FALSE,FALSE
IK_SNHRLVCMMWUAJD-SUYDQAKGSA-N,Betamethasone 17 Valerate,Betamethasone 17 Valerate,SNHRLVCMMWUAJD-SUYDQAKGSA-N,C27H37FO6,1,1,1,0,0.534664327,0.534664327,0.534664327,NA,MTBLS11904,Up in PD,1,FALSE,FALSE
IK_RZTRGWJVDVMYLZ-KBNCVMCFSA-N,Glucose aspartate,Glucose aspartate,RZTRGWJVDVMYLZ-KBNCVMCFSA-N,C10H15NO10,1,1,0,1,-0.533833845,-0.533833845,0.533833845,NA,MTBLS11904,Down in PD,1,FALSE,FALSE
IK_ADQUXZRKOKKULD-CZOXBATISA-N,"15-Hydroxynorandrostene-3,17-dione glucuronide","15-Hydroxynorandrostene-3,17-dione glucuronide",ADQUXZRKOKKULD-CZOXBATISA-N,C24H32O9,1,1,1,0,0.53376740600000006,0.53376740600000006,0.53376740600000006,NA,MTBLS11904,Up in PD,1,FALSE,FALSE
IK_SSBCZTXGVMMZOT-NBBHSKLNSA-N,"16a-Hydroxyandrost-4-ene-3,17-dione","16a-Hydroxyandrost-4-ene-3,17-dione",SSBCZTXGVMMZOT-NBBHSKLNSA-N,C19H26O3,1,1,0,1,-0.532737609,-0.532737609,0.532737609,NA,MTBLS11904,Down in PD,1,FALSE,FALSE
IK_XUSYGBPHQBWGAD-PJSUUKDQSA-N,Carnosol,Carnosol,XUSYGBPHQBWGAD-PJSUUKDQSA-N,C20H26O4,1,1,1,0,0.531907127,0.531907127,0.531907127,NA,MTBLS11904,Up in PD,1,FALSE,FALSE
IK_JCMUOFQHZLPHQP-BQBZGAKWSA-N,Ophthalmic acid,Ophthalmic acid,JCMUOFQHZLPHQP-BQBZGAKWSA-N,C11H19N3O6,1,1,1,0,0.531608153,0.531608153,0.531608153,NA,MTBLS11904,Up in PD,1,FALSE,FALSE
IK_HEBKCHPVOIAQTA-NGQZWQHPSA-N,ribitol,ribitol | Xylitol,HEBKCHPVOIAQTA-NGQZWQHPSA-N,C5H12O5,1,1,1,0,0.531069493,0.531069493,0.531069493,0.00118,38720721,Up in PD,1,FALSE,FALSE
IK_DKQLZKCYTLXNBN-UHFFFAOYSA-N,5-Nonyltetrahydro-2-oxo-3-furancarboxylic acid,5-Nonyltetrahydro-2-oxo-3-furancarboxylic acid,DKQLZKCYTLXNBN-UHFFFAOYSA-N,C14H24O4,1,1,1,0,0.529648215,0.529648215,0.529648215,NA,MTBLS11904,Up in PD,1,FALSE,FALSE
IK_VOCBWIIFXDYGNZ-IXKNJLPQSA-N,Testosterone enanthate,Testosterone enanthate,VOCBWIIFXDYGNZ-IXKNJLPQSA-N,C26H40O3,1,1,1,0,0.528718076,0.528718076,0.528718076,NA,MTBLS11904,Up in PD,1,FALSE,FALSE
IK_JLPUXFOGCDVKGO-TUAOUCFPSA-N,Geosmin,Geosmin,JLPUXFOGCDVKGO-TUAOUCFPSA-N,C12H22O,1,1,1,0,0.528684856,0.528684856,0.528684856,NA,MTBLS11904,Up in PD,1,FALSE,FALSE
IK_IKBKWHISHDVLNO-UHFFFAOYSA-N,Dihydronaringenin-O-sulphate,Dihydronaringenin-O-sulphate,IKBKWHISHDVLNO-UHFFFAOYSA-N,C15H14O8S,1,1,0,1,-0.528651637,-0.528651637,0.528651637,NA,MTBLS11904,Down in PD,1,FALSE,FALSE
IK_FYSRHTXDKAIONW-DRTAPUJOSA-N,"(5Z,8Z,13E,15S)-11,12,15-Trihydroxyicosa-5,8,13-trienoylcarnitine","(5Z,8Z,13E,15S)-11,12,15-Trihydroxyicosa-5,8,13-trienoylcarnitine",FYSRHTXDKAIONW-DRTAPUJOSA-N,C27H47NO7,1,1,1,0,0.527455743,0.527455743,0.527455743,NA,MTBLS11904,Up in PD,1,FALSE,FALSE
IK_KSUBHIPBMPOXPG-FEBLJDHQSA-N,SM(d14:1/16:0),SM(d14:1/16:0),KSUBHIPBMPOXPG-FEBLJDHQSA-N,C35H71N2O6P,1,1,0,1,-0.527289647,-0.527289647,0.527289647,NA,MTBLS11904,Down in PD,1,FALSE,FALSE
UNKNOWN_ROW__24167579__unknown_180,unknown_180,unknown_180,NA,NA,1,1,1,0,0.526068812,0.526068812,0.526068812,NA,24167579,Up in PD,1,FALSE,FALSE
IK_RIJDKRLRDVBUHJ-UHFFFAOYSA-N,3-carboxy-4-methyl-5-pentyl-2-furanpropanoic acid,3-carboxy-4-methyl-5-pentyl-2-furanpropanoic acid,RIJDKRLRDVBUHJ-UHFFFAOYSA-N,C14H20O5,1,1,1,0,0.524100596,0.524100596,0.524100596,NA,MTBLS11904,Up in PD,1,FALSE,FALSE
IK_PFURGBBHAOXLIO-UHFFFAOYSA-N,"1,2-Cyclohexanediol","1,2-Cyclohexanediol",PFURGBBHAOXLIO-UHFFFAOYSA-N,C6H12O2,1,1,1,0,0.522771824,0.522771824,0.522771824,NA,MTBLS11904,Up in PD,1,FALSE,FALSE
IK_JBVCSNJKVNKDHK-UHFFFAOYSA-N,Mopidralazine,Mopidralazine,JBVCSNJKVNKDHK-UHFFFAOYSA-N,C14H19N5O,1,1,0,1,-0.520745448,-0.520745448,0.520745448,NA,MTBLS11904,Down in PD,1,FALSE,FALSE
IK_BKNQGBKAJUUPBQ-SPMSPBIZSA-N,Alongside,Alongside,BKNQGBKAJUUPBQ-SPMSPBIZSA-N,C12H16O4,1,1,0,1,-0.52021394,-0.52021394,0.52021394,NA,MTBLS11904,Down in PD,1,FALSE,FALSE
IK_IFBAQPJUVKRGOW-VXPUYCOJSA-N,PE-NMe2(20:1(11Z)/16:0),PE-NMe2(20:1(11Z)/16:0),IFBAQPJUVKRGOW-VXPUYCOJSA-N,C43H84NO8P,1,1,0,1,-0.519782089,-0.519782089,0.519782089,NA,MTBLS11904,Down in PD,1,FALSE,FALSE
IK_IFNXFIJXYVEYLF-UHFFFAOYSA-N,2-Propylglutaric Acid,2-Propylglutaric Acid,IFNXFIJXYVEYLF-UHFFFAOYSA-N,C8H14O4,1,1,0,1,-0.518287221,-0.518287221,0.518287221,NA,MTBLS11904,Down in PD,1,FALSE,FALSE
IK_OALYTRUKMRCXNH-UHFFFAOYSA-N,Dihydro-5-pentyl-2(3H)-furanone,Dihydro-5-pentyl-2(3H)-furanone,OALYTRUKMRCXNH-UHFFFAOYSA-N,C9H16O2,1,1,1,0,0.518187564,0.518187564,0.518187564,NA,MTBLS11904,Up in PD,1,FALSE,FALSE
IK_FOBVMYJQWZOGGJ-XYRJXBATSA-N,"17-phenyl-18,19,20-trinor-prostaglandin E2","17-phenyl-18,19,20-trinor-prostaglandin E2",FOBVMYJQWZOGGJ-XYRJXBATSA-N,C23H30O5,1,1,1,0,0.51788859,0.51788859,0.51788859,NA,MTBLS11904,Up in PD,1,FALSE,FALSE
IK_SGZFJWQQBHYNNF-UHFFFAOYSA-N,3-Hydroxy-2-oxoindole,3-Hydroxy-2-oxoindole,SGZFJWQQBHYNNF-UHFFFAOYSA-N,C8H7NO2,1,1,0,1,-0.517058108,-0.517058108,0.517058108,NA,MTBLS11904,Down in PD,1,FALSE,FALSE
IK_MNNKFDDWOSVWJL-JAWFKQLMSA-N,"PS(20:1(11Z)/20:4(5Z,8Z,11Z,14Z))","PS(20:1(11Z)/20:4(5Z,8Z,11Z,14Z))",MNNKFDDWOSVWJL-JAWFKQLMSA-N,C46H80NO10P,1,1,0,1,-0.516327284,-0.516327284,0.516327284,NA,MTBLS11904,Down in PD,1,FALSE,FALSE
IK_IJPNDQQOKFKBRG-ZPZYUIKSSA-N,Cinncassiol C3,Cinncassiol C3,IJPNDQQOKFKBRG-ZPZYUIKSSA-N,C20H30O7,1,1,1,0,0.516094749,0.516094749,0.516094749,NA,MTBLS11904,Up in PD,1,FALSE,FALSE
IK_UQQIESBHLPZEGH-XBICCEFJSA-N,PC O-46:5 or PC 46:5e,PC O-46:5 or PC 46:5e,UQQIESBHLPZEGH-XBICCEFJSA-N,C54H100NO7P,1,1,1,0,0.516015147,0.516015147,0.516015147,0.0278,37755270,Up in PD,1,FALSE,FALSE
IK_LJIFHMULTXIFNU-KAMIUYGRSA-N,"PE(18:1(11Z)/20:4(5Z,8Z,11Z,14Z))","PE(18:1(11Z)/20:4(5Z,8Z,11Z,14Z))",LJIFHMULTXIFNU-KAMIUYGRSA-N,C43H76NO8P,1,1,0,1,-0.515795775,-0.515795775,0.515795775,NA,MTBLS11904,Down in PD,1,FALSE,FALSE
IK_QNRRHYPPQFELSF-CNYIRLTGSA-N,Laninamivir,Laninamivir,QNRRHYPPQFELSF-CNYIRLTGSA-N,C13H22N4O7,1,1,0,1,-0.515496802,-0.515496802,0.515496802,NA,MTBLS11904,Down in PD,1,FALSE,FALSE
IK_JWLAAGBRLDQPSL-UHFFFAOYSA-N,Cer-NDS d36:0,Cer-NDS d36:0,JWLAAGBRLDQPSL-UHFFFAOYSA-N,C36H73NO3,1,1,0,1,-0.514573173,-0.514573173,0.514573173,7.75e-5,37755270,Down in PD,1,FALSE,FALSE
IK_WBHHMMIMDMUBKC-QJWNTBNXSA-N,Ricinoleic acid,Ricinoleic acid,WBHHMMIMDMUBKC-QJWNTBNXSA-N,C18H34O3,1,1,0,1,-0.514573173,-0.514573173,0.514573173,0.0027,37755270,Down in PD,1,FALSE,FALSE
NO_INCHIKEY__cer 42 0 2o cer 18 0 2o 24 0,Cer 42:0;2O|Cer 18:0;2O/24:0,Cer 42:0;2O|Cer 18:0;2O/24:0 | Cer 42:0;2O | Cer 18:0;2O/24:0,NA,NA,1,1,0,1,-0.514573173,-0.514573173,0.514573173,5.06e-4,37755270,Down in PD,1,FALSE,FALSE
UNKNOWN_ROW__24167579__unknown_87,unknown_87,unknown_87,NA,NA,1,1,0,1,-0.514573173,-0.514573173,0.514573173,NA,24167579,Down in PD,1,FALSE,FALSE
IK_ATHGHQPFGPMSJY-UHFFFAOYSA-N,Spermidine,Spermidine,ATHGHQPFGPMSJY-UHFFFAOYSA-N,C7H19N3,1,1,1,0,0.51457274,0.51457274,0.51457274,NA,34577635,Up in PD,1,FALSE,FALSE
IK_AJBBHZDIKZCZAI-UHFFFAOYSA-N,"8,11-eicosadiynoic acid","8,11-eicosadiynoic acid",AJBBHZDIKZCZAI-UHFFFAOYSA-N,C20H32O2,1,1,1,0,0.514101592,0.514101592,0.514101592,NA,MTBLS11904,Up in PD,1,FALSE,FALSE
IK_MFPOOPOMQXUMBS-RWMKFOTHSA-N,"PE(18:1(11Z)/20:4(8Z,11Z,14Z,17Z))","PE(18:1(11Z)/20:4(8Z,11Z,14Z,17Z))",MFPOOPOMQXUMBS-RWMKFOTHSA-N,C43H76NO8P,1,1,0,1,-0.513171452,-0.513171452,0.513171452,NA,MTBLS11904,Down in PD,1,FALSE,FALSE
IK_IRHVLQMEQPABHG-QUZWXNHXSA-N,Contignasterol,Contignasterol,IRHVLQMEQPABHG-QUZWXNHXSA-N,C29H48O7,1,1,1,0,0.512656553,0.512656553,0.512656553,NA,MTBLS11904,Up in PD,1,FALSE,FALSE
IK_ULSIYEODSMZIPX-UHFFFAOYSA-N,Phenylethanolamine,Phenylethanolamine,ULSIYEODSMZIPX-UHFFFAOYSA-N,C8H11NO,1,1,0,1,-0.512513651,-0.512513651,0.512513651,6.36e-4,38720721,Down in PD,1,FALSE,FALSE
IK_VVUVJGRVEYHIHC-UHFFFAOYSA-N,2-(4-Morpholinyl)benzothiazole,2-(4-Morpholinyl)benzothiazole,VVUVJGRVEYHIHC-UHFFFAOYSA-N,C11H12N2OS,1,1,1,0,0.512141654,0.512141654,0.512141654,NA,MTBLS11904,Up in PD,1,FALSE,FALSE
IK_GGUOCFNAWIODMF-UHFFFAOYSA-N,4-Chloroacetanilide,4-Chloroacetanilide,GGUOCFNAWIODMF-UHFFFAOYSA-N,C8H8ClNO,1,1,1,0,0.511973982,0.511973982,0.511973982,NA,24167579,Up in PD,1,FALSE,FALSE
IK_VCXKVGMRVJRCIV-XRKADIMJSA-N,lysoPC a C28:1,lysoPC a C28:1,VCXKVGMRVJRCIV-XRKADIMJSA-N,C36H72NO7P,1,1,1,0,0.511500425,0.511500425,0.511500425,NA,34577635,Up in PD,1,FALSE,FALSE
IK_RGCBYGZECVEZKC-UHFFFAOYSA-N,3-Benzoyloxy-11-oxo-12-ursen-28-oic acid,3-Benzoyloxy-11-oxo-12-ursen-28-oic acid,RGCBYGZECVEZKC-UHFFFAOYSA-N,C37H50O5,1,1,1,0,0.511477269,0.511477269,0.511477269,NA,MTBLS11904,Up in PD,1,FALSE,FALSE
IK_RZVAJINKPMORJF-UHFFFAOYSA-N,Paracetamol,"Paracetamol | Acetaminophen | P-Acetamidophenol (Acetaminophen, Tylenol)",RZVAJINKPMORJF-UHFFFAOYSA-N,C8H9NO2,1,1,0,1,-0.511211515,-0.511211515,0.511211515,NA,MTBLS11904,Down in PD,1,FALSE,FALSE
IK_XUWHAWMETYGRKB-UHFFFAOYSA-N,2-Piperidinone,2-Piperidinone | 2-Piperidone,XUWHAWMETYGRKB-UHFFFAOYSA-N,C5H9NO,1,1,1,0,0.510779664,0.510779664,0.510779664,NA,MTBLS11904,Up in PD,1,FALSE,FALSE
IK_MYVYPSWUSKCCHG-UHFFFAOYSA-N,Tryptophyl-Serine,Tryptophyl-Serine,MYVYPSWUSKCCHG-UHFFFAOYSA-N,C14H17N3O4,1,1,1,0,0.51051391,0.51051391,0.51051391,NA,MTBLS11904,Up in PD,1,FALSE,FALSE
IK_FQKKPLXFGDCBJT-UHFFFAOYSA-N,N-(5-acetamidopentyl)acetamide,N-(5-acetamidopentyl)acetamide,FQKKPLXFGDCBJT-UHFFFAOYSA-N,C9H18N2O2,1,1,1,0,0.509849524,0.509849524,0.509849524,NA,MTBLS11904,Up in PD,1,FALSE,FALSE
IK_NDSZHILVESJDPU-NZRYSPDRSA-N,1-arachidonoyl-2-hydroxy-sn-glycero-3-phosphate,1-arachidonoyl-2-hydroxy-sn-glycero-3-phosphate,NDSZHILVESJDPU-NZRYSPDRSA-N,C23H39O8P,1,1,1,0,0.509683428,0.509683428,0.509683428,NA,MTBLS11904,Up in PD,1,FALSE,FALSE
IK_ZTZQZGHJLWFLFQ-VZBWJDOASA-N,"PE(P-18:0/20:4(8Z,11Z,14Z,17Z))","PE(P-18:0/20:4(8Z,11Z,14Z,17Z))",ZTZQZGHJLWFLFQ-VZBWJDOASA-N,C43H78NO7P,1,1,0,1,-0.509683428,-0.509683428,0.509683428,NA,MTBLS11904,Down in PD,1,FALSE,FALSE
IK_UHQGCIIQUZBJAE-RRQVMCLOSA-N,EPIMESTROL,EPIMESTROL,UHQGCIIQUZBJAE-RRQVMCLOSA-N,C19H26O3,1,1,0,1,-0.509616989,-0.509616989,0.509616989,NA,MTBLS11904,Down in PD,1,FALSE,FALSE
IK_LXYZKMJJLXYZTE-RKQHYHRCSA-N,1-(beta-D-Glucopyranosyloxy)-3-octanone,1-(beta-D-Glucopyranosyloxy)-3-octanone,LXYZKMJJLXYZTE-RKQHYHRCSA-N,C14H26O7,1,1,1,0,0.508587191,0.508587191,0.508587191,NA,MTBLS11904,Up in PD,1,FALSE,FALSE
IK_GXAMYUGOODKVRM-UHFFFAOYSA-N,Flurenol,Flurenol,GXAMYUGOODKVRM-UHFFFAOYSA-N,C14H10O3,1,1,1,0,0.508454314,0.508454314,0.508454314,NA,MTBLS11904,Up in PD,1,FALSE,FALSE
IK_WNSUMUNACHNURC-UHFFFAOYSA-N,"1-Heptadecene-4,6-diyne-3,9-diol","1-Heptadecene-4,6-diyne-3,9-diol",WNSUMUNACHNURC-UHFFFAOYSA-N,C17H26O2,1,1,1,0,0.507457736,0.507457736,0.507457736,NA,MTBLS11904,Up in PD,1,FALSE,FALSE
UNKNOWN_ROW__24167579__unknown_178,unknown_178,unknown_178,NA,NA,1,1,1,0,0.50589093,0.50589093,0.50589093,NA,24167579,Up in PD,1,FALSE,FALSE
UNKNOWN_ROW__24167579__unknown_187,unknown_187,unknown_187,NA,NA,1,1,1,0,0.50589093,0.50589093,0.50589093,NA,24167579,Up in PD,1,FALSE,FALSE
UNKNOWN_ROW__24167579__unknown_188,unknown_188,unknown_188,NA,NA,1,1,1,0,0.50589093,0.50589093,0.50589093,NA,24167579,Up in PD,1,FALSE,FALSE
IK_HQUSKUTUDDZKOD-UTOMUYHSSA-N,Cinncassiol D3,Cinncassiol D3,HQUSKUTUDDZKOD-UTOMUYHSSA-N,C20H32O6,1,1,1,0,0.505099167,0.505099167,0.505099167,NA,MTBLS11904,Up in PD,1,FALSE,FALSE
IK_DIJBBUIOWGGQOP-QGVNFLHTSA-N,Pregnenolone sulfate,Pregnenolone sulfate,DIJBBUIOWGGQOP-QGVNFLHTSA-N,C21H32O5S,1,1,1,0,0.504866632,0.504866632,0.504866632,NA,MTBLS11904,Up in PD,1,FALSE,FALSE
IK_PPFRJNLKWADOTL-WOGJWQOOSA-N,Dolicholide,Dolicholide,PPFRJNLKWADOTL-WOGJWQOOSA-N,C28H46O6,1,1,1,0,0.504567658,0.504567658,0.504567658,NA,MTBLS11904,Up in PD,1,FALSE,FALSE
IK_OHLQBKZXSJYBMK-UHFFFAOYSA-N,Avocadyne,Avocadyne,OHLQBKZXSJYBMK-UHFFFAOYSA-N,C17H32O3,1,1,0,1,-0.504368343,-0.504368343,0.504368343,NA,MTBLS11904,Down in PD,1,FALSE,FALSE
IK_XJGBDJOMWKAZJS-UHFFFAOYSA-N,Nafenopin,Nafenopin,XJGBDJOMWKAZJS-UHFFFAOYSA-N,C20H22O3,1,1,1,0,0.503537861,0.503537861,0.503537861,NA,MTBLS11904,Up in PD,1,FALSE,FALSE
IK_FMXVFWDIAZJILA-UHFFFAOYSA-N,2-Carboxy-4-dodecanolide,2-Carboxy-4-dodecanolide,FMXVFWDIAZJILA-UHFFFAOYSA-N,C13H22O4,1,1,1,0,0.503504641,0.503504641,0.503504641,NA,MTBLS11904,Up in PD,1,FALSE,FALSE
IK_ZDHCZVWCTKTBRY-UHFFFAOYSA-N,12-Hydroxydodecanoic acid,12-Hydroxydodecanoic acid,ZDHCZVWCTKTBRY-UHFFFAOYSA-N,C12H24O3,1,1,1,0,0.50124573,0.50124573,0.50124573,NA,MTBLS11904,Up in PD,1,FALSE,FALSE
IK_CWJQQASJVVAXKL-UHFFFAOYSA-N,"4-(3-Methyl-5-oxo-4,5-dihydro-1H-pyrazol-1-yl)benzenesulfonic acid","4-(3-Methyl-5-oxo-4,5-dihydro-1H-pyrazol-1-yl)benzenesulfonic acid",CWJQQASJVVAXKL-UHFFFAOYSA-N,C10H10N2O4S,1,1,1,0,0.501182614,0.501182614,0.501182614,NA,MTBLS11904,Up in PD,1,FALSE,FALSE
IK_VGSUMLIRUGDCTF-NSMRCOLJSA-N,"PC(18:0/20:3(8Z,11Z,14Z))","PC(18:0/20:3(8Z,11Z,14Z))",VGSUMLIRUGDCTF-NSMRCOLJSA-N,C46H86NO8P,1,1,0,1,-0.500647783,-0.500647783,0.500647783,NA,MTBLS11904,Down in PD,1,FALSE,FALSE
IK_WFTPSUGFEZHCGU-UHFFFAOYSA-N,Cyclohexaneundecanoic acid,Cyclohexaneundecanoic acid,WFTPSUGFEZHCGU-UHFFFAOYSA-N,C17H32O2,1,1,0,1,-0.49985052,-0.49985052,0.49985052,NA,MTBLS11904,Down in PD,1,FALSE,FALSE
IK_HQIDPEYTETUCNF-XVFCMESISA-N,Uridine 2'-phosphate,Uridine 2'-phosphate,HQIDPEYTETUCNF-XVFCMESISA-N,C9H13N2O9P,1,1,1,0,0.498754284,0.498754284,0.498754284,NA,MTBLS11904,Up in PD,1,FALSE,FALSE
IK_RWVIMCIPOAXUDG-UHFFFAOYSA-N,"6,7-Dinitro-1,4-dihydroquinoxaline-2,3-dione","6,7-Dinitro-1,4-dihydroquinoxaline-2,3-dione",RWVIMCIPOAXUDG-UHFFFAOYSA-N,C8H4N4O6,1,1,0,1,-0.498455311,-0.498455311,0.498455311,NA,MTBLS11904,Down in PD,1,FALSE,FALSE
IK_FDRCXEWKDMDDQD-UHFFFAOYSA-N,2-hydroxyacetophenone sulfate,2-hydroxyacetophenone sulfate,FDRCXEWKDMDDQD-UHFFFAOYSA-N,C8H8O5S,1,1,0,1,-0.498178735,-0.498178735,0.498178735,0.0178,38720721,Down in PD,1,FALSE,FALSE
IK_MRBKEAMVRSLQPH-UHFFFAOYSA-N,3-tert-Butyl-4-hydroxyanisole,3-tert-Butyl-4-hydroxyanisole,MRBKEAMVRSLQPH-UHFFFAOYSA-N,C11H16O2,1,1,1,0,0.49662825,0.49662825,0.49662825,NA,MTBLS11904,Up in PD,1,FALSE,FALSE
IK_AFKRZUUZFWTBCC-WSTZPKSXSA-N,Penethamate,Penethamate,AFKRZUUZFWTBCC-WSTZPKSXSA-N,C22H31N3O4S,1,1,1,0,0.496528592,0.496528592,0.496528592,NA,MTBLS11904,Up in PD,1,FALSE,FALSE
UNKNOWN_ROW__24167579__unknown_177,unknown_177,unknown_177,NA,NA,1,1,1,0,0.495695163,0.495695163,0.495695163,NA,24167579,Up in PD,1,FALSE,FALSE
UNKNOWN_ROW__24167579__unknown_184,unknown_184,unknown_184,NA,NA,1,1,1,0,0.495695163,0.495695163,0.495695163,NA,24167579,Up in PD,1,FALSE,FALSE
IK_SXQFCVDSOLSHOQ-UHFFFAOYSA-N,Lactamide,Lactamide,SXQFCVDSOLSHOQ-UHFFFAOYSA-N,C3H7NO2,1,1,1,0,0.495351331,0.495351331,0.495351331,NA,ST001814,Up in PD,1,FALSE,FALSE
IK_RDTOURARQPNLFK-UHFFFAOYSA-N,"3h-Indole-3-propanoic acid,a-amino-","3h-Indole-3-propanoic acid,a-amino-",RDTOURARQPNLFK-UHFFFAOYSA-N,C11H12N2O2,1,1,1,0,0.495299479,0.495299479,0.495299479,NA,MTBLS11904,Up in PD,1,FALSE,FALSE
IK_XBGIMYLOTRDXPK-AGXIJRPPSA-N,PC(17:1/0:0),PC(17:1/0:0),XBGIMYLOTRDXPK-AGXIJRPPSA-N,C25H50NO7P,1,1,1,0,0.495066944,0.495066944,0.495066944,NA,MTBLS11904,Up in PD,1,FALSE,FALSE
IK_VYZAGTDAHUIRQA-WHFBIAKZSA-N,Ala-Glu,Ala-Glu,VYZAGTDAHUIRQA-WHFBIAKZSA-N,C8H14N2O5,1,1,1,0,0.494671612,0.494671612,0.494671612,0.0101,38720721,Up in PD,1,FALSE,FALSE
IK_PUEDDPCUCPRQNY-ZYUZMQFOSA-N,Nicotinic acid ribonucleoside,Nicotinic acid ribonucleoside,PUEDDPCUCPRQNY-ZYUZMQFOSA-N,C11H13NO6,1,1,0,1,-0.494302901,-0.494302901,0.494302901,NA,MTBLS11904,Down in PD,1,FALSE,FALSE
IK_GHNXVMPBTBKJRP-CLFAGFIQSA-N,PE O-18:1_18:1,PE O-18:1_18:1,GHNXVMPBTBKJRP-CLFAGFIQSA-N,C41H80NO7P,1,1,0,1,-0.49410907,-0.49410907,0.49410907,0.0106,37755270,Down in PD,1,FALSE,FALSE
IK_YRMSRWRIJYGMCI-LWRNEJPJSA-N,SM 41:1;2O|SM 18:1;2O/23:0,SM 41:1;2O|SM 18:1;2O/23:0 | SM 41:1;2O | SM 18:1;2O/23:0,YRMSRWRIJYGMCI-LWRNEJPJSA-N,C62H123N2O7P,1,1,0,1,-0.49410907,-0.49410907,0.49410907,3.83e-7,37755270,Down in PD,1,FALSE,FALSE
IK_YSSWCDJIKPKJLL-SJCQXOIGSA-N,Cer-NP t42:1,Cer-NP t42:1,YSSWCDJIKPKJLL-SJCQXOIGSA-N,C42H83NO4,1,1,0,1,-0.49410907,-0.49410907,0.49410907,7.37e-10,37755270,Down in PD,1,FALSE,FALSE
IK_MDCGEAGEQVMWPE-AATRIKPKSA-N,3-Oxo-alpha-ionol,3-Oxo-alpha-ionol,MDCGEAGEQVMWPE-AATRIKPKSA-N,C13H20O2,1,1,1,0,0.493538857,0.493538857,0.493538857,NA,MTBLS11904,Up in PD,1,FALSE,FALSE
IK_LRTCKJJOUNZFDD-DBHIXKHWSA-N,"PA(20:2(11Z,14Z)/18:1(9Z))","PA(20:2(11Z,14Z)/18:1(9Z))",LRTCKJJOUNZFDD-DBHIXKHWSA-N,C41H75O8P,1,1,1,0,0.493140226,0.493140226,0.493140226,NA,MTBLS11904,Up in PD,1,FALSE,FALSE
IK_VLFJNHPNIOTOOA-YMIVKDKMSA-N,"LysoPE(0:0/22:4(7Z,10Z,13Z,16Z))","LysoPE(0:0/22:4(7Z,10Z,13Z,16Z))",VLFJNHPNIOTOOA-YMIVKDKMSA-N,C27H48NO7P,1,1,1,0,0.492043989,0.492043989,0.492043989,NA,MTBLS11904,Up in PD,1,FALSE,FALSE
IK_BTNMPGBKDVTSJY-UHFFFAOYSA-N,Phenylpyruvic Acid,Phenylpyruvic Acid,BTNMPGBKDVTSJY-UHFFFAOYSA-N,C9H8O3,1,1,0,1,-0.491047411,-0.491047411,0.491047411,NA,MTBLS11904,Down in PD,1,FALSE,FALSE
IK_NGPDZEACIWDCKX-WUDKWMPASA-N,Vulgarin,Vulgarin,NGPDZEACIWDCKX-WUDKWMPASA-N,C15H20O4,1,1,0,1,-0.49064878,-0.49064878,0.49064878,NA,MTBLS11904,Down in PD,1,FALSE,FALSE
IK_VVEULVVIJNQTMD-OJZQPWLLSA-N,"DG(2:0/0:0/20:4(5Z,8Z,11Z,14Z)-OH(20))","DG(2:0/0:0/20:4(5Z,8Z,11Z,14Z)-OH(20))",VVEULVVIJNQTMD-OJZQPWLLSA-N,C25H40O6,1,1,0,1,-0.490515903,-0.490515903,0.490515903,NA,MTBLS11904,Down in PD,1,FALSE,FALSE
IK_LFULEKSKNZEWOE-UHFFFAOYSA-N,Propanil,Propanil,LFULEKSKNZEWOE-UHFFFAOYSA-N,C9H9Cl2NO,1,1,0,1,-0.490050854,-0.490050854,0.490050854,0.0125,38720721,Down in PD,1,FALSE,FALSE
IK_XJODGRWDFZVTKW-UHFFFAOYSA-N,N-Methyl-dl-Leucine,N-Methyl-dl-Leucine,XJODGRWDFZVTKW-UHFFFAOYSA-N,C7H15NO2,1,1,1,0,0.489187131,0.489187131,0.489187131,NA,MTBLS11904,Up in PD,1,FALSE,FALSE
IK_WJHRAVIQWFQMKF-UHFFFAOYSA-N,Alpha-Bisabolol oxide A,Alpha-Bisabolol oxide A,WJHRAVIQWFQMKF-UHFFFAOYSA-N,C15H26O2,1,1,1,0,0.488854938,0.488854938,0.488854938,NA,MTBLS11904,Up in PD,1,FALSE,FALSE
IK_OSJPPGNTCRNQQC-UHFFFAOYSA-N,3-phosphoglycerate,3-phosphoglycerate,OSJPPGNTCRNQQC-UHFFFAOYSA-N,C3H7O7P,1,1,0,1,-0.488688842,-0.488688842,0.488688842,NA,MTBLS11904,Down in PD,1,FALSE,FALSE
IK_FHUAYOMRHXZKHT-JUGJLYODSA-N,PC 40:4,"PC 40:4 | PC(22:1(13Z)/18:3(9Z,12Z,15Z))",FHUAYOMRHXZKHT-JUGJLYODSA-N,C48H88NO8P,1,1,0,1,-0.488522746,-0.488522746,0.488522746,NA,MTBLS11904,Down in PD,1,FALSE,FALSE
IK_GUBGYTABKSRVRQ-CUHNMECISA-N,Cellobiose,Cellobiose,GUBGYTABKSRVRQ-CUHNMECISA-N,C12H22O11,1,1,1,0,0.488515009,0.488515009,0.488515009,0.0012,38720721,Up in PD,1,FALSE,FALSE
IK_HGXBRUKMWQGOIE-NSMLZSOPSA-N,(-)-Pinoresinol,(-)-Pinoresinol,HGXBRUKMWQGOIE-NSMLZSOPSA-N,C20H22O6,1,1,0,1,-0.485433353,-0.485433353,0.485433353,NA,MTBLS11904,Down in PD,1,FALSE,FALSE
IK_KCUYLQDWSWOANO-JHXSWNAYSA-N,TG 46:1,TG 46:1,KCUYLQDWSWOANO-JHXSWNAYSA-N,C49H92O6,1,1,1,0,0.485426827,0.485426827,0.485426827,NA,37755270,Up in PD,1,FALSE,FALSE
UNKNOWN_ROW__24167579__unknown_158,unknown_158,unknown_158,NA,NA,1,1,1,0,0.485426827,0.485426827,0.485426827,NA,24167579,Up in PD,1,FALSE,FALSE
UNKNOWN_ROW__24167579__unknown_174,unknown_174,unknown_174,NA,NA,1,1,1,0,0.485426827,0.485426827,0.485426827,NA,24167579,Up in PD,1,FALSE,FALSE
IK_IJPRFXKJWFQONJ-UHFFFAOYSA-N,Desmethyltetrahydropiperine sulfate,Desmethyltetrahydropiperine sulfate,IJPRFXKJWFQONJ-UHFFFAOYSA-N,C16H23NO6S,1,1,0,1,-0.485267256,-0.485267256,0.485267256,NA,MTBLS11904,Down in PD,1,FALSE,FALSE
IK_MFYFKAXYRXODPL-UHFFFAOYSA-N,"3,4-Dihydroxyphenylglycol O-sulfate","3,4-Dihydroxyphenylglycol O-sulfate",MFYFKAXYRXODPL-UHFFFAOYSA-N,C8H10O7S,1,1,0,1,-0.484370336,-0.484370336,0.484370336,NA,MTBLS11904,Down in PD,1,FALSE,FALSE
IK_RPSLZGPKLQLZGH-UHFFFAOYSA-N,Mollicellin C,Mollicellin C,RPSLZGPKLQLZGH-UHFFFAOYSA-N,C22H20O8,1,1,1,0,0.484303897,0.484303897,0.484303897,NA,MTBLS11904,Up in PD,1,FALSE,FALSE
IK_DLZPSAPMHALIOA-YNCVDBFYSA-N,GPCho(20:0/18:3),GPCho(20:0/18:3),DLZPSAPMHALIOA-YNCVDBFYSA-N,C46H86NO8P,1,1,0,1,-0.48417102,-0.48417102,0.48417102,NA,MTBLS11904,Down in PD,1,FALSE,FALSE
IK_SKZKKFZAGNVIMN-UHFFFAOYSA-N,salicylamide,salicylamide,SKZKKFZAGNVIMN-UHFFFAOYSA-N,C7H7NO2,1,1,0,1,-0.483984853,-0.483984853,0.483984853,0.0273,38720721,Down in PD,1,FALSE,FALSE
IK_ZBHYMNYETSSWIX-RMKNXTFCSA-N,6-Hydroxynon-4-enoylcarnitine,6-Hydroxynon-4-enoylcarnitine,ZBHYMNYETSSWIX-RMKNXTFCSA-N,C16H29NO5,1,1,1,0,0.483971704,0.483971704,0.483971704,NA,MTBLS11904,Up in PD,1,FALSE,FALSE
IK_PAPBSGBWRJIAAV-UHFFFAOYSA-N,Epsilon-Caprolactone,Epsilon-Caprolactone,PAPBSGBWRJIAAV-UHFFFAOYSA-N,C6H10O2,1,1,1,0,0.483739169,0.483739169,0.483739169,NA,MTBLS11904,Up in PD,1,FALSE,FALSE
IK_CWERGRDVMFNCDR-UHFFFAOYSA-N,Mercaptoacetic acid,Mercaptoacetic acid,CWERGRDVMFNCDR-UHFFFAOYSA-N,C2H4O2S,1,1,1,0,0.482510056,0.482510056,0.482510056,NA,MTBLS11904,Up in PD,1,FALSE,FALSE
IK_DIVLBIVDYADZPL-UHFFFAOYSA-N,Carboxyibuprofen,Carboxyibuprofen,DIVLBIVDYADZPL-UHFFFAOYSA-N,C13H16O4,1,1,0,1,-0.481968507,-0.481968507,0.481968507,0.00541,38720721,Down in PD,1,FALSE,FALSE
IK_GFXYTQPNNXGICT-YFKPBYRVSA-N,Allysine,Allysine,GFXYTQPNNXGICT-YFKPBYRVSA-N,C6H11NO3,1,1,1,0,0.480749434,0.480749434,0.480749434,NA,MTBLS11904,Up in PD,1,FALSE,FALSE
IK_BOTWFXYSPFMFNR-PYDDKJGSSA-N,Phytol,Phytol,BOTWFXYSPFMFNR-PYDDKJGSSA-N,C20H40O,1,1,0,1,-0.479121689,-0.479121689,0.479121689,NA,MTBLS11904,Down in PD,1,FALSE,FALSE
IK_SWPMTVXRLXPNDP-MRVPVSSYSA-N,(3S)-3-hydroxycyclocitral,(3S)-3-hydroxycyclocitral,SWPMTVXRLXPNDP-MRVPVSSYSA-N,C10H16O2,1,1,1,0,0.479121689,0.479121689,0.479121689,NA,MTBLS11904,Up in PD,1,FALSE,FALSE
IK_JLVSPVFPBBFMBE-HXSWCURESA-N,Sphingosylphosphorylcholine,Sphingosylphosphorylcholine,JLVSPVFPBBFMBE-HXSWCURESA-N,C23H49N2O5P,1,1,0,1,-0.478590181,-0.478590181,0.478590181,NA,MTBLS11904,Down in PD,1,FALSE,FALSE
IK_YGSDEFSMJLZEOE-UHFFFAOYSA-N,Salicylic acid,Salicylic acid,YGSDEFSMJLZEOE-UHFFFAOYSA-N,C7H6O3,1,1,0,1,-0.477726479,-0.477726479,0.477726479,NA,MTBLS11904,Down in PD,1,FALSE,FALSE
IK_SHXWCVYOXRDMCX-UHFFFAOYSA-N,"3,4-Methylenedioxymethamphetamine","3,4-Methylenedioxymethamphetamine",SHXWCVYOXRDMCX-UHFFFAOYSA-N,C11H15NO2,1,1,0,1,-0.476962436,-0.476962436,0.476962436,NA,MTBLS11904,Down in PD,1,FALSE,FALSE
IK_KPQMCAKZRXOZLB-KOIHBYQTSA-N,Vomifoliol,Vomifoliol,KPQMCAKZRXOZLB-KOIHBYQTSA-N,C13H20O3,1,1,1,0,0.476397708,0.476397708,0.476397708,NA,MTBLS11904,Up in PD,1,FALSE,FALSE
IK_ZDXMLEQEMNLCQG-UHFFFAOYSA-N,Sulfometuron methyl,Sulfometuron methyl,ZDXMLEQEMNLCQG-UHFFFAOYSA-N,C15H16N4O5S,1,1,0,1,-0.475936324,-0.475936324,0.475936324,NA,24167579,Down in PD,1,FALSE,FALSE
IK_JKKCSFJSULZNDN-HGRQIUPRSA-N,Gonyautoxin V,Gonyautoxin V,JKKCSFJSULZNDN-HGRQIUPRSA-N,C10H17N7O7S,1,1,1,0,0.475766542,0.475766542,0.475766542,NA,MTBLS11904,Up in PD,1,FALSE,FALSE
IK_WZNJWVWKTVETCG-YFKPBYRVSA-N,Mimosine,Mimosine,WZNJWVWKTVETCG-YFKPBYRVSA-N,C8H10N2O4,1,1,1,0,0.475434349,0.475434349,0.475434349,NA,MTBLS11904,Up in PD,1,FALSE,FALSE
IK_QWXGXDFYLSOKRF-UHFFFAOYSA-N,PC O-30:0 or PC 30:0e,PC O-30:0 or PC 30:0e,QWXGXDFYLSOKRF-UHFFFAOYSA-N,C38H78NO7P,1,1,1,0,0.475084883,0.475084883,0.475084883,5.94e-4,37755270,Up in PD,1,FALSE,FALSE
UNKNOWN_ROW__24167579__unknown_173,unknown_173,unknown_173,NA,NA,1,1,1,0,0.475084883,0.475084883,0.475084883,NA,24167579,Up in PD,1,FALSE,FALSE
UNKNOWN_ROW__24167579__unknown_179,unknown_179,unknown_179,NA,NA,1,1,1,0,0.475084883,0.475084883,0.475084883,NA,24167579,Up in PD,1,FALSE,FALSE
IK_VTXNIAJKDLEHGX-UHFFFAOYSA-N,2-Hydroxyfelbamate,2-Hydroxyfelbamate,VTXNIAJKDLEHGX-UHFFFAOYSA-N,C11H14N2O5,1,1,0,1,-0.474,-0.474,0.474,NA,MTBLS11904,Down in PD,1,FALSE,FALSE
IK_PZHOVOCGVTXFSM-DOFZRALJSA-N,LPC 42:4,LPC 42:4,PZHOVOCGVTXFSM-DOFZRALJSA-N,C50H94NO7P,1,1,0,1,-0.473931188,-0.473931188,0.473931188,0.00922,37755270,Down in PD,1,FALSE,FALSE
UNKNOWN_ROW__24167579__unknown_88,unknown_88,unknown_88,NA,NA,1,1,0,1,-0.473931188,-0.473931188,0.473931188,NA,24167579,Down in PD,1,FALSE,FALSE
IK_IRSFLDGTOHBADP-UHFFFAOYSA-N,Embelin,Embelin,IRSFLDGTOHBADP-UHFFFAOYSA-N,C17H26O4,1,1,0,1,-0.473507631,-0.473507631,0.473507631,NA,MTBLS11904,Down in PD,1,FALSE,FALSE
IK_KUVXQAWMEHTXOV-UHFFFAOYSA-N,3-Carboxyoxy-2-hydroxypropanoic acid,3-Carboxyoxy-2-hydroxypropanoic acid,KUVXQAWMEHTXOV-UHFFFAOYSA-N,C4H6O6,1,1,1,0,0.473341534,0.473341534,0.473341534,NA,MTBLS11904,Up in PD,1,FALSE,FALSE
IK_PLSQMGZYOGSOCE-XINAWCOVSA-N,Dihydroneopterin phosphate,Dihydroneopterin phosphate,PLSQMGZYOGSOCE-XINAWCOVSA-N,C9H14N5O7P,1,1,1,0,0.471614132,0.471614132,0.471614132,NA,MTBLS11904,Up in PD,1,FALSE,FALSE
IK_RHQQHZQUAMFINJ-DTDWNVJFSA-N,Tetrahydrocorticosterone,Tetrahydrocorticosterone,RHQQHZQUAMFINJ-DTDWNVJFSA-N,C21H34O4,1,1,1,0,0.470451457,0.470451457,0.470451457,NA,MTBLS11904,Up in PD,1,FALSE,FALSE
NO_INCHIKEY__5 beta androstan 3 alpha ol 17 one sulfate,5-beta-androstan-3-alpha-ol-17-one sulfate,5-beta-androstan-3-alpha-ol-17-one sulfate,NA,NA,1,1,0,1,-0.469929258,-0.469929258,0.469929258,0.00268,38720721,Down in PD,1,FALSE,FALSE
IK_NISPVUDLMHQFRQ-MKIKIEMVSA-N,Cucurbitacin I,Cucurbitacin I,NISPVUDLMHQFRQ-MKIKIEMVSA-N,C30H42O7,1,1,0,1,-0.469521317,-0.469521317,0.469521317,NA,MTBLS11904,Down in PD,1,FALSE,FALSE
IK_OPEGYZAATHKDEM-HCWXCVPCSA-N,Penicilloic acid,Penicilloic acid,OPEGYZAATHKDEM-HCWXCVPCSA-N,C9H14N2O5S,1,1,1,0,0.46892337,0.46892337,0.46892337,NA,MTBLS11904,Up in PD,1,FALSE,FALSE
IK_NIXOWILDQLNWCW-UHFFFAOYSA-N,Acrylic acid,Acrylic acid,NIXOWILDQLNWCW-UHFFFAOYSA-N,C3H4O2,1,1,1,0,0.468790493,0.468790493,0.468790493,NA,MTBLS11904,Up in PD,1,FALSE,FALSE
IK_BYVDUQYJIIPFIB-ZMOGYAJESA-N,Lumirubin,Lumirubin,BYVDUQYJIIPFIB-ZMOGYAJESA-N,C33H36N4O6,1,1,0,1,-0.468557958,-0.468557958,0.468557958,NA,MTBLS11904,Down in PD,1,FALSE,FALSE
IK_LJIRBXZDQGQUOO-KVTDHHQDSA-N,"5,6-Dihydro-5-azacytidine","5,6-Dihydro-5-azacytidine",LJIRBXZDQGQUOO-KVTDHHQDSA-N,C8H14N4O5,1,1,1,0,0.468258984,0.468258984,0.468258984,NA,MTBLS11904,Up in PD,1,FALSE,FALSE
IK_MSUMOHDXPKCNSB-CUOJZFFHSA-N,"11beta-Hydroxy-3,20-dioxopregn-4-en-21-oic acid","11beta-Hydroxy-3,20-dioxopregn-4-en-21-oic acid",MSUMOHDXPKCNSB-CUOJZFFHSA-N,C22H32O5,1,1,1,0,0.465833977,0.465833977,0.465833977,NA,MTBLS11904,Up in PD,1,FALSE,FALSE
IK_XRHGYUZYPHTUJZ-UHFFFAOYSA-N,4-Chlorobenzoic acid,4-Chlorobenzoic acid,XRHGYUZYPHTUJZ-UHFFFAOYSA-N,C7H5ClO2,1,1,1,0,0.464970275,0.464970275,0.464970275,NA,MTBLS11904,Up in PD,1,FALSE,FALSE
IK_WOMAZEJKVZLLFE-UHFFFAOYSA-N,2-Propanamidoacetic acid,2-Propanamidoacetic acid,WOMAZEJKVZLLFE-UHFFFAOYSA-N,C5H9NO3,1,1,1,0,0.464668267,0.464668267,0.464668267,8.54e-8,38720721,Up in PD,1,FALSE,FALSE
UNKNOWN_ROW__24167579__unknown_150,unknown_150,unknown_150,NA,NA,1,1,1,0,0.464668267,0.464668267,0.464668267,NA,24167579,Up in PD,1,FALSE,FALSE
UNKNOWN_ROW__24167579__unknown_166,unknown_166,unknown_166,NA,NA,1,1,1,0,0.464668267,0.464668267,0.464668267,NA,24167579,Up in PD,1,FALSE,FALSE
IK_OROGUZVNAFJPHA-UHFFFAOYSA-N,"5-Hydroxy-2,4-dimethylthiophen-3-one","5-Hydroxy-2,4-dimethylthiophen-3-one",OROGUZVNAFJPHA-UHFFFAOYSA-N,C6H8O2S,1,1,0,1,-0.464438767,-0.464438767,0.464438767,NA,MTBLS11904,Down in PD,1,FALSE,FALSE
IK_AXZGUCXCTZMPTR-UVGACIQRSA-N,"PC(18:0/22:4(7Z,10Z,13Z,16Z))","PC(18:0/22:4(7Z,10Z,13Z,16Z))",AXZGUCXCTZMPTR-UVGACIQRSA-N,C48H88NO8P,1,1,0,1,-0.463940478,-0.463940478,0.463940478,NA,MTBLS11904,Down in PD,1,FALSE,FALSE
IK_MDWXOTLIYUYWJP-UHFFFAOYSA-N,3-hydroxy-3-(3-hydroxyphenyl)propanoic acid-O-sulphate,3-hydroxy-3-(3-hydroxyphenyl)propanoic acid-O-sulphate,MDWXOTLIYUYWJP-UHFFFAOYSA-N,C9H10O7S,1,1,1,0,0.463940478,0.463940478,0.463940478,NA,MTBLS11904,Up in PD,1,FALSE,FALSE
UNKNOWN_ROW__24167579__unknown_1,unknown_1,unknown_1,NA,NA,1,1,1,0,0.463622457,0.463622457,0.463622457,NA,24167579,Up in PD,1,FALSE,FALSE
IK_CJGVDSGIQZDLDO-BMYWYRRPSA-N,3-O-Sulfogalactosylceramide (d18:1/16:0),3-O-Sulfogalactosylceramide (d18:1/16:0),CJGVDSGIQZDLDO-BMYWYRRPSA-N,C40H77NO11S,1,1,1,0,0.463531881,0.463531881,0.463531881,NA,MTBLS11904,Up in PD,1,FALSE,FALSE
IK_XUUMFDUVFVNHSM-CMDGGOBGSA-N,"(3b,5a,22E,24S)-Stigmasta-7,22,25-trien-3-ol 3-glucoside","(3b,5a,22E,24S)-Stigmasta-7,22,25-trien-3-ol 3-glucoside",XUUMFDUVFVNHSM-CMDGGOBGSA-N,C35H56O6,1,1,1,0,0.463109996,0.463109996,0.463109996,NA,MTBLS11904,Up in PD,1,FALSE,FALSE
IK_CIKGWCTVFSRMJU-KVQBGUIXSA-N,DGDP,DGDP,CIKGWCTVFSRMJU-KVQBGUIXSA-N,C10H15N5O10P2,1,1,0,1,-0.462977119,-0.462977119,0.462977119,NA,MTBLS11904,Down in PD,1,FALSE,FALSE
IK_KILNVBDSWZSGLL-UHFFFAOYSA-N,"1,2-Dipalmitoylphosphatidylcholine","1,2-Dipalmitoylphosphatidylcholine | 1,2 Dipalmitoylphosphatidylcholine",KILNVBDSWZSGLL-UHFFFAOYSA-N,C40H80NO8P,1,1,0,1,-0.462545268,-0.462545268,0.462545268,NA,MTBLS11904,Down in PD,1,FALSE,FALSE
IK_GAGWJHPBXLXJQN-UORFTKCHSA-N,Capecitabine,Capecitabine,GAGWJHPBXLXJQN-UORFTKCHSA-N,C15H22FN3O6,1,1,1,0,0.46152856,0.46152856,0.46152856,NA,24167579,Up in PD,1,FALSE,FALSE
IK_GMXSGLCDVHHWIB-UHFFFAOYSA-N,(+/-)-3-Mercapto-1-butyl acetate,(+/-)-3-Mercapto-1-butyl acetate,GMXSGLCDVHHWIB-UHFFFAOYSA-N,C6H12O2S,1,1,1,0,0.458957586,0.458957586,0.458957586,NA,MTBLS11904,Up in PD,1,FALSE,FALSE
IK_RFMMMVDNIPUKGG-YFKPBYRVSA-N,N-Acetyl-L-Glutamic Acid,N-Acetyl-L-Glutamic Acid,RFMMMVDNIPUKGG-YFKPBYRVSA-N,C7H11NO5,1,1,1,0,0.458691831,0.458691831,0.458691831,NA,MTBLS11904,Up in PD,1,FALSE,FALSE
IK_DNSSEQBYSHSUGR-UHFFFAOYSA-N,5-Oxo-2(5H)-isoxazolepropanenitrile,5-Oxo-2(5H)-isoxazolepropanenitrile,DNSSEQBYSHSUGR-UHFFFAOYSA-N,C6H6N2O2,1,1,1,0,0.458558954,0.458558954,0.458558954,NA,MTBLS11904,Up in PD,1,FALSE,FALSE
IK_LLLPDUXGHXIXIW-UHFFFAOYSA-N,N-formylanthranilic acid,N-formylanthranilic acid,LLLPDUXGHXIXIW-UHFFFAOYSA-N,C8H7NO3,1,1,1,0,0.456964429,0.456964429,0.456964429,NA,MTBLS11904,Up in PD,1,FALSE,FALSE
IK_CNAWLBRCOTWCNV-UHFFFAOYSA-N,5-Hydroxydodecanoylcarnitine,5-Hydroxydodecanoylcarnitine,CNAWLBRCOTWCNV-UHFFFAOYSA-N,C19H37NO5,1,1,0,1,-0.456765113,-0.456765113,0.456765113,NA,MTBLS11904,Down in PD,1,FALSE,FALSE
IK_QQHJDPROMQRDLA-UHFFFAOYSA-N,Hexadecanedioic acid,Hexadecanedioic acid,QQHJDPROMQRDLA-UHFFFAOYSA-N,C16H30O4,1,1,1,0,0.456067508,0.456067508,0.456067508,NA,MTBLS11904,Up in PD,1,FALSE,FALSE
IK_QVWAEZJXDYOKEH-UHFFFAOYSA-N,3-(3-Hydroxyphenyl)propionic acid,3-(3-Hydroxyphenyl)propionic acid | Dihydro-3-coumaric acid,QVWAEZJXDYOKEH-UHFFFAOYSA-N,C9H10O3,1,1,1,0,0.455768535,0.455768535,0.455768535,NA,MTBLS11904,Up in PD,1,FALSE,FALSE
IK_RHVPEFQDYMMNSY-UHFFFAOYSA-N,Harmalol,Harmalol,RHVPEFQDYMMNSY-UHFFFAOYSA-N,C12H12N2O,1,1,1,0,0.455203807,0.455203807,0.455203807,NA,MTBLS11904,Up in PD,1,FALSE,FALSE
IK_QYIXCDOBOSTCEI-KKFSNPNRSA-N,Epi-coprostanol,Epi-coprostanol,QYIXCDOBOSTCEI-KKFSNPNRSA-N,C27H48O,1,1,0,1,-0.454472983,-0.454472983,0.454472983,NA,MTBLS11904,Down in PD,1,FALSE,FALSE
IK_ONFOSYPQQXJWGS-UHFFFAOYSA-N,(+/-)-2-Hydroxy-4-(methylthio)butanoic acid,(+/-)-2-Hydroxy-4-(methylthio)butanoic acid | 2-Hydroxy-4-(methylthio)butanoic acid,ONFOSYPQQXJWGS-UHFFFAOYSA-N,C5H10O3S,1,1,1,0,0.454306886,0.454306886,0.454306886,NA,MTBLS11904,Up in PD,1,FALSE,FALSE
IK_SAWKFRBJGLMMES-UHFFFAOYSA-N,PC 16:0/9:0 CHO,PC 16:0/9:0 CHO,SAWKFRBJGLMMES-UHFFFAOYSA-N,CH5P,1,1,1,0,0.454175893,0.454175893,0.454175893,0.0371,37755270,Up in PD,1,FALSE,FALSE
NO_INCHIKEY__pc 18 2 20 4,PC 18:2_20:4,PC 18:2_20:4,NA,NA,1,1,1,0,0.454175893,0.454175893,0.454175893,4.49e-5,37755270,Up in PD,1,FALSE,FALSE
UNKNOWN_ROW__24167579__unknown_175,unknown_175,unknown_175,NA,NA,1,1,1,0,0.454175893,0.454175893,0.454175893,NA,24167579,Up in PD,1,FALSE,FALSE
IK_FUGYGGDSWSUORM-UHFFFAOYSA-N,4-Hydroxystyrene,4-Hydroxystyrene,FUGYGGDSWSUORM-UHFFFAOYSA-N,C8H8O,1,1,0,1,-0.454031631,-0.454031631,0.454031631,NA,24167579,Down in PD,1,FALSE,FALSE
IK_UCUNFLYVYCGDHP-BYPYZUCNSA-N,methionine sulfone,methionine sulfone,UCUNFLYVYCGDHP-BYPYZUCNSA-N,C5H11NO4S,1,1,0,1,-0.454031631,-0.454031631,0.454031631,0.00306,38720721,Down in PD,1,FALSE,FALSE
IK_WCRMUYBCGFGNRR-LTFXTMEVSA-N,PC O-42:4,PC O-42:4,WCRMUYBCGFGNRR-LTFXTMEVSA-N,C50H94NO7P,1,1,0,1,-0.454031631,-0.454031631,0.454031631,1.99e-4,37755270,Down in PD,1,FALSE,FALSE
IK_XHLKZBFZGPVOIC-ZPHPHTNESA-N,2-OAHSA,2-OAHSA,XHLKZBFZGPVOIC-ZPHPHTNESA-N,C36H68O4,1,1,0,1,-0.454031631,-0.454031631,0.454031631,NA,37755270,Down in PD,1,FALSE,FALSE
IK_XZDDLHQSVWZOPD-MYGLTJDJSA-N,Tumonoic Acid H,Tumonoic Acid H,XZDDLHQSVWZOPD-MYGLTJDJSA-N,C26H45NO7,1,1,0,1,-0.454031631,-0.454031631,0.454031631,NA,24167579,Down in PD,1,FALSE,FALSE
IK_ZFMJJVQJMOVKIB-RQOIEFAZSA-N,PE O-18:1_18:2,PE O-18:1_18:2,ZFMJJVQJMOVKIB-RQOIEFAZSA-N,C41H78NO7P,1,1,0,1,-0.454031631,-0.454031631,0.454031631,0.03,37755270,Down in PD,1,FALSE,FALSE
UNKNOWN_ROW__24167579__unknown_94,unknown_94,unknown_94,NA,NA,1,1,0,1,-0.454031631,-0.454031631,0.454031631,NA,24167579,Down in PD,1,FALSE,FALSE
IK_FZWGECJQACGGTI-UHFFFAOYSA-N,7-Methylguanine,7-Methylguanine,FZWGECJQACGGTI-UHFFFAOYSA-N,C6H7N5O,1,1,1,0,0.453742159,0.453742159,0.453742159,NA,MTBLS11904,Up in PD,1,FALSE,FALSE
IK_OTDJZUJMXXNTKV-FENLDCAOSA-N,"PA(22:2(13Z,16Z)/LTE4)","PA(22:2(13Z,16Z)/LTE4)",OTDJZUJMXXNTKV-FENLDCAOSA-N,C48H82NO11PS,1,1,0,1,-0.453476404,-0.453476404,0.453476404,NA,MTBLS11904,Down in PD,1,FALSE,FALSE
IK_UIERETOOQGIECD-ONEGZZNKSA-N,Tiglic acid,Tiglic acid,UIERETOOQGIECD-ONEGZZNKSA-N,C5H8O2,1,1,1,0,0.453443185,0.453443185,0.453443185,NA,MTBLS11904,Up in PD,1,FALSE,FALSE
IK_IXVMHGVQKLDRKH-QHBHMFGVSA-N,24-Epibrassinolide,24-Epibrassinolide,IXVMHGVQKLDRKH-QHBHMFGVSA-N,C28H48O6,1,1,1,0,0.453409966,0.453409966,0.453409966,NA,MTBLS11904,Up in PD,1,FALSE,FALSE
IK_SHZGCJCMOBCMKK-DHVFOXMCSA-N,fucose,fucose,SHZGCJCMOBCMKK-DHVFOXMCSA-N,C6H12O5,1,1,1,0,0.45206823,0.45206823,0.45206823,1.5e-4,38720721,Up in PD,1,FALSE,FALSE
IK_SRXKAYJJGAAOBP-UHFFFAOYSA-N,N(5)-Acetylornithine,N(5)-Acetylornithine,SRXKAYJJGAAOBP-UHFFFAOYSA-N,C7H14N2O3,1,1,1,0,0.45181544,0.45181544,0.45181544,NA,MTBLS11904,Up in PD,1,FALSE,FALSE
IK_KLLGGGQNRTVBSU-FQSPHKRJSA-N,"(9Z,11E,13S,15Z)-13-Hydroxyoctadeca-9,11,15-trienoic acid","(9Z,11E,13S,15Z)-13-Hydroxyoctadeca-9,11,15-trienoic acid | 13S-HOTrE",KLLGGGQNRTVBSU-FQSPHKRJSA-N,C18H30O3,1,1,0,1,-0.451715782,-0.451715782,0.451715782,NA,MTBLS11904,Down in PD,1,FALSE,FALSE
IK_YRCWQPVGYLYSOX-VIFPVBQESA-N,D-synephrine,D-synephrine,YRCWQPVGYLYSOX-VIFPVBQESA-N,C9H13NO2,1,1,0,1,-0.451018177,-0.451018177,0.451018177,NA,MTBLS11904,Down in PD,1,FALSE,FALSE
IK_RJTCYGBFKSOFPL-UHFFFAOYSA-N,"[(5R)-5-[(1S)-1,2-Dihydroxyethyl]-2,4-dioxooxolan-3-yl] dihydrogen phosphate","[(5R)-5-[(1S)-1,2-Dihydroxyethyl]-2,4-dioxooxolan-3-yl] dihydrogen phosphate",RJTCYGBFKSOFPL-UHFFFAOYSA-N,C6H9O9P,1,1,0,1,-0.449755845,-0.449755845,0.449755845,NA,MTBLS11904,Down in PD,1,FALSE,FALSE
IK_INMKWUNQKOWGEZ-VQHVLOKHSA-N,Traumatin,Traumatin,INMKWUNQKOWGEZ-VQHVLOKHSA-N,C12H20O3,1,1,1,0,0.449689406,0.449689406,0.449689406,NA,MTBLS11904,Up in PD,1,FALSE,FALSE
IK_UUEPXFWSBUIUAZ-NSCUHMNNSA-N,Coumaryl acetate,Coumaryl acetate,UUEPXFWSBUIUAZ-NSCUHMNNSA-N,C11H12O3,1,1,0,1,-0.44952331,-0.44952331,0.44952331,NA,MTBLS11904,Down in PD,1,FALSE,FALSE
IK_ACXPNSWGVZLPRG-UHFFFAOYSA-N,3-Hydroxyeicosanoylcarnitine,3-Hydroxyeicosanoylcarnitine,ACXPNSWGVZLPRG-UHFFFAOYSA-N,C27H53NO5,1,1,1,0,0.448393854,0.448393854,0.448393854,NA,MTBLS11904,Up in PD,1,FALSE,FALSE
IK_CPHVNLRAJPTYSD-UHFFFAOYSA-N,Cyclotricuspidogenin C,Cyclotricuspidogenin C,CPHVNLRAJPTYSD-UHFFFAOYSA-N,C31H52O7,1,1,1,0,0.447430495,0.447430495,0.447430495,NA,MTBLS11904,Up in PD,1,FALSE,FALSE
IK_SWTKBYSXMULFHZ-SMILAEQMSA-N,Delta-Hydroxylysylnorleucine,Delta-Hydroxylysylnorleucine,SWTKBYSXMULFHZ-SMILAEQMSA-N,C12H25N3O5,1,1,1,0,0.447231179,0.447231179,0.447231179,NA,MTBLS11904,Up in PD,1,FALSE,FALSE
IK_YIQRSAKVWZVLDN-QZTNRIJFSA-N,Fulvic acid,Fulvic acid,YIQRSAKVWZVLDN-QZTNRIJFSA-N,C16H15ClO6,1,1,0,1,-0.447098302,-0.447098302,0.447098302,NA,MTBLS11904,Down in PD,1,FALSE,FALSE
IK_YTFFUORSCQHTLA-QNPHJADPSA-N,PS(PGJ2/24:0),PS(PGJ2/24:0),YTFFUORSCQHTLA-QNPHJADPSA-N,C50H88NO12P,1,1,0,1,-0.447031864,-0.447031864,0.447031864,NA,MTBLS11904,Down in PD,1,FALSE,FALSE
IK_DFYHDDCNKMPXMX-UHFFFAOYSA-M,6-isobutyl-4-hydroxy-2-pyrone,6-isobutyl-4-hydroxy-2-pyrone,DFYHDDCNKMPXMX-UHFFFAOYSA-M,C9H11O3-,1,1,1,0,0.445769531,0.445769531,0.445769531,NA,MTBLS11904,Up in PD,1,FALSE,FALSE
IK_ANVLMUZOIWITMQ-UHFFFAOYSA-N,"3-[(1R,2R,3S)-3-Carboxy-1,2,3-trihydroxypropyl]dioxirane-3-carboxylic acid","3-[(1R,2R,3S)-3-Carboxy-1,2,3-trihydroxypropyl]dioxirane-3-carboxylic acid",ANVLMUZOIWITMQ-UHFFFAOYSA-N,C6H8O9,1,1,0,1,-0.445603435,-0.445603435,0.445603435,NA,MTBLS11904,Down in PD,1,FALSE,FALSE
IK_SLWSQPYUSBXANQ-BAJZRUMYSA-N,"2'-Fluoro-2',3'-dideoxyinosine","2'-Fluoro-2',3'-dideoxyinosine",SLWSQPYUSBXANQ-BAJZRUMYSA-N,C10H11FN4O3,1,1,1,0,0.445536996,0.445536996,0.445536996,NA,MTBLS11904,Up in PD,1,FALSE,FALSE
IK_XMYFJYXXQPMWED-VQHVLOKHSA-N,5-Hydroxydec-6-enoylcarnitine,5-Hydroxydec-6-enoylcarnitine,XMYFJYXXQPMWED-VQHVLOKHSA-N,C17H31NO5,1,1,0,1,-0.445038707,-0.445038707,0.445038707,NA,MTBLS11904,Down in PD,1,FALSE,FALSE
IK_AHLPHDHHMVZTML-SCSAIBSYSA-N,D-Ornithine,D-Ornithine,AHLPHDHHMVZTML-SCSAIBSYSA-N,C5H12N2O2,1,1,1,0,0.445005488,0.445005488,0.445005488,NA,MTBLS11904,Up in PD,1,FALSE,FALSE
IK_PHMBVCPLDPDESM-GHNGIAPOSA-N,Pseudoecgonine,Pseudoecgonine,PHMBVCPLDPDESM-GHNGIAPOSA-N,C9H15NO3,1,1,0,1,-0.444972268,-0.444972268,0.444972268,NA,MTBLS11904,Down in PD,1,FALSE,FALSE
IK_QPHPUQJVKQXISS-UHFFFAOYSA-N,Thioapfelsaure,Thioapfelsaure,QPHPUQJVKQXISS-UHFFFAOYSA-N,C4H6O3S,1,1,1,0,0.444606856,0.444606856,0.444606856,NA,MTBLS11904,Up in PD,1,FALSE,FALSE
IK_WSGVTKZFVJSJOG-RCOVLWMOSA-N,Asp Gly Val,Asp Gly Val,WSGVTKZFVJSJOG-RCOVLWMOSA-N,C11H19N3O6,1,1,1,0,0.444606856,0.444606856,0.444606856,NA,MTBLS11904,Up in PD,1,FALSE,FALSE
IK_WOODKECARRKLJJ-DIJRFRLPSA-N,"7alpha,12alpha,26-trihydroxycholest-4-en-3-one","7alpha,12alpha,26-trihydroxycholest-4-en-3-one",WOODKECARRKLJJ-DIJRFRLPSA-N,C27H44O4,1,1,1,0,0.443909251,0.443909251,0.443909251,NA,MTBLS11904,Up in PD,1,FALSE,FALSE
IK_JGUNZIWGNMQSBM-SIGMCMEVSA-N,(+/-)9-HpODE,(+/-)9-HpODE,JGUNZIWGNMQSBM-SIGMCMEVSA-N,C18H32O4,1,1,1,0,0.443676716,0.443676716,0.443676716,NA,MTBLS11904,Up in PD,1,FALSE,FALSE
IK_LHQIJBMDNUYRAM-DZSWIPIPSA-N,Biopterin,Biopterin,LHQIJBMDNUYRAM-DZSWIPIPSA-N,C6H13N,1,1,1,0,0.443606652,0.443606652,0.443606652,1.74e-4,28880465,Up in PD,1,FALSE,FALSE
UNKNOWN_ROW__24167579__unknown_170,unknown_170,unknown_170,NA,NA,1,1,1,0,0.443606652,0.443606652,0.443606652,NA,24167579,Up in PD,1,FALSE,FALSE
IK_BIEOSECQPGGZMF-WMPRHZDHSA-N,LPC 22:5,LPC 22:5,BIEOSECQPGGZMF-WMPRHZDHSA-N,C30H52NO7P,1,1,1,0,0.443606651,0.443606651,0.443606651,2.23e-5,37755270,Up in PD,1,FALSE,FALSE
IK_CGVOQSQIYSUXAT-PPLFXBRHSA-N,SM(d18:0/16:1(9Z)),SM(d18:0/16:1(9Z)),CGVOQSQIYSUXAT-PPLFXBRHSA-N,C39H79N2O6P,1,1,0,1,-0.443178427,-0.443178427,0.443178427,NA,MTBLS11904,Down in PD,1,FALSE,FALSE
IK_HUTDUHSNJYTCAR-UHFFFAOYSA-N,Ancymidol,Ancymidol,HUTDUHSNJYTCAR-UHFFFAOYSA-N,C15H16N2O2,1,1,0,1,-0.442979112,-0.442979112,0.442979112,NA,MTBLS11904,Down in PD,1,FALSE,FALSE
IK_ICMUIFDBEVJCQA-GQQBCVOHSA-N,N-Acetylmuramoyl-Ala,N-Acetylmuramoyl-Ala,ICMUIFDBEVJCQA-GQQBCVOHSA-N,C14H24N2O9,1,1,0,1,-0.442945892,-0.442945892,0.442945892,NA,MTBLS11904,Down in PD,1,FALSE,FALSE
IK_GTPATKZCXDKGQS-UHFFFAOYSA-N,DHAP(18:0),DHAP(18:0),GTPATKZCXDKGQS-UHFFFAOYSA-N,C21H41O7P,1,1,1,0,0.442912673,0.442912673,0.442912673,NA,MTBLS11904,Up in PD,1,FALSE,FALSE
IK_FXYSHYMHTAACSV-FTHMGGAWSA-N,Azukisaponin III,Azukisaponin III,FXYSHYMHTAACSV-FTHMGGAWSA-N,C42H66O15,1,1,0,1,-0.442195136,-0.442195136,0.442195136,NA,MTBLS11904,Down in PD,1,FALSE,FALSE
IK_DYNKRGCMLGUEMN-YFKPBYRVSA-N,Parasorbic acid,Parasorbic acid,DYNKRGCMLGUEMN-YFKPBYRVSA-N,C6H8O2,1,1,1,0,0.440321569,0.440321569,0.440321569,NA,MTBLS11904,Up in PD,1,FALSE,FALSE
IK_FPUXKXIZEIDQKW-VKMVSBOZSA-N,Ginkgolide A,Ginkgolide A,FPUXKXIZEIDQKW-VKMVSBOZSA-N,C20H24O9,1,1,1,0,0.439424648,0.439424648,0.439424648,NA,MTBLS11904,Up in PD,1,FALSE,FALSE
IK_JXDFEUKNHBHUCP-UHFFFAOYSA-N,N-Nonanoylglycine,N-Nonanoylglycine,JXDFEUKNHBHUCP-UHFFFAOYSA-N,C11H21NO3,1,1,1,0,0.43935821,0.43935821,0.43935821,NA,MTBLS11904,Up in PD,1,FALSE,FALSE
IK_GPSDUZXPYCFOSQ-UHFFFAOYSA-N,3-methylbenzoic acid 01,3-methylbenzoic acid 01,GPSDUZXPYCFOSQ-UHFFFAOYSA-N,C8H8O2,1,1,0,1,-0.438307279,-0.438307279,0.438307279,0.00291,38720721,Down in PD,1,FALSE,FALSE
IK_XBSQTYHEGZTYJE-OETIFKLTSA-N,Lithocholic acid glycine conjugate,Lithocholic acid glycine conjugate | Glycolithocholic acid,XBSQTYHEGZTYJE-OETIFKLTSA-N,C26H43NO4,1,1,1,0,0.438062658,0.438062658,0.438062658,NA,MTBLS11904,Up in PD,1,FALSE,FALSE
IK_XCRLPASVMPBQHF-FQEVSTJZSA-N,"1-[(2R)-2-(1,3-Benzodioxol-4-yl)heptyl]-3-[2,6-di(propan-2-yl)phenyl]urea","1-[(2R)-2-(1,3-Benzodioxol-4-yl)heptyl]-3-[2,6-di(propan-2-yl)phenyl]urea",XCRLPASVMPBQHF-FQEVSTJZSA-N,C27H38N2O3,1,1,1,0,0.437796904,0.437796904,0.437796904,NA,MTBLS11904,Up in PD,1,FALSE,FALSE
IK_KTSUCMSACGPDKE-UHFFFAOYSA-N,"[(2R,3S,4R,5R)-3,4,5,6-Tetrahydroxy-1-oxohexan-2-yl] (2S)-2-aminopropanoate","[(2R,3S,4R,5R)-3,4,5,6-Tetrahydroxy-1-oxohexan-2-yl] (2S)-2-aminopropanoate",KTSUCMSACGPDKE-UHFFFAOYSA-N,C9H17NO7,1,1,1,0,0.437464711,0.437464711,0.437464711,NA,MTBLS11904,Up in PD,1,FALSE,FALSE
IK_MXAFDFDAIFZFET-QIEOIKHQSA-N,LysoPI(18:0/0:0),LysoPI(18:0/0:0),MXAFDFDAIFZFET-QIEOIKHQSA-N,C27H53O12P,1,1,0,1,-0.437132518,-0.437132518,0.437132518,NA,MTBLS11904,Down in PD,1,FALSE,FALSE
IK_LFPLDCZTCJLLHS-KZJYDNEQSA-N,DG(LTE4/a-21:0/0:0),DG(LTE4/a-21:0/0:0),LFPLDCZTCJLLHS-KZJYDNEQSA-N,C47H83NO8S,1,1,0,1,-0.437099299,-0.437099299,0.437099299,NA,MTBLS11904,Down in PD,1,FALSE,FALSE
IK_BNLANPMAYYCMLY-LCXZALMSSA-N,PC(18:1(9Z)/P-18:1(9Z)),PC(18:1(9Z)/P-18:1(9Z)),BNLANPMAYYCMLY-LCXZALMSSA-N,C44H84NO7P,1,1,0,1,-0.436767106,-0.436767106,0.436767106,NA,MTBLS11904,Down in PD,1,FALSE,FALSE
IK_XKYICAQFSCFURC-UHFFFAOYSA-N,3-Methylbutyl formate,3-Methylbutyl formate,XKYICAQFSCFURC-UHFFFAOYSA-N,C6H12O2,1,1,1,0,0.43656779,0.43656779,0.43656779,NA,MTBLS11904,Up in PD,1,FALSE,FALSE
IK_IVOMOUWHDPKRLL-KQYNXXCUSA-N,"3',5'-Cyclic AMP","3',5'-Cyclic AMP",IVOMOUWHDPKRLL-KQYNXXCUSA-N,C10H12N5O6P,1,1,1,0,0.436335255,0.436335255,0.436335255,NA,MTBLS11904,Up in PD,1,FALSE,FALSE
IK_FFDNVMGPKVVVOG-JCTPYMPQSA-N,Fuegin,Fuegin,FFDNVMGPKVVVOG-JCTPYMPQSA-N,C15H22O4,1,1,1,0,0.436202378,0.436202378,0.436202378,NA,MTBLS11904,Up in PD,1,FALSE,FALSE
IK_ZSIQJIWKELUFRJ-UHFFFAOYSA-N,Hexamethyleneimine,Hexamethyleneimine,ZSIQJIWKELUFRJ-UHFFFAOYSA-N,C6H13N,1,1,1,0,0.435737308,0.435737308,0.435737308,NA,MTBLS11904,Up in PD,1,FALSE,FALSE
IK_JCELSEVNSMXGKA-IOLBBIBUSA-N,SM d36:0,SM d36:0,JCELSEVNSMXGKA-IOLBBIBUSA-N,C41H85N2O6P,1,1,0,1,-0.434402824,-0.434402824,0.434402824,0.00248,37755270,Down in PD,1,FALSE,FALSE
IK_MQDDWIVNNZPOCB-HOTGVXAUSA-N,Elaeocarpidine,Elaeocarpidine,MQDDWIVNNZPOCB-HOTGVXAUSA-N,C17H21N3,1,1,0,1,-0.434402824,-0.434402824,0.434402824,NA,24167579,Down in PD,1,FALSE,FALSE
IK_ROLYKLIDKNENPU-YHTMAJSVSA-O,carnitine 14:3,carnitine 14:3,ROLYKLIDKNENPU-YHTMAJSVSA-O,C21H36NO4+,1,1,0,1,-0.434402824,-0.434402824,0.434402824,0.0095,33485385,Down in PD,1,FALSE,FALSE
UNKNOWN_ROW__24167579__unknown_190,unknown_190,unknown_190,NA,NA,1,1,0,1,-0.434402824,-0.434402824,0.434402824,NA,24167579,Down in PD,1,FALSE,FALSE
UNKNOWN_ROW__24167579__unknown_191,unknown_191,unknown_191,NA,NA,1,1,0,1,-0.434402824,-0.434402824,0.434402824,NA,24167579,Down in PD,1,FALSE,FALSE
UNKNOWN_ROW__24167579__unknown_92,unknown_92,unknown_92,NA,NA,1,1,0,1,-0.434402824,-0.434402824,0.434402824,NA,24167579,Down in PD,1,FALSE,FALSE
UNKNOWN_ROW__24167579__unknown_93,unknown_93,unknown_93,NA,NA,1,1,0,1,-0.434402824,-0.434402824,0.434402824,NA,24167579,Down in PD,1,FALSE,FALSE
IK_XHBSBNYEHDQRCP-UHFFFAOYSA-N,3-Methylguanine,3-Methylguanine,XHBSBNYEHDQRCP-UHFFFAOYSA-N,C6H7N5O,1,1,1,0,0.434375318,0.434375318,0.434375318,NA,MTBLS11904,Up in PD,1,FALSE,FALSE
IK_GTZCVFVGUGFEME-UHFFFAOYSA-N,aconitic acid,aconitic acid,GTZCVFVGUGFEME-UHFFFAOYSA-N,C6H6O6,1,1,1,0,0.434027675,0.434027675,0.434027675,4.31e-5,38720721,Up in PD,1,FALSE,FALSE
IK_UYPYRKYUKCHHIB-UHFFFAOYSA-N,Trimethylamine N-oxide,Trimethylamine N-oxide | Trimethylamine oxide,UYPYRKYUKCHHIB-UHFFFAOYSA-N,C3H9NO,1,1,1,0,0.433146204,0.433146204,0.433146204,NA,MTBLS11904,Up in PD,1,FALSE,FALSE
IK_WYIMORDZGCUBAA-UHFFFAOYSA-N,LPC 19:0,LPC 19:0,WYIMORDZGCUBAA-UHFFFAOYSA-N,C27H56NO7P,1,1,1,0,0.432959407,0.432959407,0.432959407,1.62e-4,37755270,Up in PD,1,FALSE,FALSE
NO_INCHIKEY__lpe n fa 40 6 lpe n fa 18 0 22 6,LPE-N (FA)40:6|LPE-N (FA 18:0)22:6,LPE-N (FA)40:6|LPE-N (FA 18:0)22:6 | LPE-N (FA)40:6 | LPE-N (FA 18:0)22:6,NA,NA,1,1,1,0,0.432959407,0.432959407,0.432959407,0.0237,37755270,Up in PD,1,FALSE,FALSE
IK_QVMUHZHZYCDMAI-RYUDHWBXSA-N,Austdiol,Austdiol,QVMUHZHZYCDMAI-RYUDHWBXSA-N,C12H12O5,1,1,1,0,0.432216064,0.432216064,0.432216064,NA,MTBLS11904,Up in PD,1,FALSE,FALSE
IK_IXRPKRWXUJOOBZ-AVMVYAPKSA-N,Alpha-Santalyl acetate,Alpha-Santalyl acetate,IXRPKRWXUJOOBZ-AVMVYAPKSA-N,C17H26O2,1,1,1,0,0.432016749,0.432016749,0.432016749,NA,MTBLS11904,Up in PD,1,FALSE,FALSE
IK_JNUGGJHCMRWUDV-FMMPLYQGSA-N,Cystathionine sulfoxide,Cystathionine sulfoxide,JNUGGJHCMRWUDV-FMMPLYQGSA-N,C7H14N2O5S,1,1,0,1,-0.431119828,-0.431119828,0.431119828,NA,MTBLS11904,Down in PD,1,FALSE,FALSE
IK_UVZTZBRGZXIBLZ-UHFFFAOYSA-N,11-Maleimidoundecanoic acid,11-Maleimidoundecanoic acid,UVZTZBRGZXIBLZ-UHFFFAOYSA-N,C15H23NO4,1,1,1,0,0.429824276,0.429824276,0.429824276,NA,MTBLS11904,Up in PD,1,FALSE,FALSE
IK_DPRVTGUHOBXEIW-UHFFFAOYSA-N,Lucidenic acid M,Lucidenic acid M,DPRVTGUHOBXEIW-UHFFFAOYSA-N,C27H42O6,1,1,0,1,-0.429691399,-0.429691399,0.429691399,NA,ST003159,Down in PD,1,FALSE,FALSE
IK_PTBQWWHUOMDVFS-UHFFFAOYSA-N,Phomalone,Phomalone,PTBQWWHUOMDVFS-UHFFFAOYSA-N,C13H18O5,1,1,1,0,0.429060233,0.429060233,0.429060233,NA,MTBLS11904,Up in PD,1,FALSE,FALSE
IK_ACSFOIGNUQUIGE-AIPUTVCKSA-N,Dihydrocortisol,Dihydrocortisol,ACSFOIGNUQUIGE-AIPUTVCKSA-N,C21H32O5,1,1,1,0,0.42826297,0.42826297,0.42826297,NA,MTBLS11904,Up in PD,1,FALSE,FALSE
IK_METKIMKYRPQLGS-UHFFFAOYSA-N,Atenolol,Atenolol,METKIMKYRPQLGS-UHFFFAOYSA-N,C14H22N2O3,1,1,1,0,0.427606173,0.427606173,0.427606173,NA,24167579,Up in PD,1,FALSE,FALSE
IK_VYIRVAXUEZSDNC-RDJLEWNRSA-N,Capsanthin,Capsanthin,VYIRVAXUEZSDNC-RDJLEWNRSA-N,C40H56O3,1,1,1,0,0.427432488,0.427432488,0.427432488,NA,MTBLS11904,Up in PD,1,FALSE,FALSE
IK_BXXSHQYDJWZXPB-OKNSCYNVSA-N,Capsidiol,Capsidiol,BXXSHQYDJWZXPB-OKNSCYNVSA-N,C15H24O2,1,1,1,0,0.426635225,0.426635225,0.426635225,NA,MTBLS11904,Up in PD,1,FALSE,FALSE
IK_VPAMUPUPKCTFGJ-PGUFJCEWSA-N,lysoPC a C28:0,lysoPC a C28:0,VPAMUPUPKCTFGJ-PGUFJCEWSA-N,C36H74NO7P,1,1,1,0,0.425305681,0.425305681,0.425305681,NA,34577635,Up in PD,1,FALSE,FALSE
IK_GBDRMPRTNVKBAD-BYPYZUCNSA-N,"(S)-Methyl 2,5-diamino-5-oxopentanoate","(S)-Methyl 2,5-diamino-5-oxopentanoate",GBDRMPRTNVKBAD-BYPYZUCNSA-N,C6H12N2O3,1,1,1,0,0.424708507,0.424708507,0.424708507,NA,MTBLS11904,Up in PD,1,FALSE,FALSE
IK_ORXKASWXOVPKDV-UBWBUNFISA-N,Yuccagenin,Yuccagenin,ORXKASWXOVPKDV-UBWBUNFISA-N,C27H42O4,1,1,1,0,0.424143779,0.424143779,0.424143779,NA,MTBLS11904,Up in PD,1,FALSE,FALSE
IK_PDIGSOAOQOXRDU-WJPZTBRDSA-N,"LysoPC(20:5(5Z,8Z,11Z,14Z,17Z)/0:0)","LysoPC(20:5(5Z,8Z,11Z,14Z,17Z)/0:0)",PDIGSOAOQOXRDU-WJPZTBRDSA-N,C28H48NO7P,1,1,1,0,0.423944464,0.423944464,0.423944464,NA,MTBLS11904,Up in PD,1,FALSE,FALSE
IK_LOWWYYZBZNSPDT-ZBEGNZNMSA-N,Delgocitinib,Delgocitinib,LOWWYYZBZNSPDT-ZBEGNZNMSA-N,C16H18N6O,1,1,1,0,0.423811586,0.423811586,0.423811586,NA,MTBLS11904,Up in PD,1,FALSE,FALSE
IK_UNXHWFMMPAWVPI-ZXZARUISSA-N,erythritol,erythritol | meso-Erythritol,UNXHWFMMPAWVPI-ZXZARUISSA-N,C4H10O4,1,1,1,0,0.423309237,0.423309237,0.423309237,1.96e-6,38720721,Up in PD,1,FALSE,FALSE
IK_ATRNZOYKSNPPBF-UHFFFAOYSA-N,beta-Hydroxymyristic acid,beta-Hydroxymyristic acid,ATRNZOYKSNPPBF-UHFFFAOYSA-N,C14H28O3,1,1,0,1,-0.422752464,-0.422752464,0.422752464,4.11e-4,38720721,Down in PD,1,FALSE,FALSE
IK_NIGWMJHCCYYCSF-UHFFFAOYSA-N,P-CHLOROPHENYLALANINE,P-CHLOROPHENYLALANINE,NIGWMJHCCYYCSF-UHFFFAOYSA-N,C9H10ClNO2,1,1,1,0,0.422416377,0.422416377,0.422416377,NA,MTBLS11904,Up in PD,1,FALSE,FALSE
IK_GLACGTLACKLUJX-QNAXTHAFSA-N,Agnuside,Agnuside,GLACGTLACKLUJX-QNAXTHAFSA-N,C22H26O11,1,1,1,0,0.422233001,0.422233001,0.422233001,NA,24167579,Up in PD,1,FALSE,FALSE
IK_GXEIJYZRCDTJTE-DOFZRALJSA-N,LPC 22:4,LPC 22:4,GXEIJYZRCDTJTE-DOFZRALJSA-N,C30H54NO7P,1,1,1,0,0.422233001,0.422233001,0.422233001,5.29e-5,37755270,Up in PD,1,FALSE,FALSE
IK_RPVCUZZJCXVVDW-WDSKDSINSA-N,Norophthalmic acid [-CO2],Norophthalmic acid [-CO2],RPVCUZZJCXVVDW-WDSKDSINSA-N,C10H12N4O5,1,1,1,0,0.422233001,0.422233001,0.422233001,0.0151,28880465,Up in PD,1,FALSE,FALSE
UNKNOWN_ROW__24167579__unknown_149,unknown_149,unknown_149,NA,NA,1,1,1,0,0.422233001,0.422233001,0.422233001,NA,24167579,Up in PD,1,FALSE,FALSE
IK_AWLYBJONQDYQAK-QTJNYWJXSA-N,Norchalciporyl propionate,Norchalciporyl propionate,AWLYBJONQDYQAK-QTJNYWJXSA-N,C16H21NO2,1,1,1,0,0.422183842,0.422183842,0.422183842,NA,MTBLS11904,Up in PD,1,FALSE,FALSE
IK_UUILWXIBBZVJDU-UHFFFAOYSA-N,"2-Propyl-2,4-pentadienoic acid","2-Propyl-2,4-pentadienoic acid",UUILWXIBBZVJDU-UHFFFAOYSA-N,C8H12O2,1,1,1,0,0.422117403,0.422117403,0.422117403,NA,MTBLS11904,Up in PD,1,FALSE,FALSE
IK_FIXDIFPJOFIIEC-RITPCOANSA-N,(3R)-3-Hydroxy-N-[(3S)-2-oxooxolan-3-yl]butanamide,(3R)-3-Hydroxy-N-[(3S)-2-oxooxolan-3-yl]butanamide,FIXDIFPJOFIIEC-RITPCOANSA-N,C8H13NO4,1,1,1,0,0.420788632,0.420788632,0.420788632,NA,MTBLS11904,Up in PD,1,FALSE,FALSE
IK_ZFFFJLDTCLJDHL-UHFFFAOYSA-N,"3-alpha,20-alpha-Dihydroxy-5-beta-pregnane 3-glucuronide","3-alpha,20-alpha-Dihydroxy-5-beta-pregnane 3-glucuronide",ZFFFJLDTCLJDHL-UHFFFAOYSA-N,C27H44O8,1,1,1,0,0.420655755,0.420655755,0.420655755,NA,MTBLS11904,Up in PD,1,FALSE,FALSE
IK_JJIHLJJYMXLCOY-BYPYZUCNSA-N,N-Acetylserine,N-Acetylserine,JJIHLJJYMXLCOY-BYPYZUCNSA-N,C5H9NO4,1,1,1,0,0.420078116,0.420078116,0.420078116,NA,38720721,Up in PD,1,FALSE,FALSE
IK_FSEUPUDHEBLWJY-HWKANZROSA-N,"2,3-Butanedione monoxime","2,3-Butanedione monoxime",FSEUPUDHEBLWJY-HWKANZROSA-N,C4H7NO2,1,1,1,0,0.419924931,0.419924931,0.419924931,NA,MTBLS11904,Up in PD,1,FALSE,FALSE
IK_HCRKCZRJWPKOAR-JTQLQIEISA-N,Brinzolamide,Brinzolamide,HCRKCZRJWPKOAR-JTQLQIEISA-N,C12H21N3O5S3,1,1,1,0,0.417499923,0.417499923,0.417499923,NA,MTBLS11904,Up in PD,1,FALSE,FALSE
IK_DSPWIGNSRMCMGP-UHFFFAOYSA-N,"(S)-2,3-Dihydro-6-hydroxy-5-(hydroxyacetyl)-2-isopropenylbenzofuran","(S)-2,3-Dihydro-6-hydroxy-5-(hydroxyacetyl)-2-isopropenylbenzofuran",DSPWIGNSRMCMGP-UHFFFAOYSA-N,C13H14O4,1,1,1,0,0.417234169,0.417234169,0.417234169,NA,MTBLS11904,Up in PD,1,FALSE,FALSE
IK_KZTYPOGXRFTJBN-QUPJTARXSA-N,Phaeophorbide b,Phaeophorbide b,KZTYPOGXRFTJBN-QUPJTARXSA-N,C35H34N4O6,1,1,0,1,-0.417101292,-0.417101292,0.417101292,NA,MTBLS11904,Down in PD,1,FALSE,FALSE
IK_NKDFYOWSKOHCCO-YPVLXUMRSA-N,Crustecdysone,Crustecdysone,NKDFYOWSKOHCCO-YPVLXUMRSA-N,C27H44O7,1,1,1,0,0.416835537,0.416835537,0.416835537,NA,ST003159,Up in PD,1,FALSE,FALSE
IK_KYICBZWZQPCUMO-PSALXKTOSA-N,SM(d18:1/14:0),SM(d18:1/14:0),KYICBZWZQPCUMO-PSALXKTOSA-N,C37H75N2O6P,1,1,0,1,-0.416802318,-0.416802318,0.416802318,NA,MTBLS11904,Down in PD,1,FALSE,FALSE
IK_FWMYJLDHIVCJCT-RRHRGVEJSA-N,"PC(18:2(9Z,12Z)/16:0)","PC(18:2(9Z,12Z)/16:0)",FWMYJLDHIVCJCT-RRHRGVEJSA-N,NA,1,1,0,1,-0.416536564,-0.416536564,0.416536564,NA,MTBLS11904,Down in PD,1,FALSE,FALSE
IK_XMIFBEZRFMTGRL-TURQNECASA-N,5-Taurinomethyl-2-thiouridine,5-Taurinomethyl-2-thiouridine,XMIFBEZRFMTGRL-TURQNECASA-N,C12H19N3O8S2,1,1,1,0,0.416536564,0.416536564,0.416536564,NA,MTBLS11904,Up in PD,1,FALSE,FALSE
IK_ZYOPDNLIHHFGEC-FNORWQNLSA-N,"Trans-2, 3, 4-Trimethoxycinnamate","Trans-2, 3, 4-Trimethoxycinnamate",ZYOPDNLIHHFGEC-FNORWQNLSA-N,C12H14O5,1,1,0,1,-0.415606424,-0.415606424,0.415606424,NA,MTBLS11904,Down in PD,1,FALSE,FALSE
IK_LHEGPXCSOZGQCV-AXQAKGHFSA-N,N(4)-Oleylcytosine arabinoside,N(4)-Oleylcytosine arabinoside,LHEGPXCSOZGQCV-AXQAKGHFSA-N,C27H47N3O5,1,1,0,1,-0.415506766,-0.415506766,0.415506766,NA,MTBLS11904,Down in PD,1,FALSE,FALSE
IK_GGJFWMOVUFBSIN-AIRLBKTGSA-O,Se-Adenosylselenomethionine,Se-Adenosylselenomethionine,GGJFWMOVUFBSIN-AIRLBKTGSA-O,C15H22N6O5Se,1,1,0,1,-0.415037499,-0.415037499,0.415037499,NA,24167579,Down in PD,1,FALSE,FALSE
IK_NUDXOGPEQRPSKT-MVOZTAHOSA-N,FA 18:3 (y-linolenic acid),FA 18:3 (y-linolenic acid),NUDXOGPEQRPSKT-MVOZTAHOSA-N,C18H30O3,1,1,0,1,-0.415037499,-0.415037499,0.415037499,0.0377,37755270,Down in PD,1,FALSE,FALSE
NO_INCHIKEY__cer 41 2 2o cer 18 2 2o 23 0,Cer 41:2;2O|Cer 18:2;2O/23:0,Cer 41:2;2O|Cer 18:2;2O/23:0 | Cer 41:2;2O | Cer 18:2;2O/23:0,NA,NA,1,1,0,1,-0.415037499,-0.415037499,0.415037499,4.92e-5,37755270,Down in PD,1,FALSE,FALSE
IK_UPJFTVFLSIQQAV-KOLCDFICSA-N,Neocnidilide,Neocnidilide,UPJFTVFLSIQQAV-KOLCDFICSA-N,C12H18O2,1,1,1,0,0.414709503,0.414709503,0.414709503,NA,MTBLS11904,Up in PD,1,FALSE,FALSE
IK_JUAPMRSLDANLAS-HOTGVXAUSA-N,Phe Phe,Phe Phe,JUAPMRSLDANLAS-HOTGVXAUSA-N,C9H11NO2,1,1,1,0,0.413978679,0.413978679,0.413978679,NA,MTBLS11904,Up in PD,1,FALSE,FALSE
IK_LSVHZFZMMXHHBS-MNBASXMYSA-N,"10,11-dihydro-20-trihydroxy-leukotriene B4","10,11-dihydro-20-trihydroxy-leukotriene B4",LSVHZFZMMXHHBS-MNBASXMYSA-N,C20H34O7,1,1,1,0,0.413912241,0.413912241,0.413912241,NA,MTBLS11904,Up in PD,1,FALSE,FALSE
IK_JWICNZAGYSIBAR-UHFFFAOYSA-N,Fibrinopeptide A human,Fibrinopeptide A human,JWICNZAGYSIBAR-UHFFFAOYSA-N,C63H97N19O26,1,1,1,0,0.413812583,0.413812583,0.413812583,NA,MTBLS11904,Up in PD,1,FALSE,FALSE
IK_NXJAXUYOQLTISD-UHFFFAOYSA-N,O-Glutarylcarnitine,O-Glutarylcarnitine,NXJAXUYOQLTISD-UHFFFAOYSA-N,C12H21NO6,1,1,1,0,0.413380732,0.413380732,0.413380732,NA,MTBLS11904,Up in PD,1,FALSE,FALSE
IK_JRLGPAXAGHMNOL-LURJTMIESA-N,N2-Acetylornithine,N2-Acetylornithine | N-Acetylornithine,JRLGPAXAGHMNOL-LURJTMIESA-N,C7H14N2O3,1,1,1,0,0.413314294,0.413314294,0.413314294,NA,MTBLS11904,Up in PD,1,FALSE,FALSE
IK_MFXYPCMYAZAZDX-UHFFFAOYSA-N,Notoginsenoside R10,Notoginsenoside R10,MFXYPCMYAZAZDX-UHFFFAOYSA-N,C30H50O9,1,1,1,0,0.412816004,0.412816004,0.412816004,NA,MTBLS11904,Up in PD,1,FALSE,FALSE
IK_BJSNGVYBQJIGRT-UHFFFAOYSA-N,Theasaponin F1,Theasaponin F1,BJSNGVYBQJIGRT-UHFFFAOYSA-N,C20H14O7,1,1,0,1,-0.412716347,-0.412716347,0.412716347,NA,MTBLS11904,Down in PD,1,FALSE,FALSE
IK_WYKHFQKONWMWQM-UHFFFAOYSA-N,2-Mercaptonicotinic acid,2-Mercaptonicotinic acid,WYKHFQKONWMWQM-UHFFFAOYSA-N,C6H5NO2S,1,1,0,1,-0.412583469,-0.412583469,0.412583469,NA,MTBLS11904,Down in PD,1,FALSE,FALSE
IK_VYFLJWHRKHRHBR-CGLJIMKOSA-N,"PS(22:1(13Z)/22:6(5Z,8E,10Z,13Z,15E,19Z)-2OH(7S, 17S))","PS(22:1(13Z)/22:6(5Z,8E,10Z,13Z,15E,19Z)-2OH(7S, 17S))",VYFLJWHRKHRHBR-CGLJIMKOSA-N,C50H84NO12P,1,1,1,0,0.412483812,0.412483812,0.412483812,NA,MTBLS11904,Up in PD,1,FALSE,FALSE
IK_CFWSFZFUNZRIFO-UHFFFAOYSA-N,4-Ketoniridazole,4-Ketoniridazole,CFWSFZFUNZRIFO-UHFFFAOYSA-N,C6H4N4O4S,1,1,1,0,0.412218057,0.412218057,0.412218057,NA,MTBLS11904,Up in PD,1,FALSE,FALSE
IK_HCHGFYPZNIAAGT-MOZMCZEASA-N,Donhexocin,Donhexocin,HCHGFYPZNIAAGT-MOZMCZEASA-N,C35H66O8,1,1,1,0,0.411952303,0.411952303,0.411952303,NA,MTBLS11904,Up in PD,1,FALSE,FALSE
IK_OKYHUOHBRKWCQJ-UUEXCLNXSA-N,Isoalliin,Isoalliin,OKYHUOHBRKWCQJ-UUEXCLNXSA-N,C6H11NO3S,1,1,1,0,0.411553672,0.411553672,0.411553672,NA,MTBLS11904,Up in PD,1,FALSE,FALSE
IK_BMSDHYZLQWTKSQ-LSJAAEOESA-N,TG 53:4,TG 53:4,BMSDHYZLQWTKSQ-LSJAAEOESA-N,C56H100O6,1,1,1,0,0.411426246,0.411426246,0.411426246,0.00107,37755270,Up in PD,1,FALSE,FALSE
UNKNOWN_ROW__24167579__unknown_152,unknown_152,unknown_152,NA,NA,1,1,1,0,0.411426246,0.411426246,0.411426246,NA,24167579,Up in PD,1,FALSE,FALSE
UNKNOWN_ROW__24167579__unknown_155,unknown_155,unknown_155,NA,NA,1,1,1,0,0.411426246,0.411426246,0.411426246,NA,24167579,Up in PD,1,FALSE,FALSE
IK_BWCRYQGQPDBOAU-WZBVPYLGSA-N,Milbemycin D,Milbemycin D,BWCRYQGQPDBOAU-WZBVPYLGSA-N,C33H48O7,1,1,1,0,0.411121821,0.411121821,0.411121821,NA,MTBLS11904,Up in PD,1,FALSE,FALSE
IK_AMPNNTLXPJCDJF-UHFFFAOYSA-N,Ethylenediaminetetraaceticacid,Ethylenediaminetetraaceticacid,AMPNNTLXPJCDJF-UHFFFAOYSA-N,C10H16N2O8,1,1,0,1,-0.41068997,-0.41068997,0.41068997,NA,MTBLS11904,Down in PD,1,FALSE,FALSE
IK_MSYKRHVOOPPJKU-BDAKNGLRSA-N,Brivaracetam,Brivaracetam,MSYKRHVOOPPJKU-BDAKNGLRSA-N,C11H20N2O2,1,1,1,0,0.410291339,0.410291339,0.410291339,NA,MTBLS11904,Up in PD,1,FALSE,FALSE
IK_CWWWTTYMUOYSQA-LLVKDONJSA-N,Etamicastat,Etamicastat,CWWWTTYMUOYSQA-LLVKDONJSA-N,C14H15F2N3OS,1,1,1,0,0.409361199,0.409361199,0.409361199,NA,MTBLS11904,Up in PD,1,FALSE,FALSE
IK_ILVGMCVCQBJPSH-WDSKDSINSA-N,Ser-Val,Ser-Val,ILVGMCVCQBJPSH-WDSKDSINSA-N,C8H16N2O4,1,1,0,1,-0.40927823,-0.40927823,0.40927823,1.15e-14,38720721,Down in PD,1,FALSE,FALSE
IK_NJCXGFKPQSFZIB-RRKCRQDMSA-N,5-Chloro-2'-deoxyuridine,5-Chloro-2'-deoxyuridine,NJCXGFKPQSFZIB-RRKCRQDMSA-N,C9H11ClN2O5,1,1,1,0,0.408929349,0.408929349,0.408929349,NA,MTBLS11904,Up in PD,1,FALSE,FALSE
IK_UKAUYVFTDYCKQA-UHFFFAOYSA-N,DL-Homoserine,DL-Homoserine,UKAUYVFTDYCKQA-UHFFFAOYSA-N,C4H9NO3,1,1,1,0,0.408497498,0.408497498,0.408497498,NA,MTBLS11904,Up in PD,1,FALSE,FALSE
IK_BWRPYSJNBVBIRP-FLFBIERCSA-N,Ineketone,Ineketone,BWRPYSJNBVBIRP-FLFBIERCSA-N,C20H30O3,1,1,1,0,0.407633797,0.407633797,0.407633797,NA,MTBLS11904,Up in PD,1,FALSE,FALSE
IK_SNPLKNRPJHDVJA-UHFFFAOYSA-N,Panthenol,Panthenol,SNPLKNRPJHDVJA-UHFFFAOYSA-N,C9H19NO4,1,1,0,1,-0.407334823,-0.407334823,0.407334823,NA,MTBLS11904,Down in PD,1,FALSE,FALSE
IK_WPJGPAAPSBVXNU-HZJYTTRNSA-N,"7Z,10Z-Hexadecadienoic acid","7Z,10Z-Hexadecadienoic acid",WPJGPAAPSBVXNU-HZJYTTRNSA-N,C16H28O2,1,1,1,0,0.407301604,0.407301604,0.407301604,NA,MTBLS11904,Up in PD,1,FALSE,FALSE
IK_CEIZFXOZIQNICU-XNCJUZBTSA-N,Tenuazonic Acid,Tenuazonic Acid,CEIZFXOZIQNICU-XNCJUZBTSA-N,C10H15NO3,1,1,1,0,0.406305025,0.406305025,0.406305025,NA,MTBLS11904,Up in PD,1,FALSE,FALSE
IK_WXNXCEHXYPACJF-UHFFFAOYSA-N,Acetyl-DL-Leucine,Acetyl-DL-Leucine,WXNXCEHXYPACJF-UHFFFAOYSA-N,C8H15NO3,1,1,0,1,-0.406172148,-0.406172148,0.406172148,NA,MTBLS11904,Down in PD,1,FALSE,FALSE
IK_KGNGTSCIQCLKEH-SYCVNHKBSA-N,Vicine,Vicine,KGNGTSCIQCLKEH-SYCVNHKBSA-N,C10H16N4O7,1,1,1,0,0.405308447,0.405308447,0.405308447,NA,MTBLS11904,Up in PD,1,FALSE,FALSE
IK_OAMCCJASDLMTOO-UHFFFAOYSA-N,"3,4-Bis(7-chloroindol-3-yl)pyrrole-2,5-dicarboxylate","3,4-Bis(7-chloroindol-3-yl)pyrrole-2,5-dicarboxylate",OAMCCJASDLMTOO-UHFFFAOYSA-N,C22H13Cl2N3O4,1,1,0,1,-0.40354186,-0.40354186,0.40354186,NA,24167579,Down in PD,1,FALSE,FALSE
IK_WXNXCEHXYPACJF-ZETCQYMHSA-N,N-Acetylleucine,N-Acetylleucine,WXNXCEHXYPACJF-ZETCQYMHSA-N,C8H15NO3,1,1,1,0,0.403514606,0.403514606,0.403514606,NA,MTBLS11904,Up in PD,1,FALSE,FALSE
IK_RXVWSYJTUUKTEA-CGQAXDJHSA-N,maltotriose,maltotriose,RXVWSYJTUUKTEA-CGQAXDJHSA-N,C18H32O16,1,1,1,0,0.402722177,0.402722177,0.402722177,0.00336,38720721,Up in PD,1,FALSE,FALSE
IK_HWXBTNAVRSUOJR-UHFFFAOYSA-N,2-hydroxyglutaric acid,2-hydroxyglutaric acid,HWXBTNAVRSUOJR-UHFFFAOYSA-N,C5H8O5,1,1,1,0,0.401630467,0.401630467,0.401630467,0.00196,38720721,Up in PD,1,FALSE,FALSE
IK_UPLCTTWJNCYYAW-UHFFFAOYSA-N,Arg-Thr-Lys-Arg,Arg-Thr-Lys-Arg,UPLCTTWJNCYYAW-UHFFFAOYSA-N,C22H45N11O6,1,1,1,0,0.401355352,0.401355352,0.401355352,NA,MTBLS11904,Up in PD,1,FALSE,FALSE
IK_UCVNAFBEVWCUSK-SEYXRHQNSA-N,LPC O-22:1,LPC O-22:1,UCVNAFBEVWCUSK-SEYXRHQNSA-N,C30H62NO6P,1,1,1,0,0.40053793,0.40053793,0.40053793,NA,37755270,Up in PD,1,FALSE,FALSE
UNKNOWN_ROW__24167579__unknown_146,unknown_146,unknown_146,NA,NA,1,1,1,0,0.40053793,0.40053793,0.40053793,NA,24167579,Up in PD,1,FALSE,FALSE
UNKNOWN_ROW__24167579__unknown_148,unknown_148,unknown_148,NA,NA,1,1,1,0,0.40053793,0.40053793,0.40053793,NA,24167579,Up in PD,1,FALSE,FALSE
UNKNOWN_ROW__24167579__unknown_163,unknown_163,unknown_163,NA,NA,1,1,1,0,0.40053793,0.40053793,0.40053793,NA,24167579,Up in PD,1,FALSE,FALSE
IK_OFPGGYKTROURFO-UCCAZXFESA-N,"Cer(d16:1/20:4(5Z,8Z,11Z,14Z)-OH(20))","Cer(d16:1/20:4(5Z,8Z,11Z,14Z)-OH(20))",OFPGGYKTROURFO-UCCAZXFESA-N,C36H63NO4,1,1,0,1,-0.40009302,-0.40009302,0.40009302,NA,MTBLS11904,Down in PD,1,FALSE,FALSE
IK_WNYADZVDBIBLJJ-UHFFFAOYSA-N,N-Nitroso-pyrrolidine,N-Nitroso-pyrrolidine,WNYADZVDBIBLJJ-UHFFFAOYSA-N,C4H8N2O,1,1,0,1,-0.399960143,-0.399960143,0.399960143,NA,MTBLS11904,Down in PD,1,FALSE,FALSE
IK_XMLFPUBZFSJWCN-UHFFFAOYSA-N,2-Hydroxy-4-trifluoromethyl benzoic acid,2-Hydroxy-4-trifluoromethyl benzoic acid,XMLFPUBZFSJWCN-UHFFFAOYSA-N,C8H5F3O3,1,1,0,1,-0.399926923,-0.399926923,0.399926923,NA,MTBLS11904,Down in PD,1,FALSE,FALSE
IK_SJBDVPKAXKLGPV-UKNYEQEFSA-N,Mascaroside,Mascaroside,SJBDVPKAXKLGPV-UKNYEQEFSA-N,C26H36O11,1,1,1,0,0.398897126,0.398897126,0.398897126,NA,MTBLS11904,Up in PD,1,FALSE,FALSE
IK_SXHQUGJSTGOXMD-UHFFFAOYSA-N,6-Thiourate,6-Thiourate,SXHQUGJSTGOXMD-UHFFFAOYSA-N,C5H4N4O2S,1,1,0,1,-0.398564933,-0.398564933,0.398564933,NA,MTBLS11904,Down in PD,1,FALSE,FALSE
IK_SERHXTVXHNVDKA-BYPYZUCNSA-N,Pantolactone,Pantolactone,SERHXTVXHNVDKA-BYPYZUCNSA-N,C6H10O3,1,1,1,0,0.397701232,0.397701232,0.397701232,NA,MTBLS11904,Up in PD,1,FALSE,FALSE
IK_RLVAVWQAAQFUOP-UHFFFAOYSA-N,3-Epipapyriferic acid,3-Epipapyriferic acid,RLVAVWQAAQFUOP-UHFFFAOYSA-N,C35H56O8,1,1,1,0,0.397601574,0.397601574,0.397601574,NA,MTBLS11904,Up in PD,1,FALSE,FALSE
IK_JJMDCOVWQOJGCB-UHFFFAOYSA-N,5-Aminopentanoic acid,5-Aminopentanoic acid,JJMDCOVWQOJGCB-UHFFFAOYSA-N,C5H11NO2,1,1,1,0,0.397169723,0.397169723,0.397169723,NA,MTBLS11904,Up in PD,1,FALSE,FALSE
IK_PALVOIADDFXQGT-HZJYTTRNSA-N,"LysoPA(0:0/18:2(9Z,12Z))","LysoPA(0:0/18:2(9Z,12Z))",PALVOIADDFXQGT-HZJYTTRNSA-N,C21H39O7P,1,1,1,0,0.396671434,0.396671434,0.396671434,NA,MTBLS11904,Up in PD,1,FALSE,FALSE
IK_WDNOQSUMHJTAOV-RAUWIWGKSA-N,"PC(20:5(5Z,8Z,11Z,14Z,17Z)/P-18:1(11Z))","PC(20:5(5Z,8Z,11Z,14Z,17Z)/P-18:1(11Z))",WDNOQSUMHJTAOV-RAUWIWGKSA-N,C46H80NO7P,1,1,0,1,-0.396472118,-0.396472118,0.396472118,NA,MTBLS11904,Down in PD,1,FALSE,FALSE
IK_WHNWPMSKXPGLAX-UHFFFAOYSA-N,N-VINYL-2-PYRROLIDONE,N-VINYL-2-PYRROLIDONE,WHNWPMSKXPGLAX-UHFFFAOYSA-N,C6H9NO,1,1,1,0,0.396472118,0.396472118,0.396472118,NA,MTBLS11904,Up in PD,1,FALSE,FALSE
IK_HZPUWSUHFOTSAY-AKTWBEBISA-N,Cer 18:1;2O/24:1,Cer 18:1;2O/24:1,HZPUWSUHFOTSAY-AKTWBEBISA-N,C42H81NO3,1,1,0,1,-0.395928676,-0.395928676,0.395928676,0.00441,37755270,Down in PD,1,FALSE,FALSE
IK_WCFPKRXBSJDTMS-LGVIUEQGSA-N,FA 19:1,FA 19:1,WCFPKRXBSJDTMS-LGVIUEQGSA-N,C53H90O7,1,1,0,1,-0.395928676,-0.395928676,0.395928676,NA,37755270,Down in PD,1,FALSE,FALSE
NO_INCHIKEY__ffa 11 1,FFA 11:1,FFA 11:1,NA,NA,1,1,0,1,-0.395928676,-0.395928676,0.395928676,0.0061,33485385,Down in PD,1,FALSE,FALSE
NO_INCHIKEY__possible flavonoid,Possible flavonoid,Possible flavonoid,NA,C21H18O7,1,1,0,1,-0.395928676,-0.395928676,0.395928676,NA,24167579,Down in PD,1,FALSE,FALSE
UNKNOWN_ROW__24167579__unknown_167,unknown_167,unknown_167,NA,NA,1,1,0,1,-0.395928676,-0.395928676,0.395928676,NA,24167579,Down in PD,1,FALSE,FALSE
IK_NIPLIJLVGZCKMP-UHFFFAOYSA-M,Neurine,Neurine,NIPLIJLVGZCKMP-UHFFFAOYSA-M,C5H13NO,1,1,1,0,0.39590739,0.39590739,0.39590739,NA,ST003159,Up in PD,1,FALSE,FALSE
IK_MHDRTPJQGBFRLF-HKBYYINESA-N,"DG(22:6(4Z,7Z,10Z,13Z,16Z,19Z)/22:2(13Z,16Z)/0:0)","DG(22:6(4Z,7Z,10Z,13Z,16Z,19Z)/22:2(13Z,16Z)/0:0)",MHDRTPJQGBFRLF-HKBYYINESA-N,C47H76O5,1,1,0,1,-0.394312865,-0.394312865,0.394312865,NA,MTBLS11904,Down in PD,1,FALSE,FALSE
IK_MPWUZHVZZKSTPV-MADBQMNMSA-N,"PE(16:0/22:6(4Z,7Z,10Z,13Z,16Z,19Z))","PE(16:0/22:6(4Z,7Z,10Z,13Z,16Z,19Z))",MPWUZHVZZKSTPV-MADBQMNMSA-N,C43H74NO8P,1,1,0,1,-0.39408033,-0.39408033,0.39408033,NA,MTBLS11904,Down in PD,1,FALSE,FALSE
IK_HCHPJRWDAXBWHL-DDCHMOMFSA-N,Cer(d17:1/LTE4),Cer(d17:1/LTE4),HCHPJRWDAXBWHL-DDCHMOMFSA-N,C40H70N2O6S,1,1,1,0,0.392386147,0.392386147,0.392386147,NA,MTBLS11904,Up in PD,1,FALSE,FALSE
IK_YNIJMKWVLKABRN-TWDSNVLRSA-N,"DG(18:2(9Z,12Z)/18:1(11Z)/0:0)","DG(18:2(9Z,12Z)/18:1(11Z)/0:0)",YNIJMKWVLKABRN-TWDSNVLRSA-N,C39H70O5,1,1,0,1,-0.391954296,-0.391954296,0.391954296,NA,MTBLS11904,Down in PD,1,FALSE,FALSE
IK_DZAIOXUZHHTJKN-UHFFFAOYSA-N,2-deoxytetronic acid,2-deoxytetronic acid,DZAIOXUZHHTJKN-UHFFFAOYSA-N,C4H8O4,1,1,1,0,0.39176772,0.39176772,0.39176772,0.0135,38720721,Up in PD,1,FALSE,FALSE
IK_MEJPFLKDAHVOFR-CGEJCFONSA-N,3-O-Methylniveusin A,3-O-Methylniveusin A,MEJPFLKDAHVOFR-CGEJCFONSA-N,C21H28O8,1,1,1,0,0.391721761,0.391721761,0.391721761,NA,MTBLS11904,Up in PD,1,FALSE,FALSE
IK_OBXDTEXUNVDKII-FNMRUBLUSA-N,TG 47:3,TG 47:3,OBXDTEXUNVDKII-FNMRUBLUSA-N,C50H90O6,1,1,1,0,0.389566812,0.389566812,0.389566812,0.035,37755270,Up in PD,1,FALSE,FALSE
UNKNOWN_ROW__24167579__unknown_144,unknown_144,unknown_144,NA,NA,1,1,1,0,0.389566812,0.389566812,0.389566812,NA,24167579,Up in PD,1,FALSE,FALSE
UNKNOWN_ROW__24167579__unknown_145,unknown_145,unknown_145,NA,NA,1,1,1,0,0.389566812,0.389566812,0.389566812,NA,24167579,Up in PD,1,FALSE,FALSE
UNKNOWN_ROW__24167579__unknown_164,unknown_164,unknown_164,NA,NA,1,1,1,0,0.389566812,0.389566812,0.389566812,NA,24167579,Up in PD,1,FALSE,FALSE
IK_ZRQXMKMBBMNNQC-UHFFFAOYSA-N,Isovalerylglycine,Isovalerylglycine,ZRQXMKMBBMNNQC-UHFFFAOYSA-N,C7H13NO3,1,1,1,0,0.38946285,0.38946285,0.38946285,NA,MTBLS11904,Up in PD,1,FALSE,FALSE
IK_JHMWTEQGLBMSLG-DMHZMEFUSA-N,GPCho(20:3/20:3),GPCho(20:3/20:3),JHMWTEQGLBMSLG-DMHZMEFUSA-N,C48H84NO8P,1,1,0,1,-0.389396411,-0.389396411,0.389396411,NA,MTBLS11904,Down in PD,1,FALSE,FALSE
IK_LUSZGTFNYDARNI-UHFFFAOYSA-N,Sesamol,Sesamol,LUSZGTFNYDARNI-UHFFFAOYSA-N,C7H6O3,1,1,0,1,-0.388599149,-0.388599149,0.388599149,NA,MTBLS11904,Down in PD,1,FALSE,FALSE
IK_SSYGGPAGDDGXAF-ZXXIGWHRSA-N,"Estra-1,3,5(10)-triene-3,17-diol, 16-iodo-, (16alpha,17beta)-","Estra-1,3,5(10)-triene-3,17-diol, 16-iodo-, (16alpha,17beta)-",SSYGGPAGDDGXAF-ZXXIGWHRSA-N,C18H23IO2,1,1,1,0,0.388565929,0.388565929,0.388565929,NA,MTBLS11904,Up in PD,1,FALSE,FALSE
IK_WQXXXVRAFAKQJM-WHFBIAKZSA-N,Gamma-Glutamylalanine,Gamma-Glutamylalanine,WQXXXVRAFAKQJM-WHFBIAKZSA-N,C8H14N2O5,1,1,1,0,0.388366614,0.388366614,0.388366614,NA,MTBLS11904,Up in PD,1,FALSE,FALSE
IK_ZWRRJEICIPUPHZ-DAOPMYJZSA-N,Gomisin A,Gomisin A,ZWRRJEICIPUPHZ-DAOPMYJZSA-N,C23H28O7,1,1,1,0,0.386938185,0.386938185,0.386938185,NA,MTBLS11904,Up in PD,1,FALSE,FALSE
IK_MKYPKZSGLSOGLL-LURJTMIESA-N,4-(Glutamylamino) butanoate,4-(Glutamylamino) butanoate,MKYPKZSGLSOGLL-LURJTMIESA-N,C9H16N2O5,1,1,1,0,0.386340237,0.386340237,0.386340237,NA,MTBLS11904,Up in PD,1,FALSE,FALSE
IK_UIPSRRAMIULCRE-OZKVUCNRSA-N,"PG(22:5(7Z,10Z,13Z,16Z,19Z)/22:5(4Z,7Z,10Z,13Z,19Z)-O(16,17))","PG(22:5(7Z,10Z,13Z,16Z,19Z)/22:5(4Z,7Z,10Z,13Z,19Z)-O(16,17))",UIPSRRAMIULCRE-OZKVUCNRSA-N,C50H77O11P,1,1,1,0,0.386340237,0.386340237,0.386340237,NA,MTBLS11904,Up in PD,1,FALSE,FALSE
IK_VTJXFTPMFYAJJU-UHFFFAOYSA-N,Tyrphostin 23,Tyrphostin 23,VTJXFTPMFYAJJU-UHFFFAOYSA-N,C10H6N2O2,1,1,0,1,-0.385576194,-0.385576194,0.385576194,NA,MTBLS11904,Down in PD,1,FALSE,FALSE
IK_FPGSEBKFEJEOSA-UMMCILCDSA-N,8-Oxoguanosine,8-Oxoguanosine,FPGSEBKFEJEOSA-UMMCILCDSA-N,C10H13N5O6,1,1,0,1,-0.38531044,-0.38531044,0.38531044,NA,MTBLS11904,Down in PD,1,FALSE,FALSE
IK_UQZHJQWIISKTJN-QUBZPPHQSA-N,Sulfosuccinimidyl 6-(biotinamido)hexanoate,Sulfosuccinimidyl 6-(biotinamido)hexanoate,UQZHJQWIISKTJN-QUBZPPHQSA-N,C20H30N4O9S2,1,1,1,0,0.385011466,0.385011466,0.385011466,NA,MTBLS11904,Up in PD,1,FALSE,FALSE
IK_CLPMFZLTACEARJ-YCMZWWCJSA-N,"PE-NMe(22:6(4Z,7Z,10Z,13Z,16Z,19Z)/15:0)","PE-NMe(22:6(4Z,7Z,10Z,13Z,16Z,19Z)/15:0)",CLPMFZLTACEARJ-YCMZWWCJSA-N,C43H74NO8P,1,1,0,1,-0.3843803,-0.3843803,0.3843803,NA,MTBLS11904,Down in PD,1,FALSE,FALSE
IK_VUUOTOOJGWQGRY-OEOQYRPPSA-N,PC(P-18:1(9Z)/PGJ2),PC(P-18:1(9Z)/PGJ2),VUUOTOOJGWQGRY-OEOQYRPPSA-N,C46H80NO9P,1,1,0,1,-0.383184406,-0.383184406,0.383184406,NA,MTBLS11904,Down in PD,1,FALSE,FALSE
IK_OGQICQVSFDPSEI-UHFFFAOYSA-N,Tazarotene,Tazarotene,OGQICQVSFDPSEI-UHFFFAOYSA-N,C21H21NO2S,1,1,1,0,0.382852213,0.382852213,0.382852213,NA,MTBLS11904,Up in PD,1,FALSE,FALSE
IK_DWHJJLTXBKSHJG-HWKANZROSA-N,Hydroxyethyl methacrylic acid,Hydroxyethyl methacrylic acid,DWHJJLTXBKSHJG-HWKANZROSA-N,C6H10O3,1,1,1,0,0.381490222,0.381490222,0.381490222,NA,MTBLS11904,Up in PD,1,FALSE,FALSE
IK_GEAXLHPORCRESC-UHFFFAOYSA-N,4-Chlorophenyl,4-Chlorophenyl,GEAXLHPORCRESC-UHFFFAOYSA-N,C6H4Cl,1,1,1,0,0.380726179,0.380726179,0.380726179,NA,MTBLS11904,Up in PD,1,FALSE,FALSE
IK_BCIWKKMTBRYQJU-UHFFFAOYSA-N,(S)-[8]-Gingerol,(S)-[8]-Gingerol,BCIWKKMTBRYQJU-UHFFFAOYSA-N,C19H30O4,1,1,1,0,0.380161451,0.380161451,0.380161451,NA,MTBLS11904,Up in PD,1,FALSE,FALSE
IK_WEQJQNWXCSUVMA-NEPJUHHUSA-N,Phenylalanylproline,Phenylalanylproline,WEQJQNWXCSUVMA-NEPJUHHUSA-N,C14H18N2O3,1,1,1,0,0.379995355,0.379995355,0.379995355,NA,MTBLS11904,Up in PD,1,FALSE,FALSE
IK_OVMSOCFBDVBLFW-VHLOTGQHSA-N,Baccatin III,Baccatin III,OVMSOCFBDVBLFW-VHLOTGQHSA-N,C31H38O11,1,1,0,1,-0.379629943,-0.379629943,0.379629943,NA,MTBLS11904,Down in PD,1,FALSE,FALSE
IK_VFLQJBVJJLGBKM-HZPDHXFCSA-N,Muricatacin,Muricatacin,VFLQJBVJJLGBKM-HZPDHXFCSA-N,C17H32O3,1,1,1,0,0.379330969,0.379330969,0.379330969,NA,MTBLS11904,Up in PD,1,FALSE,FALSE
IK_AEURJYQWJBBJDQ-RRSKNPHNSA-N,PC(22:1(13Z)/LTE4),PC(22:1(13Z)/LTE4),AEURJYQWJBBJDQ-RRSKNPHNSA-N,C53H95N2O11PS,1,1,1,0,0.37929775,0.37929775,0.37929775,NA,MTBLS11904,Up in PD,1,FALSE,FALSE
IK_NQPDZGIKBAWPEJ-UHFFFAOYSA-N,Valeric acid,Valeric acid,NQPDZGIKBAWPEJ-UHFFFAOYSA-N,C5H10O2,1,1,0,1,-0.378511623,-0.378511623,0.378511623,0.0108,29518718,Down in PD,1,FALSE,FALSE
UNKNOWN_ROW__24167579__unknown_133,unknown_133,unknown_133,NA,NA,1,1,1,0,0.378511623,0.378511623,0.378511623,NA,24167579,Up in PD,1,FALSE,FALSE
UNKNOWN_ROW__24167579__unknown_134,unknown_134,unknown_134,NA,NA,1,1,1,0,0.378511623,0.378511623,0.378511623,NA,24167579,Up in PD,1,FALSE,FALSE
UNKNOWN_ROW__24167579__unknown_139,unknown_139,unknown_139,NA,NA,1,1,1,0,0.378511623,0.378511623,0.378511623,NA,24167579,Up in PD,1,FALSE,FALSE
UNKNOWN_ROW__24167579__unknown_159,unknown_159,unknown_159,NA,NA,1,1,1,0,0.378511623,0.378511623,0.378511623,NA,24167579,Up in PD,1,FALSE,FALSE
IK_RGSJNIATDPJNFP-MHAUTQJVSA-N,PE-Cer 20:1;2O/22:0,PE-Cer 20:1;2O/22:0,RGSJNIATDPJNFP-MHAUTQJVSA-N,C44H89N2O6P,1,1,0,1,-0.377069649,-0.377069649,0.377069649,5.04e-5,37755270,Down in PD,1,FALSE,FALSE
NO_INCHIKEY__fahfa 38 4,FAHFA 38:4,FAHFA 38:4,NA,NA,1,1,0,1,-0.377069649,-0.377069649,0.377069649,0.0161,37755270,Down in PD,1,FALSE,FALSE
UNKNOWN_ROW__24167579__unknown_106,unknown_106,unknown_106,NA,NA,1,1,0,1,-0.377069649,-0.377069649,0.377069649,NA,24167579,Down in PD,1,FALSE,FALSE
UNKNOWN_ROW__24167579__unknown_115,unknown_115,unknown_115,NA,NA,1,1,0,1,-0.377069649,-0.377069649,0.377069649,NA,24167579,Down in PD,1,FALSE,FALSE
UNKNOWN_ROW__24167579__unknown_151,unknown_151,unknown_151,NA,NA,1,1,0,1,-0.377069649,-0.377069649,0.377069649,NA,24167579,Down in PD,1,FALSE,FALSE
UNKNOWN_ROW__24167579__unknown_161,unknown_161,unknown_161,NA,NA,1,1,0,1,-0.377069649,-0.377069649,0.377069649,NA,24167579,Down in PD,1,FALSE,FALSE
IK_LCAFGJGYCUMTGS-UHFFFAOYSA-N,Nebracetam,Nebracetam,LCAFGJGYCUMTGS-UHFFFAOYSA-N,C12H16N2O,1,1,1,0,0.376939181,0.376939181,0.376939181,NA,MTBLS11904,Up in PD,1,FALSE,FALSE
IK_RHWSKVCZXBAWLZ-UHFFFAOYSA-N,Psi-Pelletierine,Psi-Pelletierine,RHWSKVCZXBAWLZ-UHFFFAOYSA-N,C9H15NO,1,1,1,0,0.376341234,0.376341234,0.376341234,NA,MTBLS11904,Up in PD,1,FALSE,FALSE
IK_CCGRBSFMPVMVTE-SGTVZEORSA-N,"PE(20:4(6Z,8E,10E,14Z)-2OH(5S,12R)/20:0)","PE(20:4(6Z,8E,10E,14Z)-2OH(5S,12R)/20:0)",CCGRBSFMPVMVTE-SGTVZEORSA-N,C45H82NO10P,1,1,1,0,0.375809725,0.375809725,0.375809725,NA,MTBLS11904,Up in PD,1,FALSE,FALSE
IK_HFXAFXVXPMUQCQ-BYPYZUCNSA-N,4-Oxo-L-proline,4-Oxo-L-proline,HFXAFXVXPMUQCQ-BYPYZUCNSA-N,C5H7NO3,1,1,1,0,0.375643629,0.375643629,0.375643629,NA,MTBLS11904,Up in PD,1,FALSE,FALSE
IK_OUEUPCHAIFZTKH-LSWZYRHBSA-N,GPEtn(14:0/22:2),GPEtn(14:0/22:2),OUEUPCHAIFZTKH-LSWZYRHBSA-N,C41H78NO8P,1,1,0,1,-0.374281639,-0.374281639,0.374281639,NA,MTBLS11904,Down in PD,1,FALSE,FALSE
IK_HXACOUQIXZGNBF-UHFFFAOYSA-N,4-Pyridoxic Acid,4-Pyridoxic Acid,HXACOUQIXZGNBF-UHFFFAOYSA-N,C8H9NO4,1,1,0,1,-0.374248419,-0.374248419,0.374248419,NA,MTBLS11904,Down in PD,1,FALSE,FALSE
IK_KBOJOGQFRVVWBH-ZETCQYMHSA-N,N-Acetyl-L-Histidine,N-Acetyl-L-Histidine,KBOJOGQFRVVWBH-ZETCQYMHSA-N,C8H11N3O3,1,1,1,0,0.374065718,0.374065718,0.374065718,NA,24167579,Up in PD,1,FALSE,FALSE
IK_GLNDAGDHSLMOKX-UHFFFAOYSA-N,7-Amino-4-methylcoumarin,7-Amino-4-methylcoumarin,GLNDAGDHSLMOKX-UHFFFAOYSA-N,C10H9NO2,1,1,1,0,0.372786771,0.372786771,0.372786771,NA,MTBLS11904,Up in PD,1,FALSE,FALSE
IK_JVTAAEKCZFNVCJ-UWTATZPHSA-N,D-Lactic acid,D-Lactic acid,JVTAAEKCZFNVCJ-UWTATZPHSA-N,C3H6O3,1,1,1,0,0.372786771,0.372786771,0.372786771,NA,MTBLS11904,Up in PD,1,FALSE,FALSE
IK_VPKCCODFKUZEMT-KZVLABISSA-N,Glu-Ile-Leu-Asp-Val,Glu-Ile-Leu-Asp-Val,VPKCCODFKUZEMT-KZVLABISSA-N,C26H45N5O10,1,1,1,0,0.37095971,0.37095971,0.37095971,NA,MTBLS11904,Up in PD,1,FALSE,FALSE
NO_INCHIKEY__ps 22 6,PS(22:6),PS(22:6),NA,NA,1,1,1,0,0.370722275,0.370722275,0.370722275,NA,24167579,Up in PD,1,FALSE,FALSE
IK_XVTARERDLIZSBS-KSCSMHSMSA-N,DN-isobutylamide,DN-isobutylamide,XVTARERDLIZSBS-KSCSMHSMSA-N,C20H32N6O5,1,1,1,0,0.370195667,0.370195667,0.370195667,NA,MTBLS11904,Up in PD,1,FALSE,FALSE
IK_FJKROLUGYXJWQN-UHFFFAOYSA-N,4-Hydroxybenzoic acid,4-Hydroxybenzoic acid | P-Salicylic acid,FJKROLUGYXJWQN-UHFFFAOYSA-N,C7H6O3,1,1,1,0,0.369996351,0.369996351,0.369996351,NA,MTBLS11904,Up in PD,1,FALSE,FALSE
IK_PRGQOPPDPVELEG-UHFFFAOYSA-N,Dihydroxycarbazepine,Dihydroxycarbazepine,PRGQOPPDPVELEG-UHFFFAOYSA-N,C15H14N2O3,1,1,0,1,-0.369730597,-0.369730597,0.369730597,NA,MTBLS11904,Down in PD,1,FALSE,FALSE
IK_UPISBTVRUJGIRH-HNANJHLJSA-N,"3,4'-Dimethyquercetin 7-[alpha-L-arabinofuranosyl-(1->6)-glucoside]","3,4'-Dimethyquercetin 7-[alpha-L-arabinofuranosyl-(1->6)-glucoside]",UPISBTVRUJGIRH-HNANJHLJSA-N,C28H32O16,1,1,1,0,0.369498062,0.369498062,0.369498062,NA,MTBLS11904,Up in PD,1,FALSE,FALSE
IK_RJPPRBMGVWEZRR-WTZPKTTFSA-N,Palatinose,Palatinose,RJPPRBMGVWEZRR-WTZPKTTFSA-N,C12H22O11,1,1,0,1,-0.369066211,-0.369066211,0.369066211,NA,MTBLS11904,Down in PD,1,FALSE,FALSE
IK_ZVDPYSVOZFINEE-BQBZGAKWSA-N,Aspartyl-Leucine,Aspartyl-Leucine,ZVDPYSVOZFINEE-BQBZGAKWSA-N,C10H18N2O5,1,1,1,0,0.368866896,0.368866896,0.368866896,NA,MTBLS11904,Up in PD,1,FALSE,FALSE
IK_VTCHIESVVACVBD-DMKRFUROSA-N,Genistein sulfate,Genistein sulfate,VTCHIESVVACVBD-DMKRFUROSA-N,C21H18O14S,1,1,0,1,-0.368767238,-0.368767238,0.368767238,NA,MTBLS11904,Down in PD,1,FALSE,FALSE
IK_PKDTXFWHZWYNAH-UHFFFAOYSA-N,"7,8-Dihydro-3b,6a-dihydroxy-alpha-ionol 9-glucoside","7,8-Dihydro-3b,6a-dihydroxy-alpha-ionol 9-glucoside",PKDTXFWHZWYNAH-UHFFFAOYSA-N,C19H34O8,1,1,1,0,0.368567922,0.368567922,0.368567922,NA,MTBLS11904,Up in PD,1,FALSE,FALSE
IK_HWDMHJDYMFRXOX-XVFCMESISA-N,"Uridine 2',3'-cyclic phosphate","Uridine 2',3'-cyclic phosphate",HWDMHJDYMFRXOX-XVFCMESISA-N,C9H11N2O8P,1,1,0,1,-0.36820251,-0.36820251,0.36820251,NA,MTBLS11904,Down in PD,1,FALSE,FALSE
IK_FHKRUUVTZNTHKJ-NRNNPPJOSA-N,dIDP,dIDP,FHKRUUVTZNTHKJ-NRNNPPJOSA-N,C10H14N4O10P2,1,1,0,1,-0.367969975,-0.367969975,0.367969975,NA,ST003159,Down in PD,1,FALSE,FALSE
IK_BVUMIHICABFWGS-UHFFFAOYSA-N,4-Hydroxyphenylacetic acid sulfate,4-Hydroxyphenylacetic acid sulfate,BVUMIHICABFWGS-UHFFFAOYSA-N,C8H8O6S,1,1,0,1,-0.367538124,-0.367538124,0.367538124,NA,MTBLS11904,Down in PD,1,FALSE,FALSE
IK_IIRQXNVLAXQEKB-KBEZCZBDSA-N,TG 51:4,TG 51:4,IIRQXNVLAXQEKB-KBEZCZBDSA-N,C54H96O6,1,1,1,0,0.367371066,0.367371066,0.367371066,0.00256,37755270,Up in PD,1,FALSE,FALSE
IK_ISSGPXMQOMAFMJ-DMGKHJLRSA-N,TG 51:3,TG 51:3,ISSGPXMQOMAFMJ-DMGKHJLRSA-N,C54H98O6,1,1,1,0,0.367371066,0.367371066,0.367371066,2.99e-4,37755270,Up in PD,1,FALSE,FALSE
NO_INCHIKEY__cer 43 2 2o cer 19 1 2o 24 1,Cer 43:2;2O|Cer 19:1;2O/24:1,Cer 43:2;2O|Cer 19:1;2O/24:1 | Cer 43:2;2O | Cer 19:1;2O/24:1,NA,NA,1,1,1,0,0.367371066,0.367371066,0.367371066,2.54e-4,37755270,Up in PD,1,FALSE,FALSE
NO_INCHIKEY__dg 36 4 isomer a,DG 36:4 Isomer A,DG 36:4 Isomer A,NA,NA,1,1,1,0,0.367371066,0.367371066,0.367371066,0.0107,37755270,Up in PD,1,FALSE,FALSE
UNKNOWN_ROW__24167579__unknown_131,unknown_131,unknown_131,NA,NA,1,1,1,0,0.367371066,0.367371066,0.367371066,NA,24167579,Up in PD,1,FALSE,FALSE
UNKNOWN_ROW__24167579__unknown_138,unknown_138,unknown_138,NA,NA,1,1,1,0,0.367371066,0.367371066,0.367371066,NA,24167579,Up in PD,1,FALSE,FALSE
UNKNOWN_ROW__24167579__unknown_147,unknown_147,unknown_147,NA,NA,1,1,1,0,0.367371066,0.367371066,0.367371066,NA,24167579,Up in PD,1,FALSE,FALSE
IK_JFVBCXHSPKJLRP-UHFFFAOYSA-N,4-Oxopentanenitrile,4-Oxopentanenitrile,JFVBCXHSPKJLRP-UHFFFAOYSA-N,C5H7NO,1,1,1,0,0.367338809,0.367338809,0.367338809,NA,MTBLS11904,Up in PD,1,FALSE,FALSE
IK_DREVJBVJBRSSDL-UHFFFAOYSA-N,Tazolol,Tazolol,DREVJBVJBRSSDL-UHFFFAOYSA-N,C9H16N2O2S,1,1,0,1,-0.36727237,-0.36727237,0.36727237,NA,MTBLS11904,Down in PD,1,FALSE,FALSE
IK_LOAUVZALPPNFOQ-UHFFFAOYSA-N,2-Quinolinecarboxylic acid,2-Quinolinecarboxylic acid,LOAUVZALPPNFOQ-UHFFFAOYSA-N,C10H7NO2,1,1,1,0,0.366076476,0.366076476,0.366076476,NA,MTBLS11904,Up in PD,1,FALSE,FALSE
IK_DQQBTKPFMLVCPZ-SHGZRWORSA-N,"DG(18:4(6Z,9Z,12Z,15Z)/15:0/0:0)","DG(18:4(6Z,9Z,12Z,15Z)/15:0/0:0)",DQQBTKPFMLVCPZ-SHGZRWORSA-N,C36H62O5,1,1,1,0,0.365578187,0.365578187,0.365578187,NA,MTBLS11904,Up in PD,1,FALSE,FALSE
IK_UTTULGRFBPONAA-VPENINKCSA-N,Difluorodeoxyuridine,Difluorodeoxyuridine,UTTULGRFBPONAA-VPENINKCSA-N,C9H10F2N2O5,1,1,1,0,0.365245994,0.365245994,0.365245994,NA,MTBLS11904,Up in PD,1,FALSE,FALSE
IK_VMGXLRXDXJZSTP-UHFFFAOYSA-N,Olsalazine-O-sulfate,Olsalazine-O-sulfate,VMGXLRXDXJZSTP-UHFFFAOYSA-N,C14H10N2O9S,1,1,0,1,-0.365013459,-0.365013459,0.365013459,NA,MTBLS11904,Down in PD,1,FALSE,FALSE
IK_FCXZBWSIAGGPCB-YFKPBYRVSA-N,O-Acetyl-L-homoserine,O-Acetyl-L-homoserine,FCXZBWSIAGGPCB-YFKPBYRVSA-N,C6H11NO4,1,1,1,0,0.364747705,0.364747705,0.364747705,NA,MTBLS11904,Up in PD,1,FALSE,FALSE
IK_HZBABTUFXQLADL-UHFFFAOYSA-N,4-Heptyloxyphenol,4-Heptyloxyphenol,HZBABTUFXQLADL-UHFFFAOYSA-N,C13H20O2,1,1,1,0,0.364714486,0.364714486,0.364714486,NA,MTBLS11904,Up in PD,1,FALSE,FALSE
IK_XCLBLPLSYOQBEP-UHFFFAOYSA-N,"9,9-Dimethyl-1-(sulfinylamino)decane","9,9-Dimethyl-1-(sulfinylamino)decane",XCLBLPLSYOQBEP-UHFFFAOYSA-N,C12H25NOS,1,1,1,0,0.364216196,0.364216196,0.364216196,NA,MTBLS11904,Up in PD,1,FALSE,FALSE
IK_DQUHYEDEGRNAFO-QMMMGPOBSA-N,N.alpha.-(tert-Butoxycarbonyl)-L-aspartamide,N.alpha.-(tert-Butoxycarbonyl)-L-aspartamide,DQUHYEDEGRNAFO-QMMMGPOBSA-N,C11H22N2O4,1,1,0,1,-0.364013496,-0.364013496,0.364013496,0.00145,38720721,Down in PD,1,FALSE,FALSE
IK_NWWJFMCCTZLKNT-UHFFFAOYSA-N,Dihydrothiazine,Dihydrothiazine,NWWJFMCCTZLKNT-UHFFFAOYSA-N,C4H7NS,1,1,1,0,0.363475406,0.363475406,0.363475406,NA,MTBLS11904,Up in PD,1,FALSE,FALSE
IK_HUQABGDIJUXLRG-QHCPKHFHSA-N,DG(O-18:0/2:0/0:0),DG(O-18:0/2:0/0:0),HUQABGDIJUXLRG-QHCPKHFHSA-N,C23H46O4,1,1,1,0,0.363385714,0.363385714,0.363385714,NA,MTBLS11904,Up in PD,1,FALSE,FALSE
IK_NWGKJDSIEKMTRX-MDZDMXLPSA-N,Arlacel,Arlacel,NWGKJDSIEKMTRX-MDZDMXLPSA-N,C24H44O6,1,1,1,0,0.36311996,0.36311996,0.36311996,NA,MTBLS11904,Up in PD,1,FALSE,FALSE
IK_GOLXRNDWAUTYKT-UHFFFAOYSA-N,3-Indolepropionic acid,3-Indolepropionic acid | indole-3-propionic acid,GOLXRNDWAUTYKT-UHFFFAOYSA-N,C11H11NO2,1,1,1,0,0.362522013,0.362522013,0.362522013,NA,MTBLS11904,Up in PD,1,FALSE,FALSE
IK_KDSPLKNONIUZSZ-NGJCXOISSA-N,"(2R,4S,5R)-2,4,5,6-Tetrahydroxyhexanal","(2R,4S,5R)-2,4,5,6-Tetrahydroxyhexanal",KDSPLKNONIUZSZ-NGJCXOISSA-N,C6H12O5,1,1,1,0,0.362289478,0.362289478,0.362289478,NA,MTBLS11904,Up in PD,1,FALSE,FALSE
IK_DWAKNKKXGALPNW-UHFFFAOYSA-N,1-Pyrroline-5-carboxylic acid,1-Pyrroline-5-carboxylic acid,DWAKNKKXGALPNW-UHFFFAOYSA-N,C5H7NO2,1,1,1,0,0.361824408,0.361824408,0.361824408,NA,MTBLS11904,Up in PD,1,FALSE,FALSE
IK_UHISGSDYAIIBMO-UMLSMIIMSA-N,Gingerglycolipid B,Gingerglycolipid B,UHISGSDYAIIBMO-UMLSMIIMSA-N,C33H58O14,1,1,1,0,0.361591873,0.361591873,0.361591873,NA,MTBLS11904,Up in PD,1,FALSE,FALSE
IK_AODPIQQILQLWGS-GXBDJPPSSA-N,Tetrahydrocortisol,Tetrahydrocortisol,AODPIQQILQLWGS-GXBDJPPSSA-N,C21H34O5,1,1,1,0,0.36125968,0.36125968,0.36125968,NA,MTBLS11904,Up in PD,1,FALSE,FALSE
IK_UXDLYVBMRUIQCX-UHFFFAOYSA-N,"1-Hydroxy-2,2,5,5-tetramethylpyrrolidine-3-carboxamide","1-Hydroxy-2,2,5,5-tetramethylpyrrolidine-3-carboxamide",UXDLYVBMRUIQCX-UHFFFAOYSA-N,C9H18N2O2,1,1,1,0,0.359067208,0.359067208,0.359067208,NA,MTBLS11904,Up in PD,1,FALSE,FALSE
IK_ZSYMQFVRTIVMFA-JAHIUHDMSA-N,GPCho(20:4/14:0),GPCho(20:4/14:0),ZSYMQFVRTIVMFA-JAHIUHDMSA-N,C42H76NO8P,1,1,0,1,-0.358668576,-0.358668576,0.358668576,NA,MTBLS11904,Down in PD,1,FALSE,FALSE
IK_JPRQDPHQDRCGNK-SJCQXOIGSA-N,GM3 d34:1,GM3 d34:1,JPRQDPHQDRCGNK-SJCQXOIGSA-N,C57H104N2O21,1,1,0,1,-0.358453971,-0.358453971,0.358453971,0.0134,37755270,Down in PD,1,FALSE,FALSE
IK_MCMLHDBHZRLOED-SFYZADRCSA-N,Ornithine [+CO2],Ornithine [+CO2],MCMLHDBHZRLOED-SFYZADRCSA-N,C6H6N4O2,1,1,0,1,-0.358453971,-0.358453971,0.358453971,7.71e-6,28880465,Down in PD,1,FALSE,FALSE
UNKNOWN_ROW__24167579__unknown_160,unknown_160,unknown_160,NA,NA,1,1,0,1,-0.358453971,-0.358453971,0.358453971,NA,24167579,Down in PD,1,FALSE,FALSE
UNKNOWN_ROW__24167579__unknown_83,unknown_83,unknown_83,NA,NA,1,1,0,1,-0.358453971,-0.358453971,0.358453971,NA,24167579,Down in PD,1,FALSE,FALSE
IK_GKZIWHRNKRBEOH-UHFFFAOYSA-N,Phenylalanylphenylalanine,Phenylalanylphenylalanine,GKZIWHRNKRBEOH-UHFFFAOYSA-N,C18H20N2O3,1,1,1,0,0.357705217,0.357705217,0.357705217,NA,MTBLS11904,Up in PD,1,FALSE,FALSE
IK_JFIWEPHGRUDAJN-DYUFWOLASA-N,3'-C-Ethynylcytidine,3'-C-Ethynylcytidine,JFIWEPHGRUDAJN-DYUFWOLASA-N,C11H13N3O5,1,1,0,1,-0.357671998,-0.357671998,0.357671998,NA,MTBLS11904,Down in PD,1,FALSE,FALSE
IK_WVMWZWGZRAXUBK-SYTVJDICSA-N,3-Dehydroquinic acid,3-Dehydroquinic acid,WVMWZWGZRAXUBK-SYTVJDICSA-N,C7H10O6,1,1,1,0,0.357539121,0.357539121,0.357539121,NA,MTBLS11904,Up in PD,1,FALSE,FALSE
IK_ZKLLSNQJRLJIGT-UYFOZJQFSA-N,Fructose 1-phosphate,Fructose 1-phosphate,ZKLLSNQJRLJIGT-UYFOZJQFSA-N,C6H13O9P,1,1,1,0,0.357306586,0.357306586,0.357306586,NA,MTBLS11904,Up in PD,1,FALSE,FALSE
IK_YBAFDPFAUTYYRW-YUMQZZPRSA-N,Glutamylleucine,Glutamylleucine,YBAFDPFAUTYYRW-YUMQZZPRSA-N,C11H20N2O5,1,1,1,0,0.3566422,0.3566422,0.3566422,NA,MTBLS11904,Up in PD,1,FALSE,FALSE
IK_LOHIEGDVOARVPJ-NSCUHMNNSA-N,Xenognosin A,Xenognosin A,LOHIEGDVOARVPJ-NSCUHMNNSA-N,C16H16O3,1,1,1,0,0.356143911,0.356143911,0.356143911,NA,MTBLS11904,Up in PD,1,FALSE,FALSE
IK_BPEXTIMJLDWDTL-UHFFFAOYSA-N,N2-acetyl-histidine,N2-acetyl-histidine,BPEXTIMJLDWDTL-UHFFFAOYSA-N,C9H11NO,1,1,1,0,0.35614381,0.35614381,0.35614381,NA,38720721,Up in PD,1,FALSE,FALSE
IK_MQGBAQLIFKSMEM-MAZCIEHSSA-N,DG 18:2_18:2,DG 18:2_18:2,MQGBAQLIFKSMEM-MAZCIEHSSA-N,C39H68O5,1,1,1,0,0.35614381,0.35614381,0.35614381,0.0442,37755270,Up in PD,1,FALSE,FALSE
UNKNOWN_ROW__24167579__unknown_103,unknown_103,unknown_103,NA,NA,1,1,1,0,0.35614381,0.35614381,0.35614381,NA,24167579,Up in PD,1,FALSE,FALSE
UNKNOWN_ROW__24167579__unknown_114,unknown_114,unknown_114,NA,NA,1,1,1,0,0.35614381,0.35614381,0.35614381,NA,24167579,Up in PD,1,FALSE,FALSE
UNKNOWN_ROW__24167579__unknown_127,unknown_127,unknown_127,NA,NA,1,1,1,0,0.35614381,0.35614381,0.35614381,NA,24167579,Up in PD,1,FALSE,FALSE
UNKNOWN_ROW__24167579__unknown_128,unknown_128,unknown_128,NA,NA,1,1,1,0,0.35614381,0.35614381,0.35614381,NA,24167579,Up in PD,1,FALSE,FALSE
UNKNOWN_ROW__24167579__unknown_130,unknown_130,unknown_130,NA,NA,1,1,1,0,0.35614381,0.35614381,0.35614381,NA,24167579,Up in PD,1,FALSE,FALSE
UNKNOWN_ROW__24167579__unknown_135,unknown_135,unknown_135,NA,NA,1,1,1,0,0.35614381,0.35614381,0.35614381,NA,24167579,Up in PD,1,FALSE,FALSE
IK_XLHUBROMZOAQMV-UHFFFAOYSA-N,P-Benzosemiquinone,P-Benzosemiquinone,XLHUBROMZOAQMV-UHFFFAOYSA-N,C6H5O2,1,1,0,1,-0.355446306,-0.355446306,0.355446306,NA,MTBLS11904,Down in PD,1,FALSE,FALSE
IK_DVXZVCNEGRKLMW-RPGUUIFVSA-N,Gymnodimine,Gymnodimine,DVXZVCNEGRKLMW-RPGUUIFVSA-N,C32H45NO4,1,1,1,0,0.354416508,0.354416508,0.354416508,NA,MTBLS11904,Up in PD,1,FALSE,FALSE
IK_IYJILWQAFPUBHP-UHFFFAOYSA-N,L-beta-aspartyl-L-leucine,L-beta-aspartyl-L-leucine,IYJILWQAFPUBHP-UHFFFAOYSA-N,C10H18N2O5,1,1,1,0,0.354217193,0.354217193,0.354217193,NA,MTBLS11904,Up in PD,1,FALSE,FALSE
IK_VZCYOOQTPOCHFL-UPHRSURJSA-N,Maleic Acid,Maleic Acid,VZCYOOQTPOCHFL-UPHRSURJSA-N,C4H4O4,1,1,1,0,0.353220614,0.353220614,0.353220614,NA,MTBLS11904,Up in PD,1,FALSE,FALSE
IK_QOEAXNMFJWVZIG-QGZVFWFLSA-N,Decadienyl-l-carnitine,Decadienyl-l-carnitine,QOEAXNMFJWVZIG-QGZVFWFLSA-N,C17H31NO3,1,1,1,0,0.353054518,0.353054518,0.353054518,NA,MTBLS11904,Up in PD,1,FALSE,FALSE
IK_AEESIZVTDUAOEG-MWQVBOBVSA-N,"Pentadeca-3,6,9-trienedioylcarnitine","Pentadeca-3,6,9-trienedioylcarnitine",AEESIZVTDUAOEG-MWQVBOBVSA-N,C22H35NO6,1,1,1,0,0.353021299,0.353021299,0.353021299,NA,MTBLS11904,Up in PD,1,FALSE,FALSE
IK_OIOFPHGTOUDKAJ-UHFFFAOYSA-N,Oxonorfloxacin,Oxonorfloxacin,OIOFPHGTOUDKAJ-UHFFFAOYSA-N,C16H16FN3O4,1,1,1,0,0.353021299,0.353021299,0.353021299,NA,MTBLS11904,Up in PD,1,FALSE,FALSE
IK_URDOHUPGIOGTKV-JTBFTWTJSA-M,Cefuroxime sodium,Cefuroxime sodium,URDOHUPGIOGTKV-JTBFTWTJSA-M,C16H15N4NaO8S,1,1,0,1,-0.352915787,-0.352915787,0.352915787,NA,24167579,Down in PD,1,FALSE,FALSE
IK_TWPMMLHBHPYSMT-UHFFFAOYSA-N,3-Methyl-N-phenylaniline,3-Methyl-N-phenylaniline,TWPMMLHBHPYSMT-UHFFFAOYSA-N,C13H13N,1,1,1,0,0.352788764,0.352788764,0.352788764,NA,MTBLS11904,Up in PD,1,FALSE,FALSE
IK_OTCSBULKTTUVHL-XXSKBKDCSA-N,"2,3-Secoporrigenin","2,3-Secoporrigenin",OTCSBULKTTUVHL-XXSKBKDCSA-N,C27H40O6,1,1,1,0,0.352157597,0.352157597,0.352157597,NA,MTBLS11904,Up in PD,1,FALSE,FALSE
IK_CZGFLAQOJPXVRV-GITAKMRZSA-N,Estriol-17-glucuronide,Estriol-17-glucuronide,CZGFLAQOJPXVRV-GITAKMRZSA-N,C24H32O9,1,1,1,0,0.35205794,0.35205794,0.35205794,NA,MTBLS11904,Up in PD,1,FALSE,FALSE
IK_QUCHWTCTBHQQDU-UHFFFAOYSA-N,2-Amino-4-oxopentanoic acid,2-Amino-4-oxopentanoic acid,QUCHWTCTBHQQDU-UHFFFAOYSA-N,C5H9NO3,1,1,1,0,0.351260677,0.351260677,0.351260677,NA,MTBLS11904,Up in PD,1,FALSE,FALSE
IK_OVRNDRQMDRJTHS-OZRXBMAMSA-N,N-acetylmannosamine,N-acetylmannosamine,OVRNDRQMDRJTHS-OZRXBMAMSA-N,C8H15NO6,1,1,1,0,0.350497247,0.350497247,0.350497247,NA,38720721,Up in PD,1,FALSE,FALSE
IK_USWXDXYEVISELK-UHFFFAOYSA-N,4-Allylpyrocatechol sulfate,4-Allylpyrocatechol sulfate,USWXDXYEVISELK-UHFFFAOYSA-N,C9H10O5S,1,1,0,1,-0.349931906,-0.349931906,0.349931906,NA,MTBLS11904,Down in PD,1,FALSE,FALSE
IK_NYRDUZVMRXFKRA-KCHFORSBSA-N,"PE(20:0/18:4(6Z,9Z,12Z,15Z))","PE(20:0/18:4(6Z,9Z,12Z,15Z))",NYRDUZVMRXFKRA-KCHFORSBSA-N,C43H78NO8P,1,1,0,1,-0.349666151,-0.349666151,0.349666151,NA,MTBLS11904,Down in PD,1,FALSE,FALSE
IK_GFYLSDSUCHVORB-IOSLPCCCSA-N,1-Methyladenosine,1-Methyladenosine,GFYLSDSUCHVORB-IOSLPCCCSA-N,C11H15N5O4,1,1,1,0,0.349466836,0.349466836,0.349466836,NA,MTBLS11904,Up in PD,1,FALSE,FALSE
IK_MTCFGRXMJLQNBG-UWTATZPHSA-N,D-serine,D-serine,MTCFGRXMJLQNBG-UWTATZPHSA-N,C3H7NO3,1,1,0,1,-0.349333959,-0.349333959,0.349333959,NA,ST003159,Down in PD,1,FALSE,FALSE
IK_AYKQJQVWUYEZNU-UHFFFAOYSA-N,Cysteinyl-Asparagine,Cysteinyl-Asparagine,AYKQJQVWUYEZNU-UHFFFAOYSA-N,C7H13N3O4S,1,1,1,0,0.348603134,0.348603134,0.348603134,NA,MTBLS11904,Up in PD,1,FALSE,FALSE
IK_FCLOZPWDDCBDAQ-BELBSWHZSA-N,DG(i-18:0/PGJ2/0:0),DG(i-18:0/PGJ2/0:0),FCLOZPWDDCBDAQ-BELBSWHZSA-N,C41H70O7,1,1,0,1,-0.347905529,-0.347905529,0.347905529,NA,MTBLS11904,Down in PD,1,FALSE,FALSE
IK_YAZBCYAYQHWOBG-UHFFFAOYSA-N,3-Hydroxyheptadecanoylcarnitine,3-Hydroxyheptadecanoylcarnitine,YAZBCYAYQHWOBG-UHFFFAOYSA-N,C24H47NO5,1,1,1,0,0.346809293,0.346809293,0.346809293,NA,MTBLS11904,Up in PD,1,FALSE,FALSE
IK_TTZIHUKKIDPTQT-UHFFFAOYSA-N,"3,3',5,6-Tetrahydroxy-4',7-dimethoxyflavone 3-glucuronide","3,3',5,6-Tetrahydroxy-4',7-dimethoxyflavone 3-glucuronide",TTZIHUKKIDPTQT-UHFFFAOYSA-N,C23H22O14,1,1,1,0,0.346144908,0.346144908,0.346144908,NA,MTBLS11904,Up in PD,1,FALSE,FALSE
IK_HVLXXQDJGPKVMK-NCVKUBNTSA-N,Janthitrem C,Janthitrem C,HVLXXQDJGPKVMK-NCVKUBNTSA-N,C37H47NO4,1,1,1,0,0.345679838,0.345679838,0.345679838,NA,MTBLS11904,Up in PD,1,FALSE,FALSE
IK_YPXHXDXMTWPQTO-SNAWJCMRSA-N,(2E)-3-[3-(sulfooxy)phenyl]prop-2-enoic acid,(2E)-3-[3-(sulfooxy)phenyl]prop-2-enoic acid,YPXHXDXMTWPQTO-SNAWJCMRSA-N,C9H8O6S,1,1,1,0,0.344915794,0.344915794,0.344915794,NA,MTBLS11904,Up in PD,1,FALSE,FALSE
NO_INCHIKEY__lpc 17 1 sn1,LPC 17:1-SN1,LPC 17:1-SN1,NA,NA,1,1,1,0,0.344828497,0.344828497,0.344828497,4.05e-4,37755270,Up in PD,1,FALSE,FALSE
UNKNOWN_ROW__24167579__unknown_120,unknown_120,unknown_120,NA,NA,1,1,1,0,0.344828497,0.344828497,0.344828497,NA,24167579,Up in PD,1,FALSE,FALSE
UNKNOWN_ROW__24167579__unknown_121,unknown_121,unknown_121,NA,NA,1,1,1,0,0.344828497,0.344828497,0.344828497,NA,24167579,Up in PD,1,FALSE,FALSE
UNKNOWN_ROW__24167579__unknown_123,unknown_123,unknown_123,NA,NA,1,1,1,0,0.344828497,0.344828497,0.344828497,NA,24167579,Up in PD,1,FALSE,FALSE
UNKNOWN_ROW__24167579__unknown_125,unknown_125,unknown_125,NA,NA,1,1,1,0,0.344828497,0.344828497,0.344828497,NA,24167579,Up in PD,1,FALSE,FALSE
UNKNOWN_ROW__24167579__unknown_126,unknown_126,unknown_126,NA,NA,1,1,1,0,0.344828497,0.344828497,0.344828497,NA,24167579,Up in PD,1,FALSE,FALSE
UNKNOWN_ROW__24167579__unknown_136,unknown_136,unknown_136,NA,NA,1,1,1,0,0.344828497,0.344828497,0.344828497,NA,24167579,Up in PD,1,FALSE,FALSE
UNKNOWN_ROW__24167579__unknown_143,unknown_143,unknown_143,NA,NA,1,1,1,0,0.344828497,0.344828497,0.344828497,NA,24167579,Up in PD,1,FALSE,FALSE
UNKNOWN_ROW__24167579__unknown_162,unknown_162,unknown_162,NA,NA,1,1,1,0,0.344828497,0.344828497,0.344828497,NA,24167579,Up in PD,1,FALSE,FALSE
UNKNOWN_ROW__24167579__unknown_181,unknown_181,unknown_181,NA,NA,1,1,1,0,0.344828497,0.344828497,0.344828497,NA,24167579,Up in PD,1,FALSE,FALSE
IK_VCMMXZQDRFWYSE-UHFFFAOYSA-N,Plumbagin,Plumbagin,VCMMXZQDRFWYSE-UHFFFAOYSA-N,C11H8O3,1,1,1,0,0.344616821,0.344616821,0.344616821,NA,MTBLS11904,Up in PD,1,FALSE,FALSE
IK_AHTAWKLQNJKVCN-UHFFFAOYSA-N,4-Oxooctanoylcarnitine,4-Oxooctanoylcarnitine,AHTAWKLQNJKVCN-UHFFFAOYSA-N,C15H27NO5,1,1,1,0,0.342922637,0.342922637,0.342922637,NA,MTBLS11904,Up in PD,1,FALSE,FALSE
IK_BTJIUGUIPKRLHP-UHFFFAOYSA-N,4-Nitrophenol,4-Nitrophenol,BTJIUGUIPKRLHP-UHFFFAOYSA-N,C6H5NO3,1,1,1,0,0.342025717,0.342025717,0.342025717,NA,MTBLS11904,Up in PD,1,FALSE,FALSE
IK_XGLZBINKZRQAPD-OTMYLMJASA-N,GPCho(22:5/14:1),GPCho(22:5/14:1),XGLZBINKZRQAPD-OTMYLMJASA-N,C44H76NO8P,1,1,0,1,-0.341361331,-0.341361331,0.341361331,NA,MTBLS11904,Down in PD,1,FALSE,FALSE
IK_RMZIOVJHUJAAEY-UHFFFAOYSA-N,Allyl butyrate,Allyl butyrate,RMZIOVJHUJAAEY-UHFFFAOYSA-N,C7H12O2,1,1,1,0,0.341228454,0.341228454,0.341228454,NA,MTBLS11904,Up in PD,1,FALSE,FALSE
IK_JCCZCUUYYHWRGX-VGMNWLOBSA-N,Leucylhydroxyproline,Leucylhydroxyproline,JCCZCUUYYHWRGX-VGMNWLOBSA-N,C11H20N2O4,1,1,1,0,0.340829823,0.340829823,0.340829823,NA,MTBLS11904,Up in PD,1,FALSE,FALSE
IK_GIVDFJVWLQFBFP-WMPRHZDHSA-N,LPC 44:5,LPC 44:5,GIVDFJVWLQFBFP-WMPRHZDHSA-N,C52H96NO7P,1,1,0,1,-0.340075442,-0.340075442,0.340075442,0.00676,37755270,Down in PD,1,FALSE,FALSE
IK_LBZZFYDZWFULSD-UHFFFAOYSA-N,PC O-37:0,PC O-37:0,LBZZFYDZWFULSD-UHFFFAOYSA-N,C45H92NO7P,1,1,0,1,-0.340075442,-0.340075442,0.340075442,0.00436,37755270,Down in PD,1,FALSE,FALSE
IK_LZCOQTDXKCNBEE-RUTJIGONSA-N,"3-Oxa-9-azoniatricyclo[3.3.1.02,4]nonane, 9-ethyl-7-hydroxy-9-methyl-","3-Oxa-9-azoniatricyclo[3.3.1.02,4]nonane, 9-ethyl-7-hydroxy-9-methyl-",LZCOQTDXKCNBEE-RUTJIGONSA-N,C10H17NO2,1,1,0,1,-0.340075442,-0.340075442,0.340075442,NA,24167579,Down in PD,1,FALSE,FALSE
UNKNOWN_ROW__24167579__unknown_189,unknown_189,unknown_189,NA,NA,1,1,0,1,-0.340075442,-0.340075442,0.340075442,NA,24167579,Down in PD,1,FALSE,FALSE
IK_TZZSWAXSIGWXOS-UHFFFAOYSA-M,5-Acetamidovalerate,5-Acetamidovalerate,TZZSWAXSIGWXOS-UHFFFAOYSA-M,C7H12NO3-,1,1,1,0,0.339633928,0.339633928,0.339633928,NA,MTBLS11904,Up in PD,1,FALSE,FALSE
IK_MULVVBYNDZRKPA-XCZWIQLXSA-N,PC(P-16:0/2:0),PC(P-16:0/2:0),MULVVBYNDZRKPA-XCZWIQLXSA-N,C26H52NO7P,1,1,1,0,0.339368174,0.339368174,0.339368174,NA,MTBLS11904,Up in PD,1,FALSE,FALSE
IK_IPVQLZZIHOAWMC-QXKUPLGCSA-N,Perindopril,Perindopril,IPVQLZZIHOAWMC-QXKUPLGCSA-N,C19H32N2O5,1,1,1,0,0.339334955,0.339334955,0.339334955,NA,MTBLS11904,Up in PD,1,FALSE,FALSE
IK_RRTYEHFGQWNQKK-KIQAWMAPSA-N,12-Keto-tetrahydro-leukotriene B4,12-Keto-tetrahydro-leukotriene B4,RRTYEHFGQWNQKK-KIQAWMAPSA-N,C20H34O4,1,1,0,1,-0.339168859,-0.339168859,0.339168859,NA,MTBLS11904,Down in PD,1,FALSE,FALSE
IK_AOHCBEAZXHZMOR-ZDUSSCGKSA-N,Lenticin,Lenticin,AOHCBEAZXHZMOR-ZDUSSCGKSA-N,C14H18N2O2,1,1,0,1,-0.33910242,-0.33910242,0.33910242,NA,MTBLS11904,Down in PD,1,FALSE,FALSE
IK_VIHYIVKEECZGOU-UHFFFAOYSA-N,1-Acetylimidazole,1-Acetylimidazole,VIHYIVKEECZGOU-UHFFFAOYSA-N,C5H6N2O,1,1,0,1,-0.33863735,-0.33863735,0.33863735,NA,MTBLS11904,Down in PD,1,FALSE,FALSE
IK_NUZWLKWWNNJHPT-UHFFFAOYSA-N,Anthralin,Anthralin,NUZWLKWWNNJHPT-UHFFFAOYSA-N,C14H10O3,1,1,1,0,0.337906526,0.337906526,0.337906526,NA,MTBLS11904,Up in PD,1,FALSE,FALSE
IK_PMZDQRJGMBOQBF-UHFFFAOYSA-N,4-Hydroxyquinoline,4-Hydroxyquinoline,PMZDQRJGMBOQBF-UHFFFAOYSA-N,C9H7NO,1,1,1,0,0.337308579,0.337308579,0.337308579,NA,MTBLS11904,Up in PD,1,FALSE,FALSE
IK_ABFZMYIIUREPLL-ASWJIRIHSA-N,Glycochenodeoxycholic acid 3-glucuronide,Glycochenodeoxycholic acid 3-glucuronide,ABFZMYIIUREPLL-ASWJIRIHSA-N,C32H51NO11,1,1,1,0,0.337009605,0.337009605,0.337009605,NA,MTBLS11904,Up in PD,1,FALSE,FALSE
IK_DDUHZTYCFQRHIY-UHFFFAOYSA-N,Gris-PEG,Gris-PEG,DDUHZTYCFQRHIY-UHFFFAOYSA-N,C17H17ClO6,1,1,1,0,0.336909947,0.336909947,0.336909947,NA,MTBLS11904,Up in PD,1,FALSE,FALSE
IK_QHWZTVCCBMIIKE-SHYZEUOFSA-N,DUDP,DUDP,QHWZTVCCBMIIKE-SHYZEUOFSA-N,C9H14N2O11P2,1,1,1,0,0.336909947,0.336909947,0.336909947,NA,MTBLS11904,Up in PD,1,FALSE,FALSE
IK_DUYSYHSSBDVJSM-KRWOKUGFSA-N,Sphingosine-1-phosphate,Sphingosine-1-phosphate | Sphingosine 1-phosphate,DUYSYHSSBDVJSM-KRWOKUGFSA-N,C18H38NO5P,1,1,1,0,0.336854639,0.336854639,0.336854639,4.31e-4,38720721,Up in PD,1,FALSE,FALSE
IK_VNGUCOGHCJHFID-FLZFTVBESA-N,Soyasapogenol C,Soyasapogenol C,VNGUCOGHCJHFID-FLZFTVBESA-N,C30H48O2,1,1,1,0,0.336544535,0.336544535,0.336544535,NA,MTBLS11904,Up in PD,1,FALSE,FALSE
IK_CCCNUHFRBBIFHO-WJWGPLDTSA-N,N-Acetylalliin,N-Acetylalliin,CCCNUHFRBBIFHO-WJWGPLDTSA-N,C8H13NO4S,1,1,1,0,0.335348641,0.335348641,0.335348641,NA,MTBLS11904,Up in PD,1,FALSE,FALSE
IK_XVOUMQNXTGKGMA-OWOJBTEDSA-N,Glutaconic Acid,Glutaconic Acid,XVOUMQNXTGKGMA-OWOJBTEDSA-N,C5H6O4,1,1,1,0,0.334916791,0.334916791,0.334916791,NA,MTBLS11904,Up in PD,1,FALSE,FALSE
IK_HHDMMUWDSFASNB-JZYAIQKZSA-N,4-O-(Indole-3-acetyl)-D-glucopyranose,4-O-(Indole-3-acetyl)-D-glucopyranose,HHDMMUWDSFASNB-JZYAIQKZSA-N,C16H19NO7,1,1,1,0,0.334850352,0.334850352,0.334850352,NA,MTBLS11904,Up in PD,1,FALSE,FALSE
IK_WXHUQVMHWUQNTG-JSWHPQHOSA-N,Alisol A 24-acetate,Alisol A 24-acetate,WXHUQVMHWUQNTG-JSWHPQHOSA-N,C32H52O6,1,1,1,0,0.334318844,0.334318844,0.334318844,NA,MTBLS11904,Up in PD,1,FALSE,FALSE
IK_VVLXCWVSSLFQDS-QWRGUYRKSA-N,Gamma-Glutamyltyrosine,Gamma-Glutamyltyrosine,VVLXCWVSSLFQDS-QWRGUYRKSA-N,C14H18N2O6,1,1,1,0,0.334252405,0.334252405,0.334252405,NA,MTBLS11904,Up in PD,1,FALSE,FALSE
IK_ATMSEJBABXCWDW-UHFFFAOYSA-N,3-hydroxypentadecanoic acid,3-hydroxypentadecanoic acid,ATMSEJBABXCWDW-UHFFFAOYSA-N,C15H30O3,1,1,1,0,0.333953431,0.333953431,0.333953431,NA,MTBLS11904,Up in PD,1,FALSE,FALSE
IK_PVMBAGXWHHZKFP-JMPJWMFJSA-N,TG 50:4|TG 16:1_16:1_18:2,TG 50:4|TG 16:1_16:1_18:2 | TG 50:4 | TG 16:1_16:1_18:2,PVMBAGXWHHZKFP-JMPJWMFJSA-N,C53H94O6,1,1,1,0,0.333423734,0.333423734,0.333423734,0.00336,37755270,Up in PD,1,FALSE,FALSE
UNKNOWN_ROW__24167579__unknown_102,unknown_102,unknown_102,NA,NA,1,1,1,0,0.333423734,0.333423734,0.333423734,NA,24167579,Up in PD,1,FALSE,FALSE
UNKNOWN_ROW__24167579__unknown_124,unknown_124,unknown_124,NA,NA,1,1,1,0,0.333423734,0.333423734,0.333423734,NA,24167579,Up in PD,1,FALSE,FALSE
UNKNOWN_ROW__24167579__unknown_129,unknown_129,unknown_129,NA,NA,1,1,1,0,0.333423734,0.333423734,0.333423734,NA,24167579,Up in PD,1,FALSE,FALSE
UNKNOWN_ROW__24167579__unknown_137,unknown_137,unknown_137,NA,NA,1,1,1,0,0.333423734,0.333423734,0.333423734,NA,24167579,Up in PD,1,FALSE,FALSE
IK_LGHBWDKMGOIZKH-CBZIJGRNSA-N,3-Deoxyestrone,3-Deoxyestrone,LGHBWDKMGOIZKH-CBZIJGRNSA-N,C18H22O,1,1,1,0,0.332890414,0.332890414,0.332890414,NA,MTBLS11904,Up in PD,1,FALSE,FALSE
IK_DZRWKHUQGYJQQB-TXINJWPOSA-N,N-Docosahexaenoyl Tyrosine,N-Docosahexaenoyl Tyrosine,DZRWKHUQGYJQQB-TXINJWPOSA-N,C31H41NO4,1,1,1,0,0.330631503,0.330631503,0.330631503,NA,MTBLS11904,Up in PD,1,FALSE,FALSE
IK_VHVGNTVUSQUXPS-YUMQZZPRSA-N,L-Threo-3-Phenylserine,L-Threo-3-Phenylserine,VHVGNTVUSQUXPS-YUMQZZPRSA-N,C7H16N2O2,1,1,1,0,0.330465407,0.330465407,0.330465407,NA,MTBLS11904,Up in PD,1,FALSE,FALSE
IK_PANDRCFROUDETH-YLSOAJEOSA-N,Lipoteichoic acid,Lipoteichoic acid,PANDRCFROUDETH-YLSOAJEOSA-N,C39H70N2O13,1,1,1,0,0.329801021,0.329801021,0.329801021,NA,MTBLS11904,Up in PD,1,FALSE,FALSE
IK_PNEJUHLZEPRMHF-UHFFFAOYSA-N,6-Hydroxypentadecanedioic acid,6-Hydroxypentadecanedioic acid,PNEJUHLZEPRMHF-UHFFFAOYSA-N,C15H28O5,1,1,1,0,0.329568486,0.329568486,0.329568486,NA,MTBLS11904,Up in PD,1,FALSE,FALSE
IK_LCHFAYIGHOVWSA-UHFFFAOYSA-N,"1-(1,2,3,4,5-Pentahydroxypent-1-yl)-1,2,3,4-tetrahydro-beta-carboline-3-carboxylate","1-(1,2,3,4,5-Pentahydroxypent-1-yl)-1,2,3,4-tetrahydro-beta-carboline-3-carboxylate",LCHFAYIGHOVWSA-UHFFFAOYSA-N,C17H22N2O7,1,1,1,0,0.329502048,0.329502048,0.329502048,NA,MTBLS11904,Up in PD,1,FALSE,FALSE
IK_WSFWBZJRQNTKQQ-SNAWJCMRSA-N,Furanone A,Furanone A,WSFWBZJRQNTKQQ-SNAWJCMRSA-N,C10H12O4,1,1,0,1,-0.329036978,-0.329036978,0.329036978,NA,MTBLS11904,Down in PD,1,FALSE,FALSE
IK_DYLPGCSNPAWWBL-QARITTFUSA-N,"DG(18:1(12Z)-O(9S,10R)/0:0/a-15:0)","DG(18:1(12Z)-O(9S,10R)/0:0/a-15:0)",DYLPGCSNPAWWBL-QARITTFUSA-N,C36H66O6,1,1,0,1,-0.328970539,-0.328970539,0.328970539,NA,MTBLS11904,Down in PD,1,FALSE,FALSE
IK_GBOGMAARMMDZGR-TYHYBEHESA-N,Cytochalasin B,Cytochalasin B,GBOGMAARMMDZGR-TYHYBEHESA-N,C29H37NO5,1,1,1,0,0.328837662,0.328837662,0.328837662,NA,MTBLS11904,Up in PD,1,FALSE,FALSE
IK_UJHKVYPPCJBOSG-UHFFFAOYSA-N,Hydroxyibuprofen,Hydroxyibuprofen,UJHKVYPPCJBOSG-UHFFFAOYSA-N,C13H18O3,1,1,1,0,0.328836464,0.328836464,0.328836464,NA,24167579,Up in PD,1,FALSE,FALSE
IK_SSZWWUDQMAHNAQ-UHFFFAOYSA-N,Glycerol alpha-monochlorohydrin,Glycerol alpha-monochlorohydrin,SSZWWUDQMAHNAQ-UHFFFAOYSA-N,C3H7ClO2,1,1,0,1,-0.328073619,-0.328073619,0.328073619,NA,ST003159,Down in PD,1,FALSE,FALSE
IK_ZIWNJZLXPXFNGN-GXTQQWMXSA-N,Carbocyclic thromboxane A2,Carbocyclic thromboxane A2,ZIWNJZLXPXFNGN-GXTQQWMXSA-N,C22H36O3,1,1,1,0,0.32800718,0.32800718,0.32800718,NA,MTBLS11904,Up in PD,1,FALSE,FALSE
IK_YALFFHSIVPCNLF-QPSCCSFWSA-N,Cyperolone,Cyperolone,YALFFHSIVPCNLF-QPSCCSFWSA-N,C15H24O2,1,1,0,1,-0.327940742,-0.327940742,0.327940742,NA,MTBLS11904,Down in PD,1,FALSE,FALSE
IK_MXRPNYMMDLFYDL-YFKPBYRVSA-N,N-Acetyl-S-(N-methylcarbamoyl)cysteine,N-Acetyl-S-(N-methylcarbamoyl)cysteine,MXRPNYMMDLFYDL-YFKPBYRVSA-N,C7H12N2O4S,1,1,0,1,-0.327708207,-0.327708207,0.327708207,NA,MTBLS11904,Down in PD,1,FALSE,FALSE
IK_NUCLJNSWZCHRKL-UHFFFAOYSA-N,allantoic acid,allantoic acid,NUCLJNSWZCHRKL-UHFFFAOYSA-N,C4H8N4O4,1,1,1,0,0.327687364,0.327687364,0.327687364,0.00265,38720721,Up in PD,1,FALSE,FALSE
NO_INCHIKEY__possible steroid,Possible steroid,Possible steroid,NA,NA,1,1,1,0,0.326537348,0.326537348,0.326537348,NA,24167579,Up in PD,1,FALSE,FALSE
IK_SNGNCYILSHZBLM-UHFFFAOYSA-N,2-Chloro-DG,2-Chloro-DG,SNGNCYILSHZBLM-UHFFFAOYSA-N,C6H11ClO5,1,1,0,1,-0.326479093,-0.326479093,0.326479093,NA,MTBLS11904,Down in PD,1,FALSE,FALSE
IK_KJJPLEZQSCZCKE-UHFFFAOYSA-N,"2-Amino-1,3-propanediol","2-Amino-1,3-propanediol",KJJPLEZQSCZCKE-UHFFFAOYSA-N,C3H9NO2,1,1,1,0,0.32618012,0.32618012,0.32618012,NA,MTBLS11904,Up in PD,1,FALSE,FALSE
IK_LIHDYIAAKPQZSN-UHFFFAOYSA-N,Morph,Morph,LIHDYIAAKPQZSN-UHFFFAOYSA-N,C10H16N2O4,1,1,1,0,0.325881146,0.325881146,0.325881146,NA,MTBLS11904,Up in PD,1,FALSE,FALSE
IK_GBJKHDVRXAVITG-UNPOXIGHSA-N,Alisol B,Alisol B,GBJKHDVRXAVITG-UNPOXIGHSA-N,C30H48O4,1,1,0,1,-0.325814708,-0.325814708,0.325814708,NA,MTBLS11904,Down in PD,1,FALSE,FALSE
IK_ONYIYPVBLNPMLB-UHFFFAOYSA-N,Palmitoyl glucuronide,Palmitoyl glucuronide,ONYIYPVBLNPMLB-UHFFFAOYSA-N,C18H36N2O2,1,1,0,1,-0.323688674,-0.323688674,0.323688674,NA,MTBLS11904,Down in PD,1,FALSE,FALSE
IK_UMOAAMQGRRCHPA-GJCOWUBNSA-N,N-Oleoyl Leucine,N-Oleoyl Leucine,UMOAAMQGRRCHPA-GJCOWUBNSA-N,C24H45NO3,1,1,0,1,-0.323688674,-0.323688674,0.323688674,NA,MTBLS11904,Down in PD,1,FALSE,FALSE
IK_JXCOSKURGJMQSG-AZQJGLEESA-N,Cortolone,Cortolone,JXCOSKURGJMQSG-AZQJGLEESA-N,C21H34O5,1,1,0,1,-0.322991069,-0.322991069,0.322991069,NA,MTBLS11904,Down in PD,1,FALSE,FALSE
IK_ULCCGBCYWCYNIC-UHFFFAOYSA-N,O-(17-Carboxyheptadecanoyl)carnitine,O-(17-Carboxyheptadecanoyl)carnitine,ULCCGBCYWCYNIC-UHFFFAOYSA-N,C25H47NO6,1,1,1,0,0.322625657,0.322625657,0.322625657,NA,MTBLS11904,Up in PD,1,FALSE,FALSE
IK_IHNKQIMGVNPMTC-RUZDIDTESA-N,PC(18:0/0:0),PC(18:0/0:0) | LysoPC(18:0/0:0),IHNKQIMGVNPMTC-RUZDIDTESA-N,C26H54NO7P,1,1,1,0,0.322559218,0.322559218,0.322559218,NA,MTBLS11904,Up in PD,1,FALSE,FALSE
IK_KPUXJBYSYFEKKB-UHFFFAOYSA-N,Thiopalmitic Acid,Thiopalmitic Acid,KPUXJBYSYFEKKB-UHFFFAOYSA-N,C16H32OS,1,1,1,0,0.322260245,0.322260245,0.322260245,NA,MTBLS11904,Up in PD,1,FALSE,FALSE
IK_HLPZZZJXJPXFIM-VHEBQXMUSA-N,1-O-Isopentyl-3-O-octadec-2-enoyl glycerol,1-O-Isopentyl-3-O-octadec-2-enoyl glycerol,HLPZZZJXJPXFIM-VHEBQXMUSA-N,C26H50O4,1,1,0,1,-0.32202771,-0.32202771,0.32202771,NA,MTBLS11904,Down in PD,1,FALSE,FALSE
IK_IGJKYDBBINVMLH-JXRLJXCWSA-N,"LysoPC(0:0/20:4(5Z,8Z,11Z,14Z))","LysoPC(0:0/20:4(5Z,8Z,11Z,14Z))",IGJKYDBBINVMLH-JXRLJXCWSA-N,C28H50NO7P,1,1,1,0,0.321961271,0.321961271,0.321961271,NA,MTBLS11904,Up in PD,1,FALSE,FALSE
IK_IVUWYMCIIBQTQB-VAFBSOEGSA-N,Estrane skeleton,Estrane skeleton,IVUWYMCIIBQTQB-VAFBSOEGSA-N,C18H30,1,1,1,0,0.321928095,0.321928095,0.321928095,NA,24167579,Up in PD,1,FALSE,FALSE
IK_PHYFQTYBJUILEZ-IUPFWZBJSA-N,TG 54:3|TG 18:1_18:1_18:1,TG 54:3|TG 18:1_18:1_18:1 | TG 54:3 | TG 18:1_18:1_18:1,PHYFQTYBJUILEZ-IUPFWZBJSA-N,C57H104O6,1,1,1,0,0.321928095,0.321928095,0.321928095,0.00988,37755270,Up in PD,1,FALSE,FALSE
UNKNOWN_ROW__24167579__unknown_100,unknown_100,unknown_100,NA,NA,1,1,1,0,0.321928095,0.321928095,0.321928095,NA,24167579,Up in PD,1,FALSE,FALSE
UNKNOWN_ROW__24167579__unknown_101,unknown_101,unknown_101,NA,NA,1,1,1,0,0.321928095,0.321928095,0.321928095,NA,24167579,Up in PD,1,FALSE,FALSE
UNKNOWN_ROW__24167579__unknown_107,unknown_107,unknown_107,NA,NA,1,1,1,0,0.321928095,0.321928095,0.321928095,NA,24167579,Up in PD,1,FALSE,FALSE
UNKNOWN_ROW__24167579__unknown_108,unknown_108,unknown_108,NA,NA,1,1,1,0,0.321928095,0.321928095,0.321928095,NA,24167579,Up in PD,1,FALSE,FALSE
UNKNOWN_ROW__24167579__unknown_109,unknown_109,unknown_109,NA,NA,1,1,1,0,0.321928095,0.321928095,0.321928095,NA,24167579,Up in PD,1,FALSE,FALSE
UNKNOWN_ROW__24167579__unknown_111,unknown_111,unknown_111,NA,NA,1,1,1,0,0.321928095,0.321928095,0.321928095,NA,24167579,Up in PD,1,FALSE,FALSE
UNKNOWN_ROW__24167579__unknown_112,unknown_112,unknown_112,NA,NA,1,1,1,0,0.321928095,0.321928095,0.321928095,NA,24167579,Up in PD,1,FALSE,FALSE
UNKNOWN_ROW__24167579__unknown_117,unknown_117,unknown_117,NA,NA,1,1,1,0,0.321928095,0.321928095,0.321928095,NA,24167579,Up in PD,1,FALSE,FALSE
UNKNOWN_ROW__24167579__unknown_122,unknown_122,unknown_122,NA,NA,1,1,0,1,-0.321928095,-0.321928095,0.321928095,NA,24167579,Down in PD,1,FALSE,FALSE
UNKNOWN_ROW__24167579__unknown_186,unknown_186,unknown_186,NA,NA,1,1,0,1,-0.321928095,-0.321928095,0.321928095,NA,24167579,Down in PD,1,FALSE,FALSE
UNKNOWN_ROW__24167579__unknown_97,unknown_97,unknown_97,NA,NA,1,1,1,0,0.321928095,0.321928095,0.321928095,NA,24167579,Up in PD,1,FALSE,FALSE
UNKNOWN_ROW__24167579__unknown_98,unknown_98,unknown_98,NA,NA,1,1,1,0,0.321928095,0.321928095,0.321928095,NA,24167579,Up in PD,1,FALSE,FALSE
UNKNOWN_ROW__24167579__unknown_99,unknown_99,unknown_99,NA,NA,1,1,1,0,0.321928095,0.321928095,0.321928095,NA,24167579,Up in PD,1,FALSE,FALSE
IK_NPDSHTNEKLQQIJ-UHFFFAOYSA-N,"9-Hydroxy-10,12-Octadecadienoic Acid","9-Hydroxy-10,12-Octadecadienoic Acid",NPDSHTNEKLQQIJ-UHFFFAOYSA-N,C18H32O3,1,1,1,0,0.321761955,0.321761955,0.321761955,NA,MTBLS11904,Up in PD,1,FALSE,FALSE
IK_XRHMVNYIWRBFDB-UHFFFAOYSA-N,Methylgallic acid-O-sulphate,Methylgallic acid-O-sulphate,XRHMVNYIWRBFDB-UHFFFAOYSA-N,C8H8O8S,1,1,0,1,-0.321755311,-0.321755311,0.321755311,NA,MTBLS11904,Down in PD,1,FALSE,FALSE
IK_WZSDNEJJUSYNSG-UHFFFAOYSA-N,Trocimine,Trocimine,WZSDNEJJUSYNSG-UHFFFAOYSA-N,C17H25NO4,1,1,1,0,0.321629078,0.321629078,0.321629078,NA,MTBLS11904,Up in PD,1,FALSE,FALSE
IK_HOOOPXDSCKBLFG-MRVPVSSYSA-N,(S)-4-Hydroxymandelonitrile,(S)-4-Hydroxymandelonitrile,HOOOPXDSCKBLFG-MRVPVSSYSA-N,C8H7NO2,1,1,1,0,0.320964693,0.320964693,0.320964693,NA,MTBLS11904,Up in PD,1,FALSE,FALSE
IK_PHMBVCPLDPDESM-FKSUSPILSA-N,Ecgonine,Ecgonine,PHMBVCPLDPDESM-FKSUSPILSA-N,C9H15NO3,1,1,0,1,-0.320233868,-0.320233868,0.320233868,NA,MTBLS11904,Down in PD,1,FALSE,FALSE
IK_QPYQKHOKNCVKGE-DUXPYHPUSA-N,3-(2-propenoic acid)-o-benzoquinone,3-(2-propenoic acid)-o-benzoquinone,QPYQKHOKNCVKGE-DUXPYHPUSA-N,C9H6O4,1,1,1,0,0.320034553,0.320034553,0.320034553,NA,MTBLS11904,Up in PD,1,FALSE,FALSE
IK_FCVJYKICQNLXAX-XPTLAUCJSA-N,(2S)-OMPT,(2S)-OMPT,FCVJYKICQNLXAX-XPTLAUCJSA-N,C22H43O6PS,1,1,1,0,0.319835237,0.319835237,0.319835237,NA,MTBLS11904,Up in PD,1,FALSE,FALSE
IK_CKFJQMKKJUVFDF-NTXOZZBFSA-N,"PE(22:6(4Z,7Z,10Z,13E,15E,19Z)-OH(17)/22:2(13Z,16Z))","PE(22:6(4Z,7Z,10Z,13E,15E,19Z)-OH(17)/22:2(13Z,16Z))",CKFJQMKKJUVFDF-NTXOZZBFSA-N,C49H82NO9P,1,1,0,1,-0.319403386,-0.319403386,0.319403386,NA,MTBLS11904,Down in PD,1,FALSE,FALSE
IK_MMBIABUYJUHFAK-XRYCYFGJSA-N,"PC(22:6(4Z,7Z,10Z,13E,15E,19Z)-OH(17)/18:3(9Z,12Z,15Z))","PC(22:6(4Z,7Z,10Z,13E,15E,19Z)-OH(17)/18:3(9Z,12Z,15Z))",MMBIABUYJUHFAK-XRYCYFGJSA-N,C48H78NO9P,1,1,1,0,0.319170851,0.319170851,0.319170851,NA,MTBLS11904,Up in PD,1,FALSE,FALSE
IK_XGRLSUFHELJJAB-KVVVOXFISA-M,1-Oleoyl Lysophosphatidic Acid (sodium salt),1-Oleoyl Lysophosphatidic Acid (sodium salt),XGRLSUFHELJJAB-KVVVOXFISA-M,C21H40NaO7P,1,1,1,0,0.319071194,0.319071194,0.319071194,NA,MTBLS11904,Up in PD,1,FALSE,FALSE
IK_FERIUCNNQQJTOY-UHFFFAOYSA-N,Butyric acid,Butyric acid,FERIUCNNQQJTOY-UHFFFAOYSA-N,C4H8O2,1,1,1,0,0.318739001,0.318739001,0.318739001,NA,MTBLS11904,Up in PD,1,FALSE,FALSE
IK_DLQYHMAWCJLUJE-DLZQOPQVSA-N,Maltose B,Maltose B,DLQYHMAWCJLUJE-DLZQOPQVSA-N,C12H22O11,1,1,1,0,0.318461465,0.318461465,0.318461465,0.00641,38720721,Up in PD,1,FALSE,FALSE
IK_JVGVDSSUAVXRDY-UHFFFAOYSA-N,Hydroxyphenyllactic acid,Hydroxyphenyllactic acid,JVGVDSSUAVXRDY-UHFFFAOYSA-N,C9H10O4,1,1,1,0,0.317941738,0.317941738,0.317941738,NA,MTBLS11904,Up in PD,1,FALSE,FALSE
IK_JBKVHLHDHHXQEQ-UHFFFAOYSA-N,Epsilon-caprolactam,Epsilon-caprolactam,JBKVHLHDHHXQEQ-UHFFFAOYSA-N,C6H11NO,1,1,1,0,0.31784208,0.31784208,0.31784208,NA,MTBLS11904,Up in PD,1,FALSE,FALSE
IK_RSEPBGGWRJCQGY-RBRWEJTLSA-N,Estradiol valerate,Estradiol valerate,RSEPBGGWRJCQGY-RBRWEJTLSA-N,C23H32O3,1,1,1,0,0.317742422,0.317742422,0.317742422,NA,MTBLS11904,Up in PD,1,FALSE,FALSE
IK_LKLLJYJTYPVCID-JVVXYUKTSA-N,"(9Z,12E)-15,16-Dihydroxyoctadeca-9,12-Dienoic Acid","(9Z,12E)-15,16-Dihydroxyoctadeca-9,12-Dienoic Acid",LKLLJYJTYPVCID-JVVXYUKTSA-N,C18H32O4,1,1,1,0,0.316812282,0.316812282,0.316812282,NA,MTBLS11904,Up in PD,1,FALSE,FALSE
IK_RKOUCPMGBBKLNK-UHFFFAOYSA-N,Auxin a,Auxin a,RKOUCPMGBBKLNK-UHFFFAOYSA-N,C18H32O5,1,1,1,0,0.316546528,0.316546528,0.316546528,NA,MTBLS11904,Up in PD,1,FALSE,FALSE
IK_ROARNVGCLDIFFV-PEZBUJJGSA-N,PE-NMe(16:0/18:1(11Z)),PE-NMe(16:0/18:1(11Z)),ROARNVGCLDIFFV-PEZBUJJGSA-N,C40H78NO8P,1,1,0,1,-0.316181116,-0.316181116,0.316181116,NA,MTBLS11904,Down in PD,1,FALSE,FALSE
IK_HJZMWAMKWAKZAR-NJSWGWQKSA-N,"PA(22:6(4Z,7Z,10Z,13Z,16Z,19Z)/20:5(5Z,8Z,11Z,14Z,17Z))","PA(22:6(4Z,7Z,10Z,13Z,16Z,19Z)/20:5(5Z,8Z,11Z,14Z,17Z))",HJZMWAMKWAKZAR-NJSWGWQKSA-N,C45H67O8P,1,1,1,0,0.315882143,0.315882143,0.315882143,NA,MTBLS11904,Up in PD,1,FALSE,FALSE
IK_JFLIEFSWGNOPJJ-JTQLQIEISA-M,N(2)-phenylacetyl-L-glutaminate,N(2)-phenylacetyl-L-glutaminate,JFLIEFSWGNOPJJ-JTQLQIEISA-M,C13H15N2O4-,1,1,1,0,0.315682827,0.315682827,0.315682827,NA,MTBLS11904,Up in PD,1,FALSE,FALSE
IK_XSCYYIVXGBKTOC-GZZJDILISA-N,Risbitin,Risbitin,XSCYYIVXGBKTOC-GZZJDILISA-N,C14H22O2,1,1,1,0,0.31508488,0.31508488,0.31508488,NA,MTBLS11904,Up in PD,1,FALSE,FALSE
IK_NIOYUNMRJMEDGI-UHFFFAOYSA-N,Palmitaldehyde,Palmitaldehyde,NIOYUNMRJMEDGI-UHFFFAOYSA-N,C16H32O,1,1,1,0,0.314918783,0.314918783,0.314918783,NA,MTBLS11904,Up in PD,1,FALSE,FALSE
IK_PHERGCZDWYMUOF-DEOSSOPVSA-N,DG(8:0/15:0/0:0),DG(8:0/15:0/0:0),PHERGCZDWYMUOF-DEOSSOPVSA-N,C26H50O5,1,1,1,0,0.314686248,0.314686248,0.314686248,NA,MTBLS11904,Up in PD,1,FALSE,FALSE
IK_JPIJQSOTBSSVTP-UHFFFAOYSA-N,"2,3,4-Trihydroxybutanoic acid","2,3,4-Trihydroxybutanoic acid",JPIJQSOTBSSVTP-UHFFFAOYSA-N,C4H8O5,1,1,1,0,0.314420494,0.314420494,0.314420494,NA,MTBLS11904,Up in PD,1,FALSE,FALSE
IK_ADEORFBTPGKHRP-UHFFFAOYSA-N,"1H-Pyrrole-2,5-dione, 1-[7-(dimethylamino)-4-methyl-2-oxo-2H-1-benzopyran-3-yl]-","1H-Pyrrole-2,5-dione, 1-[7-(dimethylamino)-4-methyl-2-oxo-2H-1-benzopyran-3-yl]-",ADEORFBTPGKHRP-UHFFFAOYSA-N,C16H14N2O4,1,1,0,1,-0.314387275,-0.314387275,0.314387275,NA,MTBLS11904,Down in PD,1,FALSE,FALSE
IK_YPUCCOVOHHZJPR-GDGIDMNUSA-N,"DG(20:4(8Z,11Z,14Z,17Z)-2OH(5S,6R)/0:0/a-13:0)","DG(20:4(8Z,11Z,14Z,17Z)-2OH(5S,6R)/0:0/a-13:0)",YPUCCOVOHHZJPR-GDGIDMNUSA-N,C36H62O7,1,1,0,1,-0.314287617,-0.314287617,0.314287617,NA,MTBLS11904,Down in PD,1,FALSE,FALSE
IK_FLCQLSRLQIPNLM-UHFFFAOYSA-N,"2,5-Dioxopyrrolidin-1-yl 2-(acetylthio)acetate","2,5-Dioxopyrrolidin-1-yl 2-(acetylthio)acetate",FLCQLSRLQIPNLM-UHFFFAOYSA-N,C8H9NO5S,1,1,1,0,0.314254398,0.314254398,0.314254398,NA,MTBLS11904,Up in PD,1,FALSE,FALSE
IK_PAXWQORCRCBOCU-LURJTMIESA-N,2-Fluoro-5-hydroxy-L-tyrosine,2-Fluoro-5-hydroxy-L-tyrosine,PAXWQORCRCBOCU-LURJTMIESA-N,C9H10FNO4,1,1,1,0,0.314221179,0.314221179,0.314221179,NA,MTBLS11904,Up in PD,1,FALSE,FALSE
IK_UNUYMBPXEFMLNW-DWVDDHQFSA-N,N6-Threonylcarbamoyladenosine,N6-Threonylcarbamoyladenosine,UNUYMBPXEFMLNW-DWVDDHQFSA-N,C15H20N6O8,1,1,1,0,0.313922205,0.313922205,0.313922205,NA,MTBLS11904,Up in PD,1,FALSE,FALSE
IK_BOUXQAITXDAJSF-UHFFFAOYSA-N,Sulfasalazine B,Sulfasalazine B,BOUXQAITXDAJSF-UHFFFAOYSA-N,C19H16N4O5S,1,1,1,0,0.313826296,0.313826296,0.313826296,1.84e-5,38720721,Up in PD,1,FALSE,FALSE
IK_KRKNYBCHXYNGOX-UHFFFAOYSA-N,Citric Acid,Citric Acid,KRKNYBCHXYNGOX-UHFFFAOYSA-N,C6H8O7,1,1,1,0,0.313722889,0.313722889,0.313722889,NA,MTBLS11904,Up in PD,1,FALSE,FALSE
IK_ZPWVTTHIHKYUQK-UHFFFAOYSA-N,"3,4-Methyleneadipic acid","3,4-Methyleneadipic acid",ZPWVTTHIHKYUQK-UHFFFAOYSA-N,C8H10O4,1,1,0,1,-0.313656451,-0.313656451,0.313656451,NA,MTBLS11904,Down in PD,1,FALSE,FALSE
IK_SGPLNSURQYXVNX-UHFFFAOYSA-N,N-Nitrosotomatidine,N-Nitrosotomatidine,SGPLNSURQYXVNX-UHFFFAOYSA-N,C27H44N2O3,1,1,0,1,-0.313556793,-0.313556793,0.313556793,NA,MTBLS11904,Down in PD,1,FALSE,FALSE
IK_MPDGHEJMBKOTSU-YKLVYJNSSA-N,Glycyrrhetinic acid,Glycyrrhetinic acid,MPDGHEJMBKOTSU-YKLVYJNSSA-N,C30H46O4,1,1,1,0,0.313457135,0.313457135,0.313457135,NA,MTBLS11904,Up in PD,1,FALSE,FALSE
IK_DSLZVSRJTYRBFB-LLEIAEIESA-N,saccharic acid,saccharic acid,DSLZVSRJTYRBFB-LLEIAEIESA-N,C6H10O8,1,1,1,0,0.312665174,0.312665174,0.312665174,0.012,38720721,Up in PD,1,FALSE,FALSE
IK_IQGPMZRCLCCXAG-RUZDIDTESA-N,LysoPC(0:0/18:0),LysoPC(0:0/18:0),IQGPMZRCLCCXAG-RUZDIDTESA-N,C26H54NO7P,1,1,0,1,-0.31246055700000003,-0.31246055700000003,0.31246055700000003,NA,MTBLS11904,Down in PD,1,FALSE,FALSE
IK_DBTMIHPJDPGOCQ-HIFRSBDPSA-N,Enokipodin D,Enokipodin D,DBTMIHPJDPGOCQ-HIFRSBDPSA-N,C15H18O4,1,1,1,0,0.312394118,0.312394118,0.312394118,NA,MTBLS11904,Up in PD,1,FALSE,FALSE
IK_RJHNVFKNIJQTQF-LMIBIYGPSA-N,PA(TXB2/i-12:0),PA(TXB2/i-12:0),RJHNVFKNIJQTQF-LMIBIYGPSA-N,C18H30O6,1,1,1,0,0.312061925,0.312061925,0.312061925,NA,MTBLS11904,Up in PD,1,FALSE,FALSE
IK_BRENMGSWNOZDLU-LEAZDLGRSA-N,Gly-Pro-Gly-Arg-Ala-Phe,Gly-Pro-Gly-Arg-Ala-Phe,BRENMGSWNOZDLU-LEAZDLGRSA-N,C27H41N9O7,1,1,1,0,0.311729732,0.311729732,0.311729732,NA,MTBLS11904,Up in PD,1,FALSE,FALSE
IK_WHBHBVVOGNECLV-OBQKJFGGSA-N,Cortodoxone,Cortodoxone,WHBHBVVOGNECLV-OBQKJFGGSA-N,C21H30O4,1,1,1,0,0.311503116,0.311503116,0.311503116,0.0114,38720721,Up in PD,1,FALSE,FALSE
IK_IFZSZULHIWFRSB-KZVJFYERSA-N,Isoleucylhydroxyproline,Isoleucylhydroxyproline,IFZSZULHIWFRSB-KZVJFYERSA-N,C11H20N2O4,1,1,1,0,0.311264663,0.311264663,0.311264663,NA,MTBLS11904,Up in PD,1,FALSE,FALSE
IK_QCGUXAIDEOWPBV-SNKLRXETSA-N,PC(O-18:1(11Z)/16:0),PC(O-18:1(11Z)/16:0),QCGUXAIDEOWPBV-SNKLRXETSA-N,C42H84NO7P,1,1,0,1,-0.310400961,-0.310400961,0.310400961,NA,MTBLS11904,Down in PD,1,FALSE,FALSE
IK_QGNYWQOMJSTUQZ-BQBZGAKWSA-N,Aspartylysine [-H2O],Aspartylysine [-H2O],QGNYWQOMJSTUQZ-BQBZGAKWSA-N,C10H19N3O5,1,1,1,0,0.310340121,0.310340121,0.310340121,2.07e-4,28880465,Up in PD,1,FALSE,FALSE
UNKNOWN_ROW__24167579__unknown_110,unknown_110,unknown_110,NA,NA,1,1,1,0,0.310340121,0.310340121,0.310340121,NA,24167579,Up in PD,1,FALSE,FALSE
UNKNOWN_ROW__24167579__unknown_142,unknown_142,unknown_142,NA,NA,1,1,1,0,0.310340121,0.310340121,0.310340121,NA,24167579,Up in PD,1,FALSE,FALSE
IK_SGJNQVTUYXCBKH-HNQUOIGGSA-N,Hispidin,Hispidin,SGJNQVTUYXCBKH-HNQUOIGGSA-N,C13H10O5,1,1,0,1,-0.309902672,-0.309902672,0.309902672,NA,MTBLS11904,Down in PD,1,FALSE,FALSE
IK_FNRBOAGVUNHDIL-LMZUXBMISA-N,Soyasapogenol E,Soyasapogenol E,FNRBOAGVUNHDIL-LMZUXBMISA-N,C30H48O3,1,1,1,0,0.309869453,0.309869453,0.309869453,NA,MTBLS11904,Up in PD,1,FALSE,FALSE
IK_BCQTVJKBTWGHCX-UHFFFAOYSA-N,Pilsicainide,Pilsicainide,BCQTVJKBTWGHCX-UHFFFAOYSA-N,C17H24N2O,1,1,1,0,0.308673559,0.308673559,0.308673559,NA,MTBLS11904,Up in PD,1,FALSE,FALSE
IK_OEDAQCLCHGASNH-UHFFFAOYSA-N,Dehydrocarpaine II,Dehydrocarpaine II,OEDAQCLCHGASNH-UHFFFAOYSA-N,C28H46N2O4,1,1,1,0,0.308441024,0.308441024,0.308441024,NA,MTBLS11904,Up in PD,1,FALSE,FALSE
IK_GVRKWABULJAONN-VQVTYTSYSA-N,Val-Thr,Val-Thr,GVRKWABULJAONN-VQVTYTSYSA-N,C9H18N2O4,1,1,1,0,0.308011315,0.308011315,0.308011315,NA,38720721,Up in PD,1,FALSE,FALSE
IK_BEJNERDRQOWKJM-UHFFFAOYSA-N,Kojic acid,Kojic acid,BEJNERDRQOWKJM-UHFFFAOYSA-N,C6H6O4,1,1,0,1,-0.307510884,-0.307510884,0.307510884,NA,MTBLS11904,Down in PD,1,FALSE,FALSE
IK_DJZCTUVALDDONK-HQMSUKCRSA-N,Concanamycin a,Concanamycin a,DJZCTUVALDDONK-HQMSUKCRSA-N,C46H75NO14,1,1,1,0,0.307477665,0.307477665,0.307477665,NA,MTBLS11904,Up in PD,1,FALSE,FALSE
IK_NEGQHKSYEYVFTD-HSZRJFAPSA-N,LysoPC(0:0/16:0),LysoPC(0:0/16:0),NEGQHKSYEYVFTD-HSZRJFAPSA-N,C24H50NO7P,1,1,0,1,-0.306979375,-0.306979375,0.306979375,NA,MTBLS11904,Down in PD,1,FALSE,FALSE
IK_VPZKQTYZIVOJDV-LMVFSUKVSA-N,Thr-Ala,Thr-Ala,VPZKQTYZIVOJDV-LMVFSUKVSA-N,C7H14N2O4,1,1,1,0,0.3068455,0.3068455,0.3068455,0.00185,38720721,Up in PD,1,FALSE,FALSE
IK_KPWKPGFLZGMMFX-VHSXEESVSA-N,(1S)-(-)-Camphanic Acid,(1S)-(-)-Camphanic Acid,KPWKPGFLZGMMFX-VHSXEESVSA-N,C10H14O4,1,1,0,1,-0.306447867,-0.306447867,0.306447867,NA,MTBLS11904,Down in PD,1,FALSE,FALSE
IK_SUWZHLCNFQWNPE-LATRNWQMSA-N,Ethylhydrocupreine,Ethylhydrocupreine,SUWZHLCNFQWNPE-LATRNWQMSA-N,C21H28N2O2,1,1,1,0,0.306414648,0.306414648,0.306414648,NA,MTBLS11904,Up in PD,1,FALSE,FALSE
IK_TXHCDEYHZPHRAC-UHFFFAOYSA-N,"Polypropylene glycol (m w 1,200-3,000)","Polypropylene glycol (m w 1,200-3,000)",TXHCDEYHZPHRAC-UHFFFAOYSA-N,C6H12O4,1,1,0,1,-0.306348209,-0.306348209,0.306348209,NA,MTBLS11904,Down in PD,1,FALSE,FALSE
IK_DZPKSVTWWIZUMS-FPUNCOTOSA-N,"PC(18:2(9Z,12Z)/18:0)","PC(18:2(9Z,12Z)/18:0)",DZPKSVTWWIZUMS-FPUNCOTOSA-N,C44H84NO8P,1,1,0,1,-0.305750262,-0.305750262,0.305750262,NA,MTBLS11904,Down in PD,1,FALSE,FALSE
IK_WXAADESEYPIPOB-GLRKTWBISA-N,"PE(14:0/20:5(5Z,8Z,11Z,14Z,17Z))","PE(14:0/20:5(5Z,8Z,11Z,14Z,17Z))",WXAADESEYPIPOB-GLRKTWBISA-N,C39H68NO8P,1,1,1,0,0.305683823,0.305683823,0.305683823,NA,MTBLS11904,Up in PD,1,FALSE,FALSE
IK_NYPJDWWKZLNGGM-UHFFFAOYSA-N,Fenvalerate,Fenvalerate,NYPJDWWKZLNGGM-UHFFFAOYSA-N,C25H22ClNO3,1,1,1,0,0.305218753,0.305218753,0.305218753,NA,MTBLS11904,Up in PD,1,FALSE,FALSE
IK_MZJVEEJEYSKNPH-OSTDEYQUSA-N,MGDG 34:2,MGDG 34:2,MZJVEEJEYSKNPH-OSTDEYQUSA-N,C43H78O10,1,1,0,1,-0.304006187,-0.304006187,0.304006187,1.09e-6,37755270,Down in PD,1,FALSE,FALSE
NO_INCHIKEY__cer 40 0 2o cer 18 0 2o 22 0,Cer 40:0;2O|Cer 18:0;2O/22:0,Cer 40:0;2O|Cer 18:0;2O/22:0 | Cer 40:0;2O | Cer 18:0;2O/22:0,NA,NA,1,1,0,1,-0.304006187,-0.304006187,0.304006187,0.0138,37755270,Down in PD,1,FALSE,FALSE
NO_INCHIKEY__sm d41 2 isomer b,SM d41:2 Isomer B,SM d41:2 Isomer B,NA,NA,1,1,0,1,-0.304006187,-0.304006187,0.304006187,8.79e-4,37755270,Down in PD,1,FALSE,FALSE
IK_XCGYUJZMCCFSRP-UHFFFAOYSA-N,Oxamniquine,Oxamniquine,XCGYUJZMCCFSRP-UHFFFAOYSA-N,C14H21N3O3,1,1,1,0,0.303757105,0.303757105,0.303757105,NA,MTBLS11904,Up in PD,1,FALSE,FALSE
IK_WGGPVIRCYGIRPH-XHATVUSISA-N,"DG(20:4(8Z,11Z,14Z,17Z)/18:0/0:0)","DG(20:4(8Z,11Z,14Z,17Z)/18:0/0:0)",WGGPVIRCYGIRPH-XHATVUSISA-N,C41H72O5,1,1,1,0,0.303657447,0.303657447,0.303657447,NA,MTBLS11904,Up in PD,1,FALSE,FALSE
IK_UDBXKKKIEXMSEA-XKKGNKCGSA-N,"PE(16:0/20:2(11Z,14Z))","PE(16:0/20:2(11Z,14Z))",UDBXKKKIEXMSEA-XKKGNKCGSA-N,C41H78NO8P,1,1,0,1,-0.3034382,-0.3034382,0.3034382,NA,MTBLS11904,Down in PD,1,FALSE,FALSE
IK_KEECCEWTUVWFCV-UHFFFAOYSA-N,N-Acetylprocainamide,N-Acetylprocainamide,KEECCEWTUVWFCV-UHFFFAOYSA-N,C15H23N3O2,1,1,1,0,0.303258816,0.303258816,0.303258816,NA,MTBLS11904,Up in PD,1,FALSE,FALSE
IK_WZCLAXMADUBPSG-RIXBAXMTSA-N,"PC(18:0/18:3(9Z,12Z,15Z))","PC(18:0/18:3(9Z,12Z,15Z))",WZCLAXMADUBPSG-RIXBAXMTSA-N,C44H82NO8P,1,1,0,1,-0.302893404,-0.302893404,0.302893404,NA,MTBLS11904,Down in PD,1,FALSE,FALSE
IK_HQRWPYNQQYEQRQ-ORWZVCRDSA-N,Curcumin diglucoside,Curcumin diglucoside,HQRWPYNQQYEQRQ-ORWZVCRDSA-N,C33H40O16,1,1,0,1,-0.302826965,-0.302826965,0.302826965,NA,MTBLS11904,Down in PD,1,FALSE,FALSE
IK_JIQLAAKADXSVTE-HTQZYQBOSA-N,"3',5'-Dideoxythymidine","3',5'-Dideoxythymidine",JIQLAAKADXSVTE-HTQZYQBOSA-N,C10H14N2O3,1,1,1,0,0.302760527,0.302760527,0.302760527,NA,MTBLS11904,Up in PD,1,FALSE,FALSE
IK_ZZCHHVUQYRMYLW-HKBQPEDESA-N,Farglitazar,Farglitazar,ZZCHHVUQYRMYLW-HKBQPEDESA-N,C34H30N2O5,1,1,0,1,-0.302727307,-0.302727307,0.302727307,NA,MTBLS11904,Down in PD,1,FALSE,FALSE
IK_QIVBCDIJIAJPQS-SECBINFHSA-N,D-Tryptophan,D-Tryptophan,QIVBCDIJIAJPQS-SECBINFHSA-N,C11H12N2O2,1,1,0,1,-0.302029702,-0.302029702,0.302029702,NA,ST003159,Down in PD,1,FALSE,FALSE
IK_JZWNYZVVZXZRRH-MDZDMXLPSA-N,1-Oleoylglycerophosphoserine,1-Oleoylglycerophosphoserine,JZWNYZVVZXZRRH-MDZDMXLPSA-N,C24H46NO9P,1,1,1,0,0.300999905,0.300999905,0.300999905,NA,MTBLS11904,Up in PD,1,FALSE,FALSE
IK_IIRJJZHHNGABMQ-WPRPVWTQSA-N,N-lactoyl-phenylalanine,N-lactoyl-phenylalanine,IIRJJZHHNGABMQ-WPRPVWTQSA-N,C12H15NO4,1,1,1,0,0.300235861,0.300235861,0.300235861,NA,MTBLS11904,Up in PD,1,FALSE,FALSE
IK_KGPNNIOVWVIXOR-UHFFFAOYSA-N,3-Methylbut-2-enoylcarnitine,3-Methylbut-2-enoylcarnitine,KGPNNIOVWVIXOR-UHFFFAOYSA-N,C12H21NO4,1,1,0,1,-0.29983723,-0.29983723,0.29983723,NA,MTBLS11904,Down in PD,1,FALSE,FALSE
IK_BJBUEDPLEOHJGE-IMJSIDKUSA-N,Trans-3-hydroxy-L-proline,Trans-3-hydroxy-L-proline,BJBUEDPLEOHJGE-IMJSIDKUSA-N,C5H9NO3,1,1,1,0,0.299671133,0.299671133,0.299671133,NA,MTBLS11904,Up in PD,1,FALSE,FALSE
IK_JEVKBGCAIMLFMA-KZXHGTAESA-N,"PC(2:0/20:5(7Z,9Z,11E,13E,17Z)-3OH(5,6,15))","PC(2:0/20:5(7Z,9Z,11E,13E,17Z)-3OH(5,6,15))",JEVKBGCAIMLFMA-KZXHGTAESA-N,C30H50NO11P,1,1,1,0,0.298774213,0.298774213,0.298774213,NA,MTBLS11904,Up in PD,1,FALSE,FALSE
IK_RYZWCKUTHDRXFD-FTZNQNEXSA-N,Cer 18:2;2O/24:1,Cer 18:2;2O/24:1,RYZWCKUTHDRXFD-FTZNQNEXSA-N,C42H79NO3,1,1,1,0,0.298658316,0.298658316,0.298658316,0.00351,37755270,Up in PD,1,FALSE,FALSE
IK_XWYSLMAMRKYUFH-SEYXRHQNSA-N,LPC O-18:1,LPC O-18:1,XWYSLMAMRKYUFH-SEYXRHQNSA-N,C26H54NO6P,1,1,1,0,0.298658316,0.298658316,0.298658316,NA,37755270,Up in PD,1,FALSE,FALSE
NO_INCHIKEY__lpc 20 1 1,LPC 20:1.1,LPC 20:1.1,NA,NA,1,1,1,0,0.298658316,0.298658316,0.298658316,NA,37755270,Up in PD,1,FALSE,FALSE
UNKNOWN_ROW__24167579__unknown_113,unknown_113,unknown_113,NA,NA,1,1,1,0,0.298658316,0.298658316,0.298658316,NA,24167579,Up in PD,1,FALSE,FALSE
IK_QQQQNYAHSSIZBU-HIQXTUQZSA-N,"PC(O-16:0/22:6(4Z,7Z,10Z,13Z,16Z,19Z))","PC(O-16:0/22:6(4Z,7Z,10Z,13Z,16Z,19Z))",QQQQNYAHSSIZBU-HIQXTUQZSA-N,C46H82NO7P,1,1,0,1,-0.298309143,-0.298309143,0.298309143,NA,MTBLS11904,Down in PD,1,FALSE,FALSE
IK_XBKGKVBBQAVORB-DVCDPERKSA-N,PS(22:1(13Z)/PGJ2),PS(22:1(13Z)/PGJ2),XBKGKVBBQAVORB-DVCDPERKSA-N,C48H82NO12P,1,1,1,0,0.298209485,0.298209485,0.298209485,NA,MTBLS11904,Up in PD,1,FALSE,FALSE
IK_KCEQGTJBAICOKH-UHFFFAOYSA-N,Glycerol 1-(5-hydroxydodecanoate),Glycerol 1-(5-hydroxydodecanoate),KCEQGTJBAICOKH-UHFFFAOYSA-N,C15H30O5,1,1,1,0,0.298043389,0.298043389,0.298043389,NA,MTBLS11904,Up in PD,1,FALSE,FALSE
IK_VFLYULAVOFVIAM-RRDRPCBCSA-N,"1-(4-O-beta-D-glucopyranosyl-3-methoxyphenyl)-3,5-dihydroxydecane","1-(4-O-beta-D-glucopyranosyl-3-methoxyphenyl)-3,5-dihydroxydecane",VFLYULAVOFVIAM-RRDRPCBCSA-N,C25H42O7,1,1,0,1,-0.298010169,-0.298010169,0.298010169,NA,MTBLS11904,Down in PD,1,FALSE,FALSE
IK_KDGAYJIGGCDHPH-UWVGGRQHSA-N,L-beta-aspartyl-L-phenylalanine,L-beta-aspartyl-L-phenylalanine,KDGAYJIGGCDHPH-UWVGGRQHSA-N,C13H16N2O5,1,1,1,0,0.297711196,0.297711196,0.297711196,NA,MTBLS11904,Up in PD,1,FALSE,FALSE
IK_ZKQOUHVVXABNDG-IUCAKERBSA-N,Pro-leu,Pro-leu,ZKQOUHVVXABNDG-IUCAKERBSA-N,C11H20N2O3,1,1,1,0,0.297578319,0.297578319,0.297578319,NA,MTBLS11904,Up in PD,1,FALSE,FALSE
IK_NWVJXHCRPZDUPG-WYGAFBEVSA-N,"(6E,8R,10Z)-8-hydroxy-3-oxohexadecadienoic acid","(6E,8R,10Z)-8-hydroxy-3-oxohexadecadienoic acid",NWVJXHCRPZDUPG-WYGAFBEVSA-N,C16H26O4,1,1,1,0,0.296382425,0.296382425,0.296382425,NA,MTBLS11904,Up in PD,1,FALSE,FALSE
IK_KSMRODHGGIIXDV-YFKPBYRVSA-N,N-Acetylglutamine,N-Acetylglutamine | Aceglutamide,KSMRODHGGIIXDV-YFKPBYRVSA-N,C7H12N2O4,1,1,0,1,-0.295817697,-0.295817697,0.295817697,NA,MTBLS11904,Down in PD,1,FALSE,FALSE
IK_XWHHYOYVRVGJJY-QMMMGPOBSA-N,4-Fluoro-L-phenylalanine,4-Fluoro-L-phenylalanine,XWHHYOYVRVGJJY-QMMMGPOBSA-N,C9H10FNO2,1,1,1,0,0.295718039,0.295718039,0.295718039,NA,MTBLS11904,Up in PD,1,FALSE,FALSE
IK_CVSVTCORWBXHQV-UHFFFAOYSA-N,Creatine,Creatine,CVSVTCORWBXHQV-UHFFFAOYSA-N,C4H9N3O2,1,1,0,1,-0.295551943,-0.295551943,0.295551943,NA,MTBLS11904,Down in PD,1,FALSE,FALSE
IK_RKFMAQNDSSSRTH-OSMVPFSASA-N,N-Acetyl-D-galactosamine 4-sulfate,N-Acetyl-D-galactosamine 4-sulfate,RKFMAQNDSSSRTH-OSMVPFSASA-N,C8H15NO9S,1,1,1,0,0.295135249,0.295135249,0.295135249,NA,38720721,Up in PD,1,FALSE,FALSE
IK_ZJUKTBDSGOFHSH-WFMPWKQPSA-N,S-Adenosylhomocysteine,S-Adenosylhomocysteine,ZJUKTBDSGOFHSH-WFMPWKQPSA-N,C14H20N6O5S,1,1,1,0,0.294522145,0.294522145,0.294522145,NA,MTBLS11904,Up in PD,1,FALSE,FALSE
IK_OTBMMWCXBVNALT-AMOZBRKMSA-N,"PE-NMe(20:4(8Z,11Z,14Z,17Z)/24:0)","PE-NMe(20:4(8Z,11Z,14Z,17Z)/24:0)",OTBMMWCXBVNALT-AMOZBRKMSA-N,C50H92NO8P,1,1,0,1,-0.294090294,-0.294090294,0.294090294,NA,MTBLS11904,Down in PD,1,FALSE,FALSE
IK_MJEVTNQRFPLLCH-QECOYPFHSA-N,"DG(18:3(9Z,12Z,15Z)/15:0/0:0)","DG(18:3(9Z,12Z,15Z)/15:0/0:0)",MJEVTNQRFPLLCH-QECOYPFHSA-N,C36H64O5,1,1,0,1,-0.293658444,-0.293658444,0.293658444,NA,MTBLS11904,Down in PD,1,FALSE,FALSE
IK_KABXUUFDPUOJMW-BYPYZUCNSA-N,L-Glutamic gamma-semialdehyde,L-Glutamic gamma-semialdehyde,KABXUUFDPUOJMW-BYPYZUCNSA-N,C5H9NO3,1,1,1,0,0.293492347,0.293492347,0.293492347,NA,MTBLS11904,Up in PD,1,FALSE,FALSE
IK_OZOMQRBLCMDCEG-VIZOYTHASA-N,Dantrolene,Dantrolene,OZOMQRBLCMDCEG-VIZOYTHASA-N,C14H10N4O5,1,1,1,0,0.293226593,0.293226593,0.293226593,NA,MTBLS11904,Up in PD,1,FALSE,FALSE
IK_LRNNBJBAUXSVMH-NHNZYLEHSA-N,4R-Hydroxy solifenacin,4R-Hydroxy solifenacin,LRNNBJBAUXSVMH-NHNZYLEHSA-N,C23H26N2O3,1,1,1,0,0.293160154,0.293160154,0.293160154,NA,MTBLS11904,Up in PD,1,FALSE,FALSE
NO_INCHIKEY__possible bile salt,possible bile salt,possible bile salt,NA,NA,1,1,1,0,0.292781749,0.292781749,0.292781749,NA,24167579,Up in PD,1,FALSE,FALSE
IK_XTKGXPFBKPYFDW-UHFFFAOYSA-N,4-(4-Guanidinobenzoyloxy)phenylacetate,4-(4-Guanidinobenzoyloxy)phenylacetate,XTKGXPFBKPYFDW-UHFFFAOYSA-N,C16H15N3O4,1,1,0,1,-0.292761523,-0.292761523,0.292761523,NA,MTBLS11904,Down in PD,1,FALSE,FALSE
IK_NDEFPWCNVUSOMM-ARZPVTGOSA-N,"PC(P-18:1(11Z)/20:4(5Z,8Z,11Z,14Z)-OH(20))","PC(P-18:1(11Z)/20:4(5Z,8Z,11Z,14Z)-OH(20))",NDEFPWCNVUSOMM-ARZPVTGOSA-N,C46H82NO8P,1,1,0,1,-0.292263234,-0.292263234,0.292263234,NA,MTBLS11904,Down in PD,1,FALSE,FALSE
IK_DKLGLHQHLFISGJ-YLBFUXKPSA-N,Ataprost,Ataprost,DKLGLHQHLFISGJ-YLBFUXKPSA-N,C21H32O4,1,1,1,0,0.292230015,0.292230015,0.292230015,NA,MTBLS11904,Up in PD,1,FALSE,FALSE
IK_WWZKQHOCKIZLMA-UHFFFAOYSA-M,Octanoate,Octanoate,WWZKQHOCKIZLMA-UHFFFAOYSA-M,C8H15O2-,1,1,0,1,-0.292163576,-0.292163576,0.292163576,NA,MTBLS11904,Down in PD,1,FALSE,FALSE
IK_IGTMFIJOUADBDC-UHFFFAOYSA-N,Sulfuric acid 4-methoxyphenyl ester,Sulfuric acid 4-methoxyphenyl ester,IGTMFIJOUADBDC-UHFFFAOYSA-N,C7H8O5S,1,1,1,0,0.292097137,0.292097137,0.292097137,NA,MTBLS11904,Up in PD,1,FALSE,FALSE
IK_XYYHNDVKALDFHQ-OXHZBIAZSA-N,"PE(18:0/22:6(4Z,7Z,10Z,13Z,16Z,19Z))","PE(18:0/22:6(4Z,7Z,10Z,13Z,16Z,19Z))",XYYHNDVKALDFHQ-OXHZBIAZSA-N,C45H78NO8P,1,1,0,1,-0.29149919,-0.29149919,0.29149919,NA,MTBLS11904,Down in PD,1,FALSE,FALSE
IK_VHRUMKCAEVRUBK-WKELIDJCSA-N,PA(2:0/PGJ2),PA(2:0/PGJ2),VHRUMKCAEVRUBK-WKELIDJCSA-N,C20H28O3,1,1,1,0,0.291399533,0.291399533,0.291399533,NA,MTBLS11904,Up in PD,1,FALSE,FALSE
IK_GYQQQCVFOLKXGH-LDSFXQROSA-N,Chrysoeriol 7-apiosyl-glucoside,Chrysoeriol 7-apiosyl-glucoside,GYQQQCVFOLKXGH-LDSFXQROSA-N,C27H30O15,1,1,0,1,-0.291333094,-0.291333094,0.291333094,NA,MTBLS11904,Down in PD,1,FALSE,FALSE
IK_MALNXHYEPCSPPU-UWVGGRQHSA-N,Seryltyrosine,Seryltyrosine,MALNXHYEPCSPPU-UWVGGRQHSA-N,C12H16N2O5,1,1,1,0,0.291200217,0.291200217,0.291200217,NA,MTBLS11904,Up in PD,1,FALSE,FALSE
IK_SMNDYUVBFMFKNZ-UHFFFAOYSA-N,2-Furoic Acid,2-Furoic Acid,SMNDYUVBFMFKNZ-UHFFFAOYSA-N,C5H4O3,1,1,1,0,0.29103412,0.29103412,0.29103412,NA,MTBLS11904,Up in PD,1,FALSE,FALSE
IK_JYEFAZDBHWGXHI-HWKANZROSA-N,3-(5-Methoxy-4-oxocyclohex-2-en-1-yl)prop-2-enoic acid,3-(5-Methoxy-4-oxocyclohex-2-en-1-yl)prop-2-enoic acid,JYEFAZDBHWGXHI-HWKANZROSA-N,C10H12O4,1,1,1,0,0.289871446,0.289871446,0.289871446,NA,MTBLS11904,Up in PD,1,FALSE,FALSE
IK_VEBOFLQVSWXAKE-FWGBWITRSA-N,"PC(20:4(8Z,11Z,14Z,17Z)-2OH(5S,6R)/P-18:0)","PC(20:4(8Z,11Z,14Z,17Z)-2OH(5S,6R)/P-18:0)",VEBOFLQVSWXAKE-FWGBWITRSA-N,C46H84NO9P,1,1,1,0,0.289838226,0.289838226,0.289838226,NA,MTBLS11904,Up in PD,1,FALSE,FALSE
IK_CLJGMBYGTHRUNF-PJQJKGEDSA-N,Menthol glucuronide,Menthol glucuronide,CLJGMBYGTHRUNF-PJQJKGEDSA-N,C16H28O7,1,1,0,1,-0.288908086,-0.288908086,0.288908086,NA,MTBLS11904,Down in PD,1,FALSE,FALSE
IK_GJZJZRWFRZFTEE-ONEGZZNKSA-N,6-Epi-7-isocucurbic acid glucoside,6-Epi-7-isocucurbic acid glucoside,GJZJZRWFRZFTEE-ONEGZZNKSA-N,C18H30O8,1,1,1,0,0.288575894,0.288575894,0.288575894,NA,MTBLS11904,Up in PD,1,FALSE,FALSE
IK_LEVWYRKDKASIDU-UHFFFAOYNA-N,Cystine,Cystine,LEVWYRKDKASIDU-UHFFFAOYNA-N,C6H12N2O4S2,1,1,0,1,-0.288064643,-0.288064643,0.288064643,0.0238,38720721,Down in PD,1,FALSE,FALSE
IK_SZJNCZMRZAUNQT-IUCAKERBSA-N,Cyclo(Leu-Pro),Cyclo(Leu-Pro),SZJNCZMRZAUNQT-IUCAKERBSA-N,C11H18N2O2,1,1,1,0,0.2880632,0.2880632,0.2880632,0.0142,38720721,Up in PD,1,FALSE,FALSE
IK_OLXZPDWKRNYJJZ-RRKCRQDMSA-N,Deoxyadenosine,Deoxyadenosine,OLXZPDWKRNYJJZ-RRKCRQDMSA-N,C10H13N5O3,1,1,0,1,-0.288044385,-0.288044385,0.288044385,NA,MTBLS11904,Down in PD,1,FALSE,FALSE
IK_WNFXUXZJJKTDOZ-OAHLLOKOSA-N,Acetylshikonin,Acetylshikonin,WNFXUXZJJKTDOZ-OAHLLOKOSA-N,C18H18O6,1,1,0,1,-0.288011166,-0.288011166,0.288011166,NA,MTBLS11904,Down in PD,1,FALSE,FALSE
IK_RPTUKVYGSPDHGQ-PSALXKTOSA-N,SM(d16:1/16:0),SM(d16:1/16:0),RPTUKVYGSPDHGQ-PSALXKTOSA-N,C37H75N2O6P,1,1,0,1,-0.287944727,-0.287944727,0.287944727,NA,MTBLS11904,Down in PD,1,FALSE,FALSE
IK_YBGWTZSEYYMFJI-AXUSBXICSA-N,Silymonin,Silymonin,YBGWTZSEYYMFJI-AXUSBXICSA-N,C25H22O9,1,1,1,0,0.287944727,0.287944727,0.287944727,NA,MTBLS11904,Up in PD,1,FALSE,FALSE
IK_SNIXRMIHFOIVBB-UHFFFAOYSA-N,N-hydroxyl-tryptamine,N-hydroxyl-tryptamine,SNIXRMIHFOIVBB-UHFFFAOYSA-N,C10H12N2O,1,1,1,0,0.287878289,0.287878289,0.287878289,NA,MTBLS11904,Up in PD,1,FALSE,FALSE
IK_NXYCBMGKNCJXIC-CNEMSGBDSA-N,Bz-Camp,Bz-Camp,NXYCBMGKNCJXIC-CNEMSGBDSA-N,C17H16N5O7P,1,1,1,0,0.287712192,0.287712192,0.287712192,NA,MTBLS11904,Up in PD,1,FALSE,FALSE
IK_SEQMDCPPEHGVOY-ZMPDJGPBSA-N,"PS(22:2(13Z,16Z)/PGJ2)","PS(22:2(13Z,16Z)/PGJ2)",SEQMDCPPEHGVOY-ZMPDJGPBSA-N,C48H80NO12P,1,1,1,0,0.287479657,0.287479657,0.287479657,NA,MTBLS11904,Up in PD,1,FALSE,FALSE
UNKNOWN_ROW__24167579__unknown_169,unknown_169,unknown_169,NA,NA,1,1,1,0,0.286881148,0.286881148,0.286881148,NA,24167579,Up in PD,1,FALSE,FALSE
IK_BOHZCIJMIPHZKG-OANVIGDOSA-N,PC O-18:2_20:4,PC O-18:2_20:4,BOHZCIJMIPHZKG-OANVIGDOSA-N,C46H82NO7P,1,1,0,1,-0.286304185,-0.286304185,0.286304185,0.00326,37755270,Down in PD,1,FALSE,FALSE
IK_FTBLAVKNEFKBKK-CUGCVFGBSA-N,HexCer 42:2;3O,HexCer 42:2;3O,FTBLAVKNEFKBKK-CUGCVFGBSA-N,C67H125NO10,1,1,0,1,-0.286304185,-0.286304185,0.286304185,0.0166,37755270,Down in PD,1,FALSE,FALSE
IK_KRNYOVHEKOBTEF-YUMQZZPRSA-N,Valyl-Valine,Valyl-Valine,KRNYOVHEKOBTEF-YUMQZZPRSA-N,C9H12N2O6,1,1,0,1,-0.286304185,-0.286304185,0.286304185,0.0995,28880465,Down in PD,1,FALSE,FALSE
IK_KZNQNBZMBZJQJO-RXMQYKEDSA-N,Glycylproline [+C2H4],Glycylproline [+C2H4],KZNQNBZMBZJQJO-RXMQYKEDSA-N,C5H11NO2S,1,1,0,1,-0.286304185,-0.286304185,0.286304185,0.0118,28880465,Down in PD,1,FALSE,FALSE
IK_QAJRFFUHENEZQE-RTJPTYSYSA-N,PC O-42:3 or PC 42:3e,PC O-42:3 or PC 42:3e,QAJRFFUHENEZQE-RTJPTYSYSA-N,C50H96NO7P,1,1,0,1,-0.286304185,-0.286304185,0.286304185,NA,37755270,Down in PD,1,FALSE,FALSE
IK_VKVSSDKCKXJFIM-AFYHZPHLSA-N,PC 34:3,PC 34:3,VKVSSDKCKXJFIM-AFYHZPHLSA-N,C42H78NO8P,1,1,0,1,-0.286304185,-0.286304185,0.286304185,0.0011,33485385,Down in PD,1,FALSE,FALSE
IK_ZETVJNVPEVTCFL-GUCXUNSNSA-N,PI(O-16:0/12:0),PI(O-16:0/12:0),ZETVJNVPEVTCFL-GUCXUNSNSA-N,C37H73O12P,1,1,0,1,-0.286304185,-0.286304185,0.286304185,NA,24167579,Down in PD,1,FALSE,FALSE
IK_ZQRJDNRTBNYEER-NWBJSICCSA-N,Cer-NS d39:1,Cer-NS d39:1,ZQRJDNRTBNYEER-NWBJSICCSA-N,C39H77NO3,1,1,0,1,-0.286304185,-0.286304185,0.286304185,0.00115,37755270,Down in PD,1,FALSE,FALSE
UNKNOWN_ROW__24167579__unknown_185,unknown_185,unknown_185,NA,NA,1,1,0,1,-0.286304185,-0.286304185,0.286304185,NA,24167579,Down in PD,1,FALSE,FALSE
IK_XPEZGWHLHCVJMV-SYESHANZSA-N,"PE(22:6(4Z,7Z,10Z,13E,15E,19Z)-OH(17)/22:1(13Z))","PE(22:6(4Z,7Z,10Z,13E,15E,19Z)-OH(17)/22:1(13Z))",XPEZGWHLHCVJMV-SYESHANZSA-N,C49H84NO9P,1,1,1,0,0.285752255,0.285752255,0.285752255,NA,MTBLS11904,Up in PD,1,FALSE,FALSE
IK_HJIKODJJEORHMZ-NNPZUXBVSA-N,28-Homobrassinolide,28-Homobrassinolide,HJIKODJJEORHMZ-NNPZUXBVSA-N,C29H50O6,1,1,1,0,0.285320404,0.285320404,0.285320404,NA,MTBLS11904,Up in PD,1,FALSE,FALSE
IK_ZYGHJZDHTFUPRJ-UHFFFAOYSA-N,Coumarin,Coumarin | Cumarin,ZYGHJZDHTFUPRJ-UHFFFAOYSA-N,C9H6O2,1,1,1,0,0.285154308,0.285154308,0.285154308,NA,MTBLS11904,Up in PD,1,FALSE,FALSE
IK_CTKINSOISVBQLD-UHFFFAOYSA-N,Glycidol,Glycidol,CTKINSOISVBQLD-UHFFFAOYSA-N,C3H6O2,1,1,1,0,0.285121088,0.285121088,0.285121088,NA,MTBLS11904,Up in PD,1,FALSE,FALSE
IK_KTXUGZHJVRHQGP-UHFFFAOYSA-N,4-Hydroxy-1-(3-pyridinyl)-1-butanone,4-Hydroxy-1-(3-pyridinyl)-1-butanone,KTXUGZHJVRHQGP-UHFFFAOYSA-N,C9H11NO2,1,1,1,0,0.284788896,0.284788896,0.284788896,NA,MTBLS11904,Up in PD,1,FALSE,FALSE
IK_JFZHPFOXAAIUMB-UHFFFAOYSA-N,Phenylethylmalonamide,Phenylethylmalonamide,JFZHPFOXAAIUMB-UHFFFAOYSA-N,C11H14N2O2,1,1,1,0,0.284390264,0.284390264,0.284390264,NA,MTBLS11904,Up in PD,1,FALSE,FALSE
IK_RFDAIACWWDREDC-IFZPJRIXSA-N,"3a,7b,12a-Trihydroxyoxocholanyl-Glycine","3a,7b,12a-Trihydroxyoxocholanyl-Glycine",RFDAIACWWDREDC-IFZPJRIXSA-N,C26H43NO6,1,1,1,0,0.284390264,0.284390264,0.284390264,NA,MTBLS11904,Up in PD,1,FALSE,FALSE
IK_CDSQRAACZGXZNE-UHFFFAOYSA-N,Perilloside B,Perilloside B,CDSQRAACZGXZNE-UHFFFAOYSA-N,C16H24O7,1,1,0,1,-0.283925194,-0.283925194,0.283925194,NA,MTBLS11904,Down in PD,1,FALSE,FALSE
IK_QMPHZIPNNJOWQI-DUXPYHPUSA-N,Caffeoylshikimate,Caffeoylshikimate,QMPHZIPNNJOWQI-DUXPYHPUSA-N,C16H16O8,1,1,1,0,0.283891975,0.283891975,0.283891975,NA,MTBLS11904,Up in PD,1,FALSE,FALSE
IK_KJHYUSLWTPMFTN-AQWUKCDYSA-N,MG(18:1(11Z)/0:0/0:0),MG(18:1(11Z)/0:0/0:0),KJHYUSLWTPMFTN-AQWUKCDYSA-N,C21H40O4,1,1,1,0,0.283692659,0.283692659,0.283692659,NA,MTBLS11904,Up in PD,1,FALSE,FALSE
IK_WLGDDELKYAWBBL-UHFFFAOYSA-N,9-Oxo-nonanoic acid,9-Oxo-nonanoic acid,WLGDDELKYAWBBL-UHFFFAOYSA-N,C9H16O3,1,1,1,0,0.283593002,0.283593002,0.283593002,NA,MTBLS11904,Up in PD,1,FALSE,FALSE
IK_JDZBITULCWBIMC-AEQQXRABSA-N,"4-Hydroxy-2,5,5,9-Tetramethylcycloundeca-2,9-Dienyl 4-Hydroxybenzoate","4-Hydroxy-2,5,5,9-Tetramethylcycloundeca-2,9-Dienyl 4-Hydroxybenzoate",JDZBITULCWBIMC-AEQQXRABSA-N,C22H30O4,1,1,0,1,-0.283227589,-0.283227589,0.283227589,NA,MTBLS11904,Down in PD,1,FALSE,FALSE
IK_OLNJUISKUQQNIM-UHFFFAOYSA-N,Indole-3-carboxaldehyde,Indole-3-carboxaldehyde | 3-Formylindole,OLNJUISKUQQNIM-UHFFFAOYSA-N,C9H7NO,1,1,0,1,-0.282895397,-0.282895397,0.282895397,NA,MTBLS11904,Down in PD,1,FALSE,FALSE
IK_AKAHWGGIUSJNNM-BQBZGAKWSA-N,Gamma-glutamyl-glutamine,Gamma-glutamyl-glutamine,AKAHWGGIUSJNNM-BQBZGAKWSA-N,C11H21N5O5,1,1,1,0,0.282143229,0.282143229,0.282143229,NA,38720721,Up in PD,1,FALSE,FALSE
IK_JVJFIQYAHPMBBX-FNORWQNLSA-N,4-Hydroxynonenal,4-Hydroxynonenal,JVJFIQYAHPMBBX-FNORWQNLSA-N,C9H16O2,1,1,1,0,0.280935459,0.280935459,0.280935459,NA,MTBLS11904,Up in PD,1,FALSE,FALSE
IK_ZXSWTMLNIIZPET-ZOFHRBRSSA-N,Normethandrone,Normethandrone,ZXSWTMLNIIZPET-ZOFHRBRSSA-N,C19H28O2,1,1,1,0,0.280005319,0.280005319,0.280005319,NA,MTBLS11904,Up in PD,1,FALSE,FALSE
IK_VZFRNCSOCOPNDB-AOKDLOFSSA-N,Domoic acid,Domoic acid,VZFRNCSOCOPNDB-AOKDLOFSSA-N,C15H21NO6,1,1,1,0,0.279839223,0.279839223,0.279839223,NA,MTBLS11904,Up in PD,1,FALSE,FALSE
IK_SKMHHHHLLBKNKR-UHFFFAOYSA-M,Acrylamide-sodium acrylate resin,Acrylamide-sodium acrylate resin,SKMHHHHLLBKNKR-UHFFFAOYSA-M,C6H8NNaO3,1,1,1,0,0.279606688,0.279606688,0.279606688,NA,MTBLS11904,Up in PD,1,FALSE,FALSE
IK_DDBREPKUVSBGFI-UHFFFAOYSA-N,Phenobarbital,Phenobarbital,DDBREPKUVSBGFI-UHFFFAOYSA-N,C12H12N2O3,1,1,0,1,-0.279407372,-0.279407372,0.279407372,NA,MTBLS11904,Down in PD,1,FALSE,FALSE
IK_WQXXXHMEBYGSBG-OLQVQODUSA-N,"Cis-3,5-Diethyl-1,2,4-trithiolane","Cis-3,5-Diethyl-1,2,4-trithiolane",WQXXXHMEBYGSBG-OLQVQODUSA-N,C6H12S3,1,1,0,1,-0.279374153,-0.279374153,0.279374153,NA,MTBLS11904,Down in PD,1,FALSE,FALSE
IK_KCSKCIQYNAOBNQ-YBSFLMRUSA-N,Biotin sulfoxide,Biotin sulfoxide,KCSKCIQYNAOBNQ-YBSFLMRUSA-N,C10H16N2O4S,1,1,1,0,0.278078601,0.278078601,0.278078601,NA,MTBLS11904,Up in PD,1,FALSE,FALSE
IK_VLPFTAMPNXLGLX-UHFFFAOYSA-N,TG(8:0/8:0/8:0),TG(8:0/8:0/8:0),VLPFTAMPNXLGLX-UHFFFAOYSA-N,C27H50O6,1,1,0,1,-0.277281338,-0.277281338,0.277281338,NA,MTBLS11904,Down in PD,1,FALSE,FALSE
IK_DKHSNOLJPXJJMD-GQDNDFQBSA-N,Quercetin 3-O-xylosyl-glucuronide,Quercetin 3-O-xylosyl-glucuronide,DKHSNOLJPXJJMD-GQDNDFQBSA-N,C26H26O17,1,1,1,0,0.276783049,0.276783049,0.276783049,NA,MTBLS11904,Up in PD,1,FALSE,FALSE
IK_RUDATBOHQWOJDD-GCJQIVLTSA-N,"3,7-Dihydroxycholan-24-oic acid","3,7-Dihydroxycholan-24-oic acid",RUDATBOHQWOJDD-GCJQIVLTSA-N,C24H40O4,1,1,1,0,0.276783049,0.276783049,0.276783049,NA,MTBLS11904,Up in PD,1,FALSE,FALSE
IK_FWAYDNJCBHNWQD-JBWLPIRVSA-N,Sarmentosin,Sarmentosin,FWAYDNJCBHNWQD-JBWLPIRVSA-N,C11H17NO7,1,1,1,0,0.276583733,0.276583733,0.276583733,NA,MTBLS11904,Up in PD,1,FALSE,FALSE
IK_NDLCPYLJACQPTP-XBLVEGMJSA-N,"Undeca-5,7-dienoylcarnitine","Undeca-5,7-dienoylcarnitine",NDLCPYLJACQPTP-XBLVEGMJSA-N,C18H31NO4,1,1,0,1,-0.276517295,-0.276517295,0.276517295,NA,MTBLS11904,Down in PD,1,FALSE,FALSE
IK_YSLVYCWXAPPBIQ-UHFFFAOYSA-N,7-Methyl-cholic acid,7-Methyl-cholic acid,YSLVYCWXAPPBIQ-UHFFFAOYSA-N,C25H42O5,1,1,0,1,-0.276517295,-0.276517295,0.276517295,NA,MTBLS11904,Down in PD,1,FALSE,FALSE
IK_ZGXJTSGNIOSYLO-UHFFFAOYSA-N,5-Aminolevulinic acid,5-Aminolevulinic acid,ZGXJTSGNIOSYLO-UHFFFAOYSA-N,C5H9NO3,1,1,0,1,-0.276085444,-0.276085444,0.276085444,NA,MTBLS11904,Down in PD,1,FALSE,FALSE
IK_BETFSIOJEATXGY-WOCLASLBSA-N,"PC(22:6(4Z,7Z,10Z,13Z,16Z,19Z)/P-18:1(9Z))","PC(22:6(4Z,7Z,10Z,13Z,16Z,19Z)/P-18:1(9Z))",BETFSIOJEATXGY-WOCLASLBSA-N,C48H82NO7P,1,1,0,1,-0.275952567,-0.275952567,0.275952567,NA,MTBLS11904,Down in PD,1,FALSE,FALSE
IK_UEJJHQNACJXSKW-UHFFFAOYSA-N,Thalidomide,Thalidomide,UEJJHQNACJXSKW-UHFFFAOYSA-N,C13H10N2O4,1,1,1,0,0.275952567,0.275952567,0.275952567,NA,MTBLS11904,Up in PD,1,FALSE,FALSE
IK_FORFDCPQKJHEBF-HUESYALOSA-N,"PC(18:0/18:2(9Z,12Z))","PC(18:0/18:2(9Z,12Z))",FORFDCPQKJHEBF-HUESYALOSA-N,C44H84NO8P,1,1,0,1,-0.275919348,-0.275919348,0.275919348,NA,MTBLS11904,Down in PD,1,FALSE,FALSE
IK_QIBZFHLFHCIUOT-NPBIGWJUSA-N,PC 32:1,PC 32:1,QIBZFHLFHCIUOT-NPBIGWJUSA-N,C40H78NO8P,1,1,1,0,0.275007047,0.275007047,0.275007047,3.87e-6,37755270,Up in PD,1,FALSE,FALSE
IK_VLBPIWYTPAXCFJ-UHFFFAOYSA-N,LPC O-16:0,LPC O-16:0,VLBPIWYTPAXCFJ-UHFFFAOYSA-N,C24H52NO6P,1,1,1,0,0.275007047,0.275007047,0.275007047,0.00415,37755270,Up in PD,1,FALSE,FALSE
NO_INCHIKEY__pc 38 5 isomer a,PC 38:5 Isomer A,PC 38:5 Isomer A,NA,NA,1,1,1,0,0.275007047,0.275007047,0.275007047,0.00816,37755270,Up in PD,1,FALSE,FALSE
IK_SIDKXKCKKVBGMY-UHFFFAOYSA-N,3-Nonanon-1-yl acetate,3-Nonanon-1-yl acetate,SIDKXKCKKVBGMY-UHFFFAOYSA-N,C11H20O3,1,1,1,0,0.274989208,0.274989208,0.274989208,NA,MTBLS11904,Up in PD,1,FALSE,FALSE
IK_WNLRTRBMVRJNCN-UHFFFAOYSA-N,Adipic Acid,Adipic Acid,WNLRTRBMVRJNCN-UHFFFAOYSA-N,C6H10O4,1,1,1,0,0.274856331,0.274856331,0.274856331,NA,MTBLS11904,Up in PD,1,FALSE,FALSE
IK_AVFORCKFTWHFAR-ZSIFGTMLSA-N,8'-hydroxyabscisate,8'-hydroxyabscisate,AVFORCKFTWHFAR-ZSIFGTMLSA-N,C15H20O5,1,1,0,1,-0.274557357,-0.274557357,0.274557357,NA,MTBLS11904,Down in PD,1,FALSE,FALSE
IK_PAJPWUMXBYXFCZ-UHFFFAOYSA-N,1-aminocyclopropane-1-carboxylic acid,1-aminocyclopropane-1-carboxylic acid | 1-Aminocyclopropanecarboxylic acid,PAJPWUMXBYXFCZ-UHFFFAOYSA-N,C4H7NO2,1,1,1,0,0.273859752,0.273859752,0.273859752,NA,MTBLS11904,Up in PD,1,FALSE,FALSE
IK_JLVSPVFPBBFMBE-HXSWCURESA-O,LysoSM(d18:1),LysoSM(d18:1),JLVSPVFPBBFMBE-HXSWCURESA-O,C23H50N2O5P+,1,1,1,0,0.273627217,0.273627217,0.273627217,NA,MTBLS11904,Up in PD,1,FALSE,FALSE
IK_DQBQWWSFRPLIAX-UHFFFAOYSA-N,"5-Acetyl-3,4-dihydro-2H-pyrrole","5-Acetyl-3,4-dihydro-2H-pyrrole",DQBQWWSFRPLIAX-UHFFFAOYSA-N,C6H9NO,1,1,1,0,0.273527559,0.273527559,0.273527559,NA,MTBLS11904,Up in PD,1,FALSE,FALSE
IK_CUZKLRTTYZOCSD-CIUDSAMLSA-N,2'-Deoxymugineic acid,2'-Deoxymugineic acid,CUZKLRTTYZOCSD-CIUDSAMLSA-N,C12H20N2O7,1,1,0,1,-0.27349434,-0.27349434,0.27349434,NA,MTBLS11904,Down in PD,1,FALSE,FALSE
IK_COXWPCPYWFBNJH-UHFFFAOYSA-N,"2,4-Dihydroxyacetophenone 5-sulfate","2,4-Dihydroxyacetophenone 5-sulfate",COXWPCPYWFBNJH-UHFFFAOYSA-N,C8H8O6S,1,1,1,0,0.273361463,0.273361463,0.273361463,NA,MTBLS11904,Up in PD,1,FALSE,FALSE
IK_QTAGQHZOLRFCBU-UHFFFAOYSA-N,(R)-Oxypeucedanin,(R)-Oxypeucedanin,QTAGQHZOLRFCBU-UHFFFAOYSA-N,C16H14O5,1,1,0,1,-0.273228586,-0.273228586,0.273228586,NA,MTBLS11904,Down in PD,1,FALSE,FALSE
IK_CLUWOWRTHNNBBU-UHFFFAOYSA-N,METHIONAL,METHIONAL,CLUWOWRTHNNBBU-UHFFFAOYSA-N,C4H8OS,1,1,0,1,-0.273162147,-0.273162147,0.273162147,NA,MTBLS11904,Down in PD,1,FALSE,FALSE
IK_KZUXSHYAXPMDNJ-UHFFFAOYSA-N,7-(1-Imidazolyl)heptanoic acid,7-(1-Imidazolyl)heptanoic acid,KZUXSHYAXPMDNJ-UHFFFAOYSA-N,C10H16N2O2,1,1,1,0,0.272996051,0.272996051,0.272996051,NA,MTBLS11904,Up in PD,1,FALSE,FALSE
IK_XULZWQRXYTVUTE-UHFFFAOYSA-N,HBOA trihexose,HBOA trihexose,XULZWQRXYTVUTE-UHFFFAOYSA-N,C8H15NO2,1,1,1,0,0.271368306,0.271368306,0.271368306,NA,MTBLS11904,Up in PD,1,FALSE,FALSE
IK_OWFJMIVZYSDULZ-PXOLEDIWSA-N,Oxyterracin,Oxyterracin,OWFJMIVZYSDULZ-PXOLEDIWSA-N,C22H24N2O9,1,1,1,0,0.271335087,0.271335087,0.271335087,NA,MTBLS11904,Up in PD,1,FALSE,FALSE
IK_OXENLKNOBTVOJA-JLNKQSITSA-N,"4,5-dehydro Docosahexaenoic Acid","4,5-dehydro Docosahexaenoic Acid",OXENLKNOBTVOJA-JLNKQSITSA-N,C22H30O2,1,1,1,0,0.270836798,0.270836798,0.270836798,NA,MTBLS11904,Up in PD,1,FALSE,FALSE
IK_OOBHFESNSZDWIU-UHFFFAOYSA-N,Phenmetrazine,Phenmetrazine,OOBHFESNSZDWIU-UHFFFAOYSA-N,C11H15NO,1,1,0,1,-0.270637482,-0.270637482,0.270637482,NA,MTBLS11904,Down in PD,1,FALSE,FALSE
IK_LYCIFUKTLFWAKN-BKQFRBNDSA-N,"DG(22:6(4Z,7Z,10Z,13Z,16Z,19Z)/22:5(4Z,7Z,10Z,13Z,16Z)/0:0)","DG(22:6(4Z,7Z,10Z,13Z,16Z,19Z)/22:5(4Z,7Z,10Z,13Z,16Z)/0:0)",LYCIFUKTLFWAKN-BKQFRBNDSA-N,C47H70O5,1,1,0,1,-0.270604263,-0.270604263,0.270604263,NA,MTBLS11904,Down in PD,1,FALSE,FALSE
IK_YBAVZMWJCPETFA-QFTUWMPFSA-N,"PC(20:2(11Z,14Z)/22:6(4Z,7Z,10Z,13Z,16Z,19Z))","PC(20:2(11Z,14Z)/22:6(4Z,7Z,10Z,13Z,16Z,19Z))",YBAVZMWJCPETFA-QFTUWMPFSA-N,C50H84NO8P,1,1,0,1,-0.270471386,-0.270471386,0.270471386,NA,MTBLS11904,Down in PD,1,FALSE,FALSE
IK_LRFVTYWOQMYALW-UHFFFAOYSA-N,Xanthine,Xanthine,LRFVTYWOQMYALW-UHFFFAOYSA-N,C5H4N4O2,1,1,1,0,0.269607684,0.269607684,0.269607684,NA,MTBLS11904,Up in PD,1,FALSE,FALSE
IK_TVEOVCYCYGKVPP-HSCHXYMDSA-N,Leu Ile Trp,Leu Ile Trp,TVEOVCYCYGKVPP-HSCHXYMDSA-N,C23H34N4O4,1,1,1,0,0.269607684,0.269607684,0.269607684,NA,MTBLS11904,Up in PD,1,FALSE,FALSE
IK_NURCPIMQAUMKKZ-FZOQRHEPSA-N,Ganglioside GM3 (d18:1/16:0),Ganglioside GM3 (d18:1/16:0),NURCPIMQAUMKKZ-FZOQRHEPSA-N,C57H104N2O21,1,1,1,0,0.269175834,0.269175834,0.269175834,NA,MTBLS11904,Up in PD,1,FALSE,FALSE
IK_CHTHALBTIRVDBM-UHFFFAOYSA-N,"2,5-Furandicarboxylic acid","2,5-Furandicarboxylic acid",CHTHALBTIRVDBM-UHFFFAOYSA-N,C6H4O5,1,1,1,0,0.269042956,0.269042956,0.269042956,NA,MTBLS11904,Up in PD,1,FALSE,FALSE
IK_GGAXPLCKKANQED-UHFFFAOYSA-N,Menthone lactone,Menthone lactone,GGAXPLCKKANQED-UHFFFAOYSA-N,C10H18O2,1,1,0,1,-0.268976518,-0.268976518,0.268976518,NA,MTBLS11904,Down in PD,1,FALSE,FALSE
IK_FNPHNLNTJNMAEE-UHFFFAOYSA-N,acylcarnitine 18:0,acylcarnitine 18:0,FNPHNLNTJNMAEE-UHFFFAOYSA-N,C25H49NO4,1,1,0,1,-0.268816758,-0.268816758,0.268816758,0.0244,37755270,Down in PD,1,FALSE,FALSE
IK_GCGTXOVNNFGTPQ-JHOUSYSJSA-N,Cer d34:0,Cer d34:0 | Cer-NDS d34:0,GCGTXOVNNFGTPQ-JHOUSYSJSA-N,C34H69NO3,1,1,0,1,-0.268816758,-0.268816758,0.268816758,5.9e-4,37755270,Down in PD,1,FALSE,FALSE
IK_MIKWCKCBCDZUNB-JRQMLGJJSA-N,PC O-34:3,PC O-34:3,MIKWCKCBCDZUNB-JRQMLGJJSA-N,C42H80NO7P,1,1,0,1,-0.268816758,-0.268816758,0.268816758,0.00102,37755270,Down in PD,1,FALSE,FALSE
IK_RAWJLCORCPFJMI-PXQGODGESA-N,SM 32:2,SM 32:2,RAWJLCORCPFJMI-PXQGODGESA-N,C51H99N2O7P,1,1,0,1,-0.268816758,-0.268816758,0.268816758,0.0122,33485385,Down in PD,1,FALSE,FALSE
IK_VOXZDWNPVJITMN-ZBRFXRBCSA-N,estradiol (E2),estradiol (E2),VOXZDWNPVJITMN-ZBRFXRBCSA-N,C18H24O2,1,1,1,0,0.268816427,0.268816427,0.268816427,NA,37589832,Up in PD,1,FALSE,FALSE
IK_DOIRQSBPFJWKBE-UHFFFAOYSA-N,Dibutyl Phthalate,Dibutyl Phthalate,DOIRQSBPFJWKBE-UHFFFAOYSA-N,C16H22O4,1,1,1,0,0.268743983,0.268743983,0.268743983,NA,MTBLS11904,Up in PD,1,FALSE,FALSE
IK_BAQMYDQNMFBZNA-MNXVOIDGSA-N,Biocytin,Biocytin,BAQMYDQNMFBZNA-MNXVOIDGSA-N,C16H28N4O4S,1,1,0,1,-0.268278913,-0.268278913,0.268278913,NA,MTBLS11904,Down in PD,1,FALSE,FALSE
IK_QQFVICUNTBNUKN-QQRIYSRRSA-N,SM(d16:1/18:1),SM(d16:1/18:1),QQFVICUNTBNUKN-QQRIYSRRSA-N,C39H77N2O6P,1,1,0,1,-0.26688370300000003,-0.26688370300000003,0.26688370300000003,NA,MTBLS11904,Down in PD,1,FALSE,FALSE
IK_XSXIVVZCUAHUJO-AVQMFFATSA-N,"11,14-Eicosadienoic acid","11,14-Eicosadienoic acid",XSXIVVZCUAHUJO-AVQMFFATSA-N,C20H36O2,1,1,0,1,-0.265787467,-0.265787467,0.265787467,NA,MTBLS11904,Down in PD,1,FALSE,FALSE
IK_CYHWMBVXXDIZNZ-KRWDZBQOSA-N,Remimazolam,Remimazolam,CYHWMBVXXDIZNZ-KRWDZBQOSA-N,C21H19BrN4O2,1,1,1,0,0.265754248,0.265754248,0.265754248,NA,MTBLS11904,Up in PD,1,FALSE,FALSE
IK_ZWRUINPWMLAQRD-UHFFFAOYSA-N,1-Nonanol,1-Nonanol,ZWRUINPWMLAQRD-UHFFFAOYSA-N,C9H20O,1,1,0,1,-0.265754248,-0.265754248,0.265754248,NA,MTBLS11904,Down in PD,1,FALSE,FALSE
IK_GIPZQCAVEQRWOM-IKJFKDIMSA-N,PC aa C38:1,PC aa C38:1,GIPZQCAVEQRWOM-IKJFKDIMSA-N,C46H90NO8P,1,1,0,1,-0.26546075,-0.26546075,0.26546075,NA,34577635,Down in PD,1,FALSE,FALSE
IK_VFRROHXSMXFLSN-SLPGGIOYSA-N,glucose-6-phosphate,glucose-6-phosphate,VFRROHXSMXFLSN-SLPGGIOYSA-N,C6H13O9P,1,1,1,0,0.265436896,0.265436896,0.265436896,0.00351,38720721,Up in PD,1,FALSE,FALSE
IK_QCHPKSFMDHPSNR-UHFFFAOYSA-N,3-Aminoisobutanoic Acid,3-Aminoisobutanoic Acid | Aminoisobutanoic acid - H2O,QCHPKSFMDHPSNR-UHFFFAOYSA-N,C4H9NO2,1,1,1,0,0.265322397,0.265322397,0.265322397,NA,MTBLS11904,Up in PD,1,FALSE,FALSE
IK_IKXILDNPCZPPRV-RFMGOVQKSA-N,Drostanolone,Drostanolone,IKXILDNPCZPPRV-RFMGOVQKSA-N,C20H32O2,1,1,1,0,0.265123081,0.265123081,0.265123081,NA,MTBLS11904,Up in PD,1,FALSE,FALSE
IK_QJHRNPQXCMXOOH-XBJNFHHOSA-N,PE(20:2/0:0),PE(20:2/0:0),QJHRNPQXCMXOOH-XBJNFHHOSA-N,C25H48NO7P,1,1,1,0,0.264558354,0.264558354,0.264558354,NA,MTBLS11904,Up in PD,1,FALSE,FALSE
IK_LDKDGDIWEUUXSH-UHFFFAOYSA-N,THYMOLPHTHALEIN,THYMOLPHTHALEIN,LDKDGDIWEUUXSH-UHFFFAOYSA-N,C28H30O4,1,1,1,0,0.264159722,0.264159722,0.264159722,NA,MTBLS11904,Up in PD,1,FALSE,FALSE
IK_YEHAZLUVAZKVRO-PDWSRYNESA-N,"PE(18:0/20:4(8Z,11Z,14Z,17Z))","PE(18:0/20:4(8Z,11Z,14Z,17Z))",YEHAZLUVAZKVRO-PDWSRYNESA-N,C43H78NO8P,1,1,0,1,-0.263694652,-0.263694652,0.263694652,NA,MTBLS11904,Down in PD,1,FALSE,FALSE
IK_OEKUSRBIIZNLHZ-DJDNIQJZSA-N,3-Dehydrocholic Acid,3-Dehydrocholic Acid,OEKUSRBIIZNLHZ-DJDNIQJZSA-N,C24H38O5,1,1,1,0,0.263528556,0.263528556,0.263528556,NA,MTBLS11904,Up in PD,1,FALSE,FALSE
IK_MNLRQHMNZILYPY-MKFCKLDKSA-N,N-Acetylmuramate,N-Acetylmuramate,MNLRQHMNZILYPY-MKFCKLDKSA-N,C11H19NO8,1,1,1,0,0.263163144,0.263163144,0.263163144,NA,MTBLS11904,Up in PD,1,FALSE,FALSE
IK_KVYNYRIOAYQBFK-AIIPJEMGSA-N,Hordatine A,Hordatine A,KVYNYRIOAYQBFK-AIIPJEMGSA-N,C28H38N8O4,1,1,0,1,-0.263063486,-0.263063486,0.263063486,NA,MTBLS11904,Down in PD,1,FALSE,FALSE
IK_ASJJOPLGTKDUEX-UWDAMKIQSA-N,TG 18:1_18:1_19:1,TG 18:1_18:1_19:1,ASJJOPLGTKDUEX-UWDAMKIQSA-N,C58H106O6,1,1,1,0,0.263034406,0.263034406,0.263034406,0.00616,37755270,Up in PD,1,FALSE,FALSE
IK_ZSJMELIYGMLDEW-BJPCGIFGSA-N,Cer-NS d38:2,Cer-NS d38:2,ZSJMELIYGMLDEW-BJPCGIFGSA-N,C38H73NO3,1,1,1,0,0.263034406,0.263034406,0.263034406,0.00991,37755270,Up in PD,1,FALSE,FALSE
UNKNOWN_ROW__24167579__unknown_140,unknown_140,unknown_140,NA,NA,1,1,1,0,0.263034406,0.263034406,0.263034406,NA,24167579,Up in PD,1,FALSE,FALSE
UNKNOWN_ROW__24167579__unknown_95,unknown_95,unknown_95,NA,NA,1,1,1,0,0.263034406,0.263034406,0.263034406,NA,24167579,Up in PD,1,FALSE,FALSE
UNKNOWN_ROW__24167579__unknown_96,unknown_96,unknown_96,NA,NA,1,1,1,0,0.263034406,0.263034406,0.263034406,NA,24167579,Up in PD,1,FALSE,FALSE
IK_LMAFCBRBDQCUTK-HGDYXINXSA-N,Ile-Ile-Ala-Glu-Lys,Ile-Ile-Ala-Glu-Lys,LMAFCBRBDQCUTK-HGDYXINXSA-N,C26H48N6O8,1,1,1,0,0.262764512,0.262764512,0.262764512,NA,MTBLS11904,Up in PD,1,FALSE,FALSE
IK_KKEYFWRCBNTPAC-UHFFFAOYSA-N,Terephthalic Acid,Terephthalic Acid,KKEYFWRCBNTPAC-UHFFFAOYSA-N,C8H6O4,1,1,1,0,0.262698074,0.262698074,0.262698074,NA,MTBLS11904,Up in PD,1,FALSE,FALSE
IK_LHGVLZHIYVKZBT-UHFFFAOYSA-N,5-(3-Pyridyl)-2-hydroxytetrahydrofuran,5-(3-Pyridyl)-2-hydroxytetrahydrofuran,LHGVLZHIYVKZBT-UHFFFAOYSA-N,C9H11NO2,1,1,1,0,0.262233004,0.262233004,0.262233004,NA,MTBLS11904,Up in PD,1,FALSE,FALSE
IK_UWNSWIXIVDMCHZ-UHFFFAOYSA-N,Mono-isopropyl-disopyramide,Mono-isopropyl-disopyramide,UWNSWIXIVDMCHZ-UHFFFAOYSA-N,C18H23N3O,1,1,1,0,0.262199785,0.262199785,0.262199785,NA,MTBLS11904,Up in PD,1,FALSE,FALSE
IK_CDSMSBUVCWHORP-UHFFFAOYSA-N,Perillic acid,Perillic acid,CDSMSBUVCWHORP-UHFFFAOYSA-N,C10H14O2,1,1,0,1,-0.261701495,-0.261701495,0.261701495,NA,MTBLS11904,Down in PD,1,FALSE,FALSE
IK_SAWAIULJDYFLPD-CTTWBBHYSA-N,Nicotine glucuronide,Nicotine glucuronide,SAWAIULJDYFLPD-CTTWBBHYSA-N,C16H22N2O6,1,1,0,1,-0.261236425,-0.261236425,0.261236425,NA,MTBLS11904,Down in PD,1,FALSE,FALSE
IK_AMDPNECWKZZEBQ-UHFFFAOYSA-N,"5,5-Diphenyl-2-thiohydantoin","5,5-Diphenyl-2-thiohydantoin",AMDPNECWKZZEBQ-UHFFFAOYSA-N,C15H12N2OS,1,1,0,1,-0.261136768,-0.261136768,0.261136768,NA,MTBLS11904,Down in PD,1,FALSE,FALSE
IK_CXMXRPHRNRROMY-UHFFFAOYSA-N,Sebacic acid,Sebacic acid | decanedioic acid,CXMXRPHRNRROMY-UHFFFAOYSA-N,C10H18O4,1,1,1,0,0.261136768,0.261136768,0.261136768,NA,MTBLS11904,Up in PD,1,FALSE,FALSE
IK_KBDSLGBFQAGHBE-MSGMIQHVSA-N,Linonin,Linonin,KBDSLGBFQAGHBE-MSGMIQHVSA-N,C26H30O8,1,1,0,1,-0.261136768,-0.261136768,0.261136768,NA,MTBLS11904,Down in PD,1,FALSE,FALSE
IK_GOVYBPLHWIEHEJ-UHFFFAOYSA-N,Tubastatin A,Tubastatin A,GOVYBPLHWIEHEJ-UHFFFAOYSA-N,C20H21N3O2,1,1,1,0,0.261103548,0.261103548,0.261103548,NA,MTBLS11904,Up in PD,1,FALSE,FALSE
IK_OUDSFQBUEBFSPS-UHFFFAOYSA-N,N-(Carboxymethyl)-N-(2-((carboxymethyl)amino)ethyl)glycine,N-(Carboxymethyl)-N-(2-((carboxymethyl)amino)ethyl)glycine,OUDSFQBUEBFSPS-UHFFFAOYSA-N,C8H14N2O6,1,1,0,1,-0.26100389,-0.26100389,0.26100389,NA,MTBLS11904,Down in PD,1,FALSE,FALSE
IK_IORKBJYFXXCDMP-GMGFYYQASA-N,"PC(18:2(9Z,12Z)/14:0)","PC(18:2(9Z,12Z)/14:0)",IORKBJYFXXCDMP-GMGFYYQASA-N,C40H76NO8P,1,1,0,1,-0.260970671,-0.260970671,0.260970671,NA,MTBLS11904,Down in PD,1,FALSE,FALSE
IK_ILNJBIQQAIIMEY-UHFFFAOYSA-N,"4-Oxo-1,4-dihydroquinoline-3-carboxylic acid","4-Oxo-1,4-dihydroquinoline-3-carboxylic acid",ILNJBIQQAIIMEY-UHFFFAOYSA-N,C10H7NO3,1,1,0,1,-0.260605259,-0.260605259,0.260605259,NA,MTBLS11904,Down in PD,1,FALSE,FALSE
IK_MFIONIMKDOSXCC-SJQSLJDISA-N,"DG(15:0/18:4(6Z,9Z,12Z,15Z)/0:0)","DG(15:0/18:4(6Z,9Z,12Z,15Z)/0:0)",MFIONIMKDOSXCC-SJQSLJDISA-N,C36H62O5,1,1,0,1,-0.260140189,-0.260140189,0.260140189,NA,MTBLS11904,Down in PD,1,FALSE,FALSE
IK_OAKGNIRUXAZDQF-TXHRRWQRSA-N,Retaspimycin,Retaspimycin,OAKGNIRUXAZDQF-TXHRRWQRSA-N,C31H45N3O8,1,1,1,0,0.260073751,0.260073751,0.260073751,NA,MTBLS11904,Up in PD,1,FALSE,FALSE
IK_GKCNNWJPOJGTLV-UKTHLTGXSA-N,"2-Polyprenyl-3-methyl-6-methoxy-1,4-benzoquinone","2-Polyprenyl-3-methyl-6-methoxy-1,4-benzoquinone",GKCNNWJPOJGTLV-UKTHLTGXSA-N,C18H24O3,1,1,1,0,0.259608681,0.259608681,0.259608681,NA,MTBLS11904,Up in PD,1,FALSE,FALSE
IK_ZBSGKPYXQINNGF-UHFFFAOYSA-N,Nicotinuric acid,Nicotinuric acid,ZBSGKPYXQINNGF-UHFFFAOYSA-N,C8H8N2O3,1,1,1,0,0.259423152,0.259423152,0.259423152,NA,24167579,Up in PD,1,FALSE,FALSE
IK_RRVPPYNAZJRZFR-VYOBOKEXSA-N,GPCho(18:1/16:0),GPCho(18:1/16:0),RRVPPYNAZJRZFR-VYOBOKEXSA-N,C42H82NO8P,1,1,1,0,0.259010734,0.259010734,0.259010734,NA,MTBLS11904,Up in PD,1,FALSE,FALSE
IK_JVAZJLFFSJARQM-RMPHRYRLSA-N,Hexyl glucoside,Hexyl glucoside,JVAZJLFFSJARQM-RMPHRYRLSA-N,C12H24O6,1,1,1,0,0.258645322,0.258645322,0.258645322,NA,MTBLS11904,Up in PD,1,FALSE,FALSE
IK_WKZWTZTZWGWEGE-UHFFFAOYSA-N,"1,2-Cyclohexanediol, 1-methyl-4-(1-methylethenyl)-","1,2-Cyclohexanediol, 1-methyl-4-(1-methylethenyl)-",WKZWTZTZWGWEGE-UHFFFAOYSA-N,C10H18O2,1,1,1,0,0.258479225,0.258479225,0.258479225,NA,MTBLS11904,Up in PD,1,FALSE,FALSE
IK_CICRQSYFFGMUEH-MVKOLZDDSA-N,N-Linoleoyl Leucine,N-Linoleoyl Leucine,CICRQSYFFGMUEH-MVKOLZDDSA-N,C24H43NO3,1,1,0,1,-0.258279909,-0.258279909,0.258279909,NA,MTBLS11904,Down in PD,1,FALSE,FALSE
IK_KZAUOCCYDRDERY-UHFFFAOYSA-N,Oxamyl,Oxamyl,KZAUOCCYDRDERY-UHFFFAOYSA-N,C7H13N3O3S,1,1,1,0,0.258147032,0.258147032,0.258147032,NA,MTBLS11904,Up in PD,1,FALSE,FALSE
IK_QIGBRXMKCJKVMJ-UHFFFAOYSA-N,Hydroquinone,Hydroquinone,QIGBRXMKCJKVMJ-UHFFFAOYSA-N,C6H6O2,1,1,0,1,-0.257582305,-0.257582305,0.257582305,NA,MTBLS11904,Down in PD,1,FALSE,FALSE
IK_IAVREABSGIHHMO-UHFFFAOYSA-N,3-Hydroxybenzaldehyde,3-Hydroxybenzaldehyde,IAVREABSGIHHMO-UHFFFAOYSA-N,C7H6O2,1,1,1,0,0.256984357,0.256984357,0.256984357,NA,MTBLS11904,Up in PD,1,FALSE,FALSE
IK_ZNJFBWYDHIGLCU-HWKXXFMVSA-N,Jasmonic acid,Jasmonic acid,ZNJFBWYDHIGLCU-HWKXXFMVSA-N,C12H18O3,1,1,1,0,0.256652165,0.256652165,0.256652165,NA,MTBLS11904,Up in PD,1,FALSE,FALSE
IK_XOFYZVNMUHMLCC-ZPOLXVRWSA-N,Prednisone,Prednisone,XOFYZVNMUHMLCC-ZPOLXVRWSA-N,C21H26O5,1,1,1,0,0.256452849,0.256452849,0.256452849,NA,MTBLS11904,Up in PD,1,FALSE,FALSE
IK_DZTHIGRZJZPRDV-UHFFFAOYSA-N,N-Acetyl-DL-tryptophan,N-Acetyl-DL-tryptophan,DZTHIGRZJZPRDV-UHFFFAOYSA-N,C13H14N2O3,1,1,1,0,0.256153875,0.256153875,0.256153875,NA,MTBLS11904,Up in PD,1,FALSE,FALSE
IK_FUWUEFKEXZQKKA-UHFFFAOYSA-N,Beta-Thujaplicin,Beta-Thujaplicin,FUWUEFKEXZQKKA-UHFFFAOYSA-N,C10H12O2,1,1,0,1,-0.256087437,-0.256087437,0.256087437,NA,MTBLS11904,Down in PD,1,FALSE,FALSE
NO_INCHIKEY__gpcho 2 0 18 3,GPCho(2:0/18:3),GPCho(2:0/18:3),NA,NA,1,1,1,0,0.256020998,0.256020998,0.256020998,NA,MTBLS11904,Up in PD,1,FALSE,FALSE
IK_KHYYDOVNIFQNTL-DXKRBAIRSA-N,"MG(20:3(6,8,11)-OH(5)/0:0/0:0)","MG(20:3(6,8,11)-OH(5)/0:0/0:0)",KHYYDOVNIFQNTL-DXKRBAIRSA-N,C23H40O5,1,1,1,0,0.255821683,0.255821683,0.255821683,NA,MTBLS11904,Up in PD,1,FALSE,FALSE
IK_FBCNXALHPSQUQY-WKABSKOFSA-N,"PC(20:4(8Z,11Z,14Z,17Z)/18:0)","PC(20:4(8Z,11Z,14Z,17Z)/18:0)",FBCNXALHPSQUQY-WKABSKOFSA-N,C46H84NO8P,1,1,0,1,-0.255589148,-0.255589148,0.255589148,NA,MTBLS11904,Down in PD,1,FALSE,FALSE
IK_FMYKJLXRRQTBOR-BZSNNMDCSA-N,N-Acetyl-leucyl-leucyl-norleucinal,N-Acetyl-leucyl-leucyl-norleucinal,FMYKJLXRRQTBOR-BZSNNMDCSA-N,C20H37N3O4,1,1,1,0,0.255456271,0.255456271,0.255456271,NA,MTBLS11904,Up in PD,1,FALSE,FALSE
IK_JKTAZDIARLXYPE-UHFFFAOYSA-N,"L-Valine, N-(2-hydroxy-3-butenyl)-","L-Valine, N-(2-hydroxy-3-butenyl)-",JKTAZDIARLXYPE-UHFFFAOYSA-N,C9H17NO3,1,1,1,0,0.255389832,0.255389832,0.255389832,NA,MTBLS11904,Up in PD,1,FALSE,FALSE
NO_INCHIKEY__pc ae c42 1,PC ae C42:1,PC ae C42:1,NA,NA,1,1,1,0,0.255256587,0.255256587,0.255256587,NA,34577635,Up in PD,1,FALSE,FALSE
IK_IPMVHVDAYPUFKH-WYRBGLKBSA-N,PC(16:1(9Z)/16:0),PC(16:1(9Z)/16:0),IPMVHVDAYPUFKH-WYRBGLKBSA-N,C40H78NO8P,1,1,0,1,-0.255157297,-0.255157297,0.255157297,NA,MTBLS11904,Down in PD,1,FALSE,FALSE
IK_IDIDJDIHTAOVLG-VKHMYHEASA-N,S-Methyl-L-Cysteine,S-Methyl-L-Cysteine,IDIDJDIHTAOVLG-VKHMYHEASA-N,C4H9NO2S,1,1,1,0,0.255124078,0.255124078,0.255124078,NA,MTBLS11904,Up in PD,1,FALSE,FALSE
IK_PKSJDCCFDXWPLW-UHFFFAOYSA-N,"Cyclopropanecarboxamide, 1,2,2,3,3-pentamethyl-","Cyclopropanecarboxamide, 1,2,2,3,3-pentamethyl-",PKSJDCCFDXWPLW-UHFFFAOYSA-N,C9H17NO,1,1,0,1,-0.254758666,-0.254758666,0.254758666,NA,MTBLS11904,Down in PD,1,FALSE,FALSE
IK_BUTLOLBCWDNVGA-UHFFFAOYSA-N,Physapruin B,Physapruin B,BUTLOLBCWDNVGA-UHFFFAOYSA-N,C34H50O9,1,1,1,0,0.254725446,0.254725446,0.254725446,NA,MTBLS11904,Up in PD,1,FALSE,FALSE
IK_HMKKIXGYKWDQSV-UHFFFAOYSA-N,alpha-Amylcinnamaldehyde,alpha-Amylcinnamaldehyde,HMKKIXGYKWDQSV-UHFFFAOYSA-N,C14H18O,1,1,1,0,0.254594043,0.254594043,0.254594043,NA,24167579,Up in PD,1,FALSE,FALSE
IK_AAOVKJBEBIDNHE-UHFFFAOYSA-N,Diazepam,Diazepam,AAOVKJBEBIDNHE-UHFFFAOYSA-N,C16H13ClN2O,1,1,0,1,-0.253662429,-0.253662429,0.253662429,NA,MTBLS11904,Down in PD,1,FALSE,FALSE
IK_TYHJMEIBGDDCPA-UHFFFAOYSA-N,Methylisopelletierine,Methylisopelletierine,TYHJMEIBGDDCPA-UHFFFAOYSA-N,C9H17NO,1,1,0,1,-0.25362921,-0.25362921,0.25362921,NA,MTBLS11904,Down in PD,1,FALSE,FALSE
IK_CFFZDZCDUFSOFZ-UHFFFAOYSA-N,"3,4-dihydroxyphenylacetic Acid","3,4-dihydroxyphenylacetic Acid",CFFZDZCDUFSOFZ-UHFFFAOYSA-N,C8H8O4,1,1,1,0,0.253064482,0.253064482,0.253064482,NA,MTBLS11904,Up in PD,1,FALSE,FALSE
IK_SKHXRNHSZTXSLP-UHFFFAOYSA-N,Ranitidine-S-Oxide,Ranitidine-S-Oxide,SKHXRNHSZTXSLP-UHFFFAOYSA-N,C13H22N4O4S,1,1,1,0,0.253064482,0.253064482,0.253064482,NA,MTBLS11904,Up in PD,1,FALSE,FALSE
IK_MRTUWVDDQVMUCR-ACHCNROVSA-N,"LysoPC(18:3(6Z,9Z,12Z)/0:0)","LysoPC(18:3(6Z,9Z,12Z)/0:0)",MRTUWVDDQVMUCR-ACHCNROVSA-N,C26H48NO7P,1,1,1,0,0.252964824,0.252964824,0.252964824,NA,MTBLS11904,Up in PD,1,FALSE,FALSE
IK_XUVJDFTVUZWJIR-UHFFFAOYSA-N,"1-3-(4,5-dihydrofuranone)-5-(hydroxymethyl)-pyrrole-2-carboxyaldehyde","1-3-(4,5-dihydrofuranone)-5-(hydroxymethyl)-pyrrole-2-carboxyaldehyde",XUVJDFTVUZWJIR-UHFFFAOYSA-N,C9H9NO4,1,1,0,1,-0.252632632,-0.252632632,0.252632632,NA,MTBLS11904,Down in PD,1,FALSE,FALSE
IK_KSPIYJQBLVDRRI-UHFFFAOYSA-N,N-Methylisoleucine,N-Methylisoleucine,KSPIYJQBLVDRRI-UHFFFAOYSA-N,C7H15NO2,1,1,1,0,0.252566193,0.252566193,0.252566193,NA,MTBLS11904,Up in PD,1,FALSE,FALSE
IK_YTZASGUOZDZYSL-UHFFFAOYSA-N,Capsicoside A1,Capsicoside A1,YTZASGUOZDZYSL-UHFFFAOYSA-N,C33H54O9,1,1,1,0,0.252532974,0.252532974,0.252532974,NA,MTBLS11904,Up in PD,1,FALSE,FALSE
IK_QKAITYIDZJJULL-UHFFFAOYSA-N,"2-[(5-bromopyridin-2-yl)amino]-4-methyl-N-propyl-1,3-thiazole-5-carboxamide","2-[(5-bromopyridin-2-yl)amino]-4-methyl-N-propyl-1,3-thiazole-5-carboxamide",QKAITYIDZJJULL-UHFFFAOYSA-N,C13H15BrN4OS,1,1,0,1,-0.252333658,-0.252333658,0.252333658,NA,MTBLS11904,Down in PD,1,FALSE,FALSE
IK_FQPGMQABJNQLLF-VKHMYHEASA-N,L-Canaline,L-Canaline,FQPGMQABJNQLLF-VKHMYHEASA-N,C4H10N2O3,1,1,1,0,0.252200781,0.252200781,0.252200781,NA,MTBLS11904,Up in PD,1,FALSE,FALSE
IK_LEILBPMISZFZQK-GFCCVEGCSA-N,Olamufloxacin,Olamufloxacin,LEILBPMISZFZQK-GFCCVEGCSA-N,C20H23FN4O3,1,1,1,0,0.251968246,0.251968246,0.251968246,NA,MTBLS11904,Up in PD,1,FALSE,FALSE
IK_CAWZRIXWFRFUQB-IOSLPCCCSA-N,"Alpha,beta-Methylene ATP","Alpha,beta-Methylene ATP",CAWZRIXWFRFUQB-IOSLPCCCSA-N,C11H18N5O12P3,1,1,1,0,0.251901807,0.251901807,0.251901807,NA,MTBLS11904,Up in PD,1,FALSE,FALSE
IK_AXCLECQLCBWNLZ-DZELQHPSSA-N,PC O-16:1_18:2,PC O-16:1_18:2,AXCLECQLCBWNLZ-DZELQHPSSA-N,C42H80NO7P,1,1,0,1,-0.251538767,-0.251538767,0.251538767,0.00608,37755270,Down in PD,1,FALSE,FALSE
IK_MDSIZRKJVDMQOQ-GORDUTHDSA-N,(2E)-4-hydroxy-3-methylbut-2-en-1-yl trihydrogen diphosphate,(2E)-4-hydroxy-3-methylbut-2-en-1-yl trihydrogen diphosphate,MDSIZRKJVDMQOQ-GORDUTHDSA-N,C5H12O8P2,1,1,0,1,-0.251538767,-0.251538767,0.251538767,NA,24167579,Down in PD,1,FALSE,FALSE
IK_QJXKIQOLZYQDJN-UHFFFAOYSA-N,FFAD 22:0,FFAD 22:0,QJXKIQOLZYQDJN-UHFFFAOYSA-N,C66H131NO5,1,1,0,1,-0.251538767,-0.251538767,0.251538767,0.0037,33485385,Down in PD,1,FALSE,FALSE
IK_RDKCYWXIOLUDKK-KDPMOZFYSA-N,PC P-36:4 or PC O-36:5,PC P-36:4 or PC O-36:5,RDKCYWXIOLUDKK-KDPMOZFYSA-N,C44H80NO7P,1,1,0,1,-0.251538767,-0.251538767,0.251538767,0.00843,37755270,Down in PD,1,FALSE,FALSE
UNKNOWN_ROW__24167579__unknown_89,unknown_89,unknown_89,NA,NA,1,1,0,1,-0.251538767,-0.251538767,0.251538767,NA,24167579,Down in PD,1,FALSE,FALSE
UNKNOWN_ROW__24167579__unknown_90,unknown_90,unknown_90,NA,NA,1,1,0,1,-0.251538767,-0.251538767,0.251538767,NA,24167579,Down in PD,1,FALSE,FALSE
UNKNOWN_ROW__24167579__unknown_91,unknown_91,unknown_91,NA,NA,1,1,0,1,-0.251538767,-0.251538767,0.251538767,NA,24167579,Down in PD,1,FALSE,FALSE
IK_WBOMIOWRFSPZMC-AYICAFKVSA-N,LysoPC(P-18:0/0:0),LysoPC(P-18:0/0:0),WBOMIOWRFSPZMC-AYICAFKVSA-N,C26H54NO6P,1,1,1,0,0.251270641,0.251270641,0.251270641,NA,MTBLS11904,Up in PD,1,FALSE,FALSE
IK_FVEFRICMTUKAML-UHFFFAOYSA-M,Sodium Tetradecyl Sulfate,Sodium Tetradecyl Sulfate,FVEFRICMTUKAML-UHFFFAOYSA-M,C14H29NaO4S,1,1,0,1,-0.251104545,-0.251104545,0.251104545,NA,MTBLS11904,Down in PD,1,FALSE,FALSE
IK_SIZUKCMURNXUCZ-JWFJDLLSSA-N,"PE(20:0/20:4(5Z,8Z,11Z,14Z)-OH(19S))","PE(20:0/20:4(5Z,8Z,11Z,14Z)-OH(19S))",SIZUKCMURNXUCZ-JWFJDLLSSA-N,C45H82NO9P,1,1,0,1,-0.250971668,-0.250971668,0.250971668,NA,MTBLS11904,Down in PD,1,FALSE,FALSE
IK_ARBHXJXXVVHMET-UHFFFAOYSA-N,2-Oxoarginine,2-Oxoarginine,ARBHXJXXVVHMET-UHFFFAOYSA-N,C6H11N3O3,1,1,1,0,0.250961574,0.250961574,0.250961574,NA,24167579,Up in PD,1,FALSE,FALSE
IK_DIGMYZZFQSIQBD-PNLKURBTSA-N,TG 49:3,TG 49:3,DIGMYZZFQSIQBD-PNLKURBTSA-N,C52H94O6,1,1,1,0,0.250961574,0.250961574,0.250961574,0.0235,37755270,Up in PD,1,FALSE,FALSE
IK_UATOAILWGVYRQS-UHFFFAOYSA-N,LPC 20:0,LPC 20:0,UATOAILWGVYRQS-UHFFFAOYSA-N,C28H58NO7P,1,1,1,0,0.250961574,0.250961574,0.250961574,0.0082,37755270,Up in PD,1,FALSE,FALSE
IK_WYIMORDZGCUBAA-AREMUKBSSA-N,LPC 19:0-SN1,LPC 19:0-SN1,WYIMORDZGCUBAA-AREMUKBSSA-N,C27H56NO7P,1,1,1,0,0.250961574,0.250961574,0.250961574,0.0128,37755270,Up in PD,1,FALSE,FALSE
NO_INCHIKEY__lpc 16 0 1,LPC 16:0.1,LPC 16:0.1,NA,NA,1,1,1,0,0.250961574,0.250961574,0.250961574,2.47e-4,37755270,Up in PD,1,FALSE,FALSE
NO_INCHIKEY__lpc 16 1 1,LPC 16:1.1,LPC 16:1.1,NA,NA,1,1,1,0,0.250961574,0.250961574,0.250961574,0.00909,37755270,Up in PD,1,FALSE,FALSE
UNKNOWN_ROW__24167579__unknown_118,unknown_118,unknown_118,NA,NA,1,1,1,0,0.250961574,0.250961574,0.250961574,NA,24167579,Up in PD,1,FALSE,FALSE
UNKNOWN_ROW__24167579__unknown_119,unknown_119,unknown_119,NA,NA,1,1,1,0,0.250961574,0.250961574,0.250961574,NA,24167579,Up in PD,1,FALSE,FALSE
UNKNOWN_ROW__24167579__unknown_141,unknown_141,unknown_141,NA,NA,1,1,1,0,0.250961574,0.250961574,0.250961574,NA,24167579,Up in PD,1,FALSE,FALSE
UNKNOWN_ROW__24167579__unknown_84,unknown_84,unknown_84,NA,NA,1,1,1,0,0.250961574,0.250961574,0.250961574,NA,24167579,Up in PD,1,FALSE,FALSE
IK_CWLDKTAXQZEVQN-CUEXFKMESA-L,Ganglioside GD1a (d18:1/22:1(13Z)),Ganglioside GD1a (d18:1/22:1(13Z)),CWLDKTAXQZEVQN-CUEXFKMESA-L,C86H150N4Na2O39,1,1,1,0,0.250772352,0.250772352,0.250772352,NA,MTBLS11904,Up in PD,1,FALSE,FALSE
IK_VLBPIWYTPAXCFJ-XMMPIXPASA-N,1-O-Hexadecyl-sn-glycero-3-phosphocholine,1-O-Hexadecyl-sn-glycero-3-phosphocholine | PC(O-16:0/0:0),VLBPIWYTPAXCFJ-XMMPIXPASA-N,C24H52NO6P,1,1,1,0,0.250373721,0.250373721,0.250373721,NA,MTBLS11904,Up in PD,1,FALSE,FALSE
IK_LAXQYRRMGGEGOH-JXRLJXCWSA-N,"LysoPC(20:4(5Z,8Z,11Z,14Z)/0:0)","LysoPC(20:4(5Z,8Z,11Z,14Z)/0:0)",LAXQYRRMGGEGOH-JXRLJXCWSA-N,C28H50NO7P,1,1,1,0,0.249742554,0.249742554,0.249742554,NA,MTBLS11904,Up in PD,1,FALSE,FALSE
IK_DDELKTCDPMLGSF-QPSCCSFWSA-N,Histidinohydroxylysinonorleucine,Histidinohydroxylysinonorleucine,DDELKTCDPMLGSF-QPSCCSFWSA-N,C18H32N6O7,1,1,1,0,0.249310704,0.249310704,0.249310704,NA,MTBLS11904,Up in PD,1,FALSE,FALSE
IK_AURCBSWGPREGRQ-VGNRXBDKSA-N,3-O-Sulfogalactosylceramide (d18:1/20:0),3-O-Sulfogalactosylceramide (d18:1/20:0),AURCBSWGPREGRQ-VGNRXBDKSA-N,C44H85NO11S,1,1,1,0,0.249277484,0.249277484,0.249277484,NA,MTBLS11904,Up in PD,1,FALSE,FALSE
IK_NLLMJANWPUQQTA-SPUZQDLCSA-N,"Estra-1,3,5(10),7-tetraene-3,17alpha-diol","Estra-1,3,5(10),7-tetraene-3,17alpha-diol",NLLMJANWPUQQTA-SPUZQDLCSA-N,C18H22O2,1,1,1,0,0.249111388,0.249111388,0.249111388,NA,MTBLS11904,Up in PD,1,FALSE,FALSE
IK_ZDFLHZVTXWIGQV-UHFFFAOYSA-N,Deoxycholylglutamic acid,Deoxycholylglutamic acid,ZDFLHZVTXWIGQV-UHFFFAOYSA-N,C29H47NO7,1,1,1,0,0.248613099,0.248613099,0.248613099,NA,MTBLS11904,Up in PD,1,FALSE,FALSE
IK_CHHHXKFHOYLYRE-STWYSWDKSA-M,Polysorbate 20,Polysorbate 20,CHHHXKFHOYLYRE-STWYSWDKSA-M,C6H7KO2,1,1,0,1,-0.248579879,-0.248579879,0.248579879,NA,MTBLS11904,Down in PD,1,FALSE,FALSE
IK_VHMKGBYCXDBNFU-CVWCHQOZSA-N,4'-Methoxymucidin,4'-Methoxymucidin,VHMKGBYCXDBNFU-CVWCHQOZSA-N,C17H20O4,1,1,0,1,-0.248214467,-0.248214467,0.248214467,NA,MTBLS11904,Down in PD,1,FALSE,FALSE
IK_MXNRLFUSFKVQSK-UHFFFAOYSA-N,Laminine,Laminine,MXNRLFUSFKVQSK-UHFFFAOYSA-N,C9H20N2O2,1,1,1,0,0.24808159,0.24808159,0.24808159,NA,MTBLS11904,Up in PD,1,FALSE,FALSE
IK_DZTHIGRZJZPRDV-GFCCVEGCSA-N,N-Acetyl-D-tryptophan,N-Acetyl-D-tryptophan,DZTHIGRZJZPRDV-GFCCVEGCSA-N,C13H14N2O3,1,1,1,0,0.247849055,0.247849055,0.247849055,NA,MTBLS11904,Up in PD,1,FALSE,FALSE
IK_DNPZYIPMAWRQQE-BVILWSOJSA-N,"(+/-)-11,12-Dihydroxy-5Z,8Z,14Z,17Z-eicosatetraenoic acid","(+/-)-11,12-Dihydroxy-5Z,8Z,14Z,17Z-eicosatetraenoic acid",DNPZYIPMAWRQQE-BVILWSOJSA-N,C20H32O4,1,1,1,0,0.247749397,0.247749397,0.247749397,NA,MTBLS11904,Up in PD,1,FALSE,FALSE
IK_MFGALGYVFGDXIX-UHFFFAOYSA-N,"2,3-Dimethylmaleic anhydride","2,3-Dimethylmaleic anhydride",MFGALGYVFGDXIX-UHFFFAOYSA-N,C6H6O3,1,1,0,1,-0.247118231,-0.247118231,0.247118231,NA,MTBLS11904,Down in PD,1,FALSE,FALSE
IK_IIODELUADFSHIZ-UHFFFAOYSA-N,2-[4-(sulfooxy)phenyl]acetic acid,2-[4-(sulfooxy)phenyl]acetic acid,IIODELUADFSHIZ-UHFFFAOYSA-N,C8H8O6S,1,1,1,0,0.246520284,0.246520284,0.246520284,NA,MTBLS11904,Up in PD,1,FALSE,FALSE
IK_YARKMNAWFIMDKV-UHFFFAOYSA-N,Epanolol,Epanolol,YARKMNAWFIMDKV-UHFFFAOYSA-N,C20H23N3O4,1,1,1,0,0.246387407,0.246387407,0.246387407,NA,MTBLS11904,Up in PD,1,FALSE,FALSE
IK_DPUOLQHDNGRHBS-MDZDMXLPSA-N,Brassidic acid,Brassidic acid,DPUOLQHDNGRHBS-MDZDMXLPSA-N,C22H42O2,1,1,0,1,-0.246055214,-0.246055214,0.246055214,NA,MTBLS11904,Down in PD,1,FALSE,FALSE
IK_UYQGVDXDXBAABN-FQSPHKRJSA-N,13(S)-Hydroperoxylinolenic acid,13(S)-Hydroperoxylinolenic acid,UYQGVDXDXBAABN-FQSPHKRJSA-N,C18H30O4,1,1,0,1,-0.245955556,-0.245955556,0.245955556,NA,MTBLS11904,Down in PD,1,FALSE,FALSE
IK_AGMMTXLNIQSRCG-UHFFFAOYSA-N,Quinethazone,Quinethazone,AGMMTXLNIQSRCG-UHFFFAOYSA-N,C10H12ClN3O3S,1,1,1,0,0.245723021,0.245723021,0.245723021,NA,MTBLS11904,Up in PD,1,FALSE,FALSE
IK_SEDMBVOYVWZBEK-UHFFFAOYSA-N,(5R)-5-Hydroxyhexanoylcarnitine,(5R)-5-Hydroxyhexanoylcarnitine,SEDMBVOYVWZBEK-UHFFFAOYSA-N,C13H25NO5,1,1,1,0,0.245723021,0.245723021,0.245723021,NA,MTBLS11904,Up in PD,1,FALSE,FALSE
IK_NKRLKOMBOSWILK-PLACYPQZSA-N,Kinetensin 4-7,Kinetensin 4-7,NKRLKOMBOSWILK-PLACYPQZSA-N,C26H37N9O6,1,1,1,0,0.245390828,0.245390828,0.245390828,NA,MTBLS11904,Up in PD,1,FALSE,FALSE
IK_HHXMOTDTSDYYEI-UHFFFAOYSA-N,4-Oxododecanedioic acid,4-Oxododecanedioic acid,HHXMOTDTSDYYEI-UHFFFAOYSA-N,C12H20O5,1,1,1,0,0.245357609,0.245357609,0.245357609,NA,MTBLS11904,Up in PD,1,FALSE,FALSE
IK_FLSLEGPOVLMJMN-YSSFQJQWSA-N,Quinaprilat,Quinaprilat,FLSLEGPOVLMJMN-YSSFQJQWSA-N,C23H26N2O5,1,1,1,0,0.245158293,0.245158293,0.245158293,NA,MTBLS11904,Up in PD,1,FALSE,FALSE
IK_DAYKLWSKQJBGCS-NRFANRHFSA-N,Aleglitazar,Aleglitazar,DAYKLWSKQJBGCS-NRFANRHFSA-N,C24H23NO5S,1,1,1,0,0.245025416,0.245025416,0.245025416,NA,MTBLS11904,Up in PD,1,FALSE,FALSE
IK_QPXTXCACGFCAKL-HNHHUQGDSA-N,Ganglioside GT3 (d18:1/26:1(17Z)),Ganglioside GT3 (d18:1/26:1(17Z)),QPXTXCACGFCAKL-HNHHUQGDSA-N,C89H156N4O37,1,1,0,1,-0.245025416,-0.245025416,0.245025416,NA,MTBLS11904,Down in PD,1,FALSE,FALSE
IK_XOASTWITKYDKAJ-PPQPEBMASA-N,Penitrem D,Penitrem D,XOASTWITKYDKAJ-PPQPEBMASA-N,C37H45NO4,1,1,1,0,0.244726443,0.244726443,0.244726443,NA,MTBLS11904,Up in PD,1,FALSE,FALSE
IK_PMOWTIHVNWZYFI-AATRIKPKSA-N,2-Hydroxycinnamic acid,2-Hydroxycinnamic acid | 2-Coumaric acid,PMOWTIHVNWZYFI-AATRIKPKSA-N,C9H8O3,1,1,1,0,0.244,0.244,0.244,NA,MTBLS11904,Up in PD,1,FALSE,FALSE
IK_XMWHRVNVKDKBRG-UHNVWZDZSA-N,2-C-methyl-D-erythritol-4-phosphate,2-C-methyl-D-erythritol-4-phosphate,XMWHRVNVKDKBRG-UHNVWZDZSA-N,C5H13O7P,1,1,0,1,-0.243630207,-0.243630207,0.243630207,NA,MTBLS11904,Down in PD,1,FALSE,FALSE
IK_RMMXLENWKUUMAY-UHFFFAOYSA-N,Telmisartan,Telmisartan,RMMXLENWKUUMAY-UHFFFAOYSA-N,C33H30N4O2,1,1,0,1,-0.24356376800000001,-0.24356376800000001,0.24356376800000001,NA,MTBLS11904,Down in PD,1,FALSE,FALSE
IK_XEKYYIHOWASTHE-UHFFFAOYSA-N,4-Hydroxy-3-(16-methylheptadecyl)-2H-pyran-2-one,4-Hydroxy-3-(16-methylheptadecyl)-2H-pyran-2-one,XEKYYIHOWASTHE-UHFFFAOYSA-N,C23H40O3,1,1,0,1,-0.243231575,-0.243231575,0.243231575,NA,MTBLS11904,Down in PD,1,FALSE,FALSE
IK_FJAZVHYPASAQKM-JBAURARKSA-N,Estrone glucuronide,Estrone glucuronide,FJAZVHYPASAQKM-JBAURARKSA-N,C24H30O8,1,1,1,0,0.243198356,0.243198356,0.243198356,NA,MTBLS11904,Up in PD,1,FALSE,FALSE
IK_VJDOAZKNBQCAGE-UHFFFAOYSA-N,Polyribosylribitolphosphate,Polyribosylribitolphosphate,VJDOAZKNBQCAGE-UHFFFAOYSA-N,C5H13O8P,1,1,0,1,-0.243198356,-0.243198356,0.243198356,NA,MTBLS11904,Down in PD,1,FALSE,FALSE
IK_KGQYREIAHMZYSA-UHFFFAOYSA-N,Dehydrocarpaine I,Dehydrocarpaine I,KGQYREIAHMZYSA-UHFFFAOYSA-N,C28H48N2O4,1,1,1,0,0.242799725,0.242799725,0.242799725,NA,MTBLS11904,Up in PD,1,FALSE,FALSE
IK_REOMXGUTYIFDDR-MCHXITASSA-N,"PE-NMe(22:2(13Z,16Z)/18:3(6Z,9Z,12Z))","PE-NMe(22:2(13Z,16Z)/18:3(6Z,9Z,12Z))",REOMXGUTYIFDDR-MCHXITASSA-N,C46H82NO8P,1,1,0,1,-0.242766505,-0.242766505,0.242766505,NA,MTBLS11904,Down in PD,1,FALSE,FALSE
IK_HMXRXOXNFHVCIP-KEKNWZKVSA-N,DG(8:0/a-13:0/0:0),DG(8:0/a-13:0/0:0),HMXRXOXNFHVCIP-KEKNWZKVSA-N,C24H46O5,1,1,0,1,-0.242666847,-0.242666847,0.242666847,NA,MTBLS11904,Down in PD,1,FALSE,FALSE
IK_BQMFWUKNOCJDNV-HJWJTTGWSA-N,Phe Val Ile,Phe Val Ile,BQMFWUKNOCJDNV-HJWJTTGWSA-N,C20H31N3O4,1,1,1,0,0.24256719,0.24256719,0.24256719,NA,MTBLS11904,Up in PD,1,FALSE,FALSE
IK_PCBVVHMKRNVSDR-YJNXUYHJSA-N,"PE(18:1(9Z)/18:3(9Z,12Z,15Z))","PE(18:1(9Z)/18:3(9Z,12Z,15Z))",PCBVVHMKRNVSDR-YJNXUYHJSA-N,C41H74NO8P,1,1,0,1,-0.242467532,-0.242467532,0.242467532,NA,MTBLS11904,Down in PD,1,FALSE,FALSE
IK_IAOZJIPTCAWIRG-QWRGUYRKSA-N,Aspartame,Aspartame,IAOZJIPTCAWIRG-QWRGUYRKSA-N,C14H18N2O5,1,1,1,0,0.241969242,0.241969242,0.241969242,NA,MTBLS11904,Up in PD,1,FALSE,FALSE
IK_SZEOBSAZWJLOGY-VGMNWLOBSA-N,Glycylprolylhydroxyproline,Glycylprolylhydroxyproline,SZEOBSAZWJLOGY-VGMNWLOBSA-N,C12H19N3O5,1,1,1,0,0.241902804,0.241902804,0.241902804,NA,MTBLS11904,Up in PD,1,FALSE,FALSE
IK_ZONSVLURFASOJK-LLAGZRPASA-N,Dehydromonocrotaline,Dehydromonocrotaline,ZONSVLURFASOJK-LLAGZRPASA-N,C16H21NO6,1,1,1,0,0.241537392,0.241537392,0.241537392,NA,MTBLS11904,Up in PD,1,FALSE,FALSE
IK_BAWAZBRKENFJED-LTKCOYKYSA-N,LPI 20:4,LPI 20:4,BAWAZBRKENFJED-LTKCOYKYSA-N,C29H49O12P,1,1,0,1,-0.241270432,-0.241270432,0.241270432,NA,38720721,Down in PD,1,FALSE,FALSE
IK_CBQJSKKFNMDLON-SNVBAGLBSA-N,N-Acetyl-D-phenylalanine,N-Acetyl-D-phenylalanine,CBQJSKKFNMDLON-SNVBAGLBSA-N,C11H13NO3,1,1,1,0,0.241205199,0.241205199,0.241205199,NA,MTBLS11904,Up in PD,1,FALSE,FALSE
IK_HJOVHMDZYOCNQW-UHFFFAOYSA-N,Isophorone,"Isophorone | 3,5,5-Trimethyl-2-cyclohexen-1-one",HJOVHMDZYOCNQW-UHFFFAOYSA-N,C9H14O,1,1,1,0,0.240773348,0.240773348,0.240773348,NA,MTBLS11904,Up in PD,1,FALSE,FALSE
IK_OENIAPNUBVAGPG-YKEUAMLNSA-N,"PE(20:4(8Z,11Z,14Z,17Z)-2OH(5S,6R)/DiMe(13,5))","PE(20:4(8Z,11Z,14Z,17Z)-2OH(5S,6R)/DiMe(13,5))",OENIAPNUBVAGPG-YKEUAMLNSA-N,C49H84NO11P,1,1,1,0,0.240773348,0.240773348,0.240773348,NA,MTBLS11904,Up in PD,1,FALSE,FALSE
IK_OFCNTYBPPAQCRE-UHFFFAOYSA-N,3h-Serotonin,3h-Serotonin,OFCNTYBPPAQCRE-UHFFFAOYSA-N,C10H12N2O,1,1,0,1,-0.239876428,-0.239876428,0.239876428,NA,MTBLS11904,Down in PD,1,FALSE,FALSE
IK_WEYCUJKFHUWUDC-BSNNDZOISA-N,DG(18:0/16:1(9Z)/0:0),DG(18:0/16:1(9Z)/0:0),WEYCUJKFHUWUDC-BSNNDZOISA-N,C37H70O5,1,1,1,0,0.239643893,0.239643893,0.239643893,NA,MTBLS11904,Up in PD,1,FALSE,FALSE
IK_NWGZOALPWZDXNG-UHFFFAOYNA-N,"N,N-Dimethylarginine","N,N-Dimethylarginine",NWGZOALPWZDXNG-UHFFFAOYNA-N,C8H18N4O2,1,1,1,0,0.239112384,0.239112384,0.239112384,NA,MTBLS11904,Up in PD,1,FALSE,FALSE
IK_ABXDBVMGRKZFRC-IOSLPCCCSA-N,3'-O-Methylinosine,3'-O-Methylinosine,ABXDBVMGRKZFRC-IOSLPCCCSA-N,C11H14N4O5,1,1,0,1,-0.238979507,-0.238979507,0.238979507,NA,MTBLS11904,Down in PD,1,FALSE,FALSE
IK_GYNWSIBKBBWJJW-ZQMNIGHUSA-N,17-Hydroxyandrostane-3-glucuronide,17-Hydroxyandrostane-3-glucuronide,GYNWSIBKBBWJJW-ZQMNIGHUSA-N,C25H40O8,1,1,0,1,-0.238979507,-0.238979507,0.238979507,NA,MTBLS11904,Down in PD,1,FALSE,FALSE
IK_NRBFOSKZAWRBJI-KRWDZBQOSA-N,N-Palmitoyl Alanine,N-Palmitoyl Alanine,NRBFOSKZAWRBJI-KRWDZBQOSA-N,C19H37NO3,1,1,1,0,0.238856596,0.238856596,0.238856596,NA,MTBLS11904,Up in PD,1,FALSE,FALSE
IK_ASWBNKHCZGQVJV-QHCPKHFHSA-N,LPC 16:0,LPC 16:0,ASWBNKHCZGQVJV-QHCPKHFHSA-N,C24H50NO7P,1,1,1,0,0.23878686,0.23878686,0.23878686,4.29e-5,37755270,Up in PD,1,FALSE,FALSE
IK_UVOGHPPAYFAQIT-HWJOWLPRSA-N,TG 50:4|TG 14:0_18:2_18:2,TG 50:4|TG 14:0_18:2_18:2 | TG 50:4 | TG 14:0_18:2_18:2,UVOGHPPAYFAQIT-HWJOWLPRSA-N,C53H94O6,1,1,1,0,0.23878686,0.23878686,0.23878686,0.0348,37755270,Up in PD,1,FALSE,FALSE
IK_WWJIBIGWKGFVAQ-JNSYTQKUSA-N,TG 53:1,TG 53:1,WWJIBIGWKGFVAQ-JNSYTQKUSA-N,C56H106O6,1,1,1,0,0.23878686,0.23878686,0.23878686,0.0437,37755270,Up in PD,1,FALSE,FALSE
IK_WHEUWNKSCXYKBU-QPWUGHHJSA-N,2-methoxyestrone (2-ME1),2-methoxyestrone (2-ME1),WHEUWNKSCXYKBU-QPWUGHHJSA-N,C19H24O3,1,1,0,1,-0.238786225,-0.238786225,0.238786225,NA,37589832,Down in PD,1,FALSE,FALSE
IK_DGAUETYRWFLGRT-OPSAWKISSA-N,LysoPE(0:0/20:1(11Z)),LysoPE(0:0/20:1(11Z)),DGAUETYRWFLGRT-OPSAWKISSA-N,C25H50NO7P,1,1,1,0,0.238614095,0.238614095,0.238614095,NA,MTBLS11904,Up in PD,1,FALSE,FALSE
IK_LGHZJDKSVUTELU-UHFFFAOYSA-N,Fipronil Sulfone,Fipronil Sulfone,LGHZJDKSVUTELU-UHFFFAOYSA-N,C12H4Cl2F6N4O2S,1,1,0,1,-0.238248683,-0.238248683,0.238248683,NA,MTBLS11904,Down in PD,1,FALSE,FALSE
IK_SWGXDLRCJNEEGZ-UHFFFAOYSA-N,N-Cyclohexylformamide,N-Cyclohexylformamide,SWGXDLRCJNEEGZ-UHFFFAOYSA-N,C7H13NO,1,1,1,0,0.238215464,0.238215464,0.238215464,NA,MTBLS11904,Up in PD,1,FALSE,FALSE
IK_LVGKNOAMLMIIKO-QXMHVHEDSA-N,Ethyl oleate,Ethyl oleate,LVGKNOAMLMIIKO-QXMHVHEDSA-N,C20H38O2,1,1,1,0,0.238149025,0.238149025,0.238149025,NA,MTBLS11904,Up in PD,1,FALSE,FALSE
IK_DQKSVFVIWBOSPM-UHFFFAOYSA-N,[2-Amino-2-(hydroxymethyl)-5-(4-octylphenyl)pentyl] dihydrogen phosphate,[2-Amino-2-(hydroxymethyl)-5-(4-octylphenyl)pentyl] dihydrogen phosphate,DQKSVFVIWBOSPM-UHFFFAOYSA-N,C20H36NO5P,1,1,1,0,0.237683955,0.237683955,0.237683955,NA,MTBLS11904,Up in PD,1,FALSE,FALSE
IK_QSHBSBLCKIPCKO-UHFFFAOYSA-N,Aflatoxin GM1,Aflatoxin GM1,QSHBSBLCKIPCKO-UHFFFAOYSA-N,C17H12O8,1,1,0,1,-0.23748464,-0.23748464,0.23748464,NA,MTBLS11904,Down in PD,1,FALSE,FALSE
IK_PPRBNBYLZZFTRZ-PSALXKTOSA-N,SM(d14:1/18:1),SM(d14:1/18:1),PPRBNBYLZZFTRZ-PSALXKTOSA-N,C37H75N2O6P,1,1,0,1,-0.23698635,-0.23698635,0.23698635,NA,MTBLS11904,Down in PD,1,FALSE,FALSE
IK_JUHFGHWNBYGKCW-UHFFFAOYSA-N,4-(Aminomethyl)-1-methylpiperidin-4-ol,4-(Aminomethyl)-1-methylpiperidin-4-ol,JUHFGHWNBYGKCW-UHFFFAOYSA-N,C7H16N2O,1,1,1,0,0.23652128,0.23652128,0.23652128,NA,MTBLS11904,Up in PD,1,FALSE,FALSE
IK_XZBJVIQXJHGUBE-HZMVJJPJSA-N,Fluocortolone Pivalate,Fluocortolone Pivalate,XZBJVIQXJHGUBE-HZMVJJPJSA-N,C27H37FO5,1,1,1,0,0.236355184,0.236355184,0.236355184,NA,MTBLS11904,Up in PD,1,FALSE,FALSE
IK_NHTGHBARYWONDQ-JTQLQIEISA-N,Metyrosine,Metyrosine,NHTGHBARYWONDQ-JTQLQIEISA-N,C10H13NO3,1,1,0,1,-0.236288745,-0.236288745,0.236288745,NA,MTBLS11904,Down in PD,1,FALSE,FALSE
IK_KWGRBVOPPLSCSI-WCBMZHEXSA-N,Pseudoephedrine,Pseudoephedrine,KWGRBVOPPLSCSI-WCBMZHEXSA-N,C10H15NO,1,1,0,1,-0.236222307,-0.236222307,0.236222307,NA,MTBLS11904,Down in PD,1,FALSE,FALSE
IK_PSHXNVGSVNEJBD-LJQANCHMSA-N,Tetradecanoylcarnitine,Tetradecanoylcarnitine,PSHXNVGSVNEJBD-LJQANCHMSA-N,C21H41NO4,1,1,1,0,0.236189088,0.236189088,0.236189088,NA,MTBLS11904,Up in PD,1,FALSE,FALSE
IK_GAQNUGISBQJMKO-UHFFFAOYSA-N,Beta-Citryl-L-glutamic acid,Beta-Citryl-L-glutamic acid,GAQNUGISBQJMKO-UHFFFAOYSA-N,C11H15NO10,1,1,0,1,-0.235724018,-0.235724018,0.235724018,NA,MTBLS11904,Down in PD,1,FALSE,FALSE
IK_BIXJFIJYBLJTMK-ZUZCIYMTSA-N,Isolysergol,Isolysergol,BIXJFIJYBLJTMK-ZUZCIYMTSA-N,C16H18N2O,1,1,1,0,0.235425044,0.235425044,0.235425044,NA,MTBLS11904,Up in PD,1,FALSE,FALSE
IK_ZQDWXGKKHFNSQK-UHFFFAOYSA-N,Hydroxyzine,Hydroxyzine,ZQDWXGKKHFNSQK-UHFFFAOYSA-N,C21H27ClN2O2,1,1,1,0,0.234926755,0.234926755,0.234926755,NA,MTBLS11904,Up in PD,1,FALSE,FALSE
IK_SAMRUMKYXPVKPA-UHFFFAOYSA-N,Behenoyl-arabinofuranosyl-cytosine,Behenoyl-arabinofuranosyl-cytosine,SAMRUMKYXPVKPA-UHFFFAOYSA-N,C31H55N3O6,1,1,0,1,-0.234860316,-0.234860316,0.234860316,NA,MTBLS11904,Down in PD,1,FALSE,FALSE
IK_FGMAOXGOTRUOKJ-UHFFFAOYSA-N,"2-Cyclohexen-1-one, 3-(15-hydroxypentadecyl)-2,4,4-trimethyl-","2-Cyclohexen-1-one, 3-(15-hydroxypentadecyl)-2,4,4-trimethyl-",FGMAOXGOTRUOKJ-UHFFFAOYSA-N,C24H44O2,1,1,0,1,-0.234793878,-0.234793878,0.234793878,NA,MTBLS11904,Down in PD,1,FALSE,FALSE
IK_MZOYMQRKTJRHGJ-UHFFFAOYSA-N,2-n-Tetrahydrothiophenecarboxylic acid,2-n-Tetrahydrothiophenecarboxylic acid,MZOYMQRKTJRHGJ-UHFFFAOYSA-N,C5H8O2S,1,1,0,1,-0.234465254,-0.234465254,0.234465254,NA,24167579,Down in PD,1,FALSE,FALSE
IK_VZQRMZUULSWEHB-XCFXQIAYSA-N,PC 32:3,PC 32:3,VZQRMZUULSWEHB-XCFXQIAYSA-N,C40H74NO8P,1,1,0,1,-0.234465254,-0.234465254,0.234465254,0.0194,33485385,Down in PD,1,FALSE,FALSE
IK_ZEZUHTUTOUOANR-JCGOJSMZSA-N,SM 40:1;2O|SM 18:1;2O/22:0,SM 40:1;2O|SM 18:1;2O/22:0 | SM 40:1;2O | SM 18:1;2O/22:0,ZEZUHTUTOUOANR-JCGOJSMZSA-N,C45H91N2O6P,1,1,0,1,-0.234465254,-0.234465254,0.234465254,0.0033,37755270,Down in PD,1,FALSE,FALSE
UNKNOWN_ROW__24167579__unknown_195,unknown_195,unknown_195,NA,NA,1,1,0,1,-0.234465254,-0.234465254,0.234465254,NA,24167579,Down in PD,1,FALSE,FALSE
IK_WRADPCFZZWXOTI-BMRADRMJSA-N,(9E)-10-nitrooctadecenoic Acid,(9E)-10-nitrooctadecenoic Acid,WRADPCFZZWXOTI-BMRADRMJSA-N,C18H33NO4,1,1,0,1,-0.234063054,-0.234063054,0.234063054,NA,MTBLS11904,Down in PD,1,FALSE,FALSE
IK_UYXTWWCETRIEDR-UHFFFAOYSA-N,Tributyrylglycerol,Tributyrylglycerol,UYXTWWCETRIEDR-UHFFFAOYSA-N,C15H26O6,1,1,1,0,0.233132914,0.233132914,0.233132914,NA,MTBLS11904,Up in PD,1,FALSE,FALSE
IK_FIZFZQIBGCHOJY-UHFFFAOYSA-N,Santalyl phenylacetate,Santalyl phenylacetate,FIZFZQIBGCHOJY-UHFFFAOYSA-N,C23H30O2,1,1,1,0,0.232601405,0.232601405,0.232601405,NA,MTBLS11904,Up in PD,1,FALSE,FALSE
IK_IHNKQIMGVNPMTC-UHFFFAOYSA-N,2-Lysophosphatidylcholine,2-Lysophosphatidylcholine,IHNKQIMGVNPMTC-UHFFFAOYSA-N,C26H54NO7P,1,1,1,0,0.232534967,0.232534967,0.232534967,NA,MTBLS11904,Up in PD,1,FALSE,FALSE
IK_DIWVBIXQCNRCFE-UHFFFAOYSA-N,Methoxyphenylacetic acid,Methoxyphenylacetic acid,DIWVBIXQCNRCFE-UHFFFAOYSA-N,C9H10O3,1,1,1,0,0.232335651,0.232335651,0.232335651,NA,MTBLS11904,Up in PD,1,FALSE,FALSE
IK_AEMOLEFTQBMNLQ-AQKNRBDQSA-N,D-Glucuronic Acid,D-Glucuronic Acid,AEMOLEFTQBMNLQ-AQKNRBDQSA-N,C6H10O7,1,1,1,0,0.232302432,0.232302432,0.232302432,NA,MTBLS11904,Up in PD,1,FALSE,FALSE
IK_ZHQJVZLJDXWFFX-RPDRRWSUSA-N,4a-Carbinolamine tetrahydrobiopterin,4a-Carbinolamine tetrahydrobiopterin,ZHQJVZLJDXWFFX-RPDRRWSUSA-N,C9H13N5O3,1,1,1,0,0.23147195,0.23147195,0.23147195,NA,MTBLS11904,Up in PD,1,FALSE,FALSE
IK_VCCAAURNBULZRR-JGVFFNPUSA-N,Conhydrine,Conhydrine,VCCAAURNBULZRR-JGVFFNPUSA-N,C8H17NO,1,1,1,0,0.231432408,0.231432408,0.231432408,NA,24167579,Up in PD,1,FALSE,FALSE
IK_KIHBGTRZFAVZRV-UHFFFAOYSA-N,2-Hydroxyoctadecanoic acid,2-Hydroxyoctadecanoic acid,KIHBGTRZFAVZRV-UHFFFAOYSA-N,C18H36O3,1,1,1,0,0.231073318,0.231073318,0.231073318,NA,MTBLS11904,Up in PD,1,FALSE,FALSE
IK_OGGVRVMISBQNMQ-YPBSLCSMSA-N,Sordarin,Sordarin,OGGVRVMISBQNMQ-YPBSLCSMSA-N,C27H40O8,1,1,0,1,-0.230641468,-0.230641468,0.230641468,NA,MTBLS11904,Down in PD,1,FALSE,FALSE
IK_VOBYAKCXGQQFLR-LSJOCFKGSA-N,Ile Gly Val,Ile Gly Val,VOBYAKCXGQQFLR-LSJOCFKGSA-N,C13H25N3O4,1,1,0,1,-0.230608248,-0.230608248,0.230608248,NA,MTBLS11904,Down in PD,1,FALSE,FALSE
IK_ZKRFOXLVOKTUTA-KQYNXXCUSA-N,6-Thioinosine-5'-monophosphate,6-Thioinosine-5'-monophosphate,ZKRFOXLVOKTUTA-KQYNXXCUSA-N,C10H13N4O7PS,1,1,1,0,0.230109959,0.230109959,0.230109959,NA,MTBLS11904,Up in PD,1,FALSE,FALSE
IK_ILJSQTXMGCGYMG-UHFFFAOYSA-N,Triacetic acid,Triacetic acid,ILJSQTXMGCGYMG-UHFFFAOYSA-N,C6H8O4,1,1,0,1,-0.229910643,-0.229910643,0.229910643,NA,MTBLS11904,Down in PD,1,FALSE,FALSE
IK_NPDTUDWGJMBVEP-UHFFFAOYSA-N,"N1,N12-Diacetylspermine","N1,N12-Diacetylspermine",NPDTUDWGJMBVEP-UHFFFAOYSA-N,C14H30N4O2,1,1,1,0,0.229678109,0.229678109,0.229678109,NA,MTBLS11904,Up in PD,1,FALSE,FALSE
IK_YCCILVSKPBXVIP-UHFFFAOYSA-N,Tyrosol,Tyrosol,YCCILVSKPBXVIP-UHFFFAOYSA-N,C8H10O2,1,1,1,0,0.229445574,0.229445574,0.229445574,NA,MTBLS11904,Up in PD,1,FALSE,FALSE
IK_SNEIUMQYRCDYCH-LURJTMIESA-N,N-a-Acetyl-L-arginine,N-a-Acetyl-L-arginine,SNEIUMQYRCDYCH-LURJTMIESA-N,C8H16N4O3,1,1,0,1,-0.229312696,-0.229312696,0.229312696,NA,MTBLS11904,Down in PD,1,FALSE,FALSE
IK_GQAJNGUAQKYPCH-XVNBXDOJSA-N,Zearalenone 4-sulfate,Zearalenone 4-sulfate,GQAJNGUAQKYPCH-XVNBXDOJSA-N,C18H22O8S,1,1,1,0,0.228747969,0.228747969,0.228747969,NA,MTBLS11904,Up in PD,1,FALSE,FALSE
IK_JSNQSLSBBZFGBM-UHFFFAOYSA-N,"Exo,exo-1,8-Epoxy-p-menthane-2,6-diol","Exo,exo-1,8-Epoxy-p-menthane-2,6-diol",JSNQSLSBBZFGBM-UHFFFAOYSA-N,C10H18O3,1,1,1,0,0.228415776,0.228415776,0.228415776,NA,MTBLS11904,Up in PD,1,FALSE,FALSE
IK_ZBXWGKPUSLRPHX-QOIVFALESA-N,Mirificin,Mirificin,ZBXWGKPUSLRPHX-QOIVFALESA-N,C26H28O13,1,1,0,1,-0.227851048,-0.227851048,0.227851048,NA,MTBLS11904,Down in PD,1,FALSE,FALSE
IK_FXYFFYOQPWNFJZ-XGKJNDTMSA-N,"PE(15:0/20:2(11Z,14Z))","PE(15:0/20:2(11Z,14Z))",FXYFFYOQPWNFJZ-XGKJNDTMSA-N,C40H76NO8P,1,1,1,0,0.227684952,0.227684952,0.227684952,NA,MTBLS11904,Up in PD,1,FALSE,FALSE
IK_IHNHFVFOGDZMEW-UHFFFAOYSA-N,FAHFA(16:0/13-O-16:0),FAHFA(16:0/13-O-16:0),IHNHFVFOGDZMEW-UHFFFAOYSA-N,C32H62O4,1,1,1,0,0.226489058,0.226489058,0.226489058,NA,MTBLS11904,Up in PD,1,FALSE,FALSE
IK_LAEIZWJAQRGPDA-CIRFHOKZSA-N,Sclareol oxide,Sclareol oxide,LAEIZWJAQRGPDA-CIRFHOKZSA-N,C18H30O,1,1,1,0,0.22635618,0.22635618,0.22635618,NA,MTBLS11904,Up in PD,1,FALSE,FALSE
IK_FCDLCPWAQCPTKC-UHFFFAOYSA-N,Rhein,Rhein,FCDLCPWAQCPTKC-UHFFFAOYSA-N,C15H8O6,1,1,1,0,0.225957549,0.225957549,0.225957549,NA,MTBLS11904,Up in PD,1,FALSE,FALSE
IK_NODSEPOUFZPJEQ-UHFFFAOYSA-N,Thymol Sulfate,Thymol Sulfate,NODSEPOUFZPJEQ-UHFFFAOYSA-N,C10H14O4S,1,1,0,1,-0.225857891,-0.225857891,0.225857891,NA,MTBLS11904,Down in PD,1,FALSE,FALSE
IK_SBJCUZQNHOLYMD-UHFFFAOYSA-N,"1,5-Naphthalene diisocyanate","1,5-Naphthalene diisocyanate",SBJCUZQNHOLYMD-UHFFFAOYSA-N,C12H6N2O2,1,1,1,0,0.225326383,0.225326383,0.225326383,NA,MTBLS11904,Up in PD,1,FALSE,FALSE
IK_DYDZWJOECBIVHD-UHFFFAOYSA-N,N-(3-Methyl-2-pyridyl)-3-phenylsuccinimide,N-(3-Methyl-2-pyridyl)-3-phenylsuccinimide,DYDZWJOECBIVHD-UHFFFAOYSA-N,C16H14N2O2,1,1,0,1,-0.224595559,-0.224595559,0.224595559,NA,MTBLS11904,Down in PD,1,FALSE,FALSE
IK_QVRLHIRFLRXFIW-MLDHBKOMSA-N,Vertilmicin,Vertilmicin,QVRLHIRFLRXFIW-MLDHBKOMSA-N,C22H43N5O7,1,1,1,0,0.224130489,0.224130489,0.224130489,NA,MTBLS11904,Up in PD,1,FALSE,FALSE
IK_SOLWMULEXULIEQ-OUQHJZBVSA-N,"PS(20:0/18:1(12Z)-2OH(9,10))","PS(20:0/18:1(12Z)-2OH(9,10))",SOLWMULEXULIEQ-OUQHJZBVSA-N,C44H84NO12P,1,1,0,1,-0.223897954,-0.223897954,0.223897954,NA,MTBLS11904,Down in PD,1,FALSE,FALSE
IK_KSPQDMRTZZYQLM-UHFFFAOYSA-N,N-(2-Furoyl)glycine,N-(2-Furoyl)glycine,KSPQDMRTZZYQLM-UHFFFAOYSA-N,C7H7NO4,1,1,0,1,-0.223695316,-0.223695316,0.223695316,NA,MTBLS11904,Down in PD,1,FALSE,FALSE
IK_JDPXOFGDHXVNAK-VHUPYEGGSA-N,"PG(i-12:0/18:2(9Z,11Z))","PG(i-12:0/18:2(9Z,11Z))",JDPXOFGDHXVNAK-VHUPYEGGSA-N,C36H67O10P,1,1,1,0,0.223266787,0.223266787,0.223266787,NA,MTBLS11904,Up in PD,1,FALSE,FALSE
IK_PXVMEXBCFJTGCL-RCHUDCCISA-N,N-Eicosapentaenoyl Phenylalanine,N-Eicosapentaenoyl Phenylalanine,PXVMEXBCFJTGCL-RCHUDCCISA-N,C29H39NO3,1,1,1,0,0.223233568,0.223233568,0.223233568,NA,MTBLS11904,Up in PD,1,FALSE,FALSE
IK_AEOYRSISBCASMX-UHFFFAOYSA-N,4-Phenylbutanoylcarnitine,4-Phenylbutanoylcarnitine,AEOYRSISBCASMX-UHFFFAOYSA-N,C17H25NO4,1,1,0,1,-0.222569182,-0.222569182,0.222569182,NA,MTBLS11904,Down in PD,1,FALSE,FALSE
IK_CMHMMKSPYOOVGI-UHFFFAOYSA-N,Isopropyl 4-hydroxybenzoate,Isopropyl 4-hydroxybenzoate,CMHMMKSPYOOVGI-UHFFFAOYSA-N,C10H12O3,1,1,1,0,0.222469525,0.222469525,0.222469525,NA,MTBLS11904,Up in PD,1,FALSE,FALSE
IK_UDTWZFJEMMUFLC-UHFFFAOYSA-N,Nirvanol,Nirvanol,UDTWZFJEMMUFLC-UHFFFAOYSA-N,C11H12N2O2,1,1,1,0,0.222170551,0.222170551,0.222170551,NA,MTBLS11904,Up in PD,1,FALSE,FALSE
IK_OMMZVRQHBRAUHL-UHFFFAOYSA-N,16-Hydroxyhexadecanoylcarnitine,16-Hydroxyhexadecanoylcarnitine,OMMZVRQHBRAUHL-UHFFFAOYSA-N,C23H45NO5,1,1,1,0,0.22177192,0.22177192,0.22177192,NA,MTBLS11904,Up in PD,1,FALSE,FALSE
IK_YDCRNMJQROAWFT-RXMQYKEDSA-N,(5R)-5-Hydroxyhexanoic acid,(5R)-5-Hydroxyhexanoic acid,YDCRNMJQROAWFT-RXMQYKEDSA-N,C6H12O3,1,1,1,0,0.221705481,0.221705481,0.221705481,NA,MTBLS11904,Up in PD,1,FALSE,FALSE
IK_YLZRFVZUZIJABA-UHFFFAOYSA-N,4-Acetamido-2-aminobutanoic acid,4-Acetamido-2-aminobutanoic acid,YLZRFVZUZIJABA-UHFFFAOYSA-N,C6H12N2O3,1,1,1,0,0.221572604,0.221572604,0.221572604,NA,MTBLS11904,Up in PD,1,FALSE,FALSE
IK_BYWJNFQCWYEWHX-KLMFUOAUSA-N,Melledonal A,Melledonal A,BYWJNFQCWYEWHX-KLMFUOAUSA-N,C23H28O8,1,1,1,0,0.221406508,0.221406508,0.221406508,NA,MTBLS11904,Up in PD,1,FALSE,FALSE
IK_AWNFWGNFOOJDNO-PTNGSMBKSA-N,Alpha-Amylcinnamyl formate,Alpha-Amylcinnamyl formate,AWNFWGNFOOJDNO-PTNGSMBKSA-N,C15H20O2,1,1,1,0,0.220509587,0.220509587,0.220509587,NA,MTBLS11904,Up in PD,1,FALSE,FALSE
IK_XNKLLVCARDGLGL-JGVFFNPUSA-N,Stavudine,Stavudine,XNKLLVCARDGLGL-JGVFFNPUSA-N,C10H12N2O4,1,1,1,0,0.220443148,0.220443148,0.220443148,NA,MTBLS11904,Up in PD,1,FALSE,FALSE
IK_ORDAZKGHSNRHTD-UXHICEINSA-N,Legumelin,Legumelin,ORDAZKGHSNRHTD-UXHICEINSA-N,C23H22O6,1,1,1,0,0.220343491,0.220343491,0.220343491,NA,MTBLS11904,Up in PD,1,FALSE,FALSE
IK_YLEIFZAVNWDOBM-UHFFFAOYSA-N,Cimiaserin B,Cimiaserin B,YLEIFZAVNWDOBM-UHFFFAOYSA-N,C30H48O5,1,1,1,0,0.220210613,0.220210613,0.220210613,NA,MTBLS11904,Up in PD,1,FALSE,FALSE
IK_RTZACTFZGJNCLF-UHFFFAOYSA-N,"5-Chloro-3-[2-(2,6-difluorophenyl)ethyl]-1H-imidazo[4,5-b]pyridine-2-thione","5-Chloro-3-[2-(2,6-difluorophenyl)ethyl]-1H-imidazo[4,5-b]pyridine-2-thione",RTZACTFZGJNCLF-UHFFFAOYSA-N,C14H10ClF2N3S,1,1,0,1,-0.220144175,-0.220144175,0.220144175,NA,MTBLS11904,Down in PD,1,FALSE,FALSE
IK_MEHHPFQKXOUFFV-XDNAFOTISA-N,17alpha-Trenbolone,17alpha-Trenbolone,MEHHPFQKXOUFFV-XDNAFOTISA-N,C18H22O2,1,1,1,0,0.219346912,0.219346912,0.219346912,NA,MTBLS11904,Up in PD,1,FALSE,FALSE
IK_AMVYOVYGIJXTQB-UHFFFAOYSA-N,Difenoxuron (4 other possible),Difenoxuron (4 other possible),AMVYOVYGIJXTQB-UHFFFAOYSA-N,C16H18N2O3,1,1,1,0,0.219091058,0.219091058,0.219091058,NA,24167579,Up in PD,1,FALSE,FALSE
IK_ZTTODOAGUDGDQH-HYVCQBOXSA-N,Ribosyl-5-amino-4-imidazolcarboxamid,Ribosyl-5-amino-4-imidazolcarboxamid,ZTTODOAGUDGDQH-HYVCQBOXSA-N,C9H14N4O5,1,1,1,0,0.218782184,0.218782184,0.218782184,NA,MTBLS11904,Up in PD,1,FALSE,FALSE
IK_CPXSBHKDEPPWIX-UHFFFAOYSA-N,2-(beta-D-Mannopyranosyl)-L-tryptophan,2-(beta-D-Mannopyranosyl)-L-tryptophan,CPXSBHKDEPPWIX-UHFFFAOYSA-N,C17H22N2O7,1,1,1,0,0.218715746,0.218715746,0.218715746,NA,MTBLS11904,Up in PD,1,FALSE,FALSE
IK_YHWNASRGLKJRJJ-KRWDZBQOSA-N,"(S)-4',5,7-Trihydroxy-6-prenylflavanone","(S)-4',5,7-Trihydroxy-6-prenylflavanone",YHWNASRGLKJRJJ-KRWDZBQOSA-N,C20H20O5,1,1,0,1,-0.218616088,-0.218616088,0.218616088,NA,MTBLS11904,Down in PD,1,FALSE,FALSE
IK_FKEIHZHIVAFDLO-RYPYTVSESA-N,"PC(22:1(13Z)/22:5(4Z,7Z,10Z,13Z,16Z))","PC(22:1(13Z)/22:5(4Z,7Z,10Z,13Z,16Z))",FKEIHZHIVAFDLO-RYPYTVSESA-N,C52H92NO8P,1,1,0,1,-0.218582869,-0.218582869,0.218582869,NA,MTBLS11904,Down in PD,1,FALSE,FALSE
IK_XHHOHZPNYFQJKL-QWRGUYRKSA-N,Gamma-Glutamylphenylalanine,Gamma-Glutamylphenylalanine,XHHOHZPNYFQJKL-QWRGUYRKSA-N,C14H18N2O5,1,1,1,0,0.218250676,0.218250676,0.218250676,NA,MTBLS11904,Up in PD,1,FALSE,FALSE
IK_AYJXHIDNNLJQDT-UHFFFAOYSA-N,"2,6,6-Trimethyl-2-cyclohexene-1,4-dione","2,6,6-Trimethyl-2-cyclohexene-1,4-dione",AYJXHIDNNLJQDT-UHFFFAOYSA-N,C9H12O2,1,1,0,1,-0.218084579,-0.218084579,0.218084579,NA,MTBLS11904,Down in PD,1,FALSE,FALSE
IK_SFUVCMKSYKHYLD-FNORWQNLSA-N,Subaphylline,Subaphylline,SFUVCMKSYKHYLD-FNORWQNLSA-N,C14H20N2O3,1,1,0,1,-0.217719167,-0.217719167,0.217719167,NA,MTBLS11904,Down in PD,1,FALSE,FALSE
IK_IANQTJSKSUMEQM-UHFFFAOYSA-N,Benzofuran,Benzofuran,IANQTJSKSUMEQM-UHFFFAOYSA-N,C8H6O,1,1,1,0,0.217685948,0.217685948,0.217685948,NA,MTBLS11904,Up in PD,1,FALSE,FALSE
IK_FKSLBYVOWOXWMB-YTBCMDLOSA-N,1-Linoleoyl-sn-Glycero-3-Phosphocholine,1-Linoleoyl-sn-Glycero-3-Phosphocholine,FKSLBYVOWOXWMB-YTBCMDLOSA-N,C27H52NO7P,1,1,1,0,0.21761951,0.21761951,0.21761951,NA,MTBLS11904,Up in PD,1,FALSE,FALSE
IK_GXOMMGAFBINOJY-SLINCCQESA-M,Dicloxacillin sodium,Dicloxacillin sodium,GXOMMGAFBINOJY-SLINCCQESA-M,C19H18Cl2N3NaO6S,1,1,0,1,-0.217591435,-0.217591435,0.217591435,NA,24167579,Down in PD,1,FALSE,FALSE
IK_ZEMGGZBWXRYJHK-UHFFFAOYSA-N,2-Thiouracil,2-Thiouracil,ZEMGGZBWXRYJHK-UHFFFAOYSA-N,C4H4N2OS,1,1,0,1,-0.217553071,-0.217553071,0.217553071,NA,MTBLS11904,Down in PD,1,FALSE,FALSE
IK_APOJPGQGVODAOE-AUPUWKESSA-N,PE(PGJ2/20:0),PE(PGJ2/20:0),APOJPGQGVODAOE-AUPUWKESSA-N,C45H80NO10P,1,1,1,0,0.217353755,0.217353755,0.217353755,NA,MTBLS11904,Up in PD,1,FALSE,FALSE
IK_RXACEEPNTRHYBQ-UHFFFAOYSA-N,Mertiatide,Mertiatide,RXACEEPNTRHYBQ-UHFFFAOYSA-N,C8H13N3O5S,1,1,1,0,0.217287317,0.217287317,0.217287317,NA,MTBLS11904,Up in PD,1,FALSE,FALSE
IK_CGGKIILOLKTYHS-LJGQSTEHSA-N,GPEtn(16:1/22:5),GPEtn(16:1/22:5),CGGKIILOLKTYHS-LJGQSTEHSA-N,C43H74NO8P,1,1,0,1,-0.216855466,-0.216855466,0.216855466,NA,MTBLS11904,Down in PD,1,FALSE,FALSE
IK_TUZHANAISKEZFG-GHDNBGIDSA-N,Menatetrenone Epoxide,Menatetrenone Epoxide,TUZHANAISKEZFG-GHDNBGIDSA-N,C31H40O3,1,1,0,1,-0.216855466,-0.216855466,0.216855466,NA,MTBLS11904,Down in PD,1,FALSE,FALSE
IK_FVMDYYGIDFPZAX-UHFFFAOYSA-N,3-Hydroxyphenylacetic Acid,3-Hydroxyphenylacetic Acid | 3 Hydroxyphenylacetic acid,FVMDYYGIDFPZAX-UHFFFAOYSA-N,C8H8O3,1,1,1,0,0.216589712,0.216589712,0.216589712,NA,MTBLS11904,Up in PD,1,FALSE,FALSE
IK_GKUMMDFLKGFCKH-URYVQPGZSA-N,Glucoerucin,Glucoerucin,GKUMMDFLKGFCKH-URYVQPGZSA-N,C12H23NO9S3,1,1,1,0,0.216357177,0.216357177,0.216357177,NA,MTBLS11904,Up in PD,1,FALSE,FALSE
IK_YDGMGEXADBMOMJ-LURJTMIESA-N,Total DMA,Total DMA,YDGMGEXADBMOMJ-LURJTMIESA-N,C8H18N4O2,1,1,1,0,0.216318272,0.216318272,0.216318272,NA,34577635,Up in PD,1,FALSE,FALSE
IK_HVDGDHBAMCBBLR-PBHICJAKSA-N,Enterolactone,Enterolactone,HVDGDHBAMCBBLR-PBHICJAKSA-N,C18H18O4,1,1,1,0,0.216091423,0.216091423,0.216091423,NA,MTBLS11904,Up in PD,1,FALSE,FALSE
IK_CLGNQAIRBLDHIN-HWKANZROSA-N,4-Hydroxy-3-methoxy-cinnamoylglycine,4-Hydroxy-3-methoxy-cinnamoylglycine,CLGNQAIRBLDHIN-HWKANZROSA-N,C12H13NO5,1,1,1,0,0.215194502,0.215194502,0.215194502,NA,MTBLS11904,Up in PD,1,FALSE,FALSE
IK_OQYZCCKCJQWHIE-UHFFFAOYSA-N,3-Hydroxysebacic Acid,3-Hydroxysebacic Acid,OQYZCCKCJQWHIE-UHFFFAOYSA-N,C10H18O5,1,1,1,0,0.215061625,0.215061625,0.215061625,NA,MTBLS11904,Up in PD,1,FALSE,FALSE
IK_MPSATYYKSWVJNQ-NSZXNXEKSA-N,PA(6 keto-PGF1alpha/14:1(9Z)),PA(6 keto-PGF1alpha/14:1(9Z)),MPSATYYKSWVJNQ-NSZXNXEKSA-N,C23H40O8,1,1,1,0,0.21436402,0.21436402,0.21436402,NA,MTBLS11904,Up in PD,1,FALSE,FALSE
IK_ZCGUDUFJPFKWKP-QLXZSTJSSA-N,PE O-20:0_20:4,PE O-20:0_20:4,ZCGUDUFJPFKWKP-QLXZSTJSSA-N,C45H84NO7P,1,1,1,0,0.214124805,0.214124805,0.214124805,0.00362,37755270,Up in PD,1,FALSE,FALSE
IK_XCCONPVPHCCYNF-KPFPPAHTSA-N,PC ae C36:4,PC ae C36:4,XCCONPVPHCCYNF-KPFPPAHTSA-N,C44H82NO7P,1,1,0,1,-0.213880434,-0.213880434,0.213880434,NA,34577635,Down in PD,1,FALSE,FALSE
IK_FUJLYHJROOYKRA-QGZVFWFLSA-N,Lauroylcarnitine,Lauroylcarnitine,FUJLYHJROOYKRA-QGZVFWFLSA-N,C19H37NO4,1,1,1,0,0.213865731,0.213865731,0.213865731,NA,MTBLS11904,Up in PD,1,FALSE,FALSE
IK_LADJWZMBZBVBSB-YEXRKOARSA-N,Dehydrotumulosic acid,Dehydrotumulosic acid,LADJWZMBZBVBSB-YEXRKOARSA-N,C31H48O4,1,1,1,0,0.213533538,0.213533538,0.213533538,NA,MTBLS11904,Up in PD,1,FALSE,FALSE
IK_WHWHBAUZDPEHEM-UHFFFAOYSA-N,Fenthiaprop,Fenthiaprop,WHWHBAUZDPEHEM-UHFFFAOYSA-N,C16H12ClNO4S,1,1,1,0,0.212880566,0.212880566,0.212880566,NA,24167579,Up in PD,1,FALSE,FALSE
NO_INCHIKEY__10 carbon fatty aldehyde,10-carbon fatty aldehyde,10-carbon fatty aldehyde,NA,C10H18O,1,1,0,1,-0.212567536,-0.212567536,0.212567536,NA,24167579,Down in PD,1,FALSE,FALSE
IK_YUTNOGOMBNYPFH-XUXIUFHCSA-N,Leu-Pro-Ile,Leu-Pro-Ile,YUTNOGOMBNYPFH-XUXIUFHCSA-N,C17H31N3O4,1,1,0,1,-0.21250374,-0.21250374,0.21250374,NA,MTBLS11904,Down in PD,1,FALSE,FALSE
IK_BSRRIWAAIBZEBQ-QSTBWJLLSA-N,4-Galactosylxylose,4-Galactosylxylose,BSRRIWAAIBZEBQ-QSTBWJLLSA-N,C11H20O10,1,1,1,0,0.212470521,0.212470521,0.212470521,NA,MTBLS11904,Up in PD,1,FALSE,FALSE
IK_IVFYLRMMHVYGJH-PVPPCFLZSA-N,Polyporusterone C,Polyporusterone C,IVFYLRMMHVYGJH-PVPPCFLZSA-N,C21H32O2,1,1,1,0,0.211673258,0.211673258,0.211673258,NA,MTBLS11904,Up in PD,1,FALSE,FALSE
IK_GDNGOAUIUTXUES-RWDHRDFGSA-N,"(3a,5b,7a)-23-Carboxy-7-hydroxy-24-norcholan-3-yl-b-D-Glucopyranosiduronic acid","(3a,5b,7a)-23-Carboxy-7-hydroxy-24-norcholan-3-yl-b-D-Glucopyranosiduronic acid",GDNGOAUIUTXUES-RWDHRDFGSA-N,C30H48O10,1,1,0,1,-0.211540381,-0.211540381,0.211540381,NA,MTBLS11904,Down in PD,1,FALSE,FALSE
IK_IPOLTUVFXFHAHI-WHIOSMTNSA-N,Oleoyl-L-Carnitine,Oleoyl-L-Carnitine,IPOLTUVFXFHAHI-WHIOSMTNSA-N,C25H47NO4,1,1,1,0,0.211473943,0.211473943,0.211473943,NA,MTBLS11904,Up in PD,1,FALSE,FALSE
IK_PSLSTUMPZILTAH-BYULHYEWSA-N,Asp Gly Ile,Asp Gly Ile,PSLSTUMPZILTAH-BYULHYEWSA-N,C12H21N3O6,1,1,1,0,0.211374285,0.211374285,0.211374285,NA,MTBLS11904,Up in PD,1,FALSE,FALSE
IK_JBIMVDZLSHOPLA-LSCVHKIXSA-N,Olopatadine,Olopatadine,JBIMVDZLSHOPLA-LSCVHKIXSA-N,C21H23NO3,1,1,0,1,-0.210896783,-0.210896783,0.210896783,NA,24167579,Down in PD,1,FALSE,FALSE
IK_KZXGPOLABXFBDK-SCFYABBUSA-N,"LysoPE(0:0/22:5(7Z,10Z,13Z,16Z,19Z))","LysoPE(0:0/22:5(7Z,10Z,13Z,16Z,19Z))",KZXGPOLABXFBDK-SCFYABBUSA-N,C27H46NO7P,1,1,1,0,0.210344487,0.210344487,0.210344487,NA,MTBLS11904,Up in PD,1,FALSE,FALSE
IK_KDCCOOGTVSRCHX-RWPZCVJISA-N,Urobilin,Urobilin,KDCCOOGTVSRCHX-RWPZCVJISA-N,C33H42N4O6,1,1,0,1,-0.210012294,-0.210012294,0.210012294,NA,MTBLS11904,Down in PD,1,FALSE,FALSE
IK_XZTUSOXSLKTKJQ-CESUGQOBSA-N,Digitoxigenin,Digitoxigenin,XZTUSOXSLKTKJQ-CESUGQOBSA-N,C23H34O4,1,1,1,0,0.209381128,0.209381128,0.209381128,NA,MTBLS11904,Up in PD,1,FALSE,FALSE
IK_HTRUBLMPPVBOHG-UHFFFAOYSA-N,"2-Mercapto-3-phenylthieno[3,2-d]pyrimidin-4(3H)-one","2-Mercapto-3-phenylthieno[3,2-d]pyrimidin-4(3H)-one",HTRUBLMPPVBOHG-UHFFFAOYSA-N,C12H8N2OS2,1,1,1,0,0.209048935,0.209048935,0.209048935,NA,MTBLS11904,Up in PD,1,FALSE,FALSE
IK_QQZAQKGMSREYHF-KDEBBMLKSA-N,PC(P-18:0/18:3),PC(P-18:0/18:3),QQZAQKGMSREYHF-KDEBBMLKSA-N,C44H82NO7P,1,1,0,1,-0.208783181,-0.208783181,0.208783181,NA,MTBLS11904,Down in PD,1,FALSE,FALSE
IK_CMKQOKAXUWQAHG-UHFFFAOYSA-N,Alpha-Terpineol propanoate,Alpha-Terpineol propanoate,CMKQOKAXUWQAHG-UHFFFAOYSA-N,C13H22O2,1,1,0,1,-0.208118795,-0.208118795,0.208118795,NA,MTBLS11904,Down in PD,1,FALSE,FALSE
IK_XVOHELPNOXGRBQ-NXAIOARDSA-N,Furanodienone,Furanodienone,XVOHELPNOXGRBQ-NXAIOARDSA-N,C15H18O2,1,1,1,0,0.208118795,0.208118795,0.208118795,NA,MTBLS11904,Up in PD,1,FALSE,FALSE
IK_HYHZGBOWRWIEGW-UHFFFAOYSA-N,5-(Methoxycarbonyl)thiophene-2-carboxylic acid,5-(Methoxycarbonyl)thiophene-2-carboxylic acid,HYHZGBOWRWIEGW-UHFFFAOYSA-N,C7H6O4S,1,1,1,0,0.20791948,0.20791948,0.20791948,NA,MTBLS11904,Up in PD,1,FALSE,FALSE
IK_FVKFHMNJTHKMRX-UHFFFAOYSA-N,MJDBISSN00000003,MJDBISSN00000003,FVKFHMNJTHKMRX-UHFFFAOYSA-N,C7H13N3,1,1,1,0,0.207487629,0.207487629,0.207487629,NA,MTBLS11904,Up in PD,1,FALSE,FALSE
IK_JNNQVGBQCBFXRU-ZZTWLFPRSA-N,"PS(22:6(4Z,7Z,10Z,13Z,16Z,19Z)/19:0)","PS(22:6(4Z,7Z,10Z,13Z,16Z,19Z)/19:0)",JNNQVGBQCBFXRU-ZZTWLFPRSA-N,C47H80NO10P,1,1,1,0,0.207088997,0.207088997,0.207088997,NA,MTBLS11904,Up in PD,1,FALSE,FALSE
IK_YIKYNHJUKRTCJL-UHFFFAOYSA-N,Ethyl maltol,Ethyl maltol,YIKYNHJUKRTCJL-UHFFFAOYSA-N,C7H8O3,1,1,1,0,0.207022559,0.207022559,0.207022559,NA,MTBLS11904,Up in PD,1,FALSE,FALSE
IK_RAGZUCNPTLULOL-KQJPBSFVSA-N,3-Feruloylquinic acid,3-Feruloylquinic acid,RAGZUCNPTLULOL-KQJPBSFVSA-N,C17H20O9,1,1,0,1,-0.206790024,-0.206790024,0.206790024,NA,MTBLS11904,Down in PD,1,FALSE,FALSE
IK_BOEPTPMIIFGHTH-YDFGWWAZSA-N,"Octa-3,5-dienedioylcarnitine","Octa-3,5-dienedioylcarnitine",BOEPTPMIIFGHTH-YDFGWWAZSA-N,C15H23NO6,1,1,1,0,0.206756805,0.206756805,0.206756805,NA,MTBLS11904,Up in PD,1,FALSE,FALSE
IK_QNZZHRCSGTYEAW-UHFFFAOYSA-N,25-Acetylvulgaroside,25-Acetylvulgaroside,QNZZHRCSGTYEAW-UHFFFAOYSA-N,C27H42O7,1,1,1,0,0.2060592,0.2060592,0.2060592,NA,MTBLS11904,Up in PD,1,FALSE,FALSE
IK_YZNNBIPIQWYLDM-HSUXUTPPSA-N,Fagomine,Fagomine,YZNNBIPIQWYLDM-HSUXUTPPSA-N,C6H13NO3,1,1,1,0,0.2060592,0.2060592,0.2060592,NA,MTBLS11904,Up in PD,1,FALSE,FALSE
IK_MZWRIOUCMXPLKV-RFOVXIPZSA-N,16-Dehydropregnenolone acetate,16-Dehydropregnenolone acetate,MZWRIOUCMXPLKV-RFOVXIPZSA-N,C23H32O3,1,1,0,1,-0.205896101,-0.205896101,0.205896101,NA,24167579,Down in PD,1,FALSE,FALSE
IK_YVWPKMWQKWFMBB-UHFFFAOYSA-N,2-Amino-4-[carbamimidoyl(methyl)amino]butanoic acid,2-Amino-4-[carbamimidoyl(methyl)amino]butanoic acid,YVWPKMWQKWFMBB-UHFFFAOYSA-N,C6H14N4O2,1,1,0,1,-0.205793446,-0.205793446,0.205793446,NA,MTBLS11904,Down in PD,1,FALSE,FALSE
IK_DCXJOVUZENRYSH-UHFFFAOYSA-N,Doxyl,Doxyl,DCXJOVUZENRYSH-UHFFFAOYSA-N,C5H10NO2,1,1,0,1,-0.205560911,-0.205560911,0.205560911,NA,MTBLS11904,Down in PD,1,FALSE,FALSE
IK_ARFRZOLTIRQFCI-NGQYDJQZSA-N,8-O-Acetyl shanzhiside methyl ester,8-O-Acetyl shanzhiside methyl ester,ARFRZOLTIRQFCI-NGQYDJQZSA-N,C19H28O12,1,1,1,0,0.205527691,0.205527691,0.205527691,NA,MTBLS11904,Up in PD,1,FALSE,FALSE
IK_MALFODICFSIXPO-KFKQDBFTSA-N,VERATRAMINE,VERATRAMINE,MALFODICFSIXPO-KFKQDBFTSA-N,C27H39NO2,1,1,0,1,-0.205428033,-0.205428033,0.205428033,NA,MTBLS11904,Down in PD,1,FALSE,FALSE
IK_TYFQFVWCELRYAO-UHFFFAOYSA-N,Suberic Acid,Suberic Acid,TYFQFVWCELRYAO-UHFFFAOYSA-N,C8H14O4,1,1,1,0,0.205062621,0.205062621,0.205062621,NA,MTBLS11904,Up in PD,1,FALSE,FALSE
IK_PRXCKJGVECBOID-WXGDJGGUSA-N,"(12Z,15Z)-10-Hydroxyoctadeca-12,15-dienoylcarnitine","(12Z,15Z)-10-Hydroxyoctadeca-12,15-dienoylcarnitine",PRXCKJGVECBOID-WXGDJGGUSA-N,C25H45NO5,1,1,1,0,0.204298578,0.204298578,0.204298578,NA,MTBLS11904,Up in PD,1,FALSE,FALSE
IK_GOBIDZCUVCOUAI-UHFFFAOYSA-N,Cholylhistidine,Cholylhistidine,GOBIDZCUVCOUAI-UHFFFAOYSA-N,C30H47N3O6,1,1,1,0,0.204132481,0.204132481,0.204132481,NA,MTBLS11904,Up in PD,1,FALSE,FALSE
IK_COUYJEVMBVSIHV-SFHVURJKSA-N,Olodaterol,Olodaterol,COUYJEVMBVSIHV-SFHVURJKSA-N,C21H26N2O5,1,1,0,1,-0.203966385,-0.203966385,0.203966385,NA,MTBLS11904,Down in PD,1,FALSE,FALSE
IK_KMTRUDSVKNLOMY-UHFFFAOYSA-N,Ethylene carbonate,Ethylene carbonate,KMTRUDSVKNLOMY-UHFFFAOYSA-N,C3H4O3,1,1,1,0,0.203534534,0.203534534,0.203534534,NA,MTBLS11904,Up in PD,1,FALSE,FALSE
IK_QCGTZPZKJPTAEP-REDYYMJGSA-N,2-Aminomuconic acid semialdehyde,2-Aminomuconic acid semialdehyde,QCGTZPZKJPTAEP-REDYYMJGSA-N,C6H7NO3,1,1,1,0,0.203534534,0.203534534,0.203534534,NA,MTBLS11904,Up in PD,1,FALSE,FALSE
IK_MAAMGQXOTCBPFS-JPGWWKBXSA-N,"PC(18:0/22:5(7Z,10Z,13Z,16Z,19Z))","PC(18:0/22:5(7Z,10Z,13Z,16Z,19Z))",MAAMGQXOTCBPFS-JPGWWKBXSA-N,C48H86NO8P,1,1,0,1,-0.203468096,-0.203468096,0.203468096,NA,MTBLS11904,Down in PD,1,FALSE,FALSE
IK_HYQNKKAJVPMBDR-HIFRSBDPSA-N,Hernandulcin,Hernandulcin,HYQNKKAJVPMBDR-HIFRSBDPSA-N,C15H24O2,1,1,0,1,-0.203135903,-0.203135903,0.203135903,NA,MTBLS11904,Down in PD,1,FALSE,FALSE
IK_XKXOQMAKWNRIFD-MHDFSROXSA-N,"16,17-Dihydro-16alpha,17-dihydroxygibberellin A4 17-glucoside","16,17-Dihydro-16alpha,17-dihydroxygibberellin A4 17-glucoside",XKXOQMAKWNRIFD-MHDFSROXSA-N,C25H36O12,1,1,1,0,0.203069464,0.203069464,0.203069464,NA,MTBLS11904,Up in PD,1,FALSE,FALSE
IK_PYINVOHSOZSEPB-DKGLCQEFSA-N,Hymenoxon,Hymenoxon,PYINVOHSOZSEPB-DKGLCQEFSA-N,C15H22O5,1,1,0,1,-0.203003026,-0.203003026,0.203003026,NA,MTBLS11904,Down in PD,1,FALSE,FALSE
IK_SUHVYZXHTHHCTK-GFZABIRZSA-N,"SM(d19:0/22:6(4Z,7Z,11E,13Z,15E,19Z)-2OH(10S,17))","SM(d19:0/22:6(4Z,7Z,11E,13Z,15E,19Z)-2OH(10S,17))",SUHVYZXHTHHCTK-GFZABIRZSA-N,C46H83N2O8P,1,1,0,1,-0.202670833,-0.202670833,0.202670833,NA,MTBLS11904,Down in PD,1,FALSE,FALSE
IK_AGPKZVBTJJNPAG-UHFFFAOYSA-N,(+/-)-erythro-Isoleucine,(+/-)-erythro-Isoleucine,AGPKZVBTJJNPAG-UHFFFAOYSA-N,C6H13NO2,1,1,1,0,0.202637614,0.202637614,0.202637614,NA,MTBLS11904,Up in PD,1,FALSE,FALSE
IK_WAZYDHAWJWFGBD-LMJTUUMUSA-N,"PC(18:3(9Z,12Z,15Z)/20:1(11Z))","PC(18:3(9Z,12Z,15Z)/20:1(11Z))",WAZYDHAWJWFGBD-LMJTUUMUSA-N,C46H84NO8P,1,1,0,1,-0.202471517,-0.202471517,0.202471517,NA,MTBLS11904,Down in PD,1,FALSE,FALSE
IK_XPJVKCRENWUEJH-UHFFFAOYSA-N,Isobutyl 4-hydroxybenzoate,Isobutyl 4-hydroxybenzoate,XPJVKCRENWUEJH-UHFFFAOYSA-N,C11H14O3,1,1,1,0,0.201840351,0.201840351,0.201840351,NA,MTBLS11904,Up in PD,1,FALSE,FALSE
IK_OCALSPDXYQHUHA-FNORWQNLSA-N,8-Methylnonenoate,8-Methylnonenoate,OCALSPDXYQHUHA-FNORWQNLSA-N,C10H18O2,1,1,0,1,-0.201807132,-0.201807132,0.201807132,NA,MTBLS11904,Down in PD,1,FALSE,FALSE
IK_HUMNYLRZRPPJDN-UHFFFAOYSA-N,Benzaldehyde,Benzaldehyde,HUMNYLRZRPPJDN-UHFFFAOYSA-N,C7H6O,1,1,1,0,0.201508158,0.201508158,0.201508158,NA,MTBLS11904,Up in PD,1,FALSE,FALSE
IK_AKASWINDKIEEBO-ZJUUUORDSA-N,(+)-Rotundifolone,(+)-Rotundifolone,AKASWINDKIEEBO-ZJUUUORDSA-N,C10H14O2,1,1,0,1,-0.201375281,-0.201375281,0.201375281,NA,MTBLS11904,Down in PD,1,FALSE,FALSE
IK_OQOOVTUAIDXHMC-KCWQRWSDSA-N,DG(i-12:0/PGF1alpha/0:0),DG(i-12:0/PGF1alpha/0:0),OQOOVTUAIDXHMC-KCWQRWSDSA-N,C35H64O8,1,1,1,0,0.201342062,0.201342062,0.201342062,NA,MTBLS11904,Up in PD,1,FALSE,FALSE
IK_AGSPXMVUFBBBMO-UHFFFAOYSA-N,Beta-Aminopropionitrile,Beta-Aminopropionitrile,AGSPXMVUFBBBMO-UHFFFAOYSA-N,C3H6N2,1,1,1,0,0.201142746,0.201142746,0.201142746,NA,MTBLS11904,Up in PD,1,FALSE,FALSE
IK_LVDKZNITIUWNER-UHFFFAOYSA-N,Bronopol,Bronopol,LVDKZNITIUWNER-UHFFFAOYSA-N,C3H6BrNO4,1,1,0,1,-0.200912694,-0.200912694,0.200912694,NA,24167579,Down in PD,1,FALSE,FALSE
IK_PDWIQYODPROSQH-PYHARJCCSA-N,Deoxyribose,Deoxyribose,PDWIQYODPROSQH-PYHARJCCSA-N,C5H10O4,1,1,1,0,0.200910211,0.200910211,0.200910211,NA,MTBLS11904,Up in PD,1,FALSE,FALSE
IK_XUWLAGNFLUARAN-CHQNGUEUSA-N,"N,N-Diallyl-tyrosyl-aminoisobutyryl-aminoisobutyryl-phenylalanyl-leucine","N,N-Diallyl-tyrosyl-aminoisobutyryl-aminoisobutyryl-phenylalanyl-leucine",XUWLAGNFLUARAN-CHQNGUEUSA-N,C38H53N5O7,1,1,1,0,0.200710896,0.200710896,0.200710896,NA,MTBLS11904,Up in PD,1,FALSE,FALSE
IK_TXBBUSUXYMIVOS-UHFFFAOYSA-N,2-Thenoyltrifluoroacetone,2-Thenoyltrifluoroacetone,TXBBUSUXYMIVOS-UHFFFAOYSA-N,C8H5F3O2S,1,1,0,1,-0.200578018,-0.200578018,0.200578018,NA,MTBLS11904,Down in PD,1,FALSE,FALSE
IK_VVQNEPGJFQJSBK-UHFFFAOYSA-N,Methyl methacrylate,Methyl methacrylate,VVQNEPGJFQJSBK-UHFFFAOYSA-N,C5H8O2,1,1,1,0,0.200478361,0.200478361,0.200478361,NA,MTBLS11904,Up in PD,1,FALSE,FALSE
IK_HMFKFHLTUCJZJO-HHVQYONYSA-N,Polysorbate 80,Polysorbate 80,HMFKFHLTUCJZJO-HHVQYONYSA-N,C26H50O10,1,1,1,0,0.200445141,0.200445141,0.200445141,NA,MTBLS11904,Up in PD,1,FALSE,FALSE
IK_SLXKOJJOQWFEFD-UHFFFAOYSA-N,Aminocaproic acid,Aminocaproic acid,SLXKOJJOQWFEFD-UHFFFAOYSA-N,C6H13NO2,1,1,1,0,0.200345483,0.200345483,0.200345483,NA,MTBLS11904,Up in PD,1,FALSE,FALSE
IK_KBJNLOFREYBAHR-UZIPXBRASA-N,DG(15:0/0:0/18:4n3),DG(15:0/0:0/18:4n3),KBJNLOFREYBAHR-UZIPXBRASA-N,C36H62O5,1,1,0,1,-0.200279045,-0.200279045,0.200279045,NA,MTBLS11904,Down in PD,1,FALSE,FALSE
IK_DTERQYGMUDWYAZ-ZETCQYMHSA-N,N-epsilon-Acetyllysine,N-epsilon-Acetyllysine | N6-Acetyl-L-lysine | N6-Acetyl-L Lysine,DTERQYGMUDWYAZ-ZETCQYMHSA-N,C8H16N2O3,1,1,1,0,0.200245826,0.200245826,0.200245826,NA,MTBLS11904,Up in PD,1,FALSE,FALSE
IK_HASVPNDDKSXPGU-HYSOADAZSA-O,Pelargonidin 3-sophoroside,Pelargonidin 3-sophoroside,HASVPNDDKSXPGU-HYSOADAZSA-O,C27H31O15+,1,1,0,1,-0.200079729,-0.200079729,0.200079729,NA,MTBLS11904,Down in PD,1,FALSE,FALSE
IK_GQJQCKUJCHMTNF-UHFFFAOYSA-N,Prenyl glucoside,Prenyl glucoside,GQJQCKUJCHMTNF-UHFFFAOYSA-N,C11H20O6,1,1,0,1,-0.199980071,-0.199980071,0.199980071,NA,MTBLS11904,Down in PD,1,FALSE,FALSE
IK_COHZAFUKYUCIND-SHDWVJIKSA-N,"3-Icosa-5,8,11,14-tetraen-2-yloxypropane-1,2-diol","3-Icosa-5,8,11,14-tetraen-2-yloxypropane-1,2-diol",COHZAFUKYUCIND-SHDWVJIKSA-N,C23H40O3,1,1,0,1,-0.199847194,-0.199847194,0.199847194,NA,MTBLS11904,Down in PD,1,FALSE,FALSE
IK_YGNHGXTZNFXTBH-GQCTYLIASA-N,5'-((Z)-Feruloyl) 3-(2'-methylarabinosylxylose),5'-((Z)-Feruloyl) 3-(2'-methylarabinosylxylose),YGNHGXTZNFXTBH-GQCTYLIASA-N,C21H28O12,1,1,1,0,0.199847194,0.199847194,0.199847194,NA,MTBLS11904,Up in PD,1,FALSE,FALSE
IK_LVRFTAZAXQPQHI-UHFFFAOYSA-N,Leucinic Acid,Leucinic Acid,LVRFTAZAXQPQHI-UHFFFAOYSA-N,C6H12O3,1,1,1,0,0.199515001,0.199515001,0.199515001,NA,MTBLS11904,Up in PD,1,FALSE,FALSE
IK_CCVYRRGZDBSHFU-UHFFFAOYSA-N,2-Hydroxyphenylacetic Acid,2-Hydroxyphenylacetic Acid,CCVYRRGZDBSHFU-UHFFFAOYSA-N,C8H8O3,1,1,0,1,-0.199448563,-0.199448563,0.199448563,NA,MTBLS11904,Down in PD,1,FALSE,FALSE
NO_INCHIKEY__11 carbon fatty acid,11-carbon fatty acid,11-carbon fatty acid,NA,C11H20O3,1,1,1,0,0.199122642,0.199122642,0.199122642,NA,24167579,Up in PD,1,FALSE,FALSE
IK_NDYMQXYDSVBNLL-MUYMLXPFSA-N,Cucurbitacin E,Cucurbitacin E,NDYMQXYDSVBNLL-MUYMLXPFSA-N,C32H44O8,1,1,1,0,0.198518423,0.198518423,0.198518423,NA,MTBLS11904,Up in PD,1,FALSE,FALSE
IK_CZIIGGQJILPHEU-HCHVXQBBSA-N,Piriprost,Piriprost,CZIIGGQJILPHEU-HCHVXQBBSA-N,C26H35NO4,1,1,1,0,0.197588283,0.197588283,0.197588283,NA,MTBLS11904,Up in PD,1,FALSE,FALSE
IK_JXBLMIJDQFTVIE-UHFFFAOYSA-N,3-Methyl-5-pentyl-2-furantridecanoic acid,3-Methyl-5-pentyl-2-furantridecanoic acid,JXBLMIJDQFTVIE-UHFFFAOYSA-N,C23H40O3,1,1,1,0,0.19725609,0.19725609,0.19725609,NA,MTBLS11904,Up in PD,1,FALSE,FALSE
IK_OTTXIFWBPRRYOG-UHFFFAOYSA-N,2-Hydroxyadipic acid,2-Hydroxyadipic acid,OTTXIFWBPRRYOG-UHFFFAOYSA-N,C6H10O5,1,1,0,1,-0.196957117,-0.196957117,0.196957117,NA,MTBLS11904,Down in PD,1,FALSE,FALSE
IK_JEKMKNDURXDJAD-HWUKTEKMSA-N,Kahweol,Kahweol,JEKMKNDURXDJAD-HWUKTEKMSA-N,C20H26O3,1,1,1,0,0.19692389799999999,0.19692389799999999,0.19692389799999999,NA,MTBLS11904,Up in PD,1,FALSE,FALSE
IK_AGVRWBBFKKEVAX-QIEOIKHQSA-N,LysoPI(0:0/18:0),LysoPI(0:0/18:0),AGVRWBBFKKEVAX-QIEOIKHQSA-N,C27H53O12P,1,1,1,0,0.196558485,0.196558485,0.196558485,NA,MTBLS11904,Up in PD,1,FALSE,FALSE
IK_BXLYSRPHVMCOPS-ACZMJKKPSA-N,Serylisoleucine,Serylisoleucine,BXLYSRPHVMCOPS-ACZMJKKPSA-N,C9H18N2O4,1,1,0,1,-0.196226293,-0.196226293,0.196226293,NA,MTBLS11904,Down in PD,1,FALSE,FALSE
IK_MRPDHXXPDCVBPQ-AATRIKPKSA-N,"(3S,5R,6S,7E,9x)-7-Megastigmene-3,6,9-triol 9-glucoside","(3S,5R,6S,7E,9x)-7-Megastigmene-3,6,9-triol 9-glucoside",MRPDHXXPDCVBPQ-AATRIKPKSA-N,C19H34O8,1,1,1,0,0.196093415,0.196093415,0.196093415,NA,MTBLS11904,Up in PD,1,FALSE,FALSE
NO_INCHIKEY__pe 18 3 0 0,PE(18:3/0:0),PE(18:3/0:0),NA,NA,1,1,1,0,0.196093415,0.196093415,0.196093415,NA,MTBLS11904,Up in PD,1,FALSE,FALSE
IK_NZUIUYWHFPQZBH-HXCATZOESA-N,Spirorenone,Spirorenone,NZUIUYWHFPQZBH-HXCATZOESA-N,C24H28O3,1,1,1,0,0.195827661,0.195827661,0.195827661,NA,MTBLS11904,Up in PD,1,FALSE,FALSE
IK_OXUGTFWFXADACU-PXNASSMWSA-N,PA(20:0/LTE4),PA(20:0/LTE4),OXUGTFWFXADACU-PXNASSMWSA-N,C46H82NO11PS,1,1,0,1,-0.195794442,-0.195794442,0.195794442,NA,MTBLS11904,Down in PD,1,FALSE,FALSE
IK_YNNMOGWGBFSMGB-UHFFFAOYSA-N,"2,3-Methyleneglutaric acid","2,3-Methyleneglutaric acid",YNNMOGWGBFSMGB-UHFFFAOYSA-N,C7H8O4,1,1,1,0,0.195661565,0.195661565,0.195661565,NA,MTBLS11904,Up in PD,1,FALSE,FALSE
IK_FKWQEFWENKGUGF-VFUOTHLCSA-N,Beta-D-Glucopyranosylurea,Beta-D-Glucopyranosylurea,FKWQEFWENKGUGF-VFUOTHLCSA-N,C7H14N2O6,1,1,1,0,0.195495468,0.195495468,0.195495468,NA,MTBLS11904,Up in PD,1,FALSE,FALSE
IK_QOCIXWKQPBGFFQ-XUAUDTQZSA-N,"PE-NMe(22:6(4Z,7Z,10Z,13Z,16Z,19Z)/16:0)","PE-NMe(22:6(4Z,7Z,10Z,13Z,16Z,19Z)/16:0)",QOCIXWKQPBGFFQ-XUAUDTQZSA-N,C44H76NO8P,1,1,0,1,-0.195296153,-0.195296153,0.195296153,NA,MTBLS11904,Down in PD,1,FALSE,FALSE
IK_SHLWEZVZPAYIHX-UHFFFAOYSA-N,"3-Oxo-12,18-ursadien-28-oic acid","3-Oxo-12,18-ursadien-28-oic acid",SHLWEZVZPAYIHX-UHFFFAOYSA-N,C30H44O3,1,1,1,0,0.195296153,0.195296153,0.195296153,NA,MTBLS11904,Up in PD,1,FALSE,FALSE
IK_PLHJDBGFXBMTGZ-WEVVVXLNSA-N,Furazolidone,"Furazolidone | 2-Oxazolidinone, 3-[[(5-nitro-2-furanyl)methylene]amino]-",PLHJDBGFXBMTGZ-WEVVVXLNSA-N,C8H7N3O5,1,1,1,0,0.193934162,0.193934162,0.193934162,NA,MTBLS11904,Up in PD,1,FALSE,FALSE
IK_UJFWRUHMFNKTTC-UHFFFAOYSA-N,Cholylserine,Cholylserine,UJFWRUHMFNKTTC-UHFFFAOYSA-N,C27H45NO7,1,1,1,0,0.193867724,0.193867724,0.193867724,NA,MTBLS11904,Up in PD,1,FALSE,FALSE
IK_VSOJKDUWYQCWFM-UHFFFAOYSA-N,Noroxyhydrastinine,Noroxyhydrastinine,VSOJKDUWYQCWFM-UHFFFAOYSA-N,C10H9NO3,1,1,1,0,0.193701627,0.193701627,0.193701627,NA,MTBLS11904,Up in PD,1,FALSE,FALSE
IK_AHJCDQGRYVBQQZ-NSCUHMNNSA-N,Methoxymalic acid,Methoxymalic acid,AHJCDQGRYVBQQZ-NSCUHMNNSA-N,C5H6O5,1,1,1,0,0.193668408,0.193668408,0.193668408,NA,MTBLS11904,Up in PD,1,FALSE,FALSE
IK_ZCXGMSGCBDSEOY-UHFFFAOYSA-N,2-Benzothiazolsulfonic Acid,2-Benzothiazolsulfonic Acid,ZCXGMSGCBDSEOY-UHFFFAOYSA-N,C7H5NO3S2,1,1,1,0,0.193004022,0.193004022,0.193004022,NA,MTBLS11904,Up in PD,1,FALSE,FALSE
IK_NANHIUZYPFDGJS-UHFFFAOYSA-N,4-Decan-4-Ylbenzenesulfonic Acid,4-Decan-4-Ylbenzenesulfonic Acid,NANHIUZYPFDGJS-UHFFFAOYSA-N,C16H26O3S,1,1,1,0,0.192937584,0.192937584,0.192937584,NA,MTBLS11904,Up in PD,1,FALSE,FALSE
IK_MSRVZJWXQUEINS-WAAHFECUSA-N,"Glucosyl (2E,6E,10x)-10,11-dihydroxy-2,6-farnesadienoate","Glucosyl (2E,6E,10x)-10,11-dihydroxy-2,6-farnesadienoate",MSRVZJWXQUEINS-WAAHFECUSA-N,C21H36O9,1,1,0,1,-0.192837926,-0.192837926,0.192837926,NA,MTBLS11904,Down in PD,1,FALSE,FALSE
IK_XCIXKGXIYUWCLL-UHFFFAOYSA-N,Cyclopentanol,Cyclopentanol,XCIXKGXIYUWCLL-UHFFFAOYSA-N,C5H10O,1,1,0,1,-0.19267183,-0.19267183,0.19267183,NA,MTBLS11904,Down in PD,1,FALSE,FALSE
IK_WDLWHQDACQUCJR-PBFPGSCMSA-N,Cefprozil,Cefprozil,WDLWHQDACQUCJR-PBFPGSCMSA-N,C18H19N3O5S,1,1,1,0,0.192273198,0.192273198,0.192273198,NA,MTBLS11904,Up in PD,1,FALSE,FALSE
IK_GJSURZIOUXUGAL-UHFFFAOYSA-N,Clonidine Metabolite VI,Clonidine Metabolite VI,GJSURZIOUXUGAL-UHFFFAOYSA-N,C7H7Cl2N3O,1,1,1,0,0.191562651,0.191562651,0.191562651,NA,24167579,Up in PD,1,FALSE,FALSE
IK_BFZDKPVWJYFECC-OFCLATOASA-N,PC aa C34:4,PC aa C34:4,BFZDKPVWJYFECC-OFCLATOASA-N,C47H78NO8P,1,1,1,0,0.191531068,0.191531068,0.191531068,NA,34577635,Up in PD,1,FALSE,FALSE
IK_ZHTQCPCDXKMMLU-UHFFFAOYSA-N,Norathyriol,Norathyriol,ZHTQCPCDXKMMLU-UHFFFAOYSA-N,C13H8O6,1,1,0,1,-0.191143743,-0.191143743,0.191143743,NA,MTBLS11904,Down in PD,1,FALSE,FALSE
IK_ULGZDMOVFRHVEP-RWJQBGPGSA-N,Erythromycin,Erythromycin,ULGZDMOVFRHVEP-RWJQBGPGSA-N,C37H67NO13,1,1,0,1,-0.190977646,-0.190977646,0.190977646,NA,MTBLS11904,Down in PD,1,FALSE,FALSE
IK_VBCLPDSIELLWDI-UHFFFAOYSA-N,2-[3-(sulfooxy)phenyl]acetic acid,2-[3-(sulfooxy)phenyl]acetic acid,VBCLPDSIELLWDI-UHFFFAOYSA-N,C8H8O6S,1,1,1,0,0.190911208,0.190911208,0.190911208,NA,MTBLS11904,Up in PD,1,FALSE,FALSE
IK_NXJDPFSYOMFVES-SUTPNROZSA-N,3-O-Sulfogalactosylceramide (d18:1/18:1(9Z)),3-O-Sulfogalactosylceramide (d18:1/18:1(9Z)),NXJDPFSYOMFVES-SUTPNROZSA-N,C42H79NO11S,1,1,0,1,-0.190246822,-0.190246822,0.190246822,NA,MTBLS11904,Down in PD,1,FALSE,FALSE
IK_OZJPLYNZGCXSJM-UHFFFAOYSA-N,Delta-Valerolactone,Delta-Valerolactone,OZJPLYNZGCXSJM-UHFFFAOYSA-N,C5H8O2,1,1,0,1,-0.190180383,-0.190180383,0.190180383,NA,MTBLS11904,Down in PD,1,FALSE,FALSE
IK_OLAOWMDKXPIITQ-UHFFFAOYSA-N,Tridecanoylcarnitine,Tridecanoylcarnitine,OLAOWMDKXPIITQ-UHFFFAOYSA-N,C20H39NO4,1,1,0,1,-0.189914629,-0.189914629,0.189914629,NA,MTBLS11904,Down in PD,1,FALSE,FALSE
IK_QZNPNKJXABGCRC-FUTKDDECSA-N,L-Rhamnulose,L-Rhamnulose,QZNPNKJXABGCRC-FUTKDDECSA-N,C6H12O5,1,1,1,0,0.189781752,0.189781752,0.189781752,NA,MTBLS11904,Up in PD,1,FALSE,FALSE
IK_HVFNSJGQAVFVAX-LDOBPFQESA-N,"PS(20:5(6E,8Z,11Z,14Z,17Z)-OH(5)/24:0)","PS(20:5(6E,8Z,11Z,14Z,17Z)-OH(5)/24:0)",HVFNSJGQAVFVAX-LDOBPFQESA-N,C50H88NO11P,1,1,0,1,-0.189150586,-0.189150586,0.189150586,NA,MTBLS11904,Down in PD,1,FALSE,FALSE
IK_BZWQQOVSUSJJJO-QAGDRQIHSA-N,Isatoribine,Isatoribine,BZWQQOVSUSJJJO-QAGDRQIHSA-N,C10H14N4O7S,1,1,0,1,-0.188619077,-0.188619077,0.188619077,NA,MTBLS11904,Down in PD,1,FALSE,FALSE
IK_JUSMHIGDXPKSID-PHYPRBDBSA-N,"(2r,3r,4s,5r,6s)-2-(Hydroxymethyl)-6-Sulfanyl-Oxane-3,4,5-Triol","(2r,3r,4s,5r,6s)-2-(Hydroxymethyl)-6-Sulfanyl-Oxane-3,4,5-Triol",JUSMHIGDXPKSID-PHYPRBDBSA-N,C6H12O5S,1,1,1,0,0.188585858,0.188585858,0.188585858,NA,MTBLS11904,Up in PD,1,FALSE,FALSE
IK_XIFCIPQKMAMFGE-QIAWJANFSA-N,"PE-NMe2(22:6(4Z,7Z,10Z,13Z,16Z,19Z)/16:0)","PE-NMe2(22:6(4Z,7Z,10Z,13Z,16Z,19Z)/16:0)",XIFCIPQKMAMFGE-QIAWJANFSA-N,C45H78NO8P,1,1,1,0,0.188585858,0.188585858,0.188585858,NA,MTBLS11904,Up in PD,1,FALSE,FALSE
IK_YYZUSRORWSJGET-UHFFFAOYSA-N,Ethyl octanoate,Ethyl octanoate,YYZUSRORWSJGET-UHFFFAOYSA-N,C10H20O2,1,1,1,0,0.188585858,0.188585858,0.188585858,NA,MTBLS11904,Up in PD,1,FALSE,FALSE
IK_JITASQOSGITBPR-FMCGBTBPSA-N,Vdavp,Vdavp,JITASQOSGITBPR-FMCGBTBPSA-N,C46H66N14O11S2,1,1,0,1,-0.188565926,-0.188565926,0.188565926,NA,MTBLS11904,Down in PD,1,FALSE,FALSE
IK_QKNCKSQAXGWPIK-FOWTUZBSSA-N,Caffeoylcycloartenol,Caffeoylcycloartenol,QKNCKSQAXGWPIK-FOWTUZBSSA-N,C39H56O4,1,1,1,0,0.188386542,0.188386542,0.188386542,NA,MTBLS11904,Up in PD,1,FALSE,FALSE
IK_SUMDYPCJJOFFON-UHFFFAOYSA-M,2-Hydroxyethanesulfonate,2-Hydroxyethanesulfonate,SUMDYPCJJOFFON-UHFFFAOYSA-M,C2H5O4S-,1,1,0,1,-0.188220446,-0.188220446,0.188220446,NA,MTBLS11904,Down in PD,1,FALSE,FALSE
IK_HXNFUBHNUDHIGC-UHFFFAOYSA-N,Oxypurinol,Oxypurinol,HXNFUBHNUDHIGC-UHFFFAOYSA-N,C5H4N4O2,1,1,1,0,0.187722157,0.187722157,0.187722157,NA,MTBLS11904,Up in PD,1,FALSE,FALSE
IK_GAWUJFVQGSLSSZ-SZRCHTAPSA-N,5-hydroxy saxagliptin,5-hydroxy saxagliptin,GAWUJFVQGSLSSZ-SZRCHTAPSA-N,C18H25N3O3,1,1,0,1,-0.187323525,-0.187323525,0.187323525,NA,MTBLS11904,Down in PD,1,FALSE,FALSE
IK_SATGKQGFUDXGAX-MYWFJNCASA-N,7alpha-Hydroxy-3-oxo-4-cholestenoate,7alpha-Hydroxy-3-oxo-4-cholestenoate,SATGKQGFUDXGAX-MYWFJNCASA-N,C27H42O4,1,1,1,0,0.187190648,0.187190648,0.187190648,NA,MTBLS11904,Up in PD,1,FALSE,FALSE
IK_DMBHHRLKUKUOEG-UHFFFAOYSA-N,Diphenylamine,Diphenylamine,DMBHHRLKUKUOEG-UHFFFAOYSA-N,C12H11N,1,1,1,0,0.186991333,0.186991333,0.186991333,NA,MTBLS11904,Up in PD,1,FALSE,FALSE
IK_PZRFVAHZNWPPAC-VBKSFVIKSA-N,PC(18:1/0:0),PC(18:1/0:0) | LysoPC(18:1(11Z)/0:0),PZRFVAHZNWPPAC-VBKSFVIKSA-N,C26H52NO7P,1,1,1,0,0.186792017,0.186792017,0.186792017,NA,MTBLS11904,Up in PD,1,FALSE,FALSE
IK_FFXKPSNQCPNORO-MBYQGORISA-N,"19,20-DiHDPA","19,20-DiHDPA",FFXKPSNQCPNORO-MBYQGORISA-N,C22H34O4,1,1,0,1,-0.186526263,-0.186526263,0.186526263,NA,MTBLS11904,Down in PD,1,FALSE,FALSE
IK_GLYPHOJMMLQNJQ-GYPHWSFCSA-N,"N-[(3a,5b,7a)-3-hydroxy-24-oxo-7-(sulfooxy)cholan-24-yl]-Glycine","N-[(3a,5b,7a)-3-hydroxy-24-oxo-7-(sulfooxy)cholan-24-yl]-Glycine",GLYPHOJMMLQNJQ-GYPHWSFCSA-N,C26H43NO8S,1,1,1,0,0.186493043,0.186493043,0.186493043,NA,MTBLS11904,Up in PD,1,FALSE,FALSE
IK_LGVYUZVANMHKHV-UHFFFAOYSA-N,Dihydrogeranylacetone,Dihydrogeranylacetone,LGVYUZVANMHKHV-UHFFFAOYSA-N,C13H24O,1,1,1,0,0.186260508,0.186260508,0.186260508,NA,MTBLS11904,Up in PD,1,FALSE,FALSE
IK_BXNJHAXVSOCGBA-UHFFFAOYSA-N,Harmine,Harmine,BXNJHAXVSOCGBA-UHFFFAOYSA-N,C13H12N2O,1,1,0,1,-0.18619407,-0.18619407,0.18619407,NA,MTBLS11904,Down in PD,1,FALSE,FALSE
IK_GYPQKMKDLBCBMB-XTVBGRGASA-N,"PC(17:2(9Z,12Z)/0:0)","PC(17:2(9Z,12Z)/0:0)",GYPQKMKDLBCBMB-XTVBGRGASA-N,C25H48NO7P,1,1,1,0,0.185463246,0.185463246,0.185463246,NA,MTBLS11904,Up in PD,1,FALSE,FALSE
IK_SSQHYGLFYWZWDV-UVBJJODRSA-N,Ala Val Trp,Ala Val Trp,SSQHYGLFYWZWDV-UVBJJODRSA-N,C19H26N4O4,1,1,1,0,0.183569747,0.183569747,0.183569747,NA,MTBLS11904,Up in PD,1,FALSE,FALSE
IK_VWTPJNGTEYZXFV-ZWKQNVPVSA-N,3-ketosphingosine,3-ketosphingosine,VWTPJNGTEYZXFV-ZWKQNVPVSA-N,C18H35NO2,1,1,0,1,-0.183569747,-0.183569747,0.183569747,NA,MTBLS11904,Down in PD,1,FALSE,FALSE
IK_JPNPIRVRGLGTRE-YSKCIPFOSA-N,PE(20:4/0:0),PE(20:4/0:0),JPNPIRVRGLGTRE-YSKCIPFOSA-N,C25H44NO7P,1,1,1,0,0.183270773,0.183270773,0.183270773,NA,MTBLS11904,Up in PD,1,FALSE,FALSE
IK_ZMXDDKWLCZADIW-UHFFFAOYSA-N,"N,N-Dimethylformamide","N,N-Dimethylformamide | Dimethylformamide",ZMXDDKWLCZADIW-UHFFFAOYSA-N,C3H7NO,1,1,1,0,0.182838922,0.182838922,0.182838922,NA,MTBLS11904,Up in PD,1,FALSE,FALSE
IK_GLWKVDXAQHCAIO-REYDXQAISA-N,3Z)-Phycoerythrobilin,3Z)-Phycoerythrobilin,GLWKVDXAQHCAIO-REYDXQAISA-N,C33H38N4O6,1,1,1,0,0.182692298,0.182692298,0.182692298,NA,24167579,Up in PD,1,FALSE,FALSE
IK_DUVAQXIRJZDZGR-HXMIUARJSA-N,"DG(a-13:0/0:0/20:4(5E,8Z,12Z,14Z)-OH(11R))","DG(a-13:0/0:0/20:4(5E,8Z,12Z,14Z)-OH(11R))",DUVAQXIRJZDZGR-HXMIUARJSA-N,C36H62O6,1,1,0,1,-0.18247351,-0.18247351,0.18247351,NA,MTBLS11904,Down in PD,1,FALSE,FALSE
IK_BUQYQSMGNYBXDM-QOCHGBHMSA-N,Epoxymurin A,Epoxymurin A,BUQYQSMGNYBXDM-QOCHGBHMSA-N,C35H62O3,1,1,0,1,-0.182407072,-0.182407072,0.182407072,NA,MTBLS11904,Down in PD,1,FALSE,FALSE
IK_OTKJDMGTUTTYMP-ZWKOTPCHSA-N,Sphinganine,Sphinganine,OTKJDMGTUTTYMP-ZWKOTPCHSA-N,C18H39NO2,1,1,0,1,-0.181908783,-0.181908783,0.181908783,NA,MTBLS11904,Down in PD,1,FALSE,FALSE
IK_ISAKRJDGNUQOIC-UHFFFAOYSA-N,Uracil,Uracil,ISAKRJDGNUQOIC-UHFFFAOYSA-N,C4H4N2O2,1,1,1,0,0.181676248,0.181676248,0.181676248,NA,MTBLS11904,Up in PD,1,FALSE,FALSE
IK_AQZMUAMGLNHYRT-SESCJMQFSA-N,"PE-NMe2(15:0/20:2(11Z,14Z))","PE-NMe2(15:0/20:2(11Z,14Z))",AQZMUAMGLNHYRT-SESCJMQFSA-N,C42H80NO8P,1,1,0,1,-0.181609809,-0.181609809,0.181609809,NA,MTBLS11904,Down in PD,1,FALSE,FALSE
IK_AUDMGMSPKITTQO-DEKGSFKZSA-N,"Cer(d16:1/20:4(6E,8Z,11Z,13E)-2OH(5S,15S))","Cer(d16:1/20:4(6E,8Z,11Z,13E)-2OH(5S,15S))",AUDMGMSPKITTQO-DEKGSFKZSA-N,C36H63NO5,1,1,1,0,0.18157659,0.18157659,0.18157659,NA,MTBLS11904,Up in PD,1,FALSE,FALSE
IK_YNZQCBXDUUGFIX-UHFFFAOYSA-N,8-(Aminomethyl)sulfanyl-6-sulfanyloctanoic acid,8-(Aminomethyl)sulfanyl-6-sulfanyloctanoic acid,YNZQCBXDUUGFIX-UHFFFAOYSA-N,C9H19NO2S2,1,1,0,1,-0.18157659,-0.18157659,0.18157659,NA,ST003159,Down in PD,1,FALSE,FALSE
IK_BMOVQUBVGICXQN-UHFFFAOYSA-N,Clinofibrate,Clinofibrate,BMOVQUBVGICXQN-UHFFFAOYSA-N,C28H36O6,1,1,1,0,0.181177958,0.181177958,0.181177958,NA,MTBLS11904,Up in PD,1,FALSE,FALSE
IK_QDAOSMKOZCCWLJ-MQLLGTBWSA-N,Phaseolotoxin,Phaseolotoxin,QDAOSMKOZCCWLJ-MQLLGTBWSA-N,C15H34N9O8PS,1,1,1,0,0.180779327,0.180779327,0.180779327,NA,MTBLS11904,Up in PD,1,FALSE,FALSE
IK_TYEYBOSBBBHJIV-UHFFFAOYSA-N,2-Ketobutyric acid,2-Ketobutyric acid,TYEYBOSBBBHJIV-UHFFFAOYSA-N,C4H6O3,1,1,1,0,0.180746108,0.180746108,0.180746108,NA,MTBLS11904,Up in PD,1,FALSE,FALSE
IK_HCZHHEIFKROPDY-UHFFFAOYSA-N,Kynurenic Acid,Kynurenic Acid,HCZHHEIFKROPDY-UHFFFAOYSA-N,C10H7NO3,1,1,0,1,-0.180679669,-0.180679669,0.180679669,NA,MTBLS11904,Down in PD,1,FALSE,FALSE
IK_WPOCIZJTELRQMF-LFRCEIEQSA-N,16b-Hydroxyestrone,16b-Hydroxyestrone,WPOCIZJTELRQMF-LFRCEIEQSA-N,C18H22O3,1,1,1,0,0.180613231,0.180613231,0.180613231,NA,MTBLS11904,Up in PD,1,FALSE,FALSE
IK_XIVFQYWMMJWUCD-VSTJRZLJSA-N,Dihydrophaseic acid,Dihydrophaseic acid,XIVFQYWMMJWUCD-VSTJRZLJSA-N,C15H22O5,1,1,0,1,-0.180513573,-0.180513573,0.180513573,NA,MTBLS11904,Down in PD,1,FALSE,FALSE
IK_SAAOVBGAFHJPIF-NYNACFBQSA-N,"5,6-Dihydroxyprostaglandin F1a","5,6-Dihydroxyprostaglandin F1a",SAAOVBGAFHJPIF-NYNACFBQSA-N,C20H36O7,1,1,1,0,0.180148161,0.180148161,0.180148161,NA,MTBLS11904,Up in PD,1,FALSE,FALSE
IK_XECPAIJNBXCOBO-MMPJQOAZSA-N,"D-Glucaro-1,4-lactone","D-Glucaro-1,4-lactone | D-Saccharic acid 1,4-lactone",XECPAIJNBXCOBO-MMPJQOAZSA-N,C6H8O7,1,1,1,0,0.180114941,0.180114941,0.180114941,NA,MTBLS11904,Up in PD,1,FALSE,FALSE
IK_YLOIOWBAQMCQNL-ROATZPNCSA-N,"PE-NMe(20:2(11Z,14Z)/22:6(4Z,7Z,10Z,13Z,16Z,19Z))","PE-NMe(20:2(11Z,14Z)/22:6(4Z,7Z,10Z,13Z,16Z,19Z))",YLOIOWBAQMCQNL-ROATZPNCSA-N,C48H80NO8P,1,1,1,0,0.179982064,0.179982064,0.179982064,NA,MTBLS11904,Up in PD,1,FALSE,FALSE
IK_UHWVSEOVJBQKBE-UHFFFAOYSA-N,TRIMETAZIDINE,TRIMETAZIDINE,UHWVSEOVJBQKBE-UHFFFAOYSA-N,C14H22N2O3,1,1,1,0,0.179915626,0.179915626,0.179915626,NA,MTBLS11904,Up in PD,1,FALSE,FALSE
IK_UQWJOPVYLXZYCS-UHFFFAOYSA-N,Elatoside G,Elatoside G,UQWJOPVYLXZYCS-UHFFFAOYSA-N,C36H56O11,1,1,1,0,0.179882406,0.179882406,0.179882406,NA,MTBLS11904,Up in PD,1,FALSE,FALSE
IK_FUOOLUPWFVMBKG-UHFFFAOYSA-N,2-Aminoisobutyric acid,2-Aminoisobutyric acid,FUOOLUPWFVMBKG-UHFFFAOYSA-N,C4H9NO2,1,1,1,0,0.179749529,0.179749529,0.179749529,NA,MTBLS11904,Up in PD,1,FALSE,FALSE
IK_UATOAILWGVYRQS-HHHXNRCGSA-N,PC(20:0/0:0),PC(20:0/0:0),UATOAILWGVYRQS-HHHXNRCGSA-N,C28H58NO7P,1,1,1,0,0.17971631,0.17971631,0.17971631,NA,MTBLS11904,Up in PD,1,FALSE,FALSE
IK_LJHGATIVGCLEDO-DCLYHHALSA-N,"DG(20:5(7Z,9Z,11E,13E,17Z)-3OH(5,6,15)/0:0/18:0)","DG(20:5(7Z,9Z,11E,13E,17Z)-3OH(5,6,15)/0:0/18:0)",LJHGATIVGCLEDO-DCLYHHALSA-N,C41H70O8,1,1,1,0,0.179516994,0.179516994,0.179516994,NA,MTBLS11904,Up in PD,1,FALSE,FALSE
IK_SXGAGTVDWKQYCX-BQBZGAKWSA-N,Glutamylmethionine,Glutamylmethionine,SXGAGTVDWKQYCX-BQBZGAKWSA-N,C10H18N2O5S,1,1,0,1,-0.179118363,-0.179118363,0.179118363,NA,MTBLS11904,Down in PD,1,FALSE,FALSE
IK_IOJNOBYNWXBNBY-ZFORQUDYSA-N,Genistein 5-O-glucuronide,Genistein 5-O-glucuronide,IOJNOBYNWXBNBY-ZFORQUDYSA-N,C21H18O11,1,1,1,0,0.178706444,0.178706444,0.178706444,NA,MTBLS11904,Up in PD,1,FALSE,FALSE
IK_IMMPMHKLUUZKAZ-UHFFFAOYSA-N,Tryptophyl-Phenylalanine,Tryptophyl-Phenylalanine,IMMPMHKLUUZKAZ-UHFFFAOYSA-N,C20H21N3O3,1,1,1,0,0.178553635,0.178553635,0.178553635,NA,MTBLS11904,Up in PD,1,FALSE,FALSE
IK_XBGLCVZQMWKHFC-NMQALWILSA-N,Notoginsenoside Fc,Notoginsenoside Fc,XBGLCVZQMWKHFC-NMQALWILSA-N,C58H98O26,1,1,1,0,0.178520416,0.178520416,0.178520416,NA,MTBLS11904,Up in PD,1,FALSE,FALSE
IK_FERDPPIQANTDTF-VHDCWOTASA-N,"DG(14:1(9Z)/20:5(5Z,8Z,11Z,14Z,17Z)/0:0)","DG(14:1(9Z)/20:5(5Z,8Z,11Z,14Z,17Z)/0:0)",FERDPPIQANTDTF-VHDCWOTASA-N,C37H60O5,1,1,1,0,0.178354319,0.178354319,0.178354319,NA,MTBLS11904,Up in PD,1,FALSE,FALSE
IK_XZOSNHNAQRVGSZ-UHFFFAOYSA-N,Stizolamine,Stizolamine,XZOSNHNAQRVGSZ-UHFFFAOYSA-N,C7H11N5O2,1,1,1,0,0.178155004,0.178155004,0.178155004,NA,MTBLS11904,Up in PD,1,FALSE,FALSE
IK_YRXOQXUDKDCXME-YIVRLKKSSA-N,Dimethylsphingosine,Dimethylsphingosine,YRXOQXUDKDCXME-YIVRLKKSSA-N,C20H41NO2,1,1,0,1,-0.177922469,-0.177922469,0.177922469,NA,MTBLS11904,Down in PD,1,FALSE,FALSE
IK_MWRWFPQBGSZWNV-UHFFFAOYSA-N,Dinitrosopentamethylenetetramine,Dinitrosopentamethylenetetramine,MWRWFPQBGSZWNV-UHFFFAOYSA-N,C5H10N6O2,1,1,0,1,-0.177881725,-0.177881725,0.177881725,NA,24167579,Down in PD,1,FALSE,FALSE
IK_VEOYBEJCEMJLHN-OAQYLSRUSA-N,Hydroxytetradecadienyl-l-carnitine,Hydroxytetradecadienyl-l-carnitine,VEOYBEJCEMJLHN-OAQYLSRUSA-N,C21H39NO4,1,1,1,0,0.177656715,0.177656715,0.177656715,NA,MTBLS11904,Up in PD,1,FALSE,FALSE
IK_VDQLKIBLTMPAHI-UHFFFAOYSA-N,"1-Propanone, 1-(3,4-dihydroxyphenyl)-2-methyl-","1-Propanone, 1-(3,4-dihydroxyphenyl)-2-methyl-",VDQLKIBLTMPAHI-UHFFFAOYSA-N,C10H12O3,1,1,1,0,0.177590276,0.177590276,0.177590276,NA,MTBLS11904,Up in PD,1,FALSE,FALSE
IK_WMJJBPKYVQALFE-DYYSOKHRSA-N,"PE(DiMe(13,5)/22:6(5Z,7Z,10Z,13Z,16Z,19Z)-OH(4))","PE(DiMe(13,5)/22:6(5Z,7Z,10Z,13Z,16Z,19Z)-OH(4))",WMJJBPKYVQALFE-DYYSOKHRSA-N,C51H84NO10P,1,1,0,1,-0.177490618,-0.177490618,0.177490618,NA,MTBLS11904,Down in PD,1,FALSE,FALSE
IK_LSUXCWJOIAWGOU-FTJOPAKQSA-N,"LysoPC(0:0/18:2(9Z,12Z))","LysoPC(0:0/18:2(9Z,12Z))",LSUXCWJOIAWGOU-FTJOPAKQSA-N,C26H50NO7P,1,1,1,0,0.177224864,0.177224864,0.177224864,NA,MTBLS11904,Up in PD,1,FALSE,FALSE
IK_KWIUHFFTVRNATP-UHFFFAOYSA-N,Betaine,Betaine | Glycine-Betaine,KWIUHFFTVRNATP-UHFFFAOYSA-N,C5H11NO2,1,1,0,1,-0.177125206,-0.177125206,0.177125206,NA,MTBLS11904,Down in PD,1,FALSE,FALSE
IK_GLXUWZBUPATPBR-MLWJPKLSSA-N,"N-Succinyl-L,L-2,6-diaminopimelate","N-Succinyl-L,L-2,6-diaminopimelate",GLXUWZBUPATPBR-MLWJPKLSSA-N,C11H18N2O7,1,1,1,0,0.177058768,0.177058768,0.177058768,NA,MTBLS11904,Up in PD,1,FALSE,FALSE
IK_PHTAMEFBOLJOPU-VQJSHJPSSA-N,PE(14:0/24:0),PE(14:0/24:0),PHTAMEFBOLJOPU-VQJSHJPSSA-N,C43H86NO8P,1,1,0,1,-0.176992329,-0.176992329,0.176992329,NA,MTBLS11904,Down in PD,1,FALSE,FALSE
IK_HIMXGTXNXJYFGB-UHFFFAOYSA-N,Alloxan,Alloxan,HIMXGTXNXJYFGB-UHFFFAOYSA-N,C5H4N4O,1,1,0,1,-0.176859452,-0.176859452,0.176859452,NA,MTBLS11904,Down in PD,1,FALSE,FALSE
IK_WQZRAWSNEARGPQ-UHFFFAOYSA-N,"3,5-Dihydroxydecanoic Acid","3,5-Dihydroxydecanoic Acid",WQZRAWSNEARGPQ-UHFFFAOYSA-N,C10H20O4,1,1,1,0,0.176859452,0.176859452,0.176859452,NA,MTBLS11904,Up in PD,1,FALSE,FALSE
IK_CJSQSNMTJVQLJE-NQPCQEITSA-N,"DG(20:3(8Z,11Z,14Z)-2OH(5,6)/0:0/i-13:0)","DG(20:3(8Z,11Z,14Z)-2OH(5,6)/0:0/i-13:0)",CJSQSNMTJVQLJE-NQPCQEITSA-N,C36H64O7,1,1,0,1,-0.176693355,-0.176693355,0.176693355,NA,MTBLS11904,Down in PD,1,FALSE,FALSE
IK_HJKVPZJVBHWFCQ-BDXSIMOUSA-N,17-Deoxyestradiol,17-Deoxyestradiol,HJKVPZJVBHWFCQ-BDXSIMOUSA-N,C18H24O,1,1,0,1,-0.176593698,-0.176593698,0.176593698,NA,MTBLS11904,Down in PD,1,FALSE,FALSE
IK_BLHQFTDZMFXXHV-LLPREHSBSA-N,GPEtn(22:5/16:0),GPEtn(22:5/16:0),BLHQFTDZMFXXHV-LLPREHSBSA-N,C43H76NO8P,1,1,0,1,-0.176427601,-0.176427601,0.176427601,NA,MTBLS11904,Down in PD,1,FALSE,FALSE
IK_OYDCCWNLILCHDJ-ZZXKWVIFSA-N,P-Coumaric acid sulfate,P-Coumaric acid sulfate,OYDCCWNLILCHDJ-ZZXKWVIFSA-N,C9H8O6S,1,1,1,0,0.176261505,0.176261505,0.176261505,NA,MTBLS11904,Up in PD,1,FALSE,FALSE
IK_NQDAYVPCMIYPCA-UHFFFAOYSA-N,Simonin V,Simonin V,NQDAYVPCMIYPCA-UHFFFAOYSA-N,C66H116O24,1,1,0,1,-0.176161847,-0.176161847,0.176161847,NA,MTBLS11904,Down in PD,1,FALSE,FALSE
IK_ULTTYPMRMMDONC-UHFFFAOYSA-N,Lavendustin A,Lavendustin A,ULTTYPMRMMDONC-UHFFFAOYSA-N,C21H19NO6,1,1,1,0,0.176095408,0.176095408,0.176095408,NA,MTBLS11904,Up in PD,1,FALSE,FALSE
IK_DPEYXLDDNACOGV-ANVMUZGGSA-N,"PC(18:1(11Z)/18:3(9Z,12Z,15Z))","PC(18:1(11Z)/18:3(9Z,12Z,15Z))",DPEYXLDDNACOGV-ANVMUZGGSA-N,C44H80NO8P,1,1,1,0,0.17602897,0.17602897,0.17602897,NA,MTBLS11904,Up in PD,1,FALSE,FALSE
IK_RSIHSRDYCUFFLA-DYKIIFRCSA-N,Boldenone,Boldenone,RSIHSRDYCUFFLA-DYKIIFRCSA-N,C19H26O2,1,1,1,0,0.175829654,0.175829654,0.175829654,NA,MTBLS11904,Up in PD,1,FALSE,FALSE
IK_YUPCLHHTUNDMAN-UHFFFAOYSA-N,Butyl (S)-3-hydroxybutyrate glucoside,Butyl (S)-3-hydroxybutyrate glucoside,YUPCLHHTUNDMAN-UHFFFAOYSA-N,C14H26O8,1,1,1,0,0.175550612,0.175550612,0.175550612,NA,MTBLS11904,Up in PD,1,FALSE,FALSE
IK_HJXMNVQARNZTEE-UHFFFAOYSA-N,(S)-3-Butyl-1(3H)-isobenzofuranone,(S)-3-Butyl-1(3H)-isobenzofuranone,HJXMNVQARNZTEE-UHFFFAOYSA-N,C12H14O2,1,1,1,0,0.175364584,0.175364584,0.175364584,NA,MTBLS11904,Up in PD,1,FALSE,FALSE
IK_KDXKERNSBIXSRK-YFKPBYRVSA-N,L-Lysine,L-Lysine,KDXKERNSBIXSRK-YFKPBYRVSA-N,C6H14N2O2,1,1,1,0,0.175364584,0.175364584,0.175364584,NA,MTBLS11904,Up in PD,1,FALSE,FALSE
IK_KDXKERNSBIXSRK-UHFFFAOYNA-N,Lysine,Lysine,KDXKERNSBIXSRK-UHFFFAOYNA-N,C6H14N2O2,1,1,0,1,-0.175142554,-0.175142554,0.175142554,NA,ST001814,Down in PD,1,FALSE,FALSE
IK_FVWJYYTZTCVBKE-ROUWMTJPSA-N,Betulin,Betulin,FVWJYYTZTCVBKE-ROUWMTJPSA-N,C30H50O2,1,1,0,1,-0.174932734,-0.174932734,0.174932734,NA,MTBLS11904,Down in PD,1,FALSE,FALSE
IK_VACHUYIREGFMSP-UHFFFAOYSA-N,"9,10-Dihydroxystearic acid","9,10-Dihydroxystearic acid",VACHUYIREGFMSP-UHFFFAOYSA-N,C18H36O4,1,1,1,0,0.174766637,0.174766637,0.174766637,NA,MTBLS11904,Up in PD,1,FALSE,FALSE
IK_ZWCCSIUBHCZKOY-UHFFFAOYSA-N,"Adb-chminaca, (+/-)-","Adb-chminaca, (+/-)-",ZWCCSIUBHCZKOY-UHFFFAOYSA-N,C21H30N4O2,1,1,1,0,0.174069032,0.174069032,0.174069032,NA,MTBLS11904,Up in PD,1,FALSE,FALSE
IK_JPFXYNDBKFIYLX-UHFFFAOYSA-N,Myrsinone,Myrsinone,JPFXYNDBKFIYLX-UHFFFAOYSA-N,C17H26O4,1,1,1,0,0.174002594,0.174002594,0.174002594,NA,MTBLS11904,Up in PD,1,FALSE,FALSE
IK_GJWSUKYXUMVMGX-UHFFFAOYSA-N,Citronellic acid,Citronellic acid,GJWSUKYXUMVMGX-UHFFFAOYSA-N,C10H18O2,1,1,0,1,-0.173603962,-0.173603962,0.173603962,NA,MTBLS11904,Down in PD,1,FALSE,FALSE
IK_FBTYOQIYBULKEH-ZFWWWQNUSA-N,Histidyltryptophan,Histidyltryptophan,FBTYOQIYBULKEH-ZFWWWQNUSA-N,C17H19N5O3,1,1,1,0,0.173570743,0.173570743,0.173570743,NA,MTBLS11904,Up in PD,1,FALSE,FALSE
IK_VJZBXAQGWLMYMS-HNNXBMFYSA-N,"(S)-10,16-Dihydroxyhexadecanoic acid","(S)-10,16-Dihydroxyhexadecanoic acid",VJZBXAQGWLMYMS-HNNXBMFYSA-N,C16H32O4,1,1,1,0,0.173039235,0.173039235,0.173039235,NA,MTBLS11904,Up in PD,1,FALSE,FALSE
IK_OUICDHFBMJCDTL-GHRIWEEISA-N,Notoginsenoside T1,Notoginsenoside T1,OUICDHFBMJCDTL-GHRIWEEISA-N,C36H60O10,1,1,1,0,0.173006015,0.173006015,0.173006015,NA,MTBLS11904,Up in PD,1,FALSE,FALSE
IK_BIEOSECQPGGZMF-NAIWXXGBSA-N,PC(22:5/0:0),"PC(22:5/0:0) | LysoPC(22:5(7Z,10Z,13Z,16Z,19Z)/0:0)",BIEOSECQPGGZMF-NAIWXXGBSA-N,C30H52NO7P,1,1,1,0,0.172972796,0.172972796,0.172972796,NA,MTBLS11904,Up in PD,1,FALSE,FALSE
IK_YAICYXFUKKMAKO-DBQWNMKUSA-N,6-allyl-8b-Carboxy-ergoline,6-allyl-8b-Carboxy-ergoline,YAICYXFUKKMAKO-DBQWNMKUSA-N,C18H20N2O2,1,1,1,0,0.1728067,0.1728067,0.1728067,NA,MTBLS11904,Up in PD,1,FALSE,FALSE
IK_UFGLFVVFQFFPSV-LKBCLYITSA-N,"5alpha-Androstane-3beta,7alpha,17beta-triol","5alpha-Androstane-3beta,7alpha,17beta-triol",UFGLFVVFQFFPSV-LKBCLYITSA-N,C19H32O3,1,1,0,1,-0.172574165,-0.172574165,0.172574165,NA,MTBLS11904,Down in PD,1,FALSE,FALSE
IK_ZLCUIOWQYBYEBG-UHFFFAOYSA-N,1-Amino-2-methylanthraquinone,1-Amino-2-methylanthraquinone,ZLCUIOWQYBYEBG-UHFFFAOYSA-N,C15H11NO2,1,1,0,1,-0.172507726,-0.172507726,0.172507726,NA,MTBLS11904,Down in PD,1,FALSE,FALSE
IK_QJPWUUJVYOJNMH-UHFFFAOYSA-N,L-3-Aminodihydro-2(3H)-furanone,L-3-Aminodihydro-2(3H)-furanone,QJPWUUJVYOJNMH-UHFFFAOYSA-N,C4H7NO2,1,1,0,1,-0.172474507,-0.172474507,0.172474507,NA,MTBLS11904,Down in PD,1,FALSE,FALSE
IK_SVURIXNDRWRAFU-OGMFBOKVSA-N,Cedorol,Cedorol,SVURIXNDRWRAFU-OGMFBOKVSA-N,C15H26O,1,1,1,0,0.172474507,0.172474507,0.172474507,NA,MTBLS11904,Up in PD,1,FALSE,FALSE
IK_DLJKPYFALUEJCK-IIELGFQLSA-N,Carboprost,Carboprost,DLJKPYFALUEJCK-IIELGFQLSA-N,C21H36O5,1,1,0,1,-0.172241972,-0.172241972,0.172241972,NA,MTBLS11904,Down in PD,1,FALSE,FALSE
IK_UXFQFBNBSPQBJW-UHFFFAOYSA-N,"2-Amino-2-methyl-1,3-propanediol","2-Amino-2-methyl-1,3-propanediol",UXFQFBNBSPQBJW-UHFFFAOYSA-N,C4H11NO2,1,1,1,0,0.172075875,0.172075875,0.172075875,NA,MTBLS11904,Up in PD,1,FALSE,FALSE
IK_HQUQLFOMPYWACS-UHFFFAOYSA-N,Tris(2-chloroethyl) phosphate,Tris(2-chloroethyl) phosphate,HQUQLFOMPYWACS-UHFFFAOYSA-N,C6H12Cl3O4P,1,1,1,0,0.172042656,0.172042656,0.172042656,NA,MTBLS11904,Up in PD,1,FALSE,FALSE
IK_BFYYUELWUKXHLB-UHFFFAOYSA-N,(2S)-2-Amino-4-sulfanylbutanal,(2S)-2-Amino-4-sulfanylbutanal,BFYYUELWUKXHLB-UHFFFAOYSA-N,C4H9NOS,1,1,1,0,0.17184334,0.17184334,0.17184334,NA,MTBLS11904,Up in PD,1,FALSE,FALSE
IK_IQYIDEWXVLGTDZ-AWQFTUOYSA-N,"(3b,16a,21b,22a)-12-Oleanene-3,16,21,23,28-pentol-22-angeloyloxy-23-al","(3b,16a,21b,22a)-12-Oleanene-3,16,21,23,28-pentol-22-angeloyloxy-23-al",IQYIDEWXVLGTDZ-AWQFTUOYSA-N,C35H54O7,1,1,0,1,-0.171710463,-0.171710463,0.171710463,NA,MTBLS11904,Down in PD,1,FALSE,FALSE
IK_FRFIAHPOPAPQGJ-VLOXYBQLSA-N,"CL(i-12:0/i-24:0/i-24:0/18:2(9Z,11Z))","CL(i-12:0/i-24:0/i-24:0/18:2(9Z,11Z))",FRFIAHPOPAPQGJ-VLOXYBQLSA-N,C87H166O17P2,1,1,1,0,0.171644025,0.171644025,0.171644025,NA,MTBLS11904,Up in PD,1,FALSE,FALSE
IK_NNIGBOAAXZMMQM-DTQAZKPQSA-N,(10Z)-12-Hydroxyhexadecenoylcarnitine,(10Z)-12-Hydroxyhexadecenoylcarnitine,NNIGBOAAXZMMQM-DTQAZKPQSA-N,C23H43NO5,1,1,1,0,0.171511148,0.171511148,0.171511148,NA,MTBLS11904,Up in PD,1,FALSE,FALSE
IK_YSUPYJPCFRZHTJ-UHFFFAOYSA-N,2-(2-Hydroxyethyl)phenyl hydrogen sulfate,2-(2-Hydroxyethyl)phenyl hydrogen sulfate,YSUPYJPCFRZHTJ-UHFFFAOYSA-N,C8H10O5S,1,1,0,1,-0.171278613,-0.171278613,0.171278613,NA,MTBLS11904,Down in PD,1,FALSE,FALSE
IK_AEAPORIZZWBIEX-DTBDINHYSA-N,Rostafuroxin,Rostafuroxin,AEAPORIZZWBIEX-DTBDINHYSA-N,C23H34O4,1,1,1,0,0.171145735,0.171145735,0.171145735,NA,MTBLS11904,Up in PD,1,FALSE,FALSE
IK_QRRSWTCVSAQEPQ-UHFFFAOYSA-N,Vulgarole,Vulgarole,QRRSWTCVSAQEPQ-UHFFFAOYSA-N,C12H20O3,1,1,1,0,0.171046078,0.171046078,0.171046078,NA,MTBLS11904,Up in PD,1,FALSE,FALSE
IK_AOQMRUTZEYVDIL-UHFFFAOYSA-N,Flupoxam,Flupoxam,AOQMRUTZEYVDIL-UHFFFAOYSA-N,C19H14ClF5N4O2,1,1,1,0,0.170913201,0.170913201,0.170913201,NA,MTBLS11904,Up in PD,1,FALSE,FALSE
IK_DBHKHNGBVGWQJE-USWSLJGRSA-N,PE(18:2/0:0),"PE(18:2/0:0) | LysoPE(18:2(9Z,12Z)/0:0)",DBHKHNGBVGWQJE-USWSLJGRSA-N,C23H44NO7P,1,1,1,0,0.170647446,0.170647446,0.170647446,NA,MTBLS11904,Up in PD,1,FALSE,FALSE
IK_YVYMBNSKXOXSKW-HXUWFJFHSA-N,PE(16:0/0:0),PE(16:0/0:0),YVYMBNSKXOXSKW-HXUWFJFHSA-N,C21H44NO7P,1,1,1,0,0.170647446,0.170647446,0.170647446,NA,MTBLS11904,Up in PD,1,FALSE,FALSE
IK_UWHZIFQPPBDJPM-FPLPWBNLSA-N,Cis-Vaccenic acid,Cis-Vaccenic acid,UWHZIFQPPBDJPM-FPLPWBNLSA-N,C18H34O2,1,1,0,1,-0.170248815,-0.170248815,0.170248815,NA,MTBLS11904,Down in PD,1,FALSE,FALSE
IK_JLSKPBDKNIXMBS-VIFPVBQESA-N,tryptophanamide,tryptophanamide,JLSKPBDKNIXMBS-VIFPVBQESA-N,C11H13N3O,1,1,0,1,-0.170049499,-0.170049499,0.170049499,NA,MTBLS11904,Down in PD,1,FALSE,FALSE
IK_XMWINMVFKPHMJB-UHFFFAOYSA-N,"2-Methyl-1,3-cyclohexadiene","2-Methyl-1,3-cyclohexadiene",XMWINMVFKPHMJB-UHFFFAOYSA-N,C7H10,1,1,1,0,0.169816964,0.169816964,0.169816964,NA,MTBLS11904,Up in PD,1,FALSE,FALSE
IK_RGZSQWQPBWRIAQ-CABCVRRESA-N,(-)-alpha-Bisabolol,(-)-alpha-Bisabolol,RGZSQWQPBWRIAQ-CABCVRRESA-N,C15H26O,1,1,1,0,0.169684087,0.169684087,0.169684087,NA,MTBLS11904,Up in PD,1,FALSE,FALSE
IK_OAQGPAZDRCBBLD-YTCWWFNZSA-N,"17-phenyl-18,19,20-trinor-prostaglandin D2","17-phenyl-18,19,20-trinor-prostaglandin D2",OAQGPAZDRCBBLD-YTCWWFNZSA-N,C23H30O5,1,1,1,0,0.168787167,0.168787167,0.168787167,NA,MTBLS11904,Up in PD,1,FALSE,FALSE
IK_JKIFWWSPZOSHGE-UHFFFAOYSA-N,6-Hydroxyheptanoylcarnitine,6-Hydroxyheptanoylcarnitine,JKIFWWSPZOSHGE-UHFFFAOYSA-N,C14H27NO5,1,1,1,0,0.168687509,0.168687509,0.168687509,NA,MTBLS11904,Up in PD,1,FALSE,FALSE
IK_YUVPOZFUVRRVLD-FCQUAONHSA-N,SM 20:0;2O/21:1,SM 20:0;2O/21:1,YUVPOZFUVRRVLD-FCQUAONHSA-N,C46H93N2O6P,1,1,0,1,-0.168122759,-0.168122759,0.168122759,0.00358,37755270,Down in PD,1,FALSE,FALSE
IK_DYUGTPXLDJQBRB-UHFFFAOYSA-N,Myristoylglycine,Myristoylglycine,DYUGTPXLDJQBRB-UHFFFAOYSA-N,C16H31NO3,1,1,1,0,0.167956685,0.167956685,0.167956685,NA,MTBLS11904,Up in PD,1,FALSE,FALSE
IK_WWUZIQQURGPMPG-KRWOKUGFSA-N,Sphingosine,Sphingosine,WWUZIQQURGPMPG-KRWOKUGFSA-N,C18H37NO2,1,1,0,1,-0.167923465,-0.167923465,0.167923465,NA,MTBLS11904,Down in PD,1,FALSE,FALSE
IK_NMDWGEGFJUBKLB-YFKPBYRVSA-N,(S)-2-Acetolactate,(S)-2-Acetolactate,NMDWGEGFJUBKLB-YFKPBYRVSA-N,C5H8O4,1,1,0,1,-0.167857027,-0.167857027,0.167857027,NA,MTBLS11904,Down in PD,1,FALSE,FALSE
IK_XVQDCCGQSOTQBN-RXCALXPUSA-N,"12'-Apo-b-carotene-3,12'-diol","12'-Apo-b-carotene-3,12'-diol",XVQDCCGQSOTQBN-RXCALXPUSA-N,C25H36O2,1,1,1,0,0.16722586,0.16722586,0.16722586,NA,MTBLS11904,Up in PD,1,FALSE,FALSE
IK_NGSWBLPYWNRZHV-FUJSRDAWSA-N,"PE-NMe2(14:1(9Z)/22:5(7Z,10Z,13Z,16Z,19Z))","PE-NMe2(14:1(9Z)/22:5(7Z,10Z,13Z,16Z,19Z))",NGSWBLPYWNRZHV-FUJSRDAWSA-N,C43H74NO8P,1,1,0,1,-0.167192641,-0.167192641,0.167192641,NA,MTBLS11904,Down in PD,1,FALSE,FALSE
IK_JGUNZIWGNMQSBM-UINYOVNOSA-N,9(S)-HpODE,9(S)-HpODE,JGUNZIWGNMQSBM-UINYOVNOSA-N,C18H32O4,1,1,1,0,0.167026545,0.167026545,0.167026545,NA,MTBLS11904,Up in PD,1,FALSE,FALSE
IK_XOMRRQXKHMYMOC-OAQYLSRUSA-N,L-Palmitoylcarnitine,L-Palmitoylcarnitine,XOMRRQXKHMYMOC-OAQYLSRUSA-N,C23H45NO4,1,1,0,1,-0.166926887,-0.166926887,0.166926887,NA,MTBLS11904,Down in PD,1,FALSE,FALSE
IK_DZHSPYMHDVROSM-UHFFFAOYSA-N,3-Oxododecanoic acid,3-Oxododecanoic acid,DZHSPYMHDVROSM-UHFFFAOYSA-N,C12H22O3,1,1,1,0,0.166727571,0.166727571,0.166727571,NA,MTBLS11904,Up in PD,1,FALSE,FALSE
IK_AVFZOVWCLRSYKC-UHFFFAOYSA-N,1-Methylpyrrolidine,1-Methylpyrrolidine,AVFZOVWCLRSYKC-UHFFFAOYSA-N,C5H11N,1,1,0,1,-0.166428598,-0.166428598,0.166428598,NA,MTBLS11904,Down in PD,1,FALSE,FALSE
IK_ZOJBSSVHFSBHMP-JJJSWPRASA-N,PC(22:4/0:0),"PC(22:4/0:0) | LysoPC(22:4(7Z,10Z,13Z,16Z)/0:0)",ZOJBSSVHFSBHMP-JJJSWPRASA-N,C30H54NO7P,1,1,1,0,0.16629572,0.16629572,0.16629572,NA,MTBLS11904,Up in PD,1,FALSE,FALSE
IK_ZXVONLUNISGICL-UHFFFAOYSA-N,DNOC,DNOC,ZXVONLUNISGICL-UHFFFAOYSA-N,C7H6N2O5,1,1,1,0,0.16629572,0.16629572,0.16629572,NA,MTBLS11904,Up in PD,1,FALSE,FALSE
IK_OVOCLWJUABOAPL-UHFFFAOYSA-N,5-Methyl-2-furancarboxylic acid,5-Methyl-2-furancarboxylic acid,OVOCLWJUABOAPL-UHFFFAOYSA-N,C6H6O3,1,1,0,1,-0.166162843,-0.166162843,0.166162843,NA,MTBLS11904,Down in PD,1,FALSE,FALSE
IK_JCGMJARSAZGXHM-UHFFFAOYSA-N,"3-Hydroxy-6,8-dimethoxy-7(11)-eremophilen-12,8-olide","3-Hydroxy-6,8-dimethoxy-7(11)-eremophilen-12,8-olide",JCGMJARSAZGXHM-UHFFFAOYSA-N,C17H26O5,1,1,1,0,0.165697773,0.165697773,0.165697773,NA,MTBLS11904,Up in PD,1,FALSE,FALSE
IK_JYGLAHSAISAEAL-UHFFFAOYSA-N,Diphacinone,Diphacinone,JYGLAHSAISAEAL-UHFFFAOYSA-N,C23H16O3,1,1,1,0,0.165697773,0.165697773,0.165697773,NA,MTBLS11904,Up in PD,1,FALSE,FALSE
IK_CCCIJQPRIXGQOE-XWSJACJDSA-N,Methyltrienolone,Methyltrienolone,CCCIJQPRIXGQOE-XWSJACJDSA-N,C19H24O2,1,1,1,0,0.165564896,0.165564896,0.165564896,NA,MTBLS11904,Up in PD,1,FALSE,FALSE
IK_HDOVUKNUBWVHOX-QMMMGPOBSA-N,Valaciclovir,Valaciclovir,HDOVUKNUBWVHOX-QMMMGPOBSA-N,C13H20N6O4,1,1,0,1,-0.165432019,-0.165432019,0.165432019,NA,MTBLS11904,Down in PD,1,FALSE,FALSE
IK_RGJHRVMTLGLFPX-UHFFFAOYSA-N,"1-(3-Pyridinyl)-1,4-butanediol","1-(3-Pyridinyl)-1,4-butanediol",RGJHRVMTLGLFPX-UHFFFAOYSA-N,C9H13NO2,1,1,1,0,0.165199484,0.165199484,0.165199484,NA,MTBLS11904,Up in PD,1,FALSE,FALSE
IK_VYUIKSFYFRVQLF-YLNAYWRASA-N,Castasterone,Castasterone,VYUIKSFYFRVQLF-YLNAYWRASA-N,C28H48O5,1,1,1,0,0.164634756,0.164634756,0.164634756,NA,MTBLS11904,Up in PD,1,FALSE,FALSE
IK_GEPIUXLNBAZTAN-IAHWHINTSA-N,SM(d16:1/TXB2),SM(d16:1/TXB2),GEPIUXLNBAZTAN-IAHWHINTSA-N,C41H77N2O10P,1,1,0,1,-0.164568318,-0.164568318,0.164568318,NA,MTBLS11904,Down in PD,1,FALSE,FALSE
IK_MVPPADPHJFYWMZ-UHFFFAOYSA-N,Chlorobenzene,Chlorobenzene,MVPPADPHJFYWMZ-UHFFFAOYSA-N,C6H5Cl,1,1,1,0,0.164202906,0.164202906,0.164202906,NA,MTBLS11904,Up in PD,1,FALSE,FALSE
IK_YHFPHRUWZMEOIX-CYDGBPFRSA-N,Ile-Val-Val,Ile-Val-Val,YHFPHRUWZMEOIX-CYDGBPFRSA-N,C16H31N3O4,1,1,0,1,-0.164036809,-0.164036809,0.164036809,NA,MTBLS11904,Down in PD,1,FALSE,FALSE
IK_IBZYPBGPOGJMBF-QRHMYKSGSA-N,N-Jasmonoylisoleucine,N-Jasmonoylisoleucine,IBZYPBGPOGJMBF-QRHMYKSGSA-N,C18H29NO4,1,1,0,1,-0.163771055,-0.163771055,0.163771055,NA,MTBLS11904,Down in PD,1,FALSE,FALSE
IK_KDPFMRXIVDLQKX-ISGXEFFDSA-N,Curdione,Curdione,KDPFMRXIVDLQKX-ISGXEFFDSA-N,C15H24O2,1,1,1,0,0.16353852,0.16353852,0.16353852,NA,MTBLS11904,Up in PD,1,FALSE,FALSE
IK_DFMCTODOEICLEB-UHFFFAOYSA-N,6-Hydroxy-4-methoxy-3-(3-methyl-2-butenyl)-2-(2-phenylethenyl)benzoic acid,6-Hydroxy-4-methoxy-3-(3-methyl-2-butenyl)-2-(2-phenylethenyl)benzoic acid,DFMCTODOEICLEB-UHFFFAOYSA-N,C21H22O4,1,1,1,0,0.163239547,0.163239547,0.163239547,NA,MTBLS11904,Up in PD,1,FALSE,FALSE
IK_NLRKCXQQSUWLCH-UHFFFAOYSA-N,Nitrosobenzene,Nitrosobenzene,NLRKCXQQSUWLCH-UHFFFAOYSA-N,C6H5NO,1,1,1,0,0.163206327,0.163206327,0.163206327,NA,MTBLS11904,Up in PD,1,FALSE,FALSE
NO_INCHIKEY__glu trp,Glu Trp,Glu Trp,NA,NA,1,1,1,0,0.162874135,0.162874135,0.162874135,NA,MTBLS11904,Up in PD,1,FALSE,FALSE
IK_HLVIBBYTXSJPBE-VXKURYGYSA-N,DG(TXB2/0:0/19:0),DG(TXB2/0:0/19:0),HLVIBBYTXSJPBE-VXKURYGYSA-N,C42H76O9,1,1,0,1,-0.162575161,-0.162575161,0.162575161,NA,MTBLS11904,Down in PD,1,FALSE,FALSE
IK_SFIBBHUOEANMLY-ONWUZIRBSA-N,DG(PGJ2/0:0/2:0),DG(PGJ2/0:0/2:0),SFIBBHUOEANMLY-ONWUZIRBSA-N,C25H38O7,1,1,1,0,0.162409065,0.162409065,0.162409065,NA,MTBLS11904,Up in PD,1,FALSE,FALSE
IK_JYZJYKOZGGEXSX-UHFFFAOYSA-N,2-Hydroxymyristic Acid,2-Hydroxymyristic Acid,JYZJYKOZGGEXSX-UHFFFAOYSA-N,C14H28O3,1,1,1,0,0.161645021,0.161645021,0.161645021,NA,MTBLS11904,Up in PD,1,FALSE,FALSE
IK_PXWMAVXORZYSKF-KLMYNGQASA-N,"PC(20:3(5Z,8Z,11Z)/18:4(6Z,9Z,12Z,15Z))","PC(20:3(5Z,8Z,11Z)/18:4(6Z,9Z,12Z,15Z))",PXWMAVXORZYSKF-KLMYNGQASA-N,C46H78NO8P,1,1,1,0,0.161645021,0.161645021,0.161645021,NA,MTBLS11904,Up in PD,1,FALSE,FALSE
IK_VNBZCSKDIGCTNO-UHFFFAOYSA-N,Methyl 3b-hydroxy-13(18)-oleanen-28-oate,Methyl 3b-hydroxy-13(18)-oleanen-28-oate,VNBZCSKDIGCTNO-UHFFFAOYSA-N,C33H52O4,1,1,1,0,0.161578583,0.161578583,0.161578583,NA,MTBLS11904,Up in PD,1,FALSE,FALSE
IK_QKSASIXPZVMNOQ-FRDLTTBHSA-N,"PC(22:6(4Z,7Z,10Z,13Z,16Z,19Z)/18:4(6Z,9Z,12Z,15Z))","PC(22:6(4Z,7Z,10Z,13Z,16Z,19Z)/18:4(6Z,9Z,12Z,15Z))",QKSASIXPZVMNOQ-FRDLTTBHSA-N,C48H76NO8P,1,1,0,1,-0.161512144,-0.161512144,0.161512144,NA,MTBLS11904,Down in PD,1,FALSE,FALSE
IK_XXEPPPIWZFICOJ-UHFFFAOYSA-N,Diethylpropion,Diethylpropion,XXEPPPIWZFICOJ-UHFFFAOYSA-N,C13H19NO,1,1,1,0,0.16078132,0.16078132,0.16078132,NA,MTBLS11904,Up in PD,1,FALSE,FALSE
IK_PZPIQUZUJADGQZ-NSCUHMNNSA-N,Polyanethole-sulfate,Polyanethole-sulfate,PZPIQUZUJADGQZ-NSCUHMNNSA-N,C10H12O4S,1,1,1,0,0.160382688,0.160382688,0.160382688,NA,MTBLS11904,Up in PD,1,FALSE,FALSE
IK_MUWFEEOSXPAQIY-LQOXNGKESA-N,PE(15:0/22:1(13Z)),PE(15:0/22:1(13Z)),MUWFEEOSXPAQIY-LQOXNGKESA-N,C42H82NO8P,1,1,0,1,-0.160349469,-0.160349469,0.160349469,NA,MTBLS11904,Down in PD,1,FALSE,FALSE
IK_SXOUIMVOMIGLHO-AATRIKPKSA-N,Indoleacrylic acid,Indoleacrylic acid,SXOUIMVOMIGLHO-AATRIKPKSA-N,C11H9NO2,1,1,0,1,-0.160083715,-0.160083715,0.160083715,NA,MTBLS11904,Down in PD,1,FALSE,FALSE
IK_CLKPVQZFNYXFCY-UHFFFAOYSA-N,"1-Hydroxy-2,2,5,5-tetramethylpyrrolidine-3-carboxylic acid","1-Hydroxy-2,2,5,5-tetramethylpyrrolidine-3-carboxylic acid",CLKPVQZFNYXFCY-UHFFFAOYSA-N,C9H17NO3,1,1,1,0,0.160050496,0.160050496,0.160050496,NA,MTBLS11904,Up in PD,1,FALSE,FALSE
IK_ODAIHABQVKJNIY-PEDHHIEDSA-N,Perindoprilat,Perindoprilat,ODAIHABQVKJNIY-PEDHHIEDSA-N,C17H28N2O5,1,1,0,1,-0.159984057,-0.159984057,0.159984057,NA,MTBLS11904,Down in PD,1,FALSE,FALSE
IK_RAPKGPDUGWBPHR-QWFQJEORSA-N,"PC(18:3(9Z,12Z,15Z)/16:0)","PC(18:3(9Z,12Z,15Z)/16:0)",RAPKGPDUGWBPHR-QWFQJEORSA-N,C42H78NO8P,1,1,0,1,-0.15985118,-0.15985118,0.15985118,NA,MTBLS11904,Down in PD,1,FALSE,FALSE
IK_WVALHIPEZZNFKT-VYPHAONASA-N,"DG(20:3(6,8,11)-OH(5)/8:0/0:0)","DG(20:3(6,8,11)-OH(5)/8:0/0:0)",WVALHIPEZZNFKT-VYPHAONASA-N,C31H54O6,1,1,1,0,0.159485768,0.159485768,0.159485768,NA,MTBLS11904,Up in PD,1,FALSE,FALSE
IK_WKQNRCYKYCKESD-YVHLTTHBSA-N,PC(18:3/0:0),PC(18:3/0:0),WKQNRCYKYCKESD-YVHLTTHBSA-N,C26H48NO7P,1,1,1,0,0.159419329,0.159419329,0.159419329,NA,MTBLS11904,Up in PD,1,FALSE,FALSE
IK_QWUWMCYKGHVNAV-UHFFFAOYSA-N,"1,2-Diphenylethane","1,2-Diphenylethane | 1,2-dihydrostilbene",QWUWMCYKGHVNAV-UHFFFAOYSA-N,C14H14,1,1,1,0,0.15938611,0.15938611,0.15938611,NA,MTBLS11904,Up in PD,1,FALSE,FALSE
IK_WBBQTNCISCKUMU-IUQGRGSQSA-N,"13,16,19-Docosatrienoic acid","13,16,19-Docosatrienoic acid",WBBQTNCISCKUMU-IUQGRGSQSA-N,C22H38O2,1,1,1,0,0.159256555,0.159256555,0.159256555,NA,MTBLS11904,Up in PD,1,FALSE,FALSE
IK_MBMQEIFVQACCCH-XVNBXDOJSA-N,"(S,E)-Zearalenone","(S,E)-Zearalenone",MBMQEIFVQACCCH-XVNBXDOJSA-N,C18H22O5,1,1,1,0,0.158622067,0.158622067,0.158622067,NA,MTBLS11904,Up in PD,1,FALSE,FALSE
IK_PGFGQERXTDRVHO-SVHMSXJUSA-N,Milbemycin beta2,Milbemycin beta2,PGFGQERXTDRVHO-SVHMSXJUSA-N,C33H50O7,1,1,0,1,-0.158522409,-0.158522409,0.158522409,NA,MTBLS11904,Down in PD,1,FALSE,FALSE
IK_SGFJJNBUMXQSMU-PDBXOOCHSA-N,Glycidyl,Glycidyl,SGFJJNBUMXQSMU-PDBXOOCHSA-N,C21H34O3,1,1,1,0,0.158522409,0.158522409,0.158522409,NA,MTBLS11904,Up in PD,1,FALSE,FALSE
IK_RTUPAQBCUJORTM-UHFFFAOYSA-N,"(2,6-Dioxo-3H-purin-9-yl) pyridine-3-carboxylate","(2,6-Dioxo-3H-purin-9-yl) pyridine-3-carboxylate",RTUPAQBCUJORTM-UHFFFAOYSA-N,C11H7N5O4,1,1,0,1,-0.158323093,-0.158323093,0.158323093,NA,MTBLS11904,Down in PD,1,FALSE,FALSE
IK_SUTUBQHKZRNZRA-UHFFFAOYSA-N,Eugenin,Eugenin,SUTUBQHKZRNZRA-UHFFFAOYSA-N,C11H10O4,1,1,0,1,-0.158323093,-0.158323093,0.158323093,NA,MTBLS11904,Down in PD,1,FALSE,FALSE
IK_BJRMBXPQAMDCMG-CMJQBAFXSA-N,20-Hydroxy-leukotriene E4,20-Hydroxy-leukotriene E4,BJRMBXPQAMDCMG-CMJQBAFXSA-N,C23H37NO6S,1,1,1,0,0.158289874,0.158289874,0.158289874,NA,MTBLS11904,Up in PD,1,FALSE,FALSE
IK_XRIOEAXABJXXOB-CCZSOTCQSA-N,DG(14:1(9Z)/15:0/0:0),DG(14:1(9Z)/15:0/0:0),XRIOEAXABJXXOB-CCZSOTCQSA-N,C32H60O5,1,1,1,0,0.158123777,0.158123777,0.158123777,NA,MTBLS11904,Up in PD,1,FALSE,FALSE
IK_FYIKIBQJAJRKQM-WNCNYDOCSA-N,Linalool (8-hydroxydihydro-),Linalool (8-hydroxydihydro-),FYIKIBQJAJRKQM-WNCNYDOCSA-N,C32H42O14,1,1,0,1,-0.157625488,-0.157625488,0.157625488,NA,MTBLS11904,Down in PD,1,FALSE,FALSE
IK_CNWPIIOQKZNXBB-WBYPBBSPSA-M,"3alpha,7alpha,12alpha-trihydroxy-5beta-cholestanate","3alpha,7alpha,12alpha-trihydroxy-5beta-cholestanate",CNWPIIOQKZNXBB-WBYPBBSPSA-M,C27H45O5-,1,1,0,1,-0.157392953,-0.157392953,0.157392953,NA,MTBLS11904,Down in PD,1,FALSE,FALSE
IK_PNFUIOJRSUFFPH-VYFLHTJVSA-N,"PC(18:2(9Z,12Z)/22:4(7Z,10Z,13Z,16Z))","PC(18:2(9Z,12Z)/22:4(7Z,10Z,13Z,16Z))",PNFUIOJRSUFFPH-VYFLHTJVSA-N,C48H84NO8P,1,1,1,0,0.157326515,0.157326515,0.157326515,NA,MTBLS11904,Up in PD,1,FALSE,FALSE
IK_GVQAYSKPEXYNSE-PEHNEXDUSA-N,"PE(20:3(5Z,8Z,11Z)/20:4(5E,8Z,12Z,14Z)-OH(11R))","PE(20:3(5Z,8Z,11Z)/20:4(5E,8Z,12Z,14Z)-OH(11R))",GVQAYSKPEXYNSE-PEHNEXDUSA-N,NA,1,1,1,0,0.157293295,0.157293295,0.157293295,NA,MTBLS11904,Up in PD,1,FALSE,FALSE
IK_DZGWFCGJZKJUFP-UHFFFAOYSA-N,Tyramine,Tyramine,DZGWFCGJZKJUFP-UHFFFAOYSA-N,C8H11NO,1,1,1,0,0.157260076,0.157260076,0.157260076,NA,MTBLS11904,Up in PD,1,FALSE,FALSE
IK_NAIPAPCKKRCMBL-JYJNAYRXSA-N,Pro-Pro-Phe,Pro-Pro-Phe,NAIPAPCKKRCMBL-JYJNAYRXSA-N,C19H25N3O4,1,1,1,0,0.157160418,0.157160418,0.157160418,NA,MTBLS11904,Up in PD,1,FALSE,FALSE
IK_GQMMRLBWXCGBEV-UHFFFAOYSA-N,3-Nitrobenzaldoxime,3-Nitrobenzaldoxime,GQMMRLBWXCGBEV-UHFFFAOYSA-N,C7H6N2O3,1,1,1,0,0.15709398,0.15709398,0.15709398,NA,MTBLS11904,Up in PD,1,FALSE,FALSE
IK_BXYPVKMROLGXJI-UHFFFAOYSA-N,N'-nitrosoanabasine,N'-nitrosoanabasine,BXYPVKMROLGXJI-UHFFFAOYSA-N,C10H13N3O,1,1,1,0,0.156961103,0.156961103,0.156961103,NA,MTBLS11904,Up in PD,1,FALSE,FALSE
IK_MDZKJHQSJHYOHJ-LLICELPBSA-N,Maslinic acid,Maslinic acid,MDZKJHQSJHYOHJ-LLICELPBSA-N,C30H48O4,1,1,1,0,0.156861445,0.156861445,0.156861445,NA,MTBLS11904,Up in PD,1,FALSE,FALSE
IK_NZSAHCYFUVNLPX-UHFFFAOYSA-N,Stigmastentriol,Stigmastentriol,NZSAHCYFUVNLPX-UHFFFAOYSA-N,C29H50O3,1,1,0,1,-0.156695348,-0.156695348,0.156695348,NA,MTBLS11904,Down in PD,1,FALSE,FALSE
IK_SJWIIOUVFNZHHP-DTSZJMRKSA-N,DG(6 keto-PGF1alpha/0:0/8:0),DG(6 keto-PGF1alpha/0:0/8:0),SJWIIOUVFNZHHP-DTSZJMRKSA-N,C31H54O9,1,1,1,0,0.156197059,0.156197059,0.156197059,NA,MTBLS11904,Up in PD,1,FALSE,FALSE
IK_WXSTZZVBULFWJM-ZETCQYMHSA-N,3h-Phenylalanine,3h-Phenylalanine,WXSTZZVBULFWJM-ZETCQYMHSA-N,C9H13NO2,1,1,1,0,0.156097401,0.156097401,0.156097401,NA,MTBLS11904,Up in PD,1,FALSE,FALSE
IK_CEJUIQBITPKHHY-OWEZASBCSA-N,"PC(20:4(8Z,11Z,14Z,17Z)/18:2(9Z,12Z))","PC(20:4(8Z,11Z,14Z,17Z)/18:2(9Z,12Z))",CEJUIQBITPKHHY-OWEZASBCSA-N,C46H80NO8P,1,1,0,1,-0.1552337,-0.1552337,0.1552337,NA,MTBLS11904,Down in PD,1,FALSE,FALSE
NO_INCHIKEY__8 10 dihydroxydihydroergotamine,"8',10'-Dihydroxydihydroergotamine","8',10'-Dihydroxydihydroergotamine",NA,C33H39N5O5,1,1,1,0,0.154453593,0.154453593,0.154453593,NA,24167579,Up in PD,1,FALSE,FALSE
IK_FEFCOLGURZACFM-UHFFFAOYSA-N,(2S)-2-Amino-3-[4-[(2S)-2-amino-3-phenylpropanoyl]oxyphenyl]propanoic acid,(2S)-2-Amino-3-[4-[(2S)-2-amino-3-phenylpropanoyl]oxyphenyl]propanoic acid,FEFCOLGURZACFM-UHFFFAOYSA-N,C18H20N2O4,1,1,1,0,0.154436437,0.154436437,0.154436437,NA,MTBLS11904,Up in PD,1,FALSE,FALSE
IK_ISIJQGZVIFYXMD-QMUWONGRSA-M,Adenosyl cobinamide,Adenosyl cobinamide,ISIJQGZVIFYXMD-QMUWONGRSA-M,C58H84CoN16O11-2,1,1,0,1,-0.154203902,-0.154203902,0.154203902,NA,MTBLS11904,Down in PD,1,FALSE,FALSE
IK_DNKGWNLXBRCUCF-NLOSNHEGSA-N,"2,3-dinor-6-oxoprostaglandin F1alpha","2,3-dinor-6-oxoprostaglandin F1alpha",DNKGWNLXBRCUCF-NLOSNHEGSA-N,C18H30O6,1,1,1,0,0.153705613,0.153705613,0.153705613,NA,MTBLS11904,Up in PD,1,FALSE,FALSE
IK_BWHGMFYTDQEALD-UHFFFAOYSA-N,5-Amino-2-oxopentanoic acid,5-Amino-2-oxopentanoic acid,BWHGMFYTDQEALD-UHFFFAOYSA-N,C5H9NO3,1,1,1,0,0.153639174,0.153639174,0.153639174,NA,MTBLS11904,Up in PD,1,FALSE,FALSE
IK_DYENWMUXSKPFLC-DFLWBBLWSA-N,2-Deoxy-28-homocastasterone,2-Deoxy-28-homocastasterone,DYENWMUXSKPFLC-DFLWBBLWSA-N,C29H50O4,1,1,0,1,-0.153406639,-0.153406639,0.153406639,NA,MTBLS11904,Down in PD,1,FALSE,FALSE
IK_PFTAWBLQPZVEMU-AFYYWNPRSA-N,L-Epicatechol,L-Epicatechol,PFTAWBLQPZVEMU-AFYYWNPRSA-N,C15H14O6,1,1,1,0,0.153340201,0.153340201,0.153340201,NA,MTBLS11904,Up in PD,1,FALSE,FALSE
IK_NTFDCJZOSZKJBK-MINGAGCFSA-N,"PE-NMe(18:4(6Z,9Z,12Z,15Z)/22:4(7Z,10Z,13Z,16Z))","PE-NMe(18:4(6Z,9Z,12Z,15Z)/22:4(7Z,10Z,13Z,16Z))",NTFDCJZOSZKJBK-MINGAGCFSA-N,C46H76NO8P,1,1,0,1,-0.153107666,-0.153107666,0.153107666,NA,MTBLS11904,Down in PD,1,FALSE,FALSE
IK_INHVGPIPHZJQOP-ZNMIVQPWSA-N,Koninginin E,Koninginin E,INHVGPIPHZJQOP-ZNMIVQPWSA-N,C16H26O4,1,1,1,0,0.152775473,0.152775473,0.152775473,NA,MTBLS11904,Up in PD,1,FALSE,FALSE
IK_UDYIPZFWVJJQJF-KQPZCCJBSA-N,Demethylphylloquinone,Demethylphylloquinone,UDYIPZFWVJJQJF-KQPZCCJBSA-N,C30H44O2,1,1,1,0,0.152576157,0.152576157,0.152576157,NA,MTBLS11904,Up in PD,1,FALSE,FALSE
IK_RJTYSXVYCZAUHE-UHFFFAOYSA-N,4-hydroxybenzoic acid-4-O-sulphate,4-hydroxybenzoic acid-4-O-sulphate,RJTYSXVYCZAUHE-UHFFFAOYSA-N,C7H6O6S,1,1,0,1,-0.152111088,-0.152111088,0.152111088,NA,MTBLS11904,Down in PD,1,FALSE,FALSE
UNKNOWN_ROW__24167579__unknown_116,unknown_116,unknown_116,NA,NA,1,1,0,1,-0.152003093,-0.152003093,0.152003093,NA,24167579,Down in PD,1,FALSE,FALSE
IK_COCNDHOPIHDTHK-UHFFFAOYSA-N,Methoxyindoleacetic acid,Methoxyindoleacetic acid | 5-Methoxyindoleacetate,COCNDHOPIHDTHK-UHFFFAOYSA-N,C11H11NO3,1,1,1,0,0.151646018,0.151646018,0.151646018,NA,MTBLS11904,Up in PD,1,FALSE,FALSE
IK_ZLIGRGHTISHYNH-WUXMJOGZSA-N,(E)-indol-3-ylacetaldoxime,(E)-indol-3-ylacetaldoxime,ZLIGRGHTISHYNH-WUXMJOGZSA-N,C10H10N2O,1,1,0,1,-0.15134704399999999,-0.15134704399999999,0.15134704399999999,NA,MTBLS11904,Down in PD,1,FALSE,FALSE
IK_ZJAZCYLYLVCSNH-JHJVBQTASA-N,Tetranor-PGEM,Tetranor-PGEM,ZJAZCYLYLVCSNH-JHJVBQTASA-N,C16H24O7,1,1,1,0,0.150981632,0.150981632,0.150981632,NA,MTBLS11904,Up in PD,1,FALSE,FALSE
IK_IBAQFPQHRJAVAV-ULAWRXDQSA-N,Miglitol,Miglitol,IBAQFPQHRJAVAV-ULAWRXDQSA-N,C8H17NO5,1,1,1,0,0.150782316,0.150782316,0.150782316,NA,MTBLS11904,Up in PD,1,FALSE,FALSE
IK_FHENRYRLCPXONH-LDLOPFEMSA-N,PC 33:0,PC 33:0,FHENRYRLCPXONH-LDLOPFEMSA-N,C41H82NO8P,1,1,1,0,0.150559677,0.150559677,0.150559677,0.0264,37755270,Up in PD,1,FALSE,FALSE
IK_IGRHJCFWWOQYQE-SYQHCUMBSA-N,Tetranor-PGFM,Tetranor-PGFM,IGRHJCFWWOQYQE-SYQHCUMBSA-N,C16H26O7,1,1,1,0,0.150250808,0.150250808,0.150250808,NA,MTBLS11904,Up in PD,1,FALSE,FALSE
IK_LKICWTKOZJNCQH-AATRIKPKSA-N,(12E)-10-Hydroxytetradec-12-enoylcarnitine,(12E)-10-Hydroxytetradec-12-enoylcarnitine,LKICWTKOZJNCQH-AATRIKPKSA-N,C21H39NO5,1,1,1,0,0.149885396,0.149885396,0.149885396,NA,MTBLS11904,Up in PD,1,FALSE,FALSE
IK_QWZIITCYKKSZGN-UHFFFAOYSA-N,Xi-3-Hydroxy-2-oxobutanoic acid,Xi-3-Hydroxy-2-oxobutanoic acid,QWZIITCYKKSZGN-UHFFFAOYSA-N,C4H6O4,1,1,0,1,-0.149818957,-0.149818957,0.149818957,NA,MTBLS11904,Down in PD,1,FALSE,FALSE
IK_HEGSGKPQLMEBJL-RKQHYHRCSA-N,B-Octylglucoside,B-Octylglucoside,HEGSGKPQLMEBJL-RKQHYHRCSA-N,C14H28O6,1,1,1,0,0.149785738,0.149785738,0.149785738,NA,MTBLS11904,Up in PD,1,FALSE,FALSE
IK_JAQZKPHHLRTVCY-ZHRKTGFNSA-N,Soyasapogenol D,Soyasapogenol D,JAQZKPHHLRTVCY-ZHRKTGFNSA-N,C31H52O3,1,1,0,1,-0.149287449,-0.149287449,0.149287449,NA,MTBLS11904,Down in PD,1,FALSE,FALSE
IK_WBYWAXJHAXSJNI-VOTSOKGWSA-N,Cinnamic acid,Cinnamic acid | Trans-Cinnamic Acid,WBYWAXJHAXSJNI-VOTSOKGWSA-N,C9H8O2,1,1,1,0,0.14922101,0.14922101,0.14922101,NA,MTBLS11904,Up in PD,1,FALSE,FALSE
IK_BJPPZTDOLXZUSK-FRVQLJSFSA-N,"N-[(3a,5b,7a,12a)-3,12-dihydroxy-24-oxo-7-(sulfooxy)cholan-24-yl]-Glycine","N-[(3a,5b,7a,12a)-3,12-dihydroxy-24-oxo-7-(sulfooxy)cholan-24-yl]-Glycine",BJPPZTDOLXZUSK-FRVQLJSFSA-N,C26H43NO9S,1,1,1,0,0.149154572,0.149154572,0.149154572,NA,MTBLS11904,Up in PD,1,FALSE,FALSE
IK_FMOWGHRAYUFXIG-UHFFFAOYSA-N,Zymonic acid,Zymonic acid,FMOWGHRAYUFXIG-UHFFFAOYSA-N,C6H6O5,1,1,1,0,0.148955256,0.148955256,0.148955256,NA,MTBLS11904,Up in PD,1,FALSE,FALSE
IK_YOILXOMTHPUMRG-TZMCWYRMSA-N,"(4Ar,10bR)-rel-4-Propyl-2,3,4,4a,5,10b-hexahydrochromeno[4,3-b][1,4]oxazin-9-ol","(4Ar,10bR)-rel-4-Propyl-2,3,4,4a,5,10b-hexahydrochromeno[4,3-b][1,4]oxazin-9-ol",YOILXOMTHPUMRG-TZMCWYRMSA-N,C14H19NO3,1,1,0,1,-0.148689502,-0.148689502,0.148689502,NA,MTBLS11904,Down in PD,1,FALSE,FALSE
IK_GXQHCJRGIJYVTF-TWHMOVIGSA-N,"PS(20:0/20:3(8Z,11Z,14Z)-2OH(5,6))","PS(20:0/20:3(8Z,11Z,14Z)-2OH(5,6))",GXQHCJRGIJYVTF-TWHMOVIGSA-N,C46H84NO12P,1,1,1,0,0.148324089,0.148324089,0.148324089,NA,MTBLS11904,Up in PD,1,FALSE,FALSE
IK_YLFRRPUBVUAHSR-RRPFGEQOSA-N,"3beta-Hydroxypregna-5,16-dien-20-one","3beta-Hydroxypregna-5,16-dien-20-one",YLFRRPUBVUAHSR-RRPFGEQOSA-N,C21H30O2,1,1,1,0,0.14829087,0.14829087,0.14829087,NA,MTBLS11904,Up in PD,1,FALSE,FALSE
IK_JAZBEHYOTPTENJ-RCHUDCCISA-N,Eicosapentaenoic Acid,Eicosapentaenoic Acid,JAZBEHYOTPTENJ-RCHUDCCISA-N,C20H30O2,1,1,0,1,-0.147892239,-0.147892239,0.147892239,NA,MTBLS11904,Down in PD,1,FALSE,FALSE
IK_FIHAYSQZVJSSFG-JJGVKMCQSA-N,"PE-NMe2(15:0/20:4(8Z,11Z,14Z,17Z))","PE-NMe2(15:0/20:4(8Z,11Z,14Z,17Z))",FIHAYSQZVJSSFG-JJGVKMCQSA-N,C42H76NO8P,1,1,0,1,-0.14785902,-0.14785902,0.14785902,NA,MTBLS11904,Down in PD,1,FALSE,FALSE
IK_SXFSQZDSUWACKX-UHFFFAOYSA-N,2-Oxo-4-methylthiobutanoic acid,2-Oxo-4-methylthiobutanoic acid,SXFSQZDSUWACKX-UHFFFAOYSA-N,C5H8O3S,1,1,1,0,0.1478258,0.1478258,0.1478258,NA,MTBLS11904,Up in PD,1,FALSE,FALSE
IK_VQDBNKDJNJQRDG-UHFFFAOYSA-N,Pirbuterol,Pirbuterol,VQDBNKDJNJQRDG-UHFFFAOYSA-N,C12H20N2O3,1,1,1,0,0.147593265,0.147593265,0.147593265,NA,MTBLS11904,Up in PD,1,FALSE,FALSE
IK_VAOOAPRSEDZAEV-JFECCKQBSA-N,Isoscoparin 4'-glucoside,Isoscoparin 4'-glucoside,VAOOAPRSEDZAEV-JFECCKQBSA-N,C28H32O16,1,1,1,0,0.147327511,0.147327511,0.147327511,NA,MTBLS11904,Up in PD,1,FALSE,FALSE
IK_DLDJFQGPPSQZKI-UHFFFAOYSA-N,"2-Butyne-1,4-diol","2-Butyne-1,4-diol",DLDJFQGPPSQZKI-UHFFFAOYSA-N,C4H6O2,1,1,1,0,0.147261072,0.147261072,0.147261072,NA,MTBLS11904,Up in PD,1,FALSE,FALSE
IK_PQMUUZGBMZBJSD-KNFYMXGFSA-N,Biotripyrrin-b,Biotripyrrin-b,PQMUUZGBMZBJSD-KNFYMXGFSA-N,C25H27N3O6,1,1,1,0,0.147128195,0.147128195,0.147128195,NA,MTBLS11904,Up in PD,1,FALSE,FALSE
IK_FKUYMLZIRPABFK-IQSNHBBHSA-N,Plastoquinone,Plastoquinone,FKUYMLZIRPABFK-IQSNHBBHSA-N,C53H80O2,1,1,1,0,0.14692888,0.14692888,0.14692888,NA,MTBLS11904,Up in PD,1,FALSE,FALSE
IK_DNKQGUYVWUAYIE-QISQUURKSA-N,Idoxanthin,Idoxanthin,DNKQGUYVWUAYIE-QISQUURKSA-N,C40H54O4,1,1,1,0,0.146862441,0.146862441,0.146862441,NA,MTBLS11904,Up in PD,1,FALSE,FALSE
IK_CMUNUTVVOOHQPW-LURJTMIESA-N,Proline betaine,Proline betaine,CMUNUTVVOOHQPW-LURJTMIESA-N,C7H13NO2,1,1,1,0,0.14643059,0.14643059,0.14643059,NA,MTBLS11904,Up in PD,1,FALSE,FALSE
IK_PYUSHNKNPOHWEZ-YFKPBYRVSA-N,N-Formyl-L-Methionine,N-Formyl-L-Methionine,PYUSHNKNPOHWEZ-YFKPBYRVSA-N,C6H11NO3S,1,1,0,1,-0.14643059,-0.14643059,0.14643059,NA,MTBLS11904,Down in PD,1,FALSE,FALSE
IK_FVTVMQPGKVHSEY-UHFFFAOYSA-N,1-AMINOCYCLOBUTANE CARBOXYLIC ACID,1-AMINOCYCLOBUTANE CARBOXYLIC ACID,FVTVMQPGKVHSEY-UHFFFAOYSA-N,C5H9NO2,1,1,1,0,0.146364152,0.146364152,0.146364152,NA,MTBLS11904,Up in PD,1,FALSE,FALSE
IK_JFDNMLUPLXZXGV-RKAGECJXSA-N,12-Hydroxyjasmonic acid glucoside,12-Hydroxyjasmonic acid glucoside,JFDNMLUPLXZXGV-RKAGECJXSA-N,C18H28O9,1,1,1,0,0.14599874,0.14599874,0.14599874,NA,MTBLS11904,Up in PD,1,FALSE,FALSE
IK_VXQBJTKSVGFQOL-UHFFFAOYSA-N,2-(2-Butoxyethoxy)ethyl acetate,2-(2-Butoxyethoxy)ethyl acetate,VXQBJTKSVGFQOL-UHFFFAOYSA-N,C10H20O4,1,1,1,0,0.14599874,0.14599874,0.14599874,NA,MTBLS11904,Up in PD,1,FALSE,FALSE
IK_RJNRORZRFGUAKL-ADMBVFOFSA-N,Therafectin,Therafectin,RJNRORZRFGUAKL-ADMBVFOFSA-N,C14H28ClNO6,1,1,1,0,0.145965521,0.145965521,0.145965521,NA,MTBLS11904,Up in PD,1,FALSE,FALSE
IK_WCQFXNQALHURHS-BUHFOSPRSA-N,[12]-Shogaol,[12]-Shogaol,WCQFXNQALHURHS-BUHFOSPRSA-N,C23H36O3,1,1,1,0,0.145965521,0.145965521,0.145965521,NA,MTBLS11904,Up in PD,1,FALSE,FALSE
IK_CTNFAVGEWRZODU-SESCJMQFSA-N,"PE-NMe2(15:0/18:2(9Z,12Z))","PE-NMe2(15:0/18:2(9Z,12Z))",CTNFAVGEWRZODU-SESCJMQFSA-N,C40H76NO8P,1,1,0,1,-0.145865863,-0.145865863,0.145865863,NA,MTBLS11904,Down in PD,1,FALSE,FALSE
IK_ANGCIHCSPJLGME-UHFFFAOYSA-N,Physalolactone B,Physalolactone B,ANGCIHCSPJLGME-UHFFFAOYSA-N,C30H44O6,1,1,1,0,0.145832643,0.145832643,0.145832643,NA,MTBLS11904,Up in PD,1,FALSE,FALSE
IK_ZPZUGHMDLKWJOU-LMSYVIICSA-N,Tanacetol A,Tanacetol A,ZPZUGHMDLKWJOU-LMSYVIICSA-N,C17H26O4,1,1,1,0,0.145699766,0.145699766,0.145699766,NA,MTBLS11904,Up in PD,1,FALSE,FALSE
IK_HJJVPARKXDDIQD-UHFFFAOYSA-N,Bromuconazole,Bromuconazole,HJJVPARKXDDIQD-UHFFFAOYSA-N,C13H12BrCl2N3O,1,1,1,0,0.145351386,0.145351386,0.145351386,NA,24167579,Up in PD,1,FALSE,FALSE
IK_CZKPOZZJODAYPZ-LROMGURASA-N,Eptifibatide,Eptifibatide,CZKPOZZJODAYPZ-LROMGURASA-N,C35H49N11O9S2,1,1,0,1,-0.145267916,-0.145267916,0.145267916,NA,MTBLS11904,Down in PD,1,FALSE,FALSE
IK_RDOFJDLLWVCMRU-UHFFFAOYSA-N,Diisobutyl adipate,Diisobutyl adipate,RDOFJDLLWVCMRU-UHFFFAOYSA-N,C14H26O4,1,1,1,0,0.145201477,0.145201477,0.145201477,NA,MTBLS11904,Up in PD,1,FALSE,FALSE
IK_XGWNSZFVLRVRKZ-UHFFFAOYSA-N,"3-(3,5-Dichlorophenyl)-4-hydroxy-1,3-thiazol-2-one","3-(3,5-Dichlorophenyl)-4-hydroxy-1,3-thiazol-2-one",XGWNSZFVLRVRKZ-UHFFFAOYSA-N,C9H5Cl2NO2S,1,1,1,0,0.145168258,0.145168258,0.145168258,NA,MTBLS11904,Up in PD,1,FALSE,FALSE
IK_NMDWGEGFJUBKLB-UHFFFAOYSA-N,2-Acetolactate,2-Acetolactate,NMDWGEGFJUBKLB-UHFFFAOYSA-N,C5H8O4,1,1,0,1,-0.1450686,-0.1450686,0.1450686,NA,MTBLS11904,Down in PD,1,FALSE,FALSE
IK_QELSKZZBTMNZEB-UHFFFAOYSA-N,Propylparaben,Propylparaben,QELSKZZBTMNZEB-UHFFFAOYSA-N,C10H12O3,1,1,1,0,0.145035381,0.145035381,0.145035381,NA,MTBLS11904,Up in PD,1,FALSE,FALSE
IK_RJWJHRPNHPHBRN-FKVJWERZSA-N,Aucubin,Aucubin,RJWJHRPNHPHBRN-FKVJWERZSA-N,C15H22O9,1,1,1,0,0.144636749,0.144636749,0.144636749,NA,MTBLS11904,Up in PD,1,FALSE,FALSE
IK_QFXOXDSHNXAFEY-SREVYHEPSA-N,(Z)-4-Hydroxy-6-dodecenoic acid lactone,(Z)-4-Hydroxy-6-dodecenoic acid lactone,QFXOXDSHNXAFEY-SREVYHEPSA-N,C12H20O2,1,1,1,0,0.144304556,0.144304556,0.144304556,NA,MTBLS11904,Up in PD,1,FALSE,FALSE
IK_CYUZOYPRAQASLN-UHFFFAOYSA-N,2-Carboxyethyl acrylate,2-Carboxyethyl acrylate,CYUZOYPRAQASLN-UHFFFAOYSA-N,C6H8O4,1,1,0,1,-0.14413846,-0.14413846,0.14413846,NA,MTBLS11904,Down in PD,1,FALSE,FALSE
IK_RTZKSTLPRTWFEV-QWHCGFSZSA-N,Rubschisandrin,Rubschisandrin,RTZKSTLPRTWFEV-QWHCGFSZSA-N,C23H28O6,1,1,0,1,-0.144072022,-0.144072022,0.144072022,NA,MTBLS11904,Down in PD,1,FALSE,FALSE
IK_BXZVVICBKDXVGW-NKWVEPMBSA-N,Didanosine,Didanosine,BXZVVICBKDXVGW-NKWVEPMBSA-N,C10H12N4O3,1,1,1,0,0.143474074,0.143474074,0.143474074,NA,MTBLS11904,Up in PD,1,FALSE,FALSE
IK_DMQQXDPCRUGSQB-UHFFFAOYSA-N,Trimethylenediaminetetraacetic acid,Trimethylenediaminetetraacetic acid,DMQQXDPCRUGSQB-UHFFFAOYSA-N,C11H18N2O8,1,1,0,1,-0.142676812,-0.142676812,0.142676812,NA,MTBLS11904,Down in PD,1,FALSE,FALSE
IK_OSCCDBFHNMXNME-UHFFFAOYSA-N,"(2R,3R,4R)-2-Amino-4-hydroxy-3-methylpentanoic acid","(2R,3R,4R)-2-Amino-4-hydroxy-3-methylpentanoic acid",OSCCDBFHNMXNME-UHFFFAOYSA-N,C6H13NO3,1,1,1,0,0.142543935,0.142543935,0.142543935,NA,MTBLS11904,Up in PD,1,FALSE,FALSE
IK_OZLOIIJWJZXAQV-YUDAYSKTSA-N,"PE(20:4(5Z,8Z,11Z,13E)-OH(15S)/22:1(13Z))","PE(20:4(5Z,8Z,11Z,13E)-OH(15S)/22:1(13Z))",OZLOIIJWJZXAQV-YUDAYSKTSA-N,C47H84NO9P,1,1,1,0,0.142411057,0.142411057,0.142411057,NA,MTBLS11904,Up in PD,1,FALSE,FALSE
IK_ZTQSAGDEMFDKMZ-UHFFFAOYSA-N,Butanal,Butanal,ZTQSAGDEMFDKMZ-UHFFFAOYSA-N,C4H8O,1,1,1,0,0.142411057,0.142411057,0.142411057,NA,MTBLS11904,Up in PD,1,FALSE,FALSE
IK_WEWBWVMTOYUPHH-QHAQEBJBSA-N,Lotaustralin,Lotaustralin,WEWBWVMTOYUPHH-QHAQEBJBSA-N,C11H19NO6,1,1,0,1,-0.14227818,-0.14227818,0.14227818,NA,MTBLS11904,Down in PD,1,FALSE,FALSE
IK_HZCLJRFPXMKWHR-FEBLJDHQSA-N,SM(d18:1/12:0),SM(d18:1/12:0),HZCLJRFPXMKWHR-FEBLJDHQSA-N,C35H71N2O6P,1,1,0,1,-0.142145303,-0.142145303,0.142145303,NA,MTBLS11904,Down in PD,1,FALSE,FALSE
IK_VWEHHIHNZFXYIU-NAJHMEIQSA-N,3-epi-2-Deoxy-25-methyldolichosterone,3-epi-2-Deoxy-25-methyldolichosterone,VWEHHIHNZFXYIU-NAJHMEIQSA-N,C29H48O4,1,1,0,1,-0.142145303,-0.142145303,0.142145303,NA,MTBLS11904,Down in PD,1,FALSE,FALSE
IK_ATFNSNUJZOYXFC-RQJHMYQMSA-N,Terreic acid,Terreic acid,ATFNSNUJZOYXFC-RQJHMYQMSA-N,C7H6O4,1,1,1,0,0.142112084,0.142112084,0.142112084,NA,MTBLS11904,Up in PD,1,FALSE,FALSE
IK_DKEXFJVMVGETOO-LURJTMIESA-N,Glycyl-leucine,Glycyl-leucine,DKEXFJVMVGETOO-LURJTMIESA-N,C8H16N2O3,1,1,1,0,0.142112084,0.142112084,0.142112084,NA,MTBLS11904,Up in PD,1,FALSE,FALSE
IK_MWBWWFOAEOYUST-UHFFFAOYSA-N,2-Aminopurine,2-Aminopurine,MWBWWFOAEOYUST-UHFFFAOYSA-N,C5H5N5,1,1,1,0,0.141945988,0.141945988,0.141945988,NA,MTBLS11904,Up in PD,1,FALSE,FALSE
IK_QIOYMVALOOEDDF-UHFFFAOYSA-N,3-Methylsuberic acid,3-Methylsuberic acid,QIOYMVALOOEDDF-UHFFFAOYSA-N,C9H16O4,1,1,1,0,0.141912768,0.141912768,0.141912768,NA,MTBLS11904,Up in PD,1,FALSE,FALSE
IK_YQYUWUKDEVZFDB-UHFFFAOYSA-N,"5-Methoxy-3,4-methylenedioxyamphetamine","5-Methoxy-3,4-methylenedioxyamphetamine",YQYUWUKDEVZFDB-UHFFFAOYSA-N,C11H15NO3,1,1,1,0,0.14184633,0.14184633,0.14184633,NA,MTBLS11904,Up in PD,1,FALSE,FALSE
IK_ILCLBYYAGZLAGC-UHFFFAOYSA-N,"8-Chloro-2,3,4,9-Tetrahydro-1h-Beta-Carbolin-1-one","8-Chloro-2,3,4,9-Tetrahydro-1h-Beta-Carbolin-1-one",ILCLBYYAGZLAGC-UHFFFAOYSA-N,C11H9ClN2O,1,1,0,1,-0.14181311,-0.14181311,0.14181311,NA,MTBLS11904,Down in PD,1,FALSE,FALSE
IK_AGGWFDNPHKLBBV-YUMQZZPRSA-N,Val-Cit,Val-Cit,AGGWFDNPHKLBBV-YUMQZZPRSA-N,C11H22N4O4,1,1,0,1,-0.141647014,-0.141647014,0.141647014,NA,MTBLS11904,Down in PD,1,FALSE,FALSE
IK_FONIWJIDLJEJTL-UHFFFAOYSA-N,N8-Acetylspermidine,N8-Acetylspermidine | Acetylspermidine,FONIWJIDLJEJTL-UHFFFAOYSA-N,C9H21N3O,1,1,1,0,0.141432791,0.141432791,0.141432791,NA,24167579,Up in PD,1,FALSE,FALSE
IK_NAYOYSKSFGMFOB-LURJTMIESA-N,S-(2-Hydroxyethyl)-N-acetyl-L-cysteine,S-(2-Hydroxyethyl)-N-acetyl-L-cysteine,NAYOYSKSFGMFOB-LURJTMIESA-N,C7H13NO4S,1,1,1,0,0.141432791,0.141432791,0.141432791,NA,24167579,Up in PD,1,FALSE,FALSE
IK_NPDLYUOYAGBHFB-WDSKDSINSA-N,Asparaginylarginine,Asparaginylarginine,NPDLYUOYAGBHFB-WDSKDSINSA-N,C10H20N6O4,1,1,0,1,-0.141281602,-0.141281602,0.141281602,NA,MTBLS11904,Down in PD,1,FALSE,FALSE
IK_NZNWCYFBFHHMLM-UHFFFAOYSA-N,(S)-alpha-Terpinyl glucoside,(S)-alpha-Terpinyl glucoside,NZNWCYFBFHHMLM-UHFFFAOYSA-N,C16H28O6,1,1,0,1,-0.141281602,-0.141281602,0.141281602,NA,MTBLS11904,Down in PD,1,FALSE,FALSE
IK_WPTTVJLTNAWYAO-KPOXMGGZSA-N,Bardoxolone methyl,Bardoxolone methyl,WPTTVJLTNAWYAO-KPOXMGGZSA-N,C32H43NO4,1,1,1,0,0.141281602,0.141281602,0.141281602,NA,MTBLS11904,Up in PD,1,FALSE,FALSE
IK_DFNZHOWEYYDHLO-XMMPIXPASA-N,PA(10:0/i-13:0),PA(10:0/i-13:0),DFNZHOWEYYDHLO-XMMPIXPASA-N,C26H51O8P,1,1,1,0,0.140849751,0.140849751,0.140849751,NA,MTBLS11904,Up in PD,1,FALSE,FALSE
IK_ISAVYTVYFVQUDY-UHFFFAOYSA-N,"4-(1,1,3,3-Tetramethylbutyl)-phenol","4-(1,1,3,3-Tetramethylbutyl)-phenol",ISAVYTVYFVQUDY-UHFFFAOYSA-N,C14H22O,1,1,1,0,0.140849751,0.140849751,0.140849751,NA,MTBLS11904,Up in PD,1,FALSE,FALSE
IK_VLIUMVVQGMLOJG-SEBNEYGDSA-N,Daucol,Daucol,VLIUMVVQGMLOJG-SEBNEYGDSA-N,C15H26O2,1,1,0,1,-0.140783313,-0.140783313,0.140783313,NA,MTBLS11904,Down in PD,1,FALSE,FALSE
IK_YMAHRLYIAABQRQ-UHFFFAOYSA-N,"2-(3-fluorophenyl)-4-(4-Methylpiperazin-1-yl)-1H-pyrrolo[3,2-c]pyridine","2-(3-fluorophenyl)-4-(4-Methylpiperazin-1-yl)-1H-pyrrolo[3,2-c]pyridine",YMAHRLYIAABQRQ-UHFFFAOYSA-N,C18H19FN4,1,1,0,1,-0.140750093,-0.140750093,0.140750093,NA,MTBLS11904,Down in PD,1,FALSE,FALSE
IK_NQAHWJIWYRYXFP-UHFFFAOYSA-N,Melleolide H,Melleolide H,NQAHWJIWYRYXFP-UHFFFAOYSA-N,C24H30O7,1,1,0,1,-0.140477695,-0.140477695,0.140477695,NA,MTBLS11904,Down in PD,1,FALSE,FALSE
IK_YHGXYYIGHBPDMX-BUTFDPNWSA-N,PC(20:3/0:0),PC(20:3/0:0),YHGXYYIGHBPDMX-BUTFDPNWSA-N,C28H52NO7P,1,1,1,0,0.140218585,0.140218585,0.140218585,NA,MTBLS11904,Up in PD,1,FALSE,FALSE
IK_ZTQGTBHHQGGBSV-ATVZYYHQSA-N,Naringenin 5-O-glucuronide,Naringenin 5-O-glucuronide,ZTQGTBHHQGGBSV-ATVZYYHQSA-N,C21H20O11,1,1,1,0,0.140152146,0.140152146,0.140152146,NA,MTBLS11904,Up in PD,1,FALSE,FALSE
IK_LXWZWRRIEITWMN-ZUTFDUMMSA-N,(3Z)-phytochromobilin,(3Z)-phytochromobilin,LXWZWRRIEITWMN-ZUTFDUMMSA-N,C33H36N4O6,1,1,0,1,-0.139919611,-0.139919611,0.139919611,NA,MTBLS11904,Down in PD,1,FALSE,FALSE
IK_YUFFSWGQGVEMMI-RCHUDCCISA-N,"7,10,13,16,19-Docosapentaenoic acid","7,10,13,16,19-Docosapentaenoic acid",YUFFSWGQGVEMMI-RCHUDCCISA-N,C22H34O2,1,1,1,0,0.139620638,0.139620638,0.139620638,NA,MTBLS11904,Up in PD,1,FALSE,FALSE
IK_ASPCIAWQVXVATP-VWXYMJEFSA-N,Lucidenic acid E2,Lucidenic acid E2,ASPCIAWQVXVATP-VWXYMJEFSA-N,C29H40O8,1,1,1,0,0.139587419,0.139587419,0.139587419,NA,MTBLS11904,Up in PD,1,FALSE,FALSE
IK_RSDDHGSKLOSQFK-RVDMUPIBSA-N,Auraptene,Auraptene,RSDDHGSKLOSQFK-RVDMUPIBSA-N,C19H22O3,1,1,1,0,0.13952098,0.13952098,0.13952098,NA,MTBLS11904,Up in PD,1,FALSE,FALSE
IK_ZFACUKICYTXONE-IWDZABBFSA-N,PC(16:1(9Z)/P-18:1(11Z)),PC(16:1(9Z)/P-18:1(11Z)),ZFACUKICYTXONE-IWDZABBFSA-N,C42H80NO7P,1,1,0,1,-0.13905591,-0.13905591,0.13905591,NA,MTBLS11904,Down in PD,1,FALSE,FALSE
IK_PUYXTUJWRLOUCW-UHFFFAOYSA-N,Spiroxamine,Spiroxamine,PUYXTUJWRLOUCW-UHFFFAOYSA-N,C18H35NO2,1,1,1,0,0.138391524,0.138391524,0.138391524,NA,MTBLS11904,Up in PD,1,FALSE,FALSE
IK_DTOSIQBPPRVQHS-IUQGRGSQSA-N,Linolenelaidic acid,Linolenelaidic acid,DTOSIQBPPRVQHS-IUQGRGSQSA-N,C18H30O2,1,1,1,0,0.13812577,0.13812577,0.13812577,NA,MTBLS11904,Up in PD,1,FALSE,FALSE
IK_ZXNAIPHYBVMMPY-DHSLYTQISA-N,MG(22:1(13Z)/0:0/0:0),MG(22:1(13Z)/0:0/0:0),ZXNAIPHYBVMMPY-DHSLYTQISA-N,C25H48O4,1,1,0,1,-0.138092551,-0.138092551,0.138092551,NA,MTBLS11904,Down in PD,1,FALSE,FALSE
IK_CFSOJZTUTOQNIA-UHFFFAOYSA-N,"Ethyl 8-azido-5-methyl-6-oxo-4H-imidazo[1,5-a][1,4]benzodiazepine-3-carboxylate","Ethyl 8-azido-5-methyl-6-oxo-4H-imidazo[1,5-a][1,4]benzodiazepine-3-carboxylate",CFSOJZTUTOQNIA-UHFFFAOYSA-N,C15H14N6O3,1,1,1,0,0.137760358,0.137760358,0.137760358,NA,MTBLS11904,Up in PD,1,FALSE,FALSE
IK_GJRJTYFSORWKBE-UHFFFAOYSA-N,Aspidinol,Aspidinol,GJRJTYFSORWKBE-UHFFFAOYSA-N,C12H16O4,1,1,1,0,0.137503524,0.137503524,0.137503524,NA,24167579,Up in PD,1,FALSE,FALSE
IK_CNAKQRUFJWYXIC-PPOCGGKUSA-N,Ponasteroside A,Ponasteroside A,CNAKQRUFJWYXIC-PPOCGGKUSA-N,C33H54O11,1,1,1,0,0.136929876,0.136929876,0.136929876,NA,MTBLS11904,Up in PD,1,FALSE,FALSE
IK_FAXDZWQIWUSWJH-UHFFFAOYSA-N,3-Methoxypropylamine,3-Methoxypropylamine,FAXDZWQIWUSWJH-UHFFFAOYSA-N,C4H11NO,1,1,1,0,0.136498025,0.136498025,0.136498025,NA,MTBLS11904,Up in PD,1,FALSE,FALSE
IK_LQQFFJFGLSKYIR-UHFFFAOYSA-M,"3-(3,4-Dihydroxyphenyl)pyruvate","3-(3,4-Dihydroxyphenyl)pyruvate",LQQFFJFGLSKYIR-UHFFFAOYSA-M,C9H8O5,1,1,0,1,-0.13606155,-0.13606155,0.13606155,NA,24167579,Down in PD,1,FALSE,FALSE
IK_CIDUJQMULVCIBT-MQDUPKMGSA-N,Netilmicin,Netilmicin,CIDUJQMULVCIBT-MQDUPKMGSA-N,C21H41N5O7,1,1,1,0,0.135667543,0.135667543,0.135667543,NA,MTBLS11904,Up in PD,1,FALSE,FALSE
IK_JDWYRSDDJVCWPB-LURJTMIESA-N,Leucodopachrome,Leucodopachrome,JDWYRSDDJVCWPB-LURJTMIESA-N,C9H9NO4,1,1,1,0,0.135634324,0.135634324,0.135634324,NA,MTBLS11904,Up in PD,1,FALSE,FALSE
IK_GFCQEPZCMASXHO-SGIBUEGPSA-N,"Cer(t18:0/20:3(6,8,11)-OH(5))","Cer(t18:0/20:3(6,8,11)-OH(5))",GFCQEPZCMASXHO-SGIBUEGPSA-N,C38H71NO5,1,1,1,0,0.135567886,0.135567886,0.135567886,NA,MTBLS11904,Up in PD,1,FALSE,FALSE
IK_VJNXUFOTKNTNPG-IOSLPCCCSA-O,7-Methylinosine,7-Methylinosine,VJNXUFOTKNTNPG-IOSLPCCCSA-O,C11H15N4O5+,1,1,1,0,0.135169254,0.135169254,0.135169254,NA,MTBLS11904,Up in PD,1,FALSE,FALSE
IK_DPZVDLFOAZNCBU-UHFFFAOYSA-N,Tetrahydrofurfuryl butyrate,Tetrahydrofurfuryl butyrate,DPZVDLFOAZNCBU-UHFFFAOYSA-N,C9H16O3,1,1,0,1,-0.135036377,-0.135036377,0.135036377,NA,MTBLS11904,Down in PD,1,FALSE,FALSE
IK_FDWRIIDFYSUTDP-WGDKFINWSA-N,D-Digitoxose,D-Digitoxose,FDWRIIDFYSUTDP-WGDKFINWSA-N,C6H12O4,1,1,0,1,-0.135036377,-0.135036377,0.135036377,NA,MTBLS11904,Down in PD,1,FALSE,FALSE
IK_MUZOGCSYWJPGRB-UHFFFAOYSA-N,Ichangin 4-glucoside,Ichangin 4-glucoside,MUZOGCSYWJPGRB-UHFFFAOYSA-N,C32H42O14,1,1,0,1,-0.134803842,-0.134803842,0.134803842,NA,MTBLS11904,Down in PD,1,FALSE,FALSE
IK_WWEKVOUOQUHVHS-UHFFFAOYSA-N,Phenytoin catechol,Phenytoin catechol,WWEKVOUOQUHVHS-UHFFFAOYSA-N,C15H12N2O4,1,1,0,1,-0.134670965,-0.134670965,0.134670965,NA,MTBLS11904,Down in PD,1,FALSE,FALSE
IK_CATMPQFFVNKDEY-YPMHNXCESA-N,Golotimod,Golotimod,CATMPQFFVNKDEY-YPMHNXCESA-N,C16H19N3O5,1,1,1,0,0.134604526,0.134604526,0.134604526,NA,MTBLS11904,Up in PD,1,FALSE,FALSE
IK_BMUFUJMVNODTAD-UHFFFAOYSA-N,4-Fluoro-2-(trifluoromethyl)phenylacetic acid,4-Fluoro-2-(trifluoromethyl)phenylacetic acid,BMUFUJMVNODTAD-UHFFFAOYSA-N,C9H6F4O2,1,1,1,0,0.134504869,0.134504869,0.134504869,NA,MTBLS11904,Up in PD,1,FALSE,FALSE
IK_LITUBCVUXPBCGA-WMZHIEFXSA-N,Ascorbyl stearate,Ascorbyl stearate,LITUBCVUXPBCGA-WMZHIEFXSA-N,C24H42O7,1,1,0,1,-0.134139457,-0.134139457,0.134139457,NA,MTBLS11904,Down in PD,1,FALSE,FALSE
IK_DRNGLYHKYPNTEA-UHFFFAOYSA-N,Trans-4-Aminocyclohexanecarboxylic acid,Trans-4-Aminocyclohexanecarboxylic acid,DRNGLYHKYPNTEA-UHFFFAOYSA-N,C7H13NO2,1,1,0,1,-0.133740825,-0.133740825,0.133740825,NA,MTBLS11904,Down in PD,1,FALSE,FALSE
IK_VJNPDLZENXBRLB-MQEDXBOASA-N,PC ae C38:5,PC ae C38:5,VJNPDLZENXBRLB-MQEDXBOASA-N,C46H84NO7P,1,1,0,1,-0.133552492,-0.133552492,0.133552492,NA,34577635,Down in PD,1,FALSE,FALSE
IK_ASWBNKHCZGQVJV-UHFFFAOYSA-N,1-Palmitoylphosphatidylcholine,1-Palmitoylphosphatidylcholine,ASWBNKHCZGQVJV-UHFFFAOYSA-N,C24H50NO7P,1,1,1,0,0.133541509,0.133541509,0.133541509,NA,MTBLS11904,Up in PD,1,FALSE,FALSE
IK_AVGPOAXYRRIZMM-BYPYZUCNSA-N,D-Apiose,D-Apiose,AVGPOAXYRRIZMM-BYPYZUCNSA-N,C5H10O5,1,1,0,1,-0.133342194,-0.133342194,0.133342194,NA,MTBLS11904,Down in PD,1,FALSE,FALSE
IK_BPZXYEUJBFHASJ-UUOKFMHZSA-N,6-Thioguanosine monophosphate,6-Thioguanosine monophosphate,BPZXYEUJBFHASJ-UUOKFMHZSA-N,C10H14N5O7PS,1,1,1,0,0.133275755,0.133275755,0.133275755,NA,MTBLS11904,Up in PD,1,FALSE,FALSE
IK_YMIXNQVKVPYZHL-YWSRBNGNSA-N,Filipin II,Filipin II,YMIXNQVKVPYZHL-YWSRBNGNSA-N,C35H58O10,1,1,1,0,0.133176097,0.133176097,0.133176097,NA,MTBLS11904,Up in PD,1,FALSE,FALSE
IK_ADHNYKZHPOEULM-BQBZGAKWSA-N,Met-Glu,Met-Glu | Methionyl-Glutamate,ADHNYKZHPOEULM-BQBZGAKWSA-N,C10H18N2O5S,1,1,1,0,0.133142878,0.133142878,0.133142878,NA,MTBLS11904,Up in PD,1,FALSE,FALSE
IK_KLSLBUSXWBJMEC-UHFFFAOYSA-N,4-Propylphenol,4-Propylphenol,KLSLBUSXWBJMEC-UHFFFAOYSA-N,C9H12O,1,1,1,0,0.132943562,0.132943562,0.132943562,NA,MTBLS11904,Up in PD,1,FALSE,FALSE
IK_KJPVZTMEFPUZPC-UYQAEJRRSA-N,"SM(d20:1/22:6(5Z,7Z,10Z,13Z,16Z,19Z)-OH(4))","SM(d20:1/22:6(5Z,7Z,10Z,13Z,16Z,19Z)-OH(4))",KJPVZTMEFPUZPC-UYQAEJRRSA-N,C47H83N2O7P,1,1,1,0,0.132677808,0.132677808,0.132677808,NA,MTBLS11904,Up in PD,1,FALSE,FALSE
IK_JKEJEOJPJVRHMQ-JTQLQIEISA-N,N-OCTANOYL-L-HOMOSERINE LACTONE,N-OCTANOYL-L-HOMOSERINE LACTONE,JKEJEOJPJVRHMQ-JTQLQIEISA-N,C12H21NO3,1,1,1,0,0.132378835,0.132378835,0.132378835,NA,MTBLS11904,Up in PD,1,FALSE,FALSE
IK_VASLEPDZAKCNJX-UHFFFAOYSA-N,"1-Rhamnono-1,4-lactone","1-Rhamnono-1,4-lactone",VASLEPDZAKCNJX-UHFFFAOYSA-N,C6H10O5,1,1,0,1,-0.132378835,-0.132378835,0.132378835,NA,MTBLS11904,Down in PD,1,FALSE,FALSE
IK_URGVIWXYPWWBQO-UWEYSURVSA-N,LysoPE(P-18:1(9Z)/0:0),LysoPE(P-18:1(9Z)/0:0),URGVIWXYPWWBQO-UWEYSURVSA-N,C23H46NO6P,1,1,0,1,-0.132245958,-0.132245958,0.132245958,NA,MTBLS11904,Down in PD,1,FALSE,FALSE
IK_JHPNVNIEXXLNTR-UHFFFAOYSA-N,DEOXYCARNITINE,DEOXYCARNITINE | 4-Trimethylammoniobutanoic Acid,JHPNVNIEXXLNTR-UHFFFAOYSA-N,C7H15NO2,1,1,1,0,0.132079861,0.132079861,0.132079861,NA,MTBLS11904,Up in PD,1,FALSE,FALSE
IK_RIGHMQLKMHLMQD-UHFFFAOYSA-N,Chenodeoxycholylcysteine,Chenodeoxycholylcysteine,RIGHMQLKMHLMQD-UHFFFAOYSA-N,C27H45NO5S,1,1,1,0,0.131946984,0.131946984,0.131946984,NA,MTBLS11904,Up in PD,1,FALSE,FALSE
IK_XXFACTAYGKKOQB-ZETCQYMHSA-N,Dihydrozeatin,Dihydrozeatin,XXFACTAYGKKOQB-ZETCQYMHSA-N,C10H15N5O,1,1,1,0,0.131913765,0.131913765,0.131913765,NA,MTBLS11904,Up in PD,1,FALSE,FALSE
IK_DSLZVSRJTYRBFB-DUHBMQHGSA-N,D-Galactaric acid,D-Galactaric acid,DSLZVSRJTYRBFB-DUHBMQHGSA-N,C6H10O8,1,1,0,1,-0.131614791,-0.131614791,0.131614791,NA,MTBLS11904,Down in PD,1,FALSE,FALSE
IK_WOAHJDHKFWSLKE-UHFFFAOYSA-N,"1,2-Benzoquinone","1,2-Benzoquinone",WOAHJDHKFWSLKE-UHFFFAOYSA-N,C6H4O2,1,1,0,1,-0.131415475,-0.131415475,0.131415475,NA,MTBLS11904,Down in PD,1,FALSE,FALSE
NO_INCHIKEY__flower extract,flower extract,flower extract,NA,C15H26O3,1,1,0,1,-0.131313235,-0.131313235,0.131313235,NA,24167579,Down in PD,1,FALSE,FALSE
IK_PYVRVRFVLRNJLY-MZMPXXGTSA-N,PE(18:1/0:0),PE(18:1/0:0) | PE(18:1(9Z)/0:0),PYVRVRFVLRNJLY-MZMPXXGTSA-N,C23H46NO7P,1,1,1,0,0.130717871,0.130717871,0.130717871,NA,MTBLS11904,Up in PD,1,FALSE,FALSE
IK_OMYMRCXOJJZYKE-UHFFFAOYSA-N,6-Hydroxymelatonin,6-Hydroxymelatonin,OMYMRCXOJJZYKE-UHFFFAOYSA-N,C13H16N2O3,1,1,1,0,0.130020266,0.130020266,0.130020266,NA,MTBLS11904,Up in PD,1,FALSE,FALSE
IK_JWGGSJFIGIGFSQ-UHFFFAOYSA-N,N-Lauroylglycine,N-Lauroylglycine,JWGGSJFIGIGFSQ-UHFFFAOYSA-N,C14H27NO3,1,1,1,0,0.129887389,0.129887389,0.129887389,NA,MTBLS11904,Up in PD,1,FALSE,FALSE
IK_DZAUWHJDUNRCTF-UHFFFAOYSA-N,"3,4-Dihydroxyhydrocinnamic acid","3,4-Dihydroxyhydrocinnamic acid",DZAUWHJDUNRCTF-UHFFFAOYSA-N,C9H10O4,1,1,0,1,-0.129854169,-0.129854169,0.129854169,NA,MTBLS11904,Down in PD,1,FALSE,FALSE
IK_BHWXBRBFQBOUAF-UHFFFAOYSA-N,Deoxycholylproline,Deoxycholylproline,BHWXBRBFQBOUAF-UHFFFAOYSA-N,C29H47NO5,1,1,1,0,0.129521976,0.129521976,0.129521976,NA,MTBLS11904,Up in PD,1,FALSE,FALSE
IK_VGZSUPCWNCWDAN-UHFFFAOYSA-N,Acetohexamide,Acetohexamide,VGZSUPCWNCWDAN-UHFFFAOYSA-N,C15H20N2O4S,1,1,0,1,-0.12935588,-0.12935588,0.12935588,NA,MTBLS11904,Down in PD,1,FALSE,FALSE
IK_XJSFLOJWULLJQS-NGVXBBESSA-N,Josamycin,Josamycin,XJSFLOJWULLJQS-NGVXBBESSA-N,C42H69NO15,1,1,0,1,-0.129256222,-0.129256222,0.129256222,NA,MTBLS11904,Down in PD,1,FALSE,FALSE
IK_YEFJYYIIBNWRQV-UHFFFAOYSA-N,3-Diphosphoglyceric acid,3-Diphosphoglyceric acid,YEFJYYIIBNWRQV-UHFFFAOYSA-N,C3H4O8P2,1,1,0,1,-0.129189784,-0.129189784,0.129189784,NA,MTBLS11904,Down in PD,1,FALSE,FALSE
IK_MCFZBCCYOPSZLG-UHFFFAOYSA-N,"2-Cyclopentene-1,4-dione","2-Cyclopentene-1,4-dione",MCFZBCCYOPSZLG-UHFFFAOYSA-N,C5H4O2,1,1,0,1,-0.129090126,-0.129090126,0.129090126,NA,MTBLS11904,Down in PD,1,FALSE,FALSE
IK_XEVQXKKKAVVSMW-WRWORJQWSA-N,Loliolide,Loliolide,XEVQXKKKAVVSMW-WRWORJQWSA-N,C11H16O3,1,1,0,1,-0.129090126,-0.129090126,0.129090126,NA,MTBLS11904,Down in PD,1,FALSE,FALSE
IK_ZFMSMUAANRJZFM-UHFFFAOYSA-N,1-Methoxy-4-(2-propenyl)benzene,1-Methoxy-4-(2-propenyl)benzene,ZFMSMUAANRJZFM-UHFFFAOYSA-N,C10H12O,1,1,1,0,0.129056907,0.129056907,0.129056907,NA,MTBLS11904,Up in PD,1,FALSE,FALSE
IK_DZUXGQBLFALXCR-CDIPTNKSSA-N,Prostaglandin F1a,Prostaglandin F1a | PA(2:0/PGF1alpha),DZUXGQBLFALXCR-CDIPTNKSSA-N,C20H36O5,1,1,1,0,0.128359302,0.128359302,0.128359302,NA,MTBLS11904,Up in PD,1,FALSE,FALSE
IK_FJKKCRCBBAXLQZ-UHFFFAOYSA-N,PGP(i-24:0/PGD2),PGP(i-24:0/PGD2),FJKKCRCBBAXLQZ-UHFFFAOYSA-N,C23H23Cl2N3O3,1,1,1,0,0.128329404,0.128329404,0.128329404,NA,MTBLS11904,Up in PD,1,FALSE,FALSE
IK_IJVCSMSMFSCRME-UHFFFAOYSA-N,Hydromorphine,Hydromorphine,IJVCSMSMFSCRME-UHFFFAOYSA-N,C17H21NO3,1,1,1,0,0.128259644,0.128259644,0.128259644,NA,MTBLS11904,Up in PD,1,FALSE,FALSE
IK_FQVFGIZCMMQDNV-NQQLFREJSA-N,PC(18:1(9Z)/P-16:0),PC(18:1(9Z)/P-16:0),FQVFGIZCMMQDNV-NQQLFREJSA-N,C42H82NO7P,1,1,0,1,-0.128027109,-0.128027109,0.128027109,NA,MTBLS11904,Down in PD,1,FALSE,FALSE
IK_NXJAXUYOQLTISD-SECBINFHSA-N,Glutarylcarnitine,Glutarylcarnitine,NXJAXUYOQLTISD-SECBINFHSA-N,C12H21NO6,1,1,1,0,0.128027109,0.128027109,0.128027109,NA,MTBLS11904,Up in PD,1,FALSE,FALSE
IK_DCZDUZNVOVFUCD-HTXNQAPBSA-M,16-feruloyloxypalmitate,16-feruloyloxypalmitate,DCZDUZNVOVFUCD-HTXNQAPBSA-M,C26H39O6-,1,1,1,0,0.12799389,0.12799389,0.12799389,NA,MTBLS11904,Up in PD,1,FALSE,FALSE
IK_SJZRECIVHVDYJC-UHFFFAOYSA-N,4-Hydroxybutyric acid,4-Hydroxybutyric acid,SJZRECIVHVDYJC-UHFFFAOYSA-N,C4H8O3,1,1,1,0,0.127927451,0.127927451,0.127927451,NA,MTBLS11904,Up in PD,1,FALSE,FALSE
IK_JJPSZKIOGBRMHK-UHFFFAOYSA-N,"2,6-Dimethylquinoline","2,6-Dimethylquinoline",JJPSZKIOGBRMHK-UHFFFAOYSA-N,C11H11N,1,1,1,0,0.127894232,0.127894232,0.127894232,NA,MTBLS11904,Up in PD,1,FALSE,FALSE
IK_OFRYBPCSEMMZHR-UHFFFAOYSA-N,Alpha-Hydroxymetoprolol,Alpha-Hydroxymetoprolol,OFRYBPCSEMMZHR-UHFFFAOYSA-N,C15H25NO4,1,1,1,0,0.127562039,0.127562039,0.127562039,NA,MTBLS11904,Up in PD,1,FALSE,FALSE
IK_VACHUYIREGFMSP-IRXDYDNUSA-N,"(9S,10S)-9,10-dihydroxyoctadecanoate","(9S,10S)-9,10-dihydroxyoctadecanoate",VACHUYIREGFMSP-IRXDYDNUSA-N,C18H36O4,1,1,0,1,-0.127329504,-0.127329504,0.127329504,NA,MTBLS11904,Down in PD,1,FALSE,FALSE
IK_RSTMEZAVUUMLEO-OTPBFAOLSA-N,Serofendic acid,Serofendic acid,RSTMEZAVUUMLEO-OTPBFAOLSA-N,C21H34O4S,1,1,0,1,-0.127263065,-0.127263065,0.127263065,NA,MTBLS11904,Down in PD,1,FALSE,FALSE
IK_OROAFUQRIXKEMV-LDADJPATSA-N,Eprosartan,Eprosartan,OROAFUQRIXKEMV-LDADJPATSA-N,C23H24N2O4S,1,1,1,0,0.126930873,0.126930873,0.126930873,NA,MTBLS11904,Up in PD,1,FALSE,FALSE
IK_OISFHODBOQNZAG-IAGOWNOFSA-N,Floionolic acid,Floionolic acid,OISFHODBOQNZAG-IAGOWNOFSA-N,C18H36O5,1,1,1,0,0.126831215,0.126831215,0.126831215,NA,MTBLS11904,Up in PD,1,FALSE,FALSE
IK_TZCPCKNHXULUIY-RGULYWFUSA-N,PS(18:0/18:0),PS(18:0/18:0),TZCPCKNHXULUIY-RGULYWFUSA-N,C42H82NO10P,1,1,1,0,0.126532241,0.126532241,0.126532241,NA,MTBLS11904,Up in PD,1,FALSE,FALSE
IK_DTQVDTLACAAQTR-UHFFFAOYSA-N,Trifluoroacetic acid,Trifluoroacetic acid,DTQVDTLACAAQTR-UHFFFAOYSA-N,C2HF3O2,1,1,1,0,0.126233268,0.126233268,0.126233268,NA,MTBLS11904,Up in PD,1,FALSE,FALSE
IK_QWURLWZAOBRLES-JEGFTUTRSA-N,N-Palmitoyl Cysteine,N-Palmitoyl Cysteine,QWURLWZAOBRLES-JEGFTUTRSA-N,C14H22O4,1,1,1,0,0.126233268,0.126233268,0.126233268,NA,MTBLS11904,Up in PD,1,FALSE,FALSE
IK_LKAPTZKZHMOIRE-KVTDHHQDSA-N,"2,5-Anhydro-D-mannose","2,5-Anhydro-D-mannose",LKAPTZKZHMOIRE-KVTDHHQDSA-N,C6H10O5,1,1,0,1,-0.125701759,-0.125701759,0.125701759,NA,MTBLS11904,Down in PD,1,FALSE,FALSE
IK_GUJNNQFVFGFZPK-UHFFFAOYSA-N,Hydroxymatairesinol glucuronide 1,Hydroxymatairesinol glucuronide 1,GUJNNQFVFGFZPK-UHFFFAOYSA-N,C26H30O13,1,1,0,1,-0.125402786,-0.125402786,0.125402786,NA,MTBLS11904,Down in PD,1,FALSE,FALSE
IK_PADNECYMNLPKRN-UHFFFAOYSA-N,Theasapogenol E,Theasapogenol E,PADNECYMNLPKRN-UHFFFAOYSA-N,C30H48O6,1,1,1,0,0.125236689,0.125236689,0.125236689,NA,MTBLS11904,Up in PD,1,FALSE,FALSE
IK_LZLVZIFMYXDKCN-QJWFYWCHSA-N,GPCho(20:4/20:4),GPCho(20:4/20:4),LZLVZIFMYXDKCN-QJWFYWCHSA-N,C48H80NO8P,1,1,0,1,-0.125170251,-0.125170251,0.125170251,NA,MTBLS11904,Down in PD,1,FALSE,FALSE
IK_DNGCQXLPUZWYNB-UHFFFAOYSA-N,Trisjuglone,Trisjuglone,DNGCQXLPUZWYNB-UHFFFAOYSA-N,C30H12O9,1,1,1,0,0.125037374,0.125037374,0.125037374,NA,MTBLS11904,Up in PD,1,FALSE,FALSE
IK_DPSCUTCAFODJSS-UIITUPLWSA-N,Propafenone glucuronide,Propafenone glucuronide,DPSCUTCAFODJSS-UIITUPLWSA-N,C27H35NO9,1,1,1,0,0.124871277,0.124871277,0.124871277,NA,MTBLS11904,Up in PD,1,FALSE,FALSE
IK_UYZBRJHRPDMUHS-UHFFFAOYSA-N,Alpha-Carboxy-delta-decalactone,Alpha-Carboxy-delta-decalactone,UYZBRJHRPDMUHS-UHFFFAOYSA-N,C11H18O4,1,1,0,1,-0.124871277,-0.124871277,0.124871277,NA,MTBLS11904,Down in PD,1,FALSE,FALSE
IK_DBHPURNMQZJCPT-HRLVBISOSA-N,"PE(20:4(5Z,8Z,11Z,14Z)/6 keto-PGF1alpha)","PE(20:4(5Z,8Z,11Z,14Z)/6 keto-PGF1alpha)",DBHPURNMQZJCPT-HRLVBISOSA-N,C45H76NO12P,1,1,0,1,-0.124804839,-0.124804839,0.124804839,NA,MTBLS11904,Down in PD,1,FALSE,FALSE
IK_KRHRBKYBJXMYBB-WHFBIAKZSA-N,Ala-Cys-Gly,Ala-Cys-Gly,KRHRBKYBJXMYBB-WHFBIAKZSA-N,C8H15N3O4S,1,1,1,0,0.124605523,0.124605523,0.124605523,NA,MTBLS11904,Up in PD,1,FALSE,FALSE
IK_MICNQLKUSOVNNG-UHFFFAOYSA-N,9-Carboxymethoxymethylguanine,9-Carboxymethoxymethylguanine,MICNQLKUSOVNNG-UHFFFAOYSA-N,C8H9N5O4,1,1,1,0,0.124406207,0.124406207,0.124406207,NA,MTBLS11904,Up in PD,1,FALSE,FALSE
IK_SXKNCCSPZDCRFD-UHFFFAOYSA-N,Betaine aldehyde,Betaine aldehyde,SXKNCCSPZDCRFD-UHFFFAOYSA-N,C5H11NO,1,1,1,0,0.124328135,0.124328135,0.124328135,0.002005,24167579,Up in PD,1,FALSE,FALSE
IK_DHMQDGOQFOQNFH-UHFFFAOYSA-N,Glycine,Glycine,DHMQDGOQFOQNFH-UHFFFAOYSA-N,C2H5NO2,1,1,1,0,0.124248718,0.124248718,0.124248718,NA,ST001814,Up in PD,1,FALSE,FALSE
IK_RCCMXKJGURLWPB-UHFFFAOYSA-N,L-2-Amino-4-methylenepentanedioic acid,L-2-Amino-4-methylenepentanedioic acid,RCCMXKJGURLWPB-UHFFFAOYSA-N,C6H9NO4,1,1,1,0,0.124173672,0.124173672,0.124173672,NA,MTBLS11904,Up in PD,1,FALSE,FALSE
IK_CAHPJJJZLQXPKS-UHFFFAOYSA-N,Alpha-Methyl-m-tyrosine,Alpha-Methyl-m-tyrosine,CAHPJJJZLQXPKS-UHFFFAOYSA-N,C10H13NO3,1,1,0,1,-0.123974357,-0.123974357,0.123974357,NA,MTBLS11904,Down in PD,1,FALSE,FALSE
IK_WTOYNGQRGOLPNU-UHFFFAOYSA-N,"6,18,19-Trihydroxytrachyloban-2-one","6,18,19-Trihydroxytrachyloban-2-one",WTOYNGQRGOLPNU-UHFFFAOYSA-N,C20H30O4,1,1,1,0,0.123243532,0.123243532,0.123243532,NA,MTBLS11904,Up in PD,1,FALSE,FALSE
IK_TWSWSIQAPQLDBP-DOFZRALJSA-N,Adrenic acid,Adrenic acid,TWSWSIQAPQLDBP-DOFZRALJSA-N,C22H36O2,1,1,1,0,0.123110655,0.123110655,0.123110655,NA,MTBLS11904,Up in PD,1,FALSE,FALSE
IK_RRHGJUQNOFWUDK-UHFFFAOYSA-N,ISOPRENE,ISOPRENE,RRHGJUQNOFWUDK-UHFFFAOYSA-N,C5H8,1,1,1,0,0.122712024,0.122712024,0.122712024,NA,MTBLS11904,Up in PD,1,FALSE,FALSE
IK_SZVNKXCDJUBPQO-HWKANZROSA-N,"12-Oxo-2,3-dinor-10,15-phytodienoic acid","12-Oxo-2,3-dinor-10,15-phytodienoic acid",SZVNKXCDJUBPQO-HWKANZROSA-N,C16H24O3,1,1,1,0,0.122379831,0.122379831,0.122379831,NA,MTBLS11904,Up in PD,1,FALSE,FALSE
IK_RDHQFKQIGNGIED-UHFFFAOYSA-N,DL-Acetylcarnitine,DL-Acetylcarnitine,RDHQFKQIGNGIED-UHFFFAOYSA-N,C9H17NO4,1,1,1,0,0.122313393,0.122313393,0.122313393,NA,MTBLS11904,Up in PD,1,FALSE,FALSE
IK_VMFFESMCXOCOIZ-UHFFFAOYSA-N,Cholylaspartic acid,Cholylaspartic acid,VMFFESMCXOCOIZ-UHFFFAOYSA-N,C28H45NO8,1,1,1,0,0.122246954,0.122246954,0.122246954,NA,MTBLS11904,Up in PD,1,FALSE,FALSE
IK_NBIIXXVUZAFLBC-UHFFFAOYSA-N,Phosphoric acid,Phosphoric acid,NBIIXXVUZAFLBC-UHFFFAOYSA-N,H3O4P,1,1,1,0,0.122007369,0.122007369,0.122007369,NA,ST001814,Up in PD,1,FALSE,FALSE
IK_NISGSNTVMOOSJQ-UHFFFAOYSA-N,Cyclopentylamine,Cyclopentylamine,NISGSNTVMOOSJQ-UHFFFAOYSA-N,C5H11N,1,1,1,0,0.121316814,0.121316814,0.121316814,NA,MTBLS11904,Up in PD,1,FALSE,FALSE
IK_KUZTVCXICCCQGY-FIFLTTCUSA-N,"(2E,8E)-10-hydroxydeca-2,8-dien-4-ynoyl-CoA","(2E,8E)-10-hydroxydeca-2,8-dien-4-ynoyl-CoA",KUZTVCXICCCQGY-FIFLTTCUSA-N,C31H46N7O18P3S,1,1,0,1,-0.12105106,-0.12105106,0.12105106,NA,MTBLS11904,Down in PD,1,FALSE,FALSE
IK_SNDPXSYFESPGGJ-BYPYZUCNSA-N,Norvaline,Norvaline,SNDPXSYFESPGGJ-BYPYZUCNSA-N,C5H11NO2,1,1,1,0,0.120984621,0.120984621,0.120984621,NA,MTBLS11904,Up in PD,1,FALSE,FALSE
IK_UYHSBQDAYWOYNS-LDQQKAIHSA-N,"(2xi,20beta)-2,20-Dihydroxy-3-oxo-12-ursen-28-oic acid","(2xi,20beta)-2,20-Dihydroxy-3-oxo-12-ursen-28-oic acid",UYHSBQDAYWOYNS-LDQQKAIHSA-N,C30H46O5,1,1,1,0,0.120718867,0.120718867,0.120718867,NA,MTBLS11904,Up in PD,1,FALSE,FALSE
IK_BUJAGSGYPOAWEI-UHFFFAOYSA-N,Tocainide,Tocainide,BUJAGSGYPOAWEI-UHFFFAOYSA-N,C11H16N2O,1,1,0,1,-0.120685648,-0.120685648,0.120685648,NA,MTBLS11904,Down in PD,1,FALSE,FALSE
IK_OSWPMRLSEDHDFF-UHFFFAOYSA-N,Methyl Salicylate,Methyl Salicylate,OSWPMRLSEDHDFF-UHFFFAOYSA-N,C8H8O3,1,1,1,0,0.120519551,0.120519551,0.120519551,NA,MTBLS11904,Up in PD,1,FALSE,FALSE
IK_PQSUYGKTWSAVDQ-ZVIOFETBSA-N,Aldosterone,Aldosterone,PQSUYGKTWSAVDQ-ZVIOFETBSA-N,C21H28O5,1,1,0,1,-0.120294234,-0.120294234,0.120294234,0.0271,33485385,Down in PD,1,FALSE,FALSE
IK_QSBYPNXLFMSGKH-HJWRWDBZSA-N,9Z-Heptadecenoic acid,9Z-Heptadecenoic acid,QSBYPNXLFMSGKH-HJWRWDBZSA-N,C17H32O2,1,1,1,0,0.120154139,0.120154139,0.120154139,NA,MTBLS11904,Up in PD,1,FALSE,FALSE
IK_KISYRRMFQYIIFQ-UHFFFAOYSA-N,Corchorosol A,Corchorosol A,KISYRRMFQYIIFQ-UHFFFAOYSA-N,C29H44O9,1,1,0,1,-0.119988043,-0.119988043,0.119988043,NA,MTBLS11904,Down in PD,1,FALSE,FALSE
IK_USFJGINJGUIFSY-XZULNKEGSA-N,"3a,7a,12a-Trihydroxy-5b-cholestan-26-al","3a,7a,12a-Trihydroxy-5b-cholestan-26-al",USFJGINJGUIFSY-XZULNKEGSA-N,C27H46O4,1,1,0,1,-0.119821946,-0.119821946,0.119821946,NA,MTBLS11904,Down in PD,1,FALSE,FALSE
IK_MBDKGXAMSZIDKF-VJIACCKLSA-N,N-Oleoyl-L-Serine,N-Oleoyl-L-Serine,MBDKGXAMSZIDKF-VJIACCKLSA-N,C21H39NO4,1,1,0,1,-0.119589411,-0.119589411,0.119589411,NA,MTBLS11904,Down in PD,1,FALSE,FALSE
IK_IXSYVBCFIGEECR-JLNKQSITSA-N,"MG(0:0/20:5(5Z,8Z,11Z,14Z,17Z)/0:0)","MG(0:0/20:5(5Z,8Z,11Z,14Z,17Z)/0:0)",IXSYVBCFIGEECR-JLNKQSITSA-N,C23H36O4,1,1,0,1,-0.119157561,-0.119157561,0.119157561,NA,MTBLS11904,Down in PD,1,FALSE,FALSE
IK_JDJSHLXEHWCLEP-SYHAXYEDSA-N,Miserotoxin,Miserotoxin,JDJSHLXEHWCLEP-SYHAXYEDSA-N,C9H17NO8,1,1,1,0,0.118958245,0.118958245,0.118958245,NA,MTBLS11904,Up in PD,1,FALSE,FALSE
IK_JNBVGGPMMKHWRO-VIFPVBQESA-N,3-Hydroxyphenylacetylglutamine sulfate,3-Hydroxyphenylacetylglutamine sulfate,JNBVGGPMMKHWRO-VIFPVBQESA-N,C11H12N2O8S,1,1,1,0,0.118825368,0.118825368,0.118825368,NA,MTBLS11904,Up in PD,1,FALSE,FALSE
IK_WLXCRBOZJKAXCC-UHFFFAOYSA-N,Isoketocamphoric acid,Isoketocamphoric acid,WLXCRBOZJKAXCC-UHFFFAOYSA-N,C10H16O5,1,1,1,0,0.118692491,0.118692491,0.118692491,NA,MTBLS11904,Up in PD,1,FALSE,FALSE
IK_FONAXCRWZQFJHY-JCGOJSMZSA-N,SM(d18:0/22:0),SM(d18:0/22:0),FONAXCRWZQFJHY-JCGOJSMZSA-N,C45H93N2O6P,1,1,0,1,-0.118592833,-0.118592833,0.118592833,NA,MTBLS11904,Down in PD,1,FALSE,FALSE
IK_DQNLLSNNESIVOE-UHFFFAOYSA-N,2-Chlorooctadecanoic acid,2-Chlorooctadecanoic acid,DQNLLSNNESIVOE-UHFFFAOYSA-N,C18H35ClO2,1,1,0,1,-0.118493175,-0.118493175,0.118493175,NA,MTBLS11904,Down in PD,1,FALSE,FALSE
IK_MTJZYEYMGZZYQD-OPMFDOCVSA-N,"5-Hydroxycapsanthin-5,6-epoxide","5-Hydroxycapsanthin-5,6-epoxide",MTJZYEYMGZZYQD-OPMFDOCVSA-N,C39H54O5,1,1,1,0,0.118459956,0.118459956,0.118459956,NA,MTBLS11904,Up in PD,1,FALSE,FALSE
IK_SZHOJFHSIKHZHA-UHFFFAOYSA-N,Tridecanoic acid,Tridecanoic acid,SZHOJFHSIKHZHA-UHFFFAOYSA-N,C13H26O2,1,1,0,1,-0.118360298,-0.118360298,0.118360298,NA,MTBLS11904,Down in PD,1,FALSE,FALSE
IK_GJGMABPPERWSNB-CDMLTSFUSA-N,"PE-NMe2(20:5(5Z,8Z,11Z,14Z,17Z)/18:2(9Z,12Z))","PE-NMe2(20:5(5Z,8Z,11Z,14Z,17Z)/18:2(9Z,12Z))",GJGMABPPERWSNB-CDMLTSFUSA-N,C45H76NO8P,1,1,0,1,-0.118327079,-0.118327079,0.118327079,NA,MTBLS11904,Down in PD,1,FALSE,FALSE
IK_PLOUQIGEQKCKHG-UHFFFAOYSA-N,3-Methylazelaic acid,3-Methylazelaic acid,PLOUQIGEQKCKHG-UHFFFAOYSA-N,C10H18O4,1,1,1,0,0.118227421,0.118227421,0.118227421,NA,MTBLS11904,Up in PD,1,FALSE,FALSE
IK_RJMIEHBSYVWVIN-UHFFFAOYSA-N,Indoprofen,Indoprofen,RJMIEHBSYVWVIN-UHFFFAOYSA-N,C17H15NO3,1,1,1,0,0.118227421,0.118227421,0.118227421,NA,MTBLS11904,Up in PD,1,FALSE,FALSE
IK_YMGUBTXCNDTFJI-UHFFFAOYSA-N,Cyclopropanecarboxylic acid,Cyclopropanecarboxylic acid,YMGUBTXCNDTFJI-UHFFFAOYSA-N,C4H6O2,1,1,0,1,-0.117596255,-0.117596255,0.117596255,NA,MTBLS11904,Down in PD,1,FALSE,FALSE
IK_WLRVSRJKZYZCJY-UHFFFAOYSA-N,"N,n-Diethyl-4-Hydroxybenzamide","N,n-Diethyl-4-Hydroxybenzamide",WLRVSRJKZYZCJY-UHFFFAOYSA-N,C11H15NO2,1,1,0,1,-0.117164404,-0.117164404,0.117164404,NA,MTBLS11904,Down in PD,1,FALSE,FALSE
IK_CFYMYCCYMJIYAB-UHFFFAOYSA-N,Laricitrin,Laricitrin,CFYMYCCYMJIYAB-UHFFFAOYSA-N,C16H12O8,1,1,1,0,0.117031527,0.117031527,0.117031527,NA,MTBLS11904,Up in PD,1,FALSE,FALSE
IK_NELZMZLNTYWIPD-MLBSDYKWSA-N,Nuatigenin,Nuatigenin,NELZMZLNTYWIPD-MLBSDYKWSA-N,C27H42O4,1,1,1,0,0.116965088,0.116965088,0.116965088,NA,MTBLS11904,Up in PD,1,FALSE,FALSE
IK_FYPMFJGVHOHGLL-UHFFFAOYSA-N,Probucol,Probucol,FYPMFJGVHOHGLL-UHFFFAOYSA-N,C31H48O2S2,1,1,1,0,0.11686543,0.11686543,0.11686543,NA,MTBLS11904,Up in PD,1,FALSE,FALSE
IK_KEQHJBNSCLWCAE-UHFFFAOYSA-N,Thymoquinone,Thymoquinone,KEQHJBNSCLWCAE-UHFFFAOYSA-N,C10H12O2,1,1,1,0,0.116798992,0.116798992,0.116798992,NA,MTBLS11904,Up in PD,1,FALSE,FALSE
IK_IQBBLPBSHOILKP-UHFFFAOYSA-N,Dimethyltriazenoimidazole carboxamide,Dimethyltriazenoimidazole carboxamide,IQBBLPBSHOILKP-UHFFFAOYSA-N,C6H10N6O,1,1,1,0,0.116666115,0.116666115,0.116666115,NA,MTBLS11904,Up in PD,1,FALSE,FALSE
IK_ROHFNLRQFUQHCH-YFKPBYRVSA-N,L-leucine,L-leucine,ROHFNLRQFUQHCH-YFKPBYRVSA-N,C6H13NO2,1,1,1,0,0.116666115,0.116666115,0.116666115,NA,MTBLS11904,Up in PD,1,FALSE,FALSE
IK_BBYWOYAFBUOUFP-JOCHJYFZSA-N,PE(18:0/0:0),PE(18:0/0:0) | LysoPE(18:0/0:0),BBYWOYAFBUOUFP-JOCHJYFZSA-N,C23H48NO7P,1,1,0,1,-0.116566457,-0.116566457,0.116566457,NA,MTBLS11904,Down in PD,1,FALSE,FALSE
IK_HXZFYDGMORCWCA-KTKRTIGZSA-N,MG(0:0/24:1(15Z)/0:0),MG(0:0/24:1(15Z)/0:0),HXZFYDGMORCWCA-KTKRTIGZSA-N,C27H52O4,1,1,0,1,-0.11643358,-0.11643358,0.11643358,NA,MTBLS11904,Down in PD,1,FALSE,FALSE
IK_IBRQTOKMQLIMRF-KACBBQTFSA-N,Candidin,Candidin,IBRQTOKMQLIMRF-KACBBQTFSA-N,C47H71NO17,1,1,1,0,0.116300703,0.116300703,0.116300703,NA,MTBLS11904,Up in PD,1,FALSE,FALSE
IK_KWABLUYIOFEZOY-UHFFFAOYSA-N,Dioctyl succinate,Dioctyl succinate,KWABLUYIOFEZOY-UHFFFAOYSA-N,C20H38O4,1,1,1,0,0.116300703,0.116300703,0.116300703,NA,MTBLS11904,Up in PD,1,FALSE,FALSE
IK_ZXZKYYHTWHJHFT-UHFFFAOYSA-N,"2,8-Quinolinediol","2,8-Quinolinediol",ZXZKYYHTWHJHFT-UHFFFAOYSA-N,C9H7NO2,1,1,0,1,-0.116300703,-0.116300703,0.116300703,NA,MTBLS11904,Down in PD,1,FALSE,FALSE
IK_LULOGYYPGZOKQW-DUXPYHPUSA-N,Trans-Caffeic acid [apiosyl-(1->6)-glucosyl] ester,Trans-Caffeic acid [apiosyl-(1->6)-glucosyl] ester,LULOGYYPGZOKQW-DUXPYHPUSA-N,C20H26O13,1,1,1,0,0.115868852,0.115868852,0.115868852,NA,MTBLS11904,Up in PD,1,FALSE,FALSE
IK_FQJISUPNMFRIFZ-HXUWFJFHSA-N,Ronacaleret,Ronacaleret,FQJISUPNMFRIFZ-HXUWFJFHSA-N,C25H31F2NO4,1,1,1,0,0.115470221,0.115470221,0.115470221,NA,MTBLS11904,Up in PD,1,FALSE,FALSE
IK_SNGREZUHAYWORS-UHFFFAOYSA-N,Perfluorooctanoic acid,Perfluorooctanoic acid,SNGREZUHAYWORS-UHFFFAOYSA-N,C8HF15O2,1,1,0,1,-0.114739396,-0.114739396,0.114739396,NA,MTBLS11904,Down in PD,1,FALSE,FALSE
IK_UARHXHPRJDJCKE-QECOYPFHSA-N,"DG(15:0/18:3(9Z,12Z,15Z)/0:0)","DG(15:0/18:3(9Z,12Z,15Z)/0:0)",UARHXHPRJDJCKE-QECOYPFHSA-N,C36H64O5,1,1,0,1,-0.114440423,-0.114440423,0.114440423,NA,MTBLS11904,Down in PD,1,FALSE,FALSE
IK_GUMSBNXGPBAONF-UBRVPYPMSA-N,"PE(20:3(8Z,11Z,14Z)/24:1(15Z))","PE(20:3(8Z,11Z,14Z)/24:1(15Z))",GUMSBNXGPBAONF-UBRVPYPMSA-N,C49H90NO8P,1,1,0,1,-0.114340765,-0.114340765,0.114340765,NA,MTBLS11904,Down in PD,1,FALSE,FALSE
IK_SBJVDTBACUMFFD-KQYNXXCUSA-N,"Inosine 2',3'-cyclic phosphate","Inosine 2',3'-cyclic phosphate",SBJVDTBACUMFFD-KQYNXXCUSA-N,C10H11N4O7P,1,1,0,1,-0.114075011,-0.114075011,0.114075011,NA,MTBLS11904,Down in PD,1,FALSE,FALSE
IK_YBDFPZJQBYCWBA-WMTBOZPISA-N,PE(20:3/0:0),PE(20:3/0:0),YBDFPZJQBYCWBA-WMTBOZPISA-N,C25H46NO7P,1,1,1,0,0.113842476,0.113842476,0.113842476,NA,MTBLS11904,Up in PD,1,FALSE,FALSE
IK_HBNPJJILLOYFJU-VMPREFPWSA-N,Mibefradil,Mibefradil,HBNPJJILLOYFJU-VMPREFPWSA-N,C29H38FN3O3,1,1,0,1,-0.113443844,-0.113443844,0.113443844,NA,MTBLS11904,Down in PD,1,FALSE,FALSE
IK_VRCGDJCVKWWRME-UHFFFAOYSA-N,Alpha-Campholonic acid,Alpha-Campholonic acid,VRCGDJCVKWWRME-UHFFFAOYSA-N,C10H16O3,1,1,0,1,-0.113344187,-0.113344187,0.113344187,NA,MTBLS11904,Down in PD,1,FALSE,FALSE
IK_VIMPHGVJPCSNPE-ZCLMWFBCSA-N,"PC(22:6(4Z,7Z,10Z,13Z,16Z,19Z)/18:3(6Z,9Z,12Z))","PC(22:6(4Z,7Z,10Z,13Z,16Z,19Z)/18:3(6Z,9Z,12Z))",VIMPHGVJPCSNPE-ZCLMWFBCSA-N,C48H78NO8P,1,1,0,1,-0.113277748,-0.113277748,0.113277748,NA,MTBLS11904,Down in PD,1,FALSE,FALSE
IK_LIFAQMGORKPVDH-UHFFFAOYSA-N,7-Ethoxycoumarin,7-Ethoxycoumarin,LIFAQMGORKPVDH-UHFFFAOYSA-N,C11H10O3,1,1,1,0,0.113244529,0.113244529,0.113244529,NA,MTBLS11904,Up in PD,1,FALSE,FALSE
IK_BSFUDCIRZBAPDS-UHFFFAOYSA-N,Isokobusone,Isokobusone,BSFUDCIRZBAPDS-UHFFFAOYSA-N,C14H22O2,1,1,1,0,0.113144871,0.113144871,0.113144871,NA,MTBLS11904,Up in PD,1,FALSE,FALSE
IK_PEJGMBUENJSLLH-RHAKMSQVSA-N,"SM(d18:2(4E,14Z)/14:0)","SM(d18:2(4E,14Z)/14:0)",PEJGMBUENJSLLH-RHAKMSQVSA-N,C37H73N2O6P,1,1,0,1,-0.113078432,-0.113078432,0.113078432,NA,MTBLS11904,Down in PD,1,FALSE,FALSE
IK_GIRXTOSJOKKBHO-BQTUIHPCSA-N,Food orange 7,Food orange 7,GIRXTOSJOKKBHO-BQTUIHPCSA-N,C32H44O2,1,1,1,0,0.112912336,0.112912336,0.112912336,NA,MTBLS11904,Up in PD,1,FALSE,FALSE
IK_ZFOZVQLOBQUTQQ-UHFFFAOYSA-N,Tributyl citrate,Tributyl citrate,ZFOZVQLOBQUTQQ-UHFFFAOYSA-N,C18H32O7,1,1,1,0,0.112912336,0.112912336,0.112912336,NA,MTBLS11904,Up in PD,1,FALSE,FALSE
IK_IOQPZZOEVPZRBK-UHFFFAOYSA-N,Octylamine,Octylamine,IOQPZZOEVPZRBK-UHFFFAOYSA-N,C8H19N,1,1,1,0,0.112679801,0.112679801,0.112679801,NA,MTBLS11904,Up in PD,1,FALSE,FALSE
IK_JXVXYRZQIUPYSA-NHCYSSNCSA-N,Pro Val Gln,Pro Val Gln,JXVXYRZQIUPYSA-NHCYSSNCSA-N,C15H26N4O5,1,1,1,0,0.112613362,0.112613362,0.112613362,NA,MTBLS11904,Up in PD,1,FALSE,FALSE
IK_DXIHLEIENMRHAA-UHFFFAOYSA-N,"1,2,5-Trihydroxypyrrole-3-sulfonic acid","1,2,5-Trihydroxypyrrole-3-sulfonic acid",DXIHLEIENMRHAA-UHFFFAOYSA-N,C4H5NO6S,1,1,1,0,0.112580143,0.112580143,0.112580143,NA,MTBLS11904,Up in PD,1,FALSE,FALSE
IK_YJBKIVNOGNRKDV-UHFFFAOYSA-N,Edta citrate,Edta citrate,YJBKIVNOGNRKDV-UHFFFAOYSA-N,C16H18N2O15,1,1,1,0,0.112380828,0.112380828,0.112380828,NA,MTBLS11904,Up in PD,1,FALSE,FALSE
IK_HNFSZKRUPTYBOQ-ZDYOIFAYSA-N,"PE(18:0/22:4(7Z,10Z,13Z,16Z))","PE(18:0/22:4(7Z,10Z,13Z,16Z))",HNFSZKRUPTYBOQ-ZDYOIFAYSA-N,C45H82NO8P,1,1,0,1,-0.112347608,-0.112347608,0.112347608,NA,MTBLS11904,Down in PD,1,FALSE,FALSE
IK_MBWDCAVWOVBITA-RRQLROBKSA-N,"DG(18:3(9,11,15)-OH(13)/0:0/a-15:0)","DG(18:3(9,11,15)-OH(13)/0:0/a-15:0)",MBWDCAVWOVBITA-RRQLROBKSA-N,C36H64O6,1,1,1,0,0.112048635,0.112048635,0.112048635,NA,MTBLS11904,Up in PD,1,FALSE,FALSE
IK_JBCLFWXMTIKCCB-VIFPVBQESA-N,Glycyl-Phenylalanine,Glycyl-Phenylalanine,JBCLFWXMTIKCCB-VIFPVBQESA-N,C11H14N2O3,1,1,0,1,-0.111849319,-0.111849319,0.111849319,NA,MTBLS11904,Down in PD,1,FALSE,FALSE
IK_UZUFPBIDKMEQEQ-UHFFFAOYSA-N,Perfluorononanoic Acid,Perfluorononanoic Acid,UZUFPBIDKMEQEQ-UHFFFAOYSA-N,C9HF17O2,1,1,0,1,-0.111616784,-0.111616784,0.111616784,NA,MTBLS11904,Down in PD,1,FALSE,FALSE
IK_LZOSYCMHQXPBFU-UHFFFAOYSA-N,Decanoyl-L-carnitine,Decanoyl-L-carnitine | Decanoylcarnitine,LZOSYCMHQXPBFU-UHFFFAOYSA-N,C17H33NO4,1,1,0,1,-0.111550345,-0.111550345,0.111550345,NA,MTBLS11904,Down in PD,1,FALSE,FALSE
IK_OWTJVZIKRRJXGS-MAEXYVIMSA-N,3-O-Demethylfortimicin A,3-O-Demethylfortimicin A,OWTJVZIKRRJXGS-MAEXYVIMSA-N,C16H33N5O6,1,1,1,0,0.111483907,0.111483907,0.111483907,NA,MTBLS11904,Up in PD,1,FALSE,FALSE
IK_AEFNZGGBWOQYID-KQPZCCJBSA-N,Demethylphylloquinol,Demethylphylloquinol,AEFNZGGBWOQYID-KQPZCCJBSA-N,C30H46O2,1,1,0,1,-0.111450688,-0.111450688,0.111450688,NA,MTBLS11904,Down in PD,1,FALSE,FALSE
IK_OJYLAHXKWMRDGS-UHFFFAOYSA-N,Zingerone,Zingerone,OJYLAHXKWMRDGS-UHFFFAOYSA-N,C11H14O3,1,1,0,1,-0.111317811,-0.111317811,0.111317811,NA,MTBLS11904,Down in PD,1,FALSE,FALSE
IK_WGNAKZGUSRVWRH-UHFFFAOYSA-N,p-Cresol sulfate,p-Cresol sulfate | P-Tolyl Sulfate,WGNAKZGUSRVWRH-UHFFFAOYSA-N,C7H8O4S,1,1,1,0,0.111031312,0.111031312,0.111031312,0.0278,33485385,Up in PD,1,FALSE,FALSE
IK_DNXHEGUUPJUMQT-CBZIJGRNSA-N,estron (E1),estron (E1),DNXHEGUUPJUMQT-CBZIJGRNSA-N,C18H22O2,1,1,1,0,0.110323149,0.110323149,0.110323149,NA,37589832,Up in PD,1,FALSE,FALSE
IK_VZJHQHUOVIDRCF-UHFFFAOYSA-N,3-Isolongifolol,3-Isolongifolol,VZJHQHUOVIDRCF-UHFFFAOYSA-N,C15H26O,1,1,1,0,0.110321232,0.110321232,0.110321232,NA,MTBLS11904,Up in PD,1,FALSE,FALSE
IK_XINCECQTMHSORG-UHFFFAOYSA-N,Isopentyl isopentanoate,Isopentyl isopentanoate,XINCECQTMHSORG-UHFFFAOYSA-N,C10H20O2,1,1,1,0,0.110288013,0.110288013,0.110288013,NA,MTBLS11904,Up in PD,1,FALSE,FALSE
IK_GJRXIEGNAMFGOV-VEOGPPBOSA-N,"PC(22:6(4Z,7Z,10Z,13Z,16Z,19Z)/P-16:0)","PC(22:6(4Z,7Z,10Z,13Z,16Z,19Z)/P-16:0)",GJRXIEGNAMFGOV-VEOGPPBOSA-N,C46H80NO7P,1,1,0,1,-0.110221574,-0.110221574,0.110221574,NA,MTBLS11904,Down in PD,1,FALSE,FALSE
IK_SNFUTDLOCQQRQD-ZKWXMUAHSA-N,Glutamylisoleucine,Glutamylisoleucine,SNFUTDLOCQQRQD-ZKWXMUAHSA-N,C11H20N2O5,1,1,1,0,0.110221574,0.110221574,0.110221574,NA,MTBLS11904,Up in PD,1,FALSE,FALSE
IK_XRISENIKJUKIHD-LHQZMKCDSA-N,Butaprost,Butaprost,XRISENIKJUKIHD-LHQZMKCDSA-N,C24H40O5,1,1,0,1,-0.110221574,-0.110221574,0.110221574,NA,MTBLS11904,Down in PD,1,FALSE,FALSE
IK_HHTOWVWIVBSOKC-UHFFFAOYSA-N,"Cis,trans-5'-Hydroxythalidomide","Cis,trans-5'-Hydroxythalidomide",HHTOWVWIVBSOKC-UHFFFAOYSA-N,C13H10N2O5,1,1,1,0,0.110155136,0.110155136,0.110155136,NA,MTBLS11904,Up in PD,1,FALSE,FALSE
IK_OECTYKWYRCHAKR-UHFFFAOYSA-N,4-Vinylcyclohexene dioxide,4-Vinylcyclohexene dioxide,OECTYKWYRCHAKR-UHFFFAOYSA-N,C8H12O2,1,1,1,0,0.110121916,0.110121916,0.110121916,NA,MTBLS11904,Up in PD,1,FALSE,FALSE
IK_LGOGXWQIQWFWBX-BEEAGPBQSA-N,"PE(20:3(6,8,11)-OH(5)/22:1(13Z))","PE(20:3(6,8,11)-OH(5)/22:1(13Z))",LGOGXWQIQWFWBX-BEEAGPBQSA-N,C47H86NO9P,1,1,0,1,-0.110088697,-0.110088697,0.110088697,NA,MTBLS11904,Down in PD,1,FALSE,FALSE
IK_RMIYQXBEQHMQGK-ZMEZPTJQSA-N,"PE(20:0/22:6(5Z,7Z,10Z,13Z,16Z,19Z)-OH(4))","PE(20:0/22:6(5Z,7Z,10Z,13Z,16Z,19Z)-OH(4))",RMIYQXBEQHMQGK-ZMEZPTJQSA-N,C47H82NO9P,1,1,1,0,0.109623627,0.109623627,0.109623627,NA,MTBLS11904,Up in PD,1,FALSE,FALSE
IK_VLTXBOGHSBHSAC-UHFFFAOYSA-N,Perfluoro tert-butylcyclohexane,Perfluoro tert-butylcyclohexane,VLTXBOGHSBHSAC-UHFFFAOYSA-N,C10F20,1,1,1,0,0.109457531,0.109457531,0.109457531,NA,MTBLS11904,Up in PD,1,FALSE,FALSE
IK_JPDVTYPPMALQJO-UZQDAVMLSA-N,N-di-Demethyl roxithromycin,N-di-Demethyl roxithromycin,JPDVTYPPMALQJO-UZQDAVMLSA-N,C40H74N2O14,1,1,0,1,-0.109424311,-0.109424311,0.109424311,NA,MTBLS11904,Down in PD,1,FALSE,FALSE
IK_UVZICZIVKIMRNE-UHFFFAOYSA-N,Thiodiacetic acid,Thiodiacetic acid,UVZICZIVKIMRNE-UHFFFAOYSA-N,C4H6O4S,1,1,1,0,0.109391092,0.109391092,0.109391092,NA,MTBLS11904,Up in PD,1,FALSE,FALSE
IK_RZHVUADUVVHWMD-SOFGYWHQSA-N,Dec-7-enedioylcarnitine,Dec-7-enedioylcarnitine,RZHVUADUVVHWMD-SOFGYWHQSA-N,C17H29NO6,1,1,0,1,-0.109357873,-0.109357873,0.109357873,NA,MTBLS11904,Down in PD,1,FALSE,FALSE
IK_UZTFMUBKZQVKLK-UHFFFAOYSA-N,4-Acetamidobutanoic acid,4-Acetamidobutanoic acid,UZTFMUBKZQVKLK-UHFFFAOYSA-N,C6H11NO3,1,1,1,0,0.109357873,0.109357873,0.109357873,NA,MTBLS11904,Up in PD,1,FALSE,FALSE
IK_LILXPJXZNJTPQZ-UHFFFAOYSA-N,2-Methoxy-4-methylphenol sulfate,2-Methoxy-4-methylphenol sulfate,LILXPJXZNJTPQZ-UHFFFAOYSA-N,C8H10O5S,1,1,0,1,-0.109324654,-0.109324654,0.109324654,NA,MTBLS11904,Down in PD,1,FALSE,FALSE
IK_WRDTXMBPHMBGIB-STECZYCISA-N,Ile Tyr Val,Ile Tyr Val,WRDTXMBPHMBGIB-STECZYCISA-N,C20H31N3O5,1,1,0,1,-0.108926022,-0.108926022,0.108926022,NA,MTBLS11904,Down in PD,1,FALSE,FALSE
IK_YIAPLDFPUUJILH-UHFFFAOYSA-N,Indan-1-ol,Indan-1-ol,YIAPLDFPUUJILH-UHFFFAOYSA-N,C9H10O,1,1,0,1,-0.108294856,-0.108294856,0.108294856,NA,MTBLS11904,Down in PD,1,FALSE,FALSE
IK_BCPDBSZPXWSVHR-BAIOGQDRSA-N,Acetyl-pepstatin,Acetyl-pepstatin,BCPDBSZPXWSVHR-BAIOGQDRSA-N,C31H57N5O9,1,1,0,1,-0.108161979,-0.108161979,0.108161979,NA,MTBLS11904,Down in PD,1,FALSE,FALSE
IK_AYSGOPOJGPEGSU-UHFFFAOYSA-N,"(5alpha,6beta,14alpha,20R,22R)-5,6,14,20,27-Pentahydroxy-1-oxowith-24-enolide","(5alpha,6beta,14alpha,20R,22R)-5,6,14,20,27-Pentahydroxy-1-oxowith-24-enolide",AYSGOPOJGPEGSU-UHFFFAOYSA-N,C28H42O8,1,1,1,0,0.107730128,0.107730128,0.107730128,NA,MTBLS11904,Up in PD,1,FALSE,FALSE
IK_JQNFSWJEERESHM-SRQIZXRXSA-N,Cysteinylhydroxyproline,Cysteinylhydroxyproline,JQNFSWJEERESHM-SRQIZXRXSA-N,C8H14N2O4S,1,1,1,0,0.107564032,0.107564032,0.107564032,NA,MTBLS11904,Up in PD,1,FALSE,FALSE
IK_QWVGKYWNOKOFNN-UHFFFAOYSA-N,O-Cresol,O-Cresol,QWVGKYWNOKOFNN-UHFFFAOYSA-N,C7H8O,1,1,0,1,-0.107507559,-0.107507559,0.107507559,NA,MTBLS11904,Down in PD,1,FALSE,FALSE
IK_CAAKRPRWCVWYAO-UHFFFAOYSA-N,P-O-Desmethyl Verapamil,P-O-Desmethyl Verapamil,CAAKRPRWCVWYAO-UHFFFAOYSA-N,C26H36N2O4,1,1,0,1,-0.107265058,-0.107265058,0.107265058,NA,MTBLS11904,Down in PD,1,FALSE,FALSE
IK_DWRXFEITVBNRMK-JAGXHNFQSA-N,Spongothymidine,Spongothymidine,DWRXFEITVBNRMK-JAGXHNFQSA-N,C10H14N2O6,1,1,0,1,-0.10719862,-0.10719862,0.10719862,NA,MTBLS11904,Down in PD,1,FALSE,FALSE
IK_LFTRJWKKLPVMNE-RCBQFDQVSA-N,Valyl-prolyl-glycyl-valyl-glycine,Valyl-prolyl-glycyl-valyl-glycine,LFTRJWKKLPVMNE-RCBQFDQVSA-N,C19H33N5O6,1,1,1,0,0.1071654,0.1071654,0.1071654,NA,MTBLS11904,Up in PD,1,FALSE,FALSE
IK_POUITAHNNRJWMA-UHFFFAOYSA-N,5-Hydroxybenzofuran-2(3H)-one,5-Hydroxybenzofuran-2(3H)-one,POUITAHNNRJWMA-UHFFFAOYSA-N,C8H6O3,1,1,1,0,0.106501015,0.106501015,0.106501015,NA,MTBLS11904,Up in PD,1,FALSE,FALSE
IK_YQGDEPYYFWUPGO-UHFFFAOYSA-N,4-Amino-3-hydroxybutyrate,4-Amino-3-hydroxybutyrate,YQGDEPYYFWUPGO-UHFFFAOYSA-N,C4H9NO3,1,1,1,0,0.106501015,0.106501015,0.106501015,NA,MTBLS11904,Up in PD,1,FALSE,FALSE
IK_XEVRBOQZSXWGQO-PAUXXPOVSA-N,PE(22:6/0:0),"PE(22:6/0:0) | LysoPE(22:6(4Z,7Z,10Z,13Z,16Z,19Z)/0:0)",XEVRBOQZSXWGQO-PAUXXPOVSA-N,C27H44NO7P,1,1,1,0,0.106202041,0.106202041,0.106202041,NA,MTBLS11904,Up in PD,1,FALSE,FALSE
IK_YPJUNDFVDDCYIH-UHFFFAOYSA-N,Heptafluorobutyric acid,Heptafluorobutyric acid,YPJUNDFVDDCYIH-UHFFFAOYSA-N,C4HF7O2,1,1,1,0,0.105869848,0.105869848,0.105869848,NA,MTBLS11904,Up in PD,1,FALSE,FALSE
IK_XGYIMTFOTBMPFP-KQYNXXCUSA-N,5'-Deoxyadenosine,5'-Deoxyadenosine,XGYIMTFOTBMPFP-KQYNXXCUSA-N,C10H13N5O3,1,1,0,1,-0.105836629,-0.105836629,0.105836629,NA,MTBLS11904,Down in PD,1,FALSE,FALSE
IK_RMRJXGBAOAMLHD-IHFGGWKQSA-N,Buprenorphine,Buprenorphine,RMRJXGBAOAMLHD-IHFGGWKQSA-N,C29H41NO4,1,1,1,0,0.10580341,0.10580341,0.10580341,NA,MTBLS11904,Up in PD,1,FALSE,FALSE
IK_CLVUFWXGNIFGNC-QTSLKERKSA-N,"(2r,3r,5s,6r)-2,6-Bis(hydroxymethyl)piperidine-3,4,5-triol","(2r,3r,5s,6r)-2,6-Bis(hydroxymethyl)piperidine-3,4,5-triol",CLVUFWXGNIFGNC-QTSLKERKSA-N,C7H15NO5,1,1,1,0,0.105736971,0.105736971,0.105736971,NA,MTBLS11904,Up in PD,1,FALSE,FALSE
IK_NKFNBVMJTSYZDV-UHFFFAOYSA-N,Lauryldiethanolamine,Lauryldiethanolamine,NKFNBVMJTSYZDV-UHFFFAOYSA-N,C16H35NO2,1,1,0,1,-0.105670533,-0.105670533,0.105670533,NA,MTBLS11904,Down in PD,1,FALSE,FALSE
IK_CBMYJHIOYJEBSB-CAHXEBCQSA-N,Androstanediol,Androstanediol,CBMYJHIOYJEBSB-CAHXEBCQSA-N,C19H32O2,1,1,0,1,-0.105404779,-0.105404779,0.105404779,NA,MTBLS11904,Down in PD,1,FALSE,FALSE
IK_YCXUCEXEMJPDRZ-UHFFFAOYSA-N,Ganoderic acid H,Ganoderic acid H,YCXUCEXEMJPDRZ-UHFFFAOYSA-N,C32H44O9,1,1,1,0,0.10533834,0.10533834,0.10533834,NA,MTBLS11904,Up in PD,1,FALSE,FALSE
IK_NDAUXUAQIAJITI-UHFFFAOYSA-N,Salbutamol,Salbutamol,NDAUXUAQIAJITI-UHFFFAOYSA-N,C13H21NO3,1,1,1,0,0.104972928,0.104972928,0.104972928,NA,MTBLS11904,Up in PD,1,FALSE,FALSE
IK_BTIHMVBBUGXLCJ-UHFFFAOYSA-N,2-[[9-(1-Methylethyl)-6-[(phenylmethyl)amino]-9H-purin-2-yl]amino]-1-butanol,2-[[9-(1-Methylethyl)-6-[(phenylmethyl)amino]-9H-purin-2-yl]amino]-1-butanol,BTIHMVBBUGXLCJ-UHFFFAOYSA-N,C19H26N6O,1,1,0,1,-0.104740393,-0.104740393,0.104740393,NA,MTBLS11904,Down in PD,1,FALSE,FALSE
IK_DIFYHTVBKJHYKE-OUNRCAHPSA-N,Gonal,Gonal,DIFYHTVBKJHYKE-OUNRCAHPSA-N,C18H28O,1,1,0,1,-0.104507858,-0.104507858,0.104507858,NA,MTBLS11904,Down in PD,1,FALSE,FALSE
IK_DZTWAOVNNLDWNH-XYXZLXRDSA-N,Heliangin,Heliangin,DZTWAOVNNLDWNH-XYXZLXRDSA-N,C20H26O6,1,1,1,0,0.104142446,0.104142446,0.104142446,NA,MTBLS11904,Up in PD,1,FALSE,FALSE
IK_IWBHCLOBTQKEFG-UHFFFAOYSA-N,Reticulatamol,Reticulatamol,IWBHCLOBTQKEFG-UHFFFAOYSA-N,C35H66O3,1,1,0,1,-0.104076007,-0.104076007,0.104076007,NA,MTBLS11904,Down in PD,1,FALSE,FALSE
IK_DUZODDYGMSCYMJ-UHFFFAOYSA-N,N(6)-(Octanoyl)lysine,N(6)-(Octanoyl)lysine,DUZODDYGMSCYMJ-UHFFFAOYSA-N,C14H28N2O3,1,1,0,1,-0.103810253,-0.103810253,0.103810253,NA,MTBLS11904,Down in PD,1,FALSE,FALSE
IK_NSHPHXHGRHSMIK-JRIKCGFMSA-N,Latrunculin B,Latrunculin B,NSHPHXHGRHSMIK-JRIKCGFMSA-N,C20H29NO5S,1,1,1,0,0.103810253,0.103810253,0.103810253,NA,MTBLS11904,Up in PD,1,FALSE,FALSE
IK_XLUAWXQORJEMBD-YUMQZZPRSA-N,CHEBI:69439,CHEBI:69439 | Cyclo(L-Pro-L-Val),XLUAWXQORJEMBD-YUMQZZPRSA-N,C10H16N2O2,1,1,1,0,0.103777034,0.103777034,0.103777034,NA,MTBLS11904,Up in PD,1,FALSE,FALSE
IK_FERBTPHUEYEGDN-UHFFFAOYSA-N,4-(undecan-5-yl)benzene-1-Sulfonic Acid,4-(undecan-5-yl)benzene-1-Sulfonic Acid,FERBTPHUEYEGDN-UHFFFAOYSA-N,C17H28O3S,1,1,1,0,0.103743814,0.103743814,0.103743814,NA,MTBLS11904,Up in PD,1,FALSE,FALSE
IK_VQASKUSHBVDKGU-UHFFFAOYSA-N,Paramethadione,Paramethadione,VQASKUSHBVDKGU-UHFFFAOYSA-N,C7H11NO3,1,1,1,0,0.103511279,0.103511279,0.103511279,NA,MTBLS11904,Up in PD,1,FALSE,FALSE
IK_SLEHROROQDYRAW-KQYNXXCUSA-N,N2-Methylguanosine,N2-Methylguanosine,SLEHROROQDYRAW-KQYNXXCUSA-N,C11H15N5O5,1,1,0,1,-0.103079429,-0.103079429,0.103079429,NA,MTBLS11904,Down in PD,1,FALSE,FALSE
IK_FTTDBZNMICPROO-UHFFFAOYSA-N,Dmap-ethyl-paf,Dmap-ethyl-paf,FTTDBZNMICPROO-UHFFFAOYSA-N,C30H57N2O6P,1,1,0,1,-0.10301299,-0.10301299,0.10301299,NA,MTBLS11904,Down in PD,1,FALSE,FALSE
IK_FVXDQWZBHIXIEJ-LNDKUQBDSA-N,"PC(18:2(9Z,12Z)/18:2(9Z,12Z))","PC(18:2(9Z,12Z)/18:2(9Z,12Z))",FVXDQWZBHIXIEJ-LNDKUQBDSA-N,C44H80NO8P,1,1,1,0,0.102913332,0.102913332,0.102913332,NA,MTBLS11904,Up in PD,1,FALSE,FALSE
IK_ONIBWKKTOPOVIA-BYPYZUCNSA-N,L-Proline,L-Proline,ONIBWKKTOPOVIA-BYPYZUCNSA-N,C5H9NO2,1,1,1,0,0.102680797,0.102680797,0.102680797,NA,MTBLS11904,Up in PD,1,FALSE,FALSE
IK_CVVKIXNPXDBREE-UHFFFAOYSA-N,3-Methyl-2-(3-pyridyl)-1-indoleoctanoic acid,3-Methyl-2-(3-pyridyl)-1-indoleoctanoic acid,CVVKIXNPXDBREE-UHFFFAOYSA-N,C22H26N2O2,1,1,0,1,-0.102614359,-0.102614359,0.102614359,NA,MTBLS11904,Down in PD,1,FALSE,FALSE
IK_QMGGUIASDZZMHS-UHFFFAOYSA-N,Stearoyllactic acid,Stearoyllactic acid,QMGGUIASDZZMHS-UHFFFAOYSA-N,C21H40O4,1,1,1,0,0.102614359,0.102614359,0.102614359,NA,MTBLS11904,Up in PD,1,FALSE,FALSE
IK_AMTPYFGPPVFBBI-UHFFFAOYSA-N,Acedapsone,Acedapsone,AMTPYFGPPVFBBI-UHFFFAOYSA-N,C16H16N2O4S,1,1,1,0,0.102282166,0.102282166,0.102282166,NA,MTBLS11904,Up in PD,1,FALSE,FALSE
IK_NMGVHLDIHNFGQB-ZGLWHBDZSA-N,Rhamnetin 3-rhamninoside,Rhamnetin 3-rhamninoside,NMGVHLDIHNFGQB-ZGLWHBDZSA-N,C34H42O20,1,1,0,1,-0.102215728,-0.102215728,0.102215728,NA,MTBLS11904,Down in PD,1,FALSE,FALSE
IK_CHFOVLMTXSAFKC-UHFFFAOYSA-N,Chenodeoxycholylasparagine,Chenodeoxycholylasparagine,CHFOVLMTXSAFKC-UHFFFAOYSA-N,C28H46N2O6,1,1,0,1,-0.102049631,-0.102049631,0.102049631,NA,MTBLS11904,Down in PD,1,FALSE,FALSE
IK_IBRKLUSXDYATLG-ZCFIWIBFSA-N,(R)-Salsolinol,(R)-Salsolinol,IBRKLUSXDYATLG-ZCFIWIBFSA-N,C10H13NO2,1,1,1,0,0.101883535,0.101883535,0.101883535,NA,MTBLS11904,Up in PD,1,FALSE,FALSE
IK_XZUDOWCTKOXYCZ-UHFFFAOYSA-N,3-Hydroxy-4-oxo-4H-pyran-2-carboxylic acid,3-Hydroxy-4-oxo-4H-pyran-2-carboxylic acid,XZUDOWCTKOXYCZ-UHFFFAOYSA-N,C6H4O5,1,1,1,0,0.101783877,0.101783877,0.101783877,NA,MTBLS11904,Up in PD,1,FALSE,FALSE
IK_WKBALTUBRZPIPZ-UHFFFAOYSA-N,"2,6-Diisopropylaniline","2,6-Diisopropylaniline",WKBALTUBRZPIPZ-UHFFFAOYSA-N,C12H19N,1,1,1,0,0.101717438,0.101717438,0.101717438,NA,MTBLS11904,Up in PD,1,FALSE,FALSE
IK_FMINYZXVCTYSNY-UHFFFAOYSA-N,Methyldymron,Methyldymron,FMINYZXVCTYSNY-UHFFFAOYSA-N,C17H20N2O,1,1,1,0,0.101352026,0.101352026,0.101352026,NA,MTBLS11904,Up in PD,1,FALSE,FALSE
IK_OMHUCGDTACNQEX-OSHKXICASA-N,Steviobioside,Steviobioside,OMHUCGDTACNQEX-OSHKXICASA-N,C32H50O13,1,1,0,1,-0.101318807,-0.101318807,0.101318807,NA,MTBLS11904,Down in PD,1,FALSE,FALSE
IK_LJTSIMVOOOLKOL-FNRDIUJOSA-N,Antroquinonol,Antroquinonol,LJTSIMVOOOLKOL-FNRDIUJOSA-N,C24H38O4,1,1,1,0,0.101152711,0.101152711,0.101152711,NA,MTBLS11904,Up in PD,1,FALSE,FALSE
IK_NNEIBJNHWVDJBA-GYSLYLNXSA-N,Deoxycholic acid 3-glucuronide,Deoxycholic acid 3-glucuronide,NNEIBJNHWVDJBA-GYSLYLNXSA-N,C30H48O10,1,1,1,0,0.101119491,0.101119491,0.101119491,NA,MTBLS11904,Up in PD,1,FALSE,FALSE
IK_IHTCCHVMPGDDSL-IVNGUWCNSA-N,Cucurbitacin A,Cucurbitacin A,IHTCCHVMPGDDSL-IVNGUWCNSA-N,C32H46O9,1,1,0,1,-0.100388667,-0.100388667,0.100388667,NA,MTBLS11904,Down in PD,1,FALSE,FALSE
IK_CERUVRSAHAFOLZ-LAWPZHMJSA-N,Digitoxigenin bisdigitoxide,Digitoxigenin bisdigitoxide,CERUVRSAHAFOLZ-LAWPZHMJSA-N,C35H54O10,1,1,1,0,0.100289009,0.100289009,0.100289009,NA,MTBLS11904,Up in PD,1,FALSE,FALSE
IK_AURFZBICLPNKBZ-FZCSVUEKSA-N,Alloepipregnanolone,Alloepipregnanolone,AURFZBICLPNKBZ-FZCSVUEKSA-N,C21H34O2,1,1,1,0,0.100089694,0.100089694,0.100089694,NA,MTBLS11904,Up in PD,1,FALSE,FALSE
IK_QEFRNWWLZKMPFJ-YGVKFDHGSA-N,Methionine Sulfoxide,Methionine Sulfoxide | L-Methionine S-oxide | L-Methionine sulfoxide,QEFRNWWLZKMPFJ-YGVKFDHGSA-N,C5H11NO3S,1,1,0,1,-0.100056474,-0.100056474,0.100056474,NA,MTBLS11904,Down in PD,1,FALSE,FALSE
IK_RSRDWHPVTMQUGZ-OZIWPBGVSA-N,Pregnan-20-one,Pregnan-20-one,RSRDWHPVTMQUGZ-OZIWPBGVSA-N,C21H34O,1,1,0,1,-0.100056474,-0.100056474,0.100056474,NA,MTBLS11904,Down in PD,1,FALSE,FALSE
IK_NLPBBNGDXNHAJP-AATRIKPKSA-N,9-Hydroxy-7-megastigmen-3-one glucoside,9-Hydroxy-7-megastigmen-3-one glucoside,NLPBBNGDXNHAJP-AATRIKPKSA-N,C19H32O7,1,1,1,0,0.099890378,0.099890378,0.099890378,NA,MTBLS11904,Up in PD,1,FALSE,FALSE
IK_QBILRDAMJUPXCX-PDSBPYSYSA-N,Corchoroside A,Corchoroside A,QBILRDAMJUPXCX-PDSBPYSYSA-N,C29H42O9,1,1,0,1,-0.099491746,-0.099491746,0.099491746,NA,MTBLS11904,Down in PD,1,FALSE,FALSE
IK_KGFGBSRVWKBWIC-UHFFFAOYSA-N,"1H-Imidazole-1-acetamide, N,N-bis(2-hydroxyethyl)-2-nitro-","1H-Imidazole-1-acetamide, N,N-bis(2-hydroxyethyl)-2-nitro-",KGFGBSRVWKBWIC-UHFFFAOYSA-N,C9H14N4O5,1,1,0,1,-0.099458527,-0.099458527,0.099458527,NA,MTBLS11904,Down in PD,1,FALSE,FALSE
IK_DIVQKHQLANKJQO-UHFFFAOYSA-N,3-Methoxytyramine,3-Methoxytyramine,DIVQKHQLANKJQO-UHFFFAOYSA-N,C9H13NO2,1,1,1,0,0.09932565,0.09932565,0.09932565,NA,MTBLS11904,Up in PD,1,FALSE,FALSE
IK_JMTMSDXUXJISAY-UHFFFAOYSA-N,4-Hydroxybenzotriazole,4-Hydroxybenzotriazole,JMTMSDXUXJISAY-UHFFFAOYSA-N,C6H5N3O,1,1,1,0,0.099292431,0.099292431,0.099292431,NA,MTBLS11904,Up in PD,1,FALSE,FALSE
IK_YTPRLBGPGZHUPD-SSDOTTSWSA-N,Salsoline,Salsoline,YTPRLBGPGZHUPD-SSDOTTSWSA-N,C11H15NO2,1,1,0,1,-0.099192773,-0.099192773,0.099192773,NA,MTBLS11904,Down in PD,1,FALSE,FALSE
IK_ODHCTXKNWHHXJC-VKHMYHEASA-N,L-Pyroglutamic acid,L-Pyroglutamic acid | Pyroglutamic acid | L-5-Oxoproline | oxoproline,ODHCTXKNWHHXJC-VKHMYHEASA-N,C5H7NO3,1,1,1,0,0.099159554,0.099159554,0.099159554,NA,MTBLS11904,Up in PD,1,FALSE,FALSE
IK_GSBJTPGARMFLIJ-YYBQYWACSA-N,DG(PGE2/0:0/a-17:0),DG(PGE2/0:0/a-17:0),GSBJTPGARMFLIJ-YYBQYWACSA-N,C40H70O8,1,1,0,1,-0.099026677,-0.099026677,0.099026677,NA,MTBLS11904,Down in PD,1,FALSE,FALSE
IK_VLSMHEGGTFMBBZ-OOZYFLPDSA-N,Kainic acid,Kainic acid,VLSMHEGGTFMBBZ-OOZYFLPDSA-N,C10H15NO4,1,1,1,0,0.098760922,0.098760922,0.098760922,NA,MTBLS11904,Up in PD,1,FALSE,FALSE
IK_WVBBZEILYLXGFN-RBUKOAKNSA-N,Sphingosine 1-phosphate (d19:1-P),Sphingosine 1-phosphate (d19:1-P),WVBBZEILYLXGFN-RBUKOAKNSA-N,C19H42NO5P,1,1,0,1,-0.098694484,-0.098694484,0.098694484,NA,MTBLS11904,Down in PD,1,FALSE,FALSE
IK_UYEMZAOCHUCHMG-GVTGRELXSA-N,Schleicherastatin 3,Schleicherastatin 3,UYEMZAOCHUCHMG-GVTGRELXSA-N,C29H50O3,1,1,0,1,-0.098229414,-0.098229414,0.098229414,NA,MTBLS11904,Down in PD,1,FALSE,FALSE
IK_BRMSNMZILBBMIX-UHFFFAOYSA-N,"Exo-5,6-Dimethylbicyclo[2.2.1]hept-5-en-2-ol","Exo-5,6-Dimethylbicyclo[2.2.1]hept-5-en-2-ol",BRMSNMZILBBMIX-UHFFFAOYSA-N,C9H14O,1,1,1,0,0.098196194,0.098196194,0.098196194,NA,MTBLS11904,Up in PD,1,FALSE,FALSE
IK_QYIYFLOTGYLRGG-GPCCPHFNSA-N,Cefaclor,Cefaclor,QYIYFLOTGYLRGG-GPCCPHFNSA-N,C15H14ClN3O4S,1,1,1,0,0.098129756,0.098129756,0.098129756,NA,MTBLS11904,Up in PD,1,FALSE,FALSE
IK_MYWAIWDQTCHPTH-LJAIZBFVSA-N,"4alpha-carboxy-4beta-methyl-5alpha-cholesta-8,24-dien-3beta-ol","4alpha-carboxy-4beta-methyl-5alpha-cholesta-8,24-dien-3beta-ol",MYWAIWDQTCHPTH-LJAIZBFVSA-N,C29H46O3,1,1,1,0,0.097631467,0.097631467,0.097631467,NA,MTBLS11904,Up in PD,1,FALSE,FALSE
IK_CZKBLHCEDVWPRN-UHFFFAOYSA-N,1-Methyl-3-(2-oxopropylidene)indol-2-one,1-Methyl-3-(2-oxopropylidene)indol-2-one,CZKBLHCEDVWPRN-UHFFFAOYSA-N,C12H11NO2,1,1,0,1,-0.097266055,-0.097266055,0.097266055,NA,MTBLS11904,Down in PD,1,FALSE,FALSE
IK_FLKPEMZONWLCSK-UHFFFAOYSA-N,Diethyl Phthalate,Diethyl Phthalate,FLKPEMZONWLCSK-UHFFFAOYSA-N,C12H14O4,1,1,1,0,0.097199616,0.097199616,0.097199616,NA,MTBLS11904,Up in PD,1,FALSE,FALSE
IK_AHWXJDWBIIDPKS-TZUVPVEASA-N,GPCho(22:6/18:0),"GPCho(22:6/18:0) | PC(22:6(4Z,7Z,10Z,13Z,16Z,19Z)/18:0)",AHWXJDWBIIDPKS-TZUVPVEASA-N,C48H84NO8P,1,1,0,1,-0.097133177,-0.097133177,0.097133177,NA,MTBLS11904,Down in PD,1,FALSE,FALSE
IK_HYRKAAMZBDSJFJ-LFDBJOOHSA-N,Paramethasone acetate,Paramethasone acetate,HYRKAAMZBDSJFJ-LFDBJOOHSA-N,C24H31FO6,1,1,1,0,0.096867423,0.096867423,0.096867423,NA,MTBLS11904,Up in PD,1,FALSE,FALSE
IK_LYMVXFSTACVOLP-ZFWWWQNUSA-N,Trp Leu,Trp Leu,LYMVXFSTACVOLP-ZFWWWQNUSA-N,C17H23N3O3,1,1,1,0,0.096435573,0.096435573,0.096435573,NA,MTBLS11904,Up in PD,1,FALSE,FALSE
NO_INCHIKEY__ser ser oh,Ser-Ser-OH,Ser-Ser-OH,NA,NA,1,1,0,1,-0.096236257,-0.096236257,0.096236257,NA,MTBLS11904,Down in PD,1,FALSE,FALSE
IK_KSEGSVAXULZZCC-UHFFFAOYSA-N,3-Hydroxymethyl-picumast,3-Hydroxymethyl-picumast,KSEGSVAXULZZCC-UHFFFAOYSA-N,C25H29ClN2O4,1,1,1,0,0.096203038,0.096203038,0.096203038,NA,MTBLS11904,Up in PD,1,FALSE,FALSE
IK_IJJKRFDBPRPLQQ-UHFFFAOYSA-N,"Trans-p-Menthane-7,8-diol 7-glucoside","Trans-p-Menthane-7,8-diol 7-glucoside",IJJKRFDBPRPLQQ-UHFFFAOYSA-N,C16H30O7,1,1,1,0,0.095771187,0.095771187,0.095771187,NA,MTBLS11904,Up in PD,1,FALSE,FALSE
IK_YHHSONZFOIEMCP-UHFFFAOYSA-N,Choline Phosphate,Choline Phosphate | Phosphorylcholine,YHHSONZFOIEMCP-UHFFFAOYSA-N,C5H14NO4P,1,1,1,0,0.095704748,0.095704748,0.095704748,NA,MTBLS11904,Up in PD,1,FALSE,FALSE
IK_GSDSWSVVBLHKDQ-JTQLQIEISA-N,Levofloxacin,Levofloxacin,GSDSWSVVBLHKDQ-JTQLQIEISA-N,C18H20FN3O4,1,1,1,0,0.095272898,0.095272898,0.095272898,NA,MTBLS11904,Up in PD,1,FALSE,FALSE
IK_OVBKVWSHXDCSTK-UHFFFAOYSA-N,24-Hydroxytetracosanoic acid,24-Hydroxytetracosanoic acid,OVBKVWSHXDCSTK-UHFFFAOYSA-N,C24H48O3,1,1,0,1,-0.095206459,-0.095206459,0.095206459,NA,MTBLS11904,Down in PD,1,FALSE,FALSE
IK_JAVWFBAAZSHHAD-HCYAGMRRSA-N,"PC(16:0/20:4(8Z,11Z,14Z,17Z))","PC(16:0/20:4(8Z,11Z,14Z,17Z))",JAVWFBAAZSHHAD-HCYAGMRRSA-N,C44H80NO8P,1,1,0,1,-0.095106801,-0.095106801,0.095106801,NA,MTBLS11904,Down in PD,1,FALSE,FALSE
IK_ZFFFJLDTCLJDHL-JQYCEVDMSA-N,Pregnanediol 3-O-glucuronide,Pregnanediol 3-O-glucuronide,ZFFFJLDTCLJDHL-JQYCEVDMSA-N,C27H44O8,1,1,1,0,0.095073582,0.095073582,0.095073582,NA,MTBLS11904,Up in PD,1,FALSE,FALSE
IK_KACDZDULGKPXHT-HIVNOOBXSA-N,PE(P-18:0/0:0),PE(P-18:0/0:0) | LysoPE(P-18:0/0:0),KACDZDULGKPXHT-HIVNOOBXSA-N,C23H48NO6P,1,1,1,0,0.095007144,0.095007144,0.095007144,NA,MTBLS11904,Up in PD,1,FALSE,FALSE
IK_JUCWIWDODRNWRN-REKGFNPQSA-N,PC(P-18:0/20:5),PC(P-18:0/20:5),JUCWIWDODRNWRN-REKGFNPQSA-N,C46H82NO7P,1,1,0,1,-0.094741389,-0.094741389,0.094741389,NA,MTBLS11904,Down in PD,1,FALSE,FALSE
IK_UJFZXWOEMYBQAZ-FBJUMJHFSA-N,"PS(18:1(11Z)/18:2(9Z,12Z))","PS(18:1(11Z)/18:2(9Z,12Z))",UJFZXWOEMYBQAZ-FBJUMJHFSA-N,C42H76NO10P,1,1,0,1,-0.09470817,-0.09470817,0.09470817,NA,MTBLS11904,Down in PD,1,FALSE,FALSE
IK_HBGGXOJOCNVPFY-UHFFFAOYSA-N,Diisononyl phthalate,Diisononyl phthalate,HBGGXOJOCNVPFY-UHFFFAOYSA-N,C26H42O4,1,1,1,0,0.094641731,0.094641731,0.094641731,NA,MTBLS11904,Up in PD,1,FALSE,FALSE
IK_FMBYBTSZVHUJMV-DIVFMYBRSA-N,"PC(22:6(4Z,7Z,10Z,13Z,16Z,19Z)/P-18:0)","PC(22:6(4Z,7Z,10Z,13Z,16Z,19Z)/P-18:0)",FMBYBTSZVHUJMV-DIVFMYBRSA-N,C48H84NO7P,1,1,0,1,-0.094575293,-0.094575293,0.094575293,NA,MTBLS11904,Down in PD,1,FALSE,FALSE
IK_PBBWIAQSYZNWPA-UHFFFAOYSA-N,(2S)-2-Amino-5-(diaminomethylideneamino)-4-methylpentanoic acid,(2S)-2-Amino-5-(diaminomethylideneamino)-4-methylpentanoic acid,PBBWIAQSYZNWPA-UHFFFAOYSA-N,C7H16N4O2,1,1,1,0,0.094575293,0.094575293,0.094575293,NA,MTBLS11904,Up in PD,1,FALSE,FALSE
IK_WMUMHAZHWIUBPN-UONOGXRCSA-N,Xestoaminol C,Xestoaminol C,WMUMHAZHWIUBPN-UONOGXRCSA-N,C14H31NO,1,1,0,1,-0.094575293,-0.094575293,0.094575293,NA,MTBLS11904,Down in PD,1,FALSE,FALSE
IK_IESVDEZGAHUQJU-ZLBXKVHBSA-N,"PC(16:0/22:6(4Z,7Z,10Z,13Z,16Z,19Z))","PC(16:0/22:6(4Z,7Z,10Z,13Z,16Z,19Z))",IESVDEZGAHUQJU-ZLBXKVHBSA-N,C46H80NO8P,1,1,0,1,-0.094475635,-0.094475635,0.094475635,NA,MTBLS11904,Down in PD,1,FALSE,FALSE
IK_RINCXYDBBGOEEQ-UHFFFAOYSA-N,Succinic anhydride,Succinic anhydride,RINCXYDBBGOEEQ-UHFFFAOYSA-N,C4H4O3,1,1,0,1,-0.094475635,-0.094475635,0.094475635,NA,MTBLS11904,Down in PD,1,FALSE,FALSE
IK_HEMJJKBWTPKOJG-UHFFFAOYSA-N,Gemfibrozil,Gemfibrozil,HEMJJKBWTPKOJG-UHFFFAOYSA-N,C15H22O3,1,1,0,1,-0.094276319,-0.094276319,0.094276319,NA,MTBLS11904,Down in PD,1,FALSE,FALSE
IK_UFBJCMHMOXMLKC-UHFFFAOYSA-N,"2,4-Dinitrophenol","2,4-Dinitrophenol",UFBJCMHMOXMLKC-UHFFFAOYSA-N,C6H4N2O5,1,1,1,0,0.0942431,0.0942431,0.0942431,NA,MTBLS11904,Up in PD,1,FALSE,FALSE
IK_GFRUPHOKLBPHTQ-UHFFFAOYSA-N,Oxyphenonium,Oxyphenonium,GFRUPHOKLBPHTQ-UHFFFAOYSA-N,C21H34NO3+,1,1,1,0,0.094043784,0.094043784,0.094043784,NA,ST003159,Up in PD,1,FALSE,FALSE
IK_AQAKHZVPOOGUCK-XPUUQOCRSA-N,Gamma-Glutamylvaline,Gamma-Glutamylvaline,AQAKHZVPOOGUCK-XPUUQOCRSA-N,C10H18N2O5,1,1,1,0,0.093944127,0.093944127,0.093944127,NA,MTBLS11904,Up in PD,1,FALSE,FALSE
IK_GWLHCTMTLJQQKG-UHFFFAOYSA-N,Poloxalene,Poloxalene,GWLHCTMTLJQQKG-UHFFFAOYSA-N,C28H42Cl2N2O,1,1,0,1,-0.093879047,-0.093879047,0.093879047,NA,24167579,Down in PD,1,FALSE,FALSE
IK_KPGXRSRHYNQIFN-UHFFFAOYSA-N,Oxoglutaric acid,Oxoglutaric acid,KPGXRSRHYNQIFN-UHFFFAOYSA-N,C5H6O5,1,1,1,0,0.093512276,0.093512276,0.093512276,NA,MTBLS11904,Up in PD,1,FALSE,FALSE
IK_PORXCRSLPBANJT-UHFFFAOYSA-N,Hydroxybuprenorphine,Hydroxybuprenorphine,PORXCRSLPBANJT-UHFFFAOYSA-N,C29H41NO5,1,1,1,0,0.09331296,0.09331296,0.09331296,NA,MTBLS11904,Up in PD,1,FALSE,FALSE
IK_GFZHNFOGCMEYTA-UHFFFAOYSA-N,Gabazine,Gabazine,GFZHNFOGCMEYTA-UHFFFAOYSA-N,C15H18BrN3O3,1,1,0,1,-0.092914329,-0.092914329,0.092914329,NA,MTBLS11904,Down in PD,1,FALSE,FALSE
IK_FYYSIASRLDJUNP-WHFBIAKZSA-N,Glutamylaspartic acid,Glutamylaspartic acid,FYYSIASRLDJUNP-WHFBIAKZSA-N,C9H14N2O7,1,1,0,1,-0.09288111,-0.09288111,0.09288111,NA,MTBLS11904,Down in PD,1,FALSE,FALSE
IK_HZDLKNOGBSMKRN-UHFFFAOYSA-N,Imidazolone A,Imidazolone A,HZDLKNOGBSMKRN-UHFFFAOYSA-N,C12H22N4O6,1,1,1,0,0.09288111,0.09288111,0.09288111,NA,MTBLS11904,Up in PD,1,FALSE,FALSE
IK_SZQIFWWUIBRPBZ-UHFFFAOYSA-N,Ethotoin,Ethotoin,SZQIFWWUIBRPBZ-UHFFFAOYSA-N,C11H12N2O2,1,1,1,0,0.092715013,0.092715013,0.092715013,NA,MTBLS11904,Up in PD,1,FALSE,FALSE
IK_IJVRPNIWWODHHA-UHFFFAOYSA-N,2-Cyanoacrylic acid,2-Cyanoacrylic acid,IJVRPNIWWODHHA-UHFFFAOYSA-N,C4H3NO2,1,1,1,0,0.092648575,0.092648575,0.092648575,NA,MTBLS11904,Up in PD,1,FALSE,FALSE
IK_QVVXWHIDRKRPMO-LXCOYWBSSA-N,19-Hydroxyprostaglandin E1,19-Hydroxyprostaglandin E1,QVVXWHIDRKRPMO-LXCOYWBSSA-N,C20H34O6,1,1,1,0,0.09238282,0.09238282,0.09238282,NA,MTBLS11904,Up in PD,1,FALSE,FALSE
IK_PDLAMJKMOKWLAJ-PVPULFMTSA-N,PI(16:0/18:1(9Z)),PI(16:0/18:1(9Z)),PDLAMJKMOKWLAJ-PVPULFMTSA-N,C43H81O13P,1,1,0,1,-0.092349601,-0.092349601,0.092349601,NA,MTBLS11904,Down in PD,1,FALSE,FALSE
IK_ANKFOZDLPDQNEO-UHFFFAOYSA-N,N-Myristoyl Arginine,N-Myristoyl Arginine,ANKFOZDLPDQNEO-UHFFFAOYSA-N,C20H40N4O3,1,1,0,1,-0.092249943,-0.092249943,0.092249943,NA,MTBLS11904,Down in PD,1,FALSE,FALSE
IK_VKENMLSUUVOQLD-VQVTYTSYSA-N,Gamma-Glutamylhydroxyproline,Gamma-Glutamylhydroxyproline,VKENMLSUUVOQLD-VQVTYTSYSA-N,C10H16N2O6,1,1,0,1,-0.092249943,-0.092249943,0.092249943,NA,MTBLS11904,Down in PD,1,FALSE,FALSE
IK_RBLDVEUUCHVWMW-SXYQVCRBSA-N,Cholic acid glucuronide,Cholic acid glucuronide,RBLDVEUUCHVWMW-SXYQVCRBSA-N,C30H48O11,1,1,1,0,0.092150285,0.092150285,0.092150285,NA,MTBLS11904,Up in PD,1,FALSE,FALSE
IK_KAKZBPTYRLMSJV-UHFFFAOYSA-N,"1,3-Butadiene","1,3-Butadiene",KAKZBPTYRLMSJV-UHFFFAOYSA-N,C4H6,1,1,1,0,0.092017408,0.092017408,0.092017408,NA,MTBLS11904,Up in PD,1,FALSE,FALSE
IK_IXYVBZOSGGJWCW-UHFFFAOYSA-N,Glycinexylidide,Glycinexylidide,IXYVBZOSGGJWCW-UHFFFAOYSA-N,C10H14N2O,1,1,0,1,-0.091984189,-0.091984189,0.091984189,NA,MTBLS11904,Down in PD,1,FALSE,FALSE
IK_GBXSMTUPTTWBMN-XIRDDKMYSA-N,Enalapril,Enalapril,GBXSMTUPTTWBMN-XIRDDKMYSA-N,C20H28N2O5,1,1,1,0,0.09191775,0.09191775,0.09191775,NA,MTBLS11904,Up in PD,1,FALSE,FALSE
IK_RDFIICFCNKXLHC-UHFFFAOYSA-N,2-Hydroxydodecyl methacrylate,2-Hydroxydodecyl methacrylate,RDFIICFCNKXLHC-UHFFFAOYSA-N,C16H30O3,1,1,1,0,0.09191775,0.09191775,0.09191775,NA,MTBLS11904,Up in PD,1,FALSE,FALSE
IK_GQQZXRPXBDJABR-XMDONHODSA-N,3-O-Sulfogalactosylceramide (d18:1/18:0),3-O-Sulfogalactosylceramide (d18:1/18:0),GQQZXRPXBDJABR-XMDONHODSA-N,C42H81NO11S,1,1,1,0,0.091884531,0.091884531,0.091884531,NA,MTBLS11904,Up in PD,1,FALSE,FALSE
IK_GVEZIHKRYBHEFX-NQQPLRFYSA-N,Cerulenin,Cerulenin,GVEZIHKRYBHEFX-NQQPLRFYSA-N,C12H17NO3,1,1,0,1,-0.091851312,-0.091851312,0.091851312,NA,MTBLS11904,Down in PD,1,FALSE,FALSE
IK_UTAIYTHAJQNQDW-KQYNXXCUSA-N,1-Methylguanosine,1-Methylguanosine,UTAIYTHAJQNQDW-KQYNXXCUSA-N,C11H15N5O5,1,1,0,1,-0.091685215,-0.091685215,0.091685215,NA,MTBLS11904,Down in PD,1,FALSE,FALSE
IK_AOMXURITGZJPKB-ZETCQYMHSA-N,N-OMEGA-PROPYL-L-ARGININE,N-OMEGA-PROPYL-L-ARGININE,AOMXURITGZJPKB-ZETCQYMHSA-N,C9H20N4O2,1,1,1,0,0.091618777,0.091618777,0.091618777,NA,MTBLS11904,Up in PD,1,FALSE,FALSE
IK_GYSZYWSJZCKCBD-LXGUAGHKSA-N,Dehydroxypaxilline,Dehydroxypaxilline,GYSZYWSJZCKCBD-LXGUAGHKSA-N,C27H33NO3,1,1,1,0,0.091585558,0.091585558,0.091585558,NA,MTBLS11904,Up in PD,1,FALSE,FALSE
IK_RDHQFKQIGNGIED-MRVPVSSYSA-N,O-Acetylcarnitine,O-Acetylcarnitine | Acetyl-L-carnitine | L-Acetylcarnitine,RDHQFKQIGNGIED-MRVPVSSYSA-N,C9H17NO4,1,1,1,0,0.091585558,0.091585558,0.091585558,NA,MTBLS11904,Up in PD,1,FALSE,FALSE
IK_CPTJXGLQLVPIGP-UHFFFAOYSA-N,Precocene I,Precocene I,CPTJXGLQLVPIGP-UHFFFAOYSA-N,C12H14O2,1,1,0,1,-0.091286584,-0.091286584,0.091286584,NA,MTBLS11904,Down in PD,1,FALSE,FALSE
IK_KKUOJZVNLJCTPF-UHFFFAOYSA-N,Glucosyl passiflorate,Glucosyl passiflorate,KKUOJZVNLJCTPF-UHFFFAOYSA-N,C37H60O12,1,1,1,0,0.091286584,0.091286584,0.091286584,NA,MTBLS11904,Up in PD,1,FALSE,FALSE
IK_ILNUTMKQMUMBTE-OFSUYRCTSA-N,"5-Oxoicosa-3,6,8-trienoic acid","5-Oxoicosa-3,6,8-trienoic acid",ILNUTMKQMUMBTE-OFSUYRCTSA-N,C20H32O3,1,1,0,1,-0.09102083,-0.09102083,0.09102083,NA,MTBLS11904,Down in PD,1,FALSE,FALSE
IK_NQOMZUZLRFQVLR-UHFFFAOYSA-N,5'-Hydroxylornoxicam,5'-Hydroxylornoxicam,NQOMZUZLRFQVLR-UHFFFAOYSA-N,C13H10ClN3O5S2,1,1,1,0,0.09102083,0.09102083,0.09102083,NA,MTBLS11904,Up in PD,1,FALSE,FALSE
IK_YRHWKFMGEDDGIJ-UHFFFAOYSA-N,Phytolaccoside E,Phytolaccoside E,YRHWKFMGEDDGIJ-UHFFFAOYSA-N,C42H66O16,1,1,0,1,-0.091014186,-0.091014186,0.091014186,NA,MTBLS11904,Down in PD,1,FALSE,FALSE
IK_ZPVOLGVTNLDBFI-UHFFFAOYSA-N,"(+/-)-2,2,6-Trimethylcyclohexanone","(+/-)-2,2,6-Trimethylcyclohexanone",ZPVOLGVTNLDBFI-UHFFFAOYSA-N,C9H16O,1,1,1,0,0.090921172,0.090921172,0.090921172,NA,MTBLS11904,Up in PD,1,FALSE,FALSE
IK_MCBZSKZRUIWKPM-ANMDKAQQSA-N,Cerivastatin lactone,Cerivastatin lactone,MCBZSKZRUIWKPM-ANMDKAQQSA-N,C26H32FNO4,1,1,0,1,-0.090721856,-0.090721856,0.090721856,NA,MTBLS11904,Down in PD,1,FALSE,FALSE
IK_FIMSWIYKMHXCEM-CDSYOESZSA-N,"2-Hexadec-7-enylicosa-8,11-dienedioic acid","2-Hexadec-7-enylicosa-8,11-dienedioic acid",FIMSWIYKMHXCEM-CDSYOESZSA-N,C36H64O4,1,1,1,0,0.09009069,0.09009069,0.09009069,NA,MTBLS11904,Up in PD,1,FALSE,FALSE
IK_BCXBIONYYJCSDF-CIUDSAMLSA-N,Isoleucyl-Valine,Isoleucyl-Valine,BCXBIONYYJCSDF-CIUDSAMLSA-N,C11H22N2O3,1,1,0,1,-0.089991032,-0.089991032,0.089991032,NA,MTBLS11904,Down in PD,1,FALSE,FALSE
IK_ILGMGHZPXRDCCS-UHFFFAOYSA-N,"(2-oxo-2,3-Dihydro-1H-Indol-3-yl)acetic Acid","(2-oxo-2,3-Dihydro-1H-Indol-3-yl)acetic Acid",ILGMGHZPXRDCCS-UHFFFAOYSA-N,C10H9NO3,1,1,1,0,0.089957813,0.089957813,0.089957813,NA,MTBLS11904,Up in PD,1,FALSE,FALSE
IK_MCKLJFJEQRYRQT-APGJSSKUSA-N,20alpha-Hydroxycholesterol,20alpha-Hydroxycholesterol,MCKLJFJEQRYRQT-APGJSSKUSA-N,C27H46O2,1,1,1,0,0.089725278,0.089725278,0.089725278,NA,MTBLS11904,Up in PD,1,FALSE,FALSE
IK_CNWSDOLXOOXOCZ-UHFFFAOYSA-N,Artonol E,Artonol E,CNWSDOLXOOXOCZ-UHFFFAOYSA-N,C26H24O7,1,1,1,0,0.089692059,0.089692059,0.089692059,NA,MTBLS11904,Up in PD,1,FALSE,FALSE
IK_PYLPANOYZCSFOX-UCIVWCSPSA-N,27-Norcholestanehexol,27-Norcholestanehexol,PYLPANOYZCSFOX-UCIVWCSPSA-N,C26H46O6,1,1,1,0,0.089525962,0.089525962,0.089525962,NA,MTBLS11904,Up in PD,1,FALSE,FALSE
IK_QQUHMASGPODSIW-ICECTASOSA-N,Albiflorin,Albiflorin,QQUHMASGPODSIW-ICECTASOSA-N,C23H28O11,1,1,1,0,0.089459524,0.089459524,0.089459524,NA,MTBLS11904,Up in PD,1,FALSE,FALSE
IK_JADDQZYHOWSFJD-FLNNQWSLSA-N,5'-N-Ethylcarboxamidoadenosine,5'-N-Ethylcarboxamidoadenosine,JADDQZYHOWSFJD-FLNNQWSLSA-N,C12H16N6O4,1,1,1,0,0.089426304,0.089426304,0.089426304,NA,MTBLS11904,Up in PD,1,FALSE,FALSE
IK_WTWBUQJHJGUZCY-UHFFFAOYSA-N,Cuminaldehyde,Cuminaldehyde,WTWBUQJHJGUZCY-UHFFFAOYSA-N,C10H12O,1,1,1,0,0.089359866,0.089359866,0.089359866,NA,MTBLS11904,Up in PD,1,FALSE,FALSE
IK_JLPULHDHAOZNQI-ZTIMHPMXSA-N,PC 34:2,PC 34:2,JLPULHDHAOZNQI-ZTIMHPMXSA-N,C42H80NO8P,1,1,0,1,-0.089267338,-0.089267338,0.089267338,0.0069,33485385,Down in PD,1,FALSE,FALSE
IK_JXUGDUWBMKIJDC-MMWGEVLESA-N,Kinetensin 1-3,Kinetensin 1-3,JXUGDUWBMKIJDC-MMWGEVLESA-N,C15H30N6O4,1,1,1,0,0.089193769,0.089193769,0.089193769,NA,MTBLS11904,Up in PD,1,FALSE,FALSE
IK_QIJPWSGHURHDHJ-UHFFFAOYSA-N,2-n-Propylthiazolidine-4-carboxylic acid,2-n-Propylthiazolidine-4-carboxylic acid,QIJPWSGHURHDHJ-UHFFFAOYSA-N,C7H13NO2S,1,1,0,1,-0.089094112,-0.089094112,0.089094112,NA,MTBLS11904,Down in PD,1,FALSE,FALSE
IK_AERBNCYCJBRYDG-KSZLIROESA-N,Phytosphingosine,Phytosphingosine,AERBNCYCJBRYDG-KSZLIROESA-N,C18H39NO3,1,1,0,1,-0.089027673,-0.089027673,0.089027673,NA,MTBLS11904,Down in PD,1,FALSE,FALSE
IK_UTQBHMSOMGCBHH-QYPJFMAQSA-N,"PE-NMe(18:0/22:5(4Z,7Z,10Z,13Z,16Z))","PE-NMe(18:0/22:5(4Z,7Z,10Z,13Z,16Z))",UTQBHMSOMGCBHH-QYPJFMAQSA-N,C46H82NO8P,1,1,0,1,-0.088994454,-0.088994454,0.088994454,NA,MTBLS11904,Down in PD,1,FALSE,FALSE
IK_KHAVLLBUVKBTBG-UHFFFAOYSA-N,9-Decenoic acid,9-Decenoic acid,KHAVLLBUVKBTBG-UHFFFAOYSA-N,C10H18O2,1,1,0,1,-0.088795138,-0.088795138,0.088795138,NA,MTBLS11904,Down in PD,1,FALSE,FALSE
IK_ORTIQSICVORWBJ-UHFFFAOYSA-N,N-[4-Chloro-3-(3-methylbut-2-enoxy)phenyl]-2-methylthiophene-3-carbothioamide,N-[4-Chloro-3-(3-methylbut-2-enoxy)phenyl]-2-methylthiophene-3-carbothioamide,ORTIQSICVORWBJ-UHFFFAOYSA-N,C17H18ClNOS2,1,1,1,0,0.088761919,0.088761919,0.088761919,NA,MTBLS11904,Up in PD,1,FALSE,FALSE
IK_RAQNTCRNSXYLAH-RFCGZQMISA-N,Ginsenoside Rh1,Ginsenoside Rh1,RAQNTCRNSXYLAH-RFCGZQMISA-N,C36H62O9,1,1,0,1,-0.088728699,-0.088728699,0.088728699,NA,MTBLS11904,Down in PD,1,FALSE,FALSE
IK_HWWVPVUGOLNSEB-UHFFFAOYSA-N,1-Benzenesulfonyl-5-ethyl-5-phenylhydantoin,1-Benzenesulfonyl-5-ethyl-5-phenylhydantoin,HWWVPVUGOLNSEB-UHFFFAOYSA-N,C17H16N2O4S,1,1,0,1,-0.088529384,-0.088529384,0.088529384,NA,MTBLS11904,Down in PD,1,FALSE,FALSE
IK_BHPXBBXWEPCSOK-RMKNXTFCSA-N,"Glucosyl (E)-2,6-Dimethyl-2,5-heptadienoate","Glucosyl (E)-2,6-Dimethyl-2,5-heptadienoate",BHPXBBXWEPCSOK-RMKNXTFCSA-N,C15H24O7,1,1,0,1,-0.08779856,-0.08779856,0.08779856,NA,MTBLS11904,Down in PD,1,FALSE,FALSE
IK_KZSNJWFQEVHDMF-BYPYZUCNSA-N,L-Valine,L-Valine,KZSNJWFQEVHDMF-BYPYZUCNSA-N,C5H11NO2,1,1,1,0,0.087732121,0.087732121,0.087732121,NA,MTBLS11904,Up in PD,1,FALSE,FALSE
IK_MMFKFJORZBJVNF-UWVGGRQHSA-N,Histidylleucine,Histidylleucine,MMFKFJORZBJVNF-UWVGGRQHSA-N,C12H20N4O3,1,1,1,0,0.087499586,0.087499586,0.087499586,NA,MTBLS11904,Up in PD,1,FALSE,FALSE
IK_YLKVIMNNMLKUGJ-BQYQJAHWSA-N,Cardanolmonoene,Cardanolmonoene,YLKVIMNNMLKUGJ-BQYQJAHWSA-N,C21H34O,1,1,0,1,-0.08730027,-0.08730027,0.08730027,NA,MTBLS11904,Down in PD,1,FALSE,FALSE
IK_NBYHNBHEHIKVDS-CNFNJSKASA-N,DG(18:0/0:0/LTE4),DG(18:0/0:0/LTE4),NBYHNBHEHIKVDS-CNFNJSKASA-N,C44H77NO8S,1,1,0,1,-0.087067735,-0.087067735,0.087067735,NA,MTBLS11904,Down in PD,1,FALSE,FALSE
IK_PMIHTPDPPVPUIV-UHFFFAOYSA-N,9-Hydroxyoctadecanoylcarnitine,9-Hydroxyoctadecanoylcarnitine,PMIHTPDPPVPUIV-UHFFFAOYSA-N,C25H49NO5,1,1,1,0,0.086968078,0.086968078,0.086968078,NA,MTBLS11904,Up in PD,1,FALSE,FALSE
IK_YYAYRZYQSCUFIG-ZTYLUMCNSA-N,PC(TXB2/18:0),PC(TXB2/18:0),YYAYRZYQSCUFIG-ZTYLUMCNSA-N,C46H86NO12P,1,1,0,1,-0.086536227,-0.086536227,0.086536227,NA,MTBLS11904,Down in PD,1,FALSE,FALSE
IK_DWKUKQRKVCMOLP-UHFFFAOYSA-N,1-Piperideine,1-Piperideine,DWKUKQRKVCMOLP-UHFFFAOYSA-N,C5H9N,1,1,1,0,0.086037938,0.086037938,0.086037938,NA,MTBLS11904,Up in PD,1,FALSE,FALSE
IK_TVWOTZQAXZHSLO-UHFFFAOYSA-N,"2,4-Dimethylpimelic acid","2,4-Dimethylpimelic acid",TVWOTZQAXZHSLO-UHFFFAOYSA-N,C9H16O4,1,1,1,0,0.086004718,0.086004718,0.086004718,NA,MTBLS11904,Up in PD,1,FALSE,FALSE
IK_RWGFKTVRMDUZSP-UHFFFAOYSA-N,Isopropylbenzene,Isopropylbenzene,RWGFKTVRMDUZSP-UHFFFAOYSA-N,C9H12,1,1,1,0,0.085705745,0.085705745,0.085705745,NA,MTBLS11904,Up in PD,1,FALSE,FALSE
IK_XCLJRCAJSCMIND-JCTYMORFSA-N,Erythromycylamine,Erythromycylamine,XCLJRCAJSCMIND-JCTYMORFSA-N,C37H70N2O12,1,1,1,0,0.085373552,0.085373552,0.085373552,NA,MTBLS11904,Up in PD,1,FALSE,FALSE
IK_ZGCHLOWZNKRZSN-NTSWFWBYSA-N,3-Deoxyglucosone,3-Deoxyglucosone,ZGCHLOWZNKRZSN-NTSWFWBYSA-N,C6H10O5,1,1,0,1,-0.08500814,-0.08500814,0.08500814,NA,MTBLS11904,Down in PD,1,FALSE,FALSE
IK_KOCFTADHOAAXFC-UHFFFAOYSA-N,N-Hydroxymethyl-N-methylformamide,N-Hydroxymethyl-N-methylformamide,KOCFTADHOAAXFC-UHFFFAOYSA-N,C3H7NO2,1,1,1,0,0.084775605,0.084775605,0.084775605,NA,MTBLS11904,Up in PD,1,FALSE,FALSE
IK_QHVMVGMCKWPDHT-UHFFFAOYSA-N,Fluorescein thiohydantoin,Fluorescein thiohydantoin,QHVMVGMCKWPDHT-UHFFFAOYSA-N,C23H14N2O6S,1,1,0,1,-0.084675947,-0.084675947,0.084675947,NA,MTBLS11904,Down in PD,1,FALSE,FALSE
IK_GMQUMWVEWMCMOQ-UHFFFAOYSA-N,"2,4-Dihydroxy-2,5-dimethyl-3(2H)-furanone","2,4-Dihydroxy-2,5-dimethyl-3(2H)-furanone",GMQUMWVEWMCMOQ-UHFFFAOYSA-N,C6H8O4,1,1,0,1,-0.084576289,-0.084576289,0.084576289,NA,MTBLS11904,Down in PD,1,FALSE,FALSE
IK_VVPRQWTYSNDTEA-LLVKDONJSA-N,L-Hexanoylcarnitine,L-Hexanoylcarnitine,VVPRQWTYSNDTEA-LLVKDONJSA-N,C13H25NO4,1,1,1,0,0.084044781,0.084044781,0.084044781,NA,MTBLS11904,Up in PD,1,FALSE,FALSE
IK_SCIFESDRCALIIM-VIFPVBQESA-N,N-Methylphenylalanine,N-Methylphenylalanine,SCIFESDRCALIIM-VIFPVBQESA-N,C10H13NO2,1,1,0,1,-0.083911904,-0.083911904,0.083911904,NA,MTBLS11904,Down in PD,1,FALSE,FALSE
IK_KWXICGTUELOLSQ-UHFFFAOYSA-N,Dodecylbenzenesulfonic Acid,Dodecylbenzenesulfonic Acid,KWXICGTUELOLSQ-UHFFFAOYSA-N,C18H30O3S,1,1,1,0,0.083845465,0.083845465,0.083845465,NA,MTBLS11904,Up in PD,1,FALSE,FALSE
IK_AIUFHSHETJXZFR-ATCSHJOVSA-N,"DG(18:3(9,11,15)-OH(13)/i-15:0/0:0)","DG(18:3(9,11,15)-OH(13)/i-15:0/0:0)",AIUFHSHETJXZFR-ATCSHJOVSA-N,C36H64O6,1,1,0,1,-0.083413614,-0.083413614,0.083413614,NA,MTBLS11904,Down in PD,1,FALSE,FALSE
IK_CAULGCQHVOVVRN-SWZPTJTJSA-N,Germacrone,Germacrone,CAULGCQHVOVVRN-SWZPTJTJSA-N,C15H22O,1,1,1,0,0.083313957,0.083313957,0.083313957,NA,MTBLS11904,Up in PD,1,FALSE,FALSE
IK_JVQYSWDUAOAHFM-UHFFFAOYSA-N,3-Methyl-2-Oxovaleric Acid,3-Methyl-2-Oxovaleric Acid,JVQYSWDUAOAHFM-UHFFFAOYSA-N,C6H10O3,1,1,1,0,0.082848887,0.082848887,0.082848887,NA,MTBLS11904,Up in PD,1,FALSE,FALSE
IK_NKDFYOWSKOHCCO-WRDNMVOESA-N,Ecdysterone,Ecdysterone,NKDFYOWSKOHCCO-WRDNMVOESA-N,C27H44O7,1,1,1,0,0.082848887,0.082848887,0.082848887,NA,MTBLS11904,Up in PD,1,FALSE,FALSE
IK_HNOSJVWYGXOFRP-UNPOXIGHSA-N,Alisol A,Alisol A,HNOSJVWYGXOFRP-UNPOXIGHSA-N,C30H50O5,1,1,0,1,-0.082815667,-0.082815667,0.082815667,NA,MTBLS11904,Down in PD,1,FALSE,FALSE
IK_LOMQONAZKMLAOB-UHFFFAOYSA-N,Iodopindolol,Iodopindolol,LOMQONAZKMLAOB-UHFFFAOYSA-N,C14H19IN2O2,1,1,0,1,-0.082815667,-0.082815667,0.082815667,NA,MTBLS11904,Down in PD,1,FALSE,FALSE
IK_WQZGKKKJIJFFOK-SVZMEOIVSA-N,D-Galactose,D-Galactose,WQZGKKKJIJFFOK-SVZMEOIVSA-N,C6H12O6,1,1,1,0,0.082782448,0.082782448,0.082782448,NA,MTBLS11904,Up in PD,1,FALSE,FALSE
IK_CUIDBUWFCFYEPL-PIFFKTMJSA-N,Nepetaside,Nepetaside,CUIDBUWFCFYEPL-PIFFKTMJSA-N,C16H26O8,1,1,0,1,-0.082649571,-0.082649571,0.082649571,NA,MTBLS11904,Down in PD,1,FALSE,FALSE
IK_QYYHPAUOLCHORH-UHFFFAOYSA-N,N-(1-Adamantyl)urea,N-(1-Adamantyl)urea,QYYHPAUOLCHORH-UHFFFAOYSA-N,C11H18N2O,1,1,1,0,0.082583132,0.082583132,0.082583132,NA,MTBLS11904,Up in PD,1,FALSE,FALSE
IK_WQXXBAWHDQWCKL-XVFCMESISA-N,Phosphoribosylformylglycinamidine,Phosphoribosylformylglycinamidine,WQXXBAWHDQWCKL-XVFCMESISA-N,C8H16N3O8P,1,1,1,0,0.082583132,0.082583132,0.082583132,NA,MTBLS11904,Up in PD,1,FALSE,FALSE
IK_GIUNBNKDUHWVHI-LJQANCHMSA-N,LysoPE(0:0/15:0),LysoPE(0:0/15:0),GIUNBNKDUHWVHI-LJQANCHMSA-N,C20H42NO7P,1,1,0,1,-0.082284159,-0.082284159,0.082284159,NA,MTBLS11904,Down in PD,1,FALSE,FALSE
IK_PRJJVJQUMHDYMQ-UHFFFAOYSA-N,3 Hydroxymandelic acid - COOH,3 Hydroxymandelic acid - COOH,PRJJVJQUMHDYMQ-UHFFFAOYSA-N,C11H14O4,1,1,0,1,-0.082171105,-0.082171105,0.082171105,NA,28880465,Down in PD,1,FALSE,FALSE
IK_CXWTUGHAWQYVJV-VZNRCSAUSA-N,"CDP-DG(i-22:0/18:3(10,12,15)-OH(9))","CDP-DG(i-22:0/18:3(10,12,15)-OH(9))",CXWTUGHAWQYVJV-VZNRCSAUSA-N,C52H91N3O16P2,1,1,1,0,0.082118063,0.082118063,0.082118063,NA,MTBLS11904,Up in PD,1,FALSE,FALSE
IK_OEHVJXBNLPHFCT-UHFFFAOYSA-N,Glutamine lactate,Glutamine lactate,OEHVJXBNLPHFCT-UHFFFAOYSA-N,C8H14N2O6,1,1,0,1,-0.082084843,-0.082084843,0.082084843,NA,MTBLS11904,Down in PD,1,FALSE,FALSE
IK_BDENGJXHUIIQRH-IQAJSEAWSA-N,Torvoside G,Torvoside G,BDENGJXHUIIQRH-IQAJSEAWSA-N,C34H56O9,1,1,0,1,-0.081951966,-0.081951966,0.081951966,NA,MTBLS11904,Down in PD,1,FALSE,FALSE
IK_BLQCWBCWZFDGBW-AATRIKPKSA-N,Sonchuionoside C,Sonchuionoside C,BLQCWBCWZFDGBW-AATRIKPKSA-N,C19H30O8,1,1,1,0,0.081543369,0.081543369,0.081543369,NA,MTBLS11904,Up in PD,1,FALSE,FALSE
IK_DIRFUJHNVNOBMY-UHFFFAOYSA-N,Fenobucarb,Fenobucarb,DIRFUJHNVNOBMY-UHFFFAOYSA-N,C12H17NO2,1,1,0,1,-0.081486896,-0.081486896,0.081486896,NA,MTBLS11904,Down in PD,1,FALSE,FALSE
IK_VYYMKBGJOHEYSB-ZKQZXHNPSA-N,"DG(10:0/0:0/20:4(6E,8Z,11Z,14Z)+=O(5))","DG(10:0/0:0/20:4(6E,8Z,11Z,14Z)+=O(5))",VYYMKBGJOHEYSB-ZKQZXHNPSA-N,C33H54O6,1,1,0,1,-0.081486896,-0.081486896,0.081486896,NA,MTBLS11904,Down in PD,1,FALSE,FALSE
IK_GNWBLLYJQXKPIP-ZOGIJGBBSA-N,"17-N,N-Diethylcarbamoyl-4-methyl-4-azaandrostane-3-one","17-N,N-Diethylcarbamoyl-4-methyl-4-azaandrostane-3-one",GNWBLLYJQXKPIP-ZOGIJGBBSA-N,C24H40N2O2,1,1,1,0,0.081387238,0.081387238,0.081387238,NA,MTBLS11904,Up in PD,1,FALSE,FALSE
IK_ISSKMEQROMFEHL-UHFFFAOYSA-N,Linotroban,Linotroban,ISSKMEQROMFEHL-UHFFFAOYSA-N,C14H15NO5S2,1,1,1,0,0.0813208,0.0813208,0.0813208,NA,MTBLS11904,Up in PD,1,FALSE,FALSE
IK_RHYWBMKYLKNBET-UHFFFAOYSA-N,"Thiazole, 4,5-dihydro-2,4,4-trimethyl-","Thiazole, 4,5-dihydro-2,4,4-trimethyl-",RHYWBMKYLKNBET-UHFFFAOYSA-N,C6H11NS,1,1,1,0,0.08128758,0.08128758,0.08128758,NA,MTBLS11904,Up in PD,1,FALSE,FALSE
IK_JRJGKUTZNBZHNK-UHFFFAOYSA-N,3-Phenylpropyl acetate,3-Phenylpropyl acetate,JRJGKUTZNBZHNK-UHFFFAOYSA-N,C11H14O2,1,1,1,0,0.081154703,0.081154703,0.081154703,NA,MTBLS11904,Up in PD,1,FALSE,FALSE
IK_QOLYAJSZHIJCTO-VQVTYTSYSA-N,Threonylproline,Threonylproline,QOLYAJSZHIJCTO-VQVTYTSYSA-N,C9H16N2O4,1,1,1,0,0.081154703,0.081154703,0.081154703,NA,MTBLS11904,Up in PD,1,FALSE,FALSE
IK_SVEBYYWCXTVYCR-LBPRGKRZSA-N,Methyldopate,Methyldopate,SVEBYYWCXTVYCR-LBPRGKRZSA-N,C12H17NO4,1,1,0,1,-0.081154703,-0.081154703,0.081154703,NA,MTBLS11904,Down in PD,1,FALSE,FALSE
IK_PDLPZZHYCMXDCF-UHFFFAOYSA-N,"2,4(1H,3H)-Pyrimidinedione, 1-(2,3-dihydro-2-furanyl)-5-fluoro-","2,4(1H,3H)-Pyrimidinedione, 1-(2,3-dihydro-2-furanyl)-5-fluoro-",PDLPZZHYCMXDCF-UHFFFAOYSA-N,C8H7FN2O3,1,1,1,0,0.081088265,0.081088265,0.081088265,NA,MTBLS11904,Up in PD,1,FALSE,FALSE
IK_RGKQMGOWKQNPHC-ZXKRFNDTSA-N,"SM(d18:2(4E,14Z)/PGJ2)","SM(d18:2(4E,14Z)/PGJ2)",RGKQMGOWKQNPHC-ZXKRFNDTSA-N,C43H75N2O8P,1,1,1,0,0.081055046,0.081055046,0.081055046,NA,MTBLS11904,Up in PD,1,FALSE,FALSE
IK_IGFHQQFPSIBGKE-UHFFFAOYSA-N,4-Nonylphenol,4-Nonylphenol,IGFHQQFPSIBGKE-UHFFFAOYSA-N,C15H24O,1,1,1,0,0.080656414,0.080656414,0.080656414,NA,MTBLS11904,Up in PD,1,FALSE,FALSE
IK_JATNWMBUDXLMEO-UHFFFAOYSA-N,Isoamyl isothiocyanate,Isoamyl isothiocyanate,JATNWMBUDXLMEO-UHFFFAOYSA-N,C6H11NS,1,1,1,0,0.080623195,0.080623195,0.080623195,NA,MTBLS11904,Up in PD,1,FALSE,FALSE
IK_PFBSCCSBALRLEC-CDJQDVQCSA-N,"Deca-2,7-dienedioyl-CoA","Deca-2,7-dienedioyl-CoA",PFBSCCSBALRLEC-CDJQDVQCSA-N,C31H48N7O19P3S,1,1,1,0,0.080556756,0.080556756,0.080556756,NA,MTBLS11904,Up in PD,1,FALSE,FALSE
IK_QBMSTEZXAMABFF-UEARNRKISA-N,Mycophenolic acid O-acyl-glucuronide,Mycophenolic acid O-acyl-glucuronide,QBMSTEZXAMABFF-UEARNRKISA-N,C23H28O12,1,1,1,0,0.079958809,0.079958809,0.079958809,NA,MTBLS11904,Up in PD,1,FALSE,FALSE
IK_VWYVABSAUVXYNS-UHFFFAOYSA-N,N-Stearoyl Lysine,N-Stearoyl Lysine,VWYVABSAUVXYNS-UHFFFAOYSA-N,C24H48N2O3,1,1,0,1,-0.079825932,-0.079825932,0.079825932,NA,MTBLS11904,Down in PD,1,FALSE,FALSE
IK_KBUNOSOGGAARKZ-KRWDZBQOSA-N,3-Dehydrosphinganine,3-Dehydrosphinganine,KBUNOSOGGAARKZ-KRWDZBQOSA-N,C18H37NO2,1,1,0,1,-0.079726274,-0.079726274,0.079726274,NA,MTBLS11904,Down in PD,1,FALSE,FALSE
IK_IGQBPDJNUXPEMT-SNVBAGLBSA-N,Isovalerylcarnitine,Isovalerylcarnitine,IGQBPDJNUXPEMT-SNVBAGLBSA-N,C12H23NO4,1,1,0,1,-0.079693055,-0.079693055,0.079693055,NA,MTBLS11904,Down in PD,1,FALSE,FALSE
IK_HPWLZTZUPVOGKR-VAWYXSNFSA-N,(4E)-3-Hydroxydodec-4-enoylcarnitine,(4E)-3-Hydroxydodec-4-enoylcarnitine,HPWLZTZUPVOGKR-VAWYXSNFSA-N,C19H35NO5,1,1,0,1,-0.0791848,-0.0791848,0.0791848,NA,MTBLS11904,Down in PD,1,FALSE,FALSE
IK_NBSCHQHZLSJFNQ-QTVWNMPRSA-N,D-Mannose 6-Phosphate,D-Mannose 6-Phosphate,NBSCHQHZLSJFNQ-QTVWNMPRSA-N,C6H13O9P,1,1,0,1,-0.078696477,-0.078696477,0.078696477,NA,MTBLS11904,Down in PD,1,FALSE,FALSE
IK_PFWLFWPASULGAN-UHFFFAOYSA-N,7-Methylxanthine,7-Methylxanthine,PFWLFWPASULGAN-UHFFFAOYSA-N,C6H6N4O2,1,1,1,0,0.078264626,0.078264626,0.078264626,NA,MTBLS11904,Up in PD,1,FALSE,FALSE
IK_XZOBJEOEOJXQBF-UHFFFAOYSA-N,3-Methyl-5-propyl-2-furanundecanoic acid,3-Methyl-5-propyl-2-furanundecanoic acid,XZOBJEOEOJXQBF-UHFFFAOYSA-N,C19H32O3,1,1,0,1,-0.078231407,-0.078231407,0.078231407,NA,MTBLS11904,Down in PD,1,FALSE,FALSE
IK_QMMFVYPAHWMCMS-UHFFFAOYSA-N,Dimethylsulfide,Dimethylsulfide,QMMFVYPAHWMCMS-UHFFFAOYSA-N,C2H6S,1,1,1,0,0.078131749,0.078131749,0.078131749,NA,MTBLS11904,Up in PD,1,FALSE,FALSE
IK_VUNOFAIHSALQQH-UHFFFAOYSA-N,Ethyl menthane carboxamide,Ethyl menthane carboxamide,VUNOFAIHSALQQH-UHFFFAOYSA-N,C13H25NO,1,1,1,0,0.07806531,0.07806531,0.07806531,NA,MTBLS11904,Up in PD,1,FALSE,FALSE
IK_SDVXSCSNVVZWDD-LURJTMIESA-N,N-Succinyl-2-amino-6-ketopimelate,N-Succinyl-2-amino-6-ketopimelate,SDVXSCSNVVZWDD-LURJTMIESA-N,C11H15NO8,1,1,0,1,-0.078032091,-0.078032091,0.078032091,NA,MTBLS11904,Down in PD,1,FALSE,FALSE
IK_OXBFEJBBKCRANO-SANMLTNESA-N,TG(8:0/8:0/10:0),TG(8:0/8:0/10:0),OXBFEJBBKCRANO-SANMLTNESA-N,C29H54O6,1,1,1,0,0.077998872,0.077998872,0.077998872,NA,MTBLS11904,Up in PD,1,FALSE,FALSE
IK_CHNXZKVNWQUJIB-CEGNMAFCSA-N,Ethisterone,Ethisterone,CHNXZKVNWQUJIB-CEGNMAFCSA-N,C21H28O2,1,1,1,0,0.077699898,0.077699898,0.077699898,NA,MTBLS11904,Up in PD,1,FALSE,FALSE
IK_HRWWBCRSPUEXDM-XTMWUNHTSA-N,Oryzalexin D,Oryzalexin D,HRWWBCRSPUEXDM-XTMWUNHTSA-N,C20H32O2,1,1,1,0,0.077699898,0.077699898,0.077699898,NA,MTBLS11904,Up in PD,1,FALSE,FALSE
IK_IGQGIACCENRGLM-SOFGYWHQSA-N,"(E)-2,6-Dimethyl-2,5-heptadienoic acid","(E)-2,6-Dimethyl-2,5-heptadienoic acid",IGQGIACCENRGLM-SOFGYWHQSA-N,C9H14O2,1,1,1,0,0.077567021,0.077567021,0.077567021,NA,MTBLS11904,Up in PD,1,FALSE,FALSE
IK_FPUYBGZEWPJSDX-MRXNPFEDSA-N,Undecanoylcarnitine,Undecanoylcarnitine,FPUYBGZEWPJSDX-MRXNPFEDSA-N,C18H35NO4,1,1,1,0,0.077500582,0.077500582,0.077500582,NA,MTBLS11904,Up in PD,1,FALSE,FALSE
IK_PNKLMTPXERFKEN-MLXHEQMXSA-N,HT-2 Toxin,HT-2 Toxin,PNKLMTPXERFKEN-MLXHEQMXSA-N,C22H32O8,1,1,1,0,0.077500582,0.077500582,0.077500582,NA,MTBLS11904,Up in PD,1,FALSE,FALSE
IK_DWMJDYZSFOSGLA-WDZFZDKYSA-N,Germacrenone,Germacrenone,DWMJDYZSFOSGLA-WDZFZDKYSA-N,C15H26O2,1,1,0,1,-0.077400925,-0.077400925,0.077400925,NA,MTBLS11904,Down in PD,1,FALSE,FALSE
IK_COCMFMBNEAMQMA-VGKGADPCSA-N,"3a,6b,7a,12a-Tetrahydroxy-5b-cholanoic acid","3a,6b,7a,12a-Tetrahydroxy-5b-cholanoic acid",COCMFMBNEAMQMA-VGKGADPCSA-N,C24H40O6,1,1,1,0,0.077101951,0.077101951,0.077101951,NA,MTBLS11904,Up in PD,1,FALSE,FALSE
IK_TVZCRIROJQEVOT-LSDHHAIUSA-N,Cromakalim,Cromakalim,TVZCRIROJQEVOT-LSDHHAIUSA-N,C16H18N2O3,1,1,0,1,-0.077068732,-0.077068732,0.077068732,NA,MTBLS11904,Down in PD,1,FALSE,FALSE
IK_VLULRUCCHYVXOH-UHFFFAOYSA-N,TIC10,TIC10,VLULRUCCHYVXOH-UHFFFAOYSA-N,C24H26N4O,1,1,1,0,0.076969074,0.076969074,0.076969074,NA,MTBLS11904,Up in PD,1,FALSE,FALSE
IK_BHMYRYNHHQYGTN-UHFFFAOYSA-N,Stenocereol,Stenocereol,BHMYRYNHHQYGTN-UHFFFAOYSA-N,C28H46O2,1,1,1,0,0.076869416,0.076869416,0.076869416,NA,MTBLS11904,Up in PD,1,FALSE,FALSE
IK_YMGXOQLWSYJFSD-FALRGZJFSA-N,"LysoPC(22:2(13Z,16Z)/0:0)","LysoPC(22:2(13Z,16Z)/0:0)",YMGXOQLWSYJFSD-FALRGZJFSA-N,C30H58NO7P,1,1,1,0,0.076869416,0.076869416,0.076869416,NA,MTBLS11904,Up in PD,1,FALSE,FALSE
IK_FKXCBKCOSVIGCT-AVGNSLFASA-N,Gln Lys Leu,Gln Lys Leu,FKXCBKCOSVIGCT-AVGNSLFASA-N,C17H33N5O5,1,1,0,1,-0.076836197,-0.076836197,0.076836197,NA,MTBLS11904,Down in PD,1,FALSE,FALSE
IK_VEYJKJORLPYVLO-RYUDHWBXSA-N,Valyltyrosine,Valyltyrosine,VEYJKJORLPYVLO-RYUDHWBXSA-N,C14H20N2O4,1,1,1,0,0.076636881,0.076636881,0.076636881,NA,MTBLS11904,Up in PD,1,FALSE,FALSE
IK_XUIIKFGFIJCVMT-LBPRGKRZSA-N,Thyroxine,Thyroxine,XUIIKFGFIJCVMT-LBPRGKRZSA-N,C15H11I4NO4,1,1,1,0,0.076504004,0.076504004,0.076504004,NA,MTBLS11904,Up in PD,1,FALSE,FALSE
IK_IPWFJLQDVFKJDU-UHFFFAOYSA-N,Pentanamide,Pentanamide,IPWFJLQDVFKJDU-UHFFFAOYSA-N,C5H11NO,1,1,1,0,0.076437565,0.076437565,0.076437565,NA,MTBLS11904,Up in PD,1,FALSE,FALSE
IK_XGNASSAYQHESTL-BYPYZUCNSA-N,S-(6-Purinyl)cysteine,S-(6-Purinyl)cysteine,XGNASSAYQHESTL-BYPYZUCNSA-N,C8H9N5O2S,1,1,1,0,0.076105373,0.076105373,0.076105373,NA,MTBLS11904,Up in PD,1,FALSE,FALSE
IK_FYVQCLGZFXHEGL-UHFFFAOYSA-N,3-Hydroxydodecanedioic acid,3-Hydroxydodecanedioic acid | 3-hydroxy-dodecanedioic acid,FYVQCLGZFXHEGL-UHFFFAOYSA-N,C12H22O5,1,1,1,0,0.075972496,0.075972496,0.075972496,NA,MTBLS11904,Up in PD,1,FALSE,FALSE
IK_WVVVLOJZCPRPQC-UHFFFAOYSA-N,4-Methyl-1H-pyrrole-3-carboxamide,4-Methyl-1H-pyrrole-3-carboxamide,WVVVLOJZCPRPQC-UHFFFAOYSA-N,C6H8N2O,1,1,1,0,0.075939276,0.075939276,0.075939276,NA,MTBLS11904,Up in PD,1,FALSE,FALSE
IK_VGSSUFQMXBFFTM-METNKUIYSA-N,"(3beta,5alpha,6beta,24R)-Stigmastane-3,5,6-triol","(3beta,5alpha,6beta,24R)-Stigmastane-3,5,6-triol",VGSSUFQMXBFFTM-METNKUIYSA-N,C29H52O3,1,1,0,1,-0.075872838,-0.075872838,0.075872838,NA,MTBLS11904,Down in PD,1,FALSE,FALSE
IK_DCXYFEDJOCDNAF-REOHCLBHSA-N,L-Asparagine,L-Asparagine | Asparagine,DCXYFEDJOCDNAF-REOHCLBHSA-N,C4H8N2O3,1,1,1,0,0.075517571,0.075517571,0.075517571,NA,ST001814,Up in PD,1,FALSE,FALSE
IK_JDOLBVXUTAGQDQ-LZOINSICSA-N,9-Hydroxylinoleic acid,9-Hydroxylinoleic acid,JDOLBVXUTAGQDQ-LZOINSICSA-N,C18H32O3,1,1,1,0,0.075507426,0.075507426,0.075507426,NA,MTBLS11904,Up in PD,1,FALSE,FALSE
IK_ZTFGOPUOTATSAL-CFVDWFIMSA-N,Dihydroouabain,Dihydroouabain,ZTFGOPUOTATSAL-CFVDWFIMSA-N,C29H46O12,1,1,0,1,-0.075407768,-0.075407768,0.075407768,NA,MTBLS11904,Down in PD,1,FALSE,FALSE
IK_QQQYTWIFVNKMRW-UHFFFAOYSA-N,Diflubenzuron,Diflubenzuron,QQQYTWIFVNKMRW-UHFFFAOYSA-N,C14H9ClF2N2O2,1,1,1,0,0.075341329,0.075341329,0.075341329,NA,MTBLS11904,Up in PD,1,FALSE,FALSE
IK_XUFIWSHGXVLULG-IDLVJFIQSA-N,Gentamicin C2,Gentamicin C2,XUFIWSHGXVLULG-IDLVJFIQSA-N,C20H41N5O7,1,1,1,0,0.075341329,0.075341329,0.075341329,NA,MTBLS11904,Up in PD,1,FALSE,FALSE
IK_IMYZYCNQZDBZBQ-UHFFFAOYSA-N,"9,10-Epoxyoctadecanoic acid","9,10-Epoxyoctadecanoic acid",IMYZYCNQZDBZBQ-UHFFFAOYSA-N,C18H34O3,1,1,1,0,0.07530811,0.07530811,0.07530811,NA,MTBLS11904,Up in PD,1,FALSE,FALSE
IK_PNQYAMWGTGWJDW-UHFFFAOYSA-N,N-(3-Aminopropyl)-N-methylcarbamic acid tert-butyl ester,N-(3-Aminopropyl)-N-methylcarbamic acid tert-butyl ester,PNQYAMWGTGWJDW-UHFFFAOYSA-N,C9H20N2O2,1,1,0,1,-0.075208452,-0.075208452,0.075208452,NA,MTBLS11904,Down in PD,1,FALSE,FALSE
IK_QNKGXSIDHDDDHD-UHFFFAOYSA-N,"3,7,8,15-Scirpenetetrol","3,7,8,15-Scirpenetetrol",QNKGXSIDHDDDHD-UHFFFAOYSA-N,C15H22O6,1,1,1,0,0.075108794,0.075108794,0.075108794,NA,MTBLS11904,Up in PD,1,FALSE,FALSE
IK_RTJBLRZRSVEQRH-UHFFFAOYSA-N,Pent-1-en-2-ol,Pent-1-en-2-ol,RTJBLRZRSVEQRH-UHFFFAOYSA-N,C5H10O,1,1,1,0,0.075042356,0.075042356,0.075042356,NA,MTBLS11904,Up in PD,1,FALSE,FALSE
IK_QBSJMKIUCUGGNG-UHFFFAOYSA-N,2-Isopropylphenyl methylcarbamate,2-Isopropylphenyl methylcarbamate,QBSJMKIUCUGGNG-UHFFFAOYSA-N,C11H15NO2,1,1,0,1,-0.075009136,-0.075009136,0.075009136,NA,MTBLS11904,Down in PD,1,FALSE,FALSE
IK_FPPVBAMKHUAIOP-OYQCQVHHSA-N,4'-Hydroxyfenoprofen glucuronide,4'-Hydroxyfenoprofen glucuronide,FPPVBAMKHUAIOP-OYQCQVHHSA-N,C21H22O10,1,1,1,0,0.07484304,0.07484304,0.07484304,NA,MTBLS11904,Up in PD,1,FALSE,FALSE
IK_FAYYTQMQTAKHRM-UHFFFAOYSA-N,TetraHCA,TetraHCA,FAYYTQMQTAKHRM-UHFFFAOYSA-N,C27H46O6,1,1,1,0,0.074544066,0.074544066,0.074544066,NA,MTBLS11904,Up in PD,1,FALSE,FALSE
IK_HYBBIBNJHNGZAN-UHFFFAOYSA-N,Furfural,Furfural | ?Ã‡Ãœ  ?Ã‡Ãœ  ?Ã‡Ãœ Furfural | 2-Furancarboxaldehyde,HYBBIBNJHNGZAN-UHFFFAOYSA-N,C5H4O2,1,1,0,1,-0.074444409,-0.074444409,0.074444409,NA,MTBLS11904,Down in PD,1,FALSE,FALSE
IK_CBMYJHIOYJEBSB-ULTMTAQRSA-N,"3a,17a-Dihydroxy-5b-androstane","3a,17a-Dihydroxy-5b-androstane",CBMYJHIOYJEBSB-ULTMTAQRSA-N,C19H32O2,1,1,0,1,-0.074245093,-0.074245093,0.074245093,NA,MTBLS11904,Down in PD,1,FALSE,FALSE
IK_ZDHRSPRSUBAAIO-FNORWQNLSA-N,"2-Nonene-1,4-diol","2-Nonene-1,4-diol",ZDHRSPRSUBAAIO-FNORWQNLSA-N,C9H18O2,1,1,0,1,-0.074045777,-0.074045777,0.074045777,NA,MTBLS11904,Down in PD,1,FALSE,FALSE
IK_TWLCFFLQLXBKAP-UHFFFAOYSA-N,8-Hydroxythioguanine,8-Hydroxythioguanine,TWLCFFLQLXBKAP-UHFFFAOYSA-N,C5H5N5OS,1,1,1,0,0.07403249,0.07403249,0.07403249,NA,MTBLS11904,Up in PD,1,FALSE,FALSE
IK_CZAMIXFITRFMDC-HTAQTPCSSA-N,"PE-NMe(22:6(4Z,7Z,10Z,13Z,16Z,19Z)/20:1(11Z))","PE-NMe(22:6(4Z,7Z,10Z,13Z,16Z,19Z)/20:1(11Z))",CZAMIXFITRFMDC-HTAQTPCSSA-N,C48H82NO8P,1,1,0,1,-0.073813242,-0.073813242,0.073813242,NA,MTBLS11904,Down in PD,1,FALSE,FALSE
IK_XSQUKJJJFZCRTK-UHFFFAOYSA-N,Urea,Urea,XSQUKJJJFZCRTK-UHFFFAOYSA-N,CH4N2O,1,1,1,0,0.073764032,0.073764032,0.073764032,NA,ST001814,Up in PD,1,FALSE,FALSE
IK_NCVXEYAKRVJMTQ-UHFFFAOYSA-N,"1-(3,4-Diethoxybenzyl)-6,7-diethoxy-3,4-dihydroisoquinoline","1-(3,4-Diethoxybenzyl)-6,7-diethoxy-3,4-dihydroisoquinoline",NCVXEYAKRVJMTQ-UHFFFAOYSA-N,C24H31NO4,1,1,1,0,0.073647146,0.073647146,0.073647146,NA,MTBLS11904,Up in PD,1,FALSE,FALSE
IK_JWHAUXFOSRPERK-UHFFFAOYSA-N,Propafenone,Propafenone,JWHAUXFOSRPERK-UHFFFAOYSA-N,C21H27NO3,1,1,0,1,-0.073580707,-0.073580707,0.073580707,NA,MTBLS11904,Down in PD,1,FALSE,FALSE
IK_TUNFSRHWOTWDNC-UHFFFAOYSA-N,Myristic acid,Myristic acid,TUNFSRHWOTWDNC-UHFFFAOYSA-N,C14H28O2,1,1,1,0,0.073314953,0.073314953,0.073314953,NA,MTBLS11904,Up in PD,1,FALSE,FALSE
IK_BDJRBEYXGGNYIS-UHFFFAOYSA-N,Azelaic Acid,Azelaic Acid,BDJRBEYXGGNYIS-UHFFFAOYSA-N,C9H16O4,1,1,1,0,0.073215295,0.073215295,0.073215295,NA,MTBLS11904,Up in PD,1,FALSE,FALSE
IK_CRIZPXKICGBNKG-UHFFFAOYSA-N,2-Hydroxypurine,2-Hydroxypurine,CRIZPXKICGBNKG-UHFFFAOYSA-N,C5H4N4O,1,1,0,1,-0.073082418,-0.073082418,0.073082418,NA,MTBLS11904,Down in PD,1,FALSE,FALSE
IK_LFLJTCVAAOWHTD-BHPNAFPPSA-N,3alpha-Acetomethoxy-11alpha-oxo-12-ursen-24-oic acid,3alpha-Acetomethoxy-11alpha-oxo-12-ursen-24-oic acid,LFLJTCVAAOWHTD-BHPNAFPPSA-N,C33H50O5,1,1,0,1,-0.072883102,-0.072883102,0.072883102,NA,MTBLS11904,Down in PD,1,FALSE,FALSE
IK_GUAHPAJOXVYFON-ZETCQYMHSA-N,KAPA,KAPA,GUAHPAJOXVYFON-ZETCQYMHSA-N,C9H17NO3,1,1,0,1,-0.072783445,-0.072783445,0.072783445,NA,MTBLS11904,Down in PD,1,FALSE,FALSE
IK_MUFCQFFNARPCRX-DAZBTBHLSA-N,DG(PGE2/16:0/0:0),DG(PGE2/16:0/0:0),MUFCQFFNARPCRX-DAZBTBHLSA-N,C39H68O8,1,1,1,0,0.072617348,0.072617348,0.072617348,NA,MTBLS11904,Up in PD,1,FALSE,FALSE
IK_JAXWMXMFLOWKCW-UHFFFAOYSA-N,4-Hydroxyhexanoycarnitine,4-Hydroxyhexanoycarnitine,JAXWMXMFLOWKCW-UHFFFAOYSA-N,C13H25NO5,1,1,1,0,0.072584129,0.072584129,0.072584129,NA,MTBLS11904,Up in PD,1,FALSE,FALSE
IK_BDHRPSJHSJIYMM-XGRKIXBHSA-N,"PS(18:3(9,11,15)-OH(13)/22:1(13Z))","PS(18:3(9,11,15)-OH(13)/22:1(13Z))",BDHRPSJHSJIYMM-XGRKIXBHSA-N,C46H82NO11P,1,1,1,0,0.072451252,0.072451252,0.072451252,NA,MTBLS11904,Up in PD,1,FALSE,FALSE
IK_QAIPRVGONGVQAS-UHFFFAOYSA-N,"3-(3,4-Dihydroxyphenyl)prop-2-enoic Acid","3-(3,4-Dihydroxyphenyl)prop-2-enoic Acid",QAIPRVGONGVQAS-UHFFFAOYSA-N,C9H8O4,1,1,1,0,0.071952963,0.071952963,0.071952963,NA,MTBLS11904,Up in PD,1,FALSE,FALSE
IK_WDEABJKSGGRCQA-UHFFFAOYSA-N,Docebenone,Docebenone,WDEABJKSGGRCQA-UHFFFAOYSA-N,C21H26O3,1,1,1,0,0.070956384,0.070956384,0.070956384,NA,MTBLS11904,Up in PD,1,FALSE,FALSE
IK_RLKNMGYLNXTJGA-UHFFFAOYSA-N,[(3-Hexyl-4-methyl-2-oxo-2H-chromen-7-yl)oxy]acetic acid,[(3-Hexyl-4-methyl-2-oxo-2H-chromen-7-yl)oxy]acetic acid,RLKNMGYLNXTJGA-UHFFFAOYSA-N,C18H22O5,1,1,1,0,0.070458095,0.070458095,0.070458095,NA,MTBLS11904,Up in PD,1,FALSE,FALSE
IK_NQRYJNQNLNOLGT-UHFFFAOYSA-N,Piperidine,Piperidine,NQRYJNQNLNOLGT-UHFFFAOYSA-N,C5H11N,1,1,1,0,0.070424876,0.070424876,0.070424876,NA,MTBLS11904,Up in PD,1,FALSE,FALSE
IK_YBOSYVPZRIDFAY-QSNZGGCFSA-N,"PC(P-16:0/20:5(5Z,8Z,11Z,14Z,16E)-OH(18R))","PC(P-16:0/20:5(5Z,8Z,11Z,14Z,16E)-OH(18R))",YBOSYVPZRIDFAY-QSNZGGCFSA-N,C44H78NO8P,1,1,1,0,0.070291998,0.070291998,0.070291998,NA,MTBLS11904,Up in PD,1,FALSE,FALSE
IK_UFAHZIUFPNSHSL-UHFFFAOYNA-N,Propionylcarnitine,Propionylcarnitine,UFAHZIUFPNSHSL-UHFFFAOYNA-N,C10H19NO4,1,1,1,0,0.070092683,0.070092683,0.070092683,NA,MTBLS11904,Up in PD,1,FALSE,FALSE
IK_ICSANXSPLDFBSA-ZUYRUSJRSA-N,Pressinoic acid,Pressinoic acid,ICSANXSPLDFBSA-ZUYRUSJRSA-N,C33H42N8O10S2,1,1,1,0,0.070059464,0.070059464,0.070059464,NA,MTBLS11904,Up in PD,1,FALSE,FALSE
IK_WILFXLMJFSKQRP-ZDUSSCGKSA-N,"8,14-Dihydroxyefavirenz","8,14-Dihydroxyefavirenz",WILFXLMJFSKQRP-ZDUSSCGKSA-N,C14H9ClF3NO4,1,1,1,0,0.070059464,0.070059464,0.070059464,NA,MTBLS11904,Up in PD,1,FALSE,FALSE
IK_CXTXHTVXPMOOSW-JUEJINBGSA-N,Epidermin,Epidermin,CXTXHTVXPMOOSW-JUEJINBGSA-N,C98H141N25O23S4,1,1,1,0,0.069793709,0.069793709,0.069793709,NA,MTBLS11904,Up in PD,1,FALSE,FALSE
IK_ITZYGDKGRKKBSN-HKFUITGCSA-N,"3alpha,7alpha-Dihydroxycoprostanic acid","3alpha,7alpha-Dihydroxycoprostanic acid",ITZYGDKGRKKBSN-HKFUITGCSA-N,C27H46O4,1,1,1,0,0.069694051,0.069694051,0.069694051,NA,MTBLS11904,Up in PD,1,FALSE,FALSE
IK_HOMAGVUCNZNWBC-UHFFFAOYSA-N,2-Propenyl 3-methylbutanoate,2-Propenyl 3-methylbutanoate,HOMAGVUCNZNWBC-UHFFFAOYSA-N,C8H14O2,1,1,1,0,0.069660832,0.069660832,0.069660832,NA,MTBLS11904,Up in PD,1,FALSE,FALSE
IK_UTBVIMLZIRIFFR-UHFFFAOYSA-N,2-(Methylthio)benzothiazole,2-(Methylthio)benzothiazole,UTBVIMLZIRIFFR-UHFFFAOYSA-N,C8H7NS2,1,1,1,0,0.069660832,0.069660832,0.069660832,NA,MTBLS11904,Up in PD,1,FALSE,FALSE
IK_ZBCBWPMODOFKDW-UHFFFAOYSA-N,Diethanolamine,Diethanolamine,ZBCBWPMODOFKDW-UHFFFAOYSA-N,C4H11NO2,1,1,0,1,-0.069660832,-0.069660832,0.069660832,NA,MTBLS11904,Down in PD,1,FALSE,FALSE
IK_RYIGNEOBDRVTHA-UHFFFAOYSA-N,8-chlortheophylline,8-chlortheophylline,RYIGNEOBDRVTHA-UHFFFAOYSA-N,C7H7ClN4O2,1,1,0,1,-0.069451881,-0.069451881,0.069451881,0.00327,38720721,Down in PD,1,FALSE,FALSE
IK_LOJUQFSPYHMHEO-SGHXUWJISA-N,Ubiquinol-8,Ubiquinol-8,LOJUQFSPYHMHEO-SGHXUWJISA-N,C49H76O4,1,1,0,1,-0.069262201,-0.069262201,0.069262201,NA,MTBLS11904,Down in PD,1,FALSE,FALSE
IK_AOPMSFXOYJXDNJ-IRFSQMTFSA-N,Plumieride,Plumieride,AOPMSFXOYJXDNJ-IRFSQMTFSA-N,C21H26O12,1,1,1,0,0.069062885,0.069062885,0.069062885,NA,MTBLS11904,Up in PD,1,FALSE,FALSE
IK_AGOYDEPGAOXOCK-KCBOHYOISA-N,Clarithromycin,Clarithromycin,AGOYDEPGAOXOCK-KCBOHYOISA-N,C38H69NO13,1,1,1,0,0.068930008,0.068930008,0.068930008,NA,MTBLS11904,Up in PD,1,FALSE,FALSE
IK_PWKSKIMOESPYIA-BYPYZUCNSA-N,Acetylcysteine,Acetylcysteine,PWKSKIMOESPYIA-BYPYZUCNSA-N,C5H9NO3S,1,1,1,0,0.06883035,0.06883035,0.06883035,NA,MTBLS11904,Up in PD,1,FALSE,FALSE
IK_ZQIULKXWJGSFAC-UHFFFAOYSA-N,Manglupenone,Manglupenone,ZQIULKXWJGSFAC-UHFFFAOYSA-N,C30H44O2,1,1,0,1,-0.068730692,-0.068730692,0.068730692,NA,MTBLS11904,Down in PD,1,FALSE,FALSE
IK_AGPKZVBTJJNPAG-WHFBIAKZSA-N,L-Isoleucine,L-Isoleucine,AGPKZVBTJJNPAG-WHFBIAKZSA-N,C6H13NO2,1,1,1,0,0.068564596,0.068564596,0.068564596,NA,MTBLS11904,Up in PD,1,FALSE,FALSE
IK_IYMMESGOJVNCKV-JOYOIKCWSA-N,Rimiterol,Rimiterol,IYMMESGOJVNCKV-JOYOIKCWSA-N,C12H17NO3,1,1,0,1,-0.068531377,-0.068531377,0.068531377,NA,MTBLS11904,Down in PD,1,FALSE,FALSE
IK_JIJYZALGIIQXKE-UHFFFAOYSA-N,5-Deoxykievitone,5-Deoxykievitone,JIJYZALGIIQXKE-UHFFFAOYSA-N,C20H20O5,1,1,1,0,0.068531377,0.068531377,0.068531377,NA,MTBLS11904,Up in PD,1,FALSE,FALSE
IK_UCYPOAPUDLUXQX-VXOKBQSKSA-N,"MG(22:2(13Z,16Z)/0:0/0:0)","MG(22:2(13Z,16Z)/0:0/0:0)",UCYPOAPUDLUXQX-VXOKBQSKSA-N,C25H46O4,1,1,1,0,0.068531377,0.068531377,0.068531377,NA,MTBLS11904,Up in PD,1,FALSE,FALSE
IK_DWHIUNMOTRUVPG-UHFFFAOYSA-N,Heptaethylene glycol monododecyl ether,Heptaethylene glycol monododecyl ether,DWHIUNMOTRUVPG-UHFFFAOYSA-N,C26H54O8,1,1,0,1,-0.06836528,-0.06836528,0.06836528,NA,MTBLS11904,Down in PD,1,FALSE,FALSE
IK_QCDYOIZVELGOLZ-UHFFFAOYSA-N,Salvigenin,Salvigenin,QCDYOIZVELGOLZ-UHFFFAOYSA-N,C18H16O6,1,1,1,0,0.068332061,0.068332061,0.068332061,NA,MTBLS11904,Up in PD,1,FALSE,FALSE
IK_PXWLVJLKJGVOKE-UHFFFAOYSA-N,Propyphenazone,Propyphenazone,PXWLVJLKJGVOKE-UHFFFAOYSA-N,C14H18N2O,1,1,0,1,-0.068232403,-0.068232403,0.068232403,NA,MTBLS11904,Down in PD,1,FALSE,FALSE
IK_NTVFQBIHLSPEGQ-BUHFOSPRSA-N,"9,10,13-TriHOME","9,10,13-TriHOME",NTVFQBIHLSPEGQ-BUHFOSPRSA-N,C18H34O5,1,1,1,0,0.068199184,0.068199184,0.068199184,NA,MTBLS11904,Up in PD,1,FALSE,FALSE
IK_AYIZHKDZYOSOGY-IUCAKERBSA-N,Histidylmethionine,Histidylmethionine,AYIZHKDZYOSOGY-IUCAKERBSA-N,C11H18N4O3S,1,1,1,0,0.067999868,0.067999868,0.067999868,NA,MTBLS11904,Up in PD,1,FALSE,FALSE
IK_GFNYAPAJUNPMGH-QNEBEIHSSA-N,"5,6-dihydroxy-8Z,11Z,14Z-eicosatrienoic acid","5,6-dihydroxy-8Z,11Z,14Z-eicosatrienoic acid | 5,6-DHET",GFNYAPAJUNPMGH-QNEBEIHSSA-N,C20H34O4,1,1,0,1,-0.06790021,-0.06790021,0.06790021,NA,MTBLS11904,Down in PD,1,FALSE,FALSE
IK_YQDZGFAYWGWSJK-SLMGBJJTSA-N,"11beta,17beta-Dihydroxy-4-androsten-3-one","11beta,17beta-Dihydroxy-4-androsten-3-one",YQDZGFAYWGWSJK-SLMGBJJTSA-N,C19H28O3,1,1,1,0,0.067833772,0.067833772,0.067833772,NA,MTBLS11904,Up in PD,1,FALSE,FALSE
IK_ADVNUIUADIXWMI-OLZOCXBDSA-N,"(2-((3,5-Di-t-butyl-4-hydroxyphenyl)thio)-1-methylpropoxy)acetic acid","(2-((3,5-Di-t-butyl-4-hydroxyphenyl)thio)-1-methylpropoxy)acetic acid",ADVNUIUADIXWMI-OLZOCXBDSA-N,C20H32O4S,1,1,1,0,0.067734114,0.067734114,0.067734114,NA,MTBLS11904,Up in PD,1,FALSE,FALSE
IK_DBFYXFUOCIHCAH-YHTHSIKYSA-N,"PS(18:3(9Z,12Z,15Z)/18:0)","PS(18:3(9Z,12Z,15Z)/18:0)",DBFYXFUOCIHCAH-YHTHSIKYSA-N,C42H76NO10P,1,1,1,0,0.067734114,0.067734114,0.067734114,NA,MTBLS11904,Up in PD,1,FALSE,FALSE
IK_FQTLNSKVFLETSS-QBCIWLIXSA-N,Gibberellin A43,Gibberellin A43,FQTLNSKVFLETSS-QBCIWLIXSA-N,C20H26O8,1,1,0,1,-0.067734114,-0.067734114,0.067734114,NA,MTBLS11904,Down in PD,1,FALSE,FALSE
IK_REDKBACMQCHVMH-LQOXNGKESA-N,PE(22:1(13Z)/15:0),PE(22:1(13Z)/15:0),REDKBACMQCHVMH-LQOXNGKESA-N,C42H82NO8P,1,1,0,1,-0.067734114,-0.067734114,0.067734114,NA,MTBLS11904,Down in PD,1,FALSE,FALSE
IK_VOZHMAYHYHEWBW-NVOOAVKYSA-N,Bufotalin,Bufotalin,VOZHMAYHYHEWBW-NVOOAVKYSA-N,C26H36O6,1,1,1,0,0.067734114,0.067734114,0.067734114,NA,MTBLS11904,Up in PD,1,FALSE,FALSE
IK_KORLZEIJSHHTDW-YFKPBYRVSA-N,N5-formyl-N5-hydroxy-L-ornithine,N5-formyl-N5-hydroxy-L-ornithine,KORLZEIJSHHTDW-YFKPBYRVSA-N,C6H12N2O4,1,1,1,0,0.067601237,0.067601237,0.067601237,NA,MTBLS11904,Up in PD,1,FALSE,FALSE
IK_HEUQYIQQCNOXOG-UHFFFAOYSA-N,N-Undecanoylglycine,N-Undecanoylglycine,HEUQYIQQCNOXOG-UHFFFAOYSA-N,C13H25NO3,1,1,1,0,0.067501579,0.067501579,0.067501579,NA,MTBLS11904,Up in PD,1,FALSE,FALSE
IK_KVCSJPATKXABRQ-UHFFFAOYSA-N,Piboserod,Piboserod,KVCSJPATKXABRQ-UHFFFAOYSA-N,C22H31N3O2,1,1,1,0,0.067501579,0.067501579,0.067501579,NA,MTBLS11904,Up in PD,1,FALSE,FALSE
IK_MFNAKLLYSPINFZ-UHFFFAOYSA-N,"6-Methylpteridine-2,4-diamine","6-Methylpteridine-2,4-diamine",MFNAKLLYSPINFZ-UHFFFAOYSA-N,C7H8N6,1,1,1,0,0.067202605,0.067202605,0.067202605,NA,MTBLS11904,Up in PD,1,FALSE,FALSE
IK_OCEZPDBEDULORM-UHFFFAOYSA-N,Ile-Ile-Ile-Pro,Ile-Ile-Ile-Pro,OCEZPDBEDULORM-UHFFFAOYSA-N,C23H42N4O5,1,1,0,1,-0.067069728,-0.067069728,0.067069728,NA,MTBLS11904,Down in PD,1,FALSE,FALSE
IK_AJMZUFBKADIAKC-SKTOPKGQSA-N,"DG(18:0/18:2(9Z,12Z)/0:0)","DG(18:0/18:2(9Z,12Z)/0:0)",AJMZUFBKADIAKC-SKTOPKGQSA-N,C39H72O5,1,1,1,0,0.067036509,0.067036509,0.067036509,NA,MTBLS11904,Up in PD,1,FALSE,FALSE
IK_VSMOENVRRABVKN-QMMMGPOBSA-N,(R)-1-Octen-3-ol,(R)-1-Octen-3-ol,VSMOENVRRABVKN-QMMMGPOBSA-N,C8H16O,1,1,1,0,0.067036509,0.067036509,0.067036509,NA,MTBLS11904,Up in PD,1,FALSE,FALSE
IK_RZMLVIHXZGQADB-YLUGYNJDSA-N,Neuromedin N,Neuromedin N,RZMLVIHXZGQADB-YLUGYNJDSA-N,C38H63N7O8,1,1,0,1,-0.066936851,-0.066936851,0.066936851,NA,MTBLS11904,Down in PD,1,FALSE,FALSE
IK_ZIKZPLSIAVHITA-WNGDLQANSA-N,Nomilinic acid,Nomilinic acid,ZIKZPLSIAVHITA-WNGDLQANSA-N,C28H36O10,1,1,0,1,-0.066604658,-0.066604658,0.066604658,NA,MTBLS11904,Down in PD,1,FALSE,FALSE
IK_NRZWYNLTFLDQQX-UHFFFAOYSA-N,4-Tert-Amylphenol,4-Tert-Amylphenol,NRZWYNLTFLDQQX-UHFFFAOYSA-N,C11H16O,1,1,0,1,-0.066471781,-0.066471781,0.066471781,NA,MTBLS11904,Down in PD,1,FALSE,FALSE
IK_RBNPOMFGQQGHHO-UHFFFAOYSA-N,glyceric acid,glyceric acid,RBNPOMFGQQGHHO-UHFFFAOYSA-N,C3H6O4,1,1,0,1,-0.066338904,-0.066338904,0.066338904,NA,MTBLS11904,Down in PD,1,FALSE,FALSE
IK_PIYTUGMLAKPQKI-OMQYJPGKSA-N,"4,5-seco-dopa","4,5-seco-dopa",PIYTUGMLAKPQKI-OMQYJPGKSA-N,C9H11NO6,1,1,0,1,-0.066239246,-0.066239246,0.066239246,NA,MTBLS11904,Down in PD,1,FALSE,FALSE
IK_HCENGXRZXKAJLN-VOTSOKGWSA-N,Nalpha-Cinnamoylhistamine,Nalpha-Cinnamoylhistamine,HCENGXRZXKAJLN-VOTSOKGWSA-N,C14H15N3O,1,1,1,0,0.066172808,0.066172808,0.066172808,NA,MTBLS11904,Up in PD,1,FALSE,FALSE
IK_CIKNYWFPGZCHDL-ZHFUJENKSA-N,Sisomicin sulfate,Sisomicin sulfate,CIKNYWFPGZCHDL-ZHFUJENKSA-N,C38H84N10O34S5,1,1,1,0,0.066039931,0.066039931,0.066039931,NA,MTBLS11904,Up in PD,1,FALSE,FALSE
IK_CMGDVUCDZOBDNL-UHFFFAOYSA-N,4-Methyl-1H-Benzotriazole,4-Methyl-1H-Benzotriazole,CMGDVUCDZOBDNL-UHFFFAOYSA-N,C7H7N3,1,1,1,0,0.066006711,0.066006711,0.066006711,NA,MTBLS11904,Up in PD,1,FALSE,FALSE
IK_XUJWOMMOEOHPFP-UTJQPWESSA-N,"8Z,11Z-eicosadienoic acid","8Z,11Z-eicosadienoic acid",XUJWOMMOEOHPFP-UTJQPWESSA-N,C20H36O2,1,1,0,1,-0.065907053,-0.065907053,0.065907053,NA,MTBLS11904,Down in PD,1,FALSE,FALSE
IK_VHKNBDIQDAXGBL-UHFFFAOYSA-M,"2,5-Dioxopentanoate","2,5-Dioxopentanoate",VHKNBDIQDAXGBL-UHFFFAOYSA-M,C5H5O4-,1,1,1,0,0.065873834,0.065873834,0.065873834,NA,MTBLS11904,Up in PD,1,FALSE,FALSE
IK_GUARTUJKFNAVIK-QPTWMBCESA-N,Tulathromycin A,Tulathromycin A,GUARTUJKFNAVIK-QPTWMBCESA-N,C41H79N3O12,1,1,0,1,-0.065840615,-0.065840615,0.065840615,NA,MTBLS11904,Down in PD,1,FALSE,FALSE
IK_DRHKJLXJIQTDTD-OAHLLOKOSA-N,Tamsulosin,Tamsulosin,DRHKJLXJIQTDTD-OAHLLOKOSA-N,C20H28N2O5S,1,1,1,0,0.065807396,0.065807396,0.065807396,NA,MTBLS11904,Up in PD,1,FALSE,FALSE
IK_XQSPYNMVSIKCOC-NTSWFWBYSA-N,Emtricitabine,Emtricitabine,XQSPYNMVSIKCOC-NTSWFWBYSA-N,C8H10FN3O3S,1,1,0,1,-0.065674518,-0.065674518,0.065674518,NA,MTBLS11904,Down in PD,1,FALSE,FALSE
IK_RJYQLMILDVERHH-UHFFFAOYSA-N,4-Ipomeanol,4-Ipomeanol,RJYQLMILDVERHH-UHFFFAOYSA-N,C9H12O3,1,1,1,0,0.065574861,0.065574861,0.065574861,NA,MTBLS11904,Up in PD,1,FALSE,FALSE
IK_AVTUTJYTKKMVGB-BGXVWEPQSA-O,Pinotin A,Pinotin A,AVTUTJYTKKMVGB-BGXVWEPQSA-O,C31H29O14+,1,1,1,0,0.065441983,0.065441983,0.065441983,NA,MTBLS11904,Up in PD,1,FALSE,FALSE
IK_XHDHWGKEDVWKAN-ONNLMXTPSA-N,"13-Oxo-9,11-tridecadienoic acid","13-Oxo-9,11-tridecadienoic acid",XHDHWGKEDVWKAN-ONNLMXTPSA-N,C13H20O3,1,1,1,0,0.065408764,0.065408764,0.065408764,NA,MTBLS11904,Up in PD,1,FALSE,FALSE
IK_ONJQDTZCDSESIW-UHFFFAOYSA-N,Polidocanol,Polidocanol,ONJQDTZCDSESIW-UHFFFAOYSA-N,C30H62O10,1,1,1,0,0.065275887,0.065275887,0.065275887,NA,MTBLS11904,Up in PD,1,FALSE,FALSE
IK_ILUZPRRJJSFYEH-OBNQGTFASA-N,3-O-beta-D-glucosyl-brassicasterol,3-O-beta-D-glucosyl-brassicasterol,ILUZPRRJJSFYEH-OBNQGTFASA-N,C34H56O6,1,1,1,0,0.065242668,0.065242668,0.065242668,NA,MTBLS11904,Up in PD,1,FALSE,FALSE
IK_NDQCVBYVTMEEQZ-RXQYGXENSA-N,"DG(15:0/0:0/18:3(9,11,15)-OH(13))","DG(15:0/0:0/18:3(9,11,15)-OH(13))",NDQCVBYVTMEEQZ-RXQYGXENSA-N,C36H64O6,1,1,1,0,0.065176229,0.065176229,0.065176229,NA,MTBLS11904,Up in PD,1,FALSE,FALSE
NO_INCHIKEY__pc ae c42 4,PC ae C42:4,PC ae C42:4,NA,NA,1,1,0,1,-0.065095561,-0.065095561,0.065095561,NA,34577635,Down in PD,1,FALSE,FALSE
IK_UDMBCSSLTHHNCD-KQYNXXCUSA-N,Adenosine 5'-Monophosphate,Adenosine 5'-Monophosphate,UDMBCSSLTHHNCD-KQYNXXCUSA-N,C10H14N5O7P,1,1,1,0,0.065043352,0.065043352,0.065043352,NA,MTBLS11904,Up in PD,1,FALSE,FALSE
IK_ZILZDFSDUXZZAT-UHFFFAOYSA-N,3-hydroxynonanoyl carnitine,3-hydroxynonanoyl carnitine,ZILZDFSDUXZZAT-UHFFFAOYSA-N,C16H31NO5,1,1,0,1,-0.064910475,-0.064910475,0.064910475,NA,MTBLS11904,Down in PD,1,FALSE,FALSE
IK_QFRLEUJNZXTNTR-YYOLRRQBSA-N,Gluten exorphin C,Gluten exorphin C,QFRLEUJNZXTNTR-YYOLRRQBSA-N,C29H45N5O8,1,1,0,1,-0.06467794,-0.06467794,0.06467794,NA,MTBLS11904,Down in PD,1,FALSE,FALSE
IK_HKVFKEJBSWJQMU-UHFFFAOYSA-N,Xi-3-Methyl-3-cyclohexen-1-ol,Xi-3-Methyl-3-cyclohexen-1-ol,HKVFKEJBSWJQMU-UHFFFAOYSA-N,C7H12O,1,1,0,1,-0.064644721,-0.064644721,0.064644721,NA,MTBLS11904,Down in PD,1,FALSE,FALSE
IK_GBNPCIWXLWZJGA-IGBSIYCFSA-N,PC ae C38:4,PC ae C38:4,GBNPCIWXLWZJGA-IGBSIYCFSA-N,C46H86NO7P,1,1,0,1,-0.064632286,-0.064632286,0.064632286,NA,34577635,Down in PD,1,FALSE,FALSE
IK_KQZRTOGFDRQBSR-UHFFFAOYSA-N,"2-Amino-4-oxo-6-(1',2',3'-trihydroxypropyl)-diquinoid-7,8-dihydroxypterin","2-Amino-4-oxo-6-(1',2',3'-trihydroxypropyl)-diquinoid-7,8-dihydroxypterin",KQZRTOGFDRQBSR-UHFFFAOYSA-N,C9H15N5O6,1,1,1,0,0.064611501,0.064611501,0.064611501,NA,MTBLS11904,Up in PD,1,FALSE,FALSE
IK_CVFXMLXLNNEEJM-MQWKRIRWSA-N,1-Hydroxy-2-(N-acetylcysteinyl)-3-butene,1-Hydroxy-2-(N-acetylcysteinyl)-3-butene,CVFXMLXLNNEEJM-MQWKRIRWSA-N,C9H15NO4S,1,1,0,1,-0.064445405,-0.064445405,0.064445405,NA,MTBLS11904,Down in PD,1,FALSE,FALSE
IK_ADFXKUOMJKEIND-UHFFFAOYSA-N,"N,N'-Dicyclohexylurea","N,N'-Dicyclohexylurea",ADFXKUOMJKEIND-UHFFFAOYSA-N,C13H24N2O,1,1,1,0,0.064378966,0.064378966,0.064378966,NA,MTBLS11904,Up in PD,1,FALSE,FALSE
IK_SGTFNLMVIRZWTA-LFCBYZEKSA-N,28-Hydroxywithanolide E,28-Hydroxywithanolide E,SGTFNLMVIRZWTA-LFCBYZEKSA-N,C28H38O8,1,1,0,1,-0.064246089,-0.064246089,0.064246089,NA,MTBLS11904,Down in PD,1,FALSE,FALSE
IK_SOJVORMOXWNMMG-WITMPDRSSA-N,"PE-NMe2(14:0/20:2(11Z,14Z))","PE-NMe2(14:0/20:2(11Z,14Z))",SOJVORMOXWNMMG-WITMPDRSSA-N,C41H78NO8P,1,1,1,0,0.06421287,0.06421287,0.06421287,NA,MTBLS11904,Up in PD,1,FALSE,FALSE
IK_OQZSGNGSHMDCAR-UHFFFAOYSA-N,Solutol HS 15,Solutol HS 15,OQZSGNGSHMDCAR-UHFFFAOYSA-N,C20H43NO4,1,1,1,0,0.064179651,0.064179651,0.064179651,NA,MTBLS11904,Up in PD,1,FALSE,FALSE
IK_WKWLFVVHPPHSPJ-QNBJRWHPSA-N,"PE(15:0/20:4(5Z,8Z,11Z,14Z)-OH(20))","PE(15:0/20:4(5Z,8Z,11Z,14Z)-OH(20))",WKWLFVVHPPHSPJ-QNBJRWHPSA-N,C40H72NO9P,1,1,1,0,0.064179651,0.064179651,0.064179651,NA,MTBLS11904,Up in PD,1,FALSE,FALSE
IK_MVKVCCFLYCXSGW-KMCFPEAVSA-N,"PC(LTE4/22:2(13Z,16Z))","PC(LTE4/22:2(13Z,16Z))",MVKVCCFLYCXSGW-KMCFPEAVSA-N,C53H93N2O11PS,1,1,1,0,0.064013554,0.064013554,0.064013554,NA,MTBLS11904,Up in PD,1,FALSE,FALSE
IK_BGKHCLZFGPIKKU-LDDQNKHRSA-N,PGA1,PGA1,BGKHCLZFGPIKKU-LDDQNKHRSA-N,C20H32O4,1,1,1,0,0.063714581,0.063714581,0.063714581,NA,MTBLS11904,Up in PD,1,FALSE,FALSE
IK_XWYBFXIUISNTQG-XPYNSANSSA-N,"3a,21-Dihydroxy-5b-pregnane-11,20-dione","3a,21-Dihydroxy-5b-pregnane-11,20-dione",XWYBFXIUISNTQG-XPYNSANSSA-N,C21H32O4,1,1,1,0,0.063648142,0.063648142,0.063648142,NA,MTBLS11904,Up in PD,1,FALSE,FALSE
IK_FWWQKRXKHIRPJY-UHFFFAOYSA-N,Stearaldehyde,Stearaldehyde,FWWQKRXKHIRPJY-UHFFFAOYSA-N,C18H36O,1,1,1,0,0.063415607,0.063415607,0.063415607,NA,MTBLS11904,Up in PD,1,FALSE,FALSE
IK_DXHYQIJBUNRPJT-UHFFFAOYSA-N,Parsalmide,Parsalmide,DXHYQIJBUNRPJT-UHFFFAOYSA-N,C14H18N2O2,1,1,1,0,0.063382388,0.063382388,0.063382388,NA,MTBLS11904,Up in PD,1,FALSE,FALSE
IK_NSTCJQZTKVQBIU-UHFFFAOYSA-N,"4-Methoxy-4-oxo-2,2-bis(sulfanyl)butanoic acid","4-Methoxy-4-oxo-2,2-bis(sulfanyl)butanoic acid",NSTCJQZTKVQBIU-UHFFFAOYSA-N,C5H8O4S2,1,1,1,0,0.063382388,0.063382388,0.063382388,NA,MTBLS11904,Up in PD,1,FALSE,FALSE
IK_UEFRDQSMQXDWTO-YGPZHTELSA-N,(R)-3-hydroxybutyrylcarnitine,(R)-3-hydroxybutyrylcarnitine,UEFRDQSMQXDWTO-YGPZHTELSA-N,C11H21NO5,1,1,1,0,0.062651564,0.062651564,0.062651564,NA,MTBLS11904,Up in PD,1,FALSE,FALSE
IK_INWLQCZOYSRPNW-UHFFFAOYSA-N,Mepivacaine,Mepivacaine,INWLQCZOYSRPNW-UHFFFAOYSA-N,C15H22N2O,1,1,0,1,-0.062419029,-0.062419029,0.062419029,NA,MTBLS11904,Down in PD,1,FALSE,FALSE
IK_VIHAEDVKXSOUAT-UHFFFAOYSA-N,2(5H)-Furanone,2(5H)-Furanone,VIHAEDVKXSOUAT-UHFFFAOYSA-N,C4H4O2,1,1,0,1,-0.062319371,-0.062319371,0.062319371,NA,MTBLS11904,Down in PD,1,FALSE,FALSE
IK_SZBGXBOFCGNPEU-UHFFFAOYSA-N,5-Aminopentanal,5-Aminopentanal,SZBGXBOFCGNPEU-UHFFFAOYSA-N,C5H11NO,1,1,0,1,-0.061721424,-0.061721424,0.061721424,NA,MTBLS11904,Down in PD,1,FALSE,FALSE
IK_CLCDCPXFUKRPLP-GYXKVCTLSA-N,"DG(20:5(6E,8Z,11Z,14Z,17Z)-OH(5)/8:0/0:0)","DG(20:5(6E,8Z,11Z,14Z,17Z)-OH(5)/8:0/0:0)",CLCDCPXFUKRPLP-GYXKVCTLSA-N,C31H50O6,1,1,0,1,-0.061588547,-0.061588547,0.061588547,NA,MTBLS11904,Down in PD,1,FALSE,FALSE
IK_NICDFCNOCPZHTJ-LXGSHKTASA-N,Annosquamosin B,Annosquamosin B,NICDFCNOCPZHTJ-LXGSHKTASA-N,C19H32O3,1,1,0,1,-0.061555328,-0.061555328,0.061555328,NA,MTBLS11904,Down in PD,1,FALSE,FALSE
IK_XDSSPSLGNGIIHP-VKHMYHEASA-N,Se-Methylselenocysteine,Se-Methylselenocysteine,XDSSPSLGNGIIHP-VKHMYHEASA-N,C4H9NO2Se,1,1,1,0,0.061555328,0.061555328,0.061555328,NA,MTBLS11904,Up in PD,1,FALSE,FALSE
IK_SSYFPKXWJHNROG-ZFDJEVKPSA-N,PA(10:0/PGD1),PA(10:0/PGD1),SSYFPKXWJHNROG-ZFDJEVKPSA-N,C33H59O11P,1,1,0,1,-0.061389231,-0.061389231,0.061389231,NA,MTBLS11904,Down in PD,1,FALSE,FALSE
IK_VMZVBRIIHDRYGK-UHFFFAOYSA-N,"2,6-Di-tert-butyl-4-[(dimethylamino)methyl]phenol","2,6-Di-tert-butyl-4-[(dimethylamino)methyl]phenol",VMZVBRIIHDRYGK-UHFFFAOYSA-N,C17H29NO,1,1,0,1,-0.061322793,-0.061322793,0.061322793,NA,MTBLS11904,Down in PD,1,FALSE,FALSE
IK_NLMDZXKCTWKRSQ-IBISWUOJSA-N,"[(2S,3S,4S,5S,6R)-4,5-Dihydroxy-2,6-dimethyloxan-3-yl] hydrogen sulfate","[(2S,3S,4S,5S,6R)-4,5-Dihydroxy-2,6-dimethyloxan-3-yl] hydrogen sulfate",NLMDZXKCTWKRSQ-IBISWUOJSA-N,C7H14O7S,1,1,1,0,0.060924161,0.060924161,0.060924161,NA,MTBLS11904,Up in PD,1,FALSE,FALSE
IK_FMCBSYMIXJRNHE-QXNXUSMZSA-N,"PE-NMe(20:3(8Z,11Z,14Z)/22:5(7Z,10Z,13Z,16Z,19Z))","PE-NMe(20:3(8Z,11Z,14Z)/22:5(7Z,10Z,13Z,16Z,19Z))",FMCBSYMIXJRNHE-QXNXUSMZSA-N,C48H80NO8P,1,1,0,1,-0.060625188000000003,-0.060625188000000003,0.060625188000000003,NA,MTBLS11904,Down in PD,1,FALSE,FALSE
IK_QMGUAHPNVSCSPM-UHFFFAOYSA-N,Formyl 3-hydroxybutanoate,Formyl 3-hydroxybutanoate,QMGUAHPNVSCSPM-UHFFFAOYSA-N,C5H8O4,1,1,1,0,0.060591968,0.060591968,0.060591968,NA,MTBLS11904,Up in PD,1,FALSE,FALSE
IK_NFZKLQHAALLDRG-UINNZVLTSA-N,DG(PGF1alpha/0:0/12:0),DG(PGF1alpha/0:0/12:0),NFZKLQHAALLDRG-UINNZVLTSA-N,C35H64O8,1,1,0,1,-0.060492311,-0.060492311,0.060492311,NA,MTBLS11904,Down in PD,1,FALSE,FALSE
IK_VDNMIIDPBBCMTM-UHFFFAOYSA-N,(2-Hydroxyethoxy)acetic acid,(2-Hydroxyethoxy)acetic acid,VDNMIIDPBBCMTM-UHFFFAOYSA-N,C4H8O4,1,1,0,1,-0.060226556,-0.060226556,0.060226556,NA,MTBLS11904,Down in PD,1,FALSE,FALSE
IK_JWDFQMWEFLOOED-UHFFFAOYSA-N,N-Succinimidyl 3-(2-pyridyldithio)propionate,N-Succinimidyl 3-(2-pyridyldithio)propionate,JWDFQMWEFLOOED-UHFFFAOYSA-N,C12H12N2O4S2,1,1,0,1,-0.05959539,-0.05959539,0.05959539,NA,MTBLS11904,Down in PD,1,FALSE,FALSE
IK_LJJHXRRUVASJDX-KRXBUXKQSA-N,Lupinic acid,Lupinic acid,LJJHXRRUVASJDX-KRXBUXKQSA-N,C13H18N6O3,1,1,0,1,-0.059396074,-0.059396074,0.059396074,NA,MTBLS11904,Down in PD,1,FALSE,FALSE
IK_RFAKHEWADWLSJX-ZIQRGBBDSA-N,"12R-hydroxy-5Z,8Z,12Z-eicosatrienoic acid","12R-hydroxy-5Z,8Z,12Z-eicosatrienoic acid",RFAKHEWADWLSJX-ZIQRGBBDSA-N,C20H34O3,1,1,1,0,0.059396074,0.059396074,0.059396074,NA,MTBLS11904,Up in PD,1,FALSE,FALSE
IK_DHNSTMIMQCKEPC-UHFFFAOYSA-N,"3,4-Methyleneazelaic acid","3,4-Methyleneazelaic acid",DHNSTMIMQCKEPC-UHFFFAOYSA-N,C11H16O4,1,1,1,0,0.059296416,0.059296416,0.059296416,NA,MTBLS11904,Up in PD,1,FALSE,FALSE
IK_FAYYTQMQTAKHRM-QDVPYJSNSA-N,Varanic acid,Varanic acid,FAYYTQMQTAKHRM-QDVPYJSNSA-N,C27H46O6,1,1,0,1,-0.059097101,-0.059097101,0.059097101,NA,MTBLS11904,Down in PD,1,FALSE,FALSE
IK_YYMCYJLIYNNOMK-UHFFFAOYSA-N,Nor-psi-tropine,Nor-psi-tropine,YYMCYJLIYNNOMK-UHFFFAOYSA-N,C7H13NO,1,1,0,1,-0.058997443,-0.058997443,0.058997443,NA,MTBLS11904,Down in PD,1,FALSE,FALSE
IK_WDJHALXBUFZDSR-UHFFFAOYSA-M,Acetoacetate,Acetoacetate,WDJHALXBUFZDSR-UHFFFAOYSA-M,C4H5O3-,1,1,1,0,0.058923235,0.058923235,0.058923235,NA,ST001814,Up in PD,1,FALSE,FALSE
IK_BZUIJMCJNWUGKQ-BDAKNGLRSA-N,Hypusine,Hypusine,BZUIJMCJNWUGKQ-BDAKNGLRSA-N,C10H23N3O3,1,1,0,1,-0.058897785,-0.058897785,0.058897785,NA,MTBLS11904,Down in PD,1,FALSE,FALSE
IK_BHQCQFFYRZLCQQ-PGHAKIONSA-N,Allocholic acid,Allocholic acid,BHQCQFFYRZLCQQ-PGHAKIONSA-N,C24H40O5,1,1,1,0,0.058764908,0.058764908,0.058764908,NA,MTBLS11904,Up in PD,1,FALSE,FALSE
IK_JFCQEDHGNNZCLN-UHFFFAOYSA-N,Glutaric Acid,Glutaric Acid,JFCQEDHGNNZCLN-UHFFFAOYSA-N,C5H8O4,1,1,0,1,-0.058731689,-0.058731689,0.058731689,NA,MTBLS11904,Down in PD,1,FALSE,FALSE
IK_VEBVPUXQAPLADL-POYOOMFHSA-N,Ingenol,Ingenol,VEBVPUXQAPLADL-POYOOMFHSA-N,C20H28O5,1,1,0,1,-0.058698469,-0.058698469,0.058698469,NA,MTBLS11904,Down in PD,1,FALSE,FALSE
IK_WBIICVGYYRRURR-UHFFFAOYSA-N,"3-(Aminomethyl)-2,5,9-trimethyl-7H-furo[3,2-g]chromen-7-one","3-(Aminomethyl)-2,5,9-trimethyl-7H-furo[3,2-g]chromen-7-one",WBIICVGYYRRURR-UHFFFAOYSA-N,C15H15NO3,1,1,1,0,0.058632031,0.058632031,0.058632031,NA,MTBLS11904,Up in PD,1,FALSE,FALSE
IK_VSDWHZGJGWMIRN-UHFFFAOYSA-N,"3-Methyl-1-(2,4,6-trihydroxyphenyl)-1-butanone","3-Methyl-1-(2,4,6-trihydroxyphenyl)-1-butanone",VSDWHZGJGWMIRN-UHFFFAOYSA-N,C11H14O4,1,1,1,0,0.058532373,0.058532373,0.058532373,NA,MTBLS11904,Up in PD,1,FALSE,FALSE
IK_VAPHLLYHDMUQSW-UHFFFAOYSA-N,Ethyl N2-acetyl-L-argininate,Ethyl N2-acetyl-L-argininate,VAPHLLYHDMUQSW-UHFFFAOYSA-N,C10H20N4O3,1,1,0,1,-0.058432715,-0.058432715,0.058432715,NA,MTBLS11904,Down in PD,1,FALSE,FALSE
IK_JPMYFOBNRRGFNO-UHFFFAOYSA-N,Genkwanin,Genkwanin,JPMYFOBNRRGFNO-UHFFFAOYSA-N,C16H12O5,1,1,1,0,0.0582334,0.0582334,0.0582334,NA,MTBLS11904,Up in PD,1,FALSE,FALSE
IK_RQHPADKWNYTHOH-VIFPVBQESA-N,L-Alanine 2-naphthylamide,L-Alanine 2-naphthylamide,RQHPADKWNYTHOH-VIFPVBQESA-N,C13H14N2O,1,1,1,0,0.057967645,0.057967645,0.057967645,NA,MTBLS11904,Up in PD,1,FALSE,FALSE
IK_XMZFUVYOYPLVOA-VLHUWQDUSA-N,GPCho(16:0/20:3),GPCho(16:0/20:3),XMZFUVYOYPLVOA-VLHUWQDUSA-N,C44H82NO8P,1,1,0,1,-0.057934426,-0.057934426,0.057934426,NA,MTBLS11904,Down in PD,1,FALSE,FALSE
IK_XWTYSIMOBUGWOL-UHFFFAOYSA-N,Terbutaline,Terbutaline,XWTYSIMOBUGWOL-UHFFFAOYSA-N,C12H19NO3,1,1,0,1,-0.057934426,-0.057934426,0.057934426,NA,MTBLS11904,Down in PD,1,FALSE,FALSE
IK_LYRFLYHAGKPMFH-UHFFFAOYSA-N,Octadecanamide,Octadecanamide | Stearamide,LYRFLYHAGKPMFH-UHFFFAOYSA-N,C18H37NO,1,1,1,0,0.057867987,0.057867987,0.057867987,NA,MTBLS11904,Up in PD,1,FALSE,FALSE
IK_PCXDJQZLDDHMGX-UHFFFAOYSA-N,3-Aminopropionaldehyde,3-Aminopropionaldehyde,PCXDJQZLDDHMGX-UHFFFAOYSA-N,C3H7NO,1,1,1,0,0.057801549,0.057801549,0.057801549,NA,MTBLS11904,Up in PD,1,FALSE,FALSE
IK_JXCOSKURGJMQSG-AIEJOZITSA-N,Beta-Cortolone,Beta-Cortolone,JXCOSKURGJMQSG-AIEJOZITSA-N,C21H34O5,1,1,1,0,0.057668672,0.057668672,0.057668672,NA,MTBLS11904,Up in PD,1,FALSE,FALSE
IK_YWZAPMXAANPWLC-DCAQKATOSA-N,"L-Prolinamide, 5-oxo-L-prolyl-L-norvalyl-","L-Prolinamide, 5-oxo-L-prolyl-L-norvalyl-",YWZAPMXAANPWLC-DCAQKATOSA-N,C15H24N4O4,1,1,0,1,-0.057668672,-0.057668672,0.057668672,NA,MTBLS11904,Down in PD,1,FALSE,FALSE
IK_VFYGOZNDDVMNNT-UHFFFAOYSA-N,Dodecenoylcarnitine,Dodecenoylcarnitine,VFYGOZNDDVMNNT-UHFFFAOYSA-N,C19H35NO4,1,1,0,1,-0.057602233,-0.057602233,0.057602233,NA,MTBLS11904,Down in PD,1,FALSE,FALSE
IK_SJFTVAAHLRFBST-NSHQGHFVSA-N,Apigenin 7-O-diglucuronide,Apigenin 7-O-diglucuronide,SJFTVAAHLRFBST-NSHQGHFVSA-N,C27H26O17,1,1,1,0,0.057569014,0.057569014,0.057569014,NA,MTBLS11904,Up in PD,1,FALSE,FALSE
IK_LZPZPHGJDAGEJZ-AKAIJSEGSA-N,Regadenoson,Regadenoson,LZPZPHGJDAGEJZ-AKAIJSEGSA-N,C15H18N8O5,1,1,1,0,0.05730326,0.05730326,0.05730326,NA,MTBLS11904,Up in PD,1,FALSE,FALSE
IK_WMUMZOAFCDOTRW-OVEHVULHSA-N,12alpha-hydroxy-3-oxo-5beta-cholan-24-oic Acid,12alpha-hydroxy-3-oxo-5beta-cholan-24-oic Acid,WMUMZOAFCDOTRW-OVEHVULHSA-N,C24H38O4,1,1,1,0,0.057203602,0.057203602,0.057203602,NA,MTBLS11904,Up in PD,1,FALSE,FALSE
IK_YRKLGWOHYXIKSF-LBPRGKRZSA-N,Indole-3-Acetyl-L-Glutamic Acid,Indole-3-Acetyl-L-Glutamic Acid,YRKLGWOHYXIKSF-LBPRGKRZSA-N,C15H16N2O5,1,1,1,0,0.057170383,0.057170383,0.057170383,NA,MTBLS11904,Up in PD,1,FALSE,FALSE
IK_AYHSDYHVIFMJHB-NFPJMEHBSA-N,"PE-NMe(22:5(4Z,7Z,10Z,13Z,16Z)/18:2(9Z,12Z))","PE-NMe(22:5(4Z,7Z,10Z,13Z,16Z)/18:2(9Z,12Z))",AYHSDYHVIFMJHB-NFPJMEHBSA-N,C46H78NO8P,1,1,0,1,-0.057070725,-0.057070725,0.057070725,NA,MTBLS11904,Down in PD,1,FALSE,FALSE
IK_BWCRCHWTIDPBOB-NKYRGGHJSA-N,"PA(22:1(13Z)/20:5(5Z,8Z,11Z,14Z,16E)-OH(18R))","PA(22:1(13Z)/20:5(5Z,8Z,11Z,14Z,16E)-OH(18R))",BWCRCHWTIDPBOB-NKYRGGHJSA-N,C45H77O9P,1,1,0,1,-0.057004286,-0.057004286,0.057004286,NA,MTBLS11904,Down in PD,1,FALSE,FALSE
IK_DPOINJQWXDTOSF-UHFFFAOYSA-N,"13,14-dihydro-15(R)-Prostaglandin E1","13,14-dihydro-15(R)-Prostaglandin E1",DPOINJQWXDTOSF-UHFFFAOYSA-N,C20H36O5,1,1,1,0,0.056937848,0.056937848,0.056937848,NA,MTBLS11904,Up in PD,1,FALSE,FALSE
IK_AERBNCYCJBRYDG-RGBJRUIASA-N,4-hydroxysphinganine,4-hydroxysphinganine,AERBNCYCJBRYDG-RGBJRUIASA-N,C18H39NO3,1,1,0,1,-0.056738532,-0.056738532,0.056738532,NA,MTBLS11904,Down in PD,1,FALSE,FALSE
IK_SZXDNGVQRDTJSD-FOWTUZBSSA-N,Prodigiosin,Prodigiosin,SZXDNGVQRDTJSD-FOWTUZBSSA-N,C20H25N3O,1,1,1,0,0.056738532,0.056738532,0.056738532,NA,MTBLS11904,Up in PD,1,FALSE,FALSE
IK_CWLVBFJCJXHUCF-RNPYNJAESA-N,"(3E,7E)-4,8,12-Trimethyl-1,3,7,11-tridecatetraene","(3E,7E)-4,8,12-Trimethyl-1,3,7,11-tridecatetraene",CWLVBFJCJXHUCF-RNPYNJAESA-N,C16H26,1,1,1,0,0.056672093,0.056672093,0.056672093,NA,MTBLS11904,Up in PD,1,FALSE,FALSE
IK_BLGXFZZNTVWLAY-DKJBZYCGSA-N,Corynanthine,Corynanthine,BLGXFZZNTVWLAY-DKJBZYCGSA-N,C21H26N2O3,1,1,0,1,-0.056605655,-0.056605655,0.056605655,NA,MTBLS11904,Down in PD,1,FALSE,FALSE
IK_GUAHPAJOXVYFON-UHFFFAOYSA-N,8-Amino-7-oxononanoic acid,8-Amino-7-oxononanoic acid | 7-Keto-8-aminopelargonic acid,GUAHPAJOXVYFON-UHFFFAOYSA-N,C9H17NO3,1,1,1,0,0.056572435,0.056572435,0.056572435,NA,MTBLS11904,Up in PD,1,FALSE,FALSE
IK_KVBGVZZKJNLNJU-UHFFFAOYSA-N,2-Naphthalenesulfonic acid,2-Naphthalenesulfonic acid,KVBGVZZKJNLNJU-UHFFFAOYSA-N,C10H8O3S,1,1,0,1,-0.056306681,-0.056306681,0.056306681,NA,MTBLS11904,Down in PD,1,FALSE,FALSE
IK_DSDNAKHZNJAGHN-MXTYGGKSSA-N,Resiniferatoxin,Resiniferatoxin,DSDNAKHZNJAGHN-MXTYGGKSSA-N,C37H40O9,1,1,0,1,-0.056240243,-0.056240243,0.056240243,NA,MTBLS11904,Down in PD,1,FALSE,FALSE
IK_QBMYYTXUDRARHD-SFYZADRCSA-N,Arginine ornithine,Arginine ornithine,QBMYYTXUDRARHD-SFYZADRCSA-N,C11H24N6O3,1,1,0,1,-0.056240243,-0.056240243,0.056240243,NA,MTBLS11904,Down in PD,1,FALSE,FALSE
IK_FZERHIULMFGESH-UHFFFAOYSA-N,N-Acetylarylamine,N-Acetylarylamine,FZERHIULMFGESH-UHFFFAOYSA-N,C8H9NO,1,1,1,0,0.056173804,0.056173804,0.056173804,NA,MTBLS11904,Up in PD,1,FALSE,FALSE
IK_VEESGYSTEQKVJL-KVKKDTSVSA-N,Corchoroside B,Corchoroside B,VEESGYSTEQKVJL-KVKKDTSVSA-N,C29H42O8,1,1,1,0,0.056173804,0.056173804,0.056173804,NA,MTBLS11904,Up in PD,1,FALSE,FALSE
IK_XEUPFPHHPCQXFV-UHFFFAOYSA-N,Panaquinquecol 7,Panaquinquecol 7,XEUPFPHHPCQXFV-UHFFFAOYSA-N,C17H24O3,1,1,1,0,0.056040927,0.056040927,0.056040927,NA,MTBLS11904,Up in PD,1,FALSE,FALSE
IK_CDAISMWEOUEBRE-GPIVLXJGSA-N,myo-inositol,myo-inositol,CDAISMWEOUEBRE-GPIVLXJGSA-N,C6H12O6,1,1,1,0,0.055528866,0.055528866,0.055528866,NA,ST001814,Up in PD,1,FALSE,FALSE
IK_ODVPGHBKUZXZJN-PWWCDPQYSA-N,Luteolin 3'-(3''-acetylglucuronide),Luteolin 3'-(3''-acetylglucuronide),ODVPGHBKUZXZJN-PWWCDPQYSA-N,C23H20O13,1,1,1,0,0.055310103,0.055310103,0.055310103,NA,MTBLS11904,Up in PD,1,FALSE,FALSE
IK_MSCFBKZUOGKJNH-DOWYPDBQSA-N,"PC(22:5(4Z,7Z,10Z,13Z,16Z)/P-18:1(9Z))","PC(22:5(4Z,7Z,10Z,13Z,16Z)/P-18:1(9Z))",MSCFBKZUOGKJNH-DOWYPDBQSA-N,C48H84NO7P,1,1,0,1,-0.055276884,-0.055276884,0.055276884,NA,MTBLS11904,Down in PD,1,FALSE,FALSE
IK_UPEZCKBFRMILAV-JMZLNJERSA-N,Ecdysone,Ecdysone,UPEZCKBFRMILAV-JMZLNJERSA-N,C27H44O6,1,1,0,1,-0.055276884,-0.055276884,0.055276884,NA,MTBLS11904,Down in PD,1,FALSE,FALSE
IK_LVHBHZANLOWSRM-UHFFFAOYSA-N,Itaconic acid,Itaconic acid,LVHBHZANLOWSRM-UHFFFAOYSA-N,C5H6O4,1,1,0,1,-0.054876273,-0.054876273,0.054876273,NA,ST001814,Down in PD,1,FALSE,FALSE
IK_SXSVOVSEOKWUNE-CMDGGOBGSA-N,3-Octenoylcarnitine,3-Octenoylcarnitine,SXSVOVSEOKWUNE-CMDGGOBGSA-N,C15H27NO4,1,1,0,1,-0.054845033,-0.054845033,0.054845033,NA,MTBLS11904,Down in PD,1,FALSE,FALSE
IK_GSEOJHIBPQRSNH-XZOQPEGZSA-N,LysoSM(d18:0),LysoSM(d18:0),GSEOJHIBPQRSNH-XZOQPEGZSA-N,C23H51N2O5P,1,1,0,1,-0.054745375,-0.054745375,0.054745375,NA,MTBLS11904,Down in PD,1,FALSE,FALSE
IK_CIMMACURCPXICP-PNQRDDRVSA-N,Prostaglandin D1,Prostaglandin D1,CIMMACURCPXICP-PNQRDDRVSA-N,C20H34O5,1,1,1,0,0.054479621,0.054479621,0.054479621,NA,MTBLS11904,Up in PD,1,FALSE,FALSE
IK_HDAGCVMZABLHLE-UHFFFAOYSA-N,Momordol,Momordol,HDAGCVMZABLHLE-UHFFFAOYSA-N,C26H48O5,1,1,0,1,-0.054446401,-0.054446401,0.054446401,NA,MTBLS11904,Down in PD,1,FALSE,FALSE
IK_KCEGBPIYGIWCDH-UHFFFAOYSA-N,"7,8-diaminopelargonate","7,8-diaminopelargonate",KCEGBPIYGIWCDH-UHFFFAOYSA-N,C9H20N2O2,1,1,0,1,-0.054280305,-0.054280305,0.054280305,NA,MTBLS11904,Down in PD,1,FALSE,FALSE
IK_SMVMSLPPAGGLDL-ZZTDLJEGSA-N,Isovaleryl-Val-Val-Sta-OEt,Isovaleryl-Val-Val-Sta-OEt,SMVMSLPPAGGLDL-ZZTDLJEGSA-N,C25H47N3O6,1,1,0,1,-0.054213867,-0.054213867,0.054213867,NA,MTBLS11904,Down in PD,1,FALSE,FALSE
IK_ROWKJAVDOGWPAT-GSVOUGTGSA-N,(R)-Acetoin,(R)-Acetoin,ROWKJAVDOGWPAT-GSVOUGTGSA-N,C4H8O2,1,1,0,1,-0.054180647,-0.054180647,0.054180647,NA,MTBLS11904,Down in PD,1,FALSE,FALSE
IK_OHZYISZWOVEBCJ-ATLCLBDSSA-N,Tuberoside,Tuberoside,OHZYISZWOVEBCJ-ATLCLBDSSA-N,C34H56O8,1,1,0,1,-0.054147428,-0.054147428,0.054147428,NA,MTBLS11904,Down in PD,1,FALSE,FALSE
IK_YEJRWHAVMIAJKC-UHFFFAOYSA-N,Gamma-Butyrolactone,Gamma-Butyrolactone,YEJRWHAVMIAJKC-UHFFFAOYSA-N,C4H6O2,1,1,1,0,0.054014551,0.054014551,0.054014551,NA,MTBLS11904,Up in PD,1,FALSE,FALSE
IK_SYELZBGXAIXKHU-UHFFFAOYSA-N,Lauramine Oxide,Lauramine Oxide,SYELZBGXAIXKHU-UHFFFAOYSA-N,C14H31NO,1,1,1,0,0.053848454,0.053848454,0.053848454,NA,MTBLS11904,Up in PD,1,FALSE,FALSE
IK_NZUPCNDJBJXXRF-UHFFFAOYSA-O,Bethanechol,Bethanechol,NZUPCNDJBJXXRF-UHFFFAOYSA-O,C7H17N2O2+,1,1,1,0,0.053782016,0.053782016,0.053782016,NA,MTBLS11904,Up in PD,1,FALSE,FALSE
IK_OVCDSSHSILBFBN-UHFFFAOYSA-N,Amodiaquine,Amodiaquine,OVCDSSHSILBFBN-UHFFFAOYSA-N,C20H22ClN3O,1,1,1,0,0.053682358,0.053682358,0.053682358,NA,MTBLS11904,Up in PD,1,FALSE,FALSE
IK_RDQUQBHPMYFYMX-XIWVQZPPSA-N,Imidazoleacetic acid ribotide,Imidazoleacetic acid ribotide,RDQUQBHPMYFYMX-XIWVQZPPSA-N,C10H15N2O9P,1,1,0,1,-0.053682358,-0.053682358,0.053682358,NA,MTBLS11904,Down in PD,1,FALSE,FALSE
IK_IEJSCSAMMLUINT-NRFANRHFSA-N,Plevitrexed,Plevitrexed,IEJSCSAMMLUINT-NRFANRHFSA-N,C26H25FN8O4,1,1,1,0,0.053449823,0.053449823,0.053449823,NA,MTBLS11904,Up in PD,1,FALSE,FALSE
IK_SRVFFFJZQVENJC-IHRRRGAJSA-N,Aloxistatin,Aloxistatin | E-64d,SRVFFFJZQVENJC-IHRRRGAJSA-N,C17H30N2O5,1,1,0,1,-0.053383384,-0.053383384,0.053383384,NA,MTBLS11904,Down in PD,1,FALSE,FALSE
IK_GQPDNUJLVOFHSX-UHFFFAOYSA-N,8-Isoquinoline methanamine (hydrochloride),8-Isoquinoline methanamine (hydrochloride),GQPDNUJLVOFHSX-UHFFFAOYSA-N,C10H12Cl2N2,1,1,1,0,0.053316946,0.053316946,0.053316946,NA,MTBLS11904,Up in PD,1,FALSE,FALSE
IK_RRCGNPRHZQPOOT-FFBSXHGNSA-N,"20,26-Dihydroxyecdysone","20,26-Dihydroxyecdysone",RRCGNPRHZQPOOT-FFBSXHGNSA-N,C27H44O8,1,1,1,0,0.053283727,0.053283727,0.053283727,NA,MTBLS11904,Up in PD,1,FALSE,FALSE
IK_NCGLTZSBTFVVAW-KNXRZYMVSA-N,Minaxolone,Minaxolone,NCGLTZSBTFVVAW-KNXRZYMVSA-N,C25H43NO3,1,1,0,1,-0.053184069,-0.053184069,0.053184069,NA,MTBLS11904,Down in PD,1,FALSE,FALSE
IK_IXORZMNAPKEEDV-UHFFFAOYSA-N,Gibberellins,Gibberellins,IXORZMNAPKEEDV-UHFFFAOYSA-N,C19H22O6,1,1,1,0,0.052984753,0.052984753,0.052984753,NA,MTBLS11904,Up in PD,1,FALSE,FALSE
IK_DFVFTMTWCUHJBL-BQBZGAKWSA-N,Statine,Statine,DFVFTMTWCUHJBL-BQBZGAKWSA-N,C8H17NO3,1,1,1,0,0.052951534,0.052951534,0.052951534,NA,MTBLS11904,Up in PD,1,FALSE,FALSE
IK_HCOOTBJPHHNRCV-AQTSNUJDSA-N,3beta-hydroxy-4beta-methyl-5alpha-cholest-7-ene-4alpha-carbaldehyde,3beta-hydroxy-4beta-methyl-5alpha-cholest-7-ene-4alpha-carbaldehyde,HCOOTBJPHHNRCV-AQTSNUJDSA-N,C29H48O2,1,1,1,0,0.052885095,0.052885095,0.052885095,NA,MTBLS11904,Up in PD,1,FALSE,FALSE
IK_QADHLRWLCPCEKT-LOVVWNRFSA-N,"Androst-5-ene-3beta,17beta-diol","Androst-5-ene-3beta,17beta-diol",QADHLRWLCPCEKT-LOVVWNRFSA-N,C19H30O2,1,1,0,1,-0.052885095,-0.052885095,0.052885095,NA,MTBLS11904,Down in PD,1,FALSE,FALSE
IK_BAQAVOSOZGMPRM-QBMZZYIRSA-N,Sucralose,Sucralose,BAQAVOSOZGMPRM-QBMZZYIRSA-N,C12H19Cl3O8,1,1,1,0,0.052851876,0.052851876,0.052851876,NA,MTBLS11904,Up in PD,1,FALSE,FALSE
IK_GUGSXATYPSGVAY-GCXXXECGSA-N,"5-Androstene-3alpha-16beta,17beta-triol","5-Androstene-3alpha-16beta,17beta-triol",GUGSXATYPSGVAY-GCXXXECGSA-N,C19H30O3,1,1,0,1,-0.052486464,-0.052486464,0.052486464,NA,MTBLS11904,Down in PD,1,FALSE,FALSE
IK_QFAADIRHLBXJJS-ZAZJUGBXSA-N,Amastatin,Amastatin,QFAADIRHLBXJJS-ZAZJUGBXSA-N,C21H38N4O8,1,1,1,0,0.052453245,0.052453245,0.052453245,NA,MTBLS11904,Up in PD,1,FALSE,FALSE
IK_GMXQUOKWLVCFEG-UHFFFAOYSA-N,N-[2-[2-(2-Aminoethylamino)ethylamino]ethyl]acetamide,N-[2-[2-(2-Aminoethylamino)ethylamino]ethyl]acetamide,GMXQUOKWLVCFEG-UHFFFAOYSA-N,C8H20N4O,1,1,0,1,-0.052420025,-0.052420025,0.052420025,NA,MTBLS11904,Down in PD,1,FALSE,FALSE
IK_HAEJPQIATWHALX-KQYNXXCUSA-N,Inosine triphosphate,Inosine triphosphate,HAEJPQIATWHALX-KQYNXXCUSA-N,C10H15N4O14P3,1,1,1,0,0.052420025,0.052420025,0.052420025,NA,ST003159,Up in PD,1,FALSE,FALSE
IK_SCBBSJMAPKXHAH-QTSLKERKSA-N,3-O-Methyl-D-glucopyranose,3-O-Methyl-D-glucopyranose,SCBBSJMAPKXHAH-QTSLKERKSA-N,C7H14O6,1,1,0,1,-0.052353587,-0.052353587,0.052353587,NA,MTBLS11904,Down in PD,1,FALSE,FALSE
IK_IJFXRHURBJZNAO-UHFFFAOYSA-N,3-Hydroxybenzoic Acid,3-Hydroxybenzoic Acid,IJFXRHURBJZNAO-UHFFFAOYSA-N,C7H6O3,1,1,1,0,0.05218749,0.05218749,0.05218749,NA,MTBLS11904,Up in PD,1,FALSE,FALSE
IK_NJHKGJJIKOCCMZ-YMIVKDKMSA-N,PE(22:4/0:0),"PE(22:4/0:0) | LysoPE(22:4(7Z,10Z,13Z,16Z)/0:0)",NJHKGJJIKOCCMZ-YMIVKDKMSA-N,C27H48NO7P,1,1,0,1,-0.052087833,-0.052087833,0.052087833,NA,MTBLS11904,Down in PD,1,FALSE,FALSE
IK_AYFVYJQAPQTCCC-UHFFFAOYNA-N,Threonine,Threonine,AYFVYJQAPQTCCC-UHFFFAOYNA-N,C4H9NO3,1,1,1,0,0.052044391,0.052044391,0.052044391,NA,ST001814,Up in PD,1,FALSE,FALSE
IK_ZMITXKRGXGRMKS-LUJOEAJASA-N,Epiandrosterone sulfate,Epiandrosterone sulfate,ZMITXKRGXGRMKS-LUJOEAJASA-N,C19H30O5S,1,1,1,0,0.051921736,0.051921736,0.051921736,NA,MTBLS11904,Up in PD,1,FALSE,FALSE
IK_KJNZIEGLNLCWTQ-KRWDZBQOSA-N,AB-Chminaca,AB-Chminaca,KJNZIEGLNLCWTQ-KRWDZBQOSA-N,C20H28N4O2,1,1,1,0,0.051855298,0.051855298,0.051855298,NA,MTBLS11904,Up in PD,1,FALSE,FALSE
IK_ODBLHEXUDAPZAU-ZAFYKAAXSA-N,D-threo-Isocitric acid,D-threo-Isocitric acid,ODBLHEXUDAPZAU-ZAFYKAAXSA-N,C6H8O7,1,1,1,0,0.051822078,0.051822078,0.051822078,NA,MTBLS11904,Up in PD,1,FALSE,FALSE
IK_NFJTYOOTXIAZGM-CPRJBALCSA-N,DG(10:0/a-17:0/0:0),DG(10:0/a-17:0/0:0),NFJTYOOTXIAZGM-CPRJBALCSA-N,C30H58O5,1,1,0,1,-0.051788859,-0.051788859,0.051788859,NA,MTBLS11904,Down in PD,1,FALSE,FALSE
IK_WJSDHUCWMSHDCR-VMPITWQZSA-N,Cinnamyl acetate,Cinnamyl acetate,WJSDHUCWMSHDCR-VMPITWQZSA-N,C11H12O2,1,1,0,1,-0.051390228,-0.051390228,0.051390228,NA,MTBLS11904,Down in PD,1,FALSE,FALSE
IK_IUBMRJVNZLQSHU-FDJBSCRHSA-N,Monic acid,Monic acid,IUBMRJVNZLQSHU-FDJBSCRHSA-N,C17H28O7,1,1,0,1,-0.051323789,-0.051323789,0.051323789,NA,MTBLS11904,Down in PD,1,FALSE,FALSE
IK_DTTVUTICRKIUMH-NPUXTLKISA-N,"PA(20:5(5Z,8Z,11Z,14Z,17Z)/22:1(13Z))","PA(20:5(5Z,8Z,11Z,14Z,17Z)/22:1(13Z))",DTTVUTICRKIUMH-NPUXTLKISA-N,C45H77O8P,1,1,1,0,0.051190912,0.051190912,0.051190912,NA,MTBLS11904,Up in PD,1,FALSE,FALSE
IK_MTCFGRXMJLQNBG-UHFFFAOYNA-N,Serine,Serine,MTCFGRXMJLQNBG-UHFFFAOYNA-N,C3H7NO3,1,1,1,0,0.050872206,0.050872206,0.050872206,NA,ST001814,Up in PD,1,FALSE,FALSE
IK_QWCKQJZIFLGMSD-UHFFFAOYSA-N,2-Aminobutanoic acid,2-Aminobutanoic acid | L-Alpha aminobutyric acid,QWCKQJZIFLGMSD-UHFFFAOYSA-N,C4H9NO2,1,1,1,0,0.050603388,0.050603388,0.050603388,NA,ST001814,Up in PD,1,FALSE,FALSE
IK_KLXACYSQYFWVLM-UHFFFAOYSA-N,"3,5-Dichloro-2,6-dihydroxybenzoic acid","3,5-Dichloro-2,6-dihydroxybenzoic acid",KLXACYSQYFWVLM-UHFFFAOYSA-N,C7H4Cl2O4,1,1,1,0,0.050559746,0.050559746,0.050559746,NA,MTBLS11904,Up in PD,1,FALSE,FALSE
IK_JXZJRYDTSDCGLO-UHFFFAOYSA-N,Alpha-Furyl methyl diketone,Alpha-Furyl methyl diketone,JXZJRYDTSDCGLO-UHFFFAOYSA-N,C7H6O3,1,1,0,1,-0.050526526,-0.050526526,0.050526526,NA,MTBLS11904,Down in PD,1,FALSE,FALSE
IK_JLXVRFDTDUGQEE-YFKPBYRVSA-N,Glycyl-Arginine,Glycyl-Arginine,JLXVRFDTDUGQEE-YFKPBYRVSA-N,C8H17N5O3,1,1,0,1,-0.050327211,-0.050327211,0.050327211,NA,MTBLS11904,Down in PD,1,FALSE,FALSE
IK_LLCPFVIBUZJITJ-GVEMAFOVSA-N,2-Methoxy-estradiol-17b 3-glucuronide,2-Methoxy-estradiol-17b 3-glucuronide,LLCPFVIBUZJITJ-GVEMAFOVSA-N,C25H34O9,1,1,1,0,0.050127895,0.050127895,0.050127895,NA,MTBLS11904,Up in PD,1,FALSE,FALSE
IK_RAJQPCCAHZHKDK-ZTDHXTNCSA-N,"PGP(20:4(6E,8Z,11Z,13E)-2OH(5S,15S)/i-19:0)","PGP(20:4(6E,8Z,11Z,13E)-2OH(5S,15S)/i-19:0)",RAJQPCCAHZHKDK-ZTDHXTNCSA-N,C45H82O15P2,1,1,0,1,-0.049961799,-0.049961799,0.049961799,NA,MTBLS11904,Down in PD,1,FALSE,FALSE
IK_CGUMQVWVXFEJLT-UWXAOETISA-N,"SM(d17:1/20:4(7E,9E,11Z,13E)-3OH(5S,6R,15S))","SM(d17:1/20:4(7E,9E,11Z,13E)-3OH(5S,6R,15S))",CGUMQVWVXFEJLT-UWXAOETISA-N,C42H77N2O9P,1,1,0,1,-0.049928579,-0.049928579,0.049928579,NA,MTBLS11904,Down in PD,1,FALSE,FALSE
IK_IJKKTQLUXOILBQ-ZBHICJROSA-N,N-Lactoylvaline,N-Lactoylvaline,IJKKTQLUXOILBQ-ZBHICJROSA-N,C8H15NO4,1,1,1,0,0.049862141,0.049862141,0.049862141,NA,MTBLS11904,Up in PD,1,FALSE,FALSE
IK_SLNYBUIEAMRFSZ-UHFFFAOYSA-N,"2,5,8,11,14-Pentaoxahexadecan-16-ol","2,5,8,11,14-Pentaoxahexadecan-16-ol",SLNYBUIEAMRFSZ-UHFFFAOYSA-N,C11H24O6,1,1,0,1,-0.049828921,-0.049828921,0.049828921,NA,MTBLS11904,Down in PD,1,FALSE,FALSE
IK_BLERHOKJGPAHCL-UHFFFAOYSA-N,15-hydroxyicosanoic acid,15-hydroxyicosanoic acid,BLERHOKJGPAHCL-UHFFFAOYSA-N,C20H40O3,1,1,1,0,0.04943029,0.04943029,0.04943029,NA,MTBLS11904,Up in PD,1,FALSE,FALSE
IK_WTSNEXSNFSFTFK-DJGAMQLYSA-N,Ginsenoside Rh5,Ginsenoside Rh5,WTSNEXSNFSFTFK-DJGAMQLYSA-N,C37H64O9,1,1,0,1,-0.049098097,-0.049098097,0.049098097,NA,MTBLS11904,Down in PD,1,FALSE,FALSE
IK_CYIQBIVJURIZDH-FEBNUDBRSA-N,Fructose-6-phosphate lactate,Fructose-6-phosphate lactate,CYIQBIVJURIZDH-FEBNUDBRSA-N,C9H15O13P,1,1,1,0,0.04896522,0.04896522,0.04896522,NA,MTBLS11904,Up in PD,1,FALSE,FALSE
IK_FDMKIGKOMRSCAW-NEPJUHHUSA-N,5-hydroxycalamenene,5-hydroxycalamenene,FDMKIGKOMRSCAW-NEPJUHHUSA-N,C15H22O,1,1,1,0,0.048865562,0.048865562,0.048865562,NA,MTBLS11904,Up in PD,1,FALSE,FALSE
IK_OSCJFAHVJDDMFL-UHFFFAOYSA-N,"3,4-Dimethyl-5-pentyl-2-furanpropanoic acid","3,4-Dimethyl-5-pentyl-2-furanpropanoic acid",OSCJFAHVJDDMFL-UHFFFAOYSA-N,C14H22O3,1,1,1,0,0.048732685,0.048732685,0.048732685,NA,MTBLS11904,Up in PD,1,FALSE,FALSE
IK_DLCUCFRSAVONGT-AEQSUFNNSA-N,"DG(20:5(5Z,8Z,11Z,14Z,17Z)/14:0/0:0)","DG(20:5(5Z,8Z,11Z,14Z,17Z)/14:0/0:0)",DLCUCFRSAVONGT-AEQSUFNNSA-N,C37H62O5,1,1,1,0,0.048666247,0.048666247,0.048666247,NA,MTBLS11904,Up in PD,1,FALSE,FALSE
IK_IIPZYDQGBIWLBU-UHFFFAOYSA-N,Dinoterb,Dinoterb,IIPZYDQGBIWLBU-UHFFFAOYSA-N,C10H12N2O5,1,1,1,0,0.04850015,0.04850015,0.04850015,NA,MTBLS11904,Up in PD,1,FALSE,FALSE
IK_KGQZGCIVHYLPBH-UHFFFAOYSA-N,Furafylline,Furafylline,KGQZGCIVHYLPBH-UHFFFAOYSA-N,C12H12N4O3,1,1,0,1,-0.048300835,-0.048300835,0.048300835,NA,MTBLS11904,Down in PD,1,FALSE,FALSE
IK_KVUAQCKXYIJBCP-BUFOXMIFSA-N,Fructosyl valine,Fructosyl valine,KVUAQCKXYIJBCP-BUFOXMIFSA-N,C11H21NO7,1,1,1,0,0.048201177,0.048201177,0.048201177,NA,MTBLS11904,Up in PD,1,FALSE,FALSE
IK_UWHCKWNPWKTMBM-WDCWCFNPSA-N,Lys Thr Gln,Lys Thr Gln,UWHCKWNPWKTMBM-WDCWCFNPSA-N,C15H29N5O6,1,1,0,1,-0.048134738,-0.048134738,0.048134738,NA,MTBLS11904,Down in PD,1,FALSE,FALSE
IK_KBOVKDIBOBQLRS-QCNAHCIUSA-N,Tetranor-12(R)-HETE,Tetranor-12(R)-HETE,KBOVKDIBOBQLRS-QCNAHCIUSA-N,C16H26O3,1,1,1,0,0.047968642,0.047968642,0.047968642,NA,MTBLS11904,Up in PD,1,FALSE,FALSE
IK_PGFGQDBBWSVMED-AVQMFFATSA-N,N-Linoleoyl Histidine,N-Linoleoyl Histidine,PGFGQDBBWSVMED-AVQMFFATSA-N,C24H39N3O3,1,1,0,1,-0.047868984,-0.047868984,0.047868984,NA,MTBLS11904,Down in PD,1,FALSE,FALSE
IK_YCIMNLLNPGFGHC-UHFFFAOYSA-N,Pyrocatechol,Pyrocatechol,YCIMNLLNPGFGHC-UHFFFAOYSA-N,C6H6O2,1,1,1,0,0.047503572,0.047503572,0.047503572,NA,MTBLS11904,Up in PD,1,FALSE,FALSE
IK_ZEXLJFNSKAHNFH-SYKYGTKKSA-N,Endomorphin-1,Endomorphin-1,ZEXLJFNSKAHNFH-SYKYGTKKSA-N,C34H38N6O5,1,1,1,0,0.047503572,0.047503572,0.047503572,NA,MTBLS11904,Up in PD,1,FALSE,FALSE
IK_ZIBGPFATKBEMQZ-UHFFFAOYSA-N,TRIETHYLENE GLYCOL,TRIETHYLENE GLYCOL,ZIBGPFATKBEMQZ-UHFFFAOYSA-N,C6H14O4,1,1,0,1,-0.04713816,-0.04713816,0.04713816,NA,MTBLS11904,Down in PD,1,FALSE,FALSE
IK_FKLSJDGSSFEPLD-AATRIKPKSA-N,Butenoylcarnitine,Butenoylcarnitine,FKLSJDGSSFEPLD-AATRIKPKSA-N,C11H19NO4,1,1,0,1,-0.04710494,-0.04710494,0.04710494,NA,MTBLS11904,Down in PD,1,FALSE,FALSE
IK_PHIQHXFUZVPYII-ZCFIWIBFSA-N,L-Carnitine,L-Carnitine,PHIQHXFUZVPYII-ZCFIWIBFSA-N,C7H15NO3,1,1,0,1,-0.047071721,-0.047071721,0.047071721,NA,MTBLS11904,Down in PD,1,FALSE,FALSE
IK_AKUJBENLRBOFTD-RPRRAYFGSA-N,Dexamethasone acetate,Dexamethasone acetate,AKUJBENLRBOFTD-RPRRAYFGSA-N,C24H31FO6,1,1,1,0,0.046938844,0.046938844,0.046938844,NA,MTBLS11904,Up in PD,1,FALSE,FALSE
IK_CKTSBUTUHBMZGZ-SHYZEUOFSA-N,Deoxycytidine,Deoxycytidine,CKTSBUTUHBMZGZ-SHYZEUOFSA-N,C9H13N3O4,1,1,1,0,0.046938844,0.046938844,0.046938844,NA,MTBLS11904,Up in PD,1,FALSE,FALSE
IK_JHJOJVDYHODVHT-OKPMZCSGSA-N,"PG(20:4(8Z,11Z,14Z,17Z)/20:5(7Z,9Z,11E,13E,17Z)-3OH(5,6,15))","PG(20:4(8Z,11Z,14Z,17Z)/20:5(7Z,9Z,11E,13E,17Z)-3OH(5,6,15))",JHJOJVDYHODVHT-OKPMZCSGSA-N,C46H73O13P,1,1,0,1,-0.046905625,-0.046905625,0.046905625,NA,MTBLS11904,Down in PD,1,FALSE,FALSE
IK_CMEYODOSAQTQFO-SAIUNTKASA-N,PS(14:0/16:0),PS(14:0/16:0),CMEYODOSAQTQFO-SAIUNTKASA-N,C36H70NO10P,1,1,1,0,0.046872405,0.046872405,0.046872405,NA,MTBLS11904,Up in PD,1,FALSE,FALSE
IK_WSOXREPRCVQMSJ-UHFFFAOYSA-N,Glycylalanylprolylmethionylphenylalanylvalinamide,Glycylalanylprolylmethionylphenylalanylvalinamide,WSOXREPRCVQMSJ-UHFFFAOYSA-N,C29H45N7O6S,1,1,1,0,0.046573432,0.046573432,0.046573432,NA,MTBLS11904,Up in PD,1,FALSE,FALSE
IK_WFUAUEQXPVNAEF-ZJDVBMNYSA-N,Thr Arg Thr,Thr Arg Thr,WFUAUEQXPVNAEF-ZJDVBMNYSA-N,C14H28N6O6,1,1,0,1,-0.046540213,-0.046540213,0.046540213,NA,MTBLS11904,Down in PD,1,FALSE,FALSE
IK_ZICVPLGXTMCKHF-ROUYHVFWSA-N,"PE-NMe(16:0/20:3(5Z,8Z,11Z))","PE-NMe(16:0/20:3(5Z,8Z,11Z))",ZICVPLGXTMCKHF-ROUYHVFWSA-N,C42H78NO8P,1,1,0,1,-0.046506993,-0.046506993,0.046506993,NA,MTBLS11904,Down in PD,1,FALSE,FALSE
IK_MDIUMSLCYIJBQC-MVFSOIOZSA-N,"9,12,13-TriHOME","9,12,13-TriHOME",MDIUMSLCYIJBQC-MVFSOIOZSA-N,C18H34O5,1,1,1,0,0.046241239,0.046241239,0.046241239,NA,MTBLS11904,Up in PD,1,FALSE,FALSE
IK_NTNWOCRCBQPEKQ-YFKPBYRVSA-N,L-Targinine,L-Targinine,NTNWOCRCBQPEKQ-YFKPBYRVSA-N,C7H16N4O2,1,1,1,0,0.046041923,0.046041923,0.046041923,NA,MTBLS11904,Up in PD,1,FALSE,FALSE
IK_LVCMXFSJTNPFHH-FRCNGJHJSA-N,4-Hydroxyretinoic acid glucuronide,4-Hydroxyretinoic acid glucuronide,LVCMXFSJTNPFHH-FRCNGJHJSA-N,C26H36O9,1,1,1,0,0.045975485,0.045975485,0.045975485,NA,MTBLS11904,Up in PD,1,FALSE,FALSE
IK_LEBBDRXHHNYZIA-LDUWYPJVSA-N,Galactocerebroside,Galactocerebroside,LEBBDRXHHNYZIA-LDUWYPJVSA-N,C25H47NO9,1,1,1,0,0.045942266,0.045942266,0.045942266,NA,MTBLS11904,Up in PD,1,FALSE,FALSE
IK_KORNTPPJEAJQIU-KJXAQDMKSA-N,Cabergoline,Cabergoline,KORNTPPJEAJQIU-KJXAQDMKSA-N,C26H37N5O2,1,1,1,0,0.045909046,0.045909046,0.045909046,NA,MTBLS11904,Up in PD,1,FALSE,FALSE
IK_BVCXYGDKSPEQAH-IHSNFILASA-N,CL(11:0/12:0/12:0/12:0),CL(11:0/12:0/12:0/12:0),BVCXYGDKSPEQAH-IHSNFILASA-N,C56H108O17P2,1,1,1,0,0.045809388,0.045809388,0.045809388,NA,MTBLS11904,Up in PD,1,FALSE,FALSE
IK_ASMYXLDPYBVDFS-UHFFFAOYSA-N,Apigenin 7-arabinoside,Apigenin 7-arabinoside,ASMYXLDPYBVDFS-UHFFFAOYSA-N,C20H18O9,1,1,1,0,0.045776169,0.045776169,0.045776169,NA,MTBLS11904,Up in PD,1,FALSE,FALSE
IK_FUYLLJCBCKRIAL-UHFFFAOYSA-N,4-Methylumbelliferone sulfate,4-Methylumbelliferone sulfate,FUYLLJCBCKRIAL-UHFFFAOYSA-N,C10H8O6S,1,1,0,1,-0.045776169,-0.045776169,0.045776169,NA,MTBLS11904,Down in PD,1,FALSE,FALSE
IK_QKDHBVNJCZBTMR-UHFFFAOYSA-N,Temafloxacin,Temafloxacin,QKDHBVNJCZBTMR-UHFFFAOYSA-N,C21H18F3N3O3,1,1,1,0,0.045676511,0.045676511,0.045676511,NA,MTBLS11904,Up in PD,1,FALSE,FALSE
IK_DVBUFRRUKPQWBU-UHFFFAOYSA-N,"5-Butyl-1,4-dioxan-2-one","5-Butyl-1,4-dioxan-2-one",DVBUFRRUKPQWBU-UHFFFAOYSA-N,C8H14O3,1,1,1,0,0.045543634,0.045543634,0.045543634,NA,MTBLS11904,Up in PD,1,FALSE,FALSE
IK_QDMOINLDXCZCEK-JTQLQIEISA-N,L-DOPA n-Butyl Ester,L-DOPA n-Butyl Ester,QDMOINLDXCZCEK-JTQLQIEISA-N,C13H19NO4,1,1,0,1,-0.045477196,-0.045477196,0.045477196,NA,MTBLS11904,Down in PD,1,FALSE,FALSE
IK_UGRNVLGKAGREKS-UHFFFAOYSA-N,"3-(6-Aminopurin-9-yl)-5-(hydroxymethyl)cyclopentane-1,2-diol","3-(6-Aminopurin-9-yl)-5-(hydroxymethyl)cyclopentane-1,2-diol",UGRNVLGKAGREKS-UHFFFAOYSA-N,C11H15N5O3,1,1,1,0,0.045311099,0.045311099,0.045311099,NA,MTBLS11904,Up in PD,1,FALSE,FALSE
IK_VELYAQRXBJLJAK-XKKWFBPMSA-N,Ajugol,Ajugol,VELYAQRXBJLJAK-XKKWFBPMSA-N,C15H24O9,1,1,1,0,0.045311099,0.045311099,0.045311099,NA,MTBLS11904,Up in PD,1,FALSE,FALSE
IK_ZJKWJHONFFKJHG-UHFFFAOYSA-N,"2-Methoxy-1,4-benzoquinone","2-Methoxy-1,4-benzoquinone",ZJKWJHONFFKJHG-UHFFFAOYSA-N,C7H6O3,1,1,1,0,0.04527788,0.04527788,0.04527788,NA,MTBLS11904,Up in PD,1,FALSE,FALSE
IK_ZREXGWPJFRJAJU-SWESGNQDSA-N,"(2S,3R)-2-Amino-4-octadecene-3-ol","(2S,3R)-2-Amino-4-octadecene-3-ol",ZREXGWPJFRJAJU-SWESGNQDSA-N,C18H37NO,1,1,1,0,0.045078564,0.045078564,0.045078564,NA,MTBLS11904,Up in PD,1,FALSE,FALSE
IK_NYLNHNDMNOPWAZ-ZLEFDVGRSA-N,Blumenol C glucoside,Blumenol C glucoside,NYLNHNDMNOPWAZ-ZLEFDVGRSA-N,C19H32O7,1,1,1,0,0.044945687,0.044945687,0.044945687,NA,MTBLS11904,Up in PD,1,FALSE,FALSE
IK_MHMUCYJKZUZMNJ-OWOJBTEDSA-N,Trans-3-Chloroacrylic acid,Trans-3-Chloroacrylic acid,MHMUCYJKZUZMNJ-OWOJBTEDSA-N,C3H3ClO2,1,1,0,1,-0.04481281,-0.04481281,0.04481281,NA,MTBLS11904,Down in PD,1,FALSE,FALSE
IK_GHBFNMLVSPCDGN-UHFFFAOYSA-N,"2,3-Dihydroxypropyl octanoate","2,3-Dihydroxypropyl octanoate",GHBFNMLVSPCDGN-UHFFFAOYSA-N,C11H22O4,1,1,1,0,0.044779591,0.044779591,0.044779591,NA,MTBLS11904,Up in PD,1,FALSE,FALSE
IK_INVGWHRKADIJHF-UHFFFAOYSA-N,Sanguinarine,Sanguinarine,INVGWHRKADIJHF-UHFFFAOYSA-N,C20H14NO4+,1,1,0,1,-0.044716474,-0.044716474,0.044716474,NA,MTBLS11904,Down in PD,1,FALSE,FALSE
IK_NSVPCFNUUARRKL-CSKARUKUSA-N,11-Hydroxy-9-tridecenoic acid,11-Hydroxy-9-tridecenoic acid,NSVPCFNUUARRKL-CSKARUKUSA-N,C13H24O3,1,1,0,1,-0.044713152,-0.044713152,0.044713152,NA,MTBLS11904,Down in PD,1,FALSE,FALSE
IK_VGHLCDUMOBMFJC-WNDXKNNZSA-N,"DG(14:0/22:6(4Z,7Z,11E,13Z,15E,19Z)-2OH(10S,17)/0:0)","DG(14:0/22:6(4Z,7Z,11E,13Z,15E,19Z)-2OH(10S,17)/0:0)",VGHLCDUMOBMFJC-WNDXKNNZSA-N,C37H62O6,1,1,1,0,0.044414179,0.044414179,0.044414179,NA,MTBLS11904,Up in PD,1,FALSE,FALSE
IK_SJPUNFPTIDJEOK-ROXLFADRSA-N,"PE-NMe(20:3(5Z,8Z,11Z)/18:1(11Z))","PE-NMe(20:3(5Z,8Z,11Z)/18:1(11Z))",SJPUNFPTIDJEOK-ROXLFADRSA-N,C44H80NO8P,1,1,0,1,-0.044281302,-0.044281302,0.044281302,NA,MTBLS11904,Down in PD,1,FALSE,FALSE
IK_SKGLAZSLOGYCCA-PEFXOJROSA-N,Neuromedin N (1-4),Neuromedin N (1-4),SKGLAZSLOGYCCA-PEFXOJROSA-N,C26H40N4O6,1,1,0,1,-0.043949109,-0.043949109,0.043949109,NA,MTBLS11904,Down in PD,1,FALSE,FALSE
IK_UNHCPLSWMNPZTD-HXUWFJFHSA-N,Hexadecanedioic acid mono-L-carnitine ester,Hexadecanedioic acid mono-L-carnitine ester,UNHCPLSWMNPZTD-HXUWFJFHSA-N,C23H43NO6,1,1,1,0,0.043949109,0.043949109,0.043949109,NA,MTBLS11904,Up in PD,1,FALSE,FALSE
IK_MMOXZBCLCQITDF-UHFFFAOYSA-N,Diethyltoluamide,Diethyltoluamide | DEET,MMOXZBCLCQITDF-UHFFFAOYSA-N,C12H17NO,1,1,1,0,0.043517258,0.043517258,0.043517258,NA,MTBLS11904,Up in PD,1,FALSE,FALSE
IK_MQEBEBZYRKXMDL-UHFFFAOYSA-N,Gamma-Glutamyl-S-methylcysteine sulfoxide,Gamma-Glutamyl-S-methylcysteine sulfoxide,MQEBEBZYRKXMDL-UHFFFAOYSA-N,C9H16N2O6S,1,1,1,0,0.043450819,0.043450819,0.043450819,NA,MTBLS11904,Up in PD,1,FALSE,FALSE
IK_ZRKZFNZPJKEWPC-UHFFFAOYSA-N,DDAO,DDAO | Decylamine Oxide,ZRKZFNZPJKEWPC-UHFFFAOYSA-N,C12H27NO,1,1,0,1,-0.043450819,-0.043450819,0.043450819,NA,MTBLS11904,Down in PD,1,FALSE,FALSE
IK_GXBZQGMJJGJFFX-XDVLZLKUSA-N,MONOSACCHARIDES,MONOSACCHARIDES,GXBZQGMJJGJFFX-XDVLZLKUSA-N,C41H62O12,1,1,1,0,0.043292704,0.043292704,0.043292704,NA,ST001814,Up in PD,1,FALSE,FALSE
IK_XBDQKXXYIPTUBI-UHFFFAOYSA-N,Propionic Acid,Propionic Acid,XBDQKXXYIPTUBI-UHFFFAOYSA-N,C3H6O2,1,1,1,0,0.043284723,0.043284723,0.043284723,NA,MTBLS11904,Up in PD,1,FALSE,FALSE
IK_OZIOWHWTZWIMCZ-MPUPURDASA-N,Blood group B trisaccharide,Blood group B trisaccharide,OZIOWHWTZWIMCZ-MPUPURDASA-N,C18H32O15,1,1,0,1,-0.043185065,-0.043185065,0.043185065,NA,MTBLS11904,Down in PD,1,FALSE,FALSE
IK_ANKFPIBCTISOBX-UHFFFAOYSA-N,Petasalbin,Petasalbin,ANKFPIBCTISOBX-UHFFFAOYSA-N,C15H22O2,1,1,0,1,-0.04298575,-0.04298575,0.04298575,NA,MTBLS11904,Down in PD,1,FALSE,FALSE
IK_GAGYTXTVUMXAOC-RRKCRQDMSA-N,5-Carboxy-2'-deoxyuridine,5-Carboxy-2'-deoxyuridine,GAGYTXTVUMXAOC-RRKCRQDMSA-N,C10H12N2O7,1,1,0,1,-0.04298575,-0.04298575,0.04298575,NA,MTBLS11904,Down in PD,1,FALSE,FALSE
IK_MMKRHZKQPFCLLS-UHFFFAOYSA-N,Ethyl Myristate,Ethyl Myristate,MMKRHZKQPFCLLS-UHFFFAOYSA-N,C16H32O2,1,1,1,0,0.04298575,0.04298575,0.04298575,NA,MTBLS11904,Up in PD,1,FALSE,FALSE
IK_ITZMJCSORYKOSI-AJNGGQMLSA-N,APGPR Enterostatin,APGPR Enterostatin,ITZMJCSORYKOSI-AJNGGQMLSA-N,C21H36N8O6,1,1,0,1,-0.042919311,-0.042919311,0.042919311,NA,MTBLS11904,Down in PD,1,FALSE,FALSE
IK_JXGLGTFMAQOJBB-HEDKFQSOSA-N,LysoPC(14:1(9Z)/0:0),LysoPC(14:1(9Z)/0:0),JXGLGTFMAQOJBB-HEDKFQSOSA-N,C22H44NO7P,1,1,0,1,-0.042919311,-0.042919311,0.042919311,NA,MTBLS11904,Down in PD,1,FALSE,FALSE
IK_CXDWHYOBSJTRJU-SRWWVFQWSA-N,Algestone,Algestone,CXDWHYOBSJTRJU-SRWWVFQWSA-N,C21H30O4,1,1,1,0,0.042653557,0.042653557,0.042653557,NA,MTBLS11904,Up in PD,1,FALSE,FALSE
IK_QONRXIIWERLIJA-CCZSOTCQSA-N,DG(15:0/14:1(9Z)/0:0),DG(15:0/14:1(9Z)/0:0),QONRXIIWERLIJA-CCZSOTCQSA-N,C32H60O5,1,1,1,0,0.042620337,0.042620337,0.042620337,NA,MTBLS11904,Up in PD,1,FALSE,FALSE
IK_GVUVRRPYYDHHGK-UHFFFAOYSA-N,Prolyl-Threonine,Prolyl-Threonine,GVUVRRPYYDHHGK-UHFFFAOYSA-N,C9H16N2O4,1,1,0,1,-0.042421022,-0.042421022,0.042421022,NA,MTBLS11904,Down in PD,1,FALSE,FALSE
IK_IZXYHAXVIZHGJV-UHFFFAOYSA-N,P-Menth-cis-2-en-1-ol,P-Menth-cis-2-en-1-ol,IZXYHAXVIZHGJV-UHFFFAOYSA-N,C10H18O,1,1,1,0,0.042387802,0.042387802,0.042387802,NA,MTBLS11904,Up in PD,1,FALSE,FALSE
IK_FSBLXTAIINGBJY-YBEGLDIGSA-N,Involucrin,Involucrin,FSBLXTAIINGBJY-YBEGLDIGSA-N,C27H38O8,1,1,0,1,-0.042321364,-0.042321364,0.042321364,NA,MTBLS11904,Down in PD,1,FALSE,FALSE
IK_XYJOGTQLTFNMQG-KJHBSLKPSA-N,Leucomycin,Leucomycin,XYJOGTQLTFNMQG-KJHBSLKPSA-N,C35H59NO13,1,1,0,1,-0.042188487,-0.042188487,0.042188487,NA,MTBLS11904,Down in PD,1,FALSE,FALSE
IK_BBZCPUCZKLTAJQ-UHFFFAOYSA-N,3-Methyloxindole,3-Methyloxindole,BBZCPUCZKLTAJQ-UHFFFAOYSA-N,C9H9NO,1,1,0,1,-0.042155268,-0.042155268,0.042155268,NA,MTBLS11904,Down in PD,1,FALSE,FALSE
IK_MVVPIAAVGAWJNQ-CGRWFSSPSA-N,"N-[2-(3,4-Dihydroxyphenyl)ethyl]icosa-5,8,11,14-tetraenamide","N-[2-(3,4-Dihydroxyphenyl)ethyl]icosa-5,8,11,14-tetraenamide",MVVPIAAVGAWJNQ-CGRWFSSPSA-N,C28H41NO3,1,1,0,1,-0.042088829,-0.042088829,0.042088829,NA,MTBLS11904,Down in PD,1,FALSE,FALSE
IK_GHHURQMJLARIDK-UHFFFAOYSA-N,2-Hydroxypropyl octanoate,2-Hydroxypropyl octanoate,GHHURQMJLARIDK-UHFFFAOYSA-N,C11H22O3,1,1,1,0,0.041989171,0.041989171,0.041989171,NA,MTBLS11904,Up in PD,1,FALSE,FALSE
IK_AMXYRHBJZOVHOL-UHFFFAOYSA-N,"2,6-Nonadien-1-ol","2,6-Nonadien-1-ol",AMXYRHBJZOVHOL-UHFFFAOYSA-N,C9H16O,1,1,1,0,0.041922733,0.041922733,0.041922733,NA,MTBLS11904,Up in PD,1,FALSE,FALSE
IK_WSWCOQWTEOXDQX-MQQKCMAXSA-N,"(2E,4E)-2,4-Hexadienoic acid","(2E,4E)-2,4-Hexadienoic acid | Sorbic acid",WSWCOQWTEOXDQX-MQQKCMAXSA-N,C6H8O2,1,1,0,1,-0.041756636,-0.041756636,0.041756636,NA,MTBLS11904,Down in PD,1,FALSE,FALSE
IK_WJAJPNHVVFWKKL-UHFFFAOYSA-N,Methoxamine,Methoxamine,WJAJPNHVVFWKKL-UHFFFAOYSA-N,C11H17NO3,1,1,0,1,-0.041723417,-0.041723417,0.041723417,NA,MTBLS11904,Down in PD,1,FALSE,FALSE
IK_GTEPPJFJSNSNIH-UHFFFAOYSA-N,BIDISOMIDE,BIDISOMIDE,GTEPPJFJSNSNIH-UHFFFAOYSA-N,C22H34ClN3O2,1,1,0,1,-0.041358005,-0.041358005,0.041358005,NA,MTBLS11904,Down in PD,1,FALSE,FALSE
IK_GHBNZZJYBXQAHG-KUVSNLSMSA-N,Mogroside V,Mogroside V,GHBNZZJYBXQAHG-KUVSNLSMSA-N,C60H102O29,1,1,1,0,0.041324786,0.041324786,0.041324786,NA,MTBLS11904,Up in PD,1,FALSE,FALSE
IK_WQLVFSAGQJTQCK-VKROHFNGSA-N,Diosgenin,Diosgenin,WQLVFSAGQJTQCK-VKROHFNGSA-N,C27H42O3,1,1,0,1,-0.041092251,-0.041092251,0.041092251,NA,MTBLS11904,Down in PD,1,FALSE,FALSE
IK_NHAJHKARKKFXMR-UHFFFAOYSA-N,Adlupone,Adlupone,NHAJHKARKKFXMR-UHFFFAOYSA-N,C31H46O4,1,1,0,1,-0.040926154,-0.040926154,0.040926154,NA,MTBLS11904,Down in PD,1,FALSE,FALSE
IK_YSSSPARMOAYJTE-UHFFFAOYSA-N,Dibenzo-18-crown-6,Dibenzo-18-crown-6,YSSSPARMOAYJTE-UHFFFAOYSA-N,C20H24O6,1,1,1,0,0.040726838,0.040726838,0.040726838,NA,MTBLS11904,Up in PD,1,FALSE,FALSE
IK_INXWZSVGTHMNEU-FZWLCVONSA-N,"2,5-Octadien-1-ol","2,5-Octadien-1-ol",INXWZSVGTHMNEU-FZWLCVONSA-N,C8H14O,1,1,0,1,-0.040593961,-0.040593961,0.040593961,NA,MTBLS11904,Down in PD,1,FALSE,FALSE
IK_KZSNJWFQEVHDMF-UHFFFAOYNA-N,Valine,Valine,KZSNJWFQEVHDMF-UHFFFAOYNA-N,C5H11NO2,1,1,1,0,0.040592291,0.040592291,0.040592291,NA,ST001814,Up in PD,1,FALSE,FALSE
IK_AJWIFVNLXHFTFD-NSCUHMNNSA-N,Methyl 7-epi-12-hydroxyjasmonate glucoside,Methyl 7-epi-12-hydroxyjasmonate glucoside,AJWIFVNLXHFTFD-NSCUHMNNSA-N,C19H30O9,1,1,1,0,0.040494303,0.040494303,0.040494303,NA,MTBLS11904,Up in PD,1,FALSE,FALSE
IK_KEYDJKSQFDUAGF-YIRKRNQHSA-N,PGD2 ethanolamide,PGD2 ethanolamide,KEYDJKSQFDUAGF-YIRKRNQHSA-N,C22H37NO5,1,1,1,0,0.040494303,0.040494303,0.040494303,NA,MTBLS11904,Up in PD,1,FALSE,FALSE
IK_UQOQENZZLBSFKO-POPPZSFYSA-N,PI(18:0/PGJ2),PI(18:0/PGJ2) | PI(PGJ2/18:0),UQOQENZZLBSFKO-POPPZSFYSA-N,C20H30O4,1,1,0,1,-0.040494303,-0.040494303,0.040494303,NA,MTBLS11904,Down in PD,1,FALSE,FALSE
IK_OFOBLEOULBTSOW-UHFFFAOYSA-N,Malonic acid,Malonic acid,OFOBLEOULBTSOW-UHFFFAOYSA-N,C3H4O4,1,1,1,0,0.040491295,0.040491295,0.040491295,NA,ST001814,Up in PD,1,FALSE,FALSE
IK_DWYRIWUZIJHQKQ-SANMLTNESA-N,Avapritinib,Avapritinib,DWYRIWUZIJHQKQ-SANMLTNESA-N,C26H27FN10,1,1,1,0,0.040427865,0.040427865,0.040427865,NA,MTBLS11904,Up in PD,1,FALSE,FALSE
IK_QVHPTAJAHUONLV-DYKIIFRCSA-N,"5,16-Androstadien-3beta-ol","5,16-Androstadien-3beta-ol",QVHPTAJAHUONLV-DYKIIFRCSA-N,C19H28O,1,1,0,1,-0.040361426,-0.040361426,0.040361426,NA,MTBLS11904,Down in PD,1,FALSE,FALSE
IK_GKGOLPMYJJXRGD-UHFFFAOYSA-N,"2-Methyl-4-propyl-1,3-oxathiane","2-Methyl-4-propyl-1,3-oxathiane",GKGOLPMYJJXRGD-UHFFFAOYSA-N,C8H16OS,1,1,0,1,-0.040294988,-0.040294988,0.040294988,NA,MTBLS11904,Down in PD,1,FALSE,FALSE
IK_JGTPDCCLPDSJED-FXJFPKDASA-N,"(5Z,8Z,10E,14Z,17Z)-12-Hydroxyicosa-5,8,10,14,17-pentaenoylcarnitine","(5Z,8Z,10E,14Z,17Z)-12-Hydroxyicosa-5,8,10,14,17-pentaenoylcarnitine",JGTPDCCLPDSJED-FXJFPKDASA-N,C27H43NO5,1,1,1,0,0.040261769,0.040261769,0.040261769,NA,MTBLS11904,Up in PD,1,FALSE,FALSE
IK_JALVTHFTYRPDMB-HRRTYWNUSA-N,Demissidine,Demissidine,JALVTHFTYRPDMB-HRRTYWNUSA-N,C27H45NO,1,1,0,1,-0.040095672,-0.040095672,0.040095672,NA,MTBLS11904,Down in PD,1,FALSE,FALSE
IK_SUZYROYNFNQALJ-MHEIZRSESA-N,"PC(20:5(5Z,8Z,11Z,14Z,17Z)/16:0)","PC(20:5(5Z,8Z,11Z,14Z,17Z)/16:0)",SUZYROYNFNQALJ-MHEIZRSESA-N,C44H78NO8P,1,1,0,1,-0.040029234,-0.040029234,0.040029234,NA,MTBLS11904,Down in PD,1,FALSE,FALSE
IK_JYPCXBJRLBHWME-IUCAKERBSA-N,Glycylprolylarginine,Glycylprolylarginine,JYPCXBJRLBHWME-IUCAKERBSA-N,C13H24N6O4,1,1,1,0,0.039962795,0.039962795,0.039962795,NA,MTBLS11904,Up in PD,1,FALSE,FALSE
IK_VSLCIGXQLCYQTD-NPJQDHAYSA-N,Dynorphin B (10-13),Dynorphin B (10-13),VSLCIGXQLCYQTD-NPJQDHAYSA-N,C20H39N5O6,1,1,1,0,0.039962795,0.039962795,0.039962795,NA,MTBLS11904,Up in PD,1,FALSE,FALSE
IK_GVJHHUAWPYXKBD-IEOSBIPESA-N,alpha tocophereol,alpha tocophereol,GVJHHUAWPYXKBD-IEOSBIPESA-N,C29H50O2,1,1,1,0,0.039880963,0.039880963,0.039880963,NA,ST001814,Up in PD,1,FALSE,FALSE
IK_YNAVUWVOSKDBBP-UHFFFAOYSA-N,Morpholine,Morpholine,YNAVUWVOSKDBBP-UHFFFAOYSA-N,C4H9NO,1,1,0,1,-0.039829918,-0.039829918,0.039829918,NA,MTBLS11904,Down in PD,1,FALSE,FALSE
IK_CYHOMWAPJJPNMW-DHBOJHSNSA-N,Tropine,Tropine,CYHOMWAPJJPNMW-DHBOJHSNSA-N,C8H15NO,1,1,0,1,-0.039796699,-0.039796699,0.039796699,NA,MTBLS11904,Down in PD,1,FALSE,FALSE
IK_GEWUBFCXNZWHKH-HSZRJFAPSA-N,1-Nonadecanoyl-glycero-3-phosphoethanolamine,1-Nonadecanoyl-glycero-3-phosphoethanolamine,GEWUBFCXNZWHKH-HSZRJFAPSA-N,C24H50NO7P,1,1,1,0,0.039597383,0.039597383,0.039597383,NA,MTBLS11904,Up in PD,1,FALSE,FALSE
IK_XLBVNMSMFQMKEY-BYPYZUCNSA-N,N-Methyl-L-Glutamic Acid,N-Methyl-L-Glutamic Acid,XLBVNMSMFQMKEY-BYPYZUCNSA-N,C6H11NO4,1,1,0,1,-0.039597383,-0.039597383,0.039597383,NA,MTBLS11904,Down in PD,1,FALSE,FALSE
IK_BXRLWGXPSRYJDZ-VKHMYHEASA-N,L-3-Cyanoalanine,L-3-Cyanoalanine,BXRLWGXPSRYJDZ-VKHMYHEASA-N,C4H6N2O2,1,1,1,0,0.039564164,0.039564164,0.039564164,NA,MTBLS11904,Up in PD,1,FALSE,FALSE
IK_CPKWYFUGBHLPGR-SXFWLWNESA-N,Hypochoeroside A,Hypochoeroside A,CPKWYFUGBHLPGR-SXFWLWNESA-N,C21H32O9,1,1,1,0,0.039564164,0.039564164,0.039564164,NA,MTBLS11904,Up in PD,1,FALSE,FALSE
IK_IJTJDJOOHZVSAC-NDRUHXFFSA-N,PC 40:5,"PC 40:5 | PC(20:4(8Z,11Z,14Z,17Z)/20:1(11Z))",IJTJDJOOHZVSAC-NDRUHXFFSA-N,C48H86NO8P,1,1,1,0,0.039564164,0.039564164,0.039564164,NA,MTBLS11904,Up in PD,1,FALSE,FALSE
IK_GRJFTUSJGMRSSJ-KICRZJJPSA-N,Abscisic alcohol,Abscisic alcohol,GRJFTUSJGMRSSJ-KICRZJJPSA-N,C15H22O3,1,1,0,1,-0.039530944,-0.039530944,0.039530944,NA,MTBLS11904,Down in PD,1,FALSE,FALSE
IK_XHMGEKKHSKIGMI-BDBJOHPESA-N,"(11R,12S,13S)-Epoxy-hydroxyoctadeca-cis-9-cis-15-dien-1-oic acid","(11R,12S,13S)-Epoxy-hydroxyoctadeca-cis-9-cis-15-dien-1-oic acid",XHMGEKKHSKIGMI-BDBJOHPESA-N,C18H30O4,1,1,1,0,0.039464506,0.039464506,0.039464506,NA,MTBLS11904,Up in PD,1,FALSE,FALSE
IK_PIXFHVWJOVNKQK-CJWOFWMHSA-N,11-Hydroxyandrosterone,11-Hydroxyandrosterone,PIXFHVWJOVNKQK-CJWOFWMHSA-N,C19H30O3,1,1,0,1,-0.039298409,-0.039298409,0.039298409,NA,MTBLS11904,Down in PD,1,FALSE,FALSE
IK_HPHXOIULGYVAKW-IOSLPCCCSA-N,2'-O-Methylinosine,2'-O-Methylinosine,HPHXOIULGYVAKW-IOSLPCCCSA-N,C11H14N4O5,1,1,1,0,0.039032655,0.039032655,0.039032655,NA,MTBLS11904,Up in PD,1,FALSE,FALSE
IK_OLBNOBQOQZRLMP-UHFFFAOYSA-N,"2,6-Dimethoxy-1,4-benzoquinone","2,6-Dimethoxy-1,4-benzoquinone",OLBNOBQOQZRLMP-UHFFFAOYSA-N,C8H8O4,1,1,1,0,0.038600804,0.038600804,0.038600804,NA,MTBLS11904,Up in PD,1,FALSE,FALSE
IK_YNLRDTBLEOQPQL-UHFFFAOYSA-N,MJDBISSN00000001,MJDBISSN00000001 | MJDBISSP00000001,YNLRDTBLEOQPQL-UHFFFAOYSA-N,C11H15NO,1,1,1,0,0.03836827,0.03836827,0.03836827,NA,MTBLS11904,Up in PD,1,FALSE,FALSE
IK_JJCQSGDBDPYCEO-XVZSLQNASA-N,Dibekacin,Dibekacin,JJCQSGDBDPYCEO-XVZSLQNASA-N,C18H37N5O8,1,1,1,0,0.038202173,0.038202173,0.038202173,NA,MTBLS11904,Up in PD,1,FALSE,FALSE
IK_VTDZILAWJJXPEL-UHFFFAOYSA-N,Lupeoside,Lupeoside,VTDZILAWJJXPEL-UHFFFAOYSA-N,C41H68O10,1,1,1,0,0.037803542,0.037803542,0.037803542,NA,MTBLS11904,Up in PD,1,FALSE,FALSE
IK_PNZJCTOIJIYXNH-QVLAUCSVSA-N,"Cer(d16:1/20:4(8Z,11Z,14Z,17Z)-2OH(5S,6R))","Cer(d16:1/20:4(8Z,11Z,14Z,17Z)-2OH(5S,6R))",PNZJCTOIJIYXNH-QVLAUCSVSA-N,C36H63NO5,1,1,0,1,-0.03743813,-0.03743813,0.03743813,NA,MTBLS11904,Down in PD,1,FALSE,FALSE
IK_CVNYHSDFZXHMMJ-VPUMZWJWSA-N,12-Ketodeoxycholic acid,12-Ketodeoxycholic acid | 3alpha-Hydroxy-12-oxo-5beta-cholan-24-oic Acid,CVNYHSDFZXHMMJ-VPUMZWJWSA-N,C24H38O4,1,1,1,0,0.037315218,0.037315218,0.037315218,NA,MTBLS11904,Up in PD,1,FALSE,FALSE
IK_OUAPULXYUWUOHW-UHFFFAOYSA-N,1-Ethoxymethyl-5-fluorouracil,1-Ethoxymethyl-5-fluorouracil,OUAPULXYUWUOHW-UHFFFAOYSA-N,C7H9FN2O3,1,1,0,1,-0.037205595,-0.037205595,0.037205595,NA,MTBLS11904,Down in PD,1,FALSE,FALSE
IK_HSHUXNYMVPABPS-FEMAWNSXSA-N,"PS(22:0/20:4(5Z,8Z,11Z,14Z)-OH(20))","PS(22:0/20:4(5Z,8Z,11Z,14Z)-OH(20))",HSHUXNYMVPABPS-FEMAWNSXSA-N,C48H86NO11P,1,1,1,0,0.037006279,0.037006279,0.037006279,NA,MTBLS11904,Up in PD,1,FALSE,FALSE
IK_UBCPEZWGUOSYHO-JAPSQKQGSA-N,"27-Nor-5b-cholestane-3a,7a,12a,24,25-pentol","27-Nor-5b-cholestane-3a,7a,12a,24,25-pentol | 27-Nor-cholestane-pentol",UBCPEZWGUOSYHO-JAPSQKQGSA-N,C26H46O5,1,1,1,0,0.03697306,0.03697306,0.03697306,NA,MTBLS11904,Up in PD,1,FALSE,FALSE
IK_ICLWTJIMXVISSR-UHFFFAOYSA-N,Gallamonum,Gallamonum,ICLWTJIMXVISSR-UHFFFAOYSA-N,C24H45N3O3,1,1,1,0,0.036806963,0.036806963,0.036806963,NA,MTBLS11904,Up in PD,1,FALSE,FALSE
IK_RPZOFMHRRHHDPZ-UHFFFAOYSA-N,Azimexon,Azimexon,RPZOFMHRRHHDPZ-UHFFFAOYSA-N,C9H14N4O,1,1,0,1,-0.036806963,-0.036806963,0.036806963,NA,MTBLS11904,Down in PD,1,FALSE,FALSE
IK_NXJSQJIGCCIMAE-ORIYTCASSA-N,Polyporenic acid C,Polyporenic acid C,NXJSQJIGCCIMAE-ORIYTCASSA-N,C30H40O2,1,1,1,0,0.036740525,0.036740525,0.036740525,NA,MTBLS11904,Up in PD,1,FALSE,FALSE
IK_RUDATBOHQWOJDD-BSWAIDMHSA-N,Chenodeoxycholic Acid,Chenodeoxycholic Acid,RUDATBOHQWOJDD-BSWAIDMHSA-N,C24H40O4,1,1,1,0,0.036640867,0.036640867,0.036640867,NA,MTBLS11904,Up in PD,1,FALSE,FALSE
IK_CBFHOPPJBYHALQ-RLWMBFFFSA-N,S-Butylcysteine sulfoxide,S-Butylcysteine sulfoxide,CBFHOPPJBYHALQ-RLWMBFFFSA-N,C7H15NO3S,1,1,1,0,0.03647477,0.03647477,0.03647477,NA,MTBLS11904,Up in PD,1,FALSE,FALSE
IK_OBSIPTVJSOCDLZ-UHFFFAOYSA-N,Hydroxyprolyl-Valine,Hydroxyprolyl-Valine,OBSIPTVJSOCDLZ-UHFFFAOYSA-N,C10H18N2O4,1,1,0,1,-0.036408332,-0.036408332,0.036408332,NA,MTBLS11904,Down in PD,1,FALSE,FALSE
IK_TVXJJNJGTDWFLD-TWGQIWQCSA-N,(Z)-[(4-hydroxyphenyl)acetaldehyde oxime],(Z)-[(4-hydroxyphenyl)acetaldehyde oxime],TVXJJNJGTDWFLD-TWGQIWQCSA-N,C8H9NO2,1,1,0,1,-0.036242236,-0.036242236,0.036242236,NA,MTBLS11904,Down in PD,1,FALSE,FALSE
IK_QQONPFPTGQHPMA-UHFFFAOYSA-N,Propylene,Propylene,QQONPFPTGQHPMA-UHFFFAOYSA-N,C3H6,1,1,1,0,0.036109358,0.036109358,0.036109358,NA,MTBLS11904,Up in PD,1,FALSE,FALSE
IK_ROWKJAVDOGWPAT-UHFFFAOYSA-N,Acetoin,Acetoin,ROWKJAVDOGWPAT-UHFFFAOYSA-N,C4H8O2,1,1,0,1,-0.035843604,-0.035843604,0.035843604,NA,MTBLS11904,Down in PD,1,FALSE,FALSE
IK_GDFAOVXKHJXLEI-VKHMYHEASA-N,N-methylalanine,N-methylalanine,GDFAOVXKHJXLEI-VKHMYHEASA-N,C4H9NO2,1,1,1,0,0.035715395,0.035715395,0.035715395,NA,ST001814,Up in PD,1,FALSE,FALSE
IK_APZFKAJBLBCEFG-YIAAKVKQSA-N,"MG(0:0/20:3(6,8,11)-OH(5)/0:0)","MG(0:0/20:3(6,8,11)-OH(5)/0:0)",APZFKAJBLBCEFG-YIAAKVKQSA-N,C23H40O5,1,1,0,1,-0.035179219,-0.035179219,0.035179219,NA,MTBLS11904,Down in PD,1,FALSE,FALSE
IK_OSICWVVWEXKSBD-LFAYTRTRSA-N,Fumigaclavine C,Fumigaclavine C,OSICWVVWEXKSBD-LFAYTRTRSA-N,C23H30N2O2,1,1,0,1,-0.035179219,-0.035179219,0.035179219,NA,MTBLS11904,Down in PD,1,FALSE,FALSE
IK_BTSTZWOTLKSKHV-ODYTWBPASA-N,N-Cyclopropyl-trans-2-cis-6-nonadienamide,N-Cyclopropyl-trans-2-cis-6-nonadienamide,BTSTZWOTLKSKHV-ODYTWBPASA-N,C12H19NO,1,1,1,0,0.035079561,0.035079561,0.035079561,NA,MTBLS11904,Up in PD,1,FALSE,FALSE
IK_HLQYTKUIIJTNHH-JTAGEXAMSA-N,16-alpha-Hydroxyandrosterone,16-alpha-Hydroxyandrosterone,HLQYTKUIIJTNHH-JTAGEXAMSA-N,C19H30O3,1,1,0,1,-0.035013122,-0.035013122,0.035013122,NA,MTBLS11904,Down in PD,1,FALSE,FALSE
IK_KIWQWJKWBHZMDT-UHFFFAOYSA-N,Homocysteine thiolactone,Homocysteine thiolactone,KIWQWJKWBHZMDT-UHFFFAOYSA-N,C4H7NOS,1,1,0,1,-0.034979903,-0.034979903,0.034979903,NA,MTBLS11904,Down in PD,1,FALSE,FALSE
IK_ZPLOQFLCMVIWRY-UHFFFAOYSA-N,FLESTOLOL,FLESTOLOL,ZPLOQFLCMVIWRY-UHFFFAOYSA-N,C15H22FN3O4,1,1,1,0,0.034747368,0.034747368,0.034747368,NA,MTBLS11904,Up in PD,1,FALSE,FALSE
IK_UTSVPXMQSFGQTM-DCXZOGHSSA-N,Sterigmatocystin,Sterigmatocystin,UTSVPXMQSFGQTM-DCXZOGHSSA-N,C18H12O6,1,1,0,1,-0.03464771,-0.03464771,0.03464771,NA,MTBLS11904,Down in PD,1,FALSE,FALSE
IK_HVUMOYIDDBPOLL-XWVZOOPGSA-N,Sorbitan stearate,Sorbitan stearate,HVUMOYIDDBPOLL-XWVZOOPGSA-N,C24H46O6,1,1,1,0,0.034581271,0.034581271,0.034581271,NA,MTBLS11904,Up in PD,1,FALSE,FALSE
IK_SEEGHKWOBVVBTQ-NFMPGMCNSA-N,Gibberellin A7,Gibberellin A7,SEEGHKWOBVVBTQ-NFMPGMCNSA-N,C19H22O5,1,1,0,1,-0.034448394,-0.034448394,0.034448394,NA,MTBLS11904,Down in PD,1,FALSE,FALSE
NO_INCHIKEY__5 hydroxymethyl 4 methoxy 2 5h furanone,5-(Hydroxymethyl)-4-methoxy-2(5H)-furanone,5-(Hydroxymethyl)-4-methoxy-2(5H)-furanone,NA,NA,1,1,1,0,0.034415175,0.034415175,0.034415175,NA,MTBLS11904,Up in PD,1,FALSE,FALSE
IK_WYVKPHCYMTWUCW-UHFFFAOYSA-N,Cysteinyl-Threonine,Cysteinyl-Threonine,WYVKPHCYMTWUCW-UHFFFAOYSA-N,C7H14N2O4S,1,1,1,0,0.034249079,0.034249079,0.034249079,NA,MTBLS11904,Up in PD,1,FALSE,FALSE
IK_DHWUVPPRBIJJKS-VUEDXXQZSA-N,Sesartemin,Sesartemin,DHWUVPPRBIJJKS-VUEDXXQZSA-N,C23H26O8,1,1,1,0,0.034049763,0.034049763,0.034049763,NA,MTBLS11904,Up in PD,1,FALSE,FALSE
IK_MXWDHKDTQAPDQD-INBLFIHXSA-N,Adamantylamide-alanyl-isoglutamine,Adamantylamide-alanyl-isoglutamine,MXWDHKDTQAPDQD-INBLFIHXSA-N,C18H30N4O3,1,1,0,1,-0.033916886,-0.033916886,0.033916886,NA,MTBLS11904,Down in PD,1,FALSE,FALSE
IK_MEZHYUGWUQWXOK-QPPIDDCLSA-N,PGP(i-12:0/i-22:0),PGP(i-12:0/i-22:0),MEZHYUGWUQWXOK-QPPIDDCLSA-N,C40H80O13P2,1,1,0,1,-0.033817228,-0.033817228,0.033817228,NA,MTBLS11904,Down in PD,1,FALSE,FALSE
IK_IHTMGUFGDQUBIO-QGEKYMHSSA-N,"DG(18:0/0:0/20:4(8Z,11Z,14Z,17Z)-2OH(5S,6R))","DG(18:0/0:0/20:4(8Z,11Z,14Z,17Z)-2OH(5S,6R))",IHTMGUFGDQUBIO-QGEKYMHSSA-N,C41H72O7,1,1,1,0,0.033784009,0.033784009,0.033784009,NA,MTBLS11904,Up in PD,1,FALSE,FALSE
IK_TWDZVGUEYBJLQC-CWMYCXEUSA-N,"DG(i-17:0/0:0/20:4(7E,9E,11Z,13E)-3OH(5S,6R,15S))","DG(i-17:0/0:0/20:4(7E,9E,11Z,13E)-3OH(5S,6R,15S))",TWDZVGUEYBJLQC-CWMYCXEUSA-N,C40H70O8,1,1,0,1,-0.03371757,-0.03371757,0.03371757,NA,MTBLS11904,Down in PD,1,FALSE,FALSE
IK_SIOXPEMLGUPBBT-UHFFFAOYSA-N,Picolinic Acid,Picolinic Acid,SIOXPEMLGUPBBT-UHFFFAOYSA-N,C6H5NO2,1,1,0,1,-0.033651132,-0.033651132,0.033651132,NA,MTBLS11904,Down in PD,1,FALSE,FALSE
IK_COJBGNAUUSNXHX-UHFFFAOYSA-N,2-Keto-glutaramic acid,2-Keto-glutaramic acid,COJBGNAUUSNXHX-UHFFFAOYSA-N,C5H7NO4,1,1,1,0,0.033418597,0.033418597,0.033418597,NA,MTBLS11904,Up in PD,1,FALSE,FALSE
IK_CNUQZHQKEQFDPU-MDWZMJQESA-N,"2-Polyprenyl-6-methoxy-1,4-benzoquinone","2-Polyprenyl-6-methoxy-1,4-benzoquinone",CNUQZHQKEQFDPU-MDWZMJQESA-N,C17H22O3,1,1,1,0,0.033362124,0.033362124,0.033362124,NA,MTBLS11904,Up in PD,1,FALSE,FALSE
IK_MMNWSHJJPDXKCH-UHFFFAOYSA-N,2-Anthraquinonesulfonic acid,2-Anthraquinonesulfonic acid,MMNWSHJJPDXKCH-UHFFFAOYSA-N,C14H8O5S,1,1,1,0,0.033219281,0.033219281,0.033219281,NA,MTBLS11904,Up in PD,1,FALSE,FALSE
IK_KMDRUUGMNYPPJH-UHFFFAOYSA-N,"Acetamide, 2-(diethylamino)-N-(2-(octyloxy)phenyl)-","Acetamide, 2-(diethylamino)-N-(2-(octyloxy)phenyl)-",KMDRUUGMNYPPJH-UHFFFAOYSA-N,C20H34N2O2,1,1,0,1,-0.033053185,-0.033053185,0.033053185,NA,MTBLS11904,Down in PD,1,FALSE,FALSE
IK_AJSDVNKVGFVAQU-PRJMDXOYSA-N,Cladinose,Cladinose,AJSDVNKVGFVAQU-PRJMDXOYSA-N,C8H16O4,1,1,0,1,-0.033019965,-0.033019965,0.033019965,NA,MTBLS11904,Down in PD,1,FALSE,FALSE
IK_PTGGMPLMNDBPGB-CXISOLTFSA-N,N-methylsphingosine,N-methylsphingosine,PTGGMPLMNDBPGB-CXISOLTFSA-N,C19H37NO3,1,1,0,1,-0.032986746,-0.032986746,0.032986746,NA,MTBLS11904,Down in PD,1,FALSE,FALSE
IK_FQYGGFDZJFIDPU-JRSYHJKYSA-N,Estriol-16-Glucuronide,Estriol-16-Glucuronide,FQYGGFDZJFIDPU-JRSYHJKYSA-N,C24H32O9,1,1,0,1,-0.032920307,-0.032920307,0.032920307,NA,MTBLS11904,Down in PD,1,FALSE,FALSE
IK_WXURHACBFYSXBI-GQKYHHCASA-N,Flumethasone,Flumethasone,WXURHACBFYSXBI-GQKYHHCASA-N,C22H28F2O5,1,1,1,0,0.03282065,0.03282065,0.03282065,NA,MTBLS11904,Up in PD,1,FALSE,FALSE
IK_OMLWNBVRVJYMBQ-YUMQZZPRSA-N,Arginylarginine,Arginylarginine,OMLWNBVRVJYMBQ-YUMQZZPRSA-N,C12H26N8O3,1,1,1,0,0.0328,0.0328,0.0328,NA,MTBLS11904,Up in PD,1,FALSE,FALSE
IK_BDQNKCYCTYYMAA-UHFFFAOYSA-N,1-Naphthyl isocyanate,1-Naphthyl isocyanate,BDQNKCYCTYYMAA-UHFFFAOYSA-N,C11H7NO,1,1,0,1,-0.032754211,-0.032754211,0.032754211,NA,MTBLS11904,Down in PD,1,FALSE,FALSE
IK_KRBJOAIDSTYRMG-UHFFFAOYSA-N,Deoxycholylasparagine,Deoxycholylasparagine,KRBJOAIDSTYRMG-UHFFFAOYSA-N,C28H46N2O6,1,1,0,1,-0.032754211,-0.032754211,0.032754211,NA,MTBLS11904,Down in PD,1,FALSE,FALSE
IK_ZJDPLLSGJXQZSR-HMPWLZDGSA-N,Leu Ile,Leu Ile,ZJDPLLSGJXQZSR-HMPWLZDGSA-N,C21H32N6O11PR(C5H8O6PR)n,1,1,0,1,-0.032754211,-0.032754211,0.032754211,NA,MTBLS11904,Down in PD,1,FALSE,FALSE
IK_FWNZEKQVBDXWKA-ZCWREFTMSA-N,Campesterol glucoside,Campesterol glucoside,FWNZEKQVBDXWKA-ZCWREFTMSA-N,C34H58O6,1,1,1,0,0.032720992,0.032720992,0.032720992,NA,MTBLS11904,Up in PD,1,FALSE,FALSE
IK_IJBIDDAZNYQSCP-VEHBBKSSSA-N,"PE(22:6(4Z,7Z,10Z,13Z,16Z,19Z)/20:0)","PE(22:6(4Z,7Z,10Z,13Z,16Z,19Z)/20:0)",IJBIDDAZNYQSCP-VEHBBKSSSA-N,C47H82NO8P,1,1,0,1,-0.032654553,-0.032654553,0.032654553,NA,MTBLS11904,Down in PD,1,FALSE,FALSE
IK_HAFVWTUQBYRPOB-QGGNSXJXSA-N,"11b,17a,21-Trihydroxypreg-nenolone","11b,17a,21-Trihydroxypreg-nenolone",HAFVWTUQBYRPOB-QGGNSXJXSA-N,C21H32O5,1,1,1,0,0.032588115,0.032588115,0.032588115,NA,MTBLS11904,Up in PD,1,FALSE,FALSE
IK_UIUJIQZEACWQSV-UHFFFAOYSA-N,Succinic acid semialdehyde,Succinic acid semialdehyde,UIUJIQZEACWQSV-UHFFFAOYSA-N,C4H6O3,1,1,1,0,0.032554895,0.032554895,0.032554895,NA,MTBLS11904,Up in PD,1,FALSE,FALSE
IK_HYXQKVOADYPQEA-CIUDSAMLSA-N,Isoleucyl-Arginine,Isoleucyl-Arginine,HYXQKVOADYPQEA-CIUDSAMLSA-N,C12H25N5O3,1,1,0,1,-0.031956948,-0.031956948,0.031956948,NA,MTBLS11904,Down in PD,1,FALSE,FALSE
IK_YMJNFVUJNDWLND-ZHACJKMWSA-N,3-Decenoylcarnitine,3-Decenoylcarnitine,YMJNFVUJNDWLND-ZHACJKMWSA-N,C17H31NO4,1,1,1,0,0.031956948,0.031956948,0.031956948,NA,MTBLS11904,Up in PD,1,FALSE,FALSE
IK_KTOLOIKYVCHRJW-XZMZPDFPSA-N,Azvudine,Azvudine,KTOLOIKYVCHRJW-XZMZPDFPSA-N,C9H11FN6O4,1,1,0,1,-0.031824071,-0.031824071,0.031824071,NA,MTBLS11904,Down in PD,1,FALSE,FALSE
IK_ZQTAMPRZFOOEEP-HZJYTTRNSA-N,"LysoPA(18:2(9Z,12Z)/0:0)","LysoPA(18:2(9Z,12Z)/0:0)",ZQTAMPRZFOOEEP-HZJYTTRNSA-N,C21H39O7P,1,1,1,0,0.031624755,0.031624755,0.031624755,NA,MTBLS11904,Up in PD,1,FALSE,FALSE
IK_OCKPCBLVNKHBMX-UHFFFAOYSA-N,Butylbenzene,Butylbenzene,OCKPCBLVNKHBMX-UHFFFAOYSA-N,C10H14,1,1,1,0,0.031458659,0.031458659,0.031458659,NA,MTBLS11904,Up in PD,1,FALSE,FALSE
IK_HKJOYARIOKGODS-UHFFFAOYSA-N,6-Amino-N-[6-keto-6-(6-ketohexylamino)hexyl]hexanamide,6-Amino-N-[6-keto-6-(6-ketohexylamino)hexyl]hexanamide,HKJOYARIOKGODS-UHFFFAOYSA-N,C18H35N3O3,1,1,1,0,0.031392221,0.031392221,0.031392221,NA,MTBLS11904,Up in PD,1,FALSE,FALSE
NO_INCHIKEY__gln leu glu lys,Gln Leu Glu Lys,Gln Leu Glu Lys,NA,NA,1,1,0,1,-0.031392221,-0.031392221,0.031392221,NA,MTBLS11904,Down in PD,1,FALSE,FALSE
IK_DBDTUXMDTSTPQZ-UHFFFAOYSA-N,Fenquizone,Fenquizone,DBDTUXMDTSTPQZ-UHFFFAOYSA-N,C14H12ClN3O3S,1,1,1,0,0.031259343,0.031259343,0.031259343,NA,MTBLS11904,Up in PD,1,FALSE,FALSE
IK_URVGHNOQCRQJTD-MELXFHLESA-N,"2,3-Dinor-TXB1","2,3-Dinor-TXB1",URVGHNOQCRQJTD-MELXFHLESA-N,C19H34O5,1,1,0,1,-0.031259343,-0.031259343,0.031259343,NA,MTBLS11904,Down in PD,1,FALSE,FALSE
IK_VIDLVGFSJZUUCT-KRXZEVONSA-N,"SM(d18:2(4E,14Z)/20:5(7Z,9Z,11E,13E,17Z)-3OH(5,6,15))","SM(d18:2(4E,14Z)/20:5(7Z,9Z,11E,13E,17Z)-3OH(5,6,15))",VIDLVGFSJZUUCT-KRXZEVONSA-N,C43H75N2O9P,1,1,1,0,0.031126466,0.031126466,0.031126466,NA,MTBLS11904,Up in PD,1,FALSE,FALSE
IK_RLKGCXCVPAYULW-QTZWXKQRSA-N,"MG(18:1(12Z)-2OH(9,10)/0:0/0:0)","MG(18:1(12Z)-2OH(9,10)/0:0/0:0)",RLKGCXCVPAYULW-QTZWXKQRSA-N,C21H40O6,1,1,0,1,-0.03096037,-0.03096037,0.03096037,NA,MTBLS11904,Down in PD,1,FALSE,FALSE
IK_PSBIAPQFYNFRKH-FXJJMODTSA-N,"PA(18:3(10,12,15)-OH(9)/i-12:0)","PA(18:3(10,12,15)-OH(9)/i-12:0)",PSBIAPQFYNFRKH-FXJJMODTSA-N,C33H59O9P,1,1,0,1,-0.030794273,-0.030794273,0.030794273,NA,MTBLS11904,Down in PD,1,FALSE,FALSE
IK_PXGPLTODNUVGFL-NAPLMKITSA-N,PA(i-22:0/5-iso PGF2VI),PA(i-22:0/5-iso PGF2VI),PXGPLTODNUVGFL-NAPLMKITSA-N,C20H34O5,1,1,0,1,-0.030628177,-0.030628177,0.030628177,NA,MTBLS11904,Down in PD,1,FALSE,FALSE
IK_WXTMDXOMEHJXQO-UHFFFAOYSA-N,Gentisic acid,Gentisic acid,WXTMDXOMEHJXQO-UHFFFAOYSA-N,C7H6O4,1,1,1,0,0.030395642,0.030395642,0.030395642,NA,MTBLS11904,Up in PD,1,FALSE,FALSE
IK_XJLATMLVMSFZBN-VYDXJSESSA-N,Actinonin,Actinonin,XJLATMLVMSFZBN-VYDXJSESSA-N,C19H35N3O5,1,1,1,0,0.030395642,0.030395642,0.030395642,NA,MTBLS11904,Up in PD,1,FALSE,FALSE
IK_FBPFZTCFMRRESA-KVTDHHQDSA-N,Mannitol,Mannitol,FBPFZTCFMRRESA-KVTDHHQDSA-N,C6H14O6,1,1,1,0,0.030341729,0.030341729,0.030341729,NA,ST001814,Up in PD,1,FALSE,FALSE
IK_KXLSJQTXSAYFDL-VAWYXSNFSA-N,Acetolein,Acetolein,KXLSJQTXSAYFDL-VAWYXSNFSA-N,C25H44O6,1,1,0,1,-0.029764476,-0.029764476,0.029764476,NA,MTBLS11904,Down in PD,1,FALSE,FALSE
IK_UBQKCCHYAOITMY-UHFFFAOYSA-N,2-Hydroxypyridine,2-Hydroxypyridine,UBQKCCHYAOITMY-UHFFFAOYSA-N,C5H5NO,1,1,1,0,0.029731256,0.029731256,0.029731256,NA,MTBLS11904,Up in PD,1,FALSE,FALSE
IK_VGRHZPNRCLAHQA-UHFFFAOYSA-N,Aspartyl-Asparagine,Aspartyl-Asparagine,VGRHZPNRCLAHQA-UHFFFAOYSA-N,C8H13N3O6,1,1,1,0,0.02956516,0.02956516,0.02956516,NA,MTBLS11904,Up in PD,1,FALSE,FALSE
IK_ARSJQOAYGVNWEK-MLCWLASSSA-N,N-Ethyl trans-2-cis-6-nonadienamide,N-Ethyl trans-2-cis-6-nonadienamide,ARSJQOAYGVNWEK-MLCWLASSSA-N,C11H19NO,1,1,1,0,0.029033652,0.029033652,0.029033652,NA,MTBLS11904,Up in PD,1,FALSE,FALSE
IK_HOVAGTYPODGVJG-VOQCIKJUSA-N,methyl-beta-D-galactopyranoside,methyl-beta-D-galactopyranoside,HOVAGTYPODGVJG-VOQCIKJUSA-N,C7H14O6,1,1,0,1,-0.029022691,-0.029022691,0.029022691,NA,ST001814,Down in PD,1,FALSE,FALSE
IK_HNEGQIOMVPPMNR-NSCUHMNNSA-N,Mesaconic Acid,Mesaconic Acid,HNEGQIOMVPPMNR-NSCUHMNNSA-N,C5H6O4,1,1,1,0,0.028900774,0.028900774,0.028900774,NA,MTBLS11904,Up in PD,1,FALSE,FALSE
IK_FYYIUODUDSPAJQ-XVBQNVSMSA-N,"2-Propenoic acid, 2-methyl-, 7-oxabicyclo[4.1.0]hept-3-ylmethyl ester","2-Propenoic acid, 2-methyl-, 7-oxabicyclo[4.1.0]hept-3-ylmethyl ester",FYYIUODUDSPAJQ-XVBQNVSMSA-N,C11H16O3,1,1,0,1,-0.028767897,-0.028767897,0.028767897,NA,MTBLS11904,Down in PD,1,FALSE,FALSE
IK_QYTPGOPLNFESQC-NUTQULCTSA-N,PE(P-16:0/0:0),PE(P-16:0/0:0),QYTPGOPLNFESQC-NUTQULCTSA-N,C21H44NO6P,1,1,1,0,0.028601801,0.028601801,0.028601801,NA,MTBLS11904,Up in PD,1,FALSE,FALSE
IK_QINFFYRWMCWIQU-HEPLYUHHSA-N,"PE(22:6(4Z,7Z,10Z,13Z,16Z,19Z)/14:1(9Z))","PE(22:6(4Z,7Z,10Z,13Z,16Z,19Z)/14:1(9Z))",QINFFYRWMCWIQU-HEPLYUHHSA-N,C41H68NO8P,1,1,1,0,0.028568582,0.028568582,0.028568582,NA,MTBLS11904,Up in PD,1,FALSE,FALSE
IK_TWEFFSVOCVXBPV-UHFFFAOYSA-N,3-Allylphenol sulfate,3-Allylphenol sulfate,TWEFFSVOCVXBPV-UHFFFAOYSA-N,C9H10O4S,1,1,1,0,0.028535362,0.028535362,0.028535362,NA,MTBLS11904,Up in PD,1,FALSE,FALSE
IK_HPMRFMKYPGXPEP-UHFFFAOYSA-N,Idazoxan,Idazoxan,HPMRFMKYPGXPEP-UHFFFAOYSA-N,C11H12N2O2,1,1,0,1,-0.028302827,-0.028302827,0.028302827,NA,MTBLS11904,Down in PD,1,FALSE,FALSE
IK_NESRXFGQJARQNM-OWYFMNJBSA-N,Ovalicin,Ovalicin,NESRXFGQJARQNM-OWYFMNJBSA-N,C16H24O5,1,1,0,1,-0.02770488,-0.02770488,0.02770488,NA,MTBLS11904,Down in PD,1,FALSE,FALSE
IK_LCJRHAPPMIUHLH-UHFFFAOYSA-N,Policapram,Policapram,LCJRHAPPMIUHLH-UHFFFAOYSA-N,C6H9NO,1,1,0,1,-0.027638442,-0.027638442,0.027638442,NA,MTBLS11904,Down in PD,1,FALSE,FALSE
IK_RMOGWMIKYWRTKW-UONOGXRCSA-N,Paclobutrazol,Paclobutrazol,RMOGWMIKYWRTKW-UONOGXRCSA-N,C15H20ClN3O,1,1,1,0,0.027638442,0.027638442,0.027638442,NA,MTBLS11904,Up in PD,1,FALSE,FALSE
IK_CBVKLEOGWBFWFG-AXDSSHIGSA-N,Epsilon-(Hexanoyl)lysine,Epsilon-(Hexanoyl)lysine,CBVKLEOGWBFWFG-AXDSSHIGSA-N,C12H24N2O3,1,1,1,0,0.027605222,0.027605222,0.027605222,NA,MTBLS11904,Up in PD,1,FALSE,FALSE
IK_PKXWXXPNHIWQHW-RCBQFDQVSA-N,Semagacestat,Semagacestat,PKXWXXPNHIWQHW-RCBQFDQVSA-N,C19H27N3O4,1,1,1,0,0.027572003,0.027572003,0.027572003,NA,MTBLS11904,Up in PD,1,FALSE,FALSE
IK_NDBRCNIXDRLLSE-GSUBHOBPSA-N,GPCho(22:6/18:1),GPCho(22:6/18:1),NDBRCNIXDRLLSE-GSUBHOBPSA-N,C48H82NO8P,1,1,0,1,-0.02727303,-0.02727303,0.02727303,NA,MTBLS11904,Down in PD,1,FALSE,FALSE
IK_JWBXCSQZLLIOCI-GUBZILKMSA-N,Isoleucyl-Leucine,Isoleucyl-Leucine,JWBXCSQZLLIOCI-GUBZILKMSA-N,C12H24N2O3,1,1,1,0,0.027040495,0.027040495,0.027040495,NA,MTBLS11904,Up in PD,1,FALSE,FALSE
IK_OVRNDRQMDRJTHS-JAJWTYFOSA-N,N-Acetyl-b-D-galactosamine,N-Acetyl-b-D-galactosamine,OVRNDRQMDRJTHS-JAJWTYFOSA-N,C8H15NO6,1,1,0,1,-0.027040495,-0.027040495,0.027040495,NA,MTBLS11904,Down in PD,1,FALSE,FALSE
IK_SENJXOPIZNYLHU-IUCAKERBSA-N,Leucyl-Arginine,Leucyl-Arginine,SENJXOPIZNYLHU-IUCAKERBSA-N,C12H25N5O3,1,1,0,1,-0.027007275,-0.027007275,0.027007275,NA,MTBLS11904,Down in PD,1,FALSE,FALSE
IK_ASWVTGNCAZCNNR-UHFFFAOYSA-N,Sulfadimidine,Sulfadimidine,ASWVTGNCAZCNNR-UHFFFAOYSA-N,C12H14N4O2S,1,1,1,0,0.026940837,0.026940837,0.026940837,NA,MTBLS11904,Up in PD,1,FALSE,FALSE
IK_DEKASDKLVVYODQ-UKHRKFAVSA-N,3-keto Fusidic acid,3-keto Fusidic acid,DEKASDKLVVYODQ-UKHRKFAVSA-N,C31H46O6,1,1,1,0,0.026841179,0.026841179,0.026841179,NA,MTBLS11904,Up in PD,1,FALSE,FALSE
IK_FQYQMFCIJNWDQZ-CYDGBPFRSA-N,Isoleucyl-prolyl-proline,Isoleucyl-prolyl-proline,FQYQMFCIJNWDQZ-CYDGBPFRSA-N,C16H27N3O4,1,1,0,1,-0.026575425,-0.026575425,0.026575425,NA,MTBLS11904,Down in PD,1,FALSE,FALSE
IK_OAORYCZPERQARS-VIFPVBQESA-N,6-Bromo-L-tryptophan,6-Bromo-L-tryptophan,OAORYCZPERQARS-VIFPVBQESA-N,C11H11BrN2O2,1,1,0,1,-0.026508986,-0.026508986,0.026508986,NA,MTBLS11904,Down in PD,1,FALSE,FALSE
IK_MCYHPZGUONZRGO-VKHMYHEASA-N,Mecysteine,Mecysteine,MCYHPZGUONZRGO-VKHMYHEASA-N,C4H9NO2S,1,1,1,0,0.026442548,0.026442548,0.026442548,NA,MTBLS11904,Up in PD,1,FALSE,FALSE
IK_PKIYFBICNICNGJ-UHFFFAOYSA-N,Monooctyl phthalate,Monooctyl phthalate,PKIYFBICNICNGJ-UHFFFAOYSA-N,C16H22O4,1,1,0,1,-0.026210013,-0.026210013,0.026210013,NA,MTBLS11904,Down in PD,1,FALSE,FALSE
IK_VKYKSIONXSXAKP-UHFFFAOYSA-N,Methenamine,Methenamine,VKYKSIONXSXAKP-UHFFFAOYSA-N,C6H12N4,1,1,0,1,-0.026077136,-0.026077136,0.026077136,NA,MTBLS11904,Down in PD,1,FALSE,FALSE
IK_PTIDGSWTMLSGAH-UHFFFAOYSA-N,Precocene II,Precocene II,PTIDGSWTMLSGAH-UHFFFAOYSA-N,C13H16O3,1,1,0,1,-0.026010697,-0.026010697,0.026010697,NA,MTBLS11904,Down in PD,1,FALSE,FALSE
IK_YOSHYTLCDANDAN-UHFFFAOYSA-N,Irbesartan,Irbesartan,YOSHYTLCDANDAN-UHFFFAOYSA-N,C25H28N6O,1,1,0,1,-0.025987443,-0.025987443,0.025987443,NA,MTBLS11904,Down in PD,1,FALSE,FALSE
IK_RKQUHHNIJVGMIG-UHFFFAOYSA-N,N-Lauroyl Phenylalanine,N-Lauroyl Phenylalanine,RKQUHHNIJVGMIG-UHFFFAOYSA-N,C21H33NO3,1,1,0,1,-0.025944258,-0.025944258,0.025944258,NA,MTBLS11904,Down in PD,1,FALSE,FALSE
IK_WVTMNZAPPOMZST-JZCVQVRRSA-N,11-Hydroxyprogesterone 11-glucuronide,11-Hydroxyprogesterone 11-glucuronide,WVTMNZAPPOMZST-JZCVQVRRSA-N,C27H38O9,1,1,0,1,-0.02587782,-0.02587782,0.02587782,NA,MTBLS11904,Down in PD,1,FALSE,FALSE
IK_DYQXERDJEYZBKH-KVQBGUIXSA-N,"7,8-Dihydro-2'-deoxyguanosine","7,8-Dihydro-2'-deoxyguanosine",DYQXERDJEYZBKH-KVQBGUIXSA-N,C10H15N5O4,1,1,0,1,-0.025645285,-0.025645285,0.025645285,NA,MTBLS11904,Down in PD,1,FALSE,FALSE
IK_CXTATJFJDMJMIY-UHFFFAOYSA-N,Octanoylcarnitine,Octanoylcarnitine,CXTATJFJDMJMIY-UHFFFAOYSA-N,C15H29NO4,1,1,1,0,0.025578846,0.025578846,0.025578846,NA,MTBLS11904,Up in PD,1,FALSE,FALSE
IK_YHEDRJPUIRMZMP-ZWKOTPCHSA-N,Sphinganine 1-phosphate,Sphinganine 1-phosphate | Sphinganine-phosphate,YHEDRJPUIRMZMP-ZWKOTPCHSA-N,C18H40NO5P,1,1,0,1,-0.025479188,-0.025479188,0.025479188,NA,MTBLS11904,Down in PD,1,FALSE,FALSE
IK_MJZYBROJFJAPOE-UHFFFAOYSA-N,Stigmastanediol,Stigmastanediol,MJZYBROJFJAPOE-UHFFFAOYSA-N,C29H52O2,1,1,1,0,0.025379531,0.025379531,0.025379531,NA,MTBLS11904,Up in PD,1,FALSE,FALSE
IK_HMARMWSETGYKDK-AOGVJQIJSA-N,"PE(14:0/18:2(9Z,12Z))","PE(14:0/18:2(9Z,12Z))",HMARMWSETGYKDK-AOGVJQIJSA-N,C37H70NO8P,1,1,1,0,0.025279873,0.025279873,0.025279873,NA,MTBLS11904,Up in PD,1,FALSE,FALSE
IK_WAAPEIZFCHNLKK-PELKAZGASA-N,"(2R,4S)-2-Aminoformyl-6-fluoro-spiro[chroman-4,4'-imidazolidine]-2',5'-dione","(2R,4S)-2-Aminoformyl-6-fluoro-spiro[chroman-4,4'-imidazolidine]-2',5'-dione",WAAPEIZFCHNLKK-PELKAZGASA-N,C12H10FN3O4,1,1,1,0,0.025246654,0.025246654,0.025246654,NA,MTBLS11904,Up in PD,1,FALSE,FALSE
IK_PUQIRTNPJRFRCZ-UHFFFAOYSA-N,Metoprolol acid,Metoprolol acid,PUQIRTNPJRFRCZ-UHFFFAOYSA-N,C14H21NO4,1,1,1,0,0.025146996,0.025146996,0.025146996,NA,MTBLS11904,Up in PD,1,FALSE,FALSE
IK_IQZZFVDIZRWADY-UHFFFAOYSA-N,Isocoumarin,Isocoumarin,IQZZFVDIZRWADY-UHFFFAOYSA-N,C9H6O2,1,1,1,0,0.025047338,0.025047338,0.025047338,NA,MTBLS11904,Up in PD,1,FALSE,FALSE
IK_KUAZQDVKQLNFPE-UHFFFAOYSA-N,Thiram,Thiram,KUAZQDVKQLNFPE-UHFFFAOYSA-N,C6H12N2S4,1,1,0,1,-0.025047338,-0.025047338,0.025047338,NA,MTBLS11904,Down in PD,1,FALSE,FALSE
IK_PQKFUDVFSOEHDQ-KBBGFLFPSA-N,"24,24-Difluoro-1alpha,25-dihydroxyvitamin D3","24,24-Difluoro-1alpha,25-dihydroxyvitamin D3",PQKFUDVFSOEHDQ-KBBGFLFPSA-N,C27H42F2O3,1,1,0,1,-0.025047338,-0.025047338,0.025047338,NA,MTBLS11904,Down in PD,1,FALSE,FALSE
IK_RGJSGXNKRWWCOQ-QMEIEYGNSA-N,8(R)-Hydroperoxylinoleic acid,8(R)-Hydroperoxylinoleic acid,RGJSGXNKRWWCOQ-QMEIEYGNSA-N,C18H32O4,1,1,1,0,0.025014119,0.025014119,0.025014119,NA,MTBLS11904,Up in PD,1,FALSE,FALSE
IK_FKTCHXAVPYGOSM-CUAXAMRHSA-N,11'-Carboxy-alpha-chromanol,11'-Carboxy-alpha-chromanol,FKTCHXAVPYGOSM-CUAXAMRHSA-N,C26H42O4,1,1,1,0,0.024914461,0.024914461,0.024914461,NA,MTBLS11904,Up in PD,1,FALSE,FALSE
IK_YAADMLWHGMUGQL-VOTSOKGWSA-N,Cinnamoylglycine,Cinnamoylglycine,YAADMLWHGMUGQL-VOTSOKGWSA-N,C11H11NO3,1,1,0,1,-0.024914461,-0.024914461,0.024914461,NA,MTBLS11904,Down in PD,1,FALSE,FALSE
IK_TYMABNNERDVXID-DLYFRVTGSA-N,Panipenem,Panipenem,TYMABNNERDVXID-DLYFRVTGSA-N,C15H21N3O4S,1,1,1,0,0.024881241,0.024881241,0.024881241,NA,MTBLS11904,Up in PD,1,FALSE,FALSE
IK_FHSUFDYFOHSYHI-UHFFFAOYSA-N,3-Oxopentanoic acid,3-Oxopentanoic acid,FHSUFDYFOHSYHI-UHFFFAOYSA-N,C5H8O3,1,1,0,1,-0.024848022,-0.024848022,0.024848022,NA,MTBLS11904,Down in PD,1,FALSE,FALSE
IK_HFTWTHSIMCSLFQ-CMLLUXCUSA-N,Glabric acid,Glabric acid,HFTWTHSIMCSLFQ-CMLLUXCUSA-N,C30H46O5,1,1,1,0,0.024814803,0.024814803,0.024814803,NA,MTBLS11904,Up in PD,1,FALSE,FALSE
IK_VOOYTQRREPYRIW-UHFFFAOYSA-N,Marindinin,Marindinin,VOOYTQRREPYRIW-UHFFFAOYSA-N,C14H16O3,1,1,0,1,-0.024781584,-0.024781584,0.024781584,NA,MTBLS11904,Down in PD,1,FALSE,FALSE
IK_MNBHSIWWHUIFNM-UHFFFAOYSA-N,6-Hydroxyoctanoylcarnitine,6-Hydroxyoctanoylcarnitine,MNBHSIWWHUIFNM-UHFFFAOYSA-N,C15H29NO5,1,1,0,1,-0.024748364,-0.024748364,0.024748364,NA,MTBLS11904,Down in PD,1,FALSE,FALSE
IK_LCPDWSOZIOUXRV-UHFFFAOYSA-N,Phenoxyacetic Acid,Phenoxyacetic Acid,LCPDWSOZIOUXRV-UHFFFAOYSA-N,C8H8O3,1,1,0,1,-0.024681926,-0.024681926,0.024681926,NA,MTBLS11904,Down in PD,1,FALSE,FALSE
IK_GSLDEZOOOSBFGP-UHFFFAOYSA-N,Alpha-Methylene-Gamma-Butyrolactone,Alpha-Methylene-Gamma-Butyrolactone,GSLDEZOOOSBFGP-UHFFFAOYSA-N,C5H6O2,1,1,1,0,0.024648706,0.024648706,0.024648706,NA,MTBLS11904,Up in PD,1,FALSE,FALSE
IK_MDSUKZSLOATHMH-UHFFFAOYSA-N,Leucyl-Valine,Leucyl-Valine,MDSUKZSLOATHMH-UHFFFAOYSA-N,C11H22N2O3,1,1,1,0,0.024582268,0.024582268,0.024582268,NA,MTBLS11904,Up in PD,1,FALSE,FALSE
IK_MSFSPUZXLOGKHJ-PGYHGBPZSA-N,Muramic acid,Muramic acid,MSFSPUZXLOGKHJ-PGYHGBPZSA-N,C9H17NO7,1,1,1,0,0.024582268,0.024582268,0.024582268,NA,MTBLS11904,Up in PD,1,FALSE,FALSE
IK_OXSYGCRLQCGSAQ-UHFFFAOYSA-N,Sabine,Sabine,OXSYGCRLQCGSAQ-UHFFFAOYSA-N,C27H45NO7,1,1,1,0,0.024549049,0.024549049,0.024549049,NA,MTBLS11904,Up in PD,1,FALSE,FALSE
IK_UTNVEWHQVLDCMX-UHFFFAOYSA-N,Lactyltrimethylammonium betaine,Lactyltrimethylammonium betaine,UTNVEWHQVLDCMX-UHFFFAOYSA-N,C6H13AsO3,1,1,0,1,-0.024549049,-0.024549049,0.024549049,NA,MTBLS11904,Down in PD,1,FALSE,FALSE
IK_HXHZGHRLVRFQDR-HZJYTTRNSA-N,Goshuyic acid,Goshuyic acid,HXHZGHRLVRFQDR-HZJYTTRNSA-N,C14H24O2,1,1,0,1,-0.024416172,-0.024416172,0.024416172,NA,MTBLS11904,Down in PD,1,FALSE,FALSE
IK_VXBLCLVRWCLEOX-BFYSZXNBSA-N,6-Deoxocastasterone,6-Deoxocastasterone,VXBLCLVRWCLEOX-BFYSZXNBSA-N,C28H50O4,1,1,0,1,-0.024382952,-0.024382952,0.024382952,NA,MTBLS11904,Down in PD,1,FALSE,FALSE
IK_JEISZCQAXYJJOO-FQEVSTJZSA-N,N-Stearoyl Arginine,N-Stearoyl Arginine,JEISZCQAXYJJOO-FQEVSTJZSA-N,C23H46N4O3,1,1,0,1,-0.024349733,-0.024349733,0.024349733,NA,MTBLS11904,Down in PD,1,FALSE,FALSE
IK_VBOQYPQEPHKASR-UHFFFAOYSA-N,DL-Homocysteic acid,DL-Homocysteic acid,VBOQYPQEPHKASR-UHFFFAOYSA-N,C4H9NO5S,1,1,0,1,-0.024117198,-0.024117198,0.024117198,NA,MTBLS11904,Down in PD,1,FALSE,FALSE
IK_UEWPEVNSKXXUGP-UHFFFAOYSA-N,"10H-Pyrido(3,2-b)(1,4)benzothiazine, 10-(2-(dibutylamino)ethyl)-","10H-Pyrido(3,2-b)(1,4)benzothiazine, 10-(2-(dibutylamino)ethyl)-",UEWPEVNSKXXUGP-UHFFFAOYSA-N,C21H29N3S,1,1,1,0,0.024050759,0.024050759,0.024050759,NA,MTBLS11904,Up in PD,1,FALSE,FALSE
IK_KVXSPXCUAWCXEI-UHFFFAOYSA-N,(2S)-2-Amino-6-[(3-formylpiperidin-1-yl)amino]hexanoic acid,(2S)-2-Amino-6-[(3-formylpiperidin-1-yl)amino]hexanoic acid,KVXSPXCUAWCXEI-UHFFFAOYSA-N,C12H23N3O3,1,1,0,1,-0.023652128,-0.023652128,0.023652128,NA,MTBLS11904,Down in PD,1,FALSE,FALSE
IK_YFXWTVLDSKSYLW-NSCUHMNNSA-N,5-Hydroxyferulic acid,5-Hydroxyferulic acid,YFXWTVLDSKSYLW-NSCUHMNNSA-N,C10H10O5,1,1,1,0,0.023585689,0.023585689,0.023585689,NA,MTBLS11904,Up in PD,1,FALSE,FALSE
IK_JLFNLZLINWHATN-UHFFFAOYSA-N,Pentaethylene glycol,Pentaethylene glycol,JLFNLZLINWHATN-UHFFFAOYSA-N,C10H22O6,1,1,1,0,0.023452812,0.023452812,0.023452812,NA,MTBLS11904,Up in PD,1,FALSE,FALSE
IK_ISYWECDDZWTKFF-UHFFFAOYSA-N,Nonadecanoic acid,Nonadecanoic acid | FA 19:0,ISYWECDDZWTKFF-UHFFFAOYSA-N,C19H38O2,1,1,0,1,-0.023386374,-0.023386374,0.023386374,NA,MTBLS11904,Down in PD,1,FALSE,FALSE
IK_MFYSYFVPBJMHGN-ZPOLXVRWSA-N,Cortisone,Cortisone,MFYSYFVPBJMHGN-ZPOLXVRWSA-N,C21H28O5,1,1,1,0,0.0230874,0.0230874,0.0230874,NA,MTBLS11904,Up in PD,1,FALSE,FALSE
IK_FEZNRZLARONEKO-VHGXFIKMSA-N,"DG(i-18:0/18:1(12Z)-O(9S,10R)/0:0)","DG(i-18:0/18:1(12Z)-O(9S,10R)/0:0)",FEZNRZLARONEKO-VHGXFIKMSA-N,C39H72O6,1,1,1,0,0.023054181,0.023054181,0.023054181,NA,MTBLS11904,Up in PD,1,FALSE,FALSE
IK_KAOLEMQCYWHOJQ-UQACNIHJSA-N,5b-Cyprinol sulfate,5b-Cyprinol sulfate,KAOLEMQCYWHOJQ-UQACNIHJSA-N,C27H48O8S,1,1,1,0,0.023054181,0.023054181,0.023054181,NA,MTBLS11904,Up in PD,1,FALSE,FALSE
IK_LWWIYCLYWKAKRR-HSUXUTPPSA-N,"(2R,3R,4R)-Hexane-1,2,3,4,6-pentol","(2R,3R,4R)-Hexane-1,2,3,4,6-pentol",LWWIYCLYWKAKRR-HSUXUTPPSA-N,C6H14O5,1,1,0,1,-0.022921304,-0.022921304,0.022921304,NA,MTBLS11904,Down in PD,1,FALSE,FALSE
IK_AUVVAXYIELKVAI-CKBKHPSWSA-N,Emetine,Emetine,AUVVAXYIELKVAI-CKBKHPSWSA-N,C29H40N2O4,1,1,0,1,-0.022821646,-0.022821646,0.022821646,NA,MTBLS11904,Down in PD,1,FALSE,FALSE
IK_PJANXHGTPQOBST-UHFFFAOYSA-N,Stilbene,Stilbene,PJANXHGTPQOBST-UHFFFAOYSA-N,C14H12,1,1,1,0,0.02265555,0.02265555,0.02265555,NA,MTBLS11904,Up in PD,1,FALSE,FALSE
IK_NNAIYOXJNVGUOM-UHFFFAOYSA-N,Amperozide,Amperozide,NNAIYOXJNVGUOM-UHFFFAOYSA-N,C23H29F2N3O,1,1,1,0,0.022423015,0.022423015,0.022423015,NA,MTBLS11904,Up in PD,1,FALSE,FALSE
IK_AHANXAKGNAKFSK-PDBXOOCHSA-N,Dihomo-alpha-linolenic acid,Dihomo-alpha-linolenic acid,AHANXAKGNAKFSK-PDBXOOCHSA-N,C20H34O2,1,1,0,1,-0.022323357,-0.022323357,0.022323357,NA,MTBLS11904,Down in PD,1,FALSE,FALSE
IK_XURBWYCGQQXTHJ-UHFFFAOYSA-N,MJDBISSN00000009,MJDBISSN00000009 | MJDBISSP00000009,XURBWYCGQQXTHJ-UHFFFAOYSA-N,C7H5Cl2NO,1,1,0,1,-0.022290138,-0.022290138,0.022290138,NA,MTBLS11904,Down in PD,1,FALSE,FALSE
IK_VPAOSFFTKWUGAD-TVKJYDDYSA-N,Skimmin,Skimmin,VPAOSFFTKWUGAD-TVKJYDDYSA-N,C15H16O8,1,1,0,1,-0.022256918,-0.022256918,0.022256918,NA,MTBLS11904,Down in PD,1,FALSE,FALSE
IK_UPWPIFMHSFSVLE-UHFFFAOYSA-N,"N-Cyclohexyl-1,3-Benzothiazol-2-Amine","N-Cyclohexyl-1,3-Benzothiazol-2-Amine",UPWPIFMHSFSVLE-UHFFFAOYSA-N,C13H16N2S,1,1,1,0,0.02219048,0.02219048,0.02219048,NA,MTBLS11904,Up in PD,1,FALSE,FALSE
IK_UPABQMWFWCMOFV-UHFFFAOYSA-N,N-Benzyl-2-phenylethylamine,N-Benzyl-2-phenylethylamine,UPABQMWFWCMOFV-UHFFFAOYSA-N,C15H17N,1,1,1,0,0.021991164,0.021991164,0.021991164,NA,MTBLS11904,Up in PD,1,FALSE,FALSE
IK_IWSYJJNDWNKMJD-WFPKBTJNSA-N,"SM(d18:2(4E,14Z)/TXB2)","SM(d18:2(4E,14Z)/TXB2)",IWSYJJNDWNKMJD-WFPKBTJNSA-N,C43H79N2O10P,1,1,1,0,0.021924725,0.021924725,0.021924725,NA,MTBLS11904,Up in PD,1,FALSE,FALSE
IK_VTSFZGCXFALJSV-FYAZAUILSA-N,PC ae C40:1,PC ae C40:1,VTSFZGCXFALJSV-FYAZAUILSA-N,C48H96NO7P,1,1,1,0,0.021859184,0.021859184,0.021859184,NA,34577635,Up in PD,1,FALSE,FALSE
IK_JWYOAMOZLZXDER-UHNVWZDZSA-N,"(1r,2s)-2-Aminocyclopentanecarboxylic acid","(1r,2s)-2-Aminocyclopentanecarboxylic acid",JWYOAMOZLZXDER-UHNVWZDZSA-N,C6H11NO2,1,1,0,1,-0.021791848,-0.021791848,0.021791848,NA,MTBLS11904,Down in PD,1,FALSE,FALSE
IK_DDCYKEYDTGCKAS-SKSHMZPZSA-N,10-HDoHE,10-HDoHE,DDCYKEYDTGCKAS-SKSHMZPZSA-N,C22H32O3,1,1,1,0,0.021775239,0.021775239,0.021775239,NA,MTBLS11904,Up in PD,1,FALSE,FALSE
IK_SYRVWXFZYGDVTF-UHFFFAOYSA-N,"(1beta,2beta,5beta)-p-Menth-3-ene-1,2,5-triol","(1beta,2beta,5beta)-p-Menth-3-ene-1,2,5-triol",SYRVWXFZYGDVTF-UHFFFAOYSA-N,C10H18O3,1,1,0,1,-0.02169219,-0.02169219,0.02169219,NA,MTBLS11904,Down in PD,1,FALSE,FALSE
IK_CYYZDBDROVLTJU-UHFFFAOYSA-N,4-Butylphenol,4-Butylphenol,CYYZDBDROVLTJU-UHFFFAOYSA-N,C10H14O,1,1,1,0,0.021526094,0.021526094,0.021526094,NA,MTBLS11904,Up in PD,1,FALSE,FALSE
IK_BUHZTPLXMFRPCK-CKCUUXPSSA-N,Crepidiaside B,Crepidiaside B,BUHZTPLXMFRPCK-CKCUUXPSSA-N,C21H28O9,1,1,1,0,0.021293559,0.021293559,0.021293559,NA,MTBLS11904,Up in PD,1,FALSE,FALSE
IK_VLDVBZICYBVQHB-IUCAKERBSA-N,Histidylvaline,Histidylvaline,VLDVBZICYBVQHB-IUCAKERBSA-N,C11H18N4O3,1,1,1,0,0.021127463,0.021127463,0.021127463,NA,MTBLS11904,Up in PD,1,FALSE,FALSE
IK_UADPGHINQMWEAG-FROQITRMSA-N,"(S,E)-2-(5-Hydroxy-8,9-dihydro-5H-benzo[7]annulen-6(7H)-ylidene)acetic acid","(S,E)-2-(5-Hydroxy-8,9-dihydro-5H-benzo[7]annulen-6(7H)-ylidene)acetic acid",UADPGHINQMWEAG-FROQITRMSA-N,C13H14O3,1,1,0,1,-0.020861708,-0.020861708,0.020861708,NA,MTBLS11904,Down in PD,1,FALSE,FALSE
IK_ZUXGPPMNMKSOEO-LFYBBSHMSA-N,Merodesmosine,Merodesmosine,ZUXGPPMNMKSOEO-LFYBBSHMSA-N,C18H34N4O6,1,1,1,0,0.020861708,0.020861708,0.020861708,NA,MTBLS11904,Up in PD,1,FALSE,FALSE
IK_HSUNTEFOMSKZCT-UHFFFAOYSA-N,Deoxycholylhistidine,Deoxycholylhistidine,HSUNTEFOMSKZCT-UHFFFAOYSA-N,C30H47N3O5,1,1,1,0,0.020695612,0.020695612,0.020695612,NA,MTBLS11904,Up in PD,1,FALSE,FALSE
IK_CGJRRBRZLXHAHM-PCDBCJAOSA-N,"PS(15:0/18:2(9Z,11E)+=O(13))","PS(15:0/18:2(9Z,11E)+=O(13))",CGJRRBRZLXHAHM-PCDBCJAOSA-N,C39H70NO11P,1,1,1,0,0.020629173,0.020629173,0.020629173,NA,MTBLS11904,Up in PD,1,FALSE,FALSE
IK_JXQFDWGMBSZKSE-LPCYUWLXSA-N,SM(d18:1/6 keto-PGF1alpha),SM(d18:1/6 keto-PGF1alpha),JXQFDWGMBSZKSE-LPCYUWLXSA-N,C43H81N2O10P,1,1,0,1,-0.020629173,-0.020629173,0.020629173,NA,MTBLS11904,Down in PD,1,FALSE,FALSE
IK_HNGIZKAMDMBRKJ-LBPRGKRZSA-N,ACETYLTRYPTOPHANAMIDE,ACETYLTRYPTOPHANAMIDE,HNGIZKAMDMBRKJ-LBPRGKRZSA-N,C13H15N3O2,1,1,0,1,-0.020595954,-0.020595954,0.020595954,NA,MTBLS11904,Down in PD,1,FALSE,FALSE
IK_MYEJFUXQJGHEQK-ALRJYLEOSA-N,Proscillaridin,Proscillaridin,MYEJFUXQJGHEQK-ALRJYLEOSA-N,C30H42O8,1,1,0,1,-0.020595954,-0.020595954,0.020595954,NA,MTBLS11904,Down in PD,1,FALSE,FALSE
IK_AFWVBXLXFDAISA-GPRPIQDKSA-N,Eriojaposide B,Eriojaposide B,AFWVBXLXFDAISA-GPRPIQDKSA-N,C25H40O11,1,1,1,0,0.020496296,0.020496296,0.020496296,NA,MTBLS11904,Up in PD,1,FALSE,FALSE
IK_CYIDZMCFTVVTJO-UHFFFAOYSA-N,PYROMELLITIC ACID,PYROMELLITIC ACID,CYIDZMCFTVVTJO-UHFFFAOYSA-N,C10H6O8,1,1,0,1,-0.020496296,-0.020496296,0.020496296,NA,MTBLS11904,Down in PD,1,FALSE,FALSE
IK_NITMRIAAAKECLS-IZZDOVSWSA-N,Furapyrimidone,Furapyrimidone,NITMRIAAAKECLS-IZZDOVSWSA-N,C9H10N4O4,1,1,0,1,-0.020463077,-0.020463077,0.020463077,NA,MTBLS11904,Down in PD,1,FALSE,FALSE
IK_DYENWMUXSKPFLC-UHFFFAOYSA-N,"(3beta,22R,23R,24S)-3,22,23-Trihydroxystigmastan-6-one","(3beta,22R,23R,24S)-3,22,23-Trihydroxystigmastan-6-one",DYENWMUXSKPFLC-UHFFFAOYSA-N,C29H50O4,1,1,0,1,-0.020363419,-0.020363419,0.020363419,NA,MTBLS11904,Down in PD,1,FALSE,FALSE
IK_PETDNGRBYPTDNI-QSNWBFGMSA-N,5'-O-Methylmelledonal,5'-O-Methylmelledonal,PETDNGRBYPTDNI-QSNWBFGMSA-N,C24H30O8,1,1,1,0,0.020296981,0.020296981,0.020296981,NA,MTBLS11904,Up in PD,1,FALSE,FALSE
IK_RGIBXDHONMXTLI-UHFFFAOYSA-N,Chavicol,Chavicol,RGIBXDHONMXTLI-UHFFFAOYSA-N,C9H10O,1,1,1,0,0.020197323,0.020197323,0.020197323,NA,MTBLS11904,Up in PD,1,FALSE,FALSE
IK_ZZVUWRFHKOJYTH-UHFFFAOYSA-N,Diphenhydramine,Diphenhydramine,ZZVUWRFHKOJYTH-UHFFFAOYSA-N,C17H21NO,1,1,0,1,-0.020164104,-0.020164104,0.020164104,NA,MTBLS11904,Down in PD,1,FALSE,FALSE
IK_HUGUUANDTOCOMR-VYAVKELMSA-N,"PC(20:3(5Z,8Z,11Z)/PGE1)","PC(20:3(5Z,8Z,11Z)/PGE1)",HUGUUANDTOCOMR-VYAVKELMSA-N,C48H84NO11P,1,1,1,0,0.020130884,0.020130884,0.020130884,NA,MTBLS11904,Up in PD,1,FALSE,FALSE
IK_KHPXUQMNIQBQEV-UHFFFAOYSA-N,Oxaloacetate,Oxaloacetate,KHPXUQMNIQBQEV-UHFFFAOYSA-N,C4H4O5,1,1,1,0,0.020097665,0.020097665,0.020097665,NA,MTBLS11904,Up in PD,1,FALSE,FALSE
IK_NPQJTPHMCZYCNP-UHFFFAOYSA-N,Permetin A,Permetin A,NPQJTPHMCZYCNP-UHFFFAOYSA-N,C54H92N12O12,1,1,0,1,-0.019898349,-0.019898349,0.019898349,NA,MTBLS11904,Down in PD,1,FALSE,FALSE
IK_DEAFEFSHUVGNFC-UHFFFAOYSA-N,(2S)-6-Amino-2-(hexanoylamino)hexanoic Acid,(2S)-6-Amino-2-(hexanoylamino)hexanoic Acid,DEAFEFSHUVGNFC-UHFFFAOYSA-N,C12H24N2O3,1,1,0,1,-0.019765472,-0.019765472,0.019765472,NA,MTBLS11904,Down in PD,1,FALSE,FALSE
IK_NCBOXCFFSWALMZ-XTNBEGJDSA-N,Bergenin Pentaacetate,Bergenin Pentaacetate,NCBOXCFFSWALMZ-XTNBEGJDSA-N,C24H26O14,1,1,0,1,-0.019765472,-0.019765472,0.019765472,NA,MTBLS11904,Down in PD,1,FALSE,FALSE
IK_SGQOVJBGRJMVJR-UHFFFAOYSA-N,"5-Ethyl-5-phenyl-1,3-oxazolidine-2,4-dione","5-Ethyl-5-phenyl-1,3-oxazolidine-2,4-dione",SGQOVJBGRJMVJR-UHFFFAOYSA-N,C11H11NO3,1,1,0,1,-0.019732253,-0.019732253,0.019732253,NA,MTBLS11904,Down in PD,1,FALSE,FALSE
IK_SKXLWWDOLOXKRN-YJSWQQQJSA-N,SM(d19:1/TXB2),SM(d19:1/TXB2),SKXLWWDOLOXKRN-YJSWQQQJSA-N,C44H83N2O10P,1,1,0,1,-0.019732253,-0.019732253,0.019732253,NA,MTBLS11904,Down in PD,1,FALSE,FALSE
IK_SQMGCPHFHQGPIF-JIOYIOPFSA-N,Aconine,Aconine,SQMGCPHFHQGPIF-JIOYIOPFSA-N,C25H41NO9,1,1,1,0,0.019699034,0.019699034,0.019699034,NA,MTBLS11904,Up in PD,1,FALSE,FALSE
IK_GWENQMVPLJAMAE-UHFFFAOYSA-N,2-Keto-6-aminocaproate,2-Keto-6-aminocaproate,GWENQMVPLJAMAE-UHFFFAOYSA-N,C6H11NO3,1,1,0,1,-0.019532937,-0.019532937,0.019532937,NA,MTBLS11904,Down in PD,1,FALSE,FALSE
IK_YYVUMXYSCXRWIL-UHFFFAOYSA-N,Cyclostenol,Cyclostenol,YYVUMXYSCXRWIL-UHFFFAOYSA-N,C28H48O2,1,1,0,1,-0.019499718,-0.019499718,0.019499718,NA,MTBLS11904,Down in PD,1,FALSE,FALSE
IK_PYZZIILDSAJNLZ-QZNPSGCDSA-N,Melibiitol,Melibiitol,PYZZIILDSAJNLZ-QZNPSGCDSA-N,C12H24O11,1,1,1,0,0.019267183,0.019267183,0.019267183,NA,MTBLS11904,Up in PD,1,FALSE,FALSE
IK_ADUKCCWBEDSMEB-NSHDSACASA-N,Prenalterol,Prenalterol,ADUKCCWBEDSMEB-NSHDSACASA-N,C12H19NO3,1,1,1,0,0.018702455,0.018702455,0.018702455,NA,MTBLS11904,Up in PD,1,FALSE,FALSE
IK_PHBYJTASVSXTSS-QKMQXXATSA-N,"PC(2:0/22:6(5Z,8E,10Z,13Z,15E,19Z)-2OH(7S, 17S))","PC(2:0/22:6(5Z,8E,10Z,13Z,15E,19Z)-2OH(7S, 17S))",PHBYJTASVSXTSS-QKMQXXATSA-N,C32H52NO10P,1,1,1,0,0.018669236,0.018669236,0.018669236,NA,MTBLS11904,Up in PD,1,FALSE,FALSE
IK_OLVZVPBWPSBRNF-UHFFFAOYSA-N,(+/-)-2-(2-Methylpropyl)thiazolidine,(+/-)-2-(2-Methylpropyl)thiazolidine,OLVZVPBWPSBRNF-UHFFFAOYSA-N,C7H15NS,1,1,1,0,0.018602797,0.018602797,0.018602797,NA,MTBLS11904,Up in PD,1,FALSE,FALSE
IK_BQJRUJTZSGYBEZ-YVQNUNKESA-N,"Phorbol-12,13-dibutyrate","Phorbol-12,13-dibutyrate",BQJRUJTZSGYBEZ-YVQNUNKESA-N,C28H40O8,1,1,1,0,0.018536359,0.018536359,0.018536359,NA,MTBLS11904,Up in PD,1,FALSE,FALSE
IK_QCYVUUAIJUUUPI-BBVRLYRLSA-N,7-Hydroxy-6-methyl-8-ribityl lumazine,7-Hydroxy-6-methyl-8-ribityl lumazine,QCYVUUAIJUUUPI-BBVRLYRLSA-N,C12H16N4O7,1,1,1,0,0.018370262,0.018370262,0.018370262,NA,MTBLS11904,Up in PD,1,FALSE,FALSE
IK_QNGQIURXCUHNAT-UHFFFAOYSA-N,Eucarvone,Eucarvone,QNGQIURXCUHNAT-UHFFFAOYSA-N,C10H14O,1,1,1,0,0.018270605,0.018270605,0.018270605,NA,MTBLS11904,Up in PD,1,FALSE,FALSE
IK_UXDIXFDKSPCUIX-AXFHLTTASA-N,Cnidilide,Cnidilide,UXDIXFDKSPCUIX-AXFHLTTASA-N,C12H18O2,1,1,1,0,0.018237385,0.018237385,0.018237385,NA,MTBLS11904,Up in PD,1,FALSE,FALSE
IK_YKRGDOXKVOZESV-WRJNSLSBSA-N,Paeoniflorin,Paeoniflorin,YKRGDOXKVOZESV-WRJNSLSBSA-N,C23H28O11,1,1,1,0,0.018204166,0.018204166,0.018204166,NA,MTBLS11904,Up in PD,1,FALSE,FALSE
IK_UGCOPUIBNABIEP-UHFFFAOYSA-N,2-Ethylsulfanyl-1H-benzoimidazole,2-Ethylsulfanyl-1H-benzoimidazole,UGCOPUIBNABIEP-UHFFFAOYSA-N,C9H10N2S,1,1,1,0,0.018170947,0.018170947,0.018170947,NA,MTBLS11904,Up in PD,1,FALSE,FALSE
IK_BJBUEDPLEOHJGE-BKLSDQPFSA-N,3-Hydroxy-L-proline,3-Hydroxy-L-proline,BJBUEDPLEOHJGE-BKLSDQPFSA-N,C5H9NO3,1,1,0,1,-0.018137727,-0.018137727,0.018137727,NA,MTBLS11904,Down in PD,1,FALSE,FALSE
IK_GYJSAWZGYQXRBS-GRJZKGIBSA-N,"3beta,7alpha-Dihydroxy-5-cholestenoate","3beta,7alpha-Dihydroxy-5-cholestenoate",GYJSAWZGYQXRBS-GRJZKGIBSA-N,C27H44O4,1,1,1,0,0.017971631,0.017971631,0.017971631,NA,MTBLS11904,Up in PD,1,FALSE,FALSE
IK_WJSAFQZKYVRPGM-PABFRNLHSA-N,16-B1-phytoprostane,16-B1-phytoprostane,WJSAFQZKYVRPGM-PABFRNLHSA-N,C18H28O4,1,1,0,1,-0.017938412,-0.017938412,0.017938412,NA,MTBLS11904,Down in PD,1,FALSE,FALSE
IK_CAWXEEYDBZRFPE-UHFFFAOYSA-N,Hexazinone,Hexazinone,CAWXEEYDBZRFPE-UHFFFAOYSA-N,C12H20N4O2,1,1,1,0,0.017772315,0.017772315,0.017772315,NA,MTBLS11904,Up in PD,1,FALSE,FALSE
IK_YNXICDMQCQPQEW-UHFFFAOYSA-N,1-Naphthyl phosphate,1-Naphthyl phosphate,YNXICDMQCQPQEW-UHFFFAOYSA-N,C10H9O4P,1,1,0,1,-0.017705877,-0.017705877,0.017705877,NA,MTBLS11904,Down in PD,1,FALSE,FALSE
IK_HASACTZYOHWROP-UHFFFAOYSA-N,"10-Hydroxy-2-oxabicyclo[6.2.2]dodeca-1(10),8,11-trien-3-one","10-Hydroxy-2-oxabicyclo[6.2.2]dodeca-1(10),8,11-trien-3-one",HASACTZYOHWROP-UHFFFAOYSA-N,C11H12O3,1,1,0,1,-0.017672657,-0.017672657,0.017672657,NA,MTBLS11904,Down in PD,1,FALSE,FALSE
IK_PVKSNHVPLWYQGJ-CPTYKQRNSA-N,Phosphoaminophosphonic acid-adenylate ester,Phosphoaminophosphonic acid-adenylate ester,PVKSNHVPLWYQGJ-CPTYKQRNSA-N,C10H17N6O12P3,1,1,0,1,-0.017506561,-0.017506561,0.017506561,NA,MTBLS11904,Down in PD,1,FALSE,FALSE
IK_PTOJXIKSKSASRB-UHFFFAOYSA-O,Candicine,Candicine,PTOJXIKSKSASRB-UHFFFAOYSA-O,C11H18NO+,1,1,1,0,0.017207588,0.017207588,0.017207588,NA,MTBLS11904,Up in PD,1,FALSE,FALSE
IK_OTKJDMGTUTTYMP-QZTJIDSGSA-N,"(2R,3R)-2-Aminooctadecane-1,3-diol","(2R,3R)-2-Aminooctadecane-1,3-diol",OTKJDMGTUTTYMP-QZTJIDSGSA-N,C18H39NO2,1,1,1,0,0.01707471,0.01707471,0.01707471,NA,MTBLS11904,Up in PD,1,FALSE,FALSE
IK_MJEQLGCFPLHMNV-UHFFFAOYSA-N,Hydroxymethylcytosine,Hydroxymethylcytosine,MJEQLGCFPLHMNV-UHFFFAOYSA-N,C5H7N3O2,1,1,0,1,-0.017008272,-0.017008272,0.017008272,NA,MTBLS11904,Down in PD,1,FALSE,FALSE
IK_OEBGQVIRXPDBGY-UHFFFAOYSA-N,"(1a,5b,6a)-7-Protoilludene-1,5,6,14-tetrol 14-(2,4-dihydroxy-6-methylbenzoic acid)","(1a,5b,6a)-7-Protoilludene-1,5,6,14-tetrol 14-(2,4-dihydroxy-6-methylbenzoic acid)",OEBGQVIRXPDBGY-UHFFFAOYSA-N,C23H30O7,1,1,0,1,-0.016842175,-0.016842175,0.016842175,NA,MTBLS11904,Down in PD,1,FALSE,FALSE
IK_ZHZKWZJLUNXOSN-LOCIZFEWSA-N,3-epi-6-deoxocathasterone,3-epi-6-deoxocathasterone,ZHZKWZJLUNXOSN-LOCIZFEWSA-N,C28H50O2,1,1,1,0,0.016709298,0.016709298,0.016709298,NA,MTBLS11904,Up in PD,1,FALSE,FALSE
NO_INCHIKEY__16 23 24 25 tetrahydroxydammar 13 17 en 3 one,"16,23,24,25-Tetrahydroxydammar-13(17)-en-3-one","16,23,24,25-Tetrahydroxydammar-13(17)-en-3-one",NA,NA,1,1,0,1,-0.016310667,-0.016310667,0.016310667,NA,MTBLS11904,Down in PD,1,FALSE,FALSE
IK_SKBCVUCDJRKPAH-RTXFEEFZSA-N,"2,2,6,7-Tetramethylbicyclo[4.3.0]nona-1(9),4-diene-7,8-diol","2,2,6,7-Tetramethylbicyclo[4.3.0]nona-1(9),4-diene-7,8-diol",SKBCVUCDJRKPAH-RTXFEEFZSA-N,C13H20O2,1,1,0,1,-0.016277448,-0.016277448,0.016277448,NA,MTBLS11904,Down in PD,1,FALSE,FALSE
IK_QNLZRVLANLZEAS-FRJJSQGGSA-N,"PS(18:1(12Z)-2OH(9,10)/22:0)","PS(18:1(12Z)-2OH(9,10)/22:0)",QNLZRVLANLZEAS-FRJJSQGGSA-N,C46H88NO12P,1,1,0,1,-0.016244228,-0.016244228,0.016244228,NA,MTBLS11904,Down in PD,1,FALSE,FALSE
IK_BGJPRBZZLWCLJW-AWCRTANDSA-N,"N,N-Diallyl-tyrosyl-alpha-aminoisobutyric acid-phenylalanyl-leucine","N,N-Diallyl-tyrosyl-alpha-aminoisobutyric acid-phenylalanyl-leucine",BGJPRBZZLWCLJW-AWCRTANDSA-N,C34H46N4O6,1,1,1,0,0.016011693,0.016011693,0.016011693,NA,MTBLS11904,Up in PD,1,FALSE,FALSE
IK_HCJXCECWFHKWJZ-PVXQIPPMSA-N,PS(15:0/22:0),PS(15:0/22:0),HCJXCECWFHKWJZ-PVXQIPPMSA-N,C43H84NO10P,1,1,1,0,0.016011693,0.016011693,0.016011693,NA,MTBLS11904,Up in PD,1,FALSE,FALSE
IK_XZTYGFHCIAKPGJ-UHFFFAOYSA-N,Meclofenoxate,Meclofenoxate,XZTYGFHCIAKPGJ-UHFFFAOYSA-N,C12H16ClNO3,1,1,0,1,-0.016011693,-0.016011693,0.016011693,NA,MTBLS11904,Down in PD,1,FALSE,FALSE
IK_KRHHFPJGGBLAAH-MYBCZMNMSA-N,Physagulin D,Physagulin D,KRHHFPJGGBLAAH-MYBCZMNMSA-N,C34H52O10,1,1,1,0,0.015945255,0.015945255,0.015945255,NA,MTBLS11904,Up in PD,1,FALSE,FALSE
IK_GFFGJBXGBJISGV-UHFFFAOYSA-N,Adenine,Adenine,GFFGJBXGBJISGV-UHFFFAOYSA-N,C5H5N5,1,1,1,0,0.015845597,0.015845597,0.015845597,NA,MTBLS11904,Up in PD,1,FALSE,FALSE
IK_KXGVEGMKQFWNSR-WFTUMUMQSA-N,Allodeoxycholic acid,Allodeoxycholic acid,KXGVEGMKQFWNSR-WFTUMUMQSA-N,C24H40O4,1,1,1,0,0.015779158,0.015779158,0.015779158,NA,MTBLS11904,Up in PD,1,FALSE,FALSE
IK_LGZSMXJRMTYABD-MDZDMXLPSA-N,[8]-Shogaol,[8]-Shogaol,LGZSMXJRMTYABD-MDZDMXLPSA-N,C19H28O3,1,1,0,1,-0.015779158,-0.015779158,0.015779158,NA,MTBLS11904,Down in PD,1,FALSE,FALSE
IK_HSQVHYANHDSFFI-UHFFFAOYSA-N,"2',3-Dimethyl-4-aminobiphenyl","2',3-Dimethyl-4-aminobiphenyl",HSQVHYANHDSFFI-UHFFFAOYSA-N,C14H15N,1,1,1,0,0.01571272,0.01571272,0.01571272,NA,MTBLS11904,Up in PD,1,FALSE,FALSE
IK_DHSUYTOATWAVLW-WFVMDLQDSA-N,Cilastatin,Cilastatin,DHSUYTOATWAVLW-WFVMDLQDSA-N,C16H26N2O5S,1,1,1,0,0.015679501,0.015679501,0.015679501,NA,MTBLS11904,Up in PD,1,FALSE,FALSE
IK_CXKKSSKKIOZUNR-ZLUOBGJFSA-N,Lichenin,Lichenin,CXKKSSKKIOZUNR-ZLUOBGJFSA-N,C6H10O5,1,1,0,1,-0.015513404,-0.015513404,0.015513404,NA,MTBLS11904,Down in PD,1,FALSE,FALSE
IK_OYPPJMLKAYYWHH-NXJDUNGTSA-N,Thromboxane B3,Thromboxane B3 | TXB3,OYPPJMLKAYYWHH-NXJDUNGTSA-N,C20H32O6,1,1,1,0,0.015446966,0.015446966,0.015446966,NA,MTBLS11904,Up in PD,1,FALSE,FALSE
NO_INCHIKEY__mg 10 0 0 0 0 0,MG(10:0/0:0/0:0),MG(10:0/0:0/0:0),NA,NA,1,1,1,0,0.015380527,0.015380527,0.015380527,NA,MTBLS11904,Up in PD,1,FALSE,FALSE
IK_OKRJGUKZYSEUOY-UHFFFAOYSA-N,Butylisopropylamine,Butylisopropylamine,OKRJGUKZYSEUOY-UHFFFAOYSA-N,C7H17N,1,1,1,0,0.015015115,0.015015115,0.015015115,NA,MTBLS11904,Up in PD,1,FALSE,FALSE
IK_AXRIHSJZHOTGAE-ATZCPNFKSA-N,Senkyunolide N,Senkyunolide N,AXRIHSJZHOTGAE-ATZCPNFKSA-N,C12H18O4,1,1,0,1,-0.014882238,-0.014882238,0.014882238,NA,MTBLS11904,Down in PD,1,FALSE,FALSE
IK_UCMIRNVEIXFBKS-UHFFFAOYSA-N,Beta-alanine,Beta-alanine,UCMIRNVEIXFBKS-UHFFFAOYSA-N,C3H7NO2,1,1,1,0,0.014816596,0.014816596,0.014816596,NA,ST001814,Up in PD,1,FALSE,FALSE
IK_QPRBHGIRKWZUFJ-PPMYXAGCSA-N,Amafolone,Amafolone,QPRBHGIRKWZUFJ-PPMYXAGCSA-N,C19H31NO2,1,1,0,1,-0.014815799,-0.014815799,0.014815799,NA,MTBLS11904,Down in PD,1,FALSE,FALSE
IK_MRRFMOUCAPXWJC-SSCJOAGESA-N,"PC(18:1(11Z)/18:3(6Z,9Z,12Z))","PC(18:1(11Z)/18:3(6Z,9Z,12Z))",MRRFMOUCAPXWJC-SSCJOAGESA-N,C44H80NO8P,1,1,1,0,0.014716141,0.014716141,0.014716141,NA,MTBLS11904,Up in PD,1,FALSE,FALSE
IK_SCNLFUNUYBVROO-JNDMGLSPSA-N,"DG(i-13:0/18:3(9,11,15)-OH(13)/0:0)","DG(i-13:0/18:3(9,11,15)-OH(13)/0:0)",SCNLFUNUYBVROO-JNDMGLSPSA-N,C34H60O6,1,1,1,0,0.014383949,0.014383949,0.014383949,NA,MTBLS11904,Up in PD,1,FALSE,FALSE
IK_IQVQXVFMNOFTMU-FLIBITNWSA-N,Ligusticide,Ligusticide,IQVQXVFMNOFTMU-FLIBITNWSA-N,C12H14O2,1,1,1,0,0.014118194,0.014118194,0.014118194,NA,MTBLS11904,Up in PD,1,FALSE,FALSE
IK_BJRNKVDFDLYUGJ-RMPHRYRLSA-N,Arbutin,Arbutin,BJRNKVDFDLYUGJ-RMPHRYRLSA-N,C12H16O7,1,1,0,1,-0.014018537,-0.014018537,0.014018537,NA,MTBLS11904,Down in PD,1,FALSE,FALSE
IK_DGMPVYSXXIOGJY-UHFFFAOYSA-N,Fusaric Acid,Fusaric Acid,DGMPVYSXXIOGJY-UHFFFAOYSA-N,C10H13NO2,1,1,0,1,-0.013918879,-0.013918879,0.013918879,NA,MTBLS11904,Down in PD,1,FALSE,FALSE
IK_CFTUMAOURLALGM-UHFFFAOYSA-N,7-Hydroxyoctanoylcarnitine,7-Hydroxyoctanoylcarnitine,CFTUMAOURLALGM-UHFFFAOYSA-N,C15H29NO5,1,1,0,1,-0.013520247,-0.013520247,0.013520247,NA,MTBLS11904,Down in PD,1,FALSE,FALSE
IK_VUWCGGOBVYCOMA-UHFFFAOYSA-N,"3,9-Dimethyl-6-(1-methylethyl)-1,4-dioxaspiro[4.5]decan-2-one","3,9-Dimethyl-6-(1-methylethyl)-1,4-dioxaspiro[4.5]decan-2-one",VUWCGGOBVYCOMA-UHFFFAOYSA-N,C13H22O3,1,1,1,0,0.013520247,0.013520247,0.013520247,NA,MTBLS11904,Up in PD,1,FALSE,FALSE
IK_WKMBZTIVAJAWBA-UHFFFAOYSA-N,"(R)-1-O-[b-D-Apiofuranosyl-(1->2)-b-D-glucopyranoside]-1,3-octanediol","(R)-1-O-[b-D-Apiofuranosyl-(1->2)-b-D-glucopyranoside]-1,3-octanediol",WKMBZTIVAJAWBA-UHFFFAOYSA-N,C21H40O9,1,1,1,0,0.013387370000000001,0.013387370000000001,0.013387370000000001,NA,MTBLS11904,Up in PD,1,FALSE,FALSE
IK_XOEUHCONYHZURQ-HNUBZJOYSA-N,Flurithromycin,Flurithromycin,XOEUHCONYHZURQ-HNUBZJOYSA-N,C37H66FNO13,1,1,1,0,0.013387370000000001,0.013387370000000001,0.013387370000000001,NA,MTBLS11904,Up in PD,1,FALSE,FALSE
IK_UELBXEKQONEDKM-IRXDYDNUSA-N,"(9S,10S)-10-hydroxy-9-(phosphonooxy)octadecanoate","(9S,10S)-10-hydroxy-9-(phosphonooxy)octadecanoate",UELBXEKQONEDKM-IRXDYDNUSA-N,C18H37O7P,1,1,0,1,-0.013287712,-0.013287712,0.013287712,NA,MTBLS11904,Down in PD,1,FALSE,FALSE
IK_ZXJIQOBYRBTOLH-UHFFFAOYSA-N,MJDBISSP00000002,MJDBISSP00000002,ZXJIQOBYRBTOLH-UHFFFAOYSA-N,C7H10ClNO2,1,1,1,0,0.013221274,0.013221274,0.013221274,NA,MTBLS11904,Up in PD,1,FALSE,FALSE
IK_ULHWZNASVJIOEM-ZETCQYMHSA-N,S-Prenyl-L-cysteine,S-Prenyl-L-cysteine | Prenylcysteine,ULHWZNASVJIOEM-ZETCQYMHSA-N,C8H15NO2S,1,1,0,1,-0.013188055,-0.013188055,0.013188055,NA,MTBLS11904,Down in PD,1,FALSE,FALSE
IK_JYLWKPPSBSYYNP-YMGFZKSCSA-N,"DG(18:3(10,12,15)-OH(9)/0:0/i-13:0)","DG(18:3(10,12,15)-OH(9)/0:0/i-13:0)",JYLWKPPSBSYYNP-YMGFZKSCSA-N,C34H60O6,1,1,0,1,-0.013088397,-0.013088397,0.013088397,NA,MTBLS11904,Down in PD,1,FALSE,FALSE
IK_JVZRCNQLWOELDU-UHFFFAOYSA-N,4-Phenylpyridine,4-Phenylpyridine,JVZRCNQLWOELDU-UHFFFAOYSA-N,C11H9N,1,1,0,1,-0.01295552,-0.01295552,0.01295552,NA,MTBLS11904,Down in PD,1,FALSE,FALSE
IK_CGIURIOFMWUPSV-RUQPETGGSA-N,Tetrahydroaldosterone-3-glucuronide,Tetrahydroaldosterone-3-glucuronide,CGIURIOFMWUPSV-RUQPETGGSA-N,C27H40O11,1,1,0,1,-0.0129223,-0.0129223,0.0129223,NA,MTBLS11904,Down in PD,1,FALSE,FALSE
IK_JXNRXNCCROJZFB-RYUDHWBXSA-N,Kyotorphin,Kyotorphin,JXNRXNCCROJZFB-RYUDHWBXSA-N,C15H23N5O4,1,1,0,1,-0.012424011,-0.012424011,0.012424011,NA,MTBLS11904,Down in PD,1,FALSE,FALSE
IK_JQVDAXLFBXTEQA-UHFFFAOYSA-N,Dibutylamine,Dibutylamine,JQVDAXLFBXTEQA-UHFFFAOYSA-N,C8H19N,1,1,1,0,0.012357573,0.012357573,0.012357573,NA,MTBLS11904,Up in PD,1,FALSE,FALSE
IK_AJSJFDUIZFXAQY-UHFFFAOYSA-N,Malathion monocarboxylic acid,Malathion monocarboxylic acid,AJSJFDUIZFXAQY-UHFFFAOYSA-N,C8H15O6PS2,1,1,1,0,0.012324353,0.012324353,0.012324353,NA,MTBLS11904,Up in PD,1,FALSE,FALSE
IK_MDDUIRLQCYVRDO-NHCYSSNCSA-N,Lys Val Asn,Lys Val Asn,MDDUIRLQCYVRDO-NHCYSSNCSA-N,C15H29N5O5,1,1,1,0,0.012324353,0.012324353,0.012324353,NA,MTBLS11904,Up in PD,1,FALSE,FALSE
IK_KQBKJSVYIBRYNQ-KKMFPEKASA-N,Tangeraxanthin,Tangeraxanthin,KQBKJSVYIBRYNQ-KKMFPEKASA-N,C34H44O2,1,1,0,1,-0.012158257,-0.012158257,0.012158257,NA,MTBLS11904,Down in PD,1,FALSE,FALSE
IK_QBYUNVOYXHFVKC-GBURMNQMSA-N,Lithocholyltaurine,Lithocholyltaurine | Taurolithocholic acid,QBYUNVOYXHFVKC-GBURMNQMSA-N,C26H45NO5S,1,1,0,1,-0.012091818,-0.012091818,0.012091818,NA,MTBLS11904,Down in PD,1,FALSE,FALSE
IK_ZGKDAEWLTNBSEJ-GHMZBOCLSA-N,"Cyclopropyl-[(3S,4S)-3-(dimethylamino)-4-(hydroxymethyl)piperidin-1-yl]methanone","Cyclopropyl-[(3S,4S)-3-(dimethylamino)-4-(hydroxymethyl)piperidin-1-yl]methanone",ZGKDAEWLTNBSEJ-GHMZBOCLSA-N,C12H22N2O2,1,1,1,0,0.012091818,0.012091818,0.012091818,NA,MTBLS11904,Up in PD,1,FALSE,FALSE
IK_ALTAAUJNHYWOGS-UHFFFAOYSA-N,Trans-4-Hydroxycyclohexylacetic acid,Trans-4-Hydroxycyclohexylacetic acid,ALTAAUJNHYWOGS-UHFFFAOYSA-N,C8H14O3,1,1,1,0,0.011958941,0.011958941,0.011958941,NA,MTBLS11904,Up in PD,1,FALSE,FALSE
IK_KVMOASQARMCFEX-OBEJFMRTSA-N,PE(16:1(9Z)/P-18:1(9Z)),PE(16:1(9Z)/P-18:1(9Z)),KVMOASQARMCFEX-OBEJFMRTSA-N,C39H74NO7P,1,1,0,1,-0.011958941,-0.011958941,0.011958941,NA,MTBLS11904,Down in PD,1,FALSE,FALSE
IK_VMJGIIURAHPLEX-AVQMFFATSA-N,N-Linoleoyl Tryptophan,N-Linoleoyl Tryptophan,VMJGIIURAHPLEX-AVQMFFATSA-N,C29H42N2O3,1,1,1,0,0.011826064,0.011826064,0.011826064,NA,MTBLS11904,Up in PD,1,FALSE,FALSE
IK_JPQGSGTYJWWXTH-UHFFFAOYSA-N,"3,3-Bis(carboxymethyl)hexadecanedioic acid","3,3-Bis(carboxymethyl)hexadecanedioic acid",JPQGSGTYJWWXTH-UHFFFAOYSA-N,C20H34O8,1,1,1,0,0.011759625,0.011759625,0.011759625,NA,MTBLS11904,Up in PD,1,FALSE,FALSE
IK_YJAJDSAILYGJQK-AATRIKPKSA-N,2-Hydroxyhept-5-enoylcarnitine,2-Hydroxyhept-5-enoylcarnitine,YJAJDSAILYGJQK-AATRIKPKSA-N,C14H25NO5,1,1,0,1,-0.01156031,-0.01156031,0.01156031,NA,MTBLS11904,Down in PD,1,FALSE,FALSE
IK_YYIXZLMPKIFFGQ-ONNNWOQGSA-N,12(S)-HETrE,12(S)-HETrE,YYIXZLMPKIFFGQ-ONNNWOQGSA-N,C20H34O3,1,1,0,1,-0.011460652,-0.011460652,0.011460652,NA,MTBLS11904,Down in PD,1,FALSE,FALSE
IK_HZCBCWUIZCCMEB-HUSZLGJPSA-N,Polypodine B,Polypodine B,HZCBCWUIZCCMEB-HUSZLGJPSA-N,C27H44O8,1,1,1,0,0.011394213,0.011394213,0.011394213,NA,MTBLS11904,Up in PD,1,FALSE,FALSE
IK_SZQQHKQCCBDXCG-BAHYSTIISA-N,Hexadecatrienoic acid,Hexadecatrienoic acid,SZQQHKQCCBDXCG-BAHYSTIISA-N,C16H26O2,1,1,1,0,0.011394213,0.011394213,0.011394213,NA,MTBLS11904,Up in PD,1,FALSE,FALSE
IK_RKDOXCGYGLYOBV-BNFZFUHLSA-N,"Propyl 2,4-decadienoate","Propyl 2,4-decadienoate",RKDOXCGYGLYOBV-BNFZFUHLSA-N,C13H22O2,1,1,0,1,-0.011360994,-0.011360994,0.011360994,NA,MTBLS11904,Down in PD,1,FALSE,FALSE
IK_RSAHICAPUYTWHW-UHFFFAOYSA-N,Hexahydrocurcumin,Hexahydrocurcumin,RSAHICAPUYTWHW-UHFFFAOYSA-N,C21H26O6,1,1,0,1,-0.011228117,-0.011228117,0.011228117,NA,MTBLS11904,Down in PD,1,FALSE,FALSE
IK_MRUAUOIMASANKQ-UHFFFAOYSA-N,Cocamidopropyl Betaine,Cocamidopropyl Betaine,MRUAUOIMASANKQ-UHFFFAOYSA-N,C19H38N2O3,1,1,1,0,0.011194898,0.011194898,0.011194898,NA,MTBLS11904,Up in PD,1,FALSE,FALSE
IK_YYELLDKEOUKVIQ-UHFFFAOYSA-N,Octaethyleneglycol monododecyl ether,Octaethyleneglycol monododecyl ether | Octaethyle1lycol monododecyl ether,YYELLDKEOUKVIQ-UHFFFAOYSA-N,C28H58O9,1,1,1,0,0.011128459,0.011128459,0.011128459,NA,MTBLS11904,Up in PD,1,FALSE,FALSE
IK_SFLDCCXGUXPHRG-VKXIRHRZSA-N,"PG(20:4(5Z,8Z,11Z,14Z)/18:0)","PG(20:4(5Z,8Z,11Z,14Z)/18:0)",SFLDCCXGUXPHRG-VKXIRHRZSA-N,C44H79O10P,1,1,1,0,0.01109524,0.01109524,0.01109524,NA,MTBLS11904,Up in PD,1,FALSE,FALSE
IK_GNQHFHGLDGEOOU-ZIJFCRNMSA-N,Desoxycortisone acetate,Desoxycortisone acetate,GNQHFHGLDGEOOU-ZIJFCRNMSA-N,C23H32O6,1,1,0,1,-0.010995582,-0.010995582,0.010995582,NA,MTBLS11904,Down in PD,1,FALSE,FALSE
IK_XXEWFEBMSGLYBY-UHFFFAOYSA-N,"Ne,Ne dimethyllysine","Ne,Ne dimethyllysine | N,N-epsiloN-dimethyl-lysine",XXEWFEBMSGLYBY-UHFFFAOYSA-N,C8H18N2O2,1,1,0,1,-0.010829486,-0.010829486,0.010829486,NA,MTBLS11904,Down in PD,1,FALSE,FALSE
IK_HWGBHCRJGXAGEU-UHFFFAOYSA-N,Methylthiouracil,Methylthiouracil,HWGBHCRJGXAGEU-UHFFFAOYSA-N,C5H6N2OS,1,1,1,0,0.010763047,0.010763047,0.010763047,NA,MTBLS11904,Up in PD,1,FALSE,FALSE
IK_VHVOLFRBFDOUSH-NSCUHMNNSA-N,ISOSAFROLE,ISOSAFROLE,VHVOLFRBFDOUSH-NSCUHMNNSA-N,C10H10O2,1,1,1,0,0.010763047,0.010763047,0.010763047,NA,MTBLS11904,Up in PD,1,FALSE,FALSE
IK_ODKYYBOHSVLGNU-UHFFFAOYSA-N,Terizidone,Terizidone,ODKYYBOHSVLGNU-UHFFFAOYSA-N,C14H14N4O4,1,1,1,0,0.010729828,0.010729828,0.010729828,NA,MTBLS11904,Up in PD,1,FALSE,FALSE
IK_WGFOBBZOWHGYQH-MXHNKVEKSA-N,Lubiprostone,Lubiprostone,WGFOBBZOWHGYQH-MXHNKVEKSA-N,C20H32F2O5,1,1,1,0,0.010696608,0.010696608,0.010696608,NA,MTBLS11904,Up in PD,1,FALSE,FALSE
IK_CZKWVFPVOOTCDG-UHFFFAOYSA-N,"2,2-Dimethyl-5-hydroxy-1-pyrrolidinyloxy","2,2-Dimethyl-5-hydroxy-1-pyrrolidinyloxy",CZKWVFPVOOTCDG-UHFFFAOYSA-N,C6H12NO2,1,1,0,1,-0.010596951,-0.010596951,0.010596951,NA,MTBLS11904,Down in PD,1,FALSE,FALSE
IK_PKSATBKOULRIBB-PYCGOTNYSA-N,"PE-NMe2(22:6(4Z,7Z,10Z,13Z,16Z,19Z)/18:3(6Z,9Z,12Z))","PE-NMe2(22:6(4Z,7Z,10Z,13Z,16Z,19Z)/18:3(6Z,9Z,12Z))",PKSATBKOULRIBB-PYCGOTNYSA-N,C47H76NO8P,1,1,1,0,0.010530512,0.010530512,0.010530512,NA,MTBLS11904,Up in PD,1,FALSE,FALSE
IK_HDHQZCHIXUUSMK-UHFFFAOYSA-N,"2,4-Quinolinediol","2,4-Quinolinediol",HDHQZCHIXUUSMK-UHFFFAOYSA-N,C9H7NO2,1,1,0,1,-0.010497293,-0.010497293,0.010497293,NA,MTBLS11904,Down in PD,1,FALSE,FALSE
IK_SITLTJHOQZFJGG-XPUUQOCRSA-N,Glutamylvaline,Glutamylvaline,SITLTJHOQZFJGG-XPUUQOCRSA-N,C10H18N2O5,1,1,1,0,0.010497293,0.010497293,0.010497293,NA,MTBLS11904,Up in PD,1,FALSE,FALSE
IK_GKKWUSPPIQURFM-IGDGGSTLSA-N,Prostaglandin E2 ethanolamide,Prostaglandin E2 ethanolamide | PGE2-EA,GKKWUSPPIQURFM-IGDGGSTLSA-N,C22H37NO5,1,1,1,0,0.009999004,0.009999004,0.009999004,NA,MTBLS11904,Up in PD,1,FALSE,FALSE
IK_SXIILERIAIKHJG-UHFFFAOYSA-N,Tert-butyl N-[2-(prop-2-enamido)ethyl]carbamate,Tert-butyl N-[2-(prop-2-enamido)ethyl]carbamate,SXIILERIAIKHJG-UHFFFAOYSA-N,C10H18N2O3,1,1,0,1,-0.009899346,-0.009899346,0.009899346,NA,MTBLS11904,Down in PD,1,FALSE,FALSE
IK_CYZWCBZIBJLKCV-RMKNXTFCSA-N,Cropropamide,Cropropamide,CYZWCBZIBJLKCV-RMKNXTFCSA-N,C13H24N2O2,1,1,1,0,0.009799688,0.009799688,0.009799688,NA,MTBLS11904,Up in PD,1,FALSE,FALSE
IK_NGHVIOIJCVXTGV-ALEPSDHESA-N,6-Aminopenicillanic acid,6-Aminopenicillanic acid,NGHVIOIJCVXTGV-ALEPSDHESA-N,C8H12N2O3S,1,1,1,0,0.009766469,0.009766469,0.009766469,NA,MTBLS11904,Up in PD,1,FALSE,FALSE
IK_ODXVXZSLYPJSLI-AATRIKPKSA-N,(5E)-3-Hydroxyhept-5-enoylcarnitine,(5E)-3-Hydroxyhept-5-enoylcarnitine,ODXVXZSLYPJSLI-AATRIKPKSA-N,C14H25NO5,1,1,0,1,-0.009666811,-0.009666811,0.009666811,NA,MTBLS11904,Down in PD,1,FALSE,FALSE
IK_IMOKOCYUKGZZAG-CSMHCCOUSA-N,Valylhydroxyproline,Valylhydroxyproline,IMOKOCYUKGZZAG-CSMHCCOUSA-N,C10H18N2O4,1,1,1,0,0.009068864,0.009068864,0.009068864,NA,MTBLS11904,Up in PD,1,FALSE,FALSE
IK_QXGVRGZJILVMDF-UHFFFAOYSA-N,Tetracosanedioic acid,Tetracosanedioic acid,QXGVRGZJILVMDF-UHFFFAOYSA-N,C24H46O4,1,1,1,0,0.008703452,0.008703452,0.008703452,NA,MTBLS11904,Up in PD,1,FALSE,FALSE
IK_PMKQSEYPLQIEAY-YWNRKNDBSA-N,Phaseolic acid,Phaseolic acid,PMKQSEYPLQIEAY-YWNRKNDBSA-N,C13H12O8,1,1,0,1,-0.008637013,-0.008637013,0.008637013,NA,MTBLS11904,Down in PD,1,FALSE,FALSE
IK_FGIJQXGDQVNWKH-UHFFFAOYSA-N,Palmoxiric acid,Palmoxiric acid,FGIJQXGDQVNWKH-UHFFFAOYSA-N,C17H32O3,1,1,1,0,0.008537355,0.008537355,0.008537355,NA,MTBLS11904,Up in PD,1,FALSE,FALSE
IK_JTSDBFGMPLKDCD-XVFHVFLVSA-N,Tilmicosin,Tilmicosin,JTSDBFGMPLKDCD-XVFHVFLVSA-N,C46H80N2O13,1,1,1,0,0.008504136,0.008504136,0.008504136,NA,MTBLS11904,Up in PD,1,FALSE,FALSE
IK_LYSGIJUGUGJIPS-ONEGZZNKSA-N,Cucurbic acid,Cucurbic acid,LYSGIJUGUGJIPS-ONEGZZNKSA-N,C12H20O3,1,1,1,0,0.008238382,0.008238382,0.008238382,NA,MTBLS11904,Up in PD,1,FALSE,FALSE
IK_YYIUHLPAZILPSG-SMILAEQMSA-N,(-)-Slaframine,(-)-Slaframine,YYIUHLPAZILPSG-SMILAEQMSA-N,C10H18N2O2,1,1,1,0,0.008238382,0.008238382,0.008238382,NA,MTBLS11904,Up in PD,1,FALSE,FALSE
IK_FGYKUFVNYVMTAM-WAZJVIJMSA-N,Beta-tocotrienol,Beta-tocotrienol,FGYKUFVNYVMTAM-WAZJVIJMSA-N,C28H42O2,1,1,0,1,-0.008171943,-0.008171943,0.008171943,NA,MTBLS11904,Down in PD,1,FALSE,FALSE
IK_HLAWVOWADPNAGN-BAHZUFOISA-N,"Delta8,14-Sterol","Delta8,14-Sterol",HLAWVOWADPNAGN-BAHZUFOISA-N,C29H46O,1,1,1,0,0.008171943,0.008171943,0.008171943,NA,MTBLS11904,Up in PD,1,FALSE,FALSE
IK_CQZWLVDDIOZTJI-RYUDHWBXSA-N,Arginylphenylalaninamide,Arginylphenylalaninamide,CQZWLVDDIOZTJI-RYUDHWBXSA-N,C15H24N6O2,1,1,0,1,-0.008138724,-0.008138724,0.008138724,NA,MTBLS11904,Down in PD,1,FALSE,FALSE
IK_YJTVZHOYBAOUTO-URBBEOKESA-N,Fosteabine,Fosteabine,YJTVZHOYBAOUTO-URBBEOKESA-N,C27H50N3O8P,1,1,1,0,0.008039066,0.008039066,0.008039066,NA,MTBLS11904,Up in PD,1,FALSE,FALSE
IK_MSFSPUZXLOGKHJ-GLPGPYIRSA-N,Alpha-Muramic acid,Alpha-Muramic acid,MSFSPUZXLOGKHJ-GLPGPYIRSA-N,C9H17NO7,1,1,1,0,0.007906189,0.007906189,0.007906189,NA,MTBLS11904,Up in PD,1,FALSE,FALSE
IK_VFBPKQSATYZKRX-UHFFFAOYSA-N,Dactimicin,Dactimicin,VFBPKQSATYZKRX-UHFFFAOYSA-N,C18H36N6O6,1,1,1,0,0.00787297,0.00787297,0.00787297,NA,MTBLS11904,Up in PD,1,FALSE,FALSE
IK_ZCDKJIRLFSPIQI-QPJJXVBHSA-N,"3,7-Dimethyl-5-octene-1,7-diol 1-glucoside","3,7-Dimethyl-5-octene-1,7-diol 1-glucoside",ZCDKJIRLFSPIQI-QPJJXVBHSA-N,C16H30O7,1,1,0,1,-0.00783975,-0.00783975,0.00783975,NA,MTBLS11904,Down in PD,1,FALSE,FALSE
IK_FBJYDOQUXQMQSS-TXUJEBAWSA-N,Asparagoside B,Asparagoside B,FBJYDOQUXQMQSS-TXUJEBAWSA-N,C33H56O9,1,1,1,0,0.007740092,0.007740092,0.007740092,NA,ST003159,Up in PD,1,FALSE,FALSE
IK_YMXANTWTWUQRLJ-XGZMHBGESA-N,"PE(22:6(4Z,7Z,10Z,13Z,16Z,19Z)/24:0)","PE(22:6(4Z,7Z,10Z,13Z,16Z,19Z)/24:0)",YMXANTWTWUQRLJ-XGZMHBGESA-N,C51H90NO8P,1,1,0,1,-0.007441119,-0.007441119,0.007441119,NA,MTBLS11904,Down in PD,1,FALSE,FALSE
IK_DMAOYRIREVHKFQ-UHFFFAOYSA-N,Gossypetin 8-glucoside 3-sulfate,Gossypetin 8-glucoside 3-sulfate,DMAOYRIREVHKFQ-UHFFFAOYSA-N,C21H20O16S,1,1,1,0,0.007341461,0.007341461,0.007341461,NA,MTBLS11904,Up in PD,1,FALSE,FALSE
IK_YLJOVCWVJCDPLN-UHFFFAOYSA-N,Apomine,Apomine,YLJOVCWVJCDPLN-UHFFFAOYSA-N,C28H52O7P2,1,1,1,0,0.007341461,0.007341461,0.007341461,NA,MTBLS11904,Up in PD,1,FALSE,FALSE
IK_MFOCDFTXLCYLKU-CMPLNLGQSA-N,Phendimetrazine,Phendimetrazine,MFOCDFTXLCYLKU-CMPLNLGQSA-N,C12H17NO,1,1,1,0,0.007308242,0.007308242,0.007308242,NA,MTBLS11904,Up in PD,1,FALSE,FALSE
IK_KOGRJTUIKPMZEJ-KTKRTIGZSA-N,Oleoyltaurine,Oleoyltaurine | N-oleoyl taurine,KOGRJTUIKPMZEJ-KTKRTIGZSA-N,C20H39NO4S,1,1,1,0,0.007208584,0.007208584,0.007208584,NA,MTBLS11904,Up in PD,1,FALSE,FALSE
IK_WPMWEFXCIYCJSA-UHFFFAOYSA-N,Tetraethylene glycol monododecyl ether,Tetraethylene glycol monododecyl ether,WPMWEFXCIYCJSA-UHFFFAOYSA-N,C20H42O5,1,1,1,0,0.007075707,0.007075707,0.007075707,NA,MTBLS11904,Up in PD,1,FALSE,FALSE
IK_JQXXHWHPUNPDRT-WLSIYKJHSA-N,Rifampicin,Rifampicin,JQXXHWHPUNPDRT-WLSIYKJHSA-N,C43H58N4O12,1,1,1,0,0.007042488,0.007042488,0.007042488,NA,MTBLS11904,Up in PD,1,FALSE,FALSE
IK_LTEJTIXDTAJBOQ-JHHXISLPSA-N,"SM(d17:2(4E,8Z)/PGJ2)","SM(d17:2(4E,8Z)/PGJ2)",LTEJTIXDTAJBOQ-JHHXISLPSA-N,C42H73N2O8P,1,1,0,1,-0.007009268,-0.007009268,0.007009268,NA,MTBLS11904,Down in PD,1,FALSE,FALSE
IK_KMUIHDBETHWZBC-UHFFFAOYSA-N,"N-[2-(2,5-dimethylimidazol-1-yl)ethyl]-1-methylpyrrole-2-carboxamide","N-[2-(2,5-dimethylimidazol-1-yl)ethyl]-1-methylpyrrole-2-carboxamide",KMUIHDBETHWZBC-UHFFFAOYSA-N,C7H10N2O2,1,1,0,1,-0.006976049,-0.006976049,0.006976049,NA,MTBLS11904,Down in PD,1,FALSE,FALSE
IK_BHATUINFZWUDIX-UHFFFAOYSA-N,"N-Tetradecyl-N,N-dimethyl-3-ammonio-1-propanesulfonate","N-Tetradecyl-N,N-dimethyl-3-ammonio-1-propanesulfonate",BHATUINFZWUDIX-UHFFFAOYSA-N,C19H41NO3S,1,1,1,0,0.006743514,0.006743514,0.006743514,NA,MTBLS11904,Up in PD,1,FALSE,FALSE
IK_HHMMIZFWFLNZEU-UHFFFAOYSA-N,Desacetylmetipranolol,Desacetylmetipranolol,HHMMIZFWFLNZEU-UHFFFAOYSA-N,C15H25NO3,1,1,1,0,0.006643856,0.006643856,0.006643856,NA,MTBLS11904,Up in PD,1,FALSE,FALSE
IK_ASSAYFMXRNLTCY-UHFFFAOYSA-N,22-Acetylpriverogenin B,22-Acetylpriverogenin B,ASSAYFMXRNLTCY-UHFFFAOYSA-N,C32H52O5,1,1,1,0,0.00647776,0.00647776,0.00647776,NA,MTBLS11904,Up in PD,1,FALSE,FALSE
IK_JNTMAZFVYNDPLB-PEDHHIEDSA-N,Diprotin A,Diprotin A,JNTMAZFVYNDPLB-PEDHHIEDSA-N,C17H31N3O4,1,1,0,1,-0.006245225,-0.006245225,0.006245225,NA,MTBLS11904,Down in PD,1,FALSE,FALSE
IK_AUGHPTXZMAWCOH-XGKJNDTMSA-N,"PA(15:0/22:2(13Z,16Z))","PA(15:0/22:2(13Z,16Z))",AUGHPTXZMAWCOH-XGKJNDTMSA-N,C40H75O8P,1,1,0,1,-0.005946251,-0.005946251,0.005946251,NA,MTBLS11904,Down in PD,1,FALSE,FALSE
IK_XYWRZQQANNOTTD-UHFFFAOYSA-N,Glaucamine,Glaucamine,XYWRZQQANNOTTD-UHFFFAOYSA-N,C21H23NO6,1,1,1,0,0.005746936,0.005746936,0.005746936,NA,MTBLS11904,Up in PD,1,FALSE,FALSE
IK_BBIXOODYWPFNDT-CIUDSAMLSA-N,Isoleucylproline,Isoleucylproline,BBIXOODYWPFNDT-CIUDSAMLSA-N,C11H20N2O3,1,1,1,0,0.005647278,0.005647278,0.005647278,NA,MTBLS11904,Up in PD,1,FALSE,FALSE
IK_ZXEUFAVXODIPHC-GUBZILKMSA-N,Lys Glu Asn,Lys Glu Asn,ZXEUFAVXODIPHC-GUBZILKMSA-N,C15H27N5O7,1,1,0,1,-0.005614058,-0.005614058,0.005614058,NA,MTBLS11904,Down in PD,1,FALSE,FALSE
IK_DAFOCGYVTAOKAJ-UHFFFAOYSA-N,4-Amino-3-phenylbutanoic acid,4-Amino-3-phenylbutanoic acid,DAFOCGYVTAOKAJ-UHFFFAOYSA-N,C10H13NO2,1,1,0,1,-0.005281866,-0.005281866,0.005281866,NA,MTBLS11904,Down in PD,1,FALSE,FALSE
IK_OTDARJOVCLILGQ-FPLPWBNLSA-N,MG(0:0/18:1(11Z)/0:0),MG(0:0/18:1(11Z)/0:0),OTDARJOVCLILGQ-FPLPWBNLSA-N,C21H40O4,1,1,0,1,-0.005248646,-0.005248646,0.005248646,NA,MTBLS11904,Down in PD,1,FALSE,FALSE
IK_MTCFGRXMJLQNBG-REOHCLBHSA-N,L-Serine,L-Serine,MTCFGRXMJLQNBG-REOHCLBHSA-N,C3H7NO3,1,1,0,1,-0.005215427,-0.005215427,0.005215427,NA,MTBLS11904,Down in PD,1,FALSE,FALSE
IK_UYNVMODNBIQBMV-UHFFFAOYSA-N,Ifenprodil,Ifenprodil,UYNVMODNBIQBMV-UHFFFAOYSA-N,C21H27NO2,1,1,1,0,0.005115769,0.005115769,0.005115769,NA,MTBLS11904,Up in PD,1,FALSE,FALSE
IK_GIQXKAXWRLHLDD-VYACWCJYSA-N,Lithocholate 3-O-glucuronide,Lithocholate 3-O-glucuronide,GIQXKAXWRLHLDD-VYACWCJYSA-N,C30H48O9,1,1,0,1,-0.004816796,-0.004816796,0.004816796,NA,MTBLS11904,Down in PD,1,FALSE,FALSE
IK_FBUKVWPVBMHYJY-UHFFFAOYSA-N,Nonanoic acid,Nonanoic acid,FBUKVWPVBMHYJY-UHFFFAOYSA-N,C9H18O2,1,1,1,0,0.004771749,0.004771749,0.004771749,NA,ST001814,Up in PD,1,FALSE,FALSE
IK_YBGBNHHXOJXFNM-UQCMLMITSA-N,Lucidenic acid N,Lucidenic acid N,YBGBNHHXOJXFNM-UQCMLMITSA-N,C27H40O6,1,1,1,0,0.004717138,0.004717138,0.004717138,NA,MTBLS11904,Up in PD,1,FALSE,FALSE
IK_MVYUVUOSXNYQLL-UHFFFAOYSA-N,FAPy-adenine,FAPy-adenine,MVYUVUOSXNYQLL-UHFFFAOYSA-N,C5H7N5O,1,1,0,1,-0.004683919,-0.004683919,0.004683919,NA,MTBLS11904,Down in PD,1,FALSE,FALSE
IK_IULKWYSYZSURJK-AVGNSLFASA-N,Gln Leu Lys,Gln Leu Lys,IULKWYSYZSURJK-AVGNSLFASA-N,C17H33N5O5,1,1,1,0,0.004650699,0.004650699,0.004650699,NA,MTBLS11904,Up in PD,1,FALSE,FALSE
IK_CNJGWCQEGROXEE-UHFFFAOYSA-N,"3,5-dichlorosalicylic acid","3,5-dichlorosalicylic acid",CNJGWCQEGROXEE-UHFFFAOYSA-N,C7H4Cl2O3,1,1,1,0,0.004584261,0.004584261,0.004584261,NA,MTBLS11904,Up in PD,1,FALSE,FALSE
IK_CHQZBIVWDKADIA-GDWUOILNSA-N,N-Oleoyl Alanine,N-Oleoyl Alanine,CHQZBIVWDKADIA-GDWUOILNSA-N,C21H39NO3,1,1,1,0,0.004484603,0.004484603,0.004484603,NA,MTBLS11904,Up in PD,1,FALSE,FALSE
IK_UDSFAEKRVUSQDD-UHFFFAOYSA-N,Dimethyl adipate,Dimethyl adipate,UDSFAEKRVUSQDD-UHFFFAOYSA-N,C8H14O4,1,1,1,0,0.004285287,0.004285287,0.004285287,NA,MTBLS11904,Up in PD,1,FALSE,FALSE
IK_GCIVSXAHMONYLO-HMAFJQTKSA-N,6-Dehydrotestosterone glucuronide,6-Dehydrotestosterone glucuronide,GCIVSXAHMONYLO-HMAFJQTKSA-N,C25H34O8,1,1,0,1,-0.004252068,-0.004252068,0.004252068,NA,MTBLS11904,Down in PD,1,FALSE,FALSE
IK_MVFGUOIZUNYYSO-UHFFFAOYSA-N,Prilocaine,Prilocaine,MVFGUOIZUNYYSO-UHFFFAOYSA-N,C13H20N2O,1,1,0,1,-0.004218849,-0.004218849,0.004218849,NA,MTBLS11904,Down in PD,1,FALSE,FALSE
IK_WQGWDDDVZFFDIG-UHFFFAOYSA-N,"1,2,3-Trihydroxybenzene","1,2,3-Trihydroxybenzene",WQGWDDDVZFFDIG-UHFFFAOYSA-N,C6H6O3,1,1,0,1,-0.003986314,-0.003986314,0.003986314,NA,MTBLS11904,Down in PD,1,FALSE,FALSE
IK_LOYWOYCPSWPKFH-DSNGMDLFSA-N,Quadazocine,Quadazocine,LOYWOYCPSWPKFH-DSNGMDLFSA-N,C25H37NO2,1,1,0,1,-0.003786998,-0.003786998,0.003786998,NA,MTBLS11904,Down in PD,1,FALSE,FALSE
IK_PNHLMHWWFOPQLK-BKUUWRAGSA-N,GDP-4-Dehydro-6-deoxy-D-mannose,GDP-4-Dehydro-6-deoxy-D-mannose,PNHLMHWWFOPQLK-BKUUWRAGSA-N,C16H23N5O15P2,1,1,0,1,-0.003654121,-0.003654121,0.003654121,NA,MTBLS11904,Down in PD,1,FALSE,FALSE
NO_INCHIKEY__sm d15 0 2 0,SM(d15:0/2:0),SM(d15:0/2:0),NA,NA,1,1,0,1,-0.003654121,-0.003654121,0.003654121,NA,MTBLS11904,Down in PD,1,FALSE,FALSE
IK_HPHUVLMMVZITSG-UHFFFAOYSA-N,Etiracetam,Etiracetam,HPHUVLMMVZITSG-UHFFFAOYSA-N,C8H14N2O2,1,1,1,0,0.003554463,0.003554463,0.003554463,NA,MTBLS11904,Up in PD,1,FALSE,FALSE
IK_YVYMBNSKXOXSKW-UHFFFAOYSA-N,[3-[2-Aminoethoxy(hydroxy)phosphoryl]oxy-2-hydroxypropyl] hexadecanoate,[3-[2-Aminoethoxy(hydroxy)phosphoryl]oxy-2-hydroxypropyl] hexadecanoate,YVYMBNSKXOXSKW-UHFFFAOYSA-N,C21H44NO7P,1,1,0,1,-0.003554463,-0.003554463,0.003554463,NA,MTBLS11904,Down in PD,1,FALSE,FALSE
IK_UVTLONZTPXCUPU-ZNMIVQPWSA-N,Ciramadol,Ciramadol,UVTLONZTPXCUPU-ZNMIVQPWSA-N,C15H23NO2,1,1,1,0,0.003388367,0.003388367,0.003388367,NA,MTBLS11904,Up in PD,1,FALSE,FALSE
IK_BPSLZWSRHTULGU-ZCFIWIBFSA-N,(R)-1-Methylpiperidine-2-carboxylic acid,(R)-1-Methylpiperidine-2-carboxylic acid,BPSLZWSRHTULGU-ZCFIWIBFSA-N,C7H13NO2,1,1,1,0,0.003288709,0.003288709,0.003288709,NA,MTBLS11904,Up in PD,1,FALSE,FALSE
IK_JGUNZIWGNMQSBM-UINYOVNOSA-M,"(9S,10E,12Z)-9-hydroperoxy-10,12-octadecadienoate","(9S,10E,12Z)-9-hydroperoxy-10,12-octadecadienoate",JGUNZIWGNMQSBM-UINYOVNOSA-M,C18H31O4-,1,1,1,0,0.003288709,0.003288709,0.003288709,NA,MTBLS11904,Up in PD,1,FALSE,FALSE
IK_ONPDTSFZAIWMDI-AVGNSLFASA-N,Lys Leu Gln,Lys Leu Gln,ONPDTSFZAIWMDI-AVGNSLFASA-N,C17H33N5O5,1,1,0,1,-0.00322227,-0.00322227,0.00322227,NA,MTBLS11904,Down in PD,1,FALSE,FALSE
IK_KRVDMABBKYMBHG-UHFFFAOYSA-N,Isoguvacine,Isoguvacine,KRVDMABBKYMBHG-UHFFFAOYSA-N,C6H9NO2,1,1,0,1,-0.003022955,-0.003022955,0.003022955,NA,MTBLS11904,Down in PD,1,FALSE,FALSE
IK_ABDMBNAKYBUEEX-QCLAVDOMSA-N,Ecgonine Ethyl Ester,Ecgonine Ethyl Ester,ABDMBNAKYBUEEX-QCLAVDOMSA-N,C11H19NO3,1,1,1,0,0.002856858,0.002856858,0.002856858,NA,MTBLS11904,Up in PD,1,FALSE,FALSE
IK_TYLFLHPQWQQWRD-UHNVWZDZSA-N,2R-Hydroxymethyl-3S-hydroxypyrolidine,2R-Hydroxymethyl-3S-hydroxypyrolidine,TYLFLHPQWQQWRD-UHNVWZDZSA-N,C5H11NO2,1,1,1,0,0.002856858,0.002856858,0.002856858,NA,MTBLS11904,Up in PD,1,FALSE,FALSE
IK_PAHMCFUSNIRFHK-UKPQPXGPSA-N,DG(PGE2/12:0/0:0),DG(PGE2/12:0/0:0),PAHMCFUSNIRFHK-UKPQPXGPSA-N,C35H60O8,1,1,0,1,-0.002723981,-0.002723981,0.002723981,NA,MTBLS11904,Down in PD,1,FALSE,FALSE
IK_XBVUKAHAVXVVAD-UHFFFAOYSA-N,5-(3-Aminopropylphosphanyloxy)-2-(hydroxymethyl)pyran-4-one,5-(3-Aminopropylphosphanyloxy)-2-(hydroxymethyl)pyran-4-one,XBVUKAHAVXVVAD-UHFFFAOYSA-N,C9H14NO4P,1,1,1,0,0.002690762,0.002690762,0.002690762,NA,MTBLS11904,Up in PD,1,FALSE,FALSE
IK_DGBYUHHIADYUMU-UESLNCBNSA-N,GPCho(15:0/18:2),GPCho(15:0/18:2),DGBYUHHIADYUMU-UESLNCBNSA-N,C41H78NO8P,1,1,1,0,0.002657542,0.002657542,0.002657542,NA,MTBLS11904,Up in PD,1,FALSE,FALSE
IK_ASBJGPTTYPEMLP-UWTATZPHSA-N,3-Chloro-D-alanine,3-Chloro-D-alanine,ASBJGPTTYPEMLP-UWTATZPHSA-N,C3H6ClNO2,1,1,1,0,0.002591104,0.002591104,0.002591104,NA,MTBLS11904,Up in PD,1,FALSE,FALSE
IK_DFMLULIEUUXXSA-UHFFFAOYSA-N,Pentylone,Pentylone,DFMLULIEUUXXSA-UHFFFAOYSA-N,C13H17NO3,1,1,0,1,-0.002557885,-0.002557885,0.002557885,NA,MTBLS11904,Down in PD,1,FALSE,FALSE
IK_YVPPHAUZYVAQNM-UHFFFAOYSA-N,"2-Piperidinecarboxamide, 1-butyl-N-(4-hydroxy-2,6-dimethylphenyl)-","2-Piperidinecarboxamide, 1-butyl-N-(4-hydroxy-2,6-dimethylphenyl)-",YVPPHAUZYVAQNM-UHFFFAOYSA-N,C18H28N2O2,1,1,0,1,-0.002557885,-0.002557885,0.002557885,NA,MTBLS11904,Down in PD,1,FALSE,FALSE
IK_VLJNHYLEOZPXFW-BYPYZUCNSA-N,L-prolinamide,L-prolinamide,VLJNHYLEOZPXFW-BYPYZUCNSA-N,C5H10N2O,1,1,0,1,-0.002524665,-0.002524665,0.002524665,NA,MTBLS11904,Down in PD,1,FALSE,FALSE
IK_MMCQRJPAMIHLQX-ZOWXZIJZSA-N,Sophoramine,Sophoramine,MMCQRJPAMIHLQX-ZOWXZIJZSA-N,C15H20N2O,1,1,1,0,0.002458227,0.002458227,0.002458227,NA,MTBLS11904,Up in PD,1,FALSE,FALSE
IK_SGLDLWSTFXXDDD-LFSNXOCVSA-N,"PA(14:0/18:1(12Z)-O(9S,10R))","PA(14:0/18:1(12Z)-O(9S,10R))",SGLDLWSTFXXDDD-LFSNXOCVSA-N,C35H65O9P,1,1,1,0,0.002458227,0.002458227,0.002458227,NA,MTBLS11904,Up in PD,1,FALSE,FALSE
IK_XNGIFLGASWRNHJ-UHFFFAOYSA-N,Phthalic Acid,Phthalic Acid,XNGIFLGASWRNHJ-UHFFFAOYSA-N,C8H6O4,1,1,0,1,-0.002425008,-0.002425008,0.002425008,NA,MTBLS11904,Down in PD,1,FALSE,FALSE
IK_KVCPIDDKLUDCQJ-UHFFFAOYSA-N,L-alpha-Amino-1H-pyrrole-1-hexanoic acid,L-alpha-Amino-1H-pyrrole-1-hexanoic acid,KVCPIDDKLUDCQJ-UHFFFAOYSA-N,C10H16N2O2,1,1,1,0,0.002358569,0.002358569,0.002358569,NA,MTBLS11904,Up in PD,1,FALSE,FALSE
IK_GECFTYLLVUKXOY-UHFFFAOYSA-N,"Menthone 1,3-glyceryl ketal","Menthone 1,3-glyceryl ketal",GECFTYLLVUKXOY-UHFFFAOYSA-N,C13H24O3,1,1,0,1,-0.00232535,-0.00232535,0.00232535,NA,MTBLS11904,Down in PD,1,FALSE,FALSE
IK_URKOMYMAXPYINW-UHFFFAOYSA-N,Quetiapine,Quetiapine,URKOMYMAXPYINW-UHFFFAOYSA-N,C21H25N3O2S,1,1,0,1,-0.002159253,-0.002159253,0.002159253,NA,MTBLS11904,Down in PD,1,FALSE,FALSE
IK_ASCFNMCAHFUBCO-UHFFFAOYSA-N,Phosphoglycolic acid,Phosphoglycolic acid,ASCFNMCAHFUBCO-UHFFFAOYSA-N,C2H5O6P,1,1,1,0,0.001993157,0.001993157,0.001993157,NA,MTBLS11904,Up in PD,1,FALSE,FALSE
IK_PZTGRDMCBZUJDL-UHFFFAOYSA-N,"1-Naphthalenesulfonic acid, 3,4-dihydro-3,4-dioxo-","1-Naphthalenesulfonic acid, 3,4-dihydro-3,4-dioxo-",PZTGRDMCBZUJDL-UHFFFAOYSA-N,C10H6O5S,1,1,0,1,-0.001993157,-0.001993157,0.001993157,NA,MTBLS11904,Down in PD,1,FALSE,FALSE
IK_XJZGNVBLVFOSKJ-XZULNKEGSA-N,27-Deoxy-5b-cyprinol,27-Deoxy-5b-cyprinol,XJZGNVBLVFOSKJ-XZULNKEGSA-N,C27H48O4,1,1,1,0,0.00186028,0.00186028,0.00186028,NA,MTBLS11904,Up in PD,1,FALSE,FALSE
IK_BISIFJGUTDFVFR-UHFFFAOYSA-N,"9-Amino-1,2,3,4-tetrahydroacridin-4-ol","9-Amino-1,2,3,4-tetrahydroacridin-4-ol",BISIFJGUTDFVFR-UHFFFAOYSA-N,C13H14N2O,1,1,1,0,0.001793841,0.001793841,0.001793841,NA,MTBLS11904,Up in PD,1,FALSE,FALSE
IK_VDYDCVUWILIYQF-CSMHCCOUSA-N,S-Lactoylglutathione,S-Lactoylglutathione,VDYDCVUWILIYQF-CSMHCCOUSA-N,C13H21N3O8S,1,1,0,1,-0.001727403,-0.001727403,0.001727403,NA,MTBLS11904,Down in PD,1,FALSE,FALSE
IK_DYSDOYRQWBDGQQ-XLPZGREQSA-N,N6-Methyl-2'-deoxyadenosine,N6-Methyl-2'-deoxyadenosine,DYSDOYRQWBDGQQ-XLPZGREQSA-N,C11H15N5O3,1,1,0,1,-0.001594525,-0.001594525,0.001594525,NA,MTBLS11904,Down in PD,1,FALSE,FALSE
IK_JNWLVTSZGQYXIA-AATRIKPKSA-N,(4E)-3-Hydroxyhex-4-enoylcarnitine,(4E)-3-Hydroxyhex-4-enoylcarnitine,JNWLVTSZGQYXIA-AATRIKPKSA-N,C13H23NO5,1,1,1,0,0.001594525,0.001594525,0.001594525,NA,MTBLS11904,Up in PD,1,FALSE,FALSE
IK_BIDUPMYXGFNAEJ-APGVDKLISA-N,Astromicin,Astromicin,BIDUPMYXGFNAEJ-APGVDKLISA-N,C17H35N5O6,1,1,1,0,0.0014948680000000001,0.0014948680000000001,0.0014948680000000001,NA,MTBLS11904,Up in PD,1,FALSE,FALSE
IK_XAUDJQYHKZQPEU-KVQBGUIXSA-N,"1,3,5-Triazin-2(1H)-one, 4-amino-1-(2-deoxy-beta-D-erythro-pentofuranosyl)-","1,3,5-Triazin-2(1H)-one, 4-amino-1-(2-deoxy-beta-D-erythro-pentofuranosyl)-",XAUDJQYHKZQPEU-KVQBGUIXSA-N,C8H12N4O4,1,1,0,1,-0.0014948680000000001,-0.0014948680000000001,0.0014948680000000001,NA,MTBLS11904,Down in PD,1,FALSE,FALSE
IK_NZNMSOFKMUBTKW-UHFFFAOYSA-N,Cyclohexanecarboxylic acid,Cyclohexanecarboxylic acid,NZNMSOFKMUBTKW-UHFFFAOYSA-N,C7H12O2,1,1,1,0,0.00139521,0.00139521,0.00139521,NA,MTBLS11904,Up in PD,1,FALSE,FALSE
IK_IAIWVQXQOWNYOU-FPYGCLRLSA-N,Nitrofurazone,Nitrofurazone,IAIWVQXQOWNYOU-FPYGCLRLSA-N,C6H6N4O4,1,1,1,0,0.001295552,0.001295552,0.001295552,NA,MTBLS11904,Up in PD,1,FALSE,FALSE
IK_HXBKNURIXGGFCX-VIFPVBQESA-N,Homoanserine,Homoanserine,HXBKNURIXGGFCX-VIFPVBQESA-N,C11H18N4O3,1,1,1,0,0.001129456,0.001129456,0.001129456,NA,MTBLS11904,Up in PD,1,FALSE,FALSE
IK_MMFKFJORZBJVNF-UHFFFAOYSA-N,Histidinyl-Leucine,Histidinyl-Leucine,MMFKFJORZBJVNF-UHFFFAOYSA-N,C12H20N4O3,1,1,0,1,-7.97263e-4,-7.97263e-4,7.97263e-4,NA,MTBLS11904,Down in PD,1,FALSE,FALSE
IK_XVIHASZHSRQYCV-YWYYGOADSA-N,"PC(15:0/22:6(5Z,7Z,10Z,13Z,16Z,19Z)-OH(4))","PC(15:0/22:6(5Z,7Z,10Z,13Z,16Z,19Z)-OH(4))",XVIHASZHSRQYCV-YWYYGOADSA-N,C45H78NO9P,1,1,0,1,-7.64043e-4,-7.64043e-4,7.64043e-4,NA,MTBLS11904,Down in PD,1,FALSE,FALSE
IK_CQLRIUYMQWJYSR-UHFFFAOYSA-N,Ethyl 3-hydroxydodecanoate,Ethyl 3-hydroxydodecanoate,CQLRIUYMQWJYSR-UHFFFAOYSA-N,C14H28O3,1,1,1,0,6.31166e-4,6.31166e-4,6.31166e-4,NA,MTBLS11904,Up in PD,1,FALSE,FALSE
IK_MOTZDAYCYVMXPC-UHFFFAOYSA-N,C12-AS (TENTATIVE),C12-AS (TENTATIVE) | Dodecyl Hydrogen Sulfate,MOTZDAYCYVMXPC-UHFFFAOYSA-N,C12H26O4S,1,1,1,0,5.64728e-4,5.64728e-4,5.64728e-4,NA,MTBLS11904,Up in PD,1,FALSE,FALSE
IK_MZSJQKKCFOSWBW-VJIACCKLSA-N,N-Oleoyl Asparagine,N-Oleoyl Asparagine,MZSJQKKCFOSWBW-VJIACCKLSA-N,C22H40N2O4,1,1,0,1,-4.31851e-4,-4.31851e-4,4.31851e-4,NA,MTBLS11904,Down in PD,1,FALSE,FALSE
IK_BQYSFFVQHVEQKA-WWNHDLEVSA-N,"PE-NMe(16:0/22:5(4Z,7Z,10Z,13Z,16Z))","PE-NMe(16:0/22:5(4Z,7Z,10Z,13Z,16Z))",BQYSFFVQHVEQKA-WWNHDLEVSA-N,C44H78NO8P,1,1,0,1,-2.98974e-4,-2.98974e-4,2.98974e-4,NA,MTBLS11904,Down in PD,1,FALSE,FALSE
IK_LUMKNAVTFCDUIE-VHXPQNKSSA-N,"2-[4-[(Z)-4-Chloro-1,2-diphenylbut-1-enyl]phenoxy]ethanol","2-[4-[(Z)-4-Chloro-1,2-diphenylbut-1-enyl]phenoxy]ethanol",LUMKNAVTFCDUIE-VHXPQNKSSA-N,C24H23ClO2,1,1,0,1,-2.65754e-4,-2.65754e-4,2.65754e-4,NA,MTBLS11904,Down in PD,1,FALSE,FALSE
IK_FLKRMXAWABTWSH-UHFFFAOYSA-N,Piperidines,Piperidines,FLKRMXAWABTWSH-UHFFFAOYSA-N,C5H12N2O2S,1,1,0,1,-2.32535e-4,-2.32535e-4,2.32535e-4,NA,MTBLS11904,Down in PD,1,FALSE,FALSE
IK_LMKGFPWGPGBBHF-FVQFVYKESA-N,"PG(a-13:0/18:2(9Z,11Z))","PG(a-13:0/18:2(9Z,11Z))",LMKGFPWGPGBBHF-FVQFVYKESA-N,C37H69O10P,1,1,0,1,-1.99316e-4,-1.99316e-4,1.99316e-4,NA,MTBLS11904,Down in PD,1,FALSE,FALSE
