PC1,PC2,entity_id,canonical_metabolite,study_id,matrix_clean,mode_clean,phase_clean
-0.2779056971208771,-0.09136476547801273,IK_AAOVKJBEBIDNHE-UHFFFAOYSA-N,Diazepam,MTBLS11904,plasma,Positive,Reverse phase/C18
-0.04943433114722201,-0.07440068272431054,IK_ABDMBNAKYBUEEX-QCLAVDOMSA-N,Ecgonine Ethyl Ester,MTBLS11904,plasma,Positive,Reverse phase/C18
0.2477425279235204,-0.05263584920164452,IK_ABFZMYIIUREPLL-ASWJIRIHSA-N,Glycochenodeoxycholic acid 3-glucuronide,MTBLS11904,plasma,Negative,Reverse phase/C18
0.7702237529352579,-0.014365539523299511,IK_ABOLXXZAJIAUGR-JPMMFUSZSA-N,Ibuprofen glucuronide,MTBLS11904,plasma,Negative,Reverse phase/C18
-0.26451655985148836,-0.09015741624315632,IK_ABXDBVMGRKZFRC-IOSLPCCCSA-N,3'-O-Methylinosine,MTBLS11904,plasma,Negative,Reverse phase/C18
0.328899210707005,-0.04669134558873192,IK_ACSFOIGNUQUIGE-AIPUTVCKSA-N,Dihydrocortisol,MTBLS11904,plasma,Negative,Reverse phase/C18
7.837458139967402,0.5032899079208764,IK_ACVGWSKVRYFWRP-UHFFFAOYSA-N,Rutaecarpine,MTBLS11904,plasma,Negative,Reverse phase/C18
0.34738747129556957,-0.04493651893005801,IK_ACXPNSWGVZLPRG-UHFFFAOYSA-N,3-Hydroxyeicosanoylcarnitine,MTBLS11904,plasma,Positive,Reverse phase/C18
-0.3319908638395748,-0.09538060865777756,IK_ADEORFBTPGKHRP-UHFFFAOYSA-N,"1H-Pyrrole-2,5-dione, 1-[7-(dimethylamino)-4-methyl-2-oxo-2H-1-benzopyran-3-yl]-",MTBLS11904,plasma,Positive,Reverse phase/C18
0.005360925104987101,-0.07033211480901214,IK_ADFXKUOMJKEIND-UHFFFAOYSA-N,"N,N'-Dicyclohexylurea",MTBLS11904,plasma,Positive,Reverse phase/C18
0.06643253247228981,-0.0659163065220682,IK_ADHNYKZHPOEULM-BQBZGAKWSA-N,Met-Glu,MTBLS11904,plasma,Negative,Reverse phase/C18
0.42342624503120274,-0.03929061213474622,IK_ADQUXZRKOKKULD-CZOXBATISA-N,"15-Hydroxynorandrostene-3,17-dione glucuronide",MTBLS11904,plasma,Positive,Reverse phase/C18
-0.03532129798777685,-0.07335278480133917,IK_ADUKCCWBEDSMEB-NSHDSACASA-N,Prenalterol,MTBLS11904,plasma,Positive,Reverse phase/C18
0.00834921913619793,-0.07011023339376318,IK_ADVNUIUADIXWMI-OLZOCXBDSA-N,"(2-((3,5-Di-t-butyl-4-hydroxyphenyl)thio)-1-methylpropoxy)acetic acid",MTBLS11904,plasma,Positive,Reverse phase/C18
-0.6002272542254932,-0.11529725900045538,IK_AEAMHDRXCYEOCU-HTDYWKJCSA-N,PC(18:0/18:1(11Z)),MTBLS11904,plasma,Positive,Reverse phase/C18
0.10045377285396621,-0.06327143610750607,IK_AEAPORIZZWBIEX-DTBDINHYSA-N,Rostafuroxin,MTBLS11904,plasma,Positive,Reverse phase/C18
0.2619826161361845,-0.05159280196506933,IK_AEESIZVTDUAOEG-MWQVBOBVSA-N,"Pentadeca-3,6,9-trienedioylcarnitine",MTBLS11904,plasma,Negative,Reverse phase/C18
-0.15124344412378712,-0.0819600464387118,IK_AEFNZGGBWOQYID-KQPZCCJBSA-N,Demethylphylloquinol,MTBLS11904,plasma,Positive,Reverse phase/C18
0.15462062739199747,-0.05945677173530321,IK_AEMOLEFTQBMNLQ-AQKNRBDQSA-N,D-Glucuronic Acid,MTBLS11904,plasma,Negative,Reverse phase/C18
-0.3347420541893531,-0.09530123989714834,IK_AEMOLEFTQBMNLQ-QIUUJYRFSA-N,Beta-D-Glucopyranuronic acid,MTBLS11904,plasma,Negative,Reverse phase/C18
-2.03758518681902,-0.5787727627486414,IK_AEMOLEFTQBMNLQ-QIUUJYRFSA-N,Beta-D-Glucopyranuronic acid,24167579,serum,Positive,Reverse phase/C18
-0.25021219788649335,-0.08930851282930194,IK_AEOYRSISBCASMX-UHFFFAOYSA-N,4-Phenylbutanoylcarnitine,MTBLS11904,plasma,Positive,Reverse phase/C18
-0.13127217075877995,-0.08047717222949138,IK_AERBNCYCJBRYDG-KSZLIROESA-N,Phytosphingosine,MTBLS11904,plasma,Positive,Reverse phase/C18
-0.10251353735538313,-0.0783418331863166,IK_AERBNCYCJBRYDG-RGBJRUIASA-N,4-hydroxysphinganine,MTBLS11904,plasma,Positive,Reverse phase/C18
0.28535172246957297,-0.0498810793185215,IK_AEURJYQWJBBJDQ-RRSKNPHNSA-N,PC(22:1(13Z)/LTE4),MTBLS11904,plasma,Negative,Reverse phase/C18
0.09880907930384289,-0.054775340282986466,IK_AFENDNXGAFYKQO-UHFFFAOYSA-N,2-hydroxybutyric acid,ST001814,plasma,Positive,GC-MS
-0.2890370298724987,-0.10775478626070975,IK_AFENDNXGAFYKQO-UHFFFAOYSA-N,2-hydroxybutyric acid,38720721,serum,Not reported,Reverse phase/C18
0.3896116172809486,-0.04224432917534442,IK_AFKRZUUZFWTBCC-WSTZPKSXSA-N,Penethamate,MTBLS11904,plasma,Negative,Reverse phase/C18
-2.864107392334859,3.153299703660082,IK_AFWBWPCXSWUCLB-WDSKDSINSA-N,Pro-Ser,38720721,serum,Not reported,Reverse phase/C18
-0.8288761425168992,-0.1322745225836228,IK_AFWKBSMFXWNGRE-ONEGZZNKSA-N,Dehydrozingerone,MTBLS11904,plasma,Positive,Reverse phase/C18
-0.03372359673425723,-0.07323415520964319,IK_AFWVBXLXFDAISA-GPRPIQDKSA-N,Eriojaposide B,MTBLS11904,plasma,Positive,Reverse phase/C18
-7.291839300773706e-4,1.9544046902377472,IK_AGBQKNBQESQNJD-SSDOTTSWSA-N,Lipoic acid,38720721,serum,Not reported,Reverse phase/C18
-0.17813809199462335,-0.08395698403748161,IK_AGGWFDNPHKLBBV-YUMQZZPRSA-N,Val-Cit,MTBLS11904,plasma,Positive,Reverse phase/C18
0.16655630244360609,-0.058582516184795694,IK_AGMMTXLNIQSRCG-UHFFFAOYSA-N,Quinethazone,MTBLS11904,plasma,Negative,Reverse phase/C18
0.009414354107625717,-0.07003114639078803,IK_AGOYDEPGAOXOCK-KCBOHYOISA-N,Clarithromycin,MTBLS11904,plasma,Positive,Reverse phase/C18
1.0045943251902563,0.002801459376029436,IK_AGPIOXWTGKGPPK-UHFFFAOYSA-N,Cyclo(glycylleucylvalylleucylprolylseryl),MTBLS11904,plasma,Negative,Reverse phase/C18
-0.049099048821342986,-0.07421117655483278,IK_AGPKZVBTJJNPAG-UHFFFAOYNA-N,Isoleucine,ST001814,plasma,Positive,GC-MS
-0.3063486816744371,-0.14667773453613486,IK_AGPKZVBTJJNPAG-UHFFFAOYNA-N,Isoleucine,37755270,serum,Not reported,Reverse phase/C18
0.12850231672385165,-0.06118882179986487,IK_AGPKZVBTJJNPAG-UHFFFAOYSA-N,(+/-)-erythro-Isoleucine,MTBLS11904,plasma,Positive,Reverse phase/C18
0.00908889617010827,-0.07005531192020223,IK_AGPKZVBTJJNPAG-WHFBIAKZSA-N,L-Isoleucine,MTBLS11904,plasma,Positive,Reverse phase/C18
0.2322350118329138,-1.4706457292920898,IK_AGPKZVBTJJNPAG-WHFBIAKZSA-N,L-Isoleucine,28880465,serum,Positive,LC-MS/unspecified
0.1271708982757976,-0.06128768004703784,IK_AGSPXMVUFBBBMO-UHFFFAOYSA-N,Beta-Aminopropionitrile,MTBLS11904,plasma,Positive,Reverse phase/C18
0.12283155106837099,-0.061785234194944555,IK_AGVRWBBFKKEVAX-QIEOIKHQSA-N,LysoPI(0:0/18:0),MTBLS11904,plasma,Negative,Reverse phase/C18
-0.07183221998491293,-0.07604381907535548,IK_AHANXAKGNAKFSK-PDBXOOCHSA-N,Dihomo-alpha-linolenic acid,MTBLS11904,plasma,Negative,Reverse phase/C18
0.12026124574655422,-0.06197350158943474,IK_AHJCDQGRYVBQQZ-NSCUHMNNSA-N,Methoxymalic acid,MTBLS11904,plasma,Negative,Reverse phase/C18
0.34436959030386644,-0.04516059789249592,IK_AHLPHDHHMVZTML-SCSAIBSYSA-N,D-Ornithine,MTBLS11904,plasma,Positive,Reverse phase/C18
0.23758984964416227,-0.053089032428472654,IK_AHLPHDHHMVZTML-UHFFFAOYSA-N,Ornithine,MTBLS11904,plasma,Positive,Reverse phase/C18
-0.12232707874441129,-0.0838336342354794,IK_AHLPHDHHMVZTML-UHFFFAOYSA-N,Ornithine,ST001814,plasma,Positive,GC-MS
0.5077741481062936,-0.7958266617312403,IK_AHLPHDHHMVZTML-UHFFFAOYSA-N,Ornithine,28880465,serum,Positive,LC-MS/unspecified
0.2534485196768936,-0.05191152021385631,IK_AHTAWKLQNJKVCN-UHFFFAOYSA-N,4-Oxooctanoylcarnitine,MTBLS11904,plasma,Positive,Reverse phase/C18
-0.13849141637288825,-0.08101320431010234,IK_AHWXJDWBIIDPKS-TZUVPVEASA-N,GPCho(22:6/18:0),MTBLS11904,plasma,Positive,Reverse phase/C18
1.162889739912544,0.014396162710949054,IK_AIQDYKMWENWVQJ-QIUUJYRFSA-K,Alpha-D-glucuronate 1-phosphate,MTBLS11904,plasma,Negative,Reverse phase/C18
-0.12616317622659143,-0.080023411853945,IK_AIUFHSHETJXZFR-ATCSHJOVSA-N,"DG(18:3(9,11,15)-OH(13)/i-15:0/0:0)",MTBLS11904,plasma,Negative,Reverse phase/C18
0.40524026187405227,-0.04109957380771406,IK_AJBBHZDIKZCZAI-UHFFFAOYSA-N,"8,11-eicosadiynoic acid",MTBLS11904,plasma,Negative,Reverse phase/C18
0.0077278908928159785,-0.07015636700572778,IK_AJMZUFBKADIAKC-SKTOPKGQSA-N,"DG(18:0/18:2(9Z,12Z)/0:0)",MTBLS11904,plasma,Positive,Reverse phase/C18
4.984167043972525,0.2942941962018626,IK_AJOQSQHYDOFIOX-UHFFFAOYSA-N,Pheneturide,MTBLS11904,plasma,Negative,Reverse phase/C18
-0.08134530707767333,-0.07674062641628518,IK_AJSDVNKVGFVAQU-PRJMDXOYSA-N,Cladinose,MTBLS11904,plasma,Negative,Reverse phase/C18
-0.04101808824200612,-0.07378676873673728,IK_AJSJFDUIZFXAQY-UHFFFAOYSA-N,Malathion monocarboxylic acid,MTBLS11904,plasma,Negative,Reverse phase/C18
-0.6179794972911842,-0.11661536939750408,IK_AJTJVNKPLZTLHV-RJJHQZCFSA-N,"PE(18:2(9Z,12Z)/20:5(5Z,8Z,11Z,14Z,17Z))",MTBLS11904,plasma,Positive,Reverse phase/C18
-0.01591217920767515,-0.07191165052737812,IK_AJWIFVNLXHFTFD-NSCUHMNNSA-N,Methyl 7-epi-12-hydroxyjasmonate glucoside,MTBLS11904,plasma,Positive,Reverse phase/C18
-0.23107303431550041,-0.08770777004436248,IK_AKASWINDKIEEBO-ZJUUUORDSA-N,(+)-Rotundifolone,MTBLS11904,plasma,Negative,Reverse phase/C18
-0.010172286990226816,-0.07148546149421428,IK_AKUJBENLRBOFTD-RPRRAYFGSA-N,Dexamethasone acetate,MTBLS11904,plasma,Positive,Reverse phase/C18
0.6111266274243791,-0.025353789888428846,IK_ALPFACMJGXQCHP-TUUIQCBBSA-N,DG(PGD2/0:0/18:0),MTBLS11904,plasma,Positive,Reverse phase/C18
-0.04132747381310546,-0.07379874578753717,IK_ALTAAUJNHYWOGS-UHFFFAOYSA-N,Trans-4-Hydroxycyclohexylacetic acid,MTBLS11904,plasma,Positive,Reverse phase/C18
-0.2842222414845477,-0.09160080285068065,IK_AMDPNECWKZZEBQ-UHFFFAOYSA-N,"5,5-Diphenyl-2-thiohydantoin",MTBLS11904,plasma,Negative,Reverse phase/C18
-0.41722820488201284,-0.10134312317543065,IK_AMPNNTLXPJCDJF-UHFFFAOYSA-N,Ethylenediaminetetraaceticacid,MTBLS11904,plasma,Negative,Reverse phase/C18
0.03911977369192196,-0.0678255082062345,IK_AMTPYFGPPVFBBI-UHFFFAOYSA-N,Acedapsone,MTBLS11904,plasma,Positive,Reverse phase/C18
-0.01463993522051232,-0.07181718656542152,IK_AMXYRHBJZOVHOL-UHFFFAOYSA-N,"2,6-Nonadien-1-ol",MTBLS11904,plasma,Positive,Reverse phase/C18
0.0779084244228871,-0.06494543649666502,IK_ANGCIHCSPJLGME-UHFFFAOYSA-N,Physalolactone B,MTBLS11904,plasma,Positive,Reverse phase/C18
-0.1341421169331311,-0.08069026710049147,IK_ANKFOZDLPDQNEO-UHFFFAOYSA-N,N-Myristoyl Arginine,MTBLS11904,plasma,Positive,Reverse phase/C18
-0.09026449053091325,-0.07743233731626134,IK_ANKFPIBCTISOBX-UHFFFAOYSA-N,Petasalbin,MTBLS11904,plasma,Positive,Reverse phase/C18
0.5000863470102177,-0.0335985717274698,IK_ANQQVTWQIBPDKQ-UHFFFAOYSA-N,11-Oxohexadecanoic acid,MTBLS11904,plasma,Positive,Reverse phase/C18
-0.44827868743157234,-0.10361748565158238,IK_ANVLMUZOIWITMQ-UHFFFAOYSA-N,"3-[(1R,2R,3S)-3-Carboxy-1,2,3-trihydroxypropyl]dioxirane-3-carboxylic acid",MTBLS11904,plasma,Negative,Reverse phase/C18
-0.7765983843574399,-0.12766599829547248,IK_AOCBVTCNGCHPPQ-UHFFFAOYSA-N,4-Amino-3-hydroxybutanoylcarnitine,MTBLS11904,plasma,Negative,Reverse phase/C18
0.2693094654055888,-0.051056130595858715,IK_AODPIQQILQLWGS-GXBDJPPSSA-N,Tetrahydrocortisol,MTBLS11904,plasma,Negative,Reverse phase/C18
-0.35400364518614735,-0.09701506584970453,IK_AOHCBEAZXHZMOR-ZDUSSCGKSA-N,Lenticin,MTBLS11904,plasma,Positive,Reverse phase/C18
0.029502843900200446,-0.06862130498771224,IK_AOMXURITGZJPKB-ZETCQYMHSA-N,N-OMEGA-PROPYL-L-ARGININE,MTBLS11904,plasma,Negative,Reverse phase/C18
0.009442637465110305,-0.07009065964776909,IK_AOPMSFXOYJXDNJ-IRFSQMTFSA-N,Plumieride,MTBLS11904,plasma,Negative,Reverse phase/C18
0.10002377684482167,-0.06345584063017602,IK_AOQMRUTZEYVDIL-UHFFFAOYSA-N,Flupoxam,MTBLS11904,plasma,Negative,Reverse phase/C18
0.677249571371533,-0.021175641655023517,IK_AORCXYMSPVAQIZ-UHFFFAOYSA-N,"1,4-Ipomeadiol",MTBLS11904,plasma,Negative,Reverse phase/C18
0.395370220314209,-1.6599526985366684,IK_AOXITOVWUAKZHT-CCKFTAQKSA-N,Glycyl Phenylalanine,28880465,serum,Positive,LC-MS/unspecified
0.1416093893727602,-0.06021561659465227,IK_APOJPGQGVODAOE-AUPUWKESSA-N,PE(PGJ2/20:0),MTBLS11904,plasma,Positive,Reverse phase/C18
-0.08331152852468524,-0.07691607718868454,IK_APZFKAJBLBCEFG-YIAAKVKQSA-N,"MG(0:0/20:3(6,8,11)-OH(5)/0:0)",MTBLS11904,plasma,Positive,Reverse phase/C18
0.03169341893082457,-0.06837691795466327,IK_AQAKHZVPOOGUCK-XPUUQOCRSA-N,Gamma-Glutamylvaline,MTBLS11904,plasma,Positive,Reverse phase/C18
0.48911496881589744,-0.0349559831072129,IK_AQPJRTNUBAWORL-RXMQYKEDSA-N,2-Hydroxy-L-methionine,MTBLS11904,plasma,Negative,Reverse phase/C18
1.1582218279350653,0.014054251180663807,IK_AQTYXAPIHMXAAV-UHFFFAOYSA-N,2-methoxyphenol sulfate,MTBLS11904,plasma,Negative,Reverse phase/C18
0.3077760220435699,1.9749696247412774,IK_AQTYXAPIHMXAAV-UHFFFAOYSA-N,2-methoxyphenol sulfate,38720721,serum,Not reported,Reverse phase/C18
-0.21373133941613456,-0.08659979595514797,IK_AQZMUAMGLNHYRT-SESCJMQFSA-N,"PE-NMe2(15:0/20:2(11Z,14Z))",MTBLS11904,plasma,Positive,Reverse phase/C18
0.25168576013904,0.002783555907257651,IK_ARBHXJXXVVHMET-UHFFFAOYSA-N,2-Oxoarginine,24167579,serum,Positive,Reverse phase/C18
0.13080836441772334,-0.06120095416998239,IK_ARFRZOLTIRQFCI-NGQYDJQZSA-N,8-O-Acetyl shanzhiside methyl ester,MTBLS11904,plasma,Negative,Reverse phase/C18
-0.8980507154051797,-0.1374107596660904,IK_ARJPPNFIEQKVBB-UHFFFAOYSA-N,Acetamidopropanal,MTBLS11904,plasma,Positive,Reverse phase/C18
-0.026119718984248304,-0.0726695647320744,IK_ARSJQOAYGVNWEK-MLCWLASSSA-N,N-Ethyl trans-2-cis-6-nonadienamide,MTBLS11904,plasma,Positive,Reverse phase/C18
-0.0496744068941609,-0.07442082027950359,IK_ASBJGPTTYPEMLP-UWTATZPHSA-N,3-Chloro-D-alanine,MTBLS11904,plasma,Negative,Reverse phase/C18
-0.050206194031580165,-0.0744597720038842,IK_ASCFNMCAHFUBCO-UHFFFAOYSA-N,Phosphoglycolic acid,MTBLS11904,plasma,Negative,Reverse phase/C18
0.18434718625630356,-0.2507866291303884,IK_ASJJOPLGTKDUEX-UWDAMKIQSA-N,TG 18:1_18:1_19:1,37755270,serum,Not reported,Reverse phase/C18
-0.011267531576352473,-0.0716076224553915,IK_ASMYXLDPYBVDFS-UHFFFAOYSA-N,Apigenin 7-arabinoside,MTBLS11904,plasma,Negative,Reverse phase/C18
0.07234605519435026,-0.06535844480068885,IK_ASPCIAWQVXVATP-VWXYMJEFSA-N,Lucidenic acid E2,MTBLS11904,plasma,Positive,Reverse phase/C18
-0.04621778815931868,-0.0741676325999143,IK_ASSAYFMXRNLTCY-UHFFFAOYSA-N,22-Acetylpriverogenin B,MTBLS11904,plasma,Negative,Reverse phase/C18
-0.23172027926046745,-0.08793548146687824,IK_ASWBNKHCZGQVJV-HSZRJFAPSA-N,LysoPC(16:0),MTBLS11904,plasma,Positive,Reverse phase/C18
0.1662267671168804,-0.0906302513598969,IK_ASWBNKHCZGQVJV-HSZRJFAPSA-N,LysoPC(16:0),ST003159,serum,Positive,HILIC
-0.24519487110556157,1.161550917234802,IK_ASWBNKHCZGQVJV-QHCPKHFHSA-N,LPC 16:0,37755270,serum,Not reported,Reverse phase/C18
0.06678705727432066,-0.06589033846953568,IK_ASWBNKHCZGQVJV-UHFFFAOYSA-N,1-Palmitoylphosphatidylcholine,MTBLS11904,plasma,Negative,Reverse phase/C18
-0.027983704516808882,-0.07280796617647935,IK_ASWVTGNCAZCNNR-UHFFFAOYSA-N,Sulfadimidine,MTBLS11904,plasma,Positive,Reverse phase/C18
0.07440934501922745,-0.06533202710561721,IK_ATFNSNUJZOYXFC-RQJHMYQMSA-N,Terreic acid,MTBLS11904,plasma,Negative,Reverse phase/C18
1.0019422540418421,0.0036644129196256314,IK_ATIPDCIQTUXABX-UWVGGRQHSA-N,Lysylleucine,MTBLS11904,plasma,Positive,Reverse phase/C18
0.24502450296274508,-0.05283493689774421,IK_ATMSEJBABXCWDW-UHFFFAOYSA-N,3-hydroxypentadecanoic acid,MTBLS11904,plasma,Negative,Reverse phase/C18
-0.5011775199788449,0.5864829367001307,IK_ATRNZOYKSNPPBF-UHFFFAOYSA-N,beta-Hydroxymyristic acid,38720721,serum,Not reported,Reverse phase/C18
0.43165237447140237,-0.039164959391283755,IK_ATROHALUCMTWTB-UHFFFAOYSA-N,Phoxim,MTBLS11904,plasma,Negative,Reverse phase/C18
0.5248629068417802,-0.032337545122026204,IK_ATTZFSUZZUNHBP-UHFFFAOYSA-N,Piperonyl sulfoxide,MTBLS11904,plasma,Negative,Reverse phase/C18
0.602031182279428,-0.026685181421269494,IK_ATXHVCQZZJYMCF-XUDSTZEESA-N,Allylestrenol,MTBLS11904,plasma,Negative,Reverse phase/C18
0.10974411381878488,-0.06258162501499756,IK_AUDMGMSPKITTQO-DEKGSFKZSA-N,"Cer(d16:1/20:4(6E,8Z,11Z,13E)-2OH(5S,15S))",MTBLS11904,plasma,Positive,Reverse phase/C18
-0.057274905004712245,-0.0749828484168861,IK_AUGHPTXZMAWCOH-XGKJNDTMSA-N,"PA(15:0/22:2(13Z,16Z))",MTBLS11904,plasma,Positive,Reverse phase/C18
-6.46654563668622,-5.954240592857571,IK_AURCBSWGPREGRQ-AQNFZCBMSA-M,C20:0 galactosylceramide,24058461,plasma,Not reported,LC-MS/unspecified
0.17004256483863958,-0.05810444308089169,IK_AURCBSWGPREGRQ-VGNRXBDKSA-N,3-O-Sulfogalactosylceramide (d18:1/20:0),MTBLS11904,plasma,Positive,Reverse phase/C18
0.037036500477413026,-0.06806948545971783,IK_AURFZBICLPNKBZ-FZCSVUEKSA-N,Alloepipregnanolone,MTBLS11904,plasma,Negative,Reverse phase/C18
-0.07227537595463797,-0.07607627896381206,IK_AUVVAXYIELKVAI-CKBKHPSWSA-N,Emetine,MTBLS11904,plasma,Negative,Reverse phase/C18
-0.29615791653615625,-0.09247505840118816,IK_AVFORCKFTWHFAR-ZSIFGTMLSA-N,8'-hydroxyabscisate,MTBLS11904,plasma,Negative,Reverse phase/C18
-0.19999300893825697,-0.0854312434891358,IK_AVFZOVWCLRSYKC-UHFFFAOYSA-N,1-Methylpyrrolidine,MTBLS11904,plasma,Negative,Reverse phase/C18
-0.17056743357578966,-0.0832759012815728,IK_AVGPOAXYRRIZMM-BYPYZUCNSA-N,D-Apiose,MTBLS11904,plasma,Negative,Reverse phase/C18
0.006307711285886513,-0.07026181566763336,IK_AVTUTJYTKKMVGB-BGXVWEPQSA-O,Pinotin A,MTBLS11904,plasma,Positive,Reverse phase/C18
-0.9228364841234966,0.26415389221569974,IK_AWDRATDZQPNJFN-VAYUFCLWSA-N,Taurodeoxycholic acid,ACS1517,serum,Negative,Reverse phase/C18
1.53101826688182,0.04294850069490516,IK_AWDRATDZQPNJFN-VAYUFCLWSA-N,Taurodeoxycholic acid,MTBLS11904,plasma,Positive,Reverse phase/C18
0.3234927041530447,-0.04708735771101791,IK_AWLYBJONQDYQAK-QTJNYWJXSA-N,Norchalciporyl propionate,MTBLS11904,plasma,Negative,Reverse phase/C18
0.14413259571851744,-0.060224991197256064,IK_AWNFWGNFOOJDNO-PTNGSMBKSA-N,Alpha-Amylcinnamyl formate,MTBLS11904,plasma,Negative,Reverse phase/C18
-0.16210174001347782,-0.1954513782629338,IK_AXCLECQLCBWNLZ-DZELQHPSSA-N,PC O-16:1_18:2,37755270,serum,Not reported,Reverse phase/C18
-1.0065964817681408,-0.14451272585987446,IK_AXLAMFZYXNDEGQ-MLWYYCKJSA-N,"PE-NMe(20:2(11Z,14Z)/20:0)",MTBLS11904,plasma,Negative,Reverse phase/C18
-1.578829383014187,-0.18642720923095898,IK_AXQACEQYCPKDMV-RZAWKFBISA-N,Naldemedine,MTBLS11904,plasma,Negative,Reverse phase/C18
-0.06521441951715565,-0.07555908320269875,IK_AXRIHSJZHOTGAE-ATZCPNFKSA-N,Senkyunolide N,MTBLS11904,plasma,Negative,Reverse phase/C18
-0.4651918604176606,-0.10527083178018329,IK_AXZGUCXCTZMPTR-UVGACIQRSA-N,"PC(18:0/22:4(7Z,10Z,13Z,16Z))",MTBLS11904,plasma,Positive,Reverse phase/C18
-0.04716318776761848,-0.07423688023400174,IK_AYFVYJQAPQTCCC-GBXIJSLDSA-N,L-Threonine,MTBLS11904,plasma,Negative,Reverse phase/C18
0.23080277293084867,-0.09537733625608408,IK_AYFVYJQAPQTCCC-GBXIJSLDSA-N,L-Threonine,ST003159,serum,Negative,Reverse phase/C18
0.3850496481932336,-0.29133498050243256,IK_AYFVYJQAPQTCCC-GBXIJSLDSA-N,L-Threonine,28880465,serum,Positive,LC-MS/unspecified
-0.001398989318598335,-0.06794304063626941,IK_AYFVYJQAPQTCCC-UHFFFAOYNA-N,Threonine,ST001814,plasma,Positive,GC-MS
-0.10273498289551397,-0.0783073612498977,IK_AYHSDYHVIFMJHB-NFPJMEHBSA-N,"PE-NMe(22:5(4Z,7Z,10Z,13Z,16Z)/18:2(9Z,12Z))",MTBLS11904,plasma,Negative,Reverse phase/C18
0.008497237856810527,-0.07015990728185653,IK_AYIZHKDZYOSOGY-IUCAKERBSA-N,Histidylmethionine,MTBLS11904,plasma,Negative,Reverse phase/C18
-0.24621794321349183,-0.08901193798745785,IK_AYJXHIDNNLJQDT-UHFFFAOYSA-N,"2,6,6-Trimethyl-2-cyclohexene-1,4-dione",MTBLS11904,plasma,Positive,Reverse phase/C18
0.25850790851890815,-0.05153585897754824,IK_AYKQJQVWUYEZNU-UHFFFAOYSA-N,Cysteinyl-Asparagine,MTBLS11904,plasma,Positive,Reverse phase/C18
0.04383156341181274,-0.06757176520637664,IK_AYSGOPOJGPEGSU-UHFFFAOYSA-N,"(5alpha,6beta,14alpha,20R,22R)-5,6,14,20,27-Pentahydroxy-1-oxowith-24-enolide",MTBLS11904,plasma,Negative,Reverse phase/C18
-0.8366017414585761,-0.1320610793126313,IK_AZKVWQKMDGGDSV-BCMRRPTOSA-N,Genipin,MTBLS11904,plasma,Negative,Reverse phase/C18
-0.6617027390360404,-0.11925020899724423,IK_AZYMCYXTLDIFNX-IRSOEJBUSA-N,"SM(d19:1/20:3(8Z,11Z,14Z)-2OH(5,6))",MTBLS11904,plasma,Negative,Reverse phase/C18
-5.478925478135734,10.516259370632293,IK_BAGQGBPETWVHAA-BHYOAKPMSA-N,PS 16:0_22:4,37755270,serum,Not reported,Reverse phase/C18
-0.004974712411781535,-0.07114669065651755,IK_BAQAVOSOZGMPRM-QBMZZYIRSA-N,Sucralose,MTBLS11904,plasma,Negative,Reverse phase/C18
-0.2905741476468077,-0.09206606260705406,IK_BAQMYDQNMFBZNA-MNXVOIDGSA-N,Biocytin,MTBLS11904,plasma,Negative,Reverse phase/C18
0.45812357473760223,-0.03722601711767917,IK_BATTZJIKLZSIAU-UHFFFAOYSA-N,Dukunolide A,MTBLS11904,plasma,Negative,Reverse phase/C18
0.36798161734580725,-1.666047444137477,IK_BAVYZALUXZFZLV-UHFFFAOYSA-N,Methylamine,28880465,serum,Positive,LC-MS/unspecified
0.49700493178682564,-0.1803286130624488,IK_BAZVSMNPJJMILC-STQMWFEESA-N,TG 46:4 Isomer A,37755270,serum,Not reported,Reverse phase/C18
-0.04694901737127943,-0.07421614766794099,IK_BBIXOODYWPFNDT-CIUDSAMLSA-N,Isoleucylproline,MTBLS11904,plasma,Positive,Reverse phase/C18
0.4651845303726699,-0.03670882196507705,IK_BBJIPMIXTXKYLZ-UHFFFAOYSA-N,3-Aminopentanedioic Acid,MTBLS11904,plasma,Negative,Reverse phase/C18
-0.1556478392579084,-0.0821830819186823,IK_BBYWOYAFBUOUFP-JOCHJYFZSA-N,PE(18:0/0:0),MTBLS11904,plasma,Negative,Reverse phase/C18
-0.0895248134970029,-0.07737741584270037,IK_BBZCPUCZKLTAJQ-UHFFFAOYSA-N,3-Methyloxindole,MTBLS11904,plasma,Positive,Reverse phase/C18
-0.5285389094473354,2.8437276181909312,IK_BCDGQXUMWHRQCB-UHFFFAOYSA-N,Aminoacetone,28880465,serum,Positive,LC-MS/unspecified
0.28611985974248433,-0.049824815356282165,IK_BCIWKKMTBRYQJU-UHFFFAOYSA-N,(S)-[8]-Gingerol,MTBLS11904,plasma,Negative,Reverse phase/C18
1.3336406657805893,-0.9764268724520861,IK_BCNUXXXHEIUHJB-UHFFFAOYSA-N,3-Methylene-indolenine,29518718,plasma,Positive,LC-MS/unspecified
-0.1481732703495455,-0.08163559024786218,IK_BCPDBSZPXWSVHR-BAIOGQDRSA-N,Acetyl-pepstatin,MTBLS11904,plasma,Negative,Reverse phase/C18
0.6216186892459484,-0.02525045062841895,IK_BCPQOBQIVJZOFL-UHFFFAOYSA-N,Recoflavone,MTBLS11904,plasma,Negative,Reverse phase/C18
-0.9466622749878849,-0.14102018627391152,IK_BCPSFKBPHHBDAI-LURJTMIESA-N,N-Acetyl-L-glutamate 5-semialdehyde,MTBLS11904,plasma,Positive,Reverse phase/C18
0.22294424940021057,-0.054176473548676024,IK_BCQTVJKBTWGHCX-UHFFFAOYSA-N,Pilsicainide,MTBLS11904,plasma,Positive,Reverse phase/C18
-1.4302040713808577,1.4544920597486433,IK_BCTXZWCPBLWCRV-ZYADFMMDSA-N,"16(17)-epoxy-4Z,7Z,10Z,13Z,19Z-docosapentaenoic acid",37755270,serum,Not reported,Reverse phase/C18
0.4624656423023946,0.3339316074701579,IK_BCWKUTNUIRMUPD-XMRVQXCHSA-N,TG 12:0_12:0_18:3,37755270,serum,Not reported,Reverse phase/C18
-0.13213019578080396,-0.08054088095613755,IK_BCXBIONYYJCSDF-CIUDSAMLSA-N,Isoleucyl-Valine,MTBLS11904,plasma,Positive,Reverse phase/C18
-2.0117648369890224,1.2013996270474077,IK_BDCFJMBXZCIVRH-CGRWFSSPSA-N,1-lyso-2-arachidonoyl-phosphatidate (LPA),ACS1517,serum,Positive,Reverse phase/C18
-0.12486325181626079,-0.07992819616732502,IK_BDENGJXHUIIQRH-IQAJSEAWSA-N,Torvoside G,MTBLS11904,plasma,Negative,Reverse phase/C18
0.012550583758603146,-0.06979828027559012,IK_BDHRPSJHSJIYMM-XGRKIXBHSA-N,"PS(18:3(9,11,15)-OH(13)/22:1(13Z))",MTBLS11904,plasma,Positive,Reverse phase/C18
5.851719274183005,0.35784000712352226,IK_BDIAUFOIMFAIPU-KVJIRVJXSA-N,Valtrate,MTBLS11904,plasma,Negative,Reverse phase/C18
0.013135606335444642,-0.06982015973032105,IK_BDJRBEYXGGNYIS-UHFFFAOYSA-N,Azelaic Acid,MTBLS11904,plasma,Negative,Reverse phase/C18
0.6910673930277964,-1.3044550622177389,IK_BDKXLTOHYQEAIO-RSLHMRQOSA-N,L-Cystathionine - Isomer,28880465,serum,Positive,LC-MS/unspecified
-0.08110895694218119,-0.07672331417842643,IK_BDQNKCYCTYYMAA-UHFFFAOYSA-N,1-Naphthyl isocyanate,MTBLS11904,plasma,Negative,Reverse phase/C18
3.319376710793206,0.1723528917743179,IK_BDTIGNGBIBFXSE-UHFFFAOYSA-N,2-(4-Nitrobenzylidene)malononitrile,MTBLS11904,plasma,Negative,Reverse phase/C18
-0.3258663408285472,-0.09492586102700551,IK_BEJNERDRQOWKJM-UHFFFAOYSA-N,Kojic acid,MTBLS11904,plasma,Positive,Reverse phase/C18
2.551023531784505,0.11607313820988929,IK_BEQZHFIKTBVCAU-UHFFFAOYSA-N,Norketamine,MTBLS11904,plasma,Negative,Reverse phase/C18
-0.2973987539487979,-0.09256594613030864,IK_BETFSIOJEATXGY-WOCLASLBSA-N,"PC(22:6(4Z,7Z,10Z,13Z,16Z,19Z)/P-18:1(9Z))",MTBLS11904,plasma,Negative,Reverse phase/C18
-1.4783597012605145,-0.1804989143800852,IK_BFBJRMADQFCOCV-UHFFFAOYSA-N,3-Butyl-1-(hydroxymethyl)-1-(4-methylphenyl)sulfonylurea,MTBLS11904,plasma,Positive,Reverse phase/C18
0.17491360381640608,-0.794492124363662,IK_BFWYTORDSFIVKP-USWFWKISSA-N,15-HPETE,ACS1517,serum,Negative,Reverse phase/C18
-0.12731427338519896,2.5801049830298397,IK_BFWYTORDSFIVKP-USWFWKISSA-N,15-HPETE,37755270,serum,Not reported,Reverse phase/C18
0.10107510189976289,-0.06322530188703032,IK_BFYYUELWUKXHLB-UHFFFAOYSA-N,(2S)-2-Amino-4-sulfanylbutanal,MTBLS11904,plasma,Positive,Reverse phase/C18
1.5102592476438002,0.03984002211305607,IK_BFZKMNSQCNVFGM-UCEYFQQTSA-N,Sagopilone,MTBLS11904,plasma,Negative,Reverse phase/C18
-0.03771785140725867,-0.07353073005148728,IK_BGJPRBZZLWCLJW-AWCRTANDSA-N,"N,N-Diallyl-tyrosyl-alpha-aminoisobutyric acid-phenylalanyl-leucine",MTBLS11904,plasma,Positive,Reverse phase/C18
0.004686094319937471,-0.07043906301397836,IK_BGKHCLZFGPIKKU-LDDQNKHRSA-N,PGA1,MTBLS11904,plasma,Negative,Reverse phase/C18
0.8548961422536885,-0.00816351966478697,IK_BGSCNPOVJFBBAQ-UHFFFAOYSA-N,"1-[(2R,3R,4S,5R)-3,4-Dihydroxy-5-(hydroxymethyl)oxolan-2-yl]oxypyrimidin-2-one",MTBLS11904,plasma,Negative,Reverse phase/C18
0.44184496834054066,-0.03841838002436394,IK_BGSZAXLLHYERSY-XQIGCQGXSA-N,Vecuronium,MTBLS11904,plasma,Negative,Reverse phase/C18
-0.045981438023826565,-0.07415032036205556,IK_BHATUINFZWUDIX-UHFFFAOYSA-N,"N-Tetradecyl-N,N-dimethyl-3-ammonio-1-propanesulfonate",MTBLS11904,plasma,Negative,Reverse phase/C18
0.016385419236053928,-0.06958211970132958,IK_BHMYRYNHHQYGTN-UHFFFAOYSA-N,Stenocereol,MTBLS11904,plasma,Negative,Reverse phase/C18
-0.13006295160231937,-0.08030905932166568,IK_BHPXBBXWEPCSOK-RMKNXTFCSA-N,"Glucosyl (E)-2,6-Dimethyl-2,5-heptadienoate",MTBLS11904,plasma,Negative,Reverse phase/C18
-1.1109651996334966,-0.1532197380004388,IK_BHQCQFFYRZLCQQ-OELDTZBJSA-N,Cholic Acid,MTBLS11904,plasma,Positive,Reverse phase/C18
2.840751743807615e-4,-0.07076149893616626,IK_BHQCQFFYRZLCQQ-PGHAKIONSA-N,Allocholic acid,MTBLS11904,plasma,Negative,Reverse phase/C18
1.0612001512253997,0.00694768057077326,IK_BHQCQFFYRZLCQQ-UMZBRFQRSA-N,Bile acid,MTBLS11904,plasma,Negative,Reverse phase/C18
0.06321226307052503,-0.06615218257230993,IK_BHWXBRBFQBOUAF-UHFFFAOYSA-N,Deoxycholylproline,MTBLS11904,plasma,Negative,Reverse phase/C18
-0.04698592610339075,-0.07422389646182845,IK_BHYOQNUELFTYRT-DPAQBDIFSA-N,cholesterol 3-sulfate,MTBLS11904,plasma,Negative,Reverse phase/C18
-0.8488158126192367,1.913260903889964,IK_BHYOQNUELFTYRT-DPAQBDIFSA-N,cholesterol 3-sulfate,37755270,serum,Not reported,Reverse phase/C18
-0.10409284299879804,-0.6355447518668768,IK_BHYOQNUELFTYRT-DPAQBDIFSA-N,cholesterol 3-sulfate,38720721,serum,Not reported,Reverse phase/C18
-0.050647400936001674,-0.0744907538187235,IK_BIDUPMYXGFNAEJ-APGVDKLISA-N,Astromicin,MTBLS11904,plasma,Positive,Reverse phase/C18
0.10208106160788477,-0.0631506097777827,IK_BIEOSECQPGGZMF-NAIWXXGBSA-N,PC(22:5/0:0),MTBLS11904,plasma,Positive,Reverse phase/C18
-0.16216663864448178,1.3267255505340025,IK_BIEOSECQPGGZMF-WMPRHZDHSA-N,LPC 22:5,37755270,serum,Not reported,Reverse phase/C18
-0.05038111732812142,-0.07447098186568932,IK_BISIFJGUTDFVFR-UHFFFAOYSA-N,"9-Amino-1,2,3,4-tetrahydroacridin-4-ol",MTBLS11904,plasma,Positive,Reverse phase/C18
-0.013169953627918517,-0.0774425135391262,IK_BITHHVVYSMSWAG-KTKRTIGZSA-N,FFAD 20:1,ST003159,serum,Positive,HILIC
0.44202223067592905,-0.03840539635251586,IK_BIUULCNWWFDCPG-UHFFFAOYSA-N,Coixinden B,MTBLS11904,plasma,Negative,Reverse phase/C18
0.15739773935046186,-0.05925335608170403,IK_BIXJFIJYBLJTMK-ZUZCIYMTSA-N,Isolysergol,MTBLS11904,plasma,Negative,Reverse phase/C18
-0.06810970694457338,-0.07577115527948289,IK_BJBUEDPLEOHJGE-BKLSDQPFSA-N,3-Hydroxy-L-proline,MTBLS11904,plasma,Negative,Reverse phase/C18
0.21453535252302455,-0.055068183162579616,IK_BJBUEDPLEOHJGE-IMJSIDKUSA-N,Trans-3-hydroxy-L-proline,MTBLS11904,plasma,Negative,Reverse phase/C18
0.29483526606348887,-0.04918643595634156,IK_BJEPYKJPYRNKOW-UHFFFAOYSA-N,malic acid,MTBLS11904,plasma,Negative,Reverse phase/C18
0.19782070453461667,-0.16023901100327947,IK_BJEPYKJPYRNKOW-UHFFFAOYSA-N,malic acid,38720721,serum,Not reported,Reverse phase/C18
2.067452583049711,0.08277894436432878,IK_BJMQRSXLHPCXDU-OOKGOBCESA-N,"PA(18:3(10,12,15)-OH(9)/a-17:0)",MTBLS11904,plasma,Positive,Reverse phase/C18
0.08067261988253922,-0.06487325989400418,IK_BJPPZTDOLXZUSK-FRVQLJSFSA-N,"N-[(3a,5b,7a,12a)-3,12-dihydroxy-24-oxo-7-(sulfooxy)cholan-24-yl]-Glycine",MTBLS11904,plasma,Negative,Reverse phase/C18
0.08879715139727476,-0.06427816007561848,IK_BJRMBXPQAMDCMG-CMJQBAFXSA-N,20-Hydroxy-leukotriene E4,MTBLS11904,plasma,Negative,Reverse phase/C18
-0.06444628224424426,-0.0755028192404594,IK_BJRNKVDFDLYUGJ-RMPHRYRLSA-N,Arbutin,MTBLS11904,plasma,Negative,Reverse phase/C18
-0.41903037440449353,-0.10147512711586745,IK_BJSNGVYBQJIGRT-UHFFFAOYSA-N,Theasaponin F1,MTBLS11904,plasma,Negative,Reverse phase/C18
0.07124816328631235,-0.06556357529868465,IK_BKAJNAXTPSGJCU-UHFFFAOYSA-N,4-Methyl-2-oxovaleric Acid,MTBLS11904,plasma,Negative,Reverse phase/C18
0.016253035566270894,-0.06562368180142164,IK_BKAJNAXTPSGJCU-UHFFFAOYSA-N,4-Methyl-2-oxovaleric Acid,ST001814,plasma,Positive,GC-MS
-0.9190167733740064,1.9348344359956728,IK_BKAJNAXTPSGJCU-UHFFFAOYSA-N,4-Methyl-2-oxovaleric Acid,38720721,serum,Not reported,Reverse phase/C18
-0.9099345708673894,-0.011519922082285514,IK_BKASXWPLSXFART-YUMQZZPRSA-N,LL-Cyclo(leucylprolyl),ST003159,serum,Positive,HILIC
-0.5146339505637143,-0.10847782571627826,IK_BKNQGBKAJUUPBQ-SPMSPBIZSA-N,Alongside,MTBLS11904,plasma,Negative,Reverse phase/C18
-0.008017718675743201,-0.07136958242640003,IK_BLERHOKJGPAHCL-UHFFFAOYSA-N,15-hydroxyicosanoic acid,MTBLS11904,plasma,Negative,Reverse phase/C18
-0.10239518936726946,-0.0783330459332314,IK_BLGXFZZNTVWLAY-DKJBZYCGSA-N,Corynanthine,MTBLS11904,plasma,Positive,Reverse phase/C18
-0.20888567772590386,-0.08608260726976086,IK_BLHQFTDZMFXXHV-LLPREHSBSA-N,GPEtn(22:5/16:0),MTBLS11904,plasma,Negative,Reverse phase/C18
0.020542224914875482,-0.06927764524137889,IK_BLQCWBCWZFDGBW-AATRIKPKSA-N,Sonchuionoside C,MTBLS11904,plasma,Negative,Reverse phase/C18
-1.652308165857522,2.5529054107601494,IK_BLWYXBNNBYXPPL-YFKPBYRVSA-N,"L-Proline, methyl ester",38720721,serum,Not reported,Reverse phase/C18
-0.1553560475873169,-0.08226540914215226,IK_BLZVZPYMHLXLHG-JOBMVARSSA-N,DG 36:3,MTBLS11904,plasma,Positive,Reverse phase/C18
0.318138362194861,-0.7603161974649038,IK_BLZVZPYMHLXLHG-JOBMVARSSA-N,DG 36:3,37755270,serum,Not reported,Reverse phase/C18
-0.23376151497501657,-0.08790469315320126,IK_BMLMGCPTLHPWPY-REOHCLBHSA-N,Procysteine,MTBLS11904,plasma,Negative,Reverse phase/C18
-1.5618923523820674,0.3338110174786415,IK_BMLMGCPTLHPWPY-REOHCLBHSA-N,Procysteine,38720721,serum,Not reported,Reverse phase/C18
0.10938906838086848,-0.06260798728243913,IK_BMOVQUBVGICXQN-UHFFFAOYSA-N,Clinofibrate,MTBLS11904,plasma,Positive,Reverse phase/C18
0.13830118801623908,0.23119383279224862,IK_BMSDHYZLQWTKSQ-LSJAAEOESA-N,TG 53:4,37755270,serum,Not reported,Reverse phase/C18
0.06764382638608692,-0.06582758277169748,IK_BMUFUJMVNODTAD-UHFFFAOYSA-N,4-Fluoro-2-(trifluoromethyl)phenylacetic acid,MTBLS11904,plasma,Negative,Reverse phase/C18
4.376765262801761,0.2498036896059898,IK_BMVUIWJCUQSHLZ-YFZGBAIXSA-N,Glycerophosphoinositol,MTBLS11904,plasma,Negative,Reverse phase/C18
-0.4404200487487588,-0.10304186144129401,IK_BNLANPMAYYCMLY-LCXZALMSSA-N,PC(18:1(9Z)/P-18:1(9Z)),MTBLS11904,plasma,Negative,Reverse phase/C18
0.13217111345933563,-0.060916412487434964,IK_BOEPTPMIIFGHTH-YDFGWWAZSA-N,"Octa-3,5-dienedioylcarnitine",MTBLS11904,plasma,Positive,Reverse phase/C18
-0.237293738941752,-0.015042040678225246,IK_BOHZCIJMIPHZKG-OANVIGDOSA-N,PC O-18:2_20:4,37755270,serum,Not reported,Reverse phase/C18
0.5476706818677441,-0.03066693807828358,IK_BOJKULTULYSRAS-OTESTREVSA-N,Andrographolide,MTBLS11904,plasma,Negative,Reverse phase/C18
-0.478088331094915,-0.10580095989042765,IK_BOTWFXYSPFMFNR-PYDDKJGSSA-N,Phytol,MTBLS11904,plasma,Negative,Reverse phase/C18
-0.2652648039052619,1.394313268946635,IK_BOUXQAITXDAJSF-UHFFFAOYSA-N,Sulfasalazine B,38720721,serum,Not reported,Reverse phase/C18
-0.7207058089482496,-0.12424283551525672,IK_BOWVQLFMWHZBEF-KTKRTIGZSA-N,Oleoylethanolamide,MTBLS11904,plasma,Positive,Reverse phase/C18
4.223187985196973,0.2385545770426623,IK_BPHPUYQFMNQIOC-NXRLNHOXSA-N,Isopropyl-beta-D-thiogalactopyranoside,MTBLS11904,plasma,Negative,Reverse phase/C18
-0.9660769071150368,1.638703951789288,IK_BPLYVSYSBPLDOA-UHFFFAOYSA-N,Cer 18:0;2O/24:0,37755270,serum,Not reported,Reverse phase/C18
-0.049049698880067355,-0.07437212361851636,IK_BPSLZWSRHTULGU-ZCFIWIBFSA-N,(R)-1-Methylpiperidine-2-carboxylic acid,MTBLS11904,plasma,Positive,Reverse phase/C18
-0.5355499162654824,-0.11049494311871126,IK_BPYKTIZUTYGOLE-KDUUSRDASA-N,"(4E,15Z)-Bilirubin",MTBLS11904,plasma,Positive,Reverse phase/C18
0.0667245109650156,-0.06577584658076747,IK_BPZXYEUJBFHASJ-UUOKFMHZSA-N,6-Thioguanosine monophosphate,MTBLS11904,plasma,Positive,Reverse phase/C18
-0.03546923360754346,-0.07336376950128812,IK_BQJRUJTZSGYBEZ-YVQNUNKESA-N,"Phorbol-12,13-dibutyrate",MTBLS11904,plasma,Positive,Reverse phase/C18
0.1640659773161246,-0.05854820672055113,IK_BQMFWUKNOCJDNV-HJWJTTGWSA-N,Phe Val Ile,MTBLS11904,plasma,Positive,Reverse phase/C18
-0.05224471529438243,-0.07460908939920208,IK_BQYSFFVQHVEQKA-WWNHDLEVSA-N,"PE-NMe(16:0/22:5(4Z,7Z,10Z,13Z,16Z))",MTBLS11904,plasma,Negative,Reverse phase/C18
0.22525973352958206,-0.05428265207127918,IK_BRENMGSWNOZDLU-LEAZDLGRSA-N,Gly-Pro-Gly-Arg-Ala-Phe,MTBLS11904,plasma,Negative,Reverse phase/C18
0.03535250642388568,-0.06819283297696967,IK_BRMSNMZILBBMIX-UHFFFAOYSA-N,"Exo-5,6-Dimethylbicyclo[2.2.1]hept-5-en-2-ol",MTBLS11904,plasma,Negative,Reverse phase/C18
1.473412238113736,0.038671231585311855,IK_BRMWTNUJHUMWMS-LURJTMIESA-N,1-Methylhistidine,MTBLS11904,plasma,Positive,Reverse phase/C18
-0.33585872598762767,-0.7149291295701835,IK_BRMWTNUJHUMWMS-LURJTMIESA-N,1-Methylhistidine,28880465,serum,Positive,LC-MS/unspecified
-4.1563407900572145,10.574434309768726,IK_BROOMPUVDPTGEG-RHNBIRJRSA-N,MGDG 36:4,37755270,serum,Not reported,Reverse phase/C18
0.6341747834050853,-0.024330750909095644,IK_BRRVXFOKWJKTGG-UHFFFAOYSA-N,Dihydroisophorol,MTBLS11904,plasma,Negative,Reverse phase/C18
0.4311205865315684,-0.03920391172417553,IK_BRTSNYPDACNMIP-FAWZKKEFSA-N,Dihydroetorphine,MTBLS11904,plasma,Negative,Reverse phase/C18
0.048647194225835286,-0.06721903398299309,IK_BSFUDCIRZBAPDS-UHFFFAOYSA-N,Isokobusone,MTBLS11904,plasma,Negative,Reverse phase/C18
0.1372600899330031,-0.06053855380426314,IK_BSRRIWAAIBZEBQ-QSTBWJLLSA-N,4-Galactosylxylose,MTBLS11904,plasma,Positive,Reverse phase/C18
0.6117479556677611,-0.025307656276464252,IK_BTCSSZJGUNDROE-UHFFFAOYSA-N,Gamma Aminobutyric acid,MTBLS11904,plasma,Positive,Reverse phase/C18
-0.1338023076117405,-0.08534162203633283,IK_BTCSSZJGUNDROE-UHFFFAOYSA-N,Gamma Aminobutyric acid,ST001814,plasma,Positive,GC-MS
0.2635530335334776,-1.4522151134130863,IK_BTCSSZJGUNDROE-UHFFFAOYSA-N,Gamma Aminobutyric acid,28880465,serum,Positive,LC-MS/unspecified
-0.14526685593011143,-0.08151628289937755,IK_BTIHMVBBUGXLCJ-UHFFFAOYSA-N,2-[[9-(1-Methylethyl)-6-[(phenylmethyl)amino]-9H-purin-2-yl]amino]-1-butanol,MTBLS11904,plasma,Positive,Reverse phase/C18
0.25220363473792684,-0.05230908542228231,IK_BTJIUGUIPKRLHP-UHFFFAOYSA-N,4-Nitrophenol,MTBLS11904,plasma,Negative,Reverse phase/C18
0.6018834641140447,-0.026696001214693024,IK_BTLNRJMECFTISR-UHFFFAOYSA-N,"N-(2-Hydroxy-3,3,3-trifluoropropyl)-2-(2-nitro-1-imidazolyl)acetamide",MTBLS11904,plasma,Negative,Reverse phase/C18
0.6119156220814799,-1.2128951358357125,IK_BTNKSMIZKSHDNT-UHFFFAOYSA-N,Trans-4-Hydroxyl L-Proline,28880465,serum,Positive,LC-MS/unspecified
-0.48869453743493374,-0.1065778351670543,IK_BTNMPGBKDVTSJY-UHFFFAOYSA-N,Phenylpyruvic Acid,MTBLS11904,plasma,Negative,Reverse phase/C18
-0.02073487140230165,-0.07226973735784098,IK_BTSTZWOTLKSKHV-ODYTWBPASA-N,N-Cyclopropyl-trans-2-cis-6-nonadienamide,MTBLS11904,plasma,Positive,Reverse phase/C18
-0.0330412756950685,-0.07320248932028631,IK_BUHZTPLXMFRPCK-CKCUUXPSSA-N,Crepidiaside B,MTBLS11904,plasma,Negative,Reverse phase/C18
-0.159468650248432,-0.08257077123708156,IK_BUJAGSGYPOAWEI-UHFFFAOYSA-N,Tocainide,MTBLS11904,plasma,Positive,Reverse phase/C18
-0.2142035529809159,-0.08647212684728645,IK_BUQYQSMGNYBXDM-QOCHGBHMSA-N,Epoxymurin A,MTBLS11904,plasma,Negative,Reverse phase/C18
0.17456265848938823,-0.05799607278959497,IK_BUTLOLBCWDNVGA-UHFFFAOYSA-N,Physapruin B,MTBLS11904,plasma,Negative,Reverse phase/C18
-0.011178248303178099,-0.07156015482048424,IK_BVCXYGDKSPEQAH-IHSNFILASA-N,CL(11:0/12:0/12:0/12:0),MTBLS11904,plasma,Positive,Reverse phase/C18
-0.3788508730630489,-0.0985320893300683,IK_BVUMIHICABFWGS-UHFFFAOYSA-N,4-Hydroxyphenylacetic acid sulfate,MTBLS11904,plasma,Negative,Reverse phase/C18
-0.10275023413402515,-0.07835940830099819,IK_BWCRCHWTIDPBOB-NKYRGGHJSA-N,"PA(22:1(13Z)/20:5(5Z,8Z,11Z,14Z,16E)-OH(18R))",MTBLS11904,plasma,Positive,Reverse phase/C18
0.31365463508593733,-0.04780796902540519,IK_BWCRYQGQPDBOAU-WZBVPYLGSA-N,Milbemycin D,MTBLS11904,plasma,Negative,Reverse phase/C18
0.9748437685246026,6.223130946836353e-4,IK_BWEICTHJUIJQPH-UHFFFAOYSA-N,"3-Hydroxyadipic acid 3,6-lactone",MTBLS11904,plasma,Negative,Reverse phase/C18
0.08466102588605469,-0.0645811197811979,IK_BWHGMFYTDQEALD-UHFFFAOYSA-N,5-Amino-2-oxopentanoic acid,MTBLS11904,plasma,Negative,Reverse phase/C18
0.8933102849196073,-0.3473481975583393,IK_BWKILASWCLJPBO-UHFFFAOYSA-N,LPC 12:0,38720721,serum,Not reported,Reverse phase/C18
0.3105525418242867,-0.04803518875278716,IK_BWRPYSJNBVBIRP-FLFBIERCSA-N,Ineketone,MTBLS11904,plasma,Negative,Reverse phase/C18
0.6164805567042138,-0.4338207254610428,IK_BWUHENPAEMNGQJ-ZDLURKLDSA-N,Thr-Gln,38720721,serum,Not reported,Reverse phase/C18
0.4974758496637104,-0.034343571659479655,IK_BWWWIHHYPYDOJQ-BSGVGGAOSA-N,"(3a,5b,7a,12a)-24-[(carboxymethyl)amino]-1,12-dihydroxy-24-oxocholan-3-yl-b-D-Glucopyranosiduronic acid",MTBLS11904,plasma,Negative,Reverse phase/C18
-0.032333003956566006,-0.07313090338609021,IK_BXJHWYVXLGLDMZ-UHFFFAOYSA-N,Methylguanine,MTBLS11904,plasma,Positive,Reverse phase/C18
4.3607111740933275,2.244525073938388,IK_BXJHWYVXLGLDMZ-UHFFFAOYSA-N,Methylguanine,28880465,serum,Positive,LC-MS/unspecified
-0.226493753505716,-0.08737235035000131,IK_BXLYSRPHVMCOPS-ACZMJKKPSA-N,Serylisoleucine,MTBLS11904,plasma,Negative,Reverse phase/C18
-0.21757154054806385,-0.08671882269095171,IK_BXNJHAXVSOCGBA-UHFFFAOYSA-N,Harmine,MTBLS11904,plasma,Negative,Reverse phase/C18
-0.9394134418733775,-0.1404819574552732,IK_BXRLWGXPSRYJDZ-UHFFFAOYSA-N,3-Cyanoalanine,MTBLS11904,plasma,Positive,Reverse phase/C18
-0.016740616729300228,-0.07197316251599689,IK_BXRLWGXPSRYJDZ-VKHMYHEASA-N,L-3-Cyanoalanine,MTBLS11904,plasma,Positive,Reverse phase/C18
0.32800793934470607,-0.04637545636566644,IK_BXXSHQYDJWZXPB-OKNSCYNVSA-N,Capsidiol,MTBLS11904,plasma,Positive,Reverse phase/C18
0.08761540165348285,-0.06436471994756467,IK_BXYPVKMROLGXJI-UHFFFAOYSA-N,N'-nitrosoanabasine,MTBLS11904,plasma,Negative,Reverse phase/C18
0.7249922713154594,-0.017678620870666184,IK_BXZSKDOPGDPDEG-UHFFFAOYSA-N,8-Methoxykynurenate,MTBLS11904,plasma,Negative,Reverse phase/C18
0.07562063826186388,-0.06524330325492128,IK_BXZVVICBKDXVGW-NKWVEPMBSA-N,Didanosine,MTBLS11904,plasma,Negative,Reverse phase/C18
0.15216849526314408,-0.059636383823305585,IK_BYUOBSUZYQAFJM-UHFFFAOYSA-N,"6,8-Dihydroxypurine",MTBLS11904,plasma,Negative,Reverse phase/C18
-0.31163973577372905,-0.8011718058459234,IK_BYUOBSUZYQAFJM-UHFFFAOYSA-N,"6,8-Dihydroxypurine",28880465,serum,Positive,LC-MS/unspecified
-0.46869341866869335,-0.10511280836417175,IK_BYVDUQYJIIPFIB-ZMOGYAJESA-N,Lumirubin,MTBLS11904,plasma,Negative,Reverse phase/C18
0.144930277161434,-0.06016656335659216,IK_BYWJNFQCWYEWHX-KLMFUOAUSA-N,Melledonal A,MTBLS11904,plasma,Negative,Reverse phase/C18
-0.1044366973488349,-0.07848462891593792,IK_BZUIJMCJNWUGKQ-BDAKNGLRSA-N,Hypusine,MTBLS11904,plasma,Positive,Reverse phase/C18
-0.2197282342014148,-0.08687679478424623,IK_BZWQQOVSUSJJJO-QAGDRQIHSA-N,Isatoribine,MTBLS11904,plasma,Negative,Reverse phase/C18
-0.14737558890662897,-0.08157716240719828,IK_CAAKRPRWCVWYAO-UHFFFAOYSA-N,P-O-Desmethyl Verapamil,MTBLS11904,plasma,Negative,Reverse phase/C18
0.0512725362834901,1.1763806159353205,IK_CAAULPUQFIIOTL-UHFFFAOYSA-N,methanolphosphate,38720721,serum,Not reported,Reverse phase/C18
-0.16223609622682117,-0.08266565381258928,IK_CAHPJJJZLQXPKS-UHFFFAOYSA-N,Alpha-Methyl-m-tyrosine,MTBLS11904,plasma,Negative,Reverse phase/C18
0.06773245688262045,-0.06582109083544824,IK_CATMPQFFVNKDEY-YPMHNXCESA-N,Golotimod,MTBLS11904,plasma,Negative,Reverse phase/C18
0.022116906961946455,-0.06916230421409716,IK_CAULGCQHVOVVRN-SWZPTJTJSA-N,Germacrone,MTBLS11904,plasma,Negative,Reverse phase/C18
-0.03614973618056258,-0.07341429668963273,IK_CAWXEEYDBZRFPE-UHFFFAOYSA-N,Hexazinone,MTBLS11904,plasma,Positive,Reverse phase/C18
0.17205143936284578,-0.05818001283509682,IK_CAWZRIXWFRFUQB-IOSLPCCCSA-N,"Alpha,beta-Methylene ATP",MTBLS11904,plasma,Negative,Reverse phase/C18
0.7460436732440981,-0.015336149921241937,IK_CBDKQYKMCICBOF-UHFFFAOYSA-N,Thiazoline,MTBLS11904,plasma,Positive,Reverse phase/C18
-0.01949221558669843,-0.07217747003358659,IK_CBFHOPPJBYHALQ-RLWMBFFFSA-N,S-Butylcysteine sulfoxide,MTBLS11904,plasma,Positive,Reverse phase/C18
-0.14585859734425513,-0.08156021967298956,IK_CBMYJHIOYJEBSB-CAHXEBCQSA-N,Androstanediol,MTBLS11904,plasma,Positive,Reverse phase/C18
0.6240265893214691,-0.0243959635680564,IK_CBMYJHIOYJEBSB-JBDJBKRMSA-N,"Androstan-3alpha,17beta-diol",MTBLS11904,plasma,Positive,Reverse phase/C18
-0.11810592378023424,-0.07949957344789876,IK_CBMYJHIOYJEBSB-ULTMTAQRSA-N,"3a,17a-Dihydroxy-5b-androstane",MTBLS11904,plasma,Positive,Reverse phase/C18
5.467502800023642,0.32969720878144215,IK_CBQJSKKFNMDLON-JTQLQIEISA-N,N-Acetyl-L-phenylalanine,MTBLS11904,plasma,Negative,Reverse phase/C18
-4.791447335744575,8.93824036523933,IK_CBQJSKKFNMDLON-JTQLQIEISA-N,N-Acetyl-L-phenylalanine,38720721,serum,Not reported,Reverse phase/C18
0.1625383522700854,-0.05887682017602652,IK_CBQJSKKFNMDLON-SNVBAGLBSA-N,N-Acetyl-D-phenylalanine,MTBLS11904,plasma,Negative,Reverse phase/C18
-0.027391962971411176,-0.07276402869403098,IK_CBVKLEOGWBFWFG-AXDSSHIGSA-N,Epsilon-(Hexanoyl)lysine,MTBLS11904,plasma,Positive,Reverse phase/C18
-0.5643381364981176,-0.11263247900023861,IK_CCAIIPMIAFGKSI-DMTCNVIQSA-N,N-Methyl-L-Threonine,MTBLS11904,plasma,Positive,Reverse phase/C18
0.09548314517082712,-0.06364050692908155,IK_CCCIJQPRIXGQOE-XWSJACJDSA-N,Methyltrienolone,MTBLS11904,plasma,Positive,Reverse phase/C18
0.24670266681765468,-0.052412402673615285,IK_CCCNUHFRBBIFHO-WJWGPLDTSA-N,N-Acetylalliin,MTBLS11904,plasma,Positive,Reverse phase/C18
0.282739720164797,-0.04973663797344954,IK_CCGRBSFMPVMVTE-SGTVZEORSA-N,"PE(20:4(6Z,8E,10E,14Z)-2OH(5S,12R)/20:0)",MTBLS11904,plasma,Positive,Reverse phase/C18
-0.3535359132925121,-0.163692748521626,IK_CCNIABLYZAMGDC-UHFFFAOYSA-N,SM 40:0;3O,37755270,serum,Not reported,Reverse phase/C18
-0.22935949663187455,-0.08758225783952453,IK_CCVYRRGZDBSHFU-UHFFFAOYSA-N,2-Hydroxyphenylacetic Acid,MTBLS11904,plasma,Negative,Reverse phase/C18
0.0019870781225249136,-0.06749830669271319,IK_CDAISMWEOUEBRE-GPIVLXJGSA-N,myo-inositol,ST001814,plasma,Positive,GC-MS
0.03386298585314888,-0.08089997929270737,IK_CDAISMWEOUEBRE-UHFFFAOYSA-N,Myoinositol,ST003159,serum,Negative,Reverse phase/C18
-0.13683805989159825,-0.5977690521839205,IK_CDAISMWEOUEBRE-UHFFFAOYSA-N,Myoinositol,33485385,plasma,Negative,LC-MS/unspecified
0.06613357307934807,-0.4233782765532952,IK_CDICDSOGTRCHMG-ONEGZZNKSA-N,Sinapyl aldehyde,38516193,plasma,Positive,LC-MS/unspecified
-0.28506576827409424,-0.09189640327340731,IK_CDSMSBUVCWHORP-UHFFFAOYSA-N,Perillic acid,MTBLS11904,plasma,Positive,Reverse phase/C18
-0.30448925388512477,-0.09308530587017168,IK_CDSQRAACZGXZNE-UHFFFAOYSA-N,Perilloside B,MTBLS11904,plasma,Negative,Reverse phase/C18
0.30990065151225954,-0.047719929130481925,IK_CEIZFXOZIQNICU-XNCJUZBTSA-N,Tenuazonic Acid,MTBLS11904,plasma,Positive,Reverse phase/C18
-0.19023920400174135,-0.08485549581609908,IK_CEJUIQBITPKHHY-OWEZASBCSA-N,"PC(20:4(8Z,11Z,14Z,17Z)/18:2(9Z,12Z))",MTBLS11904,plasma,Positive,Reverse phase/C18
0.0373445493182368,-0.06795731923590684,IK_CERUVRSAHAFOLZ-LAWPZHMJSA-N,Digitoxigenin bisdigitoxide,MTBLS11904,plasma,Positive,Reverse phase/C18
5.153254790832717,0.30667940841847163,IK_CFBVGSWSOJBYGC-UHFFFAOYSA-N,6-Hydroxynorketamine,MTBLS11904,plasma,Negative,Reverse phase/C18
0.17308547094125448,-0.05810427275657418,IK_CFFZDZCDUFSOFZ-UHFFFAOYSA-N,"3,4-dihydroxyphenylacetic Acid",MTBLS11904,plasma,Negative,Reverse phase/C18
1.4361762885807794,0.32836078429700144,IK_CFORBWCMGILWNN-RRHRGVEJSA-O,1-Hexadecanoyl-2-octadecadienoyl-sn-glycero-3-phosphocholine,38720721,serum,Not reported,Reverse phase/C18
0.07071876563801703,-0.0654792717389234,IK_CFSOJZTUTOQNIA-UHFFFAOYSA-N,"Ethyl 8-azido-5-methyl-6-oxo-4H-imidazo[1,5-a][1,4]benzodiazepine-3-carboxylate",MTBLS11904,plasma,Positive,Reverse phase/C18
-0.06402075706153651,-0.07548373026813392,IK_CFTUMAOURLALGM-UHFFFAOYSA-N,7-Hydroxyoctanoylcarnitine,MTBLS11904,plasma,Positive,Reverse phase/C18
0.3146295781930817,-0.047736557412568006,IK_CFWSFZFUNZRIFO-UHFFFAOYSA-N,4-Ketoniridazole,MTBLS11904,plasma,Negative,Reverse phase/C18
-1.154658582994899,2.1801683999563037,IK_CFYLSUZUMMPFNC-NHQGMKOOSA-N,Cer 18:1;2O/20:0;(2OH),37755270,serum,Not reported,Reverse phase/C18
0.05225643384122944,-0.0668501062629945,IK_CFYMYCCYMJIYAB-UHFFFAOYSA-N,Laricitrin,MTBLS11904,plasma,Positive,Reverse phase/C18
-0.8264682352582876,-0.13131882780288578,IK_CGFRVKXGZRODPA-UHFFFAOYSA-N,3-Acetylphenol sulfate,MTBLS11904,plasma,Negative,Reverse phase/C18
-0.24512322221524058,-0.08893065475464126,IK_CGGKIILOLKTYHS-LJGQSTEHSA-N,GPEtn(16:1/22:5),MTBLS11904,plasma,Positive,Reverse phase/C18
-0.06347133846593929,-0.0754314077279474,IK_CGIURIOFMWUPSV-RUQPETGGSA-N,Tetrahydroaldosterone-3-glucuronide,MTBLS11904,plasma,Negative,Reverse phase/C18
-0.033605247943728864,-0.07322536734804681,IK_CGJRRBRZLXHAHM-PCDBCJAOSA-N,"PS(15:0/18:2(9Z,11E)+=O(13))",MTBLS11904,plasma,Positive,Reverse phase/C18
-0.809598753923703,-0.13008318460580975,IK_CGMZWBZSOINWHL-YPDYIYJKSA-N,SM(d16:1/17:0),MTBLS11904,plasma,Negative,Reverse phase/C18
-0.09644818800283203,-0.07789147923224976,IK_CGUMQVWVXFEJLT-UWXAOETISA-N,"SM(d17:1/20:4(7E,9E,11Z,13E)-3OH(5S,6R,15S))",MTBLS11904,plasma,Positive,Reverse phase/C18
-0.44612199310706074,-0.10345951365861306,IK_CGVOQSQIYSUXAT-PPLFXBRHSA-N,SM(d18:0/16:1(9Z)),MTBLS11904,plasma,Negative,Reverse phase/C18
-0.14273722042799486,-0.0812374148556628,IK_CHFOVLMTXSAFKC-UHFFFAOYSA-N,Chenodeoxycholylasparagine,MTBLS11904,plasma,Negative,Reverse phase/C18
-0.27305470303468976,-0.09078281136273766,IK_CHHHXKFHOYLYRE-STWYSWDKSA-M,Polysorbate 20,MTBLS11904,plasma,Negative,Reverse phase/C18
0.017124013010120804,-0.06952801971783998,IK_CHNXZKVNWQUJIB-CEGNMAFCSA-N,Ethisterone,MTBLS11904,plasma,Negative,Reverse phase/C18
-0.04798456471105429,-0.07429303722405237,IK_CHQZBIVWDKADIA-GDWUOILNSA-N,N-Oleoyl Alanine,MTBLS11904,plasma,Positive,Reverse phase/C18
0.1876468724158179,-0.0567973166749556,IK_CHTHALBTIRVDBM-UHFFFAOYSA-N,"2,5-Furandicarboxylic acid",MTBLS11904,plasma,Positive,Reverse phase/C18
-0.28168147818800005,-0.09141469892675423,IK_CICRQSYFFGMUEH-MVKOLZDDSA-N,N-Linoleoyl Leucine,MTBLS11904,plasma,Negative,Reverse phase/C18
0.06885478010545645,-0.06561767318332834,IK_CIDUJQMULVCIBT-MQDUPKMGSA-N,Netilmicin,MTBLS11904,plasma,Positive,Reverse phase/C18
-0.4637300688868729,-0.10474925673885349,IK_CIKGWCTVFSRMJU-KVQBGUIXSA-N,DGDP,MTBLS11904,plasma,Negative,Reverse phase/C18
0.006840279041553741,-0.07022227257072655,IK_CIKNYWFPGZCHDL-ZHFUJENKSA-N,Sisomicin sulfate,MTBLS11904,plasma,Positive,Reverse phase/C18
-0.003527068362492284,-0.07104065466828809,IK_CIMMACURCPXICP-PNQRDDRVSA-N,Prostaglandin D1,MTBLS11904,plasma,Negative,Reverse phase/C18
5.427163229947329,-1.5166579576035257,IK_CJCSPKMFHVPWAR-JTQLQIEISA-N,a-Methyldopa,28880465,serum,Positive,LC-MS/unspecified
0.3608703007129152,-0.04393541367993352,IK_CJGVDSGIQZDLDO-BMYWYRRPSA-N,3-O-Sulfogalactosylceramide (d18:1/16:0),MTBLS11904,plasma,Positive,Reverse phase/C18
-0.20912202786139603,-0.0860999195076196,IK_CJSQSNMTJVQLJE-NQPCQEITSA-N,"DG(20:3(8Z,11Z,14Z)-2OH(5,6)/0:0/i-13:0)",MTBLS11904,plasma,Negative,Reverse phase/C18
0.46314601218827234,-0.03685813763518664,IK_CJUFNYIRKDOQMC-SNVBAGLBSA-N,(S)-9-Hydroxy-10-undecenoic acid,MTBLS11904,plasma,Negative,Reverse phase/C18
-0.7100419130727904,1.052562776040098,IK_CKDDRHZIAZRDBW-UHFFFAOYSA-N,FA 21:0,37755270,serum,Not reported,Reverse phase/C18
-0.33604197859968377,-0.0953964555837683,IK_CKFJQMKKJUVFDF-NTXOZZBFSA-N,"PE(22:6(4Z,7Z,10Z,13E,15E,19Z)-OH(17)/22:2(13Z,16Z))",MTBLS11904,plasma,Negative,Reverse phase/C18
-4.445801224597286,9.963886114671027,IK_CKHWEVXPLJBEOZ-VQVTYTSYSA-N,Thr-Val,38720721,serum,Not reported,Reverse phase/C18
0.5356793282458031,-1.2016416653501567,IK_CKLJMWTZIZZHCS-REOHCLBHSA-N,L-Aspartic Acid,28880465,serum,Positive,LC-MS/unspecified
-2.584645935766906,2.8164253843455245,IK_CKLJMWTZIZZHCS-REOHCLBHSA-N,L-Aspartic Acid,38516193,plasma,Positive,LC-MS/unspecified
-0.010172286990226816,-0.07148546149421428,IK_CKTSBUTUHBMZGZ-SHYZEUOFSA-N,Deoxycytidine,MTBLS11904,plasma,Positive,Reverse phase/C18
-0.10683324996590199,-0.07866257355757487,IK_CLCDCPXFUKRPLP-GYXKVCTLSA-N,"DG(20:5(6E,8Z,11Z,14Z,17Z)-OH(5)/8:0/0:0)",MTBLS11904,plasma,Positive,Reverse phase/C18
0.13968623018172316,-0.06035841171576242,IK_CLGNQAIRBLDHIN-HWKANZROSA-N,4-Hydroxy-3-methoxy-cinnamoylglycine,MTBLS11904,plasma,Positive,Reverse phase/C18
0.8527394479291769,-0.008321491657756294,IK_CLGNQAIRBLDHIN-UHFFFAOYSA-N,"Glycine, N-[3-(4-hydroxy-3-methoxyphenyl)-1-oxo-2-propenyl]-",MTBLS11904,plasma,Negative,Reverse phase/C18
-0.3089208157271112,-0.09340990516259816,IK_CLJGMBYGTHRUNF-PJQJKGEDSA-N,Menthol glucuronide,MTBLS11904,plasma,Negative,Reverse phase/C18
0.09057169101491051,-0.06400518478278816,IK_CLKPVQZFNYXFCY-UHFFFAOYSA-N,"1-Hydroxy-2,2,5,5-tetramethylpyrrolidine-3-carboxylic acid",MTBLS11904,plasma,Positive,Reverse phase/C18
-0.39433082351215565,-0.10000937347426478,IK_CLPMFZLTACEARJ-YCMZWWCJSA-N,"PE-NMe(22:6(4Z,7Z,10Z,13Z,16Z,19Z)/15:0)",MTBLS11904,plasma,Positive,Reverse phase/C18
-0.29527330791941336,-0.09265431676926722,IK_CLUWOWRTHNNBBU-UHFFFAOYSA-N,METHIONAL,MTBLS11904,plasma,Positive,Reverse phase/C18
0.042196829013262216,-0.0675970356674166,IK_CLVUFWXGNIFGNC-QTSLKERKSA-N,"(2r,3r,5s,6r)-2,6-Bis(hydroxymethyl)piperidine-3,4,5-triol",MTBLS11904,plasma,Positive,Reverse phase/C18
-0.01023146212227868,-0.07148985567910546,IK_CMEYODOSAQTQFO-SAIUNTKASA-N,PS(14:0/16:0),MTBLS11904,plasma,Positive,Reverse phase/C18
0.006810691541154813,-0.07022446930875396,IK_CMGDVUCDZOBDNL-UHFFFAOYSA-N,4-Methyl-1H-Benzotriazole,MTBLS11904,plasma,Positive,Reverse phase/C18
0.14587567757214848,-0.06009731511399355,IK_CMHMMKSPYOOVGI-UHFFFAOYSA-N,Isopropyl 4-hydroxybenzoate,MTBLS11904,plasma,Negative,Reverse phase/C18
-0.23734182201622678,-0.0883528827387709,IK_CMKQOKAXUWQAHG-UHFFFAOYSA-N,Alpha-Terpineol propanoate,MTBLS11904,plasma,Positive,Reverse phase/C18
0.07825003205494502,-0.06505070739474564,IK_CMUNUTVVOOHQPW-LURJTMIESA-N,Proline betaine,MTBLS11904,plasma,Negative,Reverse phase/C18
0.06980051923702313,-0.0656696112869141,IK_CNAKQRUFJWYXIC-PPOCGGKUSA-N,Ponasteroside A,MTBLS11904,plasma,Negative,Reverse phase/C18
-0.4582053869952133,-0.1043445889022189,IK_CNAWLBRCOTWCNV-UHFFFAOYSA-N,5-Hydroxydodecanoylcarnitine,MTBLS11904,plasma,Negative,Reverse phase/C18
-0.04790178154168534,-0.07429098021749134,IK_CNJGWCQEGROXEE-UHFFFAOYSA-N,"3,5-dichlorosalicylic acid",MTBLS11904,plasma,Negative,Reverse phase/C18
0.8888419114282511,-0.005677085720362268,IK_CNPVJJQCETWNEU-CYFREDJKSA-N,Vicriviroc,MTBLS11904,plasma,Negative,Reverse phase/C18
-0.022308030554853284,-0.07241630839609622,IK_CNUQZHQKEQFDPU-MDWZMJQESA-N,"2-Polyprenyl-6-methoxy-1,4-benzoquinone",MTBLS11904,plasma,Negative,Reverse phase/C18
-0.19195710872246963,-0.08484263621551053,IK_CNWPIIOQKZNXBB-WBYPBBSPSA-M,"3alpha,7alpha,12alpha-trihydroxy-5beta-cholestanate",MTBLS11904,plasma,Negative,Reverse phase/C18
0.027789307018989278,-0.06874681658403903,IK_CNWSDOLXOOXOCZ-UHFFFAOYSA-N,Artonol E,MTBLS11904,plasma,Negative,Reverse phase/C18
0.01659222507028686,-0.06956697205073174,IK_COCMFMBNEAMQMA-VGKGADPCSA-N,"3a,6b,7a,12a-Tetrahydroxy-5b-cholanoic acid",MTBLS11904,plasma,Negative,Reverse phase/C18
0.08308616192417595,-0.06456098810759694,IK_COCNDHOPIHDTHK-UHFFFAOYSA-N,Methoxyindoleacetic acid,MTBLS11904,plasma,Positive,Reverse phase/C18
-0.2297140214339054,-0.08760822589205705,IK_COHZAFUKYUCIND-SHDWVJIKSA-N,"3-Icosa-5,8,11,14-tetraen-2-yloxypropane-1,2-diol",MTBLS11904,plasma,Negative,Reverse phase/C18
-0.02221422547012229,-0.07237958030496291,IK_COJBGNAUUSNXHX-UHFFFAOYSA-N,2-Keto-glutaramic acid,MTBLS11904,plasma,Positive,Reverse phase/C18
0.04734497901415215,-0.0672147840163759,IK_COKMIXFXJJXBQG-NRFANRHFSA-N,Tirofiban,MTBLS11904,plasma,Positive,Reverse phase/C18
1.0304600661622458,-0.15416141304958086,IK_COKMIXFXJJXBQG-NRFANRHFSA-N,Tirofiban,ST003159,serum,Negative,Reverse phase/C18
-0.12436100737527134,-0.079891407813183,IK_COLNVLDHVKWLRT-QMMMGPOBSA-N,L-Phenylalanine,MTBLS11904,plasma,Negative,Reverse phase/C18
0.1374064851681549,-1.2295015165011456,IK_COLNVLDHVKWLRT-QMMMGPOBSA-N,L-Phenylalanine,28880465,serum,Positive,LC-MS/unspecified
-2.8577852674339503,2.4809870574874875,IK_COLNVLDHVKWLRT-QMMMGPOBSA-N,L-Phenylalanine,38516193,plasma,Positive,LC-MS/unspecified
-0.030636781518581662,-0.0717851475219522,IK_COLNVLDHVKWLRT-UHFFFAOYNA-N,Phenylalanine,ST001814,plasma,Positive,GC-MS
1.3732946379808275,-0.06261740792349892,IK_COLNVLDHVKWLRT-UHFFFAOYNA-N,Phenylalanine,29518718,plasma,Positive,LC-MS/unspecified
-0.6072097753946756,1.0930449311416968,IK_COLNVLDHVKWLRT-UHFFFAOYNA-N,Phenylalanine,38720721,serum,Not reported,Reverse phase/C18
-0.23337744680539524,-0.08787656183075535,IK_COUYJEVMBVSIHV-SFHVURJKSA-N,Olodaterol,MTBLS11904,plasma,Negative,Reverse phase/C18
0.5237697875945219,-0.03241761305772317,IK_COVOPZQGJGUPEY-UHFFFAOYSA-N,"2,4-Dihydroxy-2H-1,4-benzoxazin-3(4H)-one",MTBLS11904,plasma,Negative,Reverse phase/C18
-0.9357990372530536,-0.009618584136939626,IK_COVZYZSDYWQREU-UHFFFAOYSA-N,Busulfan,ST003159,serum,Positive,HILIC
0.19113670269079164,-0.056782069787877164,IK_COXWPCPYWFBNJH-UHFFFAOYSA-N,"2,4-Dihydroxyacetophenone 5-sulfate",MTBLS11904,plasma,Negative,Reverse phase/C18
0.771606903338041,-0.013438070669970312,IK_COZMNNJEGNPDED-HOCLYGCPSA-N,Gly Val Trp,MTBLS11904,plasma,Positive,Reverse phase/C18
-0.6332023737568621,0.09130279577686361,IK_CPAGZVLINCPJEH-UHFFFAOYSA-N,3-methylhistamine,38720721,serum,Not reported,Reverse phase/C18
0.34594595437697795,-0.045442718719807804,IK_CPHVNLRAJPTYSD-UHFFFAOYSA-N,Cyclotricuspidogenin C,MTBLS11904,plasma,Negative,Reverse phase/C18
-0.016792212796851416,-0.07201229039235128,IK_CPKWYFUGBHLPGR-SXFWLWNESA-N,Hypochoeroside A,MTBLS11904,plasma,Negative,Reverse phase/C18
-0.13328409191110713,-0.0806265583738453,IK_CPTJXGLQLVPIGP-UHFFFAOYSA-N,Precocene I,MTBLS11904,plasma,Positive,Reverse phase/C18
0.14253723350384495,-0.06034184697890907,IK_CPXSBHKDEPPWIX-UHFFFAOYSA-N,2-(beta-D-Mannopyranosyl)-L-tryptophan,MTBLS11904,plasma,Negative,Reverse phase/C18
-0.05141666547031096,-0.07454787203031187,IK_CQLRIUYMQWJYSR-UHFFFAOYSA-N,Ethyl 3-hydroxydodecanoate,MTBLS11904,plasma,Positive,Reverse phase/C18
2.280899744504535,1.0065607616421937,IK_CQOQDQWUFQDJMK-SSTWWWIQSA-N,2-methoxyestradiol (2-ME2),37589832,plasma,Not reported,LC-MS/unspecified
-0.05922765169614827,-0.07512784027602366,IK_CQZWLVDDIOZTJI-RYUDHWBXSA-N,Arginylphenylalaninamide,MTBLS11904,plasma,Positive,Reverse phase/C18
-0.1170703764404594,-0.07942268389178739,IK_CRIZPXKICGBNKG-UHFFFAOYSA-N,2-Hydroxypurine,MTBLS11904,plasma,Positive,Reverse phase/C18
0.2015951901942665,-0.05601601420434885,IK_CTKINSOISVBQLD-UHFFFAOYSA-N,Glycidol,MTBLS11904,plasma,Negative,Reverse phase/C18
-0.18170542785564242,-0.08409172889109122,IK_CTNFAVGEWRZODU-SESCJMQFSA-N,"PE-NMe2(15:0/18:2(9Z,12Z))",MTBLS11904,plasma,Negative,Reverse phase/C18
-0.16947431432853127,-0.08319583334587587,IK_CTYRPMDGLDAWRQ-UHFFFAOYSA-N,Phenol sulphate,MTBLS11904,plasma,Negative,Reverse phase/C18
-1.521432001474378,1.293407496305101,IK_CTYRPMDGLDAWRQ-UHFFFAOYSA-N,Phenol sulphate,37755270,serum,Not reported,Reverse phase/C18
-0.1255914528709688,-0.08005537677270755,IK_CUIDBUWFCFYEPL-PIFFKTMJSA-N,Nepetaside,MTBLS11904,plasma,Positive,Reverse phase/C18
-0.9042569304746241,-0.13701663557213314,IK_CULUWZNBISUWAS-UHFFFAOYSA-N,Benznidazole,MTBLS11904,plasma,Negative,Reverse phase/C18
-0.2952125161254418,-0.09240581015858955,IK_CUZKLRTTYZOCSD-CIUDSAMLSA-N,2'-Deoxymugineic acid,MTBLS11904,plasma,Negative,Reverse phase/C18
-1.0177151070645665,5.999841979444101,IK_CUZUEIFJLWAMHR-VKMQJZFUSA-N,PE O-40:8|PE O-22:6_18:2,37755270,serum,Not reported,Reverse phase/C18
-0.10937773820273572,-0.07885150289916079,IK_CVFXMLXLNNEEJM-MQWKRIRWSA-N,1-Hydroxy-2-(N-acetylcysteinyl)-3-butene,MTBLS11904,plasma,Positive,Reverse phase/C18
-0.018743662382909882,-0.07212188959946851,IK_CVNYHSDFZXHMMJ-VPUMZWJWSA-N,12-Ketodeoxycholic acid,MTBLS11904,plasma,Positive,Reverse phase/C18
-0.3152149944551822,-0.09413499414013507,IK_CVSVTCORWBXHQV-UHFFFAOYSA-N,Creatine,MTBLS11904,plasma,Positive,Reverse phase/C18
-0.1433732835683126,-0.08137568461662001,IK_CVVKIXNPXDBREE-UHFFFAOYSA-N,3-Methyl-2-(3-pyridyl)-1-indoleoctanoic acid,MTBLS11904,plasma,Positive,Reverse phase/C18
0.7626719282502106,-0.7722992101978985,IK_CVVRPLLCUNBBAA-VOXCOYEFSA-N,TG 44:2,37755270,serum,Not reported,Reverse phase/C18
0.3777733942552996,-0.0426803529486487,IK_CWERGRDVMFNCDR-UHFFFAOYSA-N,Mercaptoacetic acid,MTBLS11904,plasma,Positive,Reverse phase/C18
0.39375069777085947,-0.04194115265596471,IK_CWJQQASJVVAXKL-UHFFFAOYSA-N,"4-(3-Methyl-5-oxo-4,5-dihydro-1H-pyrazol-1-yl)benzenesulfonic acid",MTBLS11904,plasma,Negative,Reverse phase/C18
0.17104695195444228,-0.05825358903519491,IK_CWLDKTAXQZEVQN-CUEXFKMESA-L,Ganglioside GD1a (d18:1/22:1(13Z)),MTBLS11904,plasma,Negative,Reverse phase/C18
-0.14310699928927165,-0.08135591276391102,IK_CWLQUGTUXBXTLF-YFKPBYRVSA-N,N-Methylproline,MTBLS11904,plasma,Positive,Reverse phase/C18
-0.4065858946336887,0.03555063189503975,IK_CWLQUGTUXBXTLF-YFKPBYRVSA-N,N-Methylproline,38720721,serum,Not reported,Reverse phase/C18
-0.0015032757423654973,-0.07084178452185633,IK_CWLVBFJCJXHUCF-RNPYNJAESA-N,"(3E,7E)-4,8,12-Trimethyl-1,3,7,11-tridecatetraene",MTBLS11904,plasma,Positive,Reverse phase/C18
0.4714450982114565,0.8247256517953696,IK_CWMPPVPFLSZGCY-SREVYHEPSA-N,2-Octenoic acid,29518718,plasma,Positive,LC-MS/unspecified
0.31208881637010943,-0.04792266082830845,IK_CWWWTTYMUOYSQA-LLVKDONJSA-N,Etamicastat,MTBLS11904,plasma,Negative,Reverse phase/C18
-0.01404464353481685,-0.07181103810899067,IK_CXDWHYOBSJTRJU-SRWWVFQWSA-N,Algestone,MTBLS11904,plasma,Negative,Reverse phase/C18
-0.06579598143522168,-0.07561554129780626,IK_CXKKSSKKIOZUNR-ZLUOBGJFSA-N,Lichenin,MTBLS11904,plasma,Positive,Reverse phase/C18
0.18026460271643624,-0.05757842128111229,IK_CXMXRPHRNRROMY-UHFFFAOYSA-N,Sebacic acid,MTBLS11904,plasma,Negative,Reverse phase/C18
-0.43750533682403236,-0.10337680108821029,IK_CXMXRPHRNRROMY-UHFFFAOYSA-N,Sebacic acid,24167579,serum,Positive,Reverse phase/C18
0.20110898970022814,-0.05579774981081257,IK_CXTATJFJDMJMIY-CYBMUJFWSA-N,L-Octanoylcarnitine,MTBLS11904,plasma,Positive,Reverse phase/C18
-0.02919677497674927,-0.0728980371705671,IK_CXTATJFJDMJMIY-UHFFFAOYSA-N,Octanoylcarnitine,MTBLS11904,plasma,Positive,Reverse phase/C18
0.010183617168359579,-0.06997402868738564,IK_CXTXHTVXPMOOSW-JUEJINBGSA-N,Epidermin,MTBLS11904,plasma,Positive,Reverse phase/C18
0.021160421347987988,-0.06915899697993735,IK_CXWTUGHAWQYVJV-VZNRCSAUSA-N,"CDP-DG(i-22:0/18:3(10,12,15)-OH(9))",MTBLS11904,plasma,Positive,Reverse phase/C18
-0.05650564114156369,-0.07492573010497254,IK_CXWXQJXEFPUFDZ-UHFFFAOYSA-N,Tetralin,MTBLS11904,plasma,Positive,Reverse phase/C18
-0.0874241311858003,-0.07722143928361384,IK_CYHOMWAPJJPNMW-DHBOJHSNSA-N,Tropine,MTBLS11904,plasma,Positive,Reverse phase/C18
0.18437118405765113,-0.05727762545395742,IK_CYHWMBVXXDIZNZ-KRWDZBQOSA-N,Remimazolam,MTBLS11904,plasma,Negative,Reverse phase/C18
-0.07020731279782058,-0.07592479880676675,IK_CYIDZMCFTVVTJO-UHFFFAOYSA-N,PYROMELLITIC ACID,MTBLS11904,plasma,Negative,Reverse phase/C18
-0.008431331146623724,-0.07139987833610686,IK_CYIQBIVJURIZDH-FEBNUDBRSA-N,Fructose-6-phosphate lactate,MTBLS11904,plasma,Negative,Reverse phase/C18
-0.18016915263865893,-0.08397920106693771,IK_CYUZOYPRAQASLN-UHFFFAOYSA-N,2-Carboxyethyl acrylate,MTBLS11904,plasma,Negative,Reverse phase/C18
-0.03280639738259608,-0.07316605290661701,IK_CYYZDBDROVLTJU-UHFFFAOYSA-N,4-Butylphenol,MTBLS11904,plasma,Positive,Reverse phase/C18
-0.043250633004142544,-0.07394154090864732,IK_CYZWCBZIBJLKCV-RMKNXTFCSA-N,Cropropamide,MTBLS11904,plasma,Positive,Reverse phase/C18
-0.11762503304339003,-0.07939801673436366,IK_CZAMIXFITRFMDC-HTAQTPCSSA-N,"PE-NMe(22:6(4Z,7Z,10Z,13Z,16Z,19Z)/20:1(11Z))",MTBLS11904,plasma,Negative,Reverse phase/C18
0.43227279277651587,-0.03911951583097911,IK_CZBPKFICAYVHHM-UHFFFAOYSA-N,ortho-hydroxyatorvastatin,MTBLS11904,plasma,Negative,Reverse phase/C18
0.2615849645114091,-0.051307386539055526,IK_CZGFLAQOJPXVRV-GITAKMRZSA-N,Estriol-17-glucuronide,MTBLS11904,plasma,Positive,Reverse phase/C18
0.12374740798024098,-0.061718149931095694,IK_CZIIGGQJILPHEU-HCHVXQBBSA-N,Piriprost,MTBLS11904,plasma,Negative,Reverse phase/C18
-0.13848292092139672,-0.0809257992350844,IK_CZKBLHCEDVWPRN-UHFFFAOYSA-N,1-Methyl-3-(2-oxopropylidene)indol-2-one,MTBLS11904,plasma,Negative,Reverse phase/C18
-0.18117363991580843,-0.08405277655819944,IK_CZKPOZZJODAYPZ-LROMGURASA-N,Eptifibatide,MTBLS11904,plasma,Negative,Reverse phase/C18
-0.06141709516622629,-0.0752904072498428,IK_CZKWVFPVOOTCDG-UHFFFAOYSA-N,"2,2-Dimethyl-5-hydroxy-1-pyrrolidinyloxy",MTBLS11904,plasma,Positive,Reverse phase/C18
0.6162999702400098,-0.28459538385421046,IK_CZMRCDWAGMRECN-UGDNZRGBSA-N,Sucrose,38720721,serum,Not reported,Reverse phase/C18
1.4512662871060344,0.035518950315084646,IK_CZNJCCVKDVCRKF-UHFFFAOYSA-N,Benzyl sulfate,MTBLS11904,plasma,Negative,Reverse phase/C18
2.7560069355071235,0.13108760810478343,IK_CZTQZXZIADLWOZ-UHFFFAOYSA-O,Floridin,MTBLS11904,plasma,Negative,Reverse phase/C18
0.07901816999901705,-0.06499444353283149,IK_CZWCKYRVOZZJNM-USOAJAOKSA-N,dehydroepiandrosterone sulfate,MTBLS11904,plasma,Negative,Reverse phase/C18
-0.6580263555744025,0.6864746805120513,IK_CZWCKYRVOZZJNM-USOAJAOKSA-N,dehydroepiandrosterone sulfate,37755270,serum,Not reported,Reverse phase/C18
-0.752497403735644,0.7769332629379645,IK_CZWCKYRVOZZJNM-USOAJAOKSA-N,dehydroepiandrosterone sulfate,38720721,serum,Not reported,Reverse phase/C18
-0.6257608968190373,-0.11719314151369964,IK_CZZZOTXCAIDYOZ-UHFFFAOYSA-N,Koenigine,MTBLS11904,plasma,Positive,Reverse phase/C18
-1.2667026676703685,-0.16478330194293525,IK_DAELTTGCCPRYTP-ZLQZEYEISA-N,Lusitanicoside,MTBLS11904,plasma,Positive,Reverse phase/C18
-0.05668316426172923,-0.0749389115429489,IK_DAFOCGYVTAOKAJ-UHFFFAOYSA-N,4-Amino-3-phenylbutanoic acid,MTBLS11904,plasma,Positive,Reverse phase/C18
-0.31689217416355064,-0.5461140676508982,IK_DAUHTFNYHSOVRQ-ZETCQYMHSA-N,L-.beta.-Homoglutamine,38720721,serum,Not reported,Reverse phase/C18
0.16593588333607792,-0.05862796035361152,IK_DAYKLWSKQJBGCS-NRFANRHFSA-N,Aleglitazar,MTBLS11904,plasma,Negative,Reverse phase/C18
-0.02417815040626607,-0.072553289518411,IK_DBDTUXMDTSTPQZ-UHFFFAOYSA-N,Fenquizone,MTBLS11904,plasma,Negative,Reverse phase/C18
0.008349219938612634,-0.07011023278525202,IK_DBFYXFUOCIHCAH-YHTHSIKYSA-N,"PS(18:3(9Z,12Z,15Z)/18:0)",MTBLS11904,plasma,Positive,Reverse phase/C18
0.09978742603816887,-0.06347315276770957,IK_DBHKHNGBVGWQJE-USWSLJGRSA-N,PE(18:2/0:0),MTBLS11904,plasma,Negative,Reverse phase/C18
-0.1629746900008881,-0.08271975379607889,IK_DBHPURNMQZJCPT-HRLVBISOSA-N,"PE(20:4(5Z,8Z,11Z,14Z)/6 keto-PGF1alpha)",MTBLS11904,plasma,Negative,Reverse phase/C18
0.2258506091382657,-0.0542393718812131,IK_DBTMIHPJDPGOCQ-HIFRSBDPSA-N,Enokipodin D,MTBLS11904,plasma,Negative,Reverse phase/C18
-0.386639547511935,2.865377934103912,IK_DCICDMMXFIELDF-UHFFFAOYSA-N,N-Isobutyrylglycine,38720721,serum,Not reported,Reverse phase/C18
6.4604314859841425,0.4089592351587752,IK_DCMKMHVTKFJMAU-HWKANZROSA-N,Isoferulic acid 3-sulfate,MTBLS11904,plasma,Positive,Reverse phase/C18
-0.23479554735583996,-0.08798043384023507,IK_DCXJOVUZENRYSH-UHFFFAOYSA-N,Doxyl,MTBLS11904,plasma,Negative,Reverse phase/C18
5.689089791446508,0.3459278456568039,IK_DCXMBZPFKOPATQ-UHFFFAOYSA-N,Hydroxymethoxyphenylcarboxylic acid-O-sulphate,MTBLS11904,plasma,Negative,Reverse phase/C18
0.021413455182037824,-0.064945429787261,IK_DCXYFEDJOCDNAF-REOHCLBHSA-N,L-Asparagine,ST001814,plasma,Positive,GC-MS
0.21013565989844044,-1.319743291625475,IK_DCXYFEDJOCDNAF-REOHCLBHSA-N,L-Asparagine,28880465,serum,Positive,LC-MS/unspecified
0.06202016756091748,-0.06612514554963396,IK_DCZDUZNVOVFUCD-HTXNQAPBSA-M,16-feruloyloxypalmitate,MTBLS11904,plasma,Positive,Reverse phase/C18
-0.300471303711604,-0.09279100187894085,IK_DDBREPKUVSBGFI-UHFFFAOYSA-N,Phenobarbital,MTBLS11904,plasma,Negative,Reverse phase/C18
-0.03261289073797802,-0.07317111116711161,IK_DDCYKEYDTGCKAS-SKSHMZPZSA-N,10-HDoHE,MTBLS11904,plasma,Negative,Reverse phase/C18
0.16974702754411164,-0.05834880472181489,IK_DDELKTCDPMLGSF-QPSCCSFWSA-N,Histidinohydroxylysinonorleucine,MTBLS11904,plasma,Negative,Reverse phase/C18
0.08645908835379543,-0.06431054687771745,IK_DDRJAANPRJIHGJ-UHFFFAOYSA-N,Creatinine,MTBLS11904,plasma,Positive,Reverse phase/C18
-0.12717573809499086,-0.08447100790952769,IK_DDRJAANPRJIHGJ-UHFFFAOYSA-N,Creatinine,ST001814,plasma,Positive,GC-MS
0.2476538967558262,-0.05264234103756857,IK_DDUHZTYCFQRHIY-UHFFFAOYSA-N,Gris-PEG,MTBLS11904,plasma,Negative,Reverse phase/C18
-0.06958312696123403,-0.07589673847183254,IK_DEAFEFSHUVGNFC-UHFFFAOYSA-N,(2S)-6-Amino-2-(hexanoylamino)hexanoic Acid,MTBLS11904,plasma,Positive,Reverse phase/C18
1.759252936076833,0.059895008333925776,IK_DEEUSUJLZQQESV-BQUSTMGCSA-N,Stercobilin,MTBLS11904,plasma,Positive,Reverse phase/C18
0.19416150041084224,0.6006373191783998,IK_DEFJQIDDEAULHB-IMJSIDKUSA-N,Ala-Ala,38720721,serum,Not reported,Reverse phase/C18
-0.028072465675684315,-0.07281455659121194,IK_DEKASDKLVVYODQ-UKHRKFAVSA-N,3-keto Fusidic acid,MTBLS11904,plasma,Positive,Reverse phase/C18
2.317294691467197,0.10132981282019782,IK_DEKNNWJXAQTLFA-UHFFFAOYSA-N,Dopamine 4-sulfate,MTBLS11904,plasma,Positive,Reverse phase/C18
-0.5918317701713672,-0.11413235329545952,IK_DFELABABMXOKTD-IYFIADHGSA-N,GlcCer(d18:1/20:0),MTBLS11904,plasma,Negative,Reverse phase/C18
1.651750177052905,0.050203842518652175,IK_DFFOSEJNFZUOSK-UHFFFAOYSA-N,2-(2-(4-Phenoxy-2-propylphenoxy)ethyl)indole-5-acetic acid,MTBLS11904,plasma,Negative,Reverse phase/C18
0.09319917054283146,-0.0639557241534306,IK_DFMCTODOEICLEB-UHFFFAOYSA-N,6-Hydroxy-4-methoxy-3-(3-methyl-2-butenyl)-2-(2-phenylethenyl)benzoic acid,MTBLS11904,plasma,Negative,Reverse phase/C18
-0.05425702401300918,-0.0747587694544482,IK_DFMLULIEUUXXSA-UHFFFAOYSA-N,Pentylone,MTBLS11904,plasma,Positive,Reverse phase/C18
0.07347036382425454,-0.0652749641210085,IK_DFNZHOWEYYDHLO-XMMPIXPASA-N,PA(10:0/i-13:0),MTBLS11904,plasma,Positive,Reverse phase/C18
1.8545680231197692,0.06505969119619853,IK_DFNZYFAJQPLJFI-UHFFFAOYSA-N,Gentianine,MTBLS11904,plasma,Negative,Reverse phase/C18
-0.7086523214868308,-0.032075403491706206,IK_DFPAKSUCGFBDDF-UHFFFAOYSA-N,Nicotinamide,38516193,plasma,Positive,LC-MS/unspecified
-0.5295733272693921,-0.11005117897086585,IK_DFSPELNJAJEWOM-UHFFFAOYSA-N,5-hydroxyindole thiazolidine carboxylate,MTBLS11904,plasma,Positive,Reverse phase/C18
-0.00481702703993311,-0.07108783156684463,IK_DFVFTMTWCUHJBL-BQBZGAKWSA-N,Statine,MTBLS11904,plasma,Positive,Reverse phase/C18
0.34446876682884414,-0.04555091868678701,IK_DFYHDDCNKMPXMX-UHFFFAOYSA-M,6-isobutyl-4-hydroxy-2-pyrone,MTBLS11904,plasma,Negative,Reverse phase/C18
0.1602339397801906,-0.05904561196241939,IK_DGAUETYRWFLGRT-OPSAWKISSA-N,LysoPE(0:0/20:1(11Z)),MTBLS11904,plasma,Negative,Reverse phase/C18
-0.049611854267387526,-0.07441386416228693,IK_DGBYUHHIADYUMU-UESLNCBNSA-N,GPCho(15:0/18:2),MTBLS11904,plasma,Positive,Reverse phase/C18
-0.06437580249945289,-0.0755100925355755,IK_DGMPVYSXXIOGJY-UHFFFAOYSA-N,Fusaric Acid,MTBLS11904,plasma,Positive,Reverse phase/C18
0.06877318934032221,-0.05872205882112521,IK_DHMQDGOQFOQNFH-UHFFFAOYSA-N,Glycine,ST001814,plasma,Positive,GC-MS
0.19717180051539318,-0.12916240785185118,IK_DHMQDGOQFOQNFH-UHFFFAOYSA-N,Glycine,28880465,serum,Positive,LC-MS/unspecified
7.567746429503093e-4,-0.07072687506895994,IK_DHNSTMIMQCKEPC-UHFFFAOYSA-N,"3,4-Methyleneazelaic acid",MTBLS11904,plasma,Negative,Reverse phase/C18
-0.038013721041962475,-0.07355269823436288,IK_DHSUYTOATWAVLW-WFVMDLQDSA-N,Cilastatin,MTBLS11904,plasma,Positive,Reverse phase/C18
0.8203594981416028,-0.01069323389960293,IK_DHUAGGSHTKPOHU-UHFFFAOYSA-N,"3,4-Dihydro-9-hydroxy-[1]benzothieno[2,3-f]-1,4-thiazepin-5(2H)-one",MTBLS11904,plasma,Negative,Reverse phase/C18
-0.02169647477856815,-0.07237151345165889,IK_DHWUVPPRBIJJKS-VUEDXXQZSA-N,Sesartemin,MTBLS11904,plasma,Negative,Reverse phase/C18
-0.14505974598070764,-0.08150090462304858,IK_DIFYHTVBKJHYKE-OUNRCAHPSA-N,Gonal,MTBLS11904,plasma,Positive,Reverse phase/C18
0.28764739678424617,-0.6296378579327655,IK_DIGMYZZFQSIQBD-PNLKURBTSA-N,TG 49:3,37755270,serum,Not reported,Reverse phase/C18
0.39702709919162255,-0.04170116546202378,IK_DIJBBUIOWGGQOP-QGVNFLHTSA-N,Pregnenolone sulfate,MTBLS11904,plasma,Negative,Reverse phase/C18
-3.414277690071543,-0.6957492114398985,IK_DILDHNKDVHLEQB-XSSYPUMDSA-N,2-hydroxyestradiol (2-OH-E2),37589832,plasma,Not reported,LC-MS/unspecified
-0.12455590553119397,-0.07997848721659616,IK_DIRFUJHNVNOBMY-UHFFFAOYSA-N,Fenobucarb,MTBLS11904,plasma,Positive,Reverse phase/C18
-0.3264715876772112,-0.13919161064661784,IK_DIVLBIVDYADZPL-UHFFFAOYSA-N,Carboxyibuprofen,38720721,serum,Not reported,Reverse phase/C18
0.036486524296212824,-0.06802102796255302,IK_DIVQKHQLANKJQO-UHFFFAOYSA-N,3-Methoxytyramine,MTBLS11904,plasma,Positive,Reverse phase/C18
0.154650170890842,-0.059454607756553465,IK_DIWVBIXQCNRCFE-UHFFFAOYSA-N,Methoxyphenylacetic acid,MTBLS11904,plasma,Negative,Reverse phase/C18
0.7581994475183699,-0.015246286301219908,IK_DJXRIQMCROIRCZ-XOEOCAAJSA-N,VIBEGRON,MTBLS11904,plasma,Negative,Reverse phase/C18
0.2218791144287828,-0.054255560551651164,IK_DJZCTUVALDDONK-HQMSUKCRSA-N,Concanamycin a,MTBLS11904,plasma,Positive,Reverse phase/C18
0.0745946723229048,-0.06519148415016451,IK_DKEXFJVMVGETOO-LURJTMIESA-N,Glycyl-leucine,MTBLS11904,plasma,Positive,Reverse phase/C18
0.7640491100420551,-0.014817814290477335,IK_DKEXFJVMVGETOO-UHFFFAOYSA-N,Glycylleucine,MTBLS11904,plasma,Negative,Reverse phase/C18
0.19417970895475328,-0.05655917801799469,IK_DKHSNOLJPXJJMD-GQDNDFQBSA-N,Quercetin 3-O-xylosyl-glucuronide,MTBLS11904,plasma,Negative,Reverse phase/C18
0.20829864915625887,-0.0552639146688794,IK_DKLGLHQHLFISGJ-YLBFUXKPSA-N,Ataprost,MTBLS11904,plasma,Positive,Reverse phase/C18
0.4190667361422604,-0.040086822989031656,IK_DKQLZKCYTLXNBN-UHFFFAOYSA-N,5-Nonyltetrahydro-2-oxo-3-furancarboxylic acid,MTBLS11904,plasma,Negative,Reverse phase/C18
0.49224660637880735,-0.034726598792570035,IK_DKXXSIJHWWVNMO-RJVKTHQKSA-N,Glycochenodeoxycholate-3-sulfate,MTBLS11904,plasma,Negative,Reverse phase/C18
-0.44692712314755545,-0.028855537698942807,IK_DKZBBWMURDFHNE-NSCUHMNNSA-N,Coniferylaldehyde,38720721,serum,Not reported,Reverse phase/C18
-0.008633759395183693,-0.07137122557922351,IK_DLCUCFRSAVONGT-AEQSUFNNSA-N,"DG(20:5(5Z,8Z,11Z,14Z,17Z)/14:0/0:0)",MTBLS11904,plasma,Positive,Reverse phase/C18
0.07918066854130394,-0.06485097182587207,IK_DLDJFQGPPSQZKI-UHFFFAOYSA-N,"2-Butyne-1,4-diol",MTBLS11904,plasma,Positive,Reverse phase/C18
-0.205387785303376,-0.08598028390369303,IK_DLJKPYFALUEJCK-IIELGFQLSA-N,Carboprost,MTBLS11904,plasma,Positive,Reverse phase/C18
0.2248576886089747,-0.26763988655818705,IK_DLQYHMAWCJLUJE-DLZQOPQVSA-N,Maltose B,38720721,serum,Not reported,Reverse phase/C18
-0.48321038628881696,-0.10660871352175501,IK_DLZPSAPMHALIOA-YNCVDBFYSA-N,GPCho(20:0/18:3),MTBLS11904,plasma,Positive,Reverse phase/C18
-0.04544965088640733,-0.07411136863767494,IK_DMAOYRIREVHKFQ-UHFFFAOYSA-N,Gossypetin 8-glucoside 3-sulfate,MTBLS11904,plasma,Negative,Reverse phase/C18
0.11456680668457206,-0.062223538284859894,IK_DMBHHRLKUKUOEG-UHFFFAOYSA-N,Diphenylamine,MTBLS11904,plasma,Positive,Reverse phase/C18
-0.7297715413253837,-0.12423606177496403,IK_DMNOQQUULVKPTE-UHFFFAOYSA-N,"3,5-dihydroxy-4-(sulfooxy)benzoic acid",MTBLS11904,plasma,Negative,Reverse phase/C18
-0.17886922742591366,-0.08388398477180659,IK_DMQQXDPCRUGSQB-UHFFFAOYSA-N,Trimethylenediaminetetraacetic acid,MTBLS11904,plasma,Negative,Reverse phase/C18
0.059223857067009555,-0.06644432268511619,IK_DNGCQXLPUZWYNB-UHFFFAOYSA-N,Trisjuglone,MTBLS11904,plasma,Negative,Reverse phase/C18
0.0849205607587523,-0.06442478279270823,IK_DNKGWNLXBRCUCF-NLOSNHEGSA-N,"2,3-dinor-6-oxoprostaglandin F1alpha",MTBLS11904,plasma,Positive,Reverse phase/C18
0.07882562377454826,-0.06487733419363885,IK_DNKQGUYVWUAYIE-QISQUURKSA-N,Idoxanthin,MTBLS11904,plasma,Positive,Reverse phase/C18
0.16835847049251146,-0.058450512752544856,IK_DNPZYIPMAWRQQE-BVILWSOJSA-N,"(+/-)-11,12-Dihydroxy-5Z,8Z,14Z,17Z-eicosatetraenoic acid",MTBLS11904,plasma,Negative,Reverse phase/C18
0.35584311044177436,-0.04471777944792102,IK_DNSSEQBYSHSUGR-UHFFFAOYSA-N,5-Oxo-2(5H)-isoxazolepropanenitrile,MTBLS11904,plasma,Negative,Reverse phase/C18
0.07530655418638252,-0.04528263423848118,IK_DNXHEGUUPJUMQT-CBZIJGRNSA-N,estron (E1),37589832,plasma,Not reported,LC-MS/unspecified
0.18703012134957675,-0.05708286561503202,IK_DOIRQSBPFJWKBE-UHFFFAOYSA-N,Dibutyl Phthalate,MTBLS11904,plasma,Negative,Reverse phase/C18
-0.5532771760170149,-0.11130833577824908,IK_DOVMKWVMZQLOPP-CRYQCFGISA-N,"PE(22:0/20:3(8Z,11Z,14Z)-2OH(5,6))",MTBLS11904,plasma,Negative,Reverse phase/C18
0.10480307296488403,-0.06294849899822041,IK_DPEYXLDDNACOGV-ANVMUZGGSA-N,"PC(18:1(11Z)/18:3(9Z,12Z,15Z))",MTBLS11904,plasma,Positive,Reverse phase/C18
-0.001340831341550889,-0.07088051930508017,IK_DPOINJQWXDTOSF-UHFFFAOYSA-N,"13,14-dihydro-15(R)-Prostaglandin E1",MTBLS11904,plasma,Negative,Reverse phase/C18
-0.366707772859736,-0.05145338656023045,IK_DPRVTGUHOBXEIW-UHFFFAOYSA-N,Lucidenic acid M,ST003159,serum,Negative,Reverse phase/C18
0.05907613823046565,-0.06645514237821454,IK_DPSCUTCAFODJSS-UIITUPLWSA-N,Propafenone glucuronide,MTBLS11904,plasma,Negative,Reverse phase/C18
-0.27113025823481457,-0.0908616867884123,IK_DPUOLQHDNGRHBS-MDZDMXLPSA-N,Brassidic acid,MTBLS11904,plasma,Positive,Reverse phase/C18
-0.1722502649598231,-0.08351981091287998,IK_DPZVDLFOAZNCBU-UHFFFAOYSA-N,Tetrahydrofurfuryl butyrate,MTBLS11904,plasma,Positive,Reverse phase/C18
0.1912844208561748,-0.056771249994453626,IK_DQBQWWSFRPLIAX-UHFFFAOYSA-N,"5-Acetyl-3,4-dihydro-2H-pyrrole",MTBLS11904,plasma,Negative,Reverse phase/C18
-0.5808119513604678,-0.11332518210912608,IK_DQJWAJBJWZYKLK-UHFFFAOYSA-N,2-Methoxyhydroquinone sulfate,MTBLS11904,plasma,Negative,Reverse phase/C18
0.1597166772052068,-0.0588711438298368,IK_DQKSVFVIWBOSPM-UHFFFAOYSA-N,[2-Amino-2-(hydroxymethyl)-5-(4-octylphenyl)pentyl] dihydrogen phosphate,MTBLS11904,plasma,Positive,Reverse phase/C18
-0.157515903556996,-0.08242577937794399,IK_DQNLLSNNESIVOE-UHFFFAOYSA-N,2-Chlorooctadecanoic acid,MTBLS11904,plasma,Positive,Reverse phase/C18
0.2736269021888899,-0.05041326833681807,IK_DQQBTKPFMLVCPZ-SHGZRWORSA-N,"DG(18:4(6Z,9Z,12Z,15Z)/15:0/0:0)",MTBLS11904,plasma,Positive,Reverse phase/C18
-0.35685755570008965,0.22272453251823182,IK_DQUHYEDEGRNAFO-QMMMGPOBSA-N,N.alpha.-(tert-Butoxycarbonyl)-L-aspartamide,38720721,serum,Not reported,Reverse phase/C18
0.6385563271791309,1.6166725252641447,IK_DQXQIWIQYYEGLG-MMWLGPPDSA-N,TG 52:3;2O|TG 16:0_18:1_18:2;2O,37755270,serum,Not reported,Reverse phase/C18
1.7040311232846994,-0.2036766913074947,IK_DRBBFCLWYRJSJZ-UHFFFAOYSA-N,Phosphocreatine,ST003159,serum,Negative,Reverse phase/C18
1.2538169934686,0.022366204789132926,IK_DREONSBNBZFXLW-UHFFFAOYSA-N,Beta-Hydroxy-gamma-trimethylaminobutyric acid,MTBLS11904,plasma,Positive,Reverse phase/C18
-0.37909348185406017,-0.09887799558044938,IK_DREVJBVJBRSSDL-UHFFFAOYSA-N,Tazolol,MTBLS11904,plasma,Positive,Reverse phase/C18
0.006633169894564656,-0.07023765023854436,IK_DRHKJLXJIQTDTD-OAHLLOKOSA-N,Tamsulosin,MTBLS11904,plasma,Positive,Reverse phase/C18
-0.5533953506835536,-0.1113169915929229,IK_DRIVXEVMDWCWLI-CAQMIEAISA-N,"PE(16:0/20:4(5Z,8Z,11Z,14Z))",MTBLS11904,plasma,Negative,Reverse phase/C18
-0.17109636882951995,-0.08343413349517223,IK_DRNGLYHKYPNTEA-UHFFFAOYSA-N,Trans-4-Aminocyclohexanecarboxylic acid,MTBLS11904,plasma,Positive,Reverse phase/C18
0.2621303351039825,-0.051581981563134635,IK_DRTQHJPVMGBUCF-XVFCMESISA-N,Uridine,MTBLS11904,plasma,Negative,Reverse phase/C18
0.2940162110888234,-0.10002425652148525,IK_DRTQHJPVMGBUCF-XVFCMESISA-N,Uridine,ST003159,serum,Negative,Reverse phase/C18
-0.4409328840039005,-0.19171283580962756,IK_DRTQHJPVMGBUCF-XVFCMESISA-N,Uridine,28880465,serum,Positive,LC-MS/unspecified
0.04821071216110573,-0.6601266299432762,IK_DRTQHJPVMGBUCF-XVFCMESISA-N,Uridine,33485385,plasma,Negative,LC-MS/unspecified
-0.09611216511370124,-0.3536110981725046,IK_DRTQHJPVMGBUCF-XVFCMESISA-N,Uridine,38720721,serum,Not reported,Reverse phase/C18
-0.10199638912144707,-0.0782532612664081,IK_DSDNAKHZNJAGHN-MXTYGGKSSA-N,Resiniferatoxin,MTBLS11904,plasma,Negative,Reverse phase/C18
-0.16903115835880628,-0.08316337345741928,IK_DSLZVSRJTYRBFB-DUHBMQHGSA-N,D-Galactaric acid,MTBLS11904,plasma,Negative,Reverse phase/C18
0.27313992979714863,-0.44504996802487756,IK_DSLZVSRJTYRBFB-LLEIAEIESA-N,saccharic acid,38720721,serum,Not reported,Reverse phase/C18
0.31909068580990274,-0.04740979302469464,IK_DSPWIGNSRMCMGP-UHFFFAOYSA-N,"(S)-2,3-Dihydro-6-hydroxy-5-(hydroxyacetyl)-2-isopropenylbenzofuran",MTBLS11904,plasma,Negative,Reverse phase/C18
0.1293400366236973,-0.6390133865407951,IK_DTBNBXWJWCWCIK-UHFFFAOYSA-N,Phosphoenolpyruvate,38516193,plasma,Positive,LC-MS/unspecified
0.1263720475834108,-0.061346995197304,IK_DTERQYGMUDWYAZ-ZETCQYMHSA-N,N-epsilon-Acetyllysine,MTBLS11904,plasma,Positive,Reverse phase/C18
-0.16434826430801647,-0.6822588142941934,IK_DTERQYGMUDWYAZ-ZETCQYMHSA-N,N-epsilon-Acetyllysine,28880465,serum,Positive,LC-MS/unspecified
0.07086409431427633,-0.06559170722964172,IK_DTOSIQBPPRVQHS-IUQGRGSQSA-N,Linolenelaidic acid,MTBLS11904,plasma,Negative,Reverse phase/C18
-0.21858361911116,-0.08696007952363823,IK_DTOSIQBPPRVQHS-PDBXOOCHSA-N,Linolenic Acid,MTBLS11904,plasma,Positive,Reverse phase/C18
0.011015634434131581,-0.0792204342764241,IK_DTOSIQBPPRVQHS-PDBXOOCHSA-N,Linolenic Acid,ST003159,serum,Negative,Reverse phase/C18
-0.10536256635278382,-0.6638607494453065,IK_DTOSIQBPPRVQHS-PDBXOOCHSA-N,Linolenic Acid,33485385,plasma,Negative,LC-MS/unspecified
0.060287432144262756,-0.0663664186278438,IK_DTQVDTLACAAQTR-UHFFFAOYSA-N,Trifluoroacetic acid,MTBLS11904,plasma,Negative,Reverse phase/C18
-1.9519237814614054,3.0538473721157353,IK_DTSWLLBBGHRXQH-UHFFFAOYSA-N,pyroGlu-Val,37755270,serum,Not reported,Reverse phase/C18
-0.00638514226662917,-0.07120426492869918,IK_DTTVUTICRKIUMH-NPUXTLKISA-N,"PA(20:5(5Z,8Z,11Z,14Z,17Z)/22:1(13Z))",MTBLS11904,plasma,Positive,Reverse phase/C18
0.9990401006021669,0.002394628169156282,IK_DUAGQYUORDTXOR-GPQRQXLASA-N,Gentiopicroside,MTBLS11904,plasma,Negative,Reverse phase/C18
0.5457503383498854,-0.030807597933719344,IK_DUIFVCFSAWHIOD-AATRIKPKSA-N,Indolylacryloylglycine,MTBLS11904,plasma,Negative,Reverse phase/C18
-0.2142626407810196,-0.08647645541329711,IK_DUVAQXIRJZDZGR-HXMIUARJSA-N,"DG(a-13:0/0:0/20:4(5E,8Z,12Z,14Z)-OH(11R))",MTBLS11904,plasma,Negative,Reverse phase/C18
0.012594305265711203,0.4967877918309685,IK_DUYSYHSSBDVJSM-KRWOKUGFSA-N,Sphingosine-1-phosphate,38720721,serum,Not reported,Reverse phase/C18
-0.14443841773732566,-0.08145477101108399,IK_DUZODDYGMSCYMJ-UHFFFAOYSA-N,N(6)-(Octanoyl)lysine,MTBLS11904,plasma,Positive,Reverse phase/C18
-0.0114743382130001,-0.07162277071450049,IK_DVBUFRRUKPQWBU-UHFFFAOYSA-N,"5-Butyl-1,4-dioxan-2-one",MTBLS11904,plasma,Negative,Reverse phase/C18
0.26322345287766546,-0.05150191413562366,IK_DVXZVCNEGRKLMW-RPGUUIFVSA-N,Gymnodimine,MTBLS11904,plasma,Negative,Reverse phase/C18
0.2698117098465782,-0.05101934224171668,IK_DWAKNKKXGALPNW-UHFFFAOYSA-N,1-Pyrroline-5-carboxylic acid,MTBLS11904,plasma,Negative,Reverse phase/C18
-0.11286901262046886,-0.07911073138212549,IK_DWHIUNMOTRUVPG-UHFFFAOYSA-N,Heptaethylene glycol monododecyl ether,MTBLS11904,plasma,Positive,Reverse phase/C18
0.28730160948627625,-0.04973825548433597,IK_DWHJJLTXBKSHJG-HWKANZROSA-N,Hydroxyethyl methacrylic acid,MTBLS11904,plasma,Negative,Reverse phase/C18
5.082831353189448,0.301521085729749,IK_DWHSGRLKLUGKOU-UHFFFAOYSA-N,"1,2-Dehydrosalsolinol",MTBLS11904,plasma,Negative,Reverse phase/C18
0.02465169576572111,-0.06889976849697266,IK_DWKUKQRKVCMOLP-UHFFFAOYSA-N,1-Piperideine,MTBLS11904,plasma,Positive,Reverse phase/C18
-0.12081575814389561,-0.07963172819734446,IK_DWMJDYZSFOSGLA-WDZFZDKYSA-N,Germacrenone,MTBLS11904,plasma,Negative,Reverse phase/C18
-0.14731650190893994,-0.08157283444969879,IK_DWRXFEITVBNRMK-JAGXHNFQSA-N,Spongothymidine,MTBLS11904,plasma,Negative,Reverse phase/C18
-0.6526482807472787,0.5137730511639255,IK_DWTTZBARDOXEAM-GXTWGEPZSA-N,Zeranol,38720721,serum,Not reported,Reverse phase/C18
-0.015971353668566345,-0.07191604481259449,IK_DWYRIWUZIJHQKQ-SANMLTNESA-N,Avapritinib,MTBLS11904,plasma,Positive,Reverse phase/C18
0.8922394424942437,-0.005428225897947267,IK_DWZGLEPNCRFCEP-UHFFFAOYSA-N,4-Ethylphenylsulfate,MTBLS11904,plasma,Negative,Reverse phase/C18
0.004473313253724871,-0.07039802037401091,IK_DXHYQIJBUNRPJT-UHFFFAOYSA-N,Parsalmide,MTBLS11904,plasma,Positive,Reverse phase/C18
0.04829176599746626,-0.06714448426648596,IK_DXIHLEIENMRHAA-UHFFFAOYSA-N,"1,2,5-Trihydroxypyrrole-3-sulfonic acid",MTBLS11904,plasma,Positive,Reverse phase/C18
-0.2520170097605774,-0.08944252059700168,IK_DYDZWJOECBIVHD-UHFFFAOYSA-N,N-(3-Methyl-2-pyridyl)-3-phenylsuccinimide,MTBLS11904,plasma,Positive,Reverse phase/C18
-0.18841185801751856,-0.08458295609148601,IK_DYENWMUXSKPFLC-DFLWBBLWSA-N,2-Deoxy-28-homocastasterone,MTBLS11904,plasma,Negative,Reverse phase/C18
-0.07011569404574056,-0.07593628166906453,IK_DYENWMUXSKPFLC-UHFFFAOYSA-N,"(3beta,22R,23R,24S)-3,22,23-Trihydroxystigmastan-6-one",MTBLS11904,plasma,Positive,Reverse phase/C18
-0.34455057908645537,-0.09601968733311106,IK_DYLPGCSNPAWWBL-QARITTFUSA-N,"DG(18:1(12Z)-O(9S,10R)/0:0/a-15:0)",MTBLS11904,plasma,Negative,Reverse phase/C18
-0.8698578947374895,-0.6377275620476788,IK_DYNISIGUMYFVJW-BKXYZSJASA-N,"(1R,4aR)-6-hydroxy-1,4a-dimethyl-7-propan-2-yl-2,3,4,4b,5,6,10,10a-octahydrophenanthrene-1-carboxylic acid",37755270,serum,Not reported,Reverse phase/C18
0.33962359171356243,-0.04590581449743149,IK_DYNKRGCMLGUEMN-YFKPBYRVSA-N,Parasorbic acid,MTBLS11904,plasma,Negative,Reverse phase/C18
-0.07482003892341405,-0.07628558114611698,IK_DYQXERDJEYZBKH-KVQBGUIXSA-N,"7,8-Dihydro-2'-deoxyguanosine",MTBLS11904,plasma,Positive,Reverse phase/C18
-0.05339899912223922,-0.07469506143663839,IK_DYSDOYRQWBDGQQ-XLPZGREQSA-N,N6-Methyl-2'-deoxyadenosine,MTBLS11904,plasma,Positive,Reverse phase/C18
0.09739438305174053,-0.06364843649035168,IK_DYUGTPXLDJQBRB-UHFFFAOYSA-N,Myristoylglycine,MTBLS11904,plasma,Negative,Reverse phase/C18
0.3360303998329782,-0.48641944926241193,IK_DZAIOXUZHHTJKN-UHFFFAOYSA-N,2-deoxytetronic acid,38720721,serum,Not reported,Reverse phase/C18
-0.16746533964297827,-0.08304868165451604,IK_DZAUWHJDUNRCTF-UHFFFAOYSA-N,"3,4-Dihydroxyhydrocinnamic acid",MTBLS11904,plasma,Negative,Reverse phase/C18
0.08808637643655329,-0.06418972044766888,IK_DZGWFCGJZKJUFP-UHFFFAOYSA-N,Tyramine,MTBLS11904,plasma,Positive,Reverse phase/C18
0.09630126380448215,-0.06372850442604862,IK_DZHSPYMHDVROSM-UHFFFAOYSA-N,3-Oxododecanoic acid,MTBLS11904,plasma,Negative,Reverse phase/C18
-1.2051304840271475,-0.15905479432958153,IK_DZMVCVHATYROOS-ZBFGKEHZSA-N,Soblidotin,MTBLS11904,plasma,Negative,Reverse phase/C18
-0.3242982256018511,-0.09480942766515099,IK_DZPKSVTWWIZUMS-FPUNCOTOSA-N,"PC(18:2(9Z,12Z)/18:0)",MTBLS11904,plasma,Positive,Reverse phase/C18
0.24250130299766415,-0.052724355183277186,IK_DZRWKHUQGYJQQB-TXINJWPOSA-N,N-Docosahexaenoyl Tyrosine,MTBLS11904,plasma,Positive,Reverse phase/C18
0.16877032072022274,-0.058198907751684646,IK_DZTHIGRZJZPRDV-GFCCVEGCSA-N,N-Acetyl-D-tryptophan,MTBLS11904,plasma,Positive,Reverse phase/C18
-0.38481711462007384,4.1814307441536664,IK_DZTHIGRZJZPRDV-LBPRGKRZSA-N,N-acetyl-tryptophan,38720721,serum,Not reported,Reverse phase/C18
0.17616708865208186,-0.057649694841608465,IK_DZTHIGRZJZPRDV-UHFFFAOYSA-N,N-Acetyl-DL-tryptophan,MTBLS11904,plasma,Positive,Reverse phase/C18
0.04064083818005315,-0.06780547737819383,IK_DZTWAOVNNLDWNH-XYXZLXRDSA-N,Heliangin,MTBLS11904,plasma,Negative,Reverse phase/C18
0.06217823216327703,-0.06622792275115777,IK_DZUXGQBLFALXCR-CDIPTNKSSA-N,Prostaglandin F1a,MTBLS11904,plasma,Negative,Reverse phase/C18
0.528963329204143,-0.03145444482269866,IK_FAASBXNEOGMQHS-BYPYZUCNSA-N,(S)-5-Amino-3-oxohexanoate,MTBLS11904,plasma,Positive,Reverse phase/C18
-0.6073717827943619,-0.11527061621865468,IK_FAUYAENFVCNTAL-PFFNLMTBSA-N,"PC(18:0/22:6(4Z,7Z,10Z,13Z,16Z,19Z))",MTBLS11904,plasma,Negative,Reverse phase/C18
0.06959445713936677,-0.06556275170976739,IK_FAXDZWQIWUSWJH-UHFFFAOYSA-N,3-Methoxypropylamine,MTBLS11904,plasma,Positive,Reverse phase/C18
-0.10453715094441934,-0.07843936468214854,IK_FAYYTQMQTAKHRM-QDVPYJSNSA-N,Varanic acid,MTBLS11904,plasma,Negative,Reverse phase/C18
0.014317356079236555,-0.06973359985837488,IK_FAYYTQMQTAKHRM-UHFFFAOYSA-N,TetraHCA,MTBLS11904,plasma,Negative,Reverse phase/C18
-0.27962174783608573,-0.09149218283097987,IK_FBCNXALHPSQUQY-WKABSKOFSA-N,"PC(20:4(8Z,11Z,14Z,17Z)/18:0)",MTBLS11904,plasma,Positive,Reverse phase/C18
-0.046309562275558075,-0.0750063682360533,IK_FBJYDOQUXQMQSS-TXUJEBAWSA-N,Asparagoside B,ST003159,serum,Positive,HILIC
-0.022491209432865752,-0.07071489577815308,IK_FBPFZTCFMRRESA-KVTDHHQDSA-N,Mannitol,ST001814,plasma,Positive,GC-MS
0.10238727633240552,-0.06328272088628367,IK_FBTYOQIYBULKEH-ZFWWWQNUSA-N,Histidyltryptophan,MTBLS11904,plasma,Negative,Reverse phase/C18
-0.7038616716954476,-0.12233823520448979,IK_FBUBVLUPUDBFME-UHFFFAOYSA-N,Xanthoxylin,MTBLS11904,plasma,Negative,Reverse phase/C18
-0.04734141292763838,-0.07398026111116454,IK_FBUKVWPVBMHYJY-UHFFFAOYSA-N,Nonanoic acid,ST001814,plasma,Positive,GC-MS
0.9771481810144974,7.911048810765181e-4,IK_FCCFXOHVERVHQR-KDXRDGMUSA-N,Corchorifatty acid A,MTBLS11904,plasma,Negative,Reverse phase/C18
-2.0278384578950446,4.715059525639735,IK_FCCZDEAAQZWMGI-NWBJSICCSA-N,Cer 18:1;2O_22:0;(2OH),37755270,serum,Not reported,Reverse phase/C18
0.14897777083379918,-0.059870095386611595,IK_FCDLCPWAQCPTKC-UHFFFAOYSA-N,Rhein,MTBLS11904,plasma,Negative,Reverse phase/C18
0.49029302646129147,-0.034325729279182954,IK_FCEJNLVNFSUDTK-AATRIKPKSA-N,"3b,6a-Dihydroxy-alpha-ionol 9-[apiosyl-(1->6)-glucoside]",MTBLS11904,plasma,Positive,Reverse phase/C18
-0.3618442190436376,-0.09759723154228009,IK_FCLOZPWDDCBDAQ-BELBSWHZSA-N,DG(i-18:0/PGJ2/0:0),MTBLS11904,plasma,Positive,Reverse phase/C18
0.232468409606023,-0.05375463600855638,IK_FCVJYKICQNLXAX-XPTLAUCJSA-N,(2S)-OMPT,MTBLS11904,plasma,Negative,Reverse phase/C18
0.27288722595739423,-0.050468189201867866,IK_FCXZBWSIAGGPCB-YFKPBYRVSA-N,O-Acetyl-L-homoserine,MTBLS11904,plasma,Positive,Reverse phase/C18
-1.7060604788842502,1.1502194895058555,IK_FDGQSTZJBFJUBT-UHFFFAOYSA-N,Hypoxanthine,ACS1517,serum,Positive,Reverse phase/C18
0.13361502054619287,-0.06099537463795866,IK_FDGQSTZJBFJUBT-UHFFFAOYSA-N,Hypoxanthine,MTBLS11904,plasma,Negative,Reverse phase/C18
0.14889604015745805,-0.04819356693860116,IK_FDGQSTZJBFJUBT-UHFFFAOYSA-N,Hypoxanthine,ST001814,plasma,Positive,GC-MS
0.6284165950080323,-0.6771360665112107,IK_FDGQSTZJBFJUBT-UHFFFAOYSA-N,Hypoxanthine,28880465,serum,Positive,LC-MS/unspecified
0.5596949887582077,-0.029786190792177203,IK_FDLBWFQZCBIUPV-UHFFFAOYSA-N,Chenodeoxycholylthreonine,MTBLS11904,plasma,Negative,Reverse phase/C18
-0.008519963116732632,-0.07140637078054206,IK_FDMKIGKOMRSCAW-NEPJUHHUSA-N,5-hydroxycalamenene,MTBLS11904,plasma,Negative,Reverse phase/C18
-0.23826020018093053,-0.4756242648239436,IK_FDRCXEWKDMDDQD-UHFFFAOYSA-N,2-hydroxyacetophenone sulfate,38720721,serum,Not reported,Reverse phase/C18
-0.1722502649598231,-0.08351981091287998,IK_FDWRIIDFYSUTDP-WGDKFINWSA-N,D-Digitoxose,MTBLS11904,plasma,Positive,Reverse phase/C18
0.08537007616127706,-0.06452918377645805,IK_FEFCOLGURZACFM-UHFFFAOYSA-N,(2S)-2-Amino-3-[4-[(2S)-2-amino-3-phenylpropanoyl]oxyphenyl]propanoic acid,MTBLS11904,plasma,Negative,Reverse phase/C18
0.040286312706861636,-0.06783144533040117,IK_FERBTPHUEYEGDN-UHFFFAOYSA-N,4-(undecan-5-yl)benzene-1-Sulfonic Acid,MTBLS11904,plasma,Negative,Reverse phase/C18
0.10687416697327302,-0.06279471978567244,IK_FERDPPIQANTDTF-VHDCWOTASA-N,"DG(14:1(9Z)/20:5(5Z,8Z,11Z,14Z,17Z)/0:0)",MTBLS11904,plasma,Positive,Reverse phase/C18
0.23149346569646406,-0.053826048229904735,IK_FERIUCNNQQJTOY-UHFFFAOYSA-N,Butyric acid,MTBLS11904,plasma,Negative,Reverse phase/C18
-1.1657841255358299,-0.15729006364988884,IK_FERWCFYKULABCE-UHFFFAOYSA-N,Amotosalen,MTBLS11904,plasma,Positive,Reverse phase/C18
-0.03144539130288908,-0.07306499721258028,IK_FEZNRZLARONEKO-VHGXFIKMSA-N,"DG(i-18:0/18:1(12Z)-O(9S,10R)/0:0)",MTBLS11904,plasma,Positive,Reverse phase/C18
0.4987421038830392,-0.11507398175579153,IK_FFDGPVCHZBVARC-UHFFFAOYSA-N,"N,N-dimethylglycine",ST003159,serum,Negative,Reverse phase/C18
0.3359601663420726,-0.04617415043612978,IK_FFDNVMGPKVVVOG-JCTPYMPQSA-N,Fuegin,MTBLS11904,plasma,Negative,Reverse phase/C18
-0.8252464210895758,-1.972997552714326,IK_FFEARJCKVFRZRR-BYPYZUCNSA-N,L-Methionine,28880465,serum,Positive,LC-MS/unspecified
0.020327126736449517,-0.06508827206016815,IK_FFEARJCKVFRZRR-UHFFFAOYNA-N,Methionine,ST001814,plasma,Positive,GC-MS
-0.18154825184742707,-0.18985272590408137,IK_FFEARJCKVFRZRR-UHFFFAOYNA-N,Methionine,38720721,serum,Not reported,Reverse phase/C18
0.708083460034758,-0.018154709642192665,IK_FFVIWPKOCWPZMF-UHFFFAOYSA-N,3-methylheptanedioylcarnitine,MTBLS11904,plasma,Positive,Reverse phase/C18
-0.21811022635629063,-0.08692492990278625,IK_FFXKPSNQCPNORO-MBYQGORISA-N,"19,20-DiHDPA",MTBLS11904,plasma,Positive,Reverse phase/C18
-0.04438607580915413,-0.07403346458040255,IK_FGIJQXGDQVNWKH-UHFFFAOYSA-N,Palmoxiric acid,MTBLS11904,plasma,Negative,Reverse phase/C18
-0.2611002409072463,-0.0901169541220176,IK_FGMAOXGOTRUOKJ-UHFFFAOYSA-N,"2-Cyclohexen-1-one, 3-(15-hydroxypentadecyl)-2,4,4-trimethyl-",MTBLS11904,plasma,Positive,Reverse phase/C18
-0.05924658165577097,-0.07512195547760758,IK_FGYKUFVNYVMTAM-WAZJVIJMSA-N,Beta-tocotrienol,MTBLS11904,plasma,Negative,Reverse phase/C18
0.2299434386816046,-0.6525956018045315,IK_FHENRYRLCPXONH-LDLOPFEMSA-N,PC 33:0,37755270,serum,Not reported,Reverse phase/C18
-1.2691517911705503,-0.1637441786291348,IK_FHFZEKYDSVTYLL-UHFFFAOYSA-N,Metomidate,MTBLS11904,plasma,Negative,Reverse phase/C18
-0.32149970233202724,-0.05477670388052947,IK_FHKRUUVTZNTHKJ-NRNNPPJOSA-N,dIDP,ST003159,serum,Positive,HILIC
-0.07410994871874196,-0.07623285651090862,IK_FHSUFDYFOHSYHI-UHFFFAOYSA-N,3-Oxopentanoic acid,MTBLS11904,plasma,Positive,Reverse phase/C18
-0.48708629297370476,-0.10689650111051388,IK_FHUAYOMRHXZKHT-JUGJLYODSA-N,PC 40:4,MTBLS11904,plasma,Positive,Reverse phase/C18
1.6508934086122995,0.050141086720488726,IK_FHXBAFXQVZOILS-OETIFKLTSA-N,Sulfolithocholylglycine,MTBLS11904,plasma,Negative,Reverse phase/C18
0.5360050523692464,-0.030931594280389274,IK_FICLVQOYKYBXFN-UHFFFAOYSA-N,(+/-)-6-Chlorotryptophan,MTBLS11904,plasma,Positive,Reverse phase/C18
-0.1834780524057033,-0.08422156834459231,IK_FIHAYSQZVJSSFG-JJGVKMCQSA-N,"PE-NMe2(15:0/20:4(8Z,11Z,14Z,17Z))",MTBLS11904,plasma,Negative,Reverse phase/C18
-0.5495446006343992,-0.11153405318008627,IK_FIJFPUAJUDAZEY-MNDXXDKYSA-N,"PE(P-18:0/22:6(4Z,7Z,10Z,13Z,16Z,19Z))",MTBLS11904,plasma,Positive,Reverse phase/C18
0.028143831821020118,-0.0687208485315065,IK_FIMSWIYKMHXCEM-CDSYOESZSA-N,"2-Hexadec-7-enylicosa-8,11-dienedioic acid",MTBLS11904,plasma,Negative,Reverse phase/C18
0.32280061568533963,-0.0467621016934123,IK_FIXDIFPJOFIIEC-RITPCOANSA-N,(3R)-3-Hydroxy-N-[(3S)-2-oxooxolan-3-yl]butanamide,MTBLS11904,plasma,Positive,Reverse phase/C18
0.15518985544769884,-0.05920726186891288,IK_FIZFZQIBGCHOJY-UHFFFAOYSA-N,Santalyl phenylacetate,MTBLS11904,plasma,Positive,Reverse phase/C18
0.16431097682014628,-0.058746980722525426,IK_FJAZVHYPASAQKM-JBAURARKSA-N,Estrone glucuronide,MTBLS11904,plasma,Negative,Reverse phase/C18
-1.0746593504186044,5.892576911964709e-4,IK_FJFKQAOJHHCXEK-UHFFFAOYSA-N,4-Methoxyphenylethanol sulfate,ST003159,serum,Negative,Reverse phase/C18
0.5627517646203161,-0.02894564138156841,IK_FJIGLGLZNXQEDE-GDVGLLTNSA-N,Epsilon-(Carboxymethyl)lysine,MTBLS11904,plasma,Positive,Reverse phase/C18
0.0623189961863856,-0.06610295751040227,IK_FJKKCRCBBAXLQZ-UHFFFAOYSA-N,PGP(i-24:0/PGD2),MTBLS11904,plasma,Positive,Reverse phase/C18
0.27707947211829353,-0.050486998830005535,IK_FJKROLUGYXJWQN-UHFFFAOYSA-N,4-Hydroxybenzoic acid,MTBLS11904,plasma,Negative,Reverse phase/C18
-0.24666174981028366,-0.08904489066963203,IK_FKEIHZHIVAFDLO-RYPYTVSESA-N,"PC(22:1(13Z)/22:5(4Z,7Z,10Z,13Z,16Z))",MTBLS11904,plasma,Positive,Reverse phase/C18
4.357780448951442,0.24841310443287296,IK_FKENQMMABCRJMK-RITPCOANSA-N,Sulbactam,MTBLS11904,plasma,Negative,Reverse phase/C18
-0.09393328659523655,-0.07770474672901644,IK_FKLSJDGSSFEPLD-AATRIKPKSA-N,Butenoylcarnitine,MTBLS11904,plasma,Positive,Reverse phase/C18
0.141562289594286,-0.06041325920025742,IK_FKSLBYVOWOXWMB-YTBCMDLOSA-N,1-Linoleoyl-sn-Glycero-3-Phosphocholine,MTBLS11904,plasma,Negative,Reverse phase/C18
-0.0298210062933037,-0.07296661327004457,IK_FKTCHXAVPYGOSM-CUAXAMRHSA-N,11'-Carboxy-alpha-chromanol,MTBLS11904,plasma,Negative,Reverse phase/C18
0.07869318869583075,-0.06501824760661426,IK_FKUYMLZIRPABFK-IQSNHBBHSA-N,Plastoquinone,MTBLS11904,plasma,Negative,Reverse phase/C18
0.12214109626302136,-0.061661144444993314,IK_FKWQEFWENKGUGF-VFUOTHLCSA-N,Beta-D-Glucopyranosylurea,MTBLS11904,plasma,Positive,Reverse phase/C18
-0.12041371604084061,-0.07967092828331428,IK_FKXCBKCOSVIGCT-AVGNSLFASA-N,Gln Lys Leu,MTBLS11904,plasma,Positive,Reverse phase/C18
0.22750505902178786,-0.05411818824238582,IK_FLCQLSRLQIPNLM-UHFFFAOYSA-N,"2,5-Dioxopyrrolidin-1-yl 2-(acetylthio)acetate",MTBLS11904,plasma,Negative,Reverse phase/C18
0.034466194484435594,-0.06825775275388282,IK_FLKPEMZONWLCSK-UHFFFAOYSA-N,Diethyl Phthalate,MTBLS11904,plasma,Negative,Reverse phase/C18
-0.05218592130931253,-0.07460498425711379,IK_FLKRMXAWABTWSH-UHFFFAOYSA-N,Piperidines,MTBLS11904,plasma,Positive,Reverse phase/C18
0.16605405800261663,-0.05861930453893773,IK_FLSLEGPOVLMJMN-YSSFQJQWSA-N,Quinaprilat,MTBLS11904,plasma,Negative,Reverse phase/C18
-0.7165654846911281,-0.12326875461691147,IK_FLWFZAGAZMHZQM-IVWGLPAOSA-N,PE(24:1(15Z)/15:0),MTBLS11904,plasma,Negative,Reverse phase/C18
-0.13608987646139303,-0.08075051500425633,IK_FMBYBTSZVHUJMV-DIVFMYBRSA-N,"PC(22:6(4Z,7Z,10Z,13Z,16Z,19Z)/P-18:0)",MTBLS11904,plasma,Negative,Reverse phase/C18
-0.10589616382601436,-0.07853890883445397,IK_FMCBSYMIXJRNHE-QXNXUSMZSA-N,"PE-NMe(20:3(8Z,11Z,14Z)/22:5(7Z,10Z,13Z,16Z,19Z))",MTBLS11904,plasma,Negative,Reverse phase/C18
0.038291335499136214,-0.06788702009452807,IK_FMINYZXVCTYSNY-UHFFFAOYSA-N,Methyldymron,MTBLS11904,plasma,Positive,Reverse phase/C18
0.08049535754715081,-0.06488624356585226,IK_FMOWGHRAYUFXIG-UHFFFAOYSA-N,Zymonic acid,MTBLS11904,plasma,Negative,Reverse phase/C18
0.39581580447541076,-0.04178988982090567,IK_FMXVFWDIAZJILA-UHFFFAOYSA-N,2-Carboxy-4-dodecanolide,MTBLS11904,plasma,Negative,Reverse phase/C18
0.17521262096450688,-0.05794846535086576,IK_FMYKJLXRRQTBOR-BZSNNMDCSA-N,N-Acetyl-leucyl-leucyl-norleucinal,MTBLS11904,plasma,Negative,Reverse phase/C18
-0.05808037579253142,-0.5881591004411832,IK_FNPHNLNTJNMAEE-UHFFFAOYSA-N,acylcarnitine 18:0,37755270,serum,Not reported,Reverse phase/C18
0.22400938356922365,-0.05409738715421204,IK_FNRBOAGVUNHDIL-LMZUXBMISA-N,Soyasapogenol E,MTBLS11904,plasma,Positive,Reverse phase/C18
0.40860824863878553,-0.04085287857255995,IK_FOBVMYJQWZOGGJ-XYRJXBATSA-N,"17-phenyl-18,19,20-trinor-prostaglandin E2",MTBLS11904,plasma,Negative,Reverse phase/C18
2.4896404817654263,0.11157699899489015,IK_FOCVUCIESVLUNU-UHFFFAOYSA-N,Thiotepa,MTBLS11904,plasma,Negative,Reverse phase/C18
-0.15760466471587142,-0.0824323697926766,IK_FONAXCRWZQFJHY-JCGOJSMZSA-N,SM(d18:0/22:0),MTBLS11904,plasma,Positive,Reverse phase/C18
-0.2973692104499534,-0.09256378215155889,IK_FORFDCPQKJHEBF-HUESYALOSA-N,"PC(18:0/18:2(9Z,12Z))",MTBLS11904,plasma,Negative,Reverse phase/C18
-0.6907636933877263,-0.12201962282453276,IK_FOULCGVQZYQEQM-DNXGLLHMSA-N,SM(d16:1/24:1),MTBLS11904,plasma,Positive,Reverse phase/C18
-0.39515926170494137,-0.10007088536255834,IK_FPGSEBKFEJEOSA-UMMCILCDSA-N,8-Oxoguanosine,MTBLS11904,plasma,Positive,Reverse phase/C18
0.014583250384733872,-0.06971412374209157,IK_FPPVBAMKHUAIOP-OYQCQVHHSA-N,4'-Hydroxyfenoprofen glucuronide,MTBLS11904,plasma,Negative,Reverse phase/C18
0.33882591027064585,-0.04596424233809539,IK_FPUXKXIZEIDQKW-VKMVSBOZSA-N,Ginkgolide A,MTBLS11904,plasma,Negative,Reverse phase/C18
0.017047818015712184,-0.06946435897454145,IK_FPUYBGZEWPJSDX-MRXNPFEDSA-N,Undecanoylcarnitine,MTBLS11904,plasma,Positive,Reverse phase/C18
0.05071525738265268,-0.0670675538259478,IK_FQJISUPNMFRIFZ-HXUWFJFHSA-N,Ronacaleret,MTBLS11904,plasma,Negative,Reverse phase/C18
0.4021235538893022,-0.04087234469146482,IK_FQKKPLXFGDCBJT-UHFFFAOYSA-N,N-(5-acetamidopentyl)acetamide,MTBLS11904,plasma,Positive,Reverse phase/C18
0.1726462274051105,-0.05791112016292575,IK_FQPGMQABJNQLLF-VKHMYHEASA-N,L-Canaline,MTBLS11904,plasma,Positive,Reverse phase/C18
-0.11221852648942982,-0.07900200461207765,IK_FQTLNSKVFLETSS-QBCIWLIXSA-N,Gibberellin A43,MTBLS11904,plasma,Negative,Reverse phase/C18
-0.16584043392946132,-0.08292966189411329,IK_FQVFGIZCMMQDNV-NQQLFREJSA-N,PC(18:1(9Z)/P-16:0),MTBLS11904,plasma,Negative,Reverse phase/C18
-0.08129960670119733,-0.07676669114465581,IK_FQYGGFDZJFIDPU-JRSYHJKYSA-N,Estriol-16-Glucuronide,MTBLS11904,plasma,Positive,Reverse phase/C18
-0.07564847711619982,-0.07634709303441056,IK_FQYQMFCIJNWDQZ-CYDGBPFRSA-N,Isoleucyl-prolyl-proline,MTBLS11904,plasma,Positive,Reverse phase/C18
0.10089757945075803,-0.06323848342533189,IK_FRFIAHPOPAPQGJ-VLOXYBQLSA-N,"CL(i-12:0/i-24:0/i-24:0/18:2(9Z,11Z))",MTBLS11904,plasma,Positive,Reverse phase/C18
1.5351213130953498,-0.19125986291861577,IK_FRQOZJPRMBMFKX-DKWTVANSSA-N,Cysteine-S-sulfate3,ST003159,serum,Negative,Reverse phase/C18
-0.08967274831435482,-0.07738839993413818,IK_FSBLXTAIINGBJY-YBEGLDIGSA-N,Involucrin,MTBLS11904,plasma,Positive,Reverse phase/C18
0.3220313518221911,-0.04681922000532588,IK_FSEUPUDHEBLWJY-HWKANZROSA-N,"2,3-Butanedione monoxime",MTBLS11904,plasma,Positive,Reverse phase/C18
-0.3007213649668299,-0.621210813127002,IK_FSQQTNAZHBEJLS-UPHRSURJSA-N,Maleamic acid,38720721,serum,Not reported,Reverse phase/C18
1.2356559968757956,0.019726090389192624,IK_FSWXOANXOQPCFF-UHFFFAOYSA-N,4'-Aminopropiophenone,MTBLS11904,plasma,Negative,Reverse phase/C18
-0.10186557739926924,-0.47706862580946985,IK_FTBLAVKNEFKBKK-CUGCVFGBSA-N,HexCer 42:2;3O,37755270,serum,Not reported,Reverse phase/C18
-0.1437283275326536,-0.08140204637587561,IK_FTTDBZNMICPROO-UHFFFAOYSA-N,Dmap-ethyl-paf,MTBLS11904,plasma,Positive,Reverse phase/C18
-0.6039663528752416,-0.21654792347394405,IK_FUGYGGDSWSUORM-UHFFFAOYSA-N,4-Hydroxystyrene,24167579,serum,Positive,Reverse phase/C18
0.13850274722218173,-0.06044628597182277,IK_FUJLYHJROOYKRA-QGZVFWFLSA-N,Lauroylcarnitine,MTBLS11904,plasma,Positive,Reverse phase/C18
0.029458970072811744,-0.08057623323094809,IK_FUJLYHJROOYKRA-UHFFFAOYSA-N,carnitine 12:0,ST003159,serum,Positive,HILIC
-0.3184392325340695,0.10382867547218289,IK_FUJLYHJROOYKRA-UHFFFAOYSA-N,carnitine 12:0,33485385,plasma,Positive,LC-MS/unspecified
0.10811682426245162,-0.0627024519532321,IK_FUOOLUPWFVMBKG-UHFFFAOYSA-N,2-Aminoisobutyric acid,MTBLS11904,plasma,Positive,Reverse phase/C18
0.6309368531106003,-1.0649918106300347,IK_FUOOLUPWFVMBKG-UHFFFAOYSA-N,2-Aminoisobutyric acid,28880465,serum,Positive,LC-MS/unspecified
-0.2797315911712968,-0.09127187509256869,IK_FUWUEFKEXZQKKA-UHFFFAOYSA-N,Beta-Thujaplicin,MTBLS11904,plasma,Negative,Reverse phase/C18
-0.09269010719175896,-0.07757160167640142,IK_FUYLLJCBCKRIAL-UHFFFAOYSA-N,4-Methylumbelliferone sulfate,MTBLS11904,plasma,Negative,Reverse phase/C18
-0.2753000285268955,-0.09094727519163104,IK_FVEFRICMTUKAML-UHFFFAOYSA-M,Sodium Tetradecyl Sulfate,MTBLS11904,plasma,Negative,Reverse phase/C18
0.13255144546893965,-0.061073278695231055,IK_FVKFHMNJTHKMRX-UHFFFAOYSA-N,MJDBISSN00000003,MTBLS11904,plasma,Negative,Reverse phase/C18
0.140646432682416,-0.06048034346410627,IK_FVMDYYGIDFPZAX-UHFFFAOYSA-N,3-Hydroxyphenylacetic Acid,MTBLS11904,plasma,Negative,Reverse phase/C18
0.3891329679518447,-1.6815761423228257,IK_FVMDYYGIDFPZAX-UHFFFAOYSA-N,3-Hydroxyphenylacetic Acid,28880465,serum,Positive,LC-MS/unspecified
0.07838181784891714,-0.06491028697613824,IK_FVTVMQPGKVHSEY-UHFFFAOYSA-N,1-AMINOCYCLOBUTANE CARBOXYLIC ACID,MTBLS11904,plasma,Positive,Reverse phase/C18
-0.20778433792044315,-0.08615822854532998,IK_FVWJYYTZTCVBKE-ROUWMTJPSA-N,Betulin,MTBLS11904,plasma,Positive,Reverse phase/C18
0.039681927605666745,-0.0677837681706499,IK_FVXDQWZBHIXIEJ-LNDKUQBDSA-N,"PC(18:2(9Z,12Z)/18:2(9Z,12Z))",MTBLS11904,plasma,Positive,Reverse phase/C18
0.1943631376434039,-0.05629863166206039,IK_FWAYDNJCBHNWQD-JBWLPIRVSA-N,Sarmentosin,MTBLS11904,plasma,Positive,Reverse phase/C18
-0.4229711081250241,-0.10213592465584317,IK_FWMYJLDHIVCJCT-RRHRGVEJSA-N,"PC(18:2(9Z,12Z)/16:0)",MTBLS11904,plasma,Positive,Reverse phase/C18
-0.022878225324774768,-0.07245807393211623,IK_FWNZEKQVBDXWKA-ZCWREFTMSA-N,Campesterol glucoside,MTBLS11904,plasma,Negative,Reverse phase/C18
0.5414960380408727,-0.03111921416280891,IK_FWQWYTQHEPIGFR-XFENYREESA-N,Glucose lactate pyruvate,MTBLS11904,plasma,Negative,Reverse phase/C18
0.004420200014440146,-0.07045853913026165,IK_FWWQKRXKHIRPJY-UHFFFAOYSA-N,Stearaldehyde,MTBLS11904,plasma,Negative,Reverse phase/C18
-0.6765337021862274,-0.12033653652421067,IK_FXGOEHDEIHUMCP-XNGCGXPYSA-N,"PE(22:6(4Z,7Z,10Z,13Z,16Z,19Z)/18:1(9Z))",MTBLS11904,plasma,Negative,Reverse phase/C18
0.15081096917870346,-0.059532395916876334,IK_FXYFFYOQPWNFJZ-XGKJNDTMSA-N,"PE(15:0/20:2(11Z,14Z))",MTBLS11904,plasma,Positive,Reverse phase/C18
-0.4452474980039692,-0.10339545941169268,IK_FXYSHYMHTAACSV-FTHMGGAWSA-N,Azukisaponin III,MTBLS11904,plasma,Negative,Reverse phase/C18
-0.19236947394459689,-0.08501366982204939,IK_FYIKIBQJAJRKQM-WNCNYDOCSA-N,Linalool (8-hydroxydihydro-),MTBLS11904,plasma,Positive,Reverse phase/C18
0.05210849755030216,-0.06686109086261827,IK_FYPMFJGVHOHGLL-UHFFFAOYSA-N,Probucol,MTBLS11904,plasma,Positive,Reverse phase/C18
0.41711684912555713,-0.0402296468232172,IK_FYSRHTXDKAIONW-DRTAPUJOSA-N,"(5Z,8Z,13E,15S)-11,12,15-Trihydroxyicosa-5,8,13-trienoylcarnitine",MTBLS11904,plasma,Negative,Reverse phase/C18
0.015587737661883354,-0.06964054825082984,IK_FYVQCLGZFXHEGL-UHFFFAOYSA-N,3-Hydroxydodecanedioic acid,MTBLS11904,plasma,Negative,Reverse phase/C18
-0.07760122313647513,-0.0764920849938733,IK_FYYIUODUDSPAJQ-XVBQNVSMSA-N,"2-Propenoic acid, 2-methyl-, 7-oxabicyclo[4.1.0]hept-3-ylmethyl ester",MTBLS11904,plasma,Positive,Reverse phase/C18
-0.1345831454144148,-0.08064015105852737,IK_FYYSIASRLDJUNP-WHFBIAKZSA-N,Glutamylaspartic acid,MTBLS11904,plasma,Negative,Reverse phase/C18
0.9781725608919096,-0.5167680443477792,IK_FZAYDNUFXQMOCM-SSTSLOEUSA-N,PA(18:2/15:0),29518718,plasma,Positive,LC-MS/unspecified
-0.002020337315514046,-0.07093029072255913,IK_FZERHIULMFGESH-UHFFFAOYSA-N,N-Acetylarylamine,MTBLS11904,plasma,Negative,Reverse phase/C18
0.3521509905028802,-0.04458282587662554,IK_FZWGECJQACGGTI-UHFFFAOYSA-N,7-Methylguanine,MTBLS11904,plasma,Positive,Reverse phase/C18
-0.09020843303763643,-0.07738982611783526,IK_GAGYTXTVUMXAOC-RRKCRQDMSA-N,5-Carboxy-2'-deoxyuridine,MTBLS11904,plasma,Negative,Reverse phase/C18
-0.26162127242407063,-0.08994534416637218,IK_GAQNUGISBQJMKO-UHFFFAOYSA-N,Beta-Citryl-L-glutamic acid,MTBLS11904,plasma,Negative,Reverse phase/C18
-0.21882031588980203,-0.0869776546383198,IK_GAWUJFVQGSLSSZ-SZRCHTAPSA-N,5-hydroxy saxagliptin,MTBLS11904,plasma,Positive,Reverse phase/C18
0.3262918893006581,-0.04650287381895879,IK_GBDRMPRTNVKBAD-BYPYZUCNSA-N,"(S)-Methyl 2,5-diamino-5-oxopentanoate",MTBLS11904,plasma,Positive,Reverse phase/C18
-0.34216881665565563,-0.09613632531528488,IK_GBJKHDVRXAVITG-UNPOXIGHSA-N,Alisol B,MTBLS11904,plasma,Positive,Reverse phase/C18
0.24090360094172986,-0.05284298538348432,IK_GBOGMAARMMDZGR-TYHYBEHESA-N,Cytochalasin B,MTBLS11904,plasma,Positive,Reverse phase/C18
0.02988860705674049,-0.06851092572236303,IK_GBXSMTUPTTWBMN-XIRDDKMYSA-N,Enalapril,MTBLS11904,plasma,Positive,Reverse phase/C18
-0.36778145118300887,0.46841678927323305,IK_GCGTXOVNNFGTPQ-JHOUSYSJSA-N,Cer d34:0,37755270,serum,Not reported,Reverse phase/C18
-0.05576596491006808,-0.07487080923992273,IK_GCIVSXAHMONYLO-HMAFJQTKSA-N,6-Dehydrotestosterone glucuronide,MTBLS11904,plasma,Positive,Reverse phase/C18
-0.5759658557503662,-0.1134958411580041,IK_GCSLDHTZSDNYEC-CPNJWEJPSA-N,Fluvoxamino acid,MTBLS11904,plasma,Positive,Reverse phase/C18
-0.017268724580505806,-0.07002859859518941,IK_GDFAOVXKHJXLEI-VKHMYHEASA-N,N-methylalanine,ST001814,plasma,Positive,GC-MS
-0.2403892905083288,-0.0885791584392362,IK_GDNGOAUIUTXUES-RWDHRDFGSA-N,"(3a,5b,7a)-23-Carboxy-7-hydroxy-24-norcholan-3-yl-b-D-Glucopyranosiduronic acid",MTBLS11904,plasma,Positive,Reverse phase/C18
-0.6326714315533732,0.6481983740132242,IK_GDXFUCUOFXIMJG-METRJLLLSA-N,SM 36:4;3O,37755270,serum,Not reported,Reverse phase/C18
0.28711860710495307,-0.04941150402581128,IK_GEAXLHPORCRESC-UHFFFAOYSA-N,4-Chlorophenyl,MTBLS11904,plasma,Positive,Reverse phase/C18
-0.05404991486602009,-0.07474339178663039,IK_GECFTYLLVUKXOY-UHFFFAOYSA-N,"Menthone 1,3-glyceryl ketal",MTBLS11904,plasma,Positive,Reverse phase/C18
0.5421460006472453,-0.031071606015243364,IK_GENAHGKEFJLNJB-QMTHXVAHSA-N,LYSERGAMIDE,MTBLS11904,plasma,Negative,Reverse phase/C18
-0.1983385590547348,-0.08531005985030851,IK_GEPIUXLNBAZTAN-IAHWHINTSA-N,SM(d16:1/TXB2),MTBLS11904,plasma,Negative,Reverse phase/C18
-0.016711029900061968,-0.07197096567764429,IK_GEWUBFCXNZWHKH-HSZRJFAPSA-N,1-Nonadecanoyl-glycero-3-phosphoethanolamine,MTBLS11904,plasma,Positive,Reverse phase/C18
0.06876601961774172,-0.06562426369838614,IK_GFCQEPZCMASXHO-SGIBUEGPSA-N,"Cer(t18:0/20:3(6,8,11)-OH(5))",MTBLS11904,plasma,Positive,Reverse phase/C18
-0.03786578622461059,-0.07354171414292507,IK_GFFGJBXGBJISGV-UHFFFAOYSA-N,Adenine,MTBLS11904,plasma,Positive,Reverse phase/C18
-0.11236624465481304,-0.0790128244055012,IK_GFNYAPAJUNPMGH-QNEBEIHSSA-N,"5,6-dihydroxy-8Z,11Z,14Z-eicosatrienoic acid",MTBLS11904,plasma,Negative,Reverse phase/C18
0.0169038758824167,-0.07965328850145446,IK_GFRUPHOKLBPHTQ-UHFFFAOYSA-N,Oxyphenonium,ST003159,serum,Negative,Reverse phase/C18
0.3762052790286035,-0.042796786310503224,IK_GFXYTQPNNXGICT-YFKPBYRVSA-N,Allysine,MTBLS11904,plasma,Positive,Reverse phase/C18
0.2592771730532174,-0.05147874076595986,IK_GFYLSDSUCHVORB-IOSLPCCCSA-N,1-Methyladenosine,MTBLS11904,plasma,Positive,Reverse phase/C18
-0.13461268971567397,-0.08064231564578828,IK_GFZHNFOGCMEYTA-UHFFFAOYSA-N,Gabazine,MTBLS11904,plasma,Negative,Reverse phase/C18
-0.2911945667543358,-0.0921115067758699,IK_GGAXPLCKKANQED-UHFFFAOYSA-N,Menthone lactone,MTBLS11904,plasma,Negative,Reverse phase/C18
-0.5544812978696733,-0.20278005342063388,IK_GGJFWMOVUFBSIN-AIRLBKTGSA-O,Se-Adenosylselenomethionine,24167579,serum,Positive,Reverse phase/C18
1.2831191654673184,-0.1727347849660834,IK_GGPJLVOSJQOJSN-UHFFFAOYSA-N,p-Cresol sulfate3,ST003159,serum,Negative,Reverse phase/C18
-0.012095446983678575,-0.0716282572238356,IK_GHBFNMLVSPCDGN-UHFFFAOYSA-N,"2,3-Dihydroxypropyl octanoate",MTBLS11904,plasma,Positive,Reverse phase/C18
-0.01522639327860877,-0.07189759798093687,IK_GHBNZZJYBXQAHG-KUVSNLSMSA-N,Mogroside V,MTBLS11904,plasma,Negative,Reverse phase/C18
-1.2102903210512561,0.6998444647941268,IK_GHCZAUBVMUEKKP-PNNZQWTHSA-N,chenodeoxycholic acid glycine conjugate,ACS1517,serum,Positive,Reverse phase/C18
-2.2462225117378614,-0.33039703005634596,IK_GHCZAUBVMUEKKP-WTFVBUONSA-N,Glycoursodeoxycholic acid,29518718,plasma,Positive,LC-MS/unspecified
-0.014580760759621125,-0.07181279228020515,IK_GHHURQMJLARIDK-UHFFFAOYSA-N,2-Hydroxypropyl octanoate,MTBLS11904,plasma,Positive,Reverse phase/C18
-0.2786568303791787,-0.32889701144884487,IK_GHNXVMPBTBKJRP-CLFAGFIQSA-N,PE O-18:1_18:1,37755270,serum,Not reported,Reverse phase/C18
-0.6603732711268654,-0.11915282933187447,IK_GHOKWGTUZJEAQD-UHFFFAOYSA-N,"3-[[(2S)-2,4-Dihydroxy-3,3-dimethylbutanoyl]amino]propanoic acid",MTBLS11904,plasma,Negative,Reverse phase/C18
0.07296170096993822,-0.06543806309384669,IK_GHOKWGTUZJEAQD-ZETCQYMHSA-N,Pantothenic acid,MTBLS11904,plasma,Negative,Reverse phase/C18
-0.6851351269392156,-0.028045286268132172,IK_GHOKWGTUZJEAQD-ZETCQYMHSA-N,Pantothenic acid,ST003159,serum,Positive,HILIC
-0.06315714716269771,-0.49562980457192446,IK_GHOKWGTUZJEAQD-ZETCQYMHSA-N,Pantothenic acid,33485385,plasma,Positive,LC-MS/unspecified
-0.8782696019309962,2.861096154911675,IK_GHOKWGTUZJEAQD-ZETCQYMHSA-N,Pantothenic acid,38720721,serum,Not reported,Reverse phase/C18
-0.6086126195358428,-0.11536150404810036,IK_GHUJOXJDUAROKJ-UHFFFAOYSA-N,"4-Methyl-1,4-dihydropyridine-3,5-dicarbaldehyde",MTBLS11904,plasma,Negative,Reverse phase/C18
-0.05623311889065384,-0.07490122768647486,IK_GHVNFZFCNZKVNT-UHFFFAOYSA-N,Capric acid,MTBLS11904,plasma,Negative,Reverse phase/C18
-0.28576664461303397,0.11157120882933004,IK_GHVNFZFCNZKVNT-UHFFFAOYSA-N,Capric acid,33485385,plasma,Negative,LC-MS/unspecified
-0.6946440216046142,-0.12166306735008196,IK_GINJFDRNADDBIN-FXQIFTODSA-N,Bialaphos,MTBLS11904,plasma,Negative,Reverse phase/C18
-0.056268945165336356,-0.07490815559880212,IK_GIQXKAXWRLHLDD-VYACWCJYSA-N,Lithocholate 3-O-glucuronide,MTBLS11904,plasma,Positive,Reverse phase/C18
0.04844038839160237,-0.06723418163359092,IK_GIRXTOSJOKKBHO-BQTUIHPCSA-N,Food orange 7,MTBLS11904,plasma,Negative,Reverse phase/C18
-0.12526599573586603,-0.08003121185180453,IK_GIUNBNKDUHWVHI-LJQANCHMSA-N,LysoPE(0:0/15:0),MTBLS11904,plasma,Positive,Reverse phase/C18
-0.21270299976064877,-0.216662893230725,IK_GIVDFJVWLQFBFP-WMPRHZDHSA-N,LPC 44:5,37755270,serum,Not reported,Reverse phase/C18
0.5756781573509275,-0.028615467980525472,IK_GIXWDMTZECRIJT-UHFFFAOYSA-N,Aurintricarboxylic acid,MTBLS11904,plasma,Negative,Reverse phase/C18
1.0329326904604321,0.004877166666984886,IK_GIYMZAJHBZLOGR-UHFFFAOYSA-N,4-Hydroxy-5-(4'-hydroxyphenyl)-valeric acid-4'-O-sulphate,MTBLS11904,plasma,Negative,Reverse phase/C18
-2.3529077378167678,1.946364146777046,IK_GJBXIPOYHVMPQJ-UHFFFAOYSA-N,3-hydroxyanthranilic acid,38516193,plasma,Positive,LC-MS/unspecified
-0.1573679679372294,-0.08241479467799502,IK_GJGMABPPERWSNB-CDMLTSFUSA-N,"PE-NMe2(20:5(5Z,8Z,11Z,14Z,17Z)/18:2(9Z,12Z))",MTBLS11904,plasma,Positive,Reverse phase/C18
-0.1500049826997101,-0.08176975826737393,IK_GJRXIEGNAMFGOV-VEOGPPBOSA-N,"PC(22:6(4Z,7Z,10Z,13Z,16Z,19Z)/P-16:0)",MTBLS11904,plasma,Negative,Reverse phase/C18
-0.5477229506265108,-0.11090150396286477,IK_GJUABKCEXOMRPQ-UHFFFAOYSA-N,C.I. Solvent Red 80,MTBLS11904,plasma,Negative,Reverse phase/C18
-0.2063744585993615,-0.085898667224259,IK_GJWSUKYXUMVMGX-UHFFFAOYSA-N,Citronellic acid,MTBLS11904,plasma,Negative,Reverse phase/C18
0.20466774062823334,-0.055790958556041825,IK_GJZJZRWFRZFTEE-ONEGZZNKSA-N,6-Epi-7-isocucurbic acid glucoside,MTBLS11904,plasma,Negative,Reverse phase/C18
0.1789055898348412,-0.057677965433417716,IK_GKCNNWJPOJGTLV-UKTHLTGXSA-N,"2-Polyprenyl-3-methyl-6-methoxy-1,4-benzoquinone",MTBLS11904,plasma,Negative,Reverse phase/C18
-0.08781538857763271,-0.0772145418870072,IK_GKGOLPMYJJXRGD-UHFFFAOYSA-N,"2-Methyl-4-propyl-1,3-oxathiane",MTBLS11904,plasma,Negative,Reverse phase/C18
-0.04308614992524812,-0.07393824838559661,IK_GKKWUSPPIQURFM-IGDGGSTLSA-N,Prostaglandin E2 ethanolamide,MTBLS11904,plasma,Negative,Reverse phase/C18
0.140721777521498,-0.06028152215965104,IK_GKUMMDFLKGFCKH-URYVQPGZSA-N,Glucoerucin,MTBLS11904,plasma,Positive,Reverse phase/C18
-0.5046403821799528,-0.38753723363430764,IK_GKZIWHRNKRBEOH-HOTGVXAUSA-N,Phe-Phe,38720721,serum,Not reported,Reverse phase/C18
0.2661482844750884,-0.051287678180414964,IK_GKZIWHRNKRBEOH-UHFFFAOYSA-N,Phenylalanylphenylalanine,MTBLS11904,plasma,Negative,Reverse phase/C18
0.1903647880311338,-1.5114237860920465,IK_GKZIWHRNKRBEOH-UHFFFAOYSA-N,Phenylalanylphenylalanine,28880465,serum,Positive,LC-MS/unspecified
1.8710534361534785,0.06626720236199224,IK_GLLFNZDVMSLOCL-UHFFFAOYSA-N,SCD1 Inhibitor,MTBLS11904,plasma,Negative,Reverse phase/C18
0.27956114774599145,-0.05030522276325344,IK_GLNDAGDHSLMOKX-UHFFFAOYSA-N,7-Amino-4-methylcoumarin,MTBLS11904,plasma,Negative,Reverse phase/C18
0.5093819812164745,-0.033471480087721855,IK_GLONBVCUAVPJFV-PCDHEYSGSA-N,Dehydroisoandrosterone 3-glucuronide,MTBLS11904,plasma,Negative,Reverse phase/C18
1.023244945986157,0.005246146084855394,IK_GLUJNGJDHCTUJY-UHFFFAOYSA-N,3-Amino-4-methylpentanoic acid,MTBLS11904,plasma,Positive,Reverse phase/C18
1.1772184586217416,0.015445701883773408,IK_GLVWZDCWCRWVFM-RZGYGYJVSA-N,Taurochenodeoxycholate-3-sulfate,MTBLS11904,plasma,Negative,Reverse phase/C18
0.10548937026521689,-0.0630555012592269,IK_GLXUWZBUPATPBR-MLWJPKLSSA-N,"N-Succinyl-L,L-2,6-diaminopimelate",MTBLS11904,plasma,Negative,Reverse phase/C18
0.11387979541428905,-0.06244092522423273,IK_GLYPHOJMMLQNJQ-GYPHWSFCSA-N,"N-[(3a,5b,7a)-3-hydroxy-24-oxo-7-(sulfooxy)cholan-24-yl]-Glycine",MTBLS11904,plasma,Negative,Reverse phase/C18
-1.8315975790993964,-0.35943552763737646,IK_GMBQZIIUCVWOCD-WWASVFFGSA-N,tryptamine (3-(2-aminoethyl)indole),38516193,plasma,Positive,LC-MS/unspecified
1.2190742708418998,-0.7973490465450065,IK_GMKMEZVLHJARHF-UHFFFAOYSA-N,"2,6-Diaminopimelic acid",38720721,serum,Not reported,Reverse phase/C18
-0.12730750291501675,-0.08018279422599989,IK_GMQUMWVEWMCMOQ-UHFFFAOYSA-N,"2,4-Dihydroxy-2,5-dimethyl-3(2H)-furanone",MTBLS11904,plasma,Positive,Reverse phase/C18
0.13843065216263012,-0.060642642806063934,IK_GMSNIKWWOQHZGF-UHFFFAOYSA-N,3-Methylxanthine,MTBLS11904,plasma,Negative,Reverse phase/C18
-0.43655239487680264,-0.06910566991974872,IK_GMSNIKWWOQHZGF-UHFFFAOYSA-N,3-Methylxanthine,28880465,serum,Positive,LC-MS/unspecified
-0.09866721830214831,-0.07805624304442149,IK_GMXQUOKWLVCFEG-UHFFFAOYSA-N,N-[2-[2-(2-Aminoethylamino)ethylamino]ethyl]acetamide,MTBLS11904,plasma,Positive,Reverse phase/C18
0.3561976359149658,-0.04469181149571369,IK_GMXSGLCDVHHWIB-UHFFFAOYSA-N,(+/-)-3-Mercapto-1-butyl acetate,MTBLS11904,plasma,Negative,Reverse phase/C18
-1.5384037038331315,-0.1849572031780701,IK_GMZVRMREEHBGGF-UHFFFAOYSA-N,PIRACETAM,MTBLS11904,plasma,Positive,Reverse phase/C18
-0.061757800782313424,-0.07530589552310946,IK_GNQHFHGLDGEOOU-ZIJFCRNMSA-N,Desoxycortisone acetate,MTBLS11904,plasma,Negative,Reverse phase/C18
0.020509505604207088,-0.06920732732992936,IK_GNWBLLYJQXKPIP-ZOGIJGBBSA-N,"17-N,N-Diethylcarbamoyl-4-methyl-4-azaandrostane-3-one",MTBLS11904,plasma,Positive,Reverse phase/C18
-1.2934227514118035,-0.16676727796008478,IK_GNWHRHGTIBRNSM-UHFFFAOYSA-N,2-((6-Amino-9H-purin-9-yl)methyl)-5-methyl-3-o-tolylquinazolin-4(3H)-one,MTBLS11904,plasma,Positive,Reverse phase/C18
0.1295675270050817,-0.061291841899102875,IK_GOBIDZCUVCOUAI-UHFFFAOYSA-N,Cholylhistidine,MTBLS11904,plasma,Negative,Reverse phase/C18
0.2709048916343053,-0.0506153785078692,IK_GOLXRNDWAUTYKT-UHFFFAOYSA-N,3-Indolepropionic acid,MTBLS11904,plasma,Positive,Reverse phase/C18
0.11447804552569664,-0.0622301286995925,IK_GOMVPVRDBLLHQC-VEJNOCSESA-N,LPC 20:4,MTBLS11904,plasma,Positive,Reverse phase/C18
0.10817190252342143,0.08708809613245916,IK_GOMVPVRDBLLHQC-VEJNOCSESA-N,LPC 20:4,37755270,serum,Not reported,Reverse phase/C18
0.5103725977546942,-0.1159289577635958,IK_GOQGGGANVKPMNH-UHFFFAOYSA-N,3-Methoxy-4-hydroxyphenylacetaldehyde,ST003159,serum,Positive,HILIC
-2.828365065930961,7.1723806642931445,IK_GOUHYARYYWKXHS-UHFFFAOYSA-N,Benzaldehyde-4-carboxylic acid,38720721,serum,Not reported,Reverse phase/C18
0.18023505854643104,-0.057580585159536846,IK_GOVYBPLHWIEHEJ-UHFFFAOYSA-N,Tubastatin A,MTBLS11904,plasma,Negative,Reverse phase/C18
1.2011193528949642,0.017196376863212987,IK_GOZCEKPKECLKNO-RKQHYHRCSA-N,Picein,MTBLS11904,plasma,Negative,Reverse phase/C18
-0.34876199423136917,0.03244647159686189,IK_GPSDUZXPYCFOSQ-UHFFFAOYSA-N,3-methylbenzoic acid 01,38720721,serum,Not reported,Reverse phase/C18
-0.829640364726728,-0.017422476671424658,IK_GPWHCUUIQMGELX-VHQDNGOZSA-N,PC 32:2,ST003159,serum,Positive,HILIC
-0.39328969136530667,0.5171535999599437,IK_GPWHCUUIQMGELX-VHQDNGOZSA-N,PC 32:2,33485385,plasma,Positive,LC-MS/unspecified
0.1514594456590824,-0.05968831992837065,IK_GQAJNGUAQKYPCH-XVNBXDOJSA-N,Zearalenone 4-sulfate,MTBLS11904,plasma,Negative,Reverse phase/C18
-0.7637254118020191,-0.12743705708102665,IK_GQIJYUMTOUBHSH-IJIVKGSJSA-N,"(E,E)-Trichostachine",MTBLS11904,plasma,Positive,Reverse phase/C18
-0.22983219690285878,-0.087616882315242,IK_GQJQCKUJCHMTNF-UHFFFAOYSA-N,Prenyl glucoside,MTBLS11904,plasma,Negative,Reverse phase/C18
0.08773357632002156,-0.06435606413289088,IK_GQMMRLBWXCGBEV-UHFFFAOYSA-N,3-Nitrobenzaldoxime,MTBLS11904,plasma,Negative,Reverse phase/C18
-0.004491569904830347,-0.07106366664594162,IK_GQPDNUJLVOFHSX-UHFFFAOYSA-N,8-Isoquinoline methanamine (hydrochloride),MTBLS11904,plasma,Positive,Reverse phase/C18
-0.6993143566474739,-0.12265451254380552,IK_GQQALHZKRGXRTO-AEMURDCYSA-N,"PC(20:0/20:5(5Z,8Z,11Z,14Z,17Z))",MTBLS11904,plasma,Positive,Reverse phase/C18
0.029859020227502236,-0.06851312256071562,IK_GQQZXRPXBDJABR-XMDONHODSA-N,3-O-Sulfogalactosylceramide (d18:1/18:0),MTBLS11904,plasma,Positive,Reverse phase/C18
0.504861787404379,-0.03380257182458356,IK_GRERMCGRRAMWSD-GRZGAGJTSA-N,Vanillic acid 4-O-glucuronide,MTBLS11904,plasma,Negative,Reverse phase/C18
-0.08713588180125485,-0.07716476986101709,IK_GRJFTUSJGMRSSJ-KICRZJJPSA-N,Abscisic alcohol,MTBLS11904,plasma,Negative,Reverse phase/C18
0.920568931015275,-0.0023775859252602866,IK_GRQPGTWGEQWMMM-IUXPMGMMSA-N,(E)-2-hydroxydoxepin,MTBLS11904,plasma,Positive,Reverse phase/C18
1.4198317370580142,0.033216456416161916,IK_GRXIELRCPYIEQI-UHFFFAOYSA-M,"2-(3,4-Dihydroxybenzoyloxy)-4,6-dihydroxybenzoate",MTBLS11904,plasma,Negative,Reverse phase/C18
-0.140177879456444,-0.08113842421620573,IK_GSBJTPGARMFLIJ-YYBQYWACSA-N,DG(PGE2/0:0/a-17:0),MTBLS11904,plasma,Positive,Reverse phase/C18
0.032876901890366,-0.06828904369860292,IK_GSDSWSVVBLHKDQ-JTQLQIEISA-N,Levofloxacin,MTBLS11904,plasma,Positive,Reverse phase/C18
0.4396833603496598,1.8452009868218695,IK_GSEJCLTVZPLZKY-UHFFFAOYSA-N,Triethanolamine,38720721,serum,Not reported,Reverse phase/C18
-0.10073831298169797,-0.07821002215664426,IK_GSEOJHIBPQRSNH-XZOQPEGZSA-N,LysoSM(d18:0),MTBLS11904,plasma,Positive,Reverse phase/C18
-0.030025212367120312,-0.0729595484503495,IK_GSLDEZOOOSBFGP-UHFFFAOYSA-N,Alpha-Methylene-Gamma-Butyrolactone,MTBLS11904,plasma,Positive,Reverse phase/C18
0.6219198044740936,-0.854726858485342,IK_GTDWNYZZRCJYOX-HBZIWDQGSA-N,TG 10:0_18:2_18:2,37755270,serum,Not reported,Reverse phase/C18
-0.08881472329233085,-0.07732469120749201,IK_GTEPPJFJSNSNIH-UHFFFAOYSA-N,BIDISOMIDE,MTBLS11904,plasma,Positive,Reverse phase/C18
0.34192800420345726,-0.04573702271103862,IK_GTPATKZCXDKGQS-UHFFFAOYSA-N,DHAP(18:0),MTBLS11904,plasma,Negative,Reverse phase/C18
-0.09546722062379873,-0.07777501783818658,IK_GTZCVFVGUGFEME-HNQUOIGGSA-N,Trans-Aconitic Acid,MTBLS11904,plasma,Negative,Reverse phase/C18
0.31543357754242385,-0.02630953525085926,IK_GTZCVFVGUGFEME-HNQUOIGGSA-N,Trans-Aconitic Acid,ST001814,plasma,Positive,GC-MS
0.06675927834562556,-0.08331823823964653,IK_GTZCVFVGUGFEME-IWQZZHSRSA-N,cis-Aconitic acid,ST003159,serum,Negative,Reverse phase/C18
-0.1529704934285489,-0.2644320667524151,IK_GTZCVFVGUGFEME-IWQZZHSRSA-N,cis-Aconitic acid,33485385,plasma,Negative,LC-MS/unspecified
-0.11376991820139071,1.1406430786709605,IK_GTZCVFVGUGFEME-UHFFFAOYSA-N,aconitic acid,38720721,serum,Not reported,Reverse phase/C18
-0.0016658125134832134,-0.0709043226700266,IK_GUAHPAJOXVYFON-UHFFFAOYSA-N,8-Amino-7-oxononanoic acid,MTBLS11904,plasma,Negative,Reverse phase/C18
-0.1168040936349938,-0.07940291254726436,IK_GUAHPAJOXVYFON-ZETCQYMHSA-N,KAPA,MTBLS11904,plasma,Positive,Reverse phase/C18
-0.11053453310706318,-0.07887865699450061,IK_GUARTUJKFNAVIK-QPTWMBCESA-N,Tulathromycin A,MTBLS11904,plasma,Negative,Reverse phase/C18
0.1995804808174597,0.190912053751578,IK_GUBGYTABKSRVRQ-CUHNMECISA-N,Cellobiose,38720721,serum,Not reported,Reverse phase/C18
-0.029522232111852006,-0.07292220209147011,IK_GUBGYTABKSRVRQ-QKKXKWKRSA-N,lactose,MTBLS11904,plasma,Positive,Reverse phase/C18
0.22629180502758656,0.2578587178996347,IK_GUBGYTABKSRVRQ-QKKXKWKRSA-N,lactose,38720721,serum,Not reported,Reverse phase/C18
-0.09872639263178545,-0.0780606366208015,IK_GUGSXATYPSGVAY-GCXXXECGSA-N,"5-Androstene-3alpha-16beta,17beta-triol",MTBLS11904,plasma,Positive,Reverse phase/C18
-0.16350647713830727,-0.08275870552045951,IK_GUJNNQFVFGFZPK-UHFFFAOYSA-N,Hydroxymatairesinol glucuronide 1,MTBLS11904,plasma,Negative,Reverse phase/C18
0.5700045581662783,-1.3050168020582922,IK_GUKOKXKMWGOHJJ-NSHDSACASA-N,Phenyl-Leucine,28880465,serum,Positive,LC-MS/unspecified
-0.1538175191898591,-0.08215117261865032,IK_GUMSBNXGPBAONF-UBRVPYPMSA-N,"PE(20:3(8Z,11Z,14Z)/24:1(15Z))",MTBLS11904,plasma,Positive,Reverse phase/C18
0.13289315772315557,-0.65113521105235,IK_GURBRQGDZZKITB-VXBMJZGYSA-N,12-KETE,ACS1517,serum,Positive,Reverse phase/C18
0.5882047080112197,-0.0276979322399519,IK_GUZRMGFLLJQHCW-UHFFFAOYSA-N,Hydroxyprolyl-Asparagine,MTBLS11904,plasma,Negative,Reverse phase/C18
-0.13378707216637542,-0.0806639047327247,IK_GVEZIHKRYBHEFX-NQQPLRFYSA-N,Cerulenin,MTBLS11904,plasma,Positive,Reverse phase/C18
-0.013220169089884697,-0.06949645674223635,IK_GVJHHUAWPYXKBD-IEOSBIPESA-N,alpha tocophereol,ST001814,plasma,Positive,GC-MS
0.08811596406820622,-0.06418752300080513,IK_GVQAYSKPEXYNSE-PEHNEXDUSA-N,"PE(20:3(5Z,8Z,11Z)/20:4(5E,8Z,12Z,14Z)-OH(11R))",MTBLS11904,plasma,Positive,Reverse phase/C18
0.5750577390458139,-0.028660911540830114,IK_GVQOVMKBYJKZSY-UHFFFAOYSA-N,8-Desoxygartanin,MTBLS11904,plasma,Negative,Reverse phase/C18
-0.08976151027564497,-0.07739499095738195,IK_GVUVRRPYYDHHGK-UHFFFAOYSA-N,Prolyl-Threonine,MTBLS11904,plasma,Positive,Reverse phase/C18
-0.5638055686111964,-0.11259293519449547,IK_GVZYULOAWBVSSF-LKECMMOOSA-N,"PC(18:1(12Z)-2OH(9,10)/P-16:0)",MTBLS11904,plasma,Positive,Reverse phase/C18
-0.06937601701183023,-0.07588136019550357,IK_GWENQMVPLJAMAE-UHFFFAOYSA-N,2-Keto-6-aminocaproate,MTBLS11904,plasma,Positive,Reverse phase/C18
0.40021782362096736,-0.04146745389871776,IK_GXAMYUGOODKVRM-UHFFFAOYSA-N,Flurenol,MTBLS11904,plasma,Negative,Reverse phase/C18
-0.009904377628894071,-0.06906069976864389,IK_GXBZQGMJJGJFFX-XDVLZLKUSA-N,MONOSACCHARIDES,ST001814,plasma,Positive,GC-MS
-0.1046392954285158,1.083669725294144,IK_GXEIJYZRCDTJTE-DOFZRALJSA-N,LPC 22:4,37755270,serum,Not reported,Reverse phase/C18
-0.31154384577104377,-0.1388523069075925,IK_GXOMMGAFBINOJY-SLINCCQESA-M,Dicloxacillin sodium,24167579,serum,Positive,Reverse phase/C18
1.6280946675647157,-0.8706901528567011,IK_GXPIUNZCALHVBA-UHFFFAOYSA-N,Acetyl-sulfamethoxazole,37755270,serum,Not reported,Reverse phase/C18
5.167737093305348,-1.3098596302612902,IK_GXPIUNZCALHVBA-UHFFFAOYSA-N,Acetyl-sulfamethoxazole,38720721,serum,Not reported,Reverse phase/C18
0.07993402623972636,-0.06492735916865744,IK_GXQHCJRGIJYVTF-TWHMOVIGSA-N,"PS(20:0/20:3(8Z,11Z,14Z)-2OH(5,6))",MTBLS11904,plasma,Negative,Reverse phase/C18
0.7743078538319023,-0.8962318515821444,IK_GXRODSBSDBCXSO-YJMJMZFLSA-N,TG 10:0_12:0_18:2,37755270,serum,Not reported,Reverse phase/C18
0.8480303078672534,-0.00776360527705032,IK_GYDJEQRTZSCIOI-UHFFFAOYSA-N,Tranexamic Acid,MTBLS11904,plasma,Positive,Reverse phase/C18
-0.03599565079133597,-0.07341888925424472,IK_GYJSAWZGYQXRBS-GRJZKGIBSA-N,"3beta,7alpha-Dihydroxy-5-cholestenoate",MTBLS11904,plasma,Negative,Reverse phase/C18
-0.2645165590490737,-0.09015741563464516,IK_GYNWSIBKBBWJJW-ZQMNIGHUSA-N,17-Hydroxyandrostane-3-glucuronide,MTBLS11904,plasma,Negative,Reverse phase/C18
0.11296393917357977,-0.06250800958840677,IK_GYPQKMKDLBCBMB-XTVBGRGASA-N,"PC(17:2(9Z,12Z)/0:0)",MTBLS11904,plasma,Negative,Reverse phase/C18
-0.31107751085403756,-0.09356787776407866,IK_GYQQQCVFOLKXGH-LDSFXQROSA-N,Chrysoeriol 7-apiosyl-glucoside,MTBLS11904,plasma,Negative,Reverse phase/C18
0.029592736619621956,-0.0685328945137498,IK_GYSZYWSJZCKCBD-LXGUAGHKSA-N,Dehydroxypaxilline,MTBLS11904,plasma,Positive,Reverse phase/C18
-0.013583590623371996,-0.07741210643947577,IK_HAEJPQIATWHALX-KQYNXXCUSA-N,Inosine triphosphate,ST003159,serum,Positive,HILIC
-0.022996399991313473,-0.07246672974679003,IK_HAFVWTUQBYRPOB-QGGNSXJXSA-N,"11b,17a,21-Trihydroxypreg-nenolone",MTBLS11904,plasma,Negative,Reverse phase/C18
-0.06771914142867344,-0.07575833702742758,IK_HASACTZYOHWROP-UHFFFAOYSA-N,"10-Hydroxy-2-oxabicyclo[6.2.2]dodeca-1(10),8,11-trien-3-one",MTBLS11904,plasma,Positive,Reverse phase/C18
-0.23018175086300963,-0.0878212449433763,IK_HASVPNDDKSXPGU-HYSOADAZSA-O,Pelargonidin 3-sophoroside,MTBLS11904,plasma,Positive,Reverse phase/C18
0.656893927132101,-0.02266663641011339,IK_HAVMVUFJSIMVDG-UHFFFAOYSA-N,Lucidenic acid J,MTBLS11904,plasma,Negative,Reverse phase/C18
1.0945494403370493,-0.15887272533382574,IK_HAVMVUFJSIMVDG-UHFFFAOYSA-N,Lucidenic acid J,ST003159,serum,Negative,Reverse phase/C18
0.032191324690970594,-0.0684243811700371,IK_HBGGXOJOCNVPFY-UHFFFAOYSA-N,Diisononyl phthalate,MTBLS11904,plasma,Negative,Reverse phase/C18
-0.15301866782631157,-0.08209185756870935,IK_HBNPJJILLOYFJU-VMPREFPWSA-N,Mibefradil,MTBLS11904,plasma,Positive,Reverse phase/C18
-0.8136757910949127,-0.13038181655454006,IK_HBZNVZIRJWODIB-BCTRXSSUSA-N,1-Palmitoyl-2-Linoleoyl PE,MTBLS11904,plasma,Negative,Reverse phase/C18
1.2433669159196508,0.02029089429787148,IK_HCAJEUSONLESMK-UHFFFAOYSA-N,Cyclamate,MTBLS11904,plasma,Negative,Reverse phase/C18
0.006958627029667413,-0.07021348531764135,IK_HCENGXRZXKAJLN-VOTSOKGWSA-N,Nalpha-Cinnamoylhistamine,MTBLS11904,plasma,Positive,Reverse phase/C18
-0.8509009166689293,-0.133108454506706,IK_HCFRWBBJISAZNK-UHFFFAOYSA-N,4-Hydroxycyclohexylcarboxylic acid,MTBLS11904,plasma,Negative,Reverse phase/C18
0.3143932288600042,-0.047753869041915586,IK_HCHGFYPZNIAAGT-MOZMCZEASA-N,Donhexocin,MTBLS11904,plasma,Negative,Reverse phase/C18
0.29750366906802306,-0.048640409700486165,IK_HCHPJRWDAXBWHL-DDCHMOMFSA-N,Cer(d17:1/LTE4),MTBLS11904,plasma,Positive,Reverse phase/C18
-0.03771785140725867,-0.07353073005148728,IK_HCJXCECWFHKWJZ-PVXQIPPMSA-N,PS(15:0/22:0),MTBLS11904,plasma,Positive,Reverse phase/C18
-0.004945168912937014,-0.0711445266777678,IK_HCOOTBJPHHNRCV-AQTSNUJDSA-N,3beta-hydroxy-4beta-methyl-5alpha-cholest-7-ene-4alpha-carbaldehyde,MTBLS11904,plasma,Negative,Reverse phase/C18
0.31932703514298016,-0.047392481395347075,IK_HCRKCZRJWPKOAR-JTQLQIEISA-N,Brinzolamide,MTBLS11904,plasma,Negative,Reverse phase/C18
-0.2129029012233488,-0.0865382840668544,IK_HCZHHEIFKROPDY-UHFFFAOYSA-N,Kynurenic Acid,MTBLS11904,plasma,Positive,Reverse phase/C18
-0.10040102623561395,-0.07813640558508028,IK_HDAGCVMZABLHLE-UHFFFAOYSA-N,Momordol,MTBLS11904,plasma,Negative,Reverse phase/C18
-0.5372659663095305,-0.1106223605720036,IK_HDFGOPSGAURCEO-UHFFFAOYSA-N,N-ethylmaleimide,MTBLS11904,plasma,Positive,Reverse phase/C18
-0.06132833400735087,-0.07528381683511019,IK_HDHQZCHIXUUSMK-UHFFFAOYSA-N,"2,4-Quinolinediol",MTBLS11904,plasma,Positive,Reverse phase/C18
-0.19910669632764622,-0.08536632381254786,IK_HDOVUKNUBWVHOX-QMMMGPOBSA-N,Valaciclovir,MTBLS11904,plasma,Negative,Reverse phase/C18
0.22674296788942117,0.1914135799494248,IK_HEBKCHPVOIAQTA-NGQZWQHPSA-N,ribitol,38720721,serum,Not reported,Reverse phase/C18
0.506959394060041,-0.03364892768878855,IK_HEBKCHPVOIAQTA-QWWZWVQMSA-N,lyxitol,MTBLS11904,plasma,Negative,Reverse phase/C18
0.17644451577684758,-0.05970350965431831,IK_HEBKCHPVOIAQTA-QWWZWVQMSA-N,lyxitol,38720721,serum,Not reported,Reverse phase/C18
0.08123395132121768,-0.06483214358236265,IK_HEGSGKPQLMEBJL-RKQHYHRCSA-N,B-Octylglucoside,MTBLS11904,plasma,Negative,Reverse phase/C18
-0.1358239829583104,-0.0807310394964842,IK_HEMJJKBWTPKOJG-UHFFFAOYSA-N,Gemfibrozil,MTBLS11904,plasma,Negative,Reverse phase/C18
0.008142109989208859,-0.070125611061581,IK_HEUQYIQQCNOXOG-UHFFFAOYSA-N,N-Undecanoylglycine,MTBLS11904,plasma,Positive,Reverse phase/C18
-0.029909637460997906,-0.07297310510596862,IK_HFTWTHSIMCSLFQ-CMLLUXCUSA-N,Glabric acid,MTBLS11904,plasma,Negative,Reverse phase/C18
0.2825917853474451,-0.04974762206488735,IK_HFXAFXVXPMUQCQ-BYPYZUCNSA-N,4-Oxo-L-proline,MTBLS11904,plasma,Positive,Reverse phase/C18
-1.1086749483688187,2.1749347614076444,IK_HGLVTNLCPFWLTF-UHFFFAOYSA-N,Cer 16:0;2O_23:0,37755270,serum,Not reported,Reverse phase/C18
-0.48370164415426886,-0.10621211956298629,IK_HGXBRUKMWQGOIE-NSMLZSOPSA-N,(-)-Pinoresinol,MTBLS11904,plasma,Negative,Reverse phase/C18
0.24625886169443828,-0.052445354847603515,IK_HHDMMUWDSFASNB-JZYAIQKZSA-N,4-O-(Indole-3-acetyl)-D-glucopyranose,MTBLS11904,plasma,Positive,Reverse phase/C18
-2.0386505002297564,0.5749687472644689,IK_HHJTWTPUPVQKNA-JIAPQYILSA-N,nadh,38516193,plasma,Positive,LC-MS/unspecified
-0.04607006999393548,-0.07415681280649075,IK_HHMMIZFWFLNZEU-UHFFFAOYSA-N,Desacetylmetipranolol,MTBLS11904,plasma,Negative,Reverse phase/C18
0.04598825693390965,-0.06741379382191848,IK_HHTOWVWIVBSOKC-UHFFFAOYSA-N,"Cis,trans-5'-Hydroxythalidomide",MTBLS11904,plasma,Negative,Reverse phase/C18
0.16623132114041977,-0.05860632025857848,IK_HHXMOTDTSDYYEI-UHFFFAOYSA-N,4-Oxododecanedioic acid,MTBLS11904,plasma,Negative,Reverse phase/C18
1.0671227533531158,-0.7010221322908861,IK_HIAJCGFYHIANNA-QIZZZRFXSA-N,3b ?Ã³?Ã³?Ã‡Ãœ?Â¼?Ã³?Ã©Â¼?Ã´Hydroxy-5-cholenoic acid,29518718,plasma,Positive,LC-MS/unspecified
-0.20926974669793993,-0.08611073920071793,IK_HIMXGTXNXJYFGB-UHFFFAOYSA-N,Alloxan,MTBLS11904,plasma,Negative,Reverse phase/C18
0.2021445378424177,-0.05572085964619002,IK_HJIKODJJEORHMZ-NNPZUXBVSA-N,28-Homobrassinolide,MTBLS11904,plasma,Positive,Reverse phase/C18
-0.2090333965624478,-0.08609342696285921,IK_HJKVPZJVBHWFCQ-BDXSIMOUSA-N,17-Deoxyestradiol,MTBLS11904,plasma,Negative,Reverse phase/C18
0.1624682745890296,-0.058666836820433076,IK_HJOVHMDZYOCNQW-UHFFFAOYSA-N,Isophorone,MTBLS11904,plasma,Positive,Reverse phase/C18
0.6199139866603541,-0.024701325662985663,IK_HJSJELVDQOXCHO-JGVFFNPUSA-N,Heliotridine,MTBLS11904,plasma,Positive,Reverse phase/C18
0.10398263854707795,-0.06316586510463065,IK_HJXMNVQARNZTEE-UHFFFAOYSA-N,(S)-3-Butyl-1(3H)-isobenzofuranone,MTBLS11904,plasma,Negative,Reverse phase/C18
0.22936464351951735,-0.0536997572268424,IK_HJZMWAMKWAKZAR-NJSWGWQKSA-N,"PA(22:6(4Z,7Z,10Z,13Z,16Z,19Z)/20:5(5Z,8Z,11Z,14Z,17Z))",MTBLS11904,plasma,Positive,Reverse phase/C18
-0.024019036673045693,-0.07251358817298786,IK_HKJOYARIOKGODS-UHFFFAOYSA-N,6-Amino-N-[6-keto-6-(6-ketohexylamino)hexyl]hexanamide,MTBLS11904,plasma,Positive,Reverse phase/C18
-0.10947095802980997,-0.07880075293722821,IK_HKVFKEJBSWJQMU-UHFFFAOYSA-N,Xi-3-Methyl-3-cyclohexen-1-ol,MTBLS11904,plasma,Negative,Reverse phase/C18
1.1129825337848427,0.011909194858991792,IK_HKVGJQVJNQRJPO-VTDDDATNSA-N,Demethyloleuropein,MTBLS11904,plasma,Positive,Reverse phase/C18
-0.04471105711234047,-0.07405726865418533,IK_HLAWVOWADPNAGN-BAHZUFOISA-N,"Delta8,14-Sterol",MTBLS11904,plasma,Negative,Reverse phase/C18
-7.688126320510855,-6.684753573450283,IK_HLIJNIKSBCIDGO-QKLMXXKVSA-N,C16:0 lactosylceramide,24058461,plasma,Not reported,LC-MS/unspecified
-0.3383759360619985,-0.09556741185709688,IK_HLPZZZJXJPXFIM-VHEBQXMUSA-N,1-O-Isopentyl-3-O-octadec-2-enoyl glycerol,MTBLS11904,plasma,Negative,Reverse phase/C18
-0.08316359303617263,-0.07690509319757194,IK_HLQYTKUIIJTNHH-JTAGEXAMSA-N,16-alpha-Hydroxyandrosterone,MTBLS11904,plasma,Positive,Reverse phase/C18
-0.19677794771399115,-0.08534100060804026,IK_HLVIBBYTXSJPBE-VXKURYGYSA-N,DG(TXB2/0:0/19:0),MTBLS11904,plasma,Positive,Reverse phase/C18
-0.029463057782214818,-0.07291780851509011,IK_HMARMWSETGYKDK-AOGVJQIJSA-N,"PE(14:0/18:2(9Z,12Z))",MTBLS11904,plasma,Positive,Reverse phase/C18
0.12628817060562791,-0.061532045906844086,IK_HMFKFHLTUCJZJO-HHVQYONYSA-N,Polysorbate 80,MTBLS11904,plasma,Negative,Reverse phase/C18
0.8777039179508132,-0.006492912721369523,IK_HMNKTRSOROOSPP-UHFFFAOYSA-N,3-Ethylphenol,MTBLS11904,plasma,Negative,Reverse phase/C18
-0.9164365399427419,-0.29564786792475106,IK_HMVMFGNKDHVMJV-UHFFFAOYSA-N,"2-Naphthalenepropanol, 6-hydroxy-a-methyl-",24167579,serum,Positive,Reverse phase/C18
-0.2677959154485275,-0.09039761964238636,IK_HMXRXOXNFHVCIP-KEKNWZKVSA-N,DG(8:0/a-13:0/0:0),MTBLS11904,plasma,Negative,Reverse phase/C18
-0.1160296700263029,-0.07928116034419948,IK_HNDVDQJCIGZPNO-YFKPBYRVSA-N,Histidine,MTBLS11904,plasma,Negative,Reverse phase/C18
-0.061651407873532085,-0.0758605915985489,IK_HNDVDQJCIGZPNO-YFKPBYRVSA-N,Histidine,ST001814,plasma,Positive,GC-MS
0.10922647348570841,-1.1247821276135967,IK_HNDVDQJCIGZPNO-YFKPBYRVSA-N,Histidine,28880465,serum,Positive,LC-MS/unspecified
-0.12961418596512891,-0.2838043324398489,IK_HNDVDQJCIGZPNO-YFKPBYRVSA-N,Histidine,38720721,serum,Not reported,Reverse phase/C18
-0.02627575706192797,-0.07270693365420604,IK_HNEGQIOMVPPMNR-NSCUHMNNSA-N,Mesaconic Acid,MTBLS11904,plasma,Negative,Reverse phase/C18
-0.15189578271872436,-0.08190825414405997,IK_HNFSZKRUPTYBOQ-ZDYOIFAYSA-N,"PE(18:0/22:4(7Z,10Z,13Z,16Z))",MTBLS11904,plasma,Negative,Reverse phase/C18
-0.07032280319272964,-0.07595165933688235,IK_HNGIZKAMDMBRKJ-LBPRGKRZSA-N,ACETYLTRYPTOPHANAMIDE,MTBLS11904,plasma,Positive,Reverse phase/C18
-0.12563138908917215,-0.07998446012956438,IK_HNOSJVWYGXOFRP-UNPOXIGHSA-N,Alisol A,MTBLS11904,plasma,Negative,Reverse phase/C18
0.010065269180245928,-0.06998281594047084,IK_HOMAGVUCNZNWBC-UHFFFAOYSA-N,2-Propenyl 3-methylbutanoate,MTBLS11904,plasma,Positive,Reverse phase/C18
0.23347289688317252,-0.053681060517294654,IK_HOOOPXDSCKBLFG-MRVPVSSYSA-N,(S)-4-Hydroxymandelonitrile,MTBLS11904,plasma,Negative,Reverse phase/C18
1.165046433565895,0.014554134804243571,IK_HOSGXJWQVBHGLT-UHFFFAOYSA-N,"6-Hydroxy-3,4-dihydro-2(1H)-quinolinone",MTBLS11904,plasma,Negative,Reverse phase/C18
0.651901033851436,-0.023032352014181398,IK_HOSWPDPVFBCLSY-VKHMYHEASA-N,L-Aspartate-semialdehyde,MTBLS11904,plasma,Negative,Reverse phase/C18
-3.4689062569530753,5.192426629442107,IK_HOUYEUYYRCGVGJ-WDTHWMLCSA-N,PS 18:0_22:3,37755270,serum,Not reported,Reverse phase/C18
-0.08018463848777943,-0.07829597199783406,IK_HOVAGTYPODGVJG-VOQCIKJUSA-N,methyl-beta-D-galactopyranoside,ST001814,plasma,Positive,GC-MS
-2.267172208810324,1.4222281653906292,IK_HPEUJPJOZXNMSJ-UHFFFAOYSA-N,norepinephrine (noradrenaline),38516193,plasma,Positive,LC-MS/unspecified
-0.048221261489696327,-0.07431061233873396,IK_HPHUVLMMVZITSG-LURJTMIESA-N,Levetiracetam,MTBLS11904,plasma,Positive,Reverse phase/C18
-0.3439008709915406,0.13760585493587804,IK_HPHUVLMMVZITSG-LURJTMIESA-N,Levetiracetam,38720721,serum,Not reported,Reverse phase/C18
-0.04881300290384004,-0.07435454911234594,IK_HPHUVLMMVZITSG-UHFFFAOYSA-N,Etiracetam,MTBLS11904,plasma,Positive,Reverse phase/C18
-0.01726491293658163,-0.0720469141592324,IK_HPHXOIULGYVAKW-IOSLPCCCSA-N,2'-O-Methylinosine,MTBLS11904,plasma,Negative,Reverse phase/C18
-0.07718700404008225,-0.07646132904972652,IK_HPMRFMKYPGXPEP-UHFFFAOYSA-N,Idazoxan,MTBLS11904,plasma,Positive,Reverse phase/C18
-0.12250552137975029,-0.07982624527333254,IK_HPWLZTZUPVOGKR-VAWYXSNFSA-N,(4E)-3-Hydroxydodec-4-enoylcarnitine,MTBLS11904,plasma,Positive,Reverse phase/C18
-0.48554420983588803,-0.2618747202637788,IK_HPYDSVWYXXKHRD-VIFPVBQESA-N,Tyr-Gly,38720721,serum,Not reported,Reverse phase/C18
0.3922414721815005,-0.04160609265791052,IK_HQIDPEYTETUCNF-XVFCMESISA-N,Uridine 2'-phosphate,MTBLS11904,plasma,Positive,Reverse phase/C18
-0.3212996474196056,-0.09431662050123704,IK_HQRWPYNQQYEQRQ-ORWZVCRDSA-N,Curcumin diglucoside,MTBLS11904,plasma,Negative,Reverse phase/C18
0.10102826345081048,-0.0633822650385891,IK_HQUQLFOMPYWACS-UHFFFAOYSA-N,Tris(2-chloroethyl) phosphate,MTBLS11904,plasma,Negative,Reverse phase/C18
0.3972339050258554,-0.041686017811425946,IK_HQUSKUTUDDZKOD-UTOMUYHSSA-N,Cinncassiol D3,MTBLS11904,plasma,Negative,Reverse phase/C18
0.9510019620514839,-0.0011240333187453044,IK_HQXMTDSLKXAPTA-NRFANRHFSA-N,N-Palmitoyl Asparagine,MTBLS11904,plasma,Negative,Reverse phase/C18
0.9743769767374245,5.881217383807424e-4,IK_HRLQZTOIKWEZBN-UHFFFAOYSA-N,2-Hydroxyacetaminophen sulfate,MTBLS11904,plasma,Negative,Reverse phase/C18
0.017124013010120804,-0.06952801971783998,IK_HRWWBCRSPUEXDM-XTMWUNHTSA-N,Oryzalexin D,MTBLS11904,plasma,Negative,Reverse phase/C18
0.6714294524779463,-0.021601948978179977,IK_HRYLQFBHBWLLLL-AHNJNIBGSA-N,Costunolide,MTBLS11904,plasma,Negative,Reverse phase/C18
-0.19457621837754563,0.4660589962056781,IK_HSHNITRMYYLLCV-UHFFFAOYSA-N,7-HYDROXY-4-METHYLCOUMARIN,38516193,plasma,Positive,LC-MS/unspecified
-0.019018821358253665,-0.07214231990454863,IK_HSHUXNYMVPABPS-FEMAWNSXSA-N,"PS(22:0/20:4(5Z,8Z,11Z,14Z)-OH(20))",MTBLS11904,plasma,Positive,Reverse phase/C18
2.1716020084028154,0.08828155704565785,IK_HSMHKPFJPOTDCW-MFDWXRHISA-N,Vitamin D3 glucosiduronate,MTBLS11904,plasma,Negative,Reverse phase/C18
-0.03798413421272426,-0.07355050139601027,IK_HSQVHYANHDSFFI-UHFFFAOYSA-N,"2',3-Dimethyl-4-aminobiphenyl",MTBLS11904,plasma,Positive,Reverse phase/C18
-0.03354607361409169,-0.07322097377166681,IK_HSUNTEFOMSKZCT-UHFFFAOYSA-N,Deoxycholylhistidine,MTBLS11904,plasma,Positive,Reverse phase/C18
0.13394000184937918,-0.060971570564175875,IK_HTRUBLMPPVBOHG-UHFFFAOYSA-N,"2-Mercapto-3-phenylthieno[3,2-d]pyrimidin-4(3H)-one",MTBLS11904,plasma,Negative,Reverse phase/C18
0.13196400431234656,-0.06093179015525278,IK_HTZINLFNXLXRBC-CQLBIITFSA-N,PC(P-16:0/0:0),MTBLS11904,plasma,Positive,Reverse phase/C18
1.3370866040562044,-0.17670201709854413,IK_HTZINLFNXLXRBC-CQLBIITFSA-N,PC(P-16:0/0:0),ST003159,serum,Positive,HILIC
-0.5930375962430379,-0.1147634243667082,IK_HUGUGFBIYQBLCS-UHFFFAOYSA-N,Melanettin,MTBLS11904,plasma,Positive,Reverse phase/C18
-0.034049053869359996,-0.0732583201305462,IK_HUGUUANDTOCOMR-VYAVKELMSA-N,"PC(20:3(5Z,8Z,11Z)/PGE1)",MTBLS11904,plasma,Positive,Reverse phase/C18
0.12749635621331507,-0.06126351451762366,IK_HUMNYLRZRPPJDN-UHFFFAOYSA-N,Benzaldehyde,MTBLS11904,plasma,Positive,Reverse phase/C18
0.27120026542460307,-0.05091763471917266,IK_HUQABGDIJUXLRG-QHCPKHFHSA-N,DG(O-18:0/2:0/0:0),MTBLS11904,plasma,Negative,Reverse phase/C18
-0.4459447306404184,-0.10344652927792859,IK_HUTDUHSNJYTCAR-UHFFFAOYSA-N,Ancymidol,MTBLS11904,plasma,Negative,Reverse phase/C18
0.14048508074285596,-0.06029909727433261,IK_HVDGDHBAMCBBLR-PBHICJAKSA-N,Enterolactone,MTBLS11904,plasma,Positive,Reverse phase/C18
-0.22020093434114502,-0.08691141855112736,IK_HVFNSJGQAVFVAX-LDOBPFQESA-N,"PS(20:5(6E,8Z,11Z,14Z,17Z)-OH(5)/24:0)",MTBLS11904,plasma,Negative,Reverse phase/C18
0.2554534476385361,-0.05207104539329085,IK_HVLXXQDJGPKVMK-NCVKUBNTSA-N,Janthitrem C,MTBLS11904,plasma,Negative,Reverse phase/C18
-1.2602886658817476,-0.16309497882725954,IK_HVRNKDVLFAVCJF-VJANTYMQSA-N,5-Methyltetrahydropteroyltri-L-glutamic acid,MTBLS11904,plasma,Negative,Reverse phase/C18
-0.0212237753099986,-0.07233688958445257,IK_HVUMOYIDDBPOLL-XWVZOOPGSA-N,Sorbitan stearate,MTBLS11904,plasma,Negative,Reverse phase/C18
-0.0030245626734071683,-0.06815688937054504,IK_HVYWMOMLDIMFJA-DPAQBDIFSA-N,Cholesterol,ST001814,plasma,Positive,GC-MS
2.9763725367933676,-0.3628112127070903,IK_HVYWMOMLDIMFJA-DPAQBDIFSA-N,Cholesterol,38720721,serum,Not reported,Reverse phase/C18
-0.3794417486717325,-0.09857536952013438,IK_HWDMHJDYMFRXOX-XVFCMESISA-N,"Uridine 2',3'-cyclic phosphate",MTBLS11904,plasma,Negative,Reverse phase/C18
-0.042406644622445644,-0.07388847686779246,IK_HWGBHCRJGXAGEU-UHFFFAOYSA-N,Methylthiouracil,MTBLS11904,plasma,Negative,Reverse phase/C18
-0.13071291420869205,-0.08035666746923123,IK_HWWVPVUGOLNSEB-UHFFFAOYSA-N,1-Benzenesulfonyl-5-ethyl-5-phenylhydantoin,MTBLS11904,plasma,Negative,Reverse phase/C18
0.18208849445481465,0.06036216351538465,IK_HWXBTNAVRSUOJR-UHFFFAOYSA-N,2-hydroxyglutaric acid,38720721,serum,Not reported,Reverse phase/C18
-0.38530676682637793,-0.09933933423446521,IK_HXACOUQIXZGNBF-UHFFFAOYSA-N,4-Pyridoxic Acid,MTBLS11904,plasma,Positive,Reverse phase/C18
-0.05097285887351913,-0.07451491934813767,IK_HXBKNURIXGGFCX-VIFPVBQESA-N,Homoanserine,MTBLS11904,plasma,Positive,Reverse phase/C18
0.020788919920148002,-0.26868050162607715,IK_HXEACLLIILLPRG-UHFFFAOYSA-N,Pipecolic acid,ACS1517,serum,Positive,Reverse phase/C18
-0.005379182427253267,-0.0711295721106152,IK_HXEACLLIILLPRG-UHFFFAOYSA-N,Pipecolic acid,MTBLS11904,plasma,Positive,Reverse phase/C18
0.4794896193728657,-0.4758951484353687,IK_HXEACLLIILLPRG-UHFFFAOYSA-N,Pipecolic acid,38720721,serum,Not reported,Reverse phase/C18
-0.10535389670049605,-0.07855273121896411,IK_HXEACLLIILLPRG-YFKPBYRVSA-N,L-Pipecolic acid,MTBLS11904,plasma,Positive,Reverse phase/C18
-0.984534222317342,-0.585642225198949,IK_HXEACLLIILLPRG-YFKPBYRVSA-N,L-Pipecolic acid,28880465,serum,Positive,LC-MS/unspecified
-0.0736934765050827,-0.07618015097329177,IK_HXHZGHRLVRFQDR-HZJYTTRNSA-N,Goshuyic acid,MTBLS11904,plasma,Negative,Reverse phase/C18
0.04235649489811888,1.6851282265956025,IK_HXKKHQJGJAFBHI-UHFFFAOYSA-N,1-Amino-propan-2-ol,28880465,serum,Positive,LC-MS/unspecified
0.11521772175719225,-0.062175207834542695,IK_HXNFUBHNUDHIGC-UHFFFAOYSA-N,Oxypurinol,MTBLS11904,plasma,Positive,Reverse phase/C18
-0.1555296645913697,-0.08217442610400852,IK_HXZFYDGMORCWCA-KTKRTIGZSA-N,MG(0:0/24:1(15Z)/0:0),MTBLS11904,plasma,Negative,Reverse phase/C18
-0.11828344690039974,-0.07951275488587514,IK_HYBBIBNJHNGZAN-UHFFFAOYSA-N,Furfural,MTBLS11904,plasma,Positive,Reverse phase/C18
0.13293551444097568,-0.06104514676427398,IK_HYHZGBOWRWIEGW-UHFFFAOYSA-N,5-(Methoxycarbonyl)thiophene-2-carboxylic acid,MTBLS11904,plasma,Negative,Reverse phase/C18
-0.23263885303132836,-0.08782246184726575,IK_HYQNKKAJVPMBDR-HIFRSBDPSA-N,Hernandulcin,MTBLS11904,plasma,Negative,Reverse phase/C18
0.03417075668009377,-0.06827939284891585,IK_HYRKAAMZBDSJFJ-LFDBJOOHSA-N,Paramethasone acetate,MTBLS11904,plasma,Negative,Reverse phase/C18
-6.330594427256795,16.4550833034601,IK_HYVABZIGRDEKCD-UHFFFAOYSA-N,Isopentenyladenine,38720721,serum,Not reported,Reverse phase/C18
-0.08044158167917337,-0.07670298241800964,IK_HYXQKVOADYPQEA-CIUDSAMLSA-N,Isoleucyl-Arginine,MTBLS11904,plasma,Positive,Reverse phase/C18
-1.0806325338242897,-0.1509675264912085,IK_HZACOPMRVHUEFI-ISIOAQNYSA-N,Dmg-mino,MTBLS11904,plasma,Positive,Reverse phase/C18
0.383554805410506,-0.4647093585936804,IK_HZAXFHJVJLSVMW-UHFFFAOYSA-N,Ethanolamine,28880465,serum,Positive,LC-MS/unspecified
0.27238201664197037,-0.050831074339040515,IK_HZBABTUFXQLADL-UHFFFAOYSA-N,4-Heptyloxyphenol,MTBLS11904,plasma,Negative,Reverse phase/C18
-0.04184531318376718,-0.07384736055615095,IK_HZCBCWUIZCCMEB-HUSZLGJPSA-N,Polypodine B,MTBLS11904,plasma,Negative,Reverse phase/C18
-0.17839652728618344,-0.08384936100492545,IK_HZCLJRFPXMKWHR-FEBLJDHQSA-N,SM(d18:1/12:0),MTBLS11904,plasma,Negative,Reverse phase/C18
0.030746632749925156,-0.06844721709604204,IK_HZDLKNOGBSMKRN-UHFFFAOYSA-N,Imidazolone A,MTBLS11904,plasma,Positive,Reverse phase/C18
-1.260032466806462,1.0974691569653523,IK_HZMSBMNSIHSLPJ-KUBAVDMBSA-N,N-docosahexaenoyl GABA,ACS1517,serum,Positive,Reverse phase/C18
-0.28572968405368115,-0.0898105309817229,IK_HZPUWSUHFOTSAY-AKTWBEBISA-N,Cer 18:1;2O/24:1,37755270,serum,Not reported,Reverse phase/C18
1.2361476414841246,3.5656616991274324,IK_IACOAKYXFIWAQN-UHFFFAOYSA-N,homovanillic acid sulfate,38720721,serum,Not reported,Reverse phase/C18
1.0750266262960229,0.007960431997966783,IK_IAHCDPVIVIKDFJ-DIACKHNESA-N,Dihyroxy-1H-indole glucuronide I,MTBLS11904,plasma,Negative,Reverse phase/C18
-0.050826613139108315,-0.07450521617270003,IK_IAIWVQXQOWNYOU-FPYGCLRLSA-N,Nitrofurazone,MTBLS11904,plasma,Negative,Reverse phase/C18
0.14190525967862472,-0.060193648512101856,IK_IANQTJSKSUMEQM-UHFFFAOYSA-N,Benzofuran,MTBLS11904,plasma,Positive,Reverse phase/C18
0.16353340875804268,-0.05858775042596909,IK_IAOZJIPTCAWIRG-QWRGUYRKSA-N,Aspartame,MTBLS11904,plasma,Positive,Reverse phase/C18
0.17690676568599217,-0.057594773368047504,IK_IAVREABSGIHHMO-UHFFFAOYSA-N,3-Hydroxybenzaldehyde,MTBLS11904,plasma,Positive,Reverse phase/C18
0.08212026326066775,-0.06476722380544951,IK_IBAQFPQHRJAVAV-ULAWRXDQSA-N,Miglitol,MTBLS11904,plasma,Negative,Reverse phase/C18
1.2078257837280009,0.01768760396328259,IK_IBLCRTNVHXHBPT-UHFFFAOYSA-N,4-Methoxyindoxyl sulfate,MTBLS11904,plasma,Negative,Reverse phase/C18
-0.9505381801991972,-0.14130797335448442,IK_IBQZIPBWWJOUDZ-UHFFFAOYSA-N,"2-[(2S)-2,6-Diaminohexanoyl]oxyacetic acid",MTBLS11904,plasma,Positive,Reverse phase/C18
0.03876472892516626,-0.06785187057400127,IK_IBRKLUSXDYATLG-ZCFIWIBFSA-N,(R)-Salsolinol,MTBLS11904,plasma,Positive,Reverse phase/C18
0.05145385115671955,-0.06701345384245819,IK_IBRQTOKMQLIMRF-KACBBQTFSA-N,Candidin,MTBLS11904,plasma,Negative,Reverse phase/C18
-0.19784308188300426,-0.08542008700250422,IK_IBZYPBGPOGJMBF-QRHMYKSGSA-N,N-Jasmonoylisoleucine,MTBLS11904,plasma,Positive,Reverse phase/C18
-0.01919634447841922,-0.072155501342525,IK_ICLWTJIMXVISSR-UHFFFAOYSA-N,Gallamonum,MTBLS11904,plasma,Positive,Reverse phase/C18
-0.44591518647041317,-0.10344436539950404,IK_ICMUIFDBEVJCQA-GQQBCVOHSA-N,N-Acetylmuramoyl-Ala,MTBLS11904,plasma,Negative,Reverse phase/C18
0.010328950075721068,-0.07002573997118114,IK_ICSANXSPLDFBSA-ZUYRUSJRSA-N,Pressinoic acid,MTBLS11904,plasma,Negative,Reverse phase/C18
0.1752498899715814,-0.05771779724495984,IK_IDIDJDIHTAOVLG-VKHMYHEASA-N,S-Methyl-L-Cysteine,MTBLS11904,plasma,Positive,Reverse phase/C18
4.312595206022839,-0.3954363801366382,IK_IDRRCKUGGXLORG-FJXQXJEOSA-N,"3-O-Methyldopa1,2,3",ST003159,serum,Negative,Reverse phase/C18
-1.0921551828947673,-0.15077966478646382,IK_IDYRXWOMWZHWEO-UHFFFAOYSA-N,"4-(8-Amino-1,2,3,4-tetrahydro-2-methyl-4-isoquinolinyl)phenol",MTBLS11904,plasma,Negative,Reverse phase/C18
0.6305113580335954,-0.02459908684779391,IK_IECPWNUMDGFDKC-MZJAQBGESA-N,Fusidic Acid,MTBLS11904,plasma,Negative,Reverse phase/C18
-0.7672921032301666,-0.126984339313977,IK_IEFQLTYCECVOLL-UHFFFAOYSA-N,Gamma-Glutamyl-Se-methylselenocysteine,MTBLS11904,plasma,Negative,Reverse phase/C18
-0.004442925274362252,-0.07110773893213694,IK_IEJSCSAMMLUINT-NRFANRHFSA-N,Plevitrexed,MTBLS11904,plasma,Negative,Reverse phase/C18
-0.1360012452936988,-0.08074402316833229,IK_IESVDEZGAHUQJU-ZLBXKVHBSA-N,"PC(16:0/22:6(4Z,7Z,10Z,13Z,16Z,19Z))",MTBLS11904,plasma,Negative,Reverse phase/C18
-0.5142498815916783,-0.10844969378532118,IK_IFBAQPJUVKRGOW-VXPUYCOJSA-N,PE-NMe2(20:1(11Z)/16:0),MTBLS11904,plasma,Negative,Reverse phase/C18
-0.5135963085773864,-0.10886487960348949,IK_IFNXFIJXYVEYLF-UHFFFAOYSA-N,2-Propylglutaric Acid,MTBLS11904,plasma,Positive,Reverse phase/C18
0.22525204085840225,-0.054005119321771676,IK_IFZSZULHIWFRSB-KZVJFYERSA-N,Isoleucylhydroxyproline,MTBLS11904,plasma,Positive,Reverse phase/C18
0.01985858972917218,-0.06925565838875772,IK_IGFHQQFPSIBGKE-UHFFFAOYSA-N,4-Nonylphenol,MTBLS11904,plasma,Positive,Reverse phase/C18
0.23435920962503728,-0.05361614013187034,IK_IGJKYDBBINVMLH-JXRLJXCWSA-N,"LysoPC(0:0/20:4(5Z,8Z,11Z,14Z))",MTBLS11904,plasma,Negative,Reverse phase/C18
-0.12295820427767432,-0.0798598576249002,IK_IGQBPDJNUXPEMT-SNVBAGLBSA-N,Isovalerylcarnitine,MTBLS11904,plasma,Positive,Reverse phase/C18
0.017106992345349372,-0.06945996539816146,IK_IGQGIACCENRGLM-SOFGYWHQSA-N,"(E)-2,6-Dimethyl-2,5-heptadienoic acid",MTBLS11904,plasma,Positive,Reverse phase/C18
0.08164756379209821,-0.06480184767265583,IK_IGRHJCFWWOQYQE-SYQHCUMBSA-N,Tetranor-PGFM,MTBLS11904,plasma,Negative,Reverse phase/C18
0.20779937738872856,-0.055561574849910124,IK_IGTMFIJOUADBDC-UHFFFAOYSA-N,Sulfuric acid 4-methoxyphenyl ester,MTBLS11904,plasma,Negative,Reverse phase/C18
2.2231558533571905,0.09205773407032297,IK_IGTYILLPRJOVFY-UHFFFAOYSA-N,Paracetamol sulfate,MTBLS11904,plasma,Negative,Reverse phase/C18
0.6700476689063384,1.1405461363512863,IK_IGTYILLPRJOVFY-UHFFFAOYSA-N,Paracetamol sulfate,38720721,serum,Not reported,Reverse phase/C18
-0.47158347315690896,-0.07347799048651292,IK_IHCPDBBYTYJYIL-UHFFFAOYSA-N,2-Methylbutyroylcarnitine,29518718,plasma,Positive,LC-MS/unspecified
0.9674733160526497,0.0011050822901508134,IK_IHFRBIZNQISAFK-JTQLQIEISA-N,Phenylacetyl glutaminate,MTBLS11904,plasma,Positive,Reverse phase/C18
0.1497458342072757,-0.05961148291985149,IK_IHNHFVFOGDZMEW-UHFFFAOYSA-N,FAHFA(16:0/13-O-16:0),MTBLS11904,plasma,Positive,Reverse phase/C18
0.2353116450152088,-0.05325818981702439,IK_IHNKQIMGVNPMTC-RUZDIDTESA-N,PC(18:0/0:0),MTBLS11904,plasma,Positive,Reverse phase/C18
0.1548274340286451,-0.05944162347619422,IK_IHNKQIMGVNPMTC-UHFFFAOYSA-N,2-Lysophosphatidylcholine,MTBLS11904,plasma,Negative,Reverse phase/C18
-0.14139094924522366,-0.08122849531061868,IK_IHTCCHVMPGDDSL-IVNGUWCNSA-N,Cucurbitacin A,MTBLS11904,plasma,Positive,Reverse phase/C18
-0.02188876753260485,-0.07235541477554873,IK_IHTMGUFGDQUBIO-QGEKYMHSSA-N,"DG(18:0/0:0/20:4(8Z,11Z,14Z,17Z)-2OH(5S,6R))",MTBLS11904,plasma,Positive,Reverse phase/C18
-0.9326484742586827,-0.13909623770117352,IK_IIBOGKHTXBPGEI-UHFFFAOYSA-N,N-benzylformamide,MTBLS11904,plasma,Negative,Reverse phase/C18
0.16726535191641373,-0.05853058078856701,IK_IIODELUADFSHIZ-UHFFFAOYSA-N,2-[4-(sulfooxy)phenyl]acetic acid,MTBLS11904,plasma,Negative,Reverse phase/C18
-0.008844943617504274,-0.07143017424581367,IK_IIPZYDQGBIWLBU-UHFFFAOYSA-N,Dinoterb,MTBLS11904,plasma,Negative,Reverse phase/C18
0.5927267476938212,-0.3985860537404221,IK_IIRDTKBZINWQAW-UHFFFAOYSA-N,Hexaethylene glycol,38720721,serum,Not reported,Reverse phase/C18
0.2150375961615993,-0.05503139541694875,IK_IIRJJZHHNGABMQ-WPRPVWTQSA-N,N-lactoyl-phenylalanine,MTBLS11904,plasma,Negative,Reverse phase/C18
0.1813154673219937,-0.012008314573349232,IK_IIRQXNVLAXQEKB-KBEZCZBDSA-N,TG 51:4,37755270,serum,Not reported,Reverse phase/C18
1.9968507256192387,0.07548150703188025,IK_IITQLVPAMWYCDQ-UHFFFAOYSA-N,"6-[3-(2-carboxyethyl)-5-hydroxyphenoxy]-3,4,5-trihydroxyoxane-2-carboxylic acid",MTBLS11904,plasma,Negative,Reverse phase/C18
-0.08102032577448699,-0.07671682234250239,IK_IJBIDDAZNYQSCP-VEHBBKSSSA-N,"PE(22:6(4Z,7Z,10Z,13Z,16Z,19Z)/20:0)",MTBLS11904,plasma,Negative,Reverse phase/C18
-0.005565588020465171,-0.07118997084658363,IK_IJFXRHURBJZNAO-UHFFFAOYSA-N,3-Hydroxybenzoic Acid,MTBLS11904,plasma,Negative,Reverse phase/C18
0.03332070781599712,-0.06825609091610353,IK_IJJKRFDBPRPLQQ-UHFFFAOYSA-N,"Trans-p-Menthane-7,8-diol 7-glucoside",MTBLS11904,plasma,Positive,Reverse phase/C18
-0.007568625226170616,-0.07129213918475953,IK_IJKKTQLUXOILBQ-ZBHICJROSA-N,N-Lactoylvaline,MTBLS11904,plasma,Positive,Reverse phase/C18
0.4070128864241131,-0.040969734354212944,IK_IJPNDQQOKFKBRG-ZPZYUIKSSA-N,Cinncassiol C3,MTBLS11904,plasma,Negative,Reverse phase/C18
-0.4835539245153102,-0.10620129926137678,IK_IJPRFXKJWFQONJ-UHFFFAOYSA-N,Desmethyltetrahydropiperine sulfate,MTBLS11904,plasma,Negative,Reverse phase/C18
-0.016740616729300228,-0.07197316251599689,IK_IJTJDJOOHZVSAC-NDRUHXFFSA-N,PC 40:5,MTBLS11904,plasma,Positive,Reverse phase/C18
0.06225686353714481,-0.06610757104346356,IK_IJVCSMSMFSCRME-UHFFFAOYSA-N,Hydromorphine,MTBLS11904,plasma,Positive,Reverse phase/C18
0.030418700812070414,-0.06855422072386338,IK_IJVRPNIWWODHHA-UHFFFAOYSA-N,2-Cyanoacrylic acid,MTBLS11904,plasma,Negative,Reverse phase/C18
-0.5221380629709217,-0.10902748136584814,IK_IKBKWHISHDVLNO-UHFFFAOYSA-N,Dihydronaringenin-O-sulphate,MTBLS11904,plasma,Negative,Reverse phase/C18
-0.870462096264969,-0.12232664436360907,IK_IKQCSJBQLWJEPU-UHFFFAOYSA-M,"2,5-dihydroxybenzenesulfonate",37755270,serum,Not reported,Reverse phase/C18
0.18380985194781196,-0.057318741665273745,IK_IKXILDNPCZPPRV-RFMGOVQKSA-N,Drostanolone,MTBLS11904,plasma,Negative,Reverse phase/C18
-0.17810108948184156,-0.08382772090989242,IK_ILCLBYYAGZLAGC-UHFFFAOYSA-N,"8-Chloro-2,3,4,9-Tetrahydro-1h-Beta-Carbolin-1-one",MTBLS11904,plasma,Negative,Reverse phase/C18
0.02814297018345425,-0.06864054001400796,IK_ILGMGHZPXRDCCS-UHFFFAOYSA-N,"(2-oxo-2,3-Dihydro-1H-Indol-3-yl)acetic Acid",MTBLS11904,plasma,Positive,Reverse phase/C18
-1.4373933249583035,7.166214102481009,IK_ILHLUZUMRJQEAH-UHFFFAOYSA-N,3-Isochromanone,38720721,serum,Not reported,Reverse phase/C18
-0.25645111533444187,-0.08956664438227012,IK_ILJSQTXMGCGYMG-UHFFFAOYSA-N,Triacetic acid,MTBLS11904,plasma,Negative,Reverse phase/C18
-0.2837495413448174,-0.09156617908379952,IK_ILNJBIQQAIIMEY-UHFFFAOYSA-N,"4-Oxo-1,4-dihydroquinoline-3-carboxylic acid",MTBLS11904,plasma,Negative,Reverse phase/C18
-0.1330473951324651,-0.08060898325916373,IK_ILNUTMKQMUMBTE-OFSUYRCTSA-N,"5-Oxoicosa-3,6,8-trienoic acid",MTBLS11904,plasma,Positive,Reverse phase/C18
0.006045106399117792,-0.07033951947018409,IK_ILUZPRRJJSFYEH-OBNQGTFASA-N,3-O-beta-D-glucosyl-brassicasterol,MTBLS11904,plasma,Negative,Reverse phase/C18
-2.5139365477762623,7.482710260366719,IK_ILVGMCVCQBJPSH-WDSKDSINSA-N,Ser-Val,38720721,serum,Not reported,Reverse phase/C18
0.10681883897680672,-0.06295812098534602,IK_IMMPMHKLUUZKAZ-UHFFFAOYSA-N,Tryptophyl-Phenylalanine,MTBLS11904,plasma,Negative,Reverse phase/C18
-0.043901548879177424,-0.07398987196747568,IK_IMOKOCYUKGZZAG-CSMHCCOUSA-N,Valylhydroxyproline,MTBLS11904,plasma,Positive,Reverse phase/C18
-1.3050858549943185,-0.16637625021938443,IK_IMWZZHHPURKASS-UHFFFAOYSA-N,Metaxalone,MTBLS11904,plasma,Negative,Reverse phase/C18
0.015095071995436884,-0.06960935093400422,IK_IMYZYCNQZDBZBQ-UHFFFAOYSA-N,"9,10-Epoxyoctadecanoic acid",MTBLS11904,plasma,Positive,Reverse phase/C18
0.9292764067358282,-0.001731052645806655,IK_INDBQLZJXZLFIT-UHFFFAOYSA-N,Primaquine,MTBLS11904,plasma,Positive,Reverse phase/C18
0.08409212256596656,-0.06448629468100181,IK_INHVGPIPHZJQOP-ZNMIVQPWSA-N,Koninginin E,MTBLS11904,plasma,Positive,Reverse phase/C18
0.7042312228687406,-0.018440740205636325,IK_INIIAIIRDKMVMR-UHFFFAOYSA-N,4-Methylpropranolol,MTBLS11904,plasma,Positive,Reverse phase/C18
0.3479549290625309,-0.04529556702844796,IK_INMKWUNQKOWGEZ-VQHVLOKHSA-N,Traumatin,MTBLS11904,plasma,Negative,Reverse phase/C18
-0.09174766175973528,-0.07750257024760308,IK_INVGWHRKADIJHF-UHFFFAOYSA-N,Sanguinarine,MTBLS11904,plasma,Negative,Reverse phase/C18
-0.1075729269998123,-0.07871749503113584,IK_INWLQCZOYSRPNW-UHFFFAOYSA-N,Mepivacaine,MTBLS11904,plasma,Positive,Reverse phase/C18
-0.08808128221196934,-0.07723401810361569,IK_INXWZSVGTHMNEU-FZWLCVONSA-N,"2,5-Octadien-1-ol",MTBLS11904,plasma,Negative,Reverse phase/C18
0.10695474030583149,-0.06294816672191526,IK_IOJNOBYNWXBNBY-ZFORQUDYSA-N,Genistein 5-O-glucuronide,MTBLS11904,plasma,Negative,Reverse phase/C18
0.04838052715634168,-0.06713789385175337,IK_IOQPZZOEVPZRBK-UHFFFAOYSA-N,Octylamine,MTBLS11904,plasma,Positive,Reverse phase/C18
-0.28441485320147397,-0.09184807282309011,IK_IORKBJYFXXCDMP-GMGFYYQASA-N,"PC(18:2(9Z,12Z)/14:0)",MTBLS11904,plasma,Positive,Reverse phase/C18
0.3875003314573317,-0.3200824486666829,IK_IOUPEELXVYPCPG-LURJTMIESA-N,Val-Gly,38720721,serum,Not reported,Reverse phase/C18
0.2728166487710691,-0.03190959366586235,IK_IPCSVZSSVZVIGE-UHFFFAOYSA-N,Palmitic acid,ST001814,plasma,Positive,GC-MS
-6.983517349881595,-5.369329667624589,IK_IPCSVZSSVZVIGE-UHFFFAOYSA-N,Palmitic acid,24058461,plasma,Not reported,LC-MS/unspecified
-0.2792371155689311,-0.09146362372518568,IK_IPMVHVDAYPUFKH-WYRBGLKBSA-N,PC(16:1(9Z)/16:0),MTBLS11904,plasma,Positive,Reverse phase/C18
0.5025278314156398,-0.03397352758972619,IK_IPOLTUVFXFHAHI-OUKQBFOZSA-N,Elaidic carnitine,MTBLS11904,plasma,Negative,Reverse phase/C18
0.13637247808174086,-0.060604459369261905,IK_IPOLTUVFXFHAHI-WHIOSMTNSA-N,Oleoyl-L-Carnitine,MTBLS11904,plasma,Positive,Reverse phase/C18
0.7240604787267638,-0.016968410274816312,IK_IPRPPFIAVHPVJH-UHFFFAOYSA-N,4-Hydroxyphenylacetaldehyde,MTBLS11904,plasma,Positive,Reverse phase/C18
0.24981059108033782,-0.052484369044599216,IK_IPVQLZZIHOAWMC-QXKUPLGCSA-N,Perindopril,MTBLS11904,plasma,Negative,Reverse phase/C18
0.01610103183481278,-0.06953465811592023,IK_IPWFJLQDVFKJDU-UHFFFAOYSA-N,Pentanamide,MTBLS11904,plasma,Positive,Reverse phase/C18
3.437000437271421,-0.23943018440535108,IK_IPWKIXLWTCNBKN-UHFFFAOYSA-N,Ornidazole,38720721,serum,Not reported,Reverse phase/C18
0.051930975903712005,-0.06687427179240867,IK_IQBBLPBSHOILKP-UHFFFAOYSA-N,Dimethyltriazenoimidazole carboxamide,MTBLS11904,plasma,Positive,Reverse phase/C18
-0.3302748137955268,-0.09525319120448522,IK_IQGPMZRCLCCXAG-RUZDIDTESA-N,LysoPC(0:0/18:0),MTBLS11904,plasma,Positive,Reverse phase/C18
-0.039404314622068407,-0.07365595066642701,IK_IQVQXVFMNOFTMU-FLIBITNWSA-N,Ligusticide,MTBLS11904,plasma,Positive,Reverse phase/C18
-0.20491439187734597,-0.08594513438316623,IK_IQYIDEWXVLGTDZ-AWQFTUOYSA-N,"(3b,16a,21b,22a)-12-Oleanene-3,16,21,23,28-pentol-22-angeloyloxy-23-al",MTBLS11904,plasma,Positive,Reverse phase/C18
-0.029702831626764976,-0.07295795745537079,IK_IQZZFVDIZRWADY-UHFFFAOYSA-N,Isocoumarin,MTBLS11904,plasma,Negative,Reverse phase/C18
0.40462366114549086,-0.040686710861500774,IK_IRHVLQMEQPABHG-QUZWXNHXSA-N,Contignasterol,MTBLS11904,plasma,Positive,Reverse phase/C18
-0.47371293684816995,-0.10590352466110345,IK_IRSFLDGTOHBADP-UHFFFAOYSA-N,Embelin,MTBLS11904,plasma,Positive,Reverse phase/C18
0.1098328749776603,-0.06257503460026495,IK_ISAKRJDGNUQOIC-UHFFFAOYSA-N,Uracil,MTBLS11904,plasma,Positive,Reverse phase/C18
0.07347036382425454,-0.0652749641210085,IK_ISAVYTVYFVQUDY-UHFFFAOYSA-N,"4-(1,1,3,3-Tetramethylbutyl)-phenol",MTBLS11904,plasma,Positive,Reverse phase/C18
-0.1891209082927409,-0.08463489209622588,IK_ISIJQGZVIFYXMD-QMUWONGRSA-M,Adenosyl cobinamide,MTBLS11904,plasma,Negative,Reverse phase/C18
0.002651194526869044,0.5975225459529825,IK_ISSGPXMQOMAFMJ-DMGKHJLRSA-N,TG 51:3,37755270,serum,Not reported,Reverse phase/C18
0.020344281609470893,-0.06929214427610941,IK_ISSKMEQROMFEHL-UHFFFAOYSA-N,Linotroban,MTBLS11904,plasma,Negative,Reverse phase/C18
-0.054404958830361075,-0.07476975354588601,IK_ISWSIDIOOBJBQZ-UHFFFAOYSA-N,Phenol,MTBLS11904,plasma,Positive,Reverse phase/C18
-0.43535788551449733,-0.2653576134244279,IK_ISWSIDIOOBJBQZ-UHFFFAOYSA-N,Phenol,28880465,serum,Positive,LC-MS/unspecified
-0.07277761959321274,-0.07611306670944291,IK_ISYWECDDZWTKFF-UHFFFAOYSA-N,Nonadecanoic acid,MTBLS11904,plasma,Negative,Reverse phase/C18
0.8922394424942437,-0.005428225897947267,IK_ITCNXQGVIXCKSL-XXXOFKRQSA-N,DG(10:0/LTE4/0:0),MTBLS11904,plasma,Negative,Reverse phase/C18
0.47228607661338734,-0.526182318485565,IK_ITPJUJKUKRFQHQ-UHFFFAOYSA-N,guanidinobutyric acid methyl ester,38720721,serum,Not reported,Reverse phase/C18
-0.09020531539886137,-0.07742794313137016,IK_ITZMJCSORYKOSI-AJNGGQMLSA-N,APGPR Enterostatin,MTBLS11904,plasma,Positive,Reverse phase/C18
0.01000396810137406,-0.07004954394463872,IK_ITZYGDKGRKKBSN-HKFUITGCSA-N,"3alpha,7alpha-Dihydroxycoprostanic acid",MTBLS11904,plasma,Negative,Reverse phase/C18
-0.09769084448959595,-0.07798374645617895,IK_IUBMRJVNZLQSHU-FDJBSCRHSA-N,Monic acid,MTBLS11904,plasma,Positive,Reverse phase/C18
0.5377358957622865,-0.030803078762338815,IK_IUBSYMUCCVWXPE-UHFFFAOYSA-N,Metoprolol,MTBLS11904,plasma,Positive,Reverse phase/C18
5.445486797416881,0.32808459726811046,IK_IULJSGIJJZZUMF-UHFFFAOYSA-N,O-Phenolsulfonic acid,MTBLS11904,plasma,Negative,Reverse phase/C18
-0.04783662989370238,-0.07428205313261457,IK_IULKWYSYZSURJK-AVGNSLFASA-N,Gln Leu Lys,MTBLS11904,plasma,Positive,Reverse phase/C18
0.32572025689685113,-0.10235487087231872,IK_IVEOBKYBCRMTLK-ZPMDXPHCSA-N,FFA 20:3,ST003159,serum,Negative,Reverse phase/C18
0.13627395783811852,-0.060800614799033266,IK_IVFYLRMMHVYGJH-PVPPCFLZSA-N,Polyporusterone C,MTBLS11904,plasma,Negative,Reverse phase/C18
0.516295218686159,-0.032965104728543276,IK_IVFYLRMMHVYGJH-VLOLGRDOSA-N,Bolasterone,MTBLS11904,plasma,Negative,Reverse phase/C18
0.33607834181102597,-0.04616549401294481,IK_IVOMOUWHDPKRLL-KQYNXXCUSA-N,"3',5'-Cyclic AMP",MTBLS11904,plasma,Negative,Reverse phase/C18
-0.14453938927931492,-0.0813694188964248,IK_IWBHCLOBTQKEFG-UHFFFAOYSA-N,Reticulatamol,MTBLS11904,plasma,Negative,Reverse phase/C18
-0.21117767909156934,-0.09550911595475559,IK_IWDCLRJOBJJRNH-UHFFFAOYSA-N,p-cresol,ST001814,plasma,Positive,GC-MS
-0.34848450721322244,3.73132197354128,IK_IWDCLRJOBJJRNH-UHFFFAOYSA-N,p-cresol,38720721,serum,Not reported,Reverse phase/C18
0.08179528195748141,-0.0647910278792323,IK_IWHLYPDWHHPVAA-UHFFFAOYSA-N,6-Hydroxycaproic acid,MTBLS11904,plasma,Negative,Reverse phase/C18
-0.05687086329702437,-0.41110812674367236,IK_IWHLYPDWHHPVAA-UHFFFAOYSA-N,6-Hydroxycaproic acid,38720721,serum,Not reported,Reverse phase/C18
0.39865484684984975,0.8615025271893773,IK_IWJBVMJWSPZNJH-UQGZVRACSA-N,ethyl-beta-glucuronide,38720721,serum,Not reported,Reverse phase/C18
-0.03247994425639003,-0.07316137300864478,IK_IWSYJJNDWNKMJD-WFPKBTJNSA-N,"SM(d18:2(4E,14Z)/TXB2)",MTBLS11904,plasma,Negative,Reverse phase/C18
1.4757745853257012,-1.0575505581467046,IK_IWYDHOAUDWTVEP-UHFFFAOYSA-N,p-Hydroxyphenylacetic acid [+C2H4],28880465,serum,Positive,LC-MS/unspecified
-2.024783115924681,0.07043436503574535,IK_IXELFRRANAOWSF-FNORWQNLSA-N,Ajoene,ST003159,serum,Negative,Reverse phase/C18
-0.004787440210694851,-0.07108563472849203,IK_IXORZMNAPKEEDV-UHFFFAOYSA-N,Gibberellins,MTBLS11904,plasma,Positive,Reverse phase/C18
0.3322376547753084,-0.04644681372381641,IK_IXRPKRWXUJOOBZ-AVMVYAPKSA-N,Alpha-Santalyl acetate,MTBLS11904,plasma,Negative,Reverse phase/C18
-0.15810764497113974,-0.08246971615155599,IK_IXSYVBCFIGEECR-JLNKQSITSA-N,"MG(0:0/20:5(5Z,8Z,11Z,14Z,17Z)/0:0)",MTBLS11904,plasma,Positive,Reverse phase/C18
0.3512638296319899,-0.04505319914228219,IK_IXVMHGVQKLDRKH-QHBHMFGVSA-N,24-Epibrassinolide,MTBLS11904,plasma,Negative,Reverse phase/C18
-0.1339054201544891,-0.0806726919858099,IK_IXYVBZOSGGJWCW-UHFFFAOYSA-N,Glycinexylidide,MTBLS11904,plasma,Positive,Reverse phase/C18
0.26350812370244614,-0.051164591417945375,IK_IYJILWQAFPUBHP-UHFFFAOYSA-N,L-beta-aspartyl-L-leucine,MTBLS11904,plasma,Positive,Reverse phase/C18
-0.11301694810898147,-0.07912171537323809,IK_IYMMESGOJVNCKV-JOYOIKCWSA-N,Rimiterol,MTBLS11904,plasma,Positive,Reverse phase/C18
0.7932678787678747,-0.01267762034202334,IK_IZEZNNYKKNVXNA-UHFFFAOYSA-N,"3-(3,5-dihydroxyphenyl)-1-propanoic acid sulphate",MTBLS11904,plasma,Negative,Reverse phase/C18
0.6273235869781119,-0.02483258281432199,IK_IZGYIFFQBZWOLJ-UUZREKTLSA-N,Phaseic acid,MTBLS11904,plasma,Negative,Reverse phase/C18
-0.014225716795280115,-0.07178643052094955,IK_IZXYHAXVIZHGJV-UHFFFAOYSA-N,P-Menth-cis-2-en-1-ol,MTBLS11904,plasma,Positive,Reverse phase/C18
0.8217449172503957,-0.3799847983847814,IK_IZZIWIAOVZOBLF-UHFFFAOYSA-N,5-methoxysalicylic acid,38720721,serum,Not reported,Reverse phase/C18
0.027669576757424204,-0.06867568953453476,IK_JADDQZYHOWSFJD-FLNNQWSLSA-N,5'-N-Ethylcarboxamidoadenosine,MTBLS11904,plasma,Positive,Reverse phase/C18
-0.0876381254398296,-0.07720155760664796,IK_JALVTHFTYRPDMB-HRRTYWNUSA-N,Demissidine,MTBLS11904,plasma,Negative,Reverse phase/C18
-0.18474843411960404,-0.0843146206609737,IK_JAQZKPHHLRTVCY-ZHRKTGFNSA-N,Soyasapogenol D,MTBLS11904,plasma,Negative,Reverse phase/C18
-1.334519194272121,-0.16981870379623337,IK_JARYYMUOCXVXNK-CSLFJTBJSA-N,Validamycin A,MTBLS11904,plasma,Positive,Reverse phase/C18
0.019829002899933935,-0.06925785522711031,IK_JATNWMBUDXLMEO-UHFFFAOYSA-N,Isoamyl isothiocyanate,MTBLS11904,plasma,Positive,Reverse phase/C18
-0.13668660516996486,-0.08087919644207739,IK_JAVWFBAAZSHHAD-HCYAGMRRSA-N,"PC(16:0/20:4(8Z,11Z,14Z,17Z))",MTBLS11904,plasma,Positive,Reverse phase/C18
0.012668931746716811,-0.06978949302250492,IK_JAXWMXMFLOWKCW-UHFFFAOYSA-N,4-Hydroxyhexanoycarnitine,MTBLS11904,plasma,Positive,Reverse phase/C18
0.13255186413299355,-0.08815475552501367,IK_JAZBEHYOTPTENJ-JLNKQSITSA-N,FFA 20:5,ST003159,serum,Negative,Reverse phase/C18
-0.5940830640314776,0.26770950082550343,IK_JAZBEHYOTPTENJ-JLNKQSITSA-N,FFA 20:5,33485385,plasma,Negative,LC-MS/unspecified
-0.18350759590454777,-0.08422373232334206,IK_JAZBEHYOTPTENJ-RCHUDCCISA-N,Eicosapentaenoic Acid,MTBLS11904,plasma,Negative,Reverse phase/C18
-0.1515984888905428,-0.08198640880647859,IK_JBCLFWXMTIKCCB-VIFPVBQESA-N,Glycyl-Phenylalanine,MTBLS11904,plasma,Positive,Reverse phase/C18
1.0171204221727148,0.004791397845572198,IK_JBFYFLXEJFQWMU-WDSKDSINSA-N,N2-gamma-Glutamylglutamine,MTBLS11904,plasma,Positive,Reverse phase/C18
0.23069578425354748,-0.053884476070568635,IK_JBKVHLHDHHXQEQ-UHFFFAOYSA-N,Epsilon-caprolactam,MTBLS11904,plasma,Negative,Reverse phase/C18
0.4843584249995639,-0.03530438637309699,IK_JBNUARFQOCGDRK-UHFFFAOYSA-N,"(+)-threo-2-Amino-3,4-dihydroxybutanoic acid",MTBLS11904,plasma,Negative,Reverse phase/C18
-0.5151066500322838,-0.10851244958348459,IK_JBVCSNJKVNKDHK-UHFFFAOYSA-N,Mopidralazine,MTBLS11904,plasma,Negative,Reverse phase/C18
0.25114005966067365,-0.0523869894795547,IK_JCCZCUUYYHWRGX-VGMNWLOBSA-N,Leucylhydroxyproline,MTBLS11904,plasma,Negative,Reverse phase/C18
-0.35944524785843773,0.07744188639831227,IK_JCELSEVNSMXGKA-IOLBBIBUSA-N,SM d36:0,37755270,serum,Not reported,Reverse phase/C18
0.09538540689261216,-0.06379558868989749,IK_JCGMJARSAZGXHM-UHFFFAOYSA-N,"3-Hydroxy-6,8-dimethoxy-7(11)-eremophilen-12,8-olide",MTBLS11904,plasma,Negative,Reverse phase/C18
0.4208098179958914,-0.03995914690576913,IK_JCMUOFQHZLPHQP-BQBZGAKWSA-N,Ophthalmic acid,MTBLS11904,plasma,Negative,Reverse phase/C18
-0.8262934341186281,-0.14912809609044855,IK_JDHILDINMRGULE-UHFFFAOYNA-N,3-Methylhistidine,38720721,serum,Not reported,Reverse phase/C18
0.053972483885277436,-0.06672268880970214,IK_JDJSHLXEHWCLEP-SYHAXYEDSA-N,Miserotoxin,MTBLS11904,plasma,Positive,Reverse phase/C18
0.01527259431318773,-0.069596170104539,IK_JDOLBVXUTAGQDQ-LZOINSICSA-N,9-Hydroxylinoleic acid,MTBLS11904,plasma,Positive,Reverse phase/C18
0.1468758873617638,-0.05982457769052638,IK_JDPXOFGDHXVNAK-VHUPYEGGSA-N,"PG(i-12:0/18:2(9Z,11Z))",MTBLS11904,plasma,Positive,Reverse phase/C18
0.06864831299207573,-0.06575400718011054,IK_JDWYRSDDJVCWPB-LURJTMIESA-N,Leucodopachrome,MTBLS11904,plasma,Negative,Reverse phase/C18
-0.3038688347775966,-0.09303986170135586,IK_JDZBITULCWBIMC-AEQQXRABSA-N,"4-Hydroxy-2,5,5,9-Tetramethylcycloundeca-2,9-Dienyl 4-Hydroxybenzoate",MTBLS11904,plasma,Negative,Reverse phase/C18
-0.07366614279311086,-0.07619990372840924,IK_JEISZCQAXYJJOO-FQEVSTJZSA-N,N-Stearoyl Arginine,MTBLS11904,plasma,Positive,Reverse phase/C18
-0.6122465014084881,-0.1156276760080489,IK_JEIZLWNUBXHADF-UHFFFAOYSA-N,(+/-)-Pelletierine,MTBLS11904,plasma,Negative,Reverse phase/C18
-0.9138729059847828,1.7018399670317748,IK_JEJLGIQLPYYGEE-UHFFFAOYSA-N,DG 16:0_16:0,37755270,serum,Not reported,Reverse phase/C18
0.123156533042718,-0.06176143022148696,IK_JEKMKNDURXDJAD-HWUKTEKMSA-N,Kahweol,MTBLS11904,plasma,Negative,Reverse phase/C18
0.68936250875853,-0.020288402432667912,IK_JEKNPVYFNMZRJG-STHMYGMFSA-N,16(R)-HETE,MTBLS11904,plasma,Negative,Reverse phase/C18
0.21412730186142198,-0.054831135120657765,IK_JEVKBGCAIMLFMA-KZXHGTAESA-N,"PC(2:0/20:5(7Z,9Z,11E,13E,17Z)-3OH(5,6,15))",MTBLS11904,plasma,Positive,Reverse phase/C18
-0.10421217044364772,-0.07841556121687691,IK_JFCQEDHGNNZCLN-UHFFFAOYSA-N,Glutaric Acid,MTBLS11904,plasma,Negative,Reverse phase/C18
0.07786596375406966,-0.0650788394260279,IK_JFDNMLUPLXZXGV-RKAGECJXSA-N,12-Hydroxyjasmonic acid glucoside,MTBLS11904,plasma,Negative,Reverse phase/C18
-0.37007637974435537,-0.0978893819726282,IK_JFIWEPHGRUDAJN-DYUFWOLASA-N,3'-C-Ethynylcytidine,MTBLS11904,plasma,Negative,Reverse phase/C18
0.22877544073568867,-0.054025135926004414,IK_JFLIEFSWGNOPJJ-JTQLQIEISA-M,N(2)-phenylacetyl-L-glutaminate,MTBLS11904,plasma,Negative,Reverse phase/C18
0.5384025754454589,-0.11798948572958243,IK_JFLIEFSWGNOPJJ-JTQLQIEISA-N,Phenylacetyl-L-glutamine,ST003159,serum,Positive,HILIC
0.36260710813319963,-0.010039298909110993,IK_JFLIEFSWGNOPJJ-JTQLQIEISA-N,Phenylacetyl-L-glutamine,33485385,plasma,Positive,LC-MS/unspecified
1.0651294694288116,0.007235492117568881,IK_JFLIEFSWGNOPJJ-UHFFFAOYNA-N,Phenylacetylglutamine,MTBLS11904,plasma,Negative,Reverse phase/C18
0.2747159726307097,-0.050660118573897905,IK_JFVBCXHSPKJLRP-UHFFFAOYSA-N,4-Oxopentanenitrile,MTBLS11904,plasma,Negative,Reverse phase/C18
0.20094522758789385,-0.05606362235191443,IK_JFZHPFOXAAIUMB-UHFFFAOYSA-N,Phenylethylmalonamide,MTBLS11904,plasma,Negative,Reverse phase/C18
0.9675760062528874,8.996968297247943e-5,IK_JGSUNMCABQUBOY-UHFFFAOYSA-N,3-Succinoylpyridine,MTBLS11904,plasma,Negative,Reverse phase/C18
-0.016171793689323238,-0.07196684622353547,IK_JGTPDCCLPDSJED-FXJFPKDASA-N,"(5Z,8Z,10E,14Z,17Z)-12-Hydroxyicosa-5,8,10,14,17-pentaenoylcarnitine",MTBLS11904,plasma,Negative,Reverse phase/C18
0.3426075103086745,-0.04568725058472332,IK_JGUNZIWGNMQSBM-SIGMCMEVSA-N,(+/-)9-HpODE,MTBLS11904,plasma,Negative,Reverse phase/C18
-0.049049698880067355,-0.07437212361851636,IK_JGUNZIWGNMQSBM-UINYOVNOSA-M,"(9S,10E,12Z)-9-hydroperoxy-10,12-octadecadienoate",MTBLS11904,plasma,Positive,Reverse phase/C18
0.09656715810997946,-0.06370902830976533,IK_JGUNZIWGNMQSBM-UINYOVNOSA-N,9(S)-HpODE,MTBLS11904,plasma,Negative,Reverse phase/C18
-0.6017584697350081,-0.11485945654609604,IK_JHIWIFRQJXLNEU-GSQAGGHASA-N,"4alpha-carboxy-5alpha-cholesta-8,24-dien-3beta-ol",MTBLS11904,plasma,Negative,Reverse phase/C18
-0.0937557649486464,-0.07769156579922604,IK_JHJOJVDYHODVHT-OKPMZCSGSA-N,"PG(20:4(8Z,11Z,14Z,17Z)/20:5(7Z,9Z,11E,13E,17Z)-3OH(5,6,15))",MTBLS11904,plasma,Positive,Reverse phase/C18
-0.3987984709400264,-0.10034109793696083,IK_JHMWTEQGLBMSLG-DMHZMEFUSA-N,GPCho(20:3/20:3),MTBLS11904,plasma,Positive,Reverse phase/C18
0.0656593767960025,-0.06585493297523146,IK_JHPNVNIEXXLNTR-UHFFFAOYSA-N,DEOXYCARNITINE,MTBLS11904,plasma,Positive,Reverse phase/C18
0.008969937996540753,-0.0701252835149754,IK_JIJYZALGIIQXKE-UHFFFAOYSA-N,5-Deoxykievitone,MTBLS11904,plasma,Negative,Reverse phase/C18
0.21767775060879227,-0.054567513061313064,IK_JIQLAAKADXSVTE-HTQZYQBOSA-N,"3',5'-Dideoxythymidine",MTBLS11904,plasma,Positive,Reverse phase/C18
-0.2196809640400842,-0.08687333235673952,IK_JITASQOSGITBPR-FMCGBTBPSA-N,Vdavp,MTBLS11904,plasma,Negative,Reverse phase/C18
0.4423915578856733,-0.03788243064328457,IK_JITCCUITUOPXAR-XSBOKVBDSA-N,Bolton-Hunter reagent,MTBLS11904,plasma,Positive,Reverse phase/C18
-0.017953687189240588,-0.07206323351008465,IK_JJCQSGDBDPYCEO-XVZSLQNASA-N,Dibekacin,MTBLS11904,plasma,Positive,Reverse phase/C18
-0.46980066691991795,-0.04387486426616487,IK_JJJPNTQYUJPWGQ-UHFFFAOYSA-N,2-(3-Phenylpropyl)pyridine,ST003159,serum,Positive,HILIC
0.30176420734890474,-0.04832406290560788,IK_JJMDCOVWQOJGCB-UHFFFAOYSA-N,5-Aminopentanoic acid,MTBLS11904,plasma,Positive,Reverse phase/C18
-0.5872405733427057,0.2443656661996902,IK_JJMPYAHUHHQAJB-FYOCAXJLSA-N,PE P-38:5 or PE O-38:6,37755270,serum,Not reported,Reverse phase/C18
0.06193140640204205,-0.06613173596436657,IK_JJPSZKIOGBRMHK-UHFFFAOYSA-N,"2,6-Dimethylquinoline",MTBLS11904,plasma,Positive,Reverse phase/C18
0.06592566107504348,-0.06583516112252248,IK_JKEJEOJPJVRHMQ-JTQLQIEISA-N,N-OCTANOYL-L-HOMOSERINE LACTONE,MTBLS11904,plasma,Positive,Reverse phase/C18
0.09826433005504888,-0.06343400318165042,IK_JKIFWWSPZOSHGE-UHFFFAOYSA-N,6-Hydroxyheptanoylcarnitine,MTBLS11904,plasma,Positive,Reverse phase/C18
0.37176721842997107,-0.04312631393484672,IK_JKKCSFJSULZNDN-HGRQIUPRSA-N,Gonyautoxin V,MTBLS11904,plasma,Positive,Reverse phase/C18
0.17548658594780872,-0.05770022273878943,IK_JKTAZDIARLXYPE-UHFFFAOYSA-N,"L-Valine, N-(2-hydroxy-3-butenyl)-",MTBLS11904,plasma,Positive,Reverse phase/C18
-0.03109034653613339,-0.07303863484481349,IK_JLFNLZLINWHATN-UHFFFAOYSA-N,Pentaethylene glycol,MTBLS11904,plasma,Positive,Reverse phase/C18
-0.5741646073938661,-0.1128382822577196,IK_JLIPBVWMWUWERT-HNQUOIGGSA-N,Hydroxydesmethylpiperine sulfate,MTBLS11904,plasma,Negative,Reverse phase/C18
-0.04266491329901448,-0.24764390727532043,IK_JLPULHDHAOZNQI-ZTIMHPMXSA-N,PC 34:2,33485385,plasma,Positive,LC-MS/unspecified
0.41820996770165486,-0.04014957878719505,IK_JLPUXFOGCDVKGO-TUAOUCFPSA-N,Geosmin,MTBLS11904,plasma,Negative,Reverse phase/C18
-0.20343503861193998,-0.08583529204455546,IK_JLSKPBDKNIXMBS-VIFPVBQESA-N,tryptophanamide,MTBLS11904,plasma,Positive,Reverse phase/C18
-0.4782397586056779,-0.10623964270017953,IK_JLVSPVFPBBFMBE-HXSWCURESA-N,Sphingosylphosphorylcholine,MTBLS11904,plasma,Positive,Reverse phase/C18
0.1917298882476947,-0.056494151418378914,IK_JLVSPVFPBBFMBE-HXSWCURESA-O,LysoSM(d18:1),MTBLS11904,plasma,Positive,Reverse phase/C18
-0.09680323263833374,-0.07791784089118017,IK_JLXVRFDTDUGQEE-YFKPBYRVSA-N,Glycyl-Arginine,MTBLS11904,plasma,Positive,Reverse phase/C18
0.490503525196337,-0.03485427497615773,IK_JLZAERUVCODZQO-VWCUIIQSSA-N,Acetylstrophanthidin,MTBLS11904,plasma,Negative,Reverse phase/C18
-0.6569584550993088,0.6289199662862894,IK_JMCOUWKXLXDERB-WMZOPIPTSA-N,Phe-Trp,38720721,serum,Not reported,Reverse phase/C18
4.553628924727209,0.2627584659990302,IK_JMFRWRFFLBVWSI-NSCUHMNNSA-N,Coniferyl alcohol,MTBLS11904,plasma,Negative,Reverse phase/C18
-2.6575346824348007,-0.2680530879514046,IK_JMIAZDVHNCCPDM-DAFCLMLCSA-N,Mitraphylline,MTBLS11904,plasma,Positive,Reverse phase/C18
0.036456937466974565,-0.06802322480090561,IK_JMTMSDXUXJISAY-UHFFFAOYSA-N,4-Hydroxybenzotriazole,MTBLS11904,plasma,Positive,Reverse phase/C18
-0.7281484108089996,0.8269873235663879,IK_JMXKCYUTURMERF-UHFFFAOYSA-N,dodemorph,37755270,serum,Not reported,Reverse phase/C18
0.053699175977764656,-0.06684898991323962,IK_JNBVGGPMMKHWRO-VIFPVBQESA-N,3-Hydroxyphenylacetylglutamine sulfate,MTBLS11904,plasma,Negative,Reverse phase/C18
-0.10453502681745161,-0.07072612187557856,IK_JNDFGLPQDFBGLR-KMCBPMHZSA-N,FFAD 22:1,ST003159,serum,Positive,HILIC
-0.2842886569623001,0.22140138960005093,IK_JNDFGLPQDFBGLR-KMCBPMHZSA-N,FFAD 22:1,33485385,plasma,Positive,LC-MS/unspecified
0.47846274821777224,-0.5917582646072589,IK_JNMDCUOOYCRSIP-WLFVLELZSA-N,TG 42:3,37755270,serum,Not reported,Reverse phase/C18
0.13246698389645417,-0.0608944436960482,IK_JNNQVGBQCBFXRU-ZZTWLFPRSA-N,"PS(22:6(4Z,7Z,10Z,13Z,16Z,19Z)/19:0)",MTBLS11904,plasma,Positive,Reverse phase/C18
-0.057541189283753236,-0.07500262026959509,IK_JNTMAZFVYNDPLB-PEDHHIEDSA-N,Diprotin A,MTBLS11904,plasma,Positive,Reverse phase/C18
-0.4353976121005033,-0.10267398256731261,IK_JNUGGJHCMRWUDV-FMMPLYQGSA-N,Cystathionine sulfoxide,MTBLS11904,plasma,Negative,Reverse phase/C18
-0.05055864044828694,-0.0744841633036657,IK_JNWLVTSZGQYXIA-AATRIKPKSA-N,(4E)-3-Hydroxyhex-4-enoylcarnitine,MTBLS11904,plasma,Positive,Reverse phase/C18
-1.6532903126361356,-0.4834935059408389,IK_JOATXPAWOHTVSZ-UHFFFAOYSA-N,Celiprolol,24167579,serum,Positive,Reverse phase/C18
-0.7046003892244689,-0.026614364069530355,IK_JOUIQRNQJGXQDC-ZYUZMQFOSA-N,Nicotinic acid mononucleotide,ST003159,serum,Negative,Reverse phase/C18
3.5089475362825477,-0.3363589632643354,IK_JPAUCQAJHLSMQW-XPORZQOISA-N,p-Cresol glucuronide,ST003159,serum,Negative,Reverse phase/C18
0.6594577084620827,-0.02972105945049923,IK_JPAUCQAJHLSMQW-XPORZQOISA-N,p-Cresol glucuronide,33485385,plasma,Negative,LC-MS/unspecified
-0.14943863224970305,-0.08182603867101204,IK_JPDVTYPPMALQJO-UZQDAVMLSA-N,N-di-Demethyl roxithromycin,MTBLS11904,plasma,Positive,Reverse phase/C18
0.10277134530444156,-0.06325458895532658,IK_JPFXYNDBKFIYLX-UHFFFAOYSA-N,Myrsinone,MTBLS11904,plasma,Negative,Reverse phase/C18
0.1862619840766654,-0.05713912957727138,IK_JPIJQSOTBSSVTP-GBXIJSLDSA-N,isothreonic acid,MTBLS11904,plasma,Negative,Reverse phase/C18
-0.410800902144411,2.1210908441087923,IK_JPIJQSOTBSSVTP-GBXIJSLDSA-N,isothreonic acid,38720721,serum,Not reported,Reverse phase/C18
0.22765277798958578,-0.05410736784045111,IK_JPIJQSOTBSSVTP-UHFFFAOYSA-N,"2,3,4-Trihydroxybutanoic acid",MTBLS11904,plasma,Negative,Reverse phase/C18
-1.1268296467429467e-4,-0.07073853269830335,IK_JPMYFOBNRRGFNO-UHFFFAOYSA-N,Genkwanin,MTBLS11904,plasma,Positive,Reverse phase/C18
0.11125305391342907,-0.06246958583803417,IK_JPNPIRVRGLGTRE-YSKCIPFOSA-N,PE(20:4/0:0),MTBLS11904,plasma,Positive,Reverse phase/C18
-0.04150499693327102,-0.07381192722551354,IK_JPQGSGTYJWWXTH-UHFFFAOYSA-N,"3,3-Bis(carboxymethyl)hexadecanedioic acid",MTBLS11904,plasma,Positive,Reverse phase/C18
-0.16810752149504737,-0.40904284472864505,IK_JPRQDPHQDRCGNK-SJCQXOIGSA-N,GM3 d34:1,37755270,serum,Not reported,Reverse phase/C18
0.04382411856959547,-0.06747620872918204,IK_JQNFSWJEERESHM-SRQIZXRXSA-N,Cysteinylhydroxyproline,MTBLS11904,plasma,Positive,Reverse phase/C18
-0.04097242837518908,-0.07377238352009557,IK_JQVDAXLFBXTEQA-UHFFFAOYSA-N,Dibutylamine,MTBLS11904,plasma,Positive,Reverse phase/C18
0.3091639847726865,-0.04813689678351714,IK_JQXBETDGCMQLMK-UHFFFAOYSA-N,"3,4-Dihydroxyphenylacetone",MTBLS11904,plasma,Negative,Reverse phase/C18
-0.04570636008210083,-0.07412387983550063,IK_JQXXHWHPUNPDRT-WLSIYKJHSA-N,Rifampicin,MTBLS11904,plasma,Positive,Reverse phase/C18
0.020196562772926984,-0.06930296396920775,IK_JRJGKUTZNBZHNK-UHFFFAOYSA-N,3-Phenylpropyl acetate,MTBLS11904,plasma,Negative,Reverse phase/C18
0.31614352478739083,-0.04725639312992753,IK_JRLGPAXAGHMNOL-LURJTMIESA-N,N2-Acetylornithine,MTBLS11904,plasma,Positive,Reverse phase/C18
0.43765894872490174,-0.517236475597938,IK_JRLGPAXAGHMNOL-UHFFFAOYSA-N,N-2-acetyl-ornithine,38720721,serum,Not reported,Reverse phase/C18
0.10744143978708136,-0.5643041547211363,IK_JSFATNQSLKRBCI-USWFWKISSA-N,15-HETE,ACS1517,serum,Negative,Reverse phase/C18
0.15116400785474057,-0.059709960023403674,IK_JSNQSLSBBZFGBM-UHFFFAOYSA-N,"Exo,exo-1,8-Epoxy-p-menthane-2,6-diol",MTBLS11904,plasma,Negative,Reverse phase/C18
-1.7781501073607644,4.650407232587326,IK_JTMOPWCKHAGCNW-UHFFFAOYSA-N,Cer-NP t40:0,37755270,serum,Not reported,Reverse phase/C18
-0.044404529134445744,-0.07402721832635507,IK_JTSDBFGMPLKDCD-XVFHVFLVSA-N,Tilmicosin,MTBLS11904,plasma,Positive,Reverse phase/C18
0.494846456673044,-0.03453616691114414,IK_JTUPDNHGJNUOCW-UHFFFAOYSA-N,Dimethyl-3-hydroxypyrid-4-one,MTBLS11904,plasma,Negative,Reverse phase/C18
0.3167352655303739,-0.047212456255990326,IK_JUAPMRSLDANLAS-HOTGVXAUSA-N,Phe Phe,MTBLS11904,plasma,Positive,Reverse phase/C18
-0.1363611472324474,-0.08085503091266322,IK_JUCWIWDODRNWRN-REKGFNPQSA-N,PC(P-18:0/20:5),MTBLS11904,plasma,Positive,Reverse phase/C18
0.15868112906301726,-0.058948033994459345,IK_JUHFGHWNBYGKCW-UHFFFAOYSA-N,4-(Aminomethyl)-1-methylpiperidin-4-ol,MTBLS11904,plasma,Positive,Reverse phase/C18
0.11574105193445883,-0.06230459332629642,IK_JUSMHIGDXPKSID-PHYPRBDBSA-N,"(2r,3r,4s,5r,6s)-2-(Hydroxymethyl)-6-Sulfanyl-Oxane-3,4,5-Triol",MTBLS11904,plasma,Negative,Reverse phase/C18
0.1780488213942356,-0.05774072123158111,IK_JVAZJLFFSJARQM-RMPHRYRLSA-N,Hexyl glucoside,MTBLS11904,plasma,Negative,Reverse phase/C18
1.0591320880685824,0.006796200413727943,IK_JVGVDSSUAVXRDY-UHFFFAOYSA-M,3-(4-Hydroxyphenyl)lactate,MTBLS11904,plasma,Negative,Reverse phase/C18
0.23078441622365636,-0.05387798362613343,IK_JVGVDSSUAVXRDY-UHFFFAOYSA-N,Hydroxyphenyllactic acid,MTBLS11904,plasma,Negative,Reverse phase/C18
0.19787267782508763,-0.05628867810054665,IK_JVJFIQYAHPMBBX-FNORWQNLSA-N,4-Hydroxynonenal,MTBLS11904,plasma,Negative,Reverse phase/C18
0.02170329368865122,-0.06919260073231515,IK_JVQYSWDUAOAHFM-UHFFFAOYSA-N,3-Methyl-2-Oxovaleric Acid,MTBLS11904,plasma,Negative,Reverse phase/C18
0.4925715868795789,-0.03470279532729842,IK_JVSRRTLCKOVNHJ-UHFFFAOYSA-N,3-Hydroxyindolin-2-one-sulfate,MTBLS11904,plasma,Negative,Reverse phase/C18
-0.0378944241895422,-0.07273893750159215,IK_JVTAAEKCZFNVCJ-UHFFFAOYSA-N,Lactic acid,ST001814,plasma,Positive,GC-MS
0.39063868379686423,-0.6344339412115925,IK_JVTAAEKCZFNVCJ-UHFFFAOYSA-N,Lactic acid,38720721,serum,Not reported,Reverse phase/C18
0.27956114694357675,-0.0503052233717646,IK_JVTAAEKCZFNVCJ-UWTATZPHSA-N,D-Lactic acid,MTBLS11904,plasma,Negative,Reverse phase/C18
-0.06350088263594447,-0.07543357160637196,IK_JVZRCNQLWOELDU-UHFFFAOYSA-N,4-Phenylpyridine,MTBLS11904,plasma,Negative,Reverse phase/C18
1.7161969143059617,0.05492438886641618,IK_JWARBUNVUNGRQE-UHFFFAOYSA-N,N-BENZYL-3-CYANOAZETIDINE,MTBLS11904,plasma,Negative,Reverse phase/C18
-0.027930206274289434,-0.07282811739335854,IK_JWBXCSQZLLIOCI-GUBZILKMSA-N,Isoleucyl-Leucine,MTBLS11904,plasma,Negative,Reverse phase/C18
-0.10498030771655908,-0.07847182517911627,IK_JWDFQMWEFLOOED-UHFFFAOYSA-N,N-Succinimidyl 3-(2-pyridyldithio)propionate,MTBLS11904,plasma,Negative,Reverse phase/C18
0.5381057338780343,-0.030775618329813903,IK_JWFBUBZOMPFGDL-YBRFZANVSA-N,"PS(18:1(11Z)/22:5(7Z,10Z,13Z,16Z,19Z))",MTBLS11904,plasma,Positive,Reverse phase/C18
0.06353724504487204,-0.06612837859885233,IK_JWGGSJFIGIGFSQ-UHFFFAOYSA-N,N-Lauroylglycine,MTBLS11904,plasma,Negative,Reverse phase/C18
-0.11751418236609051,-0.07945563667428676,IK_JWHAUXFOSRPERK-UHFFFAOYSA-N,Propafenone,MTBLS11904,plasma,Positive,Reverse phase/C18
0.3160476795459411,-0.047632684794577135,IK_JWICNZAGYSIBAR-UHFFFAOYSA-N,Fibrinopeptide A human,MTBLS11904,plasma,Negative,Reverse phase/C18
-0.7016135000404148,1.0692573252471378,IK_JWLAAGBRLDQPSL-UHFFFAOYSA-N,Cer-NDS d36:0,37755270,serum,Not reported,Reverse phase/C18
-0.07138793816415741,-0.07603074633985749,IK_JWYOAMOZLZXDER-UHNVWZDZSA-N,"(1r,2s)-2-Aminocyclopentanecarboxylic acid",MTBLS11904,plasma,Positive,Reverse phase/C18
0.12345197017589914,-0.06173979002612873,IK_JXBLMIJDQFTVIE-UHFFFAOYSA-N,3-Methyl-5-pentyl-2-furantridecanoic acid,MTBLS11904,plasma,Negative,Reverse phase/C18
-6.908687351782315e-4,-0.07083291115751461,IK_JXCOSKURGJMQSG-AIEJOZITSA-N,Beta-Cortolone,MTBLS11904,plasma,Negative,Reverse phase/C18
-0.339232704502604,-0.09563016765526026,IK_JXCOSKURGJMQSG-AZQJGLEESA-N,Cortolone,MTBLS11904,plasma,Negative,Reverse phase/C18
0.33933978829109024,-0.04553406229045137,IK_JXDFEUKNHBHUCP-UHFFFAOYSA-N,N-Nonanoylglycine,MTBLS11904,plasma,Positive,Reverse phase/C18
-0.09020531539886137,-0.07742794313137016,IK_JXGLGTFMAQOJBB-HEDKFQSOSA-N,LysoPC(14:1(9Z)/0:0),MTBLS11904,plasma,Positive,Reverse phase/C18
-0.06304438405139887,-0.07541123428840255,IK_JXNRXNCCROJZFB-RYUDHWBXSA-N,Kyotorphin,MTBLS11904,plasma,Positive,Reverse phase/C18
0.3781300238401791,-0.0051851668167588495,IK_JXOHGGNKMLTUBP-HSUXUTPPSA-N,shikimic acid,38720721,serum,Not reported,Reverse phase/C18
-0.07035239082438258,-0.07595385678374611,IK_JXQFDWGMBSZKSE-LPCYUWLXSA-N,SM(d18:1/6 keto-PGF1alpha),MTBLS11904,plasma,Positive,Reverse phase/C18
0.02746246761043512,-0.06869106720235257,IK_JXUGDUWBMKIJDC-MMWGEVLESA-N,Kinetensin 1-3,MTBLS11904,plasma,Positive,Reverse phase/C18
0.048321352826704494,-0.06714228742813337,IK_JXVXYRZQIUPYSA-NHCYSSNCSA-N,Pro Val Gln,MTBLS11904,plasma,Positive,Reverse phase/C18
-0.09691486319951254,-0.07788105331823007,IK_JXZJRYDTSDCGLO-UHFFFAOYSA-N,Alpha-Furyl methyl diketone,MTBLS11904,plasma,Negative,Reverse phase/C18
0.20581994687318075,-0.05570656266284539,IK_JYEFAZDBHWGXHI-HWKANZROSA-N,3-(5-Methoxy-4-oxocyclohex-2-en-1-yl)prop-2-enoic acid,MTBLS11904,plasma,Negative,Reverse phase/C18
2.355180984874701,-0.44488035545082016,IK_JYFOSWJYZIVJPO-YGEZULPYSA-N,Vanillic acid [-CO],28880465,serum,Positive,LC-MS/unspecified
0.09560149315894079,-0.06363171967599635,IK_JYGLAHSAISAEAL-UHFFFAOYSA-N,Diphacinone,MTBLS11904,plasma,Positive,Reverse phase/C18
0.14637792053956253,-0.0600605272680375,IK_JYGXADMDTFJGBT-VWUMJDOOSA-N,Hydrocortisone,MTBLS11904,plasma,Negative,Reverse phase/C18
0.38452967927448883,-0.10667804507596061,IK_JYGXADMDTFJGBT-VWUMJDOOSA-N,Hydrocortisone,ST003159,serum,Positive,HILIC
0.27436171429919287,-0.5316671323294,IK_JYGXADMDTFJGBT-VWUMJDOOSA-N,Hydrocortisone,33485385,plasma,Positive,LC-MS/unspecified
-0.0636190573024832,-0.07544222742104574,IK_JYLWKPPSBSYYNP-YMGFZKSCSA-N,"DG(18:3(10,12,15)-OH(9)/0:0/i-13:0)",MTBLS11904,plasma,Negative,Reverse phase/C18
-0.016385572764959232,-0.07194680075674127,IK_JYPCXBJRLBHWME-IUCAKERBSA-N,Glycylprolylarginine,MTBLS11904,plasma,Positive,Reverse phase/C18
0.09178106999238674,-0.0640595961629103,IK_JYZJYKOZGGEXSX-UHFFFAOYSA-N,2-Hydroxymyristic Acid,MTBLS11904,plasma,Negative,Reverse phase/C18
-6.999377605910533,13.88606123418556,IK_JZDHUJAFXGNDSB-WHFBIAKZSA-N,Glu-Ala,38720721,serum,Not reported,Reverse phase/C18
-1.3194569278059145,2.894038358896679,IK_JZHBSOAJXNHZEG-UHFFFAOYSA-N,Cer-NDS d41:0,37755270,serum,Not reported,Reverse phase/C18
-1.0614001381495495,-0.1485269424053451,IK_JZKXXXDKRQWDET-UHFFFAOYSA-N,DL-m-Tyrosine,MTBLS11904,plasma,Negative,Reverse phase/C18
0.2157171029379772,-0.05498162339095862,IK_JZWNYZVVZXZRRH-MDZDMXLPSA-N,1-Oleoylglycerophosphoserine,MTBLS11904,plasma,Negative,Reverse phase/C18
0.20904021480137017,-0.05547068712078965,IK_KABXUUFDPUOJMW-BYPYZUCNSA-N,L-Glutamic gamma-semialdehyde,MTBLS11904,plasma,Negative,Reverse phase/C18
0.03264020511172398,-0.06830661881328448,IK_KACDZDULGKPXHT-HIVNOOBXSA-N,PE(P-18:0/0:0),MTBLS11904,plasma,Positive,Reverse phase/C18
0.0299773682156159,-0.06850433530763042,IK_KAKZBPTYRLMSJV-UHFFFAOYSA-N,"1,3-Butadiene",MTBLS11904,plasma,Positive,Reverse phase/C18
-0.03144539210530377,-0.07306499782109144,IK_KAOLEMQCYWHOJQ-UQACNIHJSA-N,5b-Cyprinol sulfate,MTBLS11904,plasma,Positive,Reverse phase/C18
-0.2842222414845477,-0.09160080285068065,IK_KBDSLGBFQAGHBE-MSGMIQHVSA-N,Linonin,MTBLS11904,plasma,Negative,Reverse phase/C18
-0.2303592731807605,-0.0878344257728415,IK_KBJNLOFREYBAHR-UZIPXBRASA-N,DG(15:0/0:0/18:4n3),MTBLS11904,plasma,Positive,Reverse phase/C18
-0.009317643888488509,-0.07146479872153116,IK_KBOVKDIBOBQLRS-QCNAHCIUSA-N,Tetranor-12(R)-HETE,MTBLS11904,plasma,Negative,Reverse phase/C18
-0.12298779110691258,-0.07986205446325279,IK_KBUNOSOGGAARKZ-KRWDZBQOSA-N,3-Dehydrosphinganine,MTBLS11904,plasma,Positive,Reverse phase/C18
-0.10032409388530508,-0.07817926621249748,IK_KCEGBPIYGIWCDH-UHFFFAOYSA-N,"7,8-diaminopelargonate",MTBLS11904,plasma,Positive,Reverse phase/C18
0.21347638598638702,-0.05487946617948612,IK_KCEQGTJBAICOKH-UHFFFAOYSA-N,Glycerol 1-(5-hydroxydodecanoate),MTBLS11904,plasma,Positive,Reverse phase/C18
-1.4041671607176855,-0.17499009110806413,IK_KCPRJVDBLLJBMF-LGPQXENESA-N,Dihydroisomorphine-3-glucuronide,MTBLS11904,plasma,Positive,Reverse phase/C18
0.1953319151997007,-0.05647478212479825,IK_KCSKCIQYNAOBNQ-YBSFLMRUSA-N,Biotin sulfoxide,MTBLS11904,plasma,Negative,Reverse phase/C18
-0.2387544090580962,-0.08827040936578044,IK_KDCCOOGTVSRCHX-RWPZCVJISA-N,Urobilin,MTBLS11904,plasma,Negative,Reverse phase/C18
-6.480466743500048,-5.9391574093965955,IK_KDEYEEYMIPNKIJ-OGIIFMLESA-N,C24:0 lactosylceramide,24058461,plasma,Not reported,LC-MS/unspecified
0.21279227134055423,-0.05519585934616732,IK_KDGAYJIGGCDHPH-UWVGGRQHSA-N,L-beta-aspartyl-L-phenylalanine,MTBLS11904,plasma,Negative,Reverse phase/C18
0.09367833316548901,-0.06377451540561767,IK_KDPFMRXIVDLQKX-ISGXEFFDSA-N,Curdione,MTBLS11904,plasma,Positive,Reverse phase/C18
0.27022532231745877,-0.05098904633200985,IK_KDSPLKNONIUZSZ-NGJCXOISSA-N,"(2R,4S,5R)-2,4,5,6-Tetrahydroxyhexanal",MTBLS11904,plasma,Negative,Reverse phase/C18
-0.22219221697096325,-0.09695659991086708,IK_KDXKERNSBIXSRK-UHFFFAOYNA-N,Lysine,ST001814,plasma,Positive,GC-MS
0.10421133074832561,-0.06299243638034357,IK_KDXKERNSBIXSRK-YFKPBYRVSA-N,L-Lysine,MTBLS11904,plasma,Positive,Reverse phase/C18
0.1740644263621008,-1.3271061475434713,IK_KDXKERNSBIXSRK-YFKPBYRVSA-N,L-Lysine,28880465,serum,Positive,LC-MS/unspecified
0.16085435808530404,-0.05900016840211473,IK_KDYFGRWQOYBRFD-UHFFFAOYSA-N,Succinic acid,MTBLS11904,plasma,Negative,Reverse phase/C18
0.011153162699551852,-0.06629364855083691,IK_KDYFGRWQOYBRFD-UHFFFAOYSA-N,Succinic acid,ST001814,plasma,Positive,GC-MS
0.21772607762353013,-0.054834471699598805,IK_KEECCEWTUVWFCV-UHFFFAOYSA-N,N-Acetylprocainamide,MTBLS11904,plasma,Negative,Reverse phase/C18
-0.6149645271716783,-0.11582676431265974,IK_KEFJLCGVTHRGAH-UHFFFAOYSA-N,2-Acetyl-5-methylfuran,MTBLS11904,plasma,Negative,Reverse phase/C18
0.05189700632402988,-0.06698099456251279,IK_KEQHJBNSCLWCAE-UHFFFAOYSA-N,Thymoquinone,MTBLS11904,plasma,Negative,Reverse phase/C18
-0.015964987723836307,-0.07195169786410127,IK_KEYDJKSQFDUAGF-YIRKRNQHSA-N,PGD2 ethanolamide,MTBLS11904,plasma,Negative,Reverse phase/C18
0.6005835389012993,-0.026791217509824147,IK_KEYXJLUVVQSLGX-JRTZWYSWSA-N,"PC(22:3(10Z,13Z,16Z)/20:4(5Z,8Z,11Z,14Z)-OH(16R))",MTBLS11904,plasma,Negative,Reverse phase/C18
-0.2674197661340502,-0.6461183828020056,IK_KGCPGAKRLOCUEV-ZLXBYIIJSA-N,PE O-16:1_22:6,37755270,serum,Not reported,Reverse phase/C18
-0.14043280793810003,-0.08106862306926993,IK_KGFGBSRVWKBWIC-UHFFFAOYSA-N,"1H-Imidazole-1-acetamide, N,N-bis(2-hydroxyethyl)-2-nitro-",MTBLS11904,plasma,Negative,Reverse phase/C18
0.3090130396609973,-0.047785834695480686,IK_KGNGTSCIQCLKEH-SYCVNHKBSA-N,Vicine,MTBLS11904,plasma,Positive,Reverse phase/C18
-0.3190317268104328,-0.09441838815251394,IK_KGPNNIOVWVIXOR-UHFFFAOYSA-N,3-Methylbut-2-enoylcarnitine,MTBLS11904,plasma,Positive,Reverse phase/C18
0.1642730864631137,-0.058532829052733305,IK_KGQYREIAHMZYSA-UHFFFAOYSA-N,Dehydrocarpaine I,MTBLS11904,plasma,Positive,Reverse phase/C18
-0.09493543268396476,-0.0777360655052948,IK_KGQZGCIVHYLPBH-UHFFFAOYSA-N,Furafylline,MTBLS11904,plasma,Negative,Reverse phase/C18
-0.13094926434418414,-0.08037397970708998,IK_KHAVLLBUVKBTBG-UHFFFAOYSA-N,9-Decenoic acid,MTBLS11904,plasma,Negative,Reverse phase/C18
0.5383424313278371,-0.030758043315457534,IK_KHCDPAZLBSPVSE-UHFFFAOYSA-N,9-Oxohexadecanoic acid,MTBLS11904,plasma,Positive,Reverse phase/C18
-0.5676354388962177,-0.11236003882949806,IK_KHLRCNXJXSYNCK-ZIEHFRHMSA-N,GPEtn(16:0/20:5),MTBLS11904,plasma,Negative,Reverse phase/C18
-0.034104850772321685,-0.07328039337755869,IK_KHPXUQMNIQBQEV-UHFFFAOYSA-N,Oxaloacetate,MTBLS11904,plasma,Negative,Reverse phase/C18
0.17553760226769322,-0.05792466127708298,IK_KHYYDOVNIFQNTL-DXKRBAIRSA-N,"MG(20:3(6,8,11)-OH(5)/0:0/0:0)",MTBLS11904,plasma,Negative,Reverse phase/C18
-0.2375543854803588,-0.18284297844525793,IK_KIDHWZJUCRJVML-UHFFFAOYSA-N,"1,4-diaminobutane",28880465,serum,Positive,LC-MS/unspecified
0.1535275081447391,-0.05953683967100016,IK_KIHBGTRZFAVZRV-UHFFFAOYSA-N,2-Hydroxyoctadecanoic acid,MTBLS11904,plasma,Negative,Reverse phase/C18
-0.46394920232606723,-0.10517856333923177,IK_KILNVBDSWZSGLL-UHFFFAOYSA-N,"1,2-Dipalmitoylphosphatidylcholine",MTBLS11904,plasma,Positive,Reverse phase/C18
-0.15869084552187013,-0.08240597368856478,IK_KISYRRMFQYIIFQ-UHFFFAOYSA-N,Corchorosol A,MTBLS11904,plasma,Negative,Reverse phase/C18
-0.70570828271512,0.648529989086753,IK_KIUOSJFEKWWKSM-UHFFFAOYSA-N,SM 42:0;2O,37755270,serum,Not reported,Reverse phase/C18
-0.08313400540451969,-0.07690289575070818,IK_KIWQWJKWBHZMDT-UHFFFAOYSA-N,Homocysteine thiolactone,MTBLS11904,plasma,Positive,Reverse phase/C18
-1.3562172241465698,-0.17012148210996428,IK_KJABUVRFCPPJPD-UHFFFAOYSA-N,Benzylpenicilloyl G,MTBLS11904,plasma,Negative,Reverse phase/C18
0.20069477060383528,-0.05582850575495936,IK_KJHYUSLWTPMFTN-AQWUKCDYSA-N,MG(18:1(11Z)/0:0/0:0),MTBLS11904,plasma,Positive,Reverse phase/C18
0.23853663582506168,-0.05301873328709386,IK_KJJPLEZQSCZCKE-UHFFFAOYSA-N,"2-Amino-1,3-propanediol",MTBLS11904,plasma,Positive,Reverse phase/C18
-0.005861025153646306,-0.07121161104194186,IK_KJNZIEGLNLCWTQ-KRWDZBQOSA-N,AB-Chminaca,MTBLS11904,plasma,Negative,Reverse phase/C18
0.06619194468292376,-0.06581538916948831,IK_KJPVZTMEFPUZPC-UYQAEJRRSA-N,"SM(d20:1/22:6(5Z,7Z,10Z,13Z,16Z,19Z)-OH(4))",MTBLS11904,plasma,Positive,Reverse phase/C18
0.177517032783241,-0.057779673464147696,IK_KJUNGQXFZYMUOH-FKWLWHCOSA-N,LPC 18:1.1,MTBLS11904,plasma,Negative,Reverse phase/C18
0.16912336420117952,-0.19884905250923465,IK_KJUNGQXFZYMUOH-FKWLWHCOSA-N,LPC 18:1.1,37755270,serum,Not reported,Reverse phase/C18
0.0030611871328451203,-0.07055808328256707,IK_KKADPXVIOXHVKN-UHFFFAOYSA-N,4-Hydroxyphenylpyruvic acid,MTBLS11904,plasma,Negative,Reverse phase/C18
-3.239347566865033,0.9147468773233433,IK_KKADPXVIOXHVKN-UHFFFAOYSA-N,4-Hydroxyphenylpyruvic acid,38720721,serum,Not reported,Reverse phase/C18
-0.9839715716510292,-0.14379041503635906,IK_KKCIOUWDFWQUBT-AWEZNQCLSA-N,L-Thyronine,MTBLS11904,plasma,Positive,Reverse phase/C18
0.18165315909687577,-0.05747671315005712,IK_KKEYFWRCBNTPAC-UHFFFAOYSA-N,Terephthalic Acid,MTBLS11904,plasma,Negative,Reverse phase/C18
0.029326453142995697,-0.06855266575794762,IK_KKUOJZVNLJCTPF-UHFFFAOYSA-N,Glucosyl passiflorate,MTBLS11904,plasma,Positive,Reverse phase/C18
0.6123728596378533,-0.7670166675451153,IK_KLAONOISLHWJEE-QWRGUYRKSA-N,Phe-Gln,38720721,serum,Not reported,Reverse phase/C18
0.8562259271626601,-0.007155077317033173,IK_KLJFYXOVGVXZKT-CCEZHUSRSA-N,Hexadecenal,MTBLS11904,plasma,Positive,Reverse phase/C18
-0.4543038165944929,-0.10446238987895645,IK_KLLGGGQNRTVBSU-FQSPHKRJSA-N,"(9Z,11E,13S,15Z)-13-Hydroxyoctadeca-9,11,15-trienoic acid",MTBLS11904,plasma,Positive,Reverse phase/C18
0.06642864065915108,-0.06579781466331791,IK_KLSLBUSXWBJMEC-UHFFFAOYSA-N,4-Propylphenol,MTBLS11904,plasma,Positive,Reverse phase/C18
-0.007013230596179008,-0.07129600632662714,IK_KLXACYSQYFWVLM-UHFFFAOYSA-N,"3,5-Dichloro-2,6-dihydroxybenzoic acid",MTBLS11904,plasma,Negative,Reverse phase/C18
-0.27669243865523957,-0.6181797438352427,IK_KMAKOBLIOCQGJP-UHFFFAOYSA-N,Indole-3-carboxylic acid,28880465,serum,Positive,LC-MS/unspecified
-0.08141795616288641,-0.076775478905927,IK_KMDRUUGMNYPPJH-UHFFFAOYSA-N,"Acetamide, 2-(diethylamino)-N-(2-(octyloxy)phenyl)-",MTBLS11904,plasma,Positive,Reverse phase/C18
0.12903573906524773,-0.06133079423199465,IK_KMTRUDSVKNLOMY-UHFFFAOYSA-N,Ethylene carbonate,MTBLS11904,plasma,Negative,Reverse phase/C18
-0.058192104356373425,-0.07505095071991227,IK_KMUIHDBETHWZBC-UHFFFAOYSA-N,"N-[2-(2,5-dimethylimidazol-1-yl)ethyl]-1-methylpyrrole-2-carboxamide",MTBLS11904,plasma,Positive,Reverse phase/C18
-1.1384049364532653,0.7917868904622426,IK_KNHXCLGABLNNRN-FFSDQCCLSA-N,PC O-34:4|PC O-16:2_18:2,37755270,serum,Not reported,Reverse phase/C18
0.7866796226013767,-0.013160191627419132,IK_KOAPDMKKECXPHX-UHFFFAOYSA-N,Malabaricone B,MTBLS11904,plasma,Negative,Reverse phase/C18
0.023527387267070866,-0.06898324846781664,IK_KOCFTADHOAAXFC-UHFFFAOYSA-N,N-Hydroxymethyl-N-methylformamide,MTBLS11904,plasma,Positive,Reverse phase/C18
-1.0796959868630218,9.595088071545355e-4,IK_KOCKWDDTAHPJSX-UHFFFAOYSA-N,Hexacosanoyl carnitine,ST003159,serum,Negative,Reverse phase/C18
-0.045558424462334254,-0.07411289513555167,IK_KOGRJTUIKPMZEJ-KTKRTIGZSA-N,Oleoyltaurine,MTBLS11904,plasma,Positive,Reverse phase/C18
0.008230871148084271,-0.0701190206468484,IK_KORLZEIJSHHTDW-YFKPBYRVSA-N,N5-formyl-N5-hydroxy-L-ornithine,MTBLS11904,plasma,Positive,Reverse phase/C18
-0.011089487144302686,-0.07155356440575163,IK_KORNTPPJEAJQIU-KJXAQDMKSA-N,Cabergoline,MTBLS11904,plasma,Positive,Reverse phase/C18
0.03118683808498179,-0.06849795676162404,IK_KPGXRSRHYNQIFN-UHFFFAOYSA-N,Oxoglutaric acid,MTBLS11904,plasma,Negative,Reverse phase/C18
0.3717081043679553,-0.04355571245094308,IK_KPQMCAKZRXOZLB-KOIHBYQTSA-N,Vomifoliol,MTBLS11904,plasma,Negative,Reverse phase/C18
0.2346251031281199,-0.05359666462409821,IK_KPUXJBYSYFEKKB-UHFFFAOYSA-N,Thiopalmitic Acid,MTBLS11904,plasma,Negative,Reverse phase/C18
-0.3245199168213704,-0.09455249655147877,IK_KPWKPGFLZGMMFX-VHSXEESVSA-N,(1S)-(-)-Camphanic Acid,MTBLS11904,plasma,Negative,Reverse phase/C18
-0.06280768807517152,-0.07539365978223213,IK_KQBKJSVYIBRYNQ-KKMFPEKASA-N,Tangeraxanthin,MTBLS11904,plasma,Positive,Reverse phase/C18
0.2790709241004737,-0.050009047386204646,IK_KQXKVJAGOJTNJS-HNNXBMFYSA-N,Penbutolol,MTBLS11904,plasma,Positive,Reverse phase/C18
0.8311844468079009,-0.13951234603088308,IK_KQXKVJAGOJTNJS-HNNXBMFYSA-N,Penbutolol,ST003159,serum,Negative,Reverse phase/C18
0.0055680342519762,-0.07031673714119432,IK_KQZRTOGFDRQBSR-UHFFFAOYSA-N,"2-Amino-4-oxo-6-(1',2',3'-trihydroxypropyl)-diquinoid-7,8-dihydroxypterin",MTBLS11904,plasma,Positive,Reverse phase/C18
-0.08110895694218119,-0.07672331417842643,IK_KRBJOAIDSTYRMG-UHFFFAOYSA-N,Deoxycholylasparagine,MTBLS11904,plasma,Negative,Reverse phase/C18
-0.03777702506573516,-0.07353512372819246,IK_KRHHFPJGGBLAAH-MYBCZMNMSA-N,Physagulin D,MTBLS11904,plasma,Positive,Reverse phase/C18
0.05900228589805369,-0.06634922441174668,IK_KRHRBKYBJXMYBB-WHFBIAKZSA-N,Ala-Cys-Gly,MTBLS11904,plasma,Positive,Reverse phase/C18
0.22703235968447233,-0.05415281140075577,IK_KRKNYBCHXYNGOX-UHFFFAOYSA-N,Citric Acid,MTBLS11904,plasma,Negative,Reverse phase/C18
0.04713135134467944,-0.9853864040214649,IK_KRNYOVHEKOBTEF-YUMQZZPRSA-N,Valyl-Valine,28880465,serum,Positive,LC-MS/unspecified
-0.05467124310940205,-0.07478952539859499,IK_KRVDMABBKYMBHG-UHFFFAOYSA-N,Isoguvacine,MTBLS11904,plasma,Positive,Reverse phase/C18
2.662248666484684,-0.7240917700014264,IK_KSEBMYQBYZTDHS-HWKANZROSA-N,trans-Ferulic acid,ACS1517,serum,Positive,Reverse phase/C18
-0.4677321947349682,-0.11198778756233596,IK_KSEBMYQBYZTDHS-HWKANZROSA-N,trans-Ferulic acid,38720721,serum,Not reported,Reverse phase/C18
0.033579881742570816,-0.06832267313930712,IK_KSEGSVAXULZZCC-UHFFFAOYSA-N,3-Hydroxymethyl-picumast,MTBLS11904,plasma,Negative,Reverse phase/C18
0.42733898649353985,-0.03948090347754761,IK_KSGZCKSNTAJOJS-DZBMUNJRSA-N,Cortistatin A,MTBLS11904,plasma,Negative,Reverse phase/C18
-0.31545169123382427,-0.09415256925481663,IK_KSMRODHGGIIXDV-YFKPBYRVSA-N,N-Acetylglutamine,MTBLS11904,plasma,Positive,Reverse phase/C18
0.17297168534262797,-0.057886954633511574,IK_KSPIYJQBLVDRRI-UHFFFAOYSA-N,N-Methylisoleucine,MTBLS11904,plasma,Positive,Reverse phase/C18
-0.25092347993766684,-0.08916176024002123,IK_KSPQDMRTZZYQLM-UHFFFAOYSA-N,N-(2-Furoyl)glycine,MTBLS11904,plasma,Negative,Reverse phase/C18
-0.5216144054237882,-0.10946022602520508,IK_KSUBHIPBMPOXPG-FEBLJDHQSA-N,SM(d14:1/16:0),MTBLS11904,plasma,Positive,Reverse phase/C18
-0.7813549283050276,-0.12801440227019295,IK_KTCOGEGNUCOCON-UHFFFAOYSA-N,Glyzarin,MTBLS11904,plasma,Negative,Reverse phase/C18
-0.631071242138644,4.2987217711356855,IK_KTJAFMBXBPVGGI-LTEAFHAISA-N,PE 36:3;O|PE 18:2_18:1;O,37755270,serum,Not reported,Reverse phase/C18
-1.211402814304976,0.010641487318234638,IK_KTLRWTOPTKGYQY-UHFFFAOYSA-N,N1-Methyl-4-pyridone-5-carboxamide3,ST003159,serum,Negative,Reverse phase/C18
-0.08032323369105969,-0.07669419516492444,IK_KTOLOIKYVCHRJW-XZMZPDFPSA-N,Azvudine,MTBLS11904,plasma,Positive,Reverse phase/C18
0.33708282989059013,-0.04609191791317192,IK_KTSUCMSACGPDKE-UHFFFAOYSA-N,"[(2R,3S,4R,5R)-3,4,5,6-Tetrahydroxy-1-oxohexan-2-yl] (2S)-2-aminopropanoate",MTBLS11904,plasma,Negative,Reverse phase/C18
0.2016711450875483,-0.05575600926704201,IK_KTXUGZHJVRHQGP-UHFFFAOYSA-N,4-Hydroxy-1-(3-pyridinyl)-1-butanone,MTBLS11904,plasma,Positive,Reverse phase/C18
-0.07428747103649283,-0.07624603734037383,IK_KUAZQDVKQLNFPE-UHFFFAOYSA-N,Thiram,MTBLS11904,plasma,Positive,Reverse phase/C18
-0.7790811007770675,-0.12857722232825242,IK_KUHFPGIVBOCRMV-MNXVOIDGSA-N,Ile Gln Leu,MTBLS11904,plasma,Positive,Reverse phase/C18
0.3689900794071801,-0.04375480014704276,IK_KUVXQAWMEHTXOV-UHFFFAOYSA-N,3-Carboxyoxy-2-hydroxypropanoic acid,MTBLS11904,plasma,Negative,Reverse phase/C18
1.0183912567620348,0.003812046824473253,IK_KUYNOZVWCFXSNE-BYNIDDHOSA-N,Indoxyl glucuronide,MTBLS11904,plasma,Negative,Reverse phase/C18
-0.15979410818594947,-0.08259493676649574,IK_KUZTVCXICCCQGY-FIFLTTCUSA-N,"(2E,8E)-10-hydroxydeca-2,8-dien-4-ynoyl-CoA",MTBLS11904,plasma,Positive,Reverse phase/C18
-0.8238405125565265,6.260072944147683,IK_KVBGVZZKJNLNJU-UHFFFAOYSA-M,2-naphthalenesulfonate,38720721,serum,Not reported,Reverse phase/C18
-0.1020554761191361,-0.07825758922390759,IK_KVBGVZZKJNLNJU-UHFFFAOYSA-N,2-Naphthalenesulfonic acid,MTBLS11904,plasma,Negative,Reverse phase/C18
-0.049878137072853115,-0.07443363550680993,IK_KVCPIDDKLUDCQJ-UHFFFAOYSA-N,L-alpha-Amino-1H-pyrrole-1-hexanoic acid,MTBLS11904,plasma,Positive,Reverse phase/C18
0.008054081084670785,-0.07019236777882426,IK_KVCSJPATKXABRQ-UHFFFAOYSA-N,Piboserod,MTBLS11904,plasma,Negative,Reverse phase/C18
-0.06263016495500598,-0.07538047834425575,IK_KVMOASQARMCFEX-OBEJFMRTSA-N,PE(16:1(9Z)/P-18:1(9Z)),MTBLS11904,plasma,Positive,Reverse phase/C18
1.83041871878692,0.06517909378327699,IK_KVNPSKDDJARYKK-JTQLQIEISA-N,5-Methoxytryptophan,MTBLS11904,plasma,Positive,Reverse phase/C18
-0.7358575531821462,-0.12468184541505414,IK_KVTFEOAKFFQCCX-UHFFFAOYSA-N,Palmitoylglycine,MTBLS11904,plasma,Negative,Reverse phase/C18
-0.009047978491576559,-0.0714019815233703,IK_KVUAQCKXYIJBCP-BUFOXMIFSA-N,Fructosyl valine,MTBLS11904,plasma,Positive,Reverse phase/C18
-0.07304481454972891,-0.07615377011644464,IK_KVXSPXCUAWCXEI-UHFFFAOYSA-N,(2S)-2-Amino-6-[(3-formylpiperidin-1-yl)amino]hexanoic acid,MTBLS11904,plasma,Positive,Reverse phase/C18
-0.28593577836575884,-0.09172631444700742,IK_KVYNYRIOAYQBFK-AIIPJEMGSA-N,Hordatine A,MTBLS11904,plasma,Negative,Reverse phase/C18
0.05160551796619456,-0.06689843732182285,IK_KWABLUYIOFEZOY-UHFFFAOYSA-N,Dioctyl succinate,MTBLS11904,plasma,Positive,Reverse phase/C18
0.628384207879089,-0.024754894962338708,IK_KWBQPGIYEZKDEG-FSPLSTOPSA-N,Asparaginyl-Valine,MTBLS11904,plasma,Negative,Reverse phase/C18
-0.6405840193807398,-0.11829376346336823,IK_KWDXKYNWAKMLKK-YQMRQDNGSA-N,"(4E,14Z)-2-Aminooctadeca-4,14-diene-1,3-diol",MTBLS11904,plasma,Positive,Reverse phase/C18
-0.2623724850256631,-0.09021141879281057,IK_KWGRBVOPPLSCSI-WCBMZHEXSA-N,Pseudoephedrine,MTBLS11904,plasma,Positive,Reverse phase/C18
-0.20973708474313313,-0.08630322111330388,IK_KWIUHFFTVRNATP-UHFFFAOYSA-N,Betaine,MTBLS11904,plasma,Positive,Reverse phase/C18
3.1254810762104195,0.15815057024763512,IK_KWNPSWVOZWAPLW-UHFFFAOYSA-N,3-Methoxycatechol sulfate,MTBLS11904,plasma,Negative,Reverse phase/C18
0.022589607232930704,-0.06912767973837967,IK_KWXICGTUELOLSQ-UHFFFAOYSA-N,Dodecylbenzenesulfonic Acid,MTBLS11904,plasma,Negative,Reverse phase/C18
0.4137193180595645,-0.040478506645632184,IK_KXGVEGMKQFWNSR-LLQZFEROSA-N,deoxycholic acid,MTBLS11904,plasma,Negative,Reverse phase/C18
0.2607820221024858,0.1230136635690588,IK_KXGVEGMKQFWNSR-LLQZFEROSA-N,deoxycholic acid,38720721,serum,Not reported,Reverse phase/C18
-0.037945538479199944,-0.07356171298810507,IK_KXGVEGMKQFWNSR-WFTUMUMQSA-N,Allodeoxycholic acid,MTBLS11904,plasma,Negative,Reverse phase/C18
1.0042988881883292,0.0027798198895075815,IK_KXIAPDOVNFLKOS-FSBLEZRJSA-N,DG(PGD2/8:0/0:0),MTBLS11904,plasma,Negative,Reverse phase/C18
-0.07848883485648335,-0.07655798985003573,IK_KXLSJQTXSAYFDL-VAWYXSNFSA-N,Acetolein,MTBLS11904,plasma,Positive,Reverse phase/C18
-0.631072115926981,0.20469959295698487,IK_KXSPLNAXPMVUEC-NCOIDOBVSA-N,Uridine - H2O,28880465,serum,Positive,LC-MS/unspecified
-0.42320780570608074,-0.10215350037903591,IK_KYICBZWZQPCUMO-PSALXKTOSA-N,SM(d18:1/14:0),MTBLS11904,plasma,Positive,Reverse phase/C18
0.17760566475334988,-0.05777318101971249,IK_KZAUOCCYDRDERY-UHFFFAOYSA-N,Oxamyl,MTBLS11904,plasma,Negative,Reverse phase/C18
-0.1302631664855641,-0.3801874383070808,IK_KZNQNBZMBZJQJO-RXMQYKEDSA-N,Glycylproline [+C2H4],28880465,serum,Positive,LC-MS/unspecified
0.02616063666278001,-0.06878772871149813,IK_KZSNJWFQEVHDMF-BYPYZUCNSA-N,L-Valine,MTBLS11904,plasma,Positive,Reverse phase/C18
0.12676213410483061,-1.0919374840060778,IK_KZSNJWFQEVHDMF-BYPYZUCNSA-N,L-Valine,28880465,serum,Positive,LC-MS/unspecified
-0.012528746490701164,-0.06940552849982132,IK_KZSNJWFQEVHDMF-UHFFFAOYNA-N,Valine,ST001814,plasma,Positive,GC-MS
-0.42293014910906074,-0.10176077468391331,IK_KZTYPOGXRFTJBN-QUPJTARXSA-N,Phaeophorbide b,MTBLS11904,plasma,Negative,Reverse phase/C18
0.19116773433394996,-0.056535891453963504,IK_KZUXSHYAXPMDNJ-UHFFFAOYSA-N,7-(1-Imidazolyl)heptanoic acid,MTBLS11904,plasma,Positive,Reverse phase/C18
0.13536651757120427,-0.060679152087020696,IK_KZXGPOLABXFBDK-SCFYABBUSA-N,"LysoPE(0:0/22:5(7Z,10Z,13Z,16Z,19Z))",MTBLS11904,plasma,Positive,Reverse phase/C18
0.13792840772164067,-0.060679431160205966,IK_LADJWZMBZBVBSB-YEXRKOARSA-N,Dehydrotumulosic acid,MTBLS11904,plasma,Negative,Reverse phase/C18
0.14962748554800132,-0.059620270072611496,IK_LAEIZWJAQRGPDA-CIRFHOKZSA-N,Sclareol oxide,MTBLS11904,plasma,Positive,Reverse phase/C18
-1.8969180925906353,-0.5227774625341796,IK_LAGYWHSFHIMTPE-UHFFFAOYSA-N,Desmethylastemizole,24167579,serum,Positive,Reverse phase/C18
0.170131095844987,-0.05832067269053261,IK_LAXQYRRMGGEGOH-JXRLJXCWSA-N,"LysoPC(20:4(5Z,8Z,11Z,14Z)/0:0)",MTBLS11904,plasma,Negative,Reverse phase/C18
0.5750577382433992,-0.0286609121493413,IK_LBGFKUUHOPIEMA-PEARBKPGSA-N,Sapacitabine,MTBLS11904,plasma,Negative,Reverse phase/C18
-0.2491919270777046,-0.09217730403432281,IK_LBZZFYDZWFULSD-UHFFFAOYSA-N,PC O-37:0,37755270,serum,Not reported,Reverse phase/C18
0.2832541158139111,-0.05003472345431656,IK_LCAFGJGYCUMTGS-UHFFFAOYSA-N,Nebracetam,MTBLS11904,plasma,Negative,Reverse phase/C18
0.24106564045807408,-0.05312491303180074,IK_LCHFAYIGHOVWSA-UHFFFAOYSA-N,"1-(1,2,3,4,5-Pentahydroxypent-1-yl)-1,2,3,4-tetrahydro-beta-carboline-3-carboxylate",MTBLS11904,plasma,Negative,Reverse phase/C18
-0.07659526329709923,-0.07641739217578933,IK_LCJRHAPPMIUHLH-UHFFFAOYSA-N,Policapram,MTBLS11904,plasma,Positive,Reverse phase/C18
-0.07392982583816013,-0.07619746260263935,IK_LCPDWSOZIOUXRV-UHFFFAOYSA-N,Phenoxyacetic Acid,MTBLS11904,plasma,Negative,Reverse phase/C18
0.173883152384171,-0.05804584491591027,IK_LCTONWCANYUPML-UHFFFAOYSA-N,Pyruvic Acid,MTBLS11904,plasma,Negative,Reverse phase/C18
-0.013827487880123595,-0.06957631478696716,IK_LCTONWCANYUPML-UHFFFAOYSA-N,Pyruvic Acid,ST001814,plasma,Positive,GC-MS
0.18329757297606075,-0.057120253884566465,IK_LDKDGDIWEUUXSH-UHFFFAOYSA-N,THYMOLPHTHALEIN,MTBLS11904,plasma,Positive,Reverse phase/C18
-0.011119812739808565,-0.07159680276229316,IK_LEBBDRXHHNYZIA-LDUWYPJVSA-N,Galactocerebroside,MTBLS11904,plasma,Negative,Reverse phase/C18
-1.0040431320469643,6.01914356389617,IK_LEEDEKWKJVUWGA-AVFOEOQDSA-N,N-cis-p-Coumaroyltyrosine,38720721,serum,Not reported,Reverse phase/C18
-0.018623925015761957,-0.07214645770302668,IK_LEHOTFFKMJEONL-UHFFFAOYSA-N,Uric acid,MTBLS11904,plasma,Negative,Reverse phase/C18
-0.025607302549972132,-0.07112451891334212,IK_LEHOTFFKMJEONL-UHFFFAOYSA-N,Uric acid,ST001814,plasma,Positive,GC-MS
-0.7420114639433975,1.577107665475846,IK_LEHOTFFKMJEONL-UHFFFAOYSA-N,Uric acid,38720721,serum,Not reported,Reverse phase/C18
0.1721105270316955,-0.058175684977922526,IK_LEILBPMISZFZQK-GFCCVEGCSA-N,Olamufloxacin,MTBLS11904,plasma,Negative,Reverse phase/C18
4.07812149498933,2.286766618628995,IK_LEOVWDSHDAVANJ-UHFFFAOYSA-N,4-Hydroxy benzenepropanedioate,28880465,serum,Positive,LC-MS/unspecified
-1.0586525696899298,-0.14832569073049567,IK_LEQAKWQJCITZNK-AXHKHJLKSA-N,Thiocolchicoside,MTBLS11904,plasma,Negative,Reverse phase/C18
0.4624069243668746,-1.6295242715076177,IK_LEVWYRKDKASIDU-IMJSIDKUSA-N,L-Cystine,28880465,serum,Positive,LC-MS/unspecified
-0.07307036085919769,-0.5791607159853102,IK_LEVWYRKDKASIDU-UHFFFAOYNA-N,Cystine,38720721,serum,Not reported,Reverse phase/C18
-0.11689285412270856,-0.07940950306232217,IK_LFLJTCVAAOWHTD-BHPNAFPPSA-N,3alpha-Acetomethoxy-11alpha-oxo-12-ursen-24-oic acid,MTBLS11904,plasma,Positive,Reverse phase/C18
0.6807666350855676,-0.1284548938075598,IK_LFLWRPZTBUUBEQ-ZRJLWMKBSA-N,Daphniphylline,ST003159,serum,Negative,Reverse phase/C18
-0.44071548735551525,-0.10306350214483823,IK_LFPLDCZTCJLLHS-KZJYDNEQSA-N,DG(LTE4/a-21:0/0:0),MTBLS11904,plasma,Negative,Reverse phase/C18
0.0433293189708233,-0.06760855356051869,IK_LFTRJWKKLPVMNE-RCBQFDQVSA-N,Valyl-prolyl-glycyl-valyl-glycine,MTBLS11904,plasma,Negative,Reverse phase/C18
0.5194954664614803,-0.03215743755383396,IK_LFUCRBSGQMAKCO-UHFFFAOYSA-N,5-Hydroxyindoleacetylglycine,MTBLS11904,plasma,Positive,Reverse phase/C18
0.21596051076572007,-0.09428625817411507,IK_LFUDDCMNKWEORN-ZXEGGCGDSA-N,LPC 16:1,ST003159,serum,Positive,HILIC
0.08446571203129963,0.14217911091971946,IK_LFUDDCMNKWEORN-ZXEGGCGDSA-N,LPC 16:1,37755270,serum,Not reported,Reverse phase/C18
-0.262214981834225,-0.3761049237722355,IK_LFULEKSKNZEWOE-UHFFFAOYSA-N,Propanil,38720721,serum,Not reported,Reverse phase/C18
0.2445132233475767,-0.05257496964743442,IK_LGHBWDKMGOIZKH-CBZIJGRNSA-N,3-Deoxyestrone,MTBLS11904,plasma,Positive,Reverse phase/C18
-0.26386659724511574,-0.09010980809559076,IK_LGHZJDKSVUTELU-UHFFFAOYSA-N,Fipronil Sulfone,MTBLS11904,plasma,Negative,Reverse phase/C18
-0.1498868080331714,-0.08176110245270014,IK_LGOGXWQIQWFWBX-BEEAGPBQSA-N,"PE(20:3(6,8,11)-OH(5)/22:1(13Z))",MTBLS11904,plasma,Negative,Reverse phase/C18
-0.8193491054445993,-0.13156713627610744,IK_LGOQXEQWOCSLEC-CYZBKYQRSA-N,Chrysoeriol 7-O-neohesperidoside,MTBLS11904,plasma,Positive,Reverse phase/C18
0.11367298877764144,-0.06245607348334172,IK_LGVYUZVANMHKHV-UHFFFAOYSA-N,Dihydrogeranylacetone,MTBLS11904,plasma,Negative,Reverse phase/C18
-0.0660121002889115,-0.07561751114368785,IK_LGZSMXJRMTYABD-MDZDMXLPSA-N,[8]-Shogaol,MTBLS11904,plasma,Negative,Reverse phase/C18
-0.4215120493610308,-0.10165690328294476,IK_LHEGPXCSOZGQCV-AXQAKGHFSA-N,N(4)-Oleylcytosine arabinoside,MTBLS11904,plasma,Negative,Reverse phase/C18
0.18158152293201277,-0.05724767133785881,IK_LHGVLZHIYVKZBT-UHFFFAOYSA-N,5-(3-Pyridyl)-2-hydroxytetrahydrofuran,MTBLS11904,plasma,Positive,Reverse phase/C18
0.008772169090766085,0.7435508813346364,IK_LHQIJBMDNUYRAM-DZSWIPIPSA-N,Biopterin,28880465,serum,Positive,LC-MS/unspecified
-0.5900493014094124,-0.11454154234294808,IK_LHTZUHRNOLWZNI-UHFFFAOYSA-N,5-Methyltricosanoylcarnitine,MTBLS11904,plasma,Positive,Reverse phase/C18
0.048883507411609975,-0.06710054749287397,IK_LIFAQMGORKPVDH-UHFFFAOYSA-N,7-Ethoxycoumarin,MTBLS11904,plasma,Positive,Reverse phase/C18
0.23827035154602072,-0.05303850513980284,IK_LIHDYIAAKPQZSN-UHFFFAOYSA-N,Morph,MTBLS11904,plasma,Positive,Reverse phase/C18
-0.1492073019279542,-0.08171133032638483,IK_LILXPJXZNJTPQZ-UHFFFAOYSA-N,2-Methoxy-4-methylphenol sulfate,MTBLS11904,plasma,Negative,Reverse phase/C18
0.9022843181979986,-0.004692466324450986,IK_LILYSWSASVONIC-UHFFFAOYSA-N,N-[4-[Acetyl(3-aminopropyl)amino]butyl]-N-(3-aminopropyl)acetamide,MTBLS11904,plasma,Negative,Reverse phase/C18
-0.17127648385101205,-0.08332783728631267,IK_LITUBCVUXPBCGA-WMZHIEFXSA-N,Ascorbyl stearate,MTBLS11904,plasma,Negative,Reverse phase/C18
-0.677449510118253,-0.12103103944331639,IK_LJARBVLDSOWRJT-PSXMRANNSA-N,PC(15:0/15:0),MTBLS11904,plasma,Positive,Reverse phase/C18
0.10790971511546255,-0.06271782962104991,IK_LJHGATIVGCLEDO-DCLYHHALSA-N,"DG(20:5(7Z,9Z,11E,13E,17Z)-3OH(5,6,15)/0:0/18:0)",MTBLS11904,plasma,Positive,Reverse phase/C18
-0.5107046308867271,-0.1081900136612967,IK_LJIFHMULTXIFNU-KAMIUYGRSA-N,"PE(18:1(11Z)/20:4(5Z,8Z,11Z,14Z))",MTBLS11904,plasma,Negative,Reverse phase/C18
0.36508054003162327,-0.04362280210938932,IK_LJIRBXZDQGQUOO-KVTDHHQDSA-N,"5,6-Dihydro-5-azacytidine",MTBLS11904,plasma,Positive,Reverse phase/C18
-0.10488050327446602,-0.07851758169843731,IK_LJJHXRRUVASJDX-KRXBUXKQSA-N,Lupinic acid,MTBLS11904,plasma,Positive,Reverse phase/C18
-1.0473740243040517,-0.3340938895683485,IK_LJOOSFYJELZGMR-UHFFFAOYSA-N,umbelliferone sulfate,38720721,serum,Not reported,Reverse phase/C18
0.5068707620899321,-0.03365542013322374,IK_LJOQGZACKSYWCH-LHHVKLHASA-N,Hydroquinidine,MTBLS11904,plasma,Negative,Reverse phase/C18
0.03811381385254607,-0.06790020102431847,IK_LJTSIMVOOOLKOL-FNRDIUJOSA-N,Antroquinonol,MTBLS11904,plasma,Positive,Reverse phase/C18
0.5609949131685383,-0.02969097510555721,IK_LKAFPNQADHUXMM-LURJTMIESA-N,(2S)-2-(4-Chloroanilino)propanoic acid,MTBLS11904,plasma,Negative,Reverse phase/C18
-0.16377237077264395,-0.082778181737068,IK_LKAPTZKZHMOIRE-KVTDHHQDSA-N,"2,5-Anhydro-D-mannose",MTBLS11904,plasma,Negative,Reverse phase/C18
-0.07467210343490148,-0.07627459715500437,IK_LKDRXBCSQODPBY-VRPWFDPXSA-N,D-Fructose,MTBLS11904,plasma,Positive,Reverse phase/C18
0.1277308359308788,-0.0509747168670477,IK_LKDRXBCSQODPBY-VRPWFDPXSA-N,D-Fructose,ST001814,plasma,Positive,GC-MS
0.08151804749989458,-0.06467742086094033,IK_LKICWTKOZJNCQH-AATRIKPKSA-N,(12E)-10-Hydroxytetradec-12-enoylcarnitine,MTBLS11904,plasma,Positive,Reverse phase/C18
0.2301930810411424,-0.053638245238223636,IK_LKLLJYJTYPVCID-JVVXYUKTSA-N,"(9Z,12E)-15,16-Dihydroxyoctadeca-9,12-Dienoic Acid",MTBLS11904,plasma,Positive,Reverse phase/C18
-0.007331928447528582,-0.07127456407007796,IK_LLCPFVIBUZJITJ-GVEMAFOVSA-N,2-Methoxy-estradiol-17b 3-glucuronide,MTBLS11904,plasma,Positive,Reverse phase/C18
0.3544250105624903,-0.04482165155772594,IK_LLLPDUXGHXIXIW-UHFFFAOYSA-N,N-formylanthranilic acid,MTBLS11904,plasma,Negative,Reverse phase/C18
0.18205491648929684,-0.05721252110849566,IK_LMAFCBRBDQCUTK-HGDYXINXSA-N,Ile-Ile-Ala-Glu-Lys,MTBLS11904,plasma,Positive,Reverse phase/C18
-0.0521563240486832,-0.07460277950811606,IK_LMKGFPWGPGBBHF-FVQFVYKESA-N,"PG(a-13:0/18:2(9Z,11Z))",MTBLS11904,plasma,Positive,Reverse phase/C18
-0.6507323853675824,-0.11904728328252293,IK_LMOUVAHDYFZTCE-UHFFFAOYSA-N,Tetrahydrothiophene sulfoxide,MTBLS11904,plasma,Positive,Reverse phase/C18
0.504761105058653,-0.03325146908876997,IK_LNJNFVJKDJYTEU-UHFFFAOYSA-N,Diethofencarb,MTBLS11904,plasma,Positive,Reverse phase/C18
0.274070708114521,-0.05038031555431867,IK_LOAUVZALPPNFOQ-UHFFFAOYSA-N,2-Quinolinecarboxylic acid,MTBLS11904,plasma,Positive,Reverse phase/C18
0.26475972809464887,-0.05138938631147014,IK_LOHIEGDVOARVPJ-NSCUHMNNSA-N,Xenognosin A,MTBLS11904,plasma,Negative,Reverse phase/C18
-1.307861242508766,-0.1678393414124703,IK_LOIYMIARKYCTBW-OWOJBTEDSA-N,Urocanic acid,MTBLS11904,plasma,Positive,Reverse phase/C18
0.576666902835724,-1.015416235045497,IK_LOIYMIARKYCTBW-OWOJBTEDSA-N,Urocanic acid,28880465,serum,Positive,LC-MS/unspecified
-0.11366786398401638,-0.07917004643206646,IK_LOJUQFSPYHMHEO-SGHXUWJISA-N,Ubiquinol-8,MTBLS11904,plasma,Positive,Reverse phase/C18
-0.12563138908917215,-0.07998446012956438,IK_LOMQONAZKMLAOB-UHFFFAOYSA-N,Iodopindolol,MTBLS11904,plasma,Negative,Reverse phase/C18
0.5520136132131972,-0.030348830722106312,IK_LOODYTDRRBLQNH-UHFFFAOYSA-N,Vanilloylglycine,MTBLS11904,plasma,Negative,Reverse phase/C18
0.32549303793711065,-0.04656218886889976,IK_LOWWYYZBZNSPDT-ZBEGNZNMSA-N,Delgocitinib,MTBLS11904,plasma,Positive,Reverse phase/C18
-0.055346806951203725,-0.07483630790956172,IK_LOYWOYCPSWPKFH-DSNGMDLFSA-N,Quadazocine,MTBLS11904,plasma,Negative,Reverse phase/C18
0.6673124757831187,-0.021181970049252277,IK_LPEPZZAVFJPLNZ-SFHVURJKSA-N,8-Prenylnaringenin,MTBLS11904,plasma,Positive,Reverse phase/C18
0.6791403713905473,-0.021037145778337443,IK_LPIOYESQKJFWPQ-UHFFFAOYSA-N,2-Hydroxydecanedioic acid,MTBLS11904,plasma,Negative,Reverse phase/C18
-0.2188877655986255,-0.1182627204036643,IK_LQQFFJFGLSKYIR-UHFFFAOYSA-M,"3-(3,4-Dihydroxyphenyl)pyruvate",24167579,serum,Positive,Reverse phase/C18
0.1877982586224881,-0.05702660165279268,IK_LRFVTYWOQMYALW-UHFFFAOYSA-N,Xanthine,MTBLS11904,plasma,Negative,Reverse phase/C18
-0.4693710800992665,-1.0299664661302756,IK_LRFVTYWOQMYALW-UHFFFAOYSA-N,Xanthine,28880465,serum,Positive,LC-MS/unspecified
-1.4081897486944115,8.355507247091934,IK_LRKCBIUDWAXNEG-CSMHCCOUSA-N,Leu-Thr,38720721,serum,Not reported,Reverse phase/C18
0.20874477699702834,-0.05549232721582269,IK_LRNNBJBAUXSVMH-NHNZYLEHSA-N,4R-Hydroxy solifenacin,MTBLS11904,plasma,Negative,Reverse phase/C18
0.3872412568667084,-0.04197736092634975,IK_LRTCKJJOUNZFDD-DBHIXKHWSA-N,"PA(20:2(11Z,14Z)/18:1(9Z))",MTBLS11904,plasma,Positive,Reverse phase/C18
-0.7908271688198444,-0.12944937234761428,IK_LSFLNLHTOKKPHT-UHFFFAOYSA-N,"(+)-15,16-Dihydroxyoctadecanoic acid",MTBLS11904,plasma,Positive,Reverse phase/C18
0.09595653779444248,-0.06360535801706592,IK_LSOWKZULVQWMLY-APPDJCNMSA-N,LPC 22:6,MTBLS11904,plasma,Positive,Reverse phase/C18
0.20596646320215278,-0.2723327344377968,IK_LSOWKZULVQWMLY-APPDJCNMSA-N,LPC 22:6,37755270,serum,Not reported,Reverse phase/C18
0.3994262508137889,-0.5453814838596328,IK_LSOWKZULVQWMLY-APPDJCNMSA-N,LPC 22:6,38720721,serum,Not reported,Reverse phase/C18
0.10586820713389711,-0.06286941260375642,IK_LSUXCWJOIAWGOU-FTJOPAKQSA-N,"LysoPC(0:0/18:2(9Z,12Z))",MTBLS11904,plasma,Positive,Reverse phase/C18
0.31613630991122055,-0.04762619356716426,IK_LSVHZFZMMXHHBS-MNBASXMYSA-N,"10,11-dihydro-20-trihydroxy-leukotriene B4",MTBLS11904,plasma,Negative,Reverse phase/C18
2.3754893393730607,0.10321574269924083,IK_LTCLZQOHPYRNCF-UHFFFAOYSA-N,6-Hydroxyindoxyl sulfate,MTBLS11904,plasma,Negative,Reverse phase/C18
-0.058221691185611685,-0.07505314755826488,IK_LTEJTIXDTAJBOQ-JHHXISLPSA-N,"SM(d17:2(4E,8Z)/PGJ2)",MTBLS11904,plasma,Positive,Reverse phase/C18
-0.6642435016614273,-0.11943631302149582,IK_LTINZAODLRIQIX-FBXRGJNPSA-N,Cefpodoxime proxetil,MTBLS11904,plasma,Negative,Reverse phase/C18
-0.8901645610985038,-0.1359844080286563,IK_LUHMMHZLDLBAKX-DBIGVJDZSA-N,Artemisin,MTBLS11904,plasma,Negative,Reverse phase/C18
1.5037300791461519,0.03936177868483451,IK_LUINDDOUWHRIPW-UHFFFAOYSA-N,6-Chloromelatonin,MTBLS11904,plasma,Negative,Reverse phase/C18
0.05106978218468351,-0.06704158577341526,IK_LULOGYYPGZOKQW-DUXPYHPUSA-N,Trans-Caffeic acid [apiosyl-(1->6)-glucosyl] ester,MTBLS11904,plasma,Negative,Reverse phase/C18
-0.05221519760406232,-0.07460694560164594,IK_LUMKNAVTFCDUIE-VHXPQNKSSA-N,"2-[4-[(Z)-4-Chloro-1,2-diphenylbut-1-enyl]phenoxy]ethanol",MTBLS11904,plasma,Negative,Reverse phase/C18
-0.3975816115889639,-0.09990406432475543,IK_LUSZGTFNYDARNI-UHFFFAOYSA-N,Sesamol,MTBLS11904,plasma,Negative,Reverse phase/C18
-0.011030312012250795,-0.07154917022086046,IK_LVCMXFSJTNPFHH-FRCNGJHJSA-N,4-Hydroxyretinoic acid glucuronide,MTBLS11904,plasma,Positive,Reverse phase/C18
-0.29385587981645933,-0.1356009933417615,IK_LVDKZNITIUWNER-UHFFFAOYSA-N,Bronopol,24167579,serum,Positive,Reverse phase/C18
0.15982032730931006,-0.0590759078721262,IK_LVGKNOAMLMIIKO-QXMHVHEDSA-N,Ethyl oleate,MTBLS11904,plasma,Negative,Reverse phase/C18
-0.10531082300692751,-0.08159782886787677,IK_LVHBHZANLOWSRM-UHFFFAOYSA-N,Itaconic acid,ST001814,plasma,Positive,GC-MS
0.5638311135982671,-0.02948323098627259,IK_LVHOURKCKUYIGK-RGUJTQARSA-N,Dimethisterone,MTBLS11904,plasma,Negative,Reverse phase/C18
1.1864065650824764,0.01611870505059515,IK_LVJJEIJOKPHQOU-UHFFFAOYSA-N,"3-Hydroxy-2-methylpyridine-4,5-dicarboxylate",MTBLS11904,plasma,Negative,Reverse phase/C18
-0.7921383977828494,-0.1288042618271788,IK_LVNGJLRDBYCPGB-LDLOPFEMSA-N,PE(18:0/18:0),MTBLS11904,plasma,Negative,Reverse phase/C18
0.08345074034581942,-0.08454525437350544,IK_LVNITLZCNUEXQK-UTJQPWESSA-N,carnitine 14:2,ST003159,serum,Positive,HILIC
-0.33319316638649604,-0.012119689398931502,IK_LVNITLZCNUEXQK-UTJQPWESSA-N,carnitine 14:2,33485385,plasma,Positive,LC-MS/unspecified
-1.23833162485373,-0.16267674196223592,IK_LVQDKIWDGQRHTE-UHFFFAOYSA-N,Cyromazine,MTBLS11904,plasma,Positive,Reverse phase/C18
0.12546094486145212,-0.0615926383347689,IK_LVRFTAZAXQPQHI-UHFFFAOYSA-N,Leucinic Acid,MTBLS11904,plasma,Negative,Reverse phase/C18
-0.07239389867469401,-0.07610543905761627,IK_LWWIYCLYWKAKRR-HSUXUTPPSA-N,"(2R,3R,4R)-Hexane-1,2,3,4,6-pentol",MTBLS11904,plasma,Positive,Reverse phase/C18
-0.7767186353449943,2.45209550373921,IK_LXJXRIRHZLFYRP-UHFFFAOYSA-N,DL-Glyceraldehyde 3-phosphate,38516193,plasma,Positive,LC-MS/unspecified
-0.9021633188687096,-0.13771612236953085,IK_LXNHXLLTXMVWPM-UHFFFAOYSA-N,Pyridoxine,MTBLS11904,plasma,Positive,Reverse phase/C18
-0.1764170952970602,-0.0837043726838042,IK_LXWZWRRIEITWMN-ZUTFDUMMSA-N,(3Z)-phytochromobilin,MTBLS11904,plasma,Negative,Reverse phase/C18
0.40033599828750616,-0.04145879808404398,IK_LXYZKMJJLXYZTE-RKQHYHRCSA-N,1-(beta-D-Glucopyranosyloxy)-3-octanone,MTBLS11904,plasma,Negative,Reverse phase/C18
-0.29299510396162054,-0.09248515928039029,IK_LYCIFUKTLFWAKN-BKQFRBNDSA-N,"DG(22:6(4Z,7Z,10Z,13Z,16Z,19Z)/22:5(4Z,7Z,10Z,13Z,16Z)/0:0)",MTBLS11904,plasma,Positive,Reverse phase/C18
2.6809529579298244,1.3266620951023764,IK_LYCVKHSJGDMDLM-LURJTMIESA-N,Histidinyl-Glycine,28880465,serum,Positive,LC-MS/unspecified
-0.6082285520373822,-0.11533337262532925,IK_LYFMZJCIGLZMJF-IRSYNFPBSA-N,"PE(P-16:0/22:2(13Z,16Z))",MTBLS11904,plasma,Negative,Reverse phase/C18
0.6099431437936769,-0.02544166404416401,IK_LYMVXFSTACVOLP-UHFFFAOYSA-N,Tryptophyl-Leucine,MTBLS11904,plasma,Positive,Reverse phase/C18
0.033912449230140834,-0.06821215414249154,IK_LYMVXFSTACVOLP-ZFWWWQNUSA-N,Trp Leu,MTBLS11904,plasma,Positive,Reverse phase/C18
-4.3814077093771303e-4,-0.07076269751888117,IK_LYRFLYHAGKPMFH-UHFFFAOYSA-N,Octadecanamide,MTBLS11904,plasma,Positive,Reverse phase/C18
-0.044641225110673075,-0.07404479283252548,IK_LYSGIJUGUGJIPS-ONEGZZNKSA-N,Cucurbic acid,MTBLS11904,plasma,Positive,Reverse phase/C18
-0.46527222233284354,-0.18080272596316638,IK_LZCOQTDXKCNBEE-RUTJIGONSA-N,"3-Oxa-9-azoniatricyclo[3.3.1.02,4]nonane, 9-ethyl-7-hydroxy-9-methyl-",24167579,serum,Positive,Reverse phase/C18
0.49348843124432085,-0.034088468979093844,IK_LZFOPEXOUVTGJS-ONEGZZNKSA-N,Sinapyl alcohol,MTBLS11904,plasma,Positive,Reverse phase/C18
-0.16346290492143342,-0.08286734607892564,IK_LZLVZIFMYXDKCN-QJWFYWCHSA-N,GPCho(20:4/20:4),MTBLS11904,plasma,Positive,Reverse phase/C18
-0.15133220541391654,-0.08196663756228076,IK_LZOSYCMHQXPBFU-UHFFFAOYSA-N,Decanoyl-L-carnitine,MTBLS11904,plasma,Positive,Reverse phase/C18
-9.411211574600307e-4,-0.07080004458659692,IK_LZPZPHGJDAGEJZ-AKAIJSEGSA-N,Regadenoson,MTBLS11904,plasma,Positive,Reverse phase/C18
0.6007017143702528,-0.026782561086639206,IK_LZRYNUIYHHQTRL-NBZVOYHKSA-N,"Lisinopril, epsilon-biotinamidocaproyl-",MTBLS11904,plasma,Negative,Reverse phase/C18
-0.23319963252587345,-0.08804532380548902,IK_MAAMGQXOTCBPFS-JPGWWKBXSA-N,"PC(18:0/22:5(7Z,10Z,13Z,16Z,19Z))",MTBLS11904,plasma,Positive,Reverse phase/C18
-2.4437385043367503,-0.2521786437647696,IK_MADRIHWFJGRSBP-ROUUACIJSA-N,Benazeprilat,MTBLS11904,plasma,Positive,Reverse phase/C18
-0.2349452693991596,-0.08817493809713396,IK_MALFODICFSIXPO-KFKQDBFTSA-N,VERATRAMINE,MTBLS11904,plasma,Positive,Reverse phase/C18
0.20738144980459766,-0.05533201697190558,IK_MALNXHYEPCSPPU-UWVGGRQHSA-N,Seryltyrosine,MTBLS11904,plasma,Positive,Reverse phase/C18
0.49440329990090426,-0.03456862740811187,IK_MAZWDMBCPDUFDJ-VQHVLOKHSA-N,trans-traumatic acid,MTBLS11904,plasma,Negative,Reverse phase/C18
0.23207620067672832,-0.34848987859874325,IK_MAZWDMBCPDUFDJ-VQHVLOKHSA-N,trans-traumatic acid,38720721,serum,Not reported,Reverse phase/C18
-0.15849227656713366,-0.08249827535767537,IK_MBDKGXAMSZIDKF-VJIACCKLSA-N,N-Oleoyl-L-Serine,MTBLS11904,plasma,Positive,Reverse phase/C18
0.7621878535218853,-0.014954146188413633,IK_MBJLYSAPIVPYNP-CLFYSBASSA-N,Methyl helianthenoate A glucoside,MTBLS11904,plasma,Negative,Reverse phase/C18
-0.058360269716320884,-0.07505703570069444,IK_MBMBGCFOFBJSGT-KUBAVDMBSA-N,Docosahexaenoic Acid,MTBLS11904,plasma,Negative,Reverse phase/C18
-0.1208371836375674,-0.06952772454010986,IK_MBMBGCFOFBJSGT-KUBAVDMBSA-N,Docosahexaenoic Acid,ST003159,serum,Negative,Reverse phase/C18
0.0890925892016166,-0.06425651998058544,IK_MBMQEIFVQACCCH-XVNBXDOJSA-N,"(S,E)-Zearalenone",MTBLS11904,plasma,Negative,Reverse phase/C18
0.0478183732425969,-0.06717963388733796,IK_MBWDCAVWOVBITA-RRQLROBKSA-N,"DG(18:3(9,11,15)-OH(13)/0:0/a-15:0)",MTBLS11904,plasma,Positive,Reverse phase/C18
-0.1326628012253953,-0.08049949130341677,IK_MCBZSKZRUIWKPM-ANMDKAQQSA-N,Cerivastatin lactone,MTBLS11904,plasma,Negative,Reverse phase/C18
-0.16695417933916656,-0.08312657456189033,IK_MCFZBCCYOPSZLG-UHFFFAOYSA-N,"2-Cyclopentene-1,4-dione",MTBLS11904,plasma,Positive,Reverse phase/C18
0.027818850517833785,-0.0687446526052893,IK_MCKLJFJEQRYRQT-APGJSSKUSA-N,20alpha-Hydroxycholesterol,MTBLS11904,plasma,Negative,Reverse phase/C18
-0.7888459232619776,1.7086676872734832,IK_MCMLHDBHZRLOED-SFYZADRCSA-N,Ornithine [+CO2],28880465,serum,Positive,LC-MS/unspecified
-0.028427510442440015,-0.07284091895897873,IK_MCYHPZGUONZRGO-VKHMYHEASA-N,Mecysteine,MTBLS11904,plasma,Positive,Reverse phase/C18
0.38695267998902294,-0.042439089014269786,IK_MDCGEAGEQVMWPE-AATRIKPKSA-N,3-Oxo-alpha-ionol,MTBLS11904,plasma,Negative,Reverse phase/C18
-0.04100201587558802,-0.07377458025812299,IK_MDDUIRLQCYVRDO-NHCYSSNCSA-N,Lys Val Asn,MTBLS11904,plasma,Positive,Reverse phase/C18
-1.5327357597228382,2.7326547373526817,IK_MDIUMSLCYIJBQC-BUHFOSPRSA-N,FA 18:1+3O,38720721,serum,Not reported,Reverse phase/C18
-0.01085391910547195,-0.07157732654568467,IK_MDIUMSLCYIJBQC-MVFSOIOZSA-N,"9,12,13-TriHOME",MTBLS11904,plasma,Negative,Reverse phase/C18
-0.01897844981779281,-0.0721724257555592,IK_MDQKYGOECVSPIW-UHFFFAOYSA-N,chlorothalonil-4-hydroxy,MTBLS11904,plasma,Negative,Reverse phase/C18
-0.16762867816531038,-0.7165906971214269,IK_MDQKYGOECVSPIW-UHFFFAOYSA-N,chlorothalonil-4-hydroxy,38720721,serum,Not reported,Reverse phase/C18
-0.3548948353458058,-0.15104342325731196,IK_MDSIZRKJVDMQOQ-GORDUTHDSA-N,(2E)-4-hydroxy-3-methylbut-2-en-1-yl trihydrogen diphosphate,24167579,serum,Positive,Reverse phase/C18
-0.030084386025596804,-0.0729639421270547,IK_MDSUKZSLOATHMH-UHFFFAOYSA-N,Leucyl-Valine,MTBLS11904,plasma,Positive,Reverse phase/C18
0.360629198559367,-0.04436721159477603,IK_MDWXOTLIYUYWJP-UHFFFAOYSA-N,3-hydroxy-3-(3-hydroxyphenyl)propanoic acid-O-sulphate,MTBLS11904,plasma,Negative,Reverse phase/C18
0.08752677048578864,-0.0643712117834887,IK_MDZKJHQSJHYOHJ-LLICELPBSA-N,Maslinic acid,MTBLS11904,plasma,Negative,Reverse phase/C18
0.14338461374644537,-0.060083805564979914,IK_MEHHPFQKXOUFFV-XDNAFOTISA-N,17alpha-Trenbolone,MTBLS11904,plasma,Positive,Reverse phase/C18
0.2964010855817315,-0.04907174354492714,IK_MEJPFLKDAHVOFR-CGEJCFONSA-N,3-O-Methylniveusin A,MTBLS11904,plasma,Negative,Reverse phase/C18
-0.08209845806474485,-0.07682600619459679,IK_MEZHYUGWUQWXOK-QPPIDDCLSA-N,PGP(i-12:0/i-22:0),MTBLS11904,plasma,Positive,Reverse phase/C18
-0.272077044415714,-0.09093198592979108,IK_MFGALGYVFGDXIX-UHFFFAOYSA-N,"2,3-Dimethylmaleic anhydride",MTBLS11904,plasma,Positive,Reverse phase/C18
-0.28367517616756366,-0.09179315134952916,IK_MFIONIMKDOSXCC-SJQSLJDISA-N,"DG(15:0/18:4(6Z,9Z,12Z,15Z)/0:0)",MTBLS11904,plasma,Positive,Reverse phase/C18
0.007875825710167896,-0.07014538291428998,IK_MFNAKLLYSPINFZ-UHFFFAOYSA-N,"6-Methylpteridine-2,4-diamine",MTBLS11904,plasma,Positive,Reverse phase/C18
-0.04546966330345881,-0.07410630472081906,IK_MFOCDFTXLCYLKU-CMPLNLGQSA-N,Phendimetrazine,MTBLS11904,plasma,Positive,Reverse phase/C18
-0.5090398991882256,-0.10852656411754967,IK_MFPOOPOMQXUMBS-RWMKFOTHSA-N,"PE(18:1(11Z)/20:4(8Z,11Z,14Z,17Z))",MTBLS11904,plasma,Positive,Reverse phase/C18
0.31516136613291557,-0.04769760507967624,IK_MFXYPCMYAZAZDX-UHFFFAOYSA-N,Notoginsenoside R10,MTBLS11904,plasma,Negative,Reverse phase/C18
-0.4827562445459691,-0.10614287192889883,IK_MFYFKAXYRXODPL-UHFFFAOYSA-N,"3,4-Dihydroxyphenylglycol O-sulfate",MTBLS11904,plasma,Negative,Reverse phase/C18
-0.031445913480396034,-0.0730856335386333,IK_MFYSYFVPBJMHGN-ZPOLXVRWSA-N,Cortisone,MTBLS11904,plasma,Negative,Reverse phase/C18
-0.8154188729485438,-0.13050949263780257,IK_MGFYIUFZLHCRTH-UHFFFAOYSA-N,Nitrilotriacetic acid,MTBLS11904,plasma,Negative,Reverse phase/C18
-0.8177232854384385,-0.13067828442419546,IK_MGRVRXRGTBOSHW-UHFFFAOYSA-N,Aminomethylphosphonic acid,MTBLS11904,plasma,Negative,Reverse phase/C18
1.119874039614946,0.011245381314051173,IK_MGXAKXRVQRODDX-LRSNRTHXSA-N,Ginkgolide K,MTBLS11904,plasma,Negative,Reverse phase/C18
-0.4031773578801825,-0.10066623188459911,IK_MHDRTPJQGBFRLF-HKBYYINESA-N,"DG(22:6(4Z,7Z,10Z,13Z,16Z,19Z)/22:2(13Z,16Z)/0:0)",MTBLS11904,plasma,Positive,Reverse phase/C18
-5.668266513220144,0.33827261577421336,IK_MHDVGSVTJDSBDK-UHFFFAOYSA-N,Dibenzyl ether,ST003159,serum,Negative,Reverse phase/C18
-0.09183333875115339,-0.07750884587823803,IK_MHMUCYJKZUZMNJ-OWOJBTEDSA-N,Trans-3-Chloroacrylic acid,MTBLS11904,plasma,Negative,Reverse phase/C18
-0.8952991180213569,-0.13720645265668666,IK_MIAKOEWBCMPCQR-GCHJQGSQSA-N,4-Aminophenylmannoside,MTBLS11904,plasma,Positive,Reverse phase/C18
0.05882476277788816,-0.06636240584972304,IK_MICNQLKUSOVNNG-UHFFFAOYSA-N,9-Carboxymethoxymethylguanine,MTBLS11904,plasma,Positive,Reverse phase/C18
-0.32223295847730415,0.3130235955460141,IK_MIKWCKCBCDZUNB-JRQMLGJJSA-N,PC O-34:3,37755270,serum,Not reported,Reverse phase/C18
-2.191159062115376,-0.23127867106282196,IK_MINDHVHHQZYEEK-HBBNESRFSA-N,Mupirocin,MTBLS11904,plasma,Negative,Reverse phase/C18
-0.06710522033858461,-0.07569757968789595,IK_MJEQLGCFPLHMNV-UHFFFAOYSA-N,Hydroxymethylcytosine,MTBLS11904,plasma,Negative,Reverse phase/C18
-0.3135285320427872,-0.09400977413370648,IK_MJEVTNQRFPLLCH-QECOYPFHSA-N,"DG(18:3(9Z,12Z,15Z)/15:0/0:0)",MTBLS11904,plasma,Positive,Reverse phase/C18
0.5365622317578966,-0.03148060180937745,IK_MJLXQSQYKZWZCB-AKNKGCNLSA-N,Linoelaidylcarnitine,MTBLS11904,plasma,Negative,Reverse phase/C18
-0.029407393822423158,-0.07293631736033776,IK_MJZYBROJFJAPOE-UHFFFAOYSA-N,Stigmastanediol,MTBLS11904,plasma,Negative,Reverse phase/C18
-0.8800901426983191,-0.13524648508492146,IK_MKMUWJJSVUOCQC-DTKYWWSASA-N,PE(18:1(11Z)/18:0),MTBLS11904,plasma,Negative,Reverse phase/C18
-7.192676341712006,-6.177873493063454,IK_MKOKWBRPIBQYJJ-WZBOJYASSA-N,C24:1 lactosylceramide,24058461,plasma,Not reported,LC-MS/unspecified
0.29161499666172397,-0.049422312006583285,IK_MKYPKZSGLSOGLL-LURJTMIESA-N,4-(Glutamylamino) butanoate,MTBLS11904,plasma,Negative,Reverse phase/C18
-1.0530983442994257,-0.14791885891511133,IK_MMAFNNBLJJXUCU-UHFFFAOYSA-N,"(3b,16b,20R)-Pregn-5-ene-3,16,20-triol 3-glucoside",MTBLS11904,plasma,Negative,Reverse phase/C18
0.23229376335234503,-0.05348226867913708,IK_MMBIABUYJUHFAK-XRYCYFGJSA-N,"PC(22:6(4Z,7Z,10Z,13E,15E,19Z)-OH(17)/18:3(9Z,12Z,15Z))",MTBLS11904,plasma,Positive,Reverse phase/C18
-0.049789375913977696,-0.07442704509207732,IK_MMCQRJPAMIHLQX-ZOWXZIJZSA-N,Sophoramine,MTBLS11904,plasma,Positive,Reverse phase/C18
-0.052688909588727795,-0.07464233670110483,IK_MMFKFJORZBJVNF-UHFFFAOYSA-N,Histidinyl-Leucine,MTBLS11904,plasma,Positive,Reverse phase/C18
0.025953526713376234,-0.0688031069878271,IK_MMFKFJORZBJVNF-UWVGGRQHSA-N,Histidylleucine,MTBLS11904,plasma,Positive,Reverse phase/C18
-0.013749205730475032,-0.07178939801395764,IK_MMKRHZKQPFCLLS-UHFFFAOYSA-N,Ethyl Myristate,MTBLS11904,plasma,Negative,Reverse phase/C18
-0.02243506935504971,-0.07242561404365966,IK_MMNWSHJJPDXKCH-UHFFFAOYSA-N,2-Anthraquinonesulfonic acid,MTBLS11904,plasma,Negative,Reverse phase/C18
-0.013219755482328826,-0.0717117371946796,IK_MMOXZBCLCQITDF-UHFFFAOYSA-N,Diethyltoluamide,MTBLS11904,plasma,Positive,Reverse phase/C18
-0.07402118755986656,-0.07622626609617601,IK_MNBHSIWWHUIFNM-UHFFFAOYSA-N,6-Hydroxyoctanoylcarnitine,MTBLS11904,plasma,Positive,Reverse phase/C18
0.5510682136048974,-0.030418078356193784,IK_MNEBDCWSYIPUDZ-UHFFFAOYSA-N,Gamma-L-Glutamyl-L-pipecolic acid,MTBLS11904,plasma,Negative,Reverse phase/C18
0.18240996112479851,-0.05718615944956524,IK_MNLRQHMNZILYPY-MKFCKLDKSA-N,N-Acetylmuramate,MTBLS11904,plasma,Positive,Reverse phase/C18
-0.5765576510514551,-0.1130135658800365,IK_MNMKDPGRWWQDGI-UHFFFAOYSA-N,Dillanoside,MTBLS11904,plasma,Negative,Reverse phase/C18
-0.5111773318288723,-0.10822463803668896,IK_MNNKFDDWOSVWJL-JAWFKQLMSA-N,"PS(20:1(11Z)/20:4(5Z,8Z,11Z,14Z))",MTBLS11904,plasma,Negative,Reverse phase/C18
-0.05147657574548099,-0.07455282432026558,IK_MOTZDAYCYVMXPC-UHFFFAOYSA-N,C12-AS (TENTATIVE),MTBLS11904,plasma,Negative,Reverse phase/C18
0.2267960095489802,-0.054170123638614495,IK_MPDGHEJMBKOTSU-YKLVYJNSSA-N,Glycyrrhetinic acid,MTBLS11904,plasma,Negative,Reverse phase/C18
0.13894655314781282,-0.06041333318932338,IK_MPSATYYKSWVJNQ-NSZXNXEKSA-N,PA(6 keto-PGF1alpha/14:1(9Z)),MTBLS11904,plasma,Positive,Reverse phase/C18
-0.40245633020309013,-0.10026112411414966,IK_MPWUZHVZZKSTPV-MADBQMNMSA-N,"PE(16:0/22:6(4Z,7Z,10Z,13Z,16Z,19Z))",MTBLS11904,plasma,Negative,Reverse phase/C18
-0.5713752730988754,-0.20379230883034782,IK_MQDDWIVNNZPOCB-HOTGVXAUSA-N,Elaeocarpidine,24167579,serum,Positive,Reverse phase/C18
-0.013278930614380718,-0.07171613137957077,IK_MQEBEBZYRKXMDL-UHFFFAOYSA-N,Gamma-Glutamyl-S-methylcysteine sulfoxide,MTBLS11904,plasma,Positive,Reverse phase/C18
0.4108032038909841,-0.8195094762208691,IK_MQGBAQLIFKSMEM-MAZCIEHSSA-N,DG 18:2_18:2,37755270,serum,Not reported,Reverse phase/C18
0.43540900905020696,-0.03840088760921395,IK_MQIUGAXCHLFZKX-UHFFFAOYSA-N,Dioctyl phthalate,MTBLS11904,plasma,Positive,Reverse phase/C18
0.7370787900855428,-0.01600179619317267,IK_MQTAVJHICJWXBR-UHFFFAOYSA-N,N1-Acetylspermidine,MTBLS11904,plasma,Positive,Reverse phase/C18
0.3897002484486428,-0.04223783733942037,IK_MRBKEAMVRSLQPH-UHFFFAOYSA-N,3-tert-Butyl-4-hydroxyanisole,MTBLS11904,plasma,Negative,Reverse phase/C18
1.1856975156096687,0.01606676965436646,IK_MROJXXOCABQVEF-UHFFFAOYSA-N,Actarit,MTBLS11904,plasma,Negative,Reverse phase/C18
0.12267366334752788,-0.06162160124776132,IK_MRPDHXXPDCVBPQ-AATRIKPKSA-N,"(3S,5R,6S,7E,9x)-7-Megastigmene-3,6,9-triol 9-glucoside",MTBLS11904,plasma,Positive,Reverse phase/C18
-0.03889093888991442,-0.07363096123070367,IK_MRRFMOUCAPXWJC-SSCJOAGESA-N,"PC(18:1(11Z)/18:3(6Z,9Z,12Z))",MTBLS11904,plasma,Negative,Reverse phase/C18
0.17299683977356026,-0.05811076459249821,IK_MRTUWVDDQVMUCR-ACHCNROVSA-N,"LysoPC(18:3(6Z,9Z,12Z)/0:0)",MTBLS11904,plasma,Negative,Reverse phase/C18
-0.04200797571496391,-0.07384927307620696,IK_MRUAUOIMASANKQ-UHFFFAOYSA-N,Cocamidopropyl Betaine,MTBLS11904,plasma,Positive,Reverse phase/C18
-0.10121170640772803,-0.07824517167717104,IK_MSCFBKZUOGKJNH-DOWYPDBQSA-N,"PC(22:5(4Z,7Z,10Z,13Z,16Z)/P-18:1(9Z))",MTBLS11904,plasma,Positive,Reverse phase/C18
-0.04494740644541788,-0.0740745802835329,IK_MSFSPUZXLOGKHJ-GLPGPYIRSA-N,Alpha-Muramic acid,MTBLS11904,plasma,Negative,Reverse phase/C18
-0.030084386025596804,-0.0729639421270547,IK_MSFSPUZXLOGKHJ-PGYHGBPZSA-N,Muramic acid,MTBLS11904,plasma,Positive,Reverse phase/C18
-0.22348029074059883,-0.08715162255886857,IK_MSRVZJWXQUEINS-WAAHFECUSA-N,"Glucosyl (2E,6E,10x)-10,11-dihydroxy-2,6-farnesadienoate",MTBLS11904,plasma,Negative,Reverse phase/C18
0.3623131919417337,-0.04424386397719898,IK_MSUMOHDXPKCNSB-CUOJZFFHSA-N,"11beta-Hydroxy-3,20-dioxopregn-4-en-21-oic acid",MTBLS11904,plasma,Negative,Reverse phase/C18
0.5080229683348795,-0.033571024240027295,IK_MSWZFWKMSRAUBD-IVMDWMLBSA-N,D-Glucosamine,MTBLS11904,plasma,Negative,Reverse phase/C18
0.3134511002596298,-0.04745630707113721,IK_MSYKRHVOOPPJKU-BDAKNGLRSA-N,Brivaracetam,MTBLS11904,plasma,Positive,Reverse phase/C18
-0.05661718786268986,-0.07492935961743194,IK_MTCFGRXMJLQNBG-REOHCLBHSA-N,L-Serine,MTBLS11904,plasma,Negative,Reverse phase/C18
0.12159606175797619,-1.1841431795095938,IK_MTCFGRXMJLQNBG-REOHCLBHSA-N,L-Serine,28880465,serum,Positive,LC-MS/unspecified
-0.0025381632314486514,-0.06809272095924332,IK_MTCFGRXMJLQNBG-UHFFFAOYNA-N,Serine,ST001814,plasma,Positive,GC-MS
-0.30784968765376225,-0.05578013797490397,IK_MTCFGRXMJLQNBG-UWTATZPHSA-N,D-serine,ST003159,serum,Negative,Reverse phase/C18
0.05352867795964632,-0.06675564159220153,IK_MTJZYEYMGZZYQD-OPMFDOCVSA-N,"5-Hydroxycapsanthin-5,6-epoxide",MTBLS11904,plasma,Positive,Reverse phase/C18
0.012603819198025393,-0.06985911145470167,IK_MUFCQFFNARPCRX-DAZBTBHLSA-N,DG(PGE2/16:0/0:0),MTBLS11904,plasma,Negative,Reverse phase/C18
0.25028270319667795,-0.05214658316740682,IK_MULVVBYNDZRKPA-XCZWIQLXSA-N,PC(P-16:0/2:0),MTBLS11904,plasma,Positive,Reverse phase/C18
0.967386552919957,-0.8631104487658208,IK_MUMXFARPYQTTSL-BQBZGAKWSA-N,Met-Gln,38720721,serum,Not reported,Reverse phase/C18
-0.19458650251555076,-0.08503523207568618,IK_MUWFEEOSXPAQIY-LQOXNGKESA-N,PE(15:0/22:1(13Z)),MTBLS11904,plasma,Negative,Reverse phase/C18
-0.17186735798612035,-0.08337111696819277,IK_MUZOGCSYWJPGRB-UHFFFAOYSA-N,Ichangin 4-glucoside,MTBLS11904,plasma,Negative,Reverse phase/C18
-0.055736377278415114,-0.07486861179305897,IK_MVFGUOIZUNYYSO-UHFFFAOYSA-N,Prilocaine,MTBLS11904,plasma,Positive,Reverse phase/C18
0.005035467167469648,-0.07035628033842631,IK_MVKVCCFLYCXSGW-KMCFPEAVSA-N,"PC(LTE4/22:2(13Z,16Z))",MTBLS11904,plasma,Positive,Reverse phase/C18
0.10413035818603655,-0.06315504480302117,IK_MVOYJPOZRLFTCP-UHFFFAOYSA-N,1-Methylxanthine,MTBLS11904,plasma,Negative,Reverse phase/C18
-0.47883139738218516,0.21765277641595304,IK_MVOYJPOZRLFTCP-UHFFFAOYSA-N,1-Methylxanthine,38720721,serum,Not reported,Reverse phase/C18
0.09427007538204744,-0.0637305780234945,IK_MVPPADPHJFYWMZ-UHFFFAOYSA-N,Chlorobenzene,MTBLS11904,plasma,Positive,Reverse phase/C18
-0.08941075079230512,-0.0773313976686602,IK_MVVPIAAVGAWJNQ-CGRWFSSPSA-N,"N-[2-(3,4-Dihydroxyphenyl)ethyl]icosa-5,8,11,14-tetraenamide",MTBLS11904,plasma,Negative,Reverse phase/C18
-0.056150596374808015,-0.07489936773720576,IK_MVYUVUOSXNYQLL-UHFFFAOYSA-N,FAPy-adenine,MTBLS11904,plasma,Positive,Reverse phase/C18
0.07444673750555288,-0.06520246824160233,IK_MWBWWFOAEOYUST-UHFFFAOYSA-N,2-Aminopurine,MTBLS11904,plasma,Positive,Reverse phase/C18
4.428095544981058,0.2580575481773,IK_MWOOGOJBHIARFG-UHFFFAOYSA-N,Vanillin,MTBLS11904,plasma,Positive,Reverse phase/C18
0.280384812968391,-0.39934803341093317,IK_MWOOGOJBHIARFG-UHFFFAOYSA-N,Vanillin,28880465,serum,Positive,LC-MS/unspecified
-1.1741317687604937,0.6844474515623236,IK_MWOOGOJBHIARFG-UHFFFAOYSA-N,Vanillin,38720721,serum,Not reported,Reverse phase/C18
-0.4407450308543599,-0.10306566612358795,IK_MXAFDFDAIFZFET-QIEOIKHQSA-N,LysoPI(18:0/0:0),MTBLS11904,plasma,Negative,Reverse phase/C18
-0.6865031544356839,-0.12170327612997969,IK_MXDRPNGTQDRKQM-UHFFFAOYSA-N,3-Methylpyridazine,MTBLS11904,plasma,Positive,Reverse phase/C18
0.1689774306696265,-0.05818352947535567,IK_MXNRLFUSFKVQSK-UHFFFAOYSA-N,Laminine,MTBLS11904,plasma,Positive,Reverse phase/C18
-0.3438552798704654,-0.09626154593022462,IK_MXRPNYMMDLFYDL-YFKPBYRVSA-N,N-Acetyl-S-(N-methylcarbamoyl)cysteine,MTBLS11904,plasma,Positive,Reverse phase/C18
0.42820011971818245,-0.25399945840447496,IK_MXVGMMSYPKQPGC-VGWLKTBOSA-N,TG 48:3|TG 12:0_18:1_18:2,37755270,serum,Not reported,Reverse phase/C18
-0.08218721922362028,-0.0768325966093294,IK_MXWDHKDTQAPDQD-INBLFIHXSA-N,Adamantylamide-alanyl-isoglutamine,MTBLS11904,plasma,Positive,Reverse phase/C18
-1.1548664963569995,-0.15647942541849535,IK_MXXWOMGUGJBKIW-YPCIICBESA-N,Piperine,MTBLS11904,plasma,Positive,Reverse phase/C18
-0.07032280319272964,-0.07595165933688235,IK_MYEJFUXQJGHEQK-ALRJYLEOSA-N,Proscillaridin,MTBLS11904,plasma,Positive,Reverse phase/C18
0.4020495366422927,-0.04133328597953121,IK_MYVYPSWUSKCCHG-UHFFFAOYSA-N,Tryptophyl-Serine,MTBLS11904,plasma,Negative,Reverse phase/C18
0.03485026345647162,-0.06822962082292575,IK_MYWAIWDQTCHPTH-LJAIZBFVSA-N,"4alpha-carboxy-4beta-methyl-5alpha-cholesta-8,24-dien-3beta-ol",MTBLS11904,plasma,Negative,Reverse phase/C18
0.11745139985488574,-0.5984541248215353,IK_MYYIAHXIVFADCU-QMMMGPOBSA-N,Anserine,38516193,plasma,Positive,LC-MS/unspecified
-0.9150769226362658,2.258525545589335,IK_MZJVEEJEYSKNPH-OSTDEYQUSA-N,MGDG 34:2,37755270,serum,Not reported,Reverse phase/C18
-0.3380932370098523,-0.14870482108248853,IK_MZOYMQRKTJRHGJ-UHFFFAOYSA-N,2-n-Tetrahydrothiophenecarboxylic acid,24167579,serum,Positive,Reverse phase/C18
-0.05236345165121037,-0.07461817117169064,IK_MZSJQKKCFOSWBW-VJIACCKLSA-N,N-Oleoyl Asparagine,MTBLS11904,plasma,Positive,Reverse phase/C18
0.08779266331771056,-0.06435173617539139,IK_NAIPAPCKKRCMBL-JYJNAYRXSA-N,Pro-Pro-Phe,MTBLS11904,plasma,Negative,Reverse phase/C18
0.11961128314018157,-0.0620211097370003,IK_NANHIUZYPFDGJS-UHFFFAOYSA-N,4-Decan-4-Ylbenzenesulfonic Acid,MTBLS11904,plasma,Negative,Reverse phase/C18
-0.27542038321368056,-0.09118022971280682,IK_NBIIXXVUZAFLBC-UHFFFAOYSA-K,Phosphate,MTBLS11904,plasma,Positive,Reverse phase/C18
-0.03600462868752794,0.2261273488152531,IK_NBIIXXVUZAFLBC-UHFFFAOYSA-K,Phosphate,33485385,plasma,Positive,LC-MS/unspecified
0.06659486608946817,-0.059008336516660924,IK_NBIIXXVUZAFLBC-UHFFFAOYSA-N,Phosphoric acid,ST001814,plasma,Positive,GC-MS
-0.1220705924264121,-0.07979395205990142,IK_NBSCHQHZLSJFNQ-QTVWNMPRSA-N,D-Mannose 6-Phosphate,MTBLS11904,plasma,Positive,Reverse phase/C18
-0.12952653321433305,-0.08034755803817162,IK_NBYHNBHEHIKVDS-CNFNJSKASA-N,DG(18:0/0:0/LTE4),MTBLS11904,plasma,Positive,Reverse phase/C18
-0.06955735099386265,-0.07587719126771236,IK_NCBOXCFFSWALMZ-XTNBEGJDSA-N,Bergenin Pentaacetate,MTBLS11904,plasma,Negative,Reverse phase/C18
0.6820061153191205,-0.020827237680303062,IK_NCEQLLNVRRTCKJ-UHFFFAOYSA-N,"4-[2-[5,5-Dimethyl-8-(4-methylphenyl)-6H-naphthalen-2-yl]ethynyl]benzoic acid",MTBLS11904,plasma,Negative,Reverse phase/C18
-0.09934772087516744,-0.07810677023276609,IK_NCGLTZSBTFVVAW-KNXRZYMVSA-N,Minaxolone,MTBLS11904,plasma,Positive,Reverse phase/C18
0.013519675307480671,-0.06979202779936397,IK_NCVXEYAKRVJMTQ-UHFFFAOYSA-N,"1-(3,4-Diethoxybenzyl)-6,7-diethoxy-3,4-dihydroisoquinoline",MTBLS11904,plasma,Negative,Reverse phase/C18
0.04137943195412001,-0.06775137739470422,IK_NDAUXUAQIAJITI-UHFFFAOYSA-N,Salbutamol,MTBLS11904,plasma,Negative,Reverse phase/C18
-0.07626980535958178,-0.07639322664637516,IK_NDBRCNIXDRLLSE-GSUBHOBPSA-N,GPCho(22:6/18:1),MTBLS11904,plasma,Positive,Reverse phase/C18
-0.31228587475360853,-0.09391750630126612,IK_NDEFPWCNVUSOMM-ARZPVTGOSA-N,"PC(P-18:1(11Z)/20:4(5Z,8Z,11Z,14Z)-OH(20))",MTBLS11904,plasma,Positive,Reverse phase/C18
-0.2982616027530388,-0.09287619879302735,IK_NDLCPYLJACQPTP-XBLVEGMJSA-N,"Undeca-5,7-dienoylcarnitine",MTBLS11904,plasma,Positive,Reverse phase/C18
-0.6110647516646963,-0.11554111613610271,IK_NDPWMVKNLXIMLF-KIYNQFGBSA-N,Apiforol sulfate,MTBLS11904,plasma,Negative,Reverse phase/C18
0.0060710145072444925,-0.07027939078231493,IK_NDQCVBYVTMEEQZ-RXQYGXENSA-N,"DG(15:0/0:0/18:3(9,11,15)-OH(13))",MTBLS11904,plasma,Positive,Reverse phase/C18
0.40197561907195023,-0.040883328782902614,IK_NDSZHILVESJDPU-NZRYSPDRSA-N,1-arachidonoyl-2-hydroxy-sn-glycero-3-phosphate,MTBLS11904,plasma,Positive,Reverse phase/C18
0.12457463292200203,-0.06165755811168205,IK_NDYMQXYDSVBNLL-MUYMLXPFSA-N,Cucurbitacin E,MTBLS11904,plasma,Negative,Reverse phase/C18
-0.3253929466001025,-0.09489071089796755,IK_NEGQHKSYEYVFTD-HSZRJFAPSA-N,LysoPC(0:0/16:0),MTBLS11904,plasma,Positive,Reverse phase/C18
0.05219725951159228,-0.06685449983937448,IK_NELZMZLNTYWIPD-MLBSDYKWSA-N,Nuatigenin,MTBLS11904,plasma,Positive,Reverse phase/C18
-0.07661830662893031,-0.07639438642031449,IK_NESRXFGQJARQNM-OWYFMNJBSA-N,Ovalicin,MTBLS11904,plasma,Negative,Reverse phase/C18
-0.09803752594561543,-0.07796328523267676,IK_NFJTYOOTXIAZGM-CPRJBALCSA-N,DG(10:0/a-17:0/0:0),MTBLS11904,plasma,Negative,Reverse phase/C18
0.5210931685174144,-0.032038807353626825,IK_NFNVDJGXRFEYTK-UHFFFAOYSA-N,Leucyl-Glutamate,MTBLS11904,plasma,Positive,Reverse phase/C18
-1.5658309187884742,-0.18699368397407193,IK_NFOMHWALMFWNAQ-UHFFFAOYSA-N,Acetoxyacetylaminofluorene,MTBLS11904,plasma,Positive,Reverse phase/C18
0.5768894505935639,-0.028526744129829557,IK_NFXHRONXTSUXIR-PUKZTNJRSA-N,"DG(16:0/0:0/20:3(8Z,11Z,14Z)-2OH(5,6))",MTBLS11904,plasma,Negative,Reverse phase/C18
-0.10585687695576432,-0.0785900775778435,IK_NFZKLQHAALLDRG-UINNZVLTSA-N,DG(PGF1alpha/0:0/12:0),MTBLS11904,plasma,Positive,Reverse phase/C18
1.384497411503012,0.030628314340682056,IK_NGBBVGZWCFBOGO-UHFFFAOYSA-N,"3,4-Methylenedioxyamphetamine",MTBLS11904,plasma,Negative,Reverse phase/C18
-0.5719124267477276,-0.11319487273978,IK_NGCXIFFZXAZRAF-UHFFFAOYSA-M,2-Keto-6-acetamidocaproate,MTBLS11904,plasma,Positive,Reverse phase/C18
0.4381222935472467,-0.010187683609489906,IK_NGEWQZIDQIYUNV-UHFFFAOYSA-N,2-Hydroxy-3-methylbutyric acid,ST001814,plasma,Positive,GC-MS
-0.02162702169607275,-0.5170047759727465,IK_NGEWQZIDQIYUNV-UHFFFAOYSA-N,2-Hydroxy-3-methylbutyric acid,38720721,serum,Not reported,Reverse phase/C18
0.9021070550601956,-0.0047054506048102435,IK_NGHNCQYFTPFRAD-UHFFFAOYSA-N,3-Oxobutanoylcarnitine,MTBLS11904,plasma,Negative,Reverse phase/C18
-0.04328021983338079,-0.07394373774699992,IK_NGHVIOIJCVXTGV-ALEPSDHESA-N,6-Aminopenicillanic acid,MTBLS11904,plasma,Positive,Reverse phase/C18
-0.48834001263290294,-0.10655186711452178,IK_NGPDZEACIWDCKX-WUDKWMPASA-N,Vulgarin,MTBLS11904,plasma,Negative,Reverse phase/C18
-0.20089055037510628,-0.08564636270296955,IK_NGSWBLPYWNRZHV-FUJSRDAWSA-N,"PE-NMe2(14:1(9Z)/22:5(7Z,10Z,13Z,16Z,19Z))",MTBLS11904,plasma,Positive,Reverse phase/C18
0.4302016845884259,-0.03878753354547097,IK_NGSWKAQJJWESNS-ZZXKWVIFSA-N,p-coumaric acid,MTBLS11904,plasma,Positive,Reverse phase/C18
0.41924131989865676,0.04802601028323396,IK_NGTXCORNXNELNU-BOIFFFMUSA-N,Leukotriene B3,29518718,plasma,Positive,LC-MS/unspecified
-0.6928713962521387,-0.12153322728806973,IK_NGZXDRGWBULKFA-WUFINQPMSA-N,Chondrocurine,MTBLS11904,plasma,Negative,Reverse phase/C18
-0.08843009102517621,-0.07729613210169782,IK_NHAJHKARKKFXMR-UHFFFAOYSA-N,Adlupone,MTBLS11904,plasma,Positive,Reverse phase/C18
6.447528087596673,0.40148136079175245,IK_NHKZSTHOYNWEEZ-AFCXAGJDSA-N,Taribavirin,MTBLS11904,plasma,Negative,Reverse phase/C18
-0.2621235153914847,-0.08998213201232824,IK_NHTGHBARYWONDQ-JTQLQIEISA-N,Metyrosine,MTBLS11904,plasma,Negative,Reverse phase/C18
-0.10680366313666376,-0.07866037671922227,IK_NICDFCNOCPZHTJ-LXGSHKTASA-N,Annosquamosin B,MTBLS11904,plasma,Positive,Reverse phase/C18
-0.7411163399658939,-0.12506703652689433,IK_NIDNHJFXEWZXLZ-VGVQALKYSA-N,"DG(18:1(12Z)-O(9S,10R)/a-17:0/0:0)",MTBLS11904,plasma,Negative,Reverse phase/C18
-0.04973349456301063,-0.07442514813667789,IK_NIDVTARKFBZMOT-PEBGCTIMSA-N,N-Acetylcytidine,MTBLS11904,plasma,Negative,Reverse phase/C18
-0.27147060364162695,0.04324061214798801,IK_NIDVTARKFBZMOT-PEBGCTIMSA-N,N-Acetylcytidine,38720721,serum,Not reported,Reverse phase/C18
0.32425038212150736,-0.046654456193154156,IK_NIGWMJHCCYYCSF-UHFFFAOYSA-N,P-CHLOROPHENYLALANINE,MTBLS11904,plasma,Positive,Reverse phase/C18
0.22809593395931083,-0.054074907951994544,IK_NIOYUNMRJMEDGI-UHFFFAOYSA-N,Palmitaldehyde,MTBLS11904,plasma,Negative,Reverse phase/C18
0.23800492000920584,-0.09590677729235766,IK_NIPLIJLVGZCKMP-UHFFFAOYSA-M,Neurine,ST003159,serum,Positive,HILIC
0.056073165394065344,-0.06656671285912677,IK_NISGSNTVMOOSJQ-UHFFFAOYSA-N,Cyclopentylamine,MTBLS11904,plasma,Positive,Reverse phase/C18
-0.46955018710929897,-0.10517556416233514,IK_NISPVUDLMHQFRQ-MKIKIEMVSA-N,Cucurbitacin I,MTBLS11904,plasma,Negative,Reverse phase/C18
-0.07020445520461596,-0.07594287208379714,IK_NITMRIAAAKECLS-IZZDOVSWSA-N,Furapyrimidone,MTBLS11904,plasma,Positive,Reverse phase/C18
-4.074669851114909,0.22112479404385038,IK_NIVZHWNOUVJHKV-UHFFFAOYSA-N,Bethanidine,ST003159,serum,Negative,Reverse phase/C18
0.3655539334576533,-0.04358765258886253,IK_NIXOWILDQLNWCW-UHFFFAOYSA-N,Acrylic acid,MTBLS11904,plasma,Positive,Reverse phase/C18
0.3117047480692341,-0.047950792859590724,IK_NJCXGFKPQSFZIB-RRKCRQDMSA-N,5-Chloro-2'-deoxyuridine,MTBLS11904,plasma,Negative,Reverse phase/C18
-0.09830342025111277,-0.07798276134896005,IK_NJHKGJJIKOCCMZ-YMIVKDKMSA-N,PE(22:4/0:0),MTBLS11904,plasma,Negative,Reverse phase/C18
0.02170329449106592,-0.06919260012380397,IK_NKDFYOWSKOHCCO-WRDNMVOESA-N,Ecdysterone,MTBLS11904,plasma,Negative,Reverse phase/C18
0.2533338144846602,-0.09703362808659421,IK_NKDFYOWSKOHCCO-YPVLXUMRSA-N,Crustecdysone,ST003159,serum,Positive,HILIC
-0.14609529412289718,-0.08157779478767113,IK_NKFNBVMJTSYZDV-UHFFFAOYSA-N,Lauryldiethanolamine,MTBLS11904,plasma,Positive,Reverse phase/C18
0.16626086463926426,-0.058604156279828734,IK_NKRLKOMBOSWILK-PLACYPQZSA-N,Kinetensin 4-7,MTBLS11904,plasma,Negative,Reverse phase/C18
0.16956976440630855,-0.058361789002174126,IK_NLLMJANWPUQQTA-SPUZQDLCSA-N,"Estra-1,3,5(10),7-tetraene-3,17alpha-diol",MTBLS11904,plasma,Negative,Reverse phase/C18
0.0022044186922395466,-0.07062083908073047,IK_NLMDZXKCTWKRSQ-IBISWUOJSA-N,"[(2S,3S,4S,5S,6R)-4,5-Dihydroxy-2,6-dimethyloxan-3-yl] hydrogen sulfate",MTBLS11904,plasma,Negative,Reverse phase/C18
0.03698950535389581,-0.06798368099516246,IK_NLPBBNGDXNHAJP-AATRIKPKSA-N,9-Hydroxy-7-megastigmen-3-one glucoside,MTBLS11904,plasma,Positive,Reverse phase/C18
0.093169625570411585,-0.06395788864036629,IK_NLRKCXQQSUWLCH-UHFFFAOYSA-N,Nitrosobenzene,MTBLS11904,plasma,Negative,Reverse phase/C18
0.46310250828459076,-0.03634463496050318,IK_NLUNAYAEIJYXRB-HEJOTXCHSA-N,"8-hydroxy-5Z,9E,11Z,14Z-eicosatetraenoic acid",MTBLS11904,plasma,Positive,Reverse phase/C18
-0.18099637758042,-0.08403979288635137,IK_NMDWGEGFJUBKLB-UHFFFAOYSA-N,2-Acetolactate,MTBLS11904,plasma,Negative,Reverse phase/C18
-0.2012633898497431,-0.08552429519700602,IK_NMDWGEGFJUBKLB-YFKPBYRVSA-N,(S)-2-Acetolactate,MTBLS11904,plasma,Negative,Reverse phase/C18
0.6507437155457152,-0.022412206899076956,IK_NMEZJSDUZQOPFE-UHFFFAOYSA-N,1-Cyclohexene-1-carboxylic acid,MTBLS11904,plasma,Positive,Reverse phase/C18
-0.1428849400669534,-0.08124823515727231,IK_NMGVHLDIHNFGQB-ZGLWHBDZSA-N,Rhamnetin 3-rhamninoside,MTBLS11904,plasma,Negative,Reverse phase/C18
0.7446979530797727,-0.016235233554305478,IK_NMHMNPHRMNGLLB-UHFFFAOYSA-N,Desaminotyrosine,MTBLS11904,plasma,Negative,Reverse phase/C18
-0.18977057504217637,-1.7058434198413543,IK_NMHMNPHRMNGLLB-UHFFFAOYSA-N,Desaminotyrosine,28880465,serum,Positive,LC-MS/unspecified
1.4642401170208723,-0.9763626062673553,IK_NMPZCCZXCOMSDQ-ZRTZXPPTSA-N,"Cytidine 2 ?Ã³?Ã³?Ã‡Ãœ?Â¼?Ã©??,3 ?Ã³?Ã³?Ã‡Ãœ?Â¼?Ã©??-cyclic phosphate",29518718,plasma,Positive,LC-MS/unspecified
-0.03200754601904858,-0.07310673785667603,IK_NNAIYOXJNVGUOM-UHFFFAOYSA-N,Amperozide,MTBLS11904,plasma,Positive,Reverse phase/C18
0.03795235671812232,-0.06800240109554377,IK_NNEIBJNHWVDJBA-GYSLYLNXSA-N,Deoxycholic acid 3-glucuronide,MTBLS11904,plasma,Negative,Reverse phase/C18
0.10077923146264435,-0.0632472706784171,IK_NNIGBOAAXZMMQM-DTQAZKPQSA-N,(10Z)-12-Hydroxyhexadecenoylcarnitine,MTBLS11904,plasma,Positive,Reverse phase/C18
0.5926953575220559,-0.02736900509035113,IK_NNLLMULULOBXBY-PLNGDYQASA-N,Cis-3-Hexenyl lactate,MTBLS11904,plasma,Negative,Reverse phase/C18
0.42707309285920325,-0.039500379694156124,IK_NNNVXFKZMRGJPM-KHPPLWFESA-N,Sapienic acid,MTBLS11904,plasma,Negative,Reverse phase/C18
5.523340488785873,0.33378716601394653,IK_NNULBSISHYWZJU-LLKWHZGFSA-N,Ceftizoxime,MTBLS11904,plasma,Negative,Reverse phase/C18
-0.2528467784342164,-0.08930263690925729,IK_NODSEPOUFZPJEQ-UHFFFAOYSA-N,Thymol Sulfate,MTBLS11904,plasma,Negative,Reverse phase/C18
-2.455122144659574,2.206794266367968,IK_NOIIUHRQUVNIDD-UHFFFAOYSA-N,Nialamide,38720721,serum,Not reported,Reverse phase/C18
-0.012140145797336497,-0.07167458976917357,IK_NOKPBJYHPHHWAN-REOHCLBHSA-N,cysteine-S-sulfate,MTBLS11904,plasma,Negative,Reverse phase/C18
0.6445125836698727,-0.1257898015612218,IK_NOOJLZTTWSNHOX-UWVGGRQHSA-N,Melanostatin,ST003159,serum,Positive,HILIC
0.8642510594695076,-0.14194312562101374,IK_NOSWATRCDIPOON-UHFFFAOYSA-N,135-Trichloro-(2-methylsulfonyl)benzene,ST003159,serum,Negative,Reverse phase/C18
-0.17781263405710593,-0.08393281850806744,IK_NPDLYUOYAGBHFB-WDSKDSINSA-N,Asparaginylarginine,MTBLS11904,plasma,Positive,Reverse phase/C18
0.23418194648723417,-0.05362912441222959,IK_NPDSHTNEKLQQIJ-UHFFFAOYSA-N,"9-Hydroxy-10,12-Octadecadienoic Acid",MTBLS11904,plasma,Negative,Reverse phase/C18
0.15258619355238862,-0.05940058488720399,IK_NPDTUDWGJMBVEP-UHFFFAOYSA-N,"N1,N12-Diacetylspermine",MTBLS11904,plasma,Positive,Reverse phase/C18
-0.06970147494934767,-0.07590552572491774,IK_NPQJTPHMCZYCNP-UHFFFAOYSA-N,Permetin A,MTBLS11904,plasma,Positive,Reverse phase/C18
-0.17691343058308276,-0.08374072801885686,IK_NQAHWJIWYRYXFP-UHFFFAOYSA-N,Melleolide H,MTBLS11904,plasma,Negative,Reverse phase/C18
-0.20887905972110915,-0.08623951238665771,IK_NQDAYVPCMIYPCA-UHFFFAOYSA-N,Simonin V,MTBLS11904,plasma,Positive,Reverse phase/C18
0.028971056762781184,-0.06866025671209286,IK_NQOMZUZLRFQVLR-UHFFFAOYSA-N,5'-Hydroxylornoxicam,MTBLS11904,plasma,Negative,Reverse phase/C18
-0.19951711908970704,-0.34580023472456384,IK_NQPDZGIKBAWPEJ-UHFFFAOYSA-N,Valeric acid,29518718,plasma,Positive,LC-MS/unspecified
0.01074577255567975,-0.06993228814361507,IK_NQRYJNQNLNOLGT-UHFFFAOYSA-N,Piperidine,MTBLS11904,plasma,Positive,Reverse phase/C18
0.16044960894566654,-0.05902981508744308,IK_NRBFOSKZAWRBJI-KRWDZBQOSA-N,N-Palmitoyl Alanine,MTBLS11904,plasma,Negative,Reverse phase/C18
-0.11118254940565914,-0.07898551076718574,IK_NRZWYNLTFLDQQX-UHFFFAOYSA-N,4-Tert-Amylphenol,MTBLS11904,plasma,Positive,Reverse phase/C18
0.04048077977162895,-0.06772445251219777,IK_NSHPHXHGRHSMIK-JRIKCGFMSA-N,Latrunculin B,MTBLS11904,plasma,Positive,Reverse phase/C18
0.004390656515595639,-0.0704607031090114,IK_NSTCJQZTKVQBIU-UHFFFAOYSA-N,"4-Methoxy-4-oxo-2,2-bis(sulfanyl)butanoic acid",MTBLS11904,plasma,Negative,Reverse phase/C18
-0.09180301745479569,-0.0775465733315773,IK_NSVPCFNUUARRKL-CSKARUKUSA-N,11-Hydroxy-9-tridecenoic acid,MTBLS11904,plasma,Positive,Reverse phase/C18
-0.694017694144534,-0.12161719077068793,IK_NSYSSMYQPLSPOD-UHFFFAOYSA-N,4-Hydroxy-6-methyl-2-pyrone,MTBLS11904,plasma,Negative,Reverse phase/C18
-1.954446122400122,2.9296371338024163,IK_NSYSSMYQPLSPOD-UHFFFAOYSA-N,4-Hydroxy-6-methyl-2-pyrone,38720721,serum,Not reported,Reverse phase/C18
-0.18834563163994253,-0.08471489753334152,IK_NTFDCJZOSZKJBK-MINGAGCFSA-N,"PE-NMe(18:4(6Z,9Z,12Z,15Z)/22:4(7Z,10Z,13Z,16Z))",MTBLS11904,plasma,Positive,Reverse phase/C18
-0.010971138353774317,-0.07154477654415525,IK_NTNWOCRCBQPEKQ-YFKPBYRVSA-N,L-Targinine,MTBLS11904,plasma,Positive,Reverse phase/C18
0.008674500192198929,-0.07014692361000843,IK_NTVFQBIHLSPEGQ-BUHFOSPRSA-N,"9,10,13-TriHOME",MTBLS11904,plasma,Negative,Reverse phase/C18
-1.3286033589756034,0.4974276930809188,IK_NTYJJOPFIAHURM-UHFFFAOYSA-N,nicotine,38516193,plasma,Positive,LC-MS/unspecified
0.15755620278321403,-0.017834964260397292,IK_NUCLJNSWZCHRKL-UHFFFAOYSA-N,allantoic acid,38720721,serum,Not reported,Reverse phase/C18
-0.12001809939031313,-0.6969889841363394,IK_NUDXOGPEQRPSKT-MVOZTAHOSA-N,FA 18:3 (y-linolenic acid),37755270,serum,Not reported,Reverse phase/C18
-2.1816846419398309e-4,-0.07079828668179713,IK_NUJGJRNETVAIRJ-UHFFFAOYSA-N,Octanal,MTBLS11904,plasma,Negative,Reverse phase/C18
0.18776522107509225,-0.05678852952219558,IK_NURCPIMQAUMKKZ-FZOQRHEPSA-N,Ganglioside GM3 (d18:1/16:0),MTBLS11904,plasma,Positive,Reverse phase/C18
0.24898087224902282,-0.05224324467655237,IK_NUZWLKWWNNJHPT-UHFFFAOYSA-N,Anthralin,MTBLS11904,plasma,Positive,Reverse phase/C18
0.27096391609152565,-0.05093494634852025,IK_NWGKJDSIEKMTRX-MDZDMXLPSA-N,Arlacel,MTBLS11904,plasma,Negative,Reverse phase/C18
0.16098892132362366,-0.058776679159043846,IK_NWGZOALPWZDXNG-UHFFFAOYNA-N,"N,N-Dimethylarginine",MTBLS11904,plasma,Positive,Reverse phase/C18
0.6608684112112728,-0.02166044471374866,IK_NWIUTZDMDHAVTP-UHFFFAOYSA-N,Betaxolol,MTBLS11904,plasma,Positive,Reverse phase/C18
0.2116105215967623,-0.0552824192181135,IK_NWVJXHCRPZDUPG-WYGAFBEVSA-N,"(6E,8R,10Z)-8-hydroxy-3-oxohexadecadienoic acid",MTBLS11904,plasma,Negative,Reverse phase/C18
0.2717540404864511,-0.05055232874178014,IK_NWWJFMCCTZLKNT-UHFFFAOYSA-N,Dihydrothiazine,MTBLS11904,plasma,Positive,Reverse phase/C18
0.06204975439015571,-0.06612294871128135,IK_NXJAXUYOQLTISD-SECBINFHSA-N,Glutarylcarnitine,MTBLS11904,plasma,Positive,Reverse phase/C18
0.3162026984458673,-0.04725199945322232,IK_NXJAXUYOQLTISD-UHFFFAOYSA-N,O-Glutarylcarnitine,MTBLS11904,plasma,Positive,Reverse phase/C18
-0.22142397765385824,-0.08717097694777456,IK_NXJDPFSYOMFVES-SUTPNROZSA-N,3-O-Sulfogalactosylceramide (d18:1/18:1(9Z)),MTBLS11904,plasma,Positive,Reverse phase/C18
-0.0192555181368957,-0.0721598950192302,IK_NXJSQJIGCCIMAE-ORIYTCASSA-N,Polyporenic acid C,MTBLS11904,plasma,Positive,Reverse phase/C18
0.2038996026841613,-0.05584722241795599,IK_NXYCBMGKNCJXIC-CNEMSGBDSA-N,Bz-Camp,MTBLS11904,plasma,Negative,Reverse phase/C18
-0.03464859194495768,-0.07954993968477189,IK_NYHBQMYGNKIUIF-UUOKFMHZSA-N,Guanosine,38516193,plasma,Positive,LC-MS/unspecified
-0.011947511363911974,-0.07161727252388664,IK_NYLNHNDMNOPWAZ-ZLEFDVGRSA-N,Blumenol C glucoside,MTBLS11904,plasma,Positive,Reverse phase/C18
0.2198671934077096,-0.054404945987168746,IK_NYPJDWWKZLNGGM-UHFFFAOYSA-N,Fenvalerate,MTBLS11904,plasma,Positive,Reverse phase/C18
-0.363412333467919,-0.09771366429562346,IK_NYRDUZVMRXFKRA-KCHFORSBSA-N,"PE(20:0/18:4(6Z,9Z,12Z,15Z))",MTBLS11904,plasma,Positive,Reverse phase/C18
2.5820828761917323,0.11834814940223354,IK_NZKKXAGORRATJB-UHFFFAOYSA-N,2-Methoxyacetaminophen sulfate,MTBLS11904,plasma,Negative,Reverse phase/C18
4.589848065013137,0.2700677320665513,IK_NZKRYJGNYPYXJZ-UHFFFAOYSA-N,Dopamine 3-O-sulfate,MTBLS11904,plasma,Positive,Reverse phase/C18
9.501790725767979,-0.7769023837362558,IK_NZKRYJGNYPYXJZ-UHFFFAOYSA-N,Dopamine 3-O-sulfate,ST003159,serum,Negative,Reverse phase/C18
-0.05073616289729181,-0.07449734484196727,IK_NZNMSOFKMUBTKW-UHFFFAOYSA-N,Cyclohexanecarboxylic acid,MTBLS11904,plasma,Positive,Reverse phase/C18
-0.17781263485952062,-0.0839328191165786,IK_NZNWCYFBFHHMLM-UHFFFAOYSA-N,(S)-alpha-Terpinyl glucoside,MTBLS11904,plasma,Positive,Reverse phase/C18
-0.1913366904173562,-0.08479719265520587,IK_NZSAHCYFUVNLPX-UHFFFAOYSA-N,Stigmastentriol,MTBLS11904,plasma,Negative,Reverse phase/C18
0.12243696656888586,-0.061639176362442885,IK_NZUIUYWHFPQZBH-HXCATZOESA-N,Spirorenone,MTBLS11904,plasma,Positive,Reverse phase/C18
-0.004077350808437474,-0.07103291070179484,IK_NZUPCNDJBJXXRF-UHFFFAOYSA-O,Bethanechol,MTBLS11904,plasma,Positive,Reverse phase/C18
0.5237993310933664,-0.032415449078973424,IK_NZXKDOXHBHYTKP-UHFFFAOYSA-N,Methohexital,MTBLS11904,plasma,Negative,Reverse phase/C18
0.1796583637409757,-0.05739046645896896,IK_OAKGNIRUXAZDQF-TXHRRWQRSA-N,Retaspimycin,MTBLS11904,plasma,Positive,Reverse phase/C18
0.4095499093215602,-0.04032093504336122,IK_OALYTRUKMRCXNH-UHFFFAOYSA-N,Dihydro-5-pentyl-2(3H)-furanone,MTBLS11904,plasma,Positive,Reverse phase/C18
-0.07555473235409177,-0.07631648297155326,IK_OAORYCZPERQARS-VIFPVBQESA-N,6-Bromo-L-tryptophan,MTBLS11904,plasma,Negative,Reverse phase/C18
0.09813297682580739,-0.06359433650686207,IK_OAQGPAZDRCBBLD-YTCWWFNZSA-N,"17-phenyl-18,19,20-trinor-prostaglandin D2",MTBLS11904,plasma,Negative,Reverse phase/C18
-0.8290680855525242,-0.1315092596843117,IK_OBFSLMQLPNKVRW-RHPAUOISSA-N,Cer(d18:1/18:1(9Z)),MTBLS11904,plasma,Negative,Reverse phase/C18
0.9571175180782517,-6.760858002305831e-4,IK_OBHRVMZSZIDDEK-UHFFFAOYSA-N,Mesobilirubinogen,MTBLS11904,plasma,Negative,Reverse phase/C18
9.449368092777632e-4,1.7301980302000421,IK_OBMDBUWMBOPDST-JJDRJQAMSA-N,hydroxyproline dipeptide,38720721,serum,Not reported,Reverse phase/C18
-0.08435876984279052,-0.0769613542074179,IK_OBSIPTVJSOCDLZ-UHFFFAOYSA-N,Hydroxyprolyl-Valine,MTBLS11904,plasma,Negative,Reverse phase/C18
0.4138176679605541,-0.7566170991758054,IK_OBXDTEXUNVDKII-FNMRUBLUSA-N,TG 47:3,37755270,serum,Not reported,Reverse phase/C18
4.338053210575375,0.25137187165121977,IK_OBXKICUTIJDFHI-WMXQMYKUSA-N,"DG(20:4(8Z,11Z,14Z,17Z)-2OH(5S,6R)/8:0/0:0)",MTBLS11904,plasma,Positive,Reverse phase/C18
-0.23145710328753644,-0.08773590197531957,IK_OCALSPDXYQHUHA-FNORWQNLSA-N,8-Methylnonenoate,MTBLS11904,plasma,Negative,Reverse phase/C18
-1.1015163408627553,-0.4606717780481825,IK_OCAPBUJLXMYKEJ-UHFFFAOYSA-N,Bifonazole,38720721,serum,Not reported,Reverse phase/C18
-0.11162765088074617,-0.07895872442201157,IK_OCEZPDBEDULORM-UHFFFAOYSA-N,Ile-Ile-Ile-Pro,MTBLS11904,plasma,Negative,Reverse phase/C18
-0.02395986221215451,-0.0725091938877715,IK_OCKPCBLVNKHBMX-UHFFFAOYSA-N,Butylbenzene,MTBLS11904,plasma,Positive,Reverse phase/C18
-0.19426152121236445,-0.0850114280019034,IK_ODAIHABQVKJNIY-PEDHHIEDSA-N,Perindoprilat,MTBLS11904,plasma,Negative,Reverse phase/C18
0.03665243150537699,-0.06809761739067491,IK_ODBLHEXUDAPZAU-UHFFFAOYSA-N,isocitric acid,MTBLS11904,plasma,Negative,Reverse phase/C18
0.19826938685830153,-0.37016484274259637,IK_ODBLHEXUDAPZAU-UHFFFAOYSA-N,isocitric acid,38720721,serum,Not reported,Reverse phase/C18
-0.005822988352884386,-0.07116252489311459,IK_ODBLHEXUDAPZAU-ZAFYKAAXSA-N,D-threo-Isocitric acid,MTBLS11904,plasma,Positive,Reverse phase/C18
0.9015237331718072,-0.0037916988708974475,IK_ODHCTXKNWHHXJC-GSVOUGTGSA-N,(R)-(+)-2-Pyrrolidone-5-carboxylic acid,MTBLS11904,plasma,Positive,Reverse phase/C18
0.0363385894788609,-0.06803201205399081,IK_ODHCTXKNWHHXJC-VKHMYHEASA-N,L-Pyroglutamic acid,MTBLS11904,plasma,Positive,Reverse phase/C18
-0.7645242712022706,0.58447653041241,IK_ODKSFYDXXFIFQN-BYPYZUCNSA-N,L-Arginine,28880465,serum,Positive,LC-MS/unspecified
-0.04243618812129016,-0.0738906408465422,IK_ODKYYBOHSVLGNU-UHFFFAOYSA-N,Terizidone,MTBLS11904,plasma,Negative,Reverse phase/C18
-0.002716345531145189,-0.07093185561626927,IK_ODVPGHBKUZXZJN-PWWCDPQYSA-N,Luteolin 3'-(3''-acetylglucuronide),MTBLS11904,plasma,Positive,Reverse phase/C18
-0.060588656973440555,-0.07522889536154923,IK_ODXVXZSLYPJSLI-AATRIKPKSA-N,(5E)-3-Hydroxyhept-5-enoylcarnitine,MTBLS11904,plasma,Positive,Reverse phase/C18
-0.06697946439476311,-0.07570341555386662,IK_OEBGQVIRXPDBGY-UHFFFAOYSA-N,"(1a,5b,6a)-7-Protoilludene-1,5,6,14-tetrol 14-(2,4-dihydroxy-6-methylbenzoic acid)",MTBLS11904,plasma,Positive,Reverse phase/C18
0.04595871276390445,-0.06741595770034303,IK_OECTYKWYRCHAKR-UHFFFAOYSA-N,4-Vinylcyclohexene dioxide,MTBLS11904,plasma,Negative,Reverse phase/C18
0.22233490260331978,-0.05449688812681305,IK_OEDAQCLCHGASNH-UHFFFAOYSA-N,Dehydrocarpaine II,MTBLS11904,plasma,Negative,Reverse phase/C18
-0.1250884726157005,-0.08001803041382816,IK_OEHVJXBNLPHFCT-UHFFFAOYSA-N,Glutamine lactate,MTBLS11904,plasma,Positive,Reverse phase/C18
0.18239175287094264,-0.0574226131665675,IK_OEKUSRBIIZNLHZ-DJDNIQJZSA-N,3-Dehydrocholic Acid,MTBLS11904,plasma,Negative,Reverse phase/C18
0.1624682745890296,-0.058666836820433076,IK_OENIAPNUBVAGPG-YKEUAMLNSA-N,"PE(20:4(8Z,11Z,14Z,17Z)-2OH(5S,6R)/DiMe(13,5))",MTBLS11904,plasma,Positive,Reverse phase/C18
0.7251013491366753,-0.2683964851149445,IK_OERBUNDZQSEJCT-CJXYNRQTSA-N,TG 14:0_16:0_18:4,37755270,serum,Not reported,Reverse phase/C18
-2.0138444993092413,2.848621944349459,IK_OEWWEABZDCFLPH-UHFFFAOYSA-N,Diethyloxalpropionate,38720721,serum,Not reported,Reverse phase/C18
-0.2656270626647542,-0.09045307216109369,IK_OFCNTYBPPAQCRE-UHFFFAOYSA-N,3h-Serotonin,MTBLS11904,plasma,Positive,Reverse phase/C18
-0.01262714957554956,-0.06941861562559913,IK_OFOBLEOULBTSOW-UHFFFAOYSA-N,Malonic acid,ST001814,plasma,Positive,GC-MS
-0.4078037489569466,-0.100652807670425,IK_OFPGGYKTROURFO-UCCAZXFESA-N,"Cer(d16:1/20:4(5Z,8Z,11Z,14Z)-OH(20))",MTBLS11904,plasma,Negative,Reverse phase/C18
0.06163553529376284,-0.06615370465542815,IK_OFRYBPCSEMMZHR-UHFFFAOYSA-N,Alpha-Hydroxymetoprolol,MTBLS11904,plasma,Positive,Reverse phase/C18
-0.2574018573425241,-0.08984234797123511,IK_OGGVRVMISBQNMQ-YPBSLCSMSA-N,Sordarin,MTBLS11904,plasma,Positive,Reverse phase/C18
0.2890121794667519,-0.04927090574305372,IK_OGQICQVSFDPSEI-UHFFFAOYSA-N,Tazarotene,MTBLS11904,plasma,Positive,Reverse phase/C18
-0.5005415811875941,-0.10744559817280143,IK_OHLQBKZXSJYBMK-UHFFFAOYSA-N,Avocadyne,MTBLS11904,plasma,Negative,Reverse phase/C18
-0.7440662074600617,-0.02371316924084159,IK_OHYPPUOVSUINHM-UHFFFAOYSA-N,Phenol sulphate3,ST003159,serum,Negative,Reverse phase/C18
-0.10020574589719142,-0.07817047895941226,IK_OHZYISZWOVEBCJ-ATLCLBDSSA-N,Tuberoside,MTBLS11904,plasma,Positive,Reverse phase/C18
-0.6762087208830411,-0.12031273245042787,IK_OIFXLYCBBBXCIB-UHFFFAOYSA-N,8-Nonen-2-one,MTBLS11904,plasma,Negative,Reverse phase/C18
0.2619826161361845,-0.05159280196506933,IK_OIOFPHGTOUDKAJ-UHFFFAOYSA-N,Oxonorfloxacin,MTBLS11904,plasma,Negative,Reverse phase/C18
0.060984619418727945,-0.06620203571425651,IK_OISFHODBOQNZAG-IAGOWNOFSA-N,Floionolic acid,MTBLS11904,plasma,Positive,Reverse phase/C18
0.6923464273536419,-0.020069838519959707,IK_OJXQLGQIDIPMTE-UHFFFAOYSA-N,Gartanin,MTBLS11904,plasma,Negative,Reverse phase/C18
-0.1509799272804298,-0.08184117038839708,IK_OJYLAHXKWMRDGS-UHFFFAOYSA-N,Zingerone,MTBLS11904,plasma,Negative,Reverse phase/C18
-0.678454046375247,-0.12047719627932126,IK_OKKOTEXYXPSGMF-VDRIIYAVSA-N,"PE(20:3(5Z,8Z,11Z)/16:0)",MTBLS11904,plasma,Negative,Reverse phase/C18
-0.038605463258520906,-0.07359663561648604,IK_OKRJGUKZYSEUOY-UHFFFAOYSA-N,Butylisopropylamine,MTBLS11904,plasma,Positive,Reverse phase/C18
-0.627136552227525,-0.11671833139218965,IK_OKYHUOHBRKWCQJ-FTJYXMLISA-N,S-(1-Propenyl)-cysteine sulfoxide,MTBLS11904,plasma,Negative,Reverse phase/C18
0.31403870405797335,-0.04777983709444812,IK_OKYHUOHBRKWCQJ-UUEXCLNXSA-N,Isoalliin,MTBLS11904,plasma,Negative,Reverse phase/C18
-0.2211281073479937,-0.08714900886522416,IK_OLAOWMDKXPIITQ-UHFFFAOYSA-N,Tridecanoylcarnitine,MTBLS11904,plasma,Positive,Reverse phase/C18
-0.01759864242248489,-0.07203687114231785,IK_OLBNOBQOQZRLMP-UHFFFAOYSA-N,"2,6-Dimethoxy-1,4-benzoquinone",MTBLS11904,plasma,Positive,Reverse phase/C18
-0.30394232064085003,-0.09329799424981117,IK_OLNJUISKUQQNIM-UHFFFAOYSA-N,Indole-3-carboxaldehyde,MTBLS11904,plasma,Positive,Reverse phase/C18
-0.5004248662085832,-0.09876488953822077,IK_OLNTVTPDXPETLC-XPWALMASSA-N,Ezetimibe,38720721,serum,Not reported,Reverse phase/C18
-0.03541005914665227,-0.07335937521607176,IK_OLVZVPBWPSBRNF-UHFFFAOYSA-N,(+/-)-2-(2-Methylpropyl)thiazolidine,MTBLS11904,plasma,Positive,Reverse phase/C18
-0.3085283160568345,-0.09363850596559245,IK_OLXZPDWKRNYJJZ-RRKCRQDMSA-N,Deoxyadenosine,MTBLS11904,plasma,Positive,Reverse phase/C18
0.3077750860074777,0.6610574519258421,IK_OMFXVFTZEKFJBZ-HJTSIMOOSA-N,Corticosterone,33485385,plasma,Positive,LC-MS/unspecified
-0.14208725782162218,-0.08118980670809724,IK_OMHUCGDTACNQEX-OSHKXICASA-N,Steviobioside,MTBLS11904,plasma,Negative,Reverse phase/C18
1.7805757004276712,0.05963995742379105,IK_OMISYDASOKPVDK-UHFFFAOYSA-N,"5-(3',4',5'-Trihydroxyphenyl)-gamma-valerolactone-3'-O-sulphate",MTBLS11904,plasma,Negative,Reverse phase/C18
-0.02277523510755757,-0.07242811086884837,IK_OMLWNBVRVJYMBQ-YUMQZZPRSA-N,Arginylarginine,MTBLS11904,plasma,Positive,Reverse phase/C18
0.14554447038728516,-0.05992343542951339,IK_OMMZVRQHBRAUHL-UHFFFAOYSA-N,16-Hydroxyhexadecanoylcarnitine,MTBLS11904,plasma,Positive,Reverse phase/C18
0.06382497876384087,-0.06599113768160901,IK_OMYMRCXOJJZYKE-UHFFFAOYSA-N,6-Hydroxymelatonin,MTBLS11904,plasma,Positive,Reverse phase/C18
0.35206151040374584,-0.04499477120129311,IK_ONFOSYPQQXJWGS-UHFFFAOYSA-N,(+/-)-2-Hydroxy-4-(methylthio)butanoic acid,MTBLS11904,plasma,Negative,Reverse phase/C18
0.03947481845867766,-0.06779914583846772,IK_ONIBWKKTOPOVIA-BYPYZUCNSA-N,L-Proline,MTBLS11904,plasma,Positive,Reverse phase/C18
0.3738305271818587,-1.2243712447299013,IK_ONIBWKKTOPOVIA-BYPYZUCNSA-N,L-Proline,28880465,serum,Positive,LC-MS/unspecified
-0.0068288593548431024,-0.06865671050722608,IK_ONIBWKKTOPOVIA-UHFFFAOYNA-N,Proline,ST001814,plasma,Positive,GC-MS
-0.0025127229033396307,-0.07822594361420947,IK_ONIBWKKTOPOVIA-UHFFFAOYNA-N,Proline,ST003159,serum,Positive,HILIC
0.29054582687343183,-0.775111124116695,IK_ONIBWKKTOPOVIA-UHFFFAOYNA-N,Proline,33485385,plasma,Positive,LC-MS/unspecified
0.006159776468534609,-0.07027279975907116,IK_ONJQDTZCDSESIW-UHFFFAOYSA-N,Polidocanol,MTBLS11904,plasma,Positive,Reverse phase/C18
0.07021413251031836,-0.06563931476869611,IK_ONJSZLXSECQROL-UHFFFAOYSA-N,o-Hydroxyhippuric acid,MTBLS11904,plasma,Negative,Reverse phase/C18
2.8200771043452106,-0.8021499137218923,IK_ONJSZLXSECQROL-UHFFFAOYSA-N,o-Hydroxyhippuric acid,38720721,serum,Not reported,Reverse phase/C18
-0.05484876475599221,-0.0748027063283854,IK_ONPDTSFZAIWMDI-AVGNSLFASA-N,Lys Leu Gln,MTBLS11904,plasma,Positive,Reverse phase/C18
2.2770731971279883,0.09600703093920565,IK_ONWMQORSVZYVNH-UHFFFAOYSA-N,Tyrosyl-Asparagine,MTBLS11904,plasma,Negative,Reverse phase/C18
-0.34027524429385686,-0.09599572703252732,IK_ONYIYPVBLNPMLB-UHFFFAOYSA-N,Palmitoyl glucuronide,MTBLS11904,plasma,Positive,Reverse phase/C18
-0.2926717535000548,-0.09221970613433794,IK_OOBHFESNSZDWIU-UHFFFAOYSA-N,Phenmetrazine,MTBLS11904,plasma,Negative,Reverse phase/C18
-0.7961296530309674,2.5183181129308667,IK_OOCCDEMITAIZTP-QPJJXVBHSA-N,CINNAMYL ALCOHOL,38516193,plasma,Positive,LC-MS/unspecified
0.36506076120376824,-0.04404261169383838,IK_OPEGYZAATHKDEM-HCWXCVPCSA-N,Penicilloic acid,MTBLS11904,plasma,Negative,Reverse phase/C18
0.6562764971425992,-0.02200139604191692,IK_OPKOKAMJFNKNAS-UHFFFAOYSA-N,2-(Methylamino)ethanol,MTBLS11904,plasma,Positive,Reverse phase/C18
-0.9396503430273152,-0.13960910560511253,IK_OPQNCARIZFLNLF-JBHFWYGFSA-N,Ansamitocin P-3,MTBLS11904,plasma,Negative,Reverse phase/C18
0.45265798051479234,-0.03762635709713946,IK_OPTASPLRGRRNAP-UHFFFAOYSA-N,Cytosine,MTBLS11904,plasma,Negative,Reverse phase/C18
-0.8974618676714784,-0.13651891602762833,IK_OPXYKICHKIQGOV-UPHRSURJSA-N,(E)-Resveratrol 3-glucoside 4'-sulfate,MTBLS11904,plasma,Negative,Reverse phase/C18
0.12708585124612976,-0.061473618674691345,IK_OQOOVTUAIDXHMC-KCWQRWSDSA-N,DG(i-12:0/PGF1alpha/0:0),MTBLS11904,plasma,Negative,Reverse phase/C18
0.06388815253514792,-0.083107177044004,IK_OQWOHRPOYAVIOK-UHFFFAOYSA-N,carnitine 10:1,ST003159,serum,Positive,HILIC
-0.3041778363824464,-0.24182957201450767,IK_OQWOHRPOYAVIOK-UHFFFAOYSA-N,carnitine 10:1,33485385,plasma,Positive,LC-MS/unspecified
0.13928742060323568,-0.060579887007900526,IK_OQYZCCKCJQWHIE-UHFFFAOYSA-N,3-Hydroxysebacic Acid,MTBLS11904,plasma,Negative,Reverse phase/C18
5.660482577694558,0.3438324460442761,IK_OQZCSNDVOWYALR-UHFFFAOYSA-N,Flurochloridone,MTBLS11904,plasma,Negative,Reverse phase/C18
0.005183402655982255,-0.07034529634731371,IK_OQZSGNGSHMDCAR-UHFFFAOYSA-N,Solutol HS 15,MTBLS11904,plasma,Positive,Reverse phase/C18
0.14398487675071953,-0.06023581159919076,IK_ORDAZKGHSNRHTD-UXHICEINSA-N,Legumelin,MTBLS11904,plasma,Negative,Reverse phase/C18
0.060907851251790907,-0.06632097445902799,IK_OROAFUQRIXKEMV-LDADJPATSA-N,Eprosartan,MTBLS11904,plasma,Negative,Reverse phase/C18
-0.465635665540877,-0.1053037839541715,IK_OROGUZVNAFJPHA-UHFFFAOYSA-N,"5-Hydroxy-2,4-dimethylthiophen-3-one",MTBLS11904,plasma,Positive,Reverse phase/C18
-0.7026799219516557,-0.12225167533254361,IK_ORQXBVXKBGUSBA-UHFFFAOYSA-N,2-Amino-3-cyclohexylpropanoic acid,MTBLS11904,plasma,Negative,Reverse phase/C18
0.027077836014441175,-0.06871962640847196,IK_ORTIQSICVORWBJ-UHFFFAOYSA-N,N-[4-Chloro-3-(3-methylbut-2-enoxy)phenyl]-2-methylthiophene-3-carbothioamide,MTBLS11904,plasma,Positive,Reverse phase/C18
1.0899637917964793,0.010200044240469691,IK_ORVQWHLMVLOZPX-ZZXKWVIFSA-N,Bisnoryangonin,MTBLS11904,plasma,Positive,Reverse phase/C18
0.3257889090453898,-0.04654022017783818,IK_ORXKASWXOVPKDV-UBWBUNFISA-N,Yuccagenin,MTBLS11904,plasma,Positive,Reverse phase/C18
0.07497930459005943,-0.06516292504437032,IK_OSCCDBFHNMXNME-UHFFFAOYSA-N,"(2R,3R,4R)-2-Amino-4-hydroxy-3-methylpentanoic acid",MTBLS11904,plasma,Positive,Reverse phase/C18
-0.008574585736707201,-0.07136683190251832,IK_OSCJFAHVJDDMFL-UHFFFAOYSA-N,"3,4-Dimethyl-5-pentyl-2-furanpropanoic acid",MTBLS11904,plasma,Positive,Reverse phase/C18
-0.08331152852468524,-0.07691607718868454,IK_OSICWVVWEXKSBD-LFAYTRTRSA-N,Fumigaclavine C,MTBLS11904,plasma,Positive,Reverse phase/C18
-0.486596930779272,-0.10642419103125926,IK_OSJPPGNTCRNQQC-UHFFFAOYSA-N,3-phosphoglycerate,MTBLS11904,plasma,Negative,Reverse phase/C18
0.0552059070247429,-0.06673862596751066,IK_OSWPMRLSEDHDFF-UHFFFAOYSA-N,Methyl Salicylate,MTBLS11904,plasma,Negative,Reverse phase/C18
-0.31391316283636644,-0.0940383327313147,IK_OTBMMWCXBVNALT-AMOZBRKMSA-N,"PE-NMe(20:4(8Z,11Z,14Z,17Z)/24:0)",MTBLS11904,plasma,Positive,Reverse phase/C18
-1.787808342723405,1.6828378135141269,IK_OTCCIMWXFLJLIA-BYPYZUCNSA-N,N-Acetylaspartic acid,38720721,serum,Not reported,Reverse phase/C18
0.26121447819211246,-0.051649065826983497,IK_OTCSBULKTTUVHL-XXSKBKDCSA-N,"2,3-Secoporrigenin",MTBLS11904,plasma,Negative,Reverse phase/C18
-0.0566535767613303,-0.0749367148049215,IK_OTDARJOVCLILGQ-FPLPWBNLSA-N,MG(0:0/18:1(11Z)/0:0),MTBLS11904,plasma,Positive,Reverse phase/C18
-0.45528055539779033,-0.10413035294701023,IK_OTDJZUJMXXNTKV-FENLDCAOSA-N,"PA(22:2(13Z,16Z)/LTE4)",MTBLS11904,plasma,Negative,Reverse phase/C18
-0.03677106442394455,-0.07346043030159732,IK_OTKJDMGTUTTYMP-QZTJIDSGSA-N,"(2R,3R)-2-Aminooctadecane-1,3-diol",MTBLS11904,plasma,Positive,Reverse phase/C18
-0.21399762369517553,-0.08661956780785696,IK_OTKJDMGTUTTYMP-ZWKOTPCHSA-N,Sphinganine,MTBLS11904,plasma,Positive,Reverse phase/C18
-0.22740056664994862,-0.08761474109561998,IK_OTTXIFWBPRRYOG-UHFFFAOYSA-N,2-Hydroxyadipic acid,MTBLS11904,plasma,Positive,Reverse phase/C18
-0.08506782011801284,-0.07701329021215776,IK_OUAPULXYUWUOHW-UHFFFAOYSA-N,1-Ethoxymethyl-5-fluorouracil,MTBLS11904,plasma,Negative,Reverse phase/C18
-0.2841040661468483,-0.09159214713633204,IK_OUDSFQBUEBFSPS-UHFFFAOYSA-N,N-(Carboxymethyl)-N-(2-((carboxymethyl)amino)ethyl)glycine,MTBLS11904,plasma,Negative,Reverse phase/C18
-0.3853363543267768,-0.09934153097249263,IK_OUEUPCHAIFZTKH-LSWZYRHBSA-N,GPEtn(14:0/22:2),MTBLS11904,plasma,Positive,Reverse phase/C18
0.10188503269383077,-0.06331950863191455,IK_OUICDHFBMJCDTL-GHRIWEEISA-N,Notoginsenoside T1,MTBLS11904,plasma,Negative,Reverse phase/C18
0.609953301511118,-0.6778161895750769,IK_OUKDNADVOQVFAR-NBTXLFQMSA-N,TG 44:1,37755270,serum,Not reported,Reverse phase/C18
0.5605222136999688,-0.02972559897276357,IK_OUYCCCASQSFEME-QMMMGPOBSA-N,L-Tyrosine,MTBLS11904,plasma,Negative,Reverse phase/C18
-0.5521326646078512,-0.348028985316935,IK_OUYCCCASQSFEME-QMMMGPOBSA-N,L-Tyrosine,28880465,serum,Positive,LC-MS/unspecified
0.0027143839835450274,-0.06740254535504758,IK_OUYCCCASQSFEME-UHFFFAOYNA-N,Tyrosine,ST001814,plasma,Positive,GC-MS
-2.8483216779877147,1.9656282945638768,IK_OUYCCCASQSFEME-UHFFFAOYNA-N,Tyrosine,38516193,plasma,Positive,LC-MS/unspecified
-0.1366512079000715,-0.08079163131589785,IK_OVBKVWSHXDCSTK-UHFFFAOYSA-N,24-Hydroxytetracosanoic acid,MTBLS11904,plasma,Negative,Reverse phase/C18
-0.7495236166812839,-0.1263825681348115,IK_OVBOQVAIYMSUDT-HRYGCDPOSA-N,"All-trans-13,14-dihydroretinol",MTBLS11904,plasma,Positive,Reverse phase/C18
-0.0042361186377146455,-0.07109259067302795,IK_OVCDSSHSILBFBN-UHFFFAOYSA-N,Amodiaquine,MTBLS11904,plasma,Negative,Reverse phase/C18
-0.3900998728629269,-0.09969522412625026,IK_OVMSOCFBDVBLFW-VHLOTGQHSA-N,Baccatin III,MTBLS11904,plasma,Positive,Reverse phase/C18
-0.1997566589340189,-0.08541393196011343,IK_OVOCLWJUABOAPL-UHFFFAOYSA-N,5-Methyl-2-furancarboxylic acid,MTBLS11904,plasma,Negative,Reverse phase/C18
-0.07602743249382202,-0.076351106738434385,IK_OVRNDRQMDRJTHS-JAJWTYFOSA-N,N-Acetyl-b-D-galactosamine,MTBLS11904,plasma,Negative,Reverse phase/C18
0.18933453383947152,-0.05691407382863916,IK_OWFJMIVZYSDULZ-PXOLEDIWSA-N,Oxyterracin,MTBLS11904,plasma,Negative,Reverse phase/C18
0.04717000667770155,-0.06732723394997231,IK_OWTJVZIKRRJXGS-MAEXYVIMSA-N,3-O-Demethylfortimicin A,MTBLS11904,plasma,Negative,Reverse phase/C18
0.017491624612503986,-0.06943140629236727,IK_OXBFEJBBKCRANO-SANMLTNESA-N,TG(8:0/8:0/10:0),MTBLS11904,plasma,Positive,Reverse phase/C18
0.18889137786974652,-0.05694653371709574,IK_OXENLKNOBTVOJA-JLNKQSITSA-N,"4,5-dehydro Docosahexaenoic Acid",MTBLS11904,plasma,Negative,Reverse phase/C18
-0.030145987596490027,-0.07299041734382736,IK_OXSYGCRLQCGSAQ-UHFFFAOYSA-N,Sabine,MTBLS11904,plasma,Negative,Reverse phase/C18
-0.22610968373126528,-0.08734421781053306,IK_OXUGTFWFXADACU-PXNASSMWSA-N,PA(20:0/LTE4),MTBLS11904,plasma,Negative,Reverse phase/C18
-1.0241804011865092,-0.14677593479932294,IK_OXVFDZYQLGRLCD-UHFFFAOYSA-N,Hydroxypioglitazone,MTBLS11904,plasma,Positive,Reverse phase/C18
0.10501018211187313,-0.0629331213304026,IK_OYDCCWNLILCHDJ-ZZXKWVIFSA-N,P-Coumaric acid sulfate,MTBLS11904,plasma,Positive,Reverse phase/C18
0.43893474064189986,-0.010080829405208352,IK_OYHQOLUKZRVURQ-HZJYTTRNSA-N,Linoleic acid,ST001814,plasma,Positive,GC-MS
-0.8155949195090544,0.713553028723021,IK_OYHQOLUKZRVURQ-HZJYTTRNSA-N,Linoleic acid,38720721,serum,Not reported,Reverse phase/C18
0.43771705327160176,-1.6757157691922018,IK_OYIFNHCXNCRBQI-UHFFFAOYSA-N,Aminoadipic acid,28880465,serum,Positive,LC-MS/unspecified
-0.03824097480996637,-0.07358335257495213,IK_OYPPJMLKAYYWHH-NXJDUNGTSA-N,Thromboxane B3,MTBLS11904,plasma,Negative,Reverse phase/C18
-0.09038569470186414,-0.07740280989000856,IK_OZIOWHWTZWIMCZ-MPUPURDASA-N,Blood group B trisaccharide,MTBLS11904,plasma,Negative,Reverse phase/C18
-0.22136480332422104,-0.08716658337139456,IK_OZJPLYNZGCXSJM-UHFFFAOYSA-N,Delta-Valerolactone,MTBLS11904,plasma,Positive,Reverse phase/C18
0.07467523865356408,-0.06531255088900872,IK_OZLOIIJWJZXAQV-YUDAYSKTSA-N,"PE(20:4(5Z,8Z,11Z,13E)-OH(15S)/22:1(13Z))",MTBLS11904,plasma,Negative,Reverse phase/C18
0.20880386546829272,-0.05548799875013723,IK_OZOMQRBLCMDCEG-VIZOYTHASA-N,Dantrolene,MTBLS11904,plasma,Negative,Reverse phase/C18
0.059401119533651986,-0.06643133830443176,IK_PADNECYMNLPKRN-UHFFFAOYSA-N,Theasapogenol E,MTBLS11904,plasma,Negative,Reverse phase/C18
-0.4018626731018211,-0.44027959827970004,IK_PAFZNILMFXTMIY-UHFFFAOYSA-N,Cyclohexanamine,28880465,serum,Positive,LC-MS/unspecified
-0.054404958830361075,-0.07476975354588601,IK_PAHMCFUSNIRFHK-UKPQPXGPSA-N,DG(PGE2/12:0/0:0),MTBLS11904,plasma,Positive,Reverse phase/C18
0.1915798586605167,-0.05674960989942059,IK_PAJPWUMXBYXFCZ-UHFFFAOYSA-N,1-aminocyclopropane-1-carboxylic acid,MTBLS11904,plasma,Negative,Reverse phase/C18
0.30132040142327365,-0.048357015688107276,IK_PALVOIADDFXQGT-HZJYTTRNSA-N,"LysoPA(0:0/18:2(9Z,12Z))",MTBLS11904,plasma,Positive,Reverse phase/C18
0.24176162596375383,-0.05277927665683815,IK_PANDRCFROUDETH-YLSOAJEOSA-N,Lipoteichoic acid,MTBLS11904,plasma,Positive,Reverse phase/C18
0.3782372728656038,-0.043077469022721575,IK_PAPBSGBWRJIAAV-UHFFFAOYSA-N,Epsilon-Caprolactone,MTBLS11904,plasma,Negative,Reverse phase/C18
0.22788529025411142,-0.05380959956545317,IK_PAXWQORCRCBOCU-LURJTMIESA-N,2-Fluoro-5-hydroxy-L-tyrosine,MTBLS11904,plasma,Positive,Reverse phase/C18
0.032255573646984045,-0.06833517731056751,IK_PBBWIAQSYZNWPA-UHFFFAOYSA-N,(2S)-2-Amino-5-(diaminomethylideneamino)-4-methylpentanoic acid,MTBLS11904,plasma,Positive,Reverse phase/C18
0.507956508368107,-0.033014209296866825,IK_PBGMJEFISXYLCY-UHFFFAOYSA-N,(His(1-ME)2)-trh,MTBLS11904,plasma,Positive,Reverse phase/C18
-0.2676186537842997,-0.09038463587021309,IK_PCBVVHMKRNVSDR-YJNXUYHJSA-N,"PE(18:1(9Z)/18:3(9Z,12Z,15Z))",MTBLS11904,plasma,Negative,Reverse phase/C18
-5.726932662248121e-4,-0.07082425473432966,IK_PCXDJQZLDDHMGX-UHFFFAOYSA-N,3-Aminopropionaldehyde,MTBLS11904,plasma,Negative,Reverse phase/C18
0.3256113873987997,-0.04655340110762859,IK_PDIGSOAOQOXRDU-WJPZTBRDSA-N,"LysoPC(20:5(5Z,8Z,11Z,14Z,17Z)/0:0)",MTBLS11904,plasma,Positive,Reverse phase/C18
-0.13423087809200654,-0.08069685751522408,IK_PDLAMJKMOKWLAJ-PVPULFMTSA-N,PI(16:0/18:1(9Z)),MTBLS11904,plasma,Positive,Reverse phase/C18
0.02013747577523799,-0.06930729192670723,IK_PDLPZZHYCMXDCF-UHFFFAOYSA-N,"2,4(1H,3H)-Pyrimidinedione, 1-(2,3-dihydro-2-furanyl)-5-fluoro-",MTBLS11904,plasma,Negative,Reverse phase/C18
-0.8470426046789831,-0.13362338892481823,IK_PDNJLMZEGXHSCU-UHFFFAOYSA-N,Homocysteinesulfinic acid,MTBLS11904,plasma,Positive,Reverse phase/C18
-0.12681024711603114,-0.39196741469359025,IK_PDNJLMZEGXHSCU-UHFFFAOYSA-N,Homocysteinesulfinic acid,28880465,serum,Positive,LC-MS/unspecified
0.12670178307650842,-0.06150174999713727,IK_PDWIQYODPROSQH-PYHARJCCSA-N,Deoxyribose,MTBLS11904,plasma,Negative,Reverse phase/C18
0.07392455461603703,-0.058045249177941634,IK_PEDCQBHIVMGVHV-UHFFFAOYSA-N,glycerol,ST001814,plasma,Positive,GC-MS
-0.1361474494282855,-0.3370847326672647,IK_PEDCQBHIVMGVHV-UHFFFAOYSA-N,glycerol,38720721,serum,Not reported,Reverse phase/C18
0.7017814145747255,-0.018622638811266273,IK_PEHSVUKQDJULKE-UHFFFAOYSA-N,Imetit,MTBLS11904,plasma,Positive,Reverse phase/C18
-0.15254574532509702,-0.08195586229162553,IK_PEJGMBUENJSLLH-RHAKMSQVSA-N,"SM(d18:2(4E,14Z)/14:0)",MTBLS11904,plasma,Negative,Reverse phase/C18
-0.033927587634518586,-0.07326740909719945,IK_PETDNGRBYPTDNI-QSNWBFGMSA-N,5'-O-Methylmelledonal,MTBLS11904,plasma,Negative,Reverse phase/C18
0.055566753284799424,-0.08249545763275296,IK_PETYOUXDCHQKTQ-QXPKXGMISA-N,carnitine 12:1,ST003159,serum,Positive,HILIC
-0.39402257829580467,0.23780443148318686,IK_PETYOUXDCHQKTQ-QXPKXGMISA-N,carnitine 12:1,33485385,plasma,Positive,LC-MS/unspecified
-0.8557165482853664,-0.1334611863386007,IK_PEYTUVXFLCCGCC-FENHPFPBSA-N,Teleocidin B 2,MTBLS11904,plasma,Negative,Reverse phase/C18
0.01976982857029676,-0.06926224880349033,IK_PFBSCCSBALRLEC-CDJQDVQCSA-N,"Deca-2,7-dienedioyl-CoA",MTBLS11904,plasma,Positive,Reverse phase/C18
-0.0821429885205899,-0.07679905425694908,IK_PFDUUKDQEHURQC-UHFFFAOYSA-N,3-Methoxytyrosine,MTBLS11904,plasma,Negative,Reverse phase/C18
2.2881320883150056,6.34260744701655,IK_PFDUUKDQEHURQC-UHFFFAOYSA-N,3-Methoxytyrosine,38720721,serum,Not reported,Reverse phase/C18
3.2115207240225985,-0.9690640999682378,IK_PFDUUKDQEHURQC-ZETCQYMHSA-N,3-O-Methyl-a-methyldopa,ACS1517,serum,Negative,Reverse phase/C18
8.005216868913042,0.5236601150191866,IK_PFDUUKDQEHURQC-ZETCQYMHSA-N,3-O-Methyl-a-methyldopa,MTBLS11904,plasma,Positive,Reverse phase/C18
11.521895608286634,-0.9254035017570585,IK_PFDUUKDQEHURQC-ZETCQYMHSA-N,3-O-Methyl-a-methyldopa,ST003159,serum,Positive,HILIC
0.08439513225171807,-0.06460059599780638,IK_PFTAWBLQPZVEMU-AFYYWNPRSA-N,L-Epicatechol,MTBLS11904,plasma,Negative,Reverse phase/C18
0.41363292448227645,-0.04001776968645934,IK_PFURGBBHAOXLIO-UHFFFAOYSA-N,"1,2-Cyclohexanediol",MTBLS11904,plasma,Positive,Reverse phase/C18
0.017626256648695552,-0.0694912319722091,IK_PFWLFWPASULGAN-UHFFFAOYSA-N,7-Methylxanthine,MTBLS11904,plasma,Negative,Reverse phase/C18
-0.09455136371192871,-0.07770793357433772,IK_PGFGQDBBWSVMED-AVQMFFATSA-N,N-Linoleoyl Histidine,MTBLS11904,plasma,Negative,Reverse phase/C18
-0.19316832450572968,-0.08507298426347919,IK_PGFGQERXTDRVHO-SVHMSXJUSA-N,Milbemycin beta2,MTBLS11904,plasma,Positive,Reverse phase/C18
-0.03535088481701508,-0.07335498163969176,IK_PHBYJTASVSXTSS-QKMQXXATSA-N,"PC(2:0/22:6(5Z,8E,10Z,13Z,15E,19Z)-2OH(7S, 17S))",MTBLS11904,plasma,Positive,Reverse phase/C18
0.22829950867934357,-0.05377884352098118,IK_PHERGCZDWYMUOF-DEOSSOPVSA-N,DG(8:0/15:0/0:0),MTBLS11904,plasma,Positive,Reverse phase/C18
-1.3037752311763366,-0.5006454511557759,IK_PHIQHXFUZVPYII-UHFFFAOYNA-N,Carnitine,29518718,plasma,Positive,LC-MS/unspecified
-0.09390369976599827,-0.07770254989066384,IK_PHIQHXFUZVPYII-ZCFIWIBFSA-N,L-Carnitine,MTBLS11904,plasma,Positive,Reverse phase/C18
-0.33719818830135584,-0.09576725459403462,IK_PHMBVCPLDPDESM-FKSUSPILSA-N,Ecgonine,MTBLS11904,plasma,Positive,Reverse phase/C18
-0.448297641571579,-0.1040164295012696,IK_PHMBVCPLDPDESM-GHNGIAPOSA-N,Pseudoecgonine,MTBLS11904,plasma,Positive,Reverse phase/C18
-0.2096187367550195,-0.08629443386021868,IK_PHTAMEFBOLJOPU-VQJSHJPSSA-N,PE(14:0/24:0),MTBLS11904,plasma,Positive,Reverse phase/C18
0.2631825819104925,-0.3907991951537385,IK_PHYFQTYBJUILEZ-IUPFWZBJSA-N,TG 54:3|TG 18:1_18:1_18:1,37755270,serum,Not reported,Reverse phase/C18
1.9716794497633696,0.07363778044489566,IK_PHYYADMVYQURSX-GHXNOFRVSA-M,3-methylsulfinylpropyl-glucosinolate,MTBLS11904,plasma,Negative,Reverse phase/C18
0.5508909504670944,-0.030431062636553013,IK_PIJVFDBKTWXHHD-HIFRSBDPSA-N,Physostigmine,MTBLS11904,plasma,Negative,Reverse phase/C18
0.44645379332033025,-0.03808079645157822,IK_PITVQFJBUFDJDD-XEGUGMAKSA-N,Tryptophyl-Isoleucine,MTBLS11904,plasma,Negative,Reverse phase/C18
-0.7386346650093566,-0.12488526035981701,IK_PIUZYOCNZPYXOA-ZHHJOTBYSA-N,5-Cholesten-3beta-25-diol-3-sulfate,MTBLS11904,plasma,Negative,Reverse phase/C18
-0.0869803245890085,-0.07718848660143965,IK_PIXFHVWJOVNKQK-CJWOFWMHSA-N,11-Hydroxyandrosterone,MTBLS11904,plasma,Positive,Reverse phase/C18
-0.11097544025867004,-0.07897013309936793,IK_PIYTUGMLAKPQKI-OMQYJPGKSA-N,"4,5-seco-dopa",MTBLS11904,plasma,Positive,Reverse phase/C18
-0.03180043606964479,-0.07309135958034706,IK_PJANXHGTPQOBST-UHFFFAOYSA-N,Stilbene,MTBLS11904,plasma,Positive,Reverse phase/C18
-0.4745453245120902,-0.043526077426208565,IK_PJZFULXMEGMUDK-QGOAFFKASA-N,4-Phenylbutyl glucosinolate,ST003159,serum,Negative,Reverse phase/C18
0.27628973841383725,-0.050215551742146945,IK_PKDTXFWHZWYNAH-UHFFFAOYSA-N,"7,8-Dihydro-3b,6a-dihydroxy-alpha-ionol 9-glucoside",MTBLS11904,plasma,Positive,Reverse phase/C18
-0.07528883871975517,-0.07629700675494477,IK_PKIYFBICNICNGJ-UHFFFAOYSA-N,Monooctyl phthalate,MTBLS11904,plasma,Negative,Reverse phase/C18
-0.04259971793152234,-0.07389321045833012,IK_PKSATBKOULRIBB-PYCGOTNYSA-N,"PE-NMe2(22:6(4Z,7Z,10Z,13Z,16Z,19Z)/18:3(6Z,9Z,12Z))",MTBLS11904,plasma,Positive,Reverse phase/C18
-0.2785498414275049,-0.09118531522062251,IK_PKSJDCCFDXWPLW-UHFFFAOYSA-N,"Cyclopropanecarboxamide, 1,2,2,3,3-pentamethyl-",MTBLS11904,plasma,Negative,Reverse phase/C18
-0.027421550603064098,-0.07276622614089476,IK_PKXWXXPNHIWQHW-RCBQFDQVSA-N,Semagacestat,MTBLS11904,plasma,Positive,Reverse phase/C18
0.12075050415649083,-0.061764396368871474,IK_PLHJDBGFXBMTGZ-WEVVVXLNSA-N,Furazolidone,MTBLS11904,plasma,Positive,Reverse phase/C18
-0.9113769745809561,-0.13753815919042073,IK_PLNJUBIUGVATKW-SNAWJCMRSA-N,Methyl furfuracrylate,MTBLS11904,plasma,Negative,Reverse phase/C18
0.053321568010242536,-0.0667710198685305,IK_PLOUQIGEQKCKHG-UHFFFAOYSA-N,3-Methylazelaic acid,MTBLS11904,plasma,Positive,Reverse phase/C18
0.3674538048613573,-0.04386732807152147,IK_PLSQMGZYOGSOCE-XINAWCOVSA-N,Dihydroneopterin phosphate,MTBLS11904,plasma,Negative,Reverse phase/C18
0.02548013395850687,-0.0688382566086791,IK_PMIHTPDPPVPUIV-UHFFFAOYSA-N,9-Hydroxyoctadecanoylcarnitine,MTBLS11904,plasma,Positive,Reverse phase/C18
-0.05966019412665152,-0.0751522513873144,IK_PMKQSEYPLQIEAY-YWNRKNDBSA-N,Phaseolic acid,MTBLS11904,plasma,Negative,Reverse phase/C18
-0.07727576519895767,-0.07646791946445913,IK_PMMYEEVYMWASQN-DMTCNVIQSA-N,4-Hydroxy-L-Proline,MTBLS11904,plasma,Positive,Reverse phase/C18
0.030530248319174686,-0.06374740958190922,IK_PMMYEEVYMWASQN-DMTCNVIQSA-N,4-Hydroxy-L-Proline,ST001814,plasma,Positive,GC-MS
0.16537761950135488,-0.05842653386969482,IK_PMOWTIHVNWZYFI-AATRIKPKSA-N,2-Hydroxycinnamic acid,MTBLS11904,plasma,Positive,Reverse phase/C18
-0.012568840409708636,-0.07166340674436239,IK_PMTMAFAPLCGXGK-JMTMCXQRSA-N,12-oxo-PDA,MTBLS11904,plasma,Positive,Reverse phase/C18
-2.5253432351770315,0.10447907434077369,IK_PMTMAFAPLCGXGK-JMTMCXQRSA-N,12-oxo-PDA,38516193,plasma,Positive,LC-MS/unspecified
0.24800842222901776,-0.052616373085361226,IK_PMZDQRJGMBOQBF-UHFFFAOYSA-N,4-Hydroxyquinoline,MTBLS11904,plasma,Negative,Reverse phase/C18
0.2411247274557631,-0.053120585074301244,IK_PNEJUHLZEPRMHF-UHFFFAOYSA-N,6-Hydroxypentadecanedioic acid,MTBLS11904,plasma,Negative,Reverse phase/C18
0.08814555156860515,-0.06418532626277772,IK_PNFUIOJRSUFFPH-VYFLHTJVSA-N,"PC(18:2(9Z,12Z)/22:4(7Z,10Z,13Z,16Z))",MTBLS11904,plasma,Positive,Reverse phase/C18
-0.055233397023146835,-0.07483126543417958,IK_PNHLMHWWFOPQLK-BKUUWRAGSA-N,GDP-4-Dehydro-6-deoxy-D-mannose,MTBLS11904,plasma,Positive,Reverse phase/C18
0.016946749872317684,-0.06954100399819922,IK_PNKLMTPXERFKEN-MLXHEQMXSA-N,HT-2 Toxin,MTBLS11904,plasma,Negative,Reverse phase/C18
-0.11896394880225822,-0.07956328217454493,IK_PNQYAMWGTGWJDW-UHFFFAOYSA-N,N-(3-Aminopropyl)-N-methylcarbamic acid tert-butyl ester,MTBLS11904,plasma,Positive,Reverse phase/C18
-0.08532344887459768,-0.07706546272452731,IK_PNZJCTOIJIYXNH-QVLAUCSVSA-N,"Cer(d16:1/20:4(8Z,11Z,14Z,17Z)-2OH(5S,6R))",MTBLS11904,plasma,Positive,Reverse phase/C18
-0.5468446646333371,0.10655102305836447,IK_POQOTWQIYYNXAT-UHFFFAOYSA-N,5-Acetylamino-6-amino-3-methyluracil,28880465,serum,Positive,LC-MS/unspecified
-7.532901833264122,-6.586141857855542,IK_POQRWMRXUOPCLD-AAAFHMTMSA-N,C24:0 glucosylceramide,24058461,plasma,Not reported,LC-MS/unspecified
0.031009574947178677,-0.06851094104198328,IK_PORXCRSLPBANJT-UHFFFAOYSA-N,Hydroxybuprenorphine,MTBLS11904,plasma,Negative,Reverse phase/C18
0.04273844483571505,-0.06765183324239879,IK_POUITAHNNRJWMA-UHFFFAOYSA-N,5-Hydroxybenzofuran-2(3H)-one,MTBLS11904,plasma,Negative,Reverse phase/C18
-0.10505802559221683,-0.07853076252790253,IK_POULHZVOKOAJMA-UHFFFAOYSA-N,lauric acid,MTBLS11904,plasma,Positive,Reverse phase/C18
0.0075369954611634316,-0.5213642173295968,IK_POULHZVOKOAJMA-UHFFFAOYSA-N,lauric acid,33485385,plasma,Negative,LC-MS/unspecified
0.3967612048861252,-0.04172064157830708,IK_PPFRJNLKWADOTL-WOGJWQOOSA-N,Dolicholide,MTBLS11904,plasma,Negative,Reverse phase/C18
-0.26305298692752155,-0.09026194608148036,IK_PPRBNBYLZZFTRZ-PSALXKTOSA-N,SM(d14:1/18:1),MTBLS11904,plasma,Positive,Reverse phase/C18
-0.07425480714134647,-0.07622126667642212,IK_PQKFUDVFSOEHDQ-KBBGFLFPSA-N,"24,24-Difluoro-1alpha,25-dihydroxyvitamin D3",MTBLS11904,plasma,Negative,Reverse phase/C18
0.07887045116247315,-0.06500526322592982,IK_PQMUUZGBMZBJSD-KNFYMXGFSA-N,Biotripyrrin-b,MTBLS11904,plasma,Negative,Reverse phase/C18
0.22655387180605735,-0.05390845781262613,IK_PQNASZJZHFPQLE-LURJTMIESA-N,N(6)-Methyllysine,MTBLS11904,plasma,Positive,Reverse phase/C18
-0.4717059458561256,0.05082415065245744,IK_PQNASZJZHFPQLE-LURJTMIESA-N,N(6)-Methyllysine,28880465,serum,Positive,LC-MS/unspecified
0.4131322128589474,1.6109786143024452,IK_PQPZSPJVMUCVAQ-JTQLQIEISA-N,PMeOH 36:4,37755270,serum,Not reported,Reverse phase/C18
0.050334351538719624,-0.6328505803818575,IK_PQSUYGKTWSAVDQ-ZVIOFETBSA-N,Aldosterone,33485385,plasma,Positive,LC-MS/unspecified
-0.8570755603645467,-0.13356072988239498,IK_PRDZVHCOEWJPOB-IVMDWMLBSA-N,N-Sulfo-D-glucosamine,MTBLS11904,plasma,Negative,Reverse phase/C18
0.6295659576228809,-0.024668335090392526,IK_PRFXRIUZNKLRHM-HKVRTXJWSA-N,Prostaglandin B2,MTBLS11904,plasma,Negative,Reverse phase/C18
-0.3812829253241382,-0.09904056255426852,IK_PRGQOPPDPVELEG-UHFFFAOYSA-N,Dihydroxycarbazepine,MTBLS11904,plasma,Positive,Reverse phase/C18
-0.32647928148347993,-0.2326901851427249,IK_PRJJVJQUMHDYMQ-UHFFFAOYSA-N,3 Hydroxymandelic acid - COOH,28880465,serum,Positive,LC-MS/unspecified
0.12998166998925761,-0.06107897946125411,IK_PRXCKJGVECBOID-WXGDJGGUSA-N,"(12Z,15Z)-10-Hydroxyoctadeca-12,15-dienoylcarnitine",MTBLS11904,plasma,Positive,Reverse phase/C18
-0.07940603433939851,-0.07662609286189827,IK_PSBIAPQFYNFRKH-FXJJMODTSA-N,"PA(18:3(10,12,15)-OH(9)/i-12:0)",MTBLS11904,plasma,Positive,Reverse phase/C18
0.15838525942831344,-0.05897000217733495,IK_PSHXNVGSVNEJBD-LJQANCHMSA-N,Tetradecanoylcarnitine,MTBLS11904,plasma,Positive,Reverse phase/C18
0.13628371612045073,-0.06061105039250568,IK_PSLSTUMPZILTAH-BYULHYEWSA-N,Asp Gly Ile,MTBLS11904,plasma,Positive,Reverse phase/C18
0.3296082609822273,-0.046639409583992056,IK_PTBQWWHUOMDVFS-UHFFFAOYSA-N,Phomalone,MTBLS11904,plasma,Negative,Reverse phase/C18
-0.0813587810308345,-0.07677108472103583,IK_PTGGMPLMNDBPGB-CXISOLTFSA-N,N-methylsphingosine,MTBLS11904,plasma,Positive,Reverse phase/C18
-0.07514549605851682,-0.07630974606702,IK_PTIDGSWTMLSGAH-UHFFFAOYSA-N,Precocene II,MTBLS11904,plasma,Positive,Reverse phase/C18
0.7848479102512121,-0.01329435964693089,IK_PTJWIQPHWPFNBW-GBNDHIKLSA-N,Pseudouridine,MTBLS11904,plasma,Negative,Reverse phase/C18
0.4267481123584316,-0.03952418315942771,IK_PTKSEFOSCHHMPD-UHFFFAOYSA-N,Midodrine,MTBLS11904,plasma,Negative,Reverse phase/C18
-0.036652715764670205,-0.07345164314883731,IK_PTOJXIKSKSASRB-UHFFFAOYSA-O,Candicine,MTBLS11904,plasma,Positive,Reverse phase/C18
-0.49158982553351227,-0.10678990714351323,IK_PUEDDPCUCPRQNY-ZYUZMQFOSA-N,Nicotinic acid ribonucleoside,MTBLS11904,plasma,Negative,Reverse phase/C18
-0.029581405770328504,-0.07292659576817533,IK_PUQIRTNPJRFRCZ-UHFFFAOYSA-N,Metoprolol acid,MTBLS11904,plasma,Positive,Reverse phase/C18
0.07110044444976844,-0.06557439499178297,IK_PUYXTUJWRLOUCW-UHFFFAOYSA-N,Spiroxamine,MTBLS11904,plasma,Negative,Reverse phase/C18
-0.06754837550589496,-0.07573003896784136,IK_PVKSNHVPLWYQGJ-CPTYKQRNSA-N,Phosphoaminophosphonic acid-adenylate ester,MTBLS11904,plasma,Negative,Reverse phase/C18
0.1811571666677122,-0.08579274719432227,IK_PVMBAGXWHHZKFP-JMPJWMFJSA-N,TG 50:4|TG 16:1_16:1_18:2,37755270,serum,Not reported,Reverse phase/C18
-1.4577789340103533,-0.17897078476730216,IK_PVNIIMVLHYAWGP-UHFFFAOYSA-N,nicotinic acid,MTBLS11904,plasma,Positive,Reverse phase/C18
-2.5737199110727027,2.082372039994123,IK_PVNIIMVLHYAWGP-UHFFFAOYSA-N,nicotinic acid,38516193,plasma,Positive,LC-MS/unspecified
0.12923881095672982,0.3695106399669162,IK_PVNIIMVLHYAWGP-UHFFFAOYSA-N,nicotinic acid,38720721,serum,Not reported,Reverse phase/C18
-0.33390535658491466,-0.6721227136803332,IK_PVWHKAOMCLSWPF-BNFZFUHLSA-O,CAR 14:2,37755270,serum,Not reported,Reverse phase/C18
1.2566869395116973,0.022579298951296678,IK_PWAKELUEEHWVFQ-UHFFFAOYSA-L,2-(7'-methylthio)heptylmalate,MTBLS11904,plasma,Positive,Reverse phase/C18
-0.5647227687652722,-0.1126610381060328,IK_PWFTYELYTFERRB-VPTTUCOCSA-N,Alpha-Trisaccharide,MTBLS11904,plasma,Positive,Reverse phase/C18
0.4348430995719079,-0.03893124792830294,IK_PWGFIVDGCMQGCD-CCMQFXHASA-N,"9,10,11-Trihydroxyumbelliprenin",MTBLS11904,plasma,Negative,Reverse phase/C18
0.00932559294875029,-0.07003773680552064,IK_PWKSKIMOESPYIA-BYPYZUCNSA-N,Acetylcysteine,MTBLS11904,plasma,Positive,Reverse phase/C18
1.2995886728515043,0.024408982852821864,IK_PWSKCIUNCJJBIX-RXDOKCLVSA-N,PG(5-iso PGF2VI/a-13:0),MTBLS11904,plasma,Negative,Reverse phase/C18
-0.07925809952204661,-0.07661510877046046,IK_PXGPLTODNUVGFL-NAPLMKITSA-N,PA(i-22:0/5-iso PGF2VI),MTBLS11904,plasma,Positive,Reverse phase/C18
0.14684630053252556,-0.05982677452887899,IK_PXVMEXBCFJTGCL-RCHUDCCISA-N,N-Eicosapentaenoyl Phenylalanine,MTBLS11904,plasma,Positive,Reverse phase/C18
-0.1127506638299405,-0.07910194352052913,IK_PXWLVJLKJGVOKE-UHFFFAOYSA-N,Propyphenazone,MTBLS11904,plasma,Positive,Reverse phase/C18
0.09199186995067929,-0.0638997360205574,IK_PXWMAVXORZYSKF-KLMYNGQASA-N,"PC(20:3(5Z,8Z,11Z)/18:4(6Z,9Z,12Z,15Z))",MTBLS11904,plasma,Positive,Reverse phase/C18
-0.561231494347539,-0.11240180962306813,IK_PYGSKMBEVAICCR-UHFFFAOYSA-N,"1,5-Hexadiene",MTBLS11904,plasma,Positive,Reverse phase/C18
-1.2525264558426121,2.5140543404495843,IK_PYGVPCBXCGQXNA-SZHIUZGGSA-N,Cer 18:1;2O/24:1;(2OH),37755270,serum,Not reported,Reverse phase/C18
-0.23252067756237493,-0.08781380542408079,IK_PYINVOHSOZSEPB-DKGLCQEFSA-N,Hymenoxon,MTBLS11904,plasma,Negative,Reverse phase/C18
0.027641587380030672,-0.06875763688564854,IK_PYLPANOYZCSFOX-UCIVWCSPSA-N,27-Norcholestanehexol,MTBLS11904,plasma,Negative,Reverse phase/C18
-0.18220767082305647,-0.08412851673704728,IK_PYUSHNKNPOHWEZ-YFKPBYRVSA-N,N-Formyl-L-Methionine,MTBLS11904,plasma,Negative,Reverse phase/C18
1.5370317948693086,0.04180103750078307,IK_PYUXYCIEXJYNLI-AMHUYZMWSA-O,P-Coumaroyl vitisin A,MTBLS11904,plasma,Negative,Reverse phase/C18
0.06427583801652423,-0.06607427922387388,IK_PYVRVRFVLRNJLY-MZMPXXGTSA-N,PE(18:1/0:0),MTBLS11904,plasma,Negative,Reverse phase/C18
-0.034818317732508555,-0.07331543844245976,IK_PYZZIILDSAJNLZ-QZNPSGCDSA-N,Melibiitol,MTBLS11904,plasma,Positive,Reverse phase/C18
-0.27671935543951476,-0.29132932398679057,IK_PZHOVOCGVTXFSM-DOFZRALJSA-N,LPC 42:4,37755270,serum,Not reported,Reverse phase/C18
0.09065840724628384,-0.064141828077357,IK_PZPIQUZUJADGQZ-NSCUHMNNSA-N,Polyanethole-sulfate,MTBLS11904,plasma,Negative,Reverse phase/C18
0.11438928356440652,-0.06223671972283626,IK_PZRFVAHZNWPPAC-VBKSFVIKSA-N,PC(18:1/0:0),MTBLS11904,plasma,Positive,Reverse phase/C18
5.058921496467964,0.30489660609060065,IK_PZSJOBKRSVRODF-UHFFFAOYSA-N,Vanillin Acetate,MTBLS11904,plasma,Positive,Reverse phase/C18
-0.05375144473653129,-0.0747194521279087,IK_PZTGRDMCBZUJDL-UHFFFAOYSA-N,"1-Naphthalenesulfonic acid, 3,4-dihydro-3,4-dioxo-",MTBLS11904,plasma,Negative,Reverse phase/C18
-0.09908143739854117,-0.07808699898856827,IK_QADHLRWLCPCEKT-LOVVWNRFSA-N,"Androst-5-ene-3beta,17beta-diol",MTBLS11904,plasma,Positive,Reverse phase/C18
0.012012944260502433,-0.06990239174509293,IK_QAIPRVGONGVQAS-UHFFFAOYSA-N,"3-(3,4-Dihydroxyphenyl)prop-2-enoic Acid",MTBLS11904,plasma,Negative,Reverse phase/C18
0.4405745866266398,-0.038511432340745305,IK_QASOACWKTAXFSE-AATRIKPKSA-N,"(3S,5R,6R,7E)-3,5,6-Trihydroxy-7-megastigmen-9-one",MTBLS11904,plasma,Negative,Reverse phase/C18
-0.14059209788167618,-0.08116918026067771,IK_QBILRDAMJUPXCX-PDSBPYSYSA-N,Corchoroside A,MTBLS11904,plasma,Positive,Reverse phase/C18
0.01913298769567379,-0.06938086802648014,IK_QBMSTEZXAMABFF-UEARNRKISA-N,Mycophenolic acid O-acyl-glucuronide,MTBLS11904,plasma,Negative,Reverse phase/C18
-0.10206973142975198,-0.07830888040381723,IK_QBMYYTXUDRARHD-SFYZADRCSA-N,Arginine ornithine,MTBLS11904,plasma,Positive,Reverse phase/C18
-0.11878642648450738,-0.07955010134507973,IK_QBSJMKIUCUGGNG-UHFFFAOYSA-N,2-Isopropylphenyl methylcarbamate,MTBLS11904,plasma,Positive,Reverse phase/C18
-0.06273274469187243,-0.07537730774445779,IK_QBYUNVOYXHFVKC-GBURMNQMSA-N,Lithocholyltaurine,MTBLS11904,plasma,Negative,Reverse phase/C18
0.008881787023119179,-0.07007068958802004,IK_QCDYOIZVELGOLZ-UHFFFAOYSA-N,Salvigenin,MTBLS11904,plasma,Positive,Reverse phase/C18
0.12930116741623845,-0.06112950664959871,IK_QCGTZPZKJPTAEP-REDYYMJGSA-N,2-Aminomuconic acid semialdehyde,MTBLS11904,plasma,Positive,Reverse phase/C18
-0.32844041509220445,-0.09511698659843287,IK_QCGUXAIDEOWPBV-SNKLRXETSA-N,PC(O-18:1(11Z)/16:0),MTBLS11904,plasma,Positive,Reverse phase/C18
0.18433312031583557,-0.05704336432845509,IK_QCHPKSFMDHPSNR-UHFFFAOYSA-N,3-Aminoisobutanoic Acid,MTBLS11904,plasma,Positive,Reverse phase/C18
0.5234538126780711,-1.528894156360617,IK_QCHPKSFMDHPSNR-UHFFFAOYSA-N,3-Aminoisobutanoic Acid,28880465,serum,Positive,LC-MS/unspecified
0.9404252992103097,-0.0018987446166221639,IK_QCPDBEXGCHOIDE-ZPUAQPQFSA-N,Pleurotin,MTBLS11904,plasma,Negative,Reverse phase/C18
-0.035617169096056056,-0.07337475349240073,IK_QCYVUUAIJUUUPI-BBVRLYRLSA-N,7-Hydroxy-6-methyl-8-ribityl lumazine,MTBLS11904,plasma,Positive,Reverse phase/C18
0.10879827016351518,-0.06281313327273594,IK_QDAOSMKOZCCWLJ-MQLLGTBWSA-N,Phaseolotoxin,MTBLS11904,plasma,Negative,Reverse phase/C18
-0.09248352083022954,-0.07759710112843307,IK_QDMOINLDXCZCEK-JTQLQIEISA-N,L-DOPA n-Butyl Ester,MTBLS11904,plasma,Positive,Reverse phase/C18
4.568397845098602,0.263840248146186,IK_QDPNFTHYUAKYKM-UHFFFAOYSA-N,2-hydroxy-3-(sulfooxy)benzoic acid,MTBLS11904,plasma,Negative,Reverse phase/C18
-0.9450351754907182,1.2507898710959104,IK_QEDPUVGSSDPBMD-XTAIVQBESA-N,SM d42:1,37755270,serum,Not reported,Reverse phase/C18
0.4370884243929531,-0.03876678399908437,IK_QEFNQQRVZDFDIJ-UHFFFAOYSA-N,"(1S,2S,4R,8R)-p-Menthane-1,2,8,9-tetrol",MTBLS11904,plasma,Negative,Reverse phase/C18
-0.1410950789393592,-0.08120652722806826,IK_QEFRNWWLZKMPFJ-YGVKFDHGSA-N,Methionine Sulfoxide,MTBLS11904,plasma,Positive,Reverse phase/C18
0.07700919531346408,-0.0651415952241913,IK_QELSKZZBTMNZEB-UHFFFAOYSA-N,Propylparaben,MTBLS11904,plasma,Negative,Reverse phase/C18
-0.0052608329655642015,-0.07112078434934402,IK_QFAADIRHLBXJJS-ZAZJUGBXSA-N,Amastatin,MTBLS11904,plasma,Positive,Reverse phase/C18
0.17317410210894868,-0.058097780920650134,IK_QFDRTQONISXGJA-UHFFFAOYSA-N,1-Methyluric acid,MTBLS11904,plasma,Negative,Reverse phase/C18
-0.11813559613833269,-0.4061912808816998,IK_QFDRTQONISXGJA-UHFFFAOYSA-N,1-Methyluric acid,38720721,serum,Not reported,Reverse phase/C18
-0.10958484734972482,-0.0788668805669786,IK_QFRLEUJNZXTNTR-YYOLRRQBSA-N,Gluten exorphin C,MTBLS11904,plasma,Positive,Reverse phase/C18
0.07635923203593073,-0.06518920327143168,IK_QFXOXDSHNXAFEY-SREVYHEPSA-N,(Z)-4-Hydroxy-6-dodecenoic acid lactone,MTBLS11904,plasma,Negative,Reverse phase/C18
-0.06622169152387261,0.7076253266484017,IK_QGNYWQOMJSTUQZ-BQBZGAKWSA-N,Aspartylysine [-H2O],28880465,serum,Positive,LC-MS/unspecified
1.034851953907885,0.006107970465150575,IK_QGZDXQHLEQAGJB-INIZCTEOSA-N,Gly Phe,MTBLS11904,plasma,Positive,Reverse phase/C18
0.006732346897948025,-0.06687459749020001,IK_QHKABHOOEWYVLI-UHFFFAOYSA-N,Ketoisovaleric acid,ST001814,plasma,Positive,GC-MS
-0.34221015176523295,0.35058532420256067,IK_QHKABHOOEWYVLI-UHFFFAOYSA-N,Ketoisovaleric acid,38720721,serum,Not reported,Reverse phase/C18
-0.12728583897269433,-0.08010564376839169,IK_QHVMVGMCKWPDHT-UHFFFAOYSA-N,Fluorescein thiohydantoin,MTBLS11904,plasma,Negative,Reverse phase/C18
0.2476538967558262,-0.05264234103756857,IK_QHWZTVCCBMIIKE-SHYZEUOFSA-N,DUDP,MTBLS11904,plasma,Negative,Reverse phase/C18
0.4436933895044891,-0.037785769234464195,IK_QHZLMUACJMDIAE-UHFFFAOYSA-N,1-Monopalmitin,MTBLS11904,plasma,Positive,Reverse phase/C18
-0.006673826925217025,-0.06863617084683604,IK_QHZLMUACJMDIAE-UHFFFAOYSA-N,1-Monopalmitin,ST001814,plasma,Positive,GC-MS
0.9868232603718601,0.002541822278895503,IK_QIAFMBKCNZACKA-UHFFFAOYSA-N,Hippuric acid,MTBLS11904,plasma,Positive,Reverse phase/C18
0.5837295774074153,-0.7866290276998154,IK_QIAFMBKCNZACKA-UHFFFAOYSA-N,Hippuric acid,38720721,serum,Not reported,Reverse phase/C18
-0.42104088373773396,1.8407676973725604,IK_QIBZFHLFHCIUOT-NPBIGWJUSA-N,PC 32:1,37755270,serum,Not reported,Reverse phase/C18
-0.2813969722097709,-0.09162399386065222,IK_QIGBRXMKCJKVMJ-UHFFFAOYSA-N,Hydroquinone,MTBLS11904,plasma,Positive,Reverse phase/C18
-0.13133134508841712,-0.08048156580587139,IK_QIJPWSGHURHDHJ-UHFFFAOYSA-N,2-n-Propylthiazolidine-4-carboxylic acid,MTBLS11904,plasma,Positive,Reverse phase/C18
-0.026533937278226487,-0.07270032006771002,IK_QINFFYRWMCWIQU-HEPLYUHHSA-N,"PE(22:6(4Z,7Z,10Z,13Z,16Z,19Z)/14:1(9Z))",MTBLS11904,plasma,Positive,Reverse phase/C18
0.07423208188142433,-0.06534501138597645,IK_QIOYMVALOOEDDF-UHFFFAOYSA-N,3-Methylsuberic acid,MTBLS11904,plasma,Negative,Reverse phase/C18
0.21564086978234398,-0.0394228101444498,IK_QIQXTHQIDYTFRH-UHFFFAOYSA-N,Stearic acid,ST001814,plasma,Positive,GC-MS
-6.6610477119397205,-6.747710760521479,IK_QIQXTHQIDYTFRH-UHFFFAOYSA-N,Stearic acid,24058461,plasma,Not reported,LC-MS/unspecified
-0.2732015208516386,-0.0583271798428334,IK_QIVBCDIJIAJPQS-SECBINFHSA-N,D-Tryptophan,ST003159,serum,Positive,HILIC
0.0765474191455948,-0.06504649158219059,IK_QIVBCDIJIAJPQS-VIFPVBQESA-N,Tryptophan,MTBLS11904,plasma,Positive,Reverse phase/C18
0.1413296353434222,-0.04918784132266907,IK_QIVBCDIJIAJPQS-VIFPVBQESA-N,Tryptophan,ST001814,plasma,Positive,GC-MS
-0.6816302346823591,1.2939185245799012,IK_QIVBCDIJIAJPQS-VIFPVBQESA-N,Tryptophan,38720721,serum,Not reported,Reverse phase/C18
0.6197574327257788,-0.02538678252635526,IK_QJGJXKFJFRSERW-QMMMGPOBSA-N,Hydroxypropionylcarnitine,MTBLS11904,plasma,Negative,Reverse phase/C18
0.18330760898039788,-0.05735552951122981,IK_QJHRNPQXCMXOOH-XBJNFHHOSA-N,PE(20:2/0:0),MTBLS11904,plasma,Negative,Reverse phase/C18
-0.20536997199337265,-0.08582509163267207,IK_QJPWUUJVYOJNMH-UHFFFAOYSA-N,L-3-Aminodihydro-2(3H)-furanone,MTBLS11904,plasma,Negative,Reverse phase/C18
-0.20342653669537922,-0.05446774181157048,IK_QJXKIQOLZYQDJN-UHFFFAOYSA-N,FFAD 22:0,33485385,plasma,Positive,LC-MS/unspecified
-0.27672221416133563,-0.09127689122195237,IK_QKAITYIDZJJULL-UHFFFAOYSA-N,"2-[(5-bromopyridin-2-yl)amino]-4-methyl-N-propyl-1,3-thiazole-5-carboxamide",MTBLS11904,plasma,Positive,Reverse phase/C18
-0.011296596291291764,-0.07156894207356944,IK_QKDHBVNJCZBTMR-UHFFFAOYSA-N,Temafloxacin,MTBLS11904,plasma,Positive,Reverse phase/C18
0.11580946250017528,-0.0621312709606055,IK_QKNCKSQAXGWPIK-FOWTUZBSSA-N,Caffeoylcycloartenol,MTBLS11904,plasma,Positive,Reverse phase/C18
-0.19583116073067702,-0.0852707008581503,IK_QKSASIXPZVMNOQ-FRDLTTBHSA-N,"PC(22:6(4Z,7Z,10Z,13Z,16Z,19Z)/18:4(6Z,9Z,12Z,15Z))",MTBLS11904,plasma,Positive,Reverse phase/C18
-5.559729918389342,10.7919317209662,IK_QLQOTPOBMXWKOW-UHFFFAOYSA-N,PS 40:4,37755270,serum,Not reported,Reverse phase/C18
-6.28581297474091,13.811849951419664,IK_QLWKTGDEPLRFAT-UHFFFAOYSA-N,5-Methoxytryptophol,38720721,serum,Not reported,Reverse phase/C18
0.039281825298458126,-0.06790502153049927,IK_QMGGUIASDZZMHS-UHFFFAOYSA-N,Stearoyllactic acid,MTBLS11904,plasma,Negative,Reverse phase/C18
0.0019089808878977148,-0.0706424791757635,IK_QMGUAHPNVSCSPM-UHFFFAOYSA-N,Formyl 3-hydroxybutanoate,MTBLS11904,plasma,Negative,Reverse phase/C18
0.017609972600617665,-0.06942261903928205,IK_QMMFVYPAHWMCMS-UHFFFAOYSA-N,Dimethylsulfide,MTBLS11904,plasma,Positive,Reverse phase/C18
0.2005020716181688,-0.05609608224037099,IK_QMPHZIPNNJOWQI-DUXPYHPUSA-N,Caffeoylshikimate,MTBLS11904,plasma,Negative,Reverse phase/C18
-0.0635177774774289,-0.07544638380892933,IK_QNAYBMKLOCPYGJ-REOHCLBHSA-N,L-Alanine,MTBLS11904,plasma,Positive,Reverse phase/C18
-0.12842908890862323,-0.08463557187192346,IK_QNAYBMKLOCPYGJ-REOHCLBHSA-N,L-Alanine,ST001814,plasma,Positive,GC-MS
0.1259356960689299,-0.811110149477927,IK_QNAYBMKLOCPYGJ-REOHCLBHSA-N,L-Alanine,28880465,serum,Positive,LC-MS/unspecified
-0.03570592958377079,-0.07338134400745853,IK_QNGQIURXCUHNAT-UHFFFAOYSA-N,Eucarvone,MTBLS11904,plasma,Positive,Reverse phase/C18
0.4954492304512433,-1.563777188749905,IK_QNJHODONDIDAEE-UHFFFAOYSA-N,Hypoxanthine + H2O,28880465,serum,Positive,LC-MS/unspecified
0.014917548875271348,-0.06962253237198059,IK_QNKGXSIDHDDDHD-UHFFFAOYSA-N,"3,7,8,15-Scirpenetetrol",MTBLS11904,plasma,Positive,Reverse phase/C18
-0.06642571356220674,-0.07564780766190583,IK_QNLZRVLANLZEAS-FRJJSQGGSA-N,"PS(18:1(12Z)-2OH(9,10)/22:0)",MTBLS11904,plasma,Negative,Reverse phase/C18
-0.5111109946701898,-0.1086803438382836,IK_QNRRHYPPQFELSF-CNYIRLTGSA-N,Laninamivir,MTBLS11904,plasma,Positive,Reverse phase/C18
0.13128106455745356,-0.06116633040310127,IK_QNZZHRCSGTYEAW-UHFFFAOYSA-N,25-Acetylvulgaroside,MTBLS11904,plasma,Negative,Reverse phase/C18
-0.22566652776154023,-0.08731175792207649,IK_QOCIXWKQPBGFFQ-XUAUDTQZSA-N,"PE-NMe(22:6(4Z,7Z,10Z,13Z,16Z,19Z)/16:0)",MTBLS11904,plasma,Negative,Reverse phase/C18
0.26201215963502905,-0.051590637986319576,IK_QOEAXNMFJWVZIG-QGZVFWFLSA-N,Decadienyl-l-carnitine,MTBLS11904,plasma,Negative,Reverse phase/C18
0.020196562772926984,-0.06930296396920775,IK_QOLYAJSZHIJCTO-VQVTYTSYSA-N,Threonylproline,MTBLS11904,plasma,Negative,Reverse phase/C18
-0.014074187704822032,-0.07181320198741523,IK_QONRXIIWERLIJA-CCZSOTCQSA-N,DG(15:0/14:1(9Z)/0:0),MTBLS11904,plasma,Negative,Reverse phase/C18
0.3434347352504355,-0.04562665876530965,IK_QPHPUQJVKQXISS-UHFFFAOYSA-N,Thioapfelsaure,MTBLS11904,plasma,Negative,Reverse phase/C18
-0.06517465319183971,-0.07556940768584167,IK_QPRBHGIRKWZUFJ-PPMYXAGCSA-N,Amafolone,MTBLS11904,plasma,Positive,Reverse phase/C18
-0.2702130580807387,-0.09079358387687497,IK_QPXTXCACGFCAKL-HNHHUQGDSA-N,Ganglioside GT3 (d18:1/26:1(17Z)),MTBLS11904,plasma,Positive,Reverse phase/C18
0.23264567194141142,-0.0537416523367083,IK_QPYQKHOKNCVKGE-DUXPYHPUSA-N,3-(2-propenoic acid)-o-benzoquinone,MTBLS11904,plasma,Negative,Reverse phase/C18
0.5239175072334804,-0.032406792756113634,IK_QQBKLRXLVRDKEB-UHFFFAOYSA-N,"3-(Hydroxymethyl)-5,5-diphenylimidazolidine-2,4-dione",MTBLS11904,plasma,Negative,Reverse phase/C18
-1.100634238409119,-0.1514007320488709,IK_QQCSUWGQBREWRO-XDJHFCHBSA-N,Alilusem,MTBLS11904,plasma,Negative,Reverse phase/C18
-0.2896813519928923,-0.09223911233572715,IK_QQFVICUNTBNUKN-QQRIYSRRSA-N,SM(d16:1/18:1),MTBLS11904,plasma,Positive,Reverse phase/C18
0.35362732911957373,-0.04488007939838984,IK_QQHJDPROMQRDLA-UHFFFAOYSA-N,Hexadecanedioic acid,MTBLS11904,plasma,Negative,Reverse phase/C18
6.627768600420512,0.4146834822528367,IK_QQOGTJREOAHYMT-UHFFFAOYSA-N,Resorcinol sulfate,MTBLS11904,plasma,Negative,Reverse phase/C18
-0.019817673524215856,-0.07220163556300077,IK_QQONPFPTGQHPMA-UHFFFAOYSA-N,Propylene,MTBLS11904,plasma,Positive,Reverse phase/C18
-0.3172816980484996,-0.09402231711851738,IK_QQQQNYAHSSIZBU-HIQXTUQZSA-N,"PC(O-16:0/22:6(4Z,7Z,10Z,13Z,16Z,19Z))",MTBLS11904,plasma,Negative,Reverse phase/C18
-0.5771029227624495,-0.03598690515576734,IK_QQQYQWNSMUHSCK-UHFFFAOYSA-N,5-Chloro-6-methoxy-2(3H)-benzoxazolone,ST003159,serum,Positive,HILIC
0.01512465882467513,-0.0696071540956516,IK_QQQYTWIFVNKMRW-UHFFFAOYSA-N,Diflubenzuron,MTBLS11904,plasma,Positive,Reverse phase/C18
0.027699164257823133,-0.06867349279650735,IK_QQUHMASGPODSIW-ICECTASOSA-N,Albiflorin,MTBLS11904,plasma,Positive,Reverse phase/C18
1.2605022907573178,0.02154601300271966,IK_QQXLDOJGLXJCSE-KNVOCYPGSA-N,Tropinone,MTBLS11904,plasma,Negative,Reverse phase/C18
-0.23793356343037048,-0.0883968195123829,IK_QQZAQKGMSREYHF-KDEBBMLKSA-N,PC(P-18:0/18:3),MTBLS11904,plasma,Positive,Reverse phase/C18
0.6776097953371393,0.8481027670578198,IK_QRMZSPFSDQBLIX-UHFFFAOYSA-N,Homovanillic acid,38720721,serum,Not reported,Reverse phase/C18
0.10036501156383677,-0.06327802723107503,IK_QRRSWTCVSAQEPQ-UHFFFAOYSA-N,Vulgarole,MTBLS11904,plasma,Positive,Reverse phase/C18
0.05488092572155656,-0.06676243004129345,IK_QSBYPNXLFMSGKH-HJWRWDBZSA-N,9Z-Heptadecenoic acid,MTBLS11904,plasma,Negative,Reverse phase/C18
-0.2631870911398985,-0.09006003596927545,IK_QSHBSBLCKIPCKO-UHFFFAOYSA-N,Aflatoxin GM1,MTBLS11904,plasma,Negative,Reverse phase/C18
-0.2953324822490505,-0.09265871034564724,IK_QTAGQHZOLRFCBU-UHFFFAOYSA-N,(R)-Oxypeucedanin,MTBLS11904,plasma,Positive,Reverse phase/C18
1.6171839895732292,0.04767196501392276,IK_QTENRWWVYAAPBI-YCRXJPFRSA-N,Streptomycin sulfate,MTBLS11904,plasma,Negative,Reverse phase/C18
0.7336190472711843,-0.01704673269813846,IK_QTXWOOLAHRQMGZ-UHFFFAOYSA-N,11-Oxo-androsterone glucuronide,MTBLS11904,plasma,Negative,Reverse phase/C18
0.26041679742035656,-0.05170749376797258,IK_QUCHWTCTBHQQDU-UHFFFAOYSA-N,2-Amino-4-oxopentanoic acid,MTBLS11904,plasma,Negative,Reverse phase/C18
0.7957500346643043,-1.4220455071183014,IK_QUNWUDVFRNGTCO-UHFFFAOYSA-N,para-xanthine,ACS1517,serum,Positive,Reverse phase/C18
-0.5610471827297197,-0.11187746754410224,IK_QUOGESRFPZDMMT-YFKPBYRVSA-N,Homoarginine,MTBLS11904,plasma,Negative,Reverse phase/C18
-0.14361838821016915,-0.48046461514060756,IK_QUOGESRFPZDMMT-YFKPBYRVSA-N,Homoarginine,38720721,serum,Not reported,Reverse phase/C18
0.13853233405141996,-0.060444089133470186,IK_QUZSUMLPWDHKCJ-UHFFFAOYSA-N,Bisphenol A dimethacrylate,MTBLS11904,plasma,Positive,Reverse phase/C18
-0.08792711157232262,-0.07725878635132959,IK_QVHPTAJAHUONLV-DYKIIFRCSA-N,"5,16-Androstadien-3beta-ol",MTBLS11904,plasma,Positive,Reverse phase/C18
0.3324149164395362,-0.04643382995164312,IK_QVMUHZHZYCDMAI-RYUDHWBXSA-N,Austdiol,MTBLS11904,plasma,Negative,Reverse phase/C18
0.14764515189607308,-0.059767459478938016,IK_QVRLHIRFLRXFIW-MLDHBKOMSA-N,Vertilmicin,MTBLS11904,plasma,Positive,Reverse phase/C18
-1.3085210345536793,-0.1678883314318558,IK_QVUWNEQTPVMHQT-RLSIPVDZSA-N,GPEtn(16:1/18:1),MTBLS11904,plasma,Positive,Reverse phase/C18
0.030302826153133355,-0.06848016977821625,IK_QVVXWHIDRKRPMO-LXCOYWBSSA-N,19-Hydroxyprostaglandin E1,MTBLS11904,plasma,Positive,Reverse phase/C18
0.3533614362876517,-0.044899555006487166,IK_QVWAEZJXDYOKEH-UHFFFAOYSA-N,3-(3-Hydroxyphenyl)propionic acid,MTBLS11904,plasma,Negative,Reverse phase/C18
-0.6034424639197895,-0.11498280477218425,IK_QVZHZVWYFNADIO-BATPLZQESA-N,3'-Ketolactose,MTBLS11904,plasma,Negative,Reverse phase/C18
-0.002799520468503198,-0.0681271304370218,IK_QWCKQJZIFLGMSD-UHFFFAOYSA-N,2-Aminobutanoic acid,ST001814,plasma,Positive,GC-MS
0.5069835256497114,-1.2890816658077306,IK_QWCKQJZIFLGMSD-UHFFFAOYSA-N,2-Aminobutanoic acid,28880465,serum,Positive,LC-MS/unspecified
0.060287432144262756,-0.0663664186278438,IK_QWURLWZAOBRLES-JEGFTUTRSA-N,N-Palmitoyl Cysteine,MTBLS11904,plasma,Negative,Reverse phase/C18
0.08977209530683376,-0.06420674785427014,IK_QWUWMCYKGHVNAV-UHFFFAOYSA-N,"1,2-Diphenylethane",MTBLS11904,plasma,Negative,Reverse phase/C18
-0.1475912588745196,-0.08159295989068575,IK_QWVGKYWNOKOFNN-UHFFFAOYSA-N,O-Cresol,MTBLS11904,plasma,Negative,Reverse phase/C18
0.13205827281768087,0.39186675545797006,IK_QWXGXDFYLSOKRF-UHFFFAOYSA-N,PC O-30:0 or PC 30:0e,37755270,serum,Not reported,Reverse phase/C18
-0.18522113358817363,-0.08434924452818002,IK_QWZIITCYKKSZGN-UHFFFAOYSA-N,Xi-3-Hydroxy-2-oxobutanoic acid,MTBLS11904,plasma,Negative,Reverse phase/C18
-0.04423835617019553,-0.07402264427879304,IK_QXGVRGZJILVMDF-UHFFFAOYSA-N,Tetracosanedioic acid,MTBLS11904,plasma,Negative,Reverse phase/C18
-0.4561668688108158,-0.10419527323210934,IK_QYIXCDOBOSTCEI-KKFSNPNRSA-N,Epi-coprostanol,MTBLS11904,plasma,Negative,Reverse phase/C18
0.03529341942619667,-0.06819716093446918,IK_QYIYFLOTGYLRGG-GPCCPHFNSA-N,Cefaclor,MTBLS11904,plasma,Negative,Reverse phase/C18
-0.026504350448988242,-0.07269812322935741,IK_QYTPGOPLNFESQC-NUTQULCTSA-N,PE(P-16:0/0:0),MTBLS11904,plasma,Positive,Reverse phase/C18
-6.762082690006738,-5.38980555129655,IK_QYWVASPEUXEHSY-NNRNTGNWSA-N,C22:0 lactosylceramide,24058461,plasma,Not reported,LC-MS/unspecified
0.021574639773220165,-0.06912824093546538,IK_QYYHPAUOLCHORH-UHFFFAOYSA-N,N-(1-Adamantyl)urea,MTBLS11904,plasma,Positive,Reverse phase/C18
-0.217488897310494,-0.08687879568231048,IK_QZAYGJVTTNCVMB-UHFFFAOYSA-N,Serotonin,MTBLS11904,plasma,Positive,Reverse phase/C18
-0.9403608701740396,-1.1701258109996127,IK_QZAYGJVTTNCVMB-UHFFFAOYSA-N,Serotonin,28880465,serum,Positive,LC-MS/unspecified
-0.41578617793319717,0.2696545490312138,IK_QZAYGJVTTNCVMB-UHFFFAOYSA-N,Serotonin,38720721,serum,Not reported,Reverse phase/C18
0.7705782777372888,-0.01433957147076699,IK_QZIYZVFIROFZCV-UHFFFAOYSA-N,3-[4-methoxy-3-(sulfooxy)phenyl]propanoic acid,MTBLS11904,plasma,Negative,Reverse phase/C18
0.11680462620929732,-0.0622266898775352,IK_QZNPNKJXABGCRC-FUTKDDECSA-N,L-Rhamnulose,MTBLS11904,plasma,Negative,Reverse phase/C18
-0.6431492643190893,-0.11789121818259111,IK_QZPQTZZNNJUOLS-UHFFFAOYSA-N,Beta-Lapachone,MTBLS11904,plasma,Negative,Reverse phase/C18
-8.086646007449984,-7.946056431720216,IK_QZZGJDVWLFXDLK-UHFFFAOYSA-N,C24:0 ceramide,24058461,plasma,Not reported,LC-MS/unspecified
-0.23588866512952295,-0.08806050126774605,IK_RAGZUCNPTLULOL-KQJPBSFVSA-N,3-Feruloylquinic acid,MTBLS11904,plasma,Negative,Reverse phase/C18
-0.09641262023209851,-0.07784426547227401,IK_RAJQPCCAHZHKDK-ZTDHXTNCSA-N,"PGP(20:4(6E,8Z,11Z,13E)-2OH(5S,15S)/i-19:0)",MTBLS11904,plasma,Negative,Reverse phase/C18
2.268771403277864,0.09539894744897195,IK_RALVCBWUWHJOGL-OPMJLWCUSA-N,Myricatomentoside I,MTBLS11904,plasma,Negative,Reverse phase/C18
-0.19435180746527111,-0.08516085851953954,IK_RAPKGPDUGWBPHR-QWFQJEORSA-N,"PC(18:3(9Z,12Z,15Z)/16:0)",MTBLS11904,plasma,Positive,Reverse phase/C18
-0.13089017667533445,-0.08036965184991568,IK_RAQNTCRNSXYLAH-RFCGZQMISA-N,Ginsenoside Rh1,MTBLS11904,plasma,Negative,Reverse phase/C18
-0.11575258892255566,-0.3914046338226007,IK_RAWJLCORCPFJMI-PXQGODGESA-N,SM 32:2,33485385,plasma,Positive,LC-MS/unspecified
-0.5816391763022289,-0.11338577392853971,IK_RBKMMJSQKNKNEV-RITPCOANSA-N,Penicillanic acid,MTBLS11904,plasma,Negative,Reverse phase/C18
0.02997554417118468,-0.06858668051199476,IK_RBLDVEUUCHVWMW-SXYQVCRBSA-N,Cholic acid glucuronide,MTBLS11904,plasma,Negative,Reverse phase/C18
-0.11097768907678823,-0.07891111688295718,IK_RBNPOMFGQQGHHO-UHFFFAOYSA-N,glyceric acid,MTBLS11904,plasma,Negative,Reverse phase/C18
-6.115620932376125,-5.996211589471396,IK_RBWQERGGVBSKJY-BWFPRIDFSA-N,C26:1 ceramide,24058461,plasma,Not reported,LC-MS/unspecified
0.058617653630899075,-0.06637778351754084,IK_RCCMXKJGURLWPB-UHFFFAOYSA-N,L-2-Amino-4-methylenepentanedioic acid,MTBLS11904,plasma,Positive,Reverse phase/C18
-1.4494357812612972,3.434670840702634,IK_RCFDOSNHHZGBOY-ACZMJKKPSA-N,Isoleucyl-Alanine,28880465,serum,Positive,LC-MS/unspecified
-0.34935847544052573,-0.09667016055754324,IK_RCNSAJSGRJSBKK-NSQVQWHSSA-N,Biliverdin,MTBLS11904,plasma,Positive,Reverse phase/C18
-0.2548555122119522,-0.05967582417464372,IK_RCNSAJSGRJSBKK-NSQVQWHSSA-N,Biliverdin,ST003159,serum,Negative,Reverse phase/C18
-0.5889972990453318,0.6850560026891992,IK_RCNSAJSGRJSBKK-NSQVQWHSSA-N,Biliverdin,33485385,plasma,Positive,LC-MS/unspecified
0.02988860705674049,-0.06851092572236303,IK_RDFIICFCNKXLHC-UHFFFAOYSA-N,2-Hydroxydodecyl methacrylate,MTBLS11904,plasma,Positive,Reverse phase/C18
0.029592737422036653,-0.06853289390523865,IK_RDHQFKQIGNGIED-MRVPVSSYSA-N,O-Acetylcarnitine,MTBLS11904,plasma,Positive,Reverse phase/C18
0.056960777916488264,-0.06650080739445319,IK_RDHQFKQIGNGIED-UHFFFAOYSA-N,DL-Acetylcarnitine,MTBLS11904,plasma,Positive,Reverse phase/C18
0.563210694490739,-0.02952867515508842,IK_RDJGLLICXDHJDY-UHFFFAOYSA-N,Fenoprofen,MTBLS11904,plasma,Negative,Reverse phase/C18
-0.13491152300486592,-0.28821349635109567,IK_RDKCYWXIOLUDKK-KDPMOZFYSA-N,PC P-36:4 or PC O-36:5,37755270,serum,Not reported,Reverse phase/C18
0.0773462697067276,-0.06498717714076079,IK_RDOFJDLLWVCMRU-UHFFFAOYSA-N,Diisobutyl adipate,MTBLS11904,plasma,Positive,Reverse phase/C18
-0.09972152013039681,-0.07808663345876497,IK_RDQUQBHPMYFYMX-XIWVQZPPSA-N,Imidazoleacetic acid ribotide,MTBLS11904,plasma,Negative,Reverse phase/C18
0.3891644168601602,-0.041834565196728436,IK_RDTOURARQPNLFK-UHFFFAOYSA-N,"3h-Indole-3-propanoic acid,a-amino-",MTBLS11904,plasma,Positive,Reverse phase/C18
-1.5294960666706174,0.8492584685807241,IK_RDZNZFGKEVDNPK-UHFFFAOYSA-N,5-acetylamino-6-formylamino-3-methyluracil,38720721,serum,Not reported,Reverse phase/C18
0.9588634783320109,4.657982856616505e-4,IK_REAZZDPREXHWNV-UHFFFAOYSA-N,"Aplysiatoxin, 17-debromo-",MTBLS11904,plasma,Positive,Reverse phase/C18
-0.11230685790430936,-0.07906899073802973,IK_REDKBACMQCHVMH-LQOXNGKESA-N,PE(22:1(13Z)/15:0),MTBLS11904,plasma,Positive,Reverse phase/C18
-0.8155637582985071,0.009172283047202606,IK_REFJWTPEDVJJIY-UHFFFAOYSA-N,rosmarinic acid,38516193,plasma,Positive,LC-MS/unspecified
0.0166927732489565,-0.06949072134230824,IK_REKYPYSUBKSCAT-UHFFFAOYSA-N,3-Hydroxyvaleric acid,MTBLS11904,plasma,Positive,Reverse phase/C18
-0.2993707443915745,0.17742081920211553,IK_REKYPYSUBKSCAT-UHFFFAOYSA-N,3-Hydroxyvaleric acid,38720721,serum,Not reported,Reverse phase/C18
-0.26788454661622163,-0.09040411147831041,IK_REOMXGUTYIFDDR-MCHXITASSA-N,"PE-NMe(22:2(13Z,16Z)/18:3(6Z,9Z,12Z))",MTBLS11904,plasma,Negative,Reverse phase/C18
8.454058106445207e-4,-0.0707203832330359,IK_RFAKHEWADWLSJX-ZIQRGBBDSA-N,"12R-hydroxy-5Z,8Z,12Z-eicosatrienoic acid",MTBLS11904,plasma,Negative,Reverse phase/C18
0.20094522758789385,-0.05606362235191443,IK_RFDAIACWWDREDC-IFZPJRIXSA-N,"3a,7b,12a-Trihydroxyoxocholanyl-Glycine",MTBLS11904,plasma,Negative,Reverse phase/C18
0.3996559052370521,-0.2595146044373394,IK_RFHSOKOVHMEMLA-JCMJOHBISA-N,TG 46:2,37755270,serum,Not reported,Reverse phase/C18
0.35596128510831304,-0.04470912363324723,IK_RFMMMVDNIPUKGG-YFKPBYRVSA-N,N-Acetyl-L-Glutamic Acid,MTBLS11904,plasma,Negative,Reverse phase/C18
-1.1588905775470402,2.583854446293658,IK_RFPFIJOZVJJSSN-UHFFFAOYSA-N,Cer 41:0;2O,37755270,serum,Not reported,Reverse phase/C18
-0.8268050477060954,-0.13212074276256364,IK_RFVFQQWKPSOBED-PSXMRANNSA-N,PC(14:0/16:0),MTBLS11904,plasma,Positive,Reverse phase/C18
0.40290630508289826,-0.04127053018136782,IK_RGCBYGZECVEZKC-UHFFFAOYSA-N,3-Benzoyloxy-11-oxo-12-ursen-28-oic acid,MTBLS11904,plasma,Negative,Reverse phase/C18
0.13859150838105713,-0.06043969555709017,IK_RGHHSNMVTDWUBI-UHFFFAOYSA-N,4-Hydroxybenzaldehyde,MTBLS11904,plasma,Positive,Reverse phase/C18
2.0660443131856407,0.05820690519124533,IK_RGHHSNMVTDWUBI-UHFFFAOYSA-N,4-Hydroxybenzaldehyde,29518718,plasma,Positive,LC-MS/unspecified
4.126669799331149,1.8333313150925357,IK_RGHMISIYKIHAJW-SSDOTTSWSA-N,Isovanillymandelic acid,28880465,serum,Positive,LC-MS/unspecified
-0.20491439187734597,-0.08594513438316623,IK_RGHMISIYKIHAJW-UHFFFAOYSA-N,"3,4-Dihydroxymandelic acid",MTBLS11904,plasma,Positive,Reverse phase/C18
-2.4061608327474246,0.11771686506348172,IK_RGHMISIYKIHAJW-UHFFFAOYSA-N,"3,4-Dihydroxymandelic acid",38516193,plasma,Positive,LC-MS/unspecified
-0.6364360529820109,0.3599907179849168,IK_RGHNJXZEOKUKBD-SQOUGZDYSA-N,gluconic acid,37755270,serum,Not reported,Reverse phase/C18
0.3626056787802151,0.08508880546104915,IK_RGHNJXZEOKUKBD-SQOUGZDYSA-N,gluconic acid,38720721,serum,Not reported,Reverse phase/C18
1.2938210257307456,0.5362945563648635,IK_RGHPCLZJAFCTIK-UHFFFAOYSA-N,2-Methylpyrrolidine,38720721,serum,Not reported,Reverse phase/C18
-0.0340162188022128,-0.07327390093312348,IK_RGIBXDHONMXTLI-UHFFFAOYSA-N,Chavicol,MTBLS11904,plasma,Negative,Reverse phase/C18
0.09515768723330968,-0.06366467245849572,IK_RGJHRVMTLGLFPX-UHFFFAOYSA-N,"1-(3-Pyridinyl)-1,4-butanediol",MTBLS11904,plasma,Positive,Reverse phase/C18
-0.029699754560856866,-0.07293538362977169,IK_RGJSGXNKRWWCOQ-QMEIEYGNSA-N,8(R)-Hydroperoxylinoleic acid,MTBLS11904,plasma,Positive,Reverse phase/C18
0.02021363516708857,-0.06922929612131615,IK_RGKQMGOWKQNPHC-ZXKRFNDTSA-N,"SM(d18:2(4E,14Z)/PGJ2)",MTBLS11904,plasma,Positive,Reverse phase/C18
-0.645127868719884,1.1776020348425431,IK_RGSJNIATDPJNFP-MHAUTQJVSA-N,PE-Cer 20:1;2O/22:0,37755270,serum,Not reported,Reverse phase/C18
0.0989306575975633,-0.06353590856587296,IK_RGZSQWQPBWRIAQ-CABCVRRESA-N,(-)-alpha-Bisabolol,MTBLS11904,plasma,Negative,Reverse phase/C18
0.08548825082781578,-0.06452052796178426,IK_RHGKLRLOHDJJDR-BYPYZUCNSA-N,Citrulline,MTBLS11904,plasma,Negative,Reverse phase/C18
0.4324500559143189,-0.039106531550619855,IK_RHOQRBVFJSAQTR-UHFFFAOYSA-N,Tetradec-5-Ynoic Acid,MTBLS11904,plasma,Negative,Reverse phase/C18
0.3664197732829486,-0.04394306815004414,IK_RHQQHZQUAMFINJ-DTDWNVJFSA-N,Tetrahydrocorticosterone,MTBLS11904,plasma,Negative,Reverse phase/C18
-0.6933673544806217,-0.12221294523431271,IK_RHVBIEJVJWNXBU-XZVKZCCLSA-N,17beta-hydroxy-5beta-estran-3-one,MTBLS11904,plasma,Positive,Reverse phase/C18
0.35285919184666237,-0.0449363433606292,IK_RHVPEFQDYMMNSY-UHFFFAOYSA-N,Harmalol,MTBLS11904,plasma,Negative,Reverse phase/C18
0.28272232867649183,-0.05007367517869715,IK_RHWSKVCZXBAWLZ-UHFFFAOYSA-N,Psi-Pelletierine,MTBLS11904,plasma,Negative,Reverse phase/C18
0.02042074444533167,-0.06921391774466196,IK_RHYWBMKYLKNBET-UHFFFAOYSA-N,"Thiazole, 4,5-dihydro-2,4,4-trimethyl-",MTBLS11904,plasma,Positive,Reverse phase/C18
-2.2077919557754644,5.502903000638868,IK_RHZCEPSTZFIWEU-UHFFFAOYSA-N,Cer d40:0,37755270,serum,Not reported,Reverse phase/C18
2.8603554606837784,0.13873084947537345,IK_RHZRNGQIDYHQPV-UHFFFAOYSA-N,4-Hydroxyketamine,MTBLS11904,plasma,Negative,Reverse phase/C18
0.7904907829333407,-0.5661549553001202,IK_RIDOSNBWMUADGT-AFSLFLIVSA-N,stearidonic acid (FA 18:4),37755270,serum,Not reported,Reverse phase/C18
0.0653689573950366,-0.0659942105793406,IK_RIGHMQLKMHLMQD-UHFFFAOYSA-N,Chenodeoxycholylcysteine,MTBLS11904,plasma,Negative,Reverse phase/C18
0.4148164081129786,-0.03992989553072418,IK_RIJDKRLRDVBUHJ-UHFFFAOYSA-N,3-carboxy-4-methyl-5-pentyl-2-furanpropanoic acid,MTBLS11904,plasma,Positive,Reverse phase/C18
-0.1360012452936988,-0.08074402316833229,IK_RINCXYDBBGOEEQ-UHFFFAOYSA-N,Succinic anhydride,MTBLS11904,plasma,Negative,Reverse phase/C18
0.46778438146932116,-0.03651838947513998,IK_RINHYCZCUGCZAJ-IPXOVKFZSA-N,Rosavin,MTBLS11904,plasma,Negative,Reverse phase/C18
-1.4207799503554648,-0.46587815848416236,IK_RJDBNSZFZDWPFL-WEDYNZIRSA-N,2-(?Ã„??-D-Mannosyl)-3-phosphoglycerate,24167579,serum,Positive,Reverse phase/C18
0.2255551713339239,-0.05426101197624615,IK_RJHNVFKNIJQTQF-LMIBIYGPSA-N,PA(TXB2/i-12:0),MTBLS11904,plasma,Negative,Reverse phase/C18
0.053321568010242536,-0.0667710198685305,IK_RJMIEHBSYVWVIN-UHFFFAOYSA-N,Indoprofen,MTBLS11904,plasma,Positive,Reverse phase/C18
0.07783642025522515,-0.06508100340477765,IK_RJNRORZRFGUAKL-ADMBVFOFSA-N,Therafectin,MTBLS11904,plasma,Negative,Reverse phase/C18
-0.3802098859446439,-0.09863163348237372,IK_RJPPRBMGVWEZRR-WTZPKTTFSA-N,Palatinose,MTBLS11904,plasma,Negative,Reverse phase/C18
-0.45197165549949203,-0.10388798496051925,IK_RJTCYGBFKSOFPL-UHFFFAOYSA-N,"[(5R)-5-[(1S)-1,2-Dihydroxyethyl]-2,4-dioxooxolan-3-yl] dihydrogen phosphate",MTBLS11904,plasma,Negative,Reverse phase/C18
-0.18725965244373183,-0.08449856009796439,IK_RJTYSXVYCZAUHE-UHFFFAOYSA-N,4-hydroxybenzoic acid-4-O-sulphate,MTBLS11904,plasma,Negative,Reverse phase/C18
0.07665466984027257,-0.06516756317639863,IK_RJWJHRPNHPHBRN-FKVJWERZSA-N,Aucubin,MTBLS11904,plasma,Negative,Reverse phase/C18
0.0064260599451608745,-0.07025302851487333,IK_RJYQLMILDVERHH-UHFFFAOYSA-N,4-Ipomeanol,MTBLS11904,plasma,Positive,Reverse phase/C18
0.24625886089202356,-0.05244535545611467,IK_RJZVWDTYEWCUAR-JOCHJYFZSA-N,LPC 15:0,MTBLS11904,plasma,Positive,Reverse phase/C18
-0.2019165886597588,1.5538977841682002,IK_RJZVWDTYEWCUAR-JOCHJYFZSA-N,LPC 15:0,37755270,serum,Not reported,Reverse phase/C18
0.2361478706418806,-0.31122751841446783,IK_RJZVWDTYEWCUAR-JOCHJYFZSA-N,LPC 15:0,38720721,serum,Not reported,Reverse phase/C18
-0.06209759787049943,-0.07534093514702377,IK_RKDOXCGYGLYOBV-BNFZFUHLSA-N,"Propyl 2,4-decadienoate",MTBLS11904,plasma,Positive,Reverse phase/C18
0.22954357800860004,-0.05396887196376507,IK_RKOUCPMGBBKLNK-UHFFFAOYSA-N,Auxin a,MTBLS11904,plasma,Negative,Reverse phase/C18
-0.07505248791310234,-0.07627969461741123,IK_RKQUHHNIJVGMIG-UHFFFAOYSA-N,N-Lauroyl Phenylalanine,MTBLS11904,plasma,Negative,Reverse phase/C18
-0.07951359472750873,-0.07660645839677344,IK_RLKGCXCVPAYULW-QTZWXKQRSA-N,"MG(18:1(12Z)-2OH(9,10)/0:0/0:0)",MTBLS11904,plasma,Negative,Reverse phase/C18
0.010775359384918002,-0.06993009130526248,IK_RLKNMGYLNXTJGA-UHFFFAOYSA-N,[(3-Hexyl-4-methyl-2-oxo-2H-chromen-7-yl)oxy]acetic acid,MTBLS11904,plasma,Positive,Reverse phase/C18
0.30163032886663455,-0.048688716411836766,IK_RLVAVWQAAQFUOP-UHFFFAOYSA-N,3-Epipapyriferic acid,MTBLS11904,plasma,Negative,Reverse phase/C18
0.0455155567941794,-0.0674484175887996,IK_RMIYQXBEQHMQGK-ZMEZPTJQSA-N,"PE(20:0/22:6(5Z,7Z,10Z,13Z,16Z,19Z)-OH(4))",MTBLS11904,plasma,Negative,Reverse phase/C18
-0.2689112279354983,-0.09069692297624057,IK_RMMXLENWKUUMAY-UHFFFAOYSA-N,Telmisartan,MTBLS11904,plasma,Positive,Reverse phase/C18
-0.02739841913687017,-0.07278916566897792,IK_RMOGWMIKYWRTKW-UONOGXRCSA-N,Paclobutrazol,MTBLS11904,plasma,Negative,Reverse phase/C18
0.04211802572818689,-0.0676972774112146,IK_RMRJXGBAOAMLHD-IHFGGWKQSA-N,Buprenorphine,MTBLS11904,plasma,Negative,Reverse phase/C18
0.25193957877983475,-0.052023559999330844,IK_RMZIOVJHUJAAEY-UHFFFAOYSA-N,Allyl butyrate,MTBLS11904,plasma,Positive,Reverse phase/C18
-0.5771054057447215,0.2046061814636957,IK_RNKSNIBMTUYWSH-YFKPBYRVSA-N,Pro-Gly,38720721,serum,Not reported,Reverse phase/C18
-1.0611346538853126,-0.14951980180251484,IK_RNYZJZKPGHQTJR-UHFFFAOYSA-N,Protoanemonin,MTBLS11904,plasma,Positive,Reverse phase/C18
-0.33317623547352515,-0.09518654809424508,IK_ROARNVGCLDIFFV-PEZBUJJGSA-N,PE-NMe(16:0/18:1(11Z)),MTBLS11904,plasma,Negative,Reverse phase/C18
0.051450810866117844,-0.060998316256638284,IK_ROHFNLRQFUQHCH-UHFFFAOYNA-N,Leucine,ST001814,plasma,Positive,GC-MS
-0.19359508322627347,-0.11444104929763767,IK_ROHFNLRQFUQHCH-UHFFFAOYNA-N,Leucine,38720721,serum,Not reported,Reverse phase/C18
0.051930975903712005,-0.06687427179240867,IK_ROHFNLRQFUQHCH-YFKPBYRVSA-N,L-leucine,MTBLS11904,plasma,Positive,Reverse phase/C18
0.13320769963652485,-1.2615115870568292,IK_ROHFNLRQFUQHCH-YFKPBYRVSA-N,L-leucine,28880465,serum,Positive,LC-MS/unspecified
-0.24770029478101513,-0.30378708760512696,IK_ROLYKLIDKNENPU-YHTMAJSVSA-O,carnitine 14:3,33485385,plasma,Positive,LC-MS/unspecified
-1.3628645673107567,-0.17060838135285958,IK_ROQAUFRWFXOLOE-FEKBJPIOSA-N,Fluoxetine glucuronide,MTBLS11904,plasma,Negative,Reverse phase/C18
-0.10023533272642965,-0.07817267579776487,IK_ROWKJAVDOGWPAT-GSVOUGTGSA-N,(R)-Acetoin,MTBLS11904,plasma,Positive,Reverse phase/C18
-0.08390326926766825,-0.07696001406262173,IK_ROWKJAVDOGWPAT-UHFFFAOYSA-N,Acetoin,MTBLS11904,plasma,Positive,Reverse phase/C18
2.800784088380996,-0.9560471645863367,IK_RPHLQSHHTJORHI-UHFFFAOYSA-N,Adrenochrome,29518718,plasma,Positive,LC-MS/unspecified
-0.5653014829074784,-0.11218908306435547,IK_RPSBVJXBTXEJJG-LURNZOHQSA-N,(N-acetylneuraminosyl(a2-6)lactosamine),MTBLS11904,plasma,Negative,Reverse phase/C18
0.3787395173065932,-0.04304068066857952,IK_RPSLZGPKLQLZGH-UHFFFAOYSA-N,Mollicellin C,MTBLS11904,plasma,Negative,Reverse phase/C18
-0.3080640472865057,-0.09334714936443475,IK_RPTUKVYGSPDHGQ-PSALXKTOSA-N,SM(d16:1/16:0),MTBLS11904,plasma,Negative,Reverse phase/C18
0.365796702218918,-0.5212692699655076,IK_RPVCUZZJCXVVDW-WDSKDSINSA-N,Norophthalmic acid [-CO2],28880465,serum,Positive,LC-MS/unspecified
-0.08471329464482133,-0.07698732225995042,IK_RPZOFMHRRHHDPZ-UHFFFAOYSA-N,Azimexon,MTBLS11904,plasma,Negative,Reverse phase/C18
-3.4937961206230744e-4,-0.07075610710414856,IK_RQHPADKWNYTHOH-VIFPVBQESA-N,L-Alanine 2-naphthylamide,MTBLS11904,plasma,Positive,Reverse phase/C18
0.5741132003959384,-0.02810205046800078,IK_RQXNAJITDPUZBL-ROQBABNZSA-N,"DG(20:2(11Z,14Z)/18:4(6Z,9Z,12Z,15Z)/0:0)",MTBLS11904,plasma,Positive,Reverse phase/C18
-0.004590643439745478,-0.07111855872556047,IK_RRCGNPRHZQPOOT-FFBSXHGNSA-N,"20,26-Dihydroxyecdysone",MTBLS11904,plasma,Negative,Reverse phase/C18
0.057315822683243964,-0.06647444502668642,IK_RRHGJUQNOFWUDK-UHFFFAOYSA-N,ISOPRENE,MTBLS11904,plasma,Positive,Reverse phase/C18
-0.6334770917398463,-0.06587160835380626,IK_RRKQXBKNDQFCNC-MTGPGUOHSA-N,"1-alpha-methyl-5-alpha-androstan-3-alpha,17-beta-diol glucuronide",38720721,serum,Not reported,Reverse phase/C18
0.5551183007122297,-0.029512428797815016,IK_RRMWQDBJZKKUGJ-HZNABPJSSA-N,"DG(18:4(6Z,9Z,12Z,15Z)/20:3(8Z,11Z,14Z)/0:0)",MTBLS11904,plasma,Positive,Reverse phase/C18
-0.2656461292781191,-0.5658883676248131,IK_RRTPYUGIBQLEDN-FPLPWBNLSA-N,LPE O-16:1,38720721,serum,Not reported,Reverse phase/C18
-0.3536205108806514,-0.09668403468525899,IK_RRTYEHFGQWNQKK-KIQAWMAPSA-N,12-Keto-tetrahydro-leukotriene B4,MTBLS11904,plasma,Negative,Reverse phase/C18
0.1787115767576616,-0.057460766208858906,IK_RRVPPYNAZJRZFR-VYOBOKEXSA-N,GPCho(18:1/16:0),MTBLS11904,plasma,Positive,Reverse phase/C18
-0.06197924988238579,-0.07533214789393855,IK_RSAHICAPUYTWHW-UHFFFAOYSA-N,Hexahydrocurcumin,MTBLS11904,plasma,Positive,Reverse phase/C18
0.07210493252933264,-0.06550081889201007,IK_RSDDHGSKLOSQFK-RVDMUPIBSA-N,Auraptene,MTBLS11904,plasma,Negative,Reverse phase/C18
0.23060715308585325,-0.053890967906492684,IK_RSEPBGGWRJCQGY-RBRWEJTLSA-N,Estradiol valerate,MTBLS11904,plasma,Negative,Reverse phase/C18
0.10439625101795849,-0.06313556919492383,IK_RSIHSRDYCUFFLA-DYKIIFRCSA-N,Boldenone,MTBLS11904,plasma,Negative,Reverse phase/C18
0.43726856135945275,-0.1852872795039329,IK_RSMGIILCLKIXNG-JASYKLOUSA-N,TG 46:3 Isomer A,37755270,serum,Not reported,Reverse phase/C18
-0.1410950789393592,-0.08120652722806826,IK_RSRDWHPVTMQUGZ-OZIWPBGVSA-N,Pregnan-20-one,MTBLS11904,plasma,Positive,Reverse phase/C18
-0.16532688978283333,-0.08300574762365578,IK_RSTMEZAVUUMLEO-OTPBFAOLSA-N,Serofendic acid,MTBLS11904,plasma,Positive,Reverse phase/C18
0.9362300867014007,-0.0022060322797010923,IK_RTGHRDFWYQHVFW-UHFFFAOYSA-N,3-Oxoadipic acid,MTBLS11904,plasma,Negative,Reverse phase/C18
0.014858375216794856,-0.06962692604868578,IK_RTJBLRZRSVEQRH-UHFFFAOYSA-N,Pent-1-en-2-ol,MTBLS11904,plasma,Positive,Reverse phase/C18
-0.9196492242610749,-0.13814407880222995,IK_RTLULCVBFCRQKI-UHFFFAOYSA-N,Procion blue MX-R,MTBLS11904,plasma,Negative,Reverse phase/C18
-0.19299080218797884,-0.08505980343401398,IK_RTUPAQBCUJORTM-UHFFFAOYSA-N,"(2,6-Dioxo-3H-purin-9-yl) pyridine-3-carboxylate",MTBLS11904,plasma,Positive,Reverse phase/C18
1.8426028053717307,0.0641832722754524,IK_RTWVXIIKUFSDJB-SSDOTTSWSA-N,Scytalone,MTBLS11904,plasma,Negative,Reverse phase/C18
-0.24776525318344256,-0.08893042886075407,IK_RTZACTFZGJNCLF-UHFFFAOYSA-N,"5-Chloro-3-[2-(2,6-difluorophenyl)ethyl]-1H-imidazo[4,5-b]pyridine-2-thione",MTBLS11904,plasma,Negative,Reverse phase/C18
-0.18011006483855527,-0.08397487250092706,IK_RTZKSTLPRTWFEV-QWHCGFSZSA-N,Rubschisandrin,MTBLS11904,plasma,Negative,Reverse phase/C18
-0.01939206228867334,-0.07220272166526602,IK_RUDATBOHQWOJDD-BSWAIDMHSA-N,Chenodeoxycholic Acid,MTBLS11904,plasma,Negative,Reverse phase/C18
0.19417970895475328,-0.05655917801799469,IK_RUDATBOHQWOJDD-GCJQIVLTSA-N,"3,7-Dihydroxycholan-24-oic acid",MTBLS11904,plasma,Negative,Reverse phase/C18
0.022639775415808635,-0.06904915403281542,IK_RWCOTTLHDJWHRS-YUMQZZPRSA-N,Pro-Pro,MTBLS11904,plasma,Positive,Reverse phase/C18
-0.5543896335488482,0.30361561172428714,IK_RWCOTTLHDJWHRS-YUMQZZPRSA-N,Pro-Pro,38720721,serum,Not reported,Reverse phase/C18
0.02424405631403816,-0.06900649670806354,IK_RWGFKTVRMDUZSP-UHFFFAOYSA-N,Isopropylbenzene,MTBLS11904,plasma,Negative,Reverse phase/C18
-0.4952827944038467,-0.10706040706096129,IK_RWVIMCIPOAXUDG-UHFFFAOYSA-N,"6,7-Dinitro-1,4-dihydroquinoxaline-2,3-dione",MTBLS11904,plasma,Negative,Reverse phase/C18
0.14155021571428372,-0.06022001027135747,IK_RXACEEPNTRHYBQ-UHFFFAOYSA-N,Mertiatide,MTBLS11904,plasma,Positive,Reverse phase/C18
-0.5639535049021237,-0.11260391979411924,IK_RXKSKZZAOIRFLK-UQYDIMRYSA-N,"PE(14:0/20:2(11Z,14Z))",MTBLS11904,plasma,Positive,Reverse phase/C18
0.6929940538651752,-0.019275103544895422,IK_RXNXODTWPQTIHO-ZETCQYMHSA-N,N-(2-Cyanoethyl)valine,MTBLS11904,plasma,Positive,Reverse phase/C18
0.22766755729689675,-0.09274512687984245,IK_RXVWSYJTUUKTEA-CGQAXDJHSA-N,maltotriose,38720721,serum,Not reported,Reverse phase/C18
-1.4539917892867558,-0.17868958820178701,IK_RYCNUMLMNKHWPZ-SNVBAGLBSA-N,Lysophosphatidylcholine,MTBLS11904,plasma,Positive,Reverse phase/C18
0.7924406538261136,-0.012738212161436988,IK_RYFOJXFXERAMLS-UHFFFAOYSA-N,Nicotyrine,MTBLS11904,plasma,Negative,Reverse phase/C18
-0.09149616300646113,-0.037667183290851655,IK_RYIGNEOBDRVTHA-UHFFFAOYSA-N,8-chlortheophylline,38720721,serum,Not reported,Reverse phase/C18
-1.1693568326612171,-0.12274595334469718,IK_RYYVLZVUVIJVGH-UHFFFAOYSA-N,Caffeine,ACS1517,serum,Positive,Reverse phase/C18
-1.0208509469665517,0.9202261534820383,IK_RYYVLZVUVIJVGH-UHFFFAOYSA-N,Caffeine,38720721,serum,Not reported,Reverse phase/C18
0.16145789930251156,-0.09470235901917895,IK_RYZWCKUTHDRXFD-FTZNQNEXSA-N,Cer 18:2;2O/24:1,37755270,serum,Not reported,Reverse phase/C18
-1.8087093041535196,-0.20326527976366487,IK_RZBILUATLYXZLI-SLDNWHAHSA-N,Ganoderic acid L,MTBLS11904,plasma,Negative,Reverse phase/C18
-2.089285388070278,-0.2258603698689475,IK_RZCJYMOBWVJQGV-UHFFFAOYSA-N,(2-Naphthalenyloxy)acetic acid,MTBLS11904,plasma,Positive,Reverse phase/C18
-0.6181570189377743,-0.1166285503272945,IK_RZGFUGXQKMEMOO-SZXTZRQCSA-N,7-Epi-12-hydroxyjasmonic acid,MTBLS11904,plasma,Positive,Reverse phase/C18
-0.14937945859122648,-0.08182164499430686,IK_RZHVUADUVVHWMD-SOFGYWHQSA-N,Dec-7-enedioylcarnitine,MTBLS11904,plasma,Positive,Reverse phase/C18
-0.11159676850205202,-0.07901626671133252,IK_RZMLVIHXZGQADB-YLUGYNJDSA-N,Neuromedin N,MTBLS11904,plasma,Positive,Reverse phase/C18
-0.5274430581289513,-0.10989300557342671,IK_RZTRGWJVDVMYLZ-KBNCVMCFSA-N,Glucose aspartate,MTBLS11904,plasma,Positive,Reverse phase/C18
-0.5072942631173539,-0.1083969504344159,IK_RZVAJINKPMORJF-UHFFFAOYSA-N,Paracetamol,MTBLS11904,plasma,Positive | Negative,Reverse phase/C18
0.10847186970036801,-0.0626760896857905,IK_SAAOVBGAFHJPIF-NYNACFBQSA-N,"5,6-Dihydroxyprostaglandin F1a",MTBLS11904,plasma,Positive,Reverse phase/C18
0.8731216814911772,-0.006828549129205788,IK_SAAVELCIPHKGJE-UHFFFAOYSA-N,"12-[Methyl-(4-nitro-2,1,3-benzoxadiazol-7-yl)amino]octadecanoic acid",MTBLS11904,plasma,Negative,Reverse phase/C18
-0.2611594145657227,-0.09012134779872281,IK_SAMRUMKYXPVKPA-UHFFFAOYSA-N,Behenoyl-arabinofuranosyl-cytosine,MTBLS11904,plasma,Positive,Reverse phase/C18
0.1145002137194025,-0.06239548166392807,IK_SATGKQGFUDXGAX-MYWFJNCASA-N,7alpha-Hydroxy-3-oxo-4-cholestenoate,MTBLS11904,plasma,Negative,Reverse phase/C18
-0.2843108719810812,-0.09160729478692987,IK_SAWAIULJDYFLPD-CTTWBBHYSA-N,Nicotine glucuronide,MTBLS11904,plasma,Negative,Reverse phase/C18
0.4620289153625577,-0.7796390372926216,IK_SAWKFRBJGLMMES-UHFFFAOYSA-N,PC 16:0/9:0 CHO,37755270,serum,Not reported,Reverse phase/C18
0.5943211705395877,-0.026601601144098735,IK_SBBDHANTMHIRGW-UHFFFAOYSA-N,"4-[(2,4-Dihydroxy-3,3-dimethylbutanoyl)amino]butanoic acid",MTBLS11904,plasma,Positive,Reverse phase/C18
0.14841643939512073,-0.059911211698253114,IK_SBJCUZQNHOLYMD-UHFFFAOYSA-N,"1,5-Naphthalene diisocyanate",MTBLS11904,plasma,Negative,Reverse phase/C18
-0.15343205793570783,-0.08202078196821348,IK_SBJVDTBACUMFFD-KQYNXXCUSA-N,"Inosine 2',3'-cyclic phosphate",MTBLS11904,plasma,Negative,Reverse phase/C18
3.449694193399901,0.18189828828139265,IK_SBKADJXSGGTEPN-UHFFFAOYSA-N,3-Methoxy-4-Hydroxyphenylglycol sulfate,MTBLS11904,plasma,Negative,Reverse phase/C18
-0.0986080438412571,-0.07805184875920512,IK_SCBBSJMAPKXHAH-QTSLKERKSA-N,3-O-Methyl-D-glucopyranose,MTBLS11904,plasma,Positive,Reverse phase/C18
-0.12671576217203376,-0.08013885735206269,IK_SCIFESDRCALIIM-VIFPVBQESA-N,N-Methylphenylalanine,MTBLS11904,plasma,Positive,Reverse phase/C18
-0.03918637522068086,-0.07365260081755073,IK_SCNLFUNUYBVROO-JNDMGLSPSA-N,"DG(i-13:0/18:3(9,11,15)-OH(13)/0:0)",MTBLS11904,plasma,Negative,Reverse phase/C18
0.4965950733948994,-0.033857799601923366,IK_SCULJPGYOQQXTK-OLRINKBESA-N,Cinobufagin,MTBLS11904,plasma,Positive,Reverse phase/C18
-1.2377522939816177,2.664267132123157,IK_SDFGVADIYWFGIV-LAPDZXRHSA-N,Cer 18:1;2O/23:0;(2OH),37755270,serum,Not reported,Reverse phase/C18
-0.12147885020985369,-0.07975001467777826,IK_SDVXSCSNVVZWDD-LURJTMIESA-N,N-Succinyl-2-amino-6-ketopimelate,MTBLS11904,plasma,Positive,Reverse phase/C18
-0.08715784690675937,-0.07720166743090487,IK_SEALOBQTUQIVGU-QNIJNHAOSA-N,dihydroergocornine,MTBLS11904,plasma,Positive,Reverse phase/C18
-0.22752778361054932,-0.08744808992033798,IK_SECPZKHBENQXJG-FPLPWBNLSA-N,Palmitoleic acid,MTBLS11904,plasma,Negative,Reverse phase/C18
0.5279644680561979,0.0016181646221102713,IK_SECPZKHBENQXJG-FPLPWBNLSA-N,Palmitoleic acid,ST001814,plasma,Positive,GC-MS
-0.36335542419215633,-0.1763049422004942,IK_SECPZKHBENQXJG-FPLPWBNLSA-N,Palmitoleic acid,37755270,serum,Not reported,Reverse phase/C18
0.16687674835842392,-0.0583395060344422,IK_SEDMBVOYVWZBEK-UHFFFAOYSA-N,(5R)-5-Hydroxyhexanoylcarnitine,MTBLS11904,plasma,Positive,Reverse phase/C18
-0.08266061197848962,-0.07686774623018139,IK_SEEGHKWOBVVBTQ-NFMPGMCNSA-N,Gibberellin A7,MTBLS11904,plasma,Positive,Reverse phase/C18
-0.602231170677153,-0.11489408092148833,IK_SEHFUALWMUWDKS-UHFFFAOYSA-N,5-Fluoroorotic acid,MTBLS11904,plasma,Negative,Reverse phase/C18
-0.07603310790977905,-0.07637565163201877,IK_SENJXOPIZNYLHU-IUCAKERBSA-N,Leucyl-Arginine,MTBLS11904,plasma,Positive,Reverse phase/C18
0.20406769703345473,-0.05557806452507987,IK_SEQMDCPPEHGVOY-ZMPDJGPBSA-N,"PS(22:2(13Z,16Z)/PGJ2)",MTBLS11904,plasma,Positive,Reverse phase/C18
0.30223760077493483,-0.048288913385081095,IK_SERHXTVXHNVDKA-BYPYZUCNSA-N,Pantolactone,MTBLS11904,plasma,Positive,Reverse phase/C18
0.0924605767687646,-0.06400982413692019,IK_SFIBBHUOEANMLY-ONWUZIRBSA-N,DG(PGJ2/0:0/2:0),MTBLS11904,plasma,Negative,Reverse phase/C18
-0.042096736873839344,-0.07385586349093956,IK_SFLDCCXGUXPHRG-VKXIRHRZSA-N,"PG(20:4(5Z,8Z,11Z,14Z)/18:0)",MTBLS11904,plasma,Positive,Reverse phase/C18
-0.24589248607838915,-0.08898777306655482,IK_SFUVCMKSYKHYLD-FNORWQNLSA-N,Subaphylline,MTBLS11904,plasma,Positive,Reverse phase/C18
0.08900395723150768,-0.06426301242502067,IK_SGFJJNBUMXQSMU-PDBXOOCHSA-N,Glycidyl,MTBLS11904,plasma,Negative,Reverse phase/C18
0.6377845785165733,-0.02337442740434062,IK_SGJCXOWLBVNALR-UHFFFAOYSA-N,N-[(4-fluorophenyl)methyl]-1-propyl-4-pyridin-4-ylpyrrole-2-carboxamide,MTBLS11904,plasma,Positive,Reverse phase/C18
-0.3275924665841765,-0.094777552300111,IK_SGJNQVTUYXCBKH-HNQUOIGGSA-N,Hispidin,MTBLS11904,plasma,Negative,Reverse phase/C18
-0.049789375913977696,-0.07442704509207732,IK_SGLDLWSTFXXDDD-LFSNXOCVSA-N,"PA(14:0/18:1(12Z)-O(9S,10R))",MTBLS11904,plasma,Positive,Reverse phase/C18
1.057030147724448,-0.1561146222702538,IK_SGNZYJXNUURYCH-UHFFFAOYSA-N,Dopamine [-NH3],ST003159,serum,Negative,Reverse phase/C18
-0.33084227948478584,-0.09501559232910245,IK_SGPLNSURQYXVNX-UHFFFAOYSA-N,N-Nitrosotomatidine,MTBLS11904,plasma,Negative,Reverse phase/C18
-0.06952780749501813,-0.07587502728896262,IK_SGQOVJBGRJMVJR-UHFFFAOYSA-N,"5-Ethyl-5-phenyl-1,3-oxazolidine-2,4-dione",MTBLS11904,plasma,Negative,Reverse phase/C18
-0.10911643255661846,-0.07877478498502088,IK_SGTFNLMVIRZWTA-LFCBYZEKSA-N,28-Hydroxywithanolide E,MTBLS11904,plasma,Negative,Reverse phase/C18
-0.5118272936328301,-0.10827224557574337,IK_SGZFJWQQBHYNNF-UHFFFAOYSA-N,3-Hydroxy-2-oxoindole,MTBLS11904,plasma,Negative,Reverse phase/C18
-2.584767995529445,5.462824793231013,IK_SHAQGFGGJSLLHE-BQBZGAKWSA-N,pro-gln,38720721,serum,Not reported,Reverse phase/C18
0.5345338540013689,-0.11770509019963346,IK_SHGAZHPCJJPHSC-YCNIQYBTSA-N,"all-trans-Retinoic acid1,3",ST003159,serum,Negative,Reverse phase/C18
0.12170888899342877,-0.06186746620971643,IK_SHLWEZVZPAYIHX-UHFFFAOYSA-N,"3-Oxo-12,18-ursadien-28-oic acid",MTBLS11904,plasma,Negative,Reverse phase/C18
-0.47616798677464156,-0.10566029942648071,IK_SHXWCVYOXRDMCX-UHFFFAOYSA-N,"3,4-Methylenedioxymethamphetamine",MTBLS11904,plasma,Negative,Reverse phase/C18
0.0021021961857247418,0.7848319837536409,IK_SHZGCJCMOBCMKK-DHVFOXMCSA-N,fucose,38720721,serum,Not reported,Reverse phase/C18
0.19258434674008085,-0.05667603379964768,IK_SIDKXKCKKVBGMY-UHFFFAOYSA-N,3-Nonanon-1-yl acetate,MTBLS11904,plasma,Negative,Reverse phase/C18
-0.08583076365014966,0.09506310787648305,IK_SIKJAQJRHWYJAI-UHFFFAOYSA-N,INDOLE,38516193,plasma,Positive,LC-MS/unspecified
-0.08195052244497823,-0.07681502149464782,IK_SIOXPEMLGUPBBT-UHFFFAOYSA-N,Picolinic Acid,MTBLS11904,plasma,Positive,Reverse phase/C18
-0.042629304760760586,-0.07389540729668273,IK_SITLTJHOQZFJGG-XPUUQOCRSA-N,Glutamylvaline,MTBLS11904,plasma,Positive,Reverse phase/C18
-0.2751818538603569,-0.09093861937695726,IK_SIZUKCMURNXUCZ-JWFJDLLSSA-N,"PE(20:0/20:4(5Z,8Z,11Z,14Z)-OH(19S))",MTBLS11904,plasma,Negative,Reverse phase/C18
0.30278253511158193,-0.04860432051864032,IK_SJBDVPKAXKLGPV-UKNYEQEFSA-N,Mascaroside,MTBLS11904,plasma,Negative,Reverse phase/C18
-7.794999028724395e-4,-0.07083940299343865,IK_SJFTVAAHLRFBST-NSHQGHFVSA-N,Apigenin 7-O-diglucuronide,MTBLS11904,plasma,Negative,Reverse phase/C18
-0.09136063928258381,-0.07747422201103171,IK_SJPUNFPTIDJEOK-ROXLFADRSA-N,"PE-NMe(20:3(5Z,8Z,11Z)/18:1(11Z))",MTBLS11904,plasma,Negative,Reverse phase/C18
0.08713959105806858,-0.06426001898053649,IK_SJWIIOUVFNZHHP-DTSZJMRKSA-N,DG(6 keto-PGF1alpha/0:0/8:0),MTBLS11904,plasma,Positive,Reverse phase/C18
0.061794163191240994,-0.06625605468211485,IK_SJZRECIVHVDYJC-UHFFFAOYSA-N,4-Hydroxybutyric acid,MTBLS11904,plasma,Negative,Reverse phase/C18
-0.06645525692979726,-0.07564997093181922,IK_SKBCVUCDJRKPAH-RTXFEEFZSA-N,"2,2,6,7-Tetramethylbicyclo[4.3.0]nona-1(9),4-diene-7,8-diol",MTBLS11904,plasma,Negative,Reverse phase/C18
-0.09112251555293727,-0.07749604604290751,IK_SKGLAZSLOGYCCA-PEFXOJROSA-N,Neuromedin N (1-4),MTBLS11904,plasma,Positive,Reverse phase/C18
0.17308547094125448,-0.05810427275657418,IK_SKHXRNHSZTXSLP-UHFFFAOYSA-N,Ranitidine-S-Oxide,MTBLS11904,plasma,Negative,Reverse phase/C18
0.9783594750595485,8.798293402836332e-4,IK_SKLQABVRGGRTIT-UHFFFAOYSA-N,Gamma-Glutaminyl-4-hydroxybenzene,MTBLS11904,plasma,Negative,Reverse phase/C18
0.19669092808129574,-0.056375237972492824,IK_SKMHHHHLLBKNKR-UHFFFAOYSA-M,Acrylamide-sodium acrylate resin,MTBLS11904,plasma,Negative,Reverse phase/C18
-0.7238223353545591,-0.025201328227062295,IK_SKOPRFQCOBOZFB-UHFFFAOYSA-N,3-(Dichloromethylene)-25-pyrrolidinedione,ST003159,serum,Positive,HILIC
-0.06955354013199577,-0.07589454163347994,IK_SKXLWWDOLOXKRN-YJSWQQQJSA-N,SM(d19:1/TXB2),MTBLS11904,plasma,Positive,Reverse phase/C18
-0.19314870167635995,-0.5984504397214001,IK_SKZKKFZAGNVIMN-UHFFFAOYSA-N,salicylamide,38720721,serum,Not reported,Reverse phase/C18
-0.1436530765374501,-0.0813044985110005,IK_SLEHROROQDYRAW-KQYNXXCUSA-N,N2-Methylguanosine,MTBLS11904,plasma,Negative,Reverse phase/C18
-0.0963594260415419,-0.07788488820900599,IK_SLNYBUIEAMRFSZ-UHFFFAOYSA-N,"2,5,8,11,14-Pentaoxahexadecan-16-ol",MTBLS11904,plasma,Positive,Reverse phase/C18
0.34426196099461126,-0.04556606633738483,IK_SLWSQPYUSBXANQ-BAJZRUMYSA-N,"2'-Fluoro-2',3'-dideoxyinosine",MTBLS11904,plasma,Negative,Reverse phase/C18
0.12646080887354025,-0.06134040407373504,IK_SLXKOJJOQWFEFD-UHFFFAOYSA-N,Aminocaproic acid,MTBLS11904,plasma,Positive,Reverse phase/C18
0.20685397697801405,-0.05563082309250874,IK_SMNDYUVBFMFKNZ-UHFFFAOYSA-N,2-Furoic Acid,MTBLS11904,plasma,Negative,Reverse phase/C18
0.755955341781138,-0.014600205116443637,IK_SMQAUVNNWONFCH-ULUSZKPHSA-N,Methionine glutamate,MTBLS11904,plasma,Positive,Reverse phase/C18
-0.10019422027012703,-0.0781212572256461,IK_SMVMSLPPAGGLDL-ZZTDLJEGSA-N,Isovaleryl-Val-Val-Sta-OEt,MTBLS11904,plasma,Negative,Reverse phase/C18
0.5698284949584962,-0.029043939282431708,IK_SMYALUSCZJXWHG-UHFFFAOYSA-N,Altanserin,MTBLS11904,plasma,Negative,Reverse phase/C18
0.5274036694671672,-0.032151441097774625,IK_SNCKGJWJABDZHI-ZKWXMUAHSA-N,Gamma-Glutamylisoleucine,MTBLS11904,plasma,Negative,Reverse phase/C18
0.05577729508820083,-0.06658868094167719,IK_SNDPXSYFESPGGJ-BYPYZUCNSA-N,Norvaline,MTBLS11904,plasma,Positive,Reverse phase/C18
0.6882897089875019,-0.0196244030219479,IK_SNDPXSYFESPGGJ-UHFFFAOYSA-N,DL-Norvaline,MTBLS11904,plasma,Positive,Reverse phase/C18
-0.2559193281970226,-0.0895276926578895,IK_SNEIUMQYRCDYCH-LURJTMIESA-N,N-a-Acetyl-L-arginine,MTBLS11904,plasma,Negative,Reverse phase/C18
0.04619108368626366,-0.0673004608255725,IK_SNFUTDLOCQQRQD-ZKWXMUAHSA-N,Glutamylisoleucine,MTBLS11904,plasma,Positive,Reverse phase/C18
-0.3423347977642547,-0.09585738738264224,IK_SNGNCYILSHZBLM-UHFFFAOYSA-N,2-Chloro-DG,MTBLS11904,plasma,Negative,Reverse phase/C18
-0.15402293287323077,-0.08206406225860474,IK_SNGREZUHAYWORS-UHFFFAOYSA-N,Perfluorooctanoic acid,MTBLS11904,plasma,Negative,Reverse phase/C18
0.42422509639475015,-0.03923129708480522,IK_SNHRLVCMMWUAJD-SUYDQAKGSA-N,Betamethasone 17 Valerate,MTBLS11904,plasma,Positive,Reverse phase/C18
-3.7178403091428707,0.5999065507802801,IK_SNICXCGAKADSCV-JTQLQIEISA-N,pyridoxal 5-phosphate,38516193,plasma,Positive,LC-MS/unspecified
0.2040473215207052,-0.055836402724857646,IK_SNIXRMIHFOIVBB-UHFFFAOYSA-N,N-hydroxyl-tryptamine,MTBLS11904,plasma,Negative,Reverse phase/C18
-0.4147754904344468,-0.10152739791284834,IK_SNPLKNRPJHDVJA-UHFFFAOYSA-N,Panthenol,MTBLS11904,plasma,Positive,Reverse phase/C18
2.165927232727027,0.09009072335659671,IK_SNVAIAITQIIEMQ-DUXPYHPUSA-N,Caffeic acid 4-O-sulfate,MTBLS11904,plasma,Positive,Reverse phase/C18
0.1723096612208315,-0.09107741462970419,IK_SOECUQMRSRVZQQ-UHFFFAOYSA-N,Ubiquinone 1,ST003159,serum,Negative,Reverse phase/C18
-0.35678125101852104,0.02537797033387769,IK_SOECUQMRSRVZQQ-UHFFFAOYSA-N,Ubiquinone 1,33485385,plasma,Positive,LC-MS/unspecified
0.005129250289662508,-0.07040660312552179,IK_SOJVORMOXWNMMG-WITMPDRSSA-N,"PE-NMe2(14:0/20:2(11Z,14Z))",MTBLS11904,plasma,Negative,Reverse phase/C18
0.45330794312116496,-0.037578748949573915,IK_SOKKQMPCIJPSGH-UHFFFAOYSA-N,"6-[4-(carboxymethyl)-2-hydroxyphenoxy]-3,4,5-trihydroxyoxane-2-carboxylic acid",MTBLS11904,plasma,Negative,Reverse phase/C18
-0.251103697251746,-0.08917496072566958,IK_SOLWMULEXULIEQ-OUQHJZBVSA-N,"PS(20:0/18:1(12Z)-2OH(9,10))",MTBLS11904,plasma,Negative,Reverse phase/C18
0.8197981660317636,-0.010734350110919277,IK_SONNWYBIRXJNDC-VIFPVBQESA-N,phenylephrine,MTBLS11904,plasma,Negative,Reverse phase/C18
-2.508361287063865,4.809669586642029,IK_SONNWYBIRXJNDC-VIFPVBQESA-N,phenylephrine,38720721,serum,Not reported,Reverse phase/C18
1.6552839671305888,0.052175274383732845,IK_SPEJHKMQDKKCTG-UHFFFAOYSA-N,"6-Amino-5-chloropyrimidine-2,4(1H,3H)-dione",MTBLS11904,plasma,Positive,Reverse phase/C18
-0.9225297398734434,-0.13835506853522106,IK_SPJAGILXQBHHSZ-UHFFFAOYSA-N,5-Benzylacyclouridine,MTBLS11904,plasma,Negative,Reverse phase/C18
0.0321913254933853,-0.06842438056152594,IK_SPJFYYJXNPEZDW-FTJOPAKQSA-N,LysoPC(18:2),MTBLS11904,plasma,Negative,Reverse phase/C18
1.1213201893213576,-0.7710495704874027,IK_SPJFYYJXNPEZDW-FTJOPAKQSA-N,LysoPC(18:2),29518718,plasma,Positive,LC-MS/unspecified
0.1589458619847869,-0.21721521748524825,IK_SPJFYYJXNPEZDW-FTJOPAKQSA-N,LysoPC(18:2),37755270,serum,Not reported,Reverse phase/C18
-0.5912417992135568,-0.03728657286772341,IK_SPURMHFLEKVAAS-UHFFFAOYSA-N,Docosene,29518718,plasma,Positive,LC-MS/unspecified
-0.03443368546535393,-0.07328687933666558,IK_SQMGCPHFHQGPIF-JIOYIOPFSA-N,Aconine,MTBLS11904,plasma,Positive,Reverse phase/C18
1.4677812436385882,0.03672862545962821,IK_SQOJOAFXDQDRGF-ZMVGXLHTSA-N,Ginkgolide B,MTBLS11904,plasma,Negative,Reverse phase/C18
0.0748838444872958,-0.45323069403824673,IK_SQVRNKJHWKZAKO-LUWBGTNYSA-N,N-Acetylneuraminate,38516193,plasma,Positive,LC-MS/unspecified
-0.1995904051138344,1.5005128636606724,IK_SRRQPVVYXBTRQK-UHFFFAOYSA-N,LPC 17:0,37755270,serum,Not reported,Reverse phase/C18
0.12682886818562888,0.35238013049400796,IK_SRRQPVVYXBTRQK-UHFFFAOYSA-N,LPC 17:0,38720721,serum,Not reported,Reverse phase/C18
0.2527976046042734,-0.051959850664173496,IK_SRRQPVVYXBTRQK-XMMPIXPASA-N,PC(17:0/0:0),MTBLS11904,plasma,Positive,Reverse phase/C18
0.2695961852189748,-0.11622654033701653,IK_SRRQPVVYXBTRQK-XMMPIXPASA-N,PC(17:0/0:0),38720721,serum,Not reported,Reverse phase/C18
-0.46012888698379256,0.059552395589219334,IK_SRSXLGNVWSONIS-UHFFFAOYSA-N,Benzenesulfonic acid,37755270,serum,Not reported,Reverse phase/C18
0.5460280265131581,-0.5622221295794053,IK_SRSXLGNVWSONIS-UHFFFAOYSA-N,Benzenesulfonic acid,38720721,serum,Not reported,Reverse phase/C18
-0.09952524332417229,-0.07811995177106766,IK_SRVFFFJZQVENJC-IHRRRGAJSA-N,Aloxistatin,MTBLS11904,plasma,Positive,Reverse phase/C18
0.35043493978767154,-0.04471024322959269,IK_SRXKAYJJGAAOBP-UHFFFAOYSA-N,N(5)-Acetylornithine,MTBLS11904,plasma,Positive,Reverse phase/C18
-0.5264666851188136,-0.10982050959369535,IK_SSBCZTXGVMMZOT-NBBHSKLNSA-N,"16a-Hydroxyandrost-4-ene-3,17-dione",MTBLS11904,plasma,Positive,Reverse phase/C18
0.11151933819247004,-0.062449813985325196,IK_SSQHYGLFYWZWDV-UVBJJODRSA-N,Ala Val Trp,MTBLS11904,plasma,Positive,Reverse phase/C18
-0.10657566993123155,-0.07858868096076928,IK_SSYFPKXWJHNROG-ZFDJEVKPSA-N,PA(10:0/PGD1),MTBLS11904,plasma,Negative,Reverse phase/C18
0.29359442865084723,-0.04927732368546204,IK_SSYGGPAGDDGXAF-ZXXIGWHRSA-N,"Estra-1,3,5(10)-triene-3,17-diol, 16-iodo-, (16alpha,17beta)-",MTBLS11904,plasma,Negative,Reverse phase/C18
-0.2922774786279744,-0.0569248763422966,IK_SSZWWUDQMAHNAQ-UHFFFAOYSA-N,Glycerol alpha-monochlorohydrin,ST003159,serum,Positive,HILIC
-2.805403175579456,-0.27627035973103153,IK_SSZYARBRHYOZQM-OWOJBTEDSA-N,"3,4,5-trihydroxy-6-{3-[(E)-2-(4-hydroxyphenyl)ethenyl]-5-{[3,4,5-trihydroxy-6-(hydroxymethyl)oxan-2-yl]oxy}phenoxy}oxane-2-carboxylic acid",MTBLS11904,plasma,Negative,Reverse phase/C18
-0.8151638318497103,0.7405131702703411,IK_STKYPAFSDFAEPH-LURJTMIESA-N,Glycyl-Valine,38720721,serum,Not reported,Reverse phase/C18
1.985085173776493,-0.22433742097827747,IK_SUHOQUVVVLNYQR-QMMMGPOBSA-N,Glycerophosphocholine3,ST003159,serum,Negative,Reverse phase/C18
-0.23248954232120128,-0.08799259917028066,IK_SUHVYZXHTHHCTK-GFZABIRZSA-N,"SM(d19:0/22:6(4Z,7Z,11E,13Z,15E,19Z)-2OH(10S,17))",MTBLS11904,plasma,Positive,Reverse phase/C18
-0.21937370939938394,-0.08685082673171371,IK_SUMDYPCJJOFFON-UHFFFAOYSA-M,2-Hydroxyethanesulfonate,MTBLS11904,plasma,Negative,Reverse phase/C18
-0.1927843336642307,-0.08490322803492417,IK_SUTUBQHKZRNZRA-UHFFFAOYSA-N,Eugenin,MTBLS11904,plasma,Negative,Reverse phase/C18
0.2205327345544144,-0.05462889155906389,IK_SUWZHLCNFQWNPE-LATRNWQMSA-N,Ethylhydrocupreine,MTBLS11904,plasma,Negative,Reverse phase/C18
-0.08763124113520408,-0.07723681755994281,IK_SUZYROYNFNQALJ-MHEIZRSESA-N,"PC(20:5(5Z,8Z,11Z,14Z,17Z)/16:0)",MTBLS11904,plasma,Positive,Reverse phase/C18
1.1731709649493764,0.015149233913792873,IK_SVBMASFUJDIDJC-XFJIFGBKSA-N,3-Dehydroteasterone,MTBLS11904,plasma,Negative,Reverse phase/C18
-0.12426003442291472,-0.07995651852553458,IK_SVEBYYWCXTVYCR-LBPRGKRZSA-N,Methyldopate,MTBLS11904,plasma,Positive,Reverse phase/C18
0.10141233322526122,-0.06335413249912085,IK_SVURIXNDRWRAFU-OGMFBOKVSA-N,Cedorol,MTBLS11904,plasma,Negative,Reverse phase/C18
0.8531885137250294,-0.00828859885053558,IK_SVXOFPLAAYAGIG-NDDGLTBUSA-N,Diosbulbinoside F,MTBLS11904,plasma,Negative,Reverse phase/C18
3.149262979727145,-0.6318706056288274,IK_SVYIZYRTOYHQRE-UHFFFAOYSA-N,Vanillactic acid,ACS1517,serum,Negative,Reverse phase/C18
2.903311261788811,-0.025108384764228497,IK_SVYIZYRTOYHQRE-UHFFFAOYSA-N,Vanillactic acid,29518718,plasma,Positive,LC-MS/unspecified
0.15987941497815975,-0.05907158001495191,IK_SWGXDLRCJNEEGZ-UHFFFAOYSA-N,N-Cyclohexylformamide,MTBLS11904,plasma,Negative,Reverse phase/C18
-0.6376277615282646,-0.5187164706209154,IK_SWINWPBPEKHUOD-JPVZDGGYSA-N,2-hydroxyestrone (2-OH-E1),37589832,plasma,Not reported,LC-MS/unspecified
3.025194963227096,0.15389166647641062,IK_SWJDFMNJUOJVPA-LURJTMIESA-N,DOPA sulfate,MTBLS11904,plasma,Positive,Reverse phase/C18
0.37413069232680357,-0.04337826424136526,IK_SWPMTVXRLXPNDP-MRVPVSSYSA-N,(3S)-3-hydroxycyclocitral,MTBLS11904,plasma,Negative,Reverse phase/C18
0.34635192395579467,-0.04501340848616939,IK_SWTKBYSXMULFHZ-SMILAEQMSA-N,Delta-Hydroxylysylnorleucine,MTBLS11904,plasma,Positive,Reverse phase/C18
0.07968364879657225,-0.06481362546699268,IK_SXFSQZDSUWACKX-UHFFFAOYSA-N,2-Oxo-4-methylthiobutanoic acid,MTBLS11904,plasma,Positive,Reverse phase/C18
-0.21127872138349293,-0.08625789089207776,IK_SXGAGTVDWKQYCX-BQBZGAKWSA-N,Glutamylmethionine,MTBLS11904,plasma,Negative,Reverse phase/C18
-0.4064447368777663,-0.10055326412663071,IK_SXHQUGJSTGOXMD-UHFFFAOYSA-N,6-Thiourate,MTBLS11904,plasma,Negative,Reverse phase/C18
-0.060795766922844344,-0.0752442736378782,IK_SXIILERIAIKHJG-UHFFFAOYSA-N,Tert-butyl N-[2-(prop-2-enamido)ethyl]carbamate,MTBLS11904,plasma,Positive,Reverse phase/C18
0.052352028004021486,0.12306108312966468,IK_SXKNCCSPZDCRFD-UHFFFAOYSA-N,Betaine aldehyde,24167579,serum,Positive,Reverse phase/C18
-0.19435015238005865,-0.08501791983782744,IK_SXOUIMVOMIGLHO-AATRIKPKSA-N,Indoleacrylic acid,MTBLS11904,plasma,Negative,Reverse phase/C18
0.42943145155901663,-0.011329653999901296,IK_SXQFCVDSOLSHOQ-UHFFFAOYSA-N,Lactamide,ST001814,plasma,Positive,GC-MS
-0.1008270741405734,-0.07821661257137687,IK_SXSVOVSEOKWUNE-CMDGGOBGSA-N,3-Octenoylcarnitine,MTBLS11904,plasma,Positive,Reverse phase/C18
-0.004018177149960996,-0.07102851702508964,IK_SYELZBGXAIXKHU-UHFFFAOYSA-N,Lauramine Oxide,MTBLS11904,plasma,Positive,Reverse phase/C18
-0.0712708878750738,-0.07600270286403915,IK_SYRVWXFZYGDVTF-UHFFFAOYSA-N,"(1beta,2beta,5beta)-p-Menth-3-ene-1,2,5-triol",MTBLS11904,plasma,Negative,Reverse phase/C18
-0.10687110773557335,-0.07861032105580232,IK_SZBGXBOFCGNPEU-UHFFFAOYSA-N,5-Aminopentanal,MTBLS11904,plasma,Negative,Reverse phase/C18
0.16347423509956618,-0.058592144102674285,IK_SZEOBSAZWJLOGY-VGMNWLOBSA-N,Glycylprolylhydroxyproline,MTBLS11904,plasma,Positive,Reverse phase/C18
-0.15739755476646763,-0.08241699151634763,IK_SZHOJFHSIKHZHA-UHFFFAOYSA-N,Tridecanoic acid,MTBLS11904,plasma,Positive,Reverse phase/C18
0.27063412522577796,-0.4903648760531689,IK_SZJNCZMRZAUNQT-IUCAKERBSA-N,Cyclo(Leu-Pro),38720721,serum,Not reported,Reverse phase/C18
0.03047778780975943,-0.06854989276636389,IK_SZQIFWWUIBRPBZ-UHFFFAOYSA-N,Ethotoin,MTBLS11904,plasma,Negative,Reverse phase/C18
-0.04184531318376718,-0.07384736055615095,IK_SZQQHKQCCBDXCG-BAHYSTIISA-N,Hexadecatrienoic acid,MTBLS11904,plasma,Negative,Reverse phase/C18
0.05686035690826504,-0.06661744232868336,IK_SZVNKXCDJUBPQO-HWKANZROSA-N,"12-Oxo-2,3-dinor-10,15-phytodienoic acid",MTBLS11904,plasma,Negative,Reverse phase/C18
-0.0014441014127283235,-0.07083739094547631,IK_SZXDNGVQRDTJSD-FOWTUZBSSA-N,Prodigiosin,MTBLS11904,plasma,Positive,Reverse phase/C18
0.2558670601094167,-0.052040749483584,IK_TTZIHUKKIDPTQT-UHFFFAOYSA-N,"3,3',5,6-Tetrahydroxy-4',7-dimethoxyflavone 3-glucuronide",MTBLS11904,plasma,Negative,Reverse phase/C18
0.013319847621751719,-0.06974116196367657,IK_TUNFSRHWOTWDNC-UHFFFAOYSA-N,Myristic acid,MTBLS11904,plasma,Positive,Reverse phase/C18
-0.24512322221524058,-0.08893065475464126,IK_TUZHANAISKEZFG-GHDNBGIDSA-N,Menatetrenone Epoxide,MTBLS11904,plasma,Positive,Reverse phase/C18
0.42458014116150594,-0.03920493471703847,IK_TUZYXOIXSAXUGO-PZAWKZKUSA-N,Pravastatin,MTBLS11904,plasma,Positive,Reverse phase/C18
0.1881498526710862,-0.056759970316076214,IK_TVEOVCYCYGKVPP-HSCHXYMDSA-N,Leu Ile Trp,MTBLS11904,plasma,Positive,Reverse phase/C18
0.8664772925032662,-0.007315232166812,IK_TVIDDXQYHWJXFK-UHFFFAOYSA-N,Dodecanedioic Acid,MTBLS11904,plasma,Negative,Reverse phase/C18
-0.5943134451279044,-0.11431412946253683,IK_TVLHFFLEOSSHFT-QVLZICSDSA-N,"1b,3a,7b-Trihydroxy-5b-cholanoic acid",MTBLS11904,plasma,Negative,Reverse phase/C18
0.02450994994837478,-0.06898702049145505,IK_TVWOTZQAXZHSLO-UHFFFAOYSA-N,"2,4-Dimethylpimelic acid",MTBLS11904,plasma,Negative,Reverse phase/C18
-0.08421105167740726,-0.07695053441399437,IK_TVXJJNJGTDWFLD-TWGQIWQCSA-N,(Z)-[(4-hydroxyphenyl)acetaldehyde oxime],MTBLS11904,plasma,Negative,Reverse phase/C18
-0.12052032033955379,-0.07961008810231143,IK_TVZCRIROJQEVOT-LSDHHAIUSA-N,Cromakalim,MTBLS11904,plasma,Negative,Reverse phase/C18
-0.08196572618520148,-0.076786070585101,IK_TWDZVGUEYBJLQC-CWMYCXEUSA-N,"DG(i-17:0/0:0/20:4(7E,9E,11Z,13E)-3OH(5S,6R,15S))",MTBLS11904,plasma,Negative,Reverse phase/C18
-0.026600737562699577,-0.07273073711947767,IK_TWEFFSVOCVXBPV-UHFFFAOYSA-N,3-Allylphenol sulfate,MTBLS11904,plasma,Negative,Reverse phase/C18
0.013862382470738368,-0.06976692588533538,IK_TWLCFFLQLXBKAP-UHFFFAOYSA-N,8-Hydroxythioguanine,MTBLS11904,plasma,Negative,Reverse phase/C18
0.26223588038644396,-0.05125905548022716,IK_TWPMMLHBHPYSMT-UHFFFAOYSA-N,3-Methyl-N-phenylaniline,MTBLS11904,plasma,Positive,Reverse phase/C18
0.0575103195146377,-0.0665698341811178,IK_TWSWSIQAPQLDBP-DOFZRALJSA-N,Adrenic acid,MTBLS11904,plasma,Negative,Reverse phase/C18
-0.23036398404027802,-0.08765583403962263,IK_TXBBUSUXYMIVOS-UHFFFAOYSA-N,2-Thenoyltrifluoroacetone,MTBLS11904,plasma,Negative,Reverse phase/C18
-0.32483079268635767,-0.09484897086238296,IK_TXHCDEYHZPHRAC-UHFFFAOYSA-N,"Polypropylene glycol (m w 1,200-3,000)",MTBLS11904,plasma,Positive,Reverse phase/C18
-0.531466899631191,-0.1101917772536234,IK_TXTNKDRGVWKECN-UHFFFAOYSA-N,"1,1'-(Tetrahydro-6a-hydroxy-2,3a,5-trimethylfuro[2,3-d]-1,3-dioxole-2,5-diyl)bis-ethanone",MTBLS11904,plasma,Positive,Reverse phase/C18
0.10900443678487454,-0.06263654648855851,IK_TYEYBOSBBBHJIV-UHFFFAOYSA-N,2-Ketobutyric acid,MTBLS11904,plasma,Positive,Reverse phase/C18
0.13039475194684277,-0.06123125007968922,IK_TYFQFVWCELRYAO-UHFFFAOYSA-N,Suberic Acid,MTBLS11904,plasma,Negative,Reverse phase/C18
-0.2775453533479407,-0.0911117391208496,IK_TYHJMEIBGDDCPA-UHFFFAOYSA-N,Methylisopelletierine,MTBLS11904,plasma,Negative,Reverse phase/C18
-0.04943433114722201,-0.07440068272431054,IK_TYLFLHPQWQQWRD-UHNVWZDZSA-N,2R-Hydroxymethyl-3S-hydroxypyrolidine,MTBLS11904,plasma,Positive,Reverse phase/C18
-0.029850550463308884,-0.07296877714846914,IK_TYMABNNERDVXID-DLYFRVTGSA-N,Panipenem,MTBLS11904,plasma,Negative,Reverse phase/C18
-1.75837667494235,0.05085040440215463,IK_TYQPBHYPIRLWKU-NKWVEPMBSA-N,"Inosine2,3",ST003159,serum,Negative,Reverse phase/C18
-0.9423695804299312,1.25827678255922,IK_TZBJGXHYKVUXJN-UHFFFAOYSA-N,"4,5,7-Trihydroxyisoflavone",38720721,serum,Not reported,Reverse phase/C18
0.06071833594210167,-0.06622180695845432,IK_TZCPCKNHXULUIY-RGULYWFUSA-N,PS(18:0/18:0),MTBLS11904,plasma,Positive,Reverse phase/C18
0.25007648391225973,-0.0524648934365019,IK_TZZSWAXSIGWXOS-UHFFFAOYSA-M,5-Acetamidovalerate,MTBLS11904,plasma,Negative,Reverse phase/C18
-0.07055949997137168,-0.07596923445156392,IK_UADPGHINQMWEAG-FROQITRMSA-N,"(S,E)-2-(5-Hydroxy-8,9-dihydro-5H-benzo[7]annulen-6(7H)-ylidene)acetic acid",MTBLS11904,plasma,Positive,Reverse phase/C18
0.943320587308888,-0.001686672640163256,IK_UAKTZILOYPPNCD-UHFFFAOYSA-N,Annohexocin,MTBLS11904,plasma,Negative,Reverse phase/C18
-0.1539062803487345,-0.08215776303338293,IK_UARHXHPRJDJCKE-QECOYPFHSA-N,"DG(15:0/18:3(9Z,12Z,15Z)/0:0)",MTBLS11904,plasma,Positive,Reverse phase/C18
0.10808723743321338,-0.06270464879158469,IK_UATOAILWGVYRQS-HHHXNRCGSA-N,PC(20:0/0:0),MTBLS11904,plasma,Positive,Reverse phase/C18
0.2000453269152483,-0.33077472096767235,IK_UATOAILWGVYRQS-UHFFFAOYSA-N,LPC 20:0,37755270,serum,Not reported,Reverse phase/C18
-0.7300257367423068,-0.12493484344611784,IK_UAUDZVJPLUQNMU-KTKRTIGZSA-N,Erucamide,MTBLS11904,plasma,Positive,Reverse phase/C18
0.6724722147972809,-0.31204681904048104,IK_UAUDZVJPLUQNMU-KTKRTIGZSA-N,Erucamide,38720721,serum,Not reported,Reverse phase/C18
-0.0190966252867462,-0.07218108217874414,IK_UBCPEZWGUOSYHO-JAPSQKQGSA-N,"27-Nor-5b-cholestane-3a,7a,12a,24,25-pentol",MTBLS11904,plasma,Negative,Reverse phase/C18
-0.025537163287861094,-0.07265283367071643,IK_UBQKCCHYAOITMY-UHFFFAOYSA-N,2-Hydroxypyridine,MTBLS11904,plasma,Negative,Reverse phase/C18
0.6820562080978494,-0.12854969292605398,IK_UCDCOJNNUVYFKJ-UHFFFAOYSA-N,N-Undecylbenzenesulfonic acid,ST003159,serum,Negative,Reverse phase/C18
-0.03757938548871993,-0.07269755196592398,IK_UCMIRNVEIXFBKS-UHFFFAOYSA-N,Beta-alanine,ST001814,plasma,Positive,GC-MS
0.4775705862107916,-0.03527037466976499,IK_UCPOMLWZWRTIAA-UHFFFAOYSA-N,Atevirdine,MTBLS11904,plasma,Positive,Reverse phase/C18
-0.35513360478408423,0.01975686203165518,IK_UCUNFLYVYCGDHP-BYPYZUCNSA-N,methionine sulfone,38720721,serum,Not reported,Reverse phase/C18
0.008969937996540753,-0.0701252835149754,IK_UCYPOAPUDLUXQX-VXOKBQSKSA-N,"MG(22:2(13Z,16Z)/0:0/0:0)",MTBLS11904,plasma,Negative,Reverse phase/C18
-0.32223896528052925,-0.09465652676133024,IK_UDBXKKKIEXMSEA-XKKGNKCGSA-N,"PE(16:0/20:2(11Z,14Z))",MTBLS11904,plasma,Positive,Reverse phase/C18
0.0058678440637293765,-0.07035250314203217,IK_UDMBCSSLTHHNCD-KQYNXXCUSA-N,Adenosine 5'-Monophosphate,MTBLS11904,plasma,Negative,Reverse phase/C18
-0.04816208702880513,-0.07430621805351759,IK_UDSFAEKRVUSQDD-UHFFFAOYSA-N,Dimethyl adipate,MTBLS11904,plasma,Positive,Reverse phase/C18
0.5906568386664978,-0.027518320660135487,IK_UDTWZFJEMMUFLC-NSHDSACASA-N,S-nirvanol,MTBLS11904,plasma,Negative,Reverse phase/C18
0.14560978326665117,-0.06011679123027684,IK_UDTWZFJEMMUFLC-UHFFFAOYSA-N,Nirvanol,MTBLS11904,plasma,Negative,Reverse phase/C18
0.0837156254753402,-0.0646503680237965,IK_UDYIPZFWVJJQJF-KQPZCCJBSA-N,Demethylphylloquinone,MTBLS11904,plasma,Negative,Reverse phase/C18
-0.4342132574732911,0.028052722284931747,IK_UEFRDQSMQXDWTO-UHFFFAOYSA-N,3-hydroxybutyrylcarnitine,38720721,serum,Not reported,Reverse phase/C18
0.003822398181104674,-0.0704463508243281,IK_UEFRDQSMQXDWTO-YGPZHTELSA-N,(R)-3-hydroxybutyrylcarnitine,MTBLS11904,plasma,Positive,Reverse phase/C18
0.19344111518068643,-0.05661327800148429,IK_UEJJHQNACJXSKW-UHFFFAOYSA-N,Thalidomide,MTBLS11904,plasma,Negative,Reverse phase/C18
-0.06379631896671091,-0.07545521119321902,IK_UELBXEKQONEDKM-IRXDYDNUSA-N,"(9S,10S)-10-hydroxy-9-(phosphonooxy)octadecanoate",MTBLS11904,plasma,Negative,Reverse phase/C18
-0.030557780254041527,-0.07299909225609266,IK_UEWPEVNSKXXUGP-UHFFFAOYSA-N,"10H-Pyrido(3,2-b)(1,4)benzothiazine, 10-(2-(dibutylamino)ethyl)-",MTBLS11904,plasma,Positive,Reverse phase/C18
0.010449901447400548,-0.06995425683467665,IK_UFAHZIUFPNSHSL-UHFFFAOYNA-N,Propionylcarnitine,MTBLS11904,plasma,Positive,Reverse phase/C18
0.031836800691354444,-0.06845034861405846,IK_UFBJCMHMOXMLKC-UHFFFAOYSA-N,"2,4-Dinitrophenol",MTBLS11904,plasma,Negative,Reverse phase/C18
-0.20568365641165523,-0.08600225259475461,IK_UFGLFVVFQFFPSV-LKBCLYITSA-N,"5alpha-Androstane-3beta,7alpha,17beta-triol",MTBLS11904,plasma,Positive,Reverse phase/C18
1.3807374536010932,-0.17991086064295503,IK_UFSCUAXLTRFIDC-UHFFFAOYSA-N,"Oxalosuccinate2,3",ST003159,serum,Negative,Reverse phase/C18
0.1999702836783348,-0.05613503457326278,IK_UGAGPNKCDRTDHP-UHFFFAOYSA-N,"l-dopa (3,4-dihydroxy-l-phenylalanine)",MTBLS11904,plasma,Negative,Reverse phase/C18
-5.681584823668338,3.0516078970830653,IK_UGAGPNKCDRTDHP-UHFFFAOYSA-N,"l-dopa (3,4-dihydroxy-l-phenylalanine)",38516193,plasma,Positive,LC-MS/unspecified
-0.035794690742646226,-0.07338793442219113,IK_UGCOPUIBNABIEP-UHFFFAOYSA-N,2-Ethylsulfanyl-1H-benzoimidazole,MTBLS11904,plasma,Positive,Reverse phase/C18
-0.7853906043386196,-0.12831000410166957,IK_UGGHNDGDVCUWQX-WDSKDSINSA-N,N(alpha)-Phosphorylalanylproline,MTBLS11904,plasma,Negative,Reverse phase/C18
3.125038653444485,-0.9989203069643631,IK_UGJMXCAKCUNAIE-UHFFFAOYSA-N,Gabapentin,38720721,serum,Not reported,Reverse phase/C18
0.4064220116178442,-0.04101301393576787,IK_UGQMRVRMYYASKQ-KQYNXXCUSA-N,Inosine,MTBLS11904,plasma,Negative,Reverse phase/C18
-3.023156400885225,0.14382637052305533,IK_UGQMRVRMYYASKQ-KQYNXXCUSA-N,Inosine,ST003159,serum,Positive,HILIC
-0.08320708033855229,-0.8649719791409392,IK_UGQMRVRMYYASKQ-KQYNXXCUSA-N,Inosine,28880465,serum,Positive,LC-MS/unspecified
-1.071329793363042,-0.14925426236945674,IK_UGQMRVRMYYASKQ-UHTZMRCNSA-N,Arabinosylhypoxanthine,MTBLS11904,plasma,Negative,Reverse phase/C18
-0.011622054228809225,-0.07159310760298362,IK_UGRNVLGKAGREKS-UHFFFAOYSA-N,"3-(6-Aminopurin-9-yl)-5-(hydroxymethyl)cyclopentane-1,2-diol",MTBLS11904,plasma,Positive,Reverse phase/C18
-0.18698462636265023,-0.08461384244781597,IK_UHDGCWIWMRVCDJ-XVFCMESISA-N,melatonin,MTBLS11904,plasma,Positive,Reverse phase/C18
-2.873397945825797,2.797476024825431,IK_UHDGCWIWMRVCDJ-XVFCMESISA-N,melatonin,38516193,plasma,Positive,LC-MS/unspecified
0.26960490320993064,-0.05103449050082567,IK_UHISGSDYAIIBMO-UMLSMIIMSA-N,Gingerglycolipid B,MTBLS11904,plasma,Negative,Reverse phase/C18
-0.5058740827080097,-0.10829150116399916,IK_UHQGCIIQUZBJAE-RRQVMCLOSA-N,EPIMESTROL,MTBLS11904,plasma,Positive,Reverse phase/C18
0.10826475975096422,-0.06269146796211947,IK_UHWVSEOVJBQKBE-UHFFFAOYSA-N,TRIMETAZIDINE,MTBLS11904,plasma,Positive,Reverse phase/C18
0.3512933731308344,-0.045051035163532455,IK_UIERETOOQGIECD-ONEGZZNKSA-N,Tiglic acid,MTBLS11904,plasma,Negative,Reverse phase/C18
0.48227728954546745,2.2204211250866313,IK_UIHIWMNOFVOPOG-SQUIBIKHSA-N,TG O-56:9|TG O-22:5_16:2_18:2,37755270,serum,Not reported,Reverse phase/C18
-1.149807107514985,-0.15610376418218727,IK_UIKROCXWUNQSPJ-UHFFFAOYNA-N,Cotinine,MTBLS11904,plasma,Positive,Reverse phase/C18
-1.1070242014398577,-0.1529271177310989,IK_UIKROCXWUNQSPJ-VIFPVBQESA-N,(-)-Cotinine,MTBLS11904,plasma,Positive,Reverse phase/C18
0.44391303149735806,-0.038266899867318654,IK_UILPJVPSNHJFIK-UHFFFAOYSA-N,Paeonol,MTBLS11904,plasma,Negative,Reverse phase/C18
0.2921188216173304,-0.049040236365883214,IK_UIPSRRAMIULCRE-OZKVUCNRSA-N,"PG(22:5(7Z,10Z,13Z,16Z,19Z)/22:5(4Z,7Z,10Z,13Z,19Z)-O(16,17))",MTBLS11904,plasma,Positive,Reverse phase/C18
-0.023025944161318663,-0.07246889362521458,IK_UIUJIQZEACWQSV-UHFFFAOYSA-N,Succinic acid semialdehyde,MTBLS11904,plasma,Negative,Reverse phase/C18
0.12043850808194265,-0.06196051791758665,IK_UJFWRUHMFNKTTC-UHFFFAOYSA-N,Cholylserine,MTBLS11904,plasma,Negative,Reverse phase/C18
-0.13620805193034644,-0.08075917142744128,IK_UJFZXWOEMYBQAZ-FBJUMJHFSA-N,"PS(18:1(11Z)/18:2(9Z,12Z))",MTBLS11904,plasma,Negative,Reverse phase/C18
-0.8887904295873617,-0.01307426158926056,IK_UKAUDTTVOAAZHC-UHFFFAOYSA-N,"Itaconate (Itaconic acid)1,3",ST003159,serum,Negative,Reverse phase/C18
0.31185339900611025,-0.04757493666283319,IK_UKAUYVFTDYCKQA-UHFFFAOYSA-N,DL-Homoserine,MTBLS11904,plasma,Positive,Reverse phase/C18
0.2923004163172884,-1.6206496704114626,IK_UKAUYVFTDYCKQA-VKHMYHEASA-N,L-Homoserine,28880465,serum,Positive,LC-MS/unspecified
2.2393919313965887,0.0955455039719699,IK_UKDKTHYZLXZOSS-UHFFFAOYSA-N,N-Acetylvanilalanine,MTBLS11904,plasma,Positive,Reverse phase/C18
-0.3976445756121379,-0.10025542112776425,IK_UKMSUNONTOPOIO-UHFFFAOYSA-N,Behenic acid,MTBLS11904,plasma,Positive,Reverse phase/C18
-7.433010363090348,-6.68524101450776,IK_UKMSUNONTOPOIO-UHFFFAOYSA-N,Behenic acid,24058461,plasma,Not reported,LC-MS/unspecified
0.23537081934484597,-0.05325379624064438,IK_ULCCGBCYWCYNIC-UHFFFAOYSA-N,O-(17-Carboxyheptadecanoyl)carnitine,MTBLS11904,plasma,Positive,Reverse phase/C18
-0.2220748935288931,-0.08721930800660292,IK_ULGZDMOVFRHVEP-RWJQBGPGSA-N,Erythromycin,MTBLS11904,plasma,Positive,Reverse phase/C18
-0.0637076884701774,-0.07544871925696979,IK_ULHWZNASVJIOEM-ZETCQYMHSA-N,S-Prenyl-L-cysteine,MTBLS11904,plasma,Negative,Reverse phase/C18
-0.525094643518883,0.47155489454783583,IK_ULSIYEODSMZIPX-UHFFFAOYSA-N,Phenylethanolamine,38720721,serum,Not reported,Reverse phase/C18
0.10463260115345063,-0.0631182569570651,IK_ULTTYPMRMMDONC-UHFFFAOYSA-N,Lavendustin A,MTBLS11904,plasma,Negative,Reverse phase/C18
1.1839248894547785,0.01593692898384305,IK_UMCDODPBPQMWQP-UHFFFAOYSA-N,Dihydroferulic acid 4-O-sulfate,MTBLS11904,plasma,Negative,Reverse phase/C18
0.6682387272461867,-0.021835661149997146,IK_UMLOUOBDBGOHHR-UHFFFAOYSA-N,6-Hydroxypseudooxynicotine,MTBLS11904,plasma,Negative,Reverse phase/C18
0.6643184884381218,-0.1272457646383458,IK_UMMADZJLZAPZAW-XOWPVRJPSA-N,Carboprost Tromethamine,ST003159,serum,Negative,Reverse phase/C18
-0.33985312361013215,-0.0956756118240761,IK_UMOAAMQGRRCHPA-GJCOWUBNSA-N,N-Oleoyl Leucine,MTBLS11904,plasma,Negative,Reverse phase/C18
-1.5461408373649332,8.237696549557592,IK_UNBDIKFARPKNLC-NOZLCFKKSA-N,PS 17:0-18:1-d5,37755270,serum,Not reported,Reverse phase/C18
-0.012835123215174212,-0.07168317808888541,IK_UNHCPLSWMNPZTD-HXUWFJFHSA-N,Hexadecanedioic acid mono-L-carnitine ester,MTBLS11904,plasma,Positive,Reverse phase/C18
0.22761900597507045,-0.05382937141816214,IK_UNUYMBPXEFMLNW-DWVDDHQFSA-N,N6-Threonylcarbamoyladenosine,MTBLS11904,plasma,Positive,Reverse phase/C18
0.21307113859854976,-0.039760628009457497,IK_UNXHWFMMPAWVPI-QWWZWVQMSA-N,threitol,ST001814,plasma,Positive,GC-MS
0.09521004798009625,0.9816792144047823,IK_UNXHWFMMPAWVPI-QWWZWVQMSA-N,threitol,38720721,serum,Not reported,Reverse phase/C18
-0.3781104026461465,2.018999808090379,IK_UNXHWFMMPAWVPI-ZXZARUISSA-N,erythritol,38720721,serum,Not reported,Reverse phase/C18
-0.7586062410791673,-0.12634812379246096,IK_UOFYCFMTERCNEW-ADEYADIWSA-N,Ezetimibe-glucuronide,MTBLS11904,plasma,Negative,Reverse phase/C18
1.2419488160403667,0.020187022188066617,IK_UOXRPRZMAROFPH-IESLQMLBSA-N,LysoPI(16:0/0:0),MTBLS11904,plasma,Negative,Reverse phase/C18
-0.03239217828620318,-0.07313529696247022,IK_UPABQMWFWCMOFV-UHFFFAOYSA-N,N-Benzyl-2-phenylethylamine,MTBLS11904,plasma,Positive,Reverse phase/C18
-0.10113962068084154,-0.07819050546824469,IK_UPEZCKBFRMILAV-JMZLNJERSA-N,Ecdysone,MTBLS11904,plasma,Negative,Reverse phase/C18
0.2766363161485685,-0.050519458718462126,IK_UPISBTVRUJGIRH-HNANJHLJSA-N,"3,4'-Dimethyquercetin 7-[alpha-L-arabinofuranosyl-(1->6)-glucoside]",MTBLS11904,plasma,Negative,Reverse phase/C18
0.31684536031769694,-0.047574256853588015,IK_UPJFTVFLSIQQAV-KOLCDFICSA-N,Neocnidilide,MTBLS11904,plasma,Negative,Reverse phase/C18
0.30496877226377733,-0.048444184446596046,IK_UPLCTTWJNCYYAW-UHFFFAOYSA-N,Arg-Thr-Lys-Arg,MTBLS11904,plasma,Negative,Reverse phase/C18
0.5499160073599499,-0.03050247424939019,IK_UPMLOUAZCHDJJD-UHFFFAOYSA-N,"4,4'-Diphenylmethane diisocyanate",MTBLS11904,plasma,Negative,Reverse phase/C18
0.4503800672316761,-0.03728928095959638,IK_UPSPUYADGBWSHF-UHFFFAOYSA-N,Tolmetin,MTBLS11904,plasma,Positive,Reverse phase/C18
-0.9967915860717491,0.6025230469483911,IK_UPUWBGZZDIUZQD-UHFFFAOYSA-N,2-hydroxypyridine sulfate,38720721,serum,Not reported,Reverse phase/C18
-0.032214655166037665,-0.07312211552449384,IK_UPWPIFMHSFSVLE-UHFFFAOYSA-N,"N-Cyclohexyl-1,3-Benzothiazol-2-Amine",MTBLS11904,plasma,Positive,Reverse phase/C18
0.8923280736619378,-0.0054217340620232035,IK_UQDJGEHQDNVPGU-UHFFFAOYSA-N,L-2-Aminoethyl seryl phosphate,MTBLS11904,plasma,Negative,Reverse phase/C18
-0.08804545956043629,-0.0772675736044148,IK_UQOQENZZLBSFKO-POPPZSFYSA-N,PI(18:0/PGJ2),MTBLS11904,plasma,Positive,Reverse phase/C18
0.47952207086847465,-0.7039274385019375,IK_UQQIESBHLPZEGH-XBICCEFJSA-N,PC O-46:5 or PC 46:5e,37755270,serum,Not reported,Reverse phase/C18
0.10800058872059862,-0.06287156111339984,IK_UQWJOPVYLXZYCS-UHFFFAOYSA-N,Elatoside G,MTBLS11904,plasma,Negative,Reverse phase/C18
0.7119930213178516,-0.01863077976960968,IK_UQWLOWFDKAFKAP-WXHSDQCUSA-N,Zofenoprilat,MTBLS11904,plasma,Negative,Reverse phase/C18
0.29043324772034684,-0.049508871270018295,IK_UQZHJQWIISKTJN-QUBZPPHQSA-N,Sulfosuccinimidyl 6-(biotinamido)hexanoate,MTBLS11904,plasma,Negative,Reverse phase/C18
-0.16959249046864538,-0.08320448966873562,IK_URGVIWXYPWWBQO-UWEYSURVSA-N,LysoPE(P-18:1(9Z)/0:0),MTBLS11904,plasma,Negative,Reverse phase/C18
-0.053901978575092796,-0.0747324071870066,IK_URKOMYMAXPYINW-UHFFFAOYSA-N,Quetiapine,MTBLS11904,plasma,Positive,Reverse phase/C18
-0.6537206795300472,-0.11926916540660824,IK_URPXXNCTXCOATD-FXMFQVEGSA-N,PE(P-18:0/20:4),MTBLS11904,plasma,Positive,Reverse phase/C18
0.07960878456791322,-0.46935029505426296,IK_URTBCBICNCMCPB-CWUOWYQYSA-N,"2-trans,4-cis-decadienoylcarnitine",ACS1517,serum,Positive,Reverse phase/C18
-0.07982025343579138,-0.07665684880604505,IK_URVGHNOQCRQJTD-MELXFHLESA-N,"2,3-Dinor-TXB1",MTBLS11904,plasma,Positive,Reverse phase/C18
-0.15854312668532616,-0.08239515399546644,IK_USFJGINJGUIFSY-XZULNKEGSA-N,"3a,7a,12a-Trihydroxy-5b-cholestan-26-al",MTBLS11904,plasma,Negative,Reverse phase/C18
1.2356264533769512,0.019723926410442877,IK_USHMBEFGKMCIBD-BQYQJAHWSA-N,"(3beta,5alpha,6alpha,7alpha,22E,24R)-5,6-Epoxyergosta-8,14,22-triene-3,7-diol",MTBLS11904,plasma,Negative,Reverse phase/C18
-0.3631926864446761,-0.09738517049187416,IK_USWXDXYEVISELK-UHFFFAOYSA-N,4-Allylpyrocatechol sulfate,MTBLS11904,plasma,Negative,Reverse phase/C18
-0.09067870895614542,-0.07746309336073331,IK_USYNZBLVOOXNSN-ARRWHRBTSA-N,"(23S)-23,25-dihdroxy-24-oxovitamine D3 23-(beta-glucuronide)",MTBLS11904,plasma,Positive,Reverse phase/C18
-0.7391025655281019,-0.02407805413567142,IK_USYNZBLVOOXNSN-ARRWHRBTSA-N,"(23S)-23,25-dihdroxy-24-oxovitamine D3 23-(beta-glucuronide)",ST003159,serum,Negative,Reverse phase/C18
-0.13363913667786287,-0.08065292074161208,IK_UTAIYTHAJQNQDW-KQYNXXCUSA-N,1-Methylguanosine,MTBLS11904,plasma,Positive,Reverse phase/C18
0.010065269180245928,-0.06998281594047084,IK_UTBVIMLZIRIFFR-UHFFFAOYSA-N,2-(Methylthio)benzothiazole,MTBLS11904,plasma,Positive,Reverse phase/C18
0.6159167450189004,-0.025668102136901627,IK_UTIRJVJBKWSIOX-SRMFCGEKSA-N,Glucosylgalactosyl hydroxylysine,MTBLS11904,plasma,Negative,Reverse phase/C18
-0.0738116511716214,-0.07618880678796555,IK_UTNVEWHQVLDCMX-UHFFFAOYSA-N,Lactyltrimethylammonium betaine,MTBLS11904,plasma,Negative,Reverse phase/C18
-0.13112652667957256,-0.08038696337893807,IK_UTQBHMSOMGCBHH-QYPJFMAQSA-N,"PE-NMe(18:0/22:5(4Z,7Z,10Z,13Z,16Z))",MTBLS11904,plasma,Negative,Reverse phase/C18
-0.08283813509865516,-0.07688092766815777,IK_UTSVPXMQSFGQTM-DCXZOGHSSA-N,Sterigmatocystin,MTBLS11904,plasma,Positive,Reverse phase/C18
0.27285471611053996,-0.050796450471834204,IK_UTTULGRFBPONAA-VPENINKCSA-N,Difluorodeoxyuridine,MTBLS11904,plasma,Negative,Reverse phase/C18
1.6162090456636702,0.04760055279257441,IK_UTYVDVLMYQPLQB-UHFFFAOYSA-N,Phenylacetylglycine,MTBLS11904,plasma,Negative,Reverse phase/C18
-0.4523510705742176,-0.1043173979194937,IK_UUEPXFWSBUIUAZ-NSCUHMNNSA-N,Coumaryl acetate,MTBLS11904,plasma,Positive,Reverse phase/C18
0.32343361648419505,-0.04709168556819221,IK_UUILWXIBBZVJDU-UHFFFAOYSA-N,"2-Propyl-2,4-pentadienoic acid",MTBLS11904,plasma,Negative,Reverse phase/C18
0.3121432800417374,-0.7398633809809403,IK_UVOGHPPAYFAQIT-HWJOWLPRSA-N,TG 50:4|TG 14:0_18:2_18:2,37755270,serum,Not reported,Reverse phase/C18
-0.04896093772119195,-0.07436553320378375,IK_UVTLONZTPXCUPU-ZNMIVQPWSA-N,Ciramadol,MTBLS11904,plasma,Positive,Reverse phase/C18
0.045451406652353324,-0.06735538229913346,IK_UVZICZIVKIMRNE-UHFFFAOYSA-N,Thiodiacetic acid,MTBLS11904,plasma,Positive,Reverse phase/C18
0.33084829788740433,-0.04616455894153011,IK_UVZTZBRGZXIBLZ-UHFFFAOYSA-N,11-Maleimidoundecanoic acid,MTBLS11904,plasma,Positive,Reverse phase/C18
-0.09485048594689771,-0.07777284903204262,IK_UWHCKWNPWKTMBM-WDCWCFNPSA-N,Lys Thr Gln,MTBLS11904,plasma,Positive,Reverse phase/C18
-0.9726802560924227,-0.14202845589419955,IK_UWHZIFQPPBDJPM-BQYQJAHWSA-N,Vaccenic acid,MTBLS11904,plasma,Negative,Reverse phase/C18
-0.4844080144018168,-0.04492380026097918,IK_UWHZIFQPPBDJPM-BQYQJAHWSA-N,Vaccenic acid,38720721,serum,Not reported,Reverse phase/C18
-0.20339054000424944,-0.08568010331155082,IK_UWHZIFQPPBDJPM-FPLPWBNLSA-N,Cis-Vaccenic acid,MTBLS11904,plasma,Negative,Reverse phase/C18
0.18155193610277454,-0.05724986817621141,IK_UWNSWIXIVDMCHZ-UHFFFAOYSA-N,Mono-isopropyl-disopyramide,MTBLS11904,plasma,Positive,Reverse phase/C18
-0.035735517084169735,-0.07338354074548595,IK_UXDIXFDKSPCUIX-AXFHLTTASA-N,Cnidilide,MTBLS11904,plasma,Positive,Reverse phase/C18
0.26782783631296503,-0.050843851046687115,IK_UXDLYVBMRUIQCX-UHFFFAOYSA-N,"1-Hydroxy-2,2,5,5-tetramethylpyrrolidine-3-carboxamide",MTBLS11904,plasma,Positive,Reverse phase/C18
0.10128221104675195,-0.06320992421921251,IK_UXFQFBNBSPQBJW-UHFFFAOYSA-N,"2-Amino-2-methyl-1,3-propanediol",MTBLS11904,plasma,Positive,Reverse phase/C18
1.3525310735151579,0.028286868108867408,IK_UXZAXFPFSQRZOZ-UHFFFAOYSA-N,Nopalinic acid,MTBLS11904,plasma,Negative,Reverse phase/C18
-0.1393396893620023,-0.0809885550332478,IK_UYEMZAOCHUCHMG-GVTGRELXSA-N,Schleicherastatin 3,MTBLS11904,plasma,Negative,Reverse phase/C18
0.05538316936013131,-0.06672564229566258,IK_UYHSBQDAYWOYNS-LDQQKAIHSA-N,"(2xi,20beta)-2,20-Dihydroxy-3-oxo-12-ursen-28-oic acid",MTBLS11904,plasma,Negative,Reverse phase/C18
0.8714110987862421,-0.006953844520243446,IK_UYKREHOKELZSPB-JTQLQIEISA-N,Tryptophyl-Glycine,MTBLS11904,plasma,Negative,Reverse phase/C18
-0.04742241079730952,-0.07425129718846778,IK_UYNVMODNBIQBMV-UHFFFAOYSA-N,Ifenprodil,MTBLS11904,plasma,Positive,Reverse phase/C18
0.3338070052206309,-0.0459448736557974,IK_UYPYRKYUKCHHIB-UHFFFAOYSA-N,Trimethylamine N-oxide,MTBLS11904,plasma,Positive,Reverse phase/C18
-0.2710414962735244,-0.09085509576516854,IK_UYQGVDXDXBAABN-FQSPHKRJSA-N,13(S)-Hydroperoxylinolenic acid,MTBLS11904,plasma,Positive,Reverse phase/C18
0.5114500443732919,-0.03331999993067658,IK_UYUXSRADSPPKRZ-SKNVOMKLSA-N,D-Glucuronolactone,MTBLS11904,plasma,Negative,Reverse phase/C18
-0.04999244256826002,0.9625580030173602,IK_UYUXSRADSPPKRZ-SKNVOMKLSA-N,D-Glucuronolactone,38720721,serum,Not reported,Reverse phase/C18
-0.45911910370880277,-0.044660082742833576,IK_UYWXWYBEHLAUEW-UHFFFAOYSA-N,Antibiotic GR 95647X,ST003159,serum,Negative,Reverse phase/C18
0.15535922116606435,-0.05940267175181361,IK_UYXTWWCETRIEDR-UHFFFAOYSA-N,Tributyrylglycerol,MTBLS11904,plasma,Negative,Reverse phase/C18
-0.16303377699857707,-0.08272408175357839,IK_UYZBRJHRPDMUHS-UHFFFAOYSA-N,Alpha-Carboxy-delta-decalactone,MTBLS11904,plasma,Negative,Reverse phase/C18
-0.1872213077767531,0.44096699030287495,IK_UZKQTCBAMSWPJD-FARCUNLSSA-N,trans-Zeatin,38516193,plasma,Positive,LC-MS/unspecified
1.067049813617831,0.007376151872679496,IK_UZTFMUBKZQVKLK-UHFFFAOYSA-M,4-Acetamidobutanoate,MTBLS11904,plasma,Negative,Reverse phase/C18
0.04542182062552978,-0.06735757852897489,IK_UZTFMUBKZQVKLK-UHFFFAOYSA-N,4-Acetamidobutanoic acid,MTBLS11904,plasma,Positive,Reverse phase/C18
-0.15124582091476643,-0.08186064660500557,IK_UZUFPBIDKMEQEQ-UHFFFAOYSA-N,Perfluorononanoic Acid,MTBLS11904,plasma,Negative,Reverse phase/C18
0.4559964245830958,-0.037381825232223956,IK_UZWWTCBNUQJEPB-WLMOLUCVSA-N,20-Trihydroxy-leukotriene-B4,MTBLS11904,plasma,Negative,Reverse phase/C18
-0.16538606411247053,-0.08301014120003579,IK_VACHUYIREGFMSP-IRXDYDNUSA-N,"(9S,10S)-9,10-dihydroxyoctadecanoate",MTBLS11904,plasma,Positive,Reverse phase/C18
0.10345085140965872,-0.06320481682901127,IK_VACHUYIREGFMSP-UHFFFAOYSA-N,"9,10-Dihydroxystearic acid",MTBLS11904,plasma,Negative,Reverse phase/C18
0.07904771349786156,-0.06499227955408172,IK_VAOOAPRSEDZAEV-JFECCKQBSA-N,Isoscoparin 4'-glucoside,MTBLS11904,plasma,Negative,Reverse phase/C18
-0.10402247825244201,-0.07845387297179114,IK_VAPHLLYHDMUQSW-UHFFFAOYSA-N,Ethyl N2-acetyl-L-argininate,MTBLS11904,plasma,Positive,Reverse phase/C18
-0.1697106651351841,-0.08321314548340941,IK_VASLEPDZAKCNJX-UHFFFAOYSA-N,"1-Rhamnono-1,4-lactone",MTBLS11904,plasma,Negative,Reverse phase/C18
0.11780911428886151,-0.06215311377776231,IK_VBCLPDSIELLWDI-UHFFFAOYSA-N,2-[3-(sulfooxy)phenyl]acetic acid,MTBLS11904,plasma,Negative,Reverse phase/C18
-0.07342758219958538,-0.07616067485700848,IK_VBOQYPQEPHKASR-UHFFFAOYSA-N,DL-Homocysteic acid,MTBLS11904,plasma,Negative,Reverse phase/C18
0.26772866813714236,0.8148931382700801,IK_VBUYCZFBVCCYFD-JJYYJPOSSA-N,2-Ketogluconic acid,38720721,serum,Not reported,Reverse phase/C18
0.47870837076835526,4.631818083176415,IK_VCKPUUFAIGNJHC-UHFFFAOYSA-N,Hydroxykynurenine,28880465,serum,Positive,LC-MS/unspecified
0.25450804722782167,-0.05214029363588944,IK_VCMMXZQDRFWYSE-UHFFFAOYSA-N,Plumbagin,MTBLS11904,plasma,Negative,Reverse phase/C18
0.5695035136553098,-0.029067743356214495,IK_VCRXMIQBQGCAAL-UHFFFAOYSA-N,Tyrosol 4-sulfate,MTBLS11904,plasma,Negative,Reverse phase/C18
0.694532665176998,-0.019909702548240663,IK_VCSCPMNEABGTIT-MDTVQASCSA-L,Fe(II)-nicotianamine,MTBLS11904,plasma,Negative,Reverse phase/C18
0.4215007504149653,0.11014519921343677,IK_VCWMRQDBPZKXKG-ZNVDUFQESA-N,Galactinol,38720721,serum,Not reported,Reverse phase/C18
-0.10562017950596164,-0.0785725025634871,IK_VDNMIIDPBBCMTM-UHFFFAOYSA-N,(2-Hydroxyethoxy)acetic acid,MTBLS11904,plasma,Positive,Reverse phase/C18
0.10619366507141455,-0.06284524707434225,IK_VDQLKIBLTMPAHI-UHFFFAOYSA-N,"1-Propanone, 1-(3,4-dihydroxyphenyl)-2-methyl-",MTBLS11904,plasma,Positive,Reverse phase/C18
-0.05351509460103915,-0.07470213989004998,IK_VDYDCVUWILIYQF-CSMHCCOUSA-N,S-Lactoylglutathione,MTBLS11904,plasma,Negative,Reverse phase/C18
0.5778053075054338,-0.028459659865980702,IK_VDYXBEFIBYPOSV-UHFFFAOYSA-N,5-Hydroxyindolin-2-one sulfate,MTBLS11904,plasma,Negative,Reverse phase/C18
0.20616837934465732,-0.05542208796599335,IK_VEBOFLQVSWXAKE-FWGBWITRSA-N,"PC(20:4(8Z,11Z,14Z,17Z)-2OH(5S,6R)/P-18:0)",MTBLS11904,plasma,Positive,Reverse phase/C18
-0.1041826262736425,-0.07841339733845237,IK_VEBVPUXQAPLADL-POYOOMFHSA-N,Ingenol,MTBLS11904,plasma,Negative,Reverse phase/C18
-0.001947081667996623,-0.0708747373043557,IK_VEESGYSTEQKVJL-KVKKDTSVSA-N,Corchoroside B,MTBLS11904,plasma,Positive,Reverse phase/C18
-0.011681144047233024,-0.07163791836509832,IK_VELYAQRXBJLJAK-XKKWFBPMSA-N,Ajugol,MTBLS11904,plasma,Negative,Reverse phase/C18
0.10625283940105172,-0.06284085349796224,IK_VEOYBEJCEMJLHN-OAQYLSRUSA-N,Hydroxytetradecadienyl-l-carnitine,MTBLS11904,plasma,Positive,Reverse phase/C18
0.01627855415256362,-0.06952147728645502,IK_VEYJKJORLPYVLO-RYUDHWBXSA-N,Valyltyrosine,MTBLS11904,plasma,Positive,Reverse phase/C18
1.006219231706188,0.0029204797449433606,IK_VEYYWZRYIYDQJM-ZETCQYMHSA-N,N-alpha-acetyllysine,MTBLS11904,plasma,Negative,Reverse phase/C18
-0.044966683048190514,-0.07406895836193966,IK_VFBPKQSATYZKRX-UHFFFAOYSA-N,Dactimicin,MTBLS11904,plasma,Positive,Reverse phase/C18
0.2853812659684175,-0.04987891533977178,IK_VFLQJBVJJLGBKM-HZPDHXFCSA-N,Muricatacin,MTBLS11904,plasma,Negative,Reverse phase/C18
-0.31701580374300226,-0.0940028410022341,IK_VFLYULAVOFVIAM-RRDRPCBCSA-N,"1-(4-O-beta-D-glucopyranosyl-3-methoxyphenyl)-3,5-dihydroxydecane",MTBLS11904,plasma,Negative,Reverse phase/C18
0.13916098822391484,-0.0913694136378212,IK_VFRROHXSMXFLSN-SLPGGIOYSA-N,glucose-6-phosphate,38720721,serum,Not reported,Reverse phase/C18
-0.1032828012185317,-0.07839895149823017,IK_VFYGOZNDDVMNNT-UHFFFAOYSA-N,Dodecenoylcarnitine,MTBLS11904,plasma,Positive,Reverse phase/C18
-0.01242090492119603,-0.07165242275324979,IK_VGHLCDUMOBMFJC-WNDXKNNZSA-N,"DG(14:0/22:6(4Z,7Z,11E,13Z,15E,19Z)-2OH(10S,17)/0:0)",MTBLS11904,plasma,Positive,Reverse phase/C18
-0.7058411020797414,-0.1224832223085887,IK_VGJDUVKGGZDWPB-WRPJNQIKSA-N,"PE-NMe(22:0/22:5(7Z,10Z,13Z,16Z,19Z))",MTBLS11904,plasma,Negative,Reverse phase/C18
-0.025684881453244306,-0.07266365346413997,IK_VGRHZPNRCLAHQA-UHFFFAOYSA-N,Aspartyl-Asparagine,MTBLS11904,plasma,Negative,Reverse phase/C18
-0.1194567452623006,-0.07953218404503903,IK_VGSSUFQMXBFFTM-METNKUIYSA-N,"(3beta,5alpha,6beta,24R)-Stigmastane-3,5,6-triol",MTBLS11904,plasma,Negative,Reverse phase/C18
-0.4978855733620069,-0.10769835148031097,IK_VGSUMLIRUGDCTF-NSMRCOLJSA-N,"PC(18:0/20:3(8Z,11Z,14Z))",MTBLS11904,plasma,Positive,Reverse phase/C18
-0.16702218367325325,-0.08301622176605947,IK_VGZSUPCWNCWDAN-UHFFFAOYSA-N,Acetohexamide,MTBLS11904,plasma,Negative,Reverse phase/C18
0.006606437837796252,-0.07029840315854256,IK_VHKNBDIQDAXGBL-UHFFFAOYSA-M,"2,5-Dioxopentanoate",MTBLS11904,plasma,Negative,Reverse phase/C18
-0.27272972173150345,-0.09075900728895488,IK_VHMKGBYCXDBNFU-CVWCHQOZSA-N,4'-Methoxymucidin,MTBLS11904,plasma,Negative,Reverse phase/C18
0.20717895895236108,-0.05560701911905114,IK_VHRUMKCAEVRUBK-WKELIDJCSA-N,PA(2:0/PGJ2),MTBLS11904,plasma,Negative,Reverse phase/C18
0.24192240970109438,-0.05306215662512616,IK_VHVGNTVUSQUXPS-YUMQZZPRSA-N,L-Threo-3-Phenylserine,MTBLS11904,plasma,Negative,Reverse phase/C18
-0.042406644622445644,-0.07388847686779246,IK_VHVOLFRBFDOUSH-NSCUHMNNSA-N,ISOSAFROLE,MTBLS11904,plasma,Negative,Reverse phase/C18
-0.024255733320433733,-0.07253116257883307,IK_VIDLVGFSJZUUCT-KRXZEVONSA-N,"SM(d18:2(4E,14Z)/20:5(7Z,9Z,11E,13E,17Z)-3OH(5,6,15))",MTBLS11904,plasma,Positive,Reverse phase/C18
-0.1074841658409369,-0.07871090461640323,IK_VIHAEDVKXSOUAT-UHFFFAOYSA-N,2(5H)-Furanone,MTBLS11904,plasma,Positive,Reverse phase/C18
-0.3535894260897545,-0.09698430990555773,IK_VIHYIVKEECZGOU-UHFFFAOYSA-N,1-Acetylimidazole,MTBLS11904,plasma,Positive,Reverse phase/C18
-0.15287073300895967,-0.08208087347727155,IK_VIMPHGVJPCSNPE-ZCLMWFBCSA-N,"PC(22:6(4Z,7Z,10Z,13Z,16Z,19Z)/18:3(6Z,9Z,12Z))",MTBLS11904,plasma,Positive,Reverse phase/C18
9.13774063707268,0.5985320179358512,IK_VISAJVAPYPFKCL-UHFFFAOYSA-N,3-Methoxy-4-hydroxyphenylglycolaldehyde,MTBLS11904,plasma,Negative,Reverse phase/C18
-0.9320310101298453,-0.13905101034615794,IK_VIVOIHQVZSMABQ-OWRFCLNLSA-N,"PE(18:3(9Z,12Z,15Z)/18:2(9Z,12Z))",MTBLS11904,plasma,Negative,Reverse phase/C18
-0.26826861558825776,-0.09043224340926749,IK_VJDOAZKNBQCAGE-UHFFFAOYSA-N,Polyribosylribitolphosphate,MTBLS11904,plasma,Negative,Reverse phase/C18
-6.933842980229336,-5.519589582974838,IK_VJLLLMIZEJJZTE-LKPYDFSUSA-N,C16:0 glucosylceramide,24058461,plasma,Not reported,LC-MS/unspecified
2.0897839508454163,-0.232033994867774,IK_VJNCICVKUHKIIV-ZCFIWIBFSA-N,"Dopachrome2,3",ST003159,serum,Negative,Reverse phase/C18
0.06841097417982533,-0.06565062596582774,IK_VJNXUFOTKNTNPG-IOSLPCCCSA-O,7-Methylinosine,MTBLS11904,plasma,Positive,Reverse phase/C18
-7.325687189740071,-6.482263876770169,IK_VJSBNBBOSZJDKB-KPEYJIHVSA-N,C24:1 ceramide,24058461,plasma,Not reported,LC-MS/unspecified
0.10214023673993665,-0.06314621559289153,IK_VJZBXAQGWLMYMS-HNNXBMFYSA-N,"(S)-10,16-Dihydroxyhexadecanoic acid",MTBLS11904,plasma,Positive,Reverse phase/C18
-0.13402181410699032,-0.0805990354557222,IK_VKENMLSUUVOQLD-VQVTYTSYSA-N,Gamma-Glutamylhydroxyproline,MTBLS11904,plasma,Negative,Reverse phase/C18
4.104679139644104,0.22987413104704285,IK_VKEQBMCRQDSRET-UHFFFAOYSA-N,Methylone,MTBLS11904,plasma,Negative,Reverse phase/C18
-0.437512663276146,-0.04624840646016548,IK_VKOBVWXKNCXXDE-UHFFFAOYSA-N,arachidic acid,ST003159,serum,Negative,Reverse phase/C18
-7.0052170168447585,-6.187330831124313,IK_VKOBVWXKNCXXDE-UHFFFAOYSA-N,arachidic acid,24058461,plasma,Not reported,LC-MS/unspecified
0.006604283281223644,-0.6601676584927612,IK_VKOBVWXKNCXXDE-UHFFFAOYSA-N,arachidic acid,33485385,plasma,Negative,LC-MS/unspecified
-0.32768734570744773,0.2933447008677704,IK_VKVSSDKCKXJFIM-AFYHZPHLSA-N,PC 34:3,33485385,plasma,Positive,LC-MS/unspecified
-0.07520467038815398,-0.0763141396434,IK_VKYKSIONXSXAKP-UHFFFAOYSA-N,Methenamine,MTBLS11904,plasma,Positive,Reverse phase/C18
0.1595200285705379,-0.139873350393031,IK_VLBPIWYTPAXCFJ-UHFFFAOYSA-N,LPC O-16:0,37755270,serum,Not reported,Reverse phase/C18
0.17069242795482614,-0.05827955647921628,IK_VLBPIWYTPAXCFJ-XMMPIXPASA-N,1-O-Hexadecyl-sn-glycero-3-phosphocholine,MTBLS11904,plasma,Negative,Reverse phase/C18
-0.033161441346937076,-0.07319241466587262,IK_VLDVBZICYBVQHB-IUCAKERBSA-N,Histidylvaline,MTBLS11904,plasma,Positive,Reverse phase/C18
0.3862648831854101,-0.042049856805755945,IK_VLFJNHPNIOTOOA-YMIVKDKMSA-N,"LysoPE(0:0/22:4(7Z,10Z,13Z,16Z))",MTBLS11904,plasma,Positive,Reverse phase/C18
-0.17718523324113225,-0.08376063654571837,IK_VLIUMVVQGMLOJG-SEBNEYGDSA-N,Daucol,MTBLS11904,plasma,Negative,Reverse phase/C18
-0.05422743651261025,-0.07475657271642079,IK_VLJNHYLEOZPXFW-BYPYZUCNSA-N,L-prolinamide,MTBLS11904,plasma,Positive,Reverse phase/C18
-0.2989421046548973,-0.09292672608169714,IK_VLPFTAMPNXLGLX-UHFFFAOYSA-N,TG(8:0/8:0/8:0),MTBLS11904,plasma,Positive,Reverse phase/C18
0.03585475006246043,-0.06815604523133881,IK_VLSMHEGGTFMBBZ-OOZYFLPDSA-N,Kainic acid,MTBLS11904,plasma,Negative,Reverse phase/C18
0.04536783862879618,-0.06745923738222315,IK_VLTXBOGHSBHSAC-UHFFFAOYSA-N,Perfluoro tert-butylcyclohexane,MTBLS11904,plasma,Negative,Reverse phase/C18
0.016574425260842834,-0.06949950859539344,IK_VLULRUCCHYVXOH-UHFFFAOYSA-N,TIC10,MTBLS11904,plasma,Positive,Reverse phase/C18
0.5089683687455939,-0.03350177599742871,IK_VMEHOTODTPXCKT-RXMQYKEDSA-N,(2R)-2-Hydroxy-2-methylbutanenitrile,MTBLS11904,plasma,Negative,Reverse phase/C18
0.05690160358685109,-0.0665052009708332,IK_VMFFESMCXOCOIZ-UHFFFAOYSA-N,Cholylaspartic acid,MTBLS11904,plasma,Positive,Reverse phase/C18
-0.37660554824200376,-0.09836762540084973,IK_VMGXLRXDXJZSTP-UHFFFAOYSA-N,Olsalazine-O-sulfate,MTBLS11904,plasma,Negative,Reverse phase/C18
-0.04146124421173117,-0.07381922862519386,IK_VMJGIIURAHPLEX-AVQMFFATSA-N,N-Linoleoyl Tryptophan,MTBLS11904,plasma,Negative,Reverse phase/C18
9.769775996464608,0.6448268665758891,IK_VMOJNRFXEJSJDS-UHFFFAOYSA-N,5-Methylpyrogallol sulfate,MTBLS11904,plasma,Negative,Reverse phase/C18
-0.5137172972061548,3.051237828023161,IK_VMUXSMXIQBNMGZ-UHFFFAOYSA-N,Dihydrocoumarin,38720721,serum,Not reported,Reverse phase/C18
-1.3288453684478894,-0.39771752412119443,IK_VMYXUZSZMNBRCN-UHFFFAOYSA-N,alpha-curcumene,24167579,serum,Positive,Reverse phase/C18
-0.10659655318726,-0.0786449984428933,IK_VMZVBRIIHDRYGK-UHFFFAOYSA-N,"2,6-Di-tert-butyl-4-[(dimethylamino)methyl]phenol",MTBLS11904,plasma,Positive,Reverse phase/C18
0.09193269629220281,-0.0639041296972626,IK_VNBZCSKDIGCTNO-UHFFFAOYSA-N,Methyl 3b-hydroxy-13(18)-oleanen-28-oate,MTBLS11904,plasma,Positive,Reverse phase/C18
0.24732891545263985,-0.05266614511135134,IK_VNGUCOGHCJHFID-FLZFTVBESA-N,Soyasapogenol C,MTBLS11904,plasma,Negative,Reverse phase/C18
-1.154876564154264,-0.15537383289121112,IK_VNKBTWQZTQIWDV-UHFFFAOYSA-N,Azamethiphos,MTBLS11904,plasma,Negative,Reverse phase/C18
0.7155973590204917,-0.018366771688085717,IK_VNRLQDGXGABKPC-UHFFFAOYSA-N,10-Hydroxymelleolide,MTBLS11904,plasma,Negative,Reverse phase/C18
-0.25737226903971044,-0.08984015062469654,IK_VOBYAKCXGQQFLR-LSJOCFKGSA-N,Ile Gly Val,MTBLS11904,plasma,Positive,Reverse phase/C18
0.41823951187166,-0.04014741490877048,IK_VOCBWIIFXDYGNZ-IXKNJLPQSA-N,Testosterone enanthate,MTBLS11904,plasma,Negative,Reverse phase/C18
-0.07405077506026547,-0.07622846283420343,IK_VOOYTQRREPYRIW-UHFFFAOYSA-N,Marindinin,MTBLS11904,plasma,Positive,Reverse phase/C18
0.20386468308314748,-0.044360516325596545,IK_VOXZDWNPVJITMN-ZBRFXRBCSA-N,estradiol (E2),37589832,plasma,Not reported,LC-MS/unspecified
0.008260887721318392,-0.07017721951971526,IK_VOZHMAYHYHEWBW-NVOOAVKYSA-N,Bufotalin,MTBLS11904,plasma,Negative,Reverse phase/C18
-6.11998899011017,-5.5099270114101,IK_VOZHMDQUIRUFQW-LOTHNZFDSA-N,C18:0 lactosylceramide,24058461,plasma,Not reported,LC-MS/unspecified
-0.07177313231606323,-0.07603949121818118,IK_VPAOSFFTKWUGAD-TVKJYDDYSA-N,Skimmin,MTBLS11904,plasma,Negative,Reverse phase/C18
0.7933801450818614,-0.012669396937927749,IK_VPGRYOFKCNULNK-ACXQXYJUSA-N,Deoxycorticosterone acetate,MTBLS11904,plasma,Negative,Reverse phase/C18
0.2779362405588991,-0.05042424303184216,IK_VPKCCODFKUZEMT-KZVLABISSA-N,Glu-Ile-Leu-Asp-Val,MTBLS11904,plasma,Negative,Reverse phase/C18
0.1136668185634977,0.08626671531553062,IK_VPZKQTYZIVOJDV-LMVFSUKVSA-N,Thr-Ala,38720721,serum,Not reported,Reverse phase/C18
0.040079506872628706,-0.06784659298099899,IK_VQASKUSHBVDKGU-UHFFFAOYSA-N,Paramethadione,MTBLS11904,plasma,Negative,Reverse phase/C18
-1.4687866721109897,2.8256277046452634,IK_VQAYFKKCNSOZKM-IOSLPCCCSA-N,6-Methyladenosine,38720721,serum,Not reported,Reverse phase/C18
0.0792840636333537,-0.06497496731622299,IK_VQDBNKDJNJQRDG-UHFFFAOYSA-N,Pirbuterol,MTBLS11904,plasma,Negative,Reverse phase/C18
-6.352327285369178,-6.903915013396576,IK_VQFKFAKEUMHBLV-BYSUZVQFSA-N,C26:0 galactosylceramide,24058461,plasma,Not reported,LC-MS/unspecified
0.45384175482017103,-0.03703224931498429,IK_VQPVVWAFTIFKDD-LURJTMIESA-N,Gamma-Glutamyl-beta-aminopropiononitrile,MTBLS11904,plasma,Positive,Reverse phase/C18
1.1838463292204755,-0.16543708159944634,IK_VQZRLBWPEHFGCD-UHFFFAOYSA-N,p-Cresol3,ST003159,serum,Negative,Reverse phase/C18
1.2355673657081017,0.019719598553268547,IK_VRBFTYUMFJWSJY-UHFFFAOYSA-N,Parylene C,MTBLS11904,plasma,Negative,Reverse phase/C18
-0.15278209613174987,-0.08197317442915908,IK_VRCGDJCVKWWRME-UHFFFAOYSA-N,Alpha-Campholonic acid,MTBLS11904,plasma,Negative,Reverse phase/C18
1.536006432059818e-4,-0.07071876074526917,IK_VSDWHZGJGWMIRN-UHFFFAOYSA-N,"3-Methyl-1-(2,4,6-trihydroxyphenyl)-1-butanone",MTBLS11904,plasma,Positive,Reverse phase/C18
-0.01638557196254453,-0.0719468001482301,IK_VSLCIGXQLCYQTD-NPJQDHAYSA-N,Dynorphin B (10-13),MTBLS11904,plasma,Positive,Reverse phase/C18
0.007640468613790235,-0.07022266368853108,IK_VSMOENVRRABVKN-QMMMGPOBSA-N,(R)-1-Octen-3-ol,MTBLS11904,plasma,Negative,Reverse phase/C18
0.12054339420708704,-0.061779774645200444,IK_VSOJKDUWYQCWFM-UHFFFAOYSA-N,Noroxyhydrastinine,MTBLS11904,plasma,Positive,Reverse phase/C18
7.85085918492837,0.504271497299859,IK_VSTZVCJQGSLNLL-UHFFFAOYSA-N,2-aminophenol sulphate,MTBLS11904,plasma,Negative,Reverse phase/C18
-0.3799439923103072,-0.09861215726576524,IK_VTCHIESVVACVBD-DMKRFUROSA-N,Genistein sulfate,MTBLS11904,plasma,Negative,Reverse phase/C18
-0.018308731955996287,-0.07208959587785144,IK_VTDZILAWJJXPEL-UHFFFAOYSA-N,Lupeoside,MTBLS11904,plasma,Positive,Reverse phase/C18
-0.39489313012703303,-0.09970714060740549,IK_VTJXFTPMFYAJJU-UHFFFAOYSA-N,Tyrphostin 23,MTBLS11904,plasma,Negative,Reverse phase/C18
-0.4735418687246814,-0.10547379478130438,IK_VTXNIAJKDLEHGX-UHFFFAOYSA-N,2-Hydroxyfelbamate,MTBLS11904,plasma,Negative,Reverse phase/C18
0.8040218040756915,-0.011889924663462018,IK_VUALREFPJJODHZ-JTCHKQLLSA-N,Chitobiose,MTBLS11904,plasma,Negative,Reverse phase/C18
0.01755079827098049,-0.06942701261566206,IK_VUNOFAIHSALQQH-UHFFFAOYSA-N,Ethyl menthane carboxamide,MTBLS11904,plasma,Positive,Reverse phase/C18
-0.3927659799725266,-0.09955133249286069,IK_VUUOTOOJGWQGRY-OEOQYRPPSA-N,PC(P-18:1(9Z)/PGJ2),MTBLS11904,plasma,Negative,Reverse phase/C18
-0.03993688170657493,-0.073695493863659,IK_VUWCGGOBVYCOMA-UHFFFAOYSA-N,"3,9-Dimethyl-6-(1-methylethyl)-1,4-dioxaspiro[4.5]decan-2-one",MTBLS11904,plasma,Positive,Reverse phase/C18
-0.4882218371639496,-0.10654321069133682,IK_VVEULVVIJNQTMD-OJZQPWLLSA-N,"DG(2:0/0:0/20:4(5Z,8Z,11Z,14Z)-OH(20))",MTBLS11904,plasma,Negative,Reverse phase/C18
0.5912754982418086,-0.45636190207117794,IK_VVHOUVWJCQOYGG-REOHCLBHSA-N,guanidinosuccinate,38720721,serum,Not reported,Reverse phase/C18
0.24572629380751698,-0.05248489865334667,IK_VVLXCWVSSLFQDS-QWRGUYRKSA-N,Gamma-Glutamyltyrosine,MTBLS11904,plasma,Positive,Reverse phase/C18
-1.0910398192220572,0.2973996246249004,IK_VVOAZFWZEDHOOU-UHFFFAOYSA-N,MAG,37755270,serum,Not reported,Reverse phase/C18
0.022876471392035958,-0.06903157952664501,IK_VVPRQWTYSNDTEA-LLVKDONJSA-N,L-Hexanoylcarnitine,MTBLS11904,plasma,Positive,Reverse phase/C18
0.1265791575328146,-0.06133161692097503,IK_VVQNEPGJFQJSBK-UHFFFAOYSA-N,Methyl methacrylate,MTBLS11904,plasma,Positive,Reverse phase/C18
0.19042425959947173,1.8148856374541318,IK_VVQVMHASNBSOOC-UHFFFAOYSA-N,4-(Hydroxymethyl)benzenesulfonic acid,38720721,serum,Not reported,Reverse phase/C18
0.4041650618708676,-0.04072076170875827,IK_VVUVJGRVEYHIHC-UHFFFAOYSA-N,2-(4-Morpholinyl)benzothiazole,MTBLS11904,plasma,Positive,Reverse phase/C18
-1.9118132589172183,2.7549890391131773,IK_VVYXIRKYWOEDRA-UHFFFAOYSA-N,Methyl morpholine-3-carboxylate,38720721,serum,Not reported,Reverse phase/C18
-0.17839652728618344,-0.08384936100492545,IK_VWEHHIHNZFXYIU-NAJHMEIQSA-N,3-epi-2-Deoxy-25-methyldolichosterone,MTBLS11904,plasma,Negative,Reverse phase/C18
-0.2154769769605815,-0.08672941014646773,IK_VWTPJNGTEYZXFV-ZWKQNVPVSA-N,3-ketosphingosine,MTBLS11904,plasma,Positive,Reverse phase/C18
1.3720890363116733,0.029719435023293328,IK_VWWQXMAJTJZDQX-UYBVJOGSSA-N,FAD,MTBLS11904,plasma,Negative,Reverse phase/C18
-0.12307655226578801,-0.0798686448779854,IK_VWYVABSAUVXYNS-UHFFFAOYSA-N,N-Stearoyl Lysine,MTBLS11904,plasma,Positive,Reverse phase/C18
-0.07366393233507751,-0.07617798709486723,IK_VXBLCLVRWCLEOX-BFYSZXNBSA-N,6-Deoxocastasterone,MTBLS11904,plasma,Negative,Reverse phase/C18
0.5547316389763872,-0.030149742417495462,IK_VXIXUWQIVKSKSA-UHFFFAOYSA-N,4-Hydroxycoumarin,MTBLS11904,plasma,Negative,Reverse phase/C18
0.07805635991139968,-0.06493445250555241,IK_VXQBJTKSVGFQOL-UHFFFAOYSA-N,2-(2-Butoxyethoxy)ethyl acetate,MTBLS11904,plasma,Positive,Reverse phase/C18
-0.01588259170727622,-0.07190945378935071,IK_VXUOFDJKYGDUJI-OAQYLSRUSA-N,LPC 14:0,MTBLS11904,plasma,Positive,Reverse phase/C18
0.1743379718919074,0.10825077572383553,IK_VXUOFDJKYGDUJI-OAQYLSRUSA-N,LPC 14:0,37755270,serum,Not reported,Reverse phase/C18
0.3154038477534805,-0.04731131460348849,IK_VYFLJWHRKHRHBR-CGLJIMKOSA-N,"PS(22:1(13Z)/22:6(5Z,8E,10Z,13Z,15E,19Z)-2OH(7S, 17S))",MTBLS11904,plasma,Positive,Reverse phase/C18
0.09850102603127621,-0.06341642867548,IK_VYFYYTLLBUKUHU-UHFFFAOYSA-N,Dopamine,MTBLS11904,plasma,Positive,Reverse phase/C18
-0.33459863736274853,6.444043862889193,IK_VYFYYTLLBUKUHU-UHFFFAOYSA-N,Dopamine,38720721,serum,Not reported,Reverse phase/C18
0.3281606169329381,-0.04674544557222153,IK_VYIRVAXUEZSDNC-RDJLEWNRSA-N,Capsanthin,MTBLS11904,plasma,Negative,Reverse phase/C18
1.404474895925375,0.03209161018390416,IK_VYMDGNCVAMGZFE-UHFFFAOYSA-N,Phenylbutazone,MTBLS11904,plasma,Negative,Reverse phase/C18
0.09444000728431239,-0.0638648363239849,IK_VYUIKSFYFRVQLF-YLNAYWRASA-N,Castasterone,MTBLS11904,plasma,Negative,Reverse phase/C18
-0.12455590553119397,-0.07997848721659616,IK_VYYMKBGJOHEYSB-ZKQZXHNPSA-N,"DG(10:0/0:0/20:4(6E,8Z,11Z,14Z)+=O(5))",MTBLS11904,plasma,Positive,Reverse phase/C18
0.38095362101136276,-0.4143810728796708,IK_VYZAGTDAHUIRQA-WHFBIAKZSA-N,Ala-Glu,38720721,serum,Not reported,Reverse phase/C18
0.7015049896443715,-0.019398999231562547,IK_VZCYOOQTPOCHFL-OWOJBTEDSA-N,fumaric acid,MTBLS11904,plasma,Negative,Reverse phase/C18
0.2621598778004122,-0.051579818192896046,IK_VZCYOOQTPOCHFL-UPHRSURJSA-N,Maleic Acid,MTBLS11904,plasma,Negative,Reverse phase/C18
0.197262671318154,-0.05608334005303288,IK_VZFRNCSOCOPNDB-AOKDLOFSSA-N,Domoic acid,MTBLS11904,plasma,Positive,Reverse phase/C18
0.046279844845139084,-0.0672938704108399,IK_VZJHQHUOVIDRCF-UHFFFAOYSA-N,3-Isolongifolol,MTBLS11904,plasma,Positive,Reverse phase/C18
-0.0541043775657882,-0.5265142245862063,IK_VZQRMZUULSWEHB-XCFXQIAYSA-N,PC 32:3,33485385,plasma,Positive,LC-MS/unspecified
-0.02952556848896187,-0.07294497317501154,IK_WAAPEIZFCHNLKK-PELKAZGASA-N,"(2R,4S)-2-Aminoformyl-6-fluoro-spiro[chroman-4,4'-imidazolidine]-2',5'-dione",MTBLS11904,plasma,Negative,Reverse phase/C18
-0.23231202000345047,-0.08797941834081544,IK_WAZYDHAWJWFGBD-LMJTUUMUSA-N,"PC(18:3(9Z,12Z,15Z)/20:1(11Z))",MTBLS11904,plasma,Positive,Reverse phase/C18
0.08986456060341744,-0.06405768895312927,IK_WBBQTNCISCKUMU-IUQGRGSQSA-N,"13,16,19-Docosatrienoic acid",MTBLS11904,plasma,Positive,Reverse phase/C18
-0.4061807087559567,0.061359099809501716,IK_WBHHMMIMDMUBKC-QJWNTBNXSA-N,Ricinoleic acid,37755270,serum,Not reported,Reverse phase/C18
2.4236180208140126e-4,-0.07071217033053656,IK_WBIICVGYYRRURR-UHFFFAOYSA-N,"3-(Aminomethyl)-2,5,9-trimethyl-7H-furo[3,2-g]chromen-7-one",MTBLS11904,plasma,Positive,Reverse phase/C18
0.17181778921232477,-0.05797263205121933,IK_WBOMIOWRFSPZMC-AYICAFKVSA-N,LysoPC(P-18:0/0:0),MTBLS11904,plasma,Positive,Reverse phase/C18
-7.380077748598913,-7.955506371118579,IK_WBOZIXHPUPAOIA-JZZPSRGZSA-N,C24:1 glucosylceramide,24058461,plasma,Not reported,LC-MS/unspecified
0.08092630608575085,-0.06472135763455232,IK_WBYWAXJHAXSJNI-VOTSOKGWSA-N,Cinnamic acid,MTBLS11904,plasma,Positive,Reverse phase/C18
0.07783642025522515,-0.06508100340477765,IK_WCQFXNQALHURHS-BUHFOSPRSA-N,[12]-Shogaol,MTBLS11904,plasma,Negative,Reverse phase/C18
-0.5825173387261017,0.7954989891568628,IK_WCRMUYBCGFGNRR-LTFXTMEVSA-N,PC O-42:4,37755270,serum,Not reported,Reverse phase/C18
0.011126630847476959,-0.06996731203019203,IK_WDEABJKSGGRCQA-UHFFFAOYSA-N,Docebenone,MTBLS11904,plasma,Negative,Reverse phase/C18
0.005286198297847589,-0.06706460763059383,IK_WDJHALXBUFZDSR-UHFFFAOYSA-M,Acetoacetate,ST001814,plasma,Positive,GC-MS
0.11902040753149794,-0.06206438992706637,IK_WDLWHQDACQUCJR-PBFPGSCMSA-N,Cefprozil,MTBLS11904,plasma,Negative,Reverse phase/C18
-0.4045834803575965,-0.10041693222869444,IK_WDNOQSUMHJTAOV-RAUWIWGKSA-N,"PC(20:5(5Z,8Z,11Z,14Z,17Z)/P-18:1(11Z))",MTBLS11904,plasma,Negative,Reverse phase/C18
-0.9049222662383475,-0.01188838489698335,IK_WDZVGELJXXEGPV-YIXHJXPBSA-N,Guanabenz,ST003159,serum,Negative,Reverse phase/C18
0.2859721415771011,-0.049835635149705695,IK_WEQJQNWXCSUVMA-NEPJUHHUSA-N,Phenylalanylproline,MTBLS11904,plasma,Negative,Reverse phase/C18
-0.17870024671078286,-0.08399872468157737,IK_WEWBWVMTOYUPHH-QHAQEBJBSA-N,Lotaustralin,MTBLS11904,plasma,Positive,Reverse phase/C18
0.1614623147496537,-0.058741529638517045,IK_WEYCUJKFHUWUDC-BSNNDZOISA-N,DG(18:0/16:1(9Z)/0:0),MTBLS11904,plasma,Positive,Reverse phase/C18
-0.49717548395974964,-0.10764562745361377,IK_WFTPSUGFEZHCGU-UHFFFAOYSA-N,Cyclohexaneundecanoic acid,MTBLS11904,plasma,Positive,Reverse phase/C18
-0.09343030701112895,-0.07766740026981185,IK_WFUAUEQXPVNAEF-ZJDVBMNYSA-N,Thr Arg Thr,MTBLS11904,plasma,Positive,Reverse phase/C18
-0.04245178311417043,-0.07388222636689232,IK_WGFOBBZOWHGYQH-MXHNKVEKSA-N,Lubiprostone,MTBLS11904,plasma,Positive,Reverse phase/C18
0.21847660130117907,-0.05450819791104691,IK_WGGPVIRCYGIRPH-XHATVUSISA-N,"DG(20:4(8Z,11Z,14Z,17Z)/18:0/0:0)",MTBLS11904,plasma,Positive,Reverse phase/C18
0.2077128418450288,-0.6632973569946509,IK_WGNAKZGUSRVWRH-UHFFFAOYSA-N,p-Cresol sulfate,33485385,plasma,Positive,LC-MS/unspecified
0.8533505132609264,-0.14114180929012193,IK_WGOIHPRRFBCVBZ-GSVOUGTGSA-N,"Pyroglutamic acid/ Pyrrolidonecarboxylic acid1,3",ST003159,serum,Negative,Reverse phase/C18
0.2680922248464743,-0.4303734394000323,IK_WHBHBVVOGNECLV-OBQKJFGGSA-N,Cortodoxone,38720721,serum,Not reported,Reverse phase/C18
0.05272982659609882,-0.06681495664214249,IK_WHBMMWSBFZVSSR-UHFFFAOYSA-N,3-Hydroxybutyric acid,MTBLS11904,plasma,Positive,Reverse phase/C18
0.9559535621453468,0.05785834853467642,IK_WHBMMWSBFZVSSR-UHFFFAOYSA-N,3-Hydroxybutyric acid,ST001814,plasma,Positive,GC-MS
-0.6763500786156879,-0.23510225066649285,IK_WHBMMWSBFZVSSR-UHFFFAOYSA-N,3-Hydroxybutyric acid,38720721,serum,Not reported,Reverse phase/C18
-0.2521733562623895,-0.08091471485340615,IK_WHEUWNKSCXYKBU-QPWUGHHJSA-N,2-methoxyestrone (2-ME1),37589832,plasma,Not reported,LC-MS/unspecified
0.6552099329473197,-0.022789984636201605,IK_WHMOBEGYTDWMIG-BSWAIDMHSA-N,Chenodeoxycholic acid 3-sulfate,MTBLS11904,plasma,Negative,Reverse phase/C18
0.300625841589485,-0.0487622919030985,IK_WHNWPMSKXPGLAX-UHFFFAOYSA-N,N-VINYL-2-PYRROLIDONE,MTBLS11904,plasma,Negative,Reverse phase/C18
0.5233548733757083,0.42405523001382933,IK_WHPVYXDFIXRKLN-UHFFFAOYSA-N,PBDE 99,24167579,serum,Positive,Reverse phase/C18
-0.8470602296332116,-0.1328271347958344,IK_WHSXTWFYRGOBGO-UHFFFAOYSA-N,3-Cresotinic acid,MTBLS11904,plasma,Negative,Reverse phase/C18
0.7529097621450103,-0.13375824962863941,IK_WHUUTDBJXJRKMK-UXXIZXEISA-N,"Glutamic acid2,3",ST003159,serum,Negative,Reverse phase/C18
0.047747114810058736,-0.06148502399802487,IK_WHUUTDBJXJRKMK-VKHMYHEASA-N,Glutamic acid,ST001814,plasma,Positive,GC-MS
0.5520525899924698,-0.11899292053279326,IK_WHUUTDBJXJRKMK-VKHMYHEASA-N,Glutamic acid,ST003159,serum,Positive,HILIC
0.5520355259033398,-1.2900483121637893,IK_WHUUTDBJXJRKMK-VKHMYHEASA-N,Glutamic acid,28880465,serum,Positive,LC-MS/unspecified
-1.3547632216940086,1.9713729842986862,IK_WHUUTDBJXJRKMK-VKHMYHEASA-N,Glutamic acid,37755270,serum,Not reported,Reverse phase/C18
0.010328950075721068,-0.07002573997118114,IK_WILFXLMJFSKQRP-ZDUSSCGKSA-N,"8,14-Dihydroxyefavirenz",MTBLS11904,plasma,Negative,Reverse phase/C18
-0.08914018122984829,-0.07734885673690618,IK_WJAJPNHVVFWKKL-UHFFFAOYSA-N,Methoxamine,MTBLS11904,plasma,Positive,Reverse phase/C18
0.3827870109789584,-0.04274421269859895,IK_WJHRAVIQWFQMKF-UHFFFAOYSA-N,Alpha-Bisabolol oxide A,MTBLS11904,plasma,Negative,Reverse phase/C18
-0.06793244447793098,-0.07575817089879844,IK_WJSAFQZKYVRPGM-PABFRNLHSA-N,16-B1-phytoprostane,MTBLS11904,plasma,Negative,Reverse phase/C18
-0.09768300114358464,-0.07793731718014424,IK_WJSDHUCWMSHDCR-VMPITWQZSA-N,Cinnamyl acetate,MTBLS11904,plasma,Negative,Reverse phase/C18
-1.0128571434161198,-0.003953920632061833,IK_WJXQFVMTIGJBFX-UHFFFAOYSA-N,4-Methoxytyramine,ST003159,serum,Positive,HILIC
0.03861679343665367,-0.06786285456511389,IK_WKBALTUBRZPIPZ-UHFFFAOYSA-N,"2,6-Diisopropylaniline",MTBLS11904,plasma,Positive,Reverse phase/C18
-0.04005522969468858,-0.07370428111674421,IK_WKMBZTIVAJAWBA-UHFFFAOYSA-N,"(R)-1-O-[b-D-Apiofuranosyl-(1->2)-b-D-glucopyranoside]-1,3-octanediol",MTBLS11904,plasma,Positive,Reverse phase/C18
-1.1827465174906227,0.6710947151861899,IK_WKOLLVMJNQIZCI-UHFFFAOYSA-N,Vanillic acid,38720721,serum,Not reported,Reverse phase/C18
0.09000953643000505,-0.06404692471804757,IK_WKQNRCYKYCKESD-YVHLTTHBSA-N,PC(18:3/0:0),MTBLS11904,plasma,Positive,Reverse phase/C18
0.005183402655982255,-0.07034529634731371,IK_WKWLFVVHPPHSPJ-QNBJRWHPSA-N,"PE(15:0/20:4(5Z,8Z,11Z,14Z)-OH(20))",MTBLS11904,plasma,Positive,Reverse phase/C18
-0.36711971014749684,-0.1634627078705398,IK_WKZLNEWVIAGNAW-UHFFFAOYSA-N,Tryptamine [+2H],28880465,serum,Positive,LC-MS/unspecified
0.1779011025576917,-0.05775154092467945,IK_WKZWTZTZWGWEGE-UHFFFAOYSA-N,"1,2-Cyclohexanediol, 1-methyl-4-(1-methylethenyl)-",MTBLS11904,plasma,Negative,Reverse phase/C18
0.20023617798383214,-0.05611555845697948,IK_WLGDDELKYAWBBL-UHFFFAOYSA-N,9-Oxo-nonanoic acid,MTBLS11904,plasma,Negative,Reverse phase/C18
-0.4573808725869938,-0.10469086231744917,IK_WLJVXDMOQOGPHL-UHFFFAOYSA-N,phenylacetic acid,MTBLS11904,plasma,Positive,Reverse phase/C18
0.11584609070521759,0.5235082454720859,IK_WLJVXDMOQOGPHL-UHFFFAOYSA-N,phenylacetic acid,38720721,serum,Not reported,Reverse phase/C18
-0.15633242059745459,-0.08233790512188363,IK_WLRVSRJKZYZCJY-UHFFFAOYSA-N,"N,n-Diethyl-4-Hydroxybenzamide",MTBLS11904,plasma,Positive,Reverse phase/C18
0.0537357871066354,-0.0667402639243837,IK_WLXCRBOZJKAXCC-UHFFFAOYSA-N,Isoketocamphoric acid,MTBLS11904,plasma,Positive,Reverse phase/C18
-0.20983107813661836,-0.08615185551235946,IK_WMJJBPKYVQALFE-DYYSOKHRSA-N,"PE(DiMe(13,5)/22:6(5Z,7Z,10Z,13Z,16Z,19Z)-OH(4))",MTBLS11904,plasma,Negative,Reverse phase/C18
-0.35195423479165133,-0.40669289424404054,IK_WMOFTJILTZIKIH-DIPNUNPCSA-N,PC 31:0,37755270,serum,Not reported,Reverse phase/C18
-0.13621321241509549,-0.08084404682122541,IK_WMUMHAZHWIUBPN-UONOGXRCSA-N,Xestoaminol C,MTBLS11904,plasma,Positive,Reverse phase/C18
-0.0011044812060587682,-0.07086320706722143,IK_WMUMZOAFCDOTRW-OVEHVULHSA-N,12alpha-hydroxy-3-oxo-5beta-cholan-24-oic Acid,MTBLS11904,plasma,Negative,Reverse phase/C18
-0.30812313495535537,-0.09335147722160905,IK_WNFXUXZJJKTDOZ-OAHLLOKOSA-N,Acetylshikonin,MTBLS11904,plasma,Negative,Reverse phase/C18
0.19246617127112745,-0.056684690222832644,IK_WNLRTRBMVRJNCN-UHFFFAOYSA-N,Adipic Acid,MTBLS11904,plasma,Negative,Reverse phase/C18
0.399993285551276,-0.04103051748039277,IK_WNSUMUNACHNURC-UHFFFAOYSA-N,"1-Heptadecene-4,6-diyne-3,9-diol",MTBLS11904,plasma,Positive,Reverse phase/C18
-0.40820716069537344,-0.10103969689106573,IK_WNYADZVDBIBLJJ-UHFFFAOYSA-N,N-Nitroso-pyrrolidine,MTBLS11904,plasma,Positive,Reverse phase/C18
-0.16902527414997026,-0.08328035438294945,IK_WOAHJDHKFWSLKE-UHFFFAOYSA-N,"1,2-Benzoquinone",MTBLS11904,plasma,Positive,Reverse phase/C18
-0.6110575746057365,2.9042738617329005,IK_WOMAZEJKVZLLFE-UHFFFAOYSA-N,2-Propanamidoacetic acid,38720721,serum,Not reported,Reverse phase/C18
0.34281431694532205,-0.04567210232561432,IK_WOODKECARRKLJJ-DIJRFRLPSA-N,"7alpha,12alpha,26-trihydroxycholest-4-en-3-one",MTBLS11904,plasma,Negative,Reverse phase/C18
0.3102571040199448,-0.0480568288478202,IK_WPJGPAAPSBVXNU-HZJYTTRNSA-N,"7Z,10Z-Hexadecadienoic acid",MTBLS11904,plasma,Negative,Reverse phase/C18
-0.045676772450447906,-0.07412168238863687,IK_WPMWEFXCIYCJSA-UHFFFAOYSA-N,Tetraethylene glycol monododecyl ether,MTBLS11904,plasma,Positive,Reverse phase/C18
0.10865055199813198,-0.06282395306615948,IK_WPOCIZJTELRQMF-LFRCEIEQSA-N,16b-Hydroxyestrone,MTBLS11904,plasma,Negative,Reverse phase/C18
0.07367075124516059,-0.06538612708910682,IK_WPTTVJLTNAWYAO-KPOXMGGZSA-N,Bardoxolone methyl,MTBLS11904,plasma,Negative,Reverse phase/C18
1.0757324099777597,0.009143359164738338,IK_WPYMKLBDIGXBTP-UHFFFAOYSA-N,Benzoic Acid,MTBLS11904,plasma,Positive,Reverse phase/C18
-0.05552926813142603,-0.07485323412524117,IK_WQGWDDDVZFFDIG-UHFFFAOYSA-N,"1,2,3-Trihydroxybenzene",MTBLS11904,plasma,Positive,Reverse phase/C18
-0.0885780273161035,-0.0773071167013216,IK_WQLVFSAGQJTQCK-VKROHFNGSA-N,Diosgenin,MTBLS11904,plasma,Positive,Reverse phase/C18
0.021466943684413115,-0.06920991226133753,IK_WQXXBAWHDQWCKL-XVFCMESISA-N,Phosphoribosylformylglycinamidine,MTBLS11904,plasma,Negative,Reverse phase/C18
-0.3004417602127596,-0.0927888379001911,IK_WQXXXHMEBYGSBG-OLQVQODUSA-N,"Cis-3,5-Diethyl-1,2,4-trithiolane",MTBLS11904,plasma,Negative,Reverse phase/C18
0.2939236334914145,-0.04890622859818344,IK_WQXXXVRAFAKQJM-WHFBIAKZSA-N,Gamma-Glutamylalanine,MTBLS11904,plasma,Positive,Reverse phase/C18
0.024569037617224485,-0.06898269263428075,IK_WQZGKKKJIJFFOK-GASJEMHNSA-N,glucose,MTBLS11904,plasma,Negative,Reverse phase/C18
0.021644206822216214,-0.06919692798097828,IK_WQZGKKKJIJFFOK-SVZMEOIVSA-N,D-Galactose,MTBLS11904,plasma,Negative,Reverse phase/C18
0.10554274919637965,-0.06289357813317062,IK_WQZRAWSNEARGPQ-UHFFFAOYSA-N,"3,5-Dihydroxydecanoic Acid",MTBLS11904,plasma,Positive,Reverse phase/C18
-0.2604493250322114,-0.09006862306318925,IK_WRADPCFZZWXOTI-BMRADRMJSA-N,(9E)-10-nitrooctadecenoic Acid,MTBLS11904,plasma,Positive,Reverse phase/C18
-0.1489948263240719,-0.08179308588851267,IK_WRDTXMBPHMBGIB-STECZYCISA-N,Ile Tyr Val,MTBLS11904,plasma,Positive,Reverse phase/C18
1.4895756554246247,0.039871371451546844,IK_WRNKIDLXXXIELU-IEBWSBKVSA-N,Indolophenanthridine,MTBLS11904,plasma,Positive,Reverse phase/C18
-0.34460966675530497,-0.09602401519028538,IK_WSFWBZJRQNTKQQ-SNAWJCMRSA-N,Furanone A,MTBLS11904,plasma,Negative,Reverse phase/C18
0.34401454566836476,-0.045186959551426334,IK_WSGVTKZFVJSJOG-RCOVLWMOSA-N,Asp Gly Val,MTBLS11904,plasma,Positive,Reverse phase/C18
-0.01049774492774427,-0.07150962702362847,IK_WSOXREPRCVQMSJ-UHFFFAOYSA-N,Glycylalanylprolylmethionylphenylalanylvalinamide,MTBLS11904,plasma,Positive,Reverse phase/C18
-0.860590131727467,-0.015147310198438665,IK_WSPOMRSOLSGNFJ-AUWJEWJLSA-N,Chlorprothixene,ST003159,serum,Negative,Reverse phase/C18
0.6033177912405655,-0.26375249608987245,IK_WSVLPVUVIUVCRA-HPKHWNBYSA-N,lactose / maltose,38720721,serum,Not reported,Reverse phase/C18
-0.08916976805908652,-0.07735105357525879,IK_WSWCOQWTEOXDQX-MQQKCMAXSA-N,"(2E,4E)-2,4-Hexadienoic acid",MTBLS11904,plasma,Positive,Reverse phase/C18
1.0588366510666551,0.0067745609272061025,IK_WTIIULQJLZEHGZ-AWFVSMACSA-L,"(2R,3S)-2,3-dimethylmalate",MTBLS11904,plasma,Negative,Reverse phase/C18
-0.1383138947262981,-0.08100002338031194,IK_WTJKGGKOPKCXLL-VYOBOKEXSA-N,2-Oleoyl-1-palmitoyl-sn-glycero-3-phosphocholine,MTBLS11904,plasma,Positive,Reverse phase/C18
1.4629711098978617,-0.4996463149066662,IK_WTJKGGKOPKCXLL-VYOBOKEXSA-N,2-Oleoyl-1-palmitoyl-sn-glycero-3-phosphocholine,38720721,serum,Not reported,Reverse phase/C18
-1.190860852315639,-0.1580095831142566,IK_WTNZLKZBPONVPE-RYKNKZFFSA-N,"PE-NMe(20:0/20:2(11Z,14Z))",MTBLS11904,plasma,Negative,Reverse phase/C18
0.05762849418117642,-0.066561178366444,IK_WTOYNGQRGOLPNU-UHFFFAOYSA-N,"6,18,19-Trihydroxytrachyloban-2-one",MTBLS11904,plasma,Negative,Reverse phase/C18
-0.09570851096892169,-0.07783655775868878,IK_WTSNEXSNFSFTFK-DJGAMQLYSA-N,Ginsenoside Rh5,MTBLS11904,plasma,Positive,Reverse phase/C18
0.027493869214647446,-0.06876845667907208,IK_WTWBUQJHJGUZCY-UHFFFAOYSA-N,Cuminaldehyde,MTBLS11904,plasma,Negative,Reverse phase/C18
-0.5650344608823802,-0.036874077172993444,IK_WURBQCVBQNMUQT-OLKPEBQYSA-N,Tiglylcarnitine,ST003159,serum,Positive,HILIC
0.08986072647452796,-0.06420025601834609,IK_WVALHIPEZZNFKT-VYPHAONASA-N,"DG(20:3(6,8,11)-OH(5)/8:0/0:0)",MTBLS11904,plasma,Negative,Reverse phase/C18
-0.13988200915057947,-0.08111645613365531,IK_WVBBZEILYLXGFN-RBUKOAKNSA-N,Sphingosine 1-phosphate (d19:1-P),MTBLS11904,plasma,Positive,Reverse phase/C18
0.1725700203791103,1.9028752777583122,IK_WVDDGKGOMKODPV-UHFFFAOYSA-N,Benzyl Alcohol,38720721,serum,Not reported,Reverse phase/C18
-0.7004641398270404,-0.12208937477356363,IK_WVGALBKSWOUIEZ-XNHMFJFDSA-N,"PE(P-16:0/22:6(4Z,7Z,10Z,13Z,16Z,19Z))",MTBLS11904,plasma,Negative,Reverse phase/C18
0.2660005663097052,-0.051298497973838494,IK_WVMWZWGZRAXUBK-SYTVJDICSA-N,3-Dehydroquinic acid,MTBLS11904,plasma,Negative,Reverse phase/C18
-0.07502714807040314,-0.0763009588139348,IK_WVTMNZAPPOMZST-JZCVQVRRSA-N,11-Hydroxyprogesterone 11-glucuronide,MTBLS11904,plasma,Positive,Reverse phase/C18
0.015657225909181668,-0.06956761089841962,IK_WVVVLOJZCPRPQC-UHFFFAOYSA-N,4-Methyl-1H-pyrrole-3-carboxamide,MTBLS11904,plasma,Positive,Reverse phase/C18
-0.1717491833195816,-0.08336246115351899,IK_WWEKVOUOQUHVHS-UHFFFAOYSA-N,Phenytoin catechol,MTBLS11904,plasma,Negative,Reverse phase/C18
0.33109125345719925,-0.8045062687864964,IK_WWJIBIGWKGFVAQ-JNSYTQKUSA-N,TG 53:1,37755270,serum,Not reported,Reverse phase/C18
0.03994821188470771,-0.06776399631794093,IK_WWNNZCOKKKDOPX-UHFFFAOYSA-N,Trigonelline,MTBLS11904,plasma,Positive,Reverse phase/C18
-0.8465751428820848,-0.01617757418143198,IK_WWNNZCOKKKDOPX-UHFFFAOYSA-N,Trigonelline,ST003159,serum,Positive,HILIC
-0.552144967599893,-0.3194149607291723,IK_WWNNZCOKKKDOPX-UHFFFAOYSA-N,Trigonelline,33485385,plasma,Positive,LC-MS/unspecified
0.7577267473786395,-0.015280910068101033,IK_WWSWYXNVCBLWNZ-QIZQQNKQSA-N,Fluprostenol,MTBLS11904,plasma,Negative,Reverse phase/C18
-0.20154146544772647,-0.08569469315328675,IK_WWUZIQQURGPMPG-KRWOKUGFSA-N,Sphingosine,MTBLS11904,plasma,Positive,Reverse phase/C18
-0.3121971135947331,-0.09391091588653351,IK_WWZKQHOCKIZLMA-UHFFFAOYSA-M,Octanoate,MTBLS11904,plasma,Positive,Reverse phase/C18
0.27982704057791336,-0.050285747155156116,IK_WWZKQHOCKIZLMA-UHFFFAOYSA-N,Caprylic acid,MTBLS11904,plasma,Negative,Reverse phase/C18
0.2202814125041025,-0.054374190043021964,IK_WXAADESEYPIPOB-GLRKTWBISA-N,"PE(14:0/20:5(5Z,8Z,11Z,14Z,17Z))",MTBLS11904,plasma,Positive,Reverse phase/C18
0.24534948493709208,-0.05281113292428662,IK_WXHUQVMHWUQNTG-JSWHPQHOSA-N,Alisol A 24-acetate,MTBLS11904,plasma,Negative,Reverse phase/C18
-0.41321025470849204,-0.10104881918419983,IK_WXNXCEHXYPACJF-UHFFFAOYSA-N,Acetyl-DL-Leucine,MTBLS11904,plasma,Negative,Reverse phase/C18
0.3068891164527968,-0.04830352469148547,IK_WXNXCEHXYPACJF-ZETCQYMHSA-N,N-Acetylleucine,MTBLS11904,plasma,Negative,Reverse phase/C18
0.08705082909677844,-0.06426661000378027,IK_WXSTZZVBULFWJM-ZETCQYMHSA-N,3h-Phenylalanine,MTBLS11904,plasma,Positive,Reverse phase/C18
-0.024946287679177444,-0.07260955348065036,IK_WXTMDXOMEHJXQO-UHFFFAOYSA-N,Gentisic acid,MTBLS11904,plasma,Negative,Reverse phase/C18
-0.02274679255462884,-0.0724191235021949,IK_WXURHACBFYSXBI-GQKYHHCASA-N,Flumethasone,MTBLS11904,plasma,Positive,Reverse phase/C18
0.23709672462987086,-0.4571792336292185,IK_WYIMORDZGCUBAA-AREMUKBSSA-N,LPC 19:0-SN1,37755270,serum,Not reported,Reverse phase/C18
-0.004319473079289954,0.7649031734667829,IK_WYIMORDZGCUBAA-UHFFFAOYSA-N,LPC 19:0,37755270,serum,Not reported,Reverse phase/C18
-0.4189121990667941,-0.10146647140151886,IK_WYKHFQKONWMWQM-UHFFFAOYSA-N,2-Mercaptonicotinic acid,MTBLS11904,plasma,Negative,Reverse phase/C18
-0.021474548436211962,-0.07232465883140193,IK_WYVKPHCYMTWUCW-UHFFFAOYSA-N,Cysteinyl-Threonine,MTBLS11904,plasma,Positive,Reverse phase/C18
-0.32175373736501733,-0.09462049832356507,IK_WZCLAXMADUBPSG-RIXBAXMTSA-N,"PC(18:0/18:3(9Z,12Z,15Z))",MTBLS11904,plasma,Positive,Reverse phase/C18
0.37085133592734976,-0.04361846824910645,IK_WZNJWVWKTVETCG-YFKPBYRVSA-N,Mimosine,MTBLS11904,plasma,Negative,Reverse phase/C18
0.2340637718206955,-0.05363778022690337,IK_WZSDNEJJUSYNSG-UHFFFAOYSA-N,Trocimine,MTBLS11904,plasma,Negative,Reverse phase/C18
-0.9259000574172542,2.961042699211901,IK_XALSUNLRNHITKL-FVGYRXGTSA-N,L-beta-homotryptophan-HCl,38516193,plasma,Positive,LC-MS/unspecified
-2.9683355817513704,-0.7875002320461231,IK_XAPHYNIJAGNNNA-YFTOQCAPSA-N,"1'H-5alpha-Androst-2-eno[3,2-b]indol-17beta-ol",24167579,serum,Positive,Reverse phase/C18
-0.05330828876680625,-0.07468699223945213,IK_XAUDJQYHKZQPEU-KVQBGUIXSA-N,"1,3,5-Triazin-2(1H)-one, 4-amino-1-(2-deoxy-beta-D-erythro-pentofuranosyl)-",MTBLS11904,plasma,Negative,Reverse phase/C18
-0.013483312898553087,-0.07176992240586032,IK_XBDQKXXYIPTUBI-UHFFFAOYSA-N,Propionic Acid,MTBLS11904,plasma,Negative,Reverse phase/C18
0.3889573069107564,-0.04184994347305739,IK_XBGIMYLOTRDXPK-AGXIJRPPSA-N,PC(17:1/0:0),MTBLS11904,plasma,Positive,Reverse phase/C18
0.1070221032642003,-0.06278373518604868,IK_XBGLCVZQMWKHFC-NMQALWILSA-N,Notoginsenoside Fc,MTBLS11904,plasma,Positive,Reverse phase/C18
0.2136243216061537,-0.05486848147953716,IK_XBKGKVBBQAVORB-DVCDPERKSA-N,PS(22:1(13Z)/PGJ2),MTBLS11904,plasma,Positive,Reverse phase/C18
0.33761461702800943,-0.04605296618879131,IK_XBSQTYHEGZTYJE-OETIFKLTSA-N,Lithocholic acid glycine conjugate,MTBLS11904,plasma,Negative,Reverse phase/C18
-0.049585775726466705,-0.07441432844357955,IK_XBVUKAHAVXVVAD-UHFFFAOYSA-N,5-(3-Aminopropylphosphanyloxy)-2-(hydroxymethyl)pyran-4-one,MTBLS11904,plasma,Negative,Reverse phase/C18
0.21856536246005454,-0.0545016074963143,IK_XCGYUJZMCCFSRP-UHFFFAOYSA-N,Oxamniquine,MTBLS11904,plasma,Positive,Reverse phase/C18
-0.22333257177280091,-0.08714080215693387,IK_XCIXKGXIYUWCLL-UHFFFAOYSA-N,Cyclopentanol,MTBLS11904,plasma,Negative,Reverse phase/C18
0.2724138317289495,-0.05050333933090583,IK_XCLBLPLSYOQBEP-UHFFFAOYSA-N,"9,9-Dimethyl-1-(sulfinylamino)decane",MTBLS11904,plasma,Positive,Reverse phase/C18
0.024059954351577397,-0.06894370527058466,IK_XCLJRCAJSCMIND-JCTYMORFSA-N,Erythromycylamine,MTBLS11904,plasma,Positive,Reverse phase/C18
0.33737826689251726,-0.046070278426650055,IK_XCRLPASVMPBQHF-FQEVSTJZSA-N,"1-[(2R)-2-(1,3-Benzodioxol-4-yl)heptyl]-3-[2,6-di(propan-2-yl)phenyl]urea",MTBLS11904,plasma,Negative,Reverse phase/C18
0.002846024368552306,-0.07051884741257064,IK_XDSSPSLGNGIIHP-VKHMYHEASA-N,Se-Methylselenocysteine,MTBLS11904,plasma,Positive,Reverse phase/C18
0.10844228219996908,-0.0626782864238179,IK_XECPAIJNBXCOBO-MMPJQOAZSA-N,"D-Glucaro-1,4-lactone",MTBLS11904,plasma,Positive,Reverse phase/C18
-0.2682981598895169,-0.0904344079965284,IK_XEKYYIHOWASTHE-UHFFFAOYSA-N,4-Hydroxy-3-(16-methylheptadecyl)-2H-pyran-2-one,MTBLS11904,plasma,Negative,Reverse phase/C18
-0.002138512784467462,-0.07093894714574407,IK_XEUPFPHHPCQXFV-UHFFFAOYSA-N,Panaquinquecol 7,MTBLS11904,plasma,Negative,Reverse phase/C18
-0.16695417933916656,-0.08312657456189033,IK_XEVQXKKKAVVSMW-WRWORJQWSA-N,Loliolide,MTBLS11904,plasma,Positive,Reverse phase/C18
0.042472550530217736,-0.06767130935868207,IK_XEVRBOQZSXWGQO-PAUXXPOVSA-N,PE(22:6/0:0),MTBLS11904,plasma,Negative,Reverse phase/C18
0.20909930247021988,-0.05546635926361535,IK_XFTRTWQBIOMVPK-UHFFFAOYSA-N,Citramalic acid,MTBLS11904,plasma,Negative,Reverse phase/C18
-0.01941910056733007,-0.07031110785115013,IK_XFTRTWQBIOMVPK-UHFFFAOYSA-N,Citramalic acid,ST001814,plasma,Positive,GC-MS
-0.025537162485446397,-0.07265283306220527,IK_XGILAAMKEQUXLS-UHFFFAOYSA-N,Indolelactic acid,MTBLS11904,plasma,Negative,Reverse phase/C18
-0.01005551166227801,-0.0776714610909025,IK_XGILAAMKEQUXLS-UHFFFAOYSA-N,Indolelactic acid,ST003159,serum,Negative,Reverse phase/C18
-0.14874514227242563,-0.3558912162300622,IK_XGILAAMKEQUXLS-UHFFFAOYSA-N,Indolelactic acid,33485385,plasma,Negative,LC-MS/unspecified
-0.35601556633847453,-0.09716445199405846,IK_XGLZBINKZRQAPD-OTMYLMJASA-N,GPCho(22:5/14:1),MTBLS11904,plasma,Positive,Reverse phase/C18
0.015805161397694268,-0.069556626907307,IK_XGNASSAYQHESTL-BYPYZUCNSA-N,S-(6-Purinyl)cysteine,MTBLS11904,plasma,Positive,Reverse phase/C18
0.23178890350080583,-0.05380440813487168,IK_XGRLSUFHELJJAB-KVVVOXFISA-M,1-Oleoyl Lysophosphatidic Acid (sodium salt),MTBLS11904,plasma,Negative,Reverse phase/C18
0.07712736998000279,-0.0651329394095175,IK_XGWNSZFVLRVRKZ-UHFFFAOYSA-N,"3-(3,5-Dichlorophenyl)-4-hydroxy-1,3-thiazol-2-one",MTBLS11904,plasma,Negative,Reverse phase/C18
-0.1462432289402491,-0.08158877887910894,IK_XGYIMTFOTBMPFP-KQYNXXCUSA-N,5'-Deoxyadenosine,MTBLS11904,plasma,Positive,Reverse phase/C18
0.33490172769245763,-0.04586358991479485,IK_XHBSBNYEHDQRCP-UHFFFAOYSA-N,3-Methylguanine,MTBLS11904,plasma,Positive,Reverse phase/C18
0.0061928245645010045,-0.07032869967676056,IK_XHDHWGKEDVWKAN-ONNLMXTPSA-N,"13-Oxo-9,11-tridecadienoic acid",MTBLS11904,plasma,Negative,Reverse phase/C18
0.14212362023054975,-0.06037214349712705,IK_XHHOHZPNYFQJKL-QWRGUYRKSA-N,Gamma-Glutamylphenylalanine,MTBLS11904,plasma,Negative,Reverse phase/C18
-0.016880843964545613,-0.07201878222827532,IK_XHMGEKKHSKIGMI-BDBJOHPESA-N,"(11R,12S,13S)-Epoxy-hydroxyoctadeca-cis-9-cis-15-dien-1-oic acid",MTBLS11904,plasma,Negative,Reverse phase/C18
0.11574105193445883,-0.06230459332629642,IK_XIFCIPQKMAMFGE-QIAWJANFSA-N,"PE-NMe2(22:6(4Z,7Z,10Z,13Z,16Z,19Z)/16:0)",MTBLS11904,plasma,Negative,Reverse phase/C18
0.04610643240286306,-0.06740513739873354,IK_XINCECQTMHSORG-UHFFFAOYSA-N,Isopentyl isopentanoate,MTBLS11904,plasma,Negative,Reverse phase/C18
-0.21251955879613454,-0.08634877862119823,IK_XIVFQYWMMJWUCD-VSTJRZLJSA-N,Dihydrophaseic acid,MTBLS11904,plasma,Negative,Reverse phase/C18
0.3958453486454159,-0.04178772594248111,IK_XJGBDJOMWKAZJS-UHFFFAOYSA-N,Nafenopin,MTBLS11904,plasma,Negative,Reverse phase/C18
-0.02490664919546862,-0.07257949363766143,IK_XJLATMLVMSFZBN-VYDXJSESSA-N,Actinonin,MTBLS11904,plasma,Positive,Reverse phase/C18
-0.0029010470633464014,-0.18785983314330848,IK_XJLSEXAGTJCILF-YFKPBYRVSA-N,L-beta-Homoproline,38516193,plasma,Positive,LC-MS/unspecified
0.6340270644372872,-0.024341571311030333,IK_XJMMNTGIMDZPMU-UHFFFAOYSA-N,3-Methylglutaric acid,MTBLS11904,plasma,Negative,Reverse phase/C18
-0.28062449091229147,0.14815567560867626,IK_XJMMNTGIMDZPMU-UHFFFAOYSA-N,3-Methylglutaric acid,38720721,serum,Not reported,Reverse phase/C18
0.3830824487833002,-0.042722572603565934,IK_XJODGRWDFZVTKW-UHFFFAOYSA-N,N-Methyl-dl-Leucine,MTBLS11904,plasma,Negative,Reverse phase/C18
-0.16710211415651846,-0.08313755865332814,IK_XJSFLOJWULLJQS-NGVXBBESSA-N,Josamycin,MTBLS11904,plasma,Positive,Reverse phase/C18
-0.050324368698118876,-0.074468427818558,IK_XJZGNVBLVFOSKJ-XZULNKEGSA-N,27-Deoxy-5b-cyprinol,MTBLS11904,plasma,Negative,Reverse phase/C18
-1.0329199631977968,-0.14644084844038072,IK_XJZNMEMKZBFUIZ-GWDFKZQESA-N,Etodolac acyl glucuronide,MTBLS11904,plasma,Negative,Reverse phase/C18
0.678821846376093,-0.020327395044246827,IK_XKBJVQHMEXMFDZ-AREMUKBSSA-N,PC(O-18:0/0:0),MTBLS11904,plasma,Positive,Reverse phase/C18
0.1288869483198456,-0.0611602625937455,IK_XKXOQMAKWNRIFD-MHDFSROXSA-N,"16,17-Dihydro-16alpha,17-dihydroxygibberellin A4 17-glucoside",MTBLS11904,plasma,Positive,Reverse phase/C18
0.33685447451514766,-0.04571859734682093,IK_XKYICAQFSCFURC-UHFFFAOYSA-N,3-Methylbutyl formate,MTBLS11904,plasma,Positive,Reverse phase/C18
-0.08724660886804947,-0.07720825845414864,IK_XLBVNMSMFQMKEY-BYPYZUCNSA-N,N-Methyl-L-Glutamic Acid,MTBLS11904,plasma,Positive,Reverse phase/C18
-0.3685604842712236,-0.0980959165551753,IK_XLHUBROMZOAQMV-UHFFFAOYSA-N,P-Benzosemiquinone,MTBLS11904,plasma,Positive,Reverse phase/C18
0.04045119213997601,-0.06772664995906152,IK_XLUAWXQORJEMBD-YUMQZZPRSA-N,CHEBI:69439,MTBLS11904,plasma,Positive,Reverse phase/C18
-7.134898374862507,-7.205806390323314,IK_XMHIUKTWLZUKEX-UHFFFAOYSA-N,C26:0 ceramide,24058461,plasma,Not reported,LC-MS/unspecified
0.31847026670237455,-0.04745523719351046,IK_XMIFBEZRFMTGRL-TURQNECASA-N,5-Taurinomethyl-2-thiouridine,MTBLS11904,plasma,Negative,Reverse phase/C18
-0.40765603012040263,-0.10064198797732665,IK_XMLFPUBZFSJWCN-UHFFFAOYSA-N,2-Hydroxy-4-trifluoromethyl benzoic acid,MTBLS11904,plasma,Negative,Reverse phase/C18
-0.2686526853627085,-0.09046037594873574,IK_XMWHRVNVKDKBRG-UHNVWZDZSA-N,2-C-methyl-D-erythritol-4-phosphate,MTBLS11904,plasma,Negative,Reverse phase/C18
0.099048832264102,-0.06352725275119918,IK_XMWINMVFKPHMJB-UHFFFAOYSA-N,"2-Methyl-1,3-cyclohexadiene",MTBLS11904,plasma,Negative,Reverse phase/C18
-0.4483568167036308,-0.10402082368616078,IK_XMYFJYXXQPMWED-VQHVLOKHSA-N,5-Hydroxydec-6-enoylcarnitine,MTBLS11904,plasma,Positive,Reverse phase/C18
-0.10357867232681087,-0.07842092018929175,IK_XMZFUVYOYPLVOA-VLHUWQDUSA-N,GPCho(16:0/20:3),MTBLS11904,plasma,Positive,Reverse phase/C18
-0.054135513708567326,-0.07474758405886579,IK_XNGIFLGASWRNHJ-UHFFFAOYSA-N,Phthalic Acid,MTBLS11904,plasma,Negative,Reverse phase/C18
0.14407350724725304,-0.060229319662941525,IK_XNKLLVCARDGLGL-JGVFFNPUSA-N,Stavudine,MTBLS11904,plasma,Negative,Reverse phase/C18
-0.6845344386067203,5.106749326338286,IK_XNZFLHDUNBGYBT-ACNMEUTMSA-N,PC 37:7,37755270,serum,Not reported,Reverse phase/C18
-0.07227555068658034,-0.07609665180453107,IK_XOAAWQZATWQOTB-UHFFFAOYSA-N,Taurine,MTBLS11904,plasma,Positive,Reverse phase/C18
0.3780393879938288,-1.633432706410228,IK_XOAAWQZATWQOTB-UHFFFAOYSA-N,Taurine,28880465,serum,Positive,LC-MS/unspecified
-0.16445558658127346,-0.5453860957502904,IK_XOAAWQZATWQOTB-UHFFFAOYSA-N,Taurine,37755270,serum,Not reported,Reverse phase/C18
0.1656699897017413,-0.05864743657022001,IK_XOASTWITKYDKAJ-PPQPEBMASA-N,Penitrem D,MTBLS11904,plasma,Negative,Reverse phase/C18
-0.04005522969468858,-0.07370428111674421,IK_XOEUHCONYHZURQ-HNUBZJOYSA-N,Flurithromycin,MTBLS11904,plasma,Positive,Reverse phase/C18
0.17609893370637164,-0.05788354496544145,IK_XOFYZVNMUHMLCC-ZPOLXVRWSA-N,Prednisone,MTBLS11904,plasma,Negative,Reverse phase/C18
-3.8944630990265026,8.593969072341304,IK_XOHUEYCVLUUEJJ-UHFFFAOYSA-N,"2,3-bisphosphoglyceric acid",38720721,serum,Not reported,Reverse phase/C18
-0.200436164907982,-0.08546370337759238,IK_XOMRRQXKHMYMOC-OAQYLSRUSA-N,L-Palmitoylcarnitine,MTBLS11904,plasma,Negative,Reverse phase/C18
0.06474217744434135,-0.06592303527825763,IK_XOMRRQXKHMYMOC-UHFFFAOYSA-N,Palmitoylcarnitine,MTBLS11904,plasma,Positive,Reverse phase/C18
0.05708071189693861,-0.7962737988590468,IK_XOMRRQXKHMYMOC-UHFFFAOYSA-N,Palmitoylcarnitine,37755270,serum,Not reported,Reverse phase/C18
2.7351785909967066,0.12956198887397596,IK_XPBXOWYWJUBGMF-UHFFFAOYSA-N,Benzeneacetamide-4-O-sulphate,MTBLS11904,plasma,Negative,Reverse phase/C18
0.20252917010957228,-0.05569230054039584,IK_XPEZGWHLHCVJMV-SYESHANZSA-N,"PE(22:6(4Z,7Z,10Z,13E,15E,19Z)-OH(17)/22:1(13Z))",MTBLS11904,plasma,Positive,Reverse phase/C18
0.1275290080182695,-0.06144115817772361,IK_XPJVKCRENWUEJH-UHFFFAOYSA-N,Isobutyl 4-hydroxybenzoate,MTBLS11904,plasma,Negative,Reverse phase/C18
0.5997356048195185,-0.02619957764034911,IK_XPQULTFBJPGINB-UHFFFAOYSA-N,5-Ethyl-4-methylthiazole,MTBLS11904,plasma,Positive,Reverse phase/C18
-0.11038681346810456,-0.0788678366928911,IK_XQSPYNMVSIKCOC-NTSWFWBYSA-N,Emtricitabine,MTBLS11904,plasma,Negative,Reverse phase/C18
0.6139483432978803,-1.3227958412567573,IK_XQXPVVBIMDBYFF-UHFFFAOYSA-N,p Hydroxyphenylacetic acid,28880465,serum,Positive,LC-MS/unspecified
0.3615450539976617,-0.04430012783911314,IK_XRHGYUZYPHTUJZ-UHFFFAOYSA-N,4-Chlorobenzoic acid,MTBLS11904,plasma,Negative,Reverse phase/C18
-0.3381336769027934,-0.09554966730898512,IK_XRHMVNYIWRBFDB-UHFFFAOYSA-N,Methylgallic acid-O-sulphate,MTBLS11904,plasma,Negative,Reverse phase/C18
0.08864943175831615,-0.064288980377228,IK_XRIOEAXABJXXOB-CCZSOTCQSA-N,DG(14:1(9Z)/15:0/0:0),MTBLS11904,plasma,Negative,Reverse phase/C18
-0.1500049826997101,-0.08176975826737393,IK_XRISENIKJUKIHD-LHQZMKCDSA-N,Butaprost,MTBLS11904,plasma,Negative,Reverse phase/C18
0.22824365279585473,-0.054064088258896206,IK_XSCYYIVXGBKTOC-GZZJDILISA-N,Risbitin,MTBLS11904,plasma,Negative,Reverse phase/C18
0.019709061379018473,-0.06516952567463856,IK_XSQUKJJJFZCRTK-UHFFFAOYSA-N,Urea,ST001814,plasma,Positive,GC-MS
-0.28835836632460704,-0.09190376265658526,IK_XSXIVVZCUAHUJO-AVQMFFATSA-N,"11,14-Eicosadienoic acid",MTBLS11904,plasma,Negative,Reverse phase/C18
0.5652646366623205,-0.11996415861774593,IK_XSXIVVZCUAHUJO-HZJYTTRNSA-N,FA 20:2,ST003159,serum,Negative,Reverse phase/C18
-0.22637653666482094,-0.29229967129442097,IK_XSXIVVZCUAHUJO-HZJYTTRNSA-N,FA 20:2,33485385,plasma,Negative,LC-MS/unspecified
-0.29999687874303027,-0.3831823969441091,IK_XTFQIRIHLGODFV-UHFFFAOYSA-N,phenylalanine betaine,38720721,serum,Not reported,Reverse phase/C18
-0.3123478917655237,-0.09366092947194887,IK_XTKGXPFBKPYFDW-UHFFFAOYSA-N,4-(4-Guanidinobenzoyloxy)phenylacetate,MTBLS11904,plasma,Negative,Reverse phase/C18
-1.271696463824137,0.015073769176961654,IK_XTSSAALSNSPVIH-OCFMFRIESA-N,Austalide L,ST003159,serum,Negative,Reverse phase/C18
-0.7660808099875301,-0.1268956154632811,IK_XTWYTFMLZFPYCI-KQYNXXCUSA-N,ADP,MTBLS11904,plasma,Negative,Reverse phase/C18
0.01512465882467513,-0.0696071540956516,IK_XUFIWSHGXVLULG-IDLVJFIQSA-N,Gentamicin C2,MTBLS11904,plasma,Positive,Reverse phase/C18
4.015061641895123,-0.6857805202946622,IK_XUFQPHANEAPEMJ-UHFFFAOYSA-N,Famotidine,38720721,serum,Not reported,Reverse phase/C18
0.016160206164449967,-0.06953026453954023,IK_XUIIKFGFIJCVMT-LBPRGKRZSA-N,Thyroxine,MTBLS11904,plasma,Positive,Reverse phase/C18
-0.11059362010475218,-0.07888298495200011,IK_XUJWOMMOEOHPFP-UTJQPWESSA-N,"8Z,11Z-eicosadienoic acid",MTBLS11904,plasma,Negative,Reverse phase/C18
0.18936407733831606,-0.05691190984988941,IK_XULZWQRXYTVUTE-UHFFFAOYSA-N,HBOA trihexose,MTBLS11904,plasma,Negative,Reverse phase/C18
-0.07180267648606843,-0.07604165509660574,IK_XURBWYCGQQXTHJ-UHFFFAOYSA-N,MJDBISSN00000009,MTBLS11904,plasma,Negative | Positive,Reverse phase/C18
0.42107571230138874,-0.03993967078948585,IK_XUSYGBPHQBWGAD-PJSUUKDQSA-N,Carnosol,MTBLS11904,plasma,Negative,Reverse phase/C18
0.3598906047853002,-0.044421311578265656,IK_XUUMFDUVFVNHSM-CMDGGOBGSA-N,"(3b,5a,22E,24S)-Stigmasta-7,22,25-trien-3-ol 3-glucoside",MTBLS11904,plasma,Negative,Reverse phase/C18
-0.27665904060607593,-0.0910468187354253,IK_XUVJDFTVUZWJIR-UHFFFAOYSA-N,"1-3-(4,5-dihydrofuranone)-5-(hydroxymethyl)-pyrrole-2-carboxyaldehyde",MTBLS11904,plasma,Negative,Reverse phase/C18
0.40228588677778476,-0.04131597374167247,IK_XUWHAWMETYGRKB-UHFFFAOYSA-N,2-Piperidinone,MTBLS11904,plasma,Negative,Reverse phase/C18
0.1267862666798037,-0.06131623925315722,IK_XUWLAGNFLUARAN-CHQNGUEUSA-N,"N,N-Diallyl-tyrosyl-aminoisobutyryl-aminoisobutyryl-phenylalanyl-leucine",MTBLS11904,plasma,Positive,Reverse phase/C18
0.31516136613291557,-0.04769760507967624,IK_XUYPXLNMDZIRQH-LURJTMIESA-N,N-Acetyl-L-methionine,MTBLS11904,plasma,Negative,Reverse phase/C18
-0.0848994436919078,-0.07216956481769707,IK_XUYPXLNMDZIRQH-LURJTMIESA-N,N-Acetyl-L-methionine,ST003159,serum,Positive,HILIC
-0.19659106741254911,-0.040406771108721665,IK_XUYPXLNMDZIRQH-LURJTMIESA-N,N-Acetyl-L-methionine,33485385,plasma,Positive,LC-MS/unspecified
-0.05265832548927289,-0.07463938419221178,IK_XVIHASZHSRQYCV-YWYYGOADSA-N,"PC(15:0/22:6(5Z,7Z,10Z,13Z,16Z,19Z)-OH(4))",MTBLS11904,plasma,Negative,Reverse phase/C18
0.1331127769076181,-0.06103216238358953,IK_XVOHELPNOXGRBQ-NXAIOARDSA-N,Furanodienone,MTBLS11904,plasma,Negative,Reverse phase/C18
0.24588127207451133,-0.05277218119990602,IK_XVOUMQNXTGKGMA-OWOJBTEDSA-N,Glutaconic Acid,MTBLS11904,plasma,Negative,Reverse phase/C18
0.0967444197742072,-0.06369604453759206,IK_XVQDCCGQSOTQBN-RXCALXPUSA-N,"12'-Apo-b-carotene-3,12'-diol",MTBLS11904,plasma,Negative,Reverse phase/C18
0.2772567352560966,-0.0504740145496463,IK_XVTARERDLIZSBS-KSCSMHSMSA-N,DN-isobutylamide,MTBLS11904,plasma,Negative,Reverse phase/C18
-1.3561977090512618,3.2108748380068755,IK_XVZCREABAODILQ-UHFFFAOYSA-N,Cer 18:0;2O_20:0,37755270,serum,Not reported,Reverse phase/C18
0.21140529130683738,-0.055033245291708895,IK_XWHHYOYVRVGJJY-QMMMGPOBSA-N,4-Fluoro-L-phenylalanine,MTBLS11904,plasma,Positive,Reverse phase/C18
-0.10357867232681087,-0.07842092018929175,IK_XWTYSIMOBUGWOL-UHFFFAOYSA-N,Terbutaline,MTBLS11904,plasma,Positive,Reverse phase/C18
-1.187299395331929,-0.3607363940559659,IK_XWXLDVGDOHFZSG-KPRBQMARSA-N,Musca-aurin-II,24167579,serum,Positive,Reverse phase/C18
0.004627005848673076,-0.07044339147966382,IK_XWYBFXIUISNTQG-XPYNSANSSA-N,"3a,21-Dihydroxy-5b-pregnane-11,20-dione",MTBLS11904,plasma,Negative,Reverse phase/C18
0.09101293271947536,-0.06411586012514967,IK_XXEPPPIWZFICOJ-UHFFFAOYSA-N,Diethylpropion,MTBLS11904,plasma,Negative,Reverse phase/C18
-0.061624205115630076,-0.07530578552617179,IK_XXEWFEBMSGLYBY-UHFFFAOYSA-N,"Ne,Ne dimethyllysine",MTBLS11904,plasma,Positive,Reverse phase/C18
0.0655114419786506,-0.06586591706666928,IK_XXFACTAYGKKOQB-ZETCQYMHSA-N,Dihydrozeatin,MTBLS11904,plasma,Positive,Reverse phase/C18
-0.7368899375896593,-0.12544451315896205,IK_XXZPYJHULCBZPT-UHFFFAOYSA-N,Gamma-Glutamyl-beta-(isoxazolin-5-on-2-yl)alanine,MTBLS11904,plasma,Positive,Reverse phase/C18
0.6504533898021468,-0.023138388002410873,IK_XYFFWTYOFPSZRM-TWNAANEASA-N,17-Aminogeldanamycin,MTBLS11904,plasma,Negative,Reverse phase/C18
-0.08955440032624118,-0.07737961268105298,IK_XYJOGTQLTFNMQG-KJHBSLKPSA-N,Leucomycin,MTBLS11904,plasma,Positive,Reverse phase/C18
-0.04686774996327665,-0.0742152401389687,IK_XYWRZQQANNOTTD-UHFFFAOYSA-N,Glaucamine,MTBLS11904,plasma,Negative,Reverse phase/C18
-0.31160537137817473,-0.09386697850441034,IK_XYYHNDVKALDFHQ-OXHZBIAZSA-N,"PE(18:0/22:6(4Z,7Z,10Z,13Z,16Z,19Z))",MTBLS11904,plasma,Positive,Reverse phase/C18
0.9093157303342218,-0.00417743515059861,IK_XZAFZXJXZHRNAQ-STQMWFEESA-N,Voreloxin,MTBLS11904,plasma,Negative,Reverse phase/C18
0.1582249642922229,-0.05919276426229038,IK_XZBJVIQXJHGUBE-HZMVJJPJSA-N,Fluocortolone Pivalate,MTBLS11904,plasma,Negative,Reverse phase/C18
-0.5959869268650858,-0.21049672598695182,IK_XZDDLHQSVWZOPD-MYGLTJDJSA-N,Tumonoic Acid H,24167579,serum,Positive,Reverse phase/C18
0.6257426401679318,-0.024268545506252875,IK_XZEUQPYAKYHAIW-SOFGYWHQSA-N,(6Z)-Oct-6-enedioylcarnitine,MTBLS11904,plasma,Positive,Reverse phase/C18
-0.12165637333001925,-0.07976319611575464,IK_XZOBJEOEOJXQBF-UHFFFAOYSA-N,3-Methyl-5-propyl-2-furanundecanoic acid,MTBLS11904,plasma,Positive,Reverse phase/C18
0.10669664532668285,-0.06280790071546286,IK_XZOSNHNAQRVGSZ-UHFFFAOYSA-N,Stizolamine,MTBLS11904,plasma,Positive,Reverse phase/C18
0.13450849254918026,-0.060742860813666866,IK_XZTUSOXSLKTKJQ-CESUGQOBSA-N,Digitoxigenin,MTBLS11904,plasma,Positive,Reverse phase/C18
-0.06621890692555912,-0.07563265940279684,IK_XZTYGFHCIAKPGJ-UHFFFAOYSA-N,Meclofenoxate,MTBLS11904,plasma,Negative,Reverse phase/C18
0.03867596776629084,-0.06785846098873388,IK_XZUDOWCTKOXYCZ-UHFFFAOYSA-N,3-Hydroxy-4-oxo-4H-pyran-2-carboxylic acid,MTBLS11904,plasma,Positive,Reverse phase/C18
-1.0397214177591496,-0.4218218352570939,IK_XZYNWDWRUDTDCH-UHFFFAOYSA-N,Heptanoylcholine,29518718,plasma,Positive,LC-MS/unspecified
0.7972858289413953,-0.012383316350792525,IK_XZZMJRBYVRSAOS-UHFFFAOYSA-N,"4-Hydroxy-5-phenyltetrahydro-1,3-oxazin-2-one",MTBLS11904,plasma,Negative,Reverse phase/C18
-0.07416912304837917,-0.07623725008728863,IK_YAADMLWHGMUGQL-VOTSOKGWSA-N,Cinnamoylglycine,MTBLS11904,plasma,Positive,Reverse phase/C18
0.7122293714533436,-0.01861346753175097,IK_YACHGFWEQXFSBS-XYERBDPFSA-N,Leptomycin B,MTBLS11904,plasma,Negative,Reverse phase/C18
0.10170777022718835,-0.06333249301259897,IK_YAICYXFUKKMAKO-DBQWNMKUSA-N,6-allyl-8b-Carboxy-ergoline,MTBLS11904,plasma,Negative,Reverse phase/C18
-0.3436347236481607,-0.09595260357744818,IK_YALFFHSIVPCNLF-QPSCCSFWSA-N,Cyperolone,MTBLS11904,plasma,Negative,Reverse phase/C18
0.33219245618088034,-0.10283065294051622,IK_YAMUFBLWGFFICM-PTGWMXDISA-N,LPC 18:1,ST003159,serum,Positive,HILIC
-0.02969116213165776,0.5056393650795851,IK_YAMUFBLWGFFICM-PTGWMXDISA-N,LPC 18:1,37755270,serum,Not reported,Reverse phase/C18
0.21924489739613282,-0.2232623635687638,IK_YAMUFBLWGFFICM-PTGWMXDISA-N,LPC 18:1,38720721,serum,Not reported,Reverse phase/C18
0.16746848977256762,-0.0582955692608302,IK_YARKMNAWFIMDKV-UHFFFAOYSA-N,Epanolol,MTBLS11904,plasma,Positive,Reverse phase/C18
0.25691020726538855,-0.05165448856924422,IK_YAZBCYAYQHWOBG-UHFFFAOYSA-N,3-Hydroxyheptadecanoylcarnitine,MTBLS11904,plasma,Positive,Reverse phase/C18
0.26520288486678867,-0.051356925814502415,IK_YBAFDPFAUTYYRW-YUMQZZPRSA-N,Glutamylleucine,MTBLS11904,plasma,Negative,Reverse phase/C18
-0.29252403533467164,-0.09220888634091441,IK_YBAVZMWJCPETFA-QFTUWMPFSA-N,"PC(20:2(11Z,14Z)/22:6(4Z,7Z,10Z,13Z,16Z,19Z))",MTBLS11904,plasma,Negative,Reverse phase/C18
0.04926761333336344,-0.06717358981417727,IK_YBDFPZJQBYCWBA-WMTBOZPISA-N,PE(20:3/0:0),MTBLS11904,plasma,Negative,Reverse phase/C18
-0.047777454761650504,-0.0742776589477234,IK_YBGBNHHXOJXFNM-UQCMLMITSA-N,Lucidenic acid N,MTBLS11904,plasma,Positive,Reverse phase/C18
0.20410640851839423,-0.055832074767358165,IK_YBGWTZSEYYMFJI-AXUSBXICSA-N,Silymonin,MTBLS11904,plasma,Negative,Reverse phase/C18
-1.458468142667563,-0.17761107934475923,IK_YBMOTEQVMANKGX-JAMMHHFISA-O,2-(3-Carboxy-3-(methylammonio)propyl)-L-histidine,MTBLS11904,plasma,Negative,Reverse phase/C18
0.010627423896405402,-0.06994107529637508,IK_YBOSYVPZRIDFAY-QSNZGGCFSA-N,"PC(P-16:0/20:5(5Z,8Z,11Z,14Z,16E)-OH(18R))",MTBLS11904,plasma,Positive,Reverse phase/C18
0.2798697739904458,-0.049949732844449646,IK_YBUXFQUGNPBZPS-YNBHEIDWSA-N,LPC 22:5.1,MTBLS11904,plasma,Positive,Reverse phase/C18
0.15207986476661056,-0.05964287575955482,IK_YCCILVSKPBXVIP-UHFFFAOYSA-N,Tyrosol,MTBLS11904,plasma,Negative,Reverse phase/C18
-0.00973125635936906,-0.07149509463123799,IK_YCIMNLLNPGFGHC-UHFFFAOYSA-N,Pyrocatechol,MTBLS11904,plasma,Negative,Reverse phase/C18
0.6094171206912573,-0.02614418168669863,IK_YCPXWRQRBFJBPZ-UHFFFAOYSA-N,5-Sulfosalicylic acid,MTBLS11904,plasma,Negative,Reverse phase/C18
0.04184178424650652,-0.06762339803518337,IK_YCXUCEXEMJPDRZ-UHFFFAOYSA-N,Ganoderic acid H,MTBLS11904,plasma,Positive,Reverse phase/C18
1.280946566966859,0.02304350020224477,IK_YDCKQKAUVJTIHE-UHFFFAOYSA-N,"2-(2-Phenylimidazo[1,2-a]pyridin-8-yl)acetamide",MTBLS11904,plasma,Negative,Reverse phase/C18
0.14519617079577063,-0.060147087139983665,IK_YDCRNMJQROAWFT-RXMQYKEDSA-N,(5R)-5-Hydroxyhexanoic acid,MTBLS11904,plasma,Negative,Reverse phase/C18
-1.0369379132400636,-0.14673515172277518,IK_YDNKGFDKKRUKPY-TURZORIXSA-N,C16-Ceramide,MTBLS11904,plasma,Negative,Reverse phase/C18
-0.846262548190295,-0.1327687069551705,IK_YDTWOEYVDRKKCR-KNERPIHHSA-N,"PE(18:0/18:2(9Z,12Z))",MTBLS11904,plasma,Negative,Reverse phase/C18
-0.16687446470545533,-0.08300540136412476,IK_YEFJYYIIBNWRQV-UHFFFAOYSA-N,3-Diphosphoglyceric acid,MTBLS11904,plasma,Negative,Reverse phase/C18
-0.2868409926477793,-0.09202821430307967,IK_YEHAZLUVAZKVRO-PDWSRYNESA-N,"PE(18:0/20:4(8Z,11Z,14Z,17Z))",MTBLS11904,plasma,Positive,Reverse phase/C18
-0.003870240859033685,-0.07101753242546585,IK_YEJRWHAVMIAJKC-UHFFFAOYSA-N,Gamma-Butyrolactone,MTBLS11904,plasma,Positive,Reverse phase/C18
-0.031002756708256304,-0.07305317304166556,IK_YFXWTVLDSKSYLW-NSCUHMNNSA-N,5-Hydroxyferulic acid,MTBLS11904,plasma,Negative,Reverse phase/C18
0.12575638266579395,-0.061570998239735865,IK_YGNHGXTZNFXTBH-GQCTYLIASA-N,5'-((Z)-Feruloyl) 3-(2'-methylarabinosylxylose),MTBLS11904,plasma,Negative,Reverse phase/C18
-0.016142250190478737,-0.07196468224478572,IK_YGPSJZOEDVAXAB-UHFFFAOYSA-N,Kynurenine,MTBLS11904,plasma,Negative,Reverse phase/C18
-0.14592304020298205,-0.06768362338238283,IK_YGPSJZOEDVAXAB-UHFFFAOYSA-N,Kynurenine,ST003159,serum,Positive,HILIC
-0.08774831210813727,-0.3747909701191856,IK_YGPSJZOEDVAXAB-UHFFFAOYSA-N,Kynurenine,33485385,plasma,Positive,LC-MS/unspecified
-0.021854363158588297,-0.5449770000431784,IK_YGPSJZOEDVAXAB-UHFFFAOYSA-N,Kynurenine,38720721,serum,Not reported,Reverse phase/C18
-0.4768474936822734,-0.10571007216130719,IK_YGSDEFSMJLZEOE-UHFFFAOYSA-N,Salicylic acid,MTBLS11904,plasma,Negative,Reverse phase/C18
-0.07467210263248678,-0.07627459654649321,IK_YHEDRJPUIRMZMP-ZWKOTPCHSA-N,Sphinganine 1-phosphate,MTBLS11904,plasma,Positive,Reverse phase/C18
-0.19807977785923161,-0.08543766150867464,IK_YHFPHRUWZMEOIX-CYDGBPFRSA-N,Ile-Val-Val,MTBLS11904,plasma,Positive,Reverse phase/C18
0.07290820910809506,-0.06531670476510426,IK_YHGXYYIGHBPDMX-BUTFDPNWSA-N,PC(20:3/0:0),MTBLS11904,plasma,Positive,Reverse phase/C18
0.03326153348635995,-0.06826048449248354,IK_YHHSONZFOIEMCP-UHFFFAOYSA-N,Choline Phosphate,MTBLS11904,plasma,Positive,Reverse phase/C18
0.37136629623538897,-0.10571038359352844,IK_YHMJTZZWEXBHQK-MUDOESHNSA-N,Cer(d18:122:1(13Z)),ST003159,serum,Positive,HILIC
-0.24640624030184755,-0.08883088470844865,IK_YHWNASRGLKJRJJ-KRWDZBQOSA-N,"(S)-4',5,7-Trihydroxy-6-prenylflavanone",MTBLS11904,plasma,Negative,Reverse phase/C18
-0.1482914458184989,-0.08164424667104714,IK_YIAPLDFPUUJILH-UHFFFAOYSA-N,Indan-1-ol,MTBLS11904,plasma,Negative,Reverse phase/C18
-7.497914980761999,-5.94125203946383,IK_YIGARKIIFOHVPF-CNUVFPMCSA-N,C22:0 glucosylceramide,24058461,plasma,Not reported,LC-MS/unspecified
0.13240781023797765,-0.060898837372753395,IK_YIKYNHJUKRTCJL-UHFFFAOYSA-N,Ethyl maltol,MTBLS11904,plasma,Positive,Reverse phase/C18
-0.4496081553407475,-0.10371486531695208,IK_YIQRSAKVWZVLDN-QZTNRIJFSA-N,Fulvic acid,MTBLS11904,plasma,Negative,Reverse phase/C18
-0.06227512018825028,-0.07535411597648897,IK_YJAJDSAILYGJQK-AATRIKPKSA-N,2-Hydroxyhept-5-enoylcarnitine,MTBLS11904,plasma,Positive,Reverse phase/C18
0.04796768812061813,-0.0672688061093084,IK_YJBKIVNOGNRKDV-UHFFFAOYSA-N,Edta citrate,MTBLS11904,plasma,Negative,Reverse phase/C18
-1.0117809278235819,1.3714166455934935,IK_YJCJVMMDTBEITC-UHFFFAOYSA-N,10-Hydroxydecanoic acid,38720721,serum,Not reported,Reverse phase/C18
-0.044818748230838604,-0.07405797427050186,IK_YJTVZHOYBAOUTO-URBBEOKESA-N,Fosteabine,MTBLS11904,plasma,Positive,Reverse phase/C18
-1.943531408827325,6.43279283492499,IK_YKFLAYDHMOASIY-UHFFFAOYSA-N,GAMMA-TERPINENE,38516193,plasma,Positive,LC-MS/unspecified
-0.06145475183973659,1.5936733499899771,IK_YKPUWZUDDOIDPM-SOFGYWHQSA-N,Capsaicin,28880465,serum,Positive,LC-MS/unspecified
-0.035788844154688346,-0.07340374099513575,IK_YKRGDOXKVOZESV-WRJNSLSBSA-N,Paeoniflorin,MTBLS11904,plasma,Negative,Reverse phase/C18
-0.741293603103697,-0.12508002080725356,IK_YKZFASAFVKFZJE-UHFFFAOYSA-N,Pentadecanedioylcarnitine,MTBLS11904,plasma,Negative,Reverse phase/C18
0.14415387760959394,-0.060026687253066355,IK_YLEIFZAVNWDOBM-UHFFFAOYSA-N,Cimiaserin B,MTBLS11904,plasma,Positive,Reverse phase/C18
0.07990448193846715,-0.06492952375591832,IK_YLFRRPUBVUAHSR-RRPFGEQOSA-N,"3beta-Hydroxypregna-5,16-dien-20-one",MTBLS11904,plasma,Negative,Reverse phase/C18
-0.045440076474220575,-0.07410410788246646,IK_YLJOVCWVJCDPLN-UHFFFAOYSA-N,Apomine,MTBLS11904,plasma,Positive,Reverse phase/C18
-0.12973364316373678,-0.0803629363145006,IK_YLKVIMNNMLKUGJ-BQYQJAHWSA-N,Cardanolmonoene,MTBLS11904,plasma,Positive,Reverse phase/C18
0.1083239342118554,-0.06268707367690311,IK_YLOIOWBAQMCQNL-ROATZPNCSA-N,"PE-NMe(20:2(11Z,14Z)/22:6(4Z,7Z,10Z,13Z,16Z,19Z))",MTBLS11904,plasma,Positive,Reverse phase/C18
-0.19443878354775285,-0.08502441167375148,IK_YLWSJLLZUHSIEA-CKSUKHGVSA-N,SM d34:2,MTBLS11904,plasma,Negative,Reverse phase/C18
-0.3895858223889786,0.465760615468409,IK_YLWSJLLZUHSIEA-CKSUKHGVSA-N,SM d34:2,37755270,serum,Not reported,Reverse phase/C18
0.14536694726711963,-0.05993661686748976,IK_YLZRFVZUZIJABA-UHFFFAOYSA-N,4-Acetamido-2-aminobutanoic acid,MTBLS11904,plasma,Positive,Reverse phase/C18
-0.17733924063107584,-0.08389766898754064,IK_YMAHRLYIAABQRQ-UHFFFAOYSA-N,"2-(3-fluorophenyl)-4-(4-Methylpiperazin-1-yl)-1H-pyrrolo[3,2-c]pyridine",MTBLS11904,plasma,Positive,Reverse phase/C18
-0.7404114836799204,4.466689026584173,IK_YMAWOPBAYDPSLA-UHFFFAOYSA-N,glycyl-glycine,38720721,serum,Not reported,Reverse phase/C18
3.853498173052211,0.21147581690813733,IK_YMGFTDKNIWPMGF-UCPJVGPRSA-N,Salvianolic acid A,MTBLS11904,plasma,Negative,Reverse phase/C18
-0.1565636961697784,-0.08225016618253117,IK_YMGUBTXCNDTFJI-UHFFFAOYSA-N,Cyclopropanecarboxylic acid,MTBLS11904,plasma,Negative,Reverse phase/C18
0.0164856641019674,-0.06950609901012605,IK_YMGXOQLWSYJFSD-FALRGZJFSA-N,"LysoPC(22:2(13Z,16Z)/0:0)",MTBLS11904,plasma,Positive,Reverse phase/C18
0.06663574980614018,-0.06578243699550007,IK_YMIXNQVKVPYZHL-YWSRBNGNSA-N,Filipin II,MTBLS11904,plasma,Positive,Reverse phase/C18
-0.023516056286523392,-0.07247624110527211,IK_YMJNFVUJNDWLND-ZHACJKMWSA-N,3-Decenoylcarnitine,MTBLS11904,plasma,Positive,Reverse phase/C18
-0.058606323452766285,-0.07508170666405907,IK_YMXANTWTWUQRLJ-XGZMHBGESA-N,"PE(22:6(4Z,7Z,10Z,13Z,16Z,19Z)/24:0)",MTBLS11904,plasma,Positive,Reverse phase/C18
-6.032347207563234,-5.662217927762739,IK_YMYQEDCYNANIPI-PBLJWRMESA-N,C18:0 galactosylceramide,24058461,plasma,Not reported,LC-MS/unspecified
-0.08745371801503857,-0.07722363612196645,IK_YNAVUWVOSKDBBP-UHFFFAOYSA-N,Morpholine,MTBLS11904,plasma,Positive,Reverse phase/C18
-0.40107667637139455,-0.10051025593402374,IK_YNIJMKWVLKABRN-TWDSNVLRSA-N,"DG(18:2(9Z,12Z)/18:1(11Z)/0:0)",MTBLS11904,plasma,Positive,Reverse phase/C18
-0.0178557870716899,-0.07209019384111251,IK_YNLRDTBLEOQPQL-UHFFFAOYSA-N,MJDBISSN00000001,MTBLS11904,plasma,Negative | Positive,Reverse phase/C18
0.12228903175153394,-0.061650160453880706,IK_YNNMOGWGBFSMGB-UHFFFAOYSA-N,"2,3-Methyleneglutaric acid",MTBLS11904,plasma,Positive,Reverse phase/C18
-0.06772563784128337,-0.07574302263968945,IK_YNXICDMQCQPQEW-UHFFFAOYSA-N,1-Naphthyl phosphate,MTBLS11904,plasma,Negative,Reverse phase/C18
-0.1849752221142822,-0.06481283555301931,IK_YNZQCBXDUUGFIX-UHFFFAOYSA-N,8-(Aminomethyl)sulfanyl-6-sulfanyloctanoic acid,ST003159,serum,Positive,HILIC
-0.6431285076175736,-0.11848269280495413,IK_YODZTKMDCQEPHD-UHFFFAOYSA-N,Thiodiglycol,MTBLS11904,plasma,Positive,Reverse phase/C18
0.7638127599065629,-0.014835126528336087,IK_YOEBAVRJHRCKRE-UHFFFAOYSA-N,2-Methylhippuric Acid,MTBLS11904,plasma,Negative,Reverse phase/C18
-0.18441055129657824,-0.08442271626787745,IK_YOILXOMTHPUMRG-TZMCWYRMSA-N,"(4Ar,10bR)-rel-4-Propyl-2,3,4,4a,5,10b-hexahydrochromeno[4,3-b][1,4]oxazin-9-ol",MTBLS11904,plasma,Positive,Reverse phase/C18
-0.07509089474318988,-0.07628250782053946,IK_YOSHYTLCDANDAN-UHFFFAOYSA-N,Irbesartan,MTBLS11904,plasma,Negative,Reverse phase/C18
0.6226655840441768,-0.024497018653581948,IK_YPIGGYHFMKJNKV-UHFFFAOYSA-N,N-Ethylglycine,MTBLS11904,plasma,Positive,Reverse phase/C18
1.1112472644616358,0.010613493750034605,IK_YPIQXPKZXKWWSZ-UHFFFAOYSA-N,"5-Phenyl-1,3-oxazinane-2,4-dione",MTBLS11904,plasma,Negative,Reverse phase/C18
0.04217711272587591,-0.06769294945371512,IK_YPJUNDFVDDCYIH-UHFFFAOYSA-N,Heptafluorobutyric acid,MTBLS11904,plasma,Negative,Reverse phase/C18
-0.3314922412887439,-0.09506319986815687,IK_YPUCCOVOHHZJPR-GDGIDMNUSA-N,"DG(20:4(8Z,11Z,14Z,17Z)-2OH(5S,6R)/0:0/a-13:0)",MTBLS11904,plasma,Negative,Reverse phase/C18
0.25477394086215827,-0.052120817419280985,IK_YPXHXDXMTWPQTO-SNAWJCMRSA-N,(2E)-3-[3-(sulfooxy)phenyl]prop-2-enoic acid,MTBLS11904,plasma,Negative,Reverse phase/C18
0.008437981097488053,-0.07010364237051941,IK_YQDZGFAYWGWSJK-SLMGBJJTSA-N,"11beta,17beta-Dihydroxy-4-androsten-3-one",MTBLS11904,plasma,Positive,Reverse phase/C18
3.1547293900399125,0.1602929293918613,IK_YQEZLKZALYSWHR-UHFFFAOYSA-N,Ketamine,MTBLS11904,plasma,Negative,Reverse phase/C18
0.042877332388696066,-0.06754650787056082,IK_YQGDEPYYFWUPGO-UHFFFAOYSA-N,4-Amino-3-hydroxybutyrate,MTBLS11904,plasma,Positive,Reverse phase/C18
0.07435797634667746,-0.06520905865633492,IK_YQYUWUKDEVZFDB-UHFFFAOYSA-N,"5-Methoxy-3,4-methylenedioxyamphetamine",MTBLS11904,plasma,Positive,Reverse phase/C18
-0.4536824883511109,-0.10441625626699184,IK_YRCWQPVGYLYSOX-VIFPVBQESA-N,D-synephrine,MTBLS11904,plasma,Positive,Reverse phase/C18
-0.13292278637592572,-0.08051853440061069,IK_YRHWKFMGEDDGIJ-UHFFFAOYSA-N,Phytolaccoside E,MTBLS11904,plasma,Negative,Reverse phase/C18
-0.0011340247049032824,-0.07086537104597118,IK_YRKLGWOHYXIKSF-LBPRGKRZSA-N,Indole-3-Acetyl-L-Glutamic Acid,MTBLS11904,plasma,Negative,Reverse phase/C18
0.9366140003380502,-0.001186233312110485,IK_YRKZDONPVFEWNN-HBCPYPPXSA-N,"(3a,5b)-24-oxo-24-[(2-sulfoethyl)amino]cholan-3-yl-b-D-Glucopyranosiduronic acid",MTBLS11904,plasma,Positive,Reverse phase/C18
-1.1296887893391332,2.574482797871521,IK_YRMSRWRIJYGMCI-LWRNEJPJSA-N,SM 41:1;2O|SM 18:1;2O/23:0,37755270,serum,Not reported,Reverse phase/C18
-0.5728000392701506,-0.11326077820445356,IK_YRXIDKUVBPMNRA-YTOKZNHUSA-N,Fasciculol C,MTBLS11904,plasma,Positive,Reverse phase/C18
-0.21044717414539055,-0.08635594514000108,IK_YRXOQXUDKDCXME-YIVRLKKSSA-N,Dimethylsphingosine,MTBLS11904,plasma,Positive,Reverse phase/C18
-0.2979009975873726,-0.09260273387593951,IK_YSLVYCWXAPPBIQ-UHFFFAOYSA-N,7-Methyl-cholic acid,MTBLS11904,plasma,Negative,Reverse phase/C18
0.48073640336216794,-0.03503531181653968,IK_YSMODUONRAFBET-UHNVWZDZSA-N,5-Hydroxylysine,MTBLS11904,plasma,Positive,Reverse phase/C18
0.5612133381440676,-1.031338784673565,IK_YSMODUONRAFBET-UHNVWZDZSA-N,5-Hydroxylysine,28880465,serum,Positive,LC-MS/unspecified
-0.015705070060686072,-0.07189627285956031,IK_YSSSPARMOAYJTE-UHFFFAOYSA-N,Dibenzo-18-crown-6,MTBLS11904,plasma,Positive,Reverse phase/C18
-1.6499765872076653,4.349496146622073,IK_YSSWCDJIKPKJLL-SJCQXOIGSA-N,Cer-NP t42:1,37755270,serum,Not reported,Reverse phase/C18
-0.20430639691611946,-0.08574718757539967,IK_YSUPYJPCFRZHTJ-UHFFFAOYSA-N,2-(2-Hydroxyethyl)phenyl hydrogen sulfate,MTBLS11904,plasma,Negative,Reverse phase/C18
-0.4495490683430585,-0.1037105373594526,IK_YTFFUORSCQHTLA-QNPHJADPSA-N,PS(PGJ2/24:0),MTBLS11904,plasma,Negative,Reverse phase/C18
0.9950516939274906,0.0021024881566752,IK_YTMBNLHIDIKJIU-HCXYKTFWSA-N,Dynorphin B (6-9),MTBLS11904,plasma,Negative,Reverse phase/C18
-0.14032581507621059,-0.0811494089161547,IK_YTPRLBGPGZHUPD-SSDOTTSWSA-N,Salsoline,MTBLS11904,plasma,Positive,Reverse phase/C18
0.17261277067027025,-0.05813889723229166,IK_YTZASGUOZDZYSL-UHFFFAOYSA-N,Capsicoside A1,MTBLS11904,plasma,Negative,Reverse phase/C18
0.06965473664263928,-0.08353108783687449,IK_YUFFSWGQGVEMMI-JLNKQSITSA-N,FFA 22:5,ST003159,serum,Negative,Reverse phase/C18
-0.7247518814218892,0.8153997271894534,IK_YUFFSWGQGVEMMI-JLNKQSITSA-N,FFA 22:5,33485385,plasma,Negative,LC-MS/unspecified
0.07219356369702684,-0.06549432705608603,IK_YUFFSWGQGVEMMI-RCHUDCCISA-N,"7,10,13,16,19-Docosapentaenoic acid",MTBLS11904,plasma,Negative,Reverse phase/C18
0.10414808337494723,-0.06315374686245016,IK_YUPCLHHTUNDMAN-UHFFFAOYSA-N,Butyl (S)-3-hydroxybutyrate glucoside,MTBLS11904,plasma,Negative,Reverse phase/C18
-0.24124731553035283,-0.08864286716588238,IK_YUTNOGOMBNYPFH-XUXIUFHCSA-N,Leu-Pro-Ile,MTBLS11904,plasma,Positive,Reverse phase/C18
-0.15018420966069615,-0.05347770829625165,IK_YUVPOZFUVRRVLD-FCQUAONHSA-N,SM 20:0;2O/21:1,37755270,serum,Not reported,Reverse phase/C18
-0.05425702401300918,-0.0747587694544482,IK_YVPPHAUZYVAQNM-UHFFFAOYSA-N,"2-Piperidinecarboxamide, 1-butyl-N-(4-hydroxy-2,6-dimethylphenyl)-",MTBLS11904,plasma,Positive,Reverse phase/C18
-0.23500235319007284,-0.0879955814908329,IK_YVWPKMWQKWFMBB-UHFFFAOYSA-N,2-Amino-4-[carbamimidoyl(methyl)amino]butanoic acid,MTBLS11904,plasma,Negative,Reverse phase/C18
0.1000099661259204,-0.06330438949851663,IK_YVYMBNSKXOXSKW-HXUWFJFHSA-N,PE(16:0/0:0),MTBLS11904,plasma,Positive,Reverse phase/C18
-0.055140001116970816,-0.07482116025896389,IK_YVYMBNSKXOXSKW-UHFFFAOYSA-N,[3-[2-Aminoethoxy(hydroxy)phosphoryl]oxy-2-hydroxypropyl] hexadecanoate,MTBLS11904,plasma,Negative,Reverse phase/C18
-0.17544566826927704,-0.0837570707047831,IK_YWDDIWXKFJEMKF-JTZVLWBESA-N,PC 34:4,MTBLS11904,plasma,Positive,Reverse phase/C18
-0.08993573491316509,-0.5565253335828843,IK_YWDDIWXKFJEMKF-JTZVLWBESA-N,PC 34:4,33485385,plasma,Positive,LC-MS/unspecified
0.14698048930266866,-0.08921542650733223,IK_YWWVWXASSLXJHU-WAYWQWQTSA-N,Myristoleic acid,ST003159,serum,Negative,Reverse phase/C18
-0.20495274434106148,-0.3240989943977586,IK_YWWVWXASSLXJHU-WAYWQWQTSA-N,Myristoleic acid,33485385,plasma,Negative,LC-MS/unspecified
-0.10334197554816887,-0.07840334507461018,IK_YWZAPMXAANPWLC-DCAQKATOSA-N,"L-Prolinamide, 5-oxo-L-prolyl-L-norvalyl-",MTBLS11904,plasma,Positive,Reverse phase/C18
-1.829752923605327,3.791407121784401,IK_YWZGQPJRQXHVQX-BYCLXTJYSA-N,Cer-AS d34:1,37755270,serum,Not reported,Reverse phase/C18
-1.3239849918532183,-0.16776055976186635,IK_YXFNPRHZMOGREC-UHFFFAOYSA-N,"{4-[4-(6-Carbamoyl-3,5-dimethylpyrazin-2-yl)phenyl]cyclohexyl}acetic acid",MTBLS11904,plasma,Negative,Reverse phase/C18
2.171153893278972,-0.770604850736544,IK_YXIWHUQXZSMYRE-UHFFFAOYSA-N,2-mercaptobenzothiazole,38720721,serum,Not reported,Reverse phase/C18
-0.12894028965863116,-0.08022682801573015,IK_YYAYRZYQSCUFIG-ZTYLUMCNSA-N,PC(TXB2/18:0),MTBLS11904,plasma,Negative,Reverse phase/C18
-0.04206715084701579,-0.07385366726109813,IK_YYELLDKEOUKVIQ-UHFFFAOYSA-N,Octaethyleneglycol monododecyl ether,MTBLS11904,plasma,Positive,Reverse phase/C18
-0.044641225110673075,-0.07404479283252548,IK_YYIUHLPAZILPSG-SMILAEQMSA-N,(-)-Slaframine,MTBLS11904,plasma,Positive,Reverse phase/C18
-0.06218635902937486,-0.07534752556175636,IK_YYIXZLMPKIFFGQ-ONNNWOQGSA-N,12(S)-HETrE,MTBLS11904,plasma,Positive,Reverse phase/C18
-0.10452545850771028,-0.07849121933067053,IK_YYMCYJLIYNNOMK-UHFFFAOYSA-N,Nor-psi-tropine,MTBLS11904,plasma,Positive,Reverse phase/C18
0.1364020649109791,-0.06060226253090931,IK_YYQVCMMXPIJVHY-ZOIJLGJPSA-N,LPC 20:2,MTBLS11904,plasma,Positive,Reverse phase/C18
0.27843825401929445,-0.3116803338601263,IK_YYQVCMMXPIJVHY-ZOIJLGJPSA-N,LPC 20:2,38720721,serum,Not reported,Reverse phase/C18
0.22761900597507045,-0.05382937141816214,IK_YYSFWGQAKJTHRE-MEOKJUQFSA-N,LPC 20:1,MTBLS11904,plasma,Positive,Reverse phase/C18
0.1357078631376869,0.11900552262515254,IK_YYSFWGQAKJTHRE-MEOKJUQFSA-N,LPC 20:1,37755270,serum,Not reported,Reverse phase/C18
-0.06932100085837051,-0.07585987902985361,IK_YYVUMXYSCXRWIL-UHFFFAOYSA-N,Cyclostenol,MTBLS11904,plasma,Negative,Reverse phase/C18
0.11574105193445883,-0.06230459332629642,IK_YYZUSRORWSJGET-UHFFFAOYSA-N,Ethyl octanoate,MTBLS11904,plasma,Negative,Reverse phase/C18
0.13154978521595367,-0.060962546099399564,IK_YZNNBIPIQWYLDM-HSUXUTPPSA-N,Fagomine,MTBLS11904,plasma,Positive,Reverse phase/C18
0.6256849682872155,-0.9389603168086413,IK_YZQCXOFQZKCETR-UWVGGRQHSA-N,L-Aspartyl-L phenylalanine,28880465,serum,Positive,LC-MS/unspecified
-0.18754678107880973,-0.084655583091911707,IK_YZXBAPSDXZZRGB-DOFZRALJSA-N,Arachidonic acid,MTBLS11904,plasma,Positive,Reverse phase/C18
0.0020427528915120986,-0.06749076464528297,IK_YZXBAPSDXZZRGB-DOFZRALJSA-N,Arachidonic acid,ST001814,plasma,Positive,GC-MS
0.28912556447173593,-0.0996647372392725,IK_YZXBAPSDXZZRGB-DOFZRALJSA-N,Arachidonic acid,ST003159,serum,Negative,Reverse phase/C18
-0.6368184497240061,0.6141218093939581,IK_YZXBAPSDXZZRGB-DOFZRALJSA-N,Arachidonic acid,33485385,plasma,Negative,LC-MS/unspecified
0.5976882516051355,-0.027003288877771953,IK_ZAFDCAVLVDWCPI-UHFFFAOYSA-N,Benzoyl-l-arg,MTBLS11904,plasma,Negative,Reverse phase/C18
-0.7812367536384889,-0.12800574645551915,IK_ZAGRKAFMISFKIO-QMTHXVAHSA-N,(+)-Lysergic acid,MTBLS11904,plasma,Negative,Reverse phase/C18
0.9591855812350693,-5.246056431853219e-4,IK_ZAIPMKNFIOOWCQ-UEKVPHQBSA-N,Cephalexin,MTBLS11904,plasma,Negative,Reverse phase/C18
-0.6220625124519003,-0.11691853475440597,IK_ZAVFAQIEEDHGRI-JVYSIHAYSA-N,"PE(20:5(5Z,8Z,11Z,14Z,17Z)/18:0)",MTBLS11904,plasma,Positive,Reverse phase/C18
0.43726568672834143,-0.0387538003272363,IK_ZBAYEKZBNZHVGF-ZAQYYTCTSA-N,"(7Z,9Z,12Z,15Z,18Z,21Z)-Tetracosa-7,9,12,15,18,21-hexaenoylcarnitine",MTBLS11904,plasma,Negative,Reverse phase/C18
-0.786790979028993,-0.12841257827090347,IK_ZBBHBTPTTSWHBA-UHFFFAOYSA-N,Nicardipine,MTBLS11904,plasma,Negative,Reverse phase/C18
1.3155422979453795,0.02557754168572382,IK_ZBCATMYQYDCTIZ-UHFFFAOYSA-N,4-methylcatechol,MTBLS11904,plasma,Negative,Reverse phase/C18
0.34007526686229583,1.6185862567673215,IK_ZBCATMYQYDCTIZ-UHFFFAOYSA-N,4-methylcatechol,38720721,serum,Not reported,Reverse phase/C18
-0.11402290794835737,-0.07919640819132207,IK_ZBCBWPMODOFKDW-UHFFFAOYSA-N,Diethanolamine,MTBLS11904,plasma,Positive,Reverse phase/C18
0.37844407950225145,-0.04306232076361255,IK_ZBHYMNYETSSWIX-RMKNXTFCSA-N,6-Hydroxynon-4-enoylcarnitine,MTBLS11904,plasma,Negative,Reverse phase/C18
0.6692652224745547,-0.021036978190114727,IK_ZBOQHUSCQCEBGK-JLRCLJKCSA-N,PC(18:1(9Z)e/2:0),MTBLS11904,plasma,Positive,Reverse phase/C18
-0.2549165427641668,-0.08965781230635439,IK_ZBXWGKPUSLRPHX-QOIVFALESA-N,Mirificin,MTBLS11904,plasma,Positive,Reverse phase/C18
0.5821482381797262,-0.028141552409478257,IK_ZBXYMKUZCWCGPC-BDWKERMESA-N,"(2E,4E)-2,7-Dimethyl-2,4-octadienedioic acid",MTBLS11904,plasma,Negative,Reverse phase/C18
-0.058961368219522,-0.07510806903182585,IK_ZCDKJIRLFSPIQI-QPJJXVBHSA-N,"3,7-Dimethyl-5-octene-1,7-diol 1-glucoside",MTBLS11904,plasma,Positive,Reverse phase/C18
0.10728982000288179,-0.0949807647290733,IK_ZCGUDUFJPFKWKP-QLXZSTJSSA-N,PE O-20:0_20:4,37755270,serum,Not reported,Reverse phase/C18
-0.5593041015472493,-0.11174979136051454,IK_ZCTWMWAMUYXALL-WLGWGOQCSA-N,"DG(a-13:0/20:3(8Z,11Z,14Z)-2OH(5,6)/0:0)",MTBLS11904,plasma,Negative,Reverse phase/C18
0.11967037013787059,-0.06201678177950081,IK_ZCXGMSGCBDSEOY-UHFFFAOYSA-N,2-Benzothiazolsulfonic Acid,MTBLS11904,plasma,Negative,Reverse phase/C18
0.16945082329324185,-0.05814838056334004,IK_ZDFLHZVTXWIGQV-UHFFFAOYSA-N,Deoxycholylglutamic acid,MTBLS11904,plasma,Positive,Reverse phase/C18
0.39446050248081677,-0.04144132884573879,IK_ZDHCZVWCTKTBRY-UHFFFAOYSA-N,12-Hydroxydodecanoic acid,MTBLS11904,plasma,Positive,Reverse phase/C18
-0.11792840146248337,-0.07948639261843356,IK_ZDHRSPRSUBAAIO-FNORWQNLSA-N,"2-Nonene-1,4-diol",MTBLS11904,plasma,Positive,Reverse phase/C18
-0.8803036914594675,0.9683998404944593,IK_ZDLDXNCMJBOYJV-YFKPBYRVSA-N,"L-Arginine, methyl ester",38720721,serum,Not reported,Reverse phase/C18
0.9548131055883571,-8.44877586623452e-4,IK_ZDXPYRJPNDTMRX-VKHMYHEASA-N,Glutamine,MTBLS11904,plasma,Negative,Reverse phase/C18
0.01714217713962311,-0.06550685343181745,IK_ZDXPYRJPNDTMRX-VKHMYHEASA-N,Glutamine,ST001814,plasma,Positive,GC-MS
0.377076993897663,-1.4962937702733008,IK_ZDXPYRJPNDTMRX-VKHMYHEASA-N,Glutamine,28880465,serum,Positive,LC-MS/unspecified
-3.5062459419522045,1.497393969462053,IK_ZDXPYRJPNDTMRX-VKHMYHEASA-N,Glutamine,38516193,plasma,Positive,LC-MS/unspecified
-0.5633515944171997,-0.11204625872198395,IK_ZDZWIQDJFWTDAM-NQIIRXRSSA-N,Rac S 33138,MTBLS11904,plasma,Negative,Reverse phase/C18
-0.24546084069354773,-0.08876163707436122,IK_ZEMGGZBWXRYJHK-UHFFFAOYSA-N,2-Thiouracil,MTBLS11904,plasma,Negative,Reverse phase/C18
-0.39609426270447295,-0.16110444275922284,IK_ZETVJNVPEVTCFL-GUCXUNSNSA-N,PI(O-16:0/12:0),24167579,serum,Positive,Reverse phase/C18
-0.00966930673495853,-0.07144811513533489,IK_ZEXLJFNSKAHNFH-SYKYGTKKSA-N,Endomorphin-1,MTBLS11904,plasma,Positive,Reverse phase/C18
-0.20148679800653163,-0.023704501342246595,IK_ZEZUHTUTOUOANR-JCGOJSMZSA-N,SM 40:1;2O|SM 18:1;2O/22:0,37755270,serum,Not reported,Reverse phase/C18
-0.1758303005364317,-0.08378562981057727,IK_ZFACUKICYTXONE-IWDZABBFSA-N,PC(16:1(9Z)/P-18:1(11Z)),MTBLS11904,plasma,Positive,Reverse phase/C18
0.032575394465421334,-0.06839624863056885,IK_ZFFFJLDTCLJDHL-JQYCEVDMSA-N,Pregnanediol 3-O-glucuronide,MTBLS11904,plasma,Negative,Reverse phase/C18
0.32213369207386444,-0.047186901254812175,IK_ZFFFJLDTCLJDHL-UHFFFAOYSA-N,"3-alpha,20-alpha-Dihydroxy-5-beta-pregnane 3-glucuronide",MTBLS11904,plasma,Negative,Reverse phase/C18
-0.165198305927561,-0.6282262201209717,IK_ZFMJJVQJMOVKIB-RQOIEFAZSA-N,PE O-18:1_18:2,37755270,serum,Not reported,Reverse phase/C18
0.06279865127080518,-0.06618247858234194,IK_ZFMSMUAANRJZFM-UHFFFAOYSA-N,1-Methoxy-4-(2-propenyl)benzene,MTBLS11904,plasma,Negative,Reverse phase/C18
0.048587636303330774,-0.06712251618393555,IK_ZFOZVQLOBQUTQQ-UHFFFAOYSA-N,Tributyl citrate,MTBLS11904,plasma,Positive,Reverse phase/C18
0.8015992161168431,-0.012067372873039828,IK_ZFRKQXVRDFCRJG-UHFFFAOYSA-N,3-Methylindole,MTBLS11904,plasma,Negative,Reverse phase/C18
-0.9341108746796158,1.6765888870734862,IK_ZFTUXXJICSMDGE-ZCXUNETKSA-N,PE-Cer 18:0;2O_22:1,37755270,serum,Not reported,Reverse phase/C18
-0.928039649278893,-0.13875865412838778,IK_ZFXYFBGIUFBOJW-UHFFFAOYSA-N,Theophylline,MTBLS11904,plasma,Negative,Reverse phase/C18
-0.4865005251492734,0.09643412698853988,IK_ZFXYFBGIUFBOJW-UHFFFAOYSA-N,Theophylline,38720721,serum,Not reported,Reverse phase/C18
-0.12769213518217137,-0.08021135333179408,IK_ZGCHLOWZNKRZSN-NTSWFWBYSA-N,3-Deoxyglucosone,MTBLS11904,plasma,Positive,Reverse phase/C18
-0.04120912502257709,-0.0737899579259408,IK_ZGKDAEWLTNBSEJ-GHMZBOCLSA-N,"Cyclopropyl-[(3S,4S)-3-(dimethylamino)-4-(hydroxymethyl)piperidin-1-yl]methanone",MTBLS11904,plasma,Positive,Reverse phase/C18
-0.2978769704858842,-0.09284763968723317,IK_ZGXJTSGNIOSYLO-UHFFFAOYSA-N,5-Aminolevulinic acid,MTBLS11904,plasma,Positive,Reverse phase/C18
0.15388203361793062,-0.059510871718792824,IK_ZHQJVZLJDXWFFX-RPDRRWSUSA-N,4a-Carbinolamine tetrahydrobiopterin,MTBLS11904,plasma,Negative,Reverse phase/C18
-1.091301121703634,2.9367757984964724,IK_ZHRLECIZINSPKL-AKGZTFGVSA-N,L-Cysteinylglycine disulfide,28880465,serum,Positive,LC-MS/unspecified
-0.2219735596936206,-0.0870412586131396,IK_ZHTQCPCDXKMMLU-UHFFFAOYSA-N,Norathyriol,MTBLS11904,plasma,Negative,Reverse phase/C18
-0.03711831353743886,-0.07350112116869142,IK_ZHZKWZJLUNXOSN-LOCIZFEWSA-N,3-epi-6-deoxocathasterone,MTBLS11904,plasma,Negative,Reverse phase/C18
-0.0939628740956355,-0.07770694346704385,IK_ZIBGPFATKBEMQZ-UHFFFAOYSA-N,TRIETHYLENE GLYCOL,MTBLS11904,plasma,Positive,Reverse phase/C18
-0.09334006979813161,-0.07761920982396699,IK_ZICVPLGXTMCKHF-ROUYHVFWSA-N,"PE-NMe(16:0/20:3(5Z,8Z,11Z))",MTBLS11904,plasma,Negative,Reverse phase/C18
-0.11121403840986566,-0.07892842851230475,IK_ZIKZPLSIAVHITA-WNGDLQANSA-N,Nomilinic acid,MTBLS11904,plasma,Negative,Reverse phase/C18
-0.1097919572991286,-0.07888225884330757,IK_ZILZDFSDUXZZAT-UHFFFAOYSA-N,3-hydroxynonanoyl carnitine,MTBLS11904,plasma,Positive,Reverse phase/C18
0.43593621814800565,-0.038851179892280804,IK_ZIMMPNSGYHHAIF-MNIDJLETSA-N,"PE-NMe(18:2(9Z,12Z)/20:2(11Z,14Z))",MTBLS11904,plasma,Negative,Reverse phase/C18
0.23973617187773827,-0.05322229259684526,IK_ZIWNJZLXPXFNGN-GXTQQWMXSA-N,Carbocyclic thromboxane A2,MTBLS11904,plasma,Negative,Reverse phase/C18
0.05588541299870605,-0.0666888545500317,IK_ZIYVHBGGAOATLY-UHFFFAOYSA-N,Methylmalonic Acid,MTBLS11904,plasma,Negative,Reverse phase/C18
0.08229752639847088,-0.06475423952509027,IK_ZJAZCYLYLVCSNH-JHJVBQTASA-N,Tetranor-PGEM,MTBLS11904,plasma,Negative,Reverse phase/C18
-0.08115167188384544,-0.07675570705321802,IK_ZJDPLLSGJXQZSR-HMPWLZDGSA-N,Leu Ile,MTBLS11904,plasma,Positive,Reverse phase/C18
0.45975916868420946,-0.03659287935203005,IK_ZJIJDTZEEABZPM-PUFJAHBCSA-N,Cer(d16:1/5-iso PGF2VI),MTBLS11904,plasma,Positive,Reverse phase/C18
-0.011651641058047477,-0.07159530444133622,IK_ZJKWJHONFFKJHG-UHFFFAOYSA-N,"2-Methoxy-1,4-benzoquinone",MTBLS11904,plasma,Positive,Reverse phase/C18
0.20995607171324016,-0.0554036028569408,IK_ZJUKTBDSGOFHSH-WFMPWKQPSA-N,S-Adenosylhomocysteine,MTBLS11904,plasma,Negative,Reverse phase/C18
0.2657937596730576,-0.05131364623294751,IK_ZKLLSNQJRLJIGT-UYFOZJQFSA-N,Fructose 1-phosphate,MTBLS11904,plasma,Negative,Reverse phase/C18
-2.8887872332926774,-0.285223674452538,IK_ZKLXUUYLEHCAMF-UUWFMWQGSA-N,Oripavine,MTBLS11904,plasma,Positive,Reverse phase/C18
0.8683385490234359,-0.007178900268875674,IK_ZKMZBAABQFUXFE-UHFFFAOYSA-O,Apigenidin,MTBLS11904,plasma,Negative,Reverse phase/C18
0.2130621668899942,-0.05491022212363292,IK_ZKQOUHVVXABNDG-IUCAKERBSA-N,Pro-leu,MTBLS11904,plasma,Positive,Reverse phase/C18
0.8562216398738187,-0.14135286987725332,IK_ZKQQJUBGJLUJNT-UHFFFAOYSA-N,1-Phenyl-24-pentadiyn-1-one,ST003159,serum,Negative,Reverse phase/C18
0.1526707389017188,-0.05959959607767471,IK_ZKRFOXLVOKTUTA-KQYNXXCUSA-N,6-Thioinosine-5'-monophosphate,MTBLS11904,plasma,Negative,Reverse phase/C18
0.45877353734397486,-0.037178408970113624,IK_ZKTMLINFIQCERN-QGZVFWFLSA-O,Lotusine,MTBLS11904,plasma,Negative,Reverse phase/C18
-1.3183746336413011,-0.16734961619427163,IK_ZLBGSRMUSVULIE-GSMJGMFJSA-N,Milbemycin A3,MTBLS11904,plasma,Negative,Reverse phase/C18
-0.20562448127960334,-0.08599785840986343,IK_ZLCUIOWQYBYEBG-UHFFFAOYSA-N,1-Amino-2-methylanthraquinone,MTBLS11904,plasma,Positive,Reverse phase/C18
-0.18658014646976862,-0.08444878868048544,IK_ZLIGRGHTISHYNH-WUXMJOGZSA-N,(E)-indol-3-ylacetaldoxime,MTBLS11904,plasma,Negative,Reverse phase/C18
5.30634164230645,0.31789259866583564,IK_ZMCBYSBVJIMENC-UHFFFAOYSA-N,Ethyl 3-aminobenzoate,MTBLS11904,plasma,Negative,Reverse phase/C18
-0.005801937353542588,-0.0712072824759312,IK_ZMITXKRGXGRMKS-LUJOEAJASA-N,Epiandrosterone sulfate,MTBLS11904,plasma,Negative,Reverse phase/C18
-2.336567949077426,0.0933541631246406,IK_ZMJBYMUCKBYSCP-CVYQJGLWSA-N,Garcinia acid,ST003159,serum,Negative,Reverse phase/C18
0.11086842164627443,-0.06249814494382836,IK_ZMXDDKWLCZADIW-UHFFFAOYSA-N,"N,N-Dimethylformamide",MTBLS11904,plasma,Positive,Reverse phase/C18
0.17627619604176004,-0.05787056129359336,IK_ZNJFBWYDHIGLCU-HWKXXFMVSA-N,Jasmonic acid,MTBLS11904,plasma,Negative,Reverse phase/C18
0.7403254789066359,-0.01655550498955767,IK_ZNOLGFHPUIJIMJ-UHFFFAOYSA-N,Fenitrothion,MTBLS11904,plasma,Negative,Reverse phase/C18
0.09613406024344734,-0.06359217647876435,IK_ZOJBSSVHFSBHMP-JJJSWPRASA-N,PC(22:4/0:0),MTBLS11904,plasma,Positive,Reverse phase/C18
-0.5771278458213766,-0.11305533141605649,IK_ZOJBYZNEUISWFT-UHFFFAOYSA-N,Allyl isothiocyanate,MTBLS11904,plasma,Negative,Reverse phase/C18
0.16283379007442722,-0.05885518008099348,IK_ZONSVLURFASOJK-LLAGZRPASA-N,Dehydromonocrotaline,MTBLS11904,plasma,Negative,Reverse phase/C18
-2.7720662364642803,-0.27655709766489917,IK_ZOTBXTZVPHCKPN-HTXNQAPBSA-N,Kresoxim-Methyl,MTBLS11904,plasma,Positive,Reverse phase/C18
-0.021030742510580857,-0.07229170604890256,IK_ZPLOQFLCMVIWRY-UHFFFAOYSA-N,FLESTOLOL,MTBLS11904,plasma,Positive,Reverse phase/C18
0.029000995205478244,-0.0685768312873618,IK_ZPVOLGVTNLDBFI-UHFFFAOYSA-N,"(+/-)-2,2,6-Trimethylcyclohexanone",MTBLS11904,plasma,Positive,Reverse phase/C18
-0.3313399487669546,-0.09533227820746037,IK_ZPWVTTHIHKYUQK-UHFFFAOYSA-N,"3,4-Methyleneadipic acid",MTBLS11904,plasma,Positive,Reverse phase/C18
0.07779007563235872,-0.0649542243582614,IK_ZPZUGHMDLKWJOU-LMSYVIICSA-N,Tanacetol A,MTBLS11904,plasma,Positive,Reverse phase/C18
0.15695458338073678,-0.059285815970160596,IK_ZQDWXGKKHFNSQK-UHFFFAOYSA-N,Hydroxyzine,MTBLS11904,plasma,Negative,Reverse phase/C18
-0.11310483842887992,-0.0790669243889908,IK_ZQIULKXWJGSFAC-UHFFFAOYSA-N,Manglupenone,MTBLS11904,plasma,Negative,Reverse phase/C18
0.2913786473286466,-0.04943962363593087,IK_ZQPPMHVWECSIRJ-KTKRTIGZSA-N,Oleic acid,MTBLS11904,plasma,Negative,Reverse phase/C18
0.4264226001512725,-0.011724944128401416,IK_ZQPPMHVWECSIRJ-KTKRTIGZSA-N,Oleic acid,ST001814,plasma,Positive,GC-MS
-0.1106887485343627,-0.5249627045303221,IK_ZQPPMHVWECSIRJ-KTKRTIGZSA-N,Oleic acid,33485385,plasma,Negative,LC-MS/unspecified
-0.3239888072196769,0.28072677053468226,IK_ZQRJDNRTBNYEER-NWBJSICCSA-N,Cer-NS d39:1,37755270,serum,Not reported,Reverse phase/C18
-0.023811927394802593,-0.07249820979633369,IK_ZQTAMPRZFOOEEP-HZJYTTRNSA-N,"LysoPA(18:2(9Z,12Z)/0:0)",MTBLS11904,plasma,Positive,Reverse phase/C18
2.3705662134733547,0.10528524288526359,IK_ZQYUKJFJPJDMMR-ZDWCHQGWSA-N,Glycohyocholic Acid,MTBLS11904,plasma,Positive,Reverse phase/C18
-0.011829163375798295,-0.07160848527080144,IK_ZREXGWPJFRJAJU-SWESGNQDSA-N,"(2S,3R)-2-Amino-4-octadecene-3-ol",MTBLS11904,plasma,Positive,Reverse phase/C18
-0.09067870895614542,-0.07746309336073331,IK_ZRKZFNZPJKEWPC-UHFFFAOYSA-N,DDAO,MTBLS11904,plasma,Positive,Reverse phase/C18
0.29439211089617845,-0.04921889523628698,IK_ZRQXMKMBBMNNQC-UHFFFAOYSA-N,Isovalerylglycine,MTBLS11904,plasma,Negative,Reverse phase/C18
0.7691632546632144,-0.13495307026126246,IK_ZSANYRMTSBBUCA-UHFFFAOYSA-N,"Oxoglutaric acid1,2,3",ST003159,serum,Negative,Reverse phase/C18
0.33611479748123735,-0.0457735188203819,IK_ZSIQJIWKELUFRJ-UHFFFAOYSA-N,Hexamethyleneimine,MTBLS11904,plasma,Positive,Reverse phase/C18
0.22390771228662976,-0.3857512815306476,IK_ZSJMELIYGMLDEW-BJPCGIFGSA-N,Cer-NS d38:2,37755270,serum,Not reported,Reverse phase/C18
0.5619233264275304,-0.029007153269862,IK_ZSTCZWJCLIRCOJ-DGCLKSJQSA-N,Zilpaterol,MTBLS11904,plasma,Positive,Reverse phase/C18
-0.37143043044557483,-0.0983090114261754,IK_ZSYMQFVRTIVMFA-JAHIUHDMSA-N,GPCho(20:4/14:0),MTBLS11904,plasma,Positive,Reverse phase/C18
-0.11914147192242378,-0.07957646361252131,IK_ZTFGOPUOTATSAL-CFVDWFIMSA-N,Dihydroouabain,MTBLS11904,plasma,Positive,Reverse phase/C18
0.07266626316559639,-0.06545970318887973,IK_ZTQGTBHHQGGBSV-ATVZYYHQSA-N,Naringenin 5-O-glucuronide,MTBLS11904,plasma,Negative,Reverse phase/C18
0.07486095593078508,-0.06517171219713033,IK_ZTQSAGDEMFDKMZ-UHFFFAOYSA-N,Butanal,MTBLS11904,plasma,Positive,Reverse phase/C18
0.142596320501534,-0.060337519021409575,IK_ZTTODOAGUDGDQH-HYVCQBOXSA-N,Ribosyl-5-amino-4-imidazolcarboxamid,MTBLS11904,plasma,Negative,Reverse phase/C18
-0.5059332578400617,-0.10829589534889031,IK_ZTZQZGHJLWFLFQ-VZBWJDOASA-N,"PE(P-18:0/20:4(8Z,11Z,14Z,17Z))",MTBLS11904,plasma,Positive,Reverse phase/C18
0.7753939101561408,-0.013986839030361103,IK_ZUILKEWVWUKSAO-ZZXKWVIFSA-N,P-coumaroyltriacetic acid lactone,MTBLS11904,plasma,Negative,Reverse phase/C18
-0.03342534466710452,-0.07323062125124338,IK_ZUXGPPMNMKSOEO-LFYBBSHMSA-N,Merodesmosine,MTBLS11904,plasma,Negative,Reverse phase/C18
0.27607498470989,-0.05056057503010365,IK_ZVDPYSVOZFINEE-BQBZGAKWSA-N,Aspartyl-Leucine,MTBLS11904,plasma,Negative,Reverse phase/C18
0.10283043230213056,-0.0632502609978271,IK_ZWCCSIUBHCZKOY-UHFFFAOYSA-N,"Adb-chminaca, (+/-)-",MTBLS11904,plasma,Negative,Reverse phase/C18
0.5742600568004828,-0.028719339990005213,IK_ZWDYIYOIBZOENK-YZGJGUBNSA-N,12-O-D-Glucuronoside-13-hydroxyoctadec-9Z-enoate,MTBLS11904,plasma,Negative,Reverse phase/C18
0.29214678527271865,-0.049383359774016714,IK_ZWRRJEICIPUPHZ-DAOPMYJZSA-N,Gomisin A,MTBLS11904,plasma,Negative,Reverse phase/C18
0.7467364727377456,-0.016085917376009964,IK_ZWRRJEICIPUPHZ-UHFFFAOYSA-N,Schisandrol B,MTBLS11904,plasma,Negative,Reverse phase/C18
-0.28867539135110165,-0.09216441890913203,IK_ZWRUINPWMLAQRD-UHFFFAOYSA-N,1-Nonanol,MTBLS11904,plasma,Positive,Reverse phase/C18
-0.056979033896433065,-0.07496087972582452,IK_ZXEUFAVXODIPHC-GUBZILKMSA-N,Lys Glu Asn,MTBLS11904,plasma,Positive,Reverse phase/C18
-0.04020316451204051,-0.07371526520818202,IK_ZXJIQOBYRBTOLH-UHFFFAOYSA-N,MJDBISSP00000002,MTBLS11904,plasma,Positive,Reverse phase/C18
-0.17479218958354328,-0.08358535292340145,IK_ZXNAIPHYBVMMPY-DHSLYTQISA-N,MG(22:1(13Z)/0:0/0:0),MTBLS11904,plasma,Negative,Reverse phase/C18
-6.063647943090659,-5.693189666446403,IK_ZXPULTKTJOBQPE-NWGIQDPJSA-N,C16:1 ceramide,24058461,plasma,Not reported,LC-MS/unspecified
0.19741060613550587,-0.05607235596159508,IK_ZXSWTMLNIIZPET-ZOFHRBRSSA-N,Normethandrone,MTBLS11904,plasma,Positive,Reverse phase/C18
0.09591719483244612,-0.06375663635700571,IK_ZXVONLUNISGICL-UHFFFAOYSA-N,DNOC,MTBLS11904,plasma,Negative,Reverse phase/C18
-0.155411489924831,-0.08216577028933472,IK_ZXZKYYHTWHJHFT-UHFFFAOYSA-N,"2,8-Quinolinediol",MTBLS11904,plasma,Negative,Reverse phase/C18
0.5929907946552371,-0.02734736489499287,IK_ZYEMKIHYSVDTSN-UHFFFAOYSA-N,3-Hydroxyhippuric acid sulfate,MTBLS11904,plasma,Negative,Reverse phase/C18
0.20199660222265106,-0.05573184434613901,IK_ZYGHJZDHTFUPRJ-UHFFFAOYSA-N,Coumarin,MTBLS11904,plasma,Positive,Reverse phase/C18
-0.422142670734653,-0.10207441337606075,IK_ZYOPDNLIHHFGEC-FNORWQNLSA-N,"Trans-2, 3, 4-Trimethoxycinnamate",MTBLS11904,plasma,Positive,Reverse phase/C18
-0.3212110162519114,-0.094310128665313,IK_ZZCHHVUQYRMYLW-HKBQPEDESA-N,Farglitazar,MTBLS11904,plasma,Negative,Reverse phase/C18
-1.1164401453376112,-0.1525584710883493,IK_ZZKNRXZVGOYGJT-VKHMYHEASA-N,Sparfosic acid,MTBLS11904,plasma,Negative,Reverse phase/C18
-0.775271870755795,-0.12756883554422827,IK_ZZUMXQCSMJCDDC-DFQOQHGMSA-N,"7a,12a-Dihydroxy-3-oxo-4-cholenoic acid",MTBLS11904,plasma,Negative,Reverse phase/C18
-0.06993817239915039,-0.07592310073927414,IK_ZZVUWRFHKOJYTH-UHFFFAOYSA-N,Diphenhydramine,MTBLS11904,plasma,Positive,Reverse phase/C18
-0.06648480123105645,-0.07565213551908014,NO_INCHIKEY__16 23 24 25 tetrahydroxydammar 13 17 en 3 one,"16,23,24,25-Tetrahydroxydammar-13(17)-en-3-one",MTBLS11904,plasma,Negative,Reverse phase/C18
0.6761269086254301,-0.021257873569470204,NO_INCHIKEY__4 acetyl 2 methoxyphenyl 6 o 6 deoxy l mannopyranosyl d glucopyranoside,4-Acetyl-2-methoxyphenyl 6-O-(6-deoxy-?-L-mannopyranosyl)-?-D-glucopyranoside,MTBLS11904,plasma,Negative,Reverse phase/C18
-0.251445310559465,-0.5119849502136933,NO_INCHIKEY__5 alpha androstan 3 beta ol 17 one sulfate,5-alpha-androstan-3-beta-ol-17-one sulfate,37755270,serum,Not reported,Reverse phase/C18
-0.3768360836902131,0.058990658817886635,NO_INCHIKEY__5 beta androstan 3 alpha ol 17 one sulfate,5-beta-androstan-3-alpha-ol-17-one sulfate,38720721,serum,Not reported,Reverse phase/C18
-0.021326613618860058,-0.07231367473996414,NO_INCHIKEY__5 hydroxymethyl 4 methoxy 2 5h furanone,5-(Hydroxymethyl)-4-methoxy-2(5H)-furanone,MTBLS11904,plasma,Positive,Reverse phase/C18
-3.5862163872875086,-0.9613552639000644,NO_INCHIKEY__bile acid or lovastatin,bile acid or Lovastatin,24167579,serum,Positive,Reverse phase/C18
-0.12911697364294794,-0.4228546573708696,NO_INCHIKEY__cer 40 0 2o cer 18 0 2o 22 0,Cer 40:0;2O|Cer 18:0;2O/22:0,37755270,serum,Not reported,Reverse phase/C18
-0.6726153956249793,1.1882514180378523,NO_INCHIKEY__cer 41 2 2o cer 18 2 2o 23 0,Cer 41:2;2O|Cer 18:2;2O/23:0,37755270,serum,Not reported,Reverse phase/C18
-0.5455023643865278,0.5366687256116031,NO_INCHIKEY__cer 42 0 2o cer 18 0 2o 24 0,Cer 42:0;2O|Cer 18:0;2O/24:0,37755270,serum,Not reported,Reverse phase/C18
-0.010920056925074723,0.6438222143002641,NO_INCHIKEY__cer 43 2 2o cer 19 1 2o 24 1,Cer 43:2;2O|Cer 19:1;2O/24:1,37755270,serum,Not reported,Reverse phase/C18
0.3003160282215087,-0.41799051321567804,NO_INCHIKEY__dg 36 4 isomer a,DG 36:4 Isomer A,37755270,serum,Not reported,Reverse phase/C18
-0.16532843388986188,-0.4592812536666709,NO_INCHIKEY__fahfa 38 4,FAHFA 38:4,37755270,serum,Not reported,Reverse phase/C18
-0.25873732429503304,-0.18189763946698495,NO_INCHIKEY__ffa 11 1,FFA 11:1,33485385,plasma,Negative,LC-MS/unspecified
-0.18925757908025018,-0.06449803241523394,NO_INCHIKEY__ffa 18 0,FFA 18:0,ST003159,serum,Negative,Reverse phase/C18
-0.2631362901367075,0.2600790212831867,NO_INCHIKEY__ffa 18 0,FFA 18:0,33485385,plasma,Negative,LC-MS/unspecified
0.17921982931568967,-0.09158539209881238,NO_INCHIKEY__ffa 18 2,FFA 18:2,ST003159,serum,Negative,Reverse phase/C18
-0.2517584288767479,-0.33291778826126583,NO_INCHIKEY__ffa 18 2,FFA 18:2,33485385,plasma,Negative,LC-MS/unspecified
-0.017233326925259754,-0.07714380835588915,NO_INCHIKEY__ffa 19 1,FFA 19:1,ST003159,serum,Negative,Reverse phase/C18
-0.14401630475066723,-0.4912324165081524,NO_INCHIKEY__ffa 19 1,FFA 19:1,33485385,plasma,Negative,LC-MS/unspecified
-0.07989766369954476,-0.07663459032773051,NO_INCHIKEY__gln leu glu lys,Gln Leu Glu Lys,MTBLS11904,plasma,Negative,Reverse phase/C18
0.093086592422506,-0.06381845227955485,NO_INCHIKEY__glu trp,Glu Trp,MTBLS11904,plasma,Positive,Reverse phase/C18
-0.695083405998245,-0.12234036319579103,NO_INCHIKEY__gly phe asn thr phe,Gly Phe Asn Thr Phe,MTBLS11904,plasma,Positive,Reverse phase/C18
0.1760487406639682,-0.057658482094693674,NO_INCHIKEY__gpcho 2 0 18 3,GPCho(2:0/18:3),MTBLS11904,plasma,Positive,Reverse phase/C18
1.4984292936712407,-0.18856257466285586,NO_INCHIKEY__lpa 0 018 1 9z lpa 18 1 9z 0 0 dhap 18 0 3,LPA(0:018:1(9Z)); LPA(18:1(9Z)0:0); DHAP(18:0)3,ST003159,serum,Negative,Reverse phase/C18
-0.091374728446566,0.6634336584714932,NO_INCHIKEY__lpc 16 0 1,LPC 16:0.1,37755270,serum,Not reported,Reverse phase/C18
0.20861866961615155,-0.3600235286465365,NO_INCHIKEY__lpc 16 1 1,LPC 16:1.1,37755270,serum,Not reported,Reverse phase/C18
0.012769043628117899,0.5136496668256647,NO_INCHIKEY__lpc 17 1 sn1,LPC 17:1-SN1,37755270,serum,Not reported,Reverse phase/C18
0.25005235011228816,0.12280201505146333,NO_INCHIKEY__lpe n fa 34 0 lpe n fa 16 0 18 0,LPE-N (FA)34:0|LPE-N (FA 16:0)18:0,37755270,serum,Not reported,Reverse phase/C18
0.4105023053723589,-0.6503024052928695,NO_INCHIKEY__lpe n fa 40 6 lpe n fa 18 0 22 6,LPE-N (FA)40:6|LPE-N (FA 18:0)22:6,37755270,serum,Not reported,Reverse phase/C18
0.48207497356696677,-0.1138487546320292,NO_INCHIKEY__lysopc 17 0 lysope 0 020 0 lysope 20 00 0,LysoPC(17:0); LysoPE(0:020:0); LysoPE(20:00:0),ST003159,serum,Positive,HILIC
-0.03828000532100345,-0.07357247008707185,NO_INCHIKEY__mg 10 0 0 0 0 0,MG(10:0/0:0/0:0),MTBLS11904,plasma,Positive,Reverse phase/C18
-0.09684297543810927,1.1270077656433717,NO_INCHIKEY__pc 18 2 20 4,PC 18:2_20:4,37755270,serum,Not reported,Reverse phase/C18
0.21577683961908262,-0.33179903263733485,NO_INCHIKEY__pc 38 5 isomer a,PC 38:5 Isomer A,37755270,serum,Not reported,Reverse phase/C18
0.12241793859749045,-0.06181553010465138,NO_INCHIKEY__pe 18 3 0 0,PE(18:3/0:0),MTBLS11904,plasma,Negative,Reverse phase/C18
0.771966834920143,-0.014237862731200673,NO_INCHIKEY__pl,PL,MTBLS11904,plasma,Negative,Reverse phase/C18
-1.0267661887734167,-0.31969799107094987,NO_INCHIKEY__possible bile acid,Possible bile acid,24167579,serum,Positive,Reverse phase/C18
-0.526886097944681,-0.1934962379302404,NO_INCHIKEY__possible flavonoid,Possible flavonoid,24167579,serum,Positive,Reverse phase/C18
-0.9187244561470304,-0.2973829091129541,NO_INCHIKEY__possible prenol lipid,Possible prenol lipid,24167579,serum,Positive,Reverse phase/C18
-0.13756706481194148,-0.0808587155797467,NO_INCHIKEY__ser ser oh,Ser-Ser-OH,MTBLS11904,plasma,Negative,Reverse phase/C18
-0.055233397023146835,-0.07483126543417958,NO_INCHIKEY__sm d15 0 2 0,SM(d15:0/2:0),MTBLS11904,plasma,Positive,Reverse phase/C18
-0.35822914233451525,0.3587841960767003,NO_INCHIKEY__sm d41 2 isomer b,SM d41:2 Isomer B,37755270,serum,Not reported,Reverse phase/C18
-0.9666693788587101,-0.3044380959149289,NO_INCHIKEY__tripeptide cys lys his,Tripeptide: Cys-Lys-His,24167579,serum,Positive,Reverse phase/C18
-0.9719286736039411,-0.30842648193482414,NO_INCHIKEY__tripeptide leu ile asp arg gln gln lys arg val glu val val trp,Tripeptide: Leu/Ile-Asp-Arg; Gln-Gln-Lys; Arg-Val-Glu; Val-Val-Trp,24167579,serum,Positive,Reverse phase/C18
-1.0989164460843939,-0.4139379530140448,NO_INCHIKEY__tripeptide leu ile lys gln,Tripeptide: Leu/Ile-Lys-Gln,24167579,serum,Positive,Reverse phase/C18
