canonical_metabolite,formula,monoisotopic_mass_Da,study,observed_mz,observed_mz_minus_M_Da,possible_adduct,polarity,charge,multimer,theoretical_mz_for_adduct,adduct_mass_shift_Da,mass_error_Da,mass_error_ppm,match_status,closest_common_adduct,all_candidate_adducts_within_0.02Da
"(+)-15,16-Dihydroxyoctadecanoic acid",C18H36O4,316.2614,MTBLS11904,317.268,1.0066,[M+H]+,+,1,1,317.268676,1.007276,-0.000676,-2.13,Matched,[M+H]+,[M+H]+ (err -0.000676 Da)
(+)-Lysergic acid,C16H16N2O2,268.1212,MTBLS11904,581.2395,313.1183,[2M+FA-H]- / [2M+HCOO]-,-,-1,2,581.240601,44.998201,-0.001101,-1.89,Matched,[2M+FA-H]- / [2M+HCOO]-,[2M+FA-H]- / [2M+HCOO]- (err -0.001101 Da)
(+)-Rotundifolone,C10H14O2,166.0994,MTBLS11904,211.0973,44.9979,[M+FA-H]- / [M+HCOO]-,-,-1,1,211.097601,44.998201,-0.000301,-1.43,Matched,[M+FA-H]- / [M+HCOO]-,[M+FA-H]- / [M+HCOO]- (err -0.000301 Da)
"(+)-threo-2-Amino-3,4-dihydroxybutanoic acid",C4H9NO4,135.0532,MTBLS11904,116.0352,-19.018,[M-H2O-H]-,-,-1,1,116.035359,-19.017841,-0.000159,-1.37,Matched,[M-H2O-H]-,[M-H2O-H]- (err -0.000159 Da)
"(+/-)12,13-DiHOME",C18H34O4,314.2457,MTBLS11904,313.238,-1.0077,[M-H]-,-,-1,1,313.238424,-1.007276,-0.000424,-1.35,Matched,[M-H]-,[M-H]- (err -0.000424 Da)
"(+/-)12,13-DiHOME",C18H34O4,314.2457,MTBLS11904,335.222,20.9763,[M+Na-2H]-,-,-1,1,335.220365,20.974665,0.001635,4.88,Matched,[M+Na-2H]-,[M+Na-2H]- (err 0.001635 Da)
(+/-)9-HpODE,C18H32O4,312.2301,MTBLS11904,311.2223,-1.0078,[M-H]-,-,-1,1,311.222824,-1.007276,-0.000524,-1.68,Matched,[M-H]-,[M-H]- (err -0.000524 Da)
(-)-alpha-Bisabolol,C15H26O,222.1984,MTBLS11904,503.4098,281.2114,[2M+CH3COO]-,-,-1,2,503.410651,59.013851,-0.000851,-1.69,Matched,[2M+CH3COO]-,[2M+CH3COO]- (err -0.000851 Da)
(-)-Cotinine,C10H12N2O,176.095,MTBLS11904,177.102,1.007,[M+H]+,+,1,1,177.102276,1.007276,-0.000276,-1.56,Matched,[M+H]+,[M+H]+ (err -0.000276 Da)
(-)-Pinoresinol,C20H22O6,358.1416,MTBLS11904,501.1735,143.0319,,,,,,,79.016133,187172.22,No common adduct match,[M+ACN+Na]+,
(-)-Slaframine,C10H18N2O2,198.1368,MTBLS11904,231.1699,33.0331,,,,,,,-1.936302,-8306.52,No common adduct match,[M+Cl]-,
(1-~13~C)Aniline,C6H7N,93.05785,S_35829770,94.06506,1.00721,[M+H]+,+,1,1,94.065126,1.007276,-0.000066,-0.71,Matched,[M+H]+,[M+H]+ (err -0.000066 Da)
(10Z)-12-Hydroxyhexadecenoylcarnitine,C23H43NO5,413.3141,MTBLS11904,396.31,-17.0041,[M+H-H2O]+,+,1,1,396.310812,-17.003288,-0.000812,-2.05,Matched,[M+H-H2O]+,[M+H-H2O]+ (err -0.000812 Da)
"(11R,12S,13S)-Epoxy-hydroxyoctadeca-cis-9-cis-15-dien-1-oic acid",C18H30O4,310.2144,MTBLS11904,331.1868,20.9724,[M+Na-2H]-,-,-1,1,331.189065,20.974665,-0.002265,-6.84,Matched,[M+Na-2H]-,[M+Na-2H]- (err -0.002265 Da)
(12E)-10-Hydroxytetradec-12-enoylcarnitine,C21H39NO5,385.2828,MTBLS11904,368.2789,-17.0039,[M+H-H2O]+,+,1,1,368.279512,-17.003288,-0.000612,-1.66,Matched,[M+H-H2O]+,[M+H-H2O]+ (err -0.000612 Da)
"(12Z,15Z)-10-Hydroxyoctadeca-12,15-dienoylcarnitine",C25H45NO5,439.3298,MTBLS11904,422.3256,-17.0042,[M+H-H2O]+,+,1,1,422.326512,-17.003288,-0.000912,-2.16,Matched,[M+H-H2O]+,[M+H-H2O]+ (err -0.000912 Da)
"(1a,5b,6a)-7-Protoilludene-1,5,6,14-tetrol 14-(2,4-dihydroxy-6-methylbenzoic acid)",C23H30O7,418.1992,MTBLS11904,436.2299,18.0307,[M+NH4]+,+,1,1,436.233023,18.033823,-0.003123,-7.16,Matched,[M+NH4]+,[M+NH4]+ (err -0.003123 Da)
"(1beta,2beta,5beta)-p-Menth-3-ene-1,2,5-triol",C10H18O3,186.1256,MTBLS11904,231.1235,44.9979,[M+FA-H]- / [M+HCOO]-,-,-1,1,231.123801,44.998201,-0.000301,-1.3,Matched,[M+FA-H]- / [M+HCOO]-,[M+FA-H]- / [M+HCOO]- (err -0.000301 Da)
"(1r,2s)-2-Aminocyclopentanecarboxylic acid",C6H11NO2,129.079,MTBLS11904,147.1126,18.0336,[M+NH4]+,+,1,1,147.112823,18.033823,-0.000223,-1.52,Matched,[M+NH4]+,[M+NH4]+ (err -0.000223 Da)
(1S)-(-)-Camphanic Acid,C10H14O4,198.0892,MTBLS11904,197.0818,-1.0074,[M-H]-,-,-1,1,197.081924,-1.007276,-0.000124,-0.63,Matched,[M-H]-,[M-H]- (err -0.000124 Da)
"(1S,2S,4R,8R)-p-Menthane-1,2,8,9-tetrol",C10H20O4,204.1362,MTBLS11904,203.1287,-1.0075,[M-H]-,-,-1,1,203.128924,-1.007276,-0.000224,-1.1,Matched,[M-H]-,[M-H]- (err -0.000224 Da)
"(2,6-Dioxo-3H-purin-9-yl) pyridine-3-carboxylate",C11H7N5O4,273.0498,MTBLS11904,337.0633,64.0135,[M+ACN+Na]+,+,1,1,337.065567,64.015767,-0.002267,-6.73,Matched,[M+ACN+Na]+,[M+ACN+Na]+ (err -0.002267 Da)
"(2-((3,5-Di-t-butyl-4-hydroxyphenyl)thio)-1-methylpropoxy)acetic acid",C20H32O4S,368.2021,MTBLS11904,351.2006,-17.0015,[M+H-H2O]+,+,1,1,351.198812,-17.003288,0.001788,5.09,Matched,[M+H-H2O]+,[M+H-H2O]+ (err 0.001788 Da)
(2-Hydroxyethoxy)acetic acid,C4H8O4,120.0423,MTBLS11904,103.0388,-17.0035,[M+H-H2O]+,+,1,1,103.039012,-17.003288,-0.000212,-2.06,Matched,[M+H-H2O]+,[M+H-H2O]+ (err -0.000212 Da)
(2-Naphthalenyloxy)acetic acid,C12H10O3,202.063,MTBLS11904,235.0961,33.0331,,,,,,,-1.936302,-8168.93,No common adduct match,[M+Cl]-,
"(2-oxo-2,3-Dihydro-1H-Indol-3-yl)acetic Acid",C10H9NO3,191.0582,MTBLS11904,209.0917,18.0335,[M+NH4]+,+,1,1,209.092023,18.033823,-0.000323,-1.54,Matched,[M+NH4]+,[M+NH4]+ (err -0.000323 Da)
"(23S)-23,25-dihdroxy-24-oxovitamine D3 23-(beta-glucuronide)",C33H50O10,606.3404,MTBLS11904,624.3787,18.0383,[M+NH4]+,+,1,1,624.374223,18.033823,0.004477,7.17,Matched,[M+NH4]+,[M+NH4]+ (err 0.004477 Da)
"(23S)-23,25-dihdroxy-24-oxovitamine D3 23-(beta-glucuronide)",C33H50O10,606.3404,ST003159,587.32,-19.0204,[M-H2O-H]-,-,-1,1,587.322559,-19.017841,-0.002559,-4.36,Matched,[M-H2O-H]-,[M-H2O-H]- (err -0.002559 Da)
(2E)-3-[3-(sulfooxy)phenyl]prop-2-enoic acid,C9H8O6S,244.0042,MTBLS11904,224.9882,-19.016,[M-H2O-H]-,-,-1,1,224.986359,-19.017841,0.001841,8.18,Matched,[M-H2O-H]-,[M-H2O-H]- (err 0.001841 Da)
(2E)-4-hydroxy-3-methylbut-2-en-1-yl trihydrogen diphosphate,C5H12O8P2,262.0007,S_24167579,263.008,1.0073,[M+H]+,+,1,1,263.007976,1.007276,0.000024,0.09,Matched,[M+H]+,[M+H]+ (err 0.000024 Da)
"(2E,4E)-2,4-Hexadienoic acid",C6H8O2,112.0524,MTBLS11904,95.049,-17.0034,[M+H-H2O]+,+,1,1,95.049112,-17.003288,-0.000112,-1.18,Matched,[M+H-H2O]+,[M+H-H2O]+ (err -0.000112 Da)
"(2E,4E)-2,7-Dimethyl-2,4-octadienedioic acid",C10H14O4,198.0892,MTBLS11904,197.0818,-1.0074,[M-H]-,-,-1,1,197.081924,-1.007276,-0.000124,-0.63,Matched,[M-H]-,[M-H]- (err -0.000124 Da)
"(2E,8E)-10-hydroxydeca-2,8-dien-4-ynoyl-CoA",C31H46N7O18P3S,929.1833,MTBLS11904,930.188,1.0047,[M+H]+,+,1,1,930.190576,1.007276,-0.002576,-2.77,Matched,[M+H]+,[M+H]+ (err -0.002576 Da)
(2R)-2-Hydroxy-2-methylbutanenitrile,C5H9NO,99.06841,MTBLS11904,243.1348,144.06639,[2M+FA-H]- / [2M+HCOO]-,-,-1,2,243.135021,44.998201,-0.000221,-0.91,Matched,[2M+FA-H]- / [2M+HCOO]-,[2M+FA-H]- / [2M+HCOO]- (err -0.000221 Da)
(2R)-6-methylpiperidine-2-carboxylic acid,C7H13NO2,143.0946,S_35829770,144.1017,1.0071,[M+H]+,+,1,1,144.101876,1.007276,-0.000176,-1.22,Matched,[M+H]+,[M+H]+ (err -0.000176 Da)
(2R)-6-methylpiperidine-2-carboxylic acid,C7H13NO2,143.0946,S_35829770,144.1018,1.0072,[M+H]+,+,1,1,144.101876,1.007276,-0.000076,-0.53,Matched,[M+H]+,[M+H]+ (err -0.000076 Da)
"(2R,3R)-2-Aminooctadecane-1,3-diol",C18H39NO2,301.2981,MTBLS11904,340.2589,38.9608,[M+K]+,+,1,1,340.261258,38.963158,-0.002358,-6.93,Matched,[M+K]+,[M+K]+ (err -0.002358 Da)
"(2R,3R,4R)-2-Amino-4-hydroxy-3-methylpentanoic acid",C6H13NO3,147.0895,MTBLS11904,130.086,-17.0035,[M+H-H2O]+,+,1,1,130.086212,-17.003288,-0.000212,-1.63,Matched,[M+H-H2O]+,[M+H-H2O]+ (err -0.000212 Da)
"(2R,3R,4R)-Hexane-1,2,3,4,6-pentol",C6H14O5,166.0841,MTBLS11904,189.0731,22.989,[M+Na]+,+,1,1,189.073318,22.989218,-0.000218,-1.15,Matched,[M+Na]+,[M+Na]+ (err -0.000218 Da)
"(2r,3r,4s,5r,6s)-2-(Hydroxymethyl)-6-Sulfanyl-Oxane-3,4,5-Triol",C6H12O5S,196.0405,MTBLS11904,217.0159,20.9754,[M+Na-2H]-,-,-1,1,217.015165,20.974665,0.000735,3.39,Matched,[M+Na-2H]-,[M+Na-2H]- (err 0.000735 Da)
"(2r,3r,5s,6r)-2,6-Bis(hydroxymethyl)piperidine-3,4,5-triol",C7H15NO5,193.095,MTBLS11904,211.1302,18.0352,[M+NH4]+,+,1,1,211.128823,18.033823,0.001377,6.52,Matched,[M+NH4]+,[M+NH4]+ (err 0.001377 Da)
"(2R,3S)-2,3-dimethylmalate",C6H8O5-2,160.0372,MTBLS11904,205.0352,44.998,[M+FA-H]- / [M+HCOO]-,-,-1,1,205.035401,44.998201,-0.000201,-0.98,Matched,[M+FA-H]- / [M+HCOO]-,[M+FA-H]- / [M+HCOO]- (err -0.000201 Da)
"(2R,4S)-2-Aminoformyl-6-fluoro-spiro[chroman-4,4'-imidazolidine]-2',5'-dione",C12H10FN3O4,279.0655,MTBLS11904,316.0143,36.9488,[M+K-2H]-,-,-1,1,316.014105,36.948605,0.000195,0.62,Matched,[M+K-2H]-,[M+K-2H]- (err 0.000195 Da)
"(2R,4S,5R)-2,4,5,6-Tetrahydroxyhexanal",C6H12O5,164.0685,MTBLS11904,185.0429,20.9744,[M+Na-2H]-,-,-1,1,185.043165,20.974665,-0.000265,-1.43,Matched,[M+Na-2H]-,[M+Na-2H]- (err -0.000265 Da)
(2S)-1-naphthalen-1-yloxy-3-(propan-2-ylamino)propan-2-ol,C16H21NO2,259.1572,S_35829770,260.1635,1.0063,[M+H]+,+,1,1,260.164476,1.007276,-0.000976,-3.75,Matched,[M+H]+,[M+H]+ (err -0.000976 Da)
(2S)-1-naphthalen-1-yloxy-3-(propan-2-ylamino)propan-2-ol,C16H21NO2,259.1572,S_35829770,260.164,1.0068,[M+H]+,+,1,1,260.164476,1.007276,-0.000476,-1.83,Matched,[M+H]+,[M+H]+ (err -0.000476 Da)
(2S)-2-(4-Chloroanilino)propanoic acid,C9H10ClNO2,199.04,MTBLS11904,234.0075,34.9675,[M+Cl]-,-,-1,1,234.009402,34.969402,-0.001902,-8.13,Matched,[M+Cl]-,[M+Cl]- (err -0.001902 Da)
(2S)-2-Amino-3-[4-[(2S)-2-amino-3-phenylpropanoyl]oxyphenyl]propanoic acid,C18H20N2O4,328.1423,MTBLS11904,309.1219,-19.0204,[M-H2O-H]-,-,-1,1,309.124459,-19.017841,-0.002559,-8.28,Matched,[M-H2O-H]-,[M-H2O-H]- (err -0.002559 Da)
(2S)-2-Amino-3-methylpentanoic acid,C6H13NO2,131.0946,S_35829770,132.1018,1.0072,[M+H]+,+,1,1,132.101876,1.007276,-0.000076,-0.58,Matched,[M+H]+,[M+H]+ (err -0.000076 Da)
(2S)-2-Amino-4-sulfanylbutanal,C4H9NOS,119.0405,MTBLS11904,102.037,-17.0035,[M+H-H2O]+,+,1,1,102.037212,-17.003288,-0.000212,-2.08,Matched,[M+H-H2O]+,[M+H-H2O]+ (err -0.000212 Da)
(2S)-2-Amino-5-(diaminomethylideneamino)-4-methylpentanoic acid,C7H16N4O2,188.1273,MTBLS11904,233.0992,44.9719,[M+2Na-H]+,+,1,1,233.09846,44.97116,0.00074,3.18,Matched,[M+2Na-H]+,[M+2Na-H]+ (err 0.000740 Da)
(2S)-2-Amino-6-[(3-formylpiperidin-1-yl)amino]hexanoic acid,C12H23N3O3,257.1739,MTBLS11904,258.1807,1.0068,[M+H]+,+,1,1,258.181176,1.007276,-0.000476,-1.85,Matched,[M+H]+,[M+H]+ (err -0.000476 Da)
(2S)-6-Amino-2-(hexanoylamino)hexanoic Acid,C12H24N2O3,244.1787,MTBLS11904,530.3901,286.2114,,,,,,,-2.965501,-5560.08,No common adduct match,[2M+FA-H]- / [2M+HCOO]-,
(2S)-OMPT,C22H43O6PS,466.2518,MTBLS11904,465.2488,-1.003,[M-H]-,-,-1,1,465.244524,-1.007276,0.004276,9.19,Matched,[M-H]-,[M-H]- (err 0.004276 Da)
"(2S,3R)-2-Amino-4-octadecene-3-ol",C18H37NO,283.2875,MTBLS11904,322.2483,38.9608,[M+K]+,+,1,1,322.250658,38.963158,-0.002358,-7.32,Matched,[M+K]+,[M+K]+ (err -0.002358 Da)
"(2xi,20beta)-2,20-Dihydroxy-3-oxo-12-ursen-28-oic acid",C30H46O5,486.3345,MTBLS11904,485.3248,-1.0097,[M-H]-,-,-1,1,485.327224,-1.007276,-0.002424,-4.99,Matched,[M-H]-,[M-H]- (err -0.002424 Da)
"(3a,5b)-24-oxo-24-[(2-sulfoethyl)amino]cholan-3-yl-b-D-Glucopyranosiduronic acid",C32H53NO11S,659.3339,MTBLS11904,682.3262,22.9923,[M+Na]+,+,1,1,682.323118,22.989218,0.003082,4.52,Matched,[M+Na]+,[M+Na]+ (err 0.003082 Da)
"(3a,5b,7a)-23-Carboxy-7-hydroxy-24-norcholan-3-yl-b-D-Glucopyranosiduronic acid",C30H48O10,568.3247,MTBLS11904,586.3565,18.0318,[M+NH4]+,+,1,1,586.358523,18.033823,-0.002023,-3.45,Matched,[M+NH4]+,[M+NH4]+ (err -0.002023 Da)
"(3a,5b,7a,12a)-24-[(carboxymethyl)amino]-1,12-dihydroxy-24-oxocholan-3-yl-b-D-Glucopyranosiduronic acid",C32H51NO12,641.3411,MTBLS11904,622.3224,-19.0187,[M-H2O-H]-,-,-1,1,622.323259,-19.017841,-0.000859,-1.38,Matched,[M-H2O-H]-,[M-H2O-H]- (err -0.000859 Da)
"(3b,16a,21b,22a)-12-Oleanene-3,16,21,23,28-pentol-22-angeloyloxy-23-al",C35H54O7,586.387,MTBLS11904,604.4249,18.0379,[M+NH4]+,+,1,1,604.420823,18.033823,0.004077,6.75,Matched,[M+NH4]+,[M+NH4]+ (err 0.004077 Da)
"(3b,16b,20R)-Pregn-5-ene-3,16,20-triol 3-glucoside",C27H44O8,496.3036,MTBLS11904,533.2523,36.9487,[M+K-2H]-,-,-1,1,533.252205,36.948605,0.000095,0.18,Matched,[M+K-2H]-,[M+K-2H]- (err 0.000095 Da)
"(3b,5a,22E,24S)-Stigmasta-7,22,25-trien-3-ol 3-glucoside",C35H56O6,572.4077,MTBLS11904,593.3792,20.9715,[M+Na-2H]-,-,-1,1,593.382365,20.974665,-0.003165,-5.33,Matched,[M+Na-2H]-,[M+Na-2H]- (err -0.003165 Da)
"(3beta,22R,23R,24S)-3,22,23-Trihydroxystigmastan-6-one",C29H50O4,462.3709,MTBLS11904,495.4035,33.0326,,,,,,,-1.936802,-3894.32,No common adduct match,[M+Cl]-,
"(3beta,5alpha,6alpha,7alpha,22E,24R)-5,6-Epoxyergosta-8,14,22-triene-3,7-diol",C28H42O3,426.3134,MTBLS11904,471.3109,44.9975,[M+FA-H]- / [M+HCOO]-,-,-1,1,471.311601,44.998201,-0.000701,-1.49,Matched,[M+FA-H]- / [M+HCOO]-,[M+FA-H]- / [M+HCOO]- (err -0.000701 Da)
"(3beta,5alpha,6beta,24R)-Stigmastane-3,5,6-triol",C29H52O3,448.3916,MTBLS11904,493.3897,44.9981,[M+FA-H]- / [M+HCOO]-,-,-1,1,493.389801,44.998201,-0.000101,-0.2,Matched,[M+FA-H]- / [M+HCOO]-,[M+FA-H]- / [M+HCOO]- (err -0.000101 Da)
"(3E,7E)-4,8,12-Trimethyl-1,3,7,11-tridecatetraene",C16H26,218.2035,MTBLS11904,257.1676,38.9641,[M+K]+,+,1,1,257.166658,38.963158,0.000942,3.66,Matched,[M+K]+,[M+K]+ (err 0.000942 Da)
(3R)-3-Hydroxy-N-[(3S)-2-oxooxolan-3-yl]butanamide,C8H13NO4,187.0845,MTBLS11904,229.1179,42.0334,[M+ACN+H]+,+,1,1,229.118325,42.033825,-0.000425,-1.86,Matched,[M+ACN+H]+,[M+ACN+H]+ (err -0.000425 Da)
"(3S)-3,7-diaminoheptanoic acid",C7H16N2O2,160.1212,S_35829770,161.1283,1.0071,[M+H]+,+,1,1,161.128476,1.007276,-0.000176,-1.1,Matched,[M+H]+,[M+H]+ (err -0.000176 Da)
(3S)-3-hydroxycyclocitral,C10H16O2,168.115,MTBLS11904,213.113,44.998,[M+FA-H]- / [M+HCOO]-,-,-1,1,213.113201,44.998201,-0.000201,-0.94,Matched,[M+FA-H]- / [M+HCOO]-,[M+FA-H]- / [M+HCOO]- (err -0.000201 Da)
"(3S,5R,6R,7E)-3,5,6-Trihydroxy-7-megastigmen-9-one",C13H22O4,242.1518,MTBLS11904,287.1506,44.9988,[M+FA-H]- / [M+HCOO]-,-,-1,1,287.150001,44.998201,0.000599,2.09,Matched,[M+FA-H]- / [M+HCOO]-,[M+FA-H]- / [M+HCOO]- (err 0.000599 Da)
"(3S,5R,6S,7E,9x)-7-Megastigmene-3,6,9-triol 9-glucoside",C19H34O8,390.2254,MTBLS11904,413.211,22.9856,[M+Na]+,+,1,1,413.214618,22.989218,-0.003618,-8.76,Matched,[M+Na]+,[M+Na]+ (err -0.003618 Da)
(3Z)-phytochromobilin,C33H36N4O6,584.2635,MTBLS11904,581.2394,-3.0241,,,,,,,-2.016824,-3457.87,No common adduct match,[M-H]-,
"(4Ar,10bR)-rel-4-Propyl-2,3,4,4a,5,10b-hexahydrochromeno[4,3-b][1,4]oxazin-9-ol",C14H19NO3,249.1365,MTBLS11904,250.1433,1.0068,[M+H]+,+,1,1,250.143776,1.007276,-0.000476,-1.9,Matched,[M+H]+,[M+H]+ (err -0.000476 Da)
(4E)-3-Hydroxydodec-4-enoylcarnitine,C19H35NO5,357.2515,MTBLS11904,358.2581,1.0066,[M+H]+,+,1,1,358.258776,1.007276,-0.000676,-1.89,Matched,[M+H]+,[M+H]+ (err -0.000676 Da)
(4E)-3-Hydroxyhex-4-enoylcarnitine,C13H23NO5,273.1576,MTBLS11904,238.1434,-35.0142,[M+H-2H2O]+,+,1,1,238.143747,-35.013853,-0.000347,-1.46,Matched,[M+H-2H2O]+,[M+H-2H2O]+ (err -0.000347 Da)
"(4E,14Z)-2-Aminooctadeca-4,14-diene-1,3-diol",C18H35NO2,297.2668,MTBLS11904,280.2629,-17.0039,[M+H-H2O]+,+,1,1,280.263512,-17.003288,-0.000612,-2.18,Matched,[M+H-H2O]+,[M+H-H2O]+ (err -0.000612 Da)
"(4E,15Z)-Bilirubin",C33H36N4O6,584.2635,MTBLS11904,585.2694,1.0059,[M+H]+,+,1,1,585.270776,1.007276,-0.001376,-2.35,Matched,[M+H]+,[M+H]+ (err -0.001376 Da)
"(5alpha,6beta,14alpha,20R,22R)-5,6,14,20,27-Pentahydroxy-1-oxowith-24-enolide",C28H42O8,506.288,MTBLS11904,527.2601,20.9721,[M+Na-2H]-,-,-1,1,527.262665,20.974665,-0.002565,-4.86,Matched,[M+Na-2H]-,[M+Na-2H]- (err -0.002565 Da)
(5E)-3-Hydroxyhept-5-enoylcarnitine,C14H25NO5,287.1733,MTBLS11904,252.159,-35.0143,[M+H-2H2O]+,+,1,1,252.159447,-35.013853,-0.000447,-1.77,Matched,[M+H-2H2O]+,[M+H-2H2O]+ (err -0.000447 Da)
(5R)-5-Hydroxyhexanoic acid,C6H12O3,132.0786,MTBLS11904,131.0713,-1.0073,[M-H]-,-,-1,1,131.071324,-1.007276,-0.000024,-0.18,Matched,[M-H]-,[M-H]- (err -0.000024 Da)
(5R)-5-Hydroxyhexanoylcarnitine,C13H25NO5,275.1733,MTBLS11904,276.18,1.0067,[M+H]+,+,1,1,276.180576,1.007276,-0.000576,-2.09,Matched,[M+H]+,[M+H]+ (err -0.000576 Da)
"(5Z,8Z,10E,14Z,17Z)-12-Hydroxyicosa-5,8,10,14,17-pentaenoylcarnitine",C27H43NO5,461.3141,MTBLS11904,482.2866,20.9725,[M+Na-2H]-,-,-1,1,482.288765,20.974665,-0.002165,-4.49,Matched,[M+Na-2H]-,[M+Na-2H]- (err -0.002165 Da)
"(5Z,8Z,13E,15S)-11,12,15-Trihydroxyicosa-5,8,13-trienoylcarnitine",C27H47NO7,497.3353,MTBLS11904,532.3015,34.9662,[M+Cl]-,-,-1,1,532.304702,34.969402,-0.003202,-6.02,Matched,[M+Cl]-,[M+Cl]- (err -0.003202 Da)
"(6E,8R,10Z)-8-hydroxy-3-oxohexadecadienoic acid",C16H26O4,282.1831,MTBLS11904,281.1755,-1.0076,[M-H]-,-,-1,1,281.175824,-1.007276,-0.000324,-1.15,Matched,[M-H]-,[M-H]- (err -0.000324 Da)
(6Z)-Oct-6-enedioylcarnitine,C15H25NO6,315.1682,MTBLS11904,280.1542,-35.014,[M+H-2H2O]+,+,1,1,280.154347,-35.013853,-0.000147,-0.53,Matched,[M+H-2H2O]+,[M+H-2H2O]+ (err -0.000147 Da)
"(7Z,9Z,12Z,15Z,18Z,21Z)-Tetracosa-7,9,12,15,18,21-hexaenoylcarnitine",C31H49NO4,499.3662,MTBLS11904,536.3191,36.9529,[M+K-2H]-,-,-1,1,536.314805,36.948605,0.004295,8.01,Matched,[M+K-2H]-,[M+K-2H]- (err 0.004295 Da)
(9E)-10-nitrooctadecenoic Acid,C18H33NO4,327.241,MTBLS11904,350.2295,22.9885,[M+Na]+,+,1,1,350.230218,22.989218,-0.000718,-2.05,Matched,[M+Na]+,[M+Na]+ (err -0.000718 Da)
"(9S,10E,12Z)-9-hydroperoxy-10,12-octadecadienoate",C18H31O4-,263.2375,MTBLS11904,344.2535,81.016,,,,,,,17.000233,51948.25,No common adduct match,[M+ACN+Na]+,
"(9S,10S)-10-hydroxy-9-(phosphonooxy)octadecanoate",C18H37O7P,396.2277,MTBLS11904,377.2114,-19.0163,[M-H2O-H]-,-,-1,1,377.209859,-19.017841,0.001541,4.09,Matched,[M-H2O-H]-,[M-H2O-H]- (err 0.001541 Da)
"(9S,10S)-9,10-dihydroxyoctadecanoate",C18H36O4,316.2614,MTBLS11904,334.2946,18.0332,[M+NH4]+,+,1,1,334.295223,18.033823,-0.000623,-1.86,Matched,[M+NH4]+,[M+NH4]+ (err -0.000623 Da)
"(9Z,11E,13S,15Z)-13-Hydroxyoctadeca-9,11,15-trienoic acid",C18H30O3,294.2195,MTBLS11904,317.2065,22.987,[M+Na]+,+,1,1,317.208718,22.989218,-0.002218,-6.99,Matched,[M+Na]+,[M+Na]+ (err -0.002218 Da)
"(9Z,12E)-15,16-Dihydroxyoctadeca-9,12-Dienoic Acid",C18H32O4,312.2301,MTBLS11904,335.2188,22.9887,[M+Na]+,+,1,1,335.219318,22.989218,-0.000518,-1.55,Matched,[M+Na]+,[M+Na]+ (err -0.000518 Da)
"(E)-2,6-Dimethyl-2,5-heptadienoic acid",C9H14O2,154.0994,MTBLS11904,172.1329,18.0335,[M+NH4]+,+,1,1,172.133223,18.033823,-0.000323,-1.88,Matched,[M+NH4]+,[M+NH4]+ (err -0.000323 Da)
(E)-2-hydroxydoxepin,C19H21NO2,295.1572,MTBLS11904,318.1443,22.9871,[M+Na]+,+,1,1,318.146418,22.989218,-0.002118,-6.66,Matched,[M+Na]+,[M+Na]+ (err -0.002118 Da)
(E)-acetyloxymethylimino-methyl-oxidoazanium,C4H8N2O3,132.0535,S_35829770,133.0606,1.0071,[M+H]+,+,1,1,133.060776,1.007276,-0.000176,-1.33,Matched,[M+H]+,[M+H]+ (err -0.000176 Da)
(E)-indol-3-ylacetaldoxime,C10H10N2O,174.0793,MTBLS11904,219.0773,44.998,[M+FA-H]- / [M+HCOO]-,-,-1,1,219.077501,44.998201,-0.000201,-0.92,Matched,[M+FA-H]- / [M+HCOO]-,[M+FA-H]- / [M+HCOO]- (err -0.000201 Da)
(E)-Resveratrol 3-glucoside 4'-sulfate,C20H22O11S,470.0883,MTBLS11904,451.07,-19.0183,[M-H2O-H]-,-,-1,1,451.070459,-19.017841,-0.000459,-1.02,Matched,[M-H2O-H]-,[M-H2O-H]- (err -0.000459 Da)
"(E,E)-Trichostachine",C16H17NO3,271.1208,MTBLS11904,254.1172,-17.0036,[M+H-H2O]+,+,1,1,254.117512,-17.003288,-0.000312,-1.23,Matched,[M+H-H2O]+,[M+H-H2O]+ (err -0.000312 Da)
(N-acetylneuraminosyl(a2-6)lactosamine),C25H42N2O19,674.2382,MTBLS11904,673.225,-1.0132,[M-H]-,-,-1,1,673.230924,-1.007276,-0.005924,-8.8,Matched,[M-H]-,[M-H]- (err -0.005924 Da)
(R)-(+)-2-Pyrrolidone-5-carboxylic acid,C5H7NO3,129.0426,MTBLS11904,130.0497,1.0071,[M+H]+,+,1,1,130.049876,1.007276,-0.000176,-1.36,Matched,[M+H]+,[M+H]+ (err -0.000176 Da)
(R)-1-Methylpiperidine-2-carboxylic acid,C7H13NO2,143.0946,MTBLS11904,304.2225,161.1279,[2M+NH4]+,+,1,2,304.223023,18.033823,-0.000523,-1.72,Matched,[2M+NH4]+,[2M+NH4]+ (err -0.000523 Da)
"(R)-1-O-[b-D-Apiofuranosyl-(1->2)-b-D-glucopyranoside]-1,3-octanediol",C21H40O9,436.2672,MTBLS11904,454.3013,18.0341,[M+NH4]+,+,1,1,454.301023,18.033823,0.000277,0.61,Matched,[M+NH4]+,[M+NH4]+ (err 0.000277 Da)
(R)-1-Octen-3-ol,C8H16O,128.1201,MTBLS11904,173.1182,44.9981,[M+FA-H]- / [M+HCOO]-,-,-1,1,173.118301,44.998201,-0.000101,-0.58,Matched,[M+FA-H]- / [M+HCOO]-,[M+FA-H]- / [M+HCOO]- (err -0.000101 Da)
(R)-3-hydroxybutyrylcarnitine,C11H21NO5,247.142,MTBLS11904,248.1488,1.0068,[M+H]+,+,1,1,248.149276,1.007276,-0.000476,-1.92,Matched,[M+H]+,[M+H]+ (err -0.000476 Da)
(R)-Acetoin,C4H8O2,88.05243,MTBLS11904,106.0861,18.03367,[M+NH4]+,+,1,1,106.086253,18.033823,-0.000153,-1.44,Matched,[M+NH4]+,[M+NH4]+ (err -0.000153 Da)
(R)-Oxypeucedanin,C16H14O5,286.0841,MTBLS11904,331.0536,44.9695,[M+2Na-H]+,+,1,1,331.05526,44.97116,-0.00166,-5.01,Matched,[M+2Na-H]+,[M+2Na-H]+ (err -0.001660 Da)
(R)-Salsolinol,C10H13NO2,179.0946,MTBLS11904,376.2197,197.1251,[2M+NH4]+,+,1,2,376.223023,18.033823,-0.003323,-8.83,Matched,[2M+NH4]+,[2M+NH4]+ (err -0.003323 Da)
"(S)-10,16-Dihydroxyhexadecanoic acid",C16H32O4,288.2301,MTBLS11904,333.2012,44.9711,[M+2Na-H]+,+,1,1,333.20126,44.97116,-0.00006,-0.18,Matched,[M+2Na-H]+,[M+2Na-H]+ (err -0.000060 Da)
"(S)-2,3-Dihydro-6-hydroxy-5-(hydroxyacetyl)-2-isopropenylbenzofuran",C13H14O4,234.0892,MTBLS11904,215.0729,-19.0163,[M-H2O-H]-,-,-1,1,215.071359,-19.017841,0.001541,7.17,Matched,[M-H2O-H]-,[M-H2O-H]- (err 0.001541 Da)
(S)-2-Acetolactate,C5H8O4,132.0423,MTBLS11904,131.0349,-1.0074,[M-H]-,-,-1,1,131.035024,-1.007276,-0.000124,-0.94,Matched,[M-H]-,[M-H]- (err -0.000124 Da)
(S)-3-Butyl-1(3H)-isobenzofuranone,C12H14O2,190.0994,MTBLS11904,235.0973,44.9979,[M+FA-H]- / [M+HCOO]-,-,-1,1,235.097601,44.998201,-0.000301,-1.28,Matched,[M+FA-H]- / [M+HCOO]-,[M+FA-H]- / [M+HCOO]- (err -0.000301 Da)
"(S)-4',5,7-Trihydroxy-6-prenylflavanone",C20H20O5,340.1311,MTBLS11904,361.1062,20.9751,[M+Na-2H]-,-,-1,1,361.105765,20.974665,0.000435,1.2,Matched,[M+Na-2H]-,[M+Na-2H]- (err 0.000435 Da)
(S)-4-Hydroxymandelonitrile,C8H7NO2,149.0477,MTBLS11904,194.0457,44.998,[M+FA-H]- / [M+HCOO]-,-,-1,1,194.045901,44.998201,-0.000201,-1.04,Matched,[M+FA-H]- / [M+HCOO]-,[M+FA-H]- / [M+HCOO]- (err -0.000201 Da)
(S)-5-Amino-3-oxohexanoate,C6H11NO3,145.0739,MTBLS11904,146.0809,1.007,[M+H]+,+,1,1,146.081176,1.007276,-0.000276,-1.89,Matched,[M+H]+,[M+H]+ (err -0.000276 Da)
(S)-9-Hydroxy-10-undecenoic acid,C11H20O3,200.1412,MTBLS11904,245.1392,44.998,[M+FA-H]- / [M+HCOO]-,-,-1,1,245.139401,44.998201,-0.000201,-0.82,Matched,[M+FA-H]- / [M+HCOO]-,[M+FA-H]- / [M+HCOO]- (err -0.000201 Da)
(S)-[8]-Gingerol,C19H30O4,322.2144,MTBLS11904,321.2065,-1.0079,[M-H]-,-,-1,1,321.207124,-1.007276,-0.000624,-1.94,Matched,[M-H]-,[M-H]- (err -0.000624 Da)
(S)-alpha-Terpinyl glucoside,C16H28O6,316.1886,MTBLS11904,299.1823,-17.0063,[M+H-H2O]+,+,1,1,299.185312,-17.003288,-0.003012,-10.07,Matched,[M+H-H2O]+,[M+H-H2O]+ (err -0.003012 Da)
"(S)-Methyl 2,5-diamino-5-oxopentanoate",C6H12N2O3,160.0848,MTBLS11904,202.1183,42.0335,[M+ACN+H]+,+,1,1,202.118625,42.033825,-0.000325,-1.61,Matched,[M+ACN+H]+,[M+ACN+H]+ (err -0.000325 Da)
"(S,E)-2-(5-Hydroxy-8,9-dihydro-5H-benzo[7]annulen-6(7H)-ylidene)acetic acid",C13H14O3,218.0943,MTBLS11904,236.1277,18.0334,[M+NH4]+,+,1,1,236.128123,18.033823,-0.000423,-1.79,Matched,[M+NH4]+,[M+NH4]+ (err -0.000423 Da)
"(S,E)-Zearalenone",C18H22O5,318.1467,MTBLS11904,681.2951,363.1484,[2M+FA-H]- / [2M+HCOO]-,-,-1,2,681.291601,44.998201,0.003499,5.14,Matched,[2M+FA-H]- / [2M+HCOO]-,[2M+FA-H]- / [2M+HCOO]- (err 0.003499 Da)
(Z)-2-octylpent-2-enedioic acid,C13H22O4,242.1518,S_35829770,241.1447,-1.0071,[M-H]-,-,-1,1,241.144524,-1.007276,0.000176,0.73,Matched,[M-H]-,[M-H]- (err 0.000176 Da)
(Z)-4-Hydroxy-6-dodecenoic acid lactone,C12H20O2,196.1463,MTBLS11904,195.1388,-1.0075,[M-H]-,-,-1,1,195.139024,-1.007276,-0.000224,-1.15,Matched,[M-H]-,[M-H]- (err -0.000224 Da)
(Z)-[(4-hydroxyphenyl)acetaldehyde oxime],C8H9NO2,151.0633,MTBLS11904,150.0559,-1.0074,[M-H]-,-,-1,1,150.056024,-1.007276,-0.000124,-0.82,Matched,[M-H]-,[M-H]- (err -0.000124 Da)
"1'H-5alpha-Androst-2-eno[3,2-b]indol-17beta-ol",C25H33NO,363.2562,S_24167579,386.244,22.9878,[M+Na]+,+,1,1,386.245418,22.989218,-0.001418,-3.67,Matched,[M+Na]+,[M+Na]+ (err -0.001418 Da)
"1'H-5alpha-Androst-2-eno[3,2-b]indol-17beta-ol",C25H33NO,363.2562,S_24167579,386.2439,22.9877,[M+Na]+,+,1,1,386.245418,22.989218,-0.001518,-3.93,Matched,[M+Na]+,[M+Na]+ (err -0.001518 Da)
"1,1'-(Tetrahydro-6a-hydroxy-2,3a,5-trimethylfuro[2,3-d]-1,3-dioxole-2,5-diyl)bis-ethanone",C12H18O6,258.1103,MTBLS11904,223.0961,-35.0142,[M+H-2H2O]+,+,1,1,223.096447,-35.013853,-0.000347,-1.56,Matched,[M+H-2H2O]+,[M+H-2H2O]+ (err -0.000347 Da)
"1,2,3-Trihydroxybenzene",C6H6O3,126.0317,MTBLS11904,127.0388,1.0071,[M+H]+,+,1,1,127.038976,1.007276,-0.000176,-1.39,Matched,[M+H]+,[M+H]+ (err -0.000176 Da)
"1,2,5-Trihydroxypyrrole-3-sulfonic acid",C4H5NO6S,194.9838,MTBLS11904,159.9688,-35.015,[M+H-2H2O]+,+,1,1,159.969947,-35.013853,-0.001147,-7.17,Matched,[M+H-2H2O]+,[M+H-2H2O]+ (err -0.001147 Da)
"1,2-Benzoquinone",C6H4O2,108.0211,MTBLS11904,109.0282,1.0071,[M+H]+,+,1,1,109.028376,1.007276,-0.000176,-1.62,Matched,[M+H]+,[M+H]+ (err -0.000176 Da)
"1,2-Cyclohexanediol",C6H12O2,116.0837,MTBLS11904,255.1562,139.0725,[2M+Na]+,+,1,2,255.156618,22.989218,-0.000418,-1.64,Matched,[2M+Na]+,[2M+Na]+ (err -0.000418 Da)
"1,2-Cyclohexanediol, 1-methyl-4-(1-methylethenyl)-",C10H18O2,170.1307,MTBLS11904,215.1287,44.998,[M+FA-H]- / [M+HCOO]-,-,-1,1,215.128901,44.998201,-0.000201,-0.93,Matched,[M+FA-H]- / [M+HCOO]-,[M+FA-H]- / [M+HCOO]- (err -0.000201 Da)
"1,2-Dehydrosalsolinol",C10H11NO2,177.079,MTBLS11904,222.077,44.998,[M+FA-H]- / [M+HCOO]-,-,-1,1,222.077201,44.998201,-0.000201,-0.91,Matched,[M+FA-H]- / [M+HCOO]-,[M+FA-H]- / [M+HCOO]- (err -0.000201 Da)
"1,2-Dipalmitoylphosphatidylcholine",C40H80NO8P,733.5622,MTBLS11904,734.568,1.0058,[M+H]+,+,1,1,734.569476,1.007276,-0.001476,-2.01,Matched,[M+H]+,[M+H]+ (err -0.001476 Da)
"1,2-Diphenylethane",C14H14,182.1096,MTBLS11904,227.1085,44.9989,[M+FA-H]- / [M+HCOO]-,-,-1,1,227.107801,44.998201,0.000699,3.08,Matched,[M+FA-H]- / [M+HCOO]-,[M+FA-H]- / [M+HCOO]- (err 0.000699 Da)
"1,3,5-Triazin-2(1H)-one, 4-amino-1-(2-deoxy-beta-D-erythro-pentofuranosyl)-",C8H12N4O4,228.0859,MTBLS11904,209.0665,-19.0194,[M-H2O-H]-,-,-1,1,209.068059,-19.017841,-0.001559,-7.46,Matched,[M-H2O-H]-,[M-H2O-H]- (err -0.001559 Da)
"1,3-Butadiene",C4H6,54.04695,MTBLS11904,72.0807,18.03375,[M+NH4]+,+,1,1,72.080773,18.033823,-0.000073,-1.01,Matched,[M+NH4]+,[M+NH4]+ (err -0.000073 Da)
"1,3-Dichloropropene",C3H4Cl2,109.969,S_24167579,110.977,1.008,[M+H]+,+,1,1,110.976276,1.007276,0.000724,6.52,Matched,[M+H]+,[M+H]+ (err 0.000724 Da)
"1,3-Dimethylurate",C7H8N4O3,196.0596,S_35829770,195.0524,-1.0072,[M-H]-,-,-1,1,195.052324,-1.007276,0.000076,0.39,Matched,[M-H]-,[M-H]- (err 0.000076 Da)
"1,4-diaminobutane",C4H12N2,88.10005,S_28880465,88.1,-0.00005,,,,,,,1.007226,11564.98,No common adduct match,[M-H]-,
"1,4-Ipomeadiol",C9H14O3,170.0943,MTBLS11904,215.0923,44.998,[M+FA-H]- / [M+HCOO]-,-,-1,1,215.092501,44.998201,-0.000201,-0.93,Matched,[M+FA-H]- / [M+HCOO]-,[M+FA-H]- / [M+HCOO]- (err -0.000201 Da)
"1,5-Hexadiene",C6H10,82.07825,MTBLS11904,203.1211,121.04285,[2M+K]+,+,1,2,203.119658,38.963158,0.001442,7.1,Matched,[2M+K]+,[2M+K]+ (err 0.001442 Da)
"1,5-Naphthalene diisocyanate",C12H6N2O2,210.0429,MTBLS11904,246.9916,36.9487,[M+K-2H]-,-,-1,1,246.991505,36.948605,0.000095,0.38,Matched,[M+K-2H]-,[M+K-2H]- (err 0.000095 Da)
"1,9-Dimethyluric acid",C7H8N4O3,196.0596,S_35829770,197.0664,1.0068,[M+H]+,+,1,1,197.066876,1.007276,-0.000476,-2.42,Matched,[M+H]+,[M+H]+ (err -0.000476 Da)
"1-(1,2,3,4,5-Pentahydroxypent-1-yl)-1,2,3,4-tetrahydro-beta-carboline-3-carboxylate",C17H22N2O7,366.1427,MTBLS11904,365.135,-1.0077,[M-H]-,-,-1,1,365.135424,-1.007276,-0.000424,-1.16,Matched,[M-H]-,[M-H]- (err -0.000424 Da)
"1-(3,4-Diethoxybenzyl)-6,7-diethoxy-3,4-dihydroisoquinoline",C24H31NO4,397.2253,MTBLS11904,396.2175,-1.0078,[M-H]-,-,-1,1,396.218024,-1.007276,-0.000524,-1.32,Matched,[M-H]-,[M-H]- (err -0.000524 Da)
"1-(3-Pyridinyl)-1,4-butanediol",C9H13NO2,167.0946,MTBLS11904,376.22,209.1254,,,,,,,-2.967401,-7825.68,No common adduct match,[2M+FA-H]- / [2M+HCOO]-,
"1-(4-O-beta-D-glucopyranosyl-3-methoxyphenyl)-3,5-dihydroxydecane",C25H42O7,454.2931,MTBLS11904,499.2907,44.9976,[M+FA-H]- / [M+HCOO]-,-,-1,1,499.291301,44.998201,-0.000601,-1.2,Matched,[M+FA-H]- / [M+HCOO]-,[M+FA-H]- / [M+HCOO]- (err -0.000601 Da)
1-(beta-D-Glucopyranosyloxy)-3-octanone,C14H26O7,306.1679,MTBLS11904,287.1501,-19.0178,[M-H2O-H]-,-,-1,1,287.150059,-19.017841,0.000041,0.14,Matched,[M-H2O-H]-,[M-H2O-H]- (err 0.000041 Da)
"1-3-(4,5-dihydrofuranone)-5-(hydroxymethyl)-pyrrole-2-carboxyaldehyde",C9H9NO4,195.0532,MTBLS11904,240.0511,44.9979,[M+FA-H]- / [M+HCOO]-,-,-1,1,240.051401,44.998201,-0.000301,-1.25,Matched,[M+FA-H]- / [M+HCOO]-,[M+FA-H]- / [M+HCOO]- (err -0.000301 Da)
"1-[(2R)-2-(1,3-Benzodioxol-4-yl)heptyl]-3-[2,6-di(propan-2-yl)phenyl]urea",C27H38N2O3,438.2882,MTBLS11904,459.2603,20.9721,[M+Na-2H]-,-,-1,1,459.262865,20.974665,-0.002565,-5.59,Matched,[M+Na-2H]-,[M+Na-2H]- (err -0.002565 Da)
"1-[(2R,3R,4S,5R)-3,4-Dihydroxy-5-(hydroxymethyl)oxolan-2-yl]oxypyrimidin-2-one",C9H12N2O6,244.0695,MTBLS11904,279.0387,34.9692,[M+Cl]-,-,-1,1,279.038902,34.969402,-0.000202,-0.72,Matched,[M+Cl]-,[M+Cl]- (err -0.000202 Da)
1-[2-Bromo-1-(4-chlorophenyl)ethenyl]-2-chlorobenzene,C14H9BrCl2,325.9265,S_24167579,326.936,1.0095,[M+H]+,+,1,1,326.933776,1.007276,0.002224,6.8,Matched,[M+H]+,[M+H]+ (err 0.002224 Da)
1-Acetylimidazole,C5H6N2O,110.048,MTBLS11904,111.0551,1.0071,[M+H]+,+,1,1,111.055276,1.007276,-0.000176,-1.59,Matched,[M+H]+,[M+H]+ (err -0.000176 Da)
1-Amino-2-methylanthraquinone,C15H11NO2,237.079,MTBLS11904,255.1123,18.0333,[M+NH4]+,+,1,1,255.112823,18.033823,-0.000523,-2.05,Matched,[M+NH4]+,[M+NH4]+ (err -0.000523 Da)
1-Amino-propan-2-ol,C3H9NO,75.06841,S_28880465,75.0685,0.00009,,,,,,,-1.007186,-13239.27,No common adduct match,[M+H]+,
1-AMINOCYCLOBUTANE CARBOXYLIC ACID,C5H9NO2,115.0633,MTBLS11904,116.0704,1.0071,[M+H]+,+,1,1,116.070576,1.007276,-0.000176,-1.52,Matched,[M+H]+,[M+H]+ (err -0.000176 Da)
1-aminocyclopropane-1-carboxylic acid,C4H7NO2,101.0477,S_35829770,102.0549,1.0072,[M+H]+,+,1,1,102.054976,1.007276,-0.000076,-0.75,Matched,[M+H]+,[M+H]+ (err -0.000076 Da)
1-aminocyclopropane-1-carboxylic acid,C4H7NO2,101.0477,S_35829770,102.0547,1.007,[M+H]+,+,1,1,102.054976,1.007276,-0.000276,-2.71,Matched,[M+H]+,[M+H]+ (err -0.000276 Da)
1-aminocyclopropane-1-carboxylic acid,C4H7NO2,101.0477,MTBLS11904,302.1355,201.0878,,,,,,,41.026249,157122.92,No common adduct match,[2M+CH3COO]-,
1-arachidonoyl-2-hydroxy-sn-glycero-3-phosphate,C23H39O8P,474.2383,MTBLS11904,481.2314,6.9931,,,,,,,5.985824,12595.22,No common adduct match,[M+H]+,
1-Benzenesulfonyl-5-ethyl-5-phenylhydantoin,C17H16N2O4S,344.0831,MTBLS11904,733.1688,389.0857,[2M+FA-H]- / [2M+HCOO]-,-,-1,2,733.164401,44.998201,0.004399,6,Matched,[2M+FA-H]- / [2M+HCOO]-,[2M+FA-H]- / [2M+HCOO]- (err 0.004399 Da)
1-Butyl-1-nitrosourea,C5H11N3O2,145.0851,S_35829770,146.0927,1.0076,[M+H]+,+,1,1,146.092376,1.007276,0.000324,2.21,Matched,[M+H]+,[M+H]+ (err 0.000324 Da)
1-Butyl-1-nitrosourea,C5H11N3O2,145.0851,S_35829770,146.0923,1.0072,[M+H]+,+,1,1,146.092376,1.007276,-0.000076,-0.52,Matched,[M+H]+,[M+H]+ (err -0.000076 Da)
1-Cyclohexene-1-carboxylic acid,C7H10O2,126.0681,MTBLS11904,144.1017,18.0336,[M+NH4]+,+,1,1,144.101923,18.033823,-0.000223,-1.55,Matched,[M+NH4]+,[M+NH4]+ (err -0.000223 Da)
1-Ethoxymethyl-5-fluorouracil,C7H9FN2O3,188.0597,MTBLS11904,225.007,36.9473,[M+K-2H]-,-,-1,1,225.008305,36.948605,-0.001305,-5.8,Matched,[M+K-2H]-,[M+K-2H]- (err -0.001305 Da)
1-Ethyl-1-nitrosourea,C3H7N3O2,117.0538,S_35829770,118.061,1.0072,[M+H]+,+,1,1,118.061076,1.007276,-0.000076,-0.65,Matched,[M+H]+,[M+H]+ (err -0.000076 Da)
"1-Heptadecene-4,6-diyne-3,9-diol",C17H26O2,262.1933,MTBLS11904,307.1629,44.9696,[M+2Na-H]+,+,1,1,307.16446,44.97116,-0.00156,-5.08,Matched,[M+2Na-H]+,[M+2Na-H]+ (err -0.001560 Da)
1-Hexylamine,C6H15N,101.1204,S_35829770,102.1276,1.0072,[M+H]+,+,1,1,102.127676,1.007276,-0.000076,-0.75,Matched,[M+H]+,[M+H]+ (err -0.000076 Da)
"1-Hydroxy-2,2,5,5-tetramethylpyrrolidine-3-carboxamide",C9H18N2O2,186.1368,MTBLS11904,187.1438,1.007,[M+H]+,+,1,1,187.144076,1.007276,-0.000276,-1.48,Matched,[M+H]+,[M+H]+ (err -0.000276 Da)
"1-Hydroxy-2,2,5,5-tetramethylpyrrolidine-3-carboxylic acid",C9H17NO3,187.1208,MTBLS11904,229.1542,42.0334,[M+ACN+H]+,+,1,1,229.154625,42.033825,-0.000425,-1.86,Matched,[M+ACN+H]+,[M+ACN+H]+ (err -0.000425 Da)
1-Hydroxy-2-(N-acetylcysteinyl)-3-butene,C9H15NO4S,233.0722,MTBLS11904,234.0792,1.007,[M+H]+,+,1,1,234.079476,1.007276,-0.000276,-1.18,Matched,[M+H]+,[M+H]+ (err -0.000276 Da)
1-Linoleoyl-sn-Glycero-3-Phosphocholine,C27H52NO7P,533.3481,MTBLS11904,564.3296,30.9815,,,,,,,-3.987902,-7017.03,No common adduct match,[M+Cl]-,
1-Methoxy-4-(2-propenyl)benzene,C10H12O,148.0888,MTBLS11904,193.0868,44.998,[M+FA-H]- / [M+HCOO]-,-,-1,1,193.087001,44.998201,-0.000201,-1.04,Matched,[M+FA-H]- / [M+HCOO]-,[M+FA-H]- / [M+HCOO]- (err -0.000201 Da)
1-Methyl-3-(2-oxopropylidene)indol-2-one,C12H11NO2,201.079,MTBLS11904,200.0715,-1.0075,[M-H]-,-,-1,1,200.071724,-1.007276,-0.000224,-1.12,Matched,[M-H]-,[M-H]- (err -0.000224 Da)
1-Methyladenosine,C11H15N5O4,281.1124,S_35829770,282.1191,1.0067,[M+H]+,+,1,1,282.119676,1.007276,-0.000576,-2.04,Matched,[M+H]+,[M+H]+ (err -0.000576 Da)
1-Methyladenosine,C11H15N5O4,281.1124,MTBLS11904,282.1186,1.0062,[M+H]+,+,1,1,282.119676,1.007276,-0.001076,-3.82,Matched,[M+H]+,[M+H]+ (err -0.001076 Da)
1-Methylguanosine,C11H15N5O5,297.1073,MTBLS11904,298.1141,1.0068,[M+H]+,+,1,1,298.114576,1.007276,-0.000476,-1.6,Matched,[M+H]+,[M+H]+ (err -0.000476 Da)
1-Methylhistidine,C7H11N3O2,169.0851,S_28880465,169.0851,0,,,,,,,-1.007276,-5921.94,No common adduct match,[M+H]+,
1-Methylhistidine,C7H11N3O2,169.0851,MTBLS11904,211.1186,42.0335,[M+ACN+H]+,+,1,1,211.118925,42.033825,-0.000325,-1.54,Matched,[M+ACN+H]+,[M+ACN+H]+ (err -0.000325 Da)
1-Methylpyrrolidine,C5H11N,85.08915,MTBLS11904,130.0873,44.99815,[M+FA-H]- / [M+HCOO]-,-,-1,1,130.087351,44.998201,-0.000051,-0.39,Matched,[M+FA-H]- / [M+HCOO]-,[M+FA-H]- / [M+HCOO]- (err -0.000051 Da)
1-Methyluric acid,C6H6N4O3,182.044,MTBLS11904,181.0366,-1.0074,[M-H]-,-,-1,1,181.036724,-1.007276,-0.000124,-0.68,Matched,[M-H]-,[M-H]- (err -0.000124 Da)
1-Methylxanthine,C6H6N4O2,166.0491,S_35829770,167.0559,1.0068,[M+H]+,+,1,1,167.056376,1.007276,-0.000476,-2.85,Matched,[M+H]+,[M+H]+ (err -0.000476 Da)
1-Methylxanthine,C6H6N4O2,166.0491,MTBLS11904,165.0407,-1.0084,[M-H]-,-,-1,1,165.041824,-1.007276,-0.001124,-6.81,Matched,[M-H]-,[M-H]- (err -0.001124 Da)
1-Monopalmitin,C19H38O4,330.277,MTBLS11904,313.2732,-17.0038,[M+H-H2O]+,+,1,1,313.273712,-17.003288,-0.000512,-1.63,Matched,[M+H-H2O]+,[M+H-H2O]+ (err -0.000512 Da)
"1-Naphthalenesulfonic acid, 3,4-dihydro-3,4-dioxo-",C10H6O5S,237.9936,MTBLS11904,282.9935,44.9999,[M+FA-H]- / [M+HCOO]-,-,-1,1,282.991801,44.998201,0.001699,6,Matched,[M+FA-H]- / [M+HCOO]-,[M+FA-H]- / [M+HCOO]- (err 0.001699 Da)
1-Naphthyl isocyanate,C11H7NO,169.0528,MTBLS11904,214.0507,44.9979,[M+FA-H]- / [M+HCOO]-,-,-1,1,214.051001,44.998201,-0.000301,-1.41,Matched,[M+FA-H]- / [M+HCOO]-,[M+FA-H]- / [M+HCOO]- (err -0.000301 Da)
1-Naphthyl phosphate,C10H9O4P,224.0238,MTBLS11904,258.9915,34.9677,[M+Cl]-,-,-1,1,258.993202,34.969402,-0.001702,-6.57,Matched,[M+Cl]-,[M+Cl]- (err -0.001702 Da)
1-Naphthylamine,C10H9N,143.0735,S_35829770,144.0807,1.0072,[M+H]+,+,1,1,144.080776,1.007276,-0.000076,-0.53,Matched,[M+H]+,[M+H]+ (err -0.000076 Da)
1-Naphthylamine,C10H9N,143.0735,S_35829770,144.0806,1.0071,[M+H]+,+,1,1,144.080776,1.007276,-0.000176,-1.22,Matched,[M+H]+,[M+H]+ (err -0.000176 Da)
1-Nonadecanoyl-glycero-3-phosphoethanolamine,C24H50NO7P,495.3325,MTBLS11904,478.3285,-17.004,[M+H-H2O]+,+,1,1,478.329212,-17.003288,-0.000712,-1.49,Matched,[M+H-H2O]+,[M+H-H2O]+ (err -0.000712 Da)
1-Nonanol,C9H20O,144.1514,MTBLS11904,330.336,186.1846,,,,,,,-2.965001,-8895.87,No common adduct match,[2M+FA-H]- / [2M+HCOO]-,
1-O-Hexadecyl-sn-glycero-3-phosphocholine,C24H52NO6P,481.3532,MTBLS11904,526.3508,44.9976,[M+FA-H]- / [M+HCOO]-,-,-1,1,526.351401,44.998201,-0.000601,-1.14,Matched,[M+FA-H]- / [M+HCOO]-,[M+FA-H]- / [M+HCOO]- (err -0.000601 Da)
1-O-Isopentyl-3-O-octadec-2-enoyl glycerol,C26H50O4,426.3709,MTBLS11904,425.3631,-1.0078,[M-H]-,-,-1,1,425.363624,-1.007276,-0.000524,-1.23,Matched,[M-H]-,[M-H]- (err -0.000524 Da)
1-Oleoylglycerophosphoserine,C24H46NO9P,523.291,MTBLS11904,544.265,20.974,[M+Na-2H]-,-,-1,1,544.265665,20.974665,-0.000665,-1.22,Matched,[M+Na-2H]-,[M+Na-2H]- (err -0.000665 Da)
1-Palmitoylphosphatidylcholine,C24H50NO7P,495.3325,MTBLS11904,540.3298,44.9973,[M+FA-H]- / [M+HCOO]-,-,-1,1,540.330701,44.998201,-0.000901,-1.67,Matched,[M+FA-H]- / [M+HCOO]-,[M+FA-H]- / [M+HCOO]- (err -0.000901 Da)
1-Piperideine,C5H9N,83.0735,MTBLS11904,84.0806,1.0071,[M+H]+,+,1,1,84.080776,1.007276,-0.000176,-2.1,Matched,[M+H]+,[M+H]+ (err -0.000176 Da)
"1-Propanone, 1-(3,4-dihydroxyphenyl)-2-methyl-",C10H12O3,180.0786,MTBLS11904,181.0856,1.007,[M+H]+,+,1,1,181.085876,1.007276,-0.000276,-1.53,Matched,[M+H]+,[M+H]+ (err -0.000276 Da)
1-Pyrroline-5-carboxylic acid,C5H7NO2,113.0477,MTBLS11904,225.0879,112.0402,[2M-H]-,-,-1,2,225.088124,-1.007276,-0.000224,-0.99,Matched,[2M-H]-,[2M-H]- (err -0.000224 Da)
"1-Rhamnono-1,4-lactone",C6H10O5,162.0528,MTBLS11904,143.0349,-19.0179,[M-H2O-H]-,-,-1,1,143.034959,-19.017841,-0.000059,-0.41,Matched,[M-H2O-H]-,[M-H2O-H]- (err -0.000059 Da)
"10,11-dihydro-20-trihydroxy-leukotriene B4",C20H34O7,386.2305,MTBLS11904,367.2112,-19.0193,[M-H2O-H]-,-,-1,1,367.212659,-19.017841,-0.001459,-3.97,Matched,[M-H2O-H]-,[M-H2O-H]- (err -0.001459 Da)
10-formyldihydrofolate,C20H21N7O7,471.1502,S_24167579,494.1438,22.9936,[M+Na]+,+,1,1,494.139418,22.989218,0.004382,8.87,Matched,[M+Na]+,[M+Na]+ (err 0.004382 Da)
10-HDoHE,C22H32O3,344.2351,MTBLS11904,343.2276,-1.0075,[M-H]-,-,-1,1,343.227824,-1.007276,-0.000224,-0.65,Matched,[M-H]-,[M-H]- (err -0.000224 Da)
"10-Hydroxy-2-oxabicyclo[6.2.2]dodeca-1(10),8,11-trien-3-one",C11H12O3,192.0786,MTBLS11904,210.1121,18.0335,[M+NH4]+,+,1,1,210.112423,18.033823,-0.000323,-1.54,Matched,[M+NH4]+,[M+NH4]+ (err -0.000323 Da)
10-hydroxy-2E-decenoic acid,C10H18O3,186.1256,MTBLS11904,185.1181,-1.0075,[M-H]-,-,-1,1,185.118324,-1.007276,-0.000224,-1.21,Matched,[M-H]-,[M-H]- (err -0.000224 Da)
10-hydroxy-2E-decenoic acid,C10H18O3,186.1256,MTBLS11904,371.2435,185.1179,[2M-H]-,-,-1,2,371.243924,-1.007276,-0.000424,-1.14,Matched,[2M-H]-,[2M-H]- (err -0.000424 Da)
10-Hydroxydecanoic acid,C10H20O3,188.1412,S_35829770,187.1341,-1.0071,[M-H]-,-,-1,1,187.133924,-1.007276,0.000176,0.94,Matched,[M-H]-,[M-H]- (err 0.000176 Da)
10-Hydroxymelleolide,C23H28O7,416.1835,MTBLS11904,437.1611,20.9776,[M+Na-2H]-,-,-1,1,437.158165,20.974665,0.002935,6.71,Matched,[M+Na-2H]-,[M+Na-2H]- (err 0.002935 Da)
"10H-Pyrido(3,2-b)(1,4)benzothiazine, 10-(2-(dibutylamino)ethyl)-",C21H29N3S,355.2082,MTBLS11904,419.2243,64.0161,[M+ACN+Na]+,+,1,1,419.223967,64.015767,0.000333,0.79,Matched,[M+ACN+Na]+,[M+ACN+Na]+ (err 0.000333 Da)
11'-Carboxy-alpha-chromanol,C26H42O4,418.3083,MTBLS11904,417.3004,-1.0079,[M-H]-,-,-1,1,417.301024,-1.007276,-0.000624,-1.49,Matched,[M-H]-,[M-H]- (err -0.000624 Da)
"11,14-Eicosadienoic acid",C20H36O2,308.2715,MTBLS11904,353.2692,44.9977,[M+FA-H]- / [M+HCOO]-,-,-1,1,353.269701,44.998201,-0.000501,-1.42,Matched,[M+FA-H]- / [M+HCOO]-,[M+FA-H]- / [M+HCOO]- (err -0.000501 Da)
11-Hydroxy-9-tridecenoic acid,C13H24O3,228.1725,MTBLS11904,229.1815,1.009,[M+H]+,+,1,1,229.179776,1.007276,0.001724,7.52,Matched,[M+H]+,[M+H]+ (err 0.001724 Da)
11-Hydroxyandrosterone,C19H30O3,306.2195,MTBLS11904,370.2329,64.0134,[M+ACN+Na]+,+,1,1,370.235267,64.015767,-0.002367,-6.39,Matched,[M+ACN+Na]+,[M+ACN+Na]+ (err -0.002367 Da)
11-Hydroxyprogesterone 11-glucuronide,C27H38O9,506.2516,MTBLS11904,524.2822,18.0306,[M+NH4]+,+,1,1,524.285423,18.033823,-0.003223,-6.15,Matched,[M+NH4]+,[M+NH4]+ (err -0.003223 Da)
11-Maleimidoundecanoic acid,C15H23NO4,281.1627,MTBLS11904,246.1484,-35.0143,[M+H-2H2O]+,+,1,1,246.148847,-35.013853,-0.000447,-1.82,Matched,[M+H-2H2O]+,[M+H-2H2O]+ (err -0.000447 Da)
11-Oxo-androsterone glucuronide,C25H36O9,480.2359,MTBLS11904,479.2278,-1.0081,[M-H]-,-,-1,1,479.228624,-1.007276,-0.000824,-1.72,Matched,[M-H]-,[M-H]- (err -0.000824 Da)
11-Oxohexadecanoic acid,C16H30O3,270.2195,MTBLS11904,558.4716,288.2521,[2M+NH4]+,+,1,2,558.472823,18.033823,-0.001223,-2.19,Matched,[2M+NH4]+,[2M+NH4]+ (err -0.001223 Da)
"11b,17a,21-Trihydroxypreg-nenolone",C21H32O5,364.225,MTBLS11904,409.2227,44.9977,[M+FA-H]- / [M+HCOO]-,-,-1,1,409.223201,44.998201,-0.000501,-1.22,Matched,[M+FA-H]- / [M+HCOO]-,[M+FA-H]- / [M+HCOO]- (err -0.000501 Da)
"11beta,17beta-Dihydroxy-4-androsten-3-one",C19H28O3,304.2038,MTBLS11904,368.2173,64.0135,[M+ACN+Na]+,+,1,1,368.219567,64.015767,-0.002267,-6.16,Matched,[M+ACN+Na]+,[M+ACN+Na]+ (err -0.002267 Da)
"11beta-Hydroxy-3,20-dioxopregn-4-en-21-oic acid",C22H32O5,376.225,MTBLS11904,421.226,45.001,[M+FA-H]- / [M+HCOO]-,-,-1,1,421.223201,44.998201,0.002799,6.64,Matched,[M+FA-H]- / [M+HCOO]-,[M+FA-H]- / [M+HCOO]- (err 0.002799 Da)
"12'-Apo-b-carotene-3,12'-diol",C25H36O2,368.2715,MTBLS11904,367.2636,-1.0079,[M-H]-,-,-1,1,367.264224,-1.007276,-0.000624,-1.7,Matched,[M-H]-,[M-H]- (err -0.000624 Da)
12(S)-HETrE,C20H34O3,322.2508,MTBLS11904,345.2376,22.9868,[M+Na]+,+,1,1,345.240018,22.989218,-0.002418,-7,Matched,[M+Na]+,[M+Na]+ (err -0.002418 Da)
"12-[Methyl-(4-nitro-2,1,3-benzoxadiazol-7-yl)amino]octadecanoic acid",C25H40N4O5,476.2999,MTBLS11904,457.28,-19.0199,[M-H2O-H]-,-,-1,1,457.282059,-19.017841,-0.002059,-4.5,Matched,[M-H2O-H]-,[M-H2O-H]- (err -0.002059 Da)
12-Hydroxydodecanoic acid,C12H24O3,216.1725,MTBLS11904,234.2059,18.0334,[M+NH4]+,+,1,1,234.206323,18.033823,-0.000423,-1.81,Matched,[M+NH4]+,[M+NH4]+ (err -0.000423 Da)
12-Hydroxyjasmonic acid glucoside,C18H28O9,388.1733,MTBLS11904,425.1186,36.9453,[M+K-2H]-,-,-1,1,425.121905,36.948605,-0.003305,-7.77,Matched,[M+K-2H]-,[M+K-2H]- (err -0.003305 Da)
12-KETE,C20H30O3,318.2195,ACS1517,319.227,1.0075,[M+H]+,+,1,1,319.226776,1.007276,0.000224,0.7,Matched,[M+H]+,[M+H]+ (err 0.000224 Da)
12-Keto-tetrahydro-leukotriene B4,C20H34O4,338.2457,MTBLS11904,337.238,-1.0077,[M-H]-,-,-1,1,337.238424,-1.007276,-0.000424,-1.26,Matched,[M-H]-,[M-H]- (err -0.000424 Da)
12-Ketodeoxycholic acid,C24H38O4,390.277,MTBLS11904,373.2724,-17.0046,[M+H-H2O]+,+,1,1,373.273712,-17.003288,-0.001312,-3.51,Matched,[M+H-H2O]+,[M+H-H2O]+ (err -0.001312 Da)
12-O-D-Glucuronoside-13-hydroxyoctadec-9Z-enoate,C24H42O10,490.2778,MTBLS11904,489.2699,-1.0079,[M-H]-,-,-1,1,489.270524,-1.007276,-0.000624,-1.27,Matched,[M-H]-,[M-H]- (err -0.000624 Da)
"12-Oxo-2,3-dinor-10,15-phytodienoic acid",C16H24O3,264.1725,MTBLS11904,285.1453,20.9728,[M+Na-2H]-,-,-1,1,285.147165,20.974665,-0.001865,-6.54,Matched,[M+Na-2H]-,[M+Na-2H]- (err -0.001865 Da)
12-oxo-PDA,C18H28O3,292.2038,MTBLS11904,310.235,18.0312,[M+NH4]+,+,1,1,310.237623,18.033823,-0.002623,-8.45,Matched,[M+NH4]+,[M+NH4]+ (err -0.002623 Da)
12alpha-hydroxy-3-oxo-5beta-cholan-24-oic Acid,C24H38O4,390.277,MTBLS11904,389.2692,-1.0078,[M-H]-,-,-1,1,389.269724,-1.007276,-0.000524,-1.34,Matched,[M-H]-,[M-H]- (err -0.000524 Da)
"12R-hydroxy-5Z,8Z,12Z-eicosatrienoic acid",C20H34O3,322.2508,MTBLS11904,343.2231,20.9723,[M+Na-2H]-,-,-1,1,343.225465,20.974665,-0.002365,-6.89,Matched,[M+Na-2H]-,[M+Na-2H]- (err -0.002365 Da)
13(S)-HpODE,C18H32O4,312.2301,MTBLS11904,311.2223,-1.0078,[M-H]-,-,-1,1,311.222824,-1.007276,-0.000524,-1.68,Matched,[M-H]-,[M-H]- (err -0.000524 Da)
13(S)-HpODE,C18H32O4,312.2301,MTBLS11904,625.4633,313.2332,[2M+H]+,+,1,2,625.467476,1.007276,-0.004176,-6.68,Matched,[2M+H]+,[2M+H]+ (err -0.004176 Da)
13(S)-Hydroperoxylinolenic acid,C18H30O4,310.2144,MTBLS11904,328.2475,18.0331,[M+NH4]+,+,1,1,328.248223,18.033823,-0.000723,-2.2,Matched,[M+NH4]+,[M+NH4]+ (err -0.000723 Da)
"13,14-dihydro-15(R)-Prostaglandin E1",C20H36O5,356.2563,MTBLS11904,355.2486,-1.0077,[M-H]-,-,-1,1,355.249024,-1.007276,-0.000424,-1.19,Matched,[M-H]-,[M-H]- (err -0.000424 Da)
"13,16,19-Docosatrienoic acid",C22H38O2,334.2872,MTBLS11904,379.256,44.9688,[M+2Na-H]+,+,1,1,379.25836,44.97116,-0.00236,-6.22,Matched,[M+2Na-H]+,[M+2Na-H]+ (err -0.002360 Da)
"13-Oxo-9,11-tridecadienoic acid",C13H20O3,224.1412,MTBLS11904,223.1337,-1.0075,[M-H]-,-,-1,1,223.133924,-1.007276,-0.000224,-1,Matched,[M-H]-,[M-H]- (err -0.000224 Da)
15-HETE,C20H32O3,320.2351,ACS1517,319.228,-1.0071,[M-H]-,-,-1,1,319.227824,-1.007276,0.000176,0.55,Matched,[M-H]-,[M-H]- (err 0.000176 Da)
15-HETE-G,C23H38O5,394.2719,S_24167579,395.2761,1.0042,[M+H]+,+,1,1,395.279176,1.007276,-0.003076,-7.78,Matched,[M+H]+,[M+H]+ (err -0.003076 Da)
15-HPETE,C20H32O4,336.2301,ACS1517,335.222,-1.0081,[M-H]-,-,-1,1,335.222824,-1.007276,-0.000824,-2.46,Matched,[M-H]-,[M-H]- (err -0.000824 Da)
15-hydroxyicosanoic acid,C20H40O3,328.2977,MTBLS11904,327.2901,-1.0076,[M-H]-,-,-1,1,327.290424,-1.007276,-0.000324,-0.99,Matched,[M-H]-,[M-H]- (err -0.000324 Da)
"15-Hydroxynorandrostene-3,17-dione glucuronide",C24H32O9,464.2046,MTBLS11904,447.2016,-17.003,[M+H-H2O]+,+,1,1,447.201312,-17.003288,0.000288,0.64,Matched,[M+H-H2O]+,[M+H-H2O]+ (err 0.000288 Da)
16(R)-HETE,C20H32O3,320.2351,MTBLS11904,365.2305,44.9954,[M+FA-H]- / [M+HCOO]-,-,-1,1,365.233301,44.998201,-0.002801,-7.67,Matched,[M+FA-H]- / [M+HCOO]-,[M+FA-H]- / [M+HCOO]- (err -0.002801 Da)
"16,17-Dihydro-16alpha,17-dihydroxygibberellin A4 17-glucoside",C25H36O12,528.2207,MTBLS11904,546.2534,18.0327,[M+NH4]+,+,1,1,546.254523,18.033823,-0.001123,-2.06,Matched,[M+NH4]+,[M+NH4]+ (err -0.001123 Da)
16-alpha-Hydroxyandrosterone,C19H30O3,306.2195,MTBLS11904,370.2327,64.0132,[M+ACN+Na]+,+,1,1,370.235267,64.015767,-0.002567,-6.93,Matched,[M+ACN+Na]+,[M+ACN+Na]+ (err -0.002567 Da)
16-B1-phytoprostane,C18H28O4,308.1988,MTBLS11904,345.1451,36.9463,[M+K-2H]-,-,-1,1,345.147405,36.948605,-0.002305,-6.68,Matched,[M+K-2H]-,[M+K-2H]- (err -0.002305 Da)
16-Dehydropregnenolone acetate,C23H32O3,356.2351,S_24167579,357.244,1.0089,[M+H]+,+,1,1,357.242376,1.007276,0.001624,4.54,Matched,[M+H]+,[M+H]+ (err 0.001624 Da)
16-feruloyloxypalmitate,C26H39O6-,367.3001,MTBLS11904,489.3041,122.004,,,,,,,57.988233,134444.93,No common adduct match,[M+ACN+Na]+,
16-Hydroxyhexadecanoylcarnitine,C23H45NO5,415.3298,MTBLS11904,398.3255,-17.0043,[M+H-H2O]+,+,1,1,398.326512,-17.003288,-0.001012,-2.54,Matched,[M+H-H2O]+,[M+H-H2O]+ (err -0.001012 Da)
"16a-Hydroxyandrost-4-ene-3,17-dione",C19H26O3,302.1882,MTBLS11904,347.1595,44.9713,[M+2Na-H]+,+,1,1,347.15936,44.97116,0.00014,0.4,Matched,[M+2Na-H]+,[M+2Na-H]+ (err 0.000140 Da)
16b-Hydroxyestrone,C18H22O3,286.1569,MTBLS11904,617.3147,331.1578,[2M+FA-H]- / [2M+HCOO]-,-,-1,2,617.312001,44.998201,0.002699,4.37,Matched,[2M+FA-H]- / [2M+HCOO]-,[2M+FA-H]- / [2M+HCOO]- (err 0.002699 Da)
17-Aminogeldanamycin,C28H39N3O8,545.2737,MTBLS11904,566.2489,20.9752,[M+Na-2H]-,-,-1,1,566.248365,20.974665,0.000535,0.94,Matched,[M+Na-2H]-,[M+Na-2H]- (err 0.000535 Da)
17-Deoxyestradiol,C18H24O,256.1827,MTBLS11904,767.5421,511.3594,,,,,,,196.162849,343314.62,No common adduct match,[2M+CH3COO]-,
17-Hydroxyandrostane-3-glucuronide,C25H40O8,468.2723,MTBLS11904,513.2697,44.9974,[M+FA-H]- / [M+HCOO]-,-,-1,1,513.270501,44.998201,-0.000801,-1.56,Matched,[M+FA-H]- / [M+HCOO]-,[M+FA-H]- / [M+HCOO]- (err -0.000801 Da)
"17-N,N-Diethylcarbamoyl-4-methyl-4-azaandrostane-3-one",C24H40N2O2,388.309,MTBLS11904,430.3454,42.0364,[M+ACN+H]+,+,1,1,430.342825,42.033825,0.002575,5.98,Matched,[M+ACN+H]+,[M+ACN+H]+ (err 0.002575 Da)
"17-phenyl-18,19,20-trinor-prostaglandin D2",C23H30O5,386.2093,MTBLS11904,407.187,20.9777,[M+Na-2H]-,-,-1,1,407.183965,20.974665,0.003035,7.45,Matched,[M+Na-2H]-,[M+Na-2H]- (err 0.003035 Da)
"17-phenyl-18,19,20-trinor-prostaglandin E2",C23H30O5,386.2093,MTBLS11904,407.1868,20.9775,[M+Na-2H]-,-,-1,1,407.183965,20.974665,0.002835,6.96,Matched,[M+Na-2H]-,[M+Na-2H]- (err 0.002835 Da)
17alpha-Trenbolone,C18H22O2,270.162,MTBLS11904,315.1333,44.9713,[M+2Na-H]+,+,1,1,315.13316,44.97116,0.00014,0.45,Matched,[M+2Na-H]+,[M+2Na-H]+ (err 0.000140 Da)
17beta-hydroxy-5beta-estran-3-one,C18H28O2,276.2089,MTBLS11904,294.2421,18.0332,[M+NH4]+,+,1,1,294.242723,18.033823,-0.000623,-2.12,Matched,[M+NH4]+,[M+NH4]+ (err -0.000623 Da)
"19,20-DiHDPA",C22H34O4,362.2457,MTBLS11904,766.532,404.2863,,,,,,,-2.957601,-3843.59,No common adduct match,[2M+FA-H]- / [2M+HCOO]-,
19-Hydroxyprostaglandin E1,C20H34O6,370.2355,MTBLS11904,371.2393,1.0038,[M+H]+,+,1,1,371.242776,1.007276,-0.003476,-9.36,Matched,[M+H]+,[M+H]+ (err -0.003476 Da)
"1b,3a,7b-Trihydroxy-5b-cholanoic acid",C24H40O6,424.2825,MTBLS11904,469.2793,44.9968,[M+FA-H]- / [M+HCOO]-,-,-1,1,469.280701,44.998201,-0.001401,-2.99,Matched,[M+FA-H]- / [M+HCOO]-,[M+FA-H]- / [M+HCOO]- (err -0.001401 Da)
"1H-Imidazole-1-acetamide, N,N-bis(2-hydroxyethyl)-2-nitro-",C9H14N4O5,258.0964,MTBLS11904,295.0432,36.9468,[M+K-2H]-,-,-1,1,295.045005,36.948605,-0.001805,-6.12,Matched,[M+K-2H]-,[M+K-2H]- (err -0.001805 Da)
"1H-Pyrrole-2,5-dione, 1-[7-(dimethylamino)-4-methyl-2-oxo-2H-1-benzopyran-3-yl]-",C16H14N2O4,298.0954,MTBLS11904,362.1128,64.0174,[M+ACN+Na]+,+,1,1,362.111167,64.015767,0.001633,4.51,Matched,[M+ACN+Na]+,[M+ACN+Na]+ (err 0.001633 Da)
"2',3-Dimethyl-4-aminobiphenyl",C14H15N,197.1204,MTBLS11904,198.1274,1.007,[M+H]+,+,1,1,198.127676,1.007276,-0.000276,-1.4,Matched,[M+H]+,[M+H]+ (err -0.000276 Da)
2'-Deoxymugineic acid,C12H20N2O7,304.1271,MTBLS11904,339.096,34.9689,[M+Cl]-,-,-1,1,339.096502,34.969402,-0.000502,-1.48,Matched,[M+Cl]-,[M+Cl]- (err -0.000502 Da)
"2'-Fluoro-2',3'-dideoxyinosine",C10H11FN4O3,254.0815,MTBLS11904,275.0552,20.9737,[M+Na-2H]-,-,-1,1,275.056165,20.974665,-0.000965,-3.51,Matched,[M+Na-2H]-,[M+Na-2H]- (err -0.000965 Da)
2'-O-Methylinosine,C11H14N4O5,282.0964,MTBLS11904,327.0931,44.9967,[M+FA-H]- / [M+HCOO]-,-,-1,1,327.094601,44.998201,-0.001501,-4.59,Matched,[M+FA-H]- / [M+HCOO]-,[M+FA-H]- / [M+HCOO]- (err -0.001501 Da)
2(5H)-Furanone,C4H4O2,84.02113,MTBLS11904,85.0283,1.00717,[M+H]+,+,1,1,85.028406,1.007276,-0.000106,-1.25,Matched,[M+H]+,[M+H]+ (err -0.000106 Da)
"2,2,6,7-Tetramethylbicyclo[4.3.0]nona-1(9),4-diene-7,8-diol",C13H20O2,208.1463,MTBLS11904,253.1442,44.9979,[M+FA-H]- / [M+HCOO]-,-,-1,1,253.144501,44.998201,-0.000301,-1.19,Matched,[M+FA-H]- / [M+HCOO]-,[M+FA-H]- / [M+HCOO]- (err -0.000301 Da)
"2,2-Dimethyl-5-hydroxy-1-pyrrolidinyloxy",C6H12NO2,130.0868,MTBLS11904,96.0807,-34.0061,,,,,,,1.007753,10599.79,No common adduct match,[M+H-2H2O]+,
"2,3',4,6-Tetrahydroxybenzophenone",C13H10O5,246.0528,S_24167579,247.061,1.0082,[M+H]+,+,1,1,247.060076,1.007276,0.000924,3.74,Matched,[M+H]+,[M+H]+ (err 0.000924 Da)
"2,3,4-Trihydroxybutanoic acid",C4H8O5,136.0372,MTBLS11904,157.0116,20.9744,[M+Na-2H]-,-,-1,1,157.011865,20.974665,-0.000265,-1.69,Matched,[M+Na-2H]-,[M+Na-2H]- (err -0.000265 Da)
"2,3-Butanedione monoxime",C4H7NO2,101.0477,MTBLS11904,84.0443,-17.0034,[M+H-H2O]+,+,1,1,84.044412,-17.003288,-0.000112,-1.33,Matched,[M+H-H2O]+,[M+H-H2O]+ (err -0.000112 Da)
"2,3-Dihydroxypropyl octanoate",C11H22O4,218.1518,MTBLS11904,241.1402,22.9884,[M+Na]+,+,1,1,241.141018,22.989218,-0.000818,-3.39,Matched,[M+Na]+,[M+Na]+ (err -0.000818 Da)
"2,3-Dimethylmaleic anhydride",C6H6O3,126.0317,MTBLS11904,109.0282,-17.0035,[M+H-H2O]+,+,1,1,109.028412,-17.003288,-0.000212,-1.94,Matched,[M+H-H2O]+,[M+H-H2O]+ (err -0.000212 Da)
"2,3-dinor-6-oxoprostaglandin F1alpha",C18H30O6,342.2042,MTBLS11904,343.2082,1.004,[M+H]+,+,1,1,343.211476,1.007276,-0.003276,-9.55,Matched,[M+H]+,[M+H]+ (err -0.003276 Da)
"2,3-Dinor-TXB1",C19H34O5,342.2406,MTBLS11904,365.2267,22.9861,[M+Na]+,+,1,1,365.229818,22.989218,-0.003118,-8.54,Matched,[M+Na]+,[M+Na]+ (err -0.003118 Da)
"2,3-Methyleneglutaric acid",C7H8O4,156.0423,MTBLS11904,121.0282,-35.0141,[M+H-2H2O]+,+,1,1,121.028447,-35.013853,-0.000247,-2.04,Matched,[M+H-2H2O]+,[M+H-2H2O]+ (err -0.000247 Da)
"2,3-Secoporrigenin",C27H40O6,460.2825,MTBLS11904,481.2545,20.972,[M+Na-2H]-,-,-1,1,481.257165,20.974665,-0.002665,-5.54,Matched,[M+Na-2H]-,[M+Na-2H]- (err -0.002665 Da)
"2,4(1H,3H)-Pyrimidinedione, 1-(2,3-dihydro-2-furanyl)-5-fluoro-",C8H7FN2O3,198.0441,MTBLS11904,395.0804,197.0363,[2M-H]-,-,-1,2,395.080924,-1.007276,-0.000524,-1.33,Matched,[2M-H]-,[2M-H]- (err -0.000524 Da)
"2,4-Dihydroxy-2,5-dimethyl-3(2H)-furanone",C6H8O4,144.0423,MTBLS11904,145.0493,1.007,[M+H]+,+,1,1,145.049576,1.007276,-0.000276,-1.91,Matched,[M+H]+,[M+H]+ (err -0.000276 Da)
"2,4-Dihydroxy-2H-1,4-benzoxazin-3(4H)-one",C8H7NO4,181.0375,MTBLS11904,162.0195,-19.018,[M-H2O-H]-,-,-1,1,162.019659,-19.017841,-0.000159,-0.98,Matched,[M-H2O-H]-,[M-H2O-H]- (err -0.000159 Da)
"2,4-Dihydroxyacetophenone 5-sulfate",C8H8O6S,232.0042,MTBLS11904,230.9967,-1.0075,[M-H]-,-,-1,1,230.996924,-1.007276,-0.000224,-0.97,Matched,[M-H]-,[M-H]- (err -0.000224 Da)
"2,4-Dimethylpimelic acid",C9H16O4,188.1049,MTBLS11904,209.0793,20.9744,[M+Na-2H]-,-,-1,1,209.079565,20.974665,-0.000265,-1.27,Matched,[M+Na-2H]-,[M+Na-2H]- (err -0.000265 Da)
"2,4-Dinitrophenol",C6H4N2O5,184.012,MTBLS11904,183.0046,-1.0074,[M-H]-,-,-1,1,183.004724,-1.007276,-0.000124,-0.68,Matched,[M-H]-,[M-H]- (err -0.000124 Da)
"2,4-Quinolinediol",C9H7NO2,161.0477,MTBLS11904,203.0812,42.0335,[M+ACN+H]+,+,1,1,203.081525,42.033825,-0.000325,-1.6,Matched,[M+ACN+H]+,[M+ACN+H]+ (err -0.000325 Da)
"2,5,8,11,14-Pentaoxahexadecan-16-ol",C11H24O6,252.1573,MTBLS11904,253.164,1.0067,[M+H]+,+,1,1,253.164576,1.007276,-0.000576,-2.28,Matched,[M+H]+,[M+H]+ (err -0.000576 Da)
"2,5-Anhydro-D-mannose",C6H10O5,162.0528,MTBLS11904,143.0348,-19.018,[M-H2O-H]-,-,-1,1,143.034959,-19.017841,-0.000159,-1.11,Matched,[M-H2O-H]-,[M-H2O-H]- (err -0.000159 Da)
"2,5-Dioxopentanoate",C5H5O4-,81.03404,MTBLS11904,111.0086,29.97456,,,,,,,-4.994842,-43057.71,No common adduct match,[M+Cl]-,
"2,5-Dioxopyrrolidin-1-yl 2-(acetylthio)acetate",C8H9NO5S,231.0201,MTBLS11904,276.0176,44.9975,[M+FA-H]- / [M+HCOO]-,-,-1,1,276.018301,44.998201,-0.000701,-2.54,Matched,[M+FA-H]- / [M+HCOO]-,[M+FA-H]- / [M+HCOO]- (err -0.000701 Da)
"2,5-Furandicarboxylic acid",C6H4O5,156.0059,MTBLS11904,139.0023,-17.0036,[M+H-H2O]+,+,1,1,139.002612,-17.003288,-0.000312,-2.24,Matched,[M+H-H2O]+,[M+H-H2O]+ (err -0.000312 Da)
"2,5-Octadien-1-ol",C8H14O,126.1045,MTBLS11904,171.1025,44.998,[M+FA-H]- / [M+HCOO]-,-,-1,1,171.102701,44.998201,-0.000201,-1.17,Matched,[M+FA-H]- / [M+HCOO]-,[M+FA-H]- / [M+HCOO]- (err -0.000201 Da)
"2,6,6-Trimethyl-2-cyclohexene-1,4-dione",C9H12O2,152.0837,MTBLS11904,153.0908,1.0071,[M+H]+,+,1,1,153.090976,1.007276,-0.000176,-1.15,Matched,[M+H]+,[M+H]+ (err -0.000176 Da)
"2,6-Di-tert-butyl-4-[(dimethylamino)methyl]phenol",C17H29NO,263.2249,MTBLS11904,264.2317,1.0068,[M+H]+,+,1,1,264.232176,1.007276,-0.000476,-1.8,Matched,[M+H]+,[M+H]+ (err -0.000476 Da)
"2,6-Diisopropylaniline",C12H19N,177.1517,MTBLS11904,178.1587,1.007,[M+H]+,+,1,1,178.158976,1.007276,-0.000276,-1.55,Matched,[M+H]+,[M+H]+ (err -0.000276 Da)
"2,6-Dimethoxy-1,4-benzoquinone",C8H8O4,168.0423,MTBLS11904,169.0492,1.0069,[M+H]+,+,1,1,169.049576,1.007276,-0.000376,-2.23,Matched,[M+H]+,[M+H]+ (err -0.000376 Da)
"2,6-Dimethylquinoline",C11H11N,157.0891,MTBLS11904,158.0962,1.0071,[M+H]+,+,1,1,158.096376,1.007276,-0.000176,-1.12,Matched,[M+H]+,[M+H]+ (err -0.000176 Da)
"2,6-Nonadien-1-ol",C9H16O,140.1201,MTBLS11904,158.1537,18.0336,[M+NH4]+,+,1,1,158.153923,18.033823,-0.000223,-1.41,Matched,[M+NH4]+,[M+NH4]+ (err -0.000223 Da)
"2,8-Quinolinediol",C9H7NO2,161.0477,MTBLS11904,206.0456,44.9979,[M+FA-H]- / [M+HCOO]-,-,-1,1,206.045901,44.998201,-0.000301,-1.46,Matched,[M+FA-H]- / [M+HCOO]-,[M+FA-H]- / [M+HCOO]- (err -0.000301 Da)
2-((6-Amino-9H-purin-9-yl)methyl)-5-methyl-3-o-tolylquinazolin-4(3H)-one,C22H19N7O,397.1651,MTBLS11904,420.1579,22.9928,[M+Na]+,+,1,1,420.154318,22.989218,0.003582,8.53,Matched,[M+Na]+,[M+Na]+ (err 0.003582 Da)
2-(2-(4-Phenoxy-2-propylphenoxy)ethyl)indole-5-acetic acid,C27H27NO4,429.194,MTBLS11904,428.1867,-1.0073,[M-H]-,-,-1,1,428.186724,-1.007276,-0.000024,-0.05,Matched,[M-H]-,[M-H]- (err -0.000024 Da)
2-(2-Butoxyethoxy)ethyl acetate,C10H20O4,204.1362,MTBLS11904,227.125,22.9888,[M+Na]+,+,1,1,227.125418,22.989218,-0.000418,-1.84,Matched,[M+Na]+,[M+Na]+ (err -0.000418 Da)
2-(2-Hydroxyethyl)phenyl hydrogen sulfate,C8H10O5S,218.0249,MTBLS11904,199.0068,-19.0181,[M-H2O-H]-,-,-1,1,199.007059,-19.017841,-0.000259,-1.3,Matched,[M-H2O-H]-,[M-H2O-H]- (err -0.000259 Da)
"2-(2-Phenylimidazo[1,2-a]pyridin-8-yl)acetamide",C15H13N3O,251.1059,MTBLS11904,288.0543,36.9484,[M+K-2H]-,-,-1,1,288.054505,36.948605,-0.000205,-0.71,Matched,[M+K-2H]-,[M+K-2H]- (err -0.000205 Da)
"2-(3,4-Dihydroxybenzoyloxy)-4,6-dihydroxybenzoate",C14H9O8-,193.0653,MTBLS11904,305.0333,111.968,,,,,,,47.952233,186525.73,No common adduct match,[M+ACN+Na]+,
2-(3-Carboxy-3-(methylammonio)propyl)-L-histidine,C11H19N4O4+,223.1559,MTBLS11904,252.1239,28.968,,,,,,,5.978782,24289.66,No common adduct match,[M+Na]+,
2-(3-Phenylpropyl)pyridine,C14H15N,197.1204,ST003159,198.1277,1.0073,[M+H]+,+,1,1,198.127676,1.007276,0.000024,0.12,Matched,[M+H]+,[M+H]+ (err 0.000024 Da)
2-(4-Morpholinyl)benzothiazole,C11H12N2OS,220.067,MTBLS11904,221.0739,1.0069,[M+H]+,+,1,1,221.074276,1.007276,-0.000376,-1.7,Matched,[M+H]+,[M+H]+ (err -0.000376 Da)
2-(4-Nitrobenzylidene)malononitrile,C10H5N3O2,199.0382,MTBLS11904,234.0075,34.9693,[M+Cl]-,-,-1,1,234.007602,34.969402,-0.000102,-0.44,Matched,[M+Cl]-,[M+Cl]- (err -0.000102 Da)
2-(7'-methylthio)heptylmalate,C12H20O5S-2,276.1031,MTBLS11904,575.1948,299.0917,[2M+Na]+,+,1,2,575.195418,22.989218,-0.000618,-1.07,Matched,[2M+Na]+,[2M+Na]+ (err -0.000618 Da)
2-(beta-D-Mannopyranosyl)-L-tryptophan,C17H22N2O7,366.1427,MTBLS11904,365.135,-1.0077,[M-H]-,-,-1,1,365.135424,-1.007276,-0.000424,-1.16,Matched,[M-H]-,[M-H]- (err -0.000424 Da)
2-(Methylamino)ethanol,C3H9NO,75.06841,MTBLS11904,151.1438,76.07539,[2M+H]+,+,1,2,151.144096,1.007276,-0.000296,-1.96,Matched,[2M+H]+,[2M+H]+ (err -0.000296 Da)
2-(Methylthio)benzothiazole,C8H7NS2,181.002,MTBLS11904,182.0089,1.0069,[M+H]+,+,1,1,182.009276,1.007276,-0.000376,-2.07,Matched,[M+H]+,[M+H]+ (err -0.000376 Da)
"2-[(2S)-2,6-Diaminohexanoyl]oxyacetic acid",C8H16N2O4,204.111,MTBLS11904,205.1179,1.0069,[M+H]+,+,1,1,205.118276,1.007276,-0.000376,-1.84,Matched,[M+H]+,[M+H]+ (err -0.000376 Da)
"2-[(5-bromopyridin-2-yl)amino]-4-methyl-N-propyl-1,3-thiazole-5-carboxamide",C13H15BrN4OS,354.015,MTBLS11904,337.0139,-17.0011,[M+H-H2O]+,+,1,1,337.011712,-17.003288,0.002188,6.49,Matched,[M+H-H2O]+,[M+H-H2O]+ (err 0.002188 Da)
2-[3-(sulfooxy)phenyl]acetic acid,C8H8O6S,232.0042,MTBLS11904,230.9966,-1.0076,[M-H]-,-,-1,1,230.996924,-1.007276,-0.000324,-1.4,Matched,[M-H]-,[M-H]- (err -0.000324 Da)
2-[4-(sulfooxy)phenyl]acetic acid,C8H8O6S,232.0042,MTBLS11904,277.0037,44.9995,[M+FA-H]- / [M+HCOO]-,-,-1,1,277.002401,44.998201,0.001299,4.69,Matched,[M+FA-H]- / [M+HCOO]-,[M+FA-H]- / [M+HCOO]- (err 0.001299 Da)
"2-[4-[(Z)-4-Chloro-1,2-diphenylbut-1-enyl]phenoxy]ethanol",C24H23ClO2,378.1387,MTBLS11904,359.1246,-19.0141,[M-H2O-H]-,-,-1,1,359.120859,-19.017841,0.003741,10.42,Matched,[M-H2O-H]-,[M-H2O-H]- (err 0.003741 Da)
2-[[9-(1-Methylethyl)-6-[(phenylmethyl)amino]-9H-purin-2-yl]amino]-1-butanol,C19H26N6O,354.2168,MTBLS11904,372.2483,18.0315,[M+NH4]+,+,1,1,372.250623,18.033823,-0.002323,-6.24,Matched,[M+NH4]+,[M+NH4]+ (err -0.002323 Da)
2-Acetolactate,C5H8O4,132.0423,MTBLS11904,131.0349,-1.0074,[M-H]-,-,-1,1,131.035024,-1.007276,-0.000124,-0.94,Matched,[M-H]-,[M-H]- (err -0.000124 Da)
2-Acetyl-5-methylfuran,C7H8O2,124.0524,MTBLS11904,123.045,-1.0074,[M-H]-,-,-1,1,123.045124,-1.007276,-0.000124,-1,Matched,[M-H]-,[M-H]- (err -0.000124 Da)
"2-Amino-1,2-bis(p-chlorophenyl)ethanol",C14H13Cl2NO,281.0374,S_24167579,282.043,1.0056,[M+H]+,+,1,1,282.044676,1.007276,-0.001676,-5.94,Matched,[M+H]+,[M+H]+ (err -0.001676 Da)
"2-Amino-1,2-bis(p-chlorophenyl)ethanol",C14H13Cl2NO,281.0374,S_24167579,282.046,1.0086,[M+H]+,+,1,1,282.044676,1.007276,0.001324,4.69,Matched,[M+H]+,[M+H]+ (err 0.001324 Da)
"2-Amino-1,3-propanediol",C3H9NO2,91.06333,MTBLS11904,155.0788,64.01547,[M+ACN+Na]+,+,1,1,155.079097,64.015767,-0.000297,-1.92,Matched,[M+ACN+Na]+,[M+ACN+Na]+ (err -0.000297 Da)
"2-Amino-1-Methyl-6-phenylimidazo[4,5-b]pyridine",C13H12N4,224.1062,MTBLS11904,223.0973,-1.0089,[M-H]-,-,-1,1,223.098924,-1.007276,-0.001624,-7.28,Matched,[M-H]-,[M-H]- (err -0.001624 Da)
"2-Amino-1-Methyl-6-phenylimidazo[4,5-b]pyridine",C13H12N4,224.1062,MTBLS11904,245.0813,20.9751,[M+Na-2H]-,-,-1,1,245.080865,20.974665,0.000435,1.77,Matched,[M+Na-2H]-,[M+Na-2H]- (err 0.000435 Da)
2-Amino-2-deoxy-L-glucopyranose,C6H13NO5,179.0794,S_35829770,180.0865,1.0071,[M+H]+,+,1,1,180.086676,1.007276,-0.000176,-0.98,Matched,[M+H]+,[M+H]+ (err -0.000176 Da)
"2-Amino-2-methyl-1,3-propanediol",C4H11NO2,105.079,MTBLS11904,106.0861,1.0071,[M+H]+,+,1,1,106.086276,1.007276,-0.000176,-1.66,Matched,[M+H]+,[M+H]+ (err -0.000176 Da)
2-Amino-3-cyclohexylpropanoic acid,C9H17NO2,171.1259,MTBLS11904,216.1239,44.998,[M+FA-H]- / [M+HCOO]-,-,-1,1,216.124101,44.998201,-0.000201,-0.93,Matched,[M+FA-H]- / [M+HCOO]-,[M+FA-H]- / [M+HCOO]- (err -0.000201 Da)
2-Amino-4-[carbamimidoyl(methyl)amino]butanoic acid,C6H14N4O2,174.1117,MTBLS11904,173.1043,-1.0074,[M-H]-,-,-1,1,173.104424,-1.007276,-0.000124,-0.71,Matched,[M-H]-,[M-H]- (err -0.000124 Da)
"2-Amino-4-oxo-6-(1',2',3'-trihydroxypropyl)-diquinoid-7,8-dihydroxypterin",C9H15N5O6,289.1022,MTBLS11904,307.1358,18.0336,[M+NH4]+,+,1,1,307.136023,18.033823,-0.000223,-0.73,Matched,[M+NH4]+,[M+NH4]+ (err -0.000223 Da)
2-Amino-4-oxopentanoic acid,C5H9NO3,131.0582,MTBLS11904,130.0509,-1.0073,[M-H]-,-,-1,1,130.050924,-1.007276,-0.000024,-0.18,Matched,[M-H]-,[M-H]- (err -0.000024 Da)
2-Aminobutanoic acid,C4H9NO2,103.0633,S_28880465,103.0633,0,,,,,,,-1.007276,-9678.78,No common adduct match,[M+H]+,
2-Aminoisobutyric acid,C4H9NO2,103.0633,S_28880465,103.0633,0,,,,,,,-1.007276,-9678.78,No common adduct match,[M+H]+,
2-Aminoisobutyric acid,C4H9NO2,103.0633,MTBLS11904,104.0705,1.0072,[M+H]+,+,1,1,104.070576,1.007276,-0.000076,-0.73,Matched,[M+H]+,[M+H]+ (err -0.000076 Da)
2-Aminomuconic acid semialdehyde,C6H7NO3,141.0426,MTBLS11904,159.0762,18.0336,[M+NH4]+,+,1,1,159.076423,18.033823,-0.000223,-1.4,Matched,[M+NH4]+,[M+NH4]+ (err -0.000223 Da)
2-aminophenol sulphate,C6H7NO4S,189.0096,MTBLS11904,234.0077,44.9981,[M+FA-H]- / [M+HCOO]-,-,-1,1,234.007801,44.998201,-0.000101,-0.43,Matched,[M+FA-H]- / [M+HCOO]-,[M+FA-H]- / [M+HCOO]- (err -0.000101 Da)
2-Aminopurine,C5H5N5,135.0545,MTBLS11904,177.088,42.0335,[M+ACN+H]+,+,1,1,177.088325,42.033825,-0.000325,-1.84,Matched,[M+ACN+H]+,[M+ACN+H]+ (err -0.000325 Da)
2-Anthraquinonesulfonic acid,C14H8O5S,288.0092,MTBLS11904,333.0072,44.998,[M+FA-H]- / [M+HCOO]-,-,-1,1,333.007401,44.998201,-0.000201,-0.6,Matched,[M+FA-H]- / [M+HCOO]-,[M+FA-H]- / [M+HCOO]- (err -0.000201 Da)
2-Benzothiazolsulfonic Acid,C7H5NO3S2,214.9711,MTBLS11904,213.9636,-1.0075,[M-H]-,-,-1,1,213.963824,-1.007276,-0.000224,-1.04,Matched,[M-H]-,[M-H]- (err -0.000224 Da)
"2-Butyne-1,4-diol",C4H6O2,86.03678,MTBLS11904,173.0808,87.04402,[2M+H]+,+,1,2,173.080836,1.007276,-0.000036,-0.21,Matched,[2M+H]+,[2M+H]+ (err -0.000036 Da)
2-C-methyl-D-erythritol-4-phosphate,C5H13O7P,216.0399,MTBLS11904,477.0755,261.0356,[2M+FA-H]- / [2M+HCOO]-,-,-1,2,477.078001,44.998201,-0.002501,-5.24,Matched,[2M+FA-H]- / [2M+HCOO]-,[2M+FA-H]- / [2M+HCOO]- (err -0.002501 Da)
2-Carboxy-4-dodecanolide,C13H22O4,242.1518,MTBLS11904,241.1442,-1.0076,[M-H]-,-,-1,1,241.144524,-1.007276,-0.000324,-1.34,Matched,[M-H]-,[M-H]- (err -0.000324 Da)
2-Carboxyethyl acrylate,C6H8O4,144.0423,MTBLS11904,143.0349,-1.0074,[M-H]-,-,-1,1,143.035024,-1.007276,-0.000124,-0.86,Matched,[M-H]-,[M-H]- (err -0.000124 Da)
2-Chloro-5-methylmaleylacetate,C7H7ClO5,205.9982,S_24167579,228.988,22.9898,[M+Na]+,+,1,1,228.987418,22.989218,0.000582,2.54,Matched,[M+Na]+,[M+Na]+ (err 0.000582 Da)
2-Chloro-DG,C6H11ClO5,198.0295,MTBLS11904,232.9977,34.9682,[M+Cl]-,-,-1,1,232.998902,34.969402,-0.001202,-5.16,Matched,[M+Cl]-,[M+Cl]- (err -0.001202 Da)
2-Chlorooctadecanoic acid,C18H35ClO2,318.2326,MTBLS11904,341.221,22.9884,[M+Na]+,+,1,1,341.221818,22.989218,-0.000818,-2.4,Matched,[M+Na]+,[M+Na]+ (err -0.000818 Da)
2-Cyanoacrylic acid,C4H3NO2,97.01638,MTBLS11904,193.0253,96.00892,[2M-H]-,-,-1,2,193.025484,-1.007276,-0.000184,-0.95,Matched,[2M-H]-,[2M-H]- (err -0.000184 Da)
"2-Cyclohexen-1-one, 3-(15-hydroxypentadecyl)-2,4,4-trimethyl-",C24H44O2,364.3341,MTBLS11904,406.369,42.0349,[M+ACN+H]+,+,1,1,406.367925,42.033825,0.001075,2.64,Matched,[M+ACN+H]+,[M+ACN+H]+ (err 0.001075 Da)
"2-Cyclopentene-1,4-dione",C5H4O2,96.02113,MTBLS11904,97.0283,1.00717,[M+H]+,+,1,1,97.028406,1.007276,-0.000106,-1.1,Matched,[M+H]+,[M+H]+ (err -0.000106 Da)
2-Deoxy-28-homocastasterone,C29H50O4,462.3709,MTBLS11904,507.3685,44.9976,[M+FA-H]- / [M+HCOO]-,-,-1,1,507.369101,44.998201,-0.000601,-1.18,Matched,[M+FA-H]- / [M+HCOO]-,[M+FA-H]- / [M+HCOO]- (err -0.000601 Da)
2-Ethylsulfanyl-1H-benzoimidazole,C9H10N2S,178.0565,MTBLS11904,179.0635,1.007,[M+H]+,+,1,1,179.063776,1.007276,-0.000276,-1.54,Matched,[M+H]+,[M+H]+ (err -0.000276 Da)
2-Fluoro-5-hydroxy-L-tyrosine,C9H10FNO4,215.0594,MTBLS11904,248.0947,33.0353,,,,,,,-1.934102,-7735.52,No common adduct match,[M+Cl]-,
2-Furoic Acid,C5H4O3,112.016,MTBLS11904,111.0086,-1.0074,[M-H]-,-,-1,1,111.008724,-1.007276,-0.000124,-1.11,Matched,[M-H]-,[M-H]- (err -0.000124 Da)
"2-Hexadec-7-enylicosa-8,11-dienedioic acid",C36H64O4,560.4805,MTBLS11904,559.4725,-1.008,[M-H]-,-,-1,1,559.473224,-1.007276,-0.000724,-1.29,Matched,[M-H]-,[M-H]- (err -0.000724 Da)
2-hydroxy-3-(sulfooxy)benzoic acid,C7H6O7S,233.9834,MTBLS11904,232.9759,-1.0075,[M-H]-,-,-1,1,232.976124,-1.007276,-0.000224,-0.96,Matched,[M-H]-,[M-H]- (err -0.000224 Da)
2-Hydroxy-4-trifluoromethyl benzoic acid,C8H5F3O3,206.0191,MTBLS11904,251.0171,44.998,[M+FA-H]- / [M+HCOO]-,-,-1,1,251.017301,44.998201,-0.000201,-0.8,Matched,[M+FA-H]- / [M+HCOO]-,[M+FA-H]- / [M+HCOO]- (err -0.000201 Da)
"2-hydroxy-6,7-dihydro-5H-cyclopenta[b]pyridine-3-carbonitrile",C9H8N2O,160.0637,S_35829770,183.0509,22.9872,[M+Na]+,+,1,1,183.052918,22.989218,-0.002018,-11.02,Matched,[M+Na]+,[M+Na]+ (err -0.002018 Da)
2-Hydroxy-L-methionine,C5H11NO3S,165.046,MTBLS11904,146.028,-19.018,[M-H2O-H]-,-,-1,1,146.028159,-19.017841,-0.000159,-1.09,Matched,[M-H2O-H]-,[M-H2O-H]- (err -0.000159 Da)
2-Hydroxyacetaminophen sulfate,C8H9NO6S,247.0151,MTBLS11904,246.0075,-1.0076,[M-H]-,-,-1,1,246.007824,-1.007276,-0.000324,-1.32,Matched,[M-H]-,[M-H]- (err -0.000324 Da)
2-Hydroxyadipic acid,C6H10O5,162.0528,MTBLS11904,180.0864,18.0336,[M+NH4]+,+,1,1,180.086623,18.033823,-0.000223,-1.24,Matched,[M+NH4]+,[M+NH4]+ (err -0.000223 Da)
2-Hydroxycinnamic acid,C9H8O3,164.0473,S_35829770,163.0401,-1.0072,[M-H]-,-,-1,1,163.040024,-1.007276,0.000076,0.47,Matched,[M-H]-,[M-H]- (err 0.000076 Da)
2-Hydroxycinnamic acid,C9H8O3,164.0473,S_35829770,165.0543,1.007,[M+H]+,+,1,1,165.054576,1.007276,-0.000276,-1.68,Matched,[M+H]+,[M+H]+ (err -0.000276 Da)
2-Hydroxycinnamic acid,C9H8O3,164.0473,S_35829770,165.0546,1.0073,[M+H]+,+,1,1,165.054576,1.007276,0.000024,0.14,Matched,[M+H]+,[M+H]+ (err 0.000024 Da)
2-Hydroxycinnamic acid,C9H8O3,164.0473,MTBLS11904,182.0808,18.0335,[M+NH4]+,+,1,1,182.081123,18.033823,-0.000323,-1.77,Matched,[M+NH4]+,[M+NH4]+ (err -0.000323 Da)
2-Hydroxydecanedioic acid,C10H18O5,218.1154,MTBLS11904,217.108,-1.0074,[M-H]-,-,-1,1,217.108124,-1.007276,-0.000124,-0.57,Matched,[M-H]-,[M-H]- (err -0.000124 Da)
2-Hydroxydodecyl methacrylate,C16H30O3,270.2195,MTBLS11904,563.4267,293.2072,[2M+Na]+,+,1,2,563.428218,22.989218,-0.001518,-2.69,Matched,[2M+Na]+,[2M+Na]+ (err -0.001518 Da)
2-Hydroxyethanesulfonate,C2H5O4S-,124.9909,MTBLS11904,124.9913,0.0004,,,,,,,-1.006876,-7991.2,No common adduct match,[M+H]+,
2-Hydroxyfelbamate,C11H14N2O5,254.0903,MTBLS11904,253.0826,-1.0077,[M-H]-,-,-1,1,253.083024,-1.007276,-0.000424,-1.67,Matched,[M-H]-,[M-H]- (err -0.000424 Da)
2-Hydroxyhept-5-enoylcarnitine,C14H25NO5,287.1733,MTBLS11904,252.159,-35.0143,[M+H-2H2O]+,+,1,1,252.159447,-35.013853,-0.000447,-1.77,Matched,[M+H-2H2O]+,[M+H-2H2O]+ (err -0.000447 Da)
2-Hydroxymyristic Acid,C14H28O3,244.2038,MTBLS11904,243.1963,-1.0075,[M-H]-,-,-1,1,243.196524,-1.007276,-0.000224,-0.92,Matched,[M-H]-,[M-H]- (err -0.000224 Da)
2-Hydroxyoctadecanoic acid,C18H36O3,300.2664,MTBLS11904,299.2588,-1.0076,[M-H]-,-,-1,1,299.259124,-1.007276,-0.000324,-1.08,Matched,[M-H]-,[M-H]- (err -0.000324 Da)
2-Hydroxyphenylacetic Acid,C8H8O3,152.0473,MTBLS11904,151.04,-1.0073,[M-H]-,-,-1,1,151.040024,-1.007276,-0.000024,-0.16,Matched,[M-H]-,[M-H]- (err -0.000024 Da)
2-Hydroxypropyl octanoate,C11H22O3,202.1569,MTBLS11904,225.1455,22.9886,[M+Na]+,+,1,1,225.146118,22.989218,-0.000618,-2.74,Matched,[M+Na]+,[M+Na]+ (err -0.000618 Da)
2-Hydroxypurine,C5H4N4O,136.0385,MTBLS11904,137.0455,1.007,[M+H]+,+,1,1,137.045776,1.007276,-0.000276,-2.02,Matched,[M+H]+,[M+H]+ (err -0.000276 Da)
2-Hydroxypyridine,C5H5NO,95.03711,MTBLS11904,249.0876,154.05049,[2M+CH3COO]-,-,-1,2,249.088071,59.013851,-0.000471,-1.89,Matched,[2M+CH3COO]-,[2M+CH3COO]- (err -0.000471 Da)
2-Isopropylmaleate,C7H10O4,158.0579,S_24167579,159.0656,1.0077,[M+H]+,+,1,1,159.065176,1.007276,0.000424,2.66,Matched,[M+H]+,[M+H]+ (err 0.000424 Da)
2-Isopropylphenyl methylcarbamate,C11H15NO2,193.1103,MTBLS11904,211.1438,18.0335,[M+NH4]+,+,1,1,211.144123,18.033823,-0.000323,-1.53,Matched,[M+NH4]+,[M+NH4]+ (err -0.000323 Da)
2-Keto-6-acetamidocaproate,C8H12NO4-,138.0919,MTBLS11904,152.0703,13.9784,,,,,,,-4.055423,-25975.37,No common adduct match,[M+NH4]+,
2-Keto-6-aminocaproate,C6H11NO3,145.0739,MTBLS11904,146.0809,1.007,[M+H]+,+,1,1,146.081176,1.007276,-0.000276,-1.89,Matched,[M+H]+,[M+H]+ (err -0.000276 Da)
2-Keto-glutaramic acid,C5H7NO4,145.0375,MTBLS11904,187.071,42.0335,[M+ACN+H]+,+,1,1,187.071325,42.033825,-0.000325,-1.74,Matched,[M+ACN+H]+,[M+ACN+H]+ (err -0.000325 Da)
2-Ketobutyric acid,C4H6O3,102.0317,MTBLS11904,140.9955,38.9638,[M+K]+,+,1,1,140.994858,38.963158,0.000642,4.55,Matched,[M+K]+,[M+K]+ (err 0.000642 Da)
2-Lysophosphatidylcholine,C26H54NO7P,523.3638,MTBLS11904,568.361,44.9972,[M+FA-H]- / [M+HCOO]-,-,-1,1,568.362001,44.998201,-0.001001,-1.76,Matched,[M+FA-H]- / [M+HCOO]-,[M+FA-H]- / [M+HCOO]- (err -0.001001 Da)
"2-Mercapto-3-phenylthieno[3,2-d]pyrimidin-4(3H)-one",C12H8N2OS2,260.0078,MTBLS11904,294.9755,34.9677,[M+Cl]-,-,-1,1,294.977202,34.969402,-0.001702,-5.77,Matched,[M+Cl]-,[M+Cl]- (err -0.001702 Da)
2-mercaptobenzothiazole,C7H5NS2,166.9863,MTBLS11904,165.9788,-1.0075,[M-H]-,-,-1,1,165.979024,-1.007276,-0.000224,-1.35,Matched,[M-H]-,[M-H]- (err -0.000224 Da)
2-mercaptobenzothiazole,C7H5NS2,166.9863,MTBLS11904,167.9933,1.007,[M+H]+,+,1,1,167.993576,1.007276,-0.000276,-1.65,Matched,[M+H]+,[M+H]+ (err -0.000276 Da)
2-Mercaptonicotinic acid,C6H5NO2S,155.0041,MTBLS11904,355.0059,200.0018,[2M+FA-H]- / [2M+HCOO]-,-,-1,2,355.006401,44.998201,-0.000501,-1.41,Matched,[2M+FA-H]- / [2M+HCOO]-,[2M+FA-H]- / [2M+HCOO]- (err -0.000501 Da)
"2-Methoxy-1,4-benzoquinone",C7H6O3,138.0317,MTBLS11904,121.0282,-17.0035,[M+H-H2O]+,+,1,1,121.028412,-17.003288,-0.000212,-1.75,Matched,[M+H-H2O]+,[M+H-H2O]+ (err -0.000212 Da)
2-Methoxy-4-methylphenol sulfate,C8H10O5S,218.0249,MTBLS11904,239.0017,20.9768,[M+Na-2H]-,-,-1,1,238.999565,20.974665,0.002135,8.93,Matched,[M+Na-2H]-,[M+Na-2H]- (err 0.002135 Da)
2-Methoxy-estradiol-17b 3-glucuronide,C25H34O9,478.2203,MTBLS11904,496.251,18.0307,[M+NH4]+,+,1,1,496.254123,18.033823,-0.003123,-6.29,Matched,[M+NH4]+,[M+NH4]+ (err -0.003123 Da)
2-Methoxyacetaminophen sulfate,C9H11NO6S,261.0307,MTBLS11904,242.0126,-19.0181,[M-H2O-H]-,-,-1,1,242.012859,-19.017841,-0.000259,-1.07,Matched,[M-H2O-H]-,[M-H2O-H]- (err -0.000259 Da)
2-methoxyphenol sulfate,C7H8O5S,204.0092,MTBLS11904,203.0017,-1.0075,[M-H]-,-,-1,1,203.001924,-1.007276,-0.000224,-1.1,Matched,[M-H]-,[M-H]- (err -0.000224 Da)
"2-Methyl-1,3-cyclohexadiene",C7H10,94.07825,MTBLS11904,233.1544,139.07615,[2M+FA-H]- / [2M+HCOO]-,-,-1,2,233.154701,44.998201,-0.000301,-1.29,Matched,[2M+FA-H]- / [2M+HCOO]-,[2M+FA-H]- / [2M+HCOO]- (err -0.000301 Da)
"2-Methyl-4-propyl-1,3-oxathiane",C8H16OS,160.0922,MTBLS11904,205.0889,44.9967,[M+FA-H]- / [M+HCOO]-,-,-1,1,205.090401,44.998201,-0.001501,-7.32,Matched,[M+FA-H]- / [M+HCOO]-,[M+FA-H]- / [M+HCOO]- (err -0.001501 Da)
2-Methylbutyroylcarnitine,C12H23NO4,245.1627,S_29518718,246.1708,1.0081,[M+H]+,+,1,1,246.169976,1.007276,0.000824,3.35,Matched,[M+H]+,[M+H]+ (err 0.000824 Da)
2-Methylhippuric Acid,C10H11NO3,193.0739,MTBLS11904,192.0664,-1.0075,[M-H]-,-,-1,1,192.066624,-1.007276,-0.000224,-1.16,Matched,[M-H]-,[M-H]- (err -0.000224 Da)
2-Methylindole,C9H9N,131.0735,S_35829770,132.0806,1.0071,[M+H]+,+,1,1,132.080776,1.007276,-0.000176,-1.34,Matched,[M+H]+,[M+H]+ (err -0.000176 Da)
2-Methylpyrrolidine,C5H11N,85.08915,S_35829770,86.09641,1.00726,[M+H]+,+,1,1,86.096426,1.007276,-0.000016,-0.19,Matched,[M+H]+,[M+H]+ (err -0.000016 Da)
2-Methylpyrrolidine,C5H11N,85.08915,S_35829770,86.09632,1.00717,[M+H]+,+,1,1,86.096426,1.007276,-0.000106,-1.24,Matched,[M+H]+,[M+H]+ (err -0.000106 Da)
2-n-Propylthiazolidine-4-carboxylic acid,C7H13NO2S,175.0667,MTBLS11904,176.0738,1.0071,[M+H]+,+,1,1,176.073976,1.007276,-0.000176,-1,Matched,[M+H]+,[M+H]+ (err -0.000176 Da)
2-n-Tetrahydrothiophenecarboxylic acid,C5H8O2S,132.0245,S_24167579,133.031,1.0065,[M+H]+,+,1,1,133.031776,1.007276,-0.000776,-5.84,Matched,[M+H]+,[M+H]+ (err -0.000776 Da)
2-Naphthalenesulfonic acid,C10H8O3S,208.0194,MTBLS11904,207.0119,-1.0075,[M-H]-,-,-1,1,207.012124,-1.007276,-0.000224,-1.08,Matched,[M-H]-,[M-H]- (err -0.000224 Da)
"2-Nonene-1,4-diol",C9H18O2,158.1307,MTBLS11904,334.2945,176.1638,[2M+NH4]+,+,1,2,334.295223,18.033823,-0.000723,-2.16,Matched,[2M+NH4]+,[2M+NH4]+ (err -0.000723 Da)
2-Octenoic acid,C8H14O2,142.0994,S_29518718,160.1335,18.0341,[M+NH4]+,+,1,1,160.133223,18.033823,0.000277,1.73,Matched,[M+NH4]+,[M+NH4]+ (err 0.000277 Da)
2-Oleoyl-1-palmitoyl-sn-glycero-3-phosphocholine,C42H82NO8P,759.5778,MTBLS11904,760.5831,1.0053,[M+H]+,+,1,1,760.585076,1.007276,-0.001976,-2.6,Matched,[M+H]+,[M+H]+ (err -0.001976 Da)
2-Oxo-4-methylthiobutanoic acid,C5H8O3S,148.0194,MTBLS11904,181.0526,33.0332,,,,,,,-1.936202,-10580.99,No common adduct match,[M+Cl]-,
2-Oxoarginine,C6H11N3O3,173.08,S_24167579,174.089,1.009,[M+H]+,+,1,1,174.087276,1.007276,0.001724,9.9,Matched,[M+H]+,[M+H]+ (err 0.001724 Da)
2-Phenylacetamide,C8H9NO,135.0684,S_35829770,136.0756,1.0072,[M+H]+,+,1,1,136.075676,1.007276,-0.000076,-0.56,Matched,[M+H]+,[M+H]+ (err -0.000076 Da)
"2-Piperidinecarboxamide, 1-butyl-N-(4-hydroxy-2,6-dimethylphenyl)-",C18H28N2O2,304.2151,MTBLS11904,269.1983,-35.0168,[M+H-2H2O]+,+,1,1,269.201247,-35.013853,-0.002947,-10.95,Matched,[M+H-2H2O]+,[M+H-2H2O]+ (err -0.002947 Da)
2-Piperidinone,C5H9NO,99.06841,MTBLS11904,144.0665,44.99809,[M+FA-H]- / [M+HCOO]-,-,-1,1,144.066611,44.998201,-0.000111,-0.77,Matched,[M+FA-H]- / [M+HCOO]-,[M+FA-H]- / [M+HCOO]- (err -0.000111 Da)
"2-Propenoic acid, 2-methyl-, 7-oxabicyclo[4.1.0]hept-3-ylmethyl ester",C11H16O3,196.1099,MTBLS11904,197.1169,1.007,[M+H]+,+,1,1,197.117176,1.007276,-0.000276,-1.4,Matched,[M+H]+,[M+H]+ (err -0.000276 Da)
2-Propenyl 3-methylbutanoate,C8H14O2,142.0994,MTBLS11904,302.232,160.1326,[2M+NH4]+,+,1,2,302.232623,18.033823,-0.000623,-2.06,Matched,[2M+NH4]+,[2M+NH4]+ (err -0.000623 Da)
"2-Propyl-2,4-pentadienoic acid",C8H12O2,140.0837,MTBLS11904,185.0817,44.998,[M+FA-H]- / [M+HCOO]-,-,-1,1,185.081901,44.998201,-0.000201,-1.09,Matched,[M+FA-H]- / [M+HCOO]-,[M+FA-H]- / [M+HCOO]- (err -0.000201 Da)
2-Propylglutaric Acid,C8H14O4,174.0892,MTBLS11904,139.0751,-35.0141,[M+H-2H2O]+,+,1,1,139.075347,-35.013853,-0.000247,-1.78,Matched,[M+H-2H2O]+,[M+H-2H2O]+ (err -0.000247 Da)
2-Quinolinecarboxylic acid,C10H7NO2,173.0477,MTBLS11904,174.0547,1.007,[M+H]+,+,1,1,174.054976,1.007276,-0.000276,-1.59,Matched,[M+H]+,[M+H]+ (err -0.000276 Da)
2-Thenoyltrifluoroacetone,C8H5F3O2S,221.9962,MTBLS11904,266.9942,44.998,[M+FA-H]- / [M+HCOO]-,-,-1,1,266.994401,44.998201,-0.000201,-0.75,Matched,[M+FA-H]- / [M+HCOO]-,[M+FA-H]- / [M+HCOO]- (err -0.000201 Da)
2-Thiouracil,C4H4N2OS,128.0044,MTBLS11904,301.0054,173.001,[2M+FA-H]- / [2M+HCOO]-,-,-1,2,301.007001,44.998201,-0.001601,-5.32,Matched,[2M+FA-H]- / [2M+HCOO]-,[2M+FA-H]- / [2M+HCOO]- (err -0.001601 Da)
"2-trans,4-cis-decadienoylcarnitine",C17H29NO4,311.2097,ACS1517,312.218,1.0083,[M+H]+,+,1,1,312.216976,1.007276,0.001024,3.28,Matched,[M+H]+,[M+H]+ (err 0.001024 Da)
2-tridecenal,C13H24O,196.1827,S_24167579,219.171,22.9883,[M+Na]+,+,1,1,219.171918,22.989218,-0.000918,-4.19,Matched,[M+Na]+,[M+Na]+ (err -0.000918 Da)
2-tridecenal,C13H24O,196.1827,S_24167579,219.173,22.9903,[M+Na]+,+,1,1,219.171918,22.989218,0.001082,4.94,Matched,[M+Na]+,[M+Na]+ (err 0.001082 Da)
"20,26-Dihydroxyecdysone",C27H44O8,496.3036,MTBLS11904,517.2793,20.9757,[M+Na-2H]-,-,-1,1,517.278265,20.974665,0.001035,2,Matched,[M+Na-2H]-,[M+Na-2H]- (err 0.001035 Da)
20-Hydroxy-leukotriene E4,C23H37NO6S,455.2342,MTBLS11904,436.2201,-19.0141,[M-H2O-H]-,-,-1,1,436.216359,-19.017841,0.003741,8.58,Matched,[M-H2O-H]-,[M-H2O-H]- (err 0.003741 Da)
20-Trihydroxy-leukotriene-B4,C20H32O7,384.2148,MTBLS11904,429.2125,44.9977,[M+FA-H]- / [M+HCOO]-,-,-1,1,429.213001,44.998201,-0.000501,-1.17,Matched,[M+FA-H]- / [M+HCOO]-,[M+FA-H]- / [M+HCOO]- (err -0.000501 Da)
20alpha-Hydroxycholesterol,C27H46O2,402.3498,MTBLS11904,447.3473,44.9975,[M+FA-H]- / [M+HCOO]-,-,-1,1,447.348001,44.998201,-0.000701,-1.57,Matched,[M+FA-H]- / [M+HCOO]-,[M+FA-H]- / [M+HCOO]- (err -0.000701 Da)
22-Acetylpriverogenin B,C32H52O5,516.3815,MTBLS11904,515.3733,-1.0082,[M-H]-,-,-1,1,515.374224,-1.007276,-0.000924,-1.79,Matched,[M-H]-,[M-H]- (err -0.000924 Da)
"24,24-Difluoro-1alpha,25-dihydroxyvitamin D3",C27H42F2O3,452.3102,MTBLS11904,433.2954,-19.0148,[M-H2O-H]-,-,-1,1,433.292359,-19.017841,0.003041,7.02,Matched,[M-H2O-H]-,[M-H2O-H]- (err 0.003041 Da)
24-Epibrassinolide,C28H48O6,480.3451,MTBLS11904,501.32,20.9749,[M+Na-2H]-,-,-1,1,501.319765,20.974665,0.000235,0.47,Matched,[M+Na-2H]-,[M+Na-2H]- (err 0.000235 Da)
24-Hydroxytetracosanoic acid,C24H48O3,384.3603,MTBLS11904,405.3367,20.9764,[M+Na-2H]-,-,-1,1,405.334965,20.974665,0.001735,4.28,Matched,[M+Na-2H]-,[M+Na-2H]- (err 0.001735 Da)
25-Acetylvulgaroside,C27H42O7,478.2931,MTBLS11904,459.2722,-19.0209,[M-H2O-H]-,-,-1,1,459.275259,-19.017841,-0.003059,-6.66,Matched,[M-H2O-H]-,[M-H2O-H]- (err -0.003059 Da)
27-Deoxy-5b-cyprinol,C27H48O4,436.3553,MTBLS11904,435.3477,-1.0076,[M-H]-,-,-1,1,435.348024,-1.007276,-0.000324,-0.74,Matched,[M-H]-,[M-H]- (err -0.000324 Da)
"27-Nor-5b-cholestane-3a,7a,12a,24,25-pentol",C26H46O5,438.3345,MTBLS11904,437.3269,-1.0076,[M-H]-,-,-1,1,437.327224,-1.007276,-0.000324,-0.74,Matched,[M-H]-,[M-H]- (err -0.000324 Da)
27-Norcholestanehexol,C26H46O6,454.3294,MTBLS11904,453.3214,-1.008,[M-H]-,-,-1,1,453.322124,-1.007276,-0.000724,-1.6,Matched,[M-H]-,[M-H]- (err -0.000724 Da)
28-Homobrassinolide,C29H50O6,494.3607,MTBLS11904,517.3468,22.9861,[M+Na]+,+,1,1,517.349918,22.989218,-0.003118,-6.03,Matched,[M+Na]+,[M+Na]+ (err -0.003118 Da)
28-Hydroxywithanolide E,C28H38O8,502.2567,MTBLS11904,537.2305,34.9738,[M+Cl]-,-,-1,1,537.226102,34.969402,0.004398,8.19,Matched,[M+Cl]-,[M+Cl]- (err 0.004398 Da)
2R-Hydroxymethyl-3S-hydroxypyrolidine,C5H11NO2,117.079,MTBLS11904,118.086,1.007,[M+H]+,+,1,1,118.086276,1.007276,-0.000276,-2.34,Matched,[M+H]+,[M+H]+ (err -0.000276 Da)
"3',5'-Cyclic AMP",C10H12N5O6P,329.0525,MTBLS11904,328.0449,-1.0076,[M-H]-,-,-1,1,328.045224,-1.007276,-0.000324,-0.99,Matched,[M-H]-,[M-H]- (err -0.000324 Da)
"3',5'-Dideoxythymidine",C10H14N2O3,210.1004,MTBLS11904,255.0702,44.9698,[M+2Na-H]+,+,1,1,255.07156,44.97116,-0.00136,-5.33,Matched,[M+2Na-H]+,[M+2Na-H]+ (err -0.001360 Da)
3'-C-Ethynylcytidine,C11H13N3O5,267.0855,MTBLS11904,533.1634,266.0779,[2M-H]-,-,-1,2,533.163724,-1.007276,-0.000324,-0.61,Matched,[2M-H]-,[2M-H]- (err -0.000324 Da)
3'-Ketolactose,C12H20O11,340.1006,MTBLS11904,321.0853,-19.0153,[M-H2O-H]-,-,-1,1,321.082759,-19.017841,0.002541,7.91,Matched,[M-H2O-H]-,[M-H2O-H]- (err 0.002541 Da)
3'-O-Methylinosine,C11H14N4O5,282.0964,MTBLS11904,327.0932,44.9968,[M+FA-H]- / [M+HCOO]-,-,-1,1,327.094601,44.998201,-0.001401,-4.28,Matched,[M+FA-H]- / [M+HCOO]-,[M+FA-H]- / [M+HCOO]- (err -0.001401 Da)
"3,3',5,6-Tetrahydroxy-4',7-dimethoxyflavone 3-glucuronide",C23H22O14,522.101,MTBLS11904,559.0518,36.9508,[M+K-2H]-,-,-1,1,559.049605,36.948605,0.002195,3.93,Matched,[M+K-2H]-,[M+K-2H]- (err 0.002195 Da)
"3,3'-Iminodipropionitrile",C6H9N3,123.0796,S_35829770,124.0868,1.0072,[M+H]+,+,1,1,124.086876,1.007276,-0.000076,-0.62,Matched,[M+H]+,[M+H]+ (err -0.000076 Da)
"3,3-Bis(carboxymethyl)hexadecanedioic acid",C20H34O8,402.2254,MTBLS11904,425.2136,22.9882,[M+Na]+,+,1,1,425.214618,22.989218,-0.001018,-2.39,Matched,[M+Na]+,[M+Na]+ (err -0.001018 Da)
"3,4'-Dimethyquercetin 7-[alpha-L-arabinofuranosyl-(1->6)-glucoside]",C28H32O16,624.169,MTBLS11904,605.1549,-19.0141,[M-H2O-H]-,-,-1,1,605.151159,-19.017841,0.003741,6.18,Matched,[M-H2O-H]-,[M-H2O-H]- (err 0.003741 Da)
"3,4,5-trihydroxy-6-{3-[(E)-2-(4-hydroxyphenyl)ethenyl]-5-{[3,4,5-trihydroxy-6-(hydroxymethyl)oxan-2-yl]oxy}phenoxy}oxane-2-carboxylic acid",C26H30O14,566.1636,MTBLS11904,547.1451,-19.0185,[M-H2O-H]-,-,-1,1,547.145759,-19.017841,-0.000659,-1.2,Matched,[M-H2O-H]-,[M-H2O-H]- (err -0.000659 Da)
"3,4-Bis(7-chloroindol-3-yl)pyrrole-2,5-dicarboxylate",C22H13Cl2N3O4,453.0283,S_24167579,476.016,22.9877,[M+Na]+,+,1,1,476.017518,22.989218,-0.001518,-3.19,Matched,[M+Na]+,[M+Na]+ (err -0.001518 Da)
"3,4-Dihydro-9-hydroxy-[1]benzothieno[2,3-f]-1,4-thiazepin-5(2H)-one",C11H9NO2S2,251.0075,MTBLS11904,271.9844,20.9769,[M+Na-2H]-,-,-1,1,271.982165,20.974665,0.002235,8.22,Matched,[M+Na-2H]-,[M+Na-2H]- (err 0.002235 Da)
"3,4-Dihydroxybenzylamine",C7H9NO2,139.0633,S_24167579,140.071,1.0077,[M+H]+,+,1,1,140.070576,1.007276,0.000424,3.02,Matched,[M+H]+,[M+H]+ (err 0.000424 Da)
"3,4-Dihydroxyhydrocinnamic acid",C9H10O4,182.0579,MTBLS11904,363.1067,181.0488,[2M-H]-,-,-1,2,363.108524,-1.007276,-0.001824,-5.02,Matched,[2M-H]-,[2M-H]- (err -0.001824 Da)
"3,4-Dihydroxymandelic acid",C8H8O5,184.0372,MTBLS11904,185.0441,1.0069,[M+H]+,+,1,1,185.044476,1.007276,-0.000376,-2.03,Matched,[M+H]+,[M+H]+ (err -0.000376 Da)
"3,4-dihydroxyphenylacetic Acid",C8H8O4,168.0423,MTBLS11904,167.0349,-1.0074,[M-H]-,-,-1,1,167.035024,-1.007276,-0.000124,-0.74,Matched,[M-H]-,[M-H]- (err -0.000124 Da)
"3,4-Dihydroxyphenylacetone",C9H10O3,166.063,S_28880465,166.0655,0.0025,,,,,,,-1.004776,-6014.09,No common adduct match,[M+H]+,
"3,4-Dihydroxyphenylacetone",C9H10O3,166.063,MTBLS11904,211.061,44.998,[M+FA-H]- / [M+HCOO]-,-,-1,1,211.061201,44.998201,-0.000201,-0.95,Matched,[M+FA-H]- / [M+HCOO]-,[M+FA-H]- / [M+HCOO]- (err -0.000201 Da)
"3,4-Dihydroxyphenylglycol O-sulfate",C8H10O7S,250.0147,MTBLS11904,230.9966,-19.0181,[M-H2O-H]-,-,-1,1,230.996859,-19.017841,-0.000259,-1.12,Matched,[M-H2O-H]-,[M-H2O-H]- (err -0.000259 Da)
"3,4-Dimethyl-5-pentyl-2-furanpropanoic acid",C14H22O3,238.1569,MTBLS11904,477.3178,239.1609,[2M+H]+,+,1,2,477.321076,1.007276,-0.003276,-6.86,Matched,[2M+H]+,[2M+H]+ (err -0.003276 Da)
"3,4-Methyleneadipic acid",C8H10O4,170.0579,MTBLS11904,212.0914,42.0335,[M+ACN+H]+,+,1,1,212.091725,42.033825,-0.000325,-1.53,Matched,[M+ACN+H]+,[M+ACN+H]+ (err -0.000325 Da)
"3,4-Methyleneazelaic acid",C11H16O4,212.1049,MTBLS11904,193.0868,-19.0181,[M-H2O-H]-,-,-1,1,193.087059,-19.017841,-0.000259,-1.34,Matched,[M-H2O-H]-,[M-H2O-H]- (err -0.000259 Da)
"3,4-Methylenedioxyamphetamine",C10H13NO2,179.0946,MTBLS11904,178.0872,-1.0074,[M-H]-,-,-1,1,178.087324,-1.007276,-0.000124,-0.69,Matched,[M-H]-,[M-H]- (err -0.000124 Da)
"3,4-Methylenedioxymethamphetamine",C11H15NO2,193.1103,MTBLS11904,238.1082,44.9979,[M+FA-H]- / [M+HCOO]-,-,-1,1,238.108501,44.998201,-0.000301,-1.26,Matched,[M+FA-H]- / [M+HCOO]-,[M+FA-H]- / [M+HCOO]- (err -0.000301 Da)
"3,5-Dichloro-2,6-dihydroxybenzoic acid",C7H4Cl2O4,221.9487,MTBLS11904,220.9411,-1.0076,[M-H]-,-,-1,1,220.941424,-1.007276,-0.000324,-1.46,Matched,[M-H]-,[M-H]- (err -0.000324 Da)
"3,5-dichlorosalicylic acid",C7H4Cl2O3,205.9537,MTBLS11904,204.9462,-1.0075,[M-H]-,-,-1,1,204.946424,-1.007276,-0.000224,-1.09,Matched,[M-H]-,[M-H]- (err -0.000224 Da)
"3,5-dihydroxy-4-(sulfooxy)benzoic acid",C7H6O8S,249.9783,MTBLS11904,248.9708,-1.0075,[M-H]-,-,-1,1,248.971024,-1.007276,-0.000224,-0.9,Matched,[M-H]-,[M-H]- (err -0.000224 Da)
"3,5-Dihydroxydecanoic Acid",C10H20O4,204.1362,MTBLS11904,246.1696,42.0334,[M+ACN+H]+,+,1,1,246.170025,42.033825,-0.000425,-1.73,Matched,[M+ACN+H]+,[M+ACN+H]+ (err -0.000425 Da)
"3,7,8,15-Scirpenetetrol",C15H22O6,298.1416,MTBLS11904,316.1749,18.0333,[M+NH4]+,+,1,1,316.175423,18.033823,-0.000523,-1.65,Matched,[M+NH4]+,[M+NH4]+ (err -0.000523 Da)
"3,7-Dihydroxycholan-24-oic acid",C24H40O4,392.2927,MTBLS11904,391.2848,-1.0079,[M-H]-,-,-1,1,391.285424,-1.007276,-0.000624,-1.59,Matched,[M-H]-,[M-H]- (err -0.000624 Da)
"3,7-Dimethyl-5-octene-1,7-diol 1-glucoside",C16H30O7,334.1992,MTBLS11904,299.182,-35.0172,[M+H-2H2O]+,+,1,1,299.185347,-35.013853,-0.003347,-11.19,Matched,[M+H-2H2O]+,[M+H-2H2O]+ (err -0.003347 Da)
"3,9-Dimethyl-6-(1-methylethyl)-1,4-dioxaspiro[4.5]decan-2-one",C13H22O3,226.1569,MTBLS11904,268.1902,42.0333,[M+ACN+H]+,+,1,1,268.190725,42.033825,-0.000525,-1.96,Matched,[M+ACN+H]+,[M+ACN+H]+ (err -0.000525 Da)
3-(2-propenoic acid)-o-benzoquinone,C9H6O4,178.0266,MTBLS11904,211.9875,33.9609,,,,,,,-1.008502,-4734.84,No common adduct match,[M+Cl]-,
"3-(3,4-Dihydroxyphenyl)prop-2-enoic Acid",C9H8O4,180.0423,MTBLS11904,179.0348,-1.0075,[M-H]-,-,-1,1,179.035024,-1.007276,-0.000224,-1.25,Matched,[M-H]-,[M-H]- (err -0.000224 Da)
"3-(3,4-Dihydroxyphenyl)pyruvate",C9H8O5,196.0372,S_24167579,219.026,22.9888,[M+Na]+,+,1,1,219.026418,22.989218,-0.000418,-1.91,Matched,[M+Na]+,[M+Na]+ (err -0.000418 Da)
"3-(3,5-Dichlorophenyl)-4-hydroxy-1,3-thiazol-2-one",C9H5Cl2NO2S,260.9418,MTBLS11904,305.939,44.9972,[M+FA-H]- / [M+HCOO]-,-,-1,1,305.940001,44.998201,-0.001001,-3.27,Matched,[M+FA-H]- / [M+HCOO]-,[M+FA-H]- / [M+HCOO]- (err -0.001001 Da)
"3-(3,5-dihydroxyphenyl)-1-propanoic acid sulphate",C9H10O7S,262.0147,MTBLS11904,261.0072,-1.0075,[M-H]-,-,-1,1,261.007424,-1.007276,-0.000224,-0.86,Matched,[M-H]-,[M-H]- (err -0.000224 Da)
3-(3-Hydroxyphenyl)propionic acid,C9H10O3,166.063,S_35829770,165.0558,-1.0072,[M-H]-,-,-1,1,165.055724,-1.007276,0.000076,0.46,Matched,[M-H]-,[M-H]- (err 0.000076 Da)
3-(3-Hydroxyphenyl)propionic acid,C9H10O3,166.063,MTBLS11904,165.0556,-1.0074,[M-H]-,-,-1,1,165.055724,-1.007276,-0.000124,-0.75,Matched,[M-H]-,[M-H]- (err -0.000124 Da)
3-(4-Hydroxyphenyl)lactate,C9H9O4-,133.0653,MTBLS11904,181.0504,47.9851,,,,,,,2.986899,16774.35,No common adduct match,[M+FA-H]- / [M+HCOO]-,
3-(5-Methoxy-4-oxocyclohex-2-en-1-yl)prop-2-enoic acid,C10H12O4,196.0736,MTBLS11904,195.0653,-1.0083,[M-H]-,-,-1,1,195.066324,-1.007276,-0.001024,-5.25,Matched,[M-H]-,[M-H]- (err -0.001024 Da)
"3-(6-Aminopurin-9-yl)-5-(hydroxymethyl)cyclopentane-1,2-diol",C11H15N5O3,265.1175,MTBLS11904,283.1508,18.0333,[M+NH4]+,+,1,1,283.151323,18.033823,-0.000523,-1.85,Matched,[M+NH4]+,[M+NH4]+ (err -0.000523 Da)
"3-(Aminomethyl)-2,5,9-trimethyl-7H-furo[3,2-g]chromen-7-one",C15H15NO3,257.1052,MTBLS11904,299.1384,42.0332,[M+ACN+H]+,+,1,1,299.139025,42.033825,-0.000625,-2.09,Matched,[M+ACN+H]+,[M+ACN+H]+ (err -0.000625 Da)
"3-(Hydroxymethyl)-5,5-diphenylimidazolidine-2,4-dione",C16H14N2O3,282.1004,MTBLS11904,319.0488,36.9484,[M+K-2H]-,-,-1,1,319.049005,36.948605,-0.000205,-0.64,Matched,[M+K-2H]-,[M+K-2H]- (err -0.000205 Da)
"3-[(1R,2R,3S)-3-Carboxy-1,2,3-trihydroxypropyl]dioxirane-3-carboxylic acid",C6H8O9,224.0168,MTBLS11904,269.0142,44.9974,[M+FA-H]- / [M+HCOO]-,-,-1,1,269.015001,44.998201,-0.000801,-2.98,Matched,[M+FA-H]- / [M+HCOO]-,[M+FA-H]- / [M+HCOO]- (err -0.000801 Da)
3-[4-methoxy-3-(sulfooxy)phenyl]propanoic acid,C10H12O7S,276.0304,MTBLS11904,275.023,-1.0074,[M-H]-,-,-1,1,275.023124,-1.007276,-0.000124,-0.45,Matched,[M-H]-,[M-H]- (err -0.000124 Da)
"3-[[(2S)-2,4-Dihydroxy-3,3-dimethylbutanoyl]amino]propanoic acid",C9H17NO5,219.1107,MTBLS11904,240.0851,20.9744,[M+Na-2H]-,-,-1,1,240.085365,20.974665,-0.000265,-1.1,Matched,[M+Na-2H]-,[M+Na-2H]- (err -0.000265 Da)
3-Acetylphenol sulfate,C8H8O5S,216.0092,MTBLS11904,215.0017,-1.0075,[M-H]-,-,-1,1,215.001924,-1.007276,-0.000224,-1.04,Matched,[M-H]-,[M-H]- (err -0.000224 Da)
3-Acetylpyridine,C7H7NO,121.0528,S_35829770,122.0599,1.0071,[M+H]+,+,1,1,122.060076,1.007276,-0.000176,-1.45,Matched,[M+H]+,[M+H]+ (err -0.000176 Da)
3-Allylphenol sulfate,C9H10O4S,214.03,MTBLS11904,213.0224,-1.0076,[M-H]-,-,-1,1,213.022724,-1.007276,-0.000324,-1.52,Matched,[M-H]-,[M-H]- (err -0.000324 Da)
"3-alpha,20-alpha-Dihydroxy-5-beta-pregnane 3-glucuronide",C27H44O8,496.3036,MTBLS11904,541.3037,45.0001,[M+FA-H]- / [M+HCOO]-,-,-1,1,541.301801,44.998201,0.001899,3.51,Matched,[M+FA-H]- / [M+HCOO]-,[M+FA-H]- / [M+HCOO]- (err 0.001899 Da)
3-Amino-4-methylpentanoic acid,C6H13NO2,131.0946,MTBLS11904,132.1017,1.0071,[M+H]+,+,1,1,132.101876,1.007276,-0.000176,-1.34,Matched,[M+H]+,[M+H]+ (err -0.000176 Da)
"3-Aminobenzene-1,2-diol",C6H7NO2,125.0477,S_35829770,126.0548,1.0071,[M+H]+,+,1,1,126.054976,1.007276,-0.000176,-1.4,Matched,[M+H]+,[M+H]+ (err -0.000176 Da)
3-Aminobenzoic acid,C7H7NO2,137.0477,S_35829770,138.0546,1.0069,[M+H]+,+,1,1,138.054976,1.007276,-0.000376,-2.73,Matched,[M+H]+,[M+H]+ (err -0.000376 Da)
3-Aminobenzoic acid,C7H7NO2,137.0477,S_35829770,138.0548,1.0071,[M+H]+,+,1,1,138.054976,1.007276,-0.000176,-1.28,Matched,[M+H]+,[M+H]+ (err -0.000176 Da)
3-Aminoisobutanoic Acid,C4H9NO2,103.0633,S_28880465,103.0633,0,,,,,,,-1.007276,-9678.78,No common adduct match,[M+H]+,
3-Aminoisobutanoic Acid,C4H9NO2,103.0633,S_28880465,168.0418,64.9785,,,,,,,0.962733,5762.14,No common adduct match,[M+ACN+Na]+,
3-Aminoisobutanoic Acid,C4H9NO2,103.0633,MTBLS11904,104.0705,1.0072,[M+H]+,+,1,1,104.070576,1.007276,-0.000076,-0.73,Matched,[M+H]+,[M+H]+ (err -0.000076 Da)
3-Aminopentanedioic Acid,C5H9NO4,147.0532,MTBLS11904,128.0352,-19.018,[M-H2O-H]-,-,-1,1,128.035359,-19.017841,-0.000159,-1.24,Matched,[M-H2O-H]-,[M-H2O-H]- (err -0.000159 Da)
3-Aminopropionaldehyde,C3H7NO,73.05276,MTBLS11904,118.0509,44.99814,[M+FA-H]- / [M+HCOO]-,-,-1,1,118.050961,44.998201,-0.000061,-0.52,Matched,[M+FA-H]- / [M+HCOO]-,[M+FA-H]- / [M+HCOO]- (err -0.000061 Da)
3-Benzoyloxy-11-oxo-12-ursen-28-oic acid,C37H50O5,574.3658,MTBLS11904,611.3109,36.9451,[M+K-2H]-,-,-1,1,611.314405,36.948605,-0.003505,-5.73,Matched,[M+K-2H]-,[M+K-2H]- (err -0.003505 Da)
3-Butyl-1-(hydroxymethyl)-1-(4-methylphenyl)sulfonylurea,C13H20N2O4S,300.1144,MTBLS11904,162.0554,-138.059,[M+H+Na]2+,+,2,1,162.055447,23.996494,-0.000047,-0.29,Matched,[M+H+Na]2+,[M+H+Na]2+ (err -0.000047 Da)
3-carboxy-4-methyl-5-pentyl-2-furanpropanoic acid,C14H20O5,268.1311,MTBLS11904,251.1273,-17.0038,[M+H-H2O]+,+,1,1,251.127812,-17.003288,-0.000512,-2.04,Matched,[M+H-H2O]+,[M+H-H2O]+ (err -0.000512 Da)
3-Carboxyoxy-2-hydroxypropanoic acid,C4H6O6,150.0164,MTBLS11904,359.0475,209.0311,[2M+CH3COO]-,-,-1,2,359.046651,59.013851,0.000849,2.36,Matched,[2M+CH3COO]-,[2M+CH3COO]- (err 0.000849 Da)
3-Chloro-D-alanine,C3H6ClNO2,123.0087,MTBLS11904,305.03,182.0213,[2M+CH3COO]-,-,-1,2,305.031251,59.013851,-0.001251,-4.1,Matched,[2M+CH3COO]-,[2M+CH3COO]- (err -0.001251 Da)
3-Coumaric Acid,C9H8O3,164.0473,MTBLS11904,163.04,-1.0073,[M-H]-,-,-1,1,163.040024,-1.007276,-0.000024,-0.14,Matched,[M-H]-,[M-H]- (err -0.000024 Da)
3-Coumaric Acid,C9H8O3,164.0473,MTBLS11904,182.0808,18.0335,[M+NH4]+,+,1,1,182.081123,18.033823,-0.000323,-1.77,Matched,[M+NH4]+,[M+NH4]+ (err -0.000323 Da)
3-Cresotinic acid,C8H8O3,152.0473,MTBLS11904,151.0399,-1.0074,[M-H]-,-,-1,1,151.040024,-1.007276,-0.000124,-0.82,Matched,[M-H]-,[M-H]- (err -0.000124 Da)
3-Cyanoalanine,C4H6N2O2,114.0429,MTBLS11904,156.0764,42.0335,[M+ACN+H]+,+,1,1,156.076725,42.033825,-0.000325,-2.09,Matched,[M+ACN+H]+,[M+ACN+H]+ (err -0.000325 Da)
3-Dehydrocholic Acid,C24H38O5,406.2719,MTBLS11904,405.264,-1.0079,[M-H]-,-,-1,1,405.264624,-1.007276,-0.000624,-1.54,Matched,[M-H]-,[M-H]- (err -0.000624 Da)
3-Dehydroquinic acid,C7H10O6,190.0477,MTBLS11904,189.0404,-1.0073,[M-H]-,-,-1,1,189.040424,-1.007276,-0.000024,-0.12,Matched,[M-H]-,[M-H]- (err -0.000024 Da)
3-Dehydrosphinganine,C18H37NO2,299.2824,MTBLS11904,338.2431,38.9607,[M+K]+,+,1,1,338.245558,38.963158,-0.002458,-7.27,Matched,[M+K]+,[M+K]+ (err -0.002458 Da)
3-Dehydroteasterone,C28H46O4,446.3396,MTBLS11904,491.3373,44.9977,[M+FA-H]- / [M+HCOO]-,-,-1,1,491.337801,44.998201,-0.000501,-1.02,Matched,[M+FA-H]- / [M+HCOO]-,[M+FA-H]- / [M+HCOO]- (err -0.000501 Da)
3-Deoxyestrone,C18H22O,254.1671,MTBLS11904,299.1384,44.9713,[M+2Na-H]+,+,1,1,299.13826,44.97116,0.00014,0.47,Matched,[M+2Na-H]+,[M+2Na-H]+ (err 0.000140 Da)
3-Deoxyglucosone,C6H10O5,162.0528,MTBLS11904,127.0388,-35.014,[M+H-2H2O]+,+,1,1,127.038947,-35.013853,-0.000147,-1.16,Matched,[M+H-2H2O]+,[M+H-2H2O]+ (err -0.000147 Da)
3-Diphosphoglyceric acid,C3H4O8P2,229.9381,MTBLS11904,266.8883,36.9502,[M+K-2H]-,-,-1,1,266.886705,36.948605,0.001595,5.98,Matched,[M+K-2H]-,[M+K-2H]- (err 0.001595 Da)
3-epi-2-Deoxy-25-methyldolichosterone,C29H48O4,460.3553,MTBLS11904,505.3524,44.9971,[M+FA-H]- / [M+HCOO]-,-,-1,1,505.353501,44.998201,-0.001101,-2.18,Matched,[M+FA-H]- / [M+HCOO]-,[M+FA-H]- / [M+HCOO]- (err -0.001101 Da)
3-epi-6-deoxocathasterone,C28H50O2,418.3811,MTBLS11904,463.3788,44.9977,[M+FA-H]- / [M+HCOO]-,-,-1,1,463.379301,44.998201,-0.000501,-1.08,Matched,[M+FA-H]- / [M+HCOO]-,[M+FA-H]- / [M+HCOO]- (err -0.000501 Da)
3-Epipapyriferic acid,C35H56O8,604.3975,MTBLS11904,585.3743,-19.0232,[M-H2O-H]-,-,-1,1,585.379659,-19.017841,-0.005359,-9.15,Matched,[M-H2O-H]-,[M-H2O-H]- (err -0.005359 Da)
3-Ethylphenol,C8H10O,122.0732,MTBLS11904,121.0658,-1.0074,[M-H]-,-,-1,1,121.065924,-1.007276,-0.000124,-1.02,Matched,[M-H]-,[M-H]- (err -0.000124 Da)
3-Feruloylquinic acid,C17H20O9,368.1107,MTBLS11904,367.1048,-1.0059,[M-H]-,-,-1,1,367.103424,-1.007276,0.001376,3.75,Matched,[M-H]-,[M-H]- (err 0.001376 Da)
3-Guanidinopropionic acid,C4H9N3O2,131.0695,S_35829770,132.0765,1.007,[M+H]+,+,1,1,132.076776,1.007276,-0.000276,-2.09,Matched,[M+H]+,[M+H]+ (err -0.000276 Da)
"3-Hydroxy-2-methylpyridine-4,5-dicarboxylate",C8H7NO5,197.0324,MTBLS11904,196.025,-1.0074,[M-H]-,-,-1,1,196.025124,-1.007276,-0.000124,-0.63,Matched,[M-H]-,[M-H]- (err -0.000124 Da)
3-Hydroxy-2-oxoindole,C8H7NO2,149.0477,MTBLS11904,194.0457,44.998,[M+FA-H]- / [M+HCOO]-,-,-1,1,194.045901,44.998201,-0.000201,-1.04,Matched,[M+FA-H]- / [M+HCOO]-,[M+FA-H]- / [M+HCOO]- (err -0.000201 Da)
3-hydroxy-3-(3-hydroxyphenyl)propanoic acid-O-sulphate,C9H10O7S,262.0147,MTBLS11904,242.9967,-19.018,[M-H2O-H]-,-,-1,1,242.996859,-19.017841,-0.000159,-0.65,Matched,[M-H2O-H]-,[M-H2O-H]- (err -0.000159 Da)
3-Hydroxy-4-oxo-4H-pyran-2-carboxylic acid,C6H4O5,156.0059,MTBLS11904,139.0024,-17.0035,[M+H-H2O]+,+,1,1,139.002612,-17.003288,-0.000212,-1.52,Matched,[M+H-H2O]+,[M+H-H2O]+ (err -0.000212 Da)
"3-Hydroxy-6,8-dimethoxy-7(11)-eremophilen-12,8-olide",C17H26O5,310.178,MTBLS11904,291.1598,-19.0182,[M-H2O-H]-,-,-1,1,291.160159,-19.017841,-0.000359,-1.23,Matched,[M-H2O-H]-,[M-H2O-H]- (err -0.000359 Da)
3-Hydroxy-L-proline,C5H9NO3,131.0582,MTBLS11904,307.1145,176.0563,[2M+FA-H]- / [2M+HCOO]-,-,-1,2,307.114601,44.998201,-0.000101,-0.33,Matched,[2M+FA-H]- / [2M+HCOO]-,[2M+FA-H]- / [2M+HCOO]- (err -0.000101 Da)
"3-Hydroxyadipic acid 3,6-lactone",C6H8O4,144.0423,MTBLS11904,189.0403,44.998,[M+FA-H]- / [M+HCOO]-,-,-1,1,189.040501,44.998201,-0.000201,-1.06,Matched,[M+FA-H]- / [M+HCOO]-,[M+FA-H]- / [M+HCOO]- (err -0.000201 Da)
3-Hydroxybenzaldehyde,C7H6O2,122.0368,MTBLS11904,123.0439,1.0071,[M+H]+,+,1,1,123.044076,1.007276,-0.000176,-1.43,Matched,[M+H]+,[M+H]+ (err -0.000176 Da)
3-Hydroxybenzoic Acid,C7H6O3,138.0317,MTBLS11904,137.0243,-1.0074,[M-H]-,-,-1,1,137.024424,-1.007276,-0.000124,-0.9,Matched,[M-H]-,[M-H]- (err -0.000124 Da)
3-Hydroxybutyric acid,C4H8O3,104.0473,MTBLS11904,146.0809,42.0336,[M+ACN+H]+,+,1,1,146.081125,42.033825,-0.000225,-1.54,Matched,[M+ACN+H]+,[M+ACN+H]+ (err -0.000225 Da)
3-hydroxychlorpropamide,C10H13ClN2O4S,292.0285,S_24167579,293.037,1.0085,[M+H]+,+,1,1,293.035776,1.007276,0.001224,4.18,Matched,[M+H]+,[M+H]+ (err 0.001224 Da)
3-Hydroxydodecanedioic acid,C12H22O5,246.1467,MTBLS11904,227.1286,-19.0181,[M-H2O-H]-,-,-1,1,227.128859,-19.017841,-0.000259,-1.14,Matched,[M-H2O-H]-,[M-H2O-H]- (err -0.000259 Da)
3-Hydroxyeicosanoylcarnitine,C27H53NO5,471.3924,MTBLS11904,454.3881,-17.0043,[M+H-H2O]+,+,1,1,454.389112,-17.003288,-0.001012,-2.23,Matched,[M+H-H2O]+,[M+H-H2O]+ (err -0.001012 Da)
3-Hydroxyheptadecanoylcarnitine,C24H47NO5,429.3454,MTBLS11904,897.6455,468.3001,[2M+K]+,+,1,2,897.653958,38.963158,-0.008458,-9.42,Matched,[2M+K]+,[2M+K]+ (err -0.008458 Da)
3-Hydroxyhippuric acid sulfate,C9H9NO7S,275.01,MTBLS11904,274.0025,-1.0075,[M-H]-,-,-1,1,274.002724,-1.007276,-0.000224,-0.82,Matched,[M-H]-,[M-H]- (err -0.000224 Da)
3-Hydroxyindolin-2-one-sulfate,C8H5NO6S,242.9838,MTBLS11904,227.997,-14.9868,,,,,,,2.016488,8923.28,No common adduct match,[M+H-H2O]+,
3-Hydroxymethyl-picumast,C25H29ClN2O4,456.1816,MTBLS11904,437.1611,-19.0205,[M-H2O-H]-,-,-1,1,437.163759,-19.017841,-0.002659,-6.08,Matched,[M-H2O-H]-,[M-H2O-H]- (err -0.002659 Da)
3-hydroxypentadecanoic acid,C15H30O3,258.2195,MTBLS11904,257.2119,-1.0076,[M-H]-,-,-1,1,257.212224,-1.007276,-0.000324,-1.26,Matched,[M-H]-,[M-H]- (err -0.000324 Da)
3-Hydroxyphenylacetic Acid,C8H8O3,152.0473,S_28880465,152.0473,0,,,,,,,-1.007276,-6581.16,No common adduct match,[M+H]+,
3-Hydroxyphenylacetic Acid,C8H8O3,152.0473,S_28880465,198.0518,46.0045,,,,,,,1.006299,5106.94,No common adduct match,[M+FA-H]- / [M+HCOO]-,
3-Hydroxyphenylacetic Acid,C8H8O3,152.0473,MTBLS11904,151.04,-1.0073,[M-H]-,-,-1,1,151.040024,-1.007276,-0.000024,-0.16,Matched,[M-H]-,[M-H]- (err -0.000024 Da)
3-Hydroxyphenylacetylglutamine sulfate,C11H12N2O8S,332.0314,MTBLS11904,313.012,-19.0194,[M-H2O-H]-,-,-1,1,313.013559,-19.017841,-0.001559,-4.98,Matched,[M-H2O-H]-,[M-H2O-H]- (err -0.001559 Da)
3-Hydroxysebacic Acid,C10H18O5,218.1154,MTBLS11904,217.1079,-1.0075,[M-H]-,-,-1,1,217.108124,-1.007276,-0.000224,-1.03,Matched,[M-H]-,[M-H]- (err -0.000224 Da)
3-Hydroxyvaleric acid,C5H10O3,118.063,MTBLS11904,101.0595,-17.0035,[M+H-H2O]+,+,1,1,101.059712,-17.003288,-0.000212,-2.1,Matched,[M+H-H2O]+,[M+H-H2O]+ (err -0.000212 Da)
"3-Icosa-5,8,11,14-tetraen-2-yloxypropane-1,2-diol",C23H40O3,364.2977,MTBLS11904,409.2953,44.9976,[M+FA-H]- / [M+HCOO]-,-,-1,1,409.295901,44.998201,-0.000601,-1.47,Matched,[M+FA-H]- / [M+HCOO]-,[M+FA-H]- / [M+HCOO]- (err -0.000601 Da)
3-Indolepropionic acid,C11H11NO2,189.079,S_35829770,190.086,1.007,[M+H]+,+,1,1,190.086276,1.007276,-0.000276,-1.45,Matched,[M+H]+,[M+H]+ (err -0.000276 Da)
3-Indolepropionic acid,C11H11NO2,189.079,MTBLS11904,234.0497,44.9707,[M+2Na-H]+,+,1,1,234.05016,44.97116,-0.00046,-1.96,Matched,[M+2Na-H]+,[M+2Na-H]+ (err -0.000460 Da)
3-Isolongifolol,C15H26O,222.1984,MTBLS11904,245.1855,22.9871,[M+Na]+,+,1,1,245.187618,22.989218,-0.002118,-8.64,Matched,[M+Na]+,[M+Na]+ (err -0.002118 Da)
3-keto Fusidic acid,C31H46O6,514.3294,MTBLS11904,548.3629,34.0335,,,,,,,-0.935902,-1703.81,No common adduct match,[M+Cl]-,
3-ketosphingosine,C18H35NO2,297.2668,MTBLS11904,298.2735,1.0067,[M+H]+,+,1,1,298.274076,1.007276,-0.000576,-1.93,Matched,[M+H]+,[M+H]+ (err -0.000576 Da)
3-Methoxy-4-hydroxyphenylacetaldehyde,C9H10O3,166.063,ST003159,149.0597,-17.0033,[M+H-H2O]+,+,1,1,149.059712,-17.003288,-0.000012,-0.08,Matched,[M+H-H2O]+,[M+H-H2O]+ (err -0.000012 Da)
3-Methoxy-4-Hydroxyphenylglycol sulfate,C9H12O7S,264.0304,MTBLS11904,245.0123,-19.0181,[M-H2O-H]-,-,-1,1,245.012559,-19.017841,-0.000259,-1.06,Matched,[M-H2O-H]-,[M-H2O-H]- (err -0.000259 Da)
3-Methoxy-4-hydroxyphenylglycolaldehyde,C9H10O4,182.0579,MTBLS11904,363.1057,181.0478,[2M-H]-,-,-1,2,363.108524,-1.007276,-0.002824,-7.78,Matched,[2M-H]-,[2M-H]- (err -0.002824 Da)
3-Methoxycatechol sulfate,C7H6O7S,233.9834,MTBLS11904,232.976,-1.0074,[M-H]-,-,-1,1,232.976124,-1.007276,-0.000124,-0.53,Matched,[M-H]-,[M-H]- (err -0.000124 Da)
3-Methoxypropylamine,C4H11NO,89.08406,MTBLS11904,72.0806,-17.00346,[M+H-H2O]+,+,1,1,72.080772,-17.003288,-0.000172,-2.38,Matched,[M+H-H2O]+,[M+H-H2O]+ (err -0.000172 Da)
3-Methoxytyramine,C9H13NO2,167.0946,MTBLS11904,132.0806,-35.014,[M+H-2H2O]+,+,1,1,132.080747,-35.013853,-0.000147,-1.11,Matched,[M+H-2H2O]+,[M+H-2H2O]+ (err -0.000147 Da)
3-Methoxytyrosine,C10H13NO4,211.0845,MTBLS11904,232.0589,20.9744,[M+Na-2H]-,-,-1,1,232.059165,20.974665,-0.000265,-1.14,Matched,[M+Na-2H]-,[M+Na-2H]- (err -0.000265 Da)
"3-Methyl-1-(2,4,6-trihydroxyphenyl)-1-butanone",C11H14O4,210.0892,MTBLS11904,438.2091,228.1199,[2M+NH4]+,+,1,2,438.212223,18.033823,-0.003123,-7.13,Matched,[2M+NH4]+,[2M+NH4]+ (err -0.003123 Da)
3-Methyl-2-(3-pyridyl)-1-indoleoctanoic acid,C22H26N2O2,350.1994,MTBLS11904,701.4037,351.2043,[2M+H]+,+,1,2,701.406076,1.007276,-0.002376,-3.39,Matched,[2M+H]+,[2M+H]+ (err -0.002376 Da)
3-Methyl-2-Oxovaleric Acid,C6H10O3,130.063,MTBLS11904,129.0555,-1.0075,[M-H]-,-,-1,1,129.055724,-1.007276,-0.000224,-1.73,Matched,[M-H]-,[M-H]- (err -0.000224 Da)
3-Methyl-5-pentyl-2-furantridecanoic acid,C23H40O3,364.2977,MTBLS11904,409.2956,44.9979,[M+FA-H]- / [M+HCOO]-,-,-1,1,409.295901,44.998201,-0.000301,-0.74,Matched,[M+FA-H]- / [M+HCOO]-,[M+FA-H]- / [M+HCOO]- (err -0.000301 Da)
3-Methyl-5-propyl-2-furanundecanoic acid,C19H32O3,308.2351,MTBLS11904,372.2485,64.0134,[M+ACN+Na]+,+,1,1,372.250867,64.015767,-0.002367,-6.36,Matched,[M+ACN+Na]+,[M+ACN+Na]+ (err -0.002367 Da)
3-Methyl-L-histidine,C7H11N3O2,169.0851,S_35829770,170.0923,1.0072,[M+H]+,+,1,1,170.092376,1.007276,-0.000076,-0.45,Matched,[M+H]+,[M+H]+ (err -0.000076 Da)
3-Methyl-N-phenylaniline,C13H13N,183.1048,MTBLS11904,184.1117,1.0069,[M+H]+,+,1,1,184.112076,1.007276,-0.000376,-2.04,Matched,[M+H]+,[M+H]+ (err -0.000376 Da)
3-Methylazelaic acid,C10H18O4,202.1205,MTBLS11904,203.1275,1.007,[M+H]+,+,1,1,203.127776,1.007276,-0.000276,-1.36,Matched,[M+H]+,[M+H]+ (err -0.000276 Da)
3-Methylbut-2-enoylcarnitine,C12H21NO4,243.1471,MTBLS11904,226.1461,-17.001,[M+H-H2O]+,+,1,1,226.143812,-17.003288,0.002288,10.12,Matched,[M+H-H2O]+,[M+H-H2O]+ (err 0.002288 Da)
3-Methylbutyl formate,C6H12O2,116.0837,MTBLS11904,158.1172,42.0335,[M+ACN+H]+,+,1,1,158.117525,42.033825,-0.000325,-2.06,Matched,[M+ACN+H]+,[M+ACN+H]+ (err -0.000325 Da)
3-Methylene-indolenine,C9H7N,129.0578,S_29518718,130.0654,1.0076,[M+H]+,+,1,1,130.065076,1.007276,0.000324,2.49,Matched,[M+H]+,[M+H]+ (err 0.000324 Da)
3-Methylglutaric acid,C6H10O4,146.0579,MTBLS11904,191.056,44.9981,[M+FA-H]- / [M+HCOO]-,-,-1,1,191.056101,44.998201,-0.000101,-0.53,Matched,[M+FA-H]- / [M+HCOO]-,[M+FA-H]- / [M+HCOO]- (err -0.000101 Da)
3-Methylguanine,C6H7N5O,165.0651,MTBLS11904,166.0721,1.007,[M+H]+,+,1,1,166.072376,1.007276,-0.000276,-1.66,Matched,[M+H]+,[M+H]+ (err -0.000276 Da)
3-methylheptanedioylcarnitine,C15H27NO6,317.1838,MTBLS11904,318.1905,1.0067,[M+H]+,+,1,1,318.191076,1.007276,-0.000576,-1.81,Matched,[M+H]+,[M+H]+ (err -0.000576 Da)
3-Methylhistidine,C7H11N3O2,169.0851,S_35829770,170.0923,1.0072,[M+H]+,+,1,1,170.092376,1.007276,-0.000076,-0.45,Matched,[M+H]+,[M+H]+ (err -0.000076 Da)
3-Methylindole,C9H9N,131.0735,S_24167579,132.08,1.0065,[M+H]+,+,1,1,132.080776,1.007276,-0.000776,-5.88,Matched,[M+H]+,[M+H]+ (err -0.000776 Da)
3-Methylindole,C9H9N,131.0735,MTBLS11904,176.0716,44.9981,[M+FA-H]- / [M+HCOO]-,-,-1,1,176.071701,44.998201,-0.000101,-0.57,Matched,[M+FA-H]- / [M+HCOO]-,[M+FA-H]- / [M+HCOO]- (err -0.000101 Da)
3-Methyloxindole,C9H9NO,147.0684,MTBLS11904,165.102,18.0336,[M+NH4]+,+,1,1,165.102223,18.033823,-0.000223,-1.35,Matched,[M+NH4]+,[M+NH4]+ (err -0.000223 Da)
3-Methylpyridazine,C5H6N2,94.0531,MTBLS11904,95.0603,1.0072,[M+H]+,+,1,1,95.060376,1.007276,-0.000076,-0.8,Matched,[M+H]+,[M+H]+ (err -0.000076 Da)
3-Methylsuberic acid,C9H16O4,188.1049,MTBLS11904,169.0868,-19.0181,[M-H2O-H]-,-,-1,1,169.087059,-19.017841,-0.000259,-1.53,Matched,[M-H2O-H]-,[M-H2O-H]- (err -0.000259 Da)
3-methylsulfinylpropyl-glucosinolate,C11H20NO10S3-,358.0808,MTBLS11904,458.9731,100.8923,,,,,,,36.876533,87365.16,No common adduct match,[M+ACN+Na]+,
3-Methylxanthine,C6H6N4O2,166.0491,S_28880465,166.0483,-0.0008,,,,,,,1.006476,6098.31,No common adduct match,[M-H]-,
3-Methylxanthine,C6H6N4O2,166.0491,S_35829770,165.0417,-1.0074,[M-H]-,-,-1,1,165.041824,-1.007276,-0.000124,-0.75,Matched,[M-H]-,[M-H]- (err -0.000124 Da)
3-Methylxanthine,C6H6N4O2,166.0491,S_35829770,167.0562,1.0071,[M+H]+,+,1,1,167.056376,1.007276,-0.000176,-1.06,Matched,[M+H]+,[M+H]+ (err -0.000176 Da)
3-Methylxanthine,C6H6N4O2,166.0491,S_35829770,165.0543,-0.9948,[M-H]-,-,-1,1,165.041824,-1.007276,0.012476,75.6,Matched,[M-H]-,[M-H]- (err 0.012476 Da)
3-Methylxanthine,C6H6N4O2,166.0491,S_35829770,167.056,1.0069,[M+H]+,+,1,1,167.056376,1.007276,-0.000376,-2.25,Matched,[M+H]+,[M+H]+ (err -0.000376 Da)
3-Methylxanthine,C6H6N4O2,166.0491,MTBLS11904,165.0407,-1.0084,[M-H]-,-,-1,1,165.041824,-1.007276,-0.001124,-6.81,Matched,[M-H]-,[M-H]- (err -0.001124 Da)
3-Nitrobenzaldoxime,C7H6N2O3,166.0378,MTBLS11904,211.0358,44.998,[M+FA-H]- / [M+HCOO]-,-,-1,1,211.036001,44.998201,-0.000201,-0.95,Matched,[M+FA-H]- / [M+HCOO]-,[M+FA-H]- / [M+HCOO]- (err -0.000201 Da)
3-Nonanon-1-yl acetate,C11H20O3,200.1412,MTBLS11904,245.1391,44.9979,[M+FA-H]- / [M+HCOO]-,-,-1,1,245.139401,44.998201,-0.000301,-1.23,Matched,[M+FA-H]- / [M+HCOO]-,[M+FA-H]- / [M+HCOO]- (err -0.000301 Da)
3-O-beta-D-glucosyl-brassicasterol,C34H56O6,560.4077,MTBLS11904,605.4052,44.9975,[M+FA-H]- / [M+HCOO]-,-,-1,1,605.405901,44.998201,-0.000701,-1.16,Matched,[M+FA-H]- / [M+HCOO]-,[M+FA-H]- / [M+HCOO]- (err -0.000701 Da)
3-O-Demethylfortimicin A,C16H33N5O6,391.2431,MTBLS11904,390.2392,-1.0039,[M-H]-,-,-1,1,390.235824,-1.007276,0.003376,8.65,Matched,[M-H]-,[M-H]- (err 0.003376 Da)
3-O-Methyl-a-methyldopa,C10H13NO4,211.0845,ACS1517,210.077,-1.0075,[M-H]-,-,-1,1,210.077224,-1.007276,-0.000224,-1.06,Matched,[M-H]-,[M-H]- (err -0.000224 Da)
3-O-Methyl-a-methyldopa,C10H13NO4,211.0845,MTBLS11904,253.1179,42.0334,[M+ACN+H]+,+,1,1,253.118325,42.033825,-0.000425,-1.68,Matched,[M+ACN+H]+,[M+ACN+H]+ (err -0.000425 Da)
3-O-Methyl-a-methyldopa,C10H13NO4,211.0845,ST003159,212.0917,1.0072,[M+H]+,+,1,1,212.091776,1.007276,-0.000076,-0.36,Matched,[M+H]+,[M+H]+ (err -0.000076 Da)
3-O-Methyl-D-glucopyranose,C7H14O6,194.079,MTBLS11904,406.1909,212.1119,[2M+NH4]+,+,1,2,406.191823,18.033823,-0.000923,-2.27,Matched,[2M+NH4]+,[2M+NH4]+ (err -0.000923 Da)
3-O-Methylniveusin A,C21H28O8,408.1784,MTBLS11904,429.1501,20.9717,[M+Na-2H]-,-,-1,1,429.153065,20.974665,-0.002965,-6.91,Matched,[M+Na-2H]-,[M+Na-2H]- (err -0.002965 Da)
3-Octenoylcarnitine,C15H27NO4,285.194,MTBLS11904,286.2007,1.0067,[M+H]+,+,1,1,286.201276,1.007276,-0.000576,-2.01,Matched,[M+H]+,[M+H]+ (err -0.000576 Da)
"3-Oxa-9-azoniatricyclo[3.3.1.02,4]nonane, 9-ethyl-7-hydroxy-9-methyl-",C10H17NO2,183.1259,S_24167579,184.1323,1.0064,[M+H]+,+,1,1,184.133176,1.007276,-0.000876,-4.76,Matched,[M+H]+,[M+H]+ (err -0.000876 Da)
"3-Oxo-12,18-ursadien-28-oic acid",C30H44O3,452.329,MTBLS11904,489.2776,36.9486,[M+K-2H]-,-,-1,1,489.277605,36.948605,-0.000005,-0.01,Matched,[M+K-2H]-,[M+K-2H]- (err -0.000005 Da)
3-Oxo-alpha-ionol,C13H20O2,208.1463,MTBLS11904,253.1441,44.9978,[M+FA-H]- / [M+HCOO]-,-,-1,1,253.144501,44.998201,-0.000401,-1.58,Matched,[M+FA-H]- / [M+HCOO]-,[M+FA-H]- / [M+HCOO]- (err -0.000401 Da)
3-Oxoadipic acid,C6H8O5,160.0372,MTBLS11904,205.0348,44.9976,[M+FA-H]- / [M+HCOO]-,-,-1,1,205.035401,44.998201,-0.000601,-2.93,Matched,[M+FA-H]- / [M+HCOO]-,[M+FA-H]- / [M+HCOO]- (err -0.000601 Da)
3-Oxobutanoylcarnitine,C11H19NO5,245.1263,MTBLS11904,266.1032,20.9769,[M+Na-2H]-,-,-1,1,266.100965,20.974665,0.002235,8.4,Matched,[M+Na-2H]-,[M+Na-2H]- (err 0.002235 Da)
3-Oxododecanoic acid,C12H22O3,214.1569,MTBLS11904,213.1493,-1.0076,[M-H]-,-,-1,1,213.149624,-1.007276,-0.000324,-1.52,Matched,[M-H]-,[M-H]- (err -0.000324 Da)
3-Oxopentanoic acid,C5H8O3,116.0473,MTBLS11904,158.0809,42.0336,[M+ACN+H]+,+,1,1,158.081125,42.033825,-0.000225,-1.43,Matched,[M+ACN+H]+,[M+ACN+H]+ (err -0.000225 Da)
3-phenyllactic acid,C9H10O3,166.063,S_35829770,165.0557,-1.0073,[M-H]-,-,-1,1,165.055724,-1.007276,-0.000024,-0.14,Matched,[M-H]-,[M-H]- (err -0.000024 Da)
3-Phenylpropyl acetate,C11H14O2,178.0994,MTBLS11904,223.0973,44.9979,[M+FA-H]- / [M+HCOO]-,-,-1,1,223.097601,44.998201,-0.000301,-1.35,Matched,[M+FA-H]- / [M+HCOO]-,[M+FA-H]- / [M+HCOO]- (err -0.000301 Da)
3-phosphoglycerate,C3H7O7P,185.9929,MTBLS11904,184.9854,-1.0075,[M-H]-,-,-1,1,184.985624,-1.007276,-0.000224,-1.21,Matched,[M-H]-,[M-H]- (err -0.000224 Da)
3-Succinoylpyridine,C9H9NO3,179.0582,MTBLS11904,178.0507,-1.0075,[M-H]-,-,-1,1,178.050924,-1.007276,-0.000224,-1.26,Matched,[M-H]-,[M-H]- (err -0.000224 Da)
3-tert-Butyl-4-hydroxyanisole,C11H16O2,180.115,MTBLS11904,225.113,44.998,[M+FA-H]- / [M+HCOO]-,-,-1,1,225.113201,44.998201,-0.000201,-0.89,Matched,[M+FA-H]- / [M+HCOO]-,[M+FA-H]- / [M+HCOO]- (err -0.000201 Da)
3-ureido-isobutyrate,C5H10N2O3,146.0691,MTBLS11904,145.0617,-1.0074,[M-H]-,-,-1,1,145.061824,-1.007276,-0.000124,-0.85,Matched,[M-H]-,[M-H]- (err -0.000124 Da)
3-ureido-isobutyrate,C5H10N2O3,146.0691,MTBLS11904,129.0656,-17.0035,[M+H-H2O]+,+,1,1,129.065812,-17.003288,-0.000212,-1.64,Matched,[M+H-H2O]+,[M+H-H2O]+ (err -0.000212 Da)
"3a,17a-Dihydroxy-5b-androstane",C19H32O2,292.2402,MTBLS11904,356.2538,64.0136,[M+ACN+Na]+,+,1,1,356.255967,64.015767,-0.002167,-6.08,Matched,[M+ACN+Na]+,[M+ACN+Na]+ (err -0.002167 Da)
"3a,21-Dihydroxy-5b-pregnane-11,20-dione",C21H32O4,348.2301,MTBLS11904,393.2266,44.9965,[M+FA-H]- / [M+HCOO]-,-,-1,1,393.228301,44.998201,-0.001701,-4.33,Matched,[M+FA-H]- / [M+HCOO]-,[M+FA-H]- / [M+HCOO]- (err -0.001701 Da)
"3a,6b,7a,12a-Tetrahydroxy-5b-cholanoic acid",C24H40O6,424.2825,MTBLS11904,405.2638,-19.0187,[M-H2O-H]-,-,-1,1,405.264659,-19.017841,-0.000859,-2.12,Matched,[M-H2O-H]-,[M-H2O-H]- (err -0.000859 Da)
"3a,7a,12a-Trihydroxy-5b-cholestan-26-al",C27H46O4,434.3396,MTBLS11904,479.3372,44.9976,[M+FA-H]- / [M+HCOO]-,-,-1,1,479.337801,44.998201,-0.000601,-1.25,Matched,[M+FA-H]- / [M+HCOO]-,[M+FA-H]- / [M+HCOO]- (err -0.000601 Da)
"3a,7b,12a-Trihydroxyoxocholanyl-Glycine",C26H43NO6,465.309,MTBLS11904,464.3003,-1.0087,[M-H]-,-,-1,1,464.301724,-1.007276,-0.001424,-3.07,Matched,[M-H]-,[M-H]- (err -0.001424 Da)
"3alpha,7alpha,12alpha-trihydroxy-5beta-cholestanate",C27H45O5-,385.347,MTBLS11904,449.3268,63.9798,,,,,,,-0.035967,-80.04,No common adduct match,[M+ACN+Na]+,
"3alpha,7alpha-Dihydroxycoprostanic acid",C27H46O4,434.3396,MTBLS11904,433.3318,-1.0078,[M-H]-,-,-1,1,433.332324,-1.007276,-0.000524,-1.21,Matched,[M-H]-,[M-H]- (err -0.000524 Da)
3alpha-Acetomethoxy-11alpha-oxo-12-ursen-24-oic acid,C33H50O5,526.3658,MTBLS11904,544.4041,18.0383,[M+NH4]+,+,1,1,544.399623,18.033823,0.004477,8.22,Matched,[M+NH4]+,[M+NH4]+ (err 0.004477 Da)
"3b,6a-Dihydroxy-alpha-ionol 9-[apiosyl-(1->6)-glucoside]",C24H40O12,520.252,MTBLS11904,559.2174,38.9654,[M+K]+,+,1,1,559.215158,38.963158,0.002242,4.01,Matched,[M+K]+,[M+K]+ (err 0.002242 Da)
"3beta,7alpha-Dihydroxy-5-cholestenoate",C27H44O4,432.324,MTBLS11904,431.316,-1.008,[M-H]-,-,-1,1,431.316724,-1.007276,-0.000724,-1.68,Matched,[M-H]-,[M-H]- (err -0.000724 Da)
3beta-hydroxy-4beta-methyl-5alpha-cholest-7-ene-4alpha-carbaldehyde,C29H48O2,428.3654,MTBLS11904,473.3629,44.9975,[M+FA-H]- / [M+HCOO]-,-,-1,1,473.363601,44.998201,-0.000701,-1.48,Matched,[M+FA-H]- / [M+HCOO]-,[M+FA-H]- / [M+HCOO]- (err -0.000701 Da)
"3beta-Hydroxypregna-5,16-dien-20-one",C21H30O2,314.2246,MTBLS11904,359.2216,44.997,[M+FA-H]- / [M+HCOO]-,-,-1,1,359.222801,44.998201,-0.001201,-3.34,Matched,[M+FA-H]- / [M+HCOO]-,[M+FA-H]- / [M+HCOO]- (err -0.001201 Da)
3b ?ó?ó?ÇÜ?¼?ó?é¼?ôHydroxy-5-cholenoic acid,C24H38O3,374.2821,S_29518718,357.2797,-17.0024,[M+H-H2O]+,+,1,1,357.278812,-17.003288,0.000888,2.49,Matched,[M+H-H2O]+,[M+H-H2O]+ (err 0.000888 Da)
"3h-Indole-3-propanoic acid,a-amino-",C11H12N2O2,204.0899,MTBLS11904,205.0967,1.0068,[M+H]+,+,1,1,205.097176,1.007276,-0.000476,-2.32,Matched,[M+H]+,[M+H]+ (err -0.000476 Da)
3h-Phenylalanine,C9H13NO2,167.0946,MTBLS11904,150.0911,-17.0035,[M+H-H2O]+,+,1,1,150.091312,-17.003288,-0.000212,-1.41,Matched,[M+H-H2O]+,[M+H-H2O]+ (err -0.000212 Da)
3h-Serotonin,C10H12N2O,176.095,MTBLS11904,218.1284,42.0334,[M+ACN+H]+,+,1,1,218.128825,42.033825,-0.000425,-1.95,Matched,[M+ACN+H]+,[M+ACN+H]+ (err -0.000425 Da)
3Z)-Phycoerythrobilin,C33H38N4O6,586.2791,S_24167579,587.287,1.0079,[M+H]+,+,1,1,587.286376,1.007276,0.000624,1.06,Matched,[M+H]+,[M+H]+ (err 0.000624 Da)
4'-Aminopropiophenone,C9H11NO,149.0841,MTBLS11904,130.0661,-19.018,[M-H2O-H]-,-,-1,1,130.066259,-19.017841,-0.000159,-1.22,Matched,[M-H2O-H]-,[M-H2O-H]- (err -0.000159 Da)
4'-Hydroxyfenoprofen glucuronide,C21H22O10,434.1213,MTBLS11904,433.1132,-1.0081,[M-H]-,-,-1,1,433.114024,-1.007276,-0.000824,-1.9,Matched,[M-H]-,[M-H]- (err -0.000824 Da)
4'-Methoxymucidin,C17H20O4,288.1362,MTBLS11904,309.1103,20.9741,[M+Na-2H]-,-,-1,1,309.110865,20.974665,-0.000565,-1.83,Matched,[M+Na-2H]-,[M+Na-2H]- (err -0.000565 Da)
"4,4'-Diphenylmethane diisocyanate",C15H10N2O2,250.0742,MTBLS11904,287.0228,36.9486,[M+K-2H]-,-,-1,1,287.022805,36.948605,-0.000005,-0.02,Matched,[M+K-2H]-,[M+K-2H]- (err -0.000005 Da)
"4,5-dehydro Docosahexaenoic Acid",C22H30O2,326.2246,MTBLS11904,325.2169,-1.0077,[M-H]-,-,-1,1,325.217324,-1.007276,-0.000424,-1.3,Matched,[M-H]-,[M-H]- (err -0.000424 Da)
"4,5-seco-dopa",C9H11NO6,229.0586,MTBLS11904,247.0919,18.0333,[M+NH4]+,+,1,1,247.092423,18.033823,-0.000523,-2.12,Matched,[M+NH4]+,[M+NH4]+ (err -0.000523 Da)
"4-(1,1,3,3-Tetramethylbutyl)-phenol",C14H22O,206.1671,MTBLS11904,251.1363,44.9692,[M+2Na-H]+,+,1,1,251.13826,44.97116,-0.00196,-7.8,Matched,[M+2Na-H]+,[M+2Na-H]+ (err -0.001960 Da)
"4-(3-Methyl-5-oxo-4,5-dihydro-1H-pyrazol-1-yl)benzenesulfonic acid",C10H10N2O4S,254.0361,MTBLS11904,253.0286,-1.0075,[M-H]-,-,-1,1,253.028824,-1.007276,-0.000224,-0.88,Matched,[M-H]-,[M-H]- (err -0.000224 Da)
4-(4-Guanidinobenzoyloxy)phenylacetate,C16H15N3O4,313.1063,MTBLS11904,294.0913,-19.015,[M-H2O-H]-,-,-1,1,294.088459,-19.017841,0.002841,9.66,Matched,[M-H2O-H]-,[M-H2O-H]- (err 0.002841 Da)
"4-(8-Amino-1,2,3,4-tetrahydro-2-methyl-4-isoquinolinyl)phenol",C16H18N2O,254.1419,MTBLS11904,253.1344,-1.0075,[M-H]-,-,-1,1,253.134624,-1.007276,-0.000224,-0.88,Matched,[M-H]-,[M-H]- (err -0.000224 Da)
4-(Aminomethyl)-1-methylpiperidin-4-ol,C7H16N2O,144.1263,MTBLS11904,127.1228,-17.0035,[M+H-H2O]+,+,1,1,127.123012,-17.003288,-0.000212,-1.67,Matched,[M+H-H2O]+,[M+H-H2O]+ (err -0.000212 Da)
4-(Glutamylamino) butanoate,C9H16N2O5,232.1059,MTBLS11904,253.0828,20.9769,[M+Na-2H]-,-,-1,1,253.080565,20.974665,0.002235,8.83,Matched,[M+Na-2H]-,[M+Na-2H]- (err 0.002235 Da)
4-(undecan-5-yl)benzene-1-Sulfonic Acid,C17H28O3S,312.1759,MTBLS11904,311.1682,-1.0077,[M-H]-,-,-1,1,311.168624,-1.007276,-0.000424,-1.36,Matched,[M-H]-,[M-H]- (err -0.000424 Da)
"4-[(2,4-Dihydroxy-3,3-dimethylbutanoyl)amino]butanoic acid",C10H19NO5,233.1263,MTBLS11904,234.1332,1.0069,[M+H]+,+,1,1,234.133576,1.007276,-0.000376,-1.61,Matched,[M+H]+,[M+H]+ (err -0.000376 Da)
"4-[2-[5,5-Dimethyl-8-(4-methylphenyl)-6H-naphthalen-2-yl]ethynyl]benzoic acid",C28H24O2,392.1776,MTBLS11904,427.1441,34.9665,[M+Cl]-,-,-1,1,427.147002,34.969402,-0.002902,-6.79,Matched,[M+Cl]-,[M+Cl]- (err -0.002902 Da)
4-Acetamido-2-aminobutanoic acid,C6H12N2O3,160.0848,MTBLS11904,125.0707,-35.0141,[M+H-2H2O]+,+,1,1,125.070947,-35.013853,-0.000247,-1.98,Matched,[M+H-2H2O]+,[M+H-2H2O]+ (err -0.000247 Da)
4-Acetamidoantipyrine,C13H15N3O2,245.1164,S_35829770,246.1232,1.0068,[M+H]+,+,1,1,246.123676,1.007276,-0.000476,-1.94,Matched,[M+H]+,[M+H]+ (err -0.000476 Da)
4-Acetamidoantipyrine,C13H15N3O2,245.1164,S_35829770,246.1231,1.0067,[M+H]+,+,1,1,246.123676,1.007276,-0.000576,-2.34,Matched,[M+H]+,[M+H]+ (err -0.000576 Da)
4-Acetamidobutanoate,C6H10NO3-,112.0762,MTBLS11904,144.0665,31.9903,,,,,,,-2.979102,-20259.72,No common adduct match,[M+Cl]-,
4-Acetamidobutanoic acid,C6H11NO3,145.0739,MTBLS11904,146.0809,1.007,[M+H]+,+,1,1,146.081176,1.007276,-0.000276,-1.89,Matched,[M+H]+,[M+H]+ (err -0.000276 Da)
4-Allylpyrocatechol sulfate,C9H10O5S,230.0249,MTBLS11904,229.0174,-1.0075,[M-H]-,-,-1,1,229.017624,-1.007276,-0.000224,-0.98,Matched,[M-H]-,[M-H]- (err -0.000224 Da)
4-Amino-3-hydroxybutanoylcarnitine,C11H22N2O5,262.1529,MTBLS11904,297.1242,34.9713,[M+Cl]-,-,-1,1,297.122302,34.969402,0.001898,6.39,Matched,[M+Cl]-,[M+Cl]- (err 0.001898 Da)
4-Amino-3-hydroxybutyrate,C4H9NO3,119.0582,MTBLS11904,120.0653,1.0071,[M+H]+,+,1,1,120.065476,1.007276,-0.000176,-1.47,Matched,[M+H]+,[M+H]+ (err -0.000176 Da)
4-Amino-3-phenylbutanoic acid,C10H13NO2,179.0946,MTBLS11904,197.128,18.0334,[M+NH4]+,+,1,1,197.128423,18.033823,-0.000423,-2.15,Matched,[M+NH4]+,[M+NH4]+ (err -0.000423 Da)
4-Aminoantipyrine,C11H13N3O,203.1059,S_35829770,204.1128,1.0069,[M+H]+,+,1,1,204.113176,1.007276,-0.000376,-1.84,Matched,[M+H]+,[M+H]+ (err -0.000376 Da)
4-Aminoantipyrine,C11H13N3O,203.1059,S_35829770,204.113,1.0071,[M+H]+,+,1,1,204.113176,1.007276,-0.000176,-0.86,Matched,[M+H]+,[M+H]+ (err -0.000176 Da)
4-Aminoantipyrine,C11H13N3O,203.1059,S_35829770,204.1127,1.0068,[M+H]+,+,1,1,204.113176,1.007276,-0.000476,-2.33,Matched,[M+H]+,[M+H]+ (err -0.000476 Da)
4-Aminophenylmannoside,C12H17NO6,271.1056,MTBLS11904,254.1002,-17.0054,[M+H-H2O]+,+,1,1,254.102312,-17.003288,-0.002112,-8.31,Matched,[M+H-H2O]+,[M+H-H2O]+ (err -0.002112 Da)
4-Butylphenol,C10H14O,150.1045,MTBLS11904,168.138,18.0335,[M+NH4]+,+,1,1,168.138323,18.033823,-0.000323,-1.92,Matched,[M+NH4]+,[M+NH4]+ (err -0.000323 Da)
4-Chloroacetanilide,C8H8ClNO,169.0294,S_24167579,170.036,1.0066,[M+H]+,+,1,1,170.036676,1.007276,-0.000676,-3.98,Matched,[M+H]+,[M+H]+ (err -0.000676 Da)
4-Chlorobenzoic acid,C7H5ClO2,155.9978,MTBLS11904,356.9925,200.9947,[2M+FA-H]- / [2M+HCOO]-,-,-1,2,356.993801,44.998201,-0.001301,-3.64,Matched,[2M+FA-H]- / [2M+HCOO]-,[2M+FA-H]- / [2M+HCOO]- (err -0.001301 Da)
4-Chlorophenyl,C6H4Cl,111.0002,MTBLS11904,154.0416,43.0414,,,,,,,1.007575,6583.99,No common adduct match,[M+ACN+H]+,
4-Fluoro-2-(trifluoromethyl)phenylacetic acid,C9H6F4O2,222.0304,MTBLS11904,221.0245,-1.0059,[M-H]-,-,-1,1,221.023124,-1.007276,0.001376,6.23,Matched,[M-H]-,[M-H]- (err 0.001376 Da)
4-Fluoro-L-phenylalanine,C9H10FNO2,183.0696,MTBLS11904,367.1492,184.0796,[2M+H]+,+,1,2,367.146476,1.007276,0.002724,7.42,Matched,[2M+H]+,[2M+H]+ (err 0.002724 Da)
4-Formylaminoantipyrine,C12H13N3O2,231.1008,S_35829770,232.1076,1.0068,[M+H]+,+,1,1,232.108076,1.007276,-0.000476,-2.05,Matched,[M+H]+,[M+H]+ (err -0.000476 Da)
4-Formylaminoantipyrine,C12H13N3O2,231.1008,S_35829770,232.1077,1.0069,[M+H]+,+,1,1,232.108076,1.007276,-0.000376,-1.62,Matched,[M+H]+,[M+H]+ (err -0.000376 Da)
4-Galactosylxylose,C11H20O10,312.1056,MTBLS11904,313.112,1.0064,[M+H]+,+,1,1,313.112876,1.007276,-0.000876,-2.8,Matched,[M+H]+,[M+H]+ (err -0.000876 Da)
4-GUANIDINOBUTANOATE,C5H11N3O2,145.0851,S_35829770,146.081,0.9959,[M+H]+,+,1,1,146.092376,1.007276,-0.011376,-77.87,Matched,[M+H]+,[M+H]+ (err -0.011376 Da)
4-Heptyloxyphenol,C13H20O2,208.1463,MTBLS11904,207.1388,-1.0075,[M-H]-,-,-1,1,207.139024,-1.007276,-0.000224,-1.08,Matched,[M-H]-,[M-H]- (err -0.000224 Da)
4-Hydroxy benzenepropanedioate,C9H8O5,196.0372,S_28880465,196.0363,-0.0009,,,,,,,1.006376,5160.11,No common adduct match,[M-H]-,
4-Hydroxy-1-(3-pyridinyl)-1-butanone,C9H11NO2,165.079,MTBLS11904,188.0679,22.9889,[M+Na]+,+,1,1,188.068218,22.989218,-0.000318,-1.69,Matched,[M+Na]+,[M+Na]+ (err -0.000318 Da)
"4-Hydroxy-2,5,5,9-Tetramethylcycloundeca-2,9-Dienyl 4-Hydroxybenzoate",C22H30O4,358.2144,MTBLS11904,403.2101,44.9957,[M+FA-H]- / [M+HCOO]-,-,-1,1,403.212601,44.998201,-0.002501,-6.2,Matched,[M+FA-H]- / [M+HCOO]-,[M+FA-H]- / [M+HCOO]- (err -0.002501 Da)
4-Hydroxy-3-(16-methylheptadecyl)-2H-pyran-2-one,C23H40O3,364.2977,MTBLS11904,345.2794,-19.0183,[M-H2O-H]-,-,-1,1,345.279859,-19.017841,-0.000459,-1.33,Matched,[M-H2O-H]-,[M-H2O-H]- (err -0.000459 Da)
4-Hydroxy-3-methoxy-cinnamoylglycine,C12H13NO5,251.0794,MTBLS11904,293.1126,42.0332,[M+ACN+H]+,+,1,1,293.113225,42.033825,-0.000625,-2.13,Matched,[M+ACN+H]+,[M+ACN+H]+ (err -0.000625 Da)
4-hydroxy-4-(pyridin-2-yl)butan-2-one,C9H11NO2,165.079,S_35829770,188.0704,22.9914,[M+Na]+,+,1,1,188.068218,22.989218,0.002182,11.6,Matched,[M+Na]+,[M+Na]+ (err 0.002182 Da)
4-Hydroxy-5-(4'-hydroxyphenyl)-valeric acid-4'-O-sulphate,C11H14O7S,290.046,MTBLS11904,289.0384,-1.0076,[M-H]-,-,-1,1,289.038724,-1.007276,-0.000324,-1.12,Matched,[M-H]-,[M-H]- (err -0.000324 Da)
"4-Hydroxy-5-phenyltetrahydro-1,3-oxazin-2-one",C10H11NO3,193.0739,MTBLS11904,192.0664,-1.0075,[M-H]-,-,-1,1,192.066624,-1.007276,-0.000224,-1.16,Matched,[M-H]-,[M-H]- (err -0.000224 Da)
4-Hydroxy-6-methyl-2-pyrone,C6H6O3,126.0317,MTBLS11904,125.0243,-1.0074,[M-H]-,-,-1,1,125.024424,-1.007276,-0.000124,-0.99,Matched,[M-H]-,[M-H]- (err -0.000124 Da)
4-Hydroxy-L-Proline,C5H9NO3,131.0582,MTBLS11904,132.0653,1.0071,[M+H]+,+,1,1,132.065476,1.007276,-0.000176,-1.34,Matched,[M+H]+,[M+H]+ (err -0.000176 Da)
4-Hydroxybenzaldehyde,C7H6O2,122.0368,S_29518718,105.0343,-17.0025,[M+H-H2O]+,+,1,1,105.033512,-17.003288,0.000788,7.5,Matched,[M+H-H2O]+,[M+H-H2O]+ (err 0.000788 Da)
4-Hydroxybenzaldehyde,C7H6O2,122.0368,MTBLS11904,123.0439,1.0071,[M+H]+,+,1,1,123.044076,1.007276,-0.000176,-1.43,Matched,[M+H]+,[M+H]+ (err -0.000176 Da)
4-Hydroxybenzoic acid,C7H6O3,138.0317,S_28880465,138.0317,0,,,,,,,-1.007276,-7244.56,No common adduct match,[M+H]+,
4-Hydroxybenzoic acid,C7H6O3,138.0317,S_28880465,138.0305,-0.0012,,,,,,,1.006076,7342.31,No common adduct match,[M-H]-,
4-Hydroxybenzoic acid,C7H6O3,138.0317,S_28880465,196.0363,58.0046,,,,,,,-1.009251,-5121.92,No common adduct match,[M+CH3COO]-,
4-Hydroxybenzoic acid,C7H6O3,138.0317,S_35829770,137.0245,-1.0072,[M-H]-,-,-1,1,137.024424,-1.007276,0.000076,0.56,Matched,[M-H]-,[M-H]- (err 0.000076 Da)
4-Hydroxybenzoic acid,C7H6O3,138.0317,S_35829770,139.0387,1.007,[M+H]+,+,1,1,139.038976,1.007276,-0.000276,-1.99,Matched,[M+H]+,[M+H]+ (err -0.000276 Da)
4-Hydroxybenzoic acid,C7H6O3,138.0317,MTBLS11904,137.0243,-1.0074,[M-H]-,-,-1,1,137.024424,-1.007276,-0.000124,-0.9,Matched,[M-H]-,[M-H]- (err -0.000124 Da)
4-hydroxybenzoic acid-4-O-sulphate,C7H6O6S,217.9885,MTBLS11904,216.981,-1.0075,[M-H]-,-,-1,1,216.981224,-1.007276,-0.000224,-1.03,Matched,[M-H]-,[M-H]- (err -0.000224 Da)
4-Hydroxybenzotriazole,C6H5N3O,135.0433,MTBLS11904,79.5194,-55.5239,[M+H+Na]2+,+,2,1,79.519897,23.996494,-0.000497,-6.25,Matched,[M+H+Na]2+,[M+H+Na]2+ (err -0.000497 Da)
4-Hydroxybutyric acid,C4H8O3,104.0473,MTBLS11904,103.0399,-1.0074,[M-H]-,-,-1,1,103.040024,-1.007276,-0.000124,-1.2,Matched,[M-H]-,[M-H]- (err -0.000124 Da)
4-Hydroxycoumarin,C9H6O3,162.0317,MTBLS11904,161.0243,-1.0074,[M-H]-,-,-1,1,161.024424,-1.007276,-0.000124,-0.77,Matched,[M-H]-,[M-H]- (err -0.000124 Da)
4-Hydroxycyclohexylcarboxylic acid,C7H12O3,144.0786,MTBLS11904,143.0712,-1.0074,[M-H]-,-,-1,1,143.071324,-1.007276,-0.000124,-0.86,Matched,[M-H]-,[M-H]- (err -0.000124 Da)
4-Hydroxyhexanoycarnitine,C13H25NO5,275.1733,MTBLS11904,258.1695,-17.0038,[M+H-H2O]+,+,1,1,258.170012,-17.003288,-0.000512,-1.98,Matched,[M+H-H2O]+,[M+H-H2O]+ (err -0.000512 Da)
4-Hydroxyketamine,C13H16ClNO2,253.087,MTBLS11904,290.0337,36.9467,[M+K-2H]-,-,-1,1,290.035605,36.948605,-0.001905,-6.57,Matched,[M+K-2H]-,[M+K-2H]- (err -0.001905 Da)
4-Hydroxynonenal,C9H16O2,156.115,MTBLS11904,201.1131,44.9981,[M+FA-H]- / [M+HCOO]-,-,-1,1,201.113201,44.998201,-0.000101,-0.5,Matched,[M+FA-H]- / [M+HCOO]-,[M+FA-H]- / [M+HCOO]- (err -0.000101 Da)
4-Hydroxyphenylacetaldehyde,C8H8O2,136.0524,MTBLS11904,178.086,42.0336,[M+ACN+H]+,+,1,1,178.086225,42.033825,-0.000225,-1.27,Matched,[M+ACN+H]+,[M+ACN+H]+ (err -0.000225 Da)
4-Hydroxyphenylacetic acid sulfate,C8H8O6S,232.0042,MTBLS11904,230.9966,-1.0076,[M-H]-,-,-1,1,230.996924,-1.007276,-0.000324,-1.4,Matched,[M-H]-,[M-H]- (err -0.000324 Da)
4-Hydroxyphenylpyruvic acid,C9H8O4,180.0423,MTBLS11904,179.0348,-1.0075,[M-H]-,-,-1,1,179.035024,-1.007276,-0.000224,-1.25,Matched,[M-H]-,[M-H]- (err -0.000224 Da)
4-Hydroxyquinoline,C9H7NO,145.0528,MTBLS11904,190.0508,44.998,[M+FA-H]- / [M+HCOO]-,-,-1,1,190.051001,44.998201,-0.000201,-1.06,Matched,[M+FA-H]- / [M+HCOO]-,[M+FA-H]- / [M+HCOO]- (err -0.000201 Da)
4-Hydroxyretinoic acid glucuronide,C26H36O9,492.2359,MTBLS11904,510.2665,18.0306,[M+NH4]+,+,1,1,510.269723,18.033823,-0.003223,-6.32,Matched,[M+NH4]+,[M+NH4]+ (err -0.003223 Da)
4-hydroxysphinganine,C18H39NO3,317.293,MTBLS11904,356.2538,38.9608,[M+K]+,+,1,1,356.256158,38.963158,-0.002358,-6.62,Matched,[M+K]+,[M+K]+ (err -0.002358 Da)
4-Hydroxystyrene,C8H8O,120.0575,S_24167579,121.064,1.0065,[M+H]+,+,1,1,121.064776,1.007276,-0.000776,-6.41,Matched,[M+H]+,[M+H]+ (err -0.000776 Da)
4-Ipomeanol,C9H12O3,168.0786,MTBLS11904,210.1121,42.0335,[M+ACN+H]+,+,1,1,210.112425,42.033825,-0.000325,-1.55,Matched,[M+ACN+H]+,[M+ACN+H]+ (err -0.000325 Da)
4-Ketoniridazole,C6H4N4O4S,227.9953,MTBLS11904,208.9771,-19.0182,[M-H2O-H]-,-,-1,1,208.977459,-19.017841,-0.000359,-1.72,Matched,[M-H2O-H]-,[M-H2O-H]- (err -0.000359 Da)
"4-Methoxy-4-oxo-2,2-bis(sulfanyl)butanoic acid",C5H8O4S2,195.9864,MTBLS11904,240.9831,44.9967,[M+FA-H]- / [M+HCOO]-,-,-1,1,240.984601,44.998201,-0.001501,-6.23,Matched,[M+FA-H]- / [M+HCOO]-,[M+FA-H]- / [M+HCOO]- (err -0.001501 Da)
4-Methoxyindoxyl sulfate,C9H11NO5S,245.0358,MTBLS11904,226.0177,-19.0181,[M-H2O-H]-,-,-1,1,226.017959,-19.017841,-0.000259,-1.15,Matched,[M-H2O-H]-,[M-H2O-H]- (err -0.000259 Da)
4-Methoxyphenylethanol sulfate,C9H14O6S,250.0511,ST003159,229.02,-21.0311,,,,,,,-2.013259,-8714.15,No common adduct match,[M-H2O-H]-,
4-Methoxytyramine,C9H13NO2,167.0946,ST003159,185.1285,18.0339,[M+NH4]+,+,1,1,185.128423,18.033823,0.000077,0.42,Matched,[M+NH4]+,[M+NH4]+ (err 0.000077 Da)
"4-Methyl-1,4-dihydropyridine-3,5-dicarbaldehyde",C8H9NO2,151.0633,MTBLS11904,150.0559,-1.0074,[M-H]-,-,-1,1,150.056024,-1.007276,-0.000124,-0.82,Matched,[M-H]-,[M-H]- (err -0.000124 Da)
4-Methyl-1H-Benzotriazole,C7H7N3,133.064,MTBLS11904,134.0711,1.0071,[M+H]+,+,1,1,134.071276,1.007276,-0.000176,-1.32,Matched,[M+H]+,[M+H]+ (err -0.000176 Da)
4-Methyl-1H-pyrrole-3-carboxamide,C6H8N2O,124.0637,MTBLS11904,169.0354,44.9717,[M+2Na-H]+,+,1,1,169.03486,44.97116,0.00054,3.2,Matched,[M+2Na-H]+,[M+2Na-H]+ (err 0.000540 Da)
4-Methyl-2-oxovaleric Acid,C6H10O3,130.063,MTBLS11904,129.0556,-1.0074,[M-H]-,-,-1,1,129.055724,-1.007276,-0.000124,-0.96,Matched,[M-H]-,[M-H]- (err -0.000124 Da)
4-methylcatechol,C7H8O2,124.0524,MTBLS11904,123.0451,-1.0073,[M-H]-,-,-1,1,123.045124,-1.007276,-0.000024,-0.19,Matched,[M-H]-,[M-H]- (err -0.000024 Da)
4-Methylpropranolol,C17H23NO2,273.1729,MTBLS11904,318.1444,44.9715,[M+2Na-H]+,+,1,1,318.14406,44.97116,0.00034,1.07,Matched,[M+2Na-H]+,[M+2Na-H]+ (err 0.000340 Da)
4-Methylumbelliferone sulfate,C10H8O6S,256.0042,MTBLS11904,236.9881,-19.0161,[M-H2O-H]-,-,-1,1,236.986359,-19.017841,0.001741,7.35,Matched,[M-H2O-H]-,[M-H2O-H]- (err 0.001741 Da)
4-Nitrophenol,C6H5NO3,139.0269,MTBLS11904,138.0196,-1.0073,[M-H]-,-,-1,1,138.019624,-1.007276,-0.000024,-0.17,Matched,[M-H]-,[M-H]- (err -0.000024 Da)
4-Nonylphenol,C15H24O,220.1827,MTBLS11904,259.1438,38.9611,[M+K]+,+,1,1,259.145858,38.963158,-0.002058,-7.94,Matched,[M+K]+,[M+K]+ (err -0.002058 Da)
4-O-(Indole-3-acetyl)-D-glucopyranose,C16H19NO7,337.1162,MTBLS11904,370.152,33.0358,,,,,,,-1.933602,-5196.66,No common adduct match,[M+Cl]-,
"4-Oxo-1,4-dihydroquinoline-3-carboxylic acid",C10H7NO3,189.0426,MTBLS11904,188.0351,-1.0075,[M-H]-,-,-1,1,188.035324,-1.007276,-0.000224,-1.19,Matched,[M-H]-,[M-H]- (err -0.000224 Da)
4-Oxo-L-proline,C5H7NO3,129.0426,MTBLS11904,130.0497,1.0071,[M+H]+,+,1,1,130.049876,1.007276,-0.000176,-1.36,Matched,[M+H]+,[M+H]+ (err -0.000176 Da)
4-Oxododecanedioic acid,C12H20O5,244.1311,MTBLS11904,243.1235,-1.0076,[M-H]-,-,-1,1,243.123824,-1.007276,-0.000324,-1.33,Matched,[M-H]-,[M-H]- (err -0.000324 Da)
4-Oxooctanoylcarnitine,C15H27NO5,301.1889,MTBLS11904,284.1852,-17.0037,[M+H-H2O]+,+,1,1,284.185612,-17.003288,-0.000412,-1.45,Matched,[M+H-H2O]+,[M+H-H2O]+ (err -0.000412 Da)
4-Oxopentanenitrile,C5H7NO,97.05276,MTBLS11904,142.0509,44.99814,[M+FA-H]- / [M+HCOO]-,-,-1,1,142.050961,44.998201,-0.000061,-0.43,Matched,[M+FA-H]- / [M+HCOO]-,[M+FA-H]- / [M+HCOO]- (err -0.000061 Da)
4-p-Coumaroylquinic acid,C16H18O8,338.1002,MTBLS11904,383.0997,44.9995,[M+FA-H]- / [M+HCOO]-,-,-1,1,383.098401,44.998201,0.001299,3.39,Matched,[M+FA-H]- / [M+HCOO]-,[M+FA-H]- / [M+HCOO]- (err 0.001299 Da)
4-p-Coumaroylquinic acid,C16H18O8,338.1002,MTBLS11904,383.0729,44.9727,[M+2Na-H]+,+,1,1,383.07136,44.97116,0.00154,4.02,Matched,[M+2Na-H]+,[M+2Na-H]+ (err 0.001540 Da)
4-Phenylbutyl glucosinolate,C17H25NO9S2,451.0971,ST003159,432.08,-19.0171,[M-H2O-H]-,-,-1,1,432.079259,-19.017841,0.000741,1.72,Matched,[M-H2O-H]-,[M-H2O-H]- (err 0.000741 Da)
4-Phenylpyridine,C11H9N,155.0735,MTBLS11904,200.0715,44.998,[M+FA-H]- / [M+HCOO]-,-,-1,1,200.071701,44.998201,-0.000201,-1,Matched,[M+FA-H]- / [M+HCOO]-,[M+FA-H]- / [M+HCOO]- (err -0.000201 Da)
4-Piperidinecarboxamide,C6H12N2O,128.095,S_35829770,129.1021,1.0071,[M+H]+,+,1,1,129.102276,1.007276,-0.000176,-1.37,Matched,[M+H]+,[M+H]+ (err -0.000176 Da)
4-Propylphenol,C9H12O,136.0888,MTBLS11904,119.0853,-17.0035,[M+H-H2O]+,+,1,1,119.085512,-17.003288,-0.000212,-1.78,Matched,[M+H-H2O]+,[M+H-H2O]+ (err -0.000212 Da)
4-Pyridoxic Acid,C8H9NO4,183.0532,MTBLS11904,184.0601,1.0069,[M+H]+,+,1,1,184.060476,1.007276,-0.000376,-2.05,Matched,[M+H]+,[M+H]+ (err -0.000376 Da)
4-Tert-Amylphenol,C11H16O,164.1201,MTBLS11904,392.2536,228.1335,,,,,,,4.999549,12910.26,No common adduct match,[2M+CH3COO]-,
4-Vinylcyclohexene dioxide,C8H12O2,140.0837,MTBLS11904,185.0817,44.998,[M+FA-H]- / [M+HCOO]-,-,-1,1,185.081901,44.998201,-0.000201,-1.09,Matched,[M+FA-H]- / [M+HCOO]-,[M+FA-H]- / [M+HCOO]- (err -0.000201 Da)
4a-Carbinolamine tetrahydrobiopterin,C9H13N5O3,239.1018,MTBLS11904,274.0694,34.9676,[M+Cl]-,-,-1,1,274.071202,34.969402,-0.001802,-6.57,Matched,[M+Cl]-,[M+Cl]- (err -0.001802 Da)
"4alpha-carboxy-4beta-methyl-5alpha-cholesta-8,24-dien-3beta-ol",C29H46O3,442.3447,MTBLS11904,487.3405,44.9958,[M+FA-H]- / [M+HCOO]-,-,-1,1,487.342901,44.998201,-0.002401,-4.93,Matched,[M+FA-H]- / [M+HCOO]-,[M+FA-H]- / [M+HCOO]- (err -0.002401 Da)
"4alpha-carboxy-5alpha-cholesta-8,24-dien-3beta-ol",C28H44O3,428.329,MTBLS11904,855.6569,427.3279,[2M-H]-,-,-1,2,855.650724,-1.007276,0.006176,7.22,Matched,[2M-H]-,[2M-H]- (err 0.006176 Da)
4R-Hydroxy solifenacin,C23H26N2O3,378.1943,MTBLS11904,399.1655,20.9712,[M+Na-2H]-,-,-1,1,399.168965,20.974665,-0.003465,-8.68,Matched,[M+Na-2H]-,[M+Na-2H]- (err -0.003465 Da)
5'-((Z)-Feruloyl) 3-(2'-methylarabinosylxylose),C21H28O12,472.1581,MTBLS11904,507.1245,34.9664,[M+Cl]-,-,-1,1,507.127502,34.969402,-0.003002,-5.92,Matched,[M+Cl]-,[M+Cl]- (err -0.003002 Da)
5'-Deoxyadenosine,C10H13N5O3,251.1018,MTBLS11904,234.0968,-17.005,[M+H-H2O]+,+,1,1,234.098512,-17.003288,-0.001712,-7.31,Matched,[M+H-H2O]+,[M+H-H2O]+ (err -0.001712 Da)
5'-Hydroxylornoxicam,C13H10ClN3O5S2,386.975,MTBLS11904,367.9556,-19.0194,[M-H2O-H]-,-,-1,1,367.957159,-19.017841,-0.001559,-4.24,Matched,[M-H2O-H]-,[M-H2O-H]- (err -0.001559 Da)
5'-N-Ethylcarboxamidoadenosine,C12H16N6O4,308.1233,MTBLS11904,309.1304,1.0071,[M+H]+,+,1,1,309.130576,1.007276,-0.000176,-0.57,Matched,[M+H]+,[M+H]+ (err -0.000176 Da)
5'-O-Methylmelledonal,C24H30O8,446.1941,MTBLS11904,445.1906,-1.0035,[M-H]-,-,-1,1,445.186824,-1.007276,0.003776,8.48,Matched,[M-H]-,[M-H]- (err 0.003776 Da)
"5,16-Androstadien-3beta-ol",C19H28O,272.214,MTBLS11904,336.2275,64.0135,[M+ACN+Na]+,+,1,1,336.229767,64.015767,-0.002267,-6.74,Matched,[M+ACN+Na]+,[M+ACN+Na]+ (err -0.002267 Da)
"5,5-Diphenyl-2-thiohydantoin",C15H12N2OS,268.067,MTBLS11904,313.0648,44.9978,[M+FA-H]- / [M+HCOO]-,-,-1,1,313.065201,44.998201,-0.000401,-1.28,Matched,[M+FA-H]- / [M+HCOO]-,[M+FA-H]- / [M+HCOO]- (err -0.000401 Da)
"5,6-Dihydro-5-azacytidine",C8H14N4O5,246.0964,MTBLS11904,269.086,22.9896,[M+Na]+,+,1,1,269.085618,22.989218,0.000382,1.42,Matched,[M+Na]+,[M+Na]+ (err 0.000382 Da)
"5,6-dihydroxy-8Z,11Z,14Z-eicosatrienoic acid",C20H34O4,338.2457,MTBLS11904,337.238,-1.0077,[M-H]-,-,-1,1,337.238424,-1.007276,-0.000424,-1.26,Matched,[M-H]-,[M-H]- (err -0.000424 Da)
"5,6-Dihydroxyprostaglandin F1a",C20H36O7,388.2461,MTBLS11904,371.2394,-17.0067,[M+H-H2O]+,+,1,1,371.242812,-17.003288,-0.003412,-9.19,Matched,[M+H-H2O]+,[M+H-H2O]+ (err -0.003412 Da)
"5,8-Dihydro-6-(4-methyl-3-pentenyl)-1,2,3,4-tetrathiocin",C10H16S4,264.0135,S_24167579,287.0024,22.9889,[M+Na]+,+,1,1,287.002718,22.989218,-0.000318,-1.11,Matched,[M+Na]+,[M+Na]+ (err -0.000318 Da)
"5-(3',4',5'-Trihydroxyphenyl)-gamma-valerolactone-3'-O-sulphate",C11H12O8S,304.0253,MTBLS11904,303.0178,-1.0075,[M-H]-,-,-1,1,303.018024,-1.007276,-0.000224,-0.74,Matched,[M-H]-,[M-H]- (err -0.000224 Da)
5-(3-Aminopropylphosphanyloxy)-2-(hydroxymethyl)pyran-4-one,C9H14NO4P,231.066,MTBLS11904,459.111,228.045,,,,,,,-2.013724,-4366.98,No common adduct match,[2M-H]-,
5-(3-Pyridyl)-2-hydroxytetrahydrofuran,C9H11NO2,165.079,MTBLS11904,207.1124,42.0334,[M+ACN+H]+,+,1,1,207.112825,42.033825,-0.000425,-2.05,Matched,[M+ACN+H]+,[M+ACN+H]+ (err -0.000425 Da)
5-(Methoxycarbonyl)thiophene-2-carboxylic acid,C7H6O4S,185.9987,MTBLS11904,206.9725,20.9738,[M+Na-2H]-,-,-1,1,206.973365,20.974665,-0.000865,-4.18,Matched,[M+Na-2H]-,[M+Na-2H]- (err -0.000865 Da)
5-Acetamidovalerate,C7H12NO3-,126.0919,MTBLS11904,158.0822,31.9903,,,,,,,-2.979102,-18496.7,No common adduct match,[M+Cl]-,
"5-Acetyl-3,4-dihydro-2H-pyrrole",C6H9NO,111.0684,MTBLS11904,156.0664,44.998,[M+FA-H]- / [M+HCOO]-,-,-1,1,156.066601,44.998201,-0.000201,-1.29,Matched,[M+FA-H]- / [M+HCOO]-,[M+FA-H]- / [M+HCOO]- (err -0.000201 Da)
5-Acetylamino-6-amino-3-methyluracil,C7H8N4O2 | C7H10N4O3,180.0647,S_28880465,198.0746,18.0099,,,,,,,-0.023923,-120.76,No common adduct match,[M+NH4]+,
5-Amino-2-oxopentanoic acid,C5H9NO3,226.0702,MTBLS11904,112.0403,-114.0299,[M-2H]2-,-,-2,1,112.027824,-2.014553,0.012476,111.37,Matched,[M-2H]2-,[M-2H]2- (err 0.012476 Da)
5-Aminolevulinic acid,C5H9NO3,131.0582,MTBLS11904,263.1234,132.0652,[2M+H]+,+,1,2,263.123676,1.007276,-0.000276,-1.05,Matched,[2M+H]+,[2M+H]+ (err -0.000276 Da)
5-Aminopentanal,C5H11NO,131.0582,MTBLS11904,146.0821,15.0239,,,,,,,-3.009923,-20188.36,No common adduct match,[M+NH4]+,
5-Aminopentanoic acid,C5H11NO2,101.0841,MTBLS11904,159.1124,58.0283,,,,,,,-0.985551,-6155.93,No common adduct match,[M+CH3COO]-,
5-Aminovaleric acid betaine,C8H17NO2,117.079,S_35829770,160.133,43.054,,,,,,,1.020175,6411.64,No common adduct match,[M+ACN+H]+,
5-Aminovaleric acid betaine,C8H17NO2,117.079,S_35829770,160.1334,43.0544,,,,,,,1.020575,6414.16,No common adduct match,[M+ACN+H]+,
"5-Androstene-3alpha-16beta,17beta-triol",C19H30O3,159.1259,MTBLS11904,370.2327,211.1068,,,,,,,6.982699,19222.85,No common adduct match,[2M+FA-H]- / [2M+HCOO]-,
5-Benzylacyclouridine,C14H16N2O4,306.2195,MTBLS11904,257.093,-49.1265,,,,,,,-14.112647,-52036.7,No common adduct match,[M+H-2H2O]+,
"5-Butyl-1,4-dioxan-2-one",C8H14O3,276.111,MTBLS11904,157.0869,-119.0241,,,,,,,-3.957818,-24575.89,No common adduct match,[M+2Na]2+,
5-Carboxy-2'-deoxyuridine,C10H12N2O7,153.1154,MTBLS11904,317.0627,163.9473,,,,,,,-7.201923,-22210.02,No common adduct match,[2M+NH4]+,
5-Chloro-2'-deoxyuridine,C9H11ClN2O5,272.0645,MTBLS11904,307.0344,34.9699,[M+Cl]-,-,-1,1,307.033902,34.969402,0.000498,1.62,Matched,[M+Cl]-,[M+Cl]- (err 0.000498 Da)
"5-Chloro-3-[2-(2,6-difluorophenyl)ethyl]-1H-imidazo[4,5-b]pyridine-2-thione",C14H10ClF2N3S,262.0356,MTBLS11904,695.0424,433.0068,,,,,,,111.957349,192008.61,No common adduct match,[2M+CH3COO]-,
5-Chloro-6-methoxy-2(3H)-benzoxazolone,C8H6ClNO3,325.0252,ST003159,100.51,-224.5152,,,,,,,-60.995324,-377667.57,No common adduct match,[M-2H]2-,
5-Cholesten-3beta-25-diol-3-sulfate,C27H46O5S,199.0036,MTBLS11904,503.283,304.2794,,,,,,,46.261949,101224.98,No common adduct match,[2M+CH3COO]-,
5-Deoxykievitone,C20H20O5,482.3066,MTBLS11904,361.1062,-121.2004,,,,,,,-86.186547,-192684.88,No common adduct match,[M+H-2H2O]+,
5-Ethyl-4-methylthiazole,C6H9NS,340.1311,MTBLS11904,160.0788,-180.0523,,,,,,,-8.979474,-53114.66,No common adduct match,[M-2H]2-,
"5-Ethyl-5-phenyl-1,3-oxazolidine-2,4-dione",C11H11NO3,127.0456,MTBLS11904,186.056,59.0104,[M+CH3COO]-,-,-1,1,186.059451,59.013851,-0.003451,-18.55,Matched,[M+CH3COO]-,[M+CH3COO]- (err -0.003451 Da)
5-Fluoroorotic acid,C5H3FN2O4,205.0739,MTBLS11904,208.9771,3.9032,,,,,,,2.895924,14052.34,No common adduct match,[M+H]+,
5-hydroxy saxagliptin,C18H25N3O3,174.0077,MTBLS11904,332.198,158.1903,,,,,,,-14.810124,-42679.47,No common adduct match,[2M-H]-,
"5-Hydroxy-2,4-dimethylthiophen-3-one",C6H8O2S,331.1896,MTBLS11904,162.058,-169.1316,,,,,,,-2.529524,-15368.87,No common adduct match,[M-2H]2-,
5-Hydroxybenzofuran-2(3H)-one,C8H6O3,144.0245,MTBLS11904,186.9802,42.9557,,,,,,,0.921875,4954.76,No common adduct match,[M+ACN+H]+,
5-hydroxycalamenene,C15H22O,150.0317,MTBLS11904,239.1399,89.1082,,,,,,,25.092433,117228.36,No common adduct match,[M+ACN+Na]+,
"5-Hydroxycapsanthin-5,6-epoxide",C39H54O5,218.1671,MTBLS11904,620.4353,402.2682,,,,,,,125.087249,252523.96,No common adduct match,[2M+CH3COO]-,
5-Hydroxydec-6-enoylcarnitine,C17H31NO5,602.3971,MTBLS11904,330.2268,-272.1703,,,,,,,6.039032,18628.19,No common adduct match,[M+2Na]2+,
5-Hydroxydodecanoylcarnitine,C19H37NO5,329.2202,MTBLS11904,340.2496,11.0294,,,,,,,-7.004423,-20170.89,No common adduct match,[M+NH4]+,
5-Hydroxyferulic acid,C10H10O5,359.2672,MTBLS11904,209.0453,-150.2219,,,,,,,6.422482,31696.74,No common adduct match,[M+2Na]2+,
5-hydroxyindole thiazolidine carboxylate,C13H14N2O3S,210.0528,MTBLS11904,301.0606,91.0078,,,,,,,26.992033,98486.42,No common adduct match,[M+ACN+Na]+,
5-Hydroxyindole-3-acetic acid,C10H9NO3,278.0725,S_28880465,208.0885,-69.984,,,,,,,-34.970147,-143875.35,No common adduct match,[M+H-2H2O]+,
5-Hydroxyindole-3-acetic acid,C10H9NO3,278.0725,S_35829770,192.065,-86.0075,,,,,,,30.039532,185400.06,No common adduct match,[M+2Na]2+,
5-Hydroxyindole-3-acetic acid,C10H9NO3,278.0725,MTBLS11904,190.0508,-88.0217,,,,,,,28.025332,172968.68,No common adduct match,[M+2Na]2+,
5-Hydroxyindoleacetylglycine,C12H12N2O4,191.0582,MTBLS11904,281.1127,90.0545,,,,,,,26.038733,102083.07,No common adduct match,[M+ACN+Na]+,
5-Hydroxyindolin-2-one sulfate,C8H7NO5S,248.0797,MTBLS11904,227.997,-20.0827,,,,,,,-1.064859,-4648.78,No common adduct match,[M-H2O-H]-,
5-Hydroxylysine,C6H14N2O3,229.0045,S_28880465,162.1004,-66.9041,,,,,,,24.608932,178985.16,No common adduct match,[M+2Na]2+,
5-Hydroxylysine,C6H14N2O3,229.0045,MTBLS11904,127.0864,-101.9181,,,,,,,0.585903,4631.62,No common adduct match,[M+H+Na]2+,
5-Hydroxytryptophan,C11H12N2O3,162.1004,S_35829770,221.0914,58.991,,,,,,,-0.022851,-103.34,No common adduct match,[M+CH3COO]-,
"5-Methoxy-3,4-methylenedioxyamphetamine",C11H15NO3,220.0848,MTBLS11904,210.1121,-9.9727,,,,,,,7.030588,34619.54,No common adduct match,[M+H-H2O]+,
5-Methoxytryptophan,C12H14N2O3,168.0423,MTBLS11904,217.0969,49.0546,,,,,,,4.056399,19040.51,No common adduct match,[M+FA-H]- / [M+HCOO]-,
5-Methyl-2-furancarboxylic acid,C6H6O3,191.0946,MTBLS11904,125.0243,-66.0703,,,,,,,6.487782,54732.35,No common adduct match,[M+2Na]2+,
5-Methylpyrogallol sulfate,C7H8O6S,126.0317,MTBLS11904,218.9967,92.965,,,,,,,28.949233,152326.33,No common adduct match,[M+ACN+Na]+,
5-Methyltetrahydropteroyltri-L-glutamic acid,C30H39N9O12,220.0042,MTBLS11904,752.2419,532.2377,,,,,,,253.219649,507431.58,No common adduct match,[2M+CH3COO]-,
5-Methyltricosanoylcarnitine,C31H61NO4,717.2718,MTBLS11904,512.4659,-204.8059,,,,,,,130.840782,342851.6,No common adduct match,[M+2Na]2+,
5-NITRO-2-PHENYLPROPYLAMINOBENZOIC ACID [NPPB],C16H16N2O4,511.4601,MTBLS11904,301.1176,-210.3425,,,,,,,22.398332,80361.62,No common adduct match,[M+2Na]2+,
5-Nonyltetrahydro-2-oxo-3-furancarboxylic acid,C14H24O4,300.111,MTBLS11904,255.1598,-44.9512,,,,,,,-9.937347,-37485.68,No common adduct match,[M+H-2H2O]+,
5-Oxo-2(5H)-isoxazolepropanenitrile,C6H6N2O2,256.1675,MTBLS11904,183.041,-73.1265,,,,,,,31.968032,211606.57,No common adduct match,[M+2Na]2+,
"5-Oxoicosa-3,6,8-trienoic acid",C20H32O3,138.0429,MTBLS11904,658.5086,520.4657,,,,,,,323.408949,965112.76,No common adduct match,[2M+CH3COO]-,
"5-Phenyl-1,3-oxazinane-2,4-dione",C10H9NO3,320.2351,MTBLS11904,226.0274,-94.2077,,,,,,,42.920632,234402.21,No common adduct match,[M+2Na]2+,
5-Sulfosalicylic acid,C7H6O6S,191.0582,MTBLS11904,216.981,25.9228,,,,,,,2.933582,13705.29,No common adduct match,[M+Na]+,
5-Taurinomethyl-2-thiouridine,C12H19N3O8S2,217.9885,MTBLS11904,432.034,214.0455,,,,,,,-2.935724,-6749.26,No common adduct match,[2M-H]-,
"5alpha-Androstane-3beta,7alpha,17beta-triol",C19H32O3,397.0614,MTBLS11904,372.2483,-24.8131,,,,,,,-5.795259,-15329.61,No common adduct match,[M-H2O-H]-,
5b-Cyprinol sulfate,C27H48O8S,308.2351,MTBLS11904,550.3421,242.107,,,,,,,-65.120824,-105807.87,No common adduct match,[2M-H]-,
"6,18,19-Trihydroxytrachyloban-2-one",C20H30O4,532.307,MTBLS11904,379.2099,-153.0971,,,,,,,90.067182,311497.32,No common adduct match,[M+2Na]2+,
"6,7-dihydroxybenzofuran-3(2H)-one",C8H6O4,334.2144,S_35829770,167.029,-167.1854,,,,,,,0.929076,5593.48,No common adduct match,[M-2H]2-,
"6,7-Dinitro-1,4-dihydroquinoxaline-2,3-dione",C8H4N4O6,166.0266,MTBLS11904,297.0092,130.9826,,,,,,,-34.036724,-102815.72,No common adduct match,[2M-H]-,
"6,8-Dihydroxypurine",C5H4N4O2,252.0131,S_28880465,152.0336,-99.9795,,,,,,,3.037832,20388.71,No common adduct match,[M+2Na]2+,
"6,8-Dihydroxypurine",C5H4N4O2,252.0131,MTBLS11904,151.026,-100.9871,,,,,,,2.030232,13626.11,No common adduct match,[M+2Na]2+,
"6-[3-(2-carboxyethyl)-5-hydroxyphenoxy]-3,4,5-trihydroxyoxane-2-carboxylic acid",C15H18O10,152.0334,MTBLS11904,357.0824,205.049,,,,,,,-5.998251,-16520.44,No common adduct match,[2M+CH3COO]-,
"6-[4-(carboxymethyl)-2-hydroxyphenoxy]-3,4,5-trihydroxyoxane-2-carboxylic acid",C14H16O10,358.09,MTBLS11904,343.0667,-15.0233,,,,,,,1.979988,5804.94,No common adduct match,[M+H-H2O]+,
6-allyl-8b-Carboxy-ergoline,C18H20N2O2,344.0743,MTBLS11904,277.1321,-66.9422,,,,,,,-31.928347,-103307.77,No common adduct match,[M+H-2H2O]+,
"6-Amino-5-chloropyrimidine-2,4(1H,3H)-dione",C4H4ClN3O2,296.1525,MTBLS11904,364.0344,67.8819,,,,,,,3.866133,10734.24,No common adduct match,[M+ACN+Na]+,
6-Amino-N-[6-keto-6-(6-ketohexylamino)hexyl]hexanamide,C18H35N3O3,160.9992,MTBLS11904,386.2384,225.2392,,,,,,,5.226149,13716.49,No common adduct match,[2M+CH3COO]-,
6-Aminonicotinamide,C6H7N3O,341.2678,S_35829770,138.0659,-203.2019,,,,,,,-31.560724,-186059.96,No common adduct match,[M-2H]2-,
6-Aminopenicillanic acid,C8H12N2O3S,137.0589,MTBLS11904,261.0301,123.9712,,,,,,,-12.080424,-44232.73,No common adduct match,[2M-H]-,
6-Bromo-L-tryptophan,C11H11BrN2O2,216.0569,MTBLS11904,280.9928,64.9359,,,,,,,0.920133,3285.34,No common adduct match,[M+ACN+Na]+,
6-Chloromelatonin,C13H15ClN2O2,282.0004,MTBLS11904,303.0287,21.0283,,,,,,,0.053635,177.03,No common adduct match,[M+Na-2H]-,
6-Dehydrotestosterone glucuronide,C25H34O8,266.0822,MTBLS11904,480.256,214.1738,,,,,,,-50.901124,-95830.63,No common adduct match,[2M-H]-,
6-Deoxocastasterone,C28H50O4,462.2254,MTBLS11904,449.3631,-12.8623,,,,,,,4.140988,9300.95,No common adduct match,[M+H-H2O]+,
6-Epi-7-isocucurbic acid glucoside,C18H30O8,450.3709,MTBLS11904,373.1874,-77.1835,,,,,,,-42.169647,-101526.26,No common adduct match,[M+H-2H2O]+,
"6-Hydroxy-3,4-dihydro-2(1H)-quinolinone",C9H9NO2,374.1941,MTBLS11904,208.0612,-166.1329,,,,,,,-2.025068,-9639.22,No common adduct match,[M+2Na]2+,
6-Hydroxy-4-methoxy-3-(3-methyl-2-butenyl)-2-(2-phenylethenyl)benzoic acid,C21H22O4,163.0633,MTBLS11904,359.1244,196.0611,,,,,,,-1.971602,-5460.05,No common adduct match,[2M+Cl]-,
6-Hydroxycaproic acid,C6H12O3,338.1518,MTBLS11904,131.0713,-207.0805,,,,,,,-36.997324,-220132.25,No common adduct match,[M-2H]2-,
6-Hydroxyheptanoylcarnitine,C14H27NO5,132.0786,MTBLS11904,272.1852,140.1066,,,,,,,7.020724,26476.86,No common adduct match,[2M+H]+,
6-Hydroxyindoxyl sulfate,C9H9NO4S,289.1889,MTBLS11904,226.0178,-63.1711,,,,,,,-28.157247,-110778.96,No common adduct match,[M+H-2H2O]+,
6-Hydroxymelatonin,C13H16N2O3,227.0252,MTBLS11904,266.1519,39.1267,,,,,,,0.163542,614.85,No common adduct match,[M+K]+,
6-Hydroxynon-4-enoylcarnitine,C16H29NO5,248.1161,MTBLS11904,350.1717,102.0556,,,,,,,38.039833,121871.03,No common adduct match,[M+ACN+Na]+,
6-Hydroxynorketamine,C12H14ClNO2,315.2046,MTBLS11904,276.0181,-39.1865,,,,,,,-4.172647,-14892.17,No common adduct match,[M+H-2H2O]+,
6-Hydroxyoctanoylcarnitine,C15H29NO5,239.0713,MTBLS11904,304.2114,65.1401,,,,,,,1.124333,3709.6,No common adduct match,[M+ACN+Na]+,
6-Hydroxypentadecanedioic acid,C15H28O5,303.2046,MTBLS11904,269.1754,-34.0292,,,,,,,0.984653,3671.46,No common adduct match,[M+H-2H2O]+,
6-Hydroxypseudooxynicotine,C10H14N2O2,288.1937,MTBLS11904,433.2072,145.0135,,,,,,,80.997733,229970.35,No common adduct match,[M+ACN+Na]+,
6-isobutyl-4-hydroxy-2-pyrone,C9H11O3-,194.1055,MTBLS11904,333.1348,139.0293,,,,,,,-54.068924,-139639.47,No common adduct match,[2M-H]-,
"6-Methylpteridine-2,4-diamine",C7H8N6,281.1124,MTBLS11904,177.0879,-104.0245,,,,,,,13.542482,82805.63,No common adduct match,[M+2Na]2+,
6-Thioguanosine monophosphate,C10H14N5O7PS,176.081,MTBLS11904,397.0713,220.9903,,,,,,,-0.088901,-223.84,No common adduct match,[2M+FA-H]- / [2M+HCOO]-,
6-Thioinosine-5'-monophosphate,C10H13N4O7PS,379.0352,MTBLS11904,363.0174,-16.0178,,,,,,,0.985488,2722.1,No common adduct match,[M+H-H2O]+,
6-Thiourate,C5H4N4O2S,364.0243,MTBLS11904,204.9809,-159.0434,,,,,,,-0.020468,-99.84,No common adduct match,[M+2Na]2+,
"7,10,13,16,19-Docosapentaenoic acid",C22H34O2,184.0055,MTBLS11904,329.2478,145.2423,,,,,,,-37.755924,-102876.13,No common adduct match,[2M-H]-,
"7,8-diaminopelargonate",C9H20N2O2,330.2559,MTBLS11904,399.2957,69.0398,,,,,,,5.024033,12742.57,No common adduct match,[M+ACN+Na]+,
"7,8-Dihydro-2'-deoxyguanosine",C10H15N5O4,188.1525,MTBLS11904,302.1441,113.9916,,,,,,,49.975833,198184.46,No common adduct match,[M+ACN+Na]+,
"7,8-Dihydro-3b,6a-dihydroxy-alpha-ionol 9-glucoside",C19H34O8,269.1124,MTBLS11904,413.211,144.0986,,,,,,,80.082833,240396.46,No common adduct match,[M+ACN+Na]+,
7-(1-Imidazolyl)heptanoic acid,C10H16N2O2,390.2254,MTBLS11904,229.1542,-161.0712,,,,,,,11.052282,50674.85,No common adduct match,[M+2Na]2+,
7-Amino-4-methylcoumarin,C10H9NO2,196.1212,MTBLS11904,210.0325,13.9113,,,,,,,-4.122523,-19250.18,No common adduct match,[M+NH4]+,
7-Epi-12-hydroxyjasmonic acid,C12H18O4,175.0633,MTBLS11904,244.1539,69.0906,,,,,,,5.074833,21226.59,No common adduct match,[M+ACN+Na]+,
7-Ethoxycoumarin,C11H10O3,226.1205,MTBLS11904,223.0961,-3.0244,,,,,,,-2.017124,-8960.48,No common adduct match,[M-H]-,
7-Hydroxy-6-methyl-8-ribityl lumazine,C12H16N4O7,176.0473,MTBLS11904,293.0893,117.042,,,,,,,53.026233,220884.59,No common adduct match,[M+ACN+Na]+,
7-Hydroxyoctanoylcarnitine,C15H29NO5,328.1019,MTBLS11904,304.2113,-23.8906,,,,,,,-4.872759,-15765.16,No common adduct match,[M-H2O-H]-,
7-Methyl-cholic acid,C25H42O5,303.2046,MTBLS11904,467.3006,164.096,,,,,,,100.080233,272534.54,No common adduct match,[M+ACN+Na]+,
7-Methylguanine,C6H7N5O,422.3032,MTBLS11904,130.0496,-292.2536,,,,,,,-80.094724,-381141.5,No common adduct match,[M-2H]2-,
7-Methylinosine,C11H15N4O5+,165.0651,MTBLS11904,301.1404,136.0753,,,,,,,-27.982524,-85021.5,No common adduct match,[2M-H]-,
7-Methylxanthine,C6H6N4O2,219.1246,MTBLS11904,165.0408,-54.0838,,,,,,,-19.069947,-103578.67,No common adduct match,[M+H-2H2O]+,
"7a,12a-Dihydroxy-3-oxo-4-cholenoic acid",C24H36O5,166.0491,MTBLS11904,385.2382,219.1891,,,,,,,-5.873851,-15018.33,No common adduct match,[2M+CH3COO]-,
"7alpha,12alpha,26-trihydroxycholest-4-en-3-one",C27H44O4,404.2563,MTBLS11904,431.3164,27.0601,,,,,,,4.070882,9528.2,No common adduct match,[M+Na]+,
7alpha-Hydroxy-3-oxo-4-cholestenoate,C27H42O4,432.324,MTBLS11904,429.3004,-3.0236,,,,,,,-2.016324,-4674.81,No common adduct match,[M-H]-,
"7Z,10Z-Hexadecadienoic acid",C16H28O2,430.3083,MTBLS11904,297.2067,-133.1016,,,,,,,59.063332,248015.86,No common adduct match,[M+2Na]2+,
8'-hydroxyabscisate,C15H20O5,252.2089,MTBLS11904,617.2608,365.0519,,,,,,,53.829149,95538.03,No common adduct match,[2M+CH3COO]-,
8(R)-Hydroperoxylinoleic acid,C18H32O4,280.1311,MTBLS11904,313.2366,33.1055,,,,,,,-1.863902,-5915.26,No common adduct match,[M+Cl]-,
"8,11-eicosadiynoic acid",C20H32O2,312.2301,MTBLS11904,303.2326,-8.9975,,,,,,,-7.990224,-25673.64,No common adduct match,[M-H]-,
"8,14-Dihydroxyefavirenz",C14H9ClF3NO4,304.2402,MTBLS11904,367.9919,63.7517,,,,,,,-0.264067,-717.07,No common adduct match,[M+ACN+Na]+,
8-Amino-7-oxononanoic acid,C9H17NO3,336.2301,MTBLS11904,186.1134,-150.1167,,,,,,,-4.990868,-26115.94,No common adduct match,[M+2Na]2+,
"8-Chloro-2,3,4,9-Tetrahydro-1h-Beta-Carbolin-1-one",C11H9ClN2O,187.1208,MTBLS11904,219.0314,31.9106,,,,,,,-3.058802,-13772.79,No common adduct match,[M+Cl]-,
8-Desoxygartanin,C23H24O5,214.0258,MTBLS11904,379.1572,165.1314,,,,,,,-47.887124,-112136.19,No common adduct match,[2M-H]-,
"8-hydroxy-5Z,9E,11Z,14Z-eicosatetraenoic acid",C20H32O3,380.1624,MTBLS11904,658.5086,278.3462,,,,,,,-100.808924,-132762.54,No common adduct match,[2M-H]-,
8-Hydroxyquinoline,C9H7NO,320.2351,S_35829770,146.0599,-174.1752,,,,,,,-13.050374,-82020.94,No common adduct match,[M-2H]2-,
8-Hydroxythioguanine,C5H5N5OS,145.0528,MTBLS11904,203.997,58.9442,,,,,,,-0.069651,-341.31,No common adduct match,[M+CH3COO]-,
8-Isoquinoline methanamine (hydrochloride),C10H12Cl2N2,183.0215,MTBLS11904,158.0961,-24.9254,,,,,,,-5.907559,-36020.9,No common adduct match,[M-H2O-H]-,
8-Methoxykynurenate,C11H9NO4,230.0378,MTBLS11904,254.0224,23.9846,,,,,,,0.995382,3933.9,No common adduct match,[M+Na]+,
8-Methylnonenoate,C10H18O2,219.0532,MTBLS11904,509.3841,290.3309,,,,,,,12.263849,24669.78,No common adduct match,[2M+CH3COO]-,
8-Nonen-2-one,C9H16O,170.1307,MTBLS11904,279.2326,109.1019,,,,,,,45.086133,192555.26,No common adduct match,[M+ACN+Na]+,
8-O-Acetyl shanzhiside methyl ester,C19H28O12,140.1201,MTBLS11904,483.1246,343.0045,,,,,,,143.870549,424079.09,No common adduct match,[2M+CH3COO]-,
8-Oxoguanosine,C10H13N5O6,448.1581,MTBLS11904,322.0763,-126.0818,,,,,,,75.008032,303592.33,No common adduct match,[M+2Na]2+,
8-Prenylnaringenin,C20H20O5,299.0866,MTBLS11904,681.275,382.1884,,,,,,,24.087949,36653.11,No common adduct match,[2M+CH3COO]-,
"8Z,11Z-eicosadienoic acid",C20H36O2,340.1311,MTBLS11904,353.2694,13.1383,,,,,,,-4.895523,-13668.35,No common adduct match,[M+NH4]+,
9(S)-HODE,C18H32O3,308.2715,MTBLS11904,295.2275,-13.044,,,,,,,3.959288,13593.27,No common adduct match,[M+H-H2O]+,
9(S)-HODE,C18H32O3,308.2715,MTBLS11904,591.462,283.1905,,,,,,,-24.073724,-39110.2,No common adduct match,[2M-H]-,
9(S)-HpODE,C18H32O4,296.2351,MTBLS11904,311.2223,14.9872,,,,,,,-3.046623,-9694.32,No common adduct match,[M+NH4]+,
"9,10,11-Trihydroxyumbelliprenin",C24H32O6,312.2301,MTBLS11904,397.205,84.9749,,,,,,,20.959133,55705.95,No common adduct match,[M+ACN+Na]+,
"9,10,13-TriHOME",C18H34O5,416.2199,MTBLS11904,329.2329,-86.987,,,,,,,-51.973147,-136338.73,No common adduct match,[M+H-2H2O]+,
"9,10-Dihome",C18H34O4,330.2406,MTBLS11904,313.238,-17.0026,[M+H-H2O]+,+,1,1,313.237312,-17.003288,0.000688,2.2,Matched,[M+H-H2O]+,[M+H-H2O]+ (err 0.000688 Da)
"9,10-Dihome",C18H34O4,330.2406,MTBLS11904,315.2524,-14.9882,,,,,,,2.015088,6433.1,No common adduct match,[M+H-H2O]+,
"9,10-Dihydroxystearic acid",C18H36O4,314.2457,MTBLS11904,315.2536,1.0079,[M+H]+,+,1,1,315.252976,1.007276,0.000624,1.98,Matched,[M+H]+,[M+H]+ (err 0.000624 Da)
"9,10-Epoxyoctadecanoic acid",C18H34O3,316.2614,MTBLS11904,297.2418,-19.0196,[M-H2O-H]-,-,-1,1,297.243559,-19.017841,-0.001759,-5.92,Matched,[M-H2O-H]-,[M-H2O-H]- (err -0.001759 Da)
"9,12,13-TriHOME",C18H34O5,298.2508,MTBLS11904,329.2332,30.9824,,,,,,,-3.987002,-11965.07,No common adduct match,[M+Cl]-,
"9,9-Dimethyl-1-(sulfinylamino)decane",C12H25NOS,330.2406,MTBLS11904,463.3384,133.0978,,,,,,,69.082033,175221.1,No common adduct match,[M+ACN+Na]+,
"9-Amino-1,2,3,4-tetrahydroacridin-4-ol",C13H14N2O,231.1657,MTBLS11904,446.2586,215.0929,,,,,,,-15.065524,-32657.13,No common adduct match,[2M-H]-,
9-Carboxymethoxymethylguanine,C8H9N5O4,214.1106,MTBLS11904,204.0496,-10.061,,,,,,,6.942288,35220.86,No common adduct match,[M+H-H2O]+,
9-Decenoic acid,C10H18O2,239.0655,MTBLS11904,509.3828,270.3173,,,,,,,-3.717602,-7245.37,No common adduct match,[2M+Cl]-,
"9-Hydroxy-10,12-Octadecadienoic Acid",C18H32O3,170.1307,MTBLS11904,277.2169,107.0862,,,,,,,43.070433,183946.54,No common adduct match,[M+ACN+Na]+,
9-Hydroxy-7-megastigmen-3-one glucoside,C19H32O7,296.2351,MTBLS11904,405.2449,109.0098,,,,,,,44.994033,124896.39,No common adduct match,[M+ACN+Na]+,
9-Hydroxylinoleic acid,C18H32O3,372.2148,MTBLS11904,319.2218,-52.993,,,,,,,-17.979147,-53318.79,No common adduct match,[M+H-2H2O]+,
9-Hydroxyoctadecanoylcarnitine,C25H49NO5,296.2351,MTBLS11904,476.3935,180.1584,,,,,,,-115.069424,-194550.53,No common adduct match,[2M-H]-,
9-Oxo-nonanoic acid,C9H16O3,443.3611,MTBLS11904,217.1079,-226.2532,,,,,,,-3.565374,-16156.8,No common adduct match,[M-2H]2-,
9-Oxohexadecanoic acid,C16H30O3,172.1099,MTBLS11904,558.4716,386.3617,,,,,,,155.237949,384982.62,No common adduct match,[2M+CH3COO]-,
9Z-Heptadecenoic acid,C17H32O2,270.2195,MTBLS11904,313.238,43.0185,,,,,,,0.984675,3153.45,No common adduct match,[M+ACN+H]+,
?-Gentiobiose,C12H22O11,268.2402,S_35829770,365.1043,96.8641,,,,,,,32.848333,98864.54,No common adduct match,[M+ACN+Na]+,
"[(2R,3S,4R,5R)-3,4,5,6-Tetrahydroxy-1-oxohexan-2-yl] (2S)-2-aminopropanoate",C9H17NO7,342.1162,MTBLS11904,232.0824,-110.0338,,,,,,,38.035082,196009.32,No common adduct match,[M+2Na]2+,
"[(2S,3S,4S,5S,6R)-4,5-Dihydroxy-2,6-dimethyloxan-3-yl] hydrogen sulfate",C7H14O7S,251.1005,MTBLS11904,223.0281,-28.0724,,,,,,,6.941453,32123.47,No common adduct match,[M+H-2H2O]+,
[(3-Hexyl-4-methyl-2-oxo-2H-chromen-7-yl)oxy]acetic acid,C18H22O5,242.046,MTBLS11904,301.1404,59.0944,,,,,,,0.080549,267.55,No common adduct match,[M+CH3COO]-,
"[(5R)-5-[(1S)-1,2-Dihydroxyethyl]-2,4-dioxooxolan-3-yl] dihydrogen phosphate",C6H9O9P,318.1467,MTBLS11904,556.9961,238.8494,,,,,,,-78.290024,-123235.85,No common adduct match,[2M-H]-,
[12]-Shogaol,C23H36O3,255.9984,MTBLS11904,405.2642,149.2658,,,,,,,85.250033,266394.56,No common adduct match,[M+ACN+Na]+,
[2-Amino-2-(hydroxymethyl)-5-(4-octylphenyl)pentyl] dihydrogen phosphate,C20H36NO5P,360.2664,MTBLS11904,402.2371,41.9707,,,,,,,-0.063125,-156.91,No common adduct match,[M+ACN+H]+,
[3-[2-Aminoethoxy(hydroxy)phosphoryl]oxy-2-hydroxypropyl] hexadecanoate,C21H44NO7P,401.2331,MTBLS11904,452.2775,51.0444,,,,,,,6.046199,13549.47,No common adduct match,[M+FA-H]- / [M+HCOO]-,
[8]-Shogaol,C19H28O3,453.2855,MTBLS11904,321.1705,-132.115,,,,,,,71.538532,286576,No common adduct match,[M+2Na]2+,
AB-Chminaca,C20H28N4O2,304.2038,MTBLS11904,393.1714,88.9676,,,,,,,24.951833,67763.46,No common adduct match,[M+ACN+Na]+,
Abscisic alcohol,C15H22O3,356.2212,MTBLS11904,249.1493,-107.0719,,,,,,,48.049482,238933.49,No common adduct match,[M+2Na]2+,
Acedapsone,C16H16N2O4S,250.1569,MTBLS11904,315.0791,64.9222,,,,,,,0.906433,2885.14,No common adduct match,[M+ACN+Na]+,
"Acetamide, 2-(diethylamino)-N-(2-(octyloxy)phenyl)-",C20H34N2O2,332.0831,MTBLS11904,317.2585,-14.8246,,,,,,,2.178688,6914.72,No common adduct match,[M+H-H2O]+,
Acetamidopropanal,C5H9NO2,334.262,MTBLS11904,98.0599,-236.2021,,,,,,,-68.063824,-409717.66,No common adduct match,[M-2H]2-,
Acetohexamide,C15H20N2O4S,69.03404,MTBLS11904,369.1143,300.08026,,,,,,,172.032369,872897.72,No common adduct match,[2M+CH3COO]-,
Acetoin,C4H8O2,324.1144,MTBLS11904,106.0861,-218.0283,,,,,,,-54.963824,-341284.38,No common adduct match,[M-2H]2-,
Acetolein,C25H44O6,88.05243,MTBLS11904,458.3466,370.29417,,,,,,,223.227889,949426.3,No common adduct match,[2M+CH3COO]-,
Acetoxyacetylaminofluorene,C17H15NO3,440.3138,MTBLS11904,299.1385,-141.1753,,,,,,,55.992382,230282.85,No common adduct match,[M+2Na]2+,
Acetyl-DL-Leucine,C8H15NO3,281.1052,MTBLS11904,172.0978,-109.0074,,,,,,,8.555982,52316.78,No common adduct match,[M+2Na]2+,
Acetyl-pepstatin,C31H57N5O9,173.1052,MTBLS11904,624.3968,451.2916,,,,,,,219.172549,540867.31,No common adduct match,[2M+CH3COO]-,
Acetylcarnitine,C9H18NO4,295.0627,S_35829770,204.1227,-90.94,,,,,,,33.602132,197056.18,No common adduct match,[M+2Na]2+,
Acetylcarnitine,C9H18NO4,295.0627,S_35829770,204.1228,-90.9399,,,,,,,33.602232,197056.77,No common adduct match,[M+2Na]2+,
Acetylcholine,C7H16NO2,204.1236,S_35829770,146.1174,-58.0062,,,,,,,21.066382,168462.3,No common adduct match,[M+2Na]2+,
Acetylcysteine,C5H9NO3S,146.1181,MTBLS11904,146.0268,-0.0913,,,,,,,0.915976,6312.25,No common adduct match,[M-H]-,
Acetylshikonin,C18H18O6,163.0303,MTBLS11904,705.2147,542.1844,,,,,,,320.140249,831372.34,No common adduct match,[2M+CH3COO]-,
Acetylstrophanthidin,C25H34O7,330.1103,MTBLS11904,491.2282,161.1179,,,,,,,97.102133,246373.28,No common adduct match,[M+ACN+Na]+,
ACETYLTRYPTOPHANAMIDE,C13H15N3O2,446.2305,MTBLS11904,246.1233,-200.1072,[M+2Na]2+,+,2,1,246.104468,45.978436,0.018832,76.52,Matched,[M+2Na]2+,[M+2Na]2+ (err 0.018832 Da)
Aconine,C25H41NO9,245.1164,MTBLS11904,464.2692,219.1528,,,,,,,-24.956324,-51011.9,No common adduct match,[2M-H]-,
Acrylamide-sodium acrylate resin,C6H8NNaO3,174.0164,MTBLS11904,172.0978,-1.9186,,,,,,,-0.911324,-5267.49,No common adduct match,[M-H]-,
Acrylic acid,C3H4O2,165.0402,MTBLS11904,114.0548,-50.9854,,,,,,,8.545482,80992.68,No common adduct match,[M+2Na]2+,
Actarit,C10H11NO3,72.02113,MTBLS11904,192.0664,120.04527,,,,,,,3.025939,16006.83,No common adduct match,[2M+FA-H]- / [2M+HCOO]-,
Actinonin,C19H35N3O5,193.0739,MTBLS11904,788.5564,595.4825,,,,,,,343.394749,771393.38,No common adduct match,[2M+CH3COO]-,
Adamantylamide-alanyl-isoglutamine,C18H30N4O3,385.2577,MTBLS11904,368.2635,-16.9942,[M+H-H2O]+,+,1,1,368.254412,-17.003288,0.009088,24.68,Matched,[M+H-H2O]+,[M+H-H2O]+ (err 0.009088 Da)
Adenine,C5H5N5,350.2318,MTBLS11904,177.088,-173.1438,,,,,,,0.964824,5478.12,No common adduct match,[M+2H]2+,
Adenosine,C10H13N5O4,135.0545,S_35829770,268.1048,133.0503,,,,,,,-0.996924,-3704.63,No common adduct match,[2M-H]-,
Adenosine,C10H13N5O4,135.0545,S_35829770,268.105,133.0505,,,,,,,-0.996724,-3703.89,No common adduct match,[2M-H]-,
Adenosine,C10H13N5O4,135.0545,S_35829770,268.1046,133.0501,,,,,,,-0.997124,-3705.38,No common adduct match,[2M-H]-,
Adenosine 3'-monophosphate,C10H14N5O7P,267.0968,MTBLS11904,348.0695,80.9727,,,,,,,16.956933,51211.99,No common adduct match,[M+ACN+Na]+,
Adenosine 3'-monophosphate,C10H14N5O7P,267.0968,MTBLS11904,348.0699,80.9731,,,,,,,16.957333,51213.2,No common adduct match,[M+ACN+Na]+,
Adenosine 5'-Monophosphate,C10H14N5O7P,347.0631,MTBLS11904,346.0554,-1.0077,[M-H]-,-,-1,1,346.055824,-1.007276,-0.000424,-1.22,Matched,[M-H]-,[M-H]- (err -0.000424 Da)
Adenosyl cobinamide,C58H84CoN16O11-2,347.0631,MTBLS11904,618.7859,271.7228,,,,,,,-74.333024,-107244.26,No common adduct match,[2M-H]-,
Adipic Acid,C6H10O4,1239.584,MTBLS11904,145.0506,-1094.5334,,,,,,,-473.734124,-765587.94,No common adduct match,[M-2H]2-,
Adlupone,C31H46O4,146.0579,MTBLS11904,500.3782,354.3203,,,,,,,149.248549,425052.54,No common adduct match,[2M+CH3COO]-,
ADP,C10H15N5O10P2,482.3396,MTBLS11904,426.0214,-56.3182,,,,,,,-21.304347,-47626.02,No common adduct match,[M+H-2H2O]+,
Adrenic acid,C22H36O2,427.0294,MTBLS11904,377.2706,-49.7588,,,,,,,-14.744947,-37613.17,No common adduct match,[M+H-2H2O]+,
Adrenochrome,C9H9NO3,332.2715,S_29518718,180.0658,-152.2057,,,,,,,1.931803,10844.66,No common adduct match,[M+H+Na]2+,
Aflatoxin GM1,C17H12O8,179.0582,MTBLS11904,381.0049,201.9467,,,,,,,-0.100718,-264.28,No common adduct match,[2M+Na]+,
Agnuside,C22H26O11,344.0532,S_24167579,467.151,123.0978,,,,,,,59.082033,144784.43,No common adduct match,[M+ACN+Na]+,
Ajoene,C9H14OS3,466.1475,ST003159,233.01,-233.1375,,,,,,,0.943526,4065.76,No common adduct match,[M-2H]2-,
Ajugol,C15H24O9,234.0207,MTBLS11904,369.1145,135.0938,,,,,,,71.078033,238487.7,No common adduct match,[M+ACN+Na]+,
Ala Val Trp,C19H26N4O4,348.142,MTBLS11904,375.2019,27.0599,,,,,,,4.070682,10968.31,No common adduct match,[M+Na]+,
Ala-Cys-Gly,C8H15N3O4S,160.0848,MTBLS11904,214.0626,53.9778,,,,,,,-5.036051,-22985.31,No common adduct match,[M+CH3COO]-,
Albiflorin,C23H28O11,218.0903,MTBLS11904,503.1571,285.0668,,,,,,,7.962649,16079.84,No common adduct match,[2M+CH3COO]-,
Aldosterone,C21H28O5,480.1632,S_33485385,361.2006,-118.9626,,,,,,,-83.948747,-188585.58,No common adduct match,[M+H-2H2O]+,
Aleglitazar,C24H23NO5S,360.1937,MTBLS11904,482.129,121.9353,,,,,,,57.919533,136535.22,No common adduct match,[M+ACN+Na]+,
Algestone,C21H30O4,437.1297,MTBLS11904,367.1886,-69.9411,,,,,,,-34.927247,-86858.67,No common adduct match,[M+H-2H2O]+,
Alilusem,C17H15ClN2O5S,346.2144,MTBLS11904,787.0739,440.8595,,,,,,,35.631249,47417.12,No common adduct match,[2M+CH3COO]-,
Alisol A,C30H50O5,394.039,MTBLS11904,489.3581,95.3191,,,,,,,31.303333,68339.72,No common adduct match,[M+ACN+Na]+,
Alisol A 24-acetate,C32H52O6,490.3658,MTBLS11904,513.3548,22.989,[M+Na]+,+,1,1,513.355018,22.989218,-0.000218,-0.42,Matched,[M+Na]+,[M+Na]+ (err -0.000218 Da)
Alisol B,C30H48O4,532.3764,MTBLS11904,514.3936,-17.9828,,,,,,,-0.979512,-1900.59,No common adduct match,[M+H-H2O]+,
"All-trans-13,14-dihydroretinol",C20H32O,472.3553,MTBLS11904,271.2416,-201.1137,,,,,,,12.074732,46590.57,No common adduct match,[M+2Na]2+,
Allocholic acid,C24H40O5,158.044,MTBLS11904,407.2797,249.2357,,,,,,,32.177849,85784.3,No common adduct match,[2M+CH3COO]-,
Allodeoxycholic acid,C24H40O4,408.2876,MTBLS11904,437.2903,29.0027,,,,,,,-5.966702,-13461.04,No common adduct match,[M+Cl]-,
Alloepipregnanolone,C21H34O2,392.2927,MTBLS11904,363.2536,-29.0391,,,,,,,5.974753,16722.94,No common adduct match,[M+H-2H2O]+,
Allopurinol,C5H4N4O,318.2559,S_35829770,137.0455,-181.2104,,,,,,,-21.075174,-133285.38,No common adduct match,[M-2H]2-,
Allopurinol,C5H4N4O,318.2559,S_35829770,137.0457,-181.2102,,,,,,,-21.074974,-133284.11,No common adduct match,[M-2H]2-,
Alloxan,C4H2N2O4,268.0808,MTBLS11904,178.9488,-89.132,,,,,,,21.919182,139586.29,No common adduct match,[M+2Na]2+,
Allyl butyrate,C7H12O2,142.0015,MTBLS11904,274.2008,132.1993,,,,,,,-8.794924,-31077.94,No common adduct match,[2M-H]-,
Allyl isothiocyanate,C4H5NS,128.0837,MTBLS11904,144.0124,15.9287,,,,,,,-2.105123,-14407.05,No common adduct match,[M+NH4]+,
Allylestrenol,C21H32O,99.01427,MTBLS11904,345.2431,246.22883,,,,,,,88.200709,343136.82,No common adduct match,[2M+CH3COO]-,
Allysine,C6H11NO3,300.2453,MTBLS11904,128.0704,-172.1749,,,,,,,-21.044974,-141132.15,No common adduct match,[M-2H]2-,
Alongside,C12H16O4,145.0739,MTBLS11904,269.1028,124.0289,,,,,,,-20.037724,-69300.99,No common adduct match,[2M-H]-,
Aloxistatin,C17H30N2O5,224.1049,MTBLS11904,360.2486,136.1437,,,,,,,72.127933,250339.32,No common adduct match,[M+ACN+Na]+,
"Alpha,beta-Methylene ATP",C11H18N5O12P3,342.2155,MTBLS11904,504.0091,161.7936,,,,,,,97.777833,240695,No common adduct match,[M+ACN+Na]+,
alpha-Amylcinnamaldehyde,C14H18O,505.0165,S_24167579,203.143,-301.8735,,,,,,,-48.357974,-192277.48,No common adduct match,[M-2H]2-,
Alpha-Amylcinnamyl formate,C15H20O2,202.1358,MTBLS11904,509.2895,307.1537,,,,,,,46.004049,99299.58,No common adduct match,[2M+CH3COO]-,
Alpha-Bisabolol oxide A,C15H26O2,232.1463,MTBLS11904,283.1911,51.0448,,,,,,,6.046599,21817.5,No common adduct match,[M+FA-H]- / [M+HCOO]-,
Alpha-Campholonic acid,C10H16O3,238.1933,MTBLS11904,229.1079,-9.0854,,,,,,,7.917888,35796.77,No common adduct match,[M+H-H2O]+,
Alpha-Carboxy-delta-decalactone,C11H18O4,184.1099,MTBLS11904,195.1024,10.9925,,,,,,,-7.041323,-34833.25,No common adduct match,[M+NH4]+,
alpha-curcumene,C15H22,214.1205,S_24167579,203.18,-10.9405,,,,,,,6.062788,30757.27,No common adduct match,[M+H-H2O]+,
Alpha-D-glucuronate 1-phosphate,C6H8O10P-3,202.1722,MTBLS11904,291.9588,89.7866,,,,,,,25.770833,96814.42,No common adduct match,[M+ACN+Na]+,
Alpha-Furyl methyl diketone,C7H6O3,270.9855,MTBLS11904,183.0297,-87.9558,,,,,,,24.547732,154892.9,No common adduct match,[M+2Na]2+,
Alpha-Hydroxymetoprolol,C15H25NO4,259.0457,MTBLS11904,284.185,25.1393,,,,,,,2.150082,7623.46,No common adduct match,[M+Na]+,
Alpha-Methyl-m-tyrosine,C10H13NO3,283.1784,MTBLS11904,176.0715,-107.1069,,,,,,,11.493082,69833.47,No common adduct match,[M+2Na]2+,
Alpha-Methylene-Gamma-Butyrolactone,C5H6O2,195.0895,MTBLS11904,99.0439,-96.0456,,,,,,,0.491874,4991,No common adduct match,[M+2H]2+,
Alpha-Muramic acid,C9H17NO7,98.03678,MTBLS11904,250.0927,152.05592,,,,,,,-4.994711,-19580.39,No common adduct match,[2M+CH3COO]-,
Alpha-Santalyl acetate,C17H26O2,251.1005,MTBLS11904,307.1911,56.0906,,,,,,,-2.923251,-9426.36,No common adduct match,[M+CH3COO]-,
Alpha-Terpineol propanoate,C13H22O2,262.1933,MTBLS11904,228.1954,-33.9979,,,,,,,1.015953,4472.03,No common adduct match,[M+H-2H2O]+,
Alpha-Trisaccharide,C20H37NO14,210.162,MTBLS11904,554.1855,344.0235,,,,,,,74.847649,156148,No common adduct match,[2M+CH3COO]-,
Altanserin,C22H22FN3O2S,515.2214,MTBLS11904,446.112,-69.1094,,,,,,,-34.095547,-71001.69,No common adduct match,[M+H-2H2O]+,
Amafolone,C19H31NO2,411.1417,MTBLS11904,611.484,200.3423,,,,,,,136.326533,286908.11,No common adduct match,[M+ACN+Na]+,
Amantadine,C10H17N,305.2355,S_35829770,152.1433,-153.0922,,,,,,,0.532826,3514.44,No common adduct match,[M-2H]2-,
Amantadine,C10H17N,305.2355,S_35829770,152.1431,-153.0924,,,,,,,0.532626,3513.12,No common adduct match,[M-2H]2-,
Amantadine,C10H17N,305.2355,S_35829770,152.1432,-153.0923,,,,,,,0.532726,3513.78,No common adduct match,[M-2H]2-,
Amastatin,C21H38N4O8,151.1361,MTBLS11904,492.3005,341.1644,,,,,,,131.014449,362633.57,No common adduct match,[2M+CH3COO]-,
Aminoacetone,C9H17NO5,474.269,S_28880465,73.0533,-401.2157,,,,,,,-163.073924,-690618.9,No common adduct match,[M-2H]2-,
Aminoadipic acid,C6H11NO4,219.1107,S_28880465,161.0688,-58.0419,,,,,,,-23.028047,-125086.59,No common adduct match,[M+H-2H2O]+,
Aminoadipic acid,C6H11NO4,219.1107,MTBLS11904,126.0548,-93.0559,,,,,,,4.501203,37030.6,No common adduct match,[M+H+Na]2+,
Aminoadipic acid,C6H11NO4,219.1107,MTBLS11904,203.1021,-16.0086,,,,,,,0.994688,4921.58,No common adduct match,[M+H-H2O]+,
Aminoadipic acid,C6H11NO4,219.1107,MTBLS11904,203.1023,-16.0084,,,,,,,0.994888,4922.57,No common adduct match,[M+H-H2O]+,
Aminocaproic acid,C6H13NO2,161.0688,MTBLS11904,173.1281,12.0593,,,,,,,-5.974523,-33358.1,No common adduct match,[M+NH4]+,
Aminomethylphosphonic acid,CH6NO3P,131.0946,MTBLS11904,221.009,89.9144,,,,,,,25.898633,132738.37,No common adduct match,[M+ACN+Na]+,
Amodiaquine,C20H22ClN3O,111.0085,MTBLS11904,400.1431,289.1346,,,,,,,119.112249,423840.47,No common adduct match,[2M+CH3COO]-,
Amotosalen,C17H19NO4,355.1451,MTBLS11904,319.1647,-35.9804,,,,,,,-0.966547,-3019.22,No common adduct match,[M+H-2H2O]+,
Amperozide,C23H29F2N3O,301.1314,MTBLS11904,434.2587,133.1273,,,,,,,69.111533,189270.35,No common adduct match,[M+ACN+Na]+,
Ancymidol,C15H16N2O2,401.2279,MTBLS11904,255.1137,-146.1142,,,,,,,31.510532,140921.67,No common adduct match,[M+2Na]2+,
Andrographolide,C20H30O5,256.1212,MTBLS11904,331.1889,75.0677,,,,,,,11.051933,34522.51,No common adduct match,[M+ACN+Na]+,
"Androst-5-ene-3beta,17beta-diol",C19H30O2,350.2093,MTBLS11904,354.2381,4.0288,,,,,,,3.021524,8603.02,No common adduct match,[M+H]+,
"Androstan-3alpha,17beta-diol",C19H32O2,290.2246,MTBLS11904,257.2258,-32.9988,,,,,,,2.015053,7895.64,No common adduct match,[M+H-2H2O]+,
Androstanediol,C19H32O2,292.2402,MTBLS11904,356.2539,64.0137,[M+ACN+Na]+,+,1,1,356.255967,64.015767,-0.002067,-5.8,Matched,[M+ACN+Na]+,[M+ACN+Na]+ (err -0.002067 Da)
Aniline,C6H7N,292.2402,S_35829770,94.06512,-198.17508,,,,,,,-51.047704,-351779.41,No common adduct match,[M-2H]2-,
Anisomycin,C14H19NO4,93.05785,S_35829770,266.1377,173.07985,,,,,,,21.008149,85702.23,No common adduct match,[2M+CH3COO]-,
Annohexocin,C35H64O9,265.1314,MTBLS11904,663.4212,398.2898,,,,,,,74.144549,125822.99,No common adduct match,[2M+CH3COO]-,
Annosquamosin B,C19H32O3,628.455,MTBLS11904,372.2485,-256.2065,,,,,,,35.031782,103885.07,No common adduct match,[M+2Na]2+,
Ansamitocin P-3,C32H43ClN2O9,308.2351,MTBLS11904,679.2612,371.0261,,,,,,,3.777149,5591.77,No common adduct match,[2M+CH3COO]-,
Anthralin,C14H10O3,240.1222,MTBLS11904,249.0535,8.9313,,,,,,,7.924024,32862.11,No common adduct match,[M+H]+,
Antibiotic GR 95647X,C26H36O6,226.063,ST003159,443.25,217.187,,,,,,,-7.868724,-17442.69,No common adduct match,[2M-H]-,
Antroquinonol,C24H38O4,444.2512,MTBLS11904,803.5492,359.298,,,,,,,-83.945924,-94587.48,No common adduct match,[2M-H]-,
APGPR Enterostatin,C21H36N8O6,390.277,MTBLS11904,538.3059,148.0289,,,,,,,84.013133,184931.7,No common adduct match,[M+ACN+Na]+,
Apiforol sulfate,C15H14O8S,496.2758,MTBLS11904,335.0229,-161.2529,,,,,,,63.895782,235667.25,No common adduct match,[M+2Na]2+,
Apigenidin,C15H11O4+,354.0409,MTBLS11904,290.0337,-64.0072,,,,,,,-28.993347,-90880.53,No common adduct match,[M+H-2H2O]+,
Apigenin 7-arabinoside,C20H18O9,207.081,MTBLS11904,401.0873,194.0063,,,,,,,-12.067424,-29208,No common adduct match,[2M-H]-,
Apigenin 7-O-diglucuronide,C27H26O17,402.0951,MTBLS11904,621.109,219.0139,,,,,,,154.998133,332534.91,No common adduct match,[M+ACN+Na]+,
"Aplysiatoxin, 17-debromo-",C32H48O10,622.117,MTBLS11904,593.3316,-28.7854,,,,,,,6.228453,10608.79,No common adduct match,[M+H-2H2O]+,
Apomine,C28H52O7P2,592.3247,MTBLS11904,580.3526,-11.9721,,,,,,,5.031188,8745,No common adduct match,[M+H-H2O]+,
Arabinosylhypoxanthine,C10H12N4O5,562.3188,MTBLS11904,267.0732,-295.2456,,,,,,,-13.078924,-46685.08,No common adduct match,[M-2H]2-,
arachidic acid,C20H40O2,268.0808,S_33485385,311.2958,43.215,,,,,,,1.181175,3808.83,No common adduct match,[M+ACN+H]+,
arachidic acid,C20H40O2,268.0808,ST003159,311.29,43.2092,,,,,,,1.175375,3790.13,No common adduct match,[M+ACN+H]+,
Arachidonic acid,C20H32O2,312.3028,S_33485385,303.2329,-9.0699,,,,,,,7.933388,26865.56,No common adduct match,[M+H-H2O]+,
Arachidonic acid,C20H32O2,312.3028,MTBLS11904,269.2258,-43.077,,,,,,,-8.063147,-29078.5,No common adduct match,[M+H-2H2O]+,
Arachidonic acid,C20H32O2,312.3028,ST003159,303.23,-9.0728,,,,,,,7.930488,26855.74,No common adduct match,[M+H-H2O]+,
Arbutin,C12H16O7,304.2402,MTBLS11904,253.0714,-51.1688,,,,,,,-16.154947,-60005.07,No common adduct match,[M+H-2H2O]+,
Arecoline,C8H13NO2,272.0896,S_35829770,156.1016,-115.988,,,,,,,-2.932418,-18438.94,No common adduct match,[M+2Na]2+,
Arg-Thr-Lys-Arg,C22H45N11O6,155.0946,MTBLS11904,580.3255,425.2309,,,,,,,211.122449,571832.89,No common adduct match,[2M+CH3COO]-,
Arginine,C6H14N4O2,559.3554,S_35829770,175.1188,-384.2366,,,,,,,-103.551624,-371591.73,No common adduct match,[M-2H]2-,
Arginine,C6H14N4O2,559.3554,S_35829770,175.1186,-384.2368,,,,,,,-103.551824,-371592.44,No common adduct match,[M-2H]2-,
Arginine ornithine,C11H24N6O3,174.1117,MTBLS11904,330.2268,156.1151,,,,,,,-16.989324,-48930.11,No common adduct match,[2M-H]-,
Arginylarginine,C12H26N8O3,288.191,MTBLS11904,372.2485,84.0575,,,,,,,20.041733,56903.32,No common adduct match,[M+ACN+Na]+,
Arginylphenylalaninamide,C15H24N6O2,330.2128,MTBLS11904,682.4201,352.2073,,,,,,,-0.994718,-1455.51,No common adduct match,[2M+Na]+,
Arlacel,C24H44O6,320.1961,MTBLS11904,473.3102,153.1141,,,,,,,89.098333,231898.96,No common adduct match,[M+ACN+Na]+,
Artemisin,C15H18O4,384.1937,MTBLS11904,569.2403,185.0466,,,,,,,121.030833,270031.85,No common adduct match,[M+ACN+Na]+,
Artonol E,C26H24O7,262.1205,MTBLS11904,447.1456,185.0251,,,,,,,-76.088124,-145419,No common adduct match,[2M-H]-,
Ascorbyl stearate,C24H42O7,448.1522,MTBLS11904,423.2731,-24.8791,,,,,,,-5.861259,-13658.33,No common adduct match,[M-H2O-H]-,
Asp Gly Ile,C12H21N3O6,442.2931,MTBLS11904,304.1497,-138.1434,,,,,,,60.013932,245821.96,No common adduct match,[M+2Na]2+,
Asp Gly Val,C11H19N3O6,303.143,MTBLS11904,290.1341,-13.0089,,,,,,,3.994388,13959.57,No common adduct match,[M+H-H2O]+,
Asparaginyl-Valine,C9H17N3O4,289.1274,MTBLS11904,230.1144,-59.013,,,,,,,-23.999147,-94442.61,No common adduct match,[M+H-2H2O]+,
Asparaginylarginine,C10H20N6O4,231.1219,MTBLS11904,271.1511,40.0292,,,,,,,1.066042,3947.06,No common adduct match,[M+K]+,
Asparagoside B,C33H56O9,288.1546,ST003159,303.2316,15.077,,,,,,,-2.956823,-9656.87,No common adduct match,[M+NH4]+,
Aspartame,C14H18N2O5,596.3924,MTBLS11904,295.1283,-301.2641,,,,,,,-2.060624,-6933.72,No common adduct match,[M-2H]2-,
Aspartyl-Asparagine,C8H13N3O6,294.1216,MTBLS11904,282.0475,-12.0741,,,,,,,4.929188,17787.31,No common adduct match,[M+H-H2O]+,
Aspartyl-Isoleucine,C10H18N2O5,247.0804,MTBLS11904,227.1035,-19.9769,,,,,,,-0.959059,-4205.24,No common adduct match,[M-H2O-H]-,
Aspartyl-Isoleucine,C10H18N2O5,247.0804,MTBLS11904,247.1284,0.048,,,,,,,-0.959276,-3866.68,No common adduct match,[M+H]+,
Aspartyl-Leucine,C10H18N2O5,246.1216,MTBLS11904,227.1035,-19.0181,[M-H2O-H]-,-,-1,1,227.103759,-19.017841,-0.000259,-1.14,Matched,[M-H2O-H]-,[M-H2O-H]- (err -0.000259 Da)
Aspidinol,C12H16O4,246.1216,S_24167579,225.111,-21.0106,,,,,,,-1.992759,-8774.66,No common adduct match,[M-H2O-H]-,
Astromicin,C17H35N5O6,224.1049,MTBLS11904,388.2535,164.1486,,,,,,,-58.949024,-131817.29,No common adduct match,[2M-H]-,
Ataprost,C21H32O4,405.2587,MTBLS11904,366.2629,-38.9958,,,,,,,-3.981947,-10754.9,No common adduct match,[M+H-2H2O]+,
Atenolol,C14H22N2O3,348.2301,S_24167579,267.171,-81.0591,,,,,,,-46.045247,-147007.85,No common adduct match,[M+H-2H2O]+,
Atevirdine,C21H25N5O2,266.163,MTBLS11904,443.2185,177.0555,,,,,,,-88.100224,-165814.26,No common adduct match,[2M-H]-,
Aucubin,C15H22O9,379.2008,MTBLS11904,383.0722,3.8714,,,,,,,2.864124,7533.04,No common adduct match,[M+H]+,
Auraptene,C19H22O3,346.1264,MTBLS11904,297.1526,-48.9738,,,,,,,-13.959947,-44871.05,No common adduct match,[M+H-2H2O]+,
Aurintricarboxylic acid,C22H14O9,298.1569,MTBLS11904,457.0348,158.8779,,,,,,,94.862133,261925.16,No common adduct match,[M+ACN+Na]+,
Austalide L,C25H32O6,422.0638,ST003159,427.22,5.1562,,,,,,,4.148924,9806.68,No common adduct match,[M+H]+,
Austdiol,C12H12O5,428.2199,MTBLS11904,217.0523,-211.1676,,,,,,,1.935074,8995.44,No common adduct match,[M+2H]2+,
Auxin a,C18H32O5,236.0685,MTBLS11904,309.2067,73.1382,,,,,,,9.122433,30399.57,No common adduct match,[M+ACN+Na]+,
Avapritinib,C26H27FN10,328.225,MTBLS11904,540.277,212.052,,,,,,,-115.165724,-175706.77,No common adduct match,[2M-H]-,
Avocadyne,C17H32O3,498.2404,MTBLS11904,265.2169,-233.0235,,,,,,,4.098453,15695.76,No common adduct match,[M+H+Na]2+,
Azamethiphos,C9H10ClN2O5PS,284.2351,MTBLS11904,368.9715,84.7364,,,,,,,20.720633,59499.16,No common adduct match,[M+ACN+Na]+,
Azelaic Acid,C9H16O4,323.9737,MTBLS11904,187.0974,-136.8763,,,,,,,2.121332,11468.14,No common adduct match,[M+2Na]2+,
Azimexon,C9H14N4O,188.1049,MTBLS11904,433.2298,245.1249,,,,,,,-1.993851,-4581.21,No common adduct match,[2M+CH3COO]-,
Azukisaponin III,C42H66O15,194.1168,MTBLS11904,404.2121,210.0953,,,,,,,-2.055323,-5059.04,No common adduct match,[2M+NH4]+,
Azvudine,C9H11FN6O4,810.4402,MTBLS11904,331.0531,-479.3871,,,,,,,-73.159724,-180993.08,No common adduct match,[M-2H]2-,
B-Octylglucoside,C14H28O6,286.0826,MTBLS11904,273.1716,-12.911,,,,,,,4.092288,15208.48,No common adduct match,[M+H-H2O]+,
Baccatin III,C31H38O11,292.1886,MTBLS11904,619.2748,327.0862,,,,,,,-0.071802,-115.93,No common adduct match,[2M+Cl]-,
Bardoxolone methyl,C32H43NO4,586.2414,MTBLS11904,526.2941,-59.9473,,,,,,,-24.933447,-45232.59,No common adduct match,[M+H-2H2O]+,
Behenic acid,C22H44O2,505.3192,MTBLS11904,358.3672,-146.952,,,,,,,82.718382,300086.11,No common adduct match,[M+2Na]2+,
Behenoyl-arabinofuranosyl-cytosine,C31H55N3O6,340.3341,MTBLS11904,530.39,190.0559,,,,,,,126.040133,311710.58,No common adduct match,[M+ACN+Na]+,
Benazeprilat,C22H24N2O5,565.4091,MTBLS11904,414.2015,-151.2076,,,,,,,108.507732,354955.66,No common adduct match,[M+2Na]2+,
Benzaldehyde,C7H6O,396.1685,MTBLS11904,107.049,-289.1195,,,,,,,-90.027974,-456816.3,No common adduct match,[M-2H]2-,
Benzeneacetamide-4-O-sulphate,C8H9NO5S,126.0317,MTBLS11904,276.018,149.9863,,,,,,,0.965382,3509.81,No common adduct match,[2M+Na]+,
Benznidazole,C12H12N4O3,158.0038,MTBLS11904,297.0374,139.0336,,,,,,,-17.962924,-57025.1,No common adduct match,[2M-H]-,
Benzofuran,C8H6O,260.0909,MTBLS11904,160.0754,-100.0155,,,,,,,7.040732,46007.43,No common adduct match,[M+2Na]2+,
Benzoic Acid,C7H6O2,118.0419,MTBLS11904,105.0333,-13.0086,,,,,,,3.994688,39536.25,No common adduct match,[M+H-H2O]+,
Benzoyl-l-arg,C13H18N4O3,122.0368,MTBLS11904,259.1185,137.0817,,,,,,,-2.988923,-11403.43,No common adduct match,[2M+NH4]+,
Benzyl Alcohol,C7H8O,278.1379,S_35829770,107.0503,-171.0876,,,,,,,-31.011374,-224619.71,No common adduct match,[M-2H]2-,
Benzyl sulfate,C7H8O4S,108.0575,MTBLS11904,233.0123,124.9548,,,,,,,-1.136523,-4853.85,No common adduct match,[2M+NH4]+,
Benzylpenicilloyl G,C22H31N3O6S,188.0143,MTBLS11904,464.182,276.1677,,,,,,,29.139549,66980.93,No common adduct match,[2M+CH3COO]-,
Bergenin Pentaacetate,C24H26O14,465.1934,MTBLS11904,559.1115,93.9181,,,,,,,29.902333,56503.81,No common adduct match,[M+ACN+Na]+,
Beta-Aminopropionitrile,C3H6N2,89.04768,MTBLS11904,141.1133,52.06562,,,,,,,-6.948231,-46928,No common adduct match,[M+CH3COO]-,
Beta-Citryl-L-glutamic acid,C11H15NO10,70.0531,MTBLS11904,302.0514,231.9983,,,,,,,102.931349,516931.11,No common adduct match,[2M+CH3COO]-,
Beta-Cortolone,C21H34O5,321.0696,MTBLS11904,411.2385,90.1689,,,,,,,26.153133,67915.16,No common adduct match,[M+ACN+Na]+,
Beta-D-Glucopyranosylurea,C7H14N2O6,366.2406,MTBLS11904,245.0763,-121.1643,,,,,,,38.966782,189058.62,No common adduct match,[M+2Na]2+,
Beta-D-Glucopyranuronic acid,C6H10O7,222.0852,S_24167579,494.144,272.0588,,,,,,,4.975399,10171.13,No common adduct match,[2M+FA-H]- / [2M+HCOO]-,
Beta-D-Glucopyranuronic acid,C6H10O7,222.0852,MTBLS11904,313.0563,90.9711,,,,,,,26.955333,94216.15,No common adduct match,[M+ACN+Na]+,
beta-D-Glucosamine,C6H13NO5,194.0427,S_35829770,180.0865,-13.9562,,,,,,,3.047088,17211.36,No common adduct match,[M+H-H2O]+,
Beta-Hydroxy-gamma-trimethylaminobutyric acid,C7H15NO3,179.0794,MTBLS11904,144.1017,-34.9777,,,,,,,0.036153,250.95,No common adduct match,[M+H-2H2O]+,
Beta-Lapachone,C15H14O3,244.2038,MTBLS11904,287.094,42.8902,,,,,,,0.856375,2991.83,No common adduct match,[M+ACN+H]+,
Beta-Thujaplicin,C10H12O2,242.0943,MTBLS11904,209.0816,-33.0127,,,,,,,2.001153,9663.65,No common adduct match,[M+H-2H2O]+,
Beta-tocotrienol,C28H42O2,164.0837,MTBLS11904,409.3108,245.2271,,,,,,,22.129549,57155.53,No common adduct match,[2M+CH3COO]-,
Beta-Tyrosine,C9H11NO3,410.3185,MTBLS11904,180.0664,-230.2521,,,,,,,-24.085574,-117978.65,No common adduct match,[M-2H]2-,
Beta-Tyrosine,C9H11NO3,410.3185,MTBLS11904,180.0665,-230.252,,,,,,,-24.085474,-117978.16,No common adduct match,[M-2H]2-,
Betaine,C5H11NO2,181.0739,S_35829770,118.0861,-62.9878,,,,,,,4.559932,40166.35,No common adduct match,[M+2Na]2+,
Betaine,C5H11NO2,181.0739,S_35829770,140.0681,-41.0058,,,,,,,-5.991947,-41023.86,No common adduct match,[M+H-2H2O]+,
Betaine,C5H11NO2,181.0739,S_35829770,140.068,-41.0059,,,,,,,-5.992047,-41024.55,No common adduct match,[M+H-2H2O]+,
Betaine,C5H11NO2,181.0739,MTBLS11904,259.1648,78.0909,,,,,,,14.075133,57428.5,No common adduct match,[M+ACN+Na]+,
Betaine aldehyde,C5H11NO,117.079,S_24167579,102.091,-14.988,,,,,,,2.015288,20137.64,No common adduct match,[M+H-H2O]+,
Betaine aldehyde,C5H11NO,117.079,S_24167579,382.766,265.687,,,,,,,89.594149,305602.84,No common adduct match,[2M+CH3COO]-,
Betamethasone 17 Valerate,C27H37FO6,101.0841,MTBLS11904,441.2424,340.1583,,,,,,,180.060349,689405.53,No common adduct match,[2M+CH3COO]-,
Betaxolol,C18H29NO3,476.2574,MTBLS11904,340.2478,-136.0096,,,,,,,79.129882,303042.71,No common adduct match,[M+2Na]2+,
Bethanechol,C7H17N2O2+,307.2147,MTBLS11904,206.1,-101.1147,,,,,,,29.503432,167066.85,No common adduct match,[M+2Na]2+,
Bethanidine,C10H15N3,145.1341,ST003159,198.1,52.9659,,,,,,,-6.047951,-29625.33,No common adduct match,[M+CH3COO]-,
Betulin,C30H50O2,177.1266,MTBLS11904,425.3768,248.2502,,,,,,,12.109749,29302.48,No common adduct match,[2M+CH3COO]-,
Bialaphos,C11H22N3O6P,442.3811,MTBLS11904,358.0926,-84.2885,,,,,,,-49.274647,-120958.78,No common adduct match,[M+H-2H2O]+,
BIDISOMIDE,C22H34ClN3O2,323.1246,MTBLS11904,390.2327,67.1081,,,,,,,3.092333,7987.63,No common adduct match,[M+ACN+Na]+,
Bile acid,C24H40O5,310.147,S_35829770,407.2803,97.1333,,,,,,,33.117533,88511.03,No common adduct match,[M+ACN+Na]+,
Bile acid,C24H40O5,310.147,MTBLS11904,389.2692,79.1222,,,,,,,15.106433,40373.96,No common adduct match,[M+ACN+Na]+,
Bilirubin,C33H36N4O6,408.2876,S_35829770,585.269,176.9814,,,,,,,112.965633,239180.24,No common adduct match,[M+ACN+Na]+,
Biliverdin,C33H34N4O6,584.2635,S_33485385,583.2545,-1.009,[M-H]-,-,-1,1,583.256224,-1.007276,-0.001724,-2.96,Matched,[M-H]-,[M-H]- (err -0.001724 Da)
Biliverdin,C33H34N4O6,584.2635,MTBLS11904,583.2537,-1.0098,[M-H]-,-,-1,1,583.256224,-1.007276,-0.002524,-4.33,Matched,[M-H]-,[M-H]- (err -0.002524 Da)
Biliverdin,C33H34N4O6,584.2635,ST003159,581.24,-3.0235,,,,,,,-2.016224,-3456.84,No common adduct match,[M-H]-,
Biocytin,C16H28N4O4S,582.2478,MTBLS11904,393.1564,-189.0914,,,,,,,79.043282,251639.54,No common adduct match,[M+2Na]2+,
Biopterin,C6H13N,372.1831,S_28880465,237.0839,-135.0992,,,,,,,28.003132,133934.52,No common adduct match,[M+2Na]2+,
Biotin sulfoxide,C10H16N2O4S,99.1048,MTBLS11904,305.0815,205.9767,,,,,,,47.858049,186056.32,No common adduct match,[2M+CH3COO]-,
Biotripyrrin-b,C25H27N3O6,260.0831,MTBLS11904,464.182,204.0989,,,,,,,-54.976924,-105896.14,No common adduct match,[2M-H]-,
Bisnoryangonin,C13H10O4,465.19,MTBLS11904,248.0913,-217.0987,,,,,,,3.498053,14301.51,No common adduct match,[M+H+Na]2+,
Bisphenol A dimethacrylate,C23H24O4,230.0579,S_24167579,365.177,135.1191,,,,,,,71.103333,241787.49,No common adduct match,[M+ACN+Na]+,
Bisphenol A dimethacrylate,C23H24O4,230.0579,MTBLS11904,365.1715,135.1136,,,,,,,71.097833,241768.78,No common adduct match,[M+ACN+Na]+,
Blood group B trisaccharide,C18H32O15,364.1675,MTBLS11904,523.1407,158.9732,,,,,,,94.957433,221768.2,No common adduct match,[M+ACN+Na]+,
Blumenol C glucoside,C19H32O7,488.1741,MTBLS11904,337.1977,-150.9764,,,,,,,70.121432,262552.09,No common adduct match,[M+2Na]2+,
Bolasterone,C21H32O2,372.2148,MTBLS11904,361.238,-10.9768,,,,,,,6.026488,16965.91,No common adduct match,[M+H-H2O]+,
Boldenone,C19H26O2,316.2402,MTBLS11904,331.1911,14.9509,,,,,,,-3.082923,-9222.74,No common adduct match,[M+NH4]+,
Bolton-Hunter reagent,C13H12INO5,286.1933,MTBLS11904,281.1128,-5.0805,,,,,,,-4.073224,-14282.69,No common adduct match,[M-H]-,
Brassidic acid,C22H42O2,388.976,MTBLS11904,356.3514,-32.6246,,,,,,,2.389253,6750.02,No common adduct match,[M+H-2H2O]+,
Brinzolamide,C12H21N3O5S3,338.3185,MTBLS11904,364.0468,25.7283,,,,,,,2.739082,7581.02,No common adduct match,[M+Na]+,
Brivaracetam,C11H20N2O2,383.0643,MTBLS11904,257.1222,-125.9421,,,,,,,42.600832,198585.49,No common adduct match,[M+2Na]2+,
Bromuconazole,C13H12BrCl2N3O,212.1525,S_24167579,375.963,163.8105,,,,,,,-47.334724,-111823.71,No common adduct match,[2M-H]-,
Bronopol,C3H6BrNO4,374.9541,S_24167579,199.956,-174.9981,,,,,,,0.480703,2409.84,No common adduct match,[M+H+Na]2+,
Budipine,C21H27N,198.948,S_35829770,294.2204,95.2724,,,,,,,31.256633,118862.89,No common adduct match,[M+ACN+Na]+,
Bufotalin,C26H36O6,293.2143,MTBLS11904,443.247,150.0327,,,,,,,86.016933,240788.61,No common adduct match,[M+ACN+Na]+,
Buprenorphine,C29H41NO4,444.2512,MTBLS11904,512.2986,68.0474,,,,,,,4.031633,7932.12,No common adduct match,[M+ACN+Na]+,
Busulfan,C6H14O6S2,467.3036,ST003159,247.0284,-220.2752,,,,,,,1.378353,5611.04,No common adduct match,[M+H+Na]2+,
Butanal,C4H8O,246.0232,MTBLS11904,73.0647,-172.9585,,,,,,,-48.939624,-401130.24,No common adduct match,[M-2H]2-,
Butaprost,C24H40O5,72.05751,MTBLS11904,407.2794,335.22189,,,,,,,204.150529,1005029.61,No common adduct match,[2M+CH3COO]-,
Butenoylcarnitine,C11H19NO4,408.2876,MTBLS11904,194.1173,-214.1703,,,,,,,-9.019224,-44399.81,No common adduct match,[M-2H]2-,
Butyl (S)-3-hydroxybutyrate glucoside,C14H26O8,229.1314,MTBLS11904,303.1446,74.0132,,,,,,,9.997433,34103.8,No common adduct match,[M+ACN+Na]+,
Butylbenzene,C10H14,322.1628,MTBLS11904,176.1431,-146.0197,,,,,,,3.063453,17699.67,No common adduct match,[M+H+Na]2+,
Butylisopropylamine,C7H17N,134.1096,MTBLS11904,116.1432,-17.9664,,,,,,,-0.963112,-8224.25,No common adduct match,[M+H-H2O]+,
Butyric acid,C4H8O2,115.1361,S_35829770,89.05971,-26.07639,,,,,,,-7.058549,-73436.09,No common adduct match,[M-H2O-H]-,
Butyric acid,C4H8O2,115.1361,MTBLS11904,87.0451,-28.091,,,,,,,6.487832,80536.89,No common adduct match,[M+2Na]2+,
Butyryl carnitine,C11H21NO4,85.05276,S_35829770,232.1541,147.10134,,,,,,,3.034729,13245.19,No common adduct match,[2M+CH3COO]-,
Butyrylcarnitine,C11H21NO4,231.1471,MTBLS11904,232.1539,1.0068,[M+H]+,+,1,1,232.154376,1.007276,-0.000476,-2.05,Matched,[M+H]+,[M+H]+ (err -0.000476 Da)
Bz-Camp,C17H16N5O7P,231.1471,MTBLS11904,478.0749,246.9278,,,,,,,-2.253123,-4690.8,No common adduct match,[2M+NH4]+,
C.I. Solvent Red 80,C18H16N2O3,433.0787,MTBLS11904,353.1115,-79.9672,,,,,,,-44.953347,-112929.71,No common adduct match,[M+H-2H2O]+,
C12-AS (TENTATIVE),C12H26O4S,308.1161,S_35829770,265.1478,-42.9683,,,,,,,-7.954447,-29126.26,No common adduct match,[M+H-2H2O]+,
C12-AS (TENTATIVE),C12H26O4S,308.1161,MTBLS11904,265.1478,-42.9683,,,,,,,-7.954447,-29126.26,No common adduct match,[M+H-2H2O]+,
C16-Ceramide,C34H67NO3,266.1552,MTBLS11904,582.5091,316.3539,,,,,,,5.200499,9008.18,No common adduct match,[2M+FA-H]- / [2M+HCOO]-,
Cabergoline,C26H37N5O2,675.6529,MTBLS11904,416.2842,-259.3687,,,,,,,55.468532,153730.94,No common adduct match,[M+2Na]2+,
Caffeic acid 4-O-sulfate,C9H8O7S,451.2947,MTBLS11904,278.0322,-173.2625,,,,,,,29.395632,118227.31,No common adduct match,[M+2Na]2+,
Caffeine,C8H10N4O2,259.9991,S_35829770,195.0874,-64.9117,,,,,,,-29.897847,-132888.03,No common adduct match,[M+H-2H2O]+,
Caffeine,C8H10N4O2,259.9991,ACS1517,195.089,-64.9101,,,,,,,-29.896247,-132880.92,No common adduct match,[M+H-2H2O]+,
Caffeoylcycloartenol,C39H56O4,194.0804,MTBLS11904,589.427,395.3466,,,,,,,142.252349,318113.62,No common adduct match,[2M+CH3COO]-,
Caffeoylshikimate,C16H16O8,588.4179,MTBLS11904,372.0233,-216.3946,,,,,,,54.825132,172841.89,No common adduct match,[M+2Na]2+,
Campesterol glucoside,C34H58O6,336.0845,MTBLS11904,543.4028,207.3183,,,,,,,-127.758924,-190354.9,No common adduct match,[2M-H]-,
Candicine,C11H18NO+,562.4233,MTBLS11904,244.154,-318.2693,,,,,,,-36.050374,-128657.43,No common adduct match,[M-2H]2-,
Candidin,C47H71NO17,180.1388,MTBLS11904,966.4699,786.3311,,,,,,,547.178449,1305007.41,No common adduct match,[2M+CH3COO]-,
Cannabinol,C21H26O2,921.4722,S_24167579,311.203,-610.2692,,,,,,,-148.525824,-323072.68,No common adduct match,[M-2H]2-,
Capecitabine,C15H22FN3O6,310.1933,S_24167579,360.157,49.9637,,,,,,,4.965499,13979.78,No common adduct match,[M+FA-H]- / [M+HCOO]-,
Capric acid,C10H20O2,359.1493,S_33485385,171.1402,-188.0091,,,,,,,-7.427174,-41593.12,No common adduct match,[M-2H]2-,
Capric acid,C10H20O2,359.1493,MTBLS11904,209.0945,-150.0548,,,,,,,6.530632,32239.87,No common adduct match,[M+2Na]2+,
Caprylic acid,C8H16O2,172.1463,S_24167579,145.122,-27.0243,,,,,,,7.989553,58261.58,No common adduct match,[M+H-2H2O]+,
Caprylic acid,C8H16O2,172.1463,MTBLS11904,143.1076,-29.0387,,,,,,,5.975153,43572.13,No common adduct match,[M+H-2H2O]+,
Capsaicin,C18H27NO3,144.115,S_28880465,305.2608,161.1458,,,,,,,-1.003023,-3275.03,No common adduct match,[2M+NH4]+,
Capsanthin,C40H56O3,305.1991,MTBLS11904,619.3948,314.1957,,,,,,,7.989324,13067.14,No common adduct match,[2M+H]+,
Capsicoside A1,C33H54O9,584.4229,MTBLS11904,615.3488,30.9259,,,,,,,-4.043502,-6528.18,No common adduct match,[M+Cl]-,
Capsidiol,C15H24O2,594.3768,MTBLS11904,219.174,-375.2028,,,,,,,-77.007124,-260000.11,No common adduct match,[M-2H]2-,
Captopril,C9H15NO3S,236.1776,S_35829770,218.0849,-18.0927,,,,,,,0.925141,4260.19,No common adduct match,[M-H2O-H]-,
Carbaryl,C12H11NO2,320.2953,S_35829770,202.0857,-118.2096,,,,,,,18.948832,103468.14,No common adduct match,[M+2Na]2+,
Carbocyclic thromboxane A2,C22H36O3,201.079,MTBLS11904,347.2587,146.1797,,,,,,,-53.892024,-134343.58,No common adduct match,[2M-H]-,
Carboprost,C21H36O5,348.2664,MTBLS11904,386.2892,38.0228,,,,,,,-0.940358,-2428.43,No common adduct match,[M+K]+,
Carboprost Tromethamine,C25H47NO8,368.2563,ST003159,524.3,156.0437,,,,,,,92.027933,212893.55,No common adduct match,[M+ACN+Na]+,
Cardanolmonoene,C21H34O,236.1049,MTBLS11904,341.2215,105.1166,,,,,,,41.100833,136947.69,No common adduct match,[M+ACN+Na]+,
Carisoprodol,C12H24N2O4,302.261,S_35829770,261.1803,-41.0807,,,,,,,-6.066847,-22701.26,No common adduct match,[M+H-2H2O]+,
Carnitine,C7H15NO3,260.1736,S_29518718,144.1021,-116.0715,,,,,,,2.017053,14196.09,No common adduct match,[M+H+Na]2+,
Carnitine,C7H15NO3,260.1736,S_35829770,162.1123,-98.0613,,,,,,,9.036282,59031.34,No common adduct match,[M+2Na]2+,
Carnosol,C20H26O4,161.1052,MTBLS11904,367.1349,206.0297,,,,,,,-0.073701,-200.71,No common adduct match,[2M+FA-H]- / [2M+HCOO]-,
Castasterone,C28H48O5,330.1831,MTBLS11904,501.3016,171.1185,,,,,,,107.102733,271697.21,No common adduct match,[M+ACN+Na]+,
Cedorol,C15H26O,464.3502,MTBLS11904,503.4101,39.0599,,,,,,,0.096742,192.21,No common adduct match,[M+K]+,
Cefaclor,C15H14ClN3O4S,222.1984,MTBLS11904,412.0358,189.8374,,,,,,,-31.353724,-70713.72,No common adduct match,[2M-H]-,
Cefpodoxime proxetil,C21H27N5O9S2,367.0394,MTBLS11904,578.1002,211.0608,,,,,,,147.045033,341128.11,No common adduct match,[M+ACN+Na]+,
Cefprozil,C18H19N3O5S,557.125,MTBLS11904,434.106,-123.019,,,,,,,-88.005147,-168556.35,No common adduct match,[M+H-2H2O]+,
Ceftizoxime,C13H13N5O5S2,389.1045,MTBLS11904,364.0149,-25.0896,,,,,,,-6.071759,-16406.32,No common adduct match,[M-H2O-H]-,
Cefuroxime sodium,C16H15N4NaO8S,383.0358,S_24167579,469.044,86.0082,,,,,,,21.992433,49194.4,No common adduct match,[M+ACN+Na]+,
Celiprolol,C20H33N3O4,446.0508,S_24167579,402.236,-43.8148,,,,,,,-8.800947,-21411.57,No common adduct match,[M+H-2H2O]+,
Cephalexin,C16H17N3O4S,342.1162,MTBLS11904,392.094,49.9778,,,,,,,4.979599,12863.38,No common adduct match,[M+FA-H]- / [M+HCOO]-,
Cerivastatin lactone,C26H32FNO4,347.094,MTBLS11904,462.2027,115.1087,,,,,,,51.092933,124280.51,No common adduct match,[M+ACN+Na]+,
Cerulenin,C12H17NO3,441.2315,MTBLS11904,241.1543,-200.0772,,,,,,,-2.450668,-10060.01,No common adduct match,[M+2Na]2+,
Chavicol,C9H10O,223.1208,MTBLS11904,179.0712,-44.0496,,,,,,,-9.035747,-48035.16,No common adduct match,[M+H-2H2O]+,
CHEBI:69439,C10H16N2O2,134.0732,MTBLS11904,197.1282,63.055,,,,,,,-0.960767,-4850.18,No common adduct match,[M+ACN+Na]+,
Chenodeoxycholic Acid,C24H40O4,196.1212,MTBLS11904,437.2902,241.169,,,,,,,0.049599,113.44,No common adduct match,[2M+FA-H]- / [2M+HCOO]-,
Chenodeoxycholic acid 3-sulfate,C24H40O7S,392.2927,MTBLS11904,471.2415,78.9488,,,,,,,14.933033,32725.74,No common adduct match,[M+ACN+Na]+,
chenodeoxycholic acid glycine conjugate,C26H43NO5,472.2495,ACS1517,450.321,-21.9285,,,,,,,-2.910659,-6422.01,No common adduct match,[M-H2O-H]-,
Chenodeoxycholylasparagine,C28H46N2O6,449.3141,MTBLS11904,527.3081,77.994,,,,,,,13.978233,27230.51,No common adduct match,[M+ACN+Na]+,
Chenodeoxycholylcysteine,C27H45NO5S,506.3356,MTBLS11904,516.2729,9.9373,,,,,,,-8.096523,-15440.49,No common adduct match,[M+NH4]+,
Chenodeoxycholylthreonine,C28H47NO6,495.3018,MTBLS11904,538.3355,43.0337,,,,,,,0.999875,1860.8,No common adduct match,[M+ACN+H]+,
Chitobiose,C12H24N2O9,493.3403,MTBLS11904,425.1443,-68.196,,,,,,,-33.182147,-72398.5,No common adduct match,[M+H-2H2O]+,
Chlorobenzene,C6H5Cl,340.1482,MTBLS11904,154.0415,-186.1067,,,,,,,-15.025324,-88872.1,No common adduct match,[M-2H]2-,
chlorothalonil-4-hydroxy,C8HCl3N2O,112.008,MTBLS11904,244.9078,132.8998,,,,,,,-2.097418,-8491.39,No common adduct match,[2M+Na]+,
Chlorprothixene,C18H18ClNS,245.9154,ST003159,314.08,68.1646,,,,,,,4.148833,13386.3,No common adduct match,[M+ACN+Na]+,
cholesterol 3-sulfate,C27H46O4S,386.3549,MTBLS11904,501.2846,114.9297,,,,,,,50.913933,113048.95,No common adduct match,[M+ACN+Na]+,
Cholic Acid,C24H40O5,562.387,S_35829770,407.2804,-155.1066,,,,,,,103.097682,338933.4,No common adduct match,[M+2Na]2+,
Cholic Acid,C24H40O5,562.387,MTBLS11904,426.3206,-136.0664,,,,,,,-101.052547,-191614.89,No common adduct match,[M+H-2H2O]+,
Cholic acid glucuronide,C30H48O11,408.2876,MTBLS11904,583.3119,175.0243,,,,,,,111.008533,235036.51,No common adduct match,[M+ACN+Na]+,
Choline,C5H14NO | C5H14NO+,584.3197,S_35829770,104.107,-480.2127,,,,,,,-187.045574,-642431.46,No common adduct match,[M-2H]2-,
Choline,C5H14NO | C5H14NO+,584.3197,S_35829770,104.1068,-480.2129,,,,,,,-187.045774,-642432.15,No common adduct match,[M-2H]2-,
Choline Phosphate,C5H14NO4P,104.1075,MTBLS11904,184.073,79.9655,,,,,,,15.949733,94869.28,No common adduct match,[M+ACN+Na]+,
Cholylaspartic acid,C28H45NO8,104.1075,MTBLS11904,506.3162,402.2087,,,,,,,239.087349,894691.38,No common adduct match,[2M+CH3COO]-,
Cholylhistidine,C30H47N3O6,183.066,MTBLS11904,590.3455,407.2795,,,,,,,165.199649,388571.71,No common adduct match,[2M+CH3COO]-,
Chondrocurine,C36H38N2O6,523.3145,MTBLS11904,615.2453,91.9308,,,,,,,27.915033,47528.68,No common adduct match,[M+ACN+Na]+,
Chorismic acid,C10H10O6,545.3465,S_24167579,249.036,-296.3105,,,,,,,-22.629974,-83300.73,No common adduct match,[M-2H]2-,
Chrysoeriol 7-apiosyl-glucoside,C27H30O15,594.273,MTBLS11904,593.151,-1.122,,,,,,,-0.114724,-193.38,No common adduct match,[M-H]-,
Chrysoeriol 7-O-neohesperidoside,C28H32O15,226.0477,MTBLS11904,615.2437,389.196,,,,,,,104.134449,203742.05,No common adduct match,[2M+CH3COO]-,
Cilastatin,C16H26N2O5S,594.1585,MTBLS11904,376.192,-217.9665,,,,,,,56.123532,175348.52,No common adduct match,[M+2Na]2+,
Cimiaserin B,C30H48O5,608.1741,MTBLS11904,521.3805,-86.7936,,,,,,,-51.779747,-90340.79,No common adduct match,[M+H-2H2O]+,
Cinnamic acid,C9H8O2,358.1562,S_35829770,149.0594,-209.0968,,,,,,,-29.011424,-162920.7,No common adduct match,[M-2H]2-,
Cinnamic acid,C9H8O2,358.1562,MTBLS11904,166.0859,-192.0703,,,,,,,-11.984924,-67304.25,No common adduct match,[M-2H]2-,
Cinnamoylglycine,C11H11NO3,488.3502,MTBLS11904,188.0703,-300.2799,,,,,,,-55.097524,-226582.3,No common adduct match,[M-2H]2-,
Cinnamyl acetate,C11H12O2,148.0524,MTBLS11904,221.0818,73.0294,,,,,,,9.013633,42503.47,No common adduct match,[M+ACN+Na]+,
Cinncassiol C3,C20H30O7,134.0732,MTBLS11904,427.1961,293.1229,,,,,,,100.035849,305770.18,No common adduct match,[2M+CH3COO]-,
Cinncassiol D3,C20H32O6,252.115,MTBLS11904,413.2171,161.1021,,,,,,,-90.005624,-178858.42,No common adduct match,[2M-H]-,
Cinobufagin,C26H34O6,382.1992,MTBLS11904,460.2684,78.0692,,,,,,,14.053433,31494.76,No common adduct match,[M+ACN+Na]+,
Ciramadol,C15H23NO2,368.2199,MTBLS11904,232.1692,-136.0507,,,,,,,25.070032,121053.27,No common adduct match,[M+2Na]2+,
"Cis,trans-5'-Hydroxythalidomide",C13H10N2O5,442.2355,MTBLS11904,311.0083,-131.2272,,,,,,,66.901332,274065.64,No common adduct match,[M+2Na]2+,
"Cis-3,5-Diethyl-1,2,4-trithiolane",C6H12S3,274.059,MTBLS11904,225.0073,-49.0517,,,,,,,-14.037847,-58724.67,No common adduct match,[M+H-2H2O]+,
Cis-3-Hexenyl lactate,C9H16O3,218.0402,MTBLS11904,217.1079,-0.9323,,,,,,,0.074976,345.46,No common adduct match,[M-H]-,
cis-Aconitic acid,C6H6O6,180.0101,S_33485385,173.0096,-7.0005,,,,,,,-5.993224,-33481.17,No common adduct match,[M-H]-,
cis-Aconitic acid,C6H6O6,180.0101,ST003159,173,-7.0101,,,,,,,-6.002824,-33534.8,No common adduct match,[M-H]-,
cis-Caryophyllene,C14H22,172.1099,S_24167579,191.076,18.9661,,,,,,,0.932277,4903.01,No common adduct match,[M+NH4]+,
Cis-Vaccenic acid,C18H34O2,174.0164,MTBLS11904,327.2537,153.2373,,,,,,,-19.771824,-56975.13,No common adduct match,[2M-H]-,
Citramalic acid,C5H8O5,190.1722,MTBLS11904,129.0192,-61.153,,,,,,,10.943882,92685.6,No common adduct match,[M+2Na]2+,
Citric Acid,C6H8O7,282.2559,S_35829770,215.0156,-67.2403,,,,,,,-32.226447,-130343.72,No common adduct match,[M+H-2H2O]+,
Citric Acid,C6H8O7,282.2559,MTBLS11904,191.0194,-91.2365,,,,,,,26.902232,163920.89,No common adduct match,[M+2Na]2+,
Citronellic acid,C10H18O2,148.0372,MTBLS11904,509.3841,361.3469,,,,,,,154.295849,434528.17,No common adduct match,[2M+CH3COO]-,
Citrulline,C6H13N3O3,192.027,S_28880465,175.0957,-16.9313,,,,,,,0.071988,411.31,No common adduct match,[M+H-H2O]+,
Citrulline,C6H13N3O3,192.027,S_28880465,175.0951,-16.9319,,,,,,,0.071388,407.88,No common adduct match,[M+H-H2O]+,
Citrulline,C6H13N3O3,192.027,S_35829770,176.1028,-15.9242,,,,,,,1.079088,6165.38,No common adduct match,[M+H-H2O]+,
Citrulline,C6H13N3O3,192.027,S_35829770,176.1029,-15.9241,,,,,,,1.079188,6165.95,No common adduct match,[M+H-H2O]+,
Citrulline,C6H13N3O3,192.027,MTBLS11904,174.0882,-17.9388,,,,,,,-0.935512,-5345.06,No common adduct match,[M+H-H2O]+,
Cladinose,C8H16O4,170.1307,MTBLS11904,527.3081,357.1774,,,,,,,128.032849,320663.12,No common adduct match,[2M+CH3COO]-,
Clarithromycin,C38H69NO13,175.0957,MTBLS11904,748.4823,573.3866,,,,,,,339.277049,829112.16,No common adduct match,[2M+CH3COO]-,
Clinofibrate,C28H36O6,176.1049,MTBLS11904,433.24,257.1351,,,,,,,22.016349,53538.63,No common adduct match,[2M+CH3COO]-,
Cnidilide,C12H18O2,747.4769,MTBLS11904,212.1643,-535.3126,,,,,,,-160.566874,-430784.66,No common adduct match,[M-2H]2-,
Cochineal Red A,C20H14N2O10S3,468.2512,S_24167579,560.9719,92.7207,,,,,,,28.704933,53929.58,No common adduct match,[M+ACN+Na]+,
Coixinden B,C13H14O4,194.1307,MTBLS11904,215.073,20.9423,,,,,,,-0.032365,-150.46,No common adduct match,[M+Na-2H]-,
Concanamycin a,C46H75NO14,537.9811,MTBLS11904,888.5101,350.529,,,,,,,-186.444824,-173444.32,No common adduct match,[2M-H]-,
Conhydrine,C8H17NO,234.0892,S_24167579,144.138,-89.9512,,,,,,,4.104182,29308.51,No common adduct match,[M+2Na]2+,
Coniferyl alcohol,C10H12O3,865.5188,MTBLS11904,225.0764,-640.4424,,,,,,,-206.675724,-478690.69,No common adduct match,[M-2H]2-,
Coniferylaldehyde,C10H10O3,143.131,MTBLS11904,179.0698,35.9388,,,,,,,0.969398,5442.99,No common adduct match,[M+Cl]-,
Coniferylaldehyde,C10H10O3,143.131,MTBLS11904,196.0965,52.9655,,,,,,,-6.048351,-29920.88,No common adduct match,[M+CH3COO]-,
Contignasterol,C29H48O7,180.0786,MTBLS11904,473.3239,293.2453,,,,,,,54.152849,129190.34,No common adduct match,[2M+CH3COO]-,
Corchoroside A,C29H42O9,178.063,MTBLS11904,552.3217,374.2587,,,,,,,137.181849,330447.31,No common adduct match,[2M+CH3COO]-,
Corchoroside B,C29H42O8,508.34,MTBLS11904,536.3266,27.9866,,,,,,,4.997382,9405.43,No common adduct match,[M+Na]+,
Corchorosol A,C29H44O9,534.2829,MTBLS11904,517.2805,-17.0024,[M+H-H2O]+,+,1,1,517.279612,-17.003288,0.000888,1.72,Matched,[M+H-H2O]+,[M+H-H2O]+ (err 0.000888 Da)
Corticosterone,C21H30O4,518.288,S_33485385,347.2208,-171.0672,,,,,,,65.087582,230698.05,No common adduct match,[M+2Na]2+,
Cortisone,C21H28O5,536.2985,S_35829770,361.1996,-175.0989,,,,,,,70.061132,240645.4,No common adduct match,[M+2Na]2+,
Cortisone,C21H28O5,536.2985,MTBLS11904,405.1913,-131.1072,,,,,,,-96.093347,-191694.18,No common adduct match,[M+H-2H2O]+,
Cortistatin A,C30H36N2O3,346.2144,MTBLS11904,493.2435,147.0291,,,,,,,83.013333,202357.94,No common adduct match,[M+ACN+Na]+,
Cortolone,C21H34O5,472.2726,MTBLS11904,387.2148,-85.0578,,,,,,,-50.043947,-114449.28,No common adduct match,[M+H-2H2O]+,
Corynanthine,C21H26N2O3,346.2144,MTBLS11904,319.1799,-27.0345,,,,,,,7.979353,25640.55,No common adduct match,[M+H-2H2O]+,
Costunolide,C15H20O2,366.2406,MTBLS11904,267.1139,-99.1267,,,,,,,61.004382,295980.42,No common adduct match,[M+2Na]2+,
Cotinine,C10H12N2O,354.1943,S_35829770,177.1019,-177.0924,,,,,,,-1.002526,-5628.87,No common adduct match,[M+2H]2+,
Cotinine,C10H12N2O,354.1943,MTBLS11904,177.1019,-177.0924,,,,,,,-1.002526,-5628.87,No common adduct match,[M+2H]2+,
Coumarin,C9H6O2,232.1463,S_35829770,147.0439,-85.1024,,,,,,,7.981532,57395.34,No common adduct match,[M+2Na]2+,
Coumarin,C9H6O2,232.1463,S_35829770,147.0437,-85.1026,,,,,,,7.981332,57393.9,No common adduct match,[M+2Na]2+,
Coumarin,C9H6O2,232.1463,MTBLS11904,188.0702,-44.0761,,,,,,,-9.062247,-45970.35,No common adduct match,[M+H-2H2O]+,
Coumaryl acetate,C11H12O3,176.095,MTBLS11904,175.075,-1.02,[M-H]-,-,-1,1,175.087724,-1.007276,-0.012724,-72.67,Matched,[M-H]-,[M-H]- (err -0.012724 Da)
Creatine,C4H9N3O2,192.0786,S_35829770,132.0766,-60.002,,,,,,,13.048082,109621.48,No common adduct match,[M+2Na]2+,
Creatine,C4H9N3O2,192.0786,S_35829770,132.0765,-60.0021,,,,,,,13.047982,109620.64,No common adduct match,[M+2Na]2+,
Creatine,C4H9N3O2,192.0786,MTBLS11904,132.0765,-60.0021,,,,,,,13.047982,109620.64,No common adduct match,[M+2Na]2+,
Creatinine,C4H7N3O,616.4128,S_35829770,114.0661,-502.3467,,,,,,,-193.133024,-628690.02,No common adduct match,[M-2H]2-,
Creatinine,C4H7N3O,616.4128,S_35829770,114.066,-502.3468,,,,,,,-193.133124,-628690.35,No common adduct match,[M-2H]2-,
Creatinine,C4H7N3O,616.4128,MTBLS1219,114.0662,-502.3466,,,,,,,-193.132924,-628689.7,No common adduct match,[M-2H]2-,
Creatinine,C4H7N3O,616.4128,MTBLS11904,114.066,-502.3468,,,,,,,-193.133124,-628690.35,No common adduct match,[M-2H]2-,
Crepidiaside B,C21H28O9,131.0695,MTBLS11904,445.1502,314.0807,,,,,,,123.997349,386100.73,No common adduct match,[2M+CH3COO]-,
Cromakalim,C16H18N2O3,113.0589,MTBLS11904,331.1296,218.0707,,,,,,,45.997949,161321.79,No common adduct match,[2M+CH3COO]-,
Cropropamide,C13H24N2O2,424.1733,MTBLS11904,498.4006,74.2273,,,,,,,10.211533,20917.17,No common adduct match,[M+ACN+Na]+,
Crustecdysone,C27H44O7,286.1317,ST003159,498.3457,212.214,,,,,,,-72.910424,-127631.76,No common adduct match,[2M-H]-,
Cucurbic acid,C12H20O3,240.1838,MTBLS11904,245.1743,4.9905,,,,,,,3.983224,16514.8,No common adduct match,[M+H]+,
Cucurbitacin A,C32H46O9,480.3087,MTBLS11904,592.3527,112.044,,,,,,,48.028233,88234.57,No common adduct match,[M+ACN+Na]+,
Cucurbitacin E,C32H44O8,212.1412,MTBLS11904,593.2573,381.1161,,,,,,,109.961049,227523.07,No common adduct match,[2M+CH3COO]-,
Cucurbitacin I,C30H42O7,574.3142,MTBLS11904,549.2676,-25.0466,,,,,,,-6.028759,-10856.83,No common adduct match,[M-H2O-H]-,
Cuminaldehyde,C10H12O,556.3036,MTBLS11904,193.0868,-363.2168,,,,,,,-84.057724,-303299.24,No common adduct match,[M-2H]2-,
Curcumin diglucoside,C33H40O16,514.2931,MTBLS11904,737.2345,222.9414,,,,,,,158.925633,274810.99,No common adduct match,[M+ACN+Na]+,
Curdione,C15H24O2,148.0888,MTBLS11904,219.1739,71.0851,,,,,,,7.069333,33329.47,No common adduct match,[M+ACN+Na]+,
Cyanidin,C15H11O6,692.2316,S_35829770,287.0546,-405.177,,,,,,,-58.053924,-168219.33,No common adduct match,[M-2H]2-,
Cyclamate,C6H13NO3S,236.1776,S_35829770,178.0544,-58.1232,,,,,,,-23.109347,-114878.29,No common adduct match,[M+H-2H2O]+,
Cyclamate,C6H13NO3S,236.1776,MTBLS11904,178.0543,-58.1233,,,,,,,-23.109447,-114878.79,No common adduct match,[M+H-2H2O]+,
Cyclo(glycylleucylvalylleucylprolylseryl),C27H46N6O7,287.0556,MTBLS11904,603.2887,316.2331,,,,,,,-5.791902,-9509.25,No common adduct match,[2M+Cl]-,
Cyclo(proline-leucine),C11H18N2O2,566.3428,S_35829770,211.1437,-355.1991,,,,,,,-71.020424,-251698.99,No common adduct match,[M-2H]2-,
Cyclohexanamine,C8H15N3O5S2 | C6H13N,210.1368,S_28880465,99.1044,-111.0324,,,,,,,-4.956724,-47632.81,No common adduct match,[M-2H]2-,
Cyclohexanamine,C8H15N3O5S2 | C6H13N,210.1368,S_35829770,100.112,-110.0248,,,,,,,-3.949124,-37950.04,No common adduct match,[M-2H]2-,
Cyclohexanecarboxylic acid,C7H12O2,210.1368,MTBLS11904,146.1173,-64.0195,,,,,,,18.059682,141027.78,No common adduct match,[M+2Na]2+,
Cyclohexaneundecanoic acid,C17H32O2,297.0453,MTBLS11904,559.4714,262.4261,,,,,,,-33.611924,-56673.19,No common adduct match,[2M-H]-,
Cycloleucine,C6H11NO2,99.1048,S_35829770,130.0861,30.9813,,,,,,,-3.988102,-29745.48,No common adduct match,[M+Cl]-,
Cycloleucine,C6H11NO2,99.1048,S_35829770,130.086,30.9812,,,,,,,-3.988202,-29746.23,No common adduct match,[M+Cl]-,
Cycloleucine,C6H11NO2,99.1048,S_35829770,130.0863,30.9815,,,,,,,-3.987902,-29743.99,No common adduct match,[M+Cl]-,
Cycloleucine,C6H11NO2,99.1048,S_35829770,130.0862,30.9814,,,,,,,-3.988002,-29744.74,No common adduct match,[M+Cl]-,
Cyclopentanol,C5H10O,128.0837,MTBLS11904,131.0713,2.9876,,,,,,,1.980324,15340.53,No common adduct match,[M+H]+,
Cyclopentylamine,C5H11N,268.2402,MTBLS11904,86.0963,-182.1439,,,,,,,-47.016524,-353208.07,No common adduct match,[M-2H]2-,
"Cyclopropanecarboxamide, 1,2,2,3,3-pentamethyl-",C9H17NO,129.079,MTBLS11904,200.129,71.05,,,,,,,7.034233,36428.92,No common adduct match,[M+ACN+Na]+,
Cyclopropanecarboxylic acid,C4H6O2,86.07316,MTBLS11904,171.0661,84.99294,,,,,,,-0.072944,-426.22,No common adduct match,[2M-H]-,
Cyclostenol,C28H48O2,85.08915,MTBLS11904,461.3627,376.27355,,,,,,,232.170549,1012995.2,No common adduct match,[2M+CH3COO]-,
Cyclotricuspidogenin C,C31H52O7,155.131,MTBLS11904,557.3433,402.2123,,,,,,,188.067449,509287.16,No common adduct match,[2M+CH3COO]-,
Cyperolone,C15H24O2,86.03678,MTBLS11904,273.1244,187.08762,,,,,,,42.036989,181909.47,No common adduct match,[2M+CH3COO]-,
Cyromazine,C6H10N6,416.3654,MTBLS11904,350.2295,-66.1359,,,,,,,-31.122047,-81609.86,No common adduct match,[M+H-2H2O]+,
Cystathionine sulfoxide,C7H14N2O5S,536.3713,MTBLS11904,273.0337,-263.3376,,,,,,,3.840774,14267.74,No common adduct match,[M+2H]2+,
cysteine-S-sulfate,C3H7NO5S2,236.1776,MTBLS11904,199.9691,-36.2085,,,,,,,-1.194647,-5938.68,No common adduct match,[M+H-2H2O]+,
Cysteinyl-Asparagine,C7H13N3O4S,166.0967,MTBLS11904,200.0469,33.9502,,,,,,,-1.019202,-5068.99,No common adduct match,[M+Cl]-,
Cysteinyl-Threonine,C7H14N2O4S,238.0623,MTBLS11904,205.0638,-32.9985,,,,,,,2.015353,9925.48,No common adduct match,[M+H-2H2O]+,
Cysteinylhydroxyproline,C8H14N2O4S,200.9766,MTBLS11904,252.1015,51.1249,,,,,,,6.126699,24907.83,No common adduct match,[M+FA-H]- / [M+HCOO]-,
Cystine,C6H12N2O4S2,235.0627,S_24167579,241.03,5.9673,,,,,,,4.960024,21010.82,No common adduct match,[M+H]+,
Cystine,C6H12N2O4S2,235.0627,S_35829770,241.0307,5.968,,,,,,,4.960724,21013.78,No common adduct match,[M+H]+,
"Cytidine 2 ?ó?ó?ÇÜ?¼?é??,3 ?ó?ó?ÇÜ?¼?é??-cyclic phosphate",C9H12N3O7P,222.0674,S_29518718,306.0479,83.9805,,,,,,,19.964733,69786.47,No common adduct match,[M+ACN+Na]+,
Cytochalasin B,C29H37NO5,234.0674,MTBLS11904,497.305,263.2376,,,,,,,-5.799202,-11526.84,No common adduct match,[2M+Cl]-,
Cytosine,C4H5N3O,240.0238,MTBLS11904,221.0794,-18.9444,,,,,,,0.073441,332.3,No common adduct match,[M-H2O-H]-,
D-Alloisoleucine,C6H13NO2,305.0413,S_35829770,132.1018,-172.9395,,,,,,,-19.411574,-128117.89,No common adduct match,[M-2H]2-,
D-Apiose,C5H10O5,479.2672,MTBLS11904,131.0349,-348.2323,,,,,,,-107.591424,-450878.27,No common adduct match,[M-2H]2-,
D-Arginine,C6H14N4O2,111.0433,S_35829770,175.1186,64.0753,,,,,,,0.059533,340.07,No common adduct match,[M+ACN+Na]+,
D-Arginine,C6H14N4O2,111.0433,S_35829770,175.1188,64.0755,,,,,,,0.059733,341.22,No common adduct match,[M+ACN+Na]+,
D-Cystine,C6H12N2O4S2,131.0946,S_35829770,241.0303,109.9357,,,,,,,-20.151624,-77155.51,No common adduct match,[2M-H]-,
D-Cystine,C6H12N2O4S2,131.0946,S_35829770,241.0308,109.9362,,,,,,,-20.151124,-77153.59,No common adduct match,[2M-H]-,
D-Digitoxose,C6H12O4,150.0528,MTBLS11904,314.1803,164.1275,,,,,,,-3.959123,-12444.62,No common adduct match,[2M+NH4]+,
D-Dopa,C9H11NO4,174.1117,S_35829770,198.0756,23.9639,,,,,,,0.974682,4945.09,No common adduct match,[M+Na]+,
D-Fructose,C6H12O6,240.0238,MTBLS11904,163.0598,-76.964,,,,,,,20.058682,140269.41,No common adduct match,[M+2Na]2+,
d-Galac-tosamine,C6H13NO5,148.0736,S_35829770,180.0865,32.0129,,,,,,,-2.956502,-16151.95,No common adduct match,[M+Cl]-,
D-Galactaric acid,C6H10O8,197.0688,MTBLS11904,209.0299,11.9611,,,,,,,-6.072723,-28231.75,No common adduct match,[M+NH4]+,
D-Galactose,C6H12O6,180.0634,MTBLS11904,215.0324,34.969,[M+Cl]-,-,-1,1,215.032802,34.969402,-0.000402,-1.87,Matched,[M+Cl]-,[M+Cl]- (err -0.000402 Da)
"D-Glucaro-1,4-lactone",C6H8O7,179.0794,MTBLS11904,210.0604,30.981,,,,,,,-3.988402,-18633.14,No common adduct match,[M+Cl]-,
D-Gluconic acid,C6H12O7,210.0376,S_35829770,195.051,-14.9866,,,,,,,2.016688,10447.3,No common adduct match,[M+H-H2O]+,
D-Glucosamine,C6H13NO5,180.0634,S_35829770,180.0865,0.0231,,,,,,,-0.984176,-5435.32,No common adduct match,[M+H]+,
D-Glucosamine,C6H13NO5,180.0634,MTBLS11904,160.0614,-20.002,,,,,,,-0.984159,-6111.06,No common adduct match,[M-H2O-H]-,
D-Glucuronic Acid,C6H10O7,192.027,MTBLS11904,193.0352,1.0082,[M+H]+,+,1,1,193.034276,1.007276,0.000924,4.78,Matched,[M+H]+,[M+H]+ (err 0.000924 Da)
D-Glucuronolactone,C6H8O6,196.0583,MTBLS11904,175.0247,-21.0336,,,,,,,-2.015759,-11385.87,No common adduct match,[M-H2O-H]-,
D-Glutamine,C5H10N2O3,179.0794,S_35829770,147.0762,-32.0032,,,,,,,3.010653,20897.8,No common adduct match,[M+H-2H2O]+,
D-Glutamine,C5H10N2O3,179.0794,S_35829770,147.0763,-32.0031,,,,,,,3.010753,20898.49,No common adduct match,[M+H-2H2O]+,
D-Histidine,C6H9N3O2,194.0427,S_35829770,156.0764,-37.9663,,,,,,,-2.952447,-18565.48,No common adduct match,[M+H-2H2O]+,
D-Histidine,C6H9N3O2,194.0427,S_35829770,156.0767,-37.966,,,,,,,-2.952147,-18563.59,No common adduct match,[M+H-2H2O]+,
D-Histidine,C6H9N3O2,194.0427,S_35829770,156.0766,-37.9661,,,,,,,-2.952247,-18564.22,No common adduct match,[M+H-2H2O]+,
D-Lactic acid,C3H6O3,176.0321,MTBLS11904,89.0243,-87.0078,[M+2H]2+,+,2,1,89.023326,2.014553,0.000974,10.94,Matched,[M+2H]2+,[M+2H]2+ (err 0.000974 Da)
D-Lysine,C6H14N2O2,146.0691,S_35829770,147.1125,1.0434,,,,,,,0.036124,245.61,No common adduct match,[M+H]+,
D-Mannose 6-Phosphate,C6H13O9P,155.0695,MTBLS11904,261.0364,105.9669,,,,,,,41.951133,191483.13,No common adduct match,[M+ACN+Na]+,
D-Methionine,C5H11NO2S,90.03169,S_35829770,150.0581,60.02641,,,,,,,1.012559,6793.62,No common adduct match,[M+CH3COO]-,
D-Methionine,C5H11NO2S,90.03169,S_35829770,150.0582,60.02651,,,,,,,1.012659,6794.29,No common adduct match,[M+CH3COO]-,
D-Ornithine,C5H12N2O2,146.1055,MTBLS11904,174.1234,28.0179,,,,,,,5.028682,29738.85,No common adduct match,[M+Na]+,
D-phenylalanine,C9H11NO2,260.0297,S_35829770,166.0861,-93.9436,,,,,,,13.082032,85501.2,No common adduct match,[M+2Na]2+,
D-serine,C3H7NO3,149.051,S_35829770,106.0498,-43.0012,,,,,,,-7.987347,-70041.63,No common adduct match,[M+H-2H2O]+,
D-serine,C3H7NO3,149.051,ST003159,104.04,-45.011,,,,,,,6.525282,66915.87,No common adduct match,[M+2Na]2+,
D-synephrine,C9H13NO2,132.0899,MTBLS11904,352.2225,220.1326,,,,,,,29.028849,89818.75,No common adduct match,[2M+CH3COO]-,
D-threo-Isocitric acid,C6H8O7,165.079,MTBLS11904,210.0605,44.9815,[M+2Na-H]+,+,1,1,210.05016,44.97116,0.01034,49.23,Matched,[M+2Na-H]+,[M+2Na-H]+ (err 0.010340 Da); [M+FA-H]- / [M+HCOO]- (err -0.016701 Da)
D-Tryptophan,C11H12N2O2,105.0426,S_35829770,205.097,100.0544,,,,,,,-3.980924,-19040.38,No common adduct match,[2M-H]-,
D-Tryptophan,C11H12N2O2,105.0426,ST003159,205.0972,100.0546,,,,,,,-3.980724,-19039.43,No common adduct match,[2M-H]-,
D-tyrosine,C9H11NO3,167.0946,S_35829770,182.0811,14.9865,,,,,,,-3.047323,-16460.59,No common adduct match,[M+NH4]+,
D-Valine,C5H11NO2,192.027,S_35829770,118.086,-73.941,,,,,,,-0.916718,-7703.34,No common adduct match,[M+2Na]2+,
Dactimicin,C18H36N6O6,204.0899,MTBLS11904,465.3062,261.2163,,,,,,,-1.887451,-4039.98,No common adduct match,[2M+CH3COO]-,
Dantrolene,C14H10N4O5,181.0739,MTBLS11904,351.0117,169.9378,,,,,,,-10.128824,-28046.77,No common adduct match,[2M-H]-,
Daphniphylline,C32H49NO5,117.079,ST003159,526.35,409.271,,,,,,,233.178149,795363.36,No common adduct match,[2M+CH3COO]-,
Daucol,C15H26O2,432.2696,MTBLS11904,237.1857,-195.0839,,,,,,,-1.938318,-8105.91,No common adduct match,[M+2Na]2+,
DDAO,C12H27NO,314.0651,S_35829770,202.2164,-111.8487,,,,,,,22.194632,123288.6,No common adduct match,[M+2Na]2+,
DDAO,C12H27NO,314.0651,S_35829770,202.2165,-111.8486,,,,,,,22.194732,123289.16,No common adduct match,[M+2Na]2+,
DDAO,C12H27NO,314.0651,MTBLS11904,202.2162,-111.8489,,,,,,,22.194432,123287.49,No common adduct match,[M+2Na]2+,
Dec-7-enedioylcarnitine,C17H29NO6,527.3611,MTBLS11904,361.2323,-166.1288,,,,,,,74.562532,260099.04,No common adduct match,[M+2Na]2+,
"Deca-2,7-dienedioyl-CoA",C31H48N7O19P3S,238.1933,MTBLS11904,930.1884,691.9951,,,,,,,394.787949,737369.47,No common adduct match,[2M+CH3COO]-,
Decadienyl-l-carnitine,C17H31NO3,201.2093,MTBLS11904,334.1769,132.9676,,,,,,,-67.234424,-167495.08,No common adduct match,[2M-H]-,
Decanoyl-L-carnitine,C17H33NO4,343.1995,S_35829770,316.2477,-26.9518,,,,,,,-7.933959,-24473.81,No common adduct match,[M-H2O-H]-,
Decanoyl-L-carnitine,C17H33NO4,343.1995,MTBLS11904,338.232,-4.9675,,,,,,,-3.960224,-11573.1,No common adduct match,[M-H]-,
Decenedioic acid,C10H16O4,947.1939,S_24167579,223.0963,-724.0976,,,,,,,-249.493374,-527928.11,No common adduct match,[M-2H]2-,
Decenedioic acid,C10H16O4,947.1939,S_24167579,223.0961,-724.0978,,,,,,,-249.493574,-527928.53,No common adduct match,[M-2H]2-,
Dehydrocarpaine I,C28H48N2O4,315.241,MTBLS11904,521.3299,206.0889,,,,,,,-108.144824,-171801.69,No common adduct match,[2M-H]-,
Dehydrocarpaine II,C28H46N2O4,200.1049,MTBLS11904,495.3181,295.2132,,,,,,,36.094449,78598.85,No common adduct match,[2M+CH3COO]-,
Dehydrochorismic acid,C10H8O6,300.2089,S_24167579,225.0407,-75.1682,,,,,,,-40.154347,-151414.39,No common adduct match,[M+H-2H2O]+,
dehydroepiandrosterone sulfate,C19H28O5S,476.3614,MTBLS11904,367.1579,-109.2035,,,,,,,-74.189647,-168098.02,No common adduct match,[M+H-2H2O]+,
Dehydroisoandrosterone 3-glucuronide,C25H36O8,474.3458,MTBLS11904,509.2385,34.8927,,,,,,,-0.076702,-150.6,No common adduct match,[M+Cl]-,
Dehydromonocrotaline,C16H21NO6,224.0321,MTBLS11904,368.1379,144.1058,,,,,,,-78.919024,-176530.14,No common adduct match,[2M-H]-,
Dehydrotumulosic acid,C31H48O4,368.1657,MTBLS11904,505.3322,137.1665,,,,,,,73.150733,169259.3,No common adduct match,[M+ACN+Na]+,
Dehydroxypaxilline,C27H33NO3,464.241,MTBLS11904,464.2169,-0.0241,,,,,,,0.983176,2122.42,No common adduct match,[M-H]-,
Dehydrozingerone,C11H12O3,323.1369,MTBLS11904,175.075,-148.0619,,,,,,,1.508303,8690.05,No common adduct match,[M+H+Na]2+,
Delgocitinib,C16H18N6O,484.3553,MTBLS11904,328.1865,-156.1688,,,,,,,63.019632,237660.28,No common adduct match,[M+2Na]2+,
Delta-Hydroxylysylnorleucine,C12H25N3O5,419.246,MTBLS11904,274.1756,-145.0704,,,,,,,41.563382,178680.99,No common adduct match,[M+2Na]2+,
Delta-Valerolactone,C5H8O2,192.0786,MTBLS11904,83.049,-109.0296,,,,,,,-11.983024,-126094.58,No common adduct match,[M-2H]2-,
"Delta8,14-Sterol",C29H46O,310.1542,MTBLS11904,431.3275,121.1733,,,,,,,57.157533,152758.21,No common adduct match,[M+ACN+Na]+,
Demethyloleuropein,C24H30O13,291.1794,MTBLS11904,549.1547,257.9753,,,,,,,-32.196824,-55382.71,No common adduct match,[2M-H]-,
Demethylphylloquinol,C30H46O2,100.0524,MTBLS11904,483.3167,383.2643,,,,,,,224.198049,865233.16,No common adduct match,[2M+CH3COO]-,
Demethylphylloquinone,C30H44O2,410.3549,MTBLS11904,473.2822,62.9273,,,,,,,-1.088467,-2294.55,No common adduct match,[M+ACN+Na]+,
Demissidine,C27H45NO,526.1686,MTBLS11904,445.3317,-80.8369,,,,,,,-45.823047,-93296.56,No common adduct match,[M+H-2H2O]+,
Deoxyadenosine,C10H13N5O3,438.3498,MTBLS11904,293.1373,-145.2125,,,,,,,50.973182,210490.23,No common adduct match,[M+2Na]2+,
DEOXYCARNITINE,C7H15NO2,436.3341,S_35829770,146.1175,-290.2166,,,,,,,-71.042274,-327142.88,No common adduct match,[M-2H]2-,
DEOXYCARNITINE,C7H15NO2,436.3341,MTBLS11904,146.1173,-290.2168,,,,,,,-71.042474,-327143.8,No common adduct match,[M-2H]2-,
deoxycholic acid,C24H40O4,399.3501,MTBLS11904,391.2849,-8.0652,,,,,,,-7.057924,-17718.21,No common adduct match,[M-H]-,
Deoxycholic acid 3-glucuronide,C30H48O10,251.1018,MTBLS11904,567.3168,316.215,,,,,,,6.099349,10868.07,No common adduct match,[2M+CH3COO]-,
Deoxycholic acid glycine conjugate,C26H43NO5,145.1103,MTBLS11904,448.306,303.1957,,,,,,,99.071549,283682.06,No common adduct match,[2M+CH3COO]-,
Deoxycholic acid glycine conjugate,C26H43NO5,145.1103,MTBLS11904,448.3062,303.1959,,,,,,,99.071749,283682.63,No common adduct match,[2M+CH3COO]-,
Deoxycholic acid glycine conjugate,C26H43NO5,145.1103,MTBLS11904,414.2996,269.1893,,,,,,,65.065149,186307.93,No common adduct match,[2M+CH3COO]-,
Deoxycholylasparagine,C28H46N2O6,392.2927,MTBLS11904,527.3082,135.0155,,,,,,,70.999733,155595.91,No common adduct match,[M+ACN+Na]+,
Deoxycholylglutamic acid,C29H47NO7,568.3247,MTBLS11904,504.3366,-63.9881,,,,,,,-28.974247,-54329,No common adduct match,[M+H-2H2O]+,
Deoxycholylhistidine,C30H47N3O5,449.3141,MTBLS11904,512.351,63.0369,,,,,,,-0.978867,-1906.9,No common adduct match,[M+ACN+Na]+,
Deoxycholylproline,C29H47NO5,506.3356,MTBLS11904,470.3234,-36.0122,,,,,,,-0.998347,-2118.19,No common adduct match,[M+H-2H2O]+,
Deoxycorticosterone acetate,C23H32O4,521.3353,MTBLS11904,353.212,-168.1233,,,,,,,69.555132,245208.7,No common adduct match,[M+2Na]2+,
Deoxycytidine,C9H13N3O4,529.3516,MTBLS11904,269.1255,-260.2261,,,,,,,3.442424,12956.88,No common adduct match,[M+2H]2+,
Deoxyribose,C5H10O4,489.3454,MTBLS11904,133.0505,-356.2949,,,,,,,-110.614924,-453962.33,No common adduct match,[M-2H]2-,
Deoxyvasicinone,C11H10N2O,372.2301,S_35829770,187.0864,-185.1437,,,,,,,-0.035926,-191.99,No common adduct match,[M+2H]2+,
Desacetylmetipranolol,C15H25NO3,227.0906,MTBLS11904,302.1509,75.0603,,,,,,,11.044533,37939.85,No common adduct match,[M+ACN+Na]+,
Desaminotyrosine,C9H10O3,134.0579,S_28880465,166.063,32.0051,,,,,,,-2.964302,-17537.42,No common adduct match,[M+Cl]-,
Desaminotyrosine,C9H10O3,134.0579,S_28880465,166.0655,32.0076,,,,,,,-2.961802,-17522.62,No common adduct match,[M+Cl]-,
Desaminotyrosine,C9H10O3,134.0579,MTBLS11904,211.061,77.0031,,,,,,,12.987333,65568.2,No common adduct match,[M+ACN+Na]+,
Desmethylastemizole,C27H29FN4O,186.0793,S_24167579,445.24,259.1607,,,,,,,14.067549,32626.27,No common adduct match,[2M+CH3COO]-,
Desmethylastemizole,C27H29FN4O,186.0793,S_24167579,445.2399,259.1606,,,,,,,14.067449,32626.04,No common adduct match,[2M+CH3COO]-,
Desmethylsertraline,C16H15Cl2N,267.1834,S_24167579,292.066,24.8826,,,,,,,1.893382,6525.02,No common adduct match,[M+Na]+,
Desmethyltetrahydropiperine sulfate,C16H23NO6S,166.063,MTBLS11904,378.101,212.038,,,,,,,0.976799,2590.13,No common adduct match,[2M+FA-H]- / [2M+HCOO]-,
Desoxycortisone acetate,C23H32O6,444.2325,MTBLS11904,449.2171,4.9846,,,,,,,3.977324,8932.99,No common adduct match,[M+H]+,
Dexamethasone acetate,C24H31FO6,291.0582,MTBLS11904,435.2191,144.1609,,,,,,,80.145133,225713.91,No common adduct match,[M+ACN+Na]+,
DG 36:3,C39H70O5,568.5067,MTBLS11904,636.5549,68.0482,,,,,,,4.032433,6375.16,No common adduct match,[M+ACN+Na]+,
DG(15:0/0:0/18:4n3),C36H62O5,616.5067,MTBLS11904,575.4649,-41.0418,,,,,,,-6.027947,-10366.33,No common adduct match,[M+H-2H2O]+,
DGDP,C10H15N5O10P2,618.5223,MTBLS11904,426.0216,-192.5007,,,,,,,93.771232,282230.63,No common adduct match,[M+2Na]2+,
DHAP(18:0),C21H41O7P,642.5223,MTBLS11904,457.2354,-185.2869,,,,,,,112.985032,328205.99,No common adduct match,[M+2Na]2+,
DI(Hydroxyethyl)ether,C4H10O3,574.4597,S_35829770,107.0701,-467.3896,,,,,,,-179.152474,-625920.14,No common adduct match,[M-2H]2-,
Diazepam,C16H13ClN2O,427.0294,MTBLS11904,285.0778,-141.9516,,,,,,,48.573882,205382.99,No common adduct match,[M+2Na]2+,
Dibekacin,C18H37N5O8,436.259,MTBLS11904,416.2478,-20.0112,,,,,,,-0.993359,-2380.78,No common adduct match,[M-H2O-H]-,
Dibenzo-18-crown-6,C20H24O6,106.063,MTBLS11904,378.1882,272.1252,,,,,,,107.048349,394808.61,No common adduct match,[2M+CH3COO]-,
Dibenzyl ether,C14H14O,284.0716,ST003159,197.1,-86.9716,,,,,,,32.074982,194364.36,No common adduct match,[M+2Na]2+,
Dibutyl Phthalate,C16H22O4,451.2642,MTBLS11904,277.1442,-174.12,,,,,,,28.522882,114724.2,No common adduct match,[M+2Na]2+,
Dibutylamine,C8H19N,360.1573,MTBLS11904,130.1588,-229.9985,,,,,,,-48.912574,-273145.69,No common adduct match,[M-2H]2-,
Dicloxacillin sodium,C19H18Cl2N3NaO6S,198.1045,S_24167579,532.006,333.9015,,,,,,,76.783149,168671.56,No common adduct match,[2M+CH3COO]-,
Didanosine,C10H12N4O3,278.1518,MTBLS11904,281.0888,2.937,,,,,,,1.929724,6912.63,No common adduct match,[M+H]+,
Diethanolamine,C4H11NO2,129.1517,MTBLS11904,106.0861,-23.0656,,,,,,,-4.047759,-36753.08,No common adduct match,[M-H2O-H]-,
Diethofencarb,C14H21NO4,509.0191,MTBLS11904,268.1539,-240.8652,,,,,,,1.646103,6176.57,No common adduct match,[M+H+Na]2+,
Diethyl Phthalate,C12H14O4,236.0909,MTBLS11904,221.0817,-15.0092,,,,,,,1.994088,9101.78,No common adduct match,[M+H-H2O]+,
Diethylpropion,C13H19NO,105.079,MTBLS11904,250.1445,145.0655,,,,,,,1.023342,4107.81,No common adduct match,[2M+K]+,
Diethyltoluamide,C12H17NO,267.1471,S_35829770,192.138,-75.0091,,,,,,,35.575232,227226.64,No common adduct match,[M+2Na]2+,
Diethyltoluamide,C12H17NO,267.1471,S_35829770,192.1378,-75.0093,,,,,,,35.575032,227225.36,No common adduct match,[M+2Na]2+,
Diethyltoluamide,C12H17NO,267.1471,MTBLS11904,233.1644,-33.9827,,,,,,,1.031153,4442.07,No common adduct match,[M+H-2H2O]+,
Difenpiramide,C19H16N2O,222.0892,S_24167579,289.133,67.0438,,,,,,,3.028033,10583.64,No common adduct match,[M+ACN+Na]+,
Diflubenzuron,C14H9ClF2N2O2,205.1467,MTBLS11904,638.0985,432.9518,,,,,,,168.791249,359660.43,No common adduct match,[2M+CH3COO]-,
Difluorodeoxyuridine,C9H10F2N2O5,191.131,MTBLS11904,263.0493,71.9183,,,,,,,7.902533,30972.5,No common adduct match,[M+ACN+Na]+,
Digitoxigenin,C23H34O4,288.1263,MTBLS11904,392.2781,104.1518,,,,,,,40.136033,113976.82,No common adduct match,[M+ACN+Na]+,
Digitoxigenin bisdigitoxide,C35H54O10,310.0321,MTBLS11904,652.4099,342.3778,,,,,,,-2.623702,-4005.45,No common adduct match,[2M+Cl]-,
Dihomo-alpha-linolenic acid,C20H34O2,264.0558,MTBLS11904,351.2536,87.1978,,,,,,,23.182033,70661.51,No common adduct match,[M+ACN+Na]+,
Dihydro-5-pentyl-2(3H)-furanone,C9H16O2,374.2457,MTBLS11904,157.122,-217.1237,,,,,,,-28.993574,-155782.63,No common adduct match,[M-2H]2-,
Dihydrocortisol,C21H32O5,634.3717,MTBLS11904,345.2043,-289.1674,,,,,,,5.029232,14784.25,No common adduct match,[M+2Na]2+,
dihydroergocornine,C31H41N5O5,156.115,MTBLS11904,596.3475,440.2325,,,,,,,225.103649,606349.84,No common adduct match,[2M+CH3COO]-,
Dihydroetorphine,C25H35NO4,364.225,MTBLS11904,394.2362,30.0112,,,,,,,-4.958202,-12420.52,No common adduct match,[M+Cl]-,
Dihydroferulic acid 4-O-sulfate,C10H12O7S,148.0524,MTBLS11904,275.0229,126.9705,,,,,,,-20.074624,-68027.08,No common adduct match,[2M-H]-,
Dihydrogeranylacetone,C13H24O,563.3108,MTBLS11904,241.1806,-322.1302,,,,,,,-39.467524,-140629.92,No common adduct match,[M-2H]2-,
Dihydroisomorphine-3-glucuronide,C23H29NO9,413.2566,MTBLS11904,464.1906,50.934,,,,,,,5.935799,12953.05,No common adduct match,[M+FA-H]- / [M+HCOO]-,
Dihydroisophorol,C9H18O,276.0304,MTBLS11904,343.285,67.2546,,,,,,,3.238833,9524.69,No common adduct match,[M+ACN+Na]+,
Dihydronaringenin-O-sulphate,C15H14O8S,196.1827,MTBLS11904,353.0333,156.8506,,,,,,,-38.324824,-97927.76,No common adduct match,[2M-H]-,
Dihydroneopterin phosphate,C9H14N5O7P,463.1842,MTBLS11904,356.0361,-107.1481,,,,,,,-72.134247,-168470.91,No common adduct match,[M+H-2H2O]+,
Dihydroouabain,C29H46O12,142.1358,MTBLS11904,569.2917,427.1559,,,,,,,226.006249,658362.45,No common adduct match,[2M+CH3COO]-,
Dihydrophaseic acid,C15H22O5,354.0409,MTBLS11904,317.114,-36.9269,,,,,,,-1.913047,-5996.5,No common adduct match,[M+H-2H2O]+,
Dihydrothiazine,C4H7NS,335.0631,MTBLS11904,134.0632,-200.9999,,,,,,,-32.461074,-194932.98,No common adduct match,[M-2H]2-,
Dihydroxycarbazepine,C15H14N2O3,586.2989,MTBLS11904,253.0968,-333.2021,,,,,,,-39.045374,-133651.96,No common adduct match,[M-2H]2-,
Dihydrozeatin,C10H15N5O,282.1467,MTBLS11904,239.161,-42.9857,,,,,,,-7.971847,-32257.34,No common adduct match,[M+H-2H2O]+,
Dihyroxy-1H-indole glucuronide I,C14H15NO8,101.0299,MTBLS11904,324.072,223.0421,,,,,,,62.998349,241304.89,No common adduct match,[2M+CH3COO]-,
Diisobutyl adipate,C14H26O4,270.1004,MTBLS11904,259.1899,-10.9105,,,,,,,6.092788,24072.93,No common adduct match,[M+H-H2O]+,
Diisononyl phthalate,C26H42O4,221.1277,MTBLS11904,463.3058,242.1781,,,,,,,-1.938818,-4167.31,No common adduct match,[2M+Na]+,
Dillanoside,C24H22O10,325.0798,MTBLS11904,505.0901,180.0103,,,,,,,115.994533,298113.22,No common adduct match,[M+ACN+Na]+,
Dimethisterone,C23H32O2,258.1831,MTBLS11904,339.2325,81.0494,,,,,,,17.033633,52866.83,No common adduct match,[M+ACN+Na]+,
Dimethyl adipate,C8H14O4,418.3083,MTBLS11904,175.0962,-243.2121,,,,,,,-33.050674,-158785.35,No common adduct match,[M-2H]2-,
Dimethyl-3-hydroxypyrid-4-one,C7H9NO2,470.1213,MTBLS11904,120.0454,-350.0759,,,,,,,-114.007974,-487102.46,No common adduct match,[M-2H]2-,
Dimethylsphingosine,C20H41NO2,340.2402,MTBLS11904,356.2786,16.0384,,,,,,,-1.995423,-5569.54,No common adduct match,[M+NH4]+,
Dimethylsulfide,C2H6S,174.0892,MTBLS11904,104.0527,-70.0365,,,,,,,5.009853,50582.68,No common adduct match,[M+H+Na]2+,
Dimethyltriazenoimidazole carboxamide,C6H10N6O,139.0633,MTBLS11904,165.088,26.0247,,,,,,,3.035482,18731.47,No common adduct match,[M+Na]+,
Dinitrosopentamethylenetetramine,C5H10N6O2,327.3137,S_24167579,187.093,-140.2207,,,,,,,0.446932,2394.54,No common adduct match,[M+2Na]2+,
Dinoseb,C10H12N2O5,62.01902,S_35829770,239.0674,177.04838,,,,,,,56.015509,306008.91,No common adduct match,[2M+CH3COO]-,
Dinoterb,C10H12N2O5,182.0916,MTBLS11904,239.0669,56.9753,,,,,,,-2.038551,-8455.02,No common adduct match,[M+CH3COO]-,
Dioctyl phthalate,C24H38O4,186.0865,MTBLS11904,413.2654,227.1789,,,,,,,2.129242,5178.92,No common adduct match,[2M+K]+,
Dioctyl succinate,C20H38O4,240.0746,MTBLS11904,449.3592,209.2846,,,,,,,-29.782724,-62158.46,No common adduct match,[2M-H]-,
Diosbulbinoside F,C26H34O12,240.0746,MTBLS11904,537.1983,297.1237,,,,,,,-1.964751,-3644.08,No common adduct match,[2M+CH3COO]-,
Diosgenin,C27H42O3,390.277,MTBLS11904,456.3512,66.0742,,,,,,,2.058433,4531.07,No common adduct match,[M+ACN+Na]+,
Diphacinone,C23H16O3,342.277,MTBLS11904,379.0719,36.7949,,,,,,,-0.153705,-405.31,No common adduct match,[M+K-2H]-,
Diphenhydramine,C17H21NO,538.205,MTBLS11904,256.169,-282.036,,,,,,,-11.926224,-44485.03,No common adduct match,[M-2H]2-,
Diphenylamine,C12H11N,414.3134,MTBLS11904,170.0961,-244.2173,,,,,,,-36.053324,-174889.28,No common adduct match,[M-2H]2-,
Diprotin A,C17H31N3O4,340.1099,MTBLS11904,324.2274,-15.8825,,,,,,,1.120788,3468.79,No common adduct match,[M+H-H2O]+,
DL-Acetylcarnitine,C9H17NO4,255.1623,MTBLS11904,204.1226,-51.0397,,,,,,,-16.025847,-72795.64,No common adduct match,[M+H-2H2O]+,
DL-Glutamic acid,C5H9NO4,169.0891,S_35829770,148.0603,-21.0288,,,,,,,-2.010959,-13400.03,No common adduct match,[M-H2O-H]-,
DL-Homocysteic acid,C4H9NO5S,203.1158,MTBLS11904,411.042,207.9262,,,,,,,3.803124,9338.8,No common adduct match,[2M+H]+,
DL-Homoserine,C4H9NO3,147.0532,MTBLS11904,120.0653,-26.9879,,,,,,,-7.970059,-62248.89,No common adduct match,[M-H2O-H]-,
DL-Lysine,C6H14N2O2,169.998,S_35829770,147.1125,-22.8855,,,,,,,-3.867659,-25617,No common adduct match,[M-H2O-H]-,
DL-m-Tyrosine,C9H11NO3,183.0201,MTBLS11904,180.0664,-2.9537,,,,,,,-1.946424,-10693.88,No common adduct match,[M-H]-,
DL-Norvaline,C5H11NO2,119.0582,MTBLS11904,159.1125,40.0543,,,,,,,1.091142,6905.03,No common adduct match,[M+K]+,
Dmap-ethyl-paf,C30H57N2O6P,146.1055,MTBLS11904,636.4151,490.3096,,,,,,,285.190249,811987.67,No common adduct match,[2M+CH3COO]-,
Dmg-mino,C27H35N5O8,181.0739,MTBLS11904,599.2848,418.2109,,,,,,,178.123149,422932.97,No common adduct match,[2M+CH3COO]-,
DN-isobutylamide,C20H32N6O5,117.079,MTBLS11904,481.2438,364.1648,,,,,,,188.071949,641507.53,No common adduct match,[2M+CH3COO]-,
DNOC,C7H6N2O5,572.3954,MTBLS11904,197.0202,-375.3752,,,,,,,-88.170224,-309162.64,No common adduct match,[M-2H]2-,
Docebenone,C21H26O3,557.2486,MTBLS11904,325.184,-232.0646,,,,,,,23.570482,78147.96,No common adduct match,[M+2Na]2+,
Docosahexaenoic Acid,C22H32O2,436.2434,S_33485385,327.2326,-109.0108,,,,,,,-73.996947,-184425.47,No common adduct match,[M+H-2H2O]+,
Docosahexaenoic Acid,C22H32O2,436.2434,MTBLS11904,327.2326,-109.0108,,,,,,,-73.996947,-184425.47,No common adduct match,[M+H-2H2O]+,
Docosahexaenoic Acid,C22H32O2,436.2434,ST003159,327.23,-109.0134,,,,,,,-73.999547,-184431.95,No common adduct match,[M+H-2H2O]+,
Docosanedioic acid,C22H42O4,198.0277,S_24167579,371.315,173.2873,,,,,,,-23.733124,-60076.54,No common adduct match,[2M-H]-,
Docosenamide,C22H43NO,326.1882,S_24167579,338.3409,12.1527,,,,,,,-5.881123,-17085.26,No common adduct match,[M+NH4]+,
Docosene,C22H44,328.2402,S_29518718,331.3348,3.0946,,,,,,,2.087324,6339.68,No common adduct match,[M+H]+,
Dodecanedioic Acid,C12H22O4,370.3083,MTBLS11904,229.1442,-141.1641,,,,,,,21.000832,100895.99,No common adduct match,[M+2Na]2+,
Dodecenoylcarnitine,C19H35NO4,337.3345,MTBLS11904,342.2653,4.9308,,,,,,,3.923524,11596.33,No common adduct match,[M+H]+,
Dolicholide,C28H46O6,230.1518,MTBLS11904,499.3044,269.1526,,,,,,,0.037642,75.39,No common adduct match,[2M+K]+,
Domoic acid,C15H21NO6,341.2566,MTBLS11904,276.1257,-65.1309,,,,,,,-30.117047,-98343.71,No common adduct match,[M+H-2H2O]+,
Donhexocin,C35H66O8,281.2719,MTBLS11904,649.4417,368.1698,,,,,,,27.884049,44861.57,No common adduct match,[2M+CH3COO]-,
DOPA sulfate,C9H11NO7S,478.3294,MTBLS11904,278.0324,-200.297,,,,,,,15.878482,60569.31,No common adduct match,[M+2Na]2+,
Dopamine,C8H11NO2,311.1369,MTBLS11904,118.0649,-193.072,,,,,,,-36.496274,-236128.34,No common adduct match,[M-2H]2-,
Dopamine 3-O-sulfate,C8H11NO5S,614.4758,MTBLS11904,234.0427,-380.4331,,,,,,,-72.187924,-235730.58,No common adduct match,[M-2H]2-,
Dopamine 3-O-sulfate,C8H11NO5S,614.4758,ST003159,232.03,-382.4458,,,,,,,-74.200624,-242303.08,No common adduct match,[M-2H]2-,
Dopamine 4-sulfate,C8H11NO5S,277.0256,MTBLS11904,234.0426,-42.983,,,,,,,-7.969147,-32928.76,No common adduct match,[M+H-2H2O]+,
Doxyl,C5H10NO2,153.079,MTBLS11904,116.0716,-37.0074,,,,,,,-1.993547,-16885.14,No common adduct match,[M+H-2H2O]+,
Drostanolone,C20H32O2,233.0358,MTBLS11904,303.2326,70.1968,,,,,,,6.181033,20807.95,No common adduct match,[M+ACN+Na]+,
DUDP,C9H14N2O11P2,233.0358,MTBLS11904,408.9792,175.9434,,,,,,,-56.085124,-120596.49,No common adduct match,[2M-H]-,
Dukunolide A,C26H26O9,116.0712,MTBLS11904,503.1325,387.0613,,,,,,,211.976249,728049.8,No common adduct match,[2M+CH3COO]-,
Dynorphin B (10-13),C20H39N5O6,304.2402,MTBLS11904,459.3027,155.0625,,,,,,,91.046733,247237.63,No common adduct match,[M+ACN+Na]+,
Dynorphin B (6-9),C26H43N11O6,388.0073,MTBLS11904,626.3198,238.3125,,,,,,,-148.687524,-191853.06,No common adduct match,[2M-H]-,
Ecdysone,C27H44O6,482.1577,MTBLS11904,509.3107,27.153,,,,,,,4.163782,8242.71,No common adduct match,[M+Na]+,
Ecdysterone,C27H44O7,445.29,MTBLS11904,501.2847,55.9947,,,,,,,-3.019151,-5986.77,No common adduct match,[M+CH3COO]-,
Ecgonine,C9H15NO3,605.3398,MTBLS11904,186.1122,-419.2276,,,,,,,-115.550424,-383045.21,No common adduct match,[M-2H]2-,
Ecgonine Ethyl Ester,C11H19NO3,464.3138,MTBLS11904,231.1699,-233.1439,,,,,,,0.020276,87.72,No common adduct match,[M-2H]2-,
Ectoine,C6H10N2O2,480.3087,S_35829770,143.0814,-337.2273,,,,,,,-96.065674,-401701.23,No common adduct match,[M-2H]2-,
Edetic Acid,C10H16N2O8,185.1052,S_35829770,293.0974,107.9922,,,,,,,43.976433,176526.42,No common adduct match,[M+ACN+Na]+,
Edetic Acid,C10H16N2O8,185.1052,MTBLS11904,293.0972,107.992,,,,,,,43.976233,176525.62,No common adduct match,[M+ACN+Na]+,
Edetic Acid,C10H16N2O8,185.1052,MTBLS11904,585.1873,400.0821,,,,,,,155.963049,363360.29,No common adduct match,[2M+CH3COO]-,
Edta citrate,C16H18N2O15,213.1365,MTBLS11904,513.0408,299.9043,,,,,,,27.753949,57190.81,No common adduct match,[2M+CH3COO]-,
Eicosapentaenoic Acid,C20H30O2,142.0742,MTBLS11904,301.2169,159.1427,,,,,,,-0.965323,-3194.51,No common adduct match,[2M+NH4]+,
Elaeocarpidine,C17H21N3,292.0907,S_24167579,290.165,-1.9257,,,,,,,-0.918424,-3155.19,No common adduct match,[M-H]-,
Elaidic carnitine,C25H47NO4,478.0707,MTBLS11904,470.3482,-7.7225,,,,,,,-6.715224,-14076.17,No common adduct match,[M-H]-,
Elatoside G,C36H56O11,302.2246,MTBLS11904,645.3615,343.1369,,,,,,,1.949142,3029.38,No common adduct match,[2M+K]+,
Embelin,C17H26O4,267.1735,MTBLS11904,336.2171,69.0436,,,,,,,5.027833,15181.15,No common adduct match,[M+ACN+Na]+,
Emetine,C29H40N2O4,425.3505,MTBLS11904,515.2636,89.9131,,,,,,,25.897333,52920.14,No common adduct match,[M+ACN+Na]+,
Emtricitabine,C8H10FN3O3S,664.3823,MTBLS11904,268.0169,-396.3654,,,,,,,-63.166974,-190730.83,No common adduct match,[M-2H]2-,
Enalapril,C20H28N2O5,294.1831,MTBLS11904,394.2304,100.0473,,,,,,,36.031533,100590.86,No common adduct match,[M+ACN+Na]+,
Endomorphin-1,C34H38N6O5,480.2988,MTBLS11904,628.3288,148.03,,,,,,,84.014233,154348.68,No common adduct match,[M+ACN+Na]+,
Enokipodin D,C15H18O4,247.0427,MTBLS11904,243.1042,-3.9385,,,,,,,-2.931224,-11913.83,No common adduct match,[M-H]-,
Enterolactone,C18H18O4,376.1998,MTBLS11904,299.1281,-77.0717,,,,,,,-42.057847,-123269.58,No common adduct match,[M+H-2H2O]+,
Epanolol,C20H23N3O4,610.2904,MTBLS11904,352.1649,-258.1255,,,,,,,24.030482,73233.65,No common adduct match,[M+2Na]2+,
Epi-coprostanol,C27H48O,262.1205,MTBLS11904,433.3681,171.2476,,,,,,,-89.865624,-171750.44,No common adduct match,[2M-H]-,
Epiandrosterone sulfate,C19H30O5S,298.1205,MTBLS11904,369.1736,71.0531,,,,,,,7.037333,19432.83,No common adduct match,[M+ACN+Na]+,
Epidermin,C98H141N25O23S4,369.1689,MTBLS11904,294.1542,-75.0147,,,,,,,-40.000847,-119707.45,No common adduct match,[M+H-2H2O]+,
EPIMESTROL,C19H26O3,388.3705,MTBLS11904,347.1594,-41.2111,,,,,,,-6.197247,-17538.22,No common adduct match,[M+H-2H2O]+,
Epoxymurin A,C35H62O3,370.1814,MTBLS11904,575.4672,205.2858,,,,,,,141.270033,325359.18,No common adduct match,[M+ACN+Na]+,
Eprosartan,C23H24N2O4S,2163.952,MTBLS11904,459.111,-1704.841,,,,,,,-621.857724,-575278.18,No common adduct match,[M-2H]2-,
Epsilon-(Carboxymethyl)lysine,C8H16N2O4,302.1882,MTBLS11904,169.0969,-133.0913,,,,,,,-4.986418,-28643.86,No common adduct match,[M+2Na]2+,
Epsilon-(Hexanoyl)lysine,C12H24N2O3,530.4699,MTBLS11904,530.3901,-0.0798,,,,,,,0.927476,1751.73,No common adduct match,[M-H]-,
Epsilon-caprolactam,C6H11NO,424.1457,MTBLS11904,158.0822,-266.0635,,,,,,,-52.983374,-251028.02,No common adduct match,[M-2H]2-,
Epsilon-Caprolactone,C6H10O2,204.111,MTBLS11904,287.1504,83.0394,,,,,,,19.023633,70950.15,No common adduct match,[M+ACN+Na]+,
Eptifibatide,C35H49N11O9S2,244.1787,MTBLS11904,868.2627,624.084,,,,,,,320.891449,586240.96,No common adduct match,[2M+CH3COO]-,
Eriojaposide B,C25H40O11,113.0841,MTBLS11904,534.2943,421.2102,,,,,,,249.112249,873520.08,No common adduct match,[2M+CH3COO]-,
Erucamide,C22H43NO,114.0681,MTBLS11904,675.6746,561.6065,,,,,,,388.524549,1353036.67,No common adduct match,[2M+CH3COO]-,
Erythromycin,C37H67NO13,516.2571,MTBLS11904,734.4666,218.2095,,,,,,,154.193733,265726.25,No common adduct match,[M+ACN+Na]+,
Erythromycylamine,C37H70N2O12,337.3345,MTBLS11904,379.2481,41.9136,,,,,,,-0.120225,-316.91,No common adduct match,[M+ACN+H]+,
Erythrose,C4H8O4,733.4612,MTBLS11904,119.0349,-614.4263,,,,,,,-246.688424,-674521.99,No common adduct match,[M-2H]2-,
"Estra-1,3,5(10),7-tetraene-3,17alpha-diol",C18H22O2,734.4929,MTBLS11904,291.1363,-443.3566,,,,,,,-75.102874,-205065.1,No common adduct match,[M-2H]2-,
"Estra-1,3,5(10)-triene-3,17-diol, 16-iodo-, (16alpha,17beta)-",C18H23IO2,118.0266,MTBLS11904,419.0461,301.0195,,,,,,,123.979049,420172.46,No common adduct match,[2M+CH3COO]-,
Estradiol valerate,C23H32O3,270.162,MTBLS11904,377.2112,107.0492,,,,,,,43.033433,128774.08,No common adduct match,[M+ACN+Na]+,
Estradiol-17beta-glucuronide,C24H32O8,398.0743,MTBLS11904,447.2054,49.1311,,,,,,,4.132899,9327.82,No common adduct match,[M+FA-H]- / [M+HCOO]-,
Estradiol-17beta-glucuronide,C24H32O8,398.0743,MTBLS11904,466.2403,68.166,,,,,,,4.150233,8981.44,No common adduct match,[M+ACN+Na]+,
Estriol-16-Glucuronide,C24H32O9,272.1776,MTBLS11904,482.2352,210.0576,,,,,,,-61.112724,-112474.38,No common adduct match,[2M-H]-,
Estriol-17-glucuronide,C24H32O9,356.2351,MTBLS11904,447.2015,90.9664,,,,,,,26.950633,64129.87,No common adduct match,[M+ACN+Na]+,
Estrone glucuronide,C24H30O8,464.2046,MTBLS11904,427.1798,-37.0248,,,,,,,-2.010947,-4685.44,No common adduct match,[M+H-2H2O]+,
Etamicastat,C14H15F2N3OS,464.2046,MTBLS11904,292.072,-172.1326,,,,,,,36.980482,144969.47,No common adduct match,[M+2Na]2+,
Ethanolamine,C2H7NO,270.162,S_28880465,61.0528,-209.1092,,,,,,,-73.020924,-544632.62,No common adduct match,[M-2H]2-,
Ethanolamine,C2H7NO,270.162,S_35829770,62.06015,-208.10185,,,,,,,-72.013574,-537119.22,No common adduct match,[M-2H]2-,
Ethisterone,C21H28O2,446.1941,MTBLS11904,311.2012,-134.9929,,,,,,,65.114932,264602.05,No common adduct match,[M+2Na]2+,
Ethosuximide,C7H11NO2,311.0904,S_35829770,142.086,-169.0044,,,,,,,-12.451924,-80575.2,No common adduct match,[M-2H]2-,
Ethosuximide,C7H11NO2,311.0904,S_35829770,142.0862,-169.0042,,,,,,,-12.451724,-80573.9,No common adduct match,[M-2H]2-,
Ethotoin,C11H12N2O2,61.05276,MTBLS11904,239.0596,178.00684,,,,,,,57.940229,319900.79,No common adduct match,[2M+CH3COO]-,
Ethyl 3-aminobenzoate,C9H11NO2,312.2089,MTBLS11904,210.0769,-102.132,,,,,,,30.983232,173000.15,No common adduct match,[M+2Na]2+,
Ethyl 3-hydroxydodecanoate,C14H28O3,141.079,MTBLS11904,262.2372,121.1582,,,,,,,-18.913524,-67271.83,No common adduct match,[2M-H]-,
"Ethyl 8-azido-5-methyl-6-oxo-4H-imidazo[1,5-a][1,4]benzodiazepine-3-carboxylate",C15H14N6O3,204.0899,MTBLS11904,344.1489,140.059,,,,,,,-63.023624,-154783.59,No common adduct match,[2M-H]-,
Ethyl maltol,C7H8O3,165.079,MTBLS11904,185.0174,19.9384,,,,,,,-1.036265,-5569.71,No common adduct match,[M+Na-2H]-,
Ethyl menthane carboxamide,C13H25NO,244.2038,MTBLS11904,229.227,-14.9768,,,,,,,2.026488,8919.38,No common adduct match,[M+H-H2O]+,
Ethyl Myristate,C16H32O2,326.1127,MTBLS11904,255.2326,-70.8801,,,,,,,-35.866247,-123209.86,No common adduct match,[M+H-2H2O]+,
Ethyl N2-acetyl-L-argininate,C10H20N4O3,140.0473,MTBLS11904,286.1854,146.1381,,,,,,,5.083524,18084.27,No common adduct match,[2M+H]+,
Ethyl octanoate,C10H20O2,211.1936,MTBLS11904,209.0945,-2.0991,,,,,,,-1.091824,-5194.55,No common adduct match,[M-H]-,
Ethyl oleate,C20H38O2,256.2402,MTBLS11904,355.285,99.0448,,,,,,,35.029033,109378.24,No common adduct match,[M+ACN+Na]+,
Ethylene carbonate,C3H4O3,172.1463,MTBLS11904,87.0087,-85.1376,,,,,,,-0.071726,-823.68,No common adduct match,[M+2H]2+,
Ethylenediaminetetraaceticacid,C10H16N2O8,310.2872,MTBLS11904,291.0828,-19.2044,,,,,,,-0.186559,-640.5,No common adduct match,[M-H2O-H]-,
Ethylhydrocupreine,C21H28N2O2,222.074,MTBLS11904,339.2083,117.1343,,,,,,,53.118533,185670.86,No common adduct match,[M+ACN+Na]+,
Etiracetam,C8H14N2O2,88.01604,MTBLS11904,341.2212,253.20516,,,,,,,106.175269,451721.37,No common adduct match,[2M+CH3COO]-,
Etodolac acyl glucuronide,C23H29NO9,292.0907,MTBLS11904,462.1768,170.0861,,,,,,,106.070333,297861.29,No common adduct match,[M+ACN+Na]+,
Eucarvone,C10H14O,340.2151,MTBLS11904,168.138,-172.0771,,,,,,,-0.962274,-5690.55,No common adduct match,[M-2H]2-,
Eugenin,C11H10O4,170.1055,MTBLS11904,187.0398,16.9343,,,,,,,-1.099523,-5844.2,No common adduct match,[M+NH4]+,
Euscaphic acid,C30H48O5,463.1842,MTBLS11904,487.341,24.1568,,,,,,,1.167582,2401.58,No common adduct match,[M+Na]+,
Euscaphic acid,C30H48O5,463.1842,MTBLS11904,521.3802,58.196,,,,,,,-0.817851,-1566.17,No common adduct match,[M+CH3COO]-,
"Exo,exo-1,8-Epoxy-p-menthane-2,6-diol",C10H18O3,150.1045,MTBLS11904,185.1181,35.0136,,,,,,,0.044198,238.81,No common adduct match,[M+Cl]-,
"Exo-5,6-Dimethylbicyclo[2.2.1]hept-5-en-2-ol",C9H14O,206.0579,MTBLS11904,183.1025,-22.9554,,,,,,,-3.937559,-21051.95,No common adduct match,[M-H2O-H]-,
Ezetimibe-glucuronide,C30H29F2NO9,186.1256,MTBLS11904,620.1468,434.0212,,,,,,,188.881749,437971.38,No common adduct match,[2M+CH3COO]-,
FA 20:2,C20H36O2,585.181,S_33485385,307.2605,-277.9205,,,,,,,2.671753,8771.67,No common adduct match,[M+H+Na]2+,
FA 20:2,C20H36O2,585.181,ST003159,307.26,-277.921,,,,,,,2.671253,8770.03,No common adduct match,[M+H+Na]2+,
FA 9:0+1O; PlaSMA ID-176,C9H18O3,308.2715,S_35829770,173.1184,-135.1531,,,,,,,-4.006568,-22620.01,No common adduct match,[M+2Na]2+,
FAD,C27H33N9O15P2,326.3185,MTBLS11904,784.149,457.8305,,,,,,,72.498149,101873.2,No common adduct match,[2M+CH3COO]-,
Fagomine,C6H13NO3,354.3498,MTBLS11904,148.0966,-206.2532,,,,,,,-28.071024,-159342.69,No common adduct match,[M-2H]2-,
FAPy-adenine,C5H7N5O,785.1571,MTBLS11904,195.0985,-590.0586,,,,,,,-196.472774,-501754.82,No common adduct match,[M-2H]2-,
Farglitazar,C34H30N2O5,147.0895,MTBLS11904,272.0992,125.0097,,,,,,,-21.072524,-71877.75,No common adduct match,[2M-H]-,
Fasciculol C,C30H52O6,337.0449,MTBLS11904,531.3645,194.3196,,,,,,,130.303833,324898.06,No common adduct match,[M+ACN+Na]+,
Fenitrothion,C9H12NO5PS,153.0651,MTBLS11904,599.0381,445.973,,,,,,,233.894049,640552.81,No common adduct match,[2M+CH3COO]-,
Fenobucarb,C12H17NO2,546.2155,MTBLS11904,225.1593,-321.0562,,,,,,,-46.941174,-172514.12,No common adduct match,[M-2H]2-,
Fenoprofen,C15H14O3,508.3764,MTBLS11904,279.0446,-229.3318,,,,,,,1.867182,6736.41,No common adduct match,[M+2Na]2+,
Fenquizone,C14H12ClN3O3S,277.0174,MTBLS11904,318.0094,40.992,,,,,,,-1.041825,-3265.39,No common adduct match,[M+ACN+H]+,
Fenthiaprop,C16H12ClNO4S,207.1259,S_24167579,350.028,142.9021,,,,,,,-63.216524,-152976.07,No common adduct match,[2M-H]-,
Fenvalerate,C25H22ClNO3,242.0943,MTBLS11904,384.1142,142.0199,,,,,,,78.004133,254823.81,No common adduct match,[M+ACN+Na]+,
Feruloylagmatine,C15H22N4O3,337.0288,S_24167579,329.1562,-7.8726,,,,,,,-6.865324,-20431.2,No common adduct match,[M-H]-,
Fibrinopeptide A human,C63H97N19O26,349.0176,MTBLS11904,766.8345,417.8169,,,,,,,9.785449,12925.78,No common adduct match,[2M+CH3COO]-,
Filipin II,C35H58O10,419.1288,MTBLS11904,639.4066,220.2778,,,,,,,156.262033,323427.07,No common adduct match,[M+ACN+Na]+,
Fipronil Sulfone,C12H4Cl2F6N4O2S,306.1692,MTBLS11904,450.9258,144.7566,,,,,,,80.740833,218109.43,No common adduct match,[M+ACN+Na]+,
FLESTOLOL,C15H22FN3O4,1535.685,MTBLS11904,672.3552,-863.3298,,,,,,,-94.480024,-123207.73,No common adduct match,[M-2H]2-,
Floionolic acid,C18H36O5,638.403,MTBLS11904,355.2447,-283.1583,,,,,,,13.053982,38148.26,No common adduct match,[M+2Na]2+,
Floridin,C19H18N3O4S2+,451.9336,MTBLS11904,450.0391,-1.8945,,,,,,,-0.887224,-1967.56,No common adduct match,[M-H]-,
Fluconazole,C13H12F2N6O,327.1594,S_35829770,305.0966,-22.0628,,,,,,,-3.044959,-9881.69,No common adduct match,[M-H2O-H]-,
Fluconazole,C13H12F2N6O,327.1594,S_35829770,307.1104,-20.049,,,,,,,-1.031159,-3346.38,No common adduct match,[M-H2O-H]-,
Fluconazole,C13H12F2N6O,327.1594,S_35829770,307.1107,-20.0487,,,,,,,-1.030859,-3345.41,No common adduct match,[M-H2O-H]-,
Fluconazole,C13H12F2N6O,327.1594,S_35829770,307.1103,-20.0491,,,,,,,-1.031259,-3346.7,No common adduct match,[M-H2O-H]-,
Flumethasone,C22H28F2O5,332.2563,MTBLS11904,443.2217,110.9654,,,,,,,46.949633,118478.28,No common adduct match,[M+ACN+Na]+,
Fluocortolone Pivalate,C27H37FO5,384.1018,MTBLS11904,505.2645,121.1627,,,,,,,57.146933,127526.65,No common adduct match,[M+ACN+Na]+,
Fluorescein thiohydantoin,C23H14N2O6S,306.1041,MTBLS11904,481.0246,174.9205,,,,,,,110.904733,299645.45,No common adduct match,[M+ACN+Na]+,
Fluoxetine glucuronide,C23H26F3NO7,410.1905,MTBLS11904,530.1641,119.9736,,,,,,,55.957833,118003.15,No common adduct match,[M+ACN+Na]+,
Flupoxam,C19H14ClF5N4O2,460.2625,MTBLS11904,505.0705,44.808,,,,,,,-0.16316,-322.94,No common adduct match,[M+2Na-H]+,
Fluprostenol,C23H29F3O6,446.0573,MTBLS11904,439.1768,-6.8805,,,,,,,-5.873224,-13196.77,No common adduct match,[M-H]-,
Flurenol,C14H10O3,485.1661,MTBLS11904,247.0392,-238.1269,,,,,,,3.448874,14158.5,No common adduct match,[M+2H]2+,
Flurithromycin,C37H66FNO13,460.0725,MTBLS11904,716.4345,256.362,,,,,,,192.346233,367011.14,No common adduct match,[M+ACN+Na]+,
Flurochloridone,C12H10Cl2F3NO,458.1916,MTBLS11904,356.0071,-102.1845,,,,,,,-67.170647,-158729.16,No common adduct match,[M+H-2H2O]+,
Fluvoxamino acid,C14H19F3N2O2,226.063,MTBLS11904,301.1176,75.0546,,,,,,,11.038833,38054.61,No common adduct match,[M+ACN+Na]+,
Food orange 7,C32H44O2,751.4518,MTBLS11904,505.3319,-246.1199,,,,,,,106.616782,267400.9,No common adduct match,[M+2Na]2+,
Formyl 3-hydroxybutanoate,C5H8O4,311.0092,MTBLS11904,113.0243,-197.9849,,,,,,,-41.473024,-268438.46,No common adduct match,[M-2H]2-,
Fosteabine,C27H50N3O8P,304.1399,MTBLS11904,598.3188,294.1789,,,,,,,-8.953724,-14744.16,No common adduct match,[2M-H]-,
Fructose 1-phosphate,C6H13O9P,460.3341,MTBLS11904,296.9795,-163.3546,,,,,,,43.823232,173107.43,No common adduct match,[M+2Na]2+,
Fructose-6-phosphate lactate,C9H15O13P,132.0423,MTBLS11904,361.0153,228.973,,,,,,,37.916849,117353.86,No common adduct match,[2M+CH3COO]-,
Fructosyl valine,C11H21NO7,575.3336,MTBLS11904,280.1385,-295.1951,,,,,,,-6.521024,-22748.32,No common adduct match,[M-2H]2-,
Fuegin,C15H22O4,362.025,MTBLS11904,265.1443,-96.8807,,,,,,,61.142582,299716.02,No common adduct match,[M+2Na]2+,
fumaric acid,C4H4O4,279.1318,MTBLS11904,115.0036,-164.1282,,,,,,,-23.555024,-170000.42,No common adduct match,[M-2H]2-,
Fumigaclavine C,C23H30N2O2,164.0685,MTBLS11904,331.2169,167.1484,,,,,,,2.072624,6297.01,No common adduct match,[2M+H]+,
Furafylline,C12H12N4O3,266.1518,MTBLS11904,297.0404,30.8886,,,,,,,-4.080802,-13552.02,No common adduct match,[M+Cl]-,
Furanodienone,C15H18O2,116.011,MTBLS11904,211.1134,95.1024,,,,,,,-19.901324,-86147.42,No common adduct match,[2M-H]-,
Furanone A,C10H12O4,366.2307,MTBLS11904,167.0349,-199.1958,,,,,,,-15.073174,-82770.48,No common adduct match,[M-2H]2-,
Furapyrimidone,C9H10N4O4,260.0909,MTBLS11904,271.1014,11.0105,,,,,,,-7.023323,-25252.42,No common adduct match,[M+NH4]+,
Furazolidone,C8H7N3O5,230.1307,MTBLS11904,243.0705,12.9398,,,,,,,-5.094023,-20526.8,No common adduct match,[M+NH4]+,
Furosemide glucuronide,C18H19ClN2O11S,196.0736,S_24167579,507.043,310.9694,,,,,,,55.881949,123862.53,No common adduct match,[2M+CH3COO]-,
Furosemide glucuronide,C18H19ClN2O11S,196.0736,S_24167579,507.05,310.9764,,,,,,,55.888949,123878.05,No common adduct match,[2M+CH3COO]-,
Furosemide glucuronide,C18H19ClN2O11S,196.0736,S_24167579,507.0434,310.9698,,,,,,,55.882349,123863.42,No common adduct match,[2M+CH3COO]-,
Furosemide glucuronide,C18H19ClN2O11S,196.0736,S_24167579,507.0496,310.976,,,,,,,55.888549,123877.16,No common adduct match,[2M+CH3COO]-,
Fusaric Acid,C10H13NO2,238.0702,MTBLS11904,197.128,-40.9422,,,,,,,-5.928347,-29195.58,No common adduct match,[M+H-2H2O]+,
Fusidic Acid,C31H48O6,225.0386,MTBLS11904,537.318,312.2794,,,,,,,28.226949,55445.78,No common adduct match,[2M+CH3COO]-,
Gabapentin,C9H17NO2,506.0398,S_35829770,172.1331,-333.9067,,,,,,,-79.879524,-316966.36,No common adduct match,[M-2H]2-,
Gabapentin,C9H17NO2,506.0398,S_35829770,170.0923,-335.9475,,,,,,,-81.920324,-325064.37,No common adduct match,[M-2H]2-,
Gabazine,C15H18BrN3O3,179.0946,MTBLS11904,332.1249,153.0303,,,,,,,-25.057024,-70151.99,No common adduct match,[2M-H]-,
Galactocerebroside,C25H47NO9,171.1259,MTBLS11904,486.304,315.1781,,,,,,,85.038349,211925.31,No common adduct match,[2M+CH3COO]-,
Gallamonum,C24H45N3O3,367.0532,MTBLS11904,441.3789,74.3257,,,,,,,10.309933,23917.13,No common adduct match,[M+ACN+Na]+,
Gamma Aminobutyric acid,C4H9NO2,342.1162,S_28880465,103.0633,-239.0529,,,,,,,-66.987524,-393926.49,No common adduct match,[M-2H]2-,
Gamma Aminobutyric acid,C4H9NO2,342.1162,S_35829770,104.0704,-238.0458,,,,,,,-65.980424,-388004.14,No common adduct match,[M-2H]2-,
Gamma Aminobutyric acid,C4H9NO2,342.1162,S_35829770,104.0705,-238.0457,,,,,,,-65.980324,-388003.55,No common adduct match,[M-2H]2-,
Gamma Aminobutyric acid,C4H9NO2,342.1162,MTBLS11904,104.0705,-238.0457,,,,,,,-65.980324,-388003.55,No common adduct match,[M-2H]2-,
Gamma-Butyrolactone,C4H6O2,505.3251,MTBLS11904,128.0704,-377.2547,,,,,,,-123.584874,-491087.95,No common adduct match,[M-2H]2-,
gamma-Glu-leu,C11H20N2O5,423.3461,S_35829770,261.1435,-162.2026,,,,,,,26.481232,112848.27,No common adduct match,[M+2Na]2+,
gamma-Glu-leu,C11H20N2O5,423.3461,MTBLS11904,259.1296,-164.2165,,,,,,,24.467332,104266.15,No common adduct match,[M+2Na]2+,
gamma-Glu-leu,C11H20N2O5,423.3461,MTBLS11904,261.144,-162.2021,,,,,,,26.481732,112850.41,No common adduct match,[M+2Na]2+,
Gamma-Glutaminyl-4-hydroxybenzene,C11H14N2O4,103.0633,MTBLS11904,219.0773,116.014,,,,,,,-5.083123,-22676.27,No common adduct match,[2M+NH4]+,
Gamma-Glutamyl-beta-(isoxazolin-5-on-2-yl)alanine,C11H15N3O7,86.03678,MTBLS11904,319.1278,233.09102,,,,,,,88.040389,380983.06,No common adduct match,[2M+CH3COO]-,
Gamma-Glutamyl-beta-aminopropiononitrile,C8H13N3O3,260.1372,MTBLS11904,217.1291,-43.0081,,,,,,,-7.994247,-35510.52,No common adduct match,[M+H-2H2O]+,
Gamma-Glutamyl-S-methylcysteine sulfoxide,C9H16N2O6S,238.0954,MTBLS11904,303.0615,64.9661,,,,,,,0.950333,3145.64,No common adduct match,[M+ACN+Na]+,
Gamma-Glutamyl-Se-methylselenocysteine,C9H16N2O5Se,301.091,MTBLS11904,346.9917,45.9007,,,,,,,0.902499,2607.71,No common adduct match,[M+FA-H]- / [M+HCOO]-,
Gamma-Glutamylalanine,C8H14N2O5,199.0957,MTBLS11904,219.097,20.0013,,,,,,,-0.973365,-4422.97,No common adduct match,[M+Na-2H]-,
Gamma-Glutamylhydroxyproline,C10H16N2O6,280.0729,MTBLS11904,305.0986,25.0257,,,,,,,2.036482,6719.69,No common adduct match,[M+Na]+,
Gamma-Glutamylisoleucine,C11H20N2O5,312.0224,MTBLS11904,241.1191,-70.9033,,,,,,,-35.889447,-129560.79,No common adduct match,[M+H-2H2O]+,
Gamma-Glutamylphenylalanine,C14H18N2O5,218.0903,MTBLS11904,293.1142,75.0239,,,,,,,11.008133,39021.26,No common adduct match,[M+ACN+Na]+,
Gamma-Glutamyltyrosine,C14H18N2O6,260.1008,MTBLS11904,311.1232,51.0224,,,,,,,6.024199,19745.06,No common adduct match,[M+FA-H]- / [M+HCOO]-,
Gamma-Glutamylvaline,C10H18N2O5,260.1372,MTBLS11904,247.1285,-13.0087,,,,,,,3.994588,16429.58,No common adduct match,[M+H-H2O]+,
Gamma-L-Glutamyl-L-pipecolic acid,C11H18N2O5,294.1216,MTBLS11904,279.0984,-15.0232,,,,,,,1.980088,7145.28,No common adduct match,[M+H-H2O]+,
Ganoderic acid H,C32H44O9,246.1216,MTBLS11904,605.3317,359.2101,,,,,,,54.074649,98093.35,No common adduct match,[2M+CH3COO]-,
Ganoderic acid L,C30H46O8,258.1216,MTBLS11904,555.2925,297.1709,,,,,,,0.086142,155.15,No common adduct match,[2M+K]+,
Garcinia acid,C6H8O8,136.1252,ST003159,207.01,70.8848,,,,,,,6.869033,34320.97,No common adduct match,[M+ACN+Na]+,
Gartanin,C23H24O6,572.2985,MTBLS11904,377.1421,-195.1564,,,,,,,68.003632,219977.9,No common adduct match,[M+2Na]2+,
GDP-4-Dehydro-6-deoxy-D-mannose,C16H23N5O15P2,534.3193,MTBLS11904,629.1038,94.7845,,,,,,,30.768733,51423.92,No common adduct match,[M+ACN+Na]+,
Gemfibrozil,C15H22O3,208.0219,MTBLS11904,249.1493,41.1274,,,,,,,-0.906425,-3624.89,No common adduct match,[M+ACN+H]+,
Genipin,C11H14O5,396.1573,MTBLS11904,271.0821,-125.0752,,,,,,,50.014232,226239.27,No common adduct match,[M+2Na]2+,
Genistein 5-O-glucuronide,C21H18O11,587.0666,MTBLS11904,445.0771,-141.9895,,,,,,,-106.975647,-193777.95,No common adduct match,[M+H-2H2O]+,
Genistein sulfate,C21H18O14S,250.1569,MTBLS11904,525.033,274.8761,,,,,,,1.729982,3305.89,No common adduct match,[2M+Na]+,
Genkwanin,C16H12O5,226.0841,MTBLS11904,249.0535,22.9694,[M+Na]+,+,1,1,249.073318,22.989218,-0.019818,-79.57,Matched,[M+Na]+,[M+Na]+ (err -0.019818 Da)
Gentamicin C2,C20H41N5O7,446.0849,MTBLS11904,446.295,0.2101,,,,,,,-0.797176,-1783.02,No common adduct match,[M+H]+,
Gentianine,C10H9NO2,526.0417,MTBLS11904,220.0612,-305.9805,,,,,,,-41.952374,-160115.27,No common adduct match,[M-2H]2-,
Gentiopicroside,C16H20O9,284.0685,MTBLS11904,393.0613,108.9928,,,,,,,44.977033,129213.06,No common adduct match,[M+ACN+Na]+,
Gentisic acid,C7H6O4,463.3006,MTBLS11904,153.0192,-310.2814,,,,,,,-77.623824,-336553.96,No common adduct match,[M-2H]2-,
Geosmin,C12H22O,175.0633,MTBLS11904,227.165,52.1017,,,,,,,-6.912151,-29529.37,No common adduct match,[M+CH3COO]-,
Germacrenone,C15H26O2,356.1107,MTBLS11904,535.3999,179.2892,,,,,,,115.273433,274377.94,No common adduct match,[M+ACN+Na]+,
Germacrone,C15H22O,154.0266,MTBLS11904,481.3307,327.3041,,,,,,,114.263649,311288.22,No common adduct match,[2M+CH3COO]-,
Gibberellin A43,C20H26O8,182.1671,MTBLS11904,439.1605,256.9934,,,,,,,15.812449,37350.94,No common adduct match,[2M+CH3COO]-,
Gibberellin A7,C19H22O5,238.1933,MTBLS11904,348.1778,109.9845,,,,,,,45.968733,152109.05,No common adduct match,[M+ACN+Na]+,
Gibberellins,C19H22O6,218.1671,MTBLS11904,369.1279,150.9608,,,,,,,-66.199024,-152067.38,No common adduct match,[2M-H]-,
Gingerglycolipid B,C33H58O14,394.1628,MTBLS11904,713.3494,319.1866,,,,,,,-73.968924,-93950.47,No common adduct match,[2M-H]-,
Ginkgolide A,C20H24O9,330.1467,MTBLS11904,453.1419,122.9952,,,,,,,58.979433,149632.29,No common adduct match,[M+ACN+Na]+,
Ginkgolide B,C20H24O10,346.1416,MTBLS11904,423.1292,76.9876,,,,,,,12.971833,31626.48,No common adduct match,[M+ACN+Na]+,
Ginkgolide K,C20H22O9,678.3827,MTBLS11904,443.0744,-235.3083,,,,,,,80.893832,223352.21,No common adduct match,[M+2Na]2+,
Ginsenoside Rh1,C36H62O9,424.1369,MTBLS11904,637.43,213.2931,,,,,,,149.277333,305800.51,No common adduct match,[M+ACN+Na]+,
Ginsenoside Rh5,C37H64O9,406.1264,MTBLS11904,635.4548,229.3284,,,,,,,165.312633,351622.65,No common adduct match,[M+ACN+Na]+,
Glabric acid,C30H46O5,784.4973,MTBLS11904,485.3253,-299.172,,,,,,,70.087432,168788.63,No common adduct match,[M+2Na]2+,
Glaucamine,C21H23NO6,638.4394,MTBLS11904,420.1231,-218.3163,,,,,,,77.914182,227680.16,No common adduct match,[M+2Na]2+,
Gln Leu Lys,C17H33N5O5,783.6588,MTBLS11904,388.2535,-395.4053,,,,,,,-2.568624,-6572.36,No common adduct match,[M-2H]2-,
Gln Lys Leu,C17H33N5O5,797.6745,MTBLS11904,388.2529,-409.4216,,,,,,,-9.577074,-24073.28,No common adduct match,[M-2H]2-,
Glu-Ile-Leu-Asp-Val,C26H45N5O10,387.2482,MTBLS11904,586.3143,199.0661,,,,,,,135.050333,299271.25,No common adduct match,[M+ACN+Na]+,
Glucoerucin,C12H23NO9S3,387.2482,MTBLS11904,463.0875,75.8393,,,,,,,11.823533,26200.92,No common adduct match,[M+ACN+Na]+,
glucose,C6H12O6,587.3166,MTBLS1219,179.0561,-408.2605,,,,,,,-113.594924,-388158.3,No common adduct match,[M-2H]2-,
glucose,C6H12O6,587.3166,MTBLS11904,179.0559,-408.2607,,,,,,,-113.595124,-388158.98,No common adduct match,[M-2H]2-,
Glucose aspartate,C10H15NO10,421.0535,MTBLS11904,351.1025,-69.951,,,,,,,-34.937147,-90501.45,No common adduct match,[M+H-2H2O]+,
Glucose lactate pyruvate,C12H18O12,196.0583,MTBLS11904,389.0525,192.9942,,,,,,,-2.056824,-5258.95,No common adduct match,[2M-H]-,
"Glucosyl (2E,6E,10x)-10,11-dihydroxy-2,6-farnesadienoate",C21H36O9,354.0798,MTBLS11904,477.2333,123.1535,,,,,,,59.137733,141445.49,No common adduct match,[M+ACN+Na]+,
"Glucosyl (E)-2,6-Dimethyl-2,5-heptadienoate",C15H24O7,260.0297,MTBLS11904,361.1501,101.1204,,,,,,,37.104633,114504.4,No common adduct match,[M+ACN+Na]+,
Glucosyl passiflorate,C37H60O12,260.0297,MTBLS11904,360.2059,100.1762,,,,,,,36.160433,111590.62,No common adduct match,[M+ACN+Na]+,
Glucosylgalactosyl hydroxylysine,C18H34N2O13,432.2359,MTBLS11904,467.1916,34.9557,[M+Cl]-,-,-1,1,467.205302,34.969402,-0.013702,-29.33,Matched,[M+Cl]-,[M+Cl]- (err -0.013702 Da)
Glutaconic Acid,C5H6O4,316.1522,MTBLS11904,129.0192,-187.133,,,,,,,-28.049624,-178581.74,No common adduct match,[M-2H]2-,
Glutamic acid,C5H9NO4,696.4085,S_28880465,147.0532,-549.3553,,,,,,,-200.143774,-576455.99,No common adduct match,[M-2H]2-,
Glutamic acid,C5H9NO4,696.4085,S_35829770,146.0458,-550.3627,,,,,,,-201.151174,-579357.51,No common adduct match,[M-2H]2-,
Glutamic acid,C5H9NO4,696.4085,S_35829770,148.0603,-548.3482,,,,,,,-199.136674,-573555.33,No common adduct match,[M-2H]2-,
Glutamic acid,C5H9NO4,696.4085,S_35829770,148.06,-548.3485,,,,,,,-199.136974,-573556.19,No common adduct match,[M-2H]2-,
Glutamic acid,C5H9NO4,696.4085,MTBLS11904,146.0457,-550.3628,,,,,,,-201.151274,-579357.8,No common adduct match,[M-2H]2-,
Glutamic acid,C5H9NO4,696.4085,MTBLS11904,148.0602,-548.3483,,,,,,,-199.136774,-573555.61,No common adduct match,[M-2H]2-,
Glutamic acid,C5H9NO4,696.4085,ST003159,148.0604,-548.3481,,,,,,,-199.136574,-573555.04,No common adduct match,[M-2H]2-,
Glutamine,C5H10N2O3,486.2061,S_28880465,146.0691,-340.137,,,,,,,-96.026674,-396647.46,No common adduct match,[M-2H]2-,
Glutamine,C5H10N2O3,486.2061,S_35829770,147.0762,-339.1299,,,,,,,-95.019574,-392487.54,No common adduct match,[M-2H]2-,
Glutamine,C5H10N2O3,486.2061,S_35829770,147.0763,-339.1298,,,,,,,-95.019474,-392487.12,No common adduct match,[M-2H]2-,
Glutamine,C5H10N2O3,486.2061,MTBLS11904,145.0617,-341.1444,,,,,,,-97.034074,-400808.62,No common adduct match,[M-2H]2-,
Glutamine lactate,C8H14N2O6,130.0266,MTBLS11904,217.0823,87.0557,,,,,,,23.039933,118736.61,No common adduct match,[M+ACN+Na]+,
Glutamyl-Cysteine,C8H13N2O5S,147.0532,S_24167579,272.042,124.9888,,,,,,,-21.057124,-71843.01,No common adduct match,[2M-H]-,
Glutamylaspartic acid,C9H14N2O7,146.0691,MTBLS11904,261.0741,115.005,,,,,,,-30.056824,-103241.6,No common adduct match,[2M-H]-,
Glutamylisoleucine,C11H20N2O5,234.0852,MTBLS11904,261.144,27.0588,,,,,,,4.069582,15830.37,No common adduct match,[M+Na]+,
Glutamylleucine,C11H20N2O5,249.0545,MTBLS11904,241.1191,-7.9354,,,,,,,-6.928124,-27930.66,No common adduct match,[M-H]-,
Glutamylmethionine,C10H18N2O5S,262.0801,MTBLS11904,313.065,50.9849,,,,,,,5.986699,19495.68,No common adduct match,[M+FA-H]- / [M+HCOO]-,
Glutamylvaline,C10H18N2O5,260.1372,MTBLS11904,247.1284,-13.0088,,,,,,,3.994488,16429.17,No common adduct match,[M+H-H2O]+,
Glutaric Acid,C5H8O4,260.1372,MTBLS11904,131.0349,-129.1023,,,,,,,-0.040976,-312.62,No common adduct match,[M+2H]2+,
Glutarylcarnitine,C12H21NO6,278.0936,MTBLS11904,276.1437,-1.9499,,,,,,,-0.942624,-3401.91,No common adduct match,[M-H]-,
Gluten exorphin C,C29H45N5O8,246.1216,MTBLS11904,668.405,422.2834,,,,,,,117.147949,212510.57,No common adduct match,[2M+CH3COO]-,
Gly Val Trp,C18H24N4O4,132.0423,MTBLS11904,361.1863,229.144,,,,,,,38.087849,117883.11,No common adduct match,[2M+CH3COO]-,
Gly-Pro-Gly-Arg-Ala-Phe,C27H41N9O7,275.1369,MTBLS11904,584.2994,309.1625,,,,,,,-0.943802,-1612.67,No common adduct match,[2M+Cl]-,
glyceric acid,C3H6O4,360.1798,MTBLS11904,105.0192,-255.1606,,,,,,,-74.063424,-413571.24,No common adduct match,[M-2H]2-,
Glycerol 1-(5-hydroxydodecanoate),C15H30O5,270.0488,MTBLS11904,313.1979,43.1491,,,,,,,1.115275,3573.65,No common adduct match,[M+ACN+H]+,
Glycerol alpha-monochlorohydrin,C3H7ClO2,106.0266,ST003159,111.0202,4.9936,,,,,,,3.986324,37243.57,No common adduct match,[M+H]+,
Glycerophosphocholine,C8H20NO6P,92.04734,MTBLS11904,258.1096,166.06226,,,,,,,15.001069,61705.23,No common adduct match,[2M+CH3COO]-,
Glycerophosphocholine,C8H20NO6P,92.04734,MTBLS11904,280.0915,188.04416,,,,,,,36.982969,152125.34,No common adduct match,[2M+CH3COO]-,
Glycerophosphoinositol,C9H19O11P,290.2093,MTBLS11904,379.0643,88.855,,,,,,,24.839233,70122.74,No common adduct match,[M+ACN+Na]+,
Glycidol,C3H6O2,110.0135,MTBLS11904,119.0349,9.0214,,,,,,,8.014124,72185.8,No common adduct match,[M+H]+,
Glycidyl,C21H34O3,257.1028,MTBLS11904,355.2233,98.1205,,,,,,,34.104733,106206.05,No common adduct match,[M+ACN+Na]+,
Glycine,C2H5NO2,334.0665,S_28880465,75.032,-259.0345,,,,,,,-90.993974,-548070.71,No common adduct match,[M-2H]2-,
"Glycine, N-[3-(4-hydroxy-3-methoxyphenyl)-1-oxo-2-propenyl]-",C12H13NO5,74.03678,MTBLS11904,250.0717,176.03492,,,,,,,42.984289,207565.92,No common adduct match,[2M+CH3COO]-,
Glycinexylidide,C10H14N2O,334.2508,MTBLS11904,211.1438,-123.107,,,,,,,21.029182,110613.18,No common adduct match,[M+2Na]2+,
Glycochenodeoxycholate-3-sulfate,C26H43NO8S,75.03203,MTBLS11904,528.2632,453.23117,,,,,,,319.185289,1526633.24,No common adduct match,[2M+CH3COO]-,
glycochenodeoxycholic acid,C26H43NO5,251.0794,MTBLS11904,430.2969,179.2175,,,,,,,-70.854624,-141383.63,No common adduct match,[2M-H]-,
glycochenodeoxycholic acid,C26H43NO5,251.0794,MTBLS11904,450.3203,199.2409,,,,,,,-50.831224,-101428.85,No common adduct match,[2M-H]-,
Glycochenodeoxycholic acid 3-glucuronide,C32H51NO11,178.1106,MTBLS11904,624.338,446.2274,,,,,,,209.102949,503577.31,No common adduct match,[2M+CH3COO]-,
Glycohyocholic Acid,C26H43NO6,529.2709,MTBLS11904,466.3154,-62.9555,,,,,,,-27.941647,-56532.62,No common adduct match,[M+H-2H2O]+,
Glycoursodeoxycholic acid,C26H43NO5,449.3141,S_29518718,450.3224,1.0083,[M+H]+,+,1,1,450.321376,1.007276,0.001024,2.27,Matched,[M+H]+,[M+H]+ (err 0.001024 Da)
Glycoursodeoxycholic acid,C26H43NO5,449.3141,S_35829770,448.3071,-1.007,[M-H]-,-,-1,1,448.306824,-1.007276,0.000276,0.62,Matched,[M-H]-,[M-H]- (err 0.000276 Da)
Glycyl-Arginine,C8H17N5O3,625.3462,MTBLS11904,504.3005,-121.0457,,,,,,,-86.031847,-145734.6,No common adduct match,[M+H-2H2O]+,
Glycyl-leucine,C8H16N2O3,449.3141,MTBLS11904,189.1229,-260.1912,,,,,,,-34.526874,-154379.2,No common adduct match,[M-2H]2-,
Glycyl-Phenylalanine,C11H14N2O3,231.1331,MTBLS11904,255.1339,24.0008,,,,,,,1.011582,3980.69,No common adduct match,[M+Na]+,
Glycyl-Valine,C7H14N2O3,132.0535,S_28880465,174.1004,42.0469,[M+ACN+H]+,+,1,1,174.087325,42.033825,0.013075,75.1,Matched,[M+ACN+H]+,[M+ACN+H]+ (err 0.013075 Da)
Glycyl-Valine,C7H14N2O3,132.0535,S_28880465,174.0991,42.0456,[M+ACN+H]+,+,1,1,174.087325,42.033825,0.011775,67.64,Matched,[M+ACN+H]+,[M+ACN+H]+ (err 0.011775 Da)
Glycylalanylprolylmethionylphenylalanylvalinamide,C29H45N7O6S,188.1161,MTBLS11904,584.3031,396.187,,,,,,,149.057049,342466.17,No common adduct match,[2M+CH3COO]-,
Glycylleucine,C8H16N2O3,222.1004,MTBLS11904,169.0984,-53.002,,,,,,,-17.988147,-96148.8,No common adduct match,[M+H-2H2O]+,
Glycylprolylarginine,C13H24N6O4,174.1004,MTBLS11904,657.3773,483.2769,,,,,,,250.162649,614326.25,No common adduct match,[2M+CH3COO]-,
Glycylprolylhydroxyproline,C12H19N3O5,619.3152,MTBLS11904,303.1658,-316.1494,,,,,,,-5.484524,-17769.38,No common adduct match,[M-2H]2-,
Glycyrrhetinic acid,C30H46O4,188.1161,MTBLS11904,469.3301,281.214,,,,,,,34.084049,78309.84,No common adduct match,[2M+CH3COO]-,
Glyzarin,C18H14O4,328.1859,MTBLS11904,331.039,2.8531,,,,,,,1.845824,5607.11,No common adduct match,[M+H]+,
Golotimod,C16H19N3O5,285.1325,MTBLS11904,332.1248,46.9923,,,,,,,1.994099,6040.33,No common adduct match,[M+FA-H]- / [M+HCOO]-,
Gomisin A,C23H28O7,470.3396,MTBLS11904,437.161,-33.1786,,,,,,,1.835253,4215.82,No common adduct match,[M+H-2H2O]+,
Gonal,C18H28O,294.0892,MTBLS11904,278.2473,-15.8419,,,,,,,1.161388,4191.44,No common adduct match,[M+H-H2O]+,
Gonyautoxin V,C10H17N7O7S,333.1325,MTBLS11904,412.1216,78.9891,,,,,,,14.973333,37702.12,No common adduct match,[M+ACN+Na]+,
Goshuyic acid,C14H24O2,416.1835,MTBLS11904,507.3674,91.1839,,,,,,,27.168133,56576.79,No common adduct match,[M+ACN+Na]+,
Gossypetin 8-glucoside 3-sulfate,C21H20O16S,260.214,MTBLS11904,541.0238,280.8098,,,,,,,-2.393418,-4404.38,No common adduct match,[2M+Na]+,
Gris-PEG,C17H17ClO6,379.091,MTBLS11904,373.0446,-6.0464,,,,,,,-5.039124,-13328.06,No common adduct match,[M-H]-,
Guanabenz,C8H8Cl2N4,224.1776,ST003159,264.98,40.8024,,,,,,,-1.231425,-4625.74,No common adduct match,[M+ACN+H]+,
Gymnodimine,C32H45NO4,230.0126,MTBLS11904,552.3301,322.3175,,,,,,,33.291049,64139.78,No common adduct match,[2M+CH3COO]-,
haplamine,C15H15NO3,159.1008,S_35829770,258.1094,99.0086,,,,,,,34.992833,156836.55,No common adduct match,[M+ACN+Na]+,
Harmalol,C12H12N2O,283.0917,MTBLS11904,237.0433,-46.0484,,,,,,,-11.034547,-44480.18,No common adduct match,[M+H-2H2O]+,
Harmine,C13H12N2O,507.3349,MTBLS11904,257.0921,-250.2428,,,,,,,2.417374,9492,No common adduct match,[M+2H]2+,
HBOA trihexose,C8H15NO2,257.1052,MTBLS11904,202.1083,-54.9969,,,,,,,-19.983047,-89976.7,No common adduct match,[M+H-2H2O]+,
Heliangin,C20H26O6,200.095,MTBLS11904,361.1628,161.0678,,,,,,,-38.019924,-95244.41,No common adduct match,[2M-H]-,
Heliotridine,C8H13NO2,212.095,MTBLS11904,156.1016,-55.9934,,,,,,,-20.979547,-118474.2,No common adduct match,[M+H-2H2O]+,
HEPES,C8H18N2O4S,157.1103,S_35829770,239.1057,81.9954,,,,,,,17.979633,81309.42,No common adduct match,[M+ACN+Na]+,
Heptaethylene glycol monododecyl ether,C26H54O8,362.1729,MTBLS11904,512.4144,150.2415,,,,,,,86.225733,202318.22,No common adduct match,[M+ACN+Na]+,
Heptafluorobutyric acid,C4HF7O2,155.0946,MTBLS11904,426.9673,271.8727,,,,,,,57.764249,156456.59,No common adduct match,[2M+CH3COO]-,
Heptanoylcholine,C12H26NO2,238.0987,S_29518718,199.1943,-38.9044,,,,,,,-3.890547,-19157.25,No common adduct match,[M+H-2H2O]+,
Hernandulcin,C15H24O2,494.3819,MTBLS11904,273.1243,-221.2576,,,,,,,2.944132,10896.92,No common adduct match,[M+2Na]2+,
Hexacosanoyl carnitine,C33H65NO4,213.9865,ST003159,574.46,360.4735,,,,,,,87.473149,179621.17,No common adduct match,[2M+CH3COO]-,
Hexadecanedioic acid,C16H30O4,216.1964,MTBLS11904,285.2067,69.0103,,,,,,,4.994533,17824.11,No common adduct match,[M+ACN+Na]+,
Hexadecanedioic acid mono-L-carnitine ester,C23H43NO6,236.1776,MTBLS11904,394.2944,158.1168,,,,,,,-77.053524,-163474.83,No common adduct match,[2M-H]-,
Hexadecatrienoic acid,C16H26O2,539.4914,MTBLS11904,559.3975,19.9061,,,,,,,-1.068565,-1906.57,No common adduct match,[M+Na-2H]-,
Hexadecenal,C16H30O,286.2144,MTBLS11904,256.263,-29.9514,,,,,,,5.062453,20153.03,No common adduct match,[M+H-2H2O]+,
Hexahydrocurcumin,C21H26O6,250.1933,MTBLS11904,392.2034,142.0101,,,,,,,77.994333,248224.32,No common adduct match,[M+ACN+Na]+,
Hexamethyleneimine,C6H13N,238.2297,MTBLS11904,100.1119,-138.1178,,,,,,,-17.995674,-152366.8,No common adduct match,[M-2H]2-,
Hexazinone,C12H20N4O2,282.1679,MTBLS11904,270.1907,-11.9772,,,,,,,5.026088,18954.6,No common adduct match,[M+H-H2O]+,
Hexyl glucoside,C12H24O6,374.1729,MTBLS11904,245.1392,-129.0337,,,,,,,35.063532,166909.06,No common adduct match,[M+2Na]2+,
Hippuric acid,C9H9NO3,99.1048,MTBLS11904,180.0652,80.9604,,,,,,,16.944633,103877.97,No common adduct match,[M+ACN+Na]+,
Hispidin,C13H10O5,252.1586,MTBLS11904,227.0367,-25.1219,,,,,,,-6.104059,-26181.86,No common adduct match,[M-H2O-H]-,
Histidine,C6H9N3O2,264.1573,S_28880465,155.0695,-109.0878,[M+2Na]2+,+,2,1,155.067868,45.978436,0.001632,10.52,Matched,[M+2Na]2+,[M+2Na]2+ (err 0.001632 Da)
Histidine,C6H9N3O2,264.1573,S_28880465,211.0677,-53.0896,,,,,,,-18.075747,-78883.98,No common adduct match,[M+H-2H2O]+,
Histidine,C6H9N3O2,264.1573,S_35829770,156.0767,-108.0806,,,,,,,1.008832,6505.74,No common adduct match,[M+2Na]2+,
Histidine,C6H9N3O2,264.1573,S_35829770,156.0764,-108.0809,,,,,,,1.008532,6503.81,No common adduct match,[M+2Na]2+,
Histidine,C6H9N3O2,264.1573,S_35829770,156.0766,-108.0807,,,,,,,1.008732,6505.1,No common adduct match,[M+2Na]2+,
Histidine,C6H9N3O2,264.1573,MTBLS11904,154.0621,-110.0952,,,,,,,-1.005768,-6485.99,No common adduct match,[M+2Na]2+,
"Histidine, alpha-methyl-",C7H11N3O2,179.0582,S_35829770,170.092,-8.9662,,,,,,,-7.958924,-44700.27,No common adduct match,[M-H]-,
"Histidine, alpha-methyl-",C7H11N3O2,179.0582,S_35829770,170.0922,-8.966,,,,,,,-7.958724,-44699.14,No common adduct match,[M-H]-,
Histidinohydroxylysinonorleucine,C18H32N6O7,246.0528,MTBLS11904,465.2099,219.1571,,,,,,,-25.888424,-52715.36,No common adduct match,[2M-H]-,
Histidinyl-Glycine,C6H14N4O2,155.0695,S_28880465,212.0873,57.0178,,,,,,,-1.996051,-9323.71,No common adduct match,[M+CH3COO]-,
Histidinyl-Leucine,C12H20N4O3,169.0851,MTBLS11904,578.3369,409.2518,,,,,,,181.152849,456092.96,No common adduct match,[2M+CH3COO]-,
Histidylleucine,C12H20N4O3,444.2332,MTBLS11904,578.337,134.1038,,,,,,,70.088033,137900.98,No common adduct match,[M+ACN+Na]+,
Histidylmethionine,C11H18N4O3S,174.1117,MTBLS11904,267.0904,92.9787,,,,,,,28.962933,121627.85,No common adduct match,[M+ACN+Na]+,
Histidyltryptophan,C17H19N5O3,268.1535,MTBLS11904,340.1412,71.9877,,,,,,,7.971933,23999.61,No common adduct match,[M+ACN+Na]+,
Histidylvaline,C11H18N4O3,268.1535,MTBLS11904,272.1699,4.0164,,,,,,,3.009124,11179.65,No common adduct match,[M+H]+,
Homoanserine,C11H18N4O3,286.11,MTBLS11904,272.1699,-13.9401,,,,,,,3.063188,11382.8,No common adduct match,[M+H-H2O]+,
Homoarginine,C7H16N4O2,341.1488,MTBLS11904,223.0973,-118.0515,,,,,,,29.533682,152578.68,No common adduct match,[M+2Na]2+,
Homocysteine,C4H9NO2S,254.1379,S_25390405,136.4,-117.7379,,,,,,,-1.659921,-12023.19,No common adduct match,[M-H+Na]2-,
Homocysteine thiolactone,C4H7NOS,254.1379,MTBLS11904,100.0214,-154.1165,,,,,,,-26.040274,-206567.73,No common adduct match,[M-2H]2-,
Homocysteinesulfinic acid,C4H9NO4S,188.1273,S_28880465,188.0259,-0.1014,,,,,,,0.905876,4841.15,No common adduct match,[M-H]-,
Homocysteinesulfinic acid,C4H9NO4S,188.1273,MTBLS11904,357.0414,168.9141,,,,,,,-18.205924,-48517.13,No common adduct match,[2M-H]-,
Homostachydrine,C8H15NO2,135.0354,S_35829770,158.1173,23.0819,,,,,,,0.092682,586.5,No common adduct match,[M+Na]+,
Homostachydrine,C8H15NO2,135.0354,S_35829770,158.1174,23.082,,,,,,,0.092782,587.14,No common adduct match,[M+Na]+,
Hordatine A,C28H38N8O4,157.1103,MTBLS11904,601.2661,444.1558,,,,,,,228.031649,610960.88,No common adduct match,[2M+CH3COO]-,
HT-2 Toxin,C22H32O8,182.0579,MTBLS11904,423.2018,241.1439,,,,,,,0.072149,170.51,No common adduct match,[2M+CH3COO]-,
Hydrocortisone,C21H30O5,262.0147,S_33485385,363.2162,101.2015,,,,,,,37.185733,114056.01,No common adduct match,[M+ACN+Na]+,
Hydrocortisone,C21H30O5,262.0147,S_35829770,363.2154,101.2007,,,,,,,37.184933,114053.55,No common adduct match,[M+ACN+Na]+,
Hydrocortisone,C21H30O5,262.0147,MTBLS11904,407.2068,145.1921,,,,,,,81.176333,248983.89,No common adduct match,[M+ACN+Na]+,
Hydrocortisone,C21H30O5,262.0147,ST003159,363.216,101.2013,,,,,,,37.185533,114055.39,No common adduct match,[M+ACN+Na]+,
Hydromorphine,C17H21NO3,550.3016,MTBLS11904,252.1385,-298.1631,,,,,,,-22.005024,-80268.26,No common adduct match,[M-2H]2-,
Hydroquinidine,C20H26N2O2,424.2097,MTBLS11904,325.1926,-99.0171,,,,,,,-64.003247,-164449.97,No common adduct match,[M+H-2H2O]+,
Hydroquinone,C6H6O2,362.2093,MTBLS11904,152.0703,-210.139,,,,,,,-28.027074,-155621.78,No common adduct match,[M-2H]2-,
Hydroxybuprenorphine,C29H41NO5,287.1521,MTBLS11904,504.2702,217.1181,,,,,,,-69.026724,-120403.09,No common adduct match,[2M-H]-,
Hydroxydesmethylpiperine sulfate,C16H21NO7S,326.1994,MTBLS11904,352.0856,25.8862,,,,,,,2.896982,8296.32,No common adduct match,[M+Na]+,
Hydroxyethyl methacrylic acid,C6H10O3,110.0368,MTBLS11904,259.1185,149.0817,,,,,,,0.081742,315.56,No common adduct match,[2M+K]+,
Hydroxyibuprofen,C13H18O3,483.2985,S_24167579,223.132,-260.1665,,,,,,,-17.509974,-72763.59,No common adduct match,[M-2H]2-,
Hydroxykynurenine,C10H12N2O4,371.1039,S_28880465,224.0797,-147.0242,,,,,,,15.538532,74510.62,No common adduct match,[M+2Na]2+,
Hydroxykynurenine,C10H12N2O4,371.1039,S_28880465,224.0805,-147.0234,,,,,,,15.539332,74514.46,No common adduct match,[M+2Na]2+,
Hydroxymatairesinol glucuronide 1,C26H30O13,130.063,MTBLS11904,549.161,419.098,,,,,,,230.021149,720753.45,No common adduct match,[2M+CH3COO]-,
Hydroxymethoxyphenylcarboxylic acid-O-sulphate,C8H10O7S,222.1256,MTBLS11904,249.0073,26.8817,,,,,,,3.892482,15880.24,No common adduct match,[M+Na]+,
Hydroxymethylcytosine,C5H7N3O2,224.0797,MTBLS11904,281.1003,57.0206,,,,,,,-1.993251,-7040.96,No common adduct match,[M+CH3COO]-,
Hydroxyphenyllactic acid,C9H10O4,550.1686,MTBLS11904,181.0504,-369.1182,,,,,,,-93.026624,-339417.81,No common adduct match,[M-2H]2-,
Hydroxypioglitazone,C19H20N2O4S,250.0147,MTBLS11904,355.1109,105.0962,,,,,,,41.080433,130816.71,No common adduct match,[M+ACN+Na]+,
Hydroxyprolyl-Asparagine,C9H15N3O5,141.0538,MTBLS11904,282.0476,140.9938,,,,,,,0.947276,3369.89,No common adduct match,[2M-H]-,
Hydroxyprolyl-Valine,C10H18N2O4,182.0579,MTBLS11904,251.1035,69.0456,,,,,,,5.029833,20440.35,No common adduct match,[M+ACN+Na]+,
Hydroxypropionylcarnitine,C10H19NO5,372.1144,MTBLS11904,525.2697,153.1553,,,,,,,89.139533,204387.45,No common adduct match,[M+ACN+Na]+,
Hydroxytetradecadienyl-l-carnitine,C21H39NO4,245.1012,MTBLS11904,370.2944,125.1932,,,,,,,61.177433,197910.3,No common adduct match,[M+ACN+Na]+,
Hydroxyzine,C21H27ClN2O2,230.1267,MTBLS11904,355.1607,125.034,,,,,,,61.018233,207444.49,No common adduct match,[M+ACN+Na]+,
Hymenoxon,C15H22O5,233.1263,MTBLS11904,317.114,83.9877,,,,,,,19.971933,67213.41,No common adduct match,[M+ACN+Na]+,
Hypaphorine,C14H18N2O2,369.2879,S_35829770,247.1435,-122.1444,,,,,,,39.510332,190289.12,No common adduct match,[M+2Na]2+,
Hypochoeroside A,C21H32O9,374.1761,MTBLS11904,449.1792,75.0031,,,,,,,10.987333,25074.25,No common adduct match,[M+ACN+Na]+,
Hypoxanthine,C5H4N4O,282.1467,S_28880465,136.0385,-146.1082,,,,,,,-4.027574,-28754.81,No common adduct match,[M-2H]2-,
Hypoxanthine,C5H4N4O,282.1467,S_35829770,137.0456,-145.1011,,,,,,,-3.020474,-21564.63,No common adduct match,[M-2H]2-,
Hypoxanthine,C5H4N4O,282.1467,S_35829770,137.0457,-145.101,,,,,,,-3.020374,-21563.92,No common adduct match,[M-2H]2-,
Hypoxanthine,C5H4N4O,282.1467,ACS1517,137.046,-145.1007,,,,,,,-3.020074,-21561.78,No common adduct match,[M-2H]2-,
Hypoxanthine,C5H4N4O,282.1467,MTBLS11904,135.0311,-147.1156,,,,,,,-5.034974,-35947.13,No common adduct match,[M-2H]2-,
Hypusine,C10H23N3O3,246.1368,MTBLS11904,484.3843,238.2475,,,,,,,-6.882024,-14008.74,No common adduct match,[2M-H]-,
Ibuprofen glucuronide,C19H26O8,428.2046,MTBLS11904,427.1579,-1.0467,,,,,,,-0.039424,-92.28,No common adduct match,[M-H]-,
Ichangin 4-glucoside,C32H42O14,136.0385,MTBLS11904,631.2402,495.2017,,,,,,,300.149349,906546.79,No common adduct match,[2M+CH3COO]-,
Idazoxan,C11H12N2O2,233.1739,MTBLS11904,409.1861,176.0122,,,,,,,-56.154424,-120673.83,No common adduct match,[2M-H]-,
Idoxanthin,C40H54O4,382.1628,MTBLS11904,643.3784,261.2156,,,,,,,-119.939924,-157129.63,No common adduct match,[2M-H]-,
Ifenprodil,C21H27NO2,650.2575,MTBLS11904,326.2109,-324.0466,,,,,,,0.074874,229.58,No common adduct match,[M+2H]2+,
Ile Gln Leu,C17H32N4O5,204.0899,MTBLS11904,373.2474,169.1575,,,,,,,-33.925124,-83318.79,No common adduct match,[2M-H]-,
Ile Gly Val,C13H25N3O4,598.4022,MTBLS11904,288.1912,-310.211,,,,,,,-10.002624,-33544.03,No common adduct match,[M-2H]2-,
Ile Tyr Val,C20H31N3O5,325.2042,MTBLS11904,394.2303,69.0261,,,,,,,5.010333,12872.75,No common adduct match,[M+ACN+Na]+,
Ile-Ile-Ala-Glu-Lys,C26H48N6O8,372.2373,MTBLS11904,537.3385,165.1012,,,,,,,101.085433,231712.83,No common adduct match,[M+ACN+Na]+,
Ile-Ile-Ile-Pro,C23H42N4O5,287.1845,MTBLS11904,499.3131,212.1286,,,,,,,-74.048624,-129148.18,No common adduct match,[2M-H]-,
Ile-Val-Val,C16H31N3O4,572.3534,MTBLS11904,352.2224,-220.131,,,,,,,43.056482,139266.59,No common adduct match,[M+2Na]2+,
Imetit,C6H10N4S,454.3155,MTBLS11904,193.0524,-261.2631,,,,,,,-33.098074,-146354.21,No common adduct match,[M-2H]2-,
Imidazoleacetic acid ribotide,C10H15N2O9P,259.1896,MTBLS11904,373.0232,113.8336,,,,,,,49.817833,154136.78,No common adduct match,[M+ACN+Na]+,
Imidazolone A,C12H22N4O6,329.2315,MTBLS11904,360.1898,30.9583,,,,,,,-4.011102,-11013.43,No common adduct match,[M+Cl]-,
Indan-1-ol,C9H10O,170.0626,MTBLS11904,179.0712,9.0086,,,,,,,8.001324,46772.25,No common adduct match,[M+H]+,
Indole-3-acetic acid,C10H9NO2,318.1539,S_35829770,176.0704,-142.0835,,,,,,,4.995203,29198.87,No common adduct match,[M+H+Na]2+,
Indole-3-Acetyl-L-Glutamic Acid,C15H16N2O5,134.0732,MTBLS11904,303.0984,169.0252,[2M+Cl]-,-,-1,2,303.115802,34.969402,-0.017402,-57.41,Matched,[2M+Cl]-,[2M+Cl]- (err -0.017402 Da)
Indole-3-carbinol,C9H9NO,117.0578,S_35829770,130.065,13.0072,,,,,,,-5.026623,-37208.99,No common adduct match,[M+NH4]+,
Indole-3-carboxaldehyde,C9H7NO,175.0633,S_35829770,146.0599,-29.0034,,,,,,,6.010453,42916.65,No common adduct match,[M+H-2H2O]+,
Indole-3-carboxaldehyde,C9H7NO,175.0633,MTBLS11904,146.0598,-29.0035,,,,,,,6.010353,42915.93,No common adduct match,[M+H-2H2O]+,
Indole-3-carboxylic acid,C9H7NO2,304.1059,S_28880465,161.0477,-143.0582,,,,,,,-1.996221,-12243.45,No common adduct match,[M-H+Na]2-,
Indole-3-carboxylic acid,C9H7NO2,304.1059,S_28880465,165.0551,-139.0508,,,,,,,1.003903,6119.45,No common adduct match,[M+H+Na]2+,
Indoleacetaldehyde,C10H9NO,147.0684,MTBLS11904,158.061,10.9926,,,,,,,-7.041223,-42647.66,No common adduct match,[M+NH4]+,
Indoleacetaldehyde,C10H9NO,147.0684,MTBLS11904,204.0664,56.998,,,,,,,-2.015851,-9781.78,No common adduct match,[M+CH3COO]-,
Indoleacrylic acid,C11H9NO2,145.0528,MTBLS11904,186.0559,41.0031,,,,,,,-1.030725,-5509.35,No common adduct match,[M+ACN+H]+,
Indolelactic acid,C11H11NO3,161.0477,S_33485385,204.0671,43.0194,,,,,,,0.985575,4853.1,No common adduct match,[M+ACN+H]+,
Indolelactic acid,C11H11NO3,161.0477,MTBLS11904,204.0664,43.0187,,,,,,,0.984875,4849.65,No common adduct match,[M+ACN+H]+,
Indolelactic acid,C11H11NO3,161.0477,ST003159,204.07,43.0223,,,,,,,0.988475,4867.38,No common adduct match,[M+ACN+H]+,
Indolophenanthridine,C19H18N2,159.0684,MTBLS11904,292.1803,133.1119,,,,,,,-24.949224,-78672.03,No common adduct match,[2M-H]-,
Indolylacryloylglycine,C13H12N2O3,187.0633,MTBLS11904,243.0773,56.014,,,,,,,-2.999851,-12190.69,No common adduct match,[M+CH3COO]-,
Indoprofen,C17H15NO3,205.0739,MTBLS11904,299.1384,94.0645,,,,,,,30.048733,111668.1,No common adduct match,[M+ACN+Na]+,
Indoxyl glucuronide,C14H15NO7,274.147,MTBLS11904,308.0772,33.9302,,,,,,,-1.039202,-3361.85,No common adduct match,[M+Cl]-,
Indoxyl sulfate,C8H7NO4S,244.0848,S_35829770,212.0023,-32.0825,,,,,,,2.931353,14020.85,No common adduct match,[M+H-2H2O]+,
Indoxyl sulfate,C8H7NO4S,244.0848,MTBLS11904,212.002,-32.0828,,,,,,,2.931053,14019.42,No common adduct match,[M+H-2H2O]+,
Indoxyl sulfate,C8H7NO4S,244.0848,MTBLS11904,212.0021,-32.0827,,,,,,,2.931153,14019.9,No common adduct match,[M+H-2H2O]+,
Ineketone,C20H30O3,281.1052,MTBLS11904,363.2151,82.1099,,,,,,,18.094133,52428.38,No common adduct match,[M+ACN+Na]+,
Ingenol,C20H28O5,309.0849,MTBLS11904,329.1758,20.0909,,,,,,,-0.883765,-2677.59,No common adduct match,[M+Na-2H]-,
Inosine,C10H12N4O5,213.0096,S_28880465,268.0802,55.0706,,,,,,,-3.943251,-14496,No common adduct match,[M+CH3COO]-,
Inosine,C10H12N4O5,213.0096,MTBLS11904,267.0732,54.0636,,,,,,,-4.950251,-18197.88,No common adduct match,[M+CH3COO]-,
Inosine,C10H12N4O5,213.0096,ST003159,291.0693,78.0597,,,,,,,14.043933,50695.48,No common adduct match,[M+ACN+Na]+,
"Inosine 2',3'-cyclic phosphate",C10H11N4O7P,318.2195,MTBLS11904,329.0296,10.8101,,,,,,,-7.223723,-21482.98,No common adduct match,[M+NH4]+,
Inosine triphosphate,C10H15N4O14P3,348.1937,ST003159,259.9647,-88.229,,,,,,,-53.215147,-169918.81,No common adduct match,[M+H-2H2O]+,
Inosinic acid,C10H13N4O8P,268.0808,MTBLS11904,347.0394,78.9586,,,,,,,14.942833,44995.45,No common adduct match,[M+ACN+Na]+,
Inosinic acid,C10H13N4O8P,268.0808,MTBLS11904,313.0352,44.9544,[M+2Na-H]+,+,1,1,313.05196,44.97116,-0.01676,-53.54,Matched,[M+2Na-H]+,[M+2Na-H]+ (err -0.016760 Da)
Involucrin,C27H38O8,330.0365,MTBLS11904,508.2953,178.2588,,,,,,,114.243033,289918.48,No common adduct match,[M+ACN+Na]+,
Iodopindolol,C14H19IN2O2,507.9798,MTBLS11904,373.0447,-134.9351,,,,,,,96.065582,346833.3,No common adduct match,[M+2Na]2+,
Irbesartan,C25H28N6O,348.0471,MTBLS11904,427.2245,79.1774,,,,,,,15.161633,36794.47,No common adduct match,[M+ACN+Na]+,
Isatoribine,C10H14N4O7S,490.2567,MTBLS11904,315.041,-175.2157,,,,,,,46.923432,175010.66,No common adduct match,[M+2Na]2+,
Isoalliin,C6H11NO3S,374.0491,MTBLS11904,176.0385,-198.0106,,,,,,,-9.978774,-53644.34,No common adduct match,[M-2H]2-,
Isoamyl isothiocyanate,C6H11NS,428.2325,MTBLS11904,174.0335,-254.199,,,,,,,-39.075474,-183359.12,No common adduct match,[M-2H]2-,
Isobutyl 4-hydroxybenzoate,C11H14O3,334.0583,MTBLS11904,239.0919,-94.9664,,,,,,,49.073532,258256.78,No common adduct match,[M+2Na]2+,
Isocarboxazid,C12H13N3O2,177.046,S_35829770,232.1076,55.0616,,,,,,,-3.952251,-16742.58,No common adduct match,[M+CH3COO]-,
Isocarboxazid,C12H13N3O2,177.046,S_35829770,232.1077,55.0617,,,,,,,-3.952151,-16742.16,No common adduct match,[M+CH3COO]-,
isocitric acid,C6H8O7,129.0612,MTBLS11904,191.0194,61.9582,,,,,,,-2.057567,-10656.72,No common adduct match,[M+ACN+Na]+,
Isocoumarin,C9H6O2,194.0943,MTBLS11904,291.0659,96.9716,,,,,,,32.955833,127681.32,No common adduct match,[M+ACN+Na]+,
Isoferulic acid 3-sulfate,C10H10O7S,231.1008,MTBLS11904,292.0479,60.9471,,,,,,,1.933249,6663.74,No common adduct match,[M+CH3COO]-,
Isoguvacine,C6H9NO2,192.027,MTBLS11904,255.1342,63.1072,,,,,,,-0.908567,-3548.5,No common adduct match,[M+ACN+Na]+,
Isoketocamphoric acid,C10H16O5,146.0368,MTBLS11904,217.1066,71.0698,,,,,,,7.054033,33582.23,No common adduct match,[M+ACN+Na]+,
Isokobusone,C14H22O2,274.0147,MTBLS11904,221.1545,-52.8602,,,,,,,-17.846347,-74670.64,No common adduct match,[M+H-2H2O]+,
Isoleucine,C6H13NO2,127.0633,S_35829770,132.1017,5.0384,,,,,,,4.031124,31475.8,No common adduct match,[M+H]+,
Isoleucyl-Alanine,C9H18N2O3,216.0998,S_28880465,202.1311,-13.9687,,,,,,,3.034588,15241.79,No common adduct match,[M+H-H2O]+,
Isoleucyl-Arginine,C12H25N5O3,222.162,MTBLS11904,252.1801,30.0181,,,,,,,-4.951302,-19255.92,No common adduct match,[M+Cl]-,
Isoleucyl-Leucine,C12H24N2O3,131.0946,MTBLS11904,225.1606,94.066,,,,,,,30.050233,154016.59,No common adduct match,[M+ACN+Na]+,
Isoleucyl-prolyl-proline,C16H27N3O4,202.1317,MTBLS11904,326.2068,124.0751,,,,,,,60.059333,225661.86,No common adduct match,[M+ACN+Na]+,
Isoleucyl-Valine,C11H22N2O3,287.1957,MTBLS11904,483.3161,196.1204,,,,,,,-90.068024,-157081.47,No common adduct match,[2M-H]-,
Isoleucylhydroxyproline,C11H20N2O4,244.1787,MTBLS11904,245.1491,0.9704,,,,,,,-0.036876,-150.4,No common adduct match,[M+H]+,
Isoleucylproline,C11H20N2O3,325.2002,MTBLS11904,211.1438,-114.0564,,,,,,,25.554482,137693.71,No common adduct match,[M+2Na]2+,
Isolysergol,C16H18N2O,230.163,MTBLS11904,275.1165,44.9535,[M+2Na-H]+,+,1,1,275.13416,44.97116,-0.01766,-64.19,Matched,[M+2Na-H]+,[M+2Na-H]+ (err -0.017660 Da)
Isoniazid,C6H7N3O,244.1423,S_35829770,138.0659,-106.0764,,,,,,,3.996503,29809.21,No common adduct match,[M+H+Na]2+,
Isopentenyladenine,C10H13N5,228.1474,MTBLS11904,202.1083,-26.0391,,,,,,,-7.021259,-33573.73,No common adduct match,[M-H2O-H]-,
Isopentyl isopentanoate,C10H20O2,254.1419,MTBLS11904,209.0945,-45.0474,,,,,,,-10.033547,-45788.51,No common adduct match,[M+H-2H2O]+,
Isophorone,C9H14O,137.0589,MTBLS11904,139.1115,2.0526,,,,,,,1.045324,7571.18,No common adduct match,[M+H]+,
ISOPRENE,C5H8,203.1171,MTBLS11904,86.0963,-117.0208,,,,,,,-14.454974,-143757.24,No common adduct match,[M-2H]2-,
Isopropyl 4-hydroxybenzoate,C10H12O3,172.1463,MTBLS11904,161.0625,-11.0838,,,,,,,5.919488,38155.04,No common adduct match,[M+H-H2O]+,
Isopropyl-beta-D-thiogalactopyranoside,C9H18O5S,138.1045,MTBLS11904,275.0338,136.9293,,,,,,,-0.167924,-610.18,No common adduct match,[2M-H]-,
Isopropylbenzene,C9H12,68.0626,MTBLS11904,165.0919,97.0293,,,,,,,5.977482,37567.19,No common adduct match,[2M+Na]+,
Isoquinoline,C9H7N,180.0786,S_35829770,130.0649,-50.0137,,,,,,,-14.999847,-103401.05,No common adduct match,[M+H-2H2O]+,
Isoquinoline,C9H7N,180.0786,S_35829770,130.065,-50.0136,,,,,,,-14.999747,-103400.36,No common adduct match,[M+H-2H2O]+,
ISOSAFROLE,C10H10O2,238.0875,MTBLS11904,207.066,-31.0215,,,,,,,3.992353,19659.63,No common adduct match,[M+H-2H2O]+,
Isoscoparin 4'-glucoside,C28H32O16,120.0939,MTBLS11904,605.1553,485.0614,,,,,,,305.953649,1022566.71,No common adduct match,[2M+CH3COO]-,
isothreonic acid,C4H8O5,129.0578,MTBLS11904,135.0297,5.9719,,,,,,,4.964624,38170.3,No common adduct match,[M+H]+,
Isovaleryl-Val-Val-Sta-OEt,C25H47N3O6,162.0681,MTBLS11904,466.3299,304.2618,,,,,,,83.179849,217094.71,No common adduct match,[2M+CH3COO]-,
Isovalerylcarnitine,C12H23NO4,624.169,MTBLS11904,246.1696,-377.9994,,,,,,,-64.907624,-208654.37,No common adduct match,[M-2H]2-,
Isovalerylglycine,C7H13NO3,136.0372,MTBLS11904,158.0822,22.045,,,,,,,-0.944218,-5937.49,No common adduct match,[M+Na]+,
Janthitrem C,C37H47NO4,245.1627,MTBLS11904,604.3249,359.1622,,,,,,,54.985649,100094.16,No common adduct match,[2M+CH3COO]-,
Jasmonic acid,C12H18O3,159.0895,MTBLS11904,245.0929,86.0034,,,,,,,21.987633,98552.73,No common adduct match,[M+ACN+Na]+,
Josamycin,C42H69NO15,130.0266,MTBLS11904,860.4925,730.4659,,,,,,,541.425449,1696901.79,No common adduct match,[2M+CH3COO]-,
Kahweol,C20H26O3,569.3505,MTBLS11904,627.3734,58.0229,,,,,,,-0.990951,-1577.03,No common adduct match,[M+CH3COO]-,
Kainic acid,C10H15NO4,210.1256,MTBLS11904,194.0821,-16.0435,,,,,,,0.959788,4969.85,No common adduct match,[M+H-H2O]+,
KAPA,C9H17NO3,827.4667,MTBLS11904,170.1173,-657.3494,,,,,,,-242.608774,-587820.32,No common adduct match,[M-2H]2-,
Ketamine,C13H16ClNO,314.1882,MTBLS11904,274.0388,-40.1494,,,,,,,-5.135547,-18395.48,No common adduct match,[M+H-2H2O]+,
Kinetensin 1-3,C15H30N6O4,187.1208,MTBLS11904,381.2213,194.1005,,,,,,,5.972424,15915.9,No common adduct match,[2M+H]+,
Kinetensin 4-7,C26H37N9O6,237.092,MTBLS11904,592.2648,355.1728,,,,,,,59.066949,110778.67,No common adduct match,[2M+CH3COO]-,
Koenigine,C19H19NO3,116.0473,MTBLS11904,342.1727,226.1254,,,,,,,51.064249,175413.15,No common adduct match,[2M+CH3COO]-,
Kojic acid,C6H6O4,358.2329,MTBLS11904,160.0601,-198.1728,,,,,,,-18.049074,-101337.14,No common adduct match,[M-2H]2-,
Koninginin E,C16H26O4,571.2867,MTBLS11904,321.1454,-250.1413,,,,,,,12.512832,40542.81,No common adduct match,[M+2Na]2+,
Kresoxim-Methyl,C18H19NO4,309.1365,MTBLS11904,331.1646,22.0281,,,,,,,-0.961118,-2893.84,No common adduct match,[M+Na]+,
Kynurenic Acid,C10H7NO3,142.0266,MTBLS11904,190.0496,48.023,,,,,,,3.024799,16173.25,No common adduct match,[M+FA-H]- / [M+HCOO]-,
Kynurenine,C10H12N2O3,282.1831,S_33485385,209.0914,-73.0917,,,,,,,-38.077847,-154055.76,No common adduct match,[M+H-2H2O]+,
Kynurenine,C10H12N2O3,282.1831,S_35829770,209.0919,-73.0912,,,,,,,-38.077347,-154053.74,No common adduct match,[M+H-2H2O]+,
Kynurenine,C10H12N2O3,282.1831,MTBLS11904,207.0775,-75.1056,,,,,,,-40.091747,-162203.62,No common adduct match,[M+H-2H2O]+,
Kynurenine,C10H12N2O3,282.1831,ST003159,209.092,-73.0911,,,,,,,-38.077247,-154053.34,No common adduct match,[M+H-2H2O]+,
Kyotorphin,C15H23N5O4,313.1314,MTBLS11904,716.3814,403.25,,,,,,,31.104749,45390.06,No common adduct match,[2M+CH3COO]-,
L-2-Amino-4-methylenepentanedioic acid,C6H9NO4,189.0426,MTBLS11904,177.0867,-11.9559,,,,,,,5.047388,29338.57,No common adduct match,[M+H-H2O]+,
L-2-Aminobutyric acid,C4H9NO2,208.0848,S_35829770,104.0705,-104.0143,,,,,,,-0.979176,-9321.08,No common adduct match,[M+2H]2+,
L-2-Aminoethyl seryl phosphate,C5H13N2O6P,337.175,MTBLS11904,263.0228,-74.1522,,,,,,,-39.138347,-129528.06,No common adduct match,[M+H-2H2O]+,
L-3-Aminodihydro-2(3H)-furanone,C4H7NO2,159.0532,MTBLS11904,247.0933,88.0401,,,,,,,24.024333,107699.13,No common adduct match,[M+ACN+Na]+,
L-3-Cyanoalanine,C4H6N2O2,103.0633,MTBLS11904,156.0765,53.0132,,,,,,,-6.000651,-37023.42,No common adduct match,[M+CH3COO]-,
L-Alanine,C3H7NO2,228.0511,S_28880465,89.0477,-139.0034,,,,,,,-23.970574,-212094.67,No common adduct match,[M-2H]2-,
L-Alanine,C3H7NO2,228.0511,MTBLS11904,90.0548,-137.9963,,,,,,,-22.963474,-203183.72,No common adduct match,[M-2H]2-,
L-Alanine 2-naphthylamide,C13H14N2O,101.0477,MTBLS11904,446.2586,345.2109,,,,,,,185.149349,709087.66,No common adduct match,[2M+CH3COO]-,
L-Alloisoleucine,C6H13NO2,114.0429,S_35829770,132.1018,18.0589,,,,,,,0.025077,189.87,No common adduct match,[M+NH4]+,
L-Allothreonine,C4H9NO3,89.04768,S_35829770,120.0654,31.01772,,,,,,,-3.951682,-31864.01,No common adduct match,[M+Cl]-,
L-Allothreonine,C4H9NO3,89.04768,MTBLS11904,102.0548,13.00712,,,,,,,-5.026703,-46942.78,No common adduct match,[M+NH4]+,
L-Allothreonine,C4H9NO3,89.04768,MTBLS11904,120.0653,31.01762,,,,,,,-3.951782,-31864.82,No common adduct match,[M+Cl]-,
L-alpha-Amino-1H-pyrrole-1-hexanoic acid,C10H16N2O2,214.1106,MTBLS11904,229.1542,15.0436,,,,,,,-2.990223,-12880.87,No common adduct match,[M+NH4]+,
L-Arginine,C6H14N4O2,131.0946,S_28880465,174.1117,43.0171,,,,,,,0.983275,5679.45,No common adduct match,[M+ACN+H]+,
L-Arginine,C6H14N4O2,131.0946,S_35829770,175.1187,44.0241,,,,,,,-0.94706,-5379.01,No common adduct match,[M+2Na-H]+,
L-Arginine,C6H14N4O2,131.0946,S_35829770,175.1186,44.024,,,,,,,-0.94716,-5379.58,No common adduct match,[M+2Na-H]+,
L-Asparagine,C4H8N2O3,196.1212,S_24167579,133.06,-63.0612,,,,,,,12.010182,99216.85,No common adduct match,[M+2Na]2+,
L-Asparagine,C4H8N2O3,196.1212,S_28880465,132.0535,-64.0677,,,,,,,11.003682,90902.09,No common adduct match,[M+2Na]2+,
L-Asparagine,C4H8N2O3,196.1212,S_35829770,133.0606,-63.0606,,,,,,,12.010782,99221.81,No common adduct match,[M+2Na]2+,
L-Aspartate-semialdehyde,C4H7NO3,174.1117,MTBLS11904,116.0352,-58.0765,,,,,,,5.990132,54433.44,No common adduct match,[M+2Na]2+,
L-Aspartic Acid,C4H7NO4,188.1273,S_28880465,133.0375,-55.0898,,,,,,,15.984632,136559.08,No common adduct match,[M+2Na]2+,
L-Aspartyl-L phenylalanine,C13H16N2O5,132.0535,S_28880465,280.1059,148.0524,,,,,,,-2.034923,-7212.44,No common adduct match,[2M+NH4]+,
L-beta-aspartyl-L-leucine,C10H18N2O5,117.0426,MTBLS11904,247.1283,130.0857,,,,,,,-4.990723,-19795.11,No common adduct match,[2M+NH4]+,
L-beta-aspartyl-L-phenylalanine,C13H16N2O5,133.0375,MTBLS11904,261.0879,128.0504,,,,,,,-3.979824,-15014.36,No common adduct match,[2M-H]-,
L-Canaline,C4H10N2O3,280.1059,MTBLS11904,176.1027,-104.0032,,,,,,,13.060532,80105.24,No common adduct match,[M+2Na]2+,
L-Carnitine,C7H15NO3,129.079,MTBLS11904,162.1121,33.0331,,,,,,,-1.936302,-11803.24,No common adduct match,[M+Cl]-,
L-Cysteinylglycine disulfide,C6H11NO2,254.0822,S_24167579,320.034,65.9518,,,,,,,1.936033,6086.28,No common adduct match,[M+ACN+Na]+,
L-Cysteinylglycine disulfide,C6H11NO2,254.0822,S_28880465,297.0434,42.9612,,,,,,,0.927375,3131.79,No common adduct match,[M+ACN+H]+,
L-Cystine,C6H12N2O4S2,134.0691,S_28880465,240.0238,105.9547,,,,,,,-27.107124,-101475.05,No common adduct match,[2M-H]-,
L-Cystine,C6H12N2O4S2,134.0691,S_28880465,73.0533,-61.0158,,,,,,,-4.972221,-63725.57,No common adduct match,[M-H+Na]2-,
L-Cystine,C6H12N2O4S2,134.0691,S_35829770,241.0303,106.9612,,,,,,,-26.100624,-97707.23,No common adduct match,[2M-H]-,
L-Cystine,C6H12N2O4S2,134.0691,S_35829770,241.0308,106.9617,,,,,,,-26.100124,-97705.36,No common adduct match,[2M-H]-,
"l-dopa (3,4-dihydroxy-l-phenylalanine)",C16H32O3,161.1052,MTBLS11904,271.2275,110.1223,,,,,,,46.106533,204807.81,No common adduct match,[M+ACN+Na]+,
L-DOPA n-Butyl Ester,C13H19NO4,129.079,MTBLS11904,236.1278,107.0488,,,,,,,-21.022924,-81753.31,No common adduct match,[2M-H]-,
L-Epicatechol,C15H14O6,240.0238,MTBLS11904,289.0701,49.0463,,,,,,,4.048099,14202.76,No common adduct match,[M+FA-H]- / [M+HCOO]-,
L-Glutamic gamma-semialdehyde,C5H9NO3,272.2351,MTBLS11904,130.0509,-142.1842,,,,,,,-5.059374,-37446.25,No common adduct match,[M-2H]2-,
L-Hexanoylcarnitine,C13H25NO4,253.1314,MTBLS11904,260.1851,7.0537,,,,,,,6.046424,23791.83,No common adduct match,[M+H]+,
L-Homoserine,C4H9NO3,290.079,S_28880465,119.0582,-171.0208,,,,,,,-24.974024,-173391.92,No common adduct match,[M-2H]2-,
L-Isoleucine,C6H13NO2,131.0582,S_28880465,131.0946,0.0364,,,,,,,-0.970876,-7351.48,No common adduct match,[M+H]+,
L-Isoleucine,C6H13NO2,131.0582,S_28880465,243.121,112.0628,,,,,,,-17.988124,-68891.21,No common adduct match,[2M-H]-,
L-Isoleucine,C6H13NO2,131.0582,S_35829770,132.1018,1.0436,,,,,,,0.036324,275.04,No common adduct match,[M+H]+,
L-Isoleucine,C6H13NO2,131.0582,MTBLS11904,132.1017,1.0435,,,,,,,0.036224,274.28,No common adduct match,[M+H]+,
L-Kynurenine,C10H12N2O3,259.1784,S_28880465,208.0848,-51.0936,,,,,,,-16.079747,-71731.89,No common adduct match,[M+H-2H2O]+,
L-leucine,C6H13NO2,119.0582,S_28880465,131.0946,12.0364,,,,,,,-5.997423,-43747.43,No common adduct match,[M+NH4]+,
L-leucine,C6H13NO2,119.0582,S_28880465,231.1209,112.0627,,,,,,,-5.988224,-25255.14,No common adduct match,[2M-H]-,
L-leucine,C6H13NO2,119.0582,MTBLS11904,132.1017,13.0435,,,,,,,-4.990323,-36401.26,No common adduct match,[M+NH4]+,
L-Lysine,C6H14N2O2,131.0946,S_28880465,146.1055,15.0109,,,,,,,-3.022923,-20270.6,No common adduct match,[M+NH4]+,
L-Lysine,C6H14N2O2,131.0946,S_28880465,212.0873,80.9927,,,,,,,16.976933,87011.95,No common adduct match,[M+ACN+Na]+,
L-Lysine,C6H14N2O2,131.0946,S_35829770,147.1125,16.0179,,,,,,,-2.015923,-13518.03,No common adduct match,[M+NH4]+,
L-Lysine,C6H14N2O2,131.0946,MTBLS11904,188.139,57.0444,,,,,,,-1.969451,-10359.62,No common adduct match,[M+CH3COO]-,
L-Methionine,C5H11NO2S,208.0848,S_28880465,149.051,-59.0338,,,,,,,22.019382,173337.81,No common adduct match,[M+2Na]2+,
L-Methionine,C5H11NO2S,208.0848,S_35829770,150.0581,-58.0267,,,,,,,-23.012847,-132967.71,No common adduct match,[M+H-2H2O]+,
L-Norleucine,C6H13NO2,131.0946,MTBLS11904,130.0873,-1.0073,[M-H]-,-,-1,1,130.087324,-1.007276,-0.000024,-0.18,Matched,[M-H]-,[M-H]- (err -0.000024 Da)
L-Norleucine,C6H13NO2,131.0946,MTBLS11904,132.1017,1.0071,[M+H]+,+,1,1,132.101876,1.007276,-0.000176,-1.34,Matched,[M+H]+,[M+H]+ (err -0.000176 Da)
L-Octanoylcarnitine,C15H29NO4,146.1055,MTBLS11904,288.2163,142.1108,,,,,,,-2.987424,-10258.88,No common adduct match,[2M-H]-,
L-Palmitoylcarnitine,C23H45NO4,149.051,MTBLS11904,436.2829,287.2319,,,,,,,79.167049,221684.5,No common adduct match,[2M+CH3COO]-,
L-Phenylalanine,C9H11NO2,131.0946,S_28880465,165.079,33.9844,,,,,,,-0.985002,-5931.46,No common adduct match,[M+Cl]-,
L-Phenylalanine,C9H11NO2,131.0946,S_28880465,165.0452,33.9506,,,,,,,-1.018802,-6135,No common adduct match,[M+Cl]-,
L-Phenylalanine,C9H11NO2,131.0946,MTBLS11904,164.0716,32.977,,,,,,,-1.992402,-11997.8,No common adduct match,[M+Cl]-,
L-Pipecolic acid,C6H11NO2,287.2097,S_28880465,129.079,-158.1307,,,,,,,-13.518574,-94802.27,No common adduct match,[M-2H]2-,
L-Pipecolic acid,C6H11NO2,287.2097,S_28880465,129.0778,-158.1319,,,,,,,-13.519774,-94810.68,No common adduct match,[M-2H]2-,
L-Pipecolic acid,C6H11NO2,287.2097,S_28880465,152.0456,-135.1641,,,,,,,-2.550221,-16496.05,No common adduct match,[M-H+Na]2-,
L-Pipecolic acid,C6H11NO2,287.2097,S_35829770,130.0861,-157.1236,,,,,,,-12.511474,-87739.74,No common adduct match,[M-2H]2-,
L-Pipecolic acid,C6H11NO2,287.2097,S_35829770,130.0862,-157.1235,,,,,,,-12.511374,-87739.04,No common adduct match,[M-2H]2-,
L-Pipecolic acid,C6H11NO2,287.2097,S_35829770,130.0863,-157.1234,,,,,,,-12.511274,-87738.33,No common adduct match,[M-2H]2-,
L-Pipecolic acid,C6H11NO2,287.2097,MTBLS11904,259.1648,-28.0449,,,,,,,6.968953,27633.1,No common adduct match,[M+H-2H2O]+,
L-prolinamide,C5H10N2O,399.3349,MTBLS11904,270.1906,-129.1443,,,,,,,47.533932,213485.33,No common adduct match,[M+2Na]2+,
"L-Prolinamide, 5-oxo-L-prolyl-L-norvalyl-",C15H24N4O4,165.079,MTBLS11904,342.2116,177.1326,,,,,,,-5.980223,-17175.08,No common adduct match,[2M+NH4]+,
L-Proline,C5H9NO2,129.079,S_28880465,115.0633,-14.0157,,,,,,,2.987588,26656.87,No common adduct match,[M+H-H2O]+,
L-Proline,C5H9NO2,129.079,MTBLS11904,116.0704,-13.0086,,,,,,,3.994688,35642.76,No common adduct match,[M+H-H2O]+,
L-Pyroglutamic acid,C5H7NO3,324.1798,S_35829770,128.0354,-196.1444,,,,,,,-33.047224,-205156.97,No common adduct match,[M-2H]2-,
L-Pyroglutamic acid,C5H7NO3,324.1798,S_35829770,130.0497,-194.1301,,,,,,,-31.032924,-192652.21,No common adduct match,[M-2H]2-,
L-Pyroglutamic acid,C5H7NO3,324.1798,S_35829770,130.0498,-194.13,,,,,,,-31.032824,-192651.59,No common adduct match,[M-2H]2-,
L-Pyroglutamic acid,C5H7NO3,324.1798,MTBLS11904,147.0761,-177.1037,,,,,,,-14.006524,-86952.42,No common adduct match,[M-2H]2-,
L-Rhamnulose,C6H12O5,115.0633,MTBLS11904,185.0429,69.9796,,,,,,,5.963833,33302.79,No common adduct match,[M+ACN+Na]+,
L-Serine,C3H7NO3,129.079,S_28880465,105.0426,-24.0364,,,,,,,-5.018559,-45597.91,No common adduct match,[M-H2O-H]-,
L-Serine,C3H7NO3,129.079,MTBLS11904,104.0352,-25.0438,,,,,,,-6.025959,-54751,No common adduct match,[M-H2O-H]-,
L-Targinine,C7H16N4O2,129.0426,MTBLS11904,233.0991,104.0565,,,,,,,-23.978824,-93274.53,No common adduct match,[2M-H]-,
L-Threo-3-Phenylserine,C7H16N2O2,164.0685,S_28880465,181.0733,17.0048,,,,,,,-1.029023,-5650.8,No common adduct match,[M+NH4]+,
L-Threo-3-Phenylserine,C7H16N2O2,164.0685,S_28880465,181.0731,17.0046,,,,,,,-1.029223,-5651.89,No common adduct match,[M+NH4]+,
L-Threo-3-Phenylserine,C7H16N2O2,164.0685,MTBLS11904,180.0665,15.998,,,,,,,-2.035823,-11179.56,No common adduct match,[M+NH4]+,
L-Threonine,C4H9NO3,105.0426,S_28880465,119.0582,14.0156,,,,,,,-4.018223,-32648.19,No common adduct match,[M+NH4]+,
L-Threonine,C4H9NO3,105.0426,S_35829770,120.0654,15.0228,,,,,,,-3.011023,-24464.66,No common adduct match,[M+NH4]+,
L-Threonine,C4H9NO3,105.0426,MTBLS11904,118.0508,13.0082,,,,,,,-5.025623,-40833.35,No common adduct match,[M+NH4]+,
L-Threonine,C4H9NO3,105.0426,ST003159,118.05,13.0074,,,,,,,-5.026423,-40839.85,No common adduct match,[M+NH4]+,
L-Thyronine,C15H15NO4,188.1273,MTBLS11904,315.1333,127.006,,,,,,,-60.114024,-160198.41,No common adduct match,[2M-H]-,
L-Tyrosine,C9H11NO3,160.1212,S_28880465,181.0739,20.9527,,,,,,,-0.021965,-121.29,No common adduct match,[M+Na-2H]-,
L-Tyrosine,C9H11NO3,160.1212,MTBLS11904,180.0664,19.9452,,,,,,,-1.029465,-5684.64,No common adduct match,[M+Na-2H]-,
L-Valine,C5H11NO2,119.0582,S_28880465,117.079,-1.9792,,,,,,,-0.971924,-8233.09,No common adduct match,[M-H]-,
L-Valine,C5H11NO2,119.0582,MTBLS11904,118.0861,-0.9721,,,,,,,0.035176,297.98,No common adduct match,[M-H]-,
"L-Valine, N-(2-hydroxy-3-butenyl)-",C9H17NO3,273.1001,MTBLS11904,229.1543,-43.9458,,,,,,,-8.931947,-37515.59,No common adduct match,[M+H-2H2O]+,
Lactic acid,C3H6O3,117.079,S_35829770,89.02443,-28.05457,,,,,,,6.959283,84801.93,No common adduct match,[M+H-2H2O]+,
lactose,C12H22O11,187.1208,MTBLS11904,325.1121,137.9913,,,,,,,-48.122224,-128933.01,No common adduct match,[2M-H]-,
Lactyltrimethylammonium betaine,C6H13AsO3,89.04768,MTBLS11904,242.9787,153.93102,,,,,,,5.869489,24754.37,No common adduct match,[2M+CH3COO]-,
Laminine,C9H20N2O2,90.03169,MTBLS11904,189.1594,99.12771,,,,,,,8.088744,44671.75,No common adduct match,[2M+H]+,
Laninamivir,C13H22N4O7,342.1162,MTBLS11904,347.1593,5.0431,,,,,,,4.035824,11762.02,No common adduct match,[M+H]+,
Laricitrin,C16H12O8,208.0081,MTBLS11904,371.0192,163.0111,,,,,,,-43.989724,-105997.05,No common adduct match,[2M-H]-,
Lathyrol,C20H30O4,188.1525,S_35829770,357.2022,169.0497,,,,,,,-18.095524,-48216.45,No common adduct match,[2M-H]-,
Latrunculin B,C20H29NO5S,346.1488,MTBLS11904,413.211,67.0622,,,,,,,3.046433,7427.34,No common adduct match,[M+ACN+Na]+,
Lauramine Oxide,C14H31NO,332.0532,MTBLS11904,230.2475,-101.8057,,,,,,,41.231682,218138.79,No common adduct match,[M+2Na]2+,
lauric acid,C12H24O2,334.2144,S_33485385,199.1709,-135.0435,,,,,,,9.074482,47736.21,No common adduct match,[M+2Na]2+,
lauric acid,C12H24O2,334.2144,MTBLS11904,218.2111,-116.0033,,,,,,,28.114682,147896.96,No common adduct match,[M+2Na]2+,
Lauroylcarnitine,C19H37NO4,395.1766,MTBLS11904,344.2789,-50.8977,,,,,,,-15.883847,-44101.86,No common adduct match,[M+H-2H2O]+,
Lauryldiethanolamine,C16H35NO2,229.2406,MTBLS11904,274.2735,45.0329,,,,,,,0.034699,126.53,No common adduct match,[M+FA-H]- / [M+HCOO]-,
Lavendustin A,C21H19NO6,200.1776,MTBLS11904,807.2481,607.0705,,,,,,,347.879049,757297.53,No common adduct match,[2M+CH3COO]-,
Legumelin,C23H22O6,343.2723,MTBLS11904,439.1373,95.865,,,,,,,31.849233,78198.3,No common adduct match,[M+ACN+Na]+,
Lenticin,C14H18N2O2,273.2668,S_35829770,247.1437,-26.1231,,,,,,,-7.105259,-27946.07,No common adduct match,[M-H2O-H]-,
Lenticin,C14H18N2O2,273.2668,MTBLS11904,247.1437,-26.1231,,,,,,,-7.105259,-27946.07,No common adduct match,[M-H2O-H]-,
Leptomycin B,C33H48O6,381.1212,MTBLS11904,539.3329,158.2117,,,,,,,94.195933,211611.12,No common adduct match,[M+ACN+Na]+,
Leu Ile Trp,C23H34N4O4,394.1416,MTBLS11904,431.2643,37.1227,,,,,,,0.174095,403.85,No common adduct match,[M+K-2H]-,
Leu-Pro-Ile,C17H31N3O4,540.3451,MTBLS11904,324.2271,-216.118,,,,,,,31.065332,105966.52,No common adduct match,[M+2Na]2+,
Leucine,C6H13NO2,244.1787,S_35829770,132.1018,-112.0769,,,,,,,-0.978521,-7352.86,No common adduct match,[M-H+Na]2-,
Leucinic Acid,C6H12O3,341.2315,MTBLS11904,131.0713,-210.1602,,,,,,,-38.537174,-227212.55,No common adduct match,[M-2H]2-,
Leucodopachrome,C9H9NO4,232.1423,MTBLS11904,194.0456,-38.0967,,,,,,,-3.082847,-15638.77,No common adduct match,[M+H-2H2O]+,
Leucomycin,C35H59NO13,131.0946,MTBLS11904,666.3892,535.2946,,,,,,,345.186149,1074666.47,No common adduct match,[2M+CH3COO]-,
Leucyl-Arginine,C12H25N5O3,132.0786,MTBLS11904,252.1801,120.1015,,,,,,,-10.969824,-41686.59,No common adduct match,[2M-H]-,
Leucyl-Glutamate,C11H20N2O5,195.0532,MTBLS11904,243.1334,48.0802,,,,,,,3.081999,12838.91,No common adduct match,[M+FA-H]- / [M+HCOO]-,
Leucyl-leucine,C12H24N2O3,701.3986,MTBLS11904,243.1711,-458.2275,,,,,,,-106.520924,-304613.54,No common adduct match,[M-2H]2-,
Leucyl-leucine,C12H24N2O3,701.3986,MTBLS11904,227.1751,-474.2235,,,,,,,-122.516924,-350356.64,No common adduct match,[M-2H]2-,
Leucyl-Valine,C11H22N2O3,287.1957,MTBLS11904,502.3574,215.1617,,,,,,,-71.026724,-123872.85,No common adduct match,[2M-H]-,
Leucylhydroxyproline,C11H20N2O4,260.1372,MTBLS11904,243.1348,-17.0024,[M+H-H2O]+,+,1,1,243.133912,-17.003288,0.000888,3.65,Matched,[M+H-H2O]+,[M+H-H2O]+ (err 0.000888 Da)
Leukotriene B3,C20H34O4,244.1787,S_29518718,356.2807,112.102,,,,,,,48.086233,156025.62,No common adduct match,[M+ACN+Na]+,
Levetiracetam,C8H14N2O2,230.163,MTBLS11904,358.243,128.08,,,,,,,64.064233,217773.14,No common adduct match,[M+ACN+Na]+,
Levodopa,C9H11NO4,244.1423,S_35829770,198.0756,-46.0667,,,,,,,-11.052847,-52851.95,No common adduct match,[M+H-2H2O]+,
Levofloxacin,C18H20FN3O4,338.2457,MTBLS11904,362.1503,23.9046,,,,,,,0.915382,2534.04,No common adduct match,[M+Na]+,
Lichenin,C6H10O5,170.1055,MTBLS11904,127.0388,-43.0667,,,,,,,-8.052847,-59610.25,No common adduct match,[M+H-2H2O]+,
Ligusticide,C12H14O2,197.0688,MTBLS11904,208.1329,11.0641,,,,,,,-6.969723,-32401.85,No common adduct match,[M+NH4]+,
Linalool (8-hydroxydihydro-),C32H42O14,361.1438,MTBLS11904,633.2542,272.1104,,,,,,,-88.026124,-122041.49,No common adduct match,[2M-H]-,
Linoelaidylcarnitine,C25H45NO4,162.0528,MTBLS11904,468.3321,306.2793,,,,,,,85.212649,222417.97,No common adduct match,[2M+CH3COO]-,
Linolenelaidic acid,C18H30O2,650.2575,MTBLS11904,323.2223,-327.0352,,,,,,,-0.899174,-2774.19,No common adduct match,[M-2H]2-,
Linolenic Acid,C18H30O2,423.3349,S_24167579,279.2309,-144.104,,,,,,,44.574232,189955.1,No common adduct match,[M+2Na]2+,
Linolenic Acid,C18H30O2,423.3349,S_33485385,277.2179,-146.117,,,,,,,42.561232,181376.61,No common adduct match,[M+2Na]2+,
Linolenic Acid,C18H30O2,423.3349,MTBLS11904,279.2313,-144.1036,,,,,,,44.574632,189956.81,No common adduct match,[M+2Na]2+,
Linolenic Acid,C18H30O2,423.3349,ST003159,277.22,-146.1149,,,,,,,42.563332,181385.56,No common adduct match,[M+2Na]2+,
Linonin,C26H30O8,280.2402,MTBLS11904,469.1837,188.9435,,,,,,,-90.289424,-161382.95,No common adduct match,[2M-H]-,
Linotroban,C14H15NO5S2,278.2246,MTBLS11904,362.0166,83.792,,,,,,,19.776233,57784.63,No common adduct match,[M+ACN+Na]+,
Lipoteichoic acid,C39H70N2O13,470.1941,MTBLS11904,399.2427,-70.9514,,,,,,,-35.937547,-82580.83,No common adduct match,[M+H-2H2O]+,
"Lisinopril, epsilon-biotinamidocaproyl-",C37H56N6O8S,341.0392,MTBLS11904,781.3361,440.2969,,,,,,,40.243849,54303.43,No common adduct match,[2M+CH3COO]-,
Lithocholate 3-O-glucuronide,C30H48O9,206.0435,MTBLS11904,594.3683,388.3248,,,,,,,123.267449,261658.3,No common adduct match,[2M+CH3COO]-,
Lithocholic acid glycine conjugate,C26H43NO4,774.4878,MTBLS11904,414.301,-360.1868,,,,,,,4.067882,9916.03,No common adduct match,[M+2Na]2+,
Lithocholyltaurine,C26H45NO5S,744.388,MTBLS11904,528.3034,-216.0846,,,,,,,133.120182,336856.87,No common adduct match,[M+2Na]2+,
Loliolide,C11H16O3,552.3298,MTBLS11904,197.1168,-355.213,,,,,,,-78.040824,-283622.25,No common adduct match,[M-2H]2-,
Lotaustralin,C11H19NO6,433.3192,MTBLS11904,294.1543,-139.1649,,,,,,,54.505482,227438.98,No common adduct match,[M+2Na]2+,
Lotusine,C19H24NO3+,483.3018,MTBLS11904,359.1718,-124.13,,,,,,,-89.116147,-198792.2,No common adduct match,[M+H-2H2O]+,
LPC 14:0,C22H46NO7P,261.1212,MTBLS11904,468.3074,207.1862,,,,,,,-52.927724,-101542.9,No common adduct match,[2M-H]-,
LPC 15:0,C23H48NO7P,282.1858,MTBLS11904,504.305,222.1192,,,,,,,-59.059324,-104833.27,No common adduct match,[2M-H]-,
LPC 16:1,C24H48NO7P,467.3012,ST003159,494.3237,27.0225,,,,,,,4.033282,8226.31,No common adduct match,[M+Na]+,
LPC 18:1,C26H52NO7P,495.3325,ST003159,522.3553,27.0228,,,,,,,4.033582,7782,No common adduct match,[M+Na]+,
LPC 20:2,C28H54NO7P,521.3481,MTBLS11904,548.3699,27.0218,,,,,,,4.032582,7408.24,No common adduct match,[M+Na]+,
LPC 20:4,C28H50NO7P,537.3794,MTBLS11904,544.3387,6.9593,,,,,,,5.952024,11055.3,No common adduct match,[M+H]+,
LPC 22:6,C30H50NO7P,543.3325,MTBLS11904,568.338,25.0055,,,,,,,2.016282,3560.31,No common adduct match,[M+Na]+,
Lubiprostone,C20H32F2O5,527.3012,MTBLS11904,413.211,-114.0902,,,,,,,-79.076347,-160630.47,No common adduct match,[M+H-2H2O]+,
Lucidenic acid E2,C29H40O8,437.2906,MTBLS11904,534.3108,97.0202,,,,,,,33.004433,65836.85,No common adduct match,[M+ACN+Na]+,
Lucidenic acid J,C27H38O8,620.2962,MTBLS11904,525.2228,-95.0734,,,,,,,-60.059547,-102616.37,No common adduct match,[M+H-2H2O]+,
Lucidenic acid J,C27H38O8,620.2962,ST003159,525.22,-95.0762,,,,,,,-60.062347,-102621.15,No common adduct match,[M+H-2H2O]+,
Lucidenic acid M,C27H42O6,390.2218,ST003159,461.29,71.0682,,,,,,,7.052433,15525.87,No common adduct match,[M+ACN+Na]+,
Lucidenic acid N,C27H40O6,516.2723,MTBLS11904,474.2897,-41.9826,,,,,,,-6.968747,-14480.26,No common adduct match,[M+H-2H2O]+,
Lumirubin,C33H36N4O6,490.2567,MTBLS11904,583.2555,92.9988,,,,,,,28.983033,52290.23,No common adduct match,[M+ACN+Na]+,
Lupeoside,C41H68O10,462.2981,MTBLS11904,372.24,-90.0581,,,,,,,-55.044247,-128823.49,No common adduct match,[M+H-2H2O]+,
Lupinic acid,C13H18N6O3,460.2825,MTBLS11904,225.1594,-235.1231,,,,,,,-3.974574,-17346.07,No common adduct match,[M-2H]2-,
Lusitanicoside,C21H30O10,584.2635,MTBLS11904,233.0917,-351.1718,,,,,,,-58.032774,-199340.07,No common adduct match,[M-2H]2-,
Luteolin 3'-(3''-acetylglucuronide),C23H20O13,720.4812,MTBLS11904,527.0822,-193.399,,,,,,,143.852382,375368.45,No common adduct match,[M+2Na]2+,
Lys Glu Asn,C15H27N5O7,306.144,MTBLS11904,390.1964,84.0524,,,,,,,20.036633,54129.69,No common adduct match,[M+ACN+Na]+,
Lys Leu Gln,C17H33N5O5,442.1839,MTBLS11904,388.2536,-53.9303,,,,,,,-18.916447,-46458.35,No common adduct match,[M+H-2H2O]+,
Lys Thr Gln,C15H29N5O6,504.0904,MTBLS11904,376.2173,-127.8731,,,,,,,-92.859247,-197961.82,No common adduct match,[M+H-2H2O]+,
Lys Val Asn,C15H29N5O5,389.191,MTBLS11904,360.2221,-28.9689,,,,,,,6.044953,17067.6,No common adduct match,[M+H-2H2O]+,
LYSERGAMIDE,C16H17N3O,387.2482,MTBLS11904,579.2777,192.0295,,,,,,,128.013733,283678.16,No common adduct match,[M+ACN+Na]+,
Lysine,C6H14N2O2,375.2118,S_35829770,147.1126,-228.0992,,,,,,,-39.486024,-211609.4,No common adduct match,[M-2H]2-,
Lysine,C6H14N2O2,375.2118,S_35829770,147.1125,-228.0993,,,,,,,-39.486124,-211609.94,No common adduct match,[M-2H]2-,
LysoPC(16:0),C24H50NO7P,635.489,MTBLS11904,496.3388,-139.1502,,,,,,,-104.136347,-173423.24,No common adduct match,[M+H-2H2O]+,
LysoPC(16:0),C24H50NO7P,635.489,ST003159,497.3427,-138.1463,,,,,,,-103.132447,-171751.4,No common adduct match,[M+H-2H2O]+,
LysoPC(18:2),C26H50NO7P,663.5203,S_29518718,542.3257,-121.1946,,,,,,,-86.180747,-137119.91,No common adduct match,[M+H-2H2O]+,
LysoPC(18:2),C26H50NO7P,663.5203,MTBLS11904,564.3302,-99.1901,,,,,,,-64.176247,-102109.13,No common adduct match,[M+H-2H2O]+,
Lysophosphatidylcholine,C10H22NO7P,661.5046,MTBLS11904,317.1488,-344.3558,,,,,,,-12.596224,-38199.89,No common adduct match,[M-2H]2-,
LysoSM(d18:0),C23H51N2O5P,495.3325,MTBLS11904,484.383,-10.9495,,,,,,,6.053788,12656.11,No common adduct match,[M+H-H2O]+,
LysoSM(d18:1),C23H50N2O5P+,519.3325,MTBLS11904,448.341,-70.9915,,,,,,,-35.977647,-74285.08,No common adduct match,[M+H-2H2O]+,
Lysylleucine,C12H25N3O3,299.1134,MTBLS11904,560.4142,261.3008,,,,,,,-36.805324,-61627.8,No common adduct match,[2M-H]-,
lyxitol,C5H12O5,466.3536,MTBLS11904,133.0505,-333.3031,,,,,,,-99.119024,-426925.21,No common adduct match,[M-2H]2-,
Malabaricone B,C21H26O4,465.3457,MTBLS11904,377.1533,-88.1924,,,,,,,-53.178547,-123575.67,No common adduct match,[M+H-2H2O]+,
Malathion monocarboxylic acid,C8H15O6PS2,259.1896,MTBLS11904,347.0029,87.8133,,,,,,,23.797533,73629.76,No common adduct match,[M+ACN+Na]+,
Maleic Acid,C4H4O4,342.1831,MTBLS11904,115.0036,-227.1795,,,,,,,-55.080674,-323843.42,No common adduct match,[M-2H]2-,
malic acid,C4H6O5,302.0048,MTBLS11904,133.0141,-168.9907,,,,,,,-16.981024,-113210.5,No common adduct match,[M-2H]2-,
Manglupenone,C30H44O2,116.011,MTBLS11904,473.2825,357.2715,,,,,,,182.246649,626200,No common adduct match,[2M+CH3COO]-,
Marindinin,C14H16O3,104.011,MTBLS11904,250.1433,146.1323,,,,,,,-2.876901,-11370.24,No common adduct match,[2M+FA-H]- / [2M+HCOO]-,
Mascaroside,C26H36O11,436.3341,MTBLS11904,569.2239,132.8898,,,,,,,68.874033,137651.75,No common adduct match,[M+ACN+Na]+,
Maslinic acid,C30H48O4,182.079,MTBLS11904,471.3481,289.2691,,,,,,,48.176249,113845.59,No common adduct match,[2M+CH3COO]-,
Meclofenoxate,C12H16ClNO3,232.1099,MTBLS11904,573.1807,341.0708,,,,,,,49.947049,95458.4,No common adduct match,[2M+CH3COO]-,
Mecysteine,C4H9NO2S,524.2258,MTBLS11904,100.0214,-424.2044,,,,,,,-161.084224,-616931.27,No common adduct match,[M-2H]2-,
Melanettin,C16H12O5,472.3553,MTBLS11904,302.1018,-170.2535,,,,,,,42.934932,165665.2,No common adduct match,[M+2Na]2+,
Melanostatin,C13H24N4O3,257.0819,ST003159,267.18,10.0981,,,,,,,-7.935723,-28845.04,No common adduct match,[M+NH4]+,
melatonin,C9H13N3O5,135.0354,MTBLS11904,244.0939,109.0585,,,,,,,-24.969624,-92801.96,No common adduct match,[2M-H]-,
Melevodopa,C10H13NO4,284.0685,S_35829770,210.0771,-73.9914,,,,,,,-38.977547,-156501.99,No common adduct match,[M+H-2H2O]+,
Melevodopa,C10H13NO4,284.0685,S_35829770,212.0912,-71.9773,,,,,,,-36.963447,-148415.01,No common adduct match,[M+H-2H2O]+,
Melibiitol,C12H24O11,284.1848,MTBLS11904,362.165,77.9802,,,,,,,13.964433,40104.57,No common adduct match,[M+ACN+Na]+,
Melibiose,C12H22O11,243.0855,S_35829770,365.1051,122.0196,,,,,,,58.003833,188875.26,No common adduct match,[M+ACN+Na]+,
Melledonal A,C23H28O8,211.0845,MTBLS11904,453.1547,242.0702,,,,,,,-3.983702,-8714.43,No common adduct match,[2M+Cl]-,
Melleolide H,C24H30O7,344.1319,MTBLS11904,429.1946,85.0627,,,,,,,21.046933,51566.96,No common adduct match,[M+ACN+Na]+,
Menatetrenone Epoxide,C31H40O3,342.1162,MTBLS11904,478.3327,136.2165,,,,,,,72.200733,177776.53,No common adduct match,[M+ACN+Na]+,
Menthol glucuronide,C16H28O7,432.1784,MTBLS11904,331.1759,-101.0025,,,,,,,-65.988647,-166149.39,No common adduct match,[M+H-2H2O]+,
"Menthone 1,3-glyceryl ketal",C13H24O3,430.1992,MTBLS11904,229.181,-201.0182,,,,,,,2.083153,9172.93,No common adduct match,[M+H+Na]2+,
Menthone lactone,C10H18O2,460.2977,MTBLS11904,151.1127,-309.185,,,,,,,-78.028874,-340526.92,No common adduct match,[M-2H]2-,
Mepivacaine,C15H22N2O,332.1835,MTBLS11904,247.18,-85.0035,,,,,,,-49.989647,-168219.22,No common adduct match,[M+H-2H2O]+,
Mercaptoacetic acid,C2H4O2S,228.1725,MTBLS11904,134.0268,-94.1457,,,,,,,-3.048668,-22240.8,No common adduct match,[M+2Na]2+,
Merodesmosine,C18H34N4O6,170.1307,MTBLS11904,401.24,231.1093,,,,,,,1.964749,4920.79,No common adduct match,[2M+CH3COO]-,
Mertiatide,C8H13N3O5S,246.1732,MTBLS11904,302.0192,55.846,,,,,,,-3.167851,-10380.03,No common adduct match,[M+CH3COO]-,
Mesaconic Acid,C5H6O4,91.9932,MTBLS11904,129.0192,37.026,,,,,,,0.077395,600.23,No common adduct match,[M+K-2H]-,
Mesalamine,C7H7NO3,402.2478,S_35829770,152.0353,-250.2125,,,,,,,-48.081324,-240266.51,No common adduct match,[M-2H]2-,
Mesobilirubinogen,C33H44N4O6,263.0576,MTBLS11904,591.3179,328.2603,,,,,,,6.188849,10576.9,No common adduct match,[2M+CH3COO]-,
Met-Glu,C10H18N2O5S,153.0426,MTBLS11904,313.0647,160.0221,,,,,,,5.972224,19447.64,No common adduct match,[2M+H]+,
Metaxalone,C12H15NO3,592.3261,MTBLS11904,266.1031,-326.223,,,,,,,-29.052674,-98431.66,No common adduct match,[M-2H]2-,
Metformin,C4H11N5,277.1096,S_35829770,130.1086,-147.001,,,,,,,-7.438924,-54082.57,No common adduct match,[M-2H]2-,
Metformin,C4H11N5,277.1096,S_35829770,130.1085,-147.0011,,,,,,,-7.439024,-54083.3,No common adduct match,[M-2H]2-,
Methadone,C21H27NO,278.0936,S_35829770,310.2154,32.1218,,,,,,,-2.847602,-9095.94,No common adduct match,[M+Cl]-,
Methadone,C21H27NO,278.0936,S_35829770,310.2158,32.1222,,,,,,,-2.847202,-9094.66,No common adduct match,[M+Cl]-,
Methenamine,C6H12N4,129.1014,MTBLS11904,141.1133,12.0119,,,,,,,-6.021923,-40927.81,No common adduct match,[M+NH4]+,
METHIONAL,C4H8OS,309.2093,MTBLS11904,105.0367,-204.1726,,,,,,,-48.560674,-316155.62,No common adduct match,[M-2H]2-,
Methionine,C5H11NO2S,111.9925,S_35829770,150.0582,38.0657,,,,,,,-0.897458,-5945.18,No common adduct match,[M+K]+,
Methionine,C5H11NO2S,111.9925,S_35829770,150.0581,38.0656,,,,,,,-0.897558,-5945.84,No common adduct match,[M+K]+,
Methionine glutamate,C10H18N2O6S,140.1062,MTBLS11904,333.0499,192.9437,,,,,,,-6.176351,-18207.17,No common adduct match,[2M+CH3COO]-,
Methionine Sulfoxide,C5H11NO3S,104.0296,S_28880465,165.046,61.0164,,,,,,,2.002549,12282.3,No common adduct match,[M+CH3COO]-,
Methionine Sulfoxide,C5H11NO3S,104.0296,S_28880465,165.0452,61.0156,,,,,,,2.001749,12277.4,No common adduct match,[M+CH3COO]-,
Methionine Sulfoxide,C5H11NO3S,104.0296,MTBLS11904,166.0534,62.0238,,,,,,,-1.991967,-11853.75,No common adduct match,[M+ACN+Na]+,
Methohexital,C14H18N2O3,149.051,MTBLS11904,283.1084,134.0574,,,,,,,-13.986324,-47076.98,No common adduct match,[2M-H]-,
Methoxamine,C11H17NO3,294.0886,MTBLS11904,212.1278,-81.9608,,,,,,,42.094282,247564.61,No common adduct match,[M+2Na]2+,
Methoxyindoleacetic acid,C11H11NO3,165.046,S_35829770,206.081,41.035,,,,,,,-0.998825,-4823.38,No common adduct match,[M+ACN+H]+,
Methoxyindoleacetic acid,C11H11NO3,165.046,MTBLS11904,206.0808,41.0348,,,,,,,-0.999025,-4824.35,No common adduct match,[M+ACN+H]+,
Methoxymalic acid,C5H6O5,262.1317,MTBLS11904,191.0195,-71.1122,,,,,,,-36.098347,-158941.04,No common adduct match,[M+H-2H2O]+,
Methoxyphenylacetic acid,C9H10O3,211.1208,MTBLS11904,165.0556,-46.0652,,,,,,,-11.051347,-62753.61,No common adduct match,[M+H-2H2O]+,
methyl 2-((4-methyl-2-oxo-2H-chromen-7-yl)oxy)propanoate,C14H14O5,205.0739,S_35829770,263.0883,58.0144,,,,,,,-0.999451,-3784.54,No common adduct match,[M+CH3COO]-,
Methyl 3b-hydroxy-13(18)-oleanen-28-oate,C33H52O4,146.0215,MTBLS11904,551.3542,405.3327,,,,,,,200.297349,570555.31,No common adduct match,[2M+CH3COO]-,
Methyl 7-epi-12-hydroxyjasmonate glucoside,C19H30O9,166.063,MTBLS11904,435.2194,269.1564,,,,,,,44.079549,112695.11,No common adduct match,[2M+CH3COO]-,
Methyl ethyl ketone,C4H8O,262.0841,S_35829770,73.06475,-189.01935,,,,,,,-56.970024,-438113.76,No common adduct match,[M-2H]2-,
Methyl furfuracrylate,C8H8O3,512.3866,MTBLS11904,197.0454,-315.3412,,,,,,,-58.140624,-227836.24,No common adduct match,[M-2H]2-,
Methyl helianthenoate A glucoside,C19H24O8,402.189,MTBLS11904,425.145,22.956,,,,,,,-0.033218,-78.13,No common adduct match,[M+Na]+,
Methyl methacrylate,C5H8O2,72.05751,MTBLS11904,218.1382,146.08069,,,,,,,15.009329,73890.67,No common adduct match,[2M+CH3COO]-,
Methyl Salicylate,C8H8O3,380.1471,MTBLS11904,151.04,-229.1071,,,,,,,-38.026274,-201126.69,No common adduct match,[M-2H]2-,
Methyl-3-hydroxybutyric acid,C5H10O3,100.0524,S_35829770,119.0728,19.0204,,,,,,,0.986577,8354.72,No common adduct match,[M+NH4]+,
Methylamine,CH5N,152.0473,S_28880465,31.0422,-121.0051,,,,,,,-43.974174,-586194.34,No common adduct match,[M-2H]2-,
Methyldopate,C12H17NO4,118.063,MTBLS11904,257.1492,139.0862,,,,,,,-1.966018,-7587.43,No common adduct match,[2M+Na]+,
Methyldymron,C17H20N2O,194.079,MTBLS11904,269.1645,75.0855,,,,,,,11.069733,42890.19,No common adduct match,[M+ACN+Na]+,
Methylgallic acid-O-sulphate,C8H8O8S,31.0422,MTBLS11904,262.9865,231.9443,,,,,,,141.888249,1171678.76,No common adduct match,[2M+CH3COO]-,
Methylguanine,C9H11NO2 | C6H7N5O,239.1158,S_28880465,165.0551,-74.0607,,,,,,,22.507982,157898.54,No common adduct match,[M+2Na]2+,
Methylguanine,C9H11NO2 | C6H7N5O,239.1158,MTBLS11904,207.0986,-32.0172,,,,,,,2.996653,14682.14,No common adduct match,[M+H-2H2O]+,
Methylisopelletierine,C9H17NO,268.1576,MTBLS11904,200.129,-68.0286,,,,,,,-33.014747,-141606.83,No common adduct match,[M+H-2H2O]+,
Methylmalonic Acid,C4H6O4,263.994,S_25390405,117.01,-146.984,,,,,,,-13.979724,-106723.82,No common adduct match,[M-2H]2-,
Methylmalonic Acid,C4H6O4,263.994,MTBLS11904,117.0192,-146.9748,,,,,,,-13.970524,-106653.58,No common adduct match,[M-2H]2-,
Methylone,C11H13NO3,165.079,MTBLS11904,252.0874,87.0084,,,,,,,22.992633,100362.98,No common adduct match,[M+ACN+Na]+,
Methylthiouracil,C5H6N2OS,165.0651,MTBLS11904,329.0387,163.9736,,,,,,,-0.084224,-255.9,No common adduct match,[2M-H]-,
Methyltrienolone,C19H24O2,155.131,MTBLS11904,326.211,171.08,,,,,,,-2.084823,-6350.44,No common adduct match,[2M+NH4]+,
Metomidate,C13H14N2O2,118.0266,MTBLS11904,519.2241,401.1975,,,,,,,224.157049,759681.73,No common adduct match,[2M+CH3COO]-,
Metoprolol,C15H25NO3,207.0895,S_35829770,268.1897,61.1002,,,,,,,2.086349,7840.37,No common adduct match,[M+CH3COO]-,
Metoprolol,C15H25NO3,207.0895,S_35829770,286.143,79.0535,,,,,,,15.037733,55468.24,No common adduct match,[M+ACN+Na]+,
Metoprolol,C15H25NO3,207.0895,MTBLS11904,268.1895,61.1,,,,,,,2.086149,7839.62,No common adduct match,[M+CH3COO]-,
Metoprolol acid,C14H21NO4,142.0201,S_35829770,268.1537,126.1336,,,,,,,-14.879224,-52570.65,No common adduct match,[2M-H]-,
Metoprolol acid,C14H21NO4,142.0201,S_35829770,268.1538,126.1337,,,,,,,-14.879124,-52570.29,No common adduct match,[2M-H]-,
Metoprolol acid,C14H21NO4,142.0201,MTBLS11904,250.1433,108.1232,,,,,,,-32.889624,-116204.23,No common adduct match,[2M-H]-,
Metyrosine,C10H13NO3,284.1776,MTBLS11904,194.0821,-90.0955,,,,,,,29.004082,175699.24,No common adduct match,[M+2Na]2+,
Mibefradil,C29H38FN3O3,230.1055,MTBLS11904,460.2743,230.1688,,,,,,,-0.943976,-2046.7,No common adduct match,[2M+H]+,
Midodrine,C12H18N2O4,267.1834,MTBLS11904,299.1244,31.941,,,,,,,-3.028402,-10022.75,No common adduct match,[M+Cl]-,
Miglitol,C8H17NO5,267.1471,MTBLS11904,242.0796,-25.0675,,,,,,,-6.049659,-24381.08,No common adduct match,[M-H2O-H]-,
Milbemycin A3,C31H44O7,195.0895,MTBLS11904,565.2622,370.1727,,,,,,,116.069349,258395.36,No common adduct match,[2M+CH3COO]-,
Milbemycin beta2,C33H50O7,495.2897,MTBLS11904,576.3935,81.1038,,,,,,,17.088033,30552.24,No common adduct match,[M+ACN+Na]+,
Milbemycin D,C33H48O7,254.1267,MTBLS11904,555.3353,301.2086,,,,,,,2.083699,3766.28,No common adduct match,[2M+FA-H]- / [2M+HCOO]-,
Mimosine,C8H10N2O4,207.1107,MTBLS11904,243.062,35.9513,,,,,,,0.981898,4056.09,No common adduct match,[M+Cl]-,
Minaxolone,C25H43NO3,528.3087,MTBLS11904,469.3379,-58.9708,,,,,,,-23.956947,-48565.17,No common adduct match,[M+H-2H2O]+,
Mirificin,C26H28O13,558.3557,MTBLS11904,513.1356,-45.2201,,,,,,,-10.206247,-19502.07,No common adduct match,[M+H-2H2O]+,
Miserotoxin,C9H17NO8,556.34,MTBLS11904,309.1281,-247.2119,,,,,,,7.968882,26460.69,No common adduct match,[M+2Na]2+,
Mitraphylline,C21H24N2O4,198.0641,MTBLS11904,386.2067,188.1426,,,,,,,-8.914224,-22560.75,No common adduct match,[2M-H]-,
Mogroside V,C60H102O29,548.153,MTBLS11904,642.3174,94.1644,,,,,,,30.148633,49248.89,No common adduct match,[M+ACN+Na]+,
Mollicellin C,C22H20O8,267.0954,MTBLS11904,393.0998,126.0044,,,,,,,61.988633,187213.96,No common adduct match,[M+ACN+Na]+,
Momordol,C26H48O5,368.1736,MTBLS11904,421.3318,53.1582,,,,,,,-5.855651,-13707.45,No common adduct match,[M+CH3COO]-,
Monic acid,C17H28O7,273.0823,MTBLS11904,343.2082,70.1259,,,,,,,6.110133,18125.68,No common adduct match,[M+ACN+Na]+,
Mono-isopropyl-disopyramide,C18H23N3O,1286.651,MTBLS11904,595.38,-691.271,,,,,,,-46.938224,-73076.28,No common adduct match,[M-2H]2-,
Monooctyl phthalate,C16H22O4,440.3502,MTBLS11904,277.1442,-163.206,,,,,,,33.979882,139740.41,No common adduct match,[M+2Na]2+,
Mopidralazine,C14H19N5O,344.1835,MTBLS11904,591.3178,247.1343,,,,,,,-96.041924,-139725.85,No common adduct match,[2M-H]-,
Morph,C10H16N2O4,297.1841,MTBLS11904,273.0808,-24.1033,,,,,,,-5.085459,-18282.08,No common adduct match,[M-H2O-H]-,
Morphine,C17H19NO3,386.3396,S_35829770,286.143,-100.1966,,,,,,,-65.182747,-185533.65,No common adduct match,[M+H-2H2O]+,
Morpholine,C4H9NO,278.1518,MTBLS11904,88.0756,-190.0762,,,,,,,-49.993024,-362088.23,No common adduct match,[M-2H]2-,
Mupirocin,C26H44O9,273.159,MTBLS11904,537.25,264.091,,,,,,,-8.060724,-14781.89,No common adduct match,[2M-H]-,
Muramic acid,C9H17NO7,228.111,MTBLS11904,252.1075,23.9965,,,,,,,1.007282,4011.47,No common adduct match,[M+Na]+,
Muricatacin,C17H32O3,285.1365,MTBLS11904,329.2329,44.0964,,,,,,,-0.87476,-2649.92,No common adduct match,[M+2Na-H]+,
Musca-aurin-II,C18H16N2O10,87.06841,S_24167579,443.069,356.00059,,,,,,,209.918329,900354.81,No common adduct match,[2M+CH3COO]-,
Mycophenolic acid O-acyl-glucuronide,C23H28O12,500.2985,MTBLS11904,517.1345,16.836,,,,,,,-1.197823,-2310.92,No common adduct match,[M+NH4]+,
Myoinositol,C6H12O6,251.1005,S_33485385,179.0569,-72.0436,,,,,,,30.517432,205449.99,No common adduct match,[M+2Na]2+,
Myoinositol,C6H12O6,251.1005,ST003159,179.06,-72.0405,,,,,,,30.520532,205470.86,No common adduct match,[M+2Na]2+,
Myricatomentoside I,C26H32O10,284.2351,MTBLS11904,549.1959,264.9608,,,,,,,-18.267024,-32190.69,No common adduct match,[2M-H]-,
Myristic acid,C14H28O2,420.0805,S_35829770,227.2015,-192.879,,,,,,,5.163003,23252.74,No common adduct match,[M+H+Na]2+,
Myristic acid,C14H28O2,420.0805,MTBLS11904,267.1714,-152.9091,,,,,,,34.141932,146513.37,No common adduct match,[M+2Na]2+,
Myristoleic acid,C14H26O2,496.1581,S_33485385,225.1846,-270.9735,,,,,,,-21.887174,-88586.3,No common adduct match,[M-2H]2-,
Myristoleic acid,C14H26O2,496.1581,MTBLS11904,511.3994,15.2413,,,,,,,-2.792523,-5430.9,No common adduct match,[M+NH4]+,
Myristoleic acid,C14H26O2,496.1581,ST003159,225.19,-270.9681,,,,,,,-21.881774,-88564.44,No common adduct match,[M-2H]2-,
Myristoylglycine,C16H31NO3,180.0634,MTBLS11904,284.2227,104.1593,,,,,,,40.143533,164469.31,No common adduct match,[M+ACN+Na]+,
Myrsinone,C17H26O4,504.1995,MTBLS11904,293.1755,-211.024,,,,,,,18.086532,65747.94,No common adduct match,[M+2Na]2+,
N'-nitrosoanabasine,C10H13N3O,228.2089,MTBLS11904,236.105,7.8961,,,,,,,6.888824,30053.83,No common adduct match,[M+H]+,
N(2)-phenylacetyl-L-glutaminate,C13H15N2O4-,226.1933,MTBLS11904,309.1091,82.9158,,,,,,,18.900033,65125.58,No common adduct match,[M+ACN+Na]+,
N(4)-Oleylcytosine arabinoside,C27H47N3O5,285.2304,MTBLS11904,514.3239,229.0935,,,,,,,-55.129624,-96811.45,No common adduct match,[2M-H]-,
N(5)-Acetylornithine,C7H14N2O3,294.1831,MTBLS11904,157.0968,-137.0863,,,,,,,-0.985721,-6235.48,No common adduct match,[M-H+Na]2-,
N(6)-(Octanoyl)lysine,C14H28N2O3,191.1059,MTBLS11904,336.2275,145.1216,,,,,,,-44.977024,-117986.59,No common adduct match,[2M-H]-,
N(6)-Methyllysine,C11H12N2O2,215.1184,S_28880465,160.1193,-54.9991,,,,,,,-19.985247,-110964.7,No common adduct match,[M+H-2H2O]+,
N(6)-Methyllysine,C11H12N2O2,215.1184,MTBLS11904,193.1543,-21.9641,,,,,,,-2.946259,-15024.22,No common adduct match,[M-H2O-H]-,
N(alpha)-Phosphorylalanylproline,C8H15N2O6P,493.3516,MTBLS11904,577.1274,83.7758,,,,,,,19.760033,35452.44,No common adduct match,[M+ACN+Na]+,
"N,N'-Dicyclohexylurea",C13H24N2O,174.1004,MTBLS11904,225.1957,51.0953,,,,,,,6.097099,27828.11,No common adduct match,[M+FA-H]- / [M+HCOO]-,
"N,N-Diallyl-tyrosyl-alpha-aminoisobutyric acid-phenylalanyl-leucine",C34H46N4O6,272.21,MTBLS11904,624.3786,352.1686,,,,,,,20.944749,34709.27,No common adduct match,[2M+CH3COO]-,
"N,N-Diallyl-tyrosyl-aminoisobutyryl-aminoisobutyryl-phenylalanyl-leucine",C38H53N5O7,204.0899,MTBLS11904,346.7061,142.6162,,,,,,,-60.466424,-148503.2,No common adduct match,[2M-H]-,
"N,n-Diethyl-4-Hydroxybenzamide",C11H15NO2,266.0668,MTBLS11904,211.1437,-54.9231,,,,,,,-19.909247,-86167.47,No common adduct match,[M+H-2H2O]+,
"N,N-Dimethylaniline",C8H11N,224.1889,S_35829770,122.0963,-102.0926,,,,,,,-0.989121,-8036.05,No common adduct match,[M-H+Na]2-,
"N,N-Dimethylarginine",C8H18N4O2,606.3417,S_35829770,203.1501,-403.1916,,,,,,,-99.013474,-327681.7,No common adduct match,[M-2H]2-,
"N,N-Dimethylarginine",C8H18N4O2,606.3417,MTBLS11904,203.1498,-403.1919,,,,,,,-99.013774,-327682.69,No common adduct match,[M-2H]2-,
"N,N-Dimethylformamide",C3H7NO,691.3945,S_35829770,74.06,-617.3345,,,,,,,-270.629974,-785140.25,No common adduct match,[M-2H]2-,
"N,N-Dimethylformamide",C3H7NO,691.3945,MTBLS11904,74.0599,-617.3346,,,,,,,-270.630074,-785140.54,No common adduct match,[M-2H]2-,
"N,N-dimethylglycine",C4H9NO2,193.1103,S_35829770,104.0705,-89.0398,,,,,,,-3.475621,-32317.49,No common adduct match,[M-H+Na]2-,
"N,N-dimethylglycine",C4H9NO2,193.1103,ST003159,102.06,-91.0503,,,,,,,4.497574,46099.44,No common adduct match,[M+2H]2+,
N-(1-Adamantyl)urea,C11H18N2O,121.0891,MTBLS11904,430.3148,309.2257,,,,,,,129.122749,428705.7,No common adduct match,[2M+CH3COO]-,
N-(2-Cyanoethyl)valine,C8H14N2O2,202.143,MTBLS11904,171.1128,-31.0302,,,,,,,3.983653,23835.78,No common adduct match,[M+H-2H2O]+,
N-(2-Furoyl)glycine,C7H7NO4,73.05276,MTBLS11904,168.03,94.97724,,,,,,,-1.064738,-6296.7,No common adduct match,[2M+Na]+,
"N-(2-Hydroxy-3,3,3-trifluoropropyl)-2-(2-nitro-1-imidazolyl)acetamide",C8H9F3N4O4,103.0633,MTBLS11904,327.0559,223.9926,,,,,,,61.915449,233519.44,No common adduct match,[2M+CH3COO]-,
N-(3-Aminopropyl)-N-methylcarbamic acid tert-butyl ester,C9H20N2O2,194.1419,MTBLS11904,399.2954,205.1535,,,,,,,-7.022223,-17282.6,No common adduct match,[2M+NH4]+,
N-(3-Methyl-2-pyridyl)-3-phenylsuccinimide,C16H14N2O2,170.1055,MTBLS11904,299.1384,129.0329,,,,,,,-40.065324,-118115.81,No common adduct match,[2M-H]-,
N-(5-acetamidopentyl)acetamide,C9H18N2O2,169.0375,MTBLS11904,187.1438,18.1063,,,,,,,0.072477,387.43,No common adduct match,[M+NH4]+,
N-(Carboxymethyl)-N-(2-((carboxymethyl)amino)ethyl)glycine,C8H14N2O6,282.0576,MTBLS11904,215.0671,-66.9905,,,,,,,-31.976647,-129437.18,No common adduct match,[M+H-2H2O]+,
N-(Hydroxymethyl)acrylamide,C4H7NO2,188.1525,S_35829770,102.0549,-86.0976,,,,,,,-3.012321,-28670.41,No common adduct match,[M-H+Na]2-,
N-(Hydroxymethyl)acrylamide,C4H7NO2,188.1525,S_35829770,102.0547,-86.0978,,,,,,,-3.012521,-28672.32,No common adduct match,[M-H+Na]2-,
"N-[(3a,5b,7a)-3-hydroxy-24-oxo-7-(sulfooxy)cholan-24-yl]-Glycine",C26H43NO8S,266.1055,MTBLS11904,528.2631,262.1576,,,,,,,-2.940624,-5535.77,No common adduct match,[2M-H]-,
"N-[(3a,5b,7a,12a)-3,12-dihydroxy-24-oxo-7-(sulfooxy)cholan-24-yl]-Glycine",C26H43NO9S,186.1368,MTBLS11904,526.2479,340.1111,,,,,,,94.960449,220179.02,No common adduct match,[2M+CH3COO]-,
"N-[2-(3,4-Dihydroxyphenyl)ethyl]icosa-5,8,11,14-tetraenamide",C28H41NO3,234.0852,MTBLS11904,438.2988,204.2136,,,,,,,-28.864324,-61786.39,No common adduct match,[2M-H]-,
N-[2-[2-(2-Aminoethylamino)ethylamino]ethyl]acetamide,C8H20N4O,101.0477,MTBLS11904,415.2906,314.2429,,,,,,,154.181349,590485.97,No common adduct match,[2M+CH3COO]-,
N-[4-[Acetyl(3-aminopropyl)amino]butyl]-N-(3-aminopropyl)acetamide,C14H30N4O2,529.2709,MTBLS11904,321.2042,-208.0667,,,,,,,33.579532,116747.75,No common adduct match,[M+2Na]2+,
N-[4-Chloro-3-(3-methylbut-2-enoxy)phenyl]-2-methylthiophene-3-carbothioamide,C17H18ClNOS2,545.2659,MTBLS11904,393.0858,-152.1801,,,,,,,97.463632,329689.86,No common adduct match,[M+2Na]2+,
N-a-Acetyl-L-arginine,C8H16N4O3,439.3086,MTBLS11904,251.0922,-188.2164,,,,,,,8.448682,34819.32,No common adduct match,[M+2Na]2+,
N-Acetyl-b-D-galactosamine,C8H15NO6,188.1637,MTBLS11904,266.0876,77.9239,,,,,,,13.908133,55151.73,No common adduct match,[M+ACN+Na]+,
N-Acetyl-D-phenylalanine,C11H13NO3,351.0518,MTBLS11904,206.0821,-144.9697,,,,,,,7.566982,38117.91,No common adduct match,[M+2Na]2+,
N-Acetyl-D-tryptophan,C13H14N2O3,216.1222,MTBLS11904,247.1075,30.9853,,,,,,,-3.984102,-15867.13,No common adduct match,[M+Cl]-,
N-Acetyl-DL-tryptophan,C13H14N2O3,221.0899,MTBLS11904,247.1076,26.0177,,,,,,,3.028482,12407.79,No common adduct match,[M+Na]+,
N-Acetyl-L-glutamate 5-semialdehyde,C7H11NO4,301.0468,MTBLS11904,191.1022,-109.9446,,,,,,,17.589582,101373.5,No common adduct match,[M+2Na]2+,
N-Acetyl-L-Glutamic Acid,C7H11NO5,207.0895,MTBLS11904,188.0563,-19.0332,[M-H2O-H]-,-,-1,1,188.071659,-19.017841,-0.015359,-81.66,Matched,[M-H2O-H]-,[M-H2O-H]- (err -0.015359 Da)
N-Acetyl-L-Histidine,C8H11N3O3,246.1004,S_24167579,198.086,-48.0144,,,,,,,-13.000547,-61588.71,No common adduct match,[M+H-2H2O]+,
N-Acetyl-L-methionine,C7H13NO3S,246.1004,S_33485385,192.0639,-54.0365,,,,,,,-19.022647,-90117.76,No common adduct match,[M+H-2H2O]+,
N-Acetyl-L-methionine,C7H13NO3S,246.1004,MTBLS11904,190.0542,-56.0462,,,,,,,-21.032347,-99638.5,No common adduct match,[M+H-2H2O]+,
N-Acetyl-L-methionine,C7H13NO3S,246.1004,ST003159,192.0618,-54.0386,,,,,,,-19.024747,-90127.71,No common adduct match,[M+H-2H2O]+,
N-Acetyl-L-phenylalanine,C11H13NO3,173.0688,MTBLS11904,252.0875,79.0187,,,,,,,15.002933,63280.93,No common adduct match,[M+ACN+Na]+,
N-Acetyl-leucyl-leucyl-norleucinal,C20H37N3O4,197.08,MTBLS11904,428.276,231.196,,,,,,,-0.853402,-1988.68,No common adduct match,[2M+Cl]-,
N-Acetyl-S-(N-methylcarbamoyl)cysteine,C7H12N2O4S,191.0616,MTBLS11904,203.048,11.9864,,,,,,,-6.047423,-28921.83,No common adduct match,[M+NH4]+,
N-Acetylalliin,C8H13NO4S,383.1428,MTBLS11904,220.0634,-163.0794,,,,,,,5.502782,25646.75,No common adduct match,[M+2Na]2+,
N-Acetylarylamine,C8H9NO,383.2784,MTBLS11904,180.0665,-203.2119,,,,,,,-10.565424,-55423.16,No common adduct match,[M-2H]2-,
N-Acetylcytidine,C11H15N3O6,246.1004,MTBLS11904,284.0885,37.9881,,,,,,,-0.975058,-3420.49,No common adduct match,[M+K]+,
N-Acetylglutamine,C7H12N2O4,219.0565,MTBLS11904,153.0656,-65.9909,,,,,,,20.548132,155059.8,No common adduct match,[M+2Na]2+,
N-Acetylglycine,C4H7NO3,135.0684,S_35829770,116.0354,-19.033,[M-H2O-H]-,-,-1,1,116.050559,-19.017841,-0.015159,-130.62,Matched,[M-H2O-H]-,[M-H2O-H]- (err -0.015159 Da)
N-Acetylleucine,C8H15NO3,175.0481,MTBLS11904,172.0977,-2.9504,,,,,,,-1.943124,-11164.76,No common adduct match,[M-H]-,
N-Acetylmuramate,C11H19NO8,188.0797,MTBLS11904,326.1452,138.0655,,,,,,,-49.006924,-130632.14,No common adduct match,[2M-H]-,
N-Acetylmuramoyl-Ala,C14H24N2O9,117.0426,MTBLS11904,399.117,282.0744,,,,,,,106.017949,361713.72,No common adduct match,[2M+CH3COO]-,
N-Acetylprocainamide,C15H23N3O2,221.0899,MTBLS11904,322.1745,101.0846,,,,,,,37.068833,130017.88,No common adduct match,[M+ACN+Na]+,
N-Acetylputrescine,C6H14N2O,293.1111,S_35829770,131.1177,-161.9934,,,,,,,-14.430574,-99146.31,No common adduct match,[M-2H]2-,
N-Acetyltyrosine,C11H13NO4,309.106,MTBLS11904,222.0769,-87.0291,,,,,,,44.534682,250839.96,No common adduct match,[M+2Na]2+,
N-Acetyltyrosine,C11H13NO4,309.106,MTBLS11904,224.0914,-85.0146,,,,,,,46.549182,262186.55,No common adduct match,[M+2Na]2+,
N-Acetylvanilalanine,C12H15NO5,277.179,MTBLS11904,254.1019,-23.0771,,,,,,,-4.059259,-15723.74,No common adduct match,[M-H2O-H]-,
N-alpha-acetyllysine,C8H16N2O3,130.1106,MTBLS11904,169.0982,38.9876,,,,,,,0.024442,144.56,No common adduct match,[M+K]+,
N-amidinoaspartic acid,C5H9N3O4,147.0532,S_35829770,176.0665,29.0133,,,,,,,-5.956102,-32721.77,No common adduct match,[M+Cl]-,
N-Benzyl-2-phenylethylamine,C15H17N,223.0845,MTBLS11904,212.143,-10.9415,,,,,,,6.061788,29414.56,No common adduct match,[M+H-H2O]+,
N-BENZYL-3-CYANOAZETIDINE,C11H12N2,253.095,MTBLS11904,515.294,262.199,,,,,,,8.096724,15963.66,No common adduct match,[2M+H]+,
N-benzylformamide,C8H9NO,188.1161,MTBLS11904,315.1346,127.0185,,,,,,,-60.090324,-160144.81,No common adduct match,[2M-H]-,
N-Choloylglycine,C26H43NO6,175.0593,S_35829770,464.3015,289.2422,,,,,,,55.169049,134843.98,No common adduct match,[2M+CH3COO]-,
N-Choloylglycine,C26H43NO6,175.0593,MTBLS11904,500.2775,325.2182,,,,,,,91.145049,222776.39,No common adduct match,[2M+CH3COO]-,
N-Choloylglycine,C26H43NO6,175.0593,MTBLS11904,466.3152,291.2559,,,,,,,57.182749,139765.86,No common adduct match,[2M+CH3COO]-,
"N-Cyclohexyl-1,3-Benzothiazol-2-Amine",C13H16N2S,172.1,MTBLS11904,233.1102,61.0102,,,,,,,1.996349,8637.95,No common adduct match,[M+CH3COO]-,
N-Cyclohexylformamide,C7H13NO,135.0684,MTBLS11904,172.0977,37.0293,,,,,,,0.080695,469.11,No common adduct match,[M+K-2H]-,
N-Cyclopropyl-trans-2-cis-6-nonadienamide,C12H19NO,465.309,MTBLS11904,211.1801,-254.1289,,,,,,,-20.467124,-88354.71,No common adduct match,[M-2H]2-,
N-di-Demethyl roxithromycin,C40H74N2O14,327.1107,MTBLS11904,415.2583,88.1476,,,,,,,24.131833,61698.29,No common adduct match,[M+ACN+Na]+,
N-docosahexaenoyl GABA,C26H39NO3,232.1034,ACS1517,414.302,182.1986,,,,,,,-48.897524,-105564.71,No common adduct match,[2M-H]-,
N-Docosahexaenoyl Tyrosine,C31H41NO4,127.0997,MTBLS11904,492.3073,365.2076,,,,,,,179.094049,571795.89,No common adduct match,[2M+CH3COO]-,
N-Eicosapentaenoyl Phenylalanine,C29H39NO3,193.1467,MTBLS11904,482.3231,289.1764,,,,,,,37.015849,83124.29,No common adduct match,[2M+CH3COO]-,
N-epsilon-Acetyllysine,C8H16N2O3,806.514,S_28880465,188.1161,-618.3979,,,,,,,-214.133624,-532340.01,No common adduct match,[M-2H]2-,
N-epsilon-Acetyllysine,C8H16N2O3,806.514,MTBLS11904,171.1126,-635.4014,,,,,,,-231.137124,-574611.02,No common adduct match,[M-2H]2-,
N-Ethyl trans-2-cis-6-nonadienamide,C11H19NO,413.293,MTBLS11904,199.1802,-214.1128,,,,,,,-6.459024,-31409.49,No common adduct match,[M-2H]2-,
N-Ethylglycine,C4H9NO2,491.3036,MTBLS11904,104.0705,-387.2331,,,,,,,-140.574024,-574605.23,No common adduct match,[M-2H]2-,
N-ethylmaleimide,C6H7NO2,449.293,MTBLS11904,126.0548,-323.2382,,,,,,,-97.584424,-436347.53,No common adduct match,[M-2H]2-,
N-Formyl-L-Methionine,C6H11NO3S,188.1161,MTBLS11904,176.0385,-12.0776,,,,,,,4.925688,28786.2,No common adduct match,[M+H-H2O]+,
N-hydroxyl-tryptamine,C10H12N2O,181.1467,MTBLS11904,221.0929,39.9462,,,,,,,0.983042,4466.14,No common adduct match,[M+K]+,
N-Hydroxymethyl-N-methylformamide,C3H7NO2,103.0633,MTBLS11904,134.0186,30.9553,,,,,,,-4.014102,-29080.8,No common adduct match,[M+Cl]-,
N-Jasmonoylisoleucine,C18H29NO4,177.046,MTBLS11904,356.2424,179.1964,,,,,,,1.143124,3219.17,No common adduct match,[2M+H]+,
N-lactoyl-phenylalanine,C12H15NO4,176.095,MTBLS11904,236.0925,59.9975,,,,,,,0.983649,4183.8,No common adduct match,[M+CH3COO]-,
N-Lactoylvaline,C8H15NO4,89.04768,MTBLS11904,190.1071,101.05942,,,,,,,-6.022083,-30704.68,No common adduct match,[2M+NH4]+,
N-Lauroyl Phenylalanine,C21H33NO3,145.0739,MTBLS11904,368.2187,223.1448,,,,,,,19.057049,54579.44,No common adduct match,[2M+CH3COO]-,
N-Lauroylglycine,C14H27NO3,323.2097,MTBLS11904,256.1915,-67.0182,,,,,,,-32.004347,-111050.69,No common adduct match,[M+H-2H2O]+,
N-Linoleoyl Histidine,C24H39N3O3,237.1001,MTBLS11904,879.5952,642.4951,,,,,,,346.381149,649609.94,No common adduct match,[2M+CH3COO]-,
N-Linoleoyl Leucine,C24H43NO3,189.1001,MTBLS11904,392.3163,203.2162,,,,,,,-3.917723,-9887.4,No common adduct match,[2M+NH4]+,
N-Linoleoyl Tryptophan,C29H42N2O3,347.246,MTBLS11904,501.2845,154.0385,,,,,,,90.022733,218894,No common adduct match,[M+ACN+Na]+,
N-Methyl-dl-Leucine,C7H15NO2,257.1991,MTBLS11904,144.1029,-113.0962,,,,,,,3.505103,24930,No common adduct match,[M+H+Na]2+,
N-Methyl-L-Glutamic Acid,C6H11NO4,417.2991,MTBLS11904,144.0653,-273.2338,,,,,,,-63.576974,-306185.12,No common adduct match,[M-2H]2-,
N-Methyl-L-Threonine,C5H11NO3,393.3243,MTBLS11904,98.0599,-295.2644,,,,,,,-97.594974,-498811.87,No common adduct match,[M-2H]2-,
N-Methylisoleucine,C7H15NO2,466.3195,MTBLS11904,146.1174,-320.2021,,,,,,,-86.035074,-370597.27,No common adduct match,[M-2H]2-,
N-Methylnicotinamide; CE10; ZYVXHFWBYUDDBM-UHFFFAOYSA-N,C7H8N2O,145.1103,S_35829770,137.0709,-8.0394,,,,,,,-7.032124,-48799.28,No common adduct match,[M-H]-,
N-Methylphenylalanine,C10H13NO2,161.0688,MTBLS11904,197.128,36.0592,,,,,,,-0.889405,-4491.55,No common adduct match,[M+K-2H]-,
N-Methylproline,C6H11NO2,133.0739,MTBLS11904,259.1648,126.0909,,,,,,,-5.975724,-22537.95,No common adduct match,[2M-H]-,
N-methylsphingosine,C19H37NO3,145.1103,MTBLS11904,372.2483,227.138,,,,,,,23.013849,65897.99,No common adduct match,[2M+CH3COO]-,
N-Myristoyl Arginine,C20H40N4O3,179.0946,MTBLS11904,385.3165,206.2219,,,,,,,4.138082,10856.02,No common adduct match,[2M+Na]+,
N-Nitroso-pyrrolidine,C4H8N2O,129.079,MTBLS11904,83.0603,-46.0187,,,,,,,-4.468418,-51050.88,No common adduct match,[M+2Na]2+,
N-Nitrosotomatidine,C27H44N2O3,327.2773,MTBLS11904,465.3075,138.0302,,,,,,,74.014433,189153.45,No common adduct match,[M+ACN+Na]+,
N-Nonanoylglycine,C11H21NO3,131.0946,MTBLS11904,279.1684,148.0738,,,,,,,-1.054623,-3763.51,No common adduct match,[2M+NH4]+,
N-OCTANOYL-L-HOMOSERINE LACTONE,C12H21NO3,384.31,MTBLS11904,496.3387,112.0287,,,,,,,48.012933,107093.85,No common adduct match,[M+ACN+Na]+,
N-Oleoyl Alanine,C21H39NO3,100.0637,MTBLS11904,745.5559,645.4922,,,,,,,486.414649,1877025.16,No common adduct match,[2M+CH3COO]-,
N-Oleoyl Asparagine,C22H40N2O4,444.3352,MTBLS11904,460.3107,15.9755,,,,,,,-2.058323,-4451.69,No common adduct match,[M+NH4]+,
N-Oleoyl Leucine,C24H45NO3,215.1521,MTBLS11904,394.3321,179.18,,,,,,,-34.964824,-81446.71,No common adduct match,[2M-H]-,
N-Oleoyl-L-Serine,C21H39NO4,227.1521,MTBLS11904,387.3232,160.1711,,,,,,,-65.973724,-145541.96,No common adduct match,[2M-H]-,
N-OMEGA-PROPYL-L-ARGININE,C9H20N4O2,353.293,MTBLS11904,253.1058,-100.1872,,,,,,,53.470082,267838.25,No common adduct match,[M+2Na]2+,
N-Palmitoyl Alanine,C19H37NO3,396.2988,MTBLS11904,443.21,46.9112,,,,,,,1.912999,4334.95,No common adduct match,[M+FA-H]- / [M+HCOO]-,
N-Palmitoyl Cysteine,C14H22O4,395.3399,MTBLS11904,253.144,-142.1959,,,,,,,32.484832,147217.23,No common adduct match,[M+2Na]2+,
N-Stearoyl Arginine,C23H46N4O3,369.2879,MTBLS11904,441.3789,72.091,,,,,,,8.075233,18636.43,No common adduct match,[M+ACN+Na]+,
N-Stearoyl Lysine,C24H48N2O3,216.1586,MTBLS11904,451.3269,235.1683,,,,,,,0.975877,2166.93,No common adduct match,[2M+NH4]+,
N-Succinimidyl 3-(2-pyridyldithio)propionate,C12H12N2O4S2,327.2773,MTBLS11904,357.0201,29.7428,,,,,,,-5.226602,-14428.29,No common adduct match,[M+Cl]-,
N-Succinyl-2-amino-6-ketopimelate,C11H15NO8,254.1518,MTBLS11904,307.1129,52.9611,,,,,,,-6.052751,-19327.63,No common adduct match,[M+CH3COO]-,
"N-Succinyl-L,L-2,6-diaminopimelate",C11H18N2O7,426.357,MTBLS11904,289.1053,-137.2517,,,,,,,52.937582,224152.49,No common adduct match,[M+2Na]2+,
N-Sulfo-D-glucosamine,C6H13NO8S,412.3665,MTBLS11904,240.018,-172.3485,,,,,,,10.845532,47324.76,No common adduct match,[M+2Na]2+,
"N-Tetradecyl-N,N-dimethyl-3-ammonio-1-propanesulfonate",C19H41NO3S,312.0238,MTBLS11904,771.5648,459.541,,,,,,,88.503349,129568.65,No common adduct match,[2M+CH3COO]-,
N-Undecanoylglycine,C13H25NO3,289.0798,MTBLS11904,226.1798,-62.9,,,,,,,-27.886147,-109759.48,No common adduct match,[M+H-2H2O]+,
N-Undecylbenzenesulfonic acid,C17H28O3S,290.1114,ST003159,311.17,21.0586,,,,,,,0.083935,269.81,No common adduct match,[M+Na-2H]-,
N-VINYL-2-PYRROLIDONE,C6H9NO,259.0362,MTBLS11904,156.0666,-102.9696,,,,,,,3.559282,23338.43,No common adduct match,[M+2Na]2+,
"N1,N12-Diacetylspermine",C14H30N4O2,363.2807,MTBLS11904,331.2082,-32.0725,,,,,,,2.941353,8960.25,No common adduct match,[M+H-2H2O]+,
N1-Acetylspermidine,C9H21N3O,243.1834,MTBLS11904,188.1754,-55.008,,,,,,,-19.994147,-96047.42,No common adduct match,[M+H-2H2O]+,
"N2,N2-Dimethylguanosine",C12H17N5O5,312.1759,MTBLS11904,356.1191,43.9432,,,,,,,-1.02796,-2878.25,No common adduct match,[M+2Na-H]+,
"N2,N2-Dimethylguanosine",C12H17N5O5,312.1759,MTBLS11904,312.1294,-0.0465,,,,,,,0.960776,3087.64,No common adduct match,[M-H]-,
N2-Acetylornithine,C7H14N2O3,111.0684,MTBLS11904,175.1074,64.039,,,,,,,0.023233,132.7,No common adduct match,[M+ACN+Na]+,
N2-gamma-Glutamylglutamine,C10H17N3O6,286.2369,MTBLS11904,276.1181,-10.1188,,,,,,,6.884488,25570.69,No common adduct match,[M+H-H2O]+,
N2-Methylguanosine,C11H15N5O5,187.1685,MTBLS11904,296.0997,108.9312,,,,,,,44.915433,178814.67,No common adduct match,[M+ACN+Na]+,
N5-formyl-N5-hydroxy-L-ornithine,C6H12N2O4,311.123,MTBLS11904,177.0867,-134.0363,,,,,,,-1.464018,-8199.45,No common adduct match,[M+2Na]2+,
N6-Methyl-2'-deoxyadenosine,C11H15N5O3,174.1004,MTBLS11904,283.1508,109.0504,,,,,,,45.034633,189128.83,No common adduct match,[M+ACN+Na]+,
N6-Threonylcarbamoyladenosine,C15H20N6O8,275.1117,MTBLS11904,413.1408,138.0291,,,,,,,74.013333,218246.35,No common adduct match,[M+ACN+Na]+,
N8-Acetylspermidine,C9H21N3O,297.1073,S_24167579,188.175,-108.9323,,,,,,,16.632132,96956.13,No common adduct match,[M+2Na]2+,
Nabilone,C24H36O3,176.0797,S_35829770,373.2725,197.1928,,,,,,,-1.876118,-5001,No common adduct match,[2M+Na]+,
Nafenopin,C20H22O3,412.1343,MTBLS11904,355.1578,-56.9765,,,,,,,-21.962647,-58237.75,No common adduct match,[M+H-2H2O]+,
Naldemedine,C32H34N4O6,187.1685,MTBLS11904,615.2452,428.0767,,,,,,,181.894349,419739.22,No common adduct match,[2M+CH3COO]-,
Nalpha-Cinnamoylhistamine,C14H15N3O,372.2664,MTBLS11904,259.1535,-113.1129,,,,,,,50.031082,239243.04,No common adduct match,[M+2Na]2+,
Naringenin 5-O-glucuronide,C21H20O11,461.3353,MTBLS11904,429.0821,-32.2532,,,,,,,2.760653,6475.52,No common adduct match,[M+H-2H2O]+,
"Ne,Ne dimethyllysine",C8H18N2O2,310.1569,MTBLS11904,157.1333,-153.0236,,,,,,,1.047574,6711.53,No common adduct match,[M+2H]2+,
Nebracetam,C12H16N2O,570.2478,MTBLS11904,467.2639,-102.9839,,,,,,,-67.970047,-126991.29,No common adduct match,[M+H-2H2O]+,
Nelarabine,C11H15N5O5,241.1215,S_35829770,296.1008,54.9793,,,,,,,-4.034551,-13442.44,No common adduct match,[M+CH3COO]-,
Neocnidilide,C12H18O2,448.1006,MTBLS11904,447.2763,-0.8243,,,,,,,0.182976,409.26,No common adduct match,[M-H]-,
Nepetaside,C16H26O8,174.1368,MTBLS11904,329.1588,155.022,,,,,,,-18.107524,-52143.04,No common adduct match,[2M-H]-,
Netilmicin,C21H41N5O7,204.1263,MTBLS11904,489.3137,285.1874,,,,,,,22.047249,47183.46,No common adduct match,[2M+CH3COO]-,
Neurine,C5H13NO,297.1073,ST003159,104.107,-193.0003,,,,,,,-43.439374,-294411.67,No common adduct match,[M-2H]2-,
Neuromedin N,C38H63N7O8,194.1307,MTBLS11904,640.3736,446.2429,,,,,,,193.098349,431721.52,No common adduct match,[2M+CH3COO]-,
Neuromedin N (1-4),C26H40N4O6,346.1628,MTBLS11904,568.3082,222.1454,,,,,,,-123.010124,-177935.58,No common adduct match,[2M-H]-,
Nialamide,C16H18N4O2,475.3006,S_35829770,299.1491,-176.1515,,,,,,,38.509582,147750.36,No common adduct match,[M+2Na]2+,
Nicardipine,C26H29N3O6,103.0997,MTBLS11904,478.1979,375.0982,,,,,,,212.984649,803069.41,No common adduct match,[2M+CH3COO]-,
Nicotinamide,C6H6N2O,745.4738,S_35829770,123.0551,-622.4187,,,,,,,-248.674524,-668966.12,No common adduct match,[M-2H]2-,
Nicotinamide,C6H6N2O,745.4738,S_35829770,123.055,-622.4188,,,,,,,-248.674624,-668966.39,No common adduct match,[M-2H]2-,
Nicotine glucuronide,C16H22N2O6,298.143,MTBLS11904,337.1419,38.9989,,,,,,,0.035742,106.03,No common adduct match,[M+K]+,
nicotinic acid,C6H5NO2,479.2056,MTBLS11904,141.0656,-338.14,,,,,,,-97.529924,-408766.78,No common adduct match,[M-2H]2-,
Nicotinic acid mononucleotide,C11H14NO9P,122.048,ST003159,336.05,214.002,,,,,,,32.940149,108673.96,No common adduct match,[2M+CH3COO]-,
Nicotinic acid ribonucleoside,C11H13NO6,111.0796,MTBLS11904,301.0827,190.0031,,,,,,,19.909649,70809.24,No common adduct match,[2M+CH3COO]-,
Nicotinuric acid,C8H8N2O3,338.1478,S_24167579,181.061,-157.0868,[M+H+Na]2+,+,2,1,181.072147,23.996494,-0.011147,-61.56,Matched,[M+H+Na]2+,[M+H+Na]2+ (err -0.011147 Da)
Nicotyrine,C10H10N2,123.032,MTBLS11904,203.0825,80.0505,,,,,,,16.034733,85725.34,No common adduct match,[M+ACN+Na]+,
Nirvanol,C11H12N2O2,335.0406,MTBLS11904,239.0597,-95.9809,,,,,,,48.550182,254843.87,No common adduct match,[M+2Na]2+,
Nitrilotriacetic acid,C6H9NO6,255.0743,MTBLS11904,190.0354,-65.0389,,,,,,,-30.025047,-136440,No common adduct match,[M+H-2H2O]+,
Nitrofurazone,C6H6N4O4,180.0535,MTBLS11904,243.0358,62.9823,,,,,,,-1.033467,-4234.32,No common adduct match,[M+ACN+Na]+,
Nitrosobenzene,C6H5NO,158.0844,MTBLS11904,152.0352,-6.0492,,,,,,,-5.041924,-32098.39,No common adduct match,[M-H]-,
Nomilinic acid,C28H36O10,204.0899,MTBLS11904,531.2272,327.1373,,,,,,,64.033549,137059.97,No common adduct match,[2M+CH3COO]-,
Nonadecanoic acid,C19H38O2,191.043,MTBLS11904,319.2638,128.2208,,,,,,,-61.814924,-162210.38,No common adduct match,[2M-H]-,
Nopalinic acid,C10H18N2O6,107.0371,MTBLS11904,299.0647,192.0276,,,,,,,25.976649,95121.88,No common adduct match,[2M+CH3COO]-,
Nor-psi-tropine,C7H13NO,532.2308,MTBLS11904,272.2328,-259.998,,,,,,,-4.873571,-17587.36,No common adduct match,[M-H+Na]2-,
Norathyriol,C13H8O6,298.2872,MTBLS11904,296.9787,-1.3085,,,,,,,-0.301224,-1013.27,No common adduct match,[M-H]-,
Norchalciporyl propionate,C16H21NO2,158.1307,MTBLS11904,517.3039,359.1732,,,,,,,142.028649,378465.27,No common adduct match,[2M+CH3COO]-,
Norketamine,C12H14ClNO,127.0997,MTBLS11904,260.0231,132.9234,,,,,,,4.816424,18872.64,No common adduct match,[2M+H]+,
Normethandrone,C19H28O2,260.0321,MTBLS11904,306.2421,46.21,,,,,,,1.211799,3972.72,No common adduct match,[M+FA-H]- / [M+HCOO]-,
Noroxyhydrastinine,C10H9NO3,259.1572,MTBLS11904,236.0306,-23.1266,,,,,,,-4.108759,-17109.89,No common adduct match,[M-H2O-H]-,
Norvaline,C5H11NO2,298.2872,MTBLS11904,118.086,-180.2012,,,,,,,-30.050324,-202855.88,No common adduct match,[M-2H]2-,
Notoginsenoside Fc,C58H98O26,223.0764,MTBLS11904,606.3288,383.2524,,,,,,,101.162149,200255,No common adduct match,[2M+CH3COO]-,
Notoginsenoside R10,C30H50O9,288.2089,MTBLS11904,553.3352,265.1263,,,,,,,-22.075324,-38364.48,No common adduct match,[2M-H]-,
Notoginsenoside T1,C36H60O10,191.0582,MTBLS11904,673.3927,482.3345,,,,,,,232.262449,526516.71,No common adduct match,[2M+CH3COO]-,
Nuatigenin,C27H42O4,117.079,MTBLS11904,469.2735,352.1945,,,,,,,176.101649,600677.21,No common adduct match,[2M+CH3COO]-,
O-(17-Carboxyheptadecanoyl)carnitine,C25H47NO6,554.3455,MTBLS11904,458.3469,-95.9986,,,,,,,-60.984747,-117429.29,No common adduct match,[M+H-2H2O]+,
O-Acetyl-L-homoserine,C6H11NO4,652.4186,MTBLS11904,144.0653,-508.3533,,,,,,,-181.136724,-556997.53,No common adduct match,[M-2H]2-,
O-Acetylcarnitine,C9H17NO4,430.3083,MTBLS11904,204.1227,-226.1856,,,,,,,-10.024174,-46809.81,No common adduct match,[M-2H]2-,
O-Adipoylcarnitine,C13H23NO6,591.3057,MTBLS11904,290.1593,-301.1464,,,,,,,-4.486274,-15226,No common adduct match,[M-2H]2-,
O-Adipoylcarnitine,C13H23NO6,591.3057,MTBLS11904,290.1594,-301.1463,,,,,,,-4.486174,-15225.66,No common adduct match,[M-2H]2-,
O-Cresol,C7H8O,457.3403,MTBLS11904,153.0556,-304.2847,,,,,,,-74.607274,-327709.44,No common adduct match,[M-2H]2-,
O-Glutarylcarnitine,C12H21NO6,161.0688,MTBLS11904,276.1436,115.0748,,,,,,,-44.986724,-140088.68,No common adduct match,[2M-H]-,
o-Hydroxyhippuric acid,C9H9NO4,203.1158,MTBLS11904,194.0457,-9.0701,,,,,,,7.933188,42625.77,No common adduct match,[M+H-H2O]+,
O-Phenolsulfonic acid,C6H6O4S,289.1525,MTBLS11904,218.9967,-70.1558,,,,,,,-35.141947,-138278.64,No common adduct match,[M+H-2H2O]+,
"Octa-3,5-dienedioylcarnitine",C15H23NO6,108.0575,MTBLS11904,296.1487,188.0912,,,,,,,21.019849,76400.02,No common adduct match,[2M+CH3COO]-,
Octadecanamide,C18H37NO,275.1369,MTBLS11904,328.2588,53.1219,,,,,,,-5.891951,-17632.61,No common adduct match,[M+CH3COO]-,
Octaethyleneglycol monododecyl ether,C28H58O9,195.0532,MTBLS11904,556.4403,361.3871,,,,,,,107.320049,238956.16,No common adduct match,[2M+CH3COO]-,
Octanal,C8H16O,173.9987,S_24167579,129.127,-44.8717,,,,,,,-9.857847,-70927.5,No common adduct match,[M+H-2H2O]+,
Octanal,C8H16O,173.9987,MTBLS11904,173.1181,-0.8806,,,,,,,0.126676,732.27,No common adduct match,[M-H]-,
Octanoate,C8H15O2-,313.1525,MTBLS11904,287.2212,-25.9313,,,,,,,-6.913459,-23504.4,No common adduct match,[M-H2O-H]-,
Octanoylcarnitine,C15H29NO4,283.2875,MTBLS11904,310.2006,26.9131,,,,,,,3.923882,12811.56,No common adduct match,[M+Na]+,
Octylamine,C8H19N,538.4081,MTBLS11904,130.1588,-408.2493,,,,,,,-138.037974,-514689.17,No common adduct match,[M-2H]2-,
Olamufloxacin,C20H23FN4O3,128.1201,MTBLS11904,385.1686,257.0485,,,,,,,69.914549,221772.09,No common adduct match,[2M+CH3COO]-,
Oleic acid,C18H34O2,127.1123,S_33485385,281.2482,154.1359,,,,,,,4.034382,14553.32,No common adduct match,[2M+Na]+,
Oleic acid,C18H34O2,127.1123,S_35829770,281.2484,154.1361,,,,,,,4.034582,14554.04,No common adduct match,[2M+Na]+,
Oleic acid,C18H34O2,127.1123,MTBLS11904,327.2536,200.1413,,,,,,,14.015149,44742.75,No common adduct match,[2M+CH3COO]-,
Oleoyl glycine,C20H37NO3,287.2097,ST003159,338.27,51.0603,,,,,,,6.062099,18247.91,No common adduct match,[M+FA-H]- / [M+HCOO]-,
Oleoyl glycine,C20H37NO3,287.2097,ST003159,304.2996,17.0899,,,,,,,-0.943923,-3092.36,No common adduct match,[M+NH4]+,
Oleoyl-L-Carnitine,C25H47NO4,129.1517,MTBLS11904,426.3571,297.2054,,,,,,,109.039849,343630.38,No common adduct match,[2M+CH3COO]-,
Oleoylethanolamide,C20H39NO2,386.1754,MTBLS11904,689.5576,303.3822,,,,,,,-81.785924,-106030.48,No common adduct match,[2M-H]-,
Oleoyltaurine,C20H39NO4S,282.2559,MTBLS11904,372.2588,90.0029,,,,,,,25.987133,75048.4,No common adduct match,[M+ACN+Na]+,
Olodaterol,C21H26N2O5,339.2773,MTBLS11904,431.1835,91.9062,,,,,,,27.890433,69156.74,No common adduct match,[M+ACN+Na]+,
Olsalazine-O-sulfate,C14H10N2O9S,325.2981,MTBLS11904,381.005,55.7069,,,,,,,-3.306951,-8604.86,No common adduct match,[M+CH3COO]-,
Ophthalmic acid,C11H19N3O6,389.26,MTBLS11904,288.1198,-101.1402,,,,,,,-66.126347,-186667.79,No common adduct match,[M+H-2H2O]+,
Oripavine,C18H19NO3,386.1842,MTBLS11904,617.2592,231.075,,,,,,,-154.101924,-199779.22,No common adduct match,[2M-H]-,
Ornithine,C5H12N2O2,382.0107,S_28880465,132.0899,-249.9208,,,,,,,-57.908174,-304782.95,No common adduct match,[M-2H]2-,
Ornithine,C5H12N2O2,382.0107,S_28880465,224.0805,-157.9302,,,,,,,10.085932,47131.72,No common adduct match,[M+2Na]2+,
Ornithine,C5H12N2O2,382.0107,S_35829770,133.097,-248.9137,,,,,,,-56.901074,-299482.37,No common adduct match,[M-2H]2-,
Ornithine,C5H12N2O2,382.0107,MTBLS11904,133.097,-248.9137,,,,,,,-56.901074,-299482.37,No common adduct match,[M-2H]2-,
ortho-hydroxyatorvastatin,C33H35FN2O6,297.1365,MTBLS11904,286.1148,-11.0217,,,,,,,5.981588,21352.66,No common adduct match,[M+H-H2O]+,
Oryzalexin D,C20H32O2,219.0411,MTBLS11904,349.2379,130.1968,,,,,,,66.181033,233808.26,No common adduct match,[M+ACN+Na]+,
Ovalicin,C16H24O5,132.0899,MTBLS11904,331.1296,199.0397,,,,,,,7.935949,24554.78,No common adduct match,[2M+CH3COO]-,
Oxaloacetate,C4H4O5,156.0171,MTBLS11904,130.9985,-25.0186,,,,,,,-6.000759,-43801.4,No common adduct match,[M-H2O-H]-,
Oxamniquine,C14H21N3O3,574.2479,MTBLS11904,262.1545,-312.0934,,,,,,,-23.962174,-83749.66,No common adduct match,[M-2H]2-,
Oxamyl,C7H13N3O3S,304.2402,MTBLS11904,240.043,-64.1972,,,,,,,-29.183347,-108397.07,No common adduct match,[M+H-2H2O]+,
Oxindole,C8H7NO,296.1624,MTBLS11904,178.0508,-118.1116,,,,,,,6.980382,40804.14,No common adduct match,[M+2Na]2+,
Oxindole,C8H7NO,296.1624,MTBLS11904,134.0599,-162.1025,,,,,,,-13.014024,-88486.27,No common adduct match,[M-2H]2-,
Oxoglutaric acid,C5H6O5,132.0059,MTBLS11904,145.0141,13.0082,,,,,,,-5.025623,-33495.28,No common adduct match,[M+NH4]+,
Oxonorfloxacin,C16H16FN3O4,279.1583,MTBLS11904,368.0812,88.9229,,,,,,,24.907133,72578.72,No common adduct match,[M+ACN+Na]+,
Oxyphenonium,C21H34NO3+,219.0678,ST003159,347.24,128.1722,,,,,,,64.156433,226634.25,No common adduct match,[M+ACN+Na]+,
Oxypurinol,C5H4N4O2,133.0528,S_35829770,151.0261,17.9733,,,,,,,-0.060523,-400.58,No common adduct match,[M+NH4]+,
Oxypurinol,C5H4N4O2,133.0528,S_35829770,153.0405,19.9877,,,,,,,-0.986965,-6407.72,No common adduct match,[M+Na-2H]-,
Oxypurinol,C5H4N4O2,133.0528,S_35829770,153.0404,19.9876,,,,,,,-0.987065,-6408.37,No common adduct match,[M+Na-2H]-,
Oxypurinol,C5H4N4O2,133.0528,MTBLS11904,153.0405,19.9877,,,,,,,-0.986965,-6407.72,No common adduct match,[M+Na-2H]-,
Oxyterracin,C22H24N2O9,146.0215,MTBLS11904,505.1465,359.125,,,,,,,154.089649,438930.76,No common adduct match,[2M+CH3COO]-,
P-Benzosemiquinone,C6H5O2,316.264,MTBLS11904,152.0703,-164.1937,,,,,,,-5.054424,-32168.23,No common adduct match,[M-2H]2-,
P-CHLOROPHENYLALANINE,C9H10ClNO2,152.0334,MTBLS11904,200.0469,48.0135,,,,,,,3.015299,15303.63,No common adduct match,[M+FA-H]- / [M+HCOO]-,
p-Coumaraldehyde,C9H8O2,460.1482,S_35829770,149.0596,-311.0886,,,,,,,-80.007224,-349274.6,No common adduct match,[M-2H]2-,
p-coumaric acid,C9H8O3,137.0477,S_35829770,165.0545,28.0068,,,,,,,5.017582,31352.65,No common adduct match,[M+Na]+,
p-coumaric acid,C9H8O3,137.0477,MTBLS11904,165.0544,28.0067,,,,,,,5.017482,31352.03,No common adduct match,[M+Na]+,
P-Coumaric acid sulfate,C9H8O6S,109.029,MTBLS11904,262.0375,153.0085,,,,,,,-1.018701,-3872.56,No common adduct match,[2M+FA-H]- / [2M+HCOO]-,
P-Coumaroyl vitisin A,C35H31O16+,199.04,MTBLS11904,728.1361,529.0961,,,,,,,271.042249,592968.49,No common adduct match,[2M+CH3COO]-,
P-coumaroyltriacetic acid lactone,C15H12O5,148.0524,MTBLS11904,308.0085,159.9561,,,,,,,-6.130123,-19514.07,No common adduct match,[2M+NH4]+,
p-Cresol glucuronide,C13H16O7,164.0473,S_33485385,283.0838,119.0365,,,,,,,-44.003524,-134531.42,No common adduct match,[2M-H]-,
p-Cresol glucuronide,C13H16O7,164.0473,ST003159,283.08,119.0327,,,,,,,-44.007324,-134543.04,No common adduct match,[2M-H]-,
p-Cresol sulfate,C7H8O4S,244.0042,S_33485385,187.0079,-56.9963,,,,,,,-21.982447,-105184.03,No common adduct match,[M+H-2H2O]+,
p-Cresol sulfate,C7H8O4S,244.0042,MTBLS11904,187.0067,-56.9975,,,,,,,-21.983647,-105189.77,No common adduct match,[M+H-2H2O]+,
p-Cresol sulfate,C7H8O4S,244.0042,MTBLS11904,233.0124,-10.9918,,,,,,,6.011488,26482.22,No common adduct match,[M+H-H2O]+,
P-Menth-cis-2-en-1-ol,C10H18O,467.2375,MTBLS11904,196.1693,-271.0682,,,,,,,-36.442174,-156665.42,No common adduct match,[M-2H]2-,
P-O-Desmethyl Verapamil,C26H36N2O4,272.0685,MTBLS11904,461.2385,189.17,,,,,,,-81.891224,-150776.55,No common adduct match,[2M-H]-,
PA(18:2/15:0),C31H60NO8P,284.0896,S_29518718,623.4414,339.3518,,,,,,,-3.751651,-5981.65,No common adduct match,[2M+CH3COO]-,
Paclobutrazol,C15H20ClN3O,188.0143,MTBLS11904,274.1116,86.0973,,,,,,,22.081533,87614.68,No common adduct match,[M+ACN+Na]+,
Paeoniflorin,C23H28O11,154.1358,MTBLS11904,515.1331,360.9973,,,,,,,147.847649,402541.53,No common adduct match,[2M+CH3COO]-,
Paeonol,C9H10O3,440.2675,MTBLS11904,211.061,-229.2065,,,,,,,-8.065474,-36807.39,No common adduct match,[M-2H]2-,
Palatinose,C12H22O11,605.4057,MTBLS11904,377.0854,-228.3203,,,,,,,51.393332,157797.31,No common adduct match,[M+2Na]2+,
Palmitaldehyde,C16H32O,293.1295,MTBLS11904,285.2431,-7.8864,,,,,,,-6.879124,-23548.79,No common adduct match,[M-H]-,
Palmitic acid,C16H32O2,480.1632,S_24167579,279.2309,-200.9323,,,,,,,16.160082,61428.64,No common adduct match,[M+2Na]2+,
Palmitic acid,C16H32O2,480.1632,S_35829770,255.2328,-224.9304,,,,,,,3.152953,12507.75,No common adduct match,[M+H+Na]2+,
Palmitic acid,C16H32O2,480.1632,MTBLS1219,255.2329,-224.9303,,,,,,,3.153053,12508.15,No common adduct match,[M+H+Na]2+,
Palmitoleic acid,C16H30O2,166.063,MTBLS11904,567.4622,401.3992,,,,,,,176.322349,450791.06,No common adduct match,[2M+CH3COO]-,
Palmitoylcarnitine,C23H45NO4,342.1162,MTBLS11904,400.3413,58.2251,,,,,,,-0.788751,-1966.32,No common adduct match,[M+CH3COO]-,
Palmitoylethanolamide,C18H37NO2,240.2453,MTBLS11904,300.2891,60.0438,,,,,,,1.029949,3441.66,No common adduct match,[M+CH3COO]-,
Palmitoylethanolamide,C18H37NO2,240.2453,MTBLS11904,338.2431,97.9978,,,,,,,33.982033,111687.09,No common adduct match,[M+ACN+Na]+,
Palmitoylglycine,C18H35NO3,256.2402,MTBLS11904,358.2594,102.0192,,,,,,,38.003433,118665.81,No common adduct match,[M+ACN+Na]+,
Palmoxiric acid,C17H32O3,254.2246,MTBLS11904,329.2329,75.0083,,,,,,,10.992533,34541.6,No common adduct match,[M+ACN+Na]+,
Panaquinquecol 7,C17H24O3,399.3349,MTBLS11904,313.1189,-86.216,,,,,,,-51.202147,-140541.28,No common adduct match,[M+H-2H2O]+,
Panipenem,C15H21N3O4S,313.2617,MTBLS11904,360.0988,46.8371,,,,,,,1.838899,5132.86,No common adduct match,[M+FA-H]- / [M+HCOO]-,
Panthenol,C9H19NO4,284.2351,MTBLS11904,206.1383,-78.0968,,,,,,,41.031532,248515.14,No common adduct match,[M+2Na]2+,
Pantolactone,C6H10O3,276.1725,MTBLS11904,274.2009,-1.9716,,,,,,,-0.964324,-3504.53,No common adduct match,[M-H]-,
Pantothenic acid,C9H17NO5,244.1827,S_28880465,219.1107,-25.072,,,,,,,-6.054159,-26887.67,No common adduct match,[M-H2O-H]-,
Pantothenic acid,C9H17NO5,244.1827,S_28880465,219.11,-25.0727,,,,,,,-6.054859,-26890.78,No common adduct match,[M-H2O-H]-,
Pantothenic acid,C9H17NO5,244.1827,S_33485385,220.116,-24.0667,,,,,,,-5.048859,-22422.94,No common adduct match,[M-H2O-H]-,
Pantothenic acid,C9H17NO5,244.1827,S_35829770,220.1172,-24.0655,,,,,,,-5.047659,-22417.61,No common adduct match,[M-H2O-H]-,
Pantothenic acid,C9H17NO5,244.1827,MTBLS11904,218.1032,-26.0795,,,,,,,-7.061659,-31362.17,No common adduct match,[M-H2O-H]-,
Pantothenic acid,C9H17NO5,244.1827,ST003159,220.1179,-24.0648,,,,,,,-5.046959,-22414.5,No common adduct match,[M-H2O-H]-,
para-xanthine,C7H8N4O2,339.1253,ACS1517,181.072,-158.0533,,,,,,,-0.488897,-2692.75,No common adduct match,[M+H+Na]2+,
Paracetamol,C8H9NO2,205.1314,S_35829770,150.056,-55.0754,,,,,,,-20.061547,-117927.56,No common adduct match,[M+H-2H2O]+,
Paracetamol,C8H9NO2,205.1314,S_35829770,152.0703,-53.0611,,,,,,,-18.047247,-106086.92,No common adduct match,[M+H-2H2O]+,
Paracetamol,C8H9NO2,205.1314,MTBLS11904,152.0704,-53.061,,,,,,,-18.047147,-106086.34,No common adduct match,[M+H-2H2O]+,
Paracetamol sulfate,C8H9NO5S,130.063,MTBLS11904,230.0126,99.9496,,,,,,,-29.106124,-112327.37,No common adduct match,[2M-H]-,
Paramethadione,C7H11NO3,219.1107,MTBLS11904,138.056,-81.0547,,,,,,,5.511432,41581.73,No common adduct match,[M+2Na]2+,
Paramethasone acetate,C24H31FO6,180.0647,MTBLS11904,455.1889,275.1242,,,,,,,36.045649,85998.4,No common adduct match,[2M+CH3COO]-,
Parasorbic acid,C6H8O2,151.0633,MTBLS11904,157.0505,5.9872,,,,,,,4.979924,32747.45,No common adduct match,[M+H]+,
Parsalmide,C14H18N2O2,231.0201,MTBLS11904,534.3109,303.2908,,,,,,,13.256849,25442.37,No common adduct match,[2M+CH3COO]-,
Parylene C,C16H14Cl2,157.0739,MTBLS11904,321.0434,163.9695,,,,,,,5.888324,18683.89,No common adduct match,[2M+H]+,
PBDE 99,C12H5Br5O,434.2105,S_24167579,560.633,126.4225,,,,,,,62.406733,125257.81,No common adduct match,[M+ACN+Na]+,
PC 32:2,C40H76NO8P,276.0473,S_33485385,730.5384,454.4911,,,,,,,119.429949,195431.68,No common adduct match,[2M+CH3COO]-,
PC 32:2,C40H76NO8P,276.0473,ST003159,730.5929,454.5456,,,,,,,119.484449,195520.86,No common adduct match,[2M+CH3COO]-,
PC 34:2,C42H80NO8P,823.6091,S_33485385,758.5706,-65.0385,,,,,,,-30.024647,-38073.58,No common adduct match,[M+H-2H2O]+,
PC 34:3,C42H78NO8P,731.5465,S_33485385,756.5561,25.0096,,,,,,,2.020382,2677.65,No common adduct match,[M+Na]+,
PC 34:4,C42H76NO8P,729.5309,S_33485385,754.535,25.0041,,,,,,,2.014882,2677.51,No common adduct match,[M+Na]+,
PC 34:4,C42H76NO8P,729.5309,MTBLS11904,754.5349,25.004,,,,,,,2.014782,2677.38,No common adduct match,[M+Na]+,
PC 40:4,C48H88NO8P,755.5465,MTBLS11904,838.6301,83.0836,,,,,,,19.067833,23265.87,No common adduct match,[M+ACN+Na]+,
PC 40:5,C48H86NO8P,753.5309,MTBLS11904,818.6001,65.0692,,,,,,,1.053433,1288.53,No common adduct match,[M+ACN+Na]+,
PC(17:0/0:0),C25H52NO7P,851.6768,MTBLS11904,510.3543,-341.3225,,,,,,,61.526682,137083.1,No common adduct match,[M+2Na]2+,
PC(18:0/0:0),C26H54NO7P,875.6768,MTBLS11904,546.3518,-329.325,,,,,,,85.524182,185588.23,No common adduct match,[M+2Na]2+,
PC(18:1/0:0),C26H52NO7P,873.6611,MTBLS11904,522.3542,-351.3069,,,,,,,62.534432,135997.7,No common adduct match,[M+2Na]2+,
PC(18:3/0:0),C26H48NO7P,899.6768,MTBLS11904,518.3229,-381.3539,,,,,,,45.495282,96219.6,No common adduct match,[M+2Na]2+,
PC(20:3/0:0),C28H52NO7P,509.3481,MTBLS11904,546.3545,37.0064,,,,,,,0.057795,105.79,No common adduct match,[M+K-2H]-,
PC(22:4/0:0),C30H54NO7P,523.3638,MTBLS11904,572.3696,49.0058,,,,,,,4.007599,7051.14,No common adduct match,[M+FA-H]- / [M+HCOO]-,
PC(22:5/0:0),C30H52NO7P,521.3481,MTBLS11904,570.354,49.0059,,,,,,,4.007699,7076.41,No common adduct match,[M+FA-H]- / [M+HCOO]-,
PC(22:6),C30H49NO8P+,517.3168,S_24167579,568.345,51.0282,,,,,,,6.029999,10723.53,No common adduct match,[M+FA-H]- / [M+HCOO]-,
PC(O-18:0/0:0),C26H56NO6P,545.3481,MTBLS11904,532.3725,-12.9756,,,,,,,4.027688,7623.22,No common adduct match,[M+H-H2O]+,
PC(P-16:0/0:0),C24H50NO6P,571.3638,MTBLS11904,480.3434,-91.0204,,,,,,,-56.006547,-104421.65,No common adduct match,[M+H-2H2O]+,
PC(P-16:0/0:0),C24H50NO6P,571.3638,ST003159,479.3348,-92.029,,,,,,,-57.015147,-106302.14,No common adduct match,[M+H-2H2O]+,
PE(16:0/0:0),C21H44NO7P,727.5516,MTBLS11904,454.2918,-273.2598,,,,,,,67.526782,174593.82,No common adduct match,[M+2Na]2+,
PE(18:0/0:0),C23H48NO7P,751.5516,MTBLS11904,480.3089,-271.2427,,,,,,,81.543882,204491.06,No common adduct match,[M+2Na]2+,
PE(18:1/0:0),C23H46NO7P,781.5985,MTBLS11904,478.2932,-303.3053,,,,,,,64.504732,155888.18,No common adduct match,[M+2Na]2+,
PE(18:2/0:0),C23H44NO7P,755.5829,MTBLS11904,476.2775,-279.3054,,,,,,,75.496832,188374.44,No common adduct match,[M+2Na]2+,
PE(20:3/0:0),C25H46NO7P,453.2855,MTBLS11904,502.2932,49.0077,,,,,,,4.009499,8046.62,No common adduct match,[M+FA-H]- / [M+HCOO]-,
PE(20:4/0:0),C25H44NO7P,481.3168,MTBLS11904,502.2922,20.9754,[M+Na-2H]-,-,-1,1,502.291465,20.974665,0.000735,1.46,Matched,[M+Na-2H]-,[M+Na-2H]- (err 0.000735 Da)
PE(22:4/0:0),C27H48NO7P,479.3012,MTBLS11904,528.3084,49.0072,,,,,,,4.008999,7646.39,No common adduct match,[M+FA-H]- / [M+HCOO]-,
PE(22:6/0:0),C27H44NO7P,477.2855,MTBLS11904,524.2775,46.992,,,,,,,1.993799,3817.46,No common adduct match,[M+FA-H]- / [M+HCOO]-,
PE(P-16:0/0:0),C21H44NO6P,503.3012,MTBLS11904,438.2971,-65.0041,,,,,,,-29.990247,-64042.4,No common adduct match,[M+H-2H2O]+,
PE(P-18:0/0:0),C23H48NO6P,501.2855,MTBLS11904,466.3282,-34.9573,,,,,,,0.056553,121.29,No common adduct match,[M+H-2H2O]+,
PE(PGJ2/20:0),C45H80NO10P,529.3168,MTBLS11904,848.5371,319.2203,,,,,,,-209.089224,-197696.69,No common adduct match,[2M-H]-,
Pelargonidin 3-sophoroside,C27H31O15+,525.2855,MTBLS11904,616.1752,90.8897,,,,,,,26.873933,45603.05,No common adduct match,[M+ACN+Na]+,
Penbutolol,C18H29NO2,437.2906,MTBLS11904,336.1911,-101.0995,,,,,,,-66.085647,-164279.06,No common adduct match,[M+H-2H2O]+,
Penbutolol,C18H29NO2,437.2906,ST003159,326.19,-111.1006,,,,,,,-76.086747,-189140.31,No common adduct match,[M+H-2H2O]+,
Penethamate,C22H31N3O4S,465.3219,MTBLS11904,478.1978,12.8759,,,,,,,-5.157923,-10671.07,No common adduct match,[M+NH4]+,
Penicillanic acid,C8H11NO3S,825.552,MTBLS11904,182.028,-643.524,,,,,,,-229.740724,-557936.31,No common adduct match,[M-2H]2-,
Penicilloic acid,C9H14N2O5S,371.2375,MTBLS11904,333.0935,-38.144,,,,,,,-3.130147,-9309.72,No common adduct match,[M+H-2H2O]+,
Penitrem D,C37H45NO4,291.2198,MTBLS11904,612.33,321.1102,,,,,,,-5.079002,-8226.32,No common adduct match,[2M+Cl]-,
Pent-1-en-2-ol,C5H10O,433.2035,MTBLS11904,104.1068,-329.0967,,,,,,,-111.487674,-517117.49,No common adduct match,[M-2H]2-,
Pentachloroethane,C2HCl5,201.046,S_24167579,200.8586,-0.1874,,,,,,,0.819876,4098.59,No common adduct match,[M-H]-,
"Pentadeca-3,6,9-trienedioylcarnitine",C22H35NO6,262.0623,MTBLS11904,444.2126,182.1503,,,,,,,-78.904724,-150835.62,No common adduct match,[2M-H]-,
Pentadecanedioylcarnitine,C22H41NO6,567.3349,MTBLS11904,460.2909,-107.044,,,,,,,-72.030147,-135313.36,No common adduct match,[M+H-2H2O]+,
Pentadecanoic acid,C15H30O2,86.07316,S_35829770,241.2169,155.14374,,,,,,,10.056729,43505.46,No common adduct match,[2M+CH3COO]-,
Pentaethylene glycol,C10H22O6,199.8521,MTBLS11904,239.1485,39.2964,,,,,,,0.333242,1395.4,No common adduct match,[M+K]+,
Pentanamide,C5H11NO,409.2464,MTBLS11904,84.0807,-325.1657,,,,,,,-119.535224,-587062.26,No common adduct match,[M-2H]2-,
Pentyl acetate,C7H14O2,415.2934,S_35829770,131.1065,-284.1869,,,,,,,-75.532924,-365530.07,No common adduct match,[M-2H]2-,
Pentylone,C13H17NO3,242.2246,MTBLS11904,258.112,15.8874,,,,,,,-2.146423,-8247.28,No common adduct match,[M+NH4]+,
Perfluoro tert-butylcyclohexane,C10F20,238.1416,MTBLS11904,544.9661,306.8245,,,,,,,9.669049,18062.96,No common adduct match,[2M+CH3COO]-,
Perfluorononanoic Acid,C9HF17O2,101.0841,MTBLS11904,462.9627,361.8786,,,,,,,201.780649,772567.06,No common adduct match,[2M+CH3COO]-,
Perfluorooctanoic acid,C8HF15O2,130.0994,MTBLS11904,412.9658,282.8664,,,,,,,93.753149,293701.23,No common adduct match,[2M+CH3COO]-,
Perillic acid,C10H14O2,235.1208,MTBLS11904,208.1328,-26.988,,,,,,,-7.970159,-36881.3,No common adduct match,[M-H2O-H]-,
Perilloside B,C16H24O7,499.9681,MTBLS11904,349.1264,-150.8417,,,,,,,76.153132,278976.52,No common adduct match,[M+2Na]2+,
Perindopril,C19H32N2O5,463.9705,MTBLS11904,405.1764,-58.7941,,,,,,,-23.780247,-55437.41,No common adduct match,[M+H-2H2O]+,
Perindoprilat,C17H28N2O5,413.9737,MTBLS11904,377.1506,-36.8231,,,,,,,-1.809247,-4774.24,No common adduct match,[M+H-2H2O]+,
Permetin A,C54H92N12O12,166.0994,MTBLS11904,562.342,396.2426,,,,,,,171.129349,437433.07,No common adduct match,[2M+CH3COO]-,
Petasalbin,C15H22O2,328.1522,MTBLS11904,257.1491,-71.0031,,,,,,,-35.989247,-122772.22,No common adduct match,[M+H-2H2O]+,
PGA1,C20H32O4,368.2311,MTBLS11904,335.2225,-33.0086,,,,,,,2.005253,6017.85,No common adduct match,[M+H-2H2O]+,
PGD2 ethanolamide,C22H37NO5,340.1998,MTBLS11904,416.2398,76.04,,,,,,,12.024233,29747.08,No common adduct match,[M+ACN+Na]+,
Phaeophorbide b,C35H34N4O6,1100.696,MTBLS11904,641.2139,-459.4821,,,,,,,67.876682,118388.76,No common adduct match,[M+2Na]2+,
Phaseic acid,C15H20O5,234.162,MTBLS11904,279.1234,44.9614,[M+2Na-H]+,+,1,1,279.13316,44.97116,-0.00976,-34.96,Matched,[M+2Na-H]+,[M+2Na-H]+ (err -0.009760 Da)
Phaseolic acid,C13H12O8,336.2301,MTBLS11904,283.1184,-53.1117,,,,,,,-18.097847,-60082.57,No common adduct match,[M+H-2H2O]+,
Phaseolotoxin,C15H34N9O8PS,395.2672,MTBLS11904,561.2005,165.9333,,,,,,,101.917533,221905.75,No common adduct match,[M+ACN+Na]+,
Phe Val Ile,C20H31N3O4,606.2478,MTBLS11904,378.2357,-228.0121,,,,,,,52.122582,159829.76,No common adduct match,[M+2Na]2+,
Phendimetrazine,C12H17NO,377.2315,MTBLS11904,192.138,-185.0935,,,,,,,2.514974,13263.02,No common adduct match,[M+2H]2+,
Pheneturide,C11H14N2O2,293.1376,MTBLS11904,251.1035,-42.0341,,,,,,,-7.020247,-27197.22,No common adduct match,[M+H-2H2O]+,
Phenmetrazine,C11H15NO,312.1474,MTBLS11904,222.1133,-90.0341,,,,,,,43.050382,240420.42,No common adduct match,[M+2Na]2+,
Phenobarbital,C12H12N2O3,351.1583,MTBLS11904,231.0772,-120.0811,,,,,,,32.508832,163716.07,No common adduct match,[M+2Na]2+,
Phenol,C6H6O,191.131,S_28880465,94.0419,-97.0891,,,,,,,-0.516324,-5460.38,No common adduct match,[M-2H]2-,
Phenol,C6H6O,191.131,S_35829770,93.03463,-98.09637,,,,,,,-1.523594,-16112.76,No common adduct match,[M-2H]2-,
Phenol,C6H6O,191.131,S_35829770,95.04907,-96.08193,,,,,,,0.490846,5190.94,No common adduct match,[M-2H]2-,
Phenol,C6H6O,191.131,S_35829770,95.04906,-96.08194,,,,,,,0.490836,5190.84,No common adduct match,[M-2H]2-,
Phenol,C6H6O,191.131,S_35829770,95.04913,-96.08187,,,,,,,0.490906,5191.58,No common adduct match,[M-2H]2-,
Phenol,C6H6O,191.131,MTBLS11904,206.1172,14.9862,,,,,,,-3.047623,-14570.44,No common adduct match,[M+NH4]+,
Phenol sulphate,C6H6O4S,206.1055,MTBLS11904,172.9911,-33.1144,,,,,,,1.899453,11101.96,No common adduct match,[M+H-2H2O]+,
Phenoxyacetic Acid,C8H8O3,177.1154,MTBLS11904,151.0399,-26.0755,,,,,,,-7.057659,-44641.16,No common adduct match,[M-H2O-H]-,
Phenprocoumon,C18H16O3,232.0848,S_35829770,279.1027,47.0179,,,,,,,2.019699,7289.15,No common adduct match,[M+FA-H]- / [M+HCOO]-,
Phenprocoumon,C18H16O3,232.0848,S_35829770,279.1026,47.0178,,,,,,,2.019599,7288.79,No common adduct match,[M+FA-H]- / [M+HCOO]-,
Phenprocoumon,C18H16O3,232.0848,S_35829770,281.1163,49.0315,,,,,,,4.033299,14556.28,No common adduct match,[M+FA-H]- / [M+HCOO]-,
Phentolamine,C17H19N3O,94.04186,S_35829770,282.1591,188.11724,,,,,,,35.061529,141893.46,No common adduct match,[2M+CH3COO]-,
Phentolamine,C17H19N3O,94.04186,S_35829770,282.1598,188.11794,,,,,,,35.062229,141896.29,No common adduct match,[2M+CH3COO]-,
Phenyl-Leucine,C12H17NO2,173.9987,S_28880465,278.1631,104.1644,,,,,,,40.148633,168681.48,No common adduct match,[M+ACN+Na]+,
Phenyl-Leucine,C12H17NO2,173.9987,S_28880465,75.0685,-98.9302,,,,,,,-10.923574,-127030.01,No common adduct match,[M-2H]2-,
Phenylacetaldehyde,C8H8O,152.0473,S_24167579,121.0643,-30.983,,,,,,,4.030853,34441.89,No common adduct match,[M+H-2H2O]+,
phenylacetic acid,C8H8O2,280.1099,MTBLS11904,178.086,-102.0239,,,,,,,15.041832,92256.18,No common adduct match,[M+2Na]2+,
Phenylacetyl glutaminate,C13H16N2O4,281.1528,MTBLS11904,265.1179,-16.0349,,,,,,,0.968388,3666.06,No common adduct match,[M+H-H2O]+,
Phenylacetyl-L-glutamine,C13H16N2O4,207.1259,S_33485385,265.1172,57.9913,,,,,,,-1.022551,-3842.16,No common adduct match,[M+CH3COO]-,
Phenylacetyl-L-glutamine,C13H16N2O4,207.1259,ST003159,265.1181,57.9922,,,,,,,-1.021651,-3838.78,No common adduct match,[M+CH3COO]-,
Phenylacetylglutamine,C13H16N2O4,120.0575,S_35829770,265.1176,145.0601,,,,,,,2.013382,7652.41,No common adduct match,[2M+Na]+,
Phenylacetylglutamine,C13H16N2O4,120.0575,MTBLS11904,263.1033,143.0458,[2M+Na]+,+,1,2,263.104218,22.989218,-0.000918,-3.49,Matched,[2M+Na]+,[2M+Na]+ (err -0.000918 Da)
Phenylacetylglycine,C10H11NO3,136.0524,MTBLS11904,238.0718,102.0194,,,,,,,-33.025724,-121822.3,No common adduct match,[2M-H]-,
Phenylalanine,C9H11NO3,264.111,S_29518718,166.0865,-98.0245,,,,,,,11.041782,71216.76,No common adduct match,[M+2Na]2+,
Phenylalanine,C9H11NO3,264.111,S_35829770,164.0718,-100.0392,,,,,,,9.027082,58222.44,No common adduct match,[M+2Na]2+,
Phenylalanine,C9H11NO3,264.111,S_35829770,166.086,-98.025,,,,,,,11.041282,71213.53,No common adduct match,[M+2Na]2+,
Phenylalanine,C9H11NO3,264.111,S_35829770,166.0861,-98.0249,,,,,,,11.041382,71214.18,No common adduct match,[M+2Na]2+,
Phenylalanylphenylalanine,C18H20N2O3,264.111,S_28880465,312.1474,48.0364,,,,,,,3.038199,9828.89,No common adduct match,[M+FA-H]- / [M+HCOO]-,
Phenylalanylphenylalanine,C18H20N2O3,264.111,S_28880465,180.0781,-84.0329,,,,,,,25.033382,161459.11,No common adduct match,[M+2Na]2+,
Phenylalanylphenylalanine,C18H20N2O3,264.111,MTBLS11904,311.1397,47.0287,,,,,,,2.030499,6568.87,No common adduct match,[M+FA-H]- / [M+HCOO]-,
Phenylalanylproline,C14H18N2O3,193.0739,MTBLS11904,307.1294,114.0555,,,,,,,50.039733,194639.22,No common adduct match,[M+ACN+Na]+,
Phenylbutazone,C19H20N2O2,181.0739,MTBLS11904,307.1449,126.071,,,,,,,-53.995624,-149514.16,No common adduct match,[2M-H]-,
phenylephrine,C9H13NO2,207.1259,MTBLS11904,148.0767,-59.0492,,,,,,,21.524532,170084.26,No common adduct match,[M+2Na]2+,
Phenylethylmalonamide,C11H14N2O2,262.1317,MTBLS11904,205.098,-57.0337,,,,,,,-22.019847,-96953.4,No common adduct match,[M+H-2H2O]+,
Phenylpyruvic Acid,C9H8O3,308.1525,MTBLS11904,163.0399,-145.1126,,,,,,,-2.027321,-12281.79,No common adduct match,[M-H+Na]2-,
Phenytoin catechol,C15H12N2O4,167.0946,MTBLS11904,319.0489,151.9543,,,,,,,-14.133024,-42418.34,No common adduct match,[2M-H]-,
Phomalone,C13H18O5,137.0841,MTBLS11904,253.1078,116.0237,,,,,,,-20.053124,-73411.39,No common adduct match,[2M-H]-,
"Phorbol-12,13-dibutyrate",C28H40O8,206.1055,MTBLS11904,522.3109,316.2054,,,,,,,51.086049,108411.19,No common adduct match,[2M+CH3COO]-,
Phosphate,O4P-3,164.0473,S_33485385,98.9834,-65.0639,,,,,,,4.961503,52769.65,No common adduct match,[M+H+Na]2+,
Phosphate,O4P-3,164.0473,MTBLS11904,98.984,-65.0633,,,,,,,4.962103,52776.03,No common adduct match,[M+H+Na]2+,
Phosphoaminophosphonic acid-adenylate ester,C10H17N6O12P3,504.2723,MTBLS11904,505.0051,0.7328,,,,,,,-0.274476,-543.22,No common adduct match,[M+H]+,
Phosphocreatine,C4H10N3O5P,94.95342,ST003159,246.01,151.05658,,,,,,,-2.910691,-11693.25,No common adduct match,[2M+CH3COO]-,
Phosphoglycolic acid,C2H5O6P,723.5203,MTBLS11904,154.9741,-568.5462,,,,,,,-205.778774,-570414.79,No common adduct match,[M-2H]2-,
Phosphoribosylformylglycinamidine,C8H16N3O8P,506.0117,MTBLS11904,294.0467,-211.965,,,,,,,18.051632,65405.63,No common adduct match,[M+2Na]2+,
Phoxim,C12H15N2O3PS,167.9824,MTBLS11904,297.0467,129.0643,,,,,,,-37.910824,-113180.99,No common adduct match,[2M-H]-,
Phthalic Acid,C8H6O4,155.9824,MTBLS11904,165.0192,9.0368,,,,,,,8.029524,51146.83,No common adduct match,[M+H]+,
Physagulin D,C34H52O10,313.0675,MTBLS11904,638.3941,325.3266,,,,,,,-5.774723,-8964.61,No common adduct match,[2M+NH4]+,
Physalolactone B,C30H44O6,97.9769,MTBLS11904,518.3523,420.3754,,,,,,,263.384649,1033012.02,No common adduct match,[2M+CH3COO]-,
Physapruin B,C34H50O9,298.0541,MTBLS11904,583.3265,285.2724,,,,,,,-11.774424,-19785.59,No common adduct match,[2M-H]-,
Physostigmine,C15H21N3O2,166.0266,MTBLS11904,320.1611,154.1345,,,,,,,-10.884824,-32880.1,No common adduct match,[2M-H]-,
Phytol,C20H40O,620.356,MTBLS11904,341.3056,-279.0504,,,,,,,8.138382,24427.32,No common adduct match,[M+2Na]2+,
Phytolaccoside E,C42H66O16,500.3138,MTBLS11904,412.2092,-88.1046,,,,,,,-53.090747,-114100.05,No common adduct match,[M+H-2H2O]+,
Phytosphingosine,C18H39NO3,602.3455,MTBLS11904,356.2536,-246.0919,,,,,,,32.091632,98998.76,No common adduct match,[M+2Na]2+,
Piboserod,C22H31N3O2,275.1634,MTBLS11904,390.2158,115.0524,,,,,,,51.036633,150471.01,No common adduct match,[M+ACN+Na]+,
Picein,C14H18O7,296.3079,MTBLS11904,297.0976,0.7897,,,,,,,-0.217576,-731.8,No common adduct match,[M+H]+,
Picolinic Acid,C6H5NO2,826.4351,MTBLS11904,124.0391,-702.396,,,,,,,-288.171174,-699087.8,No common adduct match,[M-2H]2-,
Pilsicainide,C17H24N2O,317.293,MTBLS11904,290.2224,-27.0706,,,,,,,7.943253,28139.71,No common adduct match,[M+H-2H2O]+,
Pimelic acid,C7H12O4,369.2416,S_35829770,159.0665,-210.1751,,,,,,,-24.547024,-133688.54,No common adduct match,[M-2H]2-,
Pimozide,C28H29F2N3O,298.1053,S_35829770,462.2357,164.1304,,,,,,,100.114633,276467.3,No common adduct match,[M+ACN+Na]+,
Pinotin A,C31H29O14+,123.032,MTBLS11904,667.1914,544.1594,,,,,,,362.113549,1186954.57,No common adduct match,[2M+CH3COO]-,
Pipecolic acid,C6H11NO2,272.1889,S_35829770,130.086,-142.1029,,,,,,,-5.001174,-37021.82,No common adduct match,[M-2H]2-,
Pipecolic acid,C6H11NO2,272.1889,S_35829770,130.0863,-142.1026,,,,,,,-5.000874,-37019.6,No common adduct match,[M-2H]2-,
Pipecolic acid,C6H11NO2,272.1889,S_35829770,130.0862,-142.1027,,,,,,,-5.000974,-37020.34,No common adduct match,[M-2H]2-,
Pipecolic acid,C6H11NO2,272.1889,ACS1517,130.086,-142.1029,,,,,,,-5.001174,-37021.82,No common adduct match,[M-2H]2-,
Pipecolic acid,C6H11NO2,272.1889,MTBLS11904,130.0861,-142.1028,,,,,,,-5.001074,-37021.08,No common adduct match,[M-2H]2-,
Piperidine,C5H11N,160.0736,S_35829770,86.09638,-73.97722,,,,,,,-4.931391,-54174.57,No common adduct match,[M-H+Na]2-,
Piperidine,C5H11N,160.0736,S_35829770,86.09634,-73.97726,,,,,,,-4.931431,-54175.01,No common adduct match,[M-H+Na]2-,
Piperidine,C5H11N,160.0736,S_35829770,86.09635,-73.97725,,,,,,,-4.931421,-54174.9,No common adduct match,[M-H+Na]2-,
Piperidine,C5H11N,160.0736,MTBLS11904,86.0963,-73.9773,,,,,,,-4.931471,-54175.45,No common adduct match,[M-H+Na]2-,
Piperine,C17H19NO3,461.2279,S_35829770,286.1429,-175.085,,,,,,,32.539732,128309.64,No common adduct match,[M+2Na]2+,
Piperine,C17H19NO3,461.2279,S_35829770,286.1433,-175.0846,,,,,,,32.540132,128311.22,No common adduct match,[M+2Na]2+,
Piperine,C17H19NO3,461.2279,S_35829770,286.143,-175.0849,,,,,,,32.539832,128310.04,No common adduct match,[M+2Na]2+,
Piperine,C17H19NO3,461.2279,S_35829770,286.1432,-175.0847,,,,,,,32.540032,128310.83,No common adduct match,[M+2Na]2+,
Piperine,C17H19NO3,461.2279,MTBLS11904,286.1432,-175.0847,,,,,,,32.540032,128310.83,No common adduct match,[M+2Na]2+,
Piperonyl sulfoxide,C18H28O3S,417.2218,MTBLS11904,369.1736,-48.0482,,,,,,,-13.034347,-34102.76,No common adduct match,[M+H-2H2O]+,
PIRACETAM,C6H10N2O2,129.079,MTBLS11904,143.0813,14.0023,,,,,,,-4.031523,-27404.29,No common adduct match,[M+NH4]+,
Pirbuterol,C12H20N2O3,85.08915,MTBLS11904,285.1453,200.05615,,,,,,,55.953149,244132.05,No common adduct match,[2M+CH3COO]-,
Piribedil,C16H18N4O2,285.1365,S_35829770,299.1491,14.0126,,,,,,,-4.021223,-13263.91,No common adduct match,[M+NH4]+,
Piriprost,C26H35NO4,324.1759,MTBLS11904,446.2284,122.0525,,,,,,,58.036733,149505.36,No common adduct match,[M+ACN+Na]+,
Plastoquinone,C53H80O2,142.0742,MTBLS11904,249.1129,107.0387,,,,,,,-34.028224,-120181.14,No common adduct match,[2M-H]-,
Pleurotin,C21H22O5,298.143,MTBLS11904,353.1421,54.9991,,,,,,,-4.014751,-11240.86,No common adduct match,[M+CH3COO]-,
Plevitrexed,C26H25FN8O4,425.2566,MTBLS11904,569.1515,143.8949,,,,,,,79.879133,163261.08,No common adduct match,[M+ACN+Na]+,
Plumbagin,C11H8O3,748.6158,MTBLS11904,187.0417,-561.5741,,,,,,,-186.258924,-498951.55,No common adduct match,[M-2H]2-,
Plumieride,C21H26O12,340.2402,MTBLS11904,505.1083,164.8681,,,,,,,100.852333,249476.42,No common adduct match,[M+ACN+Na]+,
Policapram,C6H9NO,354.1467,MTBLS11904,272.2328,-81.9139,,,,,,,-46.900047,-146960.89,No common adduct match,[M+H-2H2O]+,
Polidocanol,C30H62O10,532.1983,MTBLS11904,600.4666,68.2683,,,,,,,4.252533,7132.56,No common adduct match,[M+ACN+Na]+,
Polyanethole-sulfate,C10H12O4S,188.0473,MTBLS11904,273.0436,84.9963,,,,,,,20.980533,83235.25,No common adduct match,[M+ACN+Na]+,
Polyribosylribitolphosphate,C5H13O8P,470.1424,MTBLS11904,277.0328,-193.1096,,,,,,,18.972382,73519.15,No common adduct match,[M+2Na]2+,
Polysorbate 80,C26H50O10,111.0684,MTBLS11904,543.3137,432.2453,,,,,,,262.163049,932464.67,No common adduct match,[2M+CH3COO]-,
Ponasteroside A,C33H54O11,582.4343,MTBLS11904,625.3584,42.9241,,,,,,,0.890275,1425.65,No common adduct match,[M+ACN+H]+,
Pravastatin,C23H36O7,228.0456,MTBLS11904,457.276,229.2304,,,,,,,0.177524,388.37,No common adduct match,[2M+H]+,
Precocene I,C12H14O2,232.0348,MTBLS11904,208.1329,-23.9019,,,,,,,-4.884059,-22928.03,No common adduct match,[M-H2O-H]-,
Precocene II,C13H16O3,522.3404,MTBLS11904,238.1434,-284.197,,,,,,,-22.019524,-84637.44,No common adduct match,[M-2H]2-,
Prednisolone,C21H28O5,626.3666,S_35829770,361.1996,-265.167,,,,,,,25.027082,74447.14,No common adduct match,[M+2Na]2+,
Prednisone,C21H26O5,424.2461,MTBLS11904,379.1556,-45.0905,,,,,,,-10.076647,-25888.52,No common adduct match,[M+H-2H2O]+,
Pregnan-20-one,C21H34O,190.0994,MTBLS11904,341.2216,151.1222,,,,,,,-37.969924,-100133.89,No common adduct match,[2M-H]-,
Pregnanediol 3-O-glucuronide,C27H44O8,220.1099,MTBLS11904,517.2798,297.1699,,,,,,,18.046149,36147.7,No common adduct match,[2M+CH3COO]-,
Pregnenolone sulfate,C21H32O5S,360.1937,MTBLS11904,395.1896,34.9959,,,,,,,0.026498,67.06,No common adduct match,[M+Cl]-,
Prenalterol,C12H19NO3,358.178,MTBLS11904,208.1329,-150.0451,,,,,,,6.054682,29962.07,No common adduct match,[M+2Na]2+,
Prenyl glucoside,C11H20O6,302.261,MTBLS11904,229.1079,-73.1531,,,,,,,-38.139247,-142711.52,No common adduct match,[M+H-2H2O]+,
Pressinoic acid,C33H42N8O10S2,496.3036,MTBLS11904,773.2412,276.9376,,,,,,,212.921833,380000.85,No common adduct match,[M+ACN+Na]+,
Prilocaine,C13H20N2O,396.197,MTBLS11904,253.1906,-143.0064,,,,,,,32.102882,145204.28,No common adduct match,[M+2Na]2+,
Primaquine,C15H21N3O,225.1365,MTBLS11904,560.3676,335.2311,,,,,,,51.080749,100298.58,No common adduct match,[2M+CH3COO]-,
Primidone,C12H14N2O2,248.126,S_35829770,219.1121,-29.0139,,,,,,,5.999953,28153.97,No common adduct match,[M+H-2H2O]+,
Pro Val Gln,C15H26N4O5,774.2465,MTBLS11904,343.1955,-431.051,,,,,,,-42.920474,-111159.54,No common adduct match,[M-2H]2-,
Pro-leu,C11H20N2O3,218.1055,MTBLS11904,229.1542,11.0487,,,,,,,-6.985123,-29580.52,No common adduct match,[M+NH4]+,
Pro-Pro,C10H16N2O3,342.1903,MTBLS11904,195.1126,-147.0777,,,,,,,1.028232,5297.86,No common adduct match,[M+2Na]2+,
Pro-Pro-Phe,C19H25N3O4,243.1219,MTBLS11904,358.1755,115.0536,,,,,,,51.037833,166172.5,No common adduct match,[M+ACN+Na]+,
Probucol,C31H48O2S2,228.1474,MTBLS11904,534.3474,306.2,,,,,,,19.038749,36946.3,No common adduct match,[2M+CH3COO]-,
Procion blue MX-R,C23H14Cl2N6O8S2,212.1161,MTBLS11904,680.97,468.8539,,,,,,,197.723949,409157.92,No common adduct match,[2M+CH3COO]-,
Procysteine,C4H5NO3S,359.1845,MTBLS11904,353.0099,-6.1746,,,,,,,-5.167324,-14426.72,No common adduct match,[M-H]-,
Prodigiosin,C20H25N3O,202.0954,MTBLS11904,306.1961,104.1007,,,,,,,40.084933,150632.28,No common adduct match,[M+ACN+Na]+,
Proline,C5H9NO2,516.3096,S_33485385,116.0708,-400.2388,,,,,,,-141.076724,-548621.75,No common adduct match,[M-2H]2-,
Proline,C5H9NO2,516.3096,S_35829770,116.0706,-400.239,,,,,,,-141.076924,-548622.52,No common adduct match,[M-2H]2-,
Proline,C5H9NO2,516.3096,S_35829770,116.0704,-400.2392,,,,,,,-141.077124,-548623.3,No common adduct match,[M-2H]2-,
Proline,C5H9NO2,516.3096,S_35829770,116.0705,-400.2391,,,,,,,-141.077024,-548622.91,No common adduct match,[M-2H]2-,
Proline,C5H9NO2,516.3096,ST003159,116.0706,-400.239,,,,,,,-141.076924,-548622.52,No common adduct match,[M-2H]2-,
Proline betaine,C7H13NO2,635.9692,MTBLS11904,331.1867,-304.7825,,,,,,,1.203853,3648.23,No common adduct match,[M+H+Na]2+,
Proline-hydroxyproline,C10H16N2O4,146.999,S_35829770,229.118,82.119,,,,,,,18.103233,85791.31,No common adduct match,[M+ACN+Na]+,
Prolyl-Threonine,C9H16N2O4,323.1998,MTBLS11904,450.2536,127.0538,,,,,,,63.038033,162798.29,No common adduct match,[M+ACN+Na]+,
Propafenone,C21H27NO3,115.0633,MTBLS11904,342.2055,227.1422,,,,,,,53.065049,183526.89,No common adduct match,[2M+CH3COO]-,
Propafenone glucuronide,C27H35NO9,143.0946,MTBLS11904,562.2345,419.1399,,,,,,,217.031449,628706.64,No common adduct match,[2M+CH3COO]-,
Propionic Acid,C3H6O2,216.111,MTBLS11904,73.0294,-143.0816,,,,,,,-34.018824,-317789.71,No common adduct match,[M-2H]2-,
Propionylcarnitine,C10H19NO4,341.1991,S_35829770,218.1383,-123.0608,,,,,,,24.549532,126812.79,No common adduct match,[M+2Na]2+,
Propionylcarnitine,C10H19NO4,341.1991,MTBLS11904,218.1383,-123.0608,,,,,,,24.549532,126812.79,No common adduct match,[M+2Na]2+,
Propranolol,C16H21NO2,517.2312,S_35829770,260.1635,-257.0677,,,,,,,0.540624,2082.34,No common adduct match,[M+2H]2+,
Propranolol,C16H21NO2,517.2312,S_35829770,260.164,-257.0672,,,,,,,0.541124,2084.27,No common adduct match,[M+2H]2+,
"Propyl 2,4-decadienoate",C13H22O2,217.0061,MTBLS11904,228.1954,11.1893,,,,,,,-6.844523,-29120.68,No common adduct match,[M+NH4]+,
Propylene,C3H6,74.03678,MTBLS11904,102.1275,28.09072,,,,,,,5.101502,52578.71,No common adduct match,[M+Na]+,
Propylparaben,C10H12O3,217.1314,MTBLS11904,179.0712,-38.0602,,,,,,,-3.046347,-16727.37,No common adduct match,[M+H-2H2O]+,
Propyphenazone,C14H18N2O,259.1572,MTBLS11904,248.1747,-10.9825,,,,,,,6.020788,24863.48,No common adduct match,[M+H-H2O]+,
Proscillaridin,C30H42O8,210.162,MTBLS11904,548.3265,338.1645,,,,,,,68.988649,143924.89,No common adduct match,[2M+CH3COO]-,
Prostaglandin B2,C20H30O4,42.04695,MTBLS11904,333.2066,291.15965,,,,,,,190.098849,1328361.66,No common adduct match,[2M+CH3COO]-,
Prostaglandin D1,C20H34O5,180.0786,MTBLS11904,353.2325,173.1539,,,,,,,-5.917424,-16476.19,No common adduct match,[2M-H]-,
Prostaglandin E2 ethanolamide,C22H37NO5,230.1419,MTBLS11904,416.2394,186.0975,,,,,,,-43.037124,-93706.34,No common adduct match,[2M-H]-,
Prostaglandin F1a,C20H36O5,530.288,MTBLS11904,337.238,-193.05,,,,,,,49.104782,170423.88,No common adduct match,[M+2Na]2+,
Prostaglandin M,C16H24O7,334.2144,S_24167579,329.1562,-5.0582,,,,,,,-4.050924,-12157.37,No common adduct match,[M-H]-,
Protoanemonin,C5H4O2,354.2406,MTBLS11904,97.0282,-257.2124,,,,,,,-79.084824,-449057.21,No common adduct match,[M-2H]2-,
Pseudoecgonine,C9H15NO3,96.02113,MTBLS11904,218.1383,122.11717,,,,,,,3.106822,14448.22,No common adduct match,[2M+Na]+,
Pseudoephedrine,C10H15NO,811.5363,MTBLS11904,166.1223,-645.414,,,,,,,-238.638574,-589579.15,No common adduct match,[M-2H]2-,
Pseudouridine,C9H12N2O6,775.5363,MTBLS11904,243.0618,-532.4745,,,,,,,-143.699074,-371545.01,No common adduct match,[M-2H]2-,
Psi-Pelletierine,C9H15NO,841.5833,MTBLS11904,198.1133,-643.47,,,,,,,-221.671074,-528059.37,No common adduct match,[M-2H]2-,
Pyrazinamide,C5H5N3O,185.1052,S_35829770,124.0503,-61.0549,,,,,,,8.508482,73639.85,No common adduct match,[M+2Na]2+,
Pyridostigmine,C9H13N2O2+,165.1154,S_24167579,181.096,15.9806,,,,,,,-2.053223,-11210.66,No common adduct match,[M+NH4]+,
Pyridoxamine,C8H12N2O2,153.1154,S_35829770,169.0965,15.9811,,,,,,,-2.052723,-11993.76,No common adduct match,[M+NH4]+,
Pyridoxine,C8H11NO3,123.0433,MTBLS11904,170.0809,47.0376,,,,,,,2.039399,12136.28,No common adduct match,[M+FA-H]- / [M+HCOO]-,
Pyrocatechol,C6H6O2,165.1028,MTBLS11904,109.0294,-56.0734,,,,,,,3.488782,33056.3,No common adduct match,[M+2Na]2+,
PYROMELLITIC ACID,C10H6O8,168.0899,MTBLS11904,507.0021,338.9122,,,,,,,111.808449,282920.66,No common adduct match,[2M+CH3COO]-,
Pyrrolidine,C4H9N,169.0739,S_35829770,72.08078,-96.99312,,,,,,,-11.448894,-137063.79,No common adduct match,[M-2H]2-,
Pyruvic Acid,C3H4O3,110.0368,MTBLS11904,175.0246,64.9878,,,,,,,0.972033,5584.71,No common adduct match,[M+ACN+Na]+,
Quadazocine,C25H37NO2,228.111,MTBLS11904,418.2536,190.1426,,,,,,,-36.961124,-81194.92,No common adduct match,[2M-H]-,
Quercetin 3-O-xylosyl-glucuronide,C26H26O17,254.0063,MTBLS11904,645.0864,391.0801,,,,,,,78.059949,137665.45,No common adduct match,[2M+CH3COO]-,
Quetiapine,C21H25N3O2S,71.0735,MTBLS11904,384.1733,313.0998,,,,,,,183.012449,909781.64,No common adduct match,[2M+CH3COO]-,
Quinaprilat,C23H26N2O5,88.01604,MTBLS11904,455.1819,367.16586,,,,,,,220.135969,936565.75,No common adduct match,[2M+CH3COO]-,
Quinethazone,C10H12ClN3O3S,383.2824,MTBLS11904,310.0017,-73.2807,,,,,,,-38.266847,-109877.41,No common adduct match,[M+H-2H2O]+,
Quinic Acid,C7H12O6,610.117,MTBLS11904,191.056,-419.061,,,,,,,-112.995224,-371632.19,No common adduct match,[M-2H]2-,
Quinic Acid,C7H12O6,610.117,MTBLS11904,212.0296,-398.0874,,,,,,,-92.021624,-302651.71,No common adduct match,[M-2H]2-,
Rac S 33138,C22H23N3O2,383.1667,MTBLS11904,398.1273,14.9606,,,,,,,-3.073223,-7660.07,No common adduct match,[M+NH4]+,
Ranitidine-S-Oxide,C13H22N4O4S,410.1842,MTBLS11904,311.1195,-99.0647,,,,,,,-64.050847,-170724.71,No common adduct match,[M+H-2H2O]+,
Recoflavone,C20H18O8,289.0288,MTBLS11904,385.0901,96.0613,,,,,,,32.045533,90769.09,No common adduct match,[M+ACN+Na]+,
Regadenoson,C15H18N8O5,192.0634,MTBLS11904,408.1703,216.1069,,,,,,,1.054282,2589.64,No common adduct match,[2M+Na]+,
Remimazolam,C21H19BrN4O2,361.179,MTBLS11904,419.05,57.871,,,,,,,-1.142851,-2719.82,No common adduct match,[M+CH3COO]-,
Repenone,C18H12O9,330.1362,S_24167579,395.036,64.8998,,,,,,,0.884033,2242.87,No common adduct match,[M+ACN+Na]+,
Resiniferatoxin,C37H40O9,386.1002,MTBLS11904,609.252,223.1518,,,,,,,159.136033,353544.52,No common adduct match,[M+ACN+Na]+,
Resorcinol sulfate,C6H6O5S,390.14,MTBLS11904,234.9916,-155.1484,,,,,,,16.932382,77650.38,No common adduct match,[M+2Na]2+,
Retaspimycin,C31H45N3O8,438.0691,MTBLS11904,610.3075,172.2384,,,,,,,108.222633,215546.49,No common adduct match,[M+ACN+Na]+,
Reticulatamol,C35H66O3,372.0481,MTBLS11904,579.4984,207.4503,,,,,,,143.434533,328930.1,No common adduct match,[M+ACN+Na]+,
Rhamnetin 3-rhamninoside,C34H42O20,628.2672,MTBLS11904,277.0732,-351.194,,,,,,,-36.053124,-115139.23,No common adduct match,[M-2H]2-,
Rhein,C15H8O6,189.9936,MTBLS11904,305.0043,115.0107,,,,,,,50.994933,200760.05,No common adduct match,[M+ACN+Na]+,
Ribosyl-5-amino-4-imidazolcarboxamid,C9H14N4O5,534.5012,MTBLS11904,561.1877,26.6865,,,,,,,3.697282,6632.01,No common adduct match,[M+Na]+,
Rifampicin,C43H58N4O12,284.0321,MTBLS11904,805.4072,521.3751,,,,,,,178.329149,284381.1,No common adduct match,[2M+CH3COO]-,
Rimiterol,C12H17NO3,152.0685,MTBLS11904,241.1543,89.0858,,,,,,,25.070033,116019.71,No common adduct match,[M+ACN+Na]+,
Risbitin,C14H22O2,258.0964,MTBLS11904,267.1598,9.0634,,,,,,,8.056124,31092.28,No common adduct match,[M+H]+,
Ronacaleret,C25H31F2NO4,298.2508,MTBLS11904,446.218,147.9672,,,,,,,83.951433,231739.39,No common adduct match,[M+ACN+Na]+,
Rosavin,C20H28O10,822.4051,MTBLS11904,427.1577,-395.2474,,,,,,,3.956903,9349.94,No common adduct match,[M+H+Na]2+,
Rostafuroxin,C23H34O4,222.162,MTBLS11904,413.2111,191.0491,,,,,,,-30.105624,-67909.97,No common adduct match,[2M-H]-,
Rubschisandrin,C23H28O6,447.2221,MTBLS11904,445.1894,-2.0327,,,,,,,-1.025424,-2298.05,No common adduct match,[M-H]-,
Rutaecarpine,C18H13N3O,428.1682,MTBLS11904,324.0572,-104.111,,,,,,,-69.097147,-175750.69,No common adduct match,[M+H-2H2O]+,
S-(1-Propenyl)-cysteine sulfoxide,C6H11NO3S,302.0427,MTBLS11904,158.028,-144.0147,,,,,,,-3.984321,-24592.7,No common adduct match,[M-H+Na]2-,
S-(2-Hydroxyethyl)-N-acetyl-L-cysteine,C7H13NO4S,374.2457,S_24167579,230.047,-144.1987,,,,,,,19.934932,94877.62,No common adduct match,[M+2Na]2+,
S-(6-Purinyl)cysteine,C8H9N5O2S,400.1886,MTBLS11904,262.0374,-138.1512,,,,,,,38.953882,174615.69,No common adduct match,[M+2Na]2+,
S-Adenosylhomocysteine,C14H20N6O5S,287.1059,MTBLS11904,419.0938,131.9879,,,,,,,67.972133,193585.7,No common adduct match,[M+ACN+Na]+,
S-Butylcysteine sulfoxide,C7H15NO3S,177.046,MTBLS11904,176.0737,-0.9723,,,,,,,0.034976,198.69,No common adduct match,[M-H]-,
S-Lactoylglutathione,C13H21N3O8S,207.0565,MTBLS11904,360.0851,153.0286,,,,,,,-53.020624,-128346.38,No common adduct match,[2M-H]-,
S-Methyl-L-Cysteine,C4H9NO2S,239.0477,MTBLS11904,177.0689,-61.9788,,,,,,,-26.964947,-132159.19,No common adduct match,[M+H-2H2O]+,
S-nirvanol,C11H12N2O2,384.1216,MTBLS11904,241.0383,-143.0833,,,,,,,25.988282,120847.62,No common adduct match,[M+2Na]2+,
S-Prenyl-L-cysteine,C8H15NO2S,193.0773,MTBLS11904,377.1594,184.0821,,,,,,,-7.987924,-20739.92,No common adduct match,[2M-H]-,
Sabine,C27H45NO7,379.1049,MTBLS11904,516.2938,137.1889,,,,,,,73.173133,165131.39,No common adduct match,[M+ACN+Na]+,
Sagopilone,C30H41NO6S,204.0899,MTBLS11904,542.2539,338.164,,,,,,,75.060249,160661.96,No common adduct match,[2M+CH3COO]-,
Salbutamol,C13H21NO3,189.0823,MTBLS11904,284.1501,95.0678,,,,,,,31.052033,122687.75,No common adduct match,[M+ACN+Na]+,
Salicylic acid,C7H6O3,543.2655,S_35829770,139.0387,-404.2268,,,,,,,-131.586774,-486232.03,No common adduct match,[M-2H]2-,
Salicylic acid,C7H6O3,543.2655,MTBLS11904,137.0242,-406.2413,,,,,,,-133.601274,-493675.9,No common adduct match,[M-2H]2-,
Salsoline,C11H15NO2,239.1521,MTBLS11904,211.1437,-28.0084,,,,,,,7.005453,34317.2,No common adduct match,[M+H-2H2O]+,
Salvianolic acid A,C26H22O10,232.0736,MTBLS11904,529.0939,297.0203,,,,,,,5.932849,11340.39,No common adduct match,[2M+CH3COO]-,
Salvigenin,C18H16O6,137.0477,MTBLS11904,293.084,156.0363,,,,,,,0.954777,3268.34,No common adduct match,[2M+NH4]+,
Sanguinarine,C20H14NO4+,138.0317,MTBLS11904,367.0622,229.0305,,,,,,,31.984949,95455.45,No common adduct match,[2M+CH3COO]-,
Santalyl phenylacetate,C23H30O2,193.1103,MTBLS11904,356.2613,163.151,,,,,,,-28.952024,-75158.42,No common adduct match,[2M-H]-,
Sapacitabine,C26H42N4O5,494.1213,MTBLS11904,1025.633,531.5117,,,,,,,-1.572758,-1531.1,No common adduct match,[2M+K]+,
Sapienic acid,C16H30O2,328.0947,MTBLS11904,299.2223,-28.8724,,,,,,,6.141453,20954.81,No common adduct match,[M+H-2H2O]+,
Sarmentosin,C11H17NO7,338.2246,MTBLS11904,240.0862,-98.1384,,,,,,,47.984682,249788.15,No common adduct match,[M+2Na]2+,
SCD1 Inhibitor,C21H20F3N3O3,490.3155,MTBLS11904,464.1432,-26.1723,,,,,,,-7.154459,-15180.34,No common adduct match,[M-H2O-H]-,
Schisandrol B,C23H28O7,254.2246,MTBLS11904,437.1611,182.9365,,,,,,,-70.280824,-138500.23,No common adduct match,[2M-H]-,
Schleicherastatin 3,C29H50O3,590.4183,MTBLS11904,491.3746,-99.0437,,,,,,,-64.029847,-115285.08,No common adduct match,[M+H-2H2O]+,
Sclareol oxide,C18H30O,275.1005,MTBLS11904,280.2629,5.1624,,,,,,,4.155124,15048.92,No common adduct match,[M+H]+,
Scytalone,C10H10O4,419.1457,MTBLS11904,193.0502,-226.0955,,,,,,,-15.515374,-74390.87,No common adduct match,[M-2H]2-,
Se-Adenosylselenomethionine,C15H22N6O5Se,446.376,S_24167579,447.091,0.715,,,,,,,-0.292276,-653.3,No common adduct match,[M+H]+,
Se-Methylselenocysteine,C4H9NO2Se,262.2297,MTBLS11904,183.9882,-78.2415,,,,,,,29.884132,193921.76,No common adduct match,[M+2Na]2+,
Sebacic acid,C10H18O4,194.0579,S_24167579,225.111,31.0531,,,,,,,-3.916302,-17099.72,No common adduct match,[M+Cl]-,
Sebacic acid,C10H18O4,194.0579,S_24167579,225.1106,31.0527,,,,,,,-3.916702,-17101.46,No common adduct match,[M+Cl]-,
Sebacic acid,C10H18O4,194.0579,MTBLS11904,201.113,7.0551,,,,,,,6.047824,31004.12,No common adduct match,[M+H]+,
securinine,C13H15NO2,202.143,S_35829770,240.1012,37.9582,,,,,,,-1.004958,-4168.11,No common adduct match,[M+K]+,
securinine,C13H15NO2,202.143,S_35829770,240.1015,37.9585,,,,,,,-1.004658,-4166.87,No common adduct match,[M+K]+,
Sedamine,C14H21NO,446.0817,S_24167579,220.1709,-225.9108,,,,,,,-1.862674,-8389.15,No common adduct match,[M-2H]2-,
Semagacestat,C19H27N3O4,182.9799,MTBLS11904,394.2304,211.2505,,,,,,,5.281382,13578.6,No common adduct match,[2M+Na]+,
Senkyunolide N,C12H18O4,202.1205,MTBLS11904,207.1024,4.9819,,,,,,,3.974624,19567.11,No common adduct match,[M+H]+,
Serine,C3H7NO3,361.2002,S_35829770,106.0498,-255.1504,,,,,,,-73.543024,-409498.68,No common adduct match,[M-2H]2-,
Serine,C3H7NO3,361.2002,S_35829770,106.0497,-255.1505,,,,,,,-73.543124,-409499.23,No common adduct match,[M-2H]2-,
Serofendic acid,C21H34O4S,226.1205,MTBLS11904,400.2533,174.1328,,,,,,,-50.980424,-112980.08,No common adduct match,[2M-H]-,
Serotonin,C10H12N2O,176.0797,S_28880465,176.095,0.0153,,,,,,,-0.991976,-5601.63,No common adduct match,[M+H]+,
Serotonin,C10H12N2O,176.0797,S_28880465,176.0933,0.0136,,,,,,,-0.993676,-5611.23,No common adduct match,[M+H]+,
Serotonin,C10H12N2O,176.0797,MTBLS11904,218.1284,42.0487,[M+ACN+H]+,+,1,1,218.113525,42.033825,0.014875,68.2,Matched,[M+ACN+H]+,[M+ACN+H]+ (err 0.014875 Da)
Serylisoleucine,C9H18N2O4,204.111,MTBLS11904,217.1192,13.0082,,,,,,,-5.025623,-22623.18,No common adduct match,[M+NH4]+,
Seryltyrosine,C12H16N2O5,105.0426,MTBLS11904,251.1022,146.0596,,,,,,,2.053842,8246.76,No common adduct match,[2M+K]+,
Sesamol,C7H6O3,382.2178,MTBLS11904,183.0297,-199.1881,,,,,,,-7.071924,-37200.75,No common adduct match,[M-2H]2-,
Sesartemin,C23H26O8,176.095,MTBLS11904,451.1407,275.0457,,,,,,,39.936849,97121.78,No common adduct match,[2M+CH3COO]-,
Silymonin,C25H22O9,268.1059,MTBLS11904,505.0918,236.9859,,,,,,,-30.112724,-56263.96,No common adduct match,[2M-H]-,
Simonin V,C66H116O24,138.0317,MTBLS11904,658.3918,520.3601,,,,,,,323.314549,964895.55,No common adduct match,[2M+CH3COO]-,
Sinapyl alcohol,C11H14O4,430.1628,MTBLS11904,252.1226,-178.0402,,,,,,,14.051982,59024.43,No common adduct match,[M+2Na]2+,
Sisomicin sulfate,C38H84N10O34S5,466.1264,MTBLS11904,448.2742,-17.8522,,,,,,,-0.848912,-1890.15,No common adduct match,[M+H-H2O]+,
Skimmin,C15H16O8,1292.786,MTBLS11904,647.1598,-645.6262,,,,,,,-0.240476,-371.45,No common adduct match,[M+2H]2+,
SM d34:2,C39H77N2O6P,716.5832,MTBLS11904,745.5491,28.9659,,,,,,,5.976682,8081.27,No common adduct match,[M+Na]+,
SM(d16:1/17:0),C38H77N2O6P,758.6302,MTBLS11904,733.549,-25.0812,,,,,,,-6.063359,-8198.02,No common adduct match,[M-H2O-H]-,
SM(d18:1/14:0),C37H75N2O6P,756.6145,MTBLS11904,675.5424,-81.0721,,,,,,,-46.058247,-63827.89,No common adduct match,[M+H-2H2O]+,
Soblidotin,C39H67N5O6,814.6928,MTBLS11904,746.5117,-68.1811,,,,,,,-33.167247,-42539.62,No common adduct match,[M+H-2H2O]+,
Sodium Tetradecyl Sulfate,C14H29NaO4S,826.6928,MTBLS11904,293.1789,-533.5139,,,,,,,-119.160224,-288985.97,No common adduct match,[M-2H]2-,
Solutol HS 15,C20H43NO4,688.5519,MTBLS11904,362.3256,-326.2263,,,,,,,-4.939568,-13449.6,No common adduct match,[M+2Na]2+,
Sonchuionoside C,C19H30O8,674.5363,MTBLS11904,431.1921,-243.3442,,,,,,,70.934732,196900.16,No common adduct match,[M+2Na]2+,
Sophoramine,C15H20N2O,701.5091,MTBLS11904,262.1904,-439.3187,,,,,,,-87.556874,-250343.26,No common adduct match,[M-2H]2-,
Sorbitan stearate,C24H46O6,316.1684,MTBLS11904,475.3259,159.1575,,,,,,,95.141733,250251.7,No common adduct match,[M+ACN+Na]+,
Sordarin,C27H40O8,361.3192,MTBLS11904,515.2613,153.9421,,,,,,,89.926333,211424.74,No common adduct match,[M+ACN+Na]+,
Soyasapogenol C,C30H48O2,386.1941,MTBLS11904,485.3608,99.1667,,,,,,,35.150933,78076.77,No common adduct match,[M+ACN+Na]+,
Soyasapogenol D,C31H52O3,244.1576,MTBLS11904,517.3887,273.2311,,,,,,,-5.895902,-11267.1,No common adduct match,[2M+Cl]-,
Soyasapogenol E,C30H48O3,430.3294,MTBLS11904,495.328,64.9986,,,,,,,0.982833,1988.15,No common adduct match,[M+ACN+Na]+,
Sparfosic acid,C6H10NO8P,492.2723,MTBLS11904,555.0244,62.7521,,,,,,,-1.263667,-2271.61,No common adduct match,[M+ACN+Na]+,
Sphinganine,C18H39NO2,472.3916,MTBLS11904,302.3048,-170.0868,,,,,,,43.119782,166366.8,No common adduct match,[M+2Na]2+,
Sphinganine 1-phosphate,C18H40NO5P,456.3603,MTBLS11904,399.2958,-57.0645,,,,,,,-22.050647,-52333.77,No common adduct match,[M+H-2H2O]+,
Sphingosine,C18H37NO2,255.0144,MTBLS11904,300.2891,45.2747,,,,,,,0.276499,921.62,No common adduct match,[M+FA-H]- / [M+HCOO]-,
Sphingosine 1-phosphate (d19:1-P),C19H42NO5P,145.1579,MTBLS11904,437.3113,292.1534,,,,,,,87.981649,251858.52,No common adduct match,[2M+CH3COO]-,
Sphingosine-1-phosphate,C18H38NO5P,301.2981,MTBLS11904,380.2553,78.9572,,,,,,,14.941433,40900.26,No common adduct match,[M+ACN+Na]+,
Sphingosine-1-phosphate,C18H38NO5P,301.2981,MTBLS11904,380.2555,78.9574,,,,,,,14.941633,40900.81,No common adduct match,[M+ACN+Na]+,
Sphingosylphosphorylcholine,C23H49N2O5P,381.2644,MTBLS11904,482.3677,101.1033,,,,,,,37.087533,83290.33,No common adduct match,[M+ACN+Na]+,
Spirorenone,C24H28O3,299.2824,MTBLS11904,329.1925,29.9101,,,,,,,-5.059302,-15136.2,No common adduct match,[M+Cl]-,
Spiroxamine,C18H35NO2,395.2801,MTBLS11904,342.2645,-53.0156,,,,,,,-18.001747,-49967.9,No common adduct match,[M+H-2H2O]+,
Spongothymidine,C10H14N2O6,379.2488,MTBLS11904,303.0831,-76.1657,,,,,,,-41.151847,-119545.81,No common adduct match,[M+H-2H2O]+,
Statine,C8H17NO3,464.3379,MTBLS11904,158.1173,-306.2206,,,,,,,-73.044374,-315988.25,No common adduct match,[M-2H]2-,
Stavudine,C10H12N2O4,364.2038,MTBLS11904,261.0289,-103.1749,,,,,,,55.937782,272746,No common adduct match,[M+2Na]2+,
Stearaldehyde,C18H36O,297.2668,MTBLS11904,313.2745,16.0077,,,,,,,-2.026123,-6426,No common adduct match,[M+NH4]+,
Stearoyllactic acid,C21H40O4,175.1208,MTBLS11904,377.2672,202.1464,,,,,,,4.036382,10814.71,No common adduct match,[2M+Na]+,
Stenocereol,C28H46O2,224.0797,MTBLS11904,459.346,235.2663,,,,,,,-6.847223,-14687.52,No common adduct match,[2M+NH4]+,
Stercobilin,C33H46N4O6,268.2766,MTBLS11904,595.3472,327.0706,,,,,,,-0.219851,-369.15,No common adduct match,[2M+CH3COO]-,
Sterigmatocystin,C18H12O6,284.2715,MTBLS11904,289.0489,4.7774,,,,,,,3.770124,13215.58,No common adduct match,[M+H]+,
Steviobioside,C32H50O13,356.2927,MTBLS11904,623.3119,267.0192,,,,,,,-88.266224,-124042.91,No common adduct match,[2M-H]-,
Stigmastanediol,C29H52O2,414.3498,MTBLS11904,477.3945,63.0447,,,,,,,-0.971067,-2029.97,No common adduct match,[M+ACN+Na]+,
Stigmastentriol,C29H50O3,594.3417,MTBLS11904,491.3744,-102.9673,,,,,,,-67.953447,-121491.26,No common adduct match,[M+H-2H2O]+,
Stilbene,C14H12,324.0634,MTBLS11904,198.1273,-125.9361,,,,,,,13.106382,70837.3,No common adduct match,[M+2Na]2+,
Stizolamine,C7H11N5O2,642.3251,MTBLS11904,180.0875,-462.2376,,,,,,,-140.067774,-437499.5,No common adduct match,[M-2H]2-,
Streptomycin sulfate,C42H84N14O36S3,446.376,MTBLS11904,602.2371,155.8611,,,,,,,91.845333,179950.66,No common adduct match,[M+ACN+Na]+,
Subaphylline,C14H20N2O3,180.0939,MTBLS11904,247.1437,67.0498,,,,,,,3.034033,12428.98,No common adduct match,[M+ACN+Na]+,
Suberic Acid,C8H14O4,197.0913,MTBLS11904,173.0818,-24.0095,,,,,,,-4.991659,-28031.46,No common adduct match,[M-H2O-H]-,
Succinic acid,C4H6O4,342.1053,MTBLS11904,117.0192,-225.0861,,,,,,,-53.026174,-311835.44,No common adduct match,[M-2H]2-,
Succinic acid semialdehyde,C4H6O3,1456.433,MTBLS11904,101.0243,-1355.4087,,,,,,,-626.184924,-861079.46,No common adduct match,[M-2H]2-,
Succinic anhydride,C4H4O3,264.1474,MTBLS11904,99.0087,-165.1387,,,,,,,-32.057724,-244591.43,No common adduct match,[M-2H]2-,
Sucralose,C12H19Cl3O8,174.0892,MTBLS11904,432.9655,258.8763,,,,,,,25.773249,63295.04,No common adduct match,[2M+CH3COO]-,
Sulbactam,C8H11NO5S,102.0317,MTBLS11904,232.0282,129.9965,,,,,,,4.975582,21913.78,No common adduct match,[2M+Na]+,
Sulfadimidine,C12H14N4O2S,100.016,MTBLS11904,279.0928,179.0768,,,,,,,20.046949,77387.65,No common adduct match,[2M+CH3COO]-,
Sulfolithocholylglycine,C26H43NO7S,396.0146,MTBLS11904,512.268,116.2534,,,,,,,52.237633,113552.58,No common adduct match,[M+ACN+Na]+,
Sulfometuron methyl,C15H16N4O5S,342.1162,S_24167579,365.092,22.9758,[M+Na]+,+,1,1,365.105418,22.989218,-0.013418,-36.75,Matched,[M+Na]+,[M+Na]+ (err -0.013418 Da)
Sulfosuccinimidyl 6-(biotinamido)hexanoate,C20H30N4O9S2,233.0358,MTBLS11904,515.1303,282.0945,,,,,,,4.060499,7945.1,No common adduct match,[2M+FA-H]- / [2M+HCOO]-,
Sulfuric acid 4-methoxyphenyl ester,C7H8O5S,278.0837,MTBLS11904,203.0017,-75.082,,,,,,,-40.068147,-164842.11,No common adduct match,[M+H-2H2O]+,
Tamsulosin,C20H28N2O5S,513.276,MTBLS11904,447.1331,-66.1429,,,,,,,-31.129047,-65087.83,No common adduct match,[M+H-2H2O]+,
Tanacetol A,C17H26O4,364.0841,MTBLS11904,312.2162,-51.8679,,,,,,,-16.854047,-51217.17,No common adduct match,[M+H-2H2O]+,
Tangeraxanthin,C34H44O2,534.1454,MTBLS11904,502.3727,-31.7727,,,,,,,3.241153,6493.58,No common adduct match,[M+H-2H2O]+,
Taribavirin,C8H13N5O4,204.0092,MTBLS11904,278.0643,74.0551,,,,,,,10.039333,37456.71,No common adduct match,[M+ACN+Na]+,
Taurine,C2H7NO3S,408.1719,S_28880465,125.0147,-283.1572,,,,,,,-78.063974,-384402.62,No common adduct match,[M-2H]2-,
Taurine,C2H7NO3S,408.1719,S_35829770,124.0074,-284.1645,,,,,,,-79.071274,-389362.76,No common adduct match,[M-2H]2-,
Taurine,C2H7NO3S,408.1719,S_35829770,126.0219,-282.15,,,,,,,-77.056774,-379442.96,No common adduct match,[M-2H]2-,
Taurine,C2H7NO3S,408.1719,S_35829770,126.0217,-282.1502,,,,,,,-77.056974,-379443.95,No common adduct match,[M-2H]2-,
Taurine,C2H7NO3S,408.1719,S_35829770,126.0218,-282.1501,,,,,,,-77.056874,-379443.46,No common adduct match,[M-2H]2-,
Taurine,C2H7NO3S,408.1719,MTBLS11904,126.0217,-282.1502,,,,,,,-77.056974,-379443.95,No common adduct match,[M-2H]2-,
Taurochenodeoxycholate-3-sulfate,C26H45NO9S2,294.1831,MTBLS11904,288.6192,-5.5639,,,,,,,-4.556624,-15542.29,No common adduct match,[M-H]-,
Taurodeoxycholic acid,C26H45NO6S,484.3341,ACS1517,498.289,13.9549,,,,,,,-4.078923,-8119.39,No common adduct match,[M+NH4]+,
Taurodeoxycholic acid,C26H45NO6S,484.3341,MTBLS11904,500.3032,15.9691,,,,,,,-2.064723,-4109.98,No common adduct match,[M+NH4]+,
Tazarotene,C21H21NO2S,243.0968,MTBLS11904,369.1663,126.0695,,,,,,,62.053733,202055.34,No common adduct match,[M+ACN+Na]+,
Tazolol,C9H16N2O2S,125.0147,MTBLS11904,455.1772,330.1625,,,,,,,146.133949,472859.21,No common adduct match,[2M+CH3COO]-,
Tecostanine,C11H21NO,579.2536,S_24167579,184.169,-395.0846,,,,,,,-104.450524,-361896.94,No common adduct match,[M-2H]2-,
Teleocidin B 2,C28H41N3O2,499.2968,MTBLS11904,472.2911,-27.0057,,,,,,,-7.987859,-16631.71,No common adduct match,[M-H2O-H]-,
Telmisartan,C33H30N4O2,351.1293,MTBLS11904,515.2463,164.117,,,,,,,100.101233,241123.5,No common adduct match,[M+ACN+Na]+,
Temafloxacin,C21H18F3N3O3,216.0932,MTBLS11904,462.0973,246.0041,,,,,,,-5.058502,-10828.3,No common adduct match,[2M+Cl]-,
Tenuazonic Acid,C10H15NO3,183.1623,MTBLS11904,215.1387,31.9764,,,,,,,-2.993002,-13721.08,No common adduct match,[M+Cl]-,
Terbutaline,C12H19NO3,451.3199,MTBLS11904,243.1698,-208.1501,,,,,,,-5.479368,-22036.54,No common adduct match,[M+2Na]2+,
Terephthalic Acid,C8H6O4,514.2369,MTBLS11904,165.0192,-349.2177,,,,,,,-91.091974,-355673.56,No common adduct match,[M-2H]2-,
Terizidone,C14H14N4O4,417.13,MTBLS11904,283.0832,-134.0468,,,,,,,51.528982,222535.28,No common adduct match,[M+2Na]2+,
Terreic acid,C7H6O4,197.1052,MTBLS11904,307.0464,109.9412,,,,,,,45.925433,175878,No common adduct match,[M+ACN+Na]+,
Tert-butyl N-[2-(prop-2-enamido)ethyl]carbamate,C10H18N2O3,225.1365,MTBLS11904,446.295,221.1585,,,,,,,-2.970724,-6612.4,No common adduct match,[2M-H]-,
Testosterone enanthate,C26H40O3,166.0266,MTBLS11904,845.5988,679.5722,,,,,,,454.531749,1162285.98,No common adduct match,[2M+CH3COO]-,
Tetrabromobisphenol A,C15H12Br4O2,302.1015,S_24167579,562.7434,260.6419,,,,,,,-40.452324,-67063.35,No common adduct match,[2M-H]-,
Tetracosanedioic acid,C24H46O4,154.0266,MTBLS11904,397.3321,243.3055,,,,,,,30.265049,82451.01,No common adduct match,[2M+CH3COO]-,
Tetradec-5-Ynoic Acid,C14H24O2,214.1317,MTBLS11904,223.1701,9.0384,,,,,,,8.031124,37329.93,No common adduct match,[M+H]+,
Tetradecanoylcarnitine,C21H41NO4,400.2977,MTBLS11904,372.31,-27.9877,,,,,,,7.026153,19234.78,No common adduct match,[M+H-2H2O]+,
Tetraethylene glycol monododecyl ether,C20H42O5,539.7571,MTBLS11904,385.2921,-154.465,,,,,,,92.424332,315583.83,No common adduct match,[M+2Na]2+,
TetraHCA,C27H46O6,398.3396,MTBLS11904,503.2821,104.9425,,,,,,,40.926733,88517.91,No common adduct match,[M+ACN+Na]+,
Tetrahydroaldosterone-3-glucuronide,C27H40O11,224.1776,MTBLS11904,539.2492,315.0716,,,,,,,31.880149,62834.24,No common adduct match,[2M+CH3COO]-,
Tetrahydrocorticosterone,C21H34O4,371.3036,MTBLS11904,371.22,-0.0836,,,,,,,0.923676,2494.43,No common adduct match,[M-H]-,
Tetrahydrocortisol,C21H34O5,362.3032,MTBLS11904,347.22,-15.0832,,,,,,,1.920088,5560.64,No common adduct match,[M+H-H2O]+,
Tetrahydrofurfuryl butyrate,C9H16O3,466.3294,MTBLS11904,195.0985,-271.2309,,,,,,,-37.058924,-159628.42,No common adduct match,[M-2H]2-,
Tetrahydropteridine,C6H8N4,540.2571,S_24167579,159.0656,-381.1915,,,,,,,-110.055674,-408944.53,No common adduct match,[M-2H]2-,
Tetrahydrothiophene sulfoxide,C4H8OS2,350.2457,MTBLS11904,105.0367,-245.209,,,,,,,-69.078874,-396741.5,No common adduct match,[M-2H]2-,
Tetralin,C10H12,366.2406,S_24167579,133.101,-233.1396,,,,,,,-49.012024,-269129.7,No common adduct match,[M-2H]2-,
Tetralin,C10H12,366.2406,MTBLS11904,174.1274,-192.1132,,,,,,,-7.985624,-43849.82,No common adduct match,[M-2H]2-,
Tetranor-12(R)-HETE,C16H26O3,172.1099,MTBLS11904,265.1805,93.0706,,,,,,,29.054833,123048.18,No common adduct match,[M+ACN+Na]+,
Tetranor-12(S)-HETE,C16H26O3,136.0749,MTBLS11904,265.1806,129.1057,,,,,,,-5.961924,-21988.15,No common adduct match,[2M-H]-,
Tetranor-12(S)-HETE,C16H26O3,136.0749,MTBLS11904,287.1609,151.086,,,,,,,-3.022723,-10416.59,No common adduct match,[2M+NH4]+,
Tetranor-PGEM,C16H24O7,136.0017,MTBLS11904,363.1194,227.1177,,,,,,,32.102149,96980.29,No common adduct match,[2M+CH3COO]-,
Tetranor-PGFM,C16H26O7,132.0939,MTBLS11904,365.1404,233.0465,,,,,,,41.938749,129760.32,No common adduct match,[2M+CH3COO]-,
Thalidomide,C13H10N2O4,862.7989,MTBLS11904,773.1825,-89.6164,,,,,,,-54.602547,-65962.23,No common adduct match,[M+H-2H2O]+,
Theasapogenol E,C30H48O6,874.7989,MTBLS11904,503.3355,-371.4634,,,,,,,42.946832,93283.86,No common adduct match,[M+2Na]2+,
Theasaponin F1,C20H14O7,868.752,MTBLS11904,403.0239,-465.7281,,,,,,,-30.344824,-70020.8,No common adduct match,[M-2H]2-,
Theobromine,C7H8N4O2,888.8146,S_35829770,181.0718,-707.7428,,,,,,,-262.328224,-591628.8,No common adduct match,[M-2H]2-,
Theophylline,C7H8N4O2,258.0641,S_28880465,180.0647,-77.9994,,,,,,,28.043432,184470.45,No common adduct match,[M+2Na]2+,
Theophylline,C7H8N4O2,258.0641,S_28880465,180.0649,-77.9992,,,,,,,28.043632,184471.77,No common adduct match,[M+2Na]2+,
Theophylline,C7H8N4O2,258.0641,S_28880465,305.2608,47.1967,,,,,,,2.198499,7254.28,No common adduct match,[M+FA-H]- / [M+HCOO]-,
Theophylline,C7H8N4O2,258.0641,S_35829770,179.0576,-79.0065,,,,,,,27.036332,177845.72,No common adduct match,[M+2Na]2+,
Theophylline,C7H8N4O2,258.0641,S_35829770,181.0718,-76.9923,,,,,,,29.050532,191095.18,No common adduct match,[M+2Na]2+,
Theophylline,C7H8N4O2,258.0641,MTBLS11904,179.0572,-79.0069,,,,,,,27.035932,177843.09,No common adduct match,[M+2Na]2+,
Therafectin,C14H28ClNO6,504.3451,MTBLS11904,350.1813,-154.1638,,,,,,,75.019532,272637.92,No common adduct match,[M+2Na]2+,
"Thiazole, 4,5-dihydro-2,4,4-trimethyl-",C6H11NS,366.074,MTBLS11904,174.0335,-192.0405,,,,,,,-7.996224,-43928.12,No common adduct match,[M-2H]2-,
Thiazoline,C3H5NS,180.0647,MTBLS11904,88.0214,-92.0433,,,,,,,-1.003674,-11274.05,No common adduct match,[M-2H]2-,
Thioapfelsaure,C4H6O3S,180.0647,MTBLS11904,313.004,132.9393,,,,,,,-46.118124,-128419.05,No common adduct match,[2M-H]-,
Thiocolchicoside,C27H33NO10S,341.1605,MTBLS11904,598.1513,256.9908,,,,,,,-83.162424,-122061.86,No common adduct match,[2M-H]-,
Thiodiacetic acid,C4H6O4S,129.0612,MTBLS11904,192.0322,62.971,,,,,,,-1.044767,-5411.14,No common adduct match,[M+ACN+Na]+,
Thiodiglycol,C4H10O2S,87.01427,MTBLS11904,105.0367,18.02243,[M+NH4]+,+,1,1,105.048093,18.033823,-0.011393,-108.46,Matched,[M+NH4]+,[M+NH4]+ (err -0.011393 Da)
Thiopalmitic Acid,C16H32OS,134.0038,MTBLS11904,589.4371,455.4333,,,,,,,262.415649,802441.7,No common adduct match,[2M+CH3COO]-,
Thiotepa,C6H12N3PS,563.1825,MTBLS11904,210.0228,-353.1597,,,,,,,-70.561174,-251479.7,No common adduct match,[M-2H]2-,
Thiram,C6H12N2S4,149.9987,MTBLS11904,240.9952,90.9965,,,,,,,26.980733,126069.67,No common adduct match,[M+ACN+Na]+,
Thr Arg Thr,C14H28N6O6,122.0402,MTBLS11904,359.203,237.1628,,,,,,,56.108749,185119.81,No common adduct match,[2M+CH3COO]-,
Threonine,C4H9NO3,190.0954,S_35829770,120.0654,-70.03,,,,,,,2.028482,17185.15,No common adduct match,[M+2Na]2+,
Threonine,C4H9NO3,190.0954,S_35829770,120.0655,-70.0299,,,,,,,2.028582,17186,No common adduct match,[M+2Na]2+,
Threonylproline,C9H16N2O4,247.1168,MTBLS11904,431.2136,184.0968,,,,,,,-62.012724,-125728.74,No common adduct match,[2M-H]-,
Thromboxane B3,C20H32O6,218.1267,MTBLS11904,413.2176,195.0909,,,,,,,-22.028524,-50611.65,No common adduct match,[2M-H]-,
Thymol Sulfate,C10H14O4S,122.0579,MTBLS11904,229.0537,106.9958,,,,,,,-14.054824,-57812.96,No common adduct match,[2M-H]-,
THYMOLPHTHALEIN,C28H30O4,119.0582,MTBLS11904,413.2112,294.153,,,,,,,116.080949,390673.61,No common adduct match,[2M+CH3COO]-,
Thymoquinone,C10H12O2,216.111,MTBLS11904,209.0816,-7.0294,,,,,,,-6.022124,-27996.37,No common adduct match,[M-H]-,
Thyroxine,C15H11I4NO4,368.2199,MTBLS11904,777.692,409.4721,,,,,,,2.289042,2952.07,No common adduct match,[2M+K]+,
TIC10,C24H26N4O,230.0613,MTBLS11904,404.2482,174.1869,,,,,,,-54.867124,-119506.19,No common adduct match,[2M-H]-,
Tiglic acid,C5H8O2,430.2144,MTBLS11904,199.0974,-231.117,,,,,,,-15.002524,-70072.53,No common adduct match,[M-2H]2-,
Tiglylcarnitine,C12H21NO4,164.0837,ST003159,244.1542,80.0705,,,,,,,16.054733,70384.79,No common adduct match,[M+ACN+Na]+,
Tilmicosin,C46H80N2O13,776.6867,MTBLS11904,446.2777,-330.409,,,,,,,34.945132,84955.91,No common adduct match,[M+2Na]2+,
Tirofiban,C22H36N2O5S,386.2107,MTBLS11904,441.2424,55.0317,,,,,,,-3.982151,-8944.14,No common adduct match,[M+CH3COO]-,
Tirofiban,C22H36N2O5S,386.2107,ST003159,439.22,53.0093,,,,,,,-6.004551,-13486.57,No common adduct match,[M+CH3COO]-,
Tocainide,C11H16N2O,100.0524,MTBLS11904,225.1593,125.1069,,,,,,,2.065282,9257.45,No common adduct match,[2M+Na]+,
Toddalolactone,C16H20O6,243.1471,S_35829770,309.1296,65.9825,,,,,,,1.966733,6402.9,No common adduct match,[M+ACN+Na]+,
Tolmetin,C15H15NO3,868.566,MTBLS11904,299.1386,-569.4274,,,,,,,-134.137124,-309588.37,No common adduct match,[M-2H]2-,
Toloxatone,C11H13NO3,440.2345,S_35829770,206.0822,-234.1523,,,,,,,-13.027774,-59457.69,No common adduct match,[M-2H]2-,
Torvoside G,C34H56O9,192.1263,MTBLS11904,607.386,415.2597,,,,,,,164.119549,370250.33,No common adduct match,[2M+CH3COO]-,
Tranexamic Acid,C8H15NO2,257.1052,MTBLS11904,140.1068,-116.9984,,,,,,,-0.444047,-3159.34,No common adduct match,[M+H+Na]2+,
"Trans-2, 3, 4-Trimethoxycinnamate",C12H14O5,207.0895,MTBLS11904,302.1017,95.0122,,,,,,,30.996433,114333.57,No common adduct match,[M+ACN+Na]+,
Trans-3-Chloroacrylic acid,C3H3ClO2,608.3924,MTBLS11904,316.9363,-291.4561,,,,,,,0.741853,2346.19,No common adduct match,[M+H+Na]2+,
Trans-3-hydroxy-L-proline,C5H9NO3,202.143,MTBLS11904,112.0403,-90.1027,,,,,,,-0.022171,-197.84,No common adduct match,[M-H+Na]2-,
Trans-4-Aminocyclohexanecarboxylic acid,C7H13NO2,157.1103,MTBLS11904,304.2225,147.1122,,,,,,,-8.990824,-28705.11,No common adduct match,[2M-H]-,
Trans-4-Hydroxycyclohexylacetic acid,C8H14O3,238.0841,MTBLS11904,191.1275,-46.9566,,,,,,,-11.942747,-58810.92,No common adduct match,[M+H-2H2O]+,
Trans-Aconitic Acid,C6H6O6,105.9822,MTBLS11904,154.9985,49.0163,,,,,,,4.018099,26613.38,No common adduct match,[M+FA-H]- / [M+HCOO]-,
Trans-Caffeic acid [apiosyl-(1->6)-glucosyl] ester,C20H26O13,131.0582,MTBLS11904,495.1155,364.0573,,,,,,,173.985249,541790.28,No common adduct match,[2M+CH3COO]-,
trans-Ferulic acid,C10H10O4,158.0943,ACS1517,195.066,36.9717,,,,,,,0.023095,118.41,No common adduct match,[M+K-2H]-,
"Trans-p-Menthane-7,8-diol 7-glucoside",C16H30O7,174.0164,MTBLS11904,299.1822,125.1658,,,,,,,-47.843324,-137866.87,No common adduct match,[2M-H]-,
trans-traumatic acid,C12H20O4,474.1373,MTBLS11904,227.1286,-247.0087,,,,,,,-8.932774,-37840.89,No common adduct match,[M-2H]2-,
Traumatin,C12H20O3,194.0579,MTBLS11904,257.1391,63.0812,,,,,,,-0.934567,-3621.32,No common adduct match,[M+ACN+Na]+,
Triacetic acid,C6H8O4,334.1992,MTBLS11904,143.0349,-191.1643,,,,,,,-23.057424,-138822.93,No common adduct match,[M-2H]2-,
Tributyl citrate,C18H32O7,228.1362,MTBLS11904,383.2032,155.067,,,,,,,-72.061924,-158285.62,No common adduct match,[2M-H]-,
Tributyrylglycerol,C15H26O6,219.112,MTBLS11904,347.1713,128.0593,,,,,,,64.043533,226200.11,No common adduct match,[M+ACN+Na]+,
Trichlormethiazide,C8H8Cl3N3O4S2,212.1412,S_24167579,401.8946,189.7534,,,,,,,-21.380524,-50512.12,No common adduct match,[2M-H]-,
Tridecanoic acid,C13H26O2,144.0423,MTBLS11904,259.1648,115.1225,,,,,,,-27.912524,-97229.98,No common adduct match,[2M-H]-,
Tridecanoylcarnitine,C20H39NO4,360.2148,MTBLS11904,358.2945,-1.9203,,,,,,,-0.913024,-2541.77,No common adduct match,[M-H]-,
Triethanolamine,C6H15NO3,302.1729,S_35829770,150.1123,-152.0606,,,,,,,0.033126,220.73,No common adduct match,[M-2H]2-,
TRIETHYLENE GLYCOL,C6H14O4,378.9022,MTBLS11904,342.2117,-36.6905,,,,,,,-1.676647,-4875.56,No common adduct match,[M+H-2H2O]+,
Trifluoroacetic acid,C2HF3O2,214.1933,MTBLS11904,112.9855,-101.2078,,,,,,,4.881574,45156.3,No common adduct match,[M+2H]2+,
Trifolirhizin,C22H22O10,357.2879,MTBLS11904,481.0932,123.8053,,,,,,,59.789533,141915.53,No common adduct match,[M+ACN+Na]+,
Trigonelline,C7H7NO2,149.1052,S_33485385,138.0548,-11.0504,,,,,,,5.952888,45062.85,No common adduct match,[M+H-H2O]+,
Trigonelline,C7H7NO2,149.1052,S_35829770,138.0547,-11.0505,,,,,,,5.952788,45062.09,No common adduct match,[M+H-H2O]+,
Trigonelline,C7H7NO2,149.1052,S_35829770,138.0548,-11.0504,,,,,,,5.952888,45062.85,No common adduct match,[M+H-H2O]+,
Trigonelline,C7H7NO2,149.1052,MTBLS11904,138.0547,-11.0505,,,,,,,5.952788,45062.09,No common adduct match,[M+H-H2O]+,
Trigonelline,C7H7NO2,149.1052,ST003159,138.055,-11.0502,,,,,,,5.953088,45064.36,No common adduct match,[M+H-H2O]+,
TRIMETAZIDINE,C14H22N2O3,150.0892,MTBLS11904,289.1508,139.0616,,,,,,,-10.020324,-33493.62,No common adduct match,[2M-H]-,
Trimethylamine N-oxide,C3H9NO,446.1213,S_35829770,76.07565,-370.04565,,,,,,,-145.977724,-657399.26,No common adduct match,[M-2H]2-,
Trimethylamine N-oxide,C3H9NO,446.1213,S_35829770,76.07564,-370.04566,,,,,,,-145.977734,-657399.31,No common adduct match,[M-2H]2-,
Trimethylamine N-oxide,C3H9NO,446.1213,S_35829770,76.0757,-370.0456,,,,,,,-145.977674,-657399.04,No common adduct match,[M-2H]2-,
Trimethylamine N-oxide,C3H9NO,446.1213,S_35829770,76.07563,-370.04567,,,,,,,-145.977744,-657399.35,No common adduct match,[M-2H]2-,
Trimethylamine N-oxide,C3H9NO,446.1213,MTBLS11904,76.0756,-370.0457,,,,,,,-145.977774,-657399.49,No common adduct match,[M-2H]2-,
Trimethylenediaminetetraacetic acid,C11H18N2O8,137.0477,MTBLS11904,305.0985,168.0508,,,,,,,-3.966302,-12833.24,No common adduct match,[2M+Cl]-,
Tris(2-chloroethyl) phosphate,C6H12Cl3O4P,266.163,MTBLS11904,328.9548,62.7918,,,,,,,-1.223967,-3706.98,No common adduct match,[M+ACN+Na]+,
Trisjuglone,C30H12O9,290.1379,MTBLS11904,515.0382,224.9003,,,,,,,-64.230324,-110881.78,No common adduct match,[2M-H]-,
Trocimine,C17H25NO4,75.06841,MTBLS11904,328.1511,253.08269,,,,,,,119.000429,568969.86,No common adduct match,[2M+CH3COO]-,
Tropine,C8H15NO,306.1063,MTBLS11904,283.2374,-22.8689,,,,,,,-3.851059,-13414.19,No common adduct match,[M-H2O-H]-,
Tropinone,C8H13NO,283.9539,MTBLS11904,184.0978,-99.8561,,,,,,,19.131632,115973.06,No common adduct match,[M+2Na]2+,
Trp Leu,C17H23N3O3,516.0481,MTBLS11904,318.1807,-197.8674,,,,,,,37.167432,132262.2,No common adduct match,[M+2Na]2+,
Tryptophan,C11H12N2O2,141.1154,S_28880465,204.0899,62.9745,,,,,,,-1.041267,-5076.1,No common adduct match,[M+ACN+Na]+,
Tryptophan,C11H12N2O2,141.1154,S_35829770,205.0968,63.9814,,,,,,,-0.034367,-167.54,No common adduct match,[M+ACN+Na]+,
Tryptophan,C11H12N2O2,141.1154,S_35829770,205.097,63.9816,,,,,,,-0.034167,-166.56,No common adduct match,[M+ACN+Na]+,
Tryptophan,C11H12N2O2,141.1154,S_35829770,205.0966,63.9812,,,,,,,-0.034567,-168.51,No common adduct match,[M+ACN+Na]+,
Tryptophan,C11H12N2O2,141.1154,MTBLS11904,246.1233,105.0079,,,,,,,-35.100224,-124812.54,No common adduct match,[2M-H]-,
tryptophanamide,C11H13N3O,139.0997,MTBLS11904,204.1128,65.0131,,,,,,,0.997333,4910.18,No common adduct match,[M+ACN+Na]+,
Tryptophyl-Glycine,C13H15N3O3,317.1739,MTBLS11904,242.0932,-75.0807,,,,,,,-40.066847,-142000.43,No common adduct match,[M+H-2H2O]+,
Tryptophyl-Isoleucine,C17H23N3O3,416.329,MTBLS11904,354.1222,-62.2068,,,,,,,-27.192947,-71313.58,No common adduct match,[M+H-2H2O]+,
Tryptophyl-Leucine,C17H23N3O3,204.0899,MTBLS11904,356.1365,152.0466,,,,,,,-51.036024,-125342.5,No common adduct match,[2M-H]-,
Tryptophyl-Phenylalanine,C20H21N3O3,203.1059,MTBLS11904,350.1506,147.0447,,,,,,,-55.053924,-135867,No common adduct match,[2M-H]-,
Tryptophyl-Serine,C14H17N3O4,261.1113,MTBLS11904,336.1198,75.0085,,,,,,,10.992733,33810.57,No common adduct match,[M+ACN+Na]+,
Tubastatin A,C20H21N3O2,317.1739,MTBLS11904,370.1346,52.9607,,,,,,,-6.053151,-16090.77,No common adduct match,[M+CH3COO]-,
Tuberoside,C34H56O8,317.1739,MTBLS11904,610.4302,293.2563,,,,,,,-22.910324,-36173.78,No common adduct match,[2M-H]-,
Tulathromycin A,C41H79N3O12,351.1583,MTBLS11904,850.5593,499.401,,,,,,,89.228849,117201.21,No common adduct match,[2M+CH3COO]-,
Tumonoic Acid H,C26H45NO7,291.1219,S_24167579,484.327,193.2051,,,,,,,-96.909524,-166729.93,No common adduct match,[2M-H]-,
Tyramine,C8H11NO,592.3975,MTBLS11904,120.0805,-472.317,,,,,,,-175.110974,-593211.49,No common adduct match,[M-2H]2-,
Tyrosine,C9H11NO3,805.5664,S_35829770,182.0809,-623.4855,,,,,,,-219.695024,-546809.83,No common adduct match,[M-2H]2-,
Tyrosine,C9H11NO3,805.5664,S_35829770,182.0811,-623.4853,,,,,,,-219.694824,-546809.33,No common adduct match,[M-2H]2-,
Tyrosol,C8H10O2,483.3196,MTBLS11904,183.0661,-300.2535,,,,,,,-57.586424,-239292.83,No common adduct match,[M-2H]2-,
Tyrosol 4-sulfate,C8H10O5S,238.0954,MTBLS11904,217.0174,-21.078,,,,,,,-2.060159,-9403.79,No common adduct match,[M-H2O-H]-,
Tyrosyl-Asparagine,C13H17N3O5,137.0841,MTBLS11904,316.0934,179.0093,,,,,,,2.962042,9459.42,No common adduct match,[2M+K]+,
Tyrphostin 23,C10H6N2O2,181.0739,MTBLS11904,417.0816,236.0077,,,,,,,-4.080051,-9687.61,No common adduct match,[2M+CH3COO]-,
Ubiquinol-8,C49H76O4,138.0681,MTBLS11904,794.6033,656.5352,,,,,,,459.453249,1370888.2,No common adduct match,[2M+CH3COO]-,
Ubiquinone 1,C14H18O4,218.0249,S_33485385,251.1263,33.1014,,,,,,,-1.868002,-7383.57,No common adduct match,[M+Cl]-,
Ubiquinone 1,C14H18O4,218.0249,ST003159,251.2,33.1751,,,,,,,-1.794302,-7092.26,No common adduct match,[M+Cl]-,
"Undeca-5,7-dienoylcarnitine",C18H31NO4,186.0429,MTBLS11904,358.258,172.2151,,,,,,,-12.820524,-34549.35,No common adduct match,[2M-H]-,
Undecanoylcarnitine,C18H35NO4,728.5744,MTBLS11904,330.2632,-398.3112,,,,,,,-33.016724,-90885.08,No common adduct match,[M-2H]2-,
Uracil,C4H4N2O2,250.1205,S_35829770,113.0343,-137.0862,,,,,,,-11.018674,-88822.33,No common adduct match,[M-2H]2-,
Uracil,C4H4N2O2,250.1205,MTBLS11904,113.0344,-137.0861,,,,,,,-11.018574,-88821.52,No common adduct match,[M-2H]2-,
Urea,CH4N2O,241.9885,S_35829770,61.03976,-180.94874,,,,,,,-58.947214,-491280.11,No common adduct match,[M-2H]2-,
Urea,CH4N2O,241.9885,S_35829770,61.0397,-180.9488,,,,,,,-58.947274,-491280.61,No common adduct match,[M-2H]2-,
Urea,CH4N2O,241.9885,S_35829770,61.03973,-180.94877,,,,,,,-58.947244,-491280.36,No common adduct match,[M-2H]2-,
Uric acid,C5H4N4O3,325.2253,S_35829770,169.0354,-156.1899,,,,,,,-4.568221,-26314.09,No common adduct match,[M-H+Na]2-,
Uric acid,C5H4N4O3,325.2253,MTBLS11904,167.0208,-158.2045,,,,,,,3.400874,20785.2,No common adduct match,[M+2H]2+,
Uridine,C9H12N2O6,329.2566,S_28880465,244.0695,-85.1871,,,,,,,-50.173247,-170516.51,No common adduct match,[M+H-2H2O]+,
Uridine,C9H12N2O6,329.2566,S_33485385,243.0632,-86.1934,,,,,,,-51.179547,-173936.48,No common adduct match,[M+H-2H2O]+,
Uridine,C9H12N2O6,329.2566,MTBLS11904,279.0386,-50.218,,,,,,,-15.204147,-51672.12,No common adduct match,[M+H-2H2O]+,
Uridine,C9H12N2O6,329.2566,ST003159,243.06,-86.1966,,,,,,,-51.182747,-173947.35,No common adduct match,[M+H-2H2O]+,
"Uridine 2',3'-cyclic phosphate",C9H11N2O8P,112.0273,MTBLS11904,327.0007,214.9734,,,,,,,43.932249,155200.09,No common adduct match,[2M+CH3COO]-,
Uridine 2'-phosphate,C9H13N2O9P,60.03236,MTBLS11904,289.0238,228.99144,,,,,,,109.945229,613949.67,No common adduct match,[2M+CH3COO]-,
Urobilin,C33H42N4O6,168.0283,MTBLS11904,589.3026,421.2743,,,,,,,194.232149,491639.27,No common adduct match,[2M+CH3COO]-,
Urocanic acid,C6H6N2O2,244.0695,S_28880465,138.0429,-106.0266,,,,,,,4.009903,29917.28,No common adduct match,[M+H+Na]2+,
Urocanic acid,C6H6N2O2,244.0695,S_28880465,237.0839,-6.9856,,,,,,,-5.978324,-24595.86,No common adduct match,[M-H]-,
Urocanic acid,C6H6N2O2,244.0695,MTBLS11904,156.0765,-87.993,,,,,,,11.052532,76211.76,No common adduct match,[M+2Na]2+,
Vaccenic acid,C18H34O2,306.0253,MTBLS11904,623.5244,317.4991,,,,,,,-6.560023,-10411.34,No common adduct match,[2M+NH4]+,
Val-Cit,C11H22N4O4,324.0359,MTBLS11904,292.1972,-31.8387,,,,,,,3.175153,10985.85,No common adduct match,[M+H-2H2O]+,
Valaciclovir,C13H20N6O4,274.1641,MTBLS11904,361.1053,86.9412,,,,,,,22.925433,67790.65,No common adduct match,[M+ACN+Na]+,
Valeric acid,C5H10O2,174.1004,S_29518718,120.1024,-53.998,,,,,,,10.062982,91448.88,No common adduct match,[M+2Na]2+,
Validamycin A,C20H35NO13,245.1739,MTBLS11904,480.212,235.0381,,,,,,,-9.128524,-18654.75,No common adduct match,[2M-H]-,
Valine,C5H11NO2,218.1267,S_35829770,118.0861,-100.0406,,,,,,,-1.968221,-16394.42,No common adduct match,[M-H+Na]2-,
Valine,C5H11NO2,218.1267,S_35829770,118.086,-100.0407,,,,,,,-1.968321,-16395.25,No common adduct match,[M-H+Na]2-,
Valtrate,C22H30O8,324.1546,MTBLS11904,211.0609,-113.0937,,,,,,,25.994382,140459.67,No common adduct match,[M+2Na]2+,
Valyl-prolyl-glycyl-valyl-glycine,C19H33N5O6,102.0681,MTBLS11904,408.2262,306.1581,,,,,,,145.076149,551305.8,No common adduct match,[2M+CH3COO]-,
Valyl-Valine,C9H12N2O6,497.2108,S_28880465,216.1461,-281.0647,,,,,,,-31.452024,-127028.52,No common adduct match,[M-2H]2-,
Valylhydroxyproline,C10H18N2O4,117.079,MTBLS11904,478.2849,361.2059,,,,,,,185.113049,631414.81,No common adduct match,[2M+CH3COO]-,
Valyltyrosine,C14H20N2O4,422.1941,MTBLS11904,263.1386,-159.0555,,,,,,,29.052332,124109.51,No common adduct match,[M+2Na]2+,
Vanillactic acid,C10H12O5,427.2431,S_29518718,195.066,-232.1771,,,,,,,-17.548274,-82535.73,No common adduct match,[M-2H]2-,
Vanillactic acid,C10H12O5,427.2431,ACS1517,211.06,-216.1831,,,,,,,-1.554274,-7310.3,No common adduct match,[M-2H]2-,
Vanillic acid,C8H8O4,244.0695,S_28880465,168.0423,-76.0272,,,,,,,23.018332,158720.88,No common adduct match,[M+2Na]2+,
Vanillic acid,C8H8O4,244.0695,S_28880465,168.0418,-76.0277,,,,,,,23.017832,158717.43,No common adduct match,[M+2Na]2+,
Vanillic acid,C8H8O4,244.0695,S_28880465,198.0518,-46.0177,,,,,,,-11.003847,-52635.97,No common adduct match,[M+H-2H2O]+,
Vanillic acid,C8H8O4,244.0695,S_35829770,167.0349,-77.0346,,,,,,,22.010932,151774.44,No common adduct match,[M+2Na]2+,
Vanillic acid 4-O-glucuronide,C14H16O10,230.1267,MTBLS11904,343.0668,112.9401,,,,,,,48.924333,166328.7,No common adduct match,[M+ACN+Na]+,
Vanillin,C8H8O3,280.1423,S_28880465,152.0456,-128.0967,,,,,,,-0.023797,-156.49,No common adduct match,[M+H+Na]2+,
Vanillin,C8H8O3,280.1423,S_35829770,153.0545,-127.0878,,,,,,,0.985103,6477.98,No common adduct match,[M+H+Na]2+,
Vanillin,C8H8O3,280.1423,MTBLS11904,153.0544,-127.0879,,,,,,,0.985003,6477.32,No common adduct match,[M+H+Na]2+,
Vanillin Acetate,C10H10O4,212.0685,MTBLS11904,212.0913,0.0228,,,,,,,-0.984476,-4620.31,No common adduct match,[M+H]+,
Vanilloylglycine,C10H11NO5,168.0423,MTBLS11904,224.0562,56.0139,,,,,,,-2.999951,-13212.37,No common adduct match,[M+CH3COO]-,
Vanillylmandelic acid,C9H10O5,344.0743,S_28880465,198.0528,-146.0215,,,,,,,3.026432,15518.07,No common adduct match,[M+2Na]2+,
Vanillylmandelic acid,C9H10O5,344.0743,S_28880465,198.0518,-146.0225,,,,,,,3.025432,15512.94,No common adduct match,[M+2Na]2+,
Vanillylmandelic acid,C9H10O5,344.0743,S_28880465,165.0454,-179.0289,,,,,,,-5.984474,-34990.81,No common adduct match,[M-2H]2-,
Varanic acid,C27H46O6,152.0473,MTBLS11904,435.311,283.2637,,,,,,,72.202549,198845.69,No common adduct match,[2M+CH3COO]-,
Vasicine,C11H12N2O,194.0579,S_35829770,189.1021,-4.9558,,,,,,,-3.948524,-20453.31,No common adduct match,[M-H]-,
Vdavp,C46H66N14O11S2,225.0637,MTBLS11904,526.2121,301.1484,,,,,,,17.070849,33528.71,No common adduct match,[2M+CH3COO]-,
Vecuronium,C34H57N2O4+,198.0528,MTBLS11904,594.3761,396.3233,,,,,,,139.256649,305978.24,No common adduct match,[2M+CH3COO]-,
VERATRAMINE,C27H39NO2,466.3294,MTBLS11904,473.317,6.9876,,,,,,,5.980324,12796.61,No common adduct match,[M+H]+,
Vertilmicin,C22H43N5O7,188.095,MTBLS11904,490.3216,302.2266,,,,,,,55.117749,126648.12,No common adduct match,[2M+CH3COO]-,
VIBEGRON,C26H28N4O3,1054.448,MTBLS11904,465.1922,-589.2558,,,,,,,-61.024524,-115968.42,No common adduct match,[M-2H]2-,
Vicine,C10H16N4O7,509.4471,MTBLS11904,269.0859,-240.3612,,,,,,,2.364103,8863.55,No common adduct match,[M+H+Na]2+,
Vicriviroc,C28H38F3N5O2,409.2981,MTBLS11904,532.2878,122.9897,,,,,,,58.973933,124597.94,No common adduct match,[M+ACN+Na]+,
vitamin B12,C63H88CoN14O14P,444.2161,S_25390405,687.29,243.0739,,,,,,,179.058133,352315.83,No common adduct match,[M+ACN+Na]+,
Vitamin D3 glucosiduronate,C33H52O7,304.1019,MTBLS11904,581.3424,277.2405,,,,,,,-25.854124,-42579.5,No common adduct match,[2M-H]-,
Vomifoliol,C13H20O3,533.2978,MTBLS11904,269.1386,-264.1592,,,,,,,1.482424,5538.54,No common adduct match,[M+2H]2+,
Voreloxin,C18H19N5O4S,519.2945,MTBLS11904,382.0986,-137.1959,,,,,,,99.462132,351908.35,No common adduct match,[M+2Na]2+,
Vulgarin,C15H20O4,1354.567,MTBLS11904,299.1035,-1055.4635,,,,,,,-377.172724,-557719.92,No common adduct match,[M-2H]2-,
Vulgarole,C12H20O3,560.3713,MTBLS11904,245.1743,-315.197,,,,,,,-34.004074,-121800.53,No common adduct match,[M-2H]2-,
Xanthine,C5H4N4O2,224.1412,S_28880465,152.0334,-72.1078,,,,,,,16.973582,125674.55,No common adduct match,[M+2Na]2+,
Xanthine,C5H4N4O2,224.1412,S_35829770,151.0261,-73.1151,,,,,,,15.966282,118216.37,No common adduct match,[M+2Na]2+,
Xanthine,C5H4N4O2,224.1412,S_35829770,151.0262,-73.115,,,,,,,15.966382,118217.11,No common adduct match,[M+2Na]2+,
Xanthine,C5H4N4O2,224.1412,S_35829770,153.0406,-71.1006,,,,,,,17.980782,133131.99,No common adduct match,[M+2Na]2+,
Xanthine,C5H4N4O2,224.1412,MTBLS11904,151.026,-73.1152,,,,,,,15.966182,118215.63,No common adduct match,[M+2Na]2+,
Xanthoxylin,C10H12O4,401.1158,MTBLS11904,241.0716,-160.0442,,,,,,,17.524482,78392.79,No common adduct match,[M+2Na]2+,
Xenognosin A,C16H16O3,264.1362,MTBLS11904,277.0861,12.9499,,,,,,,-5.083923,-18017.23,No common adduct match,[M+NH4]+,
Xestoaminol C,C14H31NO,212.1412,MTBLS11904,274.2122,62.071,,,,,,,-1.944767,-7042.25,No common adduct match,[M+ACN+Na]+,
Xi-3-Hydroxy-2-oxobutanoic acid,C4H6O4,152.0334,MTBLS11904,99.0087,-53.0247,[M+2Na]2+,+,2,1,99.005918,45.978436,0.002782,28.1,Matched,[M+2Na]2+,[M+2Na]2+ (err 0.002782 Da)
Xi-3-Methyl-3-cyclohexen-1-ol,C7H12O,196.0736,MTBLS11904,157.0869,-38.9867,,,,,,,-3.972847,-24666.92,No common adduct match,[M+H-2H2O]+,
Yuccagenin,C27H42O4,256.1099,MTBLS11904,463.3383,207.2284,,,,,,,-47.874224,-93648.38,No common adduct match,[2M-H]-,
Zearalenone 4-sulfate,C18H22O8S,229.2406,MTBLS11904,443.1003,213.8597,,,,,,,-14.373624,-31419.55,No common adduct match,[2M-H]-,
Zilpaterol,C14H19N3O2,112.0888,MTBLS11904,262.1539,150.0651,,,,,,,-0.986858,-3750.3,No common adduct match,[2M+K]+,
Zingerone,C11H14O3,430.3083,MTBLS11904,239.0921,-191.2162,,,,,,,0.948732,3983.87,No common adduct match,[M+2Na]2+,
Zofenoprilat,C15H19NO3S2,398.1035,MTBLS11904,324.0722,-74.0313,,,,,,,-39.017447,-107459.54,No common adduct match,[M+H-2H2O]+,
Zymonic acid,C6H6O5,322.178,MTBLS11904,315.0329,-7.1451,,,,,,,-6.137824,-19110.78,No common adduct match,[M-H]-,
"{4-[4-(6-Carbamoyl-3,5-dimethylpyrazin-2-yl)phenyl]cyclohexyl}acetic acid",C21H25N3O3,261.1477,MTBLS11904,412.1873,151.0396,,,,,,,87.023833,267631.03,No common adduct match,[M+ACN+Na]+,
"?ÇÜ alpha,beta-Dihydroxyethyl-TPP",C14H22N4O9P2S,194.0943,S_24167579,507.0434,312.9491,,,,,,,59.840949,133811.76,No common adduct match,[2M+CH3COO]-,
?ÇÜ Bis(4-isothiocyanatobutyl) disulfide,C10H16N2S4,325.0806,S_24167579,293.0284,-32.0522,,,,,,,2.961653,10210.25,No common adduct match,[M+H-2H2O]+,
?ÇÜ Tetrahydropentoxyline,C17H22N2O7,158.0215,S_24167579,389.1281,231.1066,,,,,,,14.071249,37517.64,No common adduct match,[2M+CH3COO]-,
Furfural,C5H4O2,367.1896,S_24167579,97.0279,-270.1617,,,,,,,-85.559624,-468595.13,No common adduct match,[M-2H]2-,
Furfural,C5H4O2,367.1896,MTBLS11904,97.0283,-270.1613,,,,,,,-85.559224,-468592.93,No common adduct match,[M-2H]2-,
?ÇÜ  ?ÇÜ  ?ÇÜ Octachlorostyrene,C8Cl8,484.0583,S_24167579,398.7429,-85.3154,,,,,,,-50.301547,-112019.08,No common adduct match,[M+H-2H2O]+,
?ÇÜ  ?ÇÜ  ?ÇÜ Octachlorostyrene,C8Cl8,484.0583,S_24167579,398.7382,-85.3201,,,,,,,-50.306247,-112029.55,No common adduct match,[M+H-2H2O]+,
"(+/-)-11,12-Dihydroxy-5Z,8Z,14Z,17Z-eicosatetraenoic acid",C20H32O4,292.0196,MTBLS11904,381.2258,89.2062,,,,,,,25.190433,70752.61,No common adduct match,[M+ACN+Na]+,
"(+/-)-2,2,6-Trimethylcyclohexanone",C9H16O,366.1427,MTBLS11904,158.1537,-207.989,,,,,,,-23.910374,-131329.44,No common adduct match,[M-2H]2-,
(+/-)-2-(2-Methylpropyl)thiazolidine,C7H15NS,96.02113,MTBLS11904,187.126,91.10487,,,,,,,-3.908984,-20462.13,No common adduct match,[2M-H]-,
(+/-)-2-Hydroxy-4-(methylthio)butanoic acid,C5H10O3S,375.7508,MTBLS11904,149.0277,-226.7231,,,,,,,-37.840424,-202498.01,No common adduct match,[M-2H]2-,
(+/-)-3-Mercapto-1-butyl acetate,C6H12O2S,336.2301,MTBLS11904,129.0386,-207.1915,,,,,,,-38.069174,-227812.1,No common adduct match,[M-2H]2-,
(+/-)-6-Chlorotryptophan,C11H11ClN2O2,140.1201,MTBLS11904,239.0578,98.9377,,,,,,,34.921933,171072.01,No common adduct match,[M+ACN+Na]+,
(+/-)-erythro-Isoleucine,C6H13NO2,145.0925,MTBLS11904,173.1281,28.0356,,,,,,,5.046382,30023.38,No common adduct match,[M+Na]+,
(+/-)-Pelletierine,C8H15NO,150.0351,MTBLS11904,186.1134,36.0783,,,,,,,-0.870305,-4654.44,No common adduct match,[M+K-2H]-,
(His(1-ME)2)-trh,C17H24N6O4,148.0558,MTBLS11904,421.1553,273.0995,,,,,,,66.029849,185933.87,No common adduct match,[2M+CH3COO]-,
1-lyso-2-arachidonoyl-phosphatidate (LPA),C23H39O7P,131.0946,ACS1517,457.235,326.1404,,,,,,,136.031949,423507.65,No common adduct match,[2M+CH3COO]-,
1-Oleoyl Lysophosphatidic Acid (sodium salt),C21H40NaO7P,141.1154,MTBLS11904,435.2511,294.1357,,,,,,,94.006449,275481.09,No common adduct match,[2M+CH3COO]-,
1-Palmitoyl-2-Linoleoyl PE,C39H74NO8P,376.1859,MTBLS11904,714.5069,338.321,,,,,,,-36.857624,-49054.25,No common adduct match,[2M-H]-,
1-Phenyl-24-pentadiyn-1-one,C11H6O,480.2723,ST003159,189.01,-291.2623,,,,,,,-50.118874,-209589.38,No common adduct match,[M-2H]2-,
10-carbon fatty aldehyde,C10H18O,458.2433,S_24167579,155.142,-303.1013,,,,,,,-72.972374,-319893.8,No common adduct match,[M-2H]2-,
13-carbon fatty acid,C13H22O2,154.0419,S_24167579,211.169,57.1271,,,,,,,-1.886751,-8855.67,No common adduct match,[M+CH3COO]-,
135-Trichloro-(2-methylsulfonyl)benzene,C7H5Cl3O2S,154.1358,ST003159,238.89,84.7542,,,,,,,20.738433,95064.33,No common adduct match,[M+ACN+Na]+,
14-carbon fatty acid,C14H22O3,200.1412,S_24167579,239.164,39.0228,,,,,,,0.059642,249.44,No common adduct match,[M+K]+,
16 carbon fatty acid,C16H26O2,216.1725,S_24167579,251.2,35.0275,,,,,,,0.058098,231.34,No common adduct match,[M+Cl]-,
"2-(3-fluorophenyl)-4-(4-Methylpiperazin-1-yl)-1H-pyrrolo[3,2-c]pyridine",C18H19FN4,210.162,MTBLS11904,328.1957,118.0337,,,,,,,54.017933,197017.92,No common adduct match,[M+ACN+Na]+,
2-(?Ä??-D-Mannosyl)-3-phosphoglycerate,C9H17O12P,257.9076,S_24167579,371.032,113.1244,,,,,,,49.108633,152547.59,No common adduct match,[M+ACN+Na]+,
2-(?Ä??-D-Mannosyl)-3-phosphoglycerate,C9H17O12P,257.9076,S_24167579,371.0316,113.124,,,,,,,49.108233,152546.34,No common adduct match,[M+ACN+Na]+,
2-Methoxyhydroquinone sulfate,C7H8O6S,310.1594,MTBLS11904,218.9966,-91.1628,,,,,,,40.927682,229841.81,No common adduct match,[M+2Na]2+,
"2-Naphthalenepropanol, 6-hydroxy-a-methyl-",C14H16O2,348.0458,S_24167579,217.122,-130.9238,,,,,,,20.109882,102074.34,No common adduct match,[M+2Na]2+,
"2-Polyprenyl-3-methyl-6-methoxy-1,4-benzoquinone",C18H24O3,194.0691,MTBLS11904,333.169,139.0999,,,,,,,-53.961924,-139389.34,No common adduct match,[2M-H]-,
"2-Polyprenyl-6-methoxy-1,4-benzoquinone",C17H22O3,109.0528,MTBLS11904,295.1299,186.0771,,,,,,,18.010449,64991.65,No common adduct match,[2M+CH3COO]-,
3 Hydroxymandelic acid - COOH,C11H14O4,220.0042,S_28880465,168.0423,-51.9619,,,,,,,-16.948047,-91615.85,No common adduct match,[M+H-2H2O]+,
3-(Dichloromethylene)-25-pyrrolidinedione,C5H3Cl2NO2,216.115,ST003159,110.9986,-105.1164,,,,,,,1.933824,17730.96,No common adduct match,[M+2H]2+,
3-Decenoylcarnitine,C17H31NO4,288.1725,MTBLS11904,314.232,26.0595,,,,,,,3.070282,9867.16,No common adduct match,[M+Na]+,
3-hydroxynonanoyl carnitine,C16H31NO5,274.1569,MTBLS11904,300.2162,26.0593,,,,,,,3.070082,10331.89,No common adduct match,[M+Na]+,
"3-O-Methyldopa1,2,3",C10H15NO5,178.9541,ST003159,210.08,31.1259,,,,,,,-3.843502,-17966.71,No common adduct match,[M+Cl]-,
3-O-Sulfogalactosylceramide (d18:1/16:0),C40H77NO11S,313.2253,MTBLS11904,390.7686,77.5433,,,,,,,13.527533,35859.12,No common adduct match,[M+ACN+Na]+,
3-O-Sulfogalactosylceramide (d18:1/18:0),C42H81NO11S,317.2202,MTBLS11904,846.5233,529.3031,,,,,,,153.069049,220734.17,No common adduct match,[2M+CH3COO]-,
3-O-Sulfogalactosylceramide (d18:1/18:1(9Z)),C42H79NO11S,136.0524,MTBLS11904,844.5056,708.4532,,,,,,,513.386949,1550462.19,No common adduct match,[2M+CH3COO]-,
3-O-Sulfogalactosylceramide (d18:1/20:0),C44H85NO11S,229.095,MTBLS11904,874.546,645.451,,,,,,,357.342149,690911.62,No common adduct match,[2M+CH3COO]-,
"3-Oxa-9-azoniatricyclo[3.3.1.02,4]nonane, 9-ethyl-7-hydroxy-9-methyl-",C10H17NO2,779.5217,S_24167579,184.132,-595.3897,,,,,,,-204.621574,-526352.91,No common adduct match,[M-2H]2-,
4-Decan-4-Ylbenzenesulfonic Acid,C16H26O3S,835.5843,MTBLS11904,297.1526,-538.4317,,,,,,,-119.632274,-287036.03,No common adduct match,[M-2H]2-,
4-Ethylphenylsulfate,C8H10O4S,183.1259,MTBLS11904,201.0224,17.8965,,,,,,,-0.137323,-682.66,No common adduct match,[M+NH4]+,
4-Phenylbutanoylcarnitine,C17H25NO4,634.117,MTBLS11904,308.1849,-325.9321,,,,,,,-7.866324,-24889.39,No common adduct match,[M-2H]2-,
"8',10'-Dihydroxydihydroergotamine",C33H39N5O5,270.0528,S_24167579,586.301,316.2482,,,,,,,1.197199,2046.13,No common adduct match,[2M+FA-H]- / [2M+HCOO]-,
8-(Aminomethyl)sulfanyl-6-sulfanyloctanoic acid,C9H19NO2S2,298.1603,ST003159,239.0892,-59.0711,,,,,,,-24.057247,-91421.52,No common adduct match,[M+H-2H2O]+,
a-Methyldopa,C10H13NO4,202.03,S_28880465,211.0677,9.0377,,,,,,,8.030424,39551.47,No common adduct match,[M+H]+,
"Adb-chminaca, (+/-)-",C21H30N4O2,585.2951,MTBLS11904,407.1868,-178.1083,,,,,,,91.550032,290048.69,No common adduct match,[M+2Na]2+,
"all-trans-Retinoic acid1,3",C20H28O2,237.0857,ST003159,299.2,62.1143,,,,,,,-1.901467,-6315.04,No common adduct match,[M+ACN+Na]+,
Aromatic phytochemical,C12H16O4,300.2089,S_24167579,225.1106,-75.0983,,,,,,,-40.084447,-151150.81,No common adduct match,[M+H-2H2O]+,
Aspartylysine [-H2O],C10H19N3O5,176.0546,S_28880465,243.121,67.0664,,,,,,,3.050633,12707.25,No common adduct match,[M+ACN+Na]+,
bile acid or Lovastatin,C24H36O5,430.3811,S_24167579,427.243,-3.1381,,,,,,,-2.130824,-4962.63,No common adduct match,[M-H]-,
Brompheniramine (didemethylated),C14H15BrN2,146.0215,S_24167579,313.034,167.0125,,,,,,,-1.998218,-6342.9,No common adduct match,[2M+Na]+,
carnitine 10:1,C17H31NO4,261.1325,S_33485385,314.2321,53.0996,,,,,,,-5.914251,-18473.59,No common adduct match,[M+CH3COO]-,
carnitine 10:1,C17H31NO4,261.1325,ST003159,314.2323,53.0998,,,,,,,-5.914051,-18472.96,No common adduct match,[M+CH3COO]-,
carnitine 12:0,C19H37NO4,404.2563,S_33485385,344.2783,-59.978,,,,,,,-24.964147,-67609.09,No common adduct match,[M+H-2H2O]+,
carnitine 12:0,C19H37NO4,404.2563,ST003159,344.2792,-59.9771,,,,,,,-24.963247,-67606.66,No common adduct match,[M+H-2H2O]+,
carnitine 12:1,C19H35NO4,290.0419,S_33485385,342.2637,52.2218,,,,,,,-6.792051,-19458.36,No common adduct match,[M+CH3COO]-,
carnitine 12:1,C19H35NO4,290.0419,ST003159,342.2638,52.2219,,,,,,,-6.791951,-19458.07,No common adduct match,[M+CH3COO]-,
carnitine 14:2,C21H37NO5,971.7273,S_33485385,368.2789,-603.4484,,,,,,,-116.577474,-240437.13,No common adduct match,[M-2H]2-,
carnitine 14:2,C21H37NO5,971.7273,ST003159,368.279,-603.4483,,,,,,,-116.577374,-240436.92,No common adduct match,[M-2H]2-,
carnitine 14:3,C21H36NO4+,313.2253,S_33485385,366.2625,53.0372,,,,,,,-5.976651,-16055.94,No common adduct match,[M+CH3COO]-,
"CDP-DG(i-22:0/18:3(10,12,15)-OH(9))",C52H91N3O16P2,343.2723,MTBLS11904,549.7871,206.5148,,,,,,,-135.750224,-198020.18,No common adduct match,[2M-H]-,
"Cefamandole sodium; alpha,beta-Dihydroxyethyl-TPP; Chloramphenicol Monoglucuronide",C18H17N6NaO5S2; C14H22N4O9P2S; C17H22Cl2N2O10,341.2566,S_24167579,507.0496,165.793,,,,,,,101.777233,251132.92,No common adduct match,[M+ACN+Na]+,
"Cer(d16:1/20:4(5Z,8Z,11Z,14Z)-OH(20))",C36H63NO4,663.6166,MTBLS11904,618.4789,-45.1377,,,,,,,-10.123847,-16105.32,No common adduct match,[M+H-2H2O]+,
"Cer(d16:1/20:4(6E,8Z,11Z,13E)-2OH(5S,15S))",C36H63NO5,637.6009,MTBLS11904,554.4623,-83.1386,,,,,,,-48.124747,-79863.56,No common adduct match,[M+H-2H2O]+,
"Cer(d16:1/20:4(8Z,11Z,14Z,17Z)-2OH(5S,6R))",C36H63NO5,645.606,MTBLS11904,554.4627,-91.1433,,,,,,,-56.129447,-91926.25,No common adduct match,[M+H-2H2O]+,
Cer(d16:1/5-iso PGF2VI),C34H61NO6,833.8564,MTBLS11904,597.4873,-236.3691,,,,,,,157.569882,358180.59,No common adduct match,[M+2Na]2+,
Cer(d17:1/LTE4),C40H70N2O6S,539.5277,MTBLS11904,671.4842,131.9565,,,,,,,67.940733,112569.74,No common adduct match,[M+ACN+Na]+,
Cer(d18:1/18:1(9Z)),C36H69NO3,653.5958,MTBLS11904,608.5252,-45.0706,,,,,,,-10.056747,-16257.74,No common adduct match,[M+H-2H2O]+,
Cer(d18:122:1(13Z)),C40H77NO3,573.4757,ST003159,620.5915,47.1158,,,,,,,2.117599,3423.91,No common adduct match,[M+FA-H]- / [M+HCOO]-,
"Cer(t18:0/20:3(6,8,11)-OH(5))",C38H71NO5,589.4706,MTBLS11904,654.565,65.0944,,,,,,,1.078633,1650.58,No common adduct match,[M+ACN+Na]+,
Cholylserine,C27H45NO7,637.6373,MTBLS11904,530.2853,-107.352,,,,,,,-72.338147,-120038.72,No common adduct match,[M+H-2H2O]+,
CL(11:0/12:0/12:0/12:0),C56H108O17P2,639.6166,MTBLS11904,569.3499,-70.2667,,,,,,,-35.252847,-58307.45,No common adduct match,[M+H-2H2O]+,
"CL(i-12:0/i-24:0/i-24:0/18:2(9Z,11Z))",C87H166O17P2,665.6322,MTBLS11904,795.5738,129.9416,,,,,,,65.925833,90352.93,No common adduct match,[M+ACN+Na]+,
Clonidine Metabolite VI,C7H7Cl2N3O,563.5277,S_24167579,220.004,-343.5237,,,,,,,-60.752574,-216388.78,No common adduct match,[M-2H]2-,
Cocamidopropyl Betaine,C19H38N2O3,591.559,MTBLS11904,343.2948,-248.2642,,,,,,,24.526082,76940.05,No common adduct match,[M+2Na]2+,
Corchorifatty acid A,C18H28O4,607.5903,MTBLS11904,307.1903,-300.4,,,,,,,2.387874,7834.17,No common adduct match,[M+2H]2+,
"Cyclopropyl-[(3S,4S)-3-(dimethylamino)-4-(hydroxymethyl)piperidin-1-yl]methanone",C12H22N2O2,495.3196,MTBLS11904,227.175,-268.1446,,,,,,,-19.477524,-78967.46,No common adduct match,[M-2H]2-,
Cysteine-S-sulfate3,C3H9NO6S2,1114.706,ST003159,199.97,-914.736,,,,,,,-356.375724,-640565.22,No common adduct match,[M-2H]2-,
"DG(10:0/0:0/20:4(6E,8Z,11Z,14Z)+=O(5))",C33H54O6,1545.16,MTBLS11904,588.4308,-956.7292,,,,,,,-183.141924,-237361.84,No common adduct match,[M-2H]2-,
DG(10:0/a-17:0/0:0),C30H58O5,218.9966,MTBLS11904,519.4049,300.4083,,,,,,,22.397849,45065.46,No common adduct match,[2M+CH3COO]-,
DG(10:0/LTE4/0:0),C36H61NO8S,342.2882,MTBLS11904,704.361,362.0728,,,,,,,1.750777,2491.82,No common adduct match,[2M+NH4]+,
"DG(14:0/22:6(4Z,7Z,11E,13Z,15E,19Z)-2OH(10S,17)/0:0)",C37H62O6,308.1988,MTBLS11904,644.493,336.2942,,,,,,,5.106182,7986.06,No common adduct match,[2M+Na]+,
DG(14:1(9Z)/15:0/0:0),C32H60O5,226.1681,MTBLS11904,505.4255,279.2574,,,,,,,-5.924551,-11586.1,No common adduct match,[2M+CH3COO]-,
"DG(14:1(9Z)/20:5(5Z,8Z,11Z,14Z,17Z)/0:0)",C37H60O5,218.9871,MTBLS11904,617.474,398.4869,,,,,,,120.485949,242432.29,No common adduct match,[2M+CH3COO]-,
"DG(15:0/0:0/18:3(9,11,15)-OH(13))",C36H64O6,546.392,MTBLS11904,615.4581,69.0661,,,,,,,5.050333,8273.7,No common adduct match,[M+ACN+Na]+,
DG(15:0/14:1(9Z)/0:0),C32H60O5,498.4284,MTBLS11904,545.4206,46.9922,,,,,,,1.993999,3669.31,No common adduct match,[M+FA-H]- / [M+HCOO]-,
"DG(15:0/18:3(9Z,12Z,15Z)/0:0)",C36H64O5,667.4118,MTBLS11904,599.4632,-67.9486,,,,,,,-32.934747,-52079.15,No common adduct match,[M+H-2H2O]+,
"DG(15:0/18:4(6Z,9Z,12Z,15Z)/0:0)",C36H62O5,602.4546,MTBLS11904,575.4656,-26.989,,,,,,,-7.971159,-13662.42,No common adduct match,[M-H2O-H]-,
"DG(16:0/0:0/20:3(8Z,11Z,14Z)-2OH(5,6))",C39H70O7,524.4441,MTBLS11904,695.5091,171.065,,,,,,,107.049233,181914.25,No common adduct match,[M+ACN+Na]+,
"DG(18:0/0:0/20:4(8Z,11Z,14Z,17Z)-2OH(5S,6R))",C41H72O7,584.4441,MTBLS11904,641.5096,57.0655,,,,,,,-1.948351,-3027.94,No common adduct match,[M+CH3COO]-,
DG(18:0/0:0/LTE4),C44H77NO8S,592.4703,MTBLS11904,793.5563,201.086,,,,,,,137.070233,208793.82,No common adduct match,[M+ACN+Na]+,
DG(18:0/16:1(9Z)/0:0),C37H70O5,524.4441,MTBLS11904,617.51,93.0659,,,,,,,29.050133,49366.38,No common adduct match,[M+ACN+Na]+,
"DG(18:0/18:2(9Z,12Z)/0:0)",C39H72O5,576.4754,MTBLS11904,638.5705,62.0951,,,,,,,-1.920667,-2998.74,No common adduct match,[M+ACN+Na]+,
"DG(18:1(12Z)-O(9S,10R)/0:0/a-15:0)",C36H66O6,574.4597,MTBLS11904,593.4776,19.0179,,,,,,,0.984077,1660.91,No common adduct match,[M+NH4]+,
"DG(18:1(12Z)-O(9S,10R)/a-17:0/0:0)",C38H70O6,650.5122,MTBLS11904,621.5091,-29.0031,,,,,,,6.010753,9765.67,No common adduct match,[M+H-2H2O]+,
"DG(18:2(9Z,12Z)/18:1(11Z)/0:0)",C39H70O5,676.5278,MTBLS11904,636.5549,-39.9729,,,,,,,-4.959047,-7730.22,No common adduct match,[M+H-2H2O]+,
"DG(18:3(10,12,15)-OH(9)/0:0/i-13:0)",C34H60O6,779.537,MTBLS11904,563.431,-216.106,,,,,,,150.673282,365040.5,No common adduct match,[M+2Na]2+,
"DG(18:3(9,11,15)-OH(13)/0:0/a-15:0)",C36H64O6,594.5223,MTBLS11904,593.4755,-1.0468,,,,,,,-0.039524,-66.59,No common adduct match,[M-H]-,
"DG(18:3(9,11,15)-OH(13)/i-15:0/0:0)",C36H64O6,620.538,MTBLS11904,613.4442,-7.0938,,,,,,,-6.086524,-9824.41,No common adduct match,[M-H]-,
"DG(18:3(9Z,12Z,15Z)/15:0/0:0)",C36H64O5,594.4859,MTBLS11904,577.4812,-17.0047,[M+H-H2O]+,+,1,1,577.482612,-17.003288,-0.001412,-2.44,Matched,[M+H-H2O]+,[M+H-H2O]+ (err -0.001412 Da)
"DG(18:4(6Z,9Z,12Z,15Z)/15:0/0:0)",C36H62O5,622.5172,MTBLS11904,597.4474,-25.0698,,,,,,,-6.051959,-10028.11,No common adduct match,[M-H2O-H]-,
"DG(18:4(6Z,9Z,12Z,15Z)/20:3(8Z,11Z,14Z)/0:0)",C41H66O5,618.5223,MTBLS11904,656.5289,38.0066,,,,,,,-0.956558,-1454.87,No common adduct match,[M+K]+,
"DG(20:2(11Z,14Z)/18:4(6Z,9Z,12Z,15Z)/0:0)",C41H68O5,564.439,MTBLS11904,641.5097,77.0707,,,,,,,13.054933,20773.07,No common adduct match,[M+ACN+Na]+,
"DG(20:3(6,8,11)-OH(5)/8:0/0:0)",C31H54O6,592.4703,MTBLS11904,557.3617,-35.1086,,,,,,,-0.094747,-169.96,No common adduct match,[M+H-2H2O]+,
"DG(20:3(8Z,11Z,14Z)-2OH(5,6)/0:0/i-13:0)",C36H64O7,592.4703,MTBLS11904,589.4463,-3.024,,,,,,,-2.016724,-3409.72,No common adduct match,[M-H]-,
"DG(20:4(8Z,11Z,14Z,17Z)-2OH(5S,6R)/0:0/a-13:0)",C36H62O7,576.4754,MTBLS11904,605.4416,28.9662,,,,,,,5.976982,9970.53,No common adduct match,[M+Na]+,
"DG(20:4(8Z,11Z,14Z,17Z)-2OH(5S,6R)/8:0/0:0)",C31H52O7,574.4597,MTBLS11904,519.3647,-55.095,,,,,,,-20.081147,-37225.51,No common adduct match,[M+H-2H2O]+,
"DG(20:4(8Z,11Z,14Z,17Z)/18:0/0:0)",C41H72O5,638.491,MTBLS11904,627.5312,-10.9598,,,,,,,6.043488,9724.23,No common adduct match,[M+H-H2O]+,
"DG(20:5(5Z,8Z,11Z,14Z,17Z)/14:0/0:0)",C37H62O5,640.5067,MTBLS11904,628.4975,-12.0092,,,,,,,4.994088,8009.72,No common adduct match,[M+H-H2O]+,
"DG(20:5(6E,8Z,11Z,14Z,17Z)-OH(5)/8:0/0:0)",C31H50O6,522.392,MTBLS11904,560.3993,38.0073,,,,,,,-0.955858,-1702.77,No common adduct match,[M+K]+,
"DG(20:5(7Z,9Z,11E,13E,17Z)-3OH(5,6,15)/0:0/18:0)",C41H70O8,608.4652,MTBLS11904,655.4894,47.0242,,,,,,,2.025999,3100.4,No common adduct match,[M+FA-H]- / [M+HCOO]-,
"DG(22:6(4Z,7Z,10Z,13Z,16Z,19Z)/22:2(13Z,16Z)/0:0)",C47H76O5,606.4496,MTBLS11904,703.5731,97.1235,,,,,,,33.107733,49380.23,No common adduct match,[M+ACN+Na]+,
"DG(22:6(4Z,7Z,10Z,13Z,16Z,19Z)/22:5(4Z,7Z,10Z,13Z,16Z)/0:0)",C47H70O5,536.3713,MTBLS11904,697.5244,161.1531,,,,,,,97.137333,161791.18,No common adduct match,[M+ACN+Na]+,
"DG(2:0/0:0/20:4(5Z,8Z,11Z,14Z)-OH(20))",C25H40O6,644.538,MTBLS11904,481.2802,-163.2578,,,,,,,-128.243947,-210400.11,No common adduct match,[M+H-2H2O]+,
DG(6 keto-PGF1alpha/0:0/8:0),C31H54O9,586.4597,MTBLS11904,588.4082,1.9485,,,,,,,0.941224,1602.17,No common adduct match,[M+H]+,
DG(8:0/15:0/0:0),C26H50O5,518.3607,MTBLS11904,465.3543,-53.0064,,,,,,,-17.992547,-37224.92,No common adduct match,[M+H-2H2O]+,
DG(8:0/a-13:0/0:0),C24H46O5,690.5071,MTBLS11904,395.3164,-295.1907,,,,,,,27.073632,73521.15,No common adduct match,[M+2Na]2+,
"DG(a-13:0/0:0/20:4(5E,8Z,12Z,14Z)-OH(11R))",C36H62O6,720.5693,MTBLS11904,571.4358,-149.1335,,,,,,,-114.119647,-166463.04,No common adduct match,[M+H-2H2O]+,
"DG(a-13:0/20:3(8Z,11Z,14Z)-2OH(5,6)/0:0)",C36H64O7,714.5223,MTBLS11904,629.4388,-85.0835,,,,,,,-50.069647,-73685.1,No common adduct match,[M+H-2H2O]+,
DG(i-12:0/PGF1alpha/0:0),C35H64O8,436.2825,MTBLS11904,647.4261,211.1436,,,,,,,147.127833,294080.24,No common adduct match,[M+ACN+Na]+,
"DG(i-13:0/18:3(9,11,15)-OH(13)/0:0)",C34H60O6,570.3768,MTBLS11904,545.4203,-24.9565,,,,,,,-5.938659,-10770.95,No common adduct match,[M-H2O-H]-,
"DG(i-17:0/0:0/20:4(7E,9E,11Z,13E)-3OH(5S,6R,15S))",C40H70O8,442.3658,MTBLS11904,713.4731,271.1073,,,,,,,-170.251224,-192651.96,No common adduct match,[2M-H]-,
"DG(i-18:0/18:1(12Z)-O(9S,10R)/0:0)",C39H72O6,414.3345,MTBLS11904,659.5196,245.1851,,,,,,,-168.142124,-203153.2,No common adduct match,[2M-H]-,
DG(i-18:0/PGJ2/0:0),C41H70O7,590.4546,MTBLS11904,716.549,126.0944,,,,,,,62.078633,94853.24,No common adduct match,[M+ACN+Na]+,
DG(LTE4/a-21:0/0:0),C47H83NO8S,608.4652,MTBLS11904,820.5695,212.1043,,,,,,,148.088533,220212.23,No common adduct match,[M+ACN+Na]+,
DG(O-18:0/2:0/0:0),C23H46O4,612.4601,MTBLS11904,421.3108,-191.1493,,,,,,,92.091532,279727.04,No common adduct match,[M+2Na]2+,
DG(PGD2/0:0/18:0),C41H72O8,564.439,MTBLS11904,737.5001,173.0611,,,,,,,109.045333,173513.42,No common adduct match,[M+ACN+Na]+,
DG(PGD2/8:0/0:0),C31H52O8,678.5071,MTBLS11904,597.3633,-81.1438,,,,,,,-46.129947,-71686.76,No common adduct match,[M+H-2H2O]+,
DG(PGE2/0:0/a-17:0),C40H70O8,636.5329,MTBLS11904,679.51,42.9771,,,,,,,0.943275,1390.1,No common adduct match,[M+ACN+H]+,
DG(PGE2/12:0/0:0),C35H60O8,674.5122,MTBLS11904,591.4283,-83.0839,,,,,,,-48.070047,-75168.37,No common adduct match,[M+H-2H2O]+,
DG(PGE2/16:0/0:0),C39H68O8,821.5839,MTBLS11904,685.4627,-136.1212,,,,,,,-101.107347,-128542.08,No common adduct match,[M+H-2H2O]+,
DG(PGF1alpha/0:0/12:0),C35H64O8,386.3396,MTBLS11904,676.4818,290.1422,,,,,,,-95.190124,-123355.69,No common adduct match,[2M-H]-,
DG(PGJ2/0:0/2:0),C25H38O7,692.5227,MTBLS11904,495.2592,-197.2635,,,,,,,126.008632,341255.08,No common adduct match,[M+2Na]2+,
DG(TXB2/0:0/19:0),C42H76O9,552.3662,MTBLS11904,725.5553,173.1891,,,,,,,109.173333,177119.61,No common adduct match,[M+ACN+Na]+,
dicarboxylic acid or pharmaceutical,C12H13ClN2O; C9H16O5S; C10H12N4OS,608.4288,S_24167579,259.063,-349.3658,,,,,,,-44.144124,-145590.65,No common adduct match,[M-2H]2-,
dIDP,C10H14N4O10P2,664.4914,ST003159,207.0175,-457.4739,,,,,,,-124.220924,-375019.67,No common adduct match,[M-2H]2-,
Diethylpropion or Heptopargil,C13H19NO,450.2618,S_24167579,228.135,-222.1268,,,,,,,1.996824,8830.1,No common adduct match,[M+2H]2+,
Difenoxuron (4 other possible),C16H18N2O3,724.5489,S_24167579,287.141,-437.4079,,,,,,,-74.126174,-205183.81,No common adduct match,[M-2H]2-,
Dodecylbenzenesulfonic Acid,C18H30O3S,615.4135,MTBLS11904,325.1839,-290.2296,,,,,,,5.478903,17137.37,No common adduct match,[M+H+Na]2+,
"Dopachrome2,3",C9H7NO4,236.0716,ST003159,192.03,-44.0416,,,,,,,-9.027747,-44901.26,No common adduct match,[M+H-2H2O]+,
"Dopal (3,4-Dihydroxyphenyl)acetaldehyde)",C8H8O3,236.0718,S_24167579,153.054,-83.0178,,,,,,,12.028882,85296.03,No common adduct match,[M+2Na]2+,
Dopamine [-NH3],C7H11N3O2,236.0732,S_28880465,136.0538,-100.0194,,,,,,,-4.972018,-35256.08,No common adduct match,[M+2Na]2+,
Dopamine [-NH3],C7H11N3O2,236.0732,S_28880465,136.0515,-100.0217,,,,,,,-4.974318,-35272.39,No common adduct match,[M+2Na]2+,
Dopamine [-NH3],C7H11N3O2,236.0732,ST003159,148.04,-88.0332,,,,,,,7.014182,49736.86,No common adduct match,[M+2Na]2+,
Estrane skeleton,C18H30,412.0185,S_24167579,269.222,-142.7965,,,,,,,40.223532,175649.79,No common adduct match,[M+2Na]2+,
FAHFA(16:0/13-O-16:0),C32H62O4,152.0473,MTBLS11904,528.4975,376.4502,,,,,,,165.389049,455481.13,No common adduct match,[2M+CH3COO]-,
Fe(II)-nicotianamine,C12H16FeN6O4,169.0851,MTBLS11904,302.1354,133.0503,,,,,,,-35.027524,-103889.01,No common adduct match,[2M-H]-,
Fenuron or kynuramine,C9H12N2O,246.2348,S_24167579,165.102,-81.1328,,,,,,,18.995382,130010.41,No common adduct match,[M+2Na]2+,
FFA 16:2,C16H28O2,294.2195,S_33485385,251.2007,-43.0188,,,,,,,-8.004947,-30882.61,No common adduct match,[M+H-2H2O]+,
FFA 20:3,C70H129N2O7P,838.6687,S_33485385,305.2485,-533.4202,,,,,,,-113.078574,-270311.39,No common adduct match,[M-2H]2-,
FFA 20:3,C70H129N2O7P,838.6687,ST003159,305.25,-533.4187,,,,,,,-113.077074,-270307.81,No common adduct match,[M-2H]2-,
FFA 20:5,C20H30O2,648.6784,S_33485385,301.2165,-347.4619,,,,,,,-22.115424,-68398.52,No common adduct match,[M-2H]2-,
FFA 20:5,C20H30O2,648.6784,ST003159,301.22,-347.4584,,,,,,,-22.111924,-68387.69,No common adduct match,[M-2H]2-,
FFA 22:5,C22H34O2,590.6002,S_33485385,329.2469,-261.3533,,,,,,,10.957582,34426.48,No common adduct match,[M+2Na]2+,
FFA 22:5,C22H34O2,590.6002,ST003159,329.25,-261.3502,,,,,,,10.960682,34436.22,No common adduct match,[M+2Na]2+,
FFAD 20:1,C20H38O2,336.3028,S_33485385,310.31,-25.9928,,,,,,,-6.974959,-21983.26,No common adduct match,[M-H2O-H]-,
FFAD 20:1,C20H38O2,336.3028,ST003159,310.3101,-25.9927,,,,,,,-6.974859,-21982.95,No common adduct match,[M-H2O-H]-,
FFAD 22:0,C66H131NO5,510.4648,S_33485385,340.3574,-170.1074,,,,,,,62.135782,223331.97,No common adduct match,[M+2Na]2+,
FFAD 22:1,C66H125NO5,364.0582,S_33485385,338.3412,-25.717,,,,,,,-6.699159,-19415.58,No common adduct match,[M-H2O-H]-,
FFAD 22:1,C66H125NO5,364.0582,ST003159,338.3412,-25.717,,,,,,,-6.699159,-19415.58,No common adduct match,[M-H2O-H]-,
Flavanoid,C24H24O13,164.095,S_24167579,521.133,357.038,,,,,,,133.929149,345887.96,No common adduct match,[2M+CH3COO]-,
Flavanoid glucuronide,C22H20O13,252.2089,S_24167579,515.0749,262.866,,,,,,,-7.376723,-14119.44,No common adduct match,[2M+NH4]+,
Flavonoid glucuronide,C21H18O11,1140.954,S_24167579,447.0939,-693.8601,,,,,,,-122.375824,-214894.35,No common adduct match,[M-2H]2-,
Flavonoid glucuronide; Se-Adenosylselenomethionine,C21H18O11; C15H22N6O5Se,302.2246,S_24167579,447.0913,144.8667,,,,,,,80.850933,220759.21,No common adduct match,[M+ACN+Na]+,
Fulvic acid,C16H15ClO6,310.2872,MTBLS11904,344.9988,34.7116,,,,,,,-0.257802,-746.7,No common adduct match,[M+Cl]-,
Ganglioside GD1a (d18:1/22:1(13Z)),C86H150N4Na2O39,1011.956,MTBLS11904,943.9966,-67.9594,,,,,,,-32.945547,-33723.13,No common adduct match,[M+H-2H2O]+,
Ganglioside GM3 (d18:1/16:0),C57H104N2O21,520.1217,MTBLS11904,577.3656,57.2439,,,,,,,-1.769951,-3056.19,No common adduct match,[M+CH3COO]-,
Ganglioside GT3 (d18:1/26:1(17Z)),C89H156N4O37,492.0904,MTBLS11904,632.6804,140.59,,,,,,,76.574233,137697.15,No common adduct match,[M+ACN+Na]+,
GlcCer(d18:1/20:0),C44H85NO8,446.0849,MTBLS11904,790.5945,344.5096,,,,,,,-100.568024,-112850.37,No common adduct match,[2M-H]-,
glucuronide conjugate,C21H18O11,446.0817,S_24167579,447.094,1.0123,[M+H]+,+,1,1,447.088976,1.007276,0.005024,11.24,Matched,[M+H]+,[M+H]+ (err 0.005024 Da)
glucuronide conjugate,C21H18O11,446.0817,S_24167579,515.075,68.9933,,,,,,,4.977533,9758,No common adduct match,[M+ACN+Na]+,
"Glutamic acid2,3",C5H9NO4,254.1882,ST003159,146.05,-108.1382,,,,,,,-4.033318,-26873.86,No common adduct match,[M+2Na]2+,
Gly Phe,C15H18N2O6S,338.0557,MTBLS11904,223.1076,-114.9481,,,,,,,31.090532,161915.46,No common adduct match,[M+2Na]2+,
Glycerophosphocholine3,C8H20NO6P,1908.967,ST003159,256.09,-1652.877,,,,,,,-697.386224,-731414.38,No common adduct match,[M-2H]2-,
Glycyl Phenylalanine,C23H28N4O6,1152.713,S_28880465,222.1004,-930.6126,,,,,,,-353.248824,-613972.89,No common adduct match,[M-2H]2-,
Glycylproline [+C2H4],C5H11NO2S,1873.045,S_28880465,200.1156,-1672.9294,,,,,,,-735.399624,-786090.49,No common adduct match,[M-2H]2-,
GPCho(15:0/18:2),C41H78NO8P,755.6275,MTBLS11904,766.5343,10.9068,,,,,,,-7.127023,-9212.07,No common adduct match,[M+NH4]+,
GPCho(16:0/20:3),C44H82NO8P,446.0849,MTBLS11904,806.565,360.4801,,,,,,,-84.597524,-94929.4,No common adduct match,[2M-H]-,
GPCho(18:1/16:0),C42H82NO8P,147.0532,MTBLS11904,782.565,635.5118,,,,,,,429.444749,1216143.08,No common adduct match,[2M+CH3COO]-,
GPCho(20:0/18:3),C46H86NO8P,354.0886,MTBLS11904,834.5985,480.5099,,,,,,,67.407449,87862.66,No common adduct match,[2M+CH3COO]-,
GPCho(20:3/20:3),C48H84NO8P,494.106,MTBLS11904,856.5809,362.4749,,,,,,,-130.623824,-132316.85,No common adduct match,[2M-H]-,
GPCho(20:4/14:0),C42H76NO8P,257.1028,MTBLS11904,754.5356,497.4328,,,,,,,181.316149,316311.93,No common adduct match,[2M+CH3COO]-,
GPCho(20:4/20:4),C48H80NO8P,456.2009,MTBLS11904,852.55,396.3491,,,,,,,-58.844524,-64565.37,No common adduct match,[2M-H]-,
GPCho(22:5/14:1),C44H76NO8P,149.051,MTBLS11904,778.5369,629.4859,,,,,,,421.421049,1180068.17,No common adduct match,[2M+CH3COO]-,
GPCho(22:6/18:0),C48H84NO8P,1152.713,MTBLS11904,856.5807,-296.1323,,,,,,,257.234982,429192.99,No common adduct match,[M+2Na]2+,
GPCho(22:6/18:1),C48H82NO8P,743.5465,MTBLS11904,854.5651,111.0186,,,,,,,47.002833,58203.35,No common adduct match,[M+ACN+Na]+,
GPEtn(14:0/22:2),C41H78NO8P,783.5778,MTBLS11904,766.5337,-17.0441,,,,,,,-0.040812,-53.24,No common adduct match,[M+H-H2O]+,
GPEtn(16:0/20:5),C41H72NO8P,759.5778,MTBLS11904,736.491,-23.0868,,,,,,,-4.068959,-5494.44,No common adduct match,[M-H2O-H]-,
GPEtn(16:1/18:1),C39H74NO8P,811.6091,MTBLS11904,716.5216,-95.0875,,,,,,,-60.073647,-77355.16,No common adduct match,[M+H-2H2O]+,
GPEtn(16:1/22:5),C43H74NO8P,833.5935,MTBLS11904,786.504,-47.0895,,,,,,,-12.075647,-15121.41,No common adduct match,[M+H-2H2O]+,
GPEtn(22:5/16:0),C43H76NO8P,753.5309,MTBLS11904,764.522,10.9911,,,,,,,-7.042723,-9127.84,No common adduct match,[M+NH4]+,
Hypoxanthine + H2O,C5H4N4O2,715.5152,S_28880465,136.0385,-579.4767,,,,,,,-220.711824,-618673.09,No common adduct match,[M-2H]2-,
imidazole; pyrazole,C3H4N2,763.5152,S_24167579,91.027,-672.4882,,,,,,,-289.723324,-760927.32,No common adduct match,[M-2H]2-,
"Inosine2,3",C10H10N4O3,765.5309,ST003159,267.07,-498.4609,,,,,,,-114.688174,-300421,No common adduct match,[M-2H]2-,
Isovanillymandelic acid,C9H11NO3,1176.097,S_28880465,198.0518,-978.0452,,,,,,,-388.989424,-662627.1,No common adduct match,[M-2H]2-,
"Itaconate (Itaconic acid)1,3",C9H14BNO3,1023.868,ST003159,129.02,-894.848,,,,,,,-381.906724,-747478.47,No common adduct match,[M-2H]2-,
L-Cystathionine - Isomer,C7H16Cl2N2O4S,1103.93,S_28880465,222.0674,-881.8626,,,,,,,-328.890324,-596942.94,No common adduct match,[M-2H]2-,
L-Cystathionine - Isomer,C7H16Cl2N2O4S,1103.93,S_28880465,174.0991,-929.8309,,,,,,,-376.858624,-684006.43,No common adduct match,[M-2H]2-,
Leu Ile,C21H32N6O11PR(C5H8O6PR)n,68.03745,MTBLS11904,245.1855,177.14805,,,,,,,50.096749,256789.53,No common adduct match,[2M+CH3COO]-,
Linoleoyl Glycerol,C21H38O4,234.0753,S_24167579,355.2836,121.2083,,,,,,,57.192533,191862.62,No common adduct match,[M+ACN+Na]+,
LL-Cyclo(leucylprolyl),C10H14N2O2,339.9209,ST003159,211.1441,-128.7768,,,,,,,18.194432,94296.26,No common adduct match,[M+2Na]2+,
LPC 18:1.1,C26H52NO6P,294.0208,MTBLS11904,550.3509,256.3301,,,,,,,-36.683424,-62489.4,No common adduct match,[2M-H]-,
LPC 20:1,C28H56NO7P,1262.823,MTBLS11904,550.3857,-712.4373,,,,,,,-80.018524,-126932.09,No common adduct match,[M-2H]2-,
"LysoPA(0:0/18:2(9Z,12Z))",C21H39O7P,354.277,MTBLS11904,476.2762,121.9992,,,,,,,57.983433,138619.26,No common adduct match,[M+ACN+Na]+,
"LysoPA(18:2(9Z,12Z)/0:0)",C21H39O7P,194.1055,MTBLS11904,457.2317,263.1262,,,,,,,10.006849,22375.43,No common adduct match,[2M+CH3COO]-,
LysoPC(0:0/16:0),C24H50NO7P,737.4996,MTBLS11904,518.3211,-219.1785,,,,,,,126.582082,323128.6,No common adduct match,[M+2Na]2+,
LysoPC(0:0/18:0),C26H54NO7P,773.5935,MTBLS11904,524.37,-249.2235,,,,,,,114.584032,279619.22,No common adduct match,[M+2Na]2+,
"LysoPC(0:0/18:2(9Z,12Z))",C26H50NO7P,797.5935,MTBLS11904,520.3385,-277.255,,,,,,,98.552532,233655.31,No common adduct match,[M+2Na]2+,
"LysoPC(0:0/20:4(5Z,8Z,11Z,14Z))",C28H50NO7P,505.3532,MTBLS11904,580.2862,74.933,,,,,,,10.917233,19174.27,No common adduct match,[M+ACN+Na]+,
LysoPC(14:1(9Z)/0:0),C22H44NO7P,537.3794,MTBLS11904,483.3167,-54.0627,,,,,,,-19.048847,-37918.3,No common adduct match,[M+H-2H2O]+,
"LysoPC(18:3(6Z,9Z,12Z)/0:0)",C26H48NO7P,549.3794,MTBLS11904,562.3142,12.9348,,,,,,,-5.099023,-8986.44,No common adduct match,[M+NH4]+,
"LysoPC(20:4(5Z,8Z,11Z,14Z)/0:0)",C28H50NO7P,569.3481,MTBLS11904,588.3296,18.9815,,,,,,,0.947677,1613.39,No common adduct match,[M+NH4]+,
"LysoPC(20:5(5Z,8Z,11Z,14Z,17Z)/0:0)",C28H48NO7P,434.2433,MTBLS11904,564.3045,130.0612,,,,,,,66.045433,132552.4,No common adduct match,[M+ACN+Na]+,
"LysoPC(22:2(13Z,16Z)/0:0)",C30H58NO7P,434.2433,MTBLS11904,639.4065,205.1632,,,,,,,141.147433,283281.21,No common adduct match,[M+ACN+Na]+,
LysoPC(P-18:0/0:0),C26H54NO6P,495.3325,MTBLS11904,508.3751,13.0426,,,,,,,-4.991223,-9722.54,No common adduct match,[M+NH4]+,
LysoPE(0:0/15:0),C20H42NO7P,523.3638,MTBLS11904,481.3011,-42.0627,,,,,,,-7.048847,-14434.01,No common adduct match,[M+H-2H2O]+,
LysoPE(0:0/20:1(11Z)),C25H50NO7P,519.3325,MTBLS11904,544.2827,24.9502,,,,,,,1.960982,3615.9,No common adduct match,[M+Na]+,
"LysoPE(0:0/22:4(7Z,10Z,13Z,16Z))",C27H48NO7P,543.3325,MTBLS11904,562.3471,19.0146,,,,,,,0.980777,1747.12,No common adduct match,[M+NH4]+,
"LysoPE(0:0/22:5(7Z,10Z,13Z,16Z,19Z))",C27H46NO7P,465.2855,MTBLS11904,528.3075,63.022,,,,,,,-0.993767,-1877.51,No common adduct match,[M+ACN+Na]+,
LysoPE(P-18:1(9Z)/0:0),C23H46NO6P,517.3168,MTBLS11904,462.2984,-55.0184,,,,,,,-20.004547,-41477.14,No common adduct match,[M+H-2H2O]+,
LysoPI(0:0/18:0),C27H53O12P,543.3325,MTBLS11904,599.3191,55.9866,,,,,,,-3.027251,-5025.76,No common adduct match,[M+CH3COO]-,
LysoPI(16:0/0:0),C25H49O12P,541.3168,MTBLS11904,553.2834,11.9666,,,,,,,-6.067223,-10846.9,No common adduct match,[M+NH4]+,
LysoPI(18:0/0:0),C27H53O12P,575.3951,MTBLS11904,599.3193,23.9242,,,,,,,0.934982,1562.51,No common adduct match,[M+Na]+,
Methionine Sulfoxide - Isomer,C7H8N4O2,527.3012,S_28880465,165.046,-362.2552,,,,,,,-97.597324,-371596.44,No common adduct match,[M-2H]2-,
Methionine Sulfoxide - Isomer,C7H8N4O2,527.3012,S_28880465,165.0454,-362.2558,,,,,,,-97.597924,-371598.72,No common adduct match,[M-2H]2-,
Metipranolol or Nadolol,C17H27NO4,600.3275,S_24167579,310.201,-290.1265,,,,,,,-0.953721,-3065.1,No common adduct match,[M-H+Na]2-,
MG(0:0/18:1(11Z)/0:0),C21H40O4,572.2962,MTBLS11904,357.2991,-214.9971,,,,,,,48.161782,155794.14,No common adduct match,[M+2Na]2+,
"MG(0:0/20:3(6,8,11)-OH(5)/0:0)",C23H40O5,600.3275,MTBLS11904,419.2749,-181.0526,,,,,,,96.121932,297450.25,No common adduct match,[M+2Na]2+,
"MG(0:0/20:5(5Z,8Z,11Z,14Z,17Z)/0:0)",C23H36O4,23.98504,MTBLS11904,770.5569,746.57186,,,,,,,663.572969,6202548.02,No common adduct match,[2M+CH3COO]-,
MG(0:0/24:1(15Z)/0:0),C27H52O4,342.1162,MTBLS11904,485.3839,143.2677,,,,,,,79.251933,195138.38,No common adduct match,[M+ACN+Na]+,
MG(18:1(11Z)/0:0/0:0),C21H40O4,504.169,MTBLS11904,357.2992,-146.8698,,,,,,,82.225482,298921.62,No common adduct match,[M+2Na]2+,
"MG(18:1(12Z)-2OH(9,10)/0:0/0:0)",C21H40O6,181.0409,MTBLS11904,433.2795,252.2386,,,,,,,12.183849,28933.69,No common adduct match,[2M+CH3COO]-,
"MG(20:3(6,8,11)-OH(5)/0:0/0:0)",C23H40O5,180.0647,MTBLS11904,433.2356,253.1709,,,,,,,14.092349,33621.8,No common adduct match,[2M+CH3COO]-,
MG(22:1(13Z)/0:0/0:0),C25H48O4,140.0586,MTBLS11904,411.3475,271.2889,,,,,,,72.216449,212945.55,No common adduct match,[2M+CH3COO]-,
"MG(22:2(13Z,16Z)/0:0/0:0)",C25H46O4,309.194,MTBLS11904,409.3319,100.1379,,,,,,,36.122133,96787.75,No common adduct match,[M+ACN+Na]+,
MJDBISSN00000001,C11H15NO,376.2614,MTBLS11904,198.0324,-178.229,,,,,,,-1.089271,-5470.38,No common adduct match,[M-H+Na]2-,
MJDBISSN00000003,C7H13N3,440.3866,MTBLS11904,411.3047,-29.0819,,,,,,,5.931953,14633.33,No common adduct match,[M+H-2H2O]+,
MJDBISSN00000009,C7H5Cl2NO,356.2927,MTBLS11904,169.1029,-187.1898,,,,,,,-8.036174,-45366.46,No common adduct match,[M-2H]2-,
MJDBISSP00000002,C7H10ClNO2,388.2825,MTBLS11904,403.3601,15.0776,,,,,,,-2.956223,-7275.67,No common adduct match,[M+NH4]+,
N-[(4-fluorophenyl)methyl]-1-propyl-4-pyridin-4-ylpyrrole-2-carboxamide,C12H9F2N,754.5595,MTBLS11904,338.1702,-416.3893,,,,,,,-38.102274,-101262.45,No common adduct match,[M-2H]2-,
"N-[2-(2,5-dimethylimidazol-1-yl)ethyl]-1-methylpyrrole-2-carboxamide",C7H10N2O2,778.5595,MTBLS11904,247.1536,-531.4059,,,,,,,-141.118874,-363453.2,No common adduct match,[M-2H]2-,
N-formylanthranilic acid,C8H7NO3,177.1154,MTBLS11904,164.0352,-13.0802,,,,,,,3.923088,24502.13,No common adduct match,[M+H-H2O]+,
N-Palmitoyl Asparagine,C24H45NO5,188.9748,MTBLS11904,259.0279,70.0531,,,,,,,6.037333,23863.87,No common adduct match,[M+ACN+Na]+,
N1-Methyl-4-pyridone-5-carboxamide3,C7H8N2O2,746.4241,ST003159,151.05,-595.3741,,,,,,,-221.154774,-594175.01,No common adduct match,[M-2H]2-,
Norophthalmic acid [-CO2],C10H12N4O5,174.1004,S_28880465,231.1209,57.0205,,,,,,,-1.993351,-8550.96,No common adduct match,[M+CH3COO]-,
Ornithine [+CO2],C6H6N4O2,205.0703,S_28880465,176.0789,-28.9914,,,,,,,6.022453,35414.43,No common adduct match,[M+H-2H2O]+,
"Oxalosuccinate2,3",C6H6O7,154.0742,ST003159,189,34.9258,,,,,,,-0.043602,-230.65,No common adduct match,[M+Cl]-,
"Oxoglutaric acid1,2,3",C9H14O5,165.0426,ST003159,145.01,-20.0326,,,,,,,-1.014759,-6949.22,No common adduct match,[M-H2O-H]-,
p Hydroxyphenylacetic acid,C8H8O4,103.0633,S_28880465,152.0473,48.984,,,,,,,3.985799,26919.89,No common adduct match,[M+FA-H]- / [M+HCOO]-,
p Hydroxyphenylacetic acid,C8H8O4,103.0633,S_28880465,140.0485,36.9852,,,,,,,0.036595,261.37,No common adduct match,[M+K-2H]-,
p-Cresol sulfate3,C18H28N2O6S,246.158,ST003159,187.01,-59.148,,,,,,,-24.134147,-114301.76,No common adduct match,[M+H-2H2O]+,
p-Cresol3,C7H7ClO,152.0586,ST003159,107.05,-45.0086,,,,,,,8.031482,81110.91,No common adduct match,[M+2Na]2+,
p-Hydroxyphenylacetic acid [+C2H4],C6H13N3O3,149.0841,S_28880465,180.0781,30.994,,,,,,,-3.975402,-21599.17,No common adduct match,[M+Cl]-,
PA(10:0/i-13:0),C26H51O8P,268.0808,MTBLS11904,540.3653,272.2845,,,,,,,3.196424,5950.5,No common adduct match,[2M+H]+,
PA(10:0/PGD1),C33H59O11P,166.0491,MTBLS11904,697.3539,531.3048,,,,,,,306.241849,783002.85,No common adduct match,[2M+CH3COO]-,
"PA(14:0/18:1(12Z)-O(9S,10R))",C35H65O9P,190.0114,MTBLS11904,678.4767,488.4653,,,,,,,239.440049,545375.99,No common adduct match,[2M+CH3COO]-,
"PA(15:0/22:2(13Z,16Z))",C40H75O8P,168.0423,MTBLS11904,732.548,564.5057,,,,,,,337.449549,854089.78,No common adduct match,[2M+CH3COO]-,
"PA(18:3(10,12,15)-OH(9)/a-17:0)",C38H69O9P,108.0575,MTBLS11904,764.4773,656.4198,,,,,,,489.348449,1778615.54,No common adduct match,[2M+CH3COO]-,
"PA(18:3(10,12,15)-OH(9)/i-12:0)",C33H59O9P,400.1668,MTBLS11904,595.3805,195.2137,,,,,,,131.197933,282642.96,No common adduct match,[M+ACN+Na]+,
PA(20:0/LTE4),C46H82NO11PS,142.0185,MTBLS11904,886.5199,744.5014,,,,,,,543.469049,1584223,No common adduct match,[2M+CH3COO]-,
"PA(20:2(11Z,14Z)/18:1(9Z))",C41H75O8P,175.0957,MTBLS11904,771.4851,596.3894,,,,,,,362.279849,885325.51,No common adduct match,[2M+CH3COO]-,
"PA(20:5(5Z,8Z,11Z,14Z,17Z)/22:1(13Z))",C45H77O8P,522.3322,MTBLS11904,790.5486,268.2164,,,,,,,204.200633,348258.45,No common adduct match,[M+ACN+Na]+,
"PA(22:1(13Z)/20:5(5Z,8Z,11Z,14Z,16E)-OH(18R))",C45H77O9P,662.3795,MTBLS11904,810.558,148.1785,,,,,,,84.162733,115863.55,No common adduct match,[M+ACN+Na]+,
"PA(22:2(13Z,16Z)/LTE4)",C48H82NO11PS,660.4366,MTBLS11904,932.5172,272.0806,,,,,,,208.064833,287202.92,No common adduct match,[M+ACN+Na]+,
"PA(22:6(4Z,7Z,10Z,13Z,16Z,19Z)/20:5(5Z,8Z,11Z,14Z,17Z))",C45H67O8P,638.3948,MTBLS11904,384.2347,-254.1601,,,,,,,42.048082,122880.56,No common adduct match,[M+2Na]2+,
PA(2:0/PGJ2),C20H28O3,714.52,MTBLS11904,575.2315,-139.2885,,,,,,,-104.274647,-153456.52,No common adduct match,[M+H-2H2O]+,
PA(6 keto-PGF1alpha/14:1(9Z)),C23H40O8,700.4679,MTBLS11904,755.4116,54.9437,,,,,,,-4.070151,-5359.12,No common adduct match,[M+CH3COO]-,
PA(i-22:0/5-iso PGF2VI),C20H34O5,630.3897,MTBLS11904,816.5488,186.1591,,,,,,,122.143333,175896.27,No common adduct match,[M+ACN+Na]+,
PA(TXB2/i-12:0),C18H30O6,887.5346,MTBLS11904,741.3801,-146.1545,,,,,,,-111.140647,-130367.09,No common adduct match,[M+H-2H2O]+,
Palmitoyl glucuronide,C18H36N2O2,726.52,MTBLS11904,463.2681,-263.2519,,,,,,,77.018882,199402.04,No common adduct match,[M+2Na]2+,
PC 32:3,C40H74NO8P,911.5346,S_33485385,728.5233,-183.0113,,,,,,,-147.997447,-168846.48,No common adduct match,[M+H-2H2O]+,
PC(14:0/16:0),C38H76NO8P,739.5516,MTBLS11904,706.5374,-33.0142,,,,,,,1.999653,2838.25,No common adduct match,[M+H-2H2O]+,
PC(15:0/15:0),C38H76NO8P,825.6611,MTBLS11904,728.5183,-97.1428,,,,,,,-62.128947,-78579.86,No common adduct match,[M+H-2H2O]+,
"PC(15:0/22:6(5Z,7Z,10Z,13Z,16Z,19Z)-OH(4))",C45H78NO9P,855.7081,MTBLS11904,842.5158,-13.1923,,,,,,,3.810988,4543.9,No common adduct match,[M+H-H2O]+,
"PC(16:0/20:4(8Z,11Z,14Z,17Z))",C44H80NO8P,853.6924,MTBLS11904,782.5674,-71.125,,,,,,,-36.111147,-44109.07,No common adduct match,[M+H-2H2O]+,
"PC(16:0/22:6(4Z,7Z,10Z,13Z,16Z,19Z))",C46H80NO8P,871.6455,MTBLS11904,850.5592,-21.0863,,,,,,,-2.068459,-2425.98,No common adduct match,[M-H2O-H]-,
PC(16:1(9Z)/16:0),C40H78NO8P,905.7237,MTBLS11904,732.5524,-173.1713,,,,,,,-138.157447,-158672.2,No common adduct match,[M+H-2H2O]+,
PC(16:1(9Z)/P-18:1(11Z)),C42H80NO7P,765.5672,MTBLS11904,742.5724,-22.9948,,,,,,,-3.976959,-5327.12,No common adduct match,[M-H2O-H]-,
PC(17:1/0:0),C25H50NO7P,827.6768,MTBLS11904,530.3204,-297.3564,,,,,,,93.492782,214026.72,No common adduct match,[M+2Na]2+,
"PC(17:2(9Z,12Z)/0:0)",C25H48NO7P,819.6142,MTBLS11904,504.3088,-315.3054,,,,,,,71.512482,165233.57,No common adduct match,[M+2Na]2+,
PC(18:0/18:1(11Z)),C44H86NO8P,705.5309,MTBLS11904,770.6032,65.0723,,,,,,,1.056533,1372.93,No common adduct match,[M+ACN+Na]+,
"PC(18:0/18:2(9Z,12Z))",C44H84NO8P,705.5309,MTBLS11904,830.59,125.0591,,,,,,,61.043333,79323.76,No common adduct match,[M+ACN+Na]+,
"PC(18:0/18:3(9Z,12Z,15Z))",C44H82NO8P,807.5414,MTBLS11904,766.5677,-40.9737,,,,,,,-5.959847,-7714.74,No common adduct match,[M+H-2H2O]+,
"PC(18:0/20:3(8Z,11Z,14Z))",C46H86NO8P,781.5622,MTBLS11904,812.6146,31.0524,,,,,,,-3.917002,-4797.12,No common adduct match,[M+Cl]-,
"PC(18:0/22:4(7Z,10Z,13Z,16Z))",C48H88NO8P,805.5622,MTBLS11904,860.6126,55.0504,,,,,,,-3.963451,-4584.27,No common adduct match,[M+CH3COO]-,
"PC(18:0/22:5(7Z,10Z,13Z,16Z,19Z))",C48H86NO8P,731.5465,MTBLS11904,836.6143,105.0678,,,,,,,41.052033,51601.28,No common adduct match,[M+ACN+Na]+,
"PC(18:0/22:6(4Z,7Z,10Z,13Z,16Z,19Z))",C48H84NO8P,741.5672,MTBLS11904,878.5917,137.0245,,,,,,,73.008733,90628.45,No common adduct match,[M+ACN+Na]+,
"PC(18:1(11Z)/18:3(6Z,9Z,12Z))",C44H80NO8P,507.3325,MTBLS11904,826.5587,319.2262,,,,,,,-187.099024,-184578.11,No common adduct match,[2M-H]-,
"PC(18:1(11Z)/18:3(9Z,12Z,15Z))",C44H80NO8P,505.3168,MTBLS11904,764.5545,259.2377,,,,,,,195.221933,342896.13,No common adduct match,[M+ACN+Na]+,
"PC(18:1(12Z)-2OH(9,10)/P-16:0)",C42H82NO9P,787.6091,MTBLS11904,776.579,-11.0301,,,,,,,5.973188,7751.29,No common adduct match,[M+H-H2O]+,
PC(18:1(9Z)/P-16:0),C42H82NO7P,785.5935,MTBLS11904,788.5795,2.986,,,,,,,1.978724,2515.54,No common adduct match,[M+H]+,
PC(18:1(9Z)/P-18:1(9Z)),C44H84NO7P,783.5778,MTBLS11904,814.5953,31.0175,,,,,,,-3.951902,-4827.95,No common adduct match,[M+Cl]-,
PC(18:1(9Z)e/2:0),C28H56NO7P,811.6091,MTBLS11904,572.3673,-239.2418,,,,,,,143.573532,334831.2,No common adduct match,[M+2Na]2+,
"PC(18:2(9Z,12Z)/14:0)",C40H76NO8P,837.6248,MTBLS11904,730.5363,-107.0885,,,,,,,-72.074647,-89800.23,No common adduct match,[M+H-2H2O]+,
"PC(18:2(9Z,12Z)/18:0)",C44H84NO8P,835.6091,MTBLS11904,786.5984,-49.0107,,,,,,,-13.996847,-17483.05,No common adduct match,[M+H-2H2O]+,
"PC(18:2(9Z,12Z)/18:2(9Z,12Z))",C44H80NO8P,833.5935,MTBLS11904,820.5232,-13.0703,,,,,,,3.932988,4816.35,No common adduct match,[M+H-H2O]+,
"PC(18:2(9Z,12Z)/22:4(7Z,10Z,13Z,16Z))",C48H84NO8P,781.5622,MTBLS11904,816.5857,35.0235,,,,,,,0.054098,66.25,No common adduct match,[M+Cl]-,
"PC(18:3(9Z,12Z,15Z)/16:0)",C42H78NO8P,781.5622,MTBLS11904,756.552,-25.0102,,,,,,,-5.992359,-7858.37,No common adduct match,[M-H2O-H]-,
"PC(18:3(9Z,12Z,15Z)/20:1(11Z))",C46H84NO8P,775.5727,MTBLS11904,792.5855,17.0128,,,,,,,-1.021023,-1286.56,No common adduct match,[M+NH4]+,
PC(20:0/0:0),C28H58NO7P,743.5829,MTBLS11904,574.3835,-169.1994,,,,,,,-134.185547,-189375.4,No common adduct match,[M+H-2H2O]+,
"PC(20:0/20:5(5Z,8Z,11Z,14Z,17Z))",C48H86NO8P,769.5985,MTBLS11904,858.5981,88.9996,,,,,,,24.983833,29970.5,No common adduct match,[M+ACN+Na]+,
"PC(20:2(11Z,14Z)/22:6(4Z,7Z,10Z,13Z,16Z,19Z))",C50H84NO8P,549.3794,MTBLS11904,902.5911,353.2117,,,,,,,-195.160424,-177781.97,No common adduct match,[2M-H]-,
"PC(20:3(5Z,8Z,11Z)/18:4(6Z,9Z,12Z,15Z))",C46H78NO8P,729.5309,MTBLS11904,817.5564,88.0255,,,,,,,24.009733,30256.23,No common adduct match,[M+ACN+Na]+,
"PC(20:3(5Z,8Z,11Z)/PGE1)",C48H84NO11P,785.5935,MTBLS11904,920.5372,134.9437,,,,,,,70.927933,83483,No common adduct match,[M+ACN+Na]+,
"PC(20:4(8Z,11Z,14Z,17Z)-2OH(5S,6R)/P-18:0)",C46H84NO9P,781.5622,MTBLS11904,790.5702,9.008,,,,,,,8.000724,10223.66,No common adduct match,[M+H]+,
"PC(20:4(8Z,11Z,14Z,17Z)/18:0)",C46H84NO8P,833.5935,MTBLS11904,810.598,-22.9955,,,,,,,-3.977659,-4883.11,No common adduct match,[M-H2O-H]-,
"PC(20:4(8Z,11Z,14Z,17Z)/18:2(9Z,12Z))",C46H80NO8P,755.5465,MTBLS11904,828.5491,73.0026,,,,,,,8.986833,10965.41,No common adduct match,[M+ACN+Na]+,
"PC(20:5(5Z,8Z,11Z,14Z,17Z)/16:0)",C44H78NO8P,809.5935,MTBLS11904,780.551,-29.0425,,,,,,,5.971353,7709.15,No common adduct match,[M+H-2H2O]+,
"PC(20:5(5Z,8Z,11Z,14Z,17Z)/P-18:1(11Z))",C46H80NO7P,551.3951,MTBLS11904,834.5628,283.1677,,,,,,,219.151933,356106.7,No common adduct match,[M+ACN+Na]+,
"PC(22:1(13Z)/22:5(4Z,7Z,10Z,13Z,16Z))",C52H92NO8P,835.6091,MTBLS11904,907.6877,72.0786,,,,,,,8.062833,8962.44,No common adduct match,[M+ACN+Na]+,
PC(22:1(13Z)/LTE4),C53H95N2O11PS,857.5935,MTBLS11904,1019.609,162.0155,,,,,,,97.999733,106335.45,No common adduct match,[M+ACN+Na]+,
"PC(22:3(10Z,13Z,16Z)/20:4(5Z,8Z,11Z,14Z)-OH(16R))",C51H88NO9P,803.5465,MTBLS11904,934.6169,131.0704,,,,,,,67.054633,77290.86,No common adduct match,[M+ACN+Na]+,
"PC(22:5(4Z,7Z,10Z,13Z,16Z)/P-18:1(9Z))",C48H84NO7P,881.5782,MTBLS11904,818.6017,-62.9765,,,,,,,-27.962647,-33030.74,No common adduct match,[M+H-2H2O]+,
"PC(22:6(4Z,7Z,10Z,13E,15E,19Z)-OH(17)/18:3(9Z,12Z,15Z))",C48H78NO9P,825.5884,MTBLS11904,844.5439,18.9555,,,,,,,0.921677,1092.52,No common adduct match,[M+NH4]+,
"PC(22:6(4Z,7Z,10Z,13Z,16Z,19Z)/18:3(6Z,9Z,12Z))",C48H78NO8P,809.5935,MTBLS11904,841.5573,31.9638,,,,,,,-3.005602,-3558.77,No common adduct match,[M+Cl]-,
"PC(22:6(4Z,7Z,10Z,13Z,16Z,19Z)/18:4(6Z,9Z,12Z,15Z))",C48H76NO8P,805.5622,MTBLS11904,826.5341,20.9719,[M+Na-2H]-,-,-1,1,826.536865,20.974665,-0.002765,-3.35,Matched,[M+Na-2H]-,[M+Na-2H]- (err -0.002765 Da)
"PC(22:6(4Z,7Z,10Z,13Z,16Z,19Z)/P-16:0)",C46H80NO7P,779.5465,MTBLS11904,834.567,55.0205,,,,,,,-3.993351,-4762.15,No common adduct match,[M+CH3COO]-,
"PC(22:6(4Z,7Z,10Z,13Z,16Z,19Z)/P-18:0)",C48H84NO7P,789.5672,MTBLS11904,862.5951,73.0279,,,,,,,9.012133,10558,No common adduct match,[M+ACN+Na]+,
"PC(22:6(4Z,7Z,10Z,13Z,16Z,19Z)/P-18:1(9Z))",C48H82NO7P,889.6561,MTBLS11904,860.58,-29.0761,,,,,,,5.937753,6947.65,No common adduct match,[M+H-2H2O]+,
"PC(2:0/20:5(7Z,9Z,11E,13E,17Z)-3OH(5,6,15))",C30H50NO11P,998.6394,MTBLS11904,654.2955,-344.3439,,,,,,,131.986582,252698.31,No common adduct match,[M+2Na]2+,
"PC(2:0/22:6(5Z,8E,10Z,13Z,15E,19Z)-2OH(7S, 17S))",C32H52NO10P,889.6197,MTBLS11904,642.3449,-247.2748,,,,,,,174.545832,373121.38,No common adduct match,[M+2Na]2+,
"PC(LTE4/22:2(13Z,16Z))",C53H93N2O11PS,817.5985,MTBLS11904,521.2984,-296.3001,,,,,,,89.509932,207300.42,No common adduct match,[M+2Na]2+,
"PC(O-16:0/22:6(4Z,7Z,10Z,13Z,16Z,19Z))",C46H82NO7P,843.5414,MTBLS11904,836.5796,-6.9618,,,,,,,-5.954524,-7067.4,No common adduct match,[M-H]-,
PC(O-16:1),C42H80NO7P,827.5465,S_24167579,502.326,-325.2205,,,,,,,65.563532,150112.56,No common adduct match,[M+2Na]2+,
PC(O-18:1(11Z)/16:0),C42H84NO7P,825.5309,MTBLS11904,746.6037,-78.9272,,,,,,,-43.913347,-55550.16,No common adduct match,[M+H-2H2O]+,
"PC(P-16:0/20:5(5Z,8Z,11Z,14Z,16E)-OH(18R))",C44H78NO8P,789.5672,MTBLS11904,793.556,3.9888,,,,,,,2.981524,3771.34,No common adduct match,[M+H]+,
PC(P-16:0/2:0),C26H52NO7P,817.5985,MTBLS11904,544.3362,-273.2623,,,,,,,112.547732,260654.79,No common adduct match,[M+2Na]2+,
PC(P-18:0/18:3),C44H82NO7P,815.5829,MTBLS11904,790.5738,-25.0091,,,,,,,-5.991259,-7521.37,No common adduct match,[M-H2O-H]-,
PC(P-18:0/20:5),C46H82NO7P,631.3121,MTBLS11904,792.5856,161.2735,,,,,,,97.257733,139873.2,No common adduct match,[M+ACN+Na]+,
"PC(P-18:1(11Z)/20:4(5Z,8Z,11Z,14Z)-OH(20))",C46H82NO8P,641.3329,MTBLS11904,821.5873,180.2544,,,,,,,116.238633,164795.99,No common adduct match,[M+ACN+Na]+,
PC(P-18:1(9Z)/PGJ2),C46H80NO9P,996.6238,MTBLS11904,842.5298,-154.094,,,,,,,-119.080147,-123834.15,No common adduct match,[M+H-2H2O]+,
PC(TXB2/18:0),C46H86NO12P,791.5829,MTBLS11904,896.5619,104.979,,,,,,,40.963233,47876.69,No common adduct match,[M+ACN+Na]+,
"PE(14:0/18:2(9Z,12Z))",C37H70NO8P,729.5309,MTBLS11904,726.4466,-3.0843,,,,,,,-2.077024,-2851,No common adduct match,[M-H]-,
"PE(14:0/20:2(11Z,14Z))",C39H74NO8P,761.5935,MTBLS11904,716.5218,-45.0717,,,,,,,-10.057847,-13842.73,No common adduct match,[M+H-2H2O]+,
"PE(14:0/20:5(5Z,8Z,11Z,14Z,17Z))",C39H68NO8P,727.5516,MTBLS11904,377.7243,-349.8273,,,,,,,1.950253,5189.96,No common adduct match,[M+H+Na]2+,
PE(14:0/24:0),C43H86NO8P,721.5046,MTBLS11904,814.5705,93.0659,,,,,,,29.050133,36982.02,No common adduct match,[M+ACN+Na]+,
"PE(15:0/20:2(11Z,14Z))",C40H76NO8P,757.5985,MTBLS11904,752.5131,-5.0854,,,,,,,-4.078124,-5390.13,No common adduct match,[M-H]-,
"PE(15:0/20:4(5Z,8Z,11Z,14Z)-OH(20))",C40H72NO9P,773.5359,MTBLS11904,393.7376,-379.7983,,,,,,,-4.021321,-10109.94,No common adduct match,[M-H+Na]2-,
PE(15:0/22:1(13Z)),C42H82NO8P,723.5203,MTBLS11904,804.5748,81.0545,,,,,,,17.038733,21635.5,No common adduct match,[M+ACN+Na]+,
PE(15:1(9Z)),C20H40NO7P,751.5516,S_24167579,460.2466,-291.305,,,,,,,61.481582,154179.98,No common adduct match,[M+2Na]2+,
"PE(16:0/20:2(11Z,14Z))",C41H78NO8P,749.5359,MTBLS11904,766.5315,16.9956,,,,,,,-1.038223,-1352.61,No common adduct match,[M+NH4]+,
"PE(16:0/20:4(5Z,8Z,11Z,14Z))",C41H74NO8P,687.4839,MTBLS11904,738.5066,51.0227,,,,,,,6.024499,8224.77,No common adduct match,[M+FA-H]- / [M+HCOO]-,
"PE(16:0/22:6(4Z,7Z,10Z,13Z,16Z,19Z))",C43H74NO8P,715.5152,MTBLS11904,762.5066,46.9914,,,,,,,1.993199,2620.86,No common adduct match,[M+FA-H]- / [M+HCOO]-,
PE(16:1(9Z)/P-18:1(9Z)),C39H74NO7P,709.4683,MTBLS11904,722.5037,13.0354,,,,,,,-4.998423,-6870.66,No common adduct match,[M+NH4]+,
PE(18:0/18:0),C41H82NO8P,775.6091,MTBLS11904,768.5539,-7.0552,,,,,,,-6.047924,-7807.78,No common adduct match,[M-H]-,
"PE(18:0/18:2(9Z,12Z))",C41H78NO8P,729.5309,MTBLS11904,742.5386,13.0077,,,,,,,-5.026123,-6723.33,No common adduct match,[M+NH4]+,
"PE(18:0/20:4(8Z,11Z,14Z,17Z))",C43H78NO8P,741.4945,MTBLS11904,750.5411,9.0466,,,,,,,8.039324,10827.35,No common adduct match,[M+H]+,
"PE(18:0/22:4(7Z,10Z,13Z,16Z))",C45H82NO8P,759.5778,MTBLS11904,840.5739,80.9961,,,,,,,16.980333,20617.37,No common adduct match,[M+ACN+Na]+,
"PE(18:0/22:6(4Z,7Z,10Z,13Z,16Z,19Z))",C45H78NO8P,437.2542,MTBLS11904,792.5549,355.3007,,,,,,,-80.946224,-92668.71,No common adduct match,[2M-H]-,
PE(18:1(11Z)/18:0),C41H80NO8P,743.5465,MTBLS11904,766.5384,22.9919,[M+Na]+,+,1,1,766.535718,22.989218,0.002682,3.5,Matched,[M+Na]+,[M+Na]+ (err 0.002682 Da)
"PE(18:1(11Z)/20:4(5Z,8Z,11Z,14Z))",C43H76NO8P,739.5152,MTBLS11904,764.5221,25.0069,,,,,,,2.017682,2646.12,No common adduct match,[M+Na]+,
"PE(18:1(11Z)/20:4(8Z,11Z,14Z,17Z))",C43H76NO8P,763.5152,MTBLS11904,748.5263,-14.9889,,,,,,,2.014388,2698.4,No common adduct match,[M+H-H2O]+,
"PE(18:1(9Z)/18:3(9Z,12Z,15Z))",C41H74NO8P,699.5203,MTBLS11904,738.507,38.9867,,,,,,,0.023542,31.88,No common adduct match,[M+K]+,
"PE(18:2(9Z,12Z)/20:5(5Z,8Z,11Z,14Z,17Z))",C43H72NO8P,747.5778,MTBLS11904,762.5033,14.9255,,,,,,,-3.108323,-4059.92,No common adduct match,[M+NH4]+,
"PE(18:3(9Z,12Z,15Z)/18:2(9Z,12Z))",C41H72NO8P,743.5465,MTBLS11904,736.4916,-7.0549,,,,,,,-6.047624,-8144.52,No common adduct match,[M-H]-,
"PE(20:0/18:4(6Z,9Z,12Z,15Z))",C43H78NO8P,767.5465,MTBLS11904,768.5525,1.006,[M+H]+,+,1,1,768.553776,1.007276,-0.001276,-1.66,Matched,[M+H]+,[M+H]+ (err -0.001276 Da)
"PE(20:0/20:4(5Z,8Z,11Z,14Z)-OH(19S))",C45H82NO9P,795.5778,MTBLS11904,810.5642,14.9864,,,,,,,-3.047423,-3745.55,No common adduct match,[M+NH4]+,
"PE(20:0/22:6(5Z,7Z,10Z,13Z,16Z,19Z)-OH(4))",C47H82NO9P,791.5465,MTBLS11904,870.5465,79,,,,,,,14.984233,17513.9,No common adduct match,[M+ACN+Na]+,
PE(20:2/0:0),C25H48NO7P,745.5622,MTBLS11904,504.3091,-241.2531,,,,,,,108.538782,274246.9,No common adduct match,[M+2Na]2+,
"PE(20:3(5Z,8Z,11Z)/16:0)",C41H76NO8P,765.5309,MTBLS11904,722.5123,-43.0186,,,,,,,-8.004747,-10957.65,No common adduct match,[M+H-2H2O]+,
"PE(20:3(6,8,11)-OH(5)/22:1(13Z))",C47H86NO9P,765.5309,MTBLS11904,838.5957,73.0648,,,,,,,9.049033,10908.41,No common adduct match,[M+ACN+Na]+,
"PE(20:3(8Z,11Z,14Z)/24:1(15Z))",C49H90NO8P,739.5152,MTBLS11904,869.6712,130.156,,,,,,,66.140233,82311.99,No common adduct match,[M+ACN+Na]+,
"PE(20:4(5Z,8Z,11Z,13E)-OH(15S)/22:1(13Z))",C47H84NO9P,761.4996,MTBLS11904,872.5623,111.0627,,,,,,,47.046933,56990.98,No common adduct match,[M+ACN+Na]+,
"PE(20:4(5Z,8Z,11Z,14Z)/6 keto-PGF1alpha)",C45H76NO12P,737.4996,MTBLS11904,874.4821,136.9825,,,,,,,72.966733,91035.98,No common adduct match,[M+ACN+Na]+,
"PE(20:4(6Z,8E,10E,14Z)-2OH(5S,12R)/20:0)",C45H82NO10P,767.5465,MTBLS11904,850.5519,83.0054,,,,,,,18.989633,22836.09,No common adduct match,[M+ACN+Na]+,
"PE(20:4(8Z,11Z,14Z,17Z)-2OH(5S,6R)/DiMe(13,5))",C49H84NO11P,811.5727,MTBLS11904,458.787,-352.7857,,,,,,,30.011432,69993.34,No common adduct match,[M+2Na]2+,
"PE(20:5(5Z,8Z,11Z,14Z,17Z)/18:0)",C43H76NO8P,835.5727,MTBLS11904,748.5255,-87.0472,,,,,,,-52.033347,-64996.28,No common adduct match,[M+H-2H2O]+,
"PE(22:0/20:3(8Z,11Z,14Z)-2OH(5,6))",C47H88NO10P,505.3168,MTBLS11904,856.6067,351.2899,,,,,,,-153.019624,-151560.65,No common adduct match,[2M-H]-,
PE(22:1(13Z)/15:0),C42H82NO8P,741.5309,MTBLS11904,724.5677,-16.9632,,,,,,,0.040088,55.33,No common adduct match,[M+H-H2O]+,
"PE(22:6(4Z,7Z,10Z,13E,15E,19Z)-OH(17)/22:1(13Z))",C49H84NO9P,839.604,MTBLS11904,900.56,60.956,,,,,,,1.942149,2161.26,No common adduct match,[M+CH3COO]-,
"PE(22:6(4Z,7Z,10Z,13E,15E,19Z)-OH(17)/22:2(13Z,16Z))",C49H82NO9P,851.6404,MTBLS11904,904.566,52.9256,,,,,,,-6.088251,-6685.58,No common adduct match,[M+CH3COO]-,
"PE(22:6(4Z,7Z,10Z,13Z,16Z,19Z)/14:1(9Z))",C41H68NO8P,837.5884,MTBLS11904,378.7322,-458.8562,,,,,,,-39.054724,-93480,No common adduct match,[M-2H]2-,
"PE(22:6(4Z,7Z,10Z,13Z,16Z,19Z)/18:1(9Z))",C45H76NO8P,853.5105,MTBLS11904,770.5117,-82.9988,,,,,,,-47.984947,-58625.71,No common adduct match,[M+H-2H2O]+,
"PE(22:6(4Z,7Z,10Z,13Z,16Z,19Z)/20:0)",C47H82NO8P,827.5676,MTBLS11904,864.5739,37.0063,,,,,,,0.057695,66.74,No common adduct match,[M+K-2H]-,
"PE(22:6(4Z,7Z,10Z,13Z,16Z,19Z)/24:0)",C51H90NO8P,893.5782,MTBLS11904,840.6217,-52.9565,,,,,,,-17.942647,-20898.43,No common adduct match,[M+H-2H2O]+,
PE(24:1(15Z)/15:0),C44H86NO8P,765.5309,MTBLS11904,832.6062,67.0753,,,,,,,3.059533,3688.2,No common adduct match,[M+ACN+Na]+,
"PE(DiMe(13,5)/22:6(5Z,7Z,10Z,13Z,16Z,19Z)-OH(4))",C51H84NO10P,857.6146,MTBLS11904,938.5339,80.9193,,,,,,,16.903533,18340.9,No common adduct match,[M+ACN+Na]+,
"PE(P-16:0/22:2(13Z,16Z))",C43H82NO7P,759.5778,MTBLS11904,790.5472,30.9694,,,,,,,-4.000002,-5034.32,No common adduct match,[M+Cl]-,
"PE(P-16:0/22:6(4Z,7Z,10Z,13Z,16Z,19Z))",C43H74NO7P,861.5884,MTBLS11904,746.5128,-115.0756,,,,,,,-80.061747,-96859.68,No common adduct match,[M+H-2H2O]+,
"PE(P-18:0/20:4(8Z,11Z,14Z,17Z))",C43H78NO7P,859.5727,MTBLS11904,774.5412,-85.0315,,,,,,,-50.017647,-60659.89,No common adduct match,[M+H-2H2O]+,
PE(P-18:0/20:4),C43H78NO7P,733.4683,MTBLS11904,752.557,19.0887,,,,,,,1.054877,1403.69,No common adduct match,[M+NH4]+,
"PE(P-18:0/22:6(4Z,7Z,10Z,13Z,16Z,19Z))",C45H78NO7P,789.5309,MTBLS11904,776.5571,-12.9738,,,,,,,4.029488,5215.98,No common adduct match,[M+H-H2O]+,
PE-NMe(16:0/18:1(11Z)),C40H78NO8P,787.6091,MTBLS11904,776.5438,-11.0653,,,,,,,5.937988,7705.61,No common adduct match,[M+H-H2O]+,
"PE-NMe(16:0/20:3(5Z,8Z,11Z))",C42H78NO8P,901.5833,MTBLS11904,800.5436,-101.0397,,,,,,,-66.025847,-76192.22,No common adduct match,[M+H-2H2O]+,
"PE-NMe(16:0/22:5(4Z,7Z,10Z,13Z,16Z))",C44H78NO8P,755.5829,MTBLS11904,824.5436,68.9607,,,,,,,4.944933,6033.36,No common adduct match,[M+ACN+Na]+,
"PE-NMe(18:0/22:5(4Z,7Z,10Z,13Z,16Z))",C46H82NO8P,747.5203,MTBLS11904,852.5748,105.0545,,,,,,,41.038733,50569.2,No common adduct match,[M+ACN+Na]+,
"PE-NMe(18:2(9Z,12Z)/20:2(11Z,14Z))",C44H80NO8P,751.5516,MTBLS11904,816.5305,64.9789,,,,,,,0.963133,1180.94,No common adduct match,[M+ACN+Na]+,
"PE-NMe(18:4(6Z,9Z,12Z,15Z)/22:4(7Z,10Z,13Z,16Z))",C46H76NO8P,751.5516,MTBLS11904,815.5405,63.9889,,,,,,,-0.026867,-32.94,No common adduct match,[M+ACN+Na]+,
"PE-NMe(20:0/20:2(11Z,14Z))",C46H88NO8P,775.5516,MTBLS11904,858.6235,83.0719,,,,,,,19.056133,22697.56,No common adduct match,[M+ACN+Na]+,
"PE-NMe(20:2(11Z,14Z)/20:0)",C46H88NO8P,744.6145,MTBLS11904,858.616,114.0015,,,,,,,49.985733,61815.31,No common adduct match,[M+ACN+Na]+,
"PE-NMe(20:2(11Z,14Z)/22:6(4Z,7Z,10Z,13Z,16Z,19Z))",C48H80NO8P,772.6458,MTBLS11904,843.5689,70.9231,,,,,,,6.907333,8255.83,No common adduct match,[M+ACN+Na]+,
"PE-NMe(20:3(5Z,8Z,11Z)/18:1(11Z))",C44H80NO8P,731.5465,MTBLS11904,826.5591,95.0126,,,,,,,30.996833,38962.17,No common adduct match,[M+ACN+Na]+,
"PE-NMe(20:3(8Z,11Z,14Z)/22:5(7Z,10Z,13Z,16Z,19Z))",C48H80NO8P,755.5465,MTBLS11904,874.5603,119.0138,,,,,,,54.998033,67106.59,No common adduct match,[M+ACN+Na]+,
"PE-NMe(20:4(8Z,11Z,14Z,17Z)/24:0)",C50H92NO8P,779.5465,MTBLS11904,848.65,69.1035,,,,,,,5.087733,6031.25,No common adduct match,[M+ACN+Na]+,
"PE-NMe(22:0/22:5(7Z,10Z,13Z,16Z,19Z))",C50H90NO8P,807.5778,MTBLS11904,900.5932,93.0154,,,,,,,28.999633,33271.97,No common adduct match,[M+ACN+Na]+,
"PE-NMe(22:2(13Z,16Z)/18:3(6Z,9Z,12Z))",C46H82NO8P,781.5622,MTBLS11904,844.531,62.9688,,,,,,,-1.046967,-1238.17,No common adduct match,[M+ACN+Na]+,
"PE-NMe(22:5(4Z,7Z,10Z,13Z,16Z)/18:2(9Z,12Z))",C46H78NO8P,801.5309,MTBLS11904,848.5433,47.0124,,,,,,,2.014199,2379.36,No common adduct match,[M+FA-H]- / [M+HCOO]-,
"PE-NMe(22:6(4Z,7Z,10Z,13Z,16Z,19Z)/15:0)",C43H74NO8P,813.6248,MTBLS11904,777.5246,-36.1002,,,,,,,-1.086347,-1395.24,No common adduct match,[M+H-2H2O]+,
"PE-NMe(22:6(4Z,7Z,10Z,13Z,16Z,19Z)/16:0)",C44H76NO8P,813.6248,MTBLS11904,822.527,8.9022,,,,,,,7.894924,9691.4,No common adduct match,[M+H]+,
"PE-NMe(22:6(4Z,7Z,10Z,13Z,16Z,19Z)/20:1(11Z))",C48H82NO8P,829.5622,MTBLS11904,876.5744,47.0122,,,,,,,2.013999,2302.87,No common adduct match,[M+FA-H]- / [M+HCOO]-,
"PE-NMe2(14:0/20:2(11Z,14Z))",C41H78NO8P,781.5622,MTBLS11904,788.5395,6.9773,,,,,,,5.970024,7628.75,No common adduct match,[M+H]+,
"PE-NMe2(14:1(9Z)/22:5(7Z,10Z,13Z,16Z,19Z))",C43H74NO8P,829.5622,MTBLS11904,796.5443,-33.0179,,,,,,,1.995953,2512.06,No common adduct match,[M+H-2H2O]+,
"PE-NMe2(15:0/18:2(9Z,12Z))",C40H76NO8P,865.6561,MTBLS11904,774.5283,-91.1278,,,,,,,-56.113947,-67554.89,No common adduct match,[M+H-2H2O]+,
"PE-NMe2(15:0/20:2(11Z,14Z))",C42H80NO8P,863.6404,MTBLS11904,796.5241,-67.1163,,,,,,,-32.102447,-38741.76,No common adduct match,[M+H-2H2O]+,
"PE-NMe2(15:0/20:4(8Z,11Z,14Z,17Z))",C42H76NO8P,807.5778,MTBLS11904,798.5282,-9.0496,,,,,,,7.953688,10060.64,No common adduct match,[M+H-H2O]+,
PE-NMe2(20:1(11Z)/16:0),C43H84NO8P,803.5465,MTBLS11904,818.5897,15.0432,,,,,,,-2.990623,-3640.09,No common adduct match,[M+NH4]+,
"PE-NMe2(20:5(5Z,8Z,11Z,14Z,17Z)/18:2(9Z,12Z))",C45H76NO8P,763.5152,MTBLS11904,807.5704,44.0552,,,,,,,-0.91596,-1132.93,No common adduct match,[M+2Na-H]+,
"PE-NMe2(22:6(4Z,7Z,10Z,13Z,16Z,19Z)/16:0)",C45H78NO8P,777.5309,MTBLS11904,790.5412,13.0103,,,,,,,-5.023523,-6314.41,No common adduct match,[M+NH4]+,
"PE-NMe2(22:6(4Z,7Z,10Z,13Z,16Z,19Z)/18:3(6Z,9Z,12Z))",C47H76NO8P,831.5778,MTBLS11904,831.5678,-0.01,,,,,,,0.997276,1200.71,No common adduct match,[M-H]-,
"PG(20:4(5Z,8Z,11Z,14Z)/18:0)",C44H79O10P,743.5465,MTBLS11904,812.5478,69.0013,,,,,,,4.985533,6173.56,No common adduct match,[M+ACN+Na]+,
"PG(20:4(8Z,11Z,14Z,17Z)/20:5(7Z,9Z,11E,13E,17Z)-3OH(5,6,15))",C46H73O13P,763.5152,MTBLS11904,433.247,-330.2682,,,,,,,28.500182,70414.84,No common adduct match,[M+2Na]2+,
"PG(22:5(7Z,10Z,13Z,16Z,19Z)/22:5(4Z,7Z,10Z,13Z,19Z)-O(16,17))",C50H77O11P,729.5309,MTBLS11904,443.2709,-286.26,,,,,,,55.516232,143173.6,No common adduct match,[M+2Na]2+,
PG(5-iso PGF2VI/a-13:0),C37H67O13P,757.5622,MTBLS11904,731.4085,-26.1537,,,,,,,-7.135859,-9662.06,No common adduct match,[M-H2O-H]-,
"PG(a-13:0/18:2(9Z,11Z))",C37H69O10P,753.5309,MTBLS11904,722.503,-31.0279,,,,,,,3.985953,5547.47,No common adduct match,[M+H-2H2O]+,
"PG(i-12:0/18:2(9Z,11Z))",C36H67O10P,773.5935,MTBLS11904,708.4875,-65.106,,,,,,,-30.092147,-40743.27,No common adduct match,[M+H-2H2O]+,
"PGP(20:4(6E,8Z,11Z,13E)-2OH(5S,15S)/i-19:0)",C45H82O15P2,789.5309,MTBLS11904,923.4965,133.9656,,,,,,,69.949833,81951.97,No common adduct match,[M+ACN+Na]+,
PGP(i-12:0/i-22:0),C40H80O13P2,791.5465,MTBLS11904,844.526,52.9795,,,,,,,-6.034351,-7094.56,No common adduct match,[M+CH3COO]-,
PGP(i-24:0/PGD2),C23H23Cl2N3O3,813.5309,MTBLS11904,528.2787,-285.2522,,,,,,,98.524032,229256.46,No common adduct match,[M+2Na]2+,
Phe Phe,C9H11NO2,798.5411,MTBLS11904,313.154,-485.3871,,,,,,,-85.109274,-213701.03,No common adduct match,[M-2H]2-,
Phenol sulphate3,C7H11NO5S,864.4789,ST003159,172.99,-691.4889,,,,,,,-258.242174,-598847.19,No common adduct match,[M-2H]2-,
phosphatidylcholine,C40H80NO6P,884.5204,MTBLS1219,734.5694,-149.951,,,,,,,-114.937147,-135298.72,No common adduct match,[M+H-2H2O]+,
phospholipid,C20H42NO7P,750.4319,S_24167579,440.2799,-310.152,,,,,,,42.074732,105660.94,No common adduct match,[M+2Na]2+,
Phytochemical,C12H14O4,704.4628,S_24167579,223.0963,-481.3665,,,,,,,-128.127824,-364803.6,No common adduct match,[M-2H]2-,
Phytochemical,C12H14O4,704.4628,S_24167579,223.0961,-481.3667,,,,,,,-128.128024,-364804.17,No common adduct match,[M-2H]2-,
PI(16:0/18:1(9Z)),C43H81O13P,830.5074,MTBLS11904,854.5812,24.0738,,,,,,,1.084582,1270.75,No common adduct match,[M+Na]+,
PI(18:0/PGJ2),C20H30O4,165.079,MTBLS11904,470.265,305.186,,,,,,,81.093149,208373.62,No common adduct match,[2M+CH3COO]-,
PI(O-16:0/12:0),C37H73O12P,221.0358,S_24167579,763.466,542.4302,,,,,,,262.380549,523624.36,No common adduct match,[2M+CH3COO]-,
Piperidines,C5H12N2O2S,439.2699,MTBLS11904,329.1925,-110.0774,,,,,,,-75.063547,-185683.18,No common adduct match,[M+H-2H2O]+,
PL,C8H10NO6P,222.0892,MTBLS11904,563.2845,341.1953,,,,,,,60.092249,119422.05,No common adduct match,[2M+CH3COO]-,
polyphenolic compound,C20H19N3O2,836.5415,S_24167579,259.062,-577.4795,,,,,,,-158.201474,-379140.48,No common adduct match,[M-2H]2-,
Polypodine B,C27H44O8,806.4945,MTBLS11904,517.2794,-289.2151,,,,,,,91.042932,213597.24,No common adduct match,[M+2Na]2+,
Polyporenic acid C,C30H40O2,334.2144,MTBLS11904,500.3782,166.1638,,,,,,,102.148033,256505.01,No common adduct match,[M+ACN+Na]+,
Polyporusterone C,C21H32O2,740.484,MTBLS11904,475.3052,-265.1788,,,,,,,82.073982,208716.85,No common adduct match,[M+2Na]2+,
"Polypropylene glycol (m w 1,200-3,000)",C6H12O4,244.0736,MTBLS11904,135.1014,-108.9722,,,,,,,1.066353,7955.78,No common adduct match,[M+H+Na]2+,
Polysorbate 20,C6H7KO2,164.0619,MTBLS11904,503.3211,339.2592,,,,,,,116.183449,300108.89,No common adduct match,[2M+CH3COO]-,
Possible bile acid,C24H32O4,247.0246,S_24167579,385.237,138.2124,,,,,,,74.196633,238543.42,No common adduct match,[M+ACN+Na]+,
Possible flavonoid,C21H18O7,241.0773,S_24167579,383.116,142.0387,,,,,,,78.022933,255734.86,No common adduct match,[M+ACN+Na]+,
Possible prenol lipid,C20H32O,492.2674,S_24167579,289.251,-203.0164,,,,,,,20.128082,74791.41,No common adduct match,[M+2Na]2+,
PS(14:0/16:0),C36H70NO10P,496.3036,MTBLS11904,771.4827,275.1791,,,,,,,211.163333,376862.46,No common adduct match,[M+ACN+Na]+,
"PS(15:0/18:2(9Z,11E)+=O(13))",C39H70NO11P,432.3028,MTBLS11904,402.7206,-29.5822,,,,,,,5.431653,13671.79,No common adduct match,[M+H-2H2O]+,
PS(15:0/22:0),C43H84NO10P,316.2402,MTBLS11904,838.6145,522.3743,,,,,,,147.120249,212757.01,No common adduct match,[2M+CH3COO]-,
PS(18:0/18:0),C42H82NO10P,148.0736,MTBLS11904,756.5498,608.4762,,,,,,,401.388749,1130159.82,No common adduct match,[2M+CH3COO]-,
"PS(18:1(11Z)/18:2(9Z,12Z))",C42H76NO10P,150.0083,MTBLS11904,806.4945,656.4862,,,,,,,447.464049,1246312.25,No common adduct match,[2M+CH3COO]-,
"PS(18:1(11Z)/22:5(7Z,10Z,13Z,16Z,19Z))",C46H78NO10P,384.2301,MTBLS11904,858.5212,474.2911,,,,,,,31.047149,37520.39,No common adduct match,[2M+CH3COO]-,
"PS(18:1(12Z)-2OH(9,10)/22:0)",C46H88NO12P,382.1053,MTBLS11904,898.5781,516.4728,,,,,,,75.353649,91534.76,No common adduct match,[2M+CH3COO]-,
"PS(18:3(9,11,15)-OH(13)/22:1(13Z))",C46H82NO11P,288.2453,MTBLS11904,894.521,606.2757,,,,,,,259.016549,407576.29,No common adduct match,[2M+CH3COO]-,
"PS(18:3(9Z,12Z,15Z)/18:0)",C42H76NO10P,65.96931,MTBLS11904,849.5413,783.57199,,,,,,,658.588829,3448967.3,No common adduct match,[2M+CH3COO]-,
"PS(20:0/18:1(12Z)-2OH(9,10))",C44H84NO12P,707.4737,MTBLS11904,870.5468,163.0731,,,,,,,99.057333,128397.52,No common adduct match,[M+ACN+Na]+,
"PS(20:0/20:3(8Z,11Z,14Z)-2OH(5,6))",C46H84NO12P,759.4686,MTBLS11904,910.521,151.0524,,,,,,,87.036633,105693.12,No common adduct match,[M+ACN+Na]+,
"PS(20:1(11Z)/20:4(5Z,8Z,11Z,14Z))",C46H80NO10P,805.5833,MTBLS11904,818.5323,12.949,,,,,,,-5.084823,-6173.77,No common adduct match,[M+NH4]+,
"PS(20:5(6E,8Z,11Z,14Z,17Z)-OH(5)/24:0)",C50H88NO11P,835.5363,MTBLS11904,930.5821,95.0458,,,,,,,31.030033,34494.98,No common adduct match,[M+ACN+Na]+,
"PS(22:0/20:4(5Z,8Z,11Z,14Z)-OH(20))",C48H86NO11P,877.6044,MTBLS11904,922.5524,44.948,,,,,,,-0.02316,-25.1,No common adduct match,[M+2Na-H]+,
"PS(22:1(13Z)/22:6(5Z,8E,10Z,13Z,15E,19Z)-2OH(7S, 17S))",C50H84NO12P,855.5625,MTBLS11904,966.5394,110.9769,,,,,,,46.961133,51068.12,No common adduct match,[M+ACN+Na]+,
PS(22:1(13Z)/PGJ2),C48H82NO12P,785.5207,MTBLS11904,940.5238,155.0031,,,,,,,90.987333,107102.33,No common adduct match,[M+ACN+Na]+,
"PS(22:2(13Z,16Z)/PGJ2)",C48H80NO12P,849.5731,MTBLS11904,938.5086,88.9355,,,,,,,24.919733,27276.75,No common adduct match,[M+ACN+Na]+,
"PS(22:6(4Z,7Z,10Z,13Z,16Z,19Z)/19:0)",C47H80NO10P,873.5731,MTBLS11904,436.7739,-436.7992,,,,,,,0.994626,2282.41,No common adduct match,[M-2H]2-,
PS(PGJ2/24:0),C50H88NO12P,837.552,MTBLS11904,924.5942,87.0422,,,,,,,23.026433,25540.44,No common adduct match,[M+ACN+Na]+,
"Pyroglutamic acid/ Pyrrolidonecarboxylic acid1,3",C5H8N2O2,859.5363,ST003159,128.04,-731.4963,,,,,,,-300.720874,-701372,No common adduct match,[M-2H]2-,
SM 32:2,C51H99N2O7P,849.552,S_33485385,673.5267,-176.0253,,,,,,,-141.011447,-173118.29,No common adduct match,[M+H-2H2O]+,
SM(d14:1/16:0),C35H71N2O6P,740.5468,MTBLS11904,647.512,-93.0348,,,,,,,-58.020947,-82237.05,No common adduct match,[M+H-2H2O]+,
SM(d14:1/18:1),C37H75N2O6P,786.6615,MTBLS11904,695.5082,-91.1533,,,,,,,-56.139447,-74688.52,No common adduct match,[M+H-2H2O]+,
SM(d16:1/16:0),C37H75N2O6P,1038.907,MTBLS11904,719.5337,-319.3733,,,,,,,177.090982,326469.46,No common adduct match,[M+2Na]2+,
SM(d16:1/18:1),C39H77N2O6P,1020.86,MTBLS11904,701.5577,-319.3023,,,,,,,168.138482,315208.89,No common adduct match,[M+2Na]2+,
SM(d16:1/24:1),C45H89N2O6P,716.5832,MTBLS11904,785.6501,69.0669,,,,,,,5.051133,6470.84,No common adduct match,[M+ACN+Na]+,
SM(d16:1/TXB2),C41H77N2O10P,744.6145,MTBLS11904,787.5206,42.9061,,,,,,,0.872275,1108.85,No common adduct match,[M+ACN+H]+,
"SM(d17:1/20:4(7E,9E,11Z,13E)-3OH(5S,6R,15S))",C42H77N2O9P,770.6302,MTBLS11904,798.553,27.9228,,,,,,,4.933582,6216.56,No common adduct match,[M+Na]+,
"SM(d17:2(4E,8Z)/PGJ2)",C42H73N2O8P,782.6302,MTBLS11904,394.2532,-388.377,,,,,,,1.930824,4921.52,No common adduct match,[M+2H]2+,
SM(d18:0/16:1(9Z)),C39H79N2O6P,792.6145,MTBLS11904,747.5648,-45.0497,,,,,,,-10.035847,-13246.88,No common adduct match,[M+H-2H2O]+,
SM(d18:0/22:0),C45H93N2O6P,646.505,MTBLS11904,833.646,187.141,,,,,,,123.125233,173288.72,No common adduct match,[M+ACN+Na]+,
SM(d18:1/12:0),C35H71N2O6P,674.5363,MTBLS11904,691.5026,16.9663,,,,,,,-1.067523,-1541.39,No common adduct match,[M+NH4]+,
SM(d18:1/6 keto-PGF1alpha),C43H81N2O10P,674.5363,MTBLS11904,431.2714,-243.2649,,,,,,,71.014032,197120.28,No common adduct match,[M+2Na]2+,
"SM(d18:2(4E,14Z)/14:0)",C37H73N2O6P,700.5519,MTBLS11904,717.5184,16.9665,,,,,,,-1.067323,-1485.31,No common adduct match,[M+NH4]+,
"SM(d18:2(4E,14Z)/20:5(7Z,9Z,11E,13E,17Z)-3OH(5,6,15))",C43H75N2O9P,784.6458,MTBLS11904,409.2585,-375.3873,,,,,,,4.937353,12211.46,No common adduct match,[M+H+Na]2+,
"SM(d18:2(4E,14Z)/PGJ2)",C43H75N2O8P,788.5316,MTBLS11904,401.2611,-387.2705,,,,,,,-3.995671,-9859.6,No common adduct match,[M-H+Na]2-,
"SM(d18:2(4E,14Z)/TXB2)",C43H79N2O10P,784.5367,MTBLS11904,813.5374,29.0007,,,,,,,-5.968702,-7283.29,No common adduct match,[M+Cl]-,
"SM(d19:0/22:6(4Z,7Z,11E,13Z,15E,19Z)-2OH(10S,17))",C46H83N2O8P,764.5105,MTBLS11904,864.6205,100.11,,,,,,,36.094233,43564.38,No common adduct match,[M+ACN+Na]+,
"SM(d19:1/20:3(8Z,11Z,14Z)-2OH(5,6))",C44H83N2O8P,702.5676,MTBLS11904,843.5841,141.0165,,,,,,,77.000733,100446.65,No common adduct match,[M+ACN+Na]+,
SM(d19:1/TXB2),C44H83N2O10P,788.6771,MTBLS11904,438.2793,-350.3978,,,,,,,20.951532,50204.02,No common adduct match,[M+2Na]2+,
"SM(d20:1/22:6(5Z,7Z,10Z,13Z,16Z,19Z)-OH(4))",C47H83N2O7P,646.505,MTBLS11904,421.2948,-225.2102,,,,,,,75.053082,216764.99,No common adduct match,[M+2Na]2+,
TG(8:0/8:0/10:0),C29H54O6,844.752,MTBLS11904,521.3803,-323.3717,,,,,,,76.015082,170680.33,No common adduct match,[M+2Na]2+,
TG(8:0/8:0/8:0),C27H50O6,860.7833,MTBLS11904,488.3936,-372.3897,,,,,,,35.012732,77225.87,No common adduct match,[M+2Na]2+,
Trans-4-Hydroxyl L-Proline,C9H16ClN3O3,856.752,S_28880465,131.0582,-725.6938,,,,,,,-296.310524,-693336.94,No common adduct match,[M-2H]2-,
"Tripeptide: Cys, Cys, Cys",C9H17N3O4S3,876.8146,S_24167579,350.029,-526.7856,,,,,,,-87.371024,-199750.84,No common adduct match,[M-2H]2-,
"Tripeptide: Cys, His, Lys",C15H26N6O4S1,886.7989,S_24167579,387.1794,-499.6195,,,,,,,-55.212774,-124805.04,No common adduct match,[M-2H]2-,
Tripeptide: Cys-Lys-His,C15H26N6O4S1,884.7833,S_24167579,387.179,-497.6043,,,,,,,-54.205374,-122807.64,No common adduct match,[M-2H]2-,
"Tripeptide: Leu/Ile, Tyr, Lys",C21H34N4O5,880.752,S_24167579,445.2399,-435.5121,,,,,,,3.856624,8737.58,No common adduct match,[M+2H]2+,
Tripeptide: Leu/Ile-Asp-Arg; Gln-Gln-Lys; Arg-Val-Glu; Val-Val-Trp,C16H30N6O6; C21H30N4O4,942.8615,S_24167579,403.232,-539.6295,,,,,,,-67.191474,-142831.89,No common adduct match,[M-2H]2-,
Tripeptide: Leu/Ile-Lys-Gln,C17H33N5O5,886.7414,S_24167579,388.257,-498.4844,,,,,,,-54.106424,-122312.15,No common adduct match,[M-2H]2-,
Tripeptide: Leu/Ile-Lys-Gln,C17H33N5O5,886.7414,S_24167579,388.2574,-498.484,,,,,,,-54.106024,-122311.25,No common adduct match,[M-2H]2-,
Tripeptide: Thr-Pro-Ala,C12H21N3O5,498.392,S_24167579,288.154,-210.238,,,,,,,15.968782,58668.81,No common adduct match,[M+2Na]2+,
Tripeptide: Thr-Pro-Ala,C12H21N3O5,498.392,S_24167579,288.155,-210.237,,,,,,,15.969782,58672.48,No common adduct match,[M+2Na]2+,
Tryptamine [+2H],C5H4N4O2,470.3607,S_28880465,162.1193,-308.2414,,,,,,,-72.053774,-307694.53,No common adduct match,[M-2H]2-,
tryptophan-d5,C11H12N2O2,249.088,MTBLS1219,208.1134,-40.9746,,,,,,,-5.960747,-27844.31,No common adduct match,[M+H-2H2O]+,
tryptophan-d5,C11H12N2O2,249.088,MTBLS1219,210.1291,-38.9589,,,,,,,-3.945047,-18428.41,No common adduct match,[M+H-2H2O]+,
Tyr-Tyr-OH,C18H20N2O5,327.0381,S_24167579,467.15,140.1119,,,,,,,76.096133,194592.46,No common adduct match,[M+ACN+Na]+,
Uridine - H2O,C18H23N4O14P,386.1736,S_28880465,244.0695,-142.1041,,,,,,,27.993482,129553.86,No common adduct match,[M+2Na]2+,
Vanillic acid [-CO],C18H20N2O3,386.1736,S_28880465,140.0485,-246.1251,,,,,,,-52.031024,-270882.72,No common adduct match,[M-2H]2-,
"?ÇÜ Azimsulfuron; 3-Glucosyl-2,3',4,4',6-pentahydroxybenzophenone",C13H16N10O5S; C19H20O11,422.2529,S_24167579,447.0939,24.841,,,,,,,1.851782,4159.04,No common adduct match,[M+Na]+,
"?ÇÜ Azimsulfuron; 3-Glucosyl-2,3',4,4',6-pentahydroxybenzophenone",C13H16N10O5S; C19H20O11,422.2529,S_24167579,447.0913,24.8384,,,,,,,1.849182,4153.21,No common adduct match,[M+Na]+,
Unknown_198 (carbon number 5); PlaSMA ID-53,C5H8O4,402.2227,S_35829770,131.0351,-271.1876,,,,,,,-69.068974,-345165.25,No common adduct match,[M-2H]2-,
Unknown_199 (carbon number 12); PlaSMA ID-342,C12H22O4,402.2267,S_35829770,229.1445,-173.0822,,,,,,,5.041932,22498.32,No common adduct match,[M+2Na]2+,
Unknown_200 (carbon number 8); PlaSMA ID-119,C8H14O3,387.2482,S_35829770,157.0871,-230.1611,,,,,,,-35.529724,-184458.05,No common adduct match,[M-2H]2-,
Unknown_201 (carbon number 8); PlaSMA ID-181,C8H16O4,287.1481,S_35829770,175.0976,-112.0505,,,,,,,8.534332,51237.78,No common adduct match,[M+2Na]2+,
Unknown_202 (carbon number 5); PlaSMA ID-53,C5H8O4,152.0334,S_35829770,131.035,-20.9984,,,,,,,-1.980559,-14889.68,No common adduct match,[M-H2O-H]-,
Unknown_203 (carbon number 9); PlaSMA ID-161,C9H16O3,204.0899,S_35829770,171.1028,-32.9871,,,,,,,2.026753,11987.23,No common adduct match,[M+H-2H2O]+,
unknown_228,C7H6O2,344.1372,S_35829770,123.0439,-221.0933,,,,,,,-48.017424,-280702.98,No common adduct match,[M-2H]2-,
unknown_229,C8H6O,550.0948,S_35829770,119.049,-431.0458,,,,,,,-154.991124,-565578.21,No common adduct match,[M-2H]2-,
unknown_230,C9H6O2,312.1474,S_35829770,147.0438,-165.1036,,,,,,,-8.022624,-51736.69,No common adduct match,[M-2H]2-,
unknown_231,C9H11NO3,424.1026,S_35829770,165.0544,-259.0482,,,,,,,-45.989624,-217914.83,No common adduct match,[M-2H]2-,
unknown_232,C7H11N,424.1006,S_35829770,110.0964,-314.0042,,,,,,,-100.946624,-478322.49,No common adduct match,[M-2H]2-,
unknown_233,C12H17,132.0423,S_35829770,161.1321,29.0898,,,,,,,-5.879602,-35204.73,No common adduct match,[M+Cl]-,
unknown_234,C11H12N2O,230.1518,S_35829770,189.1021,-41.0497,,,,,,,-6.035847,-30931.18,No common adduct match,[M+H-2H2O]+,
unknown_235,C18H26,158.0943,S_35829770,243.2102,85.1159,,,,,,,21.100133,94998.54,No common adduct match,[M+ACN+Na]+,
unknown_236,C10H9N,176.1049,S_35829770,144.0807,-32.0242,,,,,,,2.989653,21189.53,No common adduct match,[M+H-2H2O]+,
unknown_237,C8H6O,132.0423,S_35829770,119.0491,-12.9932,,,,,,,4.010088,34858.51,No common adduct match,[M+H-H2O]+,
unknown_238,C7H6O2,172.1099,S_35829770,123.044,-49.0659,,,,,,,13.999832,128386.8,No common adduct match,[M+2Na]2+,
unknown_239,C12H17,122.0368,S_35829770,161.1284,39.0916,,,,,,,0.128442,797.78,No common adduct match,[M+K]+,
